VIEW_SCHEMA,VIEW_NAME,TABLE_SCHEMA,TABLE_NAME,COLUMN_NAME
GPS,Grant Activity Contact,GPS,Dim_Contact_Role,%Dim_Contact_Role_Key
GPS,Grant Activity Contact,GPS,Dim_Contact_Role,Activity Primary Contact Flag
GPS,Grant Activity Contact,GPS,Dim_Contact_Role,Position Type Desc
FUSION,Grant Activity Location Attribution,FUSION,Financial Year,Financial Year Id
FUSION,Ceasing Activity Funding,FUSION,Financial Year,Financial Year Id
NIAA,Program Tracker,FUSION,Financial Year,Financial Year Id
NIAA,Program Tracker,FUSION,Financial Year,Financial Year
FUSION,Ceasing Activity Funding,FUSION,Financial Year,Financial Year
FUSION,Grant Activity Location Attribution,FUSION,Financial Year,Financial Year
FUSION,Ceasing Activity Funding,FUSION,Financial Year,Start Date
NIAA,Program Tracker,FUSION,Financial Year,Start Date
NIAA,Program Tracker,FUSION,Financial Year,End Date
FUSION,Ceasing Activity Funding,FUSION,Financial Year,End Date
FUSION,Declaration Of Interest,FUSION,pmc_declarationofinterest,pmc_declarationofinterestid
FUSION,Declaration Of Interest,FUSION,pmc_declarationofinterest,pmc_approvedon
FUSION,Declaration Of Interest,FUSION,pmc_declarationofinterest,pmc_approver
FUSION,Declaration Of Interest,FUSION,pmc_declarationofinterest,pmc_approvercomment
FUSION,Declaration Of Interest,FUSION,pmc_declarationofinterest,pmc_approverlevel
FUSION,Declaration Of Interest,FUSION,pmc_declarationofinterest,pmc_approvername
FUSION,Declaration Of Interest,FUSION,pmc_declarationofinterest,pmc_approveroffice
FUSION,Declaration Of Interest,FUSION,pmc_declarationofinterest,pmc_approverreminderon
FUSION,Declaration Of Interest,FUSION,pmc_declarationofinterest,pmc_conflictstodeclarename
FUSION,Declaration Of Interest,FUSION,pmc_declarationofinterest,pmc_declarationapprovedname
FUSION,Declaration Of Interest,FUSION,pmc_declarationofinterest,pmc_declarationcompletename
FUSION,Declaration Of Interest,FUSION,pmc_declarationofinterest,pmc_declarationid
FUSION,Declaration Of Interest,FUSION,pmc_declarationofinterest,pmc_declarationtext
FUSION,Declaration Of Interest,FUSION,pmc_declarationofinterest,pmc_declaredby
FUSION,Declaration Of Interest,FUSION,pmc_declarationofinterest,pmc_declaredbyname
FUSION,Declaration Of Interest,FUSION,pmc_declarationofinterest,pmc_declaredon
FUSION,Declaration Of Interest,FUSION,pmc_declarationofinterest,pmc_declarerlevel
FUSION,Declaration Of Interest,FUSION,pmc_declarationofinterest,pmc_declareroffice
FUSION,Declaration Of Interest,FUSION,pmc_declarationofinterest,pmc_declarerreminderon
FUSION,Declaration Of Interest,FUSION,pmc_declarationofinterest,pmc_direction
FUSION,Declaration Of Interest,FUSION,pmc_declarationofinterest,pmc_isrevertedname
FUSION,Declaration Of Interest,FUSION,pmc_declarationofinterest,pmc_previousdeclaration
FUSION,Declaration Of Interest,FUSION,pmc_declarationofinterest,pmc_previousdeclarationname
FUSION,Declaration Of Interest,FUSION,pmc_declarationofinterest,pmc_processstage
FUSION,Declaration Of Interest,FUSION,pmc_declarationofinterest,pmc_renewalduedate
FUSION,Declaration Of Interest,FUSION,pmc_declarationofinterest,pmc_revertreason
FUSION,Declaration Of Interest,FUSION,pmc_declarationofinterest,pmc_reviewcompletename
FUSION,Declaration Of Interest,FUSION,pmc_declarationofinterest,pmc_reviewedon
FUSION,Declaration Of Interest,FUSION,pmc_declarationofinterest,pmc_reviewer
FUSION,Declaration Of Interest,FUSION,pmc_declarationofinterest,pmc_reviewercomment
FUSION,Declaration Of Interest,FUSION,pmc_declarationofinterest,pmc_reviewerlevel
FUSION,Declaration Of Interest,FUSION,pmc_declarationofinterest,pmc_reviewername
FUSION,Declaration Of Interest,FUSION,pmc_declarationofinterest,pmc_revieweroffice
FUSION,Declaration Of Interest,FUSION,pmc_declarationofinterest,pmc_reviewerreminderon
FUSION,Declaration Of Interest,FUSION,pmc_declarationofinterest,pmc_showdeclarationname
FUSION,Declaration Of Interest,FUSION,pmc_declarationofinterest,createdon
FUSION,Declaration Of Interest,FUSION,pmc_declarationofinterest,modifiedon
FUSION,Declaration Of Interest,FUSION,pmc_declarationofinterest,statecodename
FUSION,Declaration Of Interest,FUSION,pmc_declarationofinterest,statuscodename
GAR,Grant Activity Review,GAR,Review Item,Grant Activity Review Item Id
GAR,Grant Activity Review Item,GAR,Review Item,Grant Activity Review Item Id
GAR,Grant Activity Review Item,GAR,Review Item,Category
GAR,Grant Activity Review Item,GAR,Review Item,Review Item Number
GAR,Grant Activity Review,GAR,Review Item,Review Item Number
GAR,Grant Activity Review Item,GAR,Review Item,Data Item
GAR,Grant Activity Review Item,GAR,Review Item,Descriptor Option Number
GAR,Grant Activity Review,GAR,Review Item,Descriptor Option Number
GAR,Grant Activity Review Item,GAR,Review Item,Descriptor Option
GAR,Grant Activity Review Item,GAR,Review Item,Explanation
DGOV,ORIC Corporations,DGOV,ORIC_AboriginalAndTorresStraitIslanderCorporations,ICN
DGOV,ORIC Corporations,DGOV,ORIC_AboriginalAndTorresStraitIslanderCorporations,Corporation Name
DGOV,ORIC Corporations,DGOV,ORIC_AboriginalAndTorresStraitIslanderCorporations,Status Reason
DGOV,ORIC Corporations,DGOV,ORIC_AboriginalAndTorresStraitIslanderCorporations,Registered On
DGOV,ORIC Corporations,DGOV,ORIC_AboriginalAndTorresStraitIslanderCorporations,Deregistered On
DGOV,ORIC Corporations,DGOV,ORIC_AboriginalAndTorresStraitIslanderCorporations,ABN
DGOV,ORIC Corporations,DGOV,ORIC_AboriginalAndTorresStraitIslanderCorporations,Corporation registered with ACNC?
ESS,CDP Caseload Last 7 Days,ESS,CDP_Caseload_Last_7_Days,Job Seeker Id
ESS,CDP Caseload Last 7 Days,ESS,CDP_Caseload_Last_7_Days,CRN
ESS,CDP Caseload Last 7 Days,ESS,CDP_Caseload_Last_7_Days,Community Name
ESS,CDP Caseload Last 7 Days,ESS,CDP_Caseload_Last_7_Days,Site Code
ESS,CDP Caseload Last 7 Days,ESS,CDP_Caseload_Last_7_Days,Contract Id
ESS,CDP Caseload Last 7 Days,ESS,CDP_Caseload_Last_7_Days,Snapshot Date
NIAA,Program Tracker,NIAA,ProgramTracker,Id
NIAA,Program Tracker,NIAA,ProgramTracker,Programme Code
NIAA,Program Tracker,NIAA,ProgramTracker,Category Id
NIAA,Program Tracker,NIAA,ProgramTracker,Activity Id
NIAA,Program Tracker,NIAA,ProgramTracker,Activity Title
NIAA,Program Tracker,NIAA,ProgramTracker,Activity Description
NIAA,Program Tracker,NIAA,ProgramTracker,Programme
NIAA,Program Tracker,NIAA,ProgramTracker,Sub-Programme
NIAA,Program Tracker,NIAA,ProgramTracker,Service Provider Name
NIAA,Program Tracker,NIAA,ProgramTracker,PMC Managing Region
NIAA,Program Tracker,NIAA,ProgramTracker,Purchase Order/Doc No
NIAA,Program Tracker,NIAA,ProgramTracker,Cost Centre
NIAA,Program Tracker,NIAA,ProgramTracker,Ministerial Brief Number
NIAA,Program Tracker,NIAA,ProgramTracker,Activity Start Date
NIAA,Program Tracker,NIAA,ProgramTracker,Activity End date
NIAA,Program Tracker,NIAA,ProgramTracker,Financial Year
NIAA,Program Tracker,NIAA,ProgramTracker,Type
NIAA,Program Tracker,NIAA,ProgramTracker,Value
ESS,CDP Grant Estimated Expenditure FY,ESS,SUB838_CDP_VDEN_CLAIM_RJCP_NIAA,EFFECTIVE_START_DATE
ESS,FUSION CDP Expenditure,ESS,SUB838_CDP_VDEN_CLAIM_RJCP_NIAA,EFFECTIVE_START_DATE
ESS,FUSION CDP Expenditure,ESS,SUB838_CDP_VDEN_CLAIM_RJCP_NIAA,EFFECTIVE_END_DATE
ESS,CDP Grant Estimated Expenditure FY,ESS,SUB838_CDP_VDEN_CLAIM_RJCP_NIAA,EFFECTIVE_END_DATE
ESS,CDP Grant Estimated Expenditure FY,ESS,SUB838_CDP_VDEN_CLAIM_RJCP_NIAA,CLAIM_ID
ESS,FUSION CDP Expenditure,ESS,SUB838_CDP_VDEN_CLAIM_RJCP_NIAA,CLAIM_ID
ESS,CDP Claim,ESS,SUB838_CDP_VDEN_CLAIM_RJCP_NIAA,CLAIM_ID
ESS,CDP Claim,ESS,SUB838_CDP_VDEN_CLAIM_RJCP_NIAA,CLAIM_SEQ_NUMBER
ESS,CDP Claim,ESS,SUB838_CDP_VDEN_CLAIM_RJCP_NIAA,JSKR_ID
ESS,CDP Claim,ESS,SUB838_CDP_VDEN_CLAIM_RJCP_NIAA,CONTRACT_ID
ESS,FUSION CDP Expenditure,ESS,SUB838_CDP_VDEN_CLAIM_RJCP_NIAA,CONTRACT_ID
ESS,CDP Grant Estimated Expenditure FY,ESS,SUB838_CDP_VDEN_CLAIM_RJCP_NIAA,CONTRACT_ID
ESS,CDP Claim,ESS,SUB838_CDP_VDEN_CLAIM_RJCP_NIAA,SPECIAL_CLAIM_CODE
ESS,CDP Claim,ESS,SUB838_CDP_VDEN_CLAIM_RJCP_NIAA,CREATION_DATE
ESS,CDP Grant Estimated Expenditure FY,ESS,SUB838_CDP_VDEN_CLAIM_RJCP_NIAA,CREATION_DATE
ESS,FUSION CDP Expenditure,ESS,SUB838_CDP_VDEN_CLAIM_RJCP_NIAA,CREATION_DATE
ESS,CDP Claim,ESS,SUB838_CDP_VDEN_CLAIM_RJCP_NIAA,CMY_RATE_TYPE
ESS,CDP Claim,ESS,SUB838_CDP_VDEN_CLAIM_RJCP_NIAA,YPY_STATUS_CODE
ESS,FUSION CDP Expenditure,ESS,SUB838_CDP_VDEN_CLAIM_RJCP_NIAA,YPY_STATUS_CODE
ESS,CDP Grant Estimated Expenditure FY,ESS,SUB838_CDP_VDEN_CLAIM_RJCP_NIAA,YPY_STATUS_CODE
ESS,CDP Claim,ESS,SUB838_CDP_VDEN_CLAIM_RJCP_NIAA,STATUS_REASON_CD
ESS,CDP Claim,ESS,SUB838_CDP_VDEN_CLAIM_RJCP_NIAA,APPROVED_AMOUNT
ESS,CDP Grant Estimated Expenditure FY,ESS,SUB838_CDP_VDEN_CLAIM_RJCP_NIAA,APPROVED_AMOUNT
ESS,FUSION CDP Expenditure,ESS,SUB838_CDP_VDEN_CLAIM_RJCP_NIAA,APPROVED_AMOUNT
ESS,CDP Claim,ESS,SUB838_CDP_VDEN_CLAIM_RJCP_NIAA,AMOUNT
ESS,CDP Claim,ESS,SUB838_CDP_VDEN_CLAIM_RJCP_NIAA,RECO_DATE
ESS,CDP Claim,ESS,SUB838_CDP_VDEN_CLAIM_RJCP_NIAA,GST_AMOUNT
ESS,CDP Grant Estimated Expenditure FY,ESS,SUB838_CDP_VDEN_CLAIM_RJCP_NIAA,GST_AMOUNT
ESS,CDP Claim,ESS,SUB838_CDP_VDEN_CLAIM_RJCP_NIAA,VACANCY_REF_ID
ESS,CDP Claim,ESS,SUB838_CDP_VDEN_CLAIM_RJCP_NIAA,FK_VAR_ACTIVITY_ID
ESS,CDP Claim,ESS,SUB838_CDP_VDEN_CLAIM_RJCP_NIAA,FK_VAR_SEQ_NUMBER
ESS,CDP Claim,ESS,SUB838_CDP_VDEN_CLAIM_RJCP_NIAA,END_DATE
ESS,CDP Claim,ESS,SUB838_CDP_VDEN_CLAIM_RJCP_NIAA,USERS_INVOICE_NUM
ESS,CDP Claim,ESS,SUB838_CDP_VDEN_CLAIM_RJCP_NIAA,PCH_STATUS_DATE
ESS,CDP Claim,ESS,SUB838_CDP_VDEN_CLAIM_RJCP_NIAA,SPECIAL_AUTO_CLAIM_IND
ESS,CDP Claim,ESS,SUB838_CDP_VDEN_CLAIM_RJCP_NIAA,IsActive
CTG,Grant Activity - Closing the Gap,FUSION,Framework Code,Framework Code Id
CTG,Grant Activity - Closing the Gap,FUSION,Framework Code,Parent Framework Code Id
CTG,Grant Activity - Closing the Gap,FUSION,Framework Code,Framework Code
CTG,Grant Activity - Closing the Gap,FUSION,Framework Code,Hierarchy Level
SnapForms_RJED,Employment Report Placement,ETL_METADATA,SnapFormsEntity,FormId
SnapForms_RJED,Employment Report,ETL_METADATA,SnapFormsEntity,FormId
SnapForms_RJED,Employment Report,ETL_METADATA,SnapFormsEntity,Form
SnapForms_RJED,Employment Report Placement,ETL_METADATA,SnapFormsEntity,Form
SnapForms_RJED,Employment Report Placement,ETL_METADATA,SnapFormsEntity,FormSchema
SnapForms_RJED,Employment Report,ETL_METADATA,SnapFormsEntity,FormSchema
SnapForms_RJED,Employment Report,ETL_METADATA,SnapFormsEntity,EtlExtractYN
SnapForms_RJED,Employment Report Placement,ETL_METADATA,SnapFormsEntity,EtlExtractYN
ASGS,ILOC_2021_AUST,GeoASGS,ILOC_2021_AUST_GDA2020_Simplified,qgs_fid_0
ASGS,ILOC_2021_AUST,GeoASGS,ILOC_2021_AUST_GDA2020_Simplified,geom
GeoASGS,ILOC 2021 AUST WKT,GeoASGS,ILOC_2021_AUST_GDA2020_Simplified,geom
GeoASGS,ILOC 2021 AUST WKT,GeoASGS,ILOC_2021_AUST_GDA2020_Simplified,qgs_fid
GeoASGS,ILOC 2021 AUST,GeoASGS,ILOC_2021_AUST_GDA2020_Simplified,qgs_fid
ASGS,ILOC_2021_AUST,GeoASGS,ILOC_2021_AUST_GDA2020_Simplified,qgs_fid
ASGS,ILOC_2021_AUST,GeoASGS,ILOC_2021_AUST_GDA2020_Simplified,id
ASGS,ILOC_2021_AUST,GeoASGS,ILOC_2021_AUST_GDA2020_Simplified,ILOC_CODE_2021
GeoASGS,ILOC 2021 AUST,GeoASGS,ILOC_2021_AUST_GDA2020_Simplified,ILOC_CODE_2021
GeoASGS,ILOC 2021 AUST,GeoASGS,ILOC_2021_AUST_GDA2020_Simplified,ILOC_NAME_2021
ASGS,ILOC_2021_AUST,GeoASGS,ILOC_2021_AUST_GDA2020_Simplified,ILOC_NAME_2021
ASGS,ILOC_2021_AUST,GeoASGS,ILOC_2021_AUST_GDA2020_Simplified,IARE_CODE_2021
GeoASGS,ILOC 2021 AUST,GeoASGS,ILOC_2021_AUST_GDA2020_Simplified,IARE_CODE_2021
GeoASGS,ILOC 2021 AUST,GeoASGS,ILOC_2021_AUST_GDA2020_Simplified,IARE_NAME_2021
ASGS,ILOC_2021_AUST,GeoASGS,ILOC_2021_AUST_GDA2020_Simplified,IARE_NAME_2021
ASGS,ILOC_2021_AUST,GeoASGS,ILOC_2021_AUST_GDA2020_Simplified,IREG_CODE_2021
GeoASGS,ILOC 2021 AUST,GeoASGS,ILOC_2021_AUST_GDA2020_Simplified,IREG_CODE_2021
GeoASGS,ILOC 2021 AUST,GeoASGS,ILOC_2021_AUST_GDA2020_Simplified,IREG_NAME_2021
ASGS,ILOC_2021_AUST,GeoASGS,ILOC_2021_AUST_GDA2020_Simplified,IREG_NAME_2021
ASGS,ILOC_2021_AUST,GeoASGS,ILOC_2021_AUST_GDA2020_Simplified,STATE_CODE_2021
GeoASGS,ILOC 2021 AUST,GeoASGS,ILOC_2021_AUST_GDA2020_Simplified,STATE_CODE_2021
GeoASGS,ILOC 2021 AUST,GeoASGS,ILOC_2021_AUST_GDA2020_Simplified,STATE_NAME_2021
ASGS,ILOC_2021_AUST,GeoASGS,ILOC_2021_AUST_GDA2020_Simplified,STATE_NAME_2021
ASGS,ILOC_2021_AUST,GeoASGS,ILOC_2021_AUST_GDA2020_Simplified,AUS_CODE_2021
GeoASGS,ILOC 2021 AUST,GeoASGS,ILOC_2021_AUST_GDA2020_Simplified,AUS_CODE_2021
GeoASGS,ILOC 2021 AUST,GeoASGS,ILOC_2021_AUST_GDA2020_Simplified,AUS_NAME_2021
ASGS,ILOC_2021_AUST,GeoASGS,ILOC_2021_AUST_GDA2020_Simplified,AUS_NAME_2021
ASGS,ILOC_2021_AUST,GeoASGS,ILOC_2021_AUST_GDA2020_Simplified,AREA_ALBERS_SQKM
GeoASGS,ILOC 2021 AUST,GeoASGS,ILOC_2021_AUST_GDA2020_Simplified,AREA_ALBERS_SQKM
GeoASGS,ILOC 2021 AUST,GeoASGS,ILOC_2021_AUST_GDA2020_Simplified,ASGS_LOCI_URI_2021
ASGS,ILOC_2021_AUST,GeoASGS,ILOC_2021_AUST_GDA2020_Simplified,ASGS_LOCI_URI_2021
PRA,Performance Report Assessment Legacy,PRA,PRA_2021,Review_Id
PRA,KPI Assessment Legacy,PRA,PRA_2021,Review_Id
PRA,Performance Report Assessment Legacy,PRA,PRA_2021,Performance_report_payment_due
PRA,Performance Report Assessment Legacy,PRA,PRA_2021,Relevant_FOFMS_Payment_ID
PRA,Performance Report Assessment Legacy,PRA,PRA_2021,Report_Due_Date
PRA,Performance Report Assessment Legacy,PRA,PRA_2021,Report_Received_Date
PRA,Performance Report Assessment Legacy,PRA,PRA_2021,Reviewer
PRA,Performance Report Assessment Legacy,PRA,PRA_2021,Acceptance_of_performance_report
PRA,Performance Report Assessment Legacy,PRA,PRA_2021,Recommendation
PRA,KPI Assessment Legacy,PRA,PRA_2021,Mandatory_KPI_1_Code
PRA,KPI Assessment Legacy,PRA,PRA_2021,Mandatory_KPI_1_Rating
PRA,KPI Assessment Legacy,PRA,PRA_2021,Mandatory_KPI_2_Code
PRA,KPI Assessment Legacy,PRA,PRA_2021,Mandatory_KPI_2_Rating
PRA,KPI Assessment Legacy,PRA,PRA_2021,Additional_KPI_3_Code
PRA,KPI Assessment Legacy,PRA,PRA_2021,Additional_KPI_3_Description
PRA,KPI Assessment Legacy,PRA,PRA_2021,Additional_KPI_3_Rating
PRA,KPI Assessment Legacy,PRA,PRA_2021,Additional_KPI_4_Code
PRA,KPI Assessment Legacy,PRA,PRA_2021,Additional_KPI_4_Description
PRA,KPI Assessment Legacy,PRA,PRA_2021,Additional_KPI_4_Rating
PRA,KPI Assessment Legacy,PRA,PRA_2021,Additional_KPI_5_Code
PRA,KPI Assessment Legacy,PRA,PRA_2021,Additional_KPI_5_Description
PRA,KPI Assessment Legacy,PRA,PRA_2021,Additional_KPI_5_Rating
PRA,KPI Assessment Legacy,PRA,PRA_2021,Additional_KPI_6_Code
PRA,KPI Assessment Legacy,PRA,PRA_2021,Additional_KPI_6_Description
PRA,KPI Assessment Legacy,PRA,PRA_2021,Additional_KPI_6_Rating
PRA,KPI Assessment Legacy,PRA,PRA_2021,Additional_KPI_7_Code
PRA,KPI Assessment Legacy,PRA,PRA_2021,Additional_KPI_7_Description
PRA,KPI Assessment Legacy,PRA,PRA_2021,Additional_KPI_7_Rating
PRA,KPI Assessment Legacy,PRA,PRA_2021,Additional_KPI_8_Code
PRA,KPI Assessment Legacy,PRA,PRA_2021,Additional_KPI_8_Description
PRA,KPI Assessment Legacy,PRA,PRA_2021,Additional_KPI_8_Rating
PRA,KPI Assessment Legacy,PRA,PRA_2021,Additional_KPI_9_Code
PRA,KPI Assessment Legacy,PRA,PRA_2021,Additional_KPI_9_Description
PRA,KPI Assessment Legacy,PRA,PRA_2021,Additional_KPI_9_Rating
PRA,KPI Assessment Legacy,PRA,PRA_2021,Additional_KPI_10_Code
PRA,KPI Assessment Legacy,PRA,PRA_2021,Additional_KPI_10_Description
PRA,Performance Report Assessment Legacy,PRA,PRA_2021,Overall_Progress
CAEPR,v_irseo_pinirseo_2021_curated,CAEPR,irseo_pinirseo_2021,iare_code
CAEPR,v_irseo_pinirseo_2021_curated,CAEPR,irseo_pinirseo_2021,iare_name
CAEPR,v_irseo_pinirseo_2021_curated,CAEPR,irseo_pinirseo_2021,pctile_irseo_2021
CAEPR,v_irseo_pinirseo_2021_curated,CAEPR,irseo_pinirseo_2021,irseo_2021_score
CAEPR,v_irseo_pinirseo_2021_curated,CAEPR,irseo_pinirseo_2021,pctile_irseo_2016
CAEPR,v_irseo_pinirseo_2021_curated,CAEPR,irseo_pinirseo_2021,irseo_2016_score
CAEPR,v_irseo_pinirseo_2021_curated,CAEPR,irseo_pinirseo_2021,pctile_pinirseo_ind_2021
CAEPR,v_irseo_pinirseo_2021_curated,CAEPR,irseo_pinirseo_2021,pctile_pinirseo_non_2021
CAEPR,v_irseo_pinirseo_2021_curated,CAEPR,irseo_pinirseo_2021,state
FUSION,Grant Application Funding,FUSION,pmc_applicationfunding,pmc_applicationfundingid
FUSION,Grant Application Funding,FUSION,pmc_applicationfunding,pmc_financialyearid
FUSION,Grant Application Funding,FUSION,pmc_applicationfunding,pmc_financialyearidname
FUSION,Grant Application Funding,FUSION,pmc_applicationfunding,pmc_fundingappliedfor
FUSION,Grant Application Funding,FUSION,pmc_applicationfunding,pmc_fundingpercentage
FUSION,Grant Application Funding,FUSION,pmc_applicationfunding,pmc_fundingrecommended
FUSION,Grant Application Funding,FUSION,pmc_applicationfunding,pmc_grantapplicationid
FUSION,Grant Application Funding,FUSION,pmc_applicationfunding,pmc_programmeid
FUSION,Grant Application Funding,FUSION,pmc_applicationfunding,pmc_programmeidname
FUSION,Grant Activity KPI,FUSION,pmc_activitykpi,pmc_achievementstatus
FUSION,Grant Activity KPI,FUSION,pmc_activitykpi,pmc_activitykpiid
FUSION,Grant Activity KPI,FUSION,pmc_activitykpi,pmc_activitypiid
FUSION,Grant Activity KPI,FUSION,pmc_activitykpi,pmc_displayorder
FUSION,Grant Activity KPI,FUSION,pmc_activitykpi,pmc_gpscreationdate
FUSION,Grant Activity KPI,FUSION,pmc_activitykpi,pmc_grantactivityid
FUSION,Grant Activity KPI,FUSION,pmc_activitykpi,pmc_justification
FUSION,Grant Activity KPI,FUSION,pmc_activitykpi,pmc_kpicodeid
FUSION,Grant Activity KPI,FUSION,pmc_activitykpi,pmc_kpicodeidname
FUSION,Grant Activity KPI,FUSION,pmc_activitykpi,pmc_name
FUSION,Grant Activity KPI,FUSION,pmc_activitykpi,pmc_summary
FUSION,Grant Activity KPI,FUSION,pmc_activitykpi,pmc_target
FUSION,Grant Activity KPI,FUSION,pmc_activitykpi,pmc_targetquantity
FUSION,Grant Activity KPI,FUSION,pmc_activitykpi,pmc_unitofmeasure
FUSION,Grant Activity KPI,FUSION,pmc_activitykpi,statecodename
FUSION,Grant Activity KPI,FUSION,pmc_activitykpi,statuscodename
ESS,CDP Grant Activity Site Location,ESS,CDP Grant Activity,Grant Identifier
ESS,CDP Grant Activity Site Location,ESS,CDP Grant Activity,Contract ID
ESS,CDP Grant Activity Site Location,ESS,CDP Grant Activity,Grant Status
GPS,Grant Activity Contact,GPS,Fact_Contact_Role,%Dim_Contact_Role_Key
GPS,Grant Activity Contact,GPS,Fact_Contact_Role,%Dim_Contact_Key
GPS,Grant Activity Contact,GPS,Fact_Contact_Role,%Dim_Programme_Schedule_Activity_Key
ESS,FUSION CDP Location,ESS,SUB839_LKP_DIM_PROVIDER_GEOCODED_NIAA,SITE_CODE
ESS,CDP Site Contract,ESS,SUB839_LKP_DIM_PROVIDER_GEOCODED_NIAA,SITE_CODE
ESS,TWES Site Contract,ESS,SUB839_LKP_DIM_PROVIDER_GEOCODED_NIAA,SITE_CODE
ESS,TWES Site Contract,ESS,SUB839_LKP_DIM_PROVIDER_GEOCODED_NIAA,ADDRESS_LN1
ESS,CDP Site Contract,ESS,SUB839_LKP_DIM_PROVIDER_GEOCODED_NIAA,ADDRESS_LN1
ESS,FUSION CDP Location,ESS,SUB839_LKP_DIM_PROVIDER_GEOCODED_NIAA,ADDRESS_LN1
ESS,FUSION CDP Location,ESS,SUB839_LKP_DIM_PROVIDER_GEOCODED_NIAA,ADDRESS_LN2
ESS,CDP Site Contract,ESS,SUB839_LKP_DIM_PROVIDER_GEOCODED_NIAA,ADDRESS_LN2
ESS,TWES Site Contract,ESS,SUB839_LKP_DIM_PROVIDER_GEOCODED_NIAA,ADDRESS_LN2
ESS,TWES Site Contract,ESS,SUB839_LKP_DIM_PROVIDER_GEOCODED_NIAA,ADDRESS_LN3
ESS,CDP Site Contract,ESS,SUB839_LKP_DIM_PROVIDER_GEOCODED_NIAA,ADDRESS_LN3
ESS,FUSION CDP Location,ESS,SUB839_LKP_DIM_PROVIDER_GEOCODED_NIAA,ADDRESS_LN3
ESS,FUSION CDP Location,ESS,SUB839_LKP_DIM_PROVIDER_GEOCODED_NIAA,LOCALITY_NAME
ESS,CDP Site Contract,ESS,SUB839_LKP_DIM_PROVIDER_GEOCODED_NIAA,LOCALITY_NAME
ESS,TWES Site Contract,ESS,SUB839_LKP_DIM_PROVIDER_GEOCODED_NIAA,LOCALITY_NAME
ESS,TWES Site Contract,ESS,SUB839_LKP_DIM_PROVIDER_GEOCODED_NIAA,STATE
ESS,CDP Site Contract,ESS,SUB839_LKP_DIM_PROVIDER_GEOCODED_NIAA,STATE
ESS,FUSION CDP Location,ESS,SUB839_LKP_DIM_PROVIDER_GEOCODED_NIAA,STATE
ESS,FUSION CDP Location,ESS,SUB839_LKP_DIM_PROVIDER_GEOCODED_NIAA,POST_CODE
ESS,CDP Site Contract,ESS,SUB839_LKP_DIM_PROVIDER_GEOCODED_NIAA,POST_CODE
ESS,TWES Site Contract,ESS,SUB839_LKP_DIM_PROVIDER_GEOCODED_NIAA,POST_CODE
ESS,TWES Site Contract,ESS,SUB839_LKP_DIM_PROVIDER_GEOCODED_NIAA,Geo_Source
ESS,TWES Site Contract,ESS,SUB839_LKP_DIM_PROVIDER_GEOCODED_NIAA,latitude
ESS,CDP Site Contract,ESS,SUB839_LKP_DIM_PROVIDER_GEOCODED_NIAA,latitude
ESS,CDP Site Contract,ESS,SUB839_LKP_DIM_PROVIDER_GEOCODED_NIAA,longitude
ESS,TWES Site Contract,ESS,SUB839_LKP_DIM_PROVIDER_GEOCODED_NIAA,longitude
ESS,TWES Site Contract,ESS,SUB839_LKP_DIM_PROVIDER_GEOCODED_NIAA,Electorate_2016
ESS,TWES Site Contract,ESS,SUB839_LKP_DIM_PROVIDER_GEOCODED_NIAA,Indigenous Region Code
ESS,TWES Site Contract,ESS,SUB839_LKP_DIM_PROVIDER_GEOCODED_NIAA,Indigenous Area Code
ESS,TWES Site Contract,ESS,SUB839_LKP_DIM_PROVIDER_GEOCODED_NIAA,RJCP_Code
ESS,TWES Site Contract,ESS,SUB839_LKP_DIM_PROVIDER_GEOCODED_NIAA,RJCP_Name
ESS,FUSION CDP Location,ESS,SUB839_LKP_DIM_PROVIDER_GEOCODED_NIAA,SA1_7Digitcode_2011
ESS,FUSION CDP Location,ESS,SUB839_LKP_DIM_PROVIDER_GEOCODED_NIAA,SA2
ESS,FUSION CDP Location,ESS,SUB839_LKP_DIM_PROVIDER_GEOCODED_NIAA,SA2_NAME
NIAA,SA1_TO_EC,NIAA,EC_SA1_2020,EC_REGION
NIAA,SA1_TO_EC,NIAA,EC_SA1_2020,SA1_MAINCODE
NIAA,SA1_TO_EC,NIAA,EC_SA1_2020,SA1_7DIGIT
GPS,Grant Activity Contact,GPS,Fact_Activity,%Dim_Programme_Schedule_Activity_Key
FUSION,Grant Activity,GPS,Fact_Activity,%Dim_Programme_Schedule_Activity_Key
NIAA,vw_Rangers_Activity_Staging,GPS,Fact_Activity,%Dim_Programme_Schedule_Activity_Key
GPS,Grant Activity,GPS,Fact_Activity,%Dim_Programme_Schedule_Activity_Key
GPS,Grant Activity Milestone,GPS,Fact_Activity,%Dim_Programme_Schedule_Activity_Key
GRANTS,Activity Execution Date,GPS,Fact_Activity,%Dim_Programme_Schedule_Activity_Key
GPS,Program Schedule,GPS,Fact_Activity,%Dim_Programme_Schedule_Activity_Key
GPS,Program Schedule,GPS,Fact_Activity,%Dim_Programme_Schedule_Key
GPS,Grant Activity,GPS,Fact_Activity,%Dim_Programme_Schedule_Key
NIAA,vw_Rangers_Activity_Staging,GPS,Fact_Activity,%Dim_Programme_Schedule_Key
NIAA,vw_Rangers_Activity_Staging,GPS,Fact_Activity,%Dim_Activity_Programme_Key
GPS,Grant Activity,GPS,Fact_Activity,%Dim_Activity_Programme_Key
GPS,Grant Activity,GPS,Fact_Activity,%Dim_Application_Key
GPS,Grant Activity,GPS,Fact_Activity,%Dim_Service_Provider_Organisation_Key
NIAA,vw_Rangers_Activity_Staging,GPS,Fact_Activity,%Dim_Service_Provider_Organisation_Key
GPS,Grant Activity Milestone,GPS,Fact_Activity,%Dim_Legal_Entity_Organisation_Key
GPS,Grant Activity,GPS,Fact_Activity,%Dim_Primary_Activity_Contact_Key
GPS,Grant Activity,GPS,Fact_Activity,%Dim_Activity_Manager_Key
NIAA,vw_Rangers_Activity_Staging,GPS,Fact_Activity,%Dim_Activity_Manager_Key
GPS,Grant Activity,GPS,Fact_Activity,%Dim_Programme_Schedule_Manager_Key
GPS,Program Schedule,GPS,Fact_Activity,%Dim_Programme_Schedule_Manager_Key
CRM,Tag,CRM,pmc_metatag,pmc_metatagid
CRM,Tag,CRM,pmc_metatag,pmc_name
CRM,Engagement Metatag,CRM,pmc_metatag,pmc_name
CRM,Organisation Metatag,CRM,pmc_metatag,pmc_name
CRM,Contact Metatag,CRM,pmc_metatag,pmc_name
CRM,Tag,CRM,pmc_metatag,ownerid
ESS,CDP Job Plan Activity Detail,ESS,SUB840_JP_JOB_PLAN_ACTIVITY_NIAA,JobPlanID
ESS,CDP Job Plan Activity,ESS,SUB840_JP_JOB_PLAN_ACTIVITY_NIAA,JobPlanID
ESS,For NLP CDP Barrier,ESS,SUB840_JP_JOB_PLAN_ACTIVITY_NIAA,JobPlanID
ESS,CDP Barrier,ESS,SUB840_JP_JOB_PLAN_ACTIVITY_NIAA,JobPlanID
ESS,CDP Barrier Job Plan Activity Link,ESS,SUB840_JP_JOB_PLAN_ACTIVITY_NIAA,JobPlanID
ESS,CDP Barrier Job Plan Activity Link,ESS,SUB840_JP_JOB_PLAN_ACTIVITY_NIAA,ActivityID
ESS,CDP Barrier,ESS,SUB840_JP_JOB_PLAN_ACTIVITY_NIAA,ActivityID
ESS,For NLP CDP Barrier,ESS,SUB840_JP_JOB_PLAN_ACTIVITY_NIAA,ActivityID
ESS,CDP Job Plan Activity,ESS,SUB840_JP_JOB_PLAN_ACTIVITY_NIAA,ActivityID
ESS,CDP Job Plan Activity Detail,ESS,SUB840_JP_JOB_PLAN_ACTIVITY_NIAA,ActivityID
ESS,CDP Job Plan Activity Detail,ESS,SUB840_JP_JOB_PLAN_ACTIVITY_NIAA,IsActive
ESS,CDP Job Plan Activity,ESS,SUB840_JP_JOB_PLAN_ACTIVITY_NIAA,IsActive
ESS,For NLP CDP Barrier,ESS,SUB840_JP_JOB_PLAN_ACTIVITY_NIAA,IsActive
ESS,CDP Barrier,ESS,SUB840_JP_JOB_PLAN_ACTIVITY_NIAA,IsActive
ESS,CDP Barrier Job Plan Activity Link,ESS,SUB840_JP_JOB_PLAN_ACTIVITY_NIAA,IsActive
GAR,Grant Activity Review,FUSION,Grant Activity,Grant Activity Id
FUSION,Activity Approval Verification - not linked,FUSION,Grant Activity,Grant Activity Id
FUSION,Activity Linking Table,FUSION,Grant Activity,Grant Activity Id
CTG,Grant Activity - Closing the Gap,FUSION,Grant Activity,Grant Activity Id
NIAA,vw_Rangers_Activity_Staging,FUSION,Grant Activity,Grant Activity Id
ESS,Performance Report Assessment,FUSION,Grant Activity,Grant Activity Id
NIAA,Program Tracker,FUSION,Grant Activity,Grant Activity Id
GRANTS,Activity Approval,FUSION,Grant Activity,Grant Activity Id
GRANTS,Funding Decision,FUSION,Grant Activity,Grant Activity Id
SCSO,Mail Merge,FUSION,Grant Activity,Source Organisation Id
ESS,Performance Report Assessment,FUSION,Grant Activity,Organisation Id
FUSION,Activity Approval Verification - not linked,FUSION,Grant Activity,Organisation Id
NIAA,xOrganisation Debt,FUSION,Grant Activity,Organisation Id
FUSION,Activity Linking Table,FUSION,Grant Activity,PMC Region Id
IAM,GMU Director,FUSION,Grant Activity,PMC Region Id
CTG,Grant Activity - Closing the Gap,FUSION,Grant Activity,Programme Id
GRANTS,Funding Decision,FUSION,Grant Activity,Grant Activity
GRANTS,Funding Decision,FUSION,Grant Activity,Activity Id
GRANTS,Activity Approval,FUSION,Grant Activity,Activity Id
NIAA,Program Tracker,FUSION,Grant Activity,Activity Id
CTG,Grant Activity - Closing the Gap,FUSION,Grant Activity,Activity Id
FUSION,Activity Linking Table,FUSION,Grant Activity,Activity Id
NIAA,xOrganisation Debt,FUSION,Grant Activity,Activity Id
GAR,Grant Activity Review,FUSION,Grant Activity,Activity Id
FUSION,Activity Approval Verification - not linked,FUSION,Grant Activity,Activity Id
NIAA,vw_Rangers_Activity_Staging,FUSION,Grant Activity,Activity Id
FUSION,Activity Approval Verification - not linked,FUSION,Grant Activity,Activity Start Date
GRANTS,Activity Approval,FUSION,Grant Activity,Activity Start Date
IAM,GMU Director,FUSION,Grant Activity,Source Status Group
IAM,GMU Director,FUSION,Grant Activity,Activity Manager Email
FUSION,Activity Linking Table,FUSION,Grant Activity,Engagement Office Id
NIAA,vw_Rangers_Activity_Staging,FUSION,Grant Activity,Engagement Office
NIAA,vw_Rangers_Activity_Staging,FUSION,Grant Activity,Engagement Officer
NIAA,vw_Rangers_Activity_Staging,FUSION,Grant Activity,Engagement Officer Email
FUSION,Activity Approval Verification - not linked,FUSION,Grant Activity,Total Funding Amount
GPS,Grant Activity Acquittal,GPS,Fact_Activity_Financial,%Dim_Programme_Schedule_Activity_Key
GPS,Grant Activity Financial,GPS,Fact_Activity_Financial,%Dim_Programme_Schedule_Activity_Key
GPS,Grant Activity Financial,GPS,Fact_Activity_Financial,Activity Finanical Year
GPS,Grant Activity Acquittal,GPS,Fact_Activity_Financial,Activity Finanical Year
GPS,Grant Activity Acquittal,GPS,Fact_Activity_Financial,Activity Base Value Ex GST
GPS,Grant Activity Financial,GPS,Fact_Activity_Financial,Activity Agreement Value Ex GST
GPS,Grant Activity Financial,GPS,Fact_Activity_Financial,Activity Expenditure GST Amount
GPS,Grant Activity Financial,GPS,Fact_Activity_Financial,Activity Expenditure Amount Inc GST
GPS,Grant Activity Financial,GPS,Fact_Activity_Financial,Activity Expenditure Ex GST
GPS,Grant Activity Financial,GPS,Fact_Activity_Financial,Activity Brought Forward Amount Ex GST
GPS,Grant Activity Financial,GPS,Fact_Activity_Financial,Activity Variation Amount Ex GST
GPS,Grant Activity Financial,GPS,Fact_Activity_Financial,Activity Written Back Amount Ex GST
GPS,Grant Activity Financial,GPS,Fact_Activity_Financial,Activity Value Ex GST
GPS,Grant Activity Acquittal,GPS,Fact_Activity_Financial,Activity Value Ex GST
GPS,Grant Activity Financial,GPS,Fact_Activity_Financial,Activity Expected Expenditure Ex GST
GPS,Grant Activity Financial,GPS,Fact_Activity_Financial,Activity Remaining Expenditure Ex GST
GPS,Grant Activity Financial,GPS,Fact_Activity_Financial,%Dim_Activity_Financial_Key
GPS,Grant Activity Financial,GPS,Fact_Activity_Financial,GPS File Processed Date
FUSION,Grant Application Note,FUSION,pmc_applicationnote,pmc_applicationnoteid
FUSION,Grant Application Note,FUSION,pmc_applicationnote,pmc_fofmsapplicationnote
FUSION,Grant Application Note,FUSION,pmc_applicationnote,pmc_fofmscreatedby
FUSION,Grant Application Note,FUSION,pmc_applicationnote,pmc_fofmscreateddate
FUSION,Grant Application Note,FUSION,pmc_applicationnote,pmc_fofmsnotetypename
FUSION,Grant Application Note,FUSION,pmc_applicationnote,pmc_grantapplicationid
FUSION,Grant Activity KPI Assessment,FUSION,pmc_activitykpiassessment,pmc_activitykpiassessmentid
FUSION,Grant Activity KPI Assessment,FUSION,pmc_activitykpiassessment,pmc_activitykpiid
FUSION,Grant Activity KPI Assessment,FUSION,pmc_activitykpiassessment,pmc_activitykpiidname
FUSION,Grant Activity KPI Assessment,FUSION,pmc_activitykpiassessment,pmc_displayorder
FUSION,Grant Activity KPI Assessment,FUSION,pmc_activitykpiassessment,pmc_kpicodeid
FUSION,Grant Activity KPI Assessment,FUSION,pmc_activitykpiassessment,pmc_kpicodeidname
FUSION,Grant Activity KPI Assessment,FUSION,pmc_activitykpiassessment,pmc_name
FUSION,Grant Activity KPI Assessment,FUSION,pmc_activitykpiassessment,pmc_notescomments
FUSION,Grant Activity KPI Assessment,FUSION,pmc_activitykpiassessment,pmc_performancereportassessmentid
FUSION,Grant Activity KPI Assessment,FUSION,pmc_activitykpiassessment,pmc_ratingid
FUSION,Grant Activity KPI Assessment,FUSION,pmc_activitykpiassessment,pmc_ratingidname
FUSION,Grant Activity KPI Assessment,FUSION,pmc_activitykpiassessment,statecodename
FUSION,Grant Activity KPI Assessment,FUSION,pmc_activitykpiassessment,statuscodename
ESS,For NLP CDP Job Plan Assistance,ESS,SUB841_JP_JOB_PLAN_ASSISTANCE_NIAA,EFFECTIVE_START_DATE
ESS,For NLP CDP Job Plan Assistance,ESS,SUB841_JP_JOB_PLAN_ASSISTANCE_NIAA,JobPlanID
ESS,For NLP CDP Barrier,ESS,SUB841_JP_JOB_PLAN_ASSISTANCE_NIAA,JobPlanID
ESS,CDP Job Plan Assistance,ESS,SUB841_JP_JOB_PLAN_ASSISTANCE_NIAA,JobPlanID
ESS,CDP Barrier,ESS,SUB841_JP_JOB_PLAN_ASSISTANCE_NIAA,JobPlanID
ESS,CDP Barrier Job Plan Assistance Link,ESS,SUB841_JP_JOB_PLAN_ASSISTANCE_NIAA,JobPlanID
ESS,CDP Barrier Job Plan Assistance Link,ESS,SUB841_JP_JOB_PLAN_ASSISTANCE_NIAA,AssistanceID
ESS,CDP Barrier,ESS,SUB841_JP_JOB_PLAN_ASSISTANCE_NIAA,AssistanceID
ESS,CDP Job Plan Assistance,ESS,SUB841_JP_JOB_PLAN_ASSISTANCE_NIAA,AssistanceID
ESS,For NLP CDP Barrier,ESS,SUB841_JP_JOB_PLAN_ASSISTANCE_NIAA,AssistanceID
ESS,For NLP CDP Job Plan Assistance,ESS,SUB841_JP_JOB_PLAN_ASSISTANCE_NIAA,AssistanceID
ESS,For NLP CDP Barrier,ESS,SUB841_JP_JOB_PLAN_ASSISTANCE_NIAA,IsActive
ESS,CDP Job Plan Assistance,ESS,SUB841_JP_JOB_PLAN_ASSISTANCE_NIAA,IsActive
ESS,CDP Barrier,ESS,SUB841_JP_JOB_PLAN_ASSISTANCE_NIAA,IsActive
ESS,CDP Barrier Job Plan Assistance Link,ESS,SUB841_JP_JOB_PLAN_ASSISTANCE_NIAA,IsActive
CTG,Grant Activity - Closing the Gap,FUSION,Grant Activity Coding Old,Grant Activity Coding Id
CTG,Grant Activity - Closing the Gap,FUSION,Grant Activity Coding Old,Grant Activity Id
GPS,Grant Activity Milestone,GPS,Fact_Activity_Milestone,%Dim_Programme_Schedule_Activity_Key
GPS,Grant Activity Milestone Derived History,GPS,Fact_Activity_Milestone,%Dim_Programme_Schedule_Activity_Key
GPS,Grant Activity Milestone Derived History,GPS,Fact_Activity_Milestone,%Dim_Activity_Milestone_Key
GPS,Grant Activity Milestone,GPS,Fact_Activity_Milestone,%Dim_Activity_Milestone_Key
GPS,Grant Activity Milestone,GPS,Fact_Activity_Milestone,Milestone Actual Amount Ex GST
ASGS,MB 2016,ASGS,MB_2016_AUST_GDA94,qgs_fid
ASGS,MB 2016,ASGS,MB_2016_AUST_GDA94,geom
ASGS,MB 2016,ASGS,MB_2016_AUST_GDA94,mb_code16
ASGS,MB 2016,ASGS,MB_2016_AUST_GDA94,mb_cat16
ASGS,MB 2016,ASGS,MB_2016_AUST_GDA94,sa1_main16
ASGS,MB 2016,ASGS,MB_2016_AUST_GDA94,sa2_main16
ASGS,MB 2016,ASGS,MB_2016_AUST_GDA94,sa2_name16
ASGS,MB 2016,ASGS,MB_2016_AUST_GDA94,sa3_code16
ASGS,MB 2016,ASGS,MB_2016_AUST_GDA94,sa3_name16
ASGS,MB 2016,ASGS,MB_2016_AUST_GDA94,sa4_code16
ASGS,MB 2016,ASGS,MB_2016_AUST_GDA94,sa4_name16
ASGS,MB 2016,ASGS,MB_2016_AUST_GDA94,gcc_code16
ASGS,MB 2016,ASGS,MB_2016_AUST_GDA94,gcc_name16
ASGS,MB 2016,ASGS,MB_2016_AUST_GDA94,ste_code16
ASGS,MB 2016,ASGS,MB_2016_AUST_GDA94,ste_name16
ASGS,MB 2016,ASGS,MB_2016_AUST_GDA94,areasqkm16
FUSION,Funding Decision,FUSION,pmc_fundingdecision,pmc_acceptrecommendationname
FUSION,Funding Decision,FUSION,pmc_fundingdecision,pmc_activitydescription
FUSION,Funding Decision,FUSION,pmc_fundingdecision,pmc_activitymanager
FUSION,Funding Decision,FUSION,pmc_fundingdecision,pmc_activitymanagername
FUSION,Funding Decision,FUSION,pmc_fundingdecision,pmc_activitymanageroffice
FUSION,Funding Decision,FUSION,pmc_fundingdecision,pmc_application
FUSION,Activity Approval Verification - not linked,FUSION,pmc_fundingdecision,pmc_application
FUSION,Funding Decision,FUSION,pmc_fundingdecision,pmc_applicationname
FUSION,Funding Decision,FUSION,pmc_fundingdecision,pmc_applicationsfundingoutcomeupdatedingpsname
FUSION,Funding Decision,FUSION,pmc_fundingdecision,pmc_approvaltypename
FUSION,Funding Decision,FUSION,pmc_fundingdecision,pmc_approvedenddate
FUSION,Funding Decision,FUSION,pmc_fundingdecision,pmc_approvedorganisation
FUSION,Activity Approval Verification - not linked,FUSION,pmc_fundingdecision,pmc_approvedorganisation
FUSION,Funding Decision,FUSION,pmc_fundingdecision,pmc_approvedorganisationname
FUSION,Funding Decision,FUSION,pmc_fundingdecision,pmc_assessmentprocessname
FUSION,Funding Decision,FUSION,pmc_fundingdecision,pmc_authorisedtotalfunding
FUSION,Funding Decision,FUSION,pmc_fundingdecision,pmc_businessareacomments
FUSION,Funding Decision,FUSION,pmc_fundingdecision,pmc_businessareafirstnotifiedon
FUSION,Funding Decision,FUSION,pmc_fundingdecision,pmc_businessareaname
FUSION,Funding Decision,FUSION,pmc_fundingdecision,pmc_businessareanotifiedon
FUSION,Funding Decision,FUSION,pmc_fundingdecision,pmc_businessarearespondedon
FUSION,Funding Decision,FUSION,pmc_fundingdecision,pmc_businessareauserid
FUSION,Funding Decision,FUSION,pmc_fundingdecision,pmc_businessareauseridname
FUSION,Funding Decision,FUSION,pmc_fundingdecision,pmc_ceasingactivityassessment
FUSION,Activity Approval Verification - not linked,FUSION,pmc_fundingdecision,pmc_ceasingactivityassessment
FUSION,Funding Decision,FUSION,pmc_fundingdecision,pmc_ceasingactivityassessmentname
FUSION,Funding Decision,FUSION,pmc_fundingdecision,pmc_clearedbyid
FUSION,Funding Decision,FUSION,pmc_fundingdecision,pmc_clearedbyidname
FUSION,Funding Decision,FUSION,pmc_fundingdecision,pmc_clearedon
FUSION,Funding Decision,FUSION,pmc_fundingdecision,pmc_comments
FUSION,Funding Decision,FUSION,pmc_fundingdecision,pmc_created_fromname
FUSION,Funding Decision,FUSION,pmc_fundingdecision,pmc_ctgoutcomeoneid
FUSION,Funding Decision,FUSION,pmc_fundingdecision,pmc_ctgoutcomeoneidname
FUSION,Funding Decision,FUSION,pmc_fundingdecision,pmc_ctgoutcomethreeid
FUSION,Funding Decision,FUSION,pmc_fundingdecision,pmc_ctgoutcomethreeidname
FUSION,Funding Decision,FUSION,pmc_fundingdecision,pmc_ctgoutcometwoid
FUSION,Funding Decision,FUSION,pmc_fundingdecision,pmc_ctgoutcometwoidname
FUSION,Funding Decision,FUSION,pmc_fundingdecision,pmc_currentgrantactivityid
FUSION,Funding Decision,FUSION,pmc_fundingdecision,pmc_currentorganisation
FUSION,Funding Decision,FUSION,pmc_fundingdecision,pmc_currentorganisationname
FUSION,Funding Decision,FUSION,pmc_fundingdecision,pmc_dateoffermade
FUSION,Funding Decision,FUSION,pmc_fundingdecision,pmc_dateprovidersigned
FUSION,Funding Decision,FUSION,pmc_fundingdecision,pmc_dateproviderwasnotified
FUSION,Funding Decision,FUSION,pmc_fundingdecision,pmc_datereceivedbyengagementoffice
FUSION,Funding Decision,FUSION,pmc_fundingdecision,pmc_deactivationdescription
FUSION,Funding Decision,FUSION,pmc_fundingdecision,pmc_decisiondate
FUSION,Funding Decision,FUSION,pmc_fundingdecision,pmc_decisionenteredby
FUSION,Funding Decision,FUSION,pmc_fundingdecision,pmc_decisionenteredbyname
FUSION,Funding Decision,FUSION,pmc_fundingdecision,pmc_delegate
FUSION,Funding Decision,FUSION,pmc_fundingdecision,pmc_delegateapproverlevel
FUSION,Funding Decision,FUSION,pmc_fundingdecision,pmc_delegateapproveroffice
FUSION,Funding Decision,FUSION,pmc_fundingdecision,pmc_delegatecomment
FUSION,Funding Decision,FUSION,pmc_fundingdecision,pmc_delegatecommentsandfundingdecisionreviewename
FUSION,Funding Decision,FUSION,pmc_fundingdecision,pmc_delegatedecision_fund_nofundname
FUSION,Funding Decision,FUSION,pmc_fundingdecision,pmc_delegateminister
FUSION,Funding Decision,FUSION,pmc_fundingdecision,pmc_delegatename
FUSION,Funding Decision,FUSION,pmc_fundingdecision,pmc_describehowthepreferenceforindigenousentitie
FUSION,Funding Decision,FUSION,pmc_fundingdecision,pmc_detailsofconflictandhowniaawillmanagethis
FUSION,Funding Decision,FUSION,pmc_fundingdecision,pmc_doesitneedbusinessareareviewname
FUSION,Funding Decision,FUSION,pmc_fundingdecision,pmc_draftagreementcomments
FUSION,Funding Decision,FUSION,pmc_fundingdecision,pmc_draftagreementstatusname
FUSION,Funding Decision,FUSION,pmc_fundingdecision,pmc_draftbusinesscomments
FUSION,Funding Decision,FUSION,pmc_fundingdecision,pmc_draftcompletedbyid
FUSION,Funding Decision,FUSION,pmc_fundingdecision,pmc_draftcompletedbyidname
FUSION,Funding Decision,FUSION,pmc_fundingdecision,pmc_draftcompletedon
FUSION,Funding Decision,FUSION,pmc_fundingdecision,pmc_draftstageengagementoffice
FUSION,Funding Decision,FUSION,pmc_fundingdecision,pmc_draftstagegmuoffice
FUSION,Funding Decision,FUSION,pmc_fundingdecision,pmc_draftstageprogramareaoffice
FUSION,Funding Decision,FUSION,pmc_fundingdecision,pmc_eligibleunderthenationalredressschemename
FUSION,Funding Decision,FUSION,pmc_fundingdecision,pmc_empoweredcommunity
FUSION,Funding Decision,FUSION,pmc_fundingdecision,pmc_empoweredcommunityname
FUSION,Funding Decision,FUSION,pmc_fundingdecision,pmc_engagementoffice
FUSION,Activity Linking Table,FUSION,pmc_fundingdecision,pmc_engagementoffice
FUSION,Funding Decision,FUSION,pmc_fundingdecision,pmc_engagementofficecount
FUSION,Funding Decision,FUSION,pmc_fundingdecision,pmc_engagementofficename
FUSION,Funding Decision,FUSION,pmc_fundingdecision,pmc_engagementofficer
FUSION,Funding Decision,FUSION,pmc_fundingdecision,pmc_engagementofficername
FUSION,Funding Decision,FUSION,pmc_fundingdecision,pmc_engagementofficeroffice
FUSION,Funding Decision,FUSION,pmc_fundingdecision,pmc_executecompletedbyid
FUSION,Funding Decision,FUSION,pmc_fundingdecision,pmc_executecompletedbyidname
FUSION,Funding Decision,FUSION,pmc_fundingdecision,pmc_executecompletedon
FUSION,Funding Decision,FUSION,pmc_fundingdecision,pmc_expectedbenefitsandoutcomes
FUSION,Funding Decision,FUSION,pmc_fundingdecision,pmc_fundingagreementdraftedname
FUSION,Funding Decision,FUSION,pmc_fundingdecision,pmc_fundingbrief
FUSION,Funding Decision Audit,FUSION,pmc_fundingdecision,pmc_fundingbrief
FUSION,Funding Decision,FUSION,pmc_fundingdecision,pmc_fundingbriefname
FUSION,Funding Decision,FUSION,pmc_fundingdecision,pmc_fundingbriefstage
FUSION,Funding Decision,FUSION,pmc_fundingdecision,pmc_fundingdecisiondocumentlinks
FUSION,Funding Decision,FUSION,pmc_fundingdecision,pmc_fundingdecisionid
FUSION,Activity Linking Table,FUSION,pmc_fundingdecision,pmc_fundingdecisionid
FUSION,Activity Approval Verification - not linked,FUSION,pmc_fundingdecision,pmc_fundingdecisionid
FUSION,Funding Decision Audit,FUSION,pmc_fundingdecision,pmc_fundingdecisionid
FUSION,Funding Decision,FUSION,pmc_fundingdecision,pmc_fundingdecisionidnumber
FUSION,Funding Decision,FUSION,pmc_fundingdecision,pmc_fundingofferexecuted
FUSION,Funding Decision,FUSION,pmc_fundingdecision,pmc_fundingofferexecutedname
FUSION,Funding Decision,FUSION,pmc_fundingdecision,pmc_gmupeerreviewcount
FUSION,Funding Decision,FUSION,pmc_fundingdecision,pmc_grantactivity
FUSION,Funding Decision,FUSION,pmc_fundingdecision,pmc_grantactivityname
FUSION,Funding Decision,FUSION,pmc_fundingdecision,pmc_grantagreementreceivedfromprovider
FUSION,Funding Decision,FUSION,pmc_fundingdecision,pmc_hastheapplicantdeclaredthereisacoiname
FUSION,Funding Decision,FUSION,pmc_fundingdecision,pmc_isrebriefingrequiredname
FUSION,Funding Decision,FUSION,pmc_fundingdecision,pmc_isthedelegatetheministername
FUSION,Funding Decision,FUSION,pmc_fundingdecision,pmc_keyissuesandrisk
FUSION,Funding Decision,FUSION,pmc_fundingdecision,pmc_legalagreementexecutiondate
FUSION,Funding Decision,FUSION,pmc_fundingdecision,pmc_majorchangescount
FUSION,Funding Decision,FUSION,pmc_fundingdecision,pmc_majorchangesfirstnotifiedon
FUSION,Funding Decision,FUSION,pmc_fundingdecision,pmc_managingoffice
FUSION,Activity Linking Table,FUSION,pmc_fundingdecision,pmc_managingoffice
FUSION,Funding Decision,FUSION,pmc_fundingdecision,pmc_managingofficename
FUSION,Funding Decision,FUSION,pmc_fundingdecision,pmc_meetsassessmentcriterianame
FUSION,Funding Decision,FUSION,pmc_fundingdecision,pmc_name
FUSION,Funding Decision Audit,FUSION,pmc_fundingdecision,pmc_name
FUSION,Funding Decision,FUSION,pmc_fundingdecision,pmc_negotiationcompletedname
FUSION,Funding Decision,FUSION,pmc_fundingdecision,pmc_negotiationnotes
FUSION,Funding Decision,FUSION,pmc_fundingdecision,pmc_negotiationstatusname
FUSION,Funding Decision,FUSION,pmc_fundingdecision,pmc_notapplicablereason
FUSION,Funding Decision,FUSION,pmc_fundingdecision,pmc_notifycompletedbyid
FUSION,Funding Decision,FUSION,pmc_fundingdecision,pmc_notifycompletedbyidname
FUSION,Funding Decision,FUSION,pmc_fundingdecision,pmc_notifycompletedon
FUSION,Funding Decision,FUSION,pmc_fundingdecision,pmc_notifyprovidermethodname
FUSION,Funding Decision,FUSION,pmc_fundingdecision,pmc_offercomments
FUSION,Funding Decision,FUSION,pmc_fundingdecision,pmc_offercompletedbyid
FUSION,Funding Decision,FUSION,pmc_fundingdecision,pmc_offercompletedbyidname
FUSION,Funding Decision,FUSION,pmc_fundingdecision,pmc_offercompletedon
FUSION,Funding Decision,FUSION,pmc_fundingdecision,pmc_offermade
FUSION,Funding Decision,FUSION,pmc_fundingdecision,pmc_offermadename
FUSION,Funding Decision,FUSION,pmc_fundingdecision,pmc_offerrequiresfollowup
FUSION,Funding Decision,FUSION,pmc_fundingdecision,pmc_offerstageprogramareaoffice
FUSION,Funding Decision,FUSION,pmc_fundingdecision,pmc_offerstatusname
FUSION,Funding Decision,FUSION,pmc_fundingdecision,pmc_onholdname
FUSION,Funding Decision,FUSION,pmc_fundingdecision,pmc_onholdreason
FUSION,Funding Decision,FUSION,pmc_fundingdecision,pmc_pendingactionfromname
FUSION,Funding Decision,FUSION,pmc_fundingdecision,pmc_plannedactivity
FUSION,Planned Investment Financial,FUSION,pmc_fundingdecision,pmc_plannedactivity
FUSION,Planned Investment,FUSION,pmc_fundingdecision,pmc_plannedactivity
FUSION,Funding Decision,FUSION,pmc_fundingdecision,pmc_plannedactivityname
FUSION,Funding Decision,FUSION,pmc_fundingdecision,pmc_previousdecision
FUSION,Funding Decision,FUSION,pmc_fundingdecision,pmc_previousdecisionname
FUSION,Funding Decision,FUSION,pmc_fundingdecision,pmc_previousfundingbrief
FUSION,Funding Decision,FUSION,pmc_fundingdecision,pmc_previousfundingbriefexistsname
FUSION,Funding Decision,FUSION,pmc_fundingdecision,pmc_previousfundingbriefname
FUSION,Funding Decision,FUSION,pmc_fundingdecision,pmc_processstage
FUSION,Funding Decision,FUSION,pmc_fundingdecision,pmc_programareacomments
FUSION,Funding Decision,FUSION,pmc_fundingdecision,pmc_programareacount
FUSION,Funding Decision,FUSION,pmc_fundingdecision,pmc_programareanotifiedon
FUSION,Funding Decision,FUSION,pmc_fundingdecision,pmc_programarearespondedon
FUSION,Funding Decision,FUSION,pmc_fundingdecision,pmc_programareauserid
FUSION,Funding Decision,FUSION,pmc_fundingdecision,pmc_programareauseridname
FUSION,Funding Decision,FUSION,pmc_fundingdecision,pmc_programownerdecisionname
FUSION,Funding Decision,FUSION,pmc_fundingdecision,pmc_projecttitle
FUSION,Funding Decision,FUSION,pmc_fundingdecision,pmc_proposedenddate
FUSION,Funding Decision,FUSION,pmc_fundingdecision,pmc_proposedgrantactivity
FUSION,Funding Decision,FUSION,pmc_fundingdecision,pmc_proposedgrantactivityname
FUSION,Funding Decision,FUSION,pmc_fundingdecision,pmc_proposedorganisation
FUSION,Activity Approval Verification - not linked,FUSION,pmc_fundingdecision,pmc_proposedorganisation
FUSION,Funding Decision,FUSION,pmc_fundingdecision,pmc_proposedorganisationname
FUSION,Funding Decision,FUSION,pmc_fundingdecision,pmc_providerhasbeennotified_yesnonaname
FUSION,Funding Decision,FUSION,pmc_fundingdecision,pmc_providerquestiondate
FUSION,Funding Decision,FUSION,pmc_fundingdecision,pmc_qacompletedname
FUSION,Funding Decision,FUSION,pmc_fundingdecision,pmc_rebriefreason
FUSION,Funding Decision,FUSION,pmc_fundingdecision,pmc_receivesotherniaafundingname
FUSION,Funding Decision,FUSION,pmc_fundingdecision,pmc_recommendationoutcomereasons
FUSION,Funding Decision,FUSION,pmc_fundingdecision,pmc_recommendedactionoptionsetvalue
FUSION,Funding Decision,FUSION,pmc_fundingdecision,pmc_relatedrecordisreadyfordecisionname
FUSION,Funding Decision,FUSION,pmc_fundingdecision,pmc_representsvaluewithrelevantmoneyname
FUSION,Funding Decision,FUSION,pmc_fundingdecision,pmc_residualfunding
FUSION,Funding Decision,FUSION,pmc_fundingdecision,pmc_reviewedbyid
FUSION,Funding Decision,FUSION,pmc_fundingdecision,pmc_reviewedbyidname
FUSION,Funding Decision,FUSION,pmc_fundingdecision,pmc_reviewedon
FUSION,Funding Decision,FUSION,pmc_fundingdecision,pmc_sensitivities
FUSION,Funding Decision,FUSION,pmc_fundingdecision,pmc_sourcesystemexecuteddate
FUSION,Funding Decision,FUSION,pmc_fundingdecision,pmc_sourcesystemgrantactivityid
FUSION,Funding Decision,FUSION,pmc_fundingdecision,pmc_specifickpis
FUSION,Funding Decision,FUSION,pmc_fundingdecision,pmc_theapplicantidentifiesasname
FUSION,Funding Decision,FUSION,pmc_fundingdecision,pmc_totalappliedforamountexgst
FUSION,Funding Decision,FUSION,pmc_fundingdecision,pmc_totalapprovedamountexgst
FUSION,Funding Decision,FUSION,pmc_fundingdecision,pmc_totalcurrentactivityfundingexgst
FUSION,Funding Decision,FUSION,pmc_fundingdecision,pmc_totallegalcommitmentamountexgst
FUSION,Funding Decision,FUSION,pmc_fundingdecision,pmc_totalrecommendedamountexgst
FUSION,Funding Decision,FUSION,pmc_fundingdecision,pmc_unsuccessfuloutcomeletterregionalcomment
FUSION,Funding Decision,FUSION,pmc_fundingdecision,statecodename
FUSION,Funding Decision,FUSION,pmc_fundingdecision,statuscodename
FUSION,Planned Investment,FUSION,pmc_fundingdecision,statuscodename
FUSION,Planned Investment Financial,FUSION,pmc_fundingdecision,statuscodename
FUSION,Funding Decision Audit,FUSION,pmc_fundingdecision,statuscodename
FUSION,Funding Decision,FUSION,pmc_fundingdecision,createdon
FUSION,Funding Decision,FUSION,pmc_fundingdecision,modifiedon
ESS,For NLP CDP Job Plan Assistance,ESS,SUB842_JP_ASSISTANCE_NIAA,EFFECTIVE_START_DATE
ESS,For NLP CDP Job Plan Assistance,ESS,SUB842_JP_ASSISTANCE_NIAA,EFFECTIVE_END_DATE
ESS,For NLP CDP Job Plan Assistance,ESS,SUB842_JP_ASSISTANCE_NIAA,AssistanceID
ESS,For NLP CDP Barrier,ESS,SUB842_JP_ASSISTANCE_NIAA,AssistanceID
ESS,CDP Job Plan Assistance,ESS,SUB842_JP_ASSISTANCE_NIAA,AssistanceID
ESS,CDP Barrier Job Plan Assistance Link,ESS,SUB842_JP_ASSISTANCE_NIAA,AssistanceID
ESS,CDP Barrier,ESS,SUB842_JP_ASSISTANCE_NIAA,AssistanceID
ESS,CDP Job Plan Assistance,ESS,SUB842_JP_ASSISTANCE_NIAA,AssistanceCode
ESS,For NLP CDP Job Plan Assistance,ESS,SUB842_JP_ASSISTANCE_NIAA,AssistanceCode
ESS,For NLP CDP Job Plan Assistance,ESS,SUB842_JP_ASSISTANCE_NIAA,ResultCode
ESS,CDP Job Plan Assistance,ESS,SUB842_JP_ASSISTANCE_NIAA,ResultCode
ESS,CDP Job Plan Assistance,ESS,SUB842_JP_ASSISTANCE_NIAA,ResultDate
ESS,For NLP CDP Job Plan Assistance,ESS,SUB842_JP_ASSISTANCE_NIAA,ResultDate
ESS,For NLP CDP Job Plan Assistance,ESS,SUB842_JP_ASSISTANCE_NIAA,Comment
ESS,CDP Job Plan Assistance,ESS,SUB842_JP_ASSISTANCE_NIAA,Comment
ESS,CDP Job Plan Assistance,ESS,SUB842_JP_ASSISTANCE_NIAA,IsDeleted
ESS,For NLP CDP Barrier,ESS,SUB842_JP_ASSISTANCE_NIAA,IsDeleted
ESS,CDP Barrier,ESS,SUB842_JP_ASSISTANCE_NIAA,IsDeleted
ESS,CDP Barrier Job Plan Assistance Link,ESS,SUB842_JP_ASSISTANCE_NIAA,IsDeleted
ESS,CDP Barrier Job Plan Assistance Link,ESS,SUB842_JP_ASSISTANCE_NIAA,IsActive
ESS,CDP Barrier,ESS,SUB842_JP_ASSISTANCE_NIAA,IsActive
ESS,For NLP CDP Barrier,ESS,SUB842_JP_ASSISTANCE_NIAA,IsActive
ESS,CDP Job Plan Assistance,ESS,SUB842_JP_ASSISTANCE_NIAA,IsActive
GeoASGS,IREG 2021 AUST WKT,GeoASGS,IREG_2021_AUST_GDA2020_Simplified,geom
GeoASGS,IREG 2021 AUST WKT,GeoASGS,IREG_2021_AUST_GDA2020_Simplified,qgs_fid
GeoASGS,IREG 2021 AUST,GeoASGS,IREG_2021_AUST_GDA2020_Simplified,qgs_fid
GeoASGS,IREG 2021 AUST,GeoASGS,IREG_2021_AUST_GDA2020_Simplified,IREG_CODE_2021
GeoASGS,IREG 2021 AUST,GeoASGS,IREG_2021_AUST_GDA2020_Simplified,IREG_NAME_2021
GeoASGS,IREG 2021 AUST,GeoASGS,IREG_2021_AUST_GDA2020_Simplified,STATE_CODE_2021
GeoASGS,IREG 2021 AUST,GeoASGS,IREG_2021_AUST_GDA2020_Simplified,STATE_NAME_2021
GeoASGS,IREG 2021 AUST,GeoASGS,IREG_2021_AUST_GDA2020_Simplified,AUS_CODE_2021
GeoASGS,IREG 2021 AUST,GeoASGS,IREG_2021_AUST_GDA2020_Simplified,AUS_NAME_2021
GeoASGS,IREG 2021 AUST,GeoASGS,IREG_2021_AUST_GDA2020_Simplified,AREA_ALBERS_SQKM
GeoASGS,IREG 2021 AUST,GeoASGS,IREG_2021_AUST_GDA2020_Simplified,ASGS_LOCI_URI_2021
FUSION,Grant Application Process,FUSION,pmc_applicationprocess,pmc_applicationprocessid
FUSION,Grant Application Process,FUSION,pmc_applicationprocess,pmc_fofmsfromdate
FUSION,Grant Application Process,FUSION,pmc_applicationprocess,pmc_fofmsstatus1name
FUSION,Grant Application Process,FUSION,pmc_applicationprocess,pmc_fofmsstatus2name
FUSION,Grant Application Process,FUSION,pmc_applicationprocess,pmc_fofmstodate
FUSION,Grant Application Process,FUSION,pmc_applicationprocess,pmc_grantapplicationid
FUSION,KPI Code,FUSION,pmc_kpicode,pmc_default
FUSION,KPI Code,FUSION,pmc_kpicode,pmc_defaultname
FUSION,KPI Code,FUSION,pmc_kpicode,pmc_displayorder
FUSION,KPI Code,FUSION,pmc_kpicode,pmc_enddate
FUSION,KPI Code,FUSION,pmc_kpicode,pmc_esscode
FUSION,KPI Code,FUSION,pmc_kpicode,pmc_frequency
FUSION,KPI Code,FUSION,pmc_kpicode,pmc_frequencyname
FUSION,KPI Code,FUSION,pmc_kpicode,pmc_iascode
FUSION,Grant Activity KPI Assessment,FUSION,pmc_kpicode,pmc_iascode
FUSION,KPI Code,FUSION,pmc_kpicode,pmc_indicatortype
FUSION,KPI Code,FUSION,pmc_kpicode,pmc_indicatortypename
FUSION,KPI Code,FUSION,pmc_kpicode,pmc_kpicodeid
FUSION,Grant Activity KPI Assessment,FUSION,pmc_kpicode,pmc_kpicodeid
FUSION,KPI Code,FUSION,pmc_kpicode,pmc_kpidescription
FUSION,KPI Code,FUSION,pmc_kpicode,pmc_kpitargetdata
FUSION,KPI Code,FUSION,pmc_kpicode,pmc_longdescription
FUSION,KPI Code,FUSION,pmc_kpicode,pmc_mandatory
FUSION,KPI Code,FUSION,pmc_kpicode,pmc_mandatoryname
FUSION,KPI Code,FUSION,pmc_kpicode,pmc_name
FUSION,KPI Code,FUSION,pmc_kpicode,pmc_performanceexpectations
FUSION,KPI Code,FUSION,pmc_kpicode,pmc_performanceindicator
FUSION,KPI Code,FUSION,pmc_kpicode,pmc_ratinggroup
FUSION,KPI Code,FUSION,pmc_kpicode,pmc_ratinggroupname
FUSION,KPI Code,FUSION,pmc_kpicode,pmc_shortdescription
FUSION,KPI Code,FUSION,pmc_kpicode,pmc_spfcode
FUSION,KPI Code,FUSION,pmc_kpicode,pmc_startdate
FUSION,KPI Code,FUSION,pmc_kpicode,pmc_targetquantity
FUSION,KPI Code,FUSION,pmc_kpicode,pmc_unitofmeasure
FUSION,KPI Code,FUSION,pmc_kpicode,pmc_unitofmeasurename
FUSION,KPI Code,FUSION,pmc_kpicode,statecodename
FUSION,KPI Code,FUSION,pmc_kpicode,statuscodename
GPS,Grant Application,GPS,Fact_Application,%Dim_Legal_Entity_Organisation_Key
GPS,Organisaiton Indigeniety,GPS,Fact_Application,%Dim_Legal_Entity_Organisation_Key
GPS,Organisaiton Indigeniety,GPS,Fact_Application,%Dim_Application_Key
GPS,Grant Application,GPS,Fact_Application,%Dim_Application_Key
GPS,Grant Application Assessment Score,GPS,Fact_Application,%Dim_Application_Key
GPS,Grant Application Assessment Details,GPS,Fact_Application,%Dim_Application_Key
GPS,Grant Application Location,GPS,Fact_Application,%Dim_Application_Key
GPS,Grant Application,GPS,Fact_Application,%Dim_Funding_Round_Key
GPS,Organisaiton Indigeniety,GPS,Fact_Application,%Dim_Funding_Round_Key
ESS,CDP Barrier,ESS,SUB844_JS_BARRIER_ASSISTANCE_LINK_NIAA,BarrierId
ESS,CDP Barrier Job Plan Assistance Link,ESS,SUB844_JS_BARRIER_ASSISTANCE_LINK_NIAA,BarrierId
ESS,For NLP CDP Barrier,ESS,SUB844_JS_BARRIER_ASSISTANCE_LINK_NIAA,BarrierId
ESS,For NLP CDP Barrier,ESS,SUB844_JS_BARRIER_ASSISTANCE_LINK_NIAA,AssistanceID
ESS,CDP Barrier Job Plan Assistance Link,ESS,SUB844_JS_BARRIER_ASSISTANCE_LINK_NIAA,AssistanceID
ESS,CDP Barrier,ESS,SUB844_JS_BARRIER_ASSISTANCE_LINK_NIAA,AssistanceID
ESS,CDP Barrier,ESS,SUB844_JS_BARRIER_ASSISTANCE_LINK_NIAA,LinkRemovedDate
ESS,CDP Barrier Job Plan Assistance Link,ESS,SUB844_JS_BARRIER_ASSISTANCE_LINK_NIAA,LinkRemovedDate
ESS,For NLP CDP Barrier,ESS,SUB844_JS_BARRIER_ASSISTANCE_LINK_NIAA,LinkRemovedDate
ESS,For NLP CDP Barrier,ESS,SUB844_JS_BARRIER_ASSISTANCE_LINK_NIAA,IsActive
ESS,CDP Barrier Job Plan Assistance Link,ESS,SUB844_JS_BARRIER_ASSISTANCE_LINK_NIAA,IsActive
ESS,CDP Barrier,ESS,SUB844_JS_BARRIER_ASSISTANCE_LINK_NIAA,IsActive
SnapForms_RJED,Employment Report Placement,SnapForms_RJED,SnapFormsEntityResponse,FormId
SnapForms_RJED,Employment Report CDC,SnapForms_RJED,SnapFormsEntityResponse,FormId
SnapForms_RJED,Employment Report,SnapForms_RJED,SnapFormsEntityResponse,FormId
SnapForms_RJED,Sample View - Response Remote Jobs And Economic Development Rjed Privacy Notice,SnapForms_RJED,SnapFormsEntityResponse,FormId
SnapForms_RJED,Sample View - Response Part Four Intended Benefits Draft Ready To Test,SnapForms_RJED,SnapFormsEntityResponse,FormId
SnapForms_RJED,Sample View - Response Part Four Intended Benefits Draft Ready To Test Table Field,SnapForms_RJED,SnapFormsEntityResponse,FormId
SnapForms_RJED,Sample View - Response Part Four Intended Benefits Draft Ready To Test Table Field,SnapForms_RJED,SnapFormsEntityResponse,Form
SnapForms_RJED,Sample View - Response Part Four Intended Benefits Draft Ready To Test,SnapForms_RJED,SnapFormsEntityResponse,Form
SnapForms_RJED,Sample View - Response Remote Jobs And Economic Development Rjed Privacy Notice,SnapForms_RJED,SnapFormsEntityResponse,Form
SnapForms_RJED,Employment Report,SnapForms_RJED,SnapFormsEntityResponse,Form
SnapForms_RJED,Employment Report CDC,SnapForms_RJED,SnapFormsEntityResponse,Form
SnapForms_RJED,Employment Report Placement,SnapForms_RJED,SnapFormsEntityResponse,Form
SnapForms_RJED,Employment Report Placement,SnapForms_RJED,SnapFormsEntityResponse,FormSlug
SnapForms_RJED,Sample View - Response Remote Jobs And Economic Development Rjed Privacy Notice,SnapForms_RJED,SnapFormsEntityResponse,FormSlug
SnapForms_RJED,Sample View - Response Part Four Intended Benefits Draft Ready To Test,SnapForms_RJED,SnapFormsEntityResponse,FormSlug
SnapForms_RJED,Sample View - Response Part Four Intended Benefits Draft Ready To Test Table Field,SnapForms_RJED,SnapFormsEntityResponse,FormSlug
SnapForms_RJED,Sample View - Response Part Four Intended Benefits Draft Ready To Test Table Field,SnapForms_RJED,SnapFormsEntityResponse,ResponseId
SnapForms_RJED,Sample View - Response Part Four Intended Benefits Draft Ready To Test,SnapForms_RJED,SnapFormsEntityResponse,ResponseId
SnapForms_RJED,Sample View - Response Remote Jobs And Economic Development Rjed Privacy Notice,SnapForms_RJED,SnapFormsEntityResponse,ResponseId
SnapForms_RJED,Employment Report,SnapForms_RJED,SnapFormsEntityResponse,ResponseId
SnapForms_RJED,Employment Report Placement,SnapForms_RJED,SnapFormsEntityResponse,ResponseId
SnapForms_RJED,Employment Report CDC,SnapForms_RJED,SnapFormsEntityResponse,ResponseId
SnapForms_RJED,Employment Report CDC,SnapForms_RJED,SnapFormsEntityResponse,DateTime
SnapForms_RJED,Employment Report Placement,SnapForms_RJED,SnapFormsEntityResponse,DateTime
SnapForms_RJED,Employment Report,SnapForms_RJED,SnapFormsEntityResponse,DateTime
SnapForms_RJED,Sample View - Response Remote Jobs And Economic Development Rjed Privacy Notice,SnapForms_RJED,SnapFormsEntityResponse,DateTime
SnapForms_RJED,Sample View - Response Part Four Intended Benefits Draft Ready To Test,SnapForms_RJED,SnapFormsEntityResponse,DateTime
SnapForms_RJED,Sample View - Response Part Four Intended Benefits Draft Ready To Test Table Field,SnapForms_RJED,SnapFormsEntityResponse,DateTime
SnapForms_RJED,Sample View - Response Part Four Intended Benefits Draft Ready To Test Table Field,SnapForms_RJED,SnapFormsEntityResponse,DateTimeModified
SnapForms_RJED,Sample View - Response Part Four Intended Benefits Draft Ready To Test,SnapForms_RJED,SnapFormsEntityResponse,DateTimeModified
SnapForms_RJED,Sample View - Response Remote Jobs And Economic Development Rjed Privacy Notice,SnapForms_RJED,SnapFormsEntityResponse,DateTimeModified
SnapForms_RJED,Employment Report,SnapForms_RJED,SnapFormsEntityResponse,DateTimeModified
SnapForms_RJED,Employment Report Placement,SnapForms_RJED,SnapFormsEntityResponse,DateTimeModified
SnapForms_RJED,Employment Report CDC,SnapForms_RJED,SnapFormsEntityResponse,DateTimeModified
SnapForms_RJED,Employment Report CDC,SnapForms_RJED,SnapFormsEntityResponse,Question
SnapForms_RJED,Employment Report Placement,SnapForms_RJED,SnapFormsEntityResponse,Question
SnapForms_RJED,Employment Report,SnapForms_RJED,SnapFormsEntityResponse,Question
SnapForms_RJED,Sample View - Response Remote Jobs And Economic Development Rjed Privacy Notice,SnapForms_RJED,SnapFormsEntityResponse,Question
SnapForms_RJED,Sample View - Response Part Four Intended Benefits Draft Ready To Test,SnapForms_RJED,SnapFormsEntityResponse,Question
SnapForms_RJED,Sample View - Response Part Four Intended Benefits Draft Ready To Test Table Field,SnapForms_RJED,SnapFormsEntityResponse,Question
SnapForms_RJED,Sample View - Response Part Four Intended Benefits Draft Ready To Test Table Field,SnapForms_RJED,SnapFormsEntityResponse,Type
SnapForms_RJED,Sample View - Response Part Four Intended Benefits Draft Ready To Test,SnapForms_RJED,SnapFormsEntityResponse,Type
SnapForms_RJED,Sample View - Response Part Four Intended Benefits Draft Ready To Test,SnapForms_RJED,SnapFormsEntityResponse,Answer
SnapForms_RJED,Sample View - Response Part Four Intended Benefits Draft Ready To Test Table Field,SnapForms_RJED,SnapFormsEntityResponse,Answer
SnapForms_RJED,Sample View - Response Remote Jobs And Economic Development Rjed Privacy Notice,SnapForms_RJED,SnapFormsEntityResponse,Answer
SnapForms_RJED,Employment Report,SnapForms_RJED,SnapFormsEntityResponse,Answer
SnapForms_RJED,Employment Report Placement,SnapForms_RJED,SnapFormsEntityResponse,Answer
SnapForms_RJED,Employment Report CDC,SnapForms_RJED,SnapFormsEntityResponse,Answer
GPS,Grant Application Assessment Details,GPS,Fact_Application_Appraisal_Assessment,%Dim_Application_Appraisal_Assessment_Detail_Key
GPS,Grant Application Assessment Details,GPS,Fact_Application_Appraisal_Assessment,%Dim_Application_Appraisal_Assessment_Header_Key
GPS,Grant Application Assessment Score,GPS,Fact_Application_Appraisal_Assessment,%Dim_Application_Appraisal_Assessment_Header_Key
GPS,Grant Application Assessment Score,GPS,Fact_Application_Appraisal_Assessment,%Dim_Application_Key
GPS,Grant Application Assessment Details,GPS,Fact_Application_Appraisal_Assessment,%Dim_Application_Key
FUSION,Empowered Community,FUSION,pmc_empoweredcommunity,pmc_agencyregion
FUSION,Empowered Community,FUSION,pmc_empoweredcommunity,pmc_agencyregionname
FUSION,Empowered Community,FUSION,pmc_empoweredcommunity,pmc_empoweredcommunityid
FUSION,Empowered Community,FUSION,pmc_empoweredcommunity,pmc_empoweredcommunityname
FUSION,Empowered Community,FUSION,pmc_empoweredcommunity,pmc_includeinmdempoweredcommunityinput
FUSION,Empowered Community,FUSION,pmc_empoweredcommunity,pmc_includeinmdempoweredcommunityinputname
FUSION,Empowered Community,FUSION,pmc_empoweredcommunity,pmc_jdmapplicable
FUSION,Empowered Community,FUSION,pmc_empoweredcommunity,pmc_jdmapplicablename
FUSION,Empowered Community,FUSION,pmc_empoweredcommunity,statecode
FUSION,Empowered Community,FUSION,pmc_empoweredcommunity,statecodename
FUSION,Empowered Community,FUSION,pmc_empoweredcommunity,statuscode
FUSION,Empowered Community,FUSION,pmc_empoweredcommunity,statuscodename
FUSION,Empowered Community,FUSION,pmc_empoweredcommunity,versionnumber
Forms,CDP_PPR_Assessment_Response_Mod_Review_History_View,Forms,CDP_PPR_Result,Result Key
Forms,CDP_PPR_Result_Calculation Old 20240404,Forms,CDP_PPR_Result,Result Key
Forms,CDP_PPR_Assessment_Response_Summary_Review_History_Test,Forms,CDP_PPR_Result,Result Key
Forms,CDP_PPR_Result_Calculation_Review_History,Forms,CDP_PPR_Result,Result Key
Forms,CDP_PPR_Result_Calculation,Forms,CDP_PPR_Result,Result Key
Forms,CDP_PPR_Result_Calculation,Forms,CDP_PPR_Result,PPR Provider Key
Forms,CDP_PPR_Result_Calculation_Review_History,Forms,CDP_PPR_Result,PPR Provider Key
Forms,CDP_PPR_Result_Calculation_SubMeasure,Forms,CDP_PPR_Result,PPR Provider Key
ESS,Performance Report Assessment,Forms,CDP_PPR_Result,PPR Provider Key
Forms,CDP_PPR_Result_Calculation Old 20240404,Forms,CDP_PPR_Result,PPR Provider Key
Forms,CDP_PPR_Result_Calculation Old 20240404,Forms,CDP_PPR_Result,Result Status
Forms,CDP_PPR_Assessment_Response_Mod_Review_History_View,Forms,CDP_PPR_Result,Result Status
Forms,CDP_PPR_Assessment_Response_Summary_Review_History_Test,Forms,CDP_PPR_Result,Result Status
Forms,CDP_PPR_Result_Calculation_Review_History,Forms,CDP_PPR_Result,Result Status
Forms,CDP_PPR_Result_Calculation,Forms,CDP_PPR_Result,Result Status
Forms,CDP_PPR_Result_Calculation,Forms,CDP_PPR_Result,Provider Feedback
Forms,CDP_PPR_Result_Calculation_Review_History,Forms,CDP_PPR_Result,Provider Feedback
ESS,Performance Report Assessment,Forms,CDP_PPR_Result,Provider Feedback
Forms,CDP_PPR_Result_Calculation Old 20240404,Forms,CDP_PPR_Result,Provider Feedback
Forms,CDP_PPR_Result_Calculation Old 20240404,Forms,CDP_PPR_Result,Internal Comments
Forms,CDP_PPR_Result_Calculation_Review_History,Forms,CDP_PPR_Result,Internal Comments
Forms,CDP_PPR_Result_Calculation,Forms,CDP_PPR_Result,Internal Comments
Forms,CDP_PPR_Result_Calculation,Forms,CDP_PPR_Result,Provider Feedback Overflow
Forms,CDP_PPR_Result_Calculation_Review_History,Forms,CDP_PPR_Result,Provider Feedback Overflow
ESS,Performance Report Assessment,Forms,CDP_PPR_Result,Provider Feedback Overflow
Forms,CDP_PPR_Result_Calculation Old 20240404,Forms,CDP_PPR_Result,Provider Feedback Overflow
Forms,CDP_PPR_Result_Calculation Old 20240404,Forms,CDP_PPR_Result,Internal Comments Overflow
Forms,CDP_PPR_Result_Calculation_Review_History,Forms,CDP_PPR_Result,Internal Comments Overflow
Forms,CDP_PPR_Result_Calculation,Forms,CDP_PPR_Result,Internal Comments Overflow
Forms,CDP_PPR_Result_Calculation,Forms,CDP_PPR_Result,Is Site Visit Exempt
Forms,CDP_PPR_Result_Calculation_Review_History,Forms,CDP_PPR_Result,Is Site Visit Exempt
Forms,CDP_PPR_Result_Calculation_SubMeasure,Forms,CDP_PPR_Result,Is Site Visit Exempt
Forms,CDP_PPR_Result_Calculation Old 20240404,Forms,CDP_PPR_Result,Is Site Visit Exempt
Forms,CDP_PPR_Result_Calculation Old 20240404,Forms,CDP_PPR_Result,PPR Key
Forms,CDP_PPR_Result_Calculation_SubMeasure,Forms,CDP_PPR_Result,PPR Key
Forms,CDP_PPR_Result_Calculation_Review_History,Forms,CDP_PPR_Result,PPR Key
Forms,CDP_PPR_Result_Calculation,Forms,CDP_PPR_Result,PPR Key
ESS,Performance Report Assessment,Forms,CDP_PPR_Result,PPR Key
Forms,CDP_PPR_Result_Calculation,Forms,CDP_PPR_Result,Is CDP Trial Activity Exempt
Forms,CDP_PPR_Result_Calculation_Review_History,Forms,CDP_PPR_Result,Is CDP Trial Activity Exempt
Forms,CDP_PPR_Result_Calculation_SubMeasure,Forms,CDP_PPR_Result,Is CDP Trial Activity Exempt
Forms,CDP_PPR_Result_Calculation Old 20240404,Forms,CDP_PPR_Result,Is CDP Trial Activity Exempt
Forms,CDP_PPR_Result_Calculation Old 20240404,Forms,CDP_PPR_Result,Is Activity Assessment Exempt
Forms,CDP_PPR_Result_Calculation_SubMeasure,Forms,CDP_PPR_Result,Is Activity Assessment Exempt
Forms,CDP_PPR_Result_Calculation_Review_History,Forms,CDP_PPR_Result,Is Activity Assessment Exempt
Forms,CDP_PPR_Result_Calculation,Forms,CDP_PPR_Result,Is Activity Assessment Exempt
Forms,CDP_PPR_Result_Calculation,Forms,CDP_PPR_Result,Is Employment Target Exempt
Forms,CDP_PPR_Result_Calculation_Review_History,Forms,CDP_PPR_Result,Is Employment Target Exempt
Forms,CDP_PPR_Result_Calculation_Review_History,Forms,CDP_PPR_Result,Is Post Placement Support Exempt
Forms,CDP_PPR_Result_Calculation,Forms,CDP_PPR_Result,Is Post Placement Support Exempt
Forms,CDP_PPR_Result_Calculation Old 20240404,Forms,CDP_PPR_Result,Is Post Placement Support Exempt
FUSION,KPI Rating,FUSION,pmc_kpirating,pmc_commentrequired
FUSION,KPI Rating,FUSION,pmc_kpirating,pmc_commentrequiredname
FUSION,KPI Rating,FUSION,pmc_kpirating,pmc_kpiratingid
FUSION,KPI Rating,FUSION,pmc_kpirating,pmc_name
FUSION,KPI Rating,FUSION,pmc_kpirating,pmc_ratinggroup
FUSION,KPI Rating,FUSION,pmc_kpirating,pmc_ratinggroupname
FUSION,KPI Rating,FUSION,pmc_kpirating,statecodename
FUSION,KPI Rating,FUSION,pmc_kpirating,statuscodename
GPS,Grant Application Coverage Area,GPS,Grant Application Information Detail,Application Id
GPS,Grant Application Coverage Area,GPS,Grant Application Information Detail,Grant Application Information Detail Id
GPS,Grant Application Coverage Area,GPS,Grant Application Information Detail,Grant Application Information Question
GPS,Grant Application Coverage Area,GPS,Grant Application Information Detail,Grant Application Information Response
SnapForms_RJED,Employment Report CDC,Forms_RJED,Employment Report Override,Response Key
SnapForms_RJED,Employment Report,Forms_RJED,Employment Report Override,Response Key
SnapForms_RJED,Employment Report,Forms_RJED,Employment Report Override,Override Project ID
SnapForms_RJED,Employment Report CDC,Forms_RJED,Employment Report Override,Override Project ID
SnapForms_RJED,Employment Report CDC,Forms_RJED,Employment Report Override,Override
SnapForms_RJED,Employment Report,Forms_RJED,Employment Report Override,Override
SnapForms_RJED,Employment Report,Forms_RJED,Employment Report Override,Override Reason
SnapForms_RJED,Employment Report CDC,Forms_RJED,Employment Report Override,Override Reason
SnapForms_RJED,Employment Report CDC,Forms_RJED,Employment Report Override,Comment
SnapForms_RJED,Employment Report,Forms_RJED,Employment Report Override,Comment
SnapForms_RJED,Employment Report,Forms_RJED,Employment Report Override,Deleted
SnapForms_RJED,Employment Report CDC,Forms_RJED,Employment Report Override,Deleted
SnapForms_RJED,Employment Report,Forms_RJED,Employment Report Override,Response Date
ASGS,MB 2021 - ADD 2021,GeoASGS,MB_2021_ADD_2021,MB_CODE_2021
ASGS,MB 2021 - ADD 2021,GeoASGS,MB_2021_ADD_2021,ADD_CODE_2021
ASGS,MB 2021 - ADD 2021,GeoASGS,MB_2021_ADD_2021,ADD_NAME_2021
ESS,CDP Barrier,ESS,SUB845_JS_BARRIER_ACTIVITY_LINK_NIAA,BarrierId
ESS,CDP Barrier Job Plan Activity Link,ESS,SUB845_JS_BARRIER_ACTIVITY_LINK_NIAA,BarrierId
ESS,For NLP CDP Barrier,ESS,SUB845_JS_BARRIER_ACTIVITY_LINK_NIAA,BarrierId
ESS,For NLP CDP Barrier,ESS,SUB845_JS_BARRIER_ACTIVITY_LINK_NIAA,ActivityID
ESS,CDP Barrier Job Plan Activity Link,ESS,SUB845_JS_BARRIER_ACTIVITY_LINK_NIAA,ActivityID
ESS,CDP Barrier,ESS,SUB845_JS_BARRIER_ACTIVITY_LINK_NIAA,ActivityID
ESS,CDP Barrier,ESS,SUB845_JS_BARRIER_ACTIVITY_LINK_NIAA,LinkRemovedDate
ESS,CDP Barrier Job Plan Activity Link,ESS,SUB845_JS_BARRIER_ACTIVITY_LINK_NIAA,LinkRemovedDate
ESS,For NLP CDP Barrier,ESS,SUB845_JS_BARRIER_ACTIVITY_LINK_NIAA,LinkRemovedDate
ESS,For NLP CDP Barrier,ESS,SUB845_JS_BARRIER_ACTIVITY_LINK_NIAA,IsActive
ESS,CDP Barrier Job Plan Activity Link,ESS,SUB845_JS_BARRIER_ACTIVITY_LINK_NIAA,IsActive
ESS,CDP Barrier,ESS,SUB845_JS_BARRIER_ACTIVITY_LINK_NIAA,IsActive
CTG,Grant Activity - Closing the Gap,FUSION,Grant Activity Coding - Framework Code,Grant Activity Coding Id
FUSION,Grant Activity Coding - Summary,FUSION,Grant Activity Coding - Framework Code,Grant Activity Coding Id
FUSION,Grant Activity Coding - Summary,FUSION,Grant Activity Coding - Framework Code,Framework Code Id
CTG,Grant Activity - Closing the Gap,FUSION,Grant Activity Coding - Framework Code,Framework Code Id
CTG,Grant Activity - Closing the Gap,FUSION,Grant Activity Coding - Framework Code,Percentage Allocation
FUSION,Grant Activity Coding - Summary,FUSION,Grant Activity Coding - Framework Code,Percentage Allocation
NIAA,SA1 - NIAA Subregion,NIAA,SA1_TO_NIAA_Subregion_2021,Id
NIAA,SA1 - NIAA Subregion,NIAA,SA1_TO_NIAA_Subregion_2021,SA1_MAINCODE_2016
NIAA,SA1 - NIAA Subregion,NIAA,SA1_TO_NIAA_Subregion_2021,SA1_7DIGITCODE_2016
NIAA,SA1 - NIAA Subregion,NIAA,SA1_TO_NIAA_Subregion_2021,NIAA_Region
NIAA,SA1 - NIAA Subregion,NIAA,SA1_TO_NIAA_Subregion_2021,NIAA_Subregion
NIAA,SA1 - NIAA Subregion,NIAA,SA1_TO_NIAA_Subregion_2021,Intersect_Area_ha
abs,IAREA_DataByRegion_IndStruc,abs,Data by Region_IndStruc_2011-2021,Code
abs,IAREA_DataByRegion_IndStruc,abs,Data by Region_IndStruc_2011-2021,Label
abs,IAREA_DataByRegion_IndStruc,abs,Data by Region_IndStruc_2011-2021,Year
abs,IAREA_DataByRegion_IndStruc,abs,Data by Region_IndStruc_2011-2021,ERP_Median_age_males_yr
abs,IAREA_DataByRegion_IndStruc,abs,Data by Region_IndStruc_2011-2021,ERP_Median_age_females_yr
abs,IAREA_DataByRegion_IndStruc,abs,Data by Region_IndStruc_2011-2021,ERP_Median_age_persons_yr
abs,IAREA_DataByRegion_IndStruc,abs,Data by Region_IndStruc_2011-2021,ERP_Working_age_pop_aged_15_64_years
abs,IAREA_DataByRegion_IndStruc,abs,Data by Region_IndStruc_2011-2021,ERP_Working_age_pop_aged_15_64_years_Perc
abs,IAREA_DataByRegion_IndStruc,abs,Data by Region_IndStruc_2011-2021,ERP_Estimated_resident_Aboriginal_and_Torres_Strait_Islander_population
abs,IAREA_DataByRegion_IndStruc,abs,Data by Region_IndStruc_2011-2021,ERP_Males_0_14_years
abs,IAREA_DataByRegion_IndStruc,abs,Data by Region_IndStruc_2011-2021,ERP_Males_15_24_years
abs,IAREA_DataByRegion_IndStruc,abs,Data by Region_IndStruc_2011-2021,ERP_Males_25_34_years
abs,IAREA_DataByRegion_IndStruc,abs,Data by Region_IndStruc_2011-2021,ERP_Males_35_44_years
abs,IAREA_DataByRegion_IndStruc,abs,Data by Region_IndStruc_2011-2021,ERP_Males_45_54_years
abs,IAREA_DataByRegion_IndStruc,abs,Data by Region_IndStruc_2011-2021,ERP_Males_55_years_and_over
abs,IAREA_DataByRegion_IndStruc,abs,Data by Region_IndStruc_2011-2021,ERP_Males_total
abs,IAREA_DataByRegion_IndStruc,abs,Data by Region_IndStruc_2011-2021,ERP_Females_0_14_years
abs,IAREA_DataByRegion_IndStruc,abs,Data by Region_IndStruc_2011-2021,ERP_Females_15_24_years
abs,IAREA_DataByRegion_IndStruc,abs,Data by Region_IndStruc_2011-2021,ERP_Females_25_34_years
abs,IAREA_DataByRegion_IndStruc,abs,Data by Region_IndStruc_2011-2021,ERP_Females_35_44_years
abs,IAREA_DataByRegion_IndStruc,abs,Data by Region_IndStruc_2011-2021,ERP_Females_45_54_years
abs,IAREA_DataByRegion_IndStruc,abs,Data by Region_IndStruc_2011-2021,ERP_Females_55_years_and_over
abs,IAREA_DataByRegion_IndStruc,abs,Data by Region_IndStruc_2011-2021,ERP_Females_total
abs,IAREA_DataByRegion_IndStruc,abs,Data by Region_IndStruc_2011-2021,ERP_Persons_0_14_years
abs,IAREA_DataByRegion_IndStruc,abs,Data by Region_IndStruc_2011-2021,ERP_Persons_15_24_years
abs,IAREA_DataByRegion_IndStruc,abs,Data by Region_IndStruc_2011-2021,ERP_Persons_25_34_years
abs,IAREA_DataByRegion_IndStruc,abs,Data by Region_IndStruc_2011-2021,ERP_Persons_35_44_years
abs,IAREA_DataByRegion_IndStruc,abs,Data by Region_IndStruc_2011-2021,ERP_Persons_45_54_years
abs,IAREA_DataByRegion_IndStruc,abs,Data by Region_IndStruc_2011-2021,ERP_Persons_55_years_and_over
abs,IAREA_DataByRegion_IndStruc,abs,Data by Region_IndStruc_2011-2021,LAN_Speakers_of_ATSI_language_who_identify_as_ATSI_Perc
abs,IAREA_DataByRegion_IndStruc,abs,Data by Region_IndStruc_2011-2021,LAN_Speaks_English_at_home_Perc
abs,IAREA_DataByRegion_IndStruc,abs,Data by Region_IndStruc_2011-2021,EET_Fully_engaged_Perc
abs,IAREA_DataByRegion_IndStruc,abs,Data by Region_IndStruc_2011-2021,EET_Partially_or_at_least_partially_engaged_Perc
abs,IAREA_DataByRegion_IndStruc,abs,Data by Region_IndStruc_2011-2021,EET_Not_engaged_Perc
abs,IAREA_DataByRegion_IndStruc,abs,Data by Region_IndStruc_2011-2021,LFS_Employed
abs,IAREA_DataByRegion_IndStruc,abs,Data by Region_IndStruc_2011-2021,LFS_Total_labour_force_employed_Perc
abs,IAREA_DataByRegion_IndStruc,abs,Data by Region_IndStruc_2011-2021,LFS_Unemployed
abs,IAREA_DataByRegion_IndStruc,abs,Data by Region_IndStruc_2011-2021,LFS_Total_labour_force_unemployed_Perc
abs,IAREA_DataByRegion_IndStruc,abs,Data by Region_IndStruc_2011-2021,LFS_In_the_labour_force
abs,IAREA_DataByRegion_IndStruc,abs,Data by Region_IndStruc_2011-2021,LFS_Labour_force_participation_rate_Perc
abs,IAREA_DataByRegion_IndStruc,abs,Data by Region_IndStruc_2011-2021,LFS_Not_in_the_labour_force_Perc
abs,IAREA_DataByRegion_IndStruc,abs,Data by Region_IndStruc_2011-2021,LFS_Total_responding_population_aged_15_64_years
abs,IAREA_DataByRegion_IndStruc,abs,Data by Region_IndStruc_2011-2021,LFS_Census_responding_population_employed_Perc
abs,IAREA_DataByRegion_IndStruc,abs,Data by Region_IndStruc_2011-2021,UA_Provided_unpaid_assistance
abs,IAREA_DataByRegion_IndStruc,abs,Data by Region_IndStruc_2011-2021,UA_Provided_unpaid_assistance_Perc
abs,IAREA_DataByRegion_IndStruc,abs,Data by Region_IndStruc_2011-2021,UCC_Cared_for_own_children
abs,IAREA_DataByRegion_IndStruc,abs,Data by Region_IndStruc_2011-2021,UCC_Cared_for_own_children_Perc
abs,IAREA_DataByRegion_IndStruc,abs,Data by Region_IndStruc_2011-2021,UCC_Cared_for_other_children
abs,IAREA_DataByRegion_IndStruc,abs,Data by Region_IndStruc_2011-2021,UCC_Cared_for_othern_children_Perc
abs,IAREA_DataByRegion_IndStruc,abs,Data by Region_IndStruc_2011-2021,UCC_Total_provided_unpaid_child_care
abs,IAREA_DataByRegion_IndStruc,abs,Data by Region_IndStruc_2011-2021,UCC_Total_provided_unpaid_child_care_Perc
abs,IAREA_DataByRegion_IndStruc,abs,Data by Region_IndStruc_2011-2021,UCC_Did_not_provide_unpaid_child_care
abs,IAREA_DataByRegion_IndStruc,abs,Data by Region_IndStruc_2011-2021,UCC_Did_not_provide_unpaid_child_care_Perc
abs,IAREA_DataByRegion_IndStruc,abs,Data by Region_IndStruc_2011-2021,VW_Volunteered_for_an_organisation_or_group
abs,IAREA_DataByRegion_IndStruc,abs,Data by Region_IndStruc_2011-2021,VW_Volunteered_for_an_organisation_or_group_Perc
abs,IAREA_DataByRegion_IndStruc,abs,Data by Region_IndStruc_2011-2021,TT_Owner_with_or_without_a_mortgage
abs,IAREA_DataByRegion_IndStruc,abs,Data by Region_IndStruc_2011-2021,TT_Owner_with_or_without_a_mortgage_Perc
abs,IAREA_DataByRegion_IndStruc,abs,Data by Region_IndStruc_2011-2021,TT_Renter
abs,IAREA_DataByRegion_IndStruc,abs,Data by Region_IndStruc_2011-2021,TT_Renter_Perc
abs,IAREA_DataByRegion_IndStruc,abs,Data by Region_IndStruc_2011-2021,Homeless_ATSI
abs,IAREA_DataByRegion_IndStruc,abs,Data by Region_IndStruc_2011-2021,Homeless_ATSI_Perc
abs,IAREA_DataByRegion_IndStruc,abs,Data by Region_IndStruc_2011-2021,CtG5_Attained_Year_12
abs,IAREA_DataByRegion_IndStruc,abs,Data by Region_IndStruc_2011-2021,CtG5_Attained_Year_12_Perc
abs,IAREA_DataByRegion_IndStruc,abs,Data by Region_IndStruc_2011-2021,CtG5_Total_applicable_population_aged_20_24_years
abs,IAREA_DataByRegion_IndStruc,abs,Data by Region_IndStruc_2011-2021,CtG6_Completed_Certificate_III
abs,IAREA_DataByRegion_IndStruc,abs,Data by Region_IndStruc_2011-2021,CtG6_Completed_Certificate_III_Perc
abs,IAREA_DataByRegion_IndStruc,abs,Data by Region_IndStruc_2011-2021,CtG6_Total_applicable_population_aged_25_34_years
abs,IAREA_DataByRegion_IndStruc,abs,Data by Region_IndStruc_2011-2021,CtG7_Fully_engaged
abs,IAREA_DataByRegion_IndStruc,abs,Data by Region_IndStruc_2011-2021,CtG7_Fully_engaged_Perc
abs,IAREA_DataByRegion_IndStruc,abs,Data by Region_IndStruc_2011-2021,CtG7_Total_applicable_population_aged_15_24_years
abs,IAREA_DataByRegion_IndStruc,abs,Data by Region_IndStruc_2011-2021,CtG8_Employed
abs,IAREA_DataByRegion_IndStruc,abs,Data by Region_IndStruc_2011-2021,CtG8_Employed_Perc
abs,IAREA_DataByRegion_IndStruc,abs,Data by Region_IndStruc_2011-2021,CtG8_Total_applicable_population_aged_25_64_years_no
abs,IAREA_DataByRegion_IndStruc,abs,Data by Region_IndStruc_2011-2021,CtG9A_Living_in_appropriately_sized
abs,IAREA_DataByRegion_IndStruc,abs,Data by Region_IndStruc_2011-2021,CtG9A_Living_in_appropriately_sized_Perc
abs,IAREA_DataByRegion_IndStruc,abs,Data by Region_IndStruc_2011-2021,CtG9A_Living_requiring_one_additional
abs,IAREA_DataByRegion_IndStruc,abs,Data by Region_IndStruc_2011-2021,CtG9A_Living_requiring_one_additional_Perc
abs,IAREA_DataByRegion_IndStruc,abs,Data by Region_IndStruc_2011-2021,CtG9A_Living_requiring_two_additional
abs,IAREA_DataByRegion_IndStruc,abs,Data by Region_IndStruc_2011-2021,CtG9A_Living_requiring_two_additional_Perc
abs,IAREA_DataByRegion_IndStruc,abs,Data by Region_IndStruc_2011-2021,CtG9A_Living_requiring_three_additional
abs,IAREA_DataByRegion_IndStruc,abs,Data by Region_IndStruc_2011-2021,CtG9A_Living_requiring_three_additional_Perc
abs,IAREA_DataByRegion_IndStruc,abs,Data by Region_IndStruc_2011-2021,CtG9A_Living_requiring_four_additional
abs,IAREA_DataByRegion_IndStruc,abs,Data by Region_IndStruc_2011-2021,CtG9A_Living_requiring_four_additional_Perc
abs,IAREA_DataByRegion_IndStruc,abs,Data by Region_IndStruc_2011-2021,CtG9A_Total_people_living_in_applicable_dwellings
SCSO,Mail Merge,GPS,Grant Activity Contact,Contact Id
SCSO,Mail Merge,GPS,Grant Activity Contact,Activity Id
SCSO,Mail Merge,GPS,Grant Activity Contact,Contact Title
SCSO,Mail Merge,GPS,Grant Activity Contact,Contact First Name
SCSO,Mail Merge,GPS,Grant Activity Contact,Contact Last Name
SCSO,Mail Merge,GPS,Grant Activity Contact,Contact Email
SCSO,Mail Merge,GPS,Grant Activity Contact,Contact Phone Number
SCSO,Mail Merge,GPS,Grant Activity Contact,Contact Street Address
SCSO,Mail Merge,GPS,Grant Activity Contact,Contact Street Address 2
SCSO,Mail Merge,GPS,Grant Activity Contact,Contact City
SCSO,Mail Merge,GPS,Grant Activity Contact,Contact Postal Code
SCSO,Mail Merge,GPS,Grant Activity Contact,Contact State
SCSO,Mail Merge,GPS,Grant Activity Contact,Contact Country
SCSO,Mail Merge,GPS,Grant Activity Contact,Contract Job Title
FUSION,Demographic Measure,FUSION,pmc_demographicmeasures,pmc_datatypename
FUSION,Demographic Measure,FUSION,pmc_demographicmeasures,pmc_demographicmeasuresid
FUSION,Demographic Measure,FUSION,pmc_demographicmeasures,pmc_name
FUSION,Demographic Measure,FUSION,pmc_demographicmeasures,pmc_order
FUSION,Demographic Measure,FUSION,pmc_demographicmeasures,pmc_reportlocationname
FUSION,Demographic Measure,FUSION,pmc_demographicmeasures,pmc_title
FUSION,Demographic Measure,FUSION,pmc_demographicmeasures,statecodename
FUSION,Demographic Measure,FUSION,pmc_demographicmeasures,statuscodename
FUSION,Empowered Community Process,FUSION,pmc_empoweredcommunityprocess,pmc_checkecdetailsname
FUSION,Empowered Community Process,FUSION,pmc_empoweredcommunityprocess,pmc_commentary
FUSION,Empowered Community Process,FUSION,pmc_empoweredcommunityprocess,pmc_deliveryarea
FUSION,Empowered Community Process,FUSION,pmc_empoweredcommunityprocess,pmc_deliveryareaname
FUSION,Empowered Community Process,FUSION,pmc_empoweredcommunityprocess,pmc_empoweredcommunitiesincontext
FUSION,Empowered Community Process,FUSION,pmc_empoweredcommunityprocess,pmc_empoweredcommunityprocessid
FUSION,Empowered Community Process,FUSION,pmc_empoweredcommunityprocess,pmc_grantactivityid
FUSION,Empowered Community Process,FUSION,pmc_empoweredcommunityprocess,pmc_grantactivityidname
FUSION,Empowered Community Process,FUSION,pmc_empoweredcommunityprocess,pmc_leadempoweredcommunityid
FUSION,Empowered Community Process,FUSION,pmc_empoweredcommunityprocess,pmc_leadempoweredcommunityidname
FUSION,Empowered Community Process,FUSION,pmc_empoweredcommunityprocess,pmc_name
FUSION,Empowered Community Process,FUSION,pmc_empoweredcommunityprocess,pmc_priority
FUSION,Empowered Community Process,FUSION,pmc_empoweredcommunityprocess,pmc_priorityname
FUSION,Empowered Community Process,FUSION,pmc_empoweredcommunityprocess,pmc_processtype
FUSION,Empowered Community Process,FUSION,pmc_empoweredcommunityprocess,pmc_processtypename
FUSION,Empowered Community Process,FUSION,pmc_empoweredcommunityprocess,statecode
FUSION,Empowered Community Process,FUSION,pmc_empoweredcommunityprocess,statecodename
FUSION,Empowered Community Process,FUSION,pmc_empoweredcommunityprocess,statuscode
FUSION,Empowered Community Process,FUSION,pmc_empoweredcommunityprocess,statuscodename
FUSION,Empowered Community Process,FUSION,pmc_empoweredcommunityprocess,versionnumber
ESS,CDP Caseload Month End,ESS,CDP_Caseload_Month_End,Contract Referral Placement Id
ESS,CDP Caseload Month End,ESS,CDP_Caseload_Month_End,Contract Referral Placement Effective Start Date
ESS,CDP Caseload Month End,ESS,CDP_Caseload_Month_End,Contract Referral Placement Effective End Date
ESS,CDP Caseload Month End,ESS,CDP_Caseload_Month_End,Contract Referral Id
ESS,CDP Caseload Month End,ESS,CDP_Caseload_Month_End,Job Seeker Id
ESS,CDP Caseload Month End,ESS,CDP_Caseload_Month_End,Month End
ESS,CDP Caseload Month End,ESS,CDP_Caseload_Month_End,Is At Month End Caseload
ESS,CDP Caseload Month End,ESS,CDP_Caseload_Month_End,Is In Month Caseload
ESS,TWES ESAT,ESS,SUB847_JCA_ASSESSMENT_NIAA,JCAAssessmentId
ESS,CDP Job Seeker Assessment,ESS,SUB847_JCA_ASSESSMENT_NIAA,JCAAssessmentId
ESS,CDP Job Seeker Assessment,ESS,SUB847_JCA_ASSESSMENT_NIAA,JobSeekerId
ESS,TWES ESAT,ESS,SUB847_JCA_ASSESSMENT_NIAA,JobSeekerId
ESS,TWES ESAT,ESS,SUB847_JCA_ASSESSMENT_NIAA,IsActive
ESS,CDP Job Seeker Assessment,ESS,SUB847_JCA_ASSESSMENT_NIAA,IsActive
CRM,Engagement,CRM,pmc_organisationstructureunit,pmc_organisationstructureunitid
CRM,Engagement,CRM,pmc_organisationstructureunit,pmc_niaacode
ESS,CDP Job Seeker Assessment,ESS,SUB848_JCA_ASSESSMENT_VERSION_NIAA,JCAAssessmentId
ESS,TWES ESAT,ESS,SUB848_JCA_ASSESSMENT_VERSION_NIAA,JCAAssessmentId
ESS,CDP Job Seeker Assessment,ESS,SUB848_JCA_ASSESSMENT_VERSION_NIAA,InitialClassificationCode
ESS,CDP Job Seeker Assessment,ESS,SUB848_JCA_ASSESSMENT_VERSION_NIAA,EffectiveDate
ESS,CDP Job Seeker Assessment,ESS,SUB848_JCA_ASSESSMENT_VERSION_NIAA,AssessmentLocation
ESS,CDP Job Seeker Assessment,ESS,SUB848_JCA_ASSESSMENT_VERSION_NIAA,StartDate
ESS,CDP Job Seeker Assessment,ESS,SUB848_JCA_ASSESSMENT_VERSION_NIAA,StatusCode
ESS,TWES ESAT,ESS,SUB848_JCA_ASSESSMENT_VERSION_NIAA,StatusCode
ESS,TWES ESAT,ESS,SUB848_JCA_ASSESSMENT_VERSION_NIAA,StatusDate
ESS,CDP Job Seeker Assessment,ESS,SUB848_JCA_ASSESSMENT_VERSION_NIAA,StatusDate
ESS,CDP Job Seeker Assessment,ESS,SUB848_JCA_ASSESSMENT_VERSION_NIAA,FormTakenCode
ESS,CDP Job Seeker Assessment,ESS,SUB848_JCA_ASSESSMENT_VERSION_NIAA,SubmittedClassificationCode
ESS,TWES ESAT,ESS,SUB848_JCA_ASSESSMENT_VERSION_NIAA,SubmittedClassificationCode
ESS,CDP Job Seeker Assessment,ESS,SUB848_JCA_ASSESSMENT_VERSION_NIAA,LastAssessmentFlag
ESS,CDP Job Seeker Assessment,ESS,SUB848_JCA_ASSESSMENT_VERSION_NIAA,IsActive
ESS,TWES ESAT,ESS,SUB848_JCA_ASSESSMENT_VERSION_NIAA,IsActive
FUSION,Elected Representative,FUSION,pmc_electedrepresentative,pmc_electedchambername
FUSION,Elected Representative,FUSION,pmc_electedrepresentative,pmc_electedrepresentativeid
FUSION,Elected Representative,FUSION,pmc_electedrepresentative,pmc_honorific
FUSION,Elected Representative,FUSION,pmc_electedrepresentative,pmc_name
FUSION,Elected Representative,FUSION,pmc_electedrepresentative,pmc_parliamentarytitle
FUSION,Elected Representative,FUSION,pmc_electedrepresentative,pmc_representative
FUSION,Elected Representative,FUSION,pmc_electedrepresentative,pmc_representativecontactidname
FUSION,Elected Representative,FUSION,pmc_electedrepresentative,pmc_representativeelectorate
FUSION,Elected Representative,FUSION,pmc_electedrepresentative,pmc_representativepartyidname
FUSION,Elected Representative,FUSION,pmc_electedrepresentative,pmc_representativestateterritoryname
FUSION,Elected Representative,FUSION,pmc_electedrepresentative,pmc_title
FUSION,Elected Representative,FUSION,pmc_electedrepresentative,pmc_yearelected
FUSION,Elected Representative,FUSION,pmc_electedrepresentative,statuscodename
ESS,CDP JSCI Classification,ESS,SUB849_JSCI_CLASSIFICATION_AIP_NIAA,JSCIClassificationId
ESS,TWES JSCI,ESS,SUB849_JSCI_CLASSIFICATION_AIP_NIAA,JSCIClassificationId
ESS,CDP JSCI Classification Question & Response,ESS,SUB849_JSCI_CLASSIFICATION_AIP_NIAA,JSCIClassificationId
ESS,CDP JSCI Classification Question & Response,ESS,SUB849_JSCI_CLASSIFICATION_AIP_NIAA,JobSeekerID
ESS,TWES JSCI,ESS,SUB849_JSCI_CLASSIFICATION_AIP_NIAA,JobSeekerID
ESS,CDP JSCI Classification,ESS,SUB849_JSCI_CLASSIFICATION_AIP_NIAA,JobSeekerID
ESS,TWES JSCI,ESS,SUB849_JSCI_CLASSIFICATION_AIP_NIAA,StatusCode
ESS,TWES JSCI,ESS,SUB849_JSCI_CLASSIFICATION_AIP_NIAA,ScoreAssessmentDate
ESS,TWES JSCI,ESS,SUB849_JSCI_CLASSIFICATION_AIP_NIAA,IsActive
ESS,CDP JSCI Classification Question & Response,ESS,SUB849_JSCI_CLASSIFICATION_AIP_NIAA,IsActive
ESS,CDP JSCI Classification,ESS,SUB849_JSCI_CLASSIFICATION_AIP_NIAA,IsActive
FUSION,Activity Approval Verification,FUSION,Grant Activity Funding,Grant Activity Id
FUSION,Grant Activity,FUSION,Grant Activity Funding,Grant Activity Id
FUSION,Grant Activity,FUSION,Grant Activity Funding,Funding Amount
FUSION,Activity Approval Verification,FUSION,Grant Activity Funding,Funding Amount
FUSION,Grant Activity,FUSION,Grant Activity Funding,Funds Released
GPS,Grant Application Financial,GPS,Fact_Application_Financial,%Dim_Application_Key
GPS,Grant Application Financial,GPS,Fact_Application_Financial,%Dim_Funding_Round_Key
GPS,Grant Application Financial,GPS,Fact_Application_Financial,%Dim_Application_Financial_Key
GPS,Grant Application Financial,GPS,Fact_Application_Financial,%Dim_Application_Programme_Key
GPS,Grant Application Financial,GPS,Fact_Application_Financial,FINANCIAL_YEAR_NAME
GPS,Grant Application Financial,GPS,Fact_Application_Financial,Application Funding Applied For Ex GST
GPS,Grant Application Financial,GPS,Fact_Application_Financial,Application Funding Amount Recommended Ex GST
ESS,TWES JSCI,ESS,SUB850_JSCI_CLASSIFICATION_NIAA,JSCIClassificationId
ESS,CDP JSCI Classification,ESS,SUB850_JSCI_CLASSIFICATION_NIAA,JSCIClassificationId
ESS,CDP JSCI Classification,ESS,SUB850_JSCI_CLASSIFICATION_NIAA,ClassificationAssessmentDateTime
ESS,CDP JSCI Classification,ESS,SUB850_JSCI_CLASSIFICATION_NIAA,StatusCode
ESS,CDP JSCI Classification,ESS,SUB850_JSCI_CLASSIFICATION_NIAA,StatusUpdatedDate
ESS,CDP JSCI Classification,ESS,SUB850_JSCI_CLASSIFICATION_NIAA,JSCIScore
ESS,TWES JSCI,ESS,SUB850_JSCI_CLASSIFICATION_NIAA,JSCIScore
ESS,CDP JSCI Classification,ESS,SUB850_JSCI_CLASSIFICATION_NIAA,ScoreAssessmentDate
ESS,CDP JSCI Classification,ESS,SUB850_JSCI_CLASSIFICATION_NIAA,JobSeekerId
ESS,TWES JSCI,ESS,SUB850_JSCI_CLASSIFICATION_NIAA,JobSeekerId
ESS,TWES JSCI,ESS,SUB850_JSCI_CLASSIFICATION_NIAA,ProcessCode
ESS,CDP JSCI Classification,ESS,SUB850_JSCI_CLASSIFICATION_NIAA,JSCIMethodCode
ESS,CDP JSCI Classification,ESS,SUB850_JSCI_CLASSIFICATION_NIAA,AssessmentSiteCode
ESS,CDP JSCI Classification,ESS,SUB850_JSCI_CLASSIFICATION_NIAA,IsActive
ESS,TWES JSCI,ESS,SUB850_JSCI_CLASSIFICATION_NIAA,IsActive
GPS,Organisaiton Indigeniety,GPS,Fact_Application_Info_Assessment_Detail,%Dim_Application_Key
GPS,Grant Application Location,GPS,Fact_Application_Info_Assessment_Detail,%Dim_Application_Key
GPS,Grant Application Location,GPS,Fact_Application_Info_Assessment_Detail,%Dim_Application_Info_Assessment_Detail_Key
GPS,Organisaiton Indigeniety,GPS,Fact_Application_Info_Assessment_Detail,%Dim_Application_Info_Assessment_Detail_Key
GeoASGS,LGA 2023 AUST WKT,GeoASGS,LGA_2023_AUST_GDA2020_Simplified,geom
GeoASGS,LGA 2023 AUST WKT,GeoASGS,LGA_2023_AUST_GDA2020_Simplified,qgs_fid
GeoASGS,LGA 2023 AUST,GeoASGS,LGA_2023_AUST_GDA2020_Simplified,qgs_fid
GeoASGS,LGA 2023 AUST,GeoASGS,LGA_2023_AUST_GDA2020_Simplified,id
GeoASGS,LGA 2023 AUST,GeoASGS,LGA_2023_AUST_GDA2020_Simplified,LGA_CODE_2023
GeoASGS,LGA 2023 AUST,GeoASGS,LGA_2023_AUST_GDA2020_Simplified,LGA_NAME_2023
GeoASGS,LGA 2023 AUST,GeoASGS,LGA_2023_AUST_GDA2020_Simplified,STATE_CODE_2021
GeoASGS,LGA 2023 AUST,GeoASGS,LGA_2023_AUST_GDA2020_Simplified,STATE_NAME_2021
GeoASGS,LGA 2023 AUST,GeoASGS,LGA_2023_AUST_GDA2020_Simplified,AUS_CODE_2021
GeoASGS,LGA 2023 AUST,GeoASGS,LGA_2023_AUST_GDA2020_Simplified,AUS_NAME_2021
GeoASGS,LGA 2023 AUST,GeoASGS,LGA_2023_AUST_GDA2020_Simplified,AREA_ALBERS_SQKM
GeoASGS,LGA 2023 AUST,GeoASGS,LGA_2023_AUST_GDA2020_Simplified,ASGS_LOCI_URI_2021
FUSION,Electorate,FUSION,pmc_electorate,pmc_buildregionalmanagerstring
FUSION,Electorate,FUSION,pmc_electorate,pmc_createelectorategroupname
FUSION,Electorate,FUSION,pmc_electorate,pmc_currentdataidname
FUSION,Electorate,FUSION,pmc_electorate,pmc_currentelectorategroupname
FUSION,Electorate,FUSION,pmc_electorate,pmc_currentmember
FUSION,Electorate,FUSION,pmc_electorate,pmc_dataloaddate
FUSION,Electorate,FUSION,pmc_electorate,pmc_demographicdetails
FUSION,Electorate,FUSION,pmc_electorate,pmc_demographicirseo
FUSION,Electorate,FUSION,pmc_electorate,pmc_demographicsuperscript
FUSION,Electorate,FUSION,pmc_electorate,pmc_electorateid
FUSION,Electorate,FUSION,pmc_electorate,pmc_electoratestatusname
FUSION,Electorate,FUSION,pmc_electorate,pmc_fundinggstexclcurrent
FUSION,Electorate,FUSION,pmc_electorate,pmc_fundinggstexclcurrent_base
FUSION,Electorate,FUSION,pmc_electorate,pmc_fundinggstexclcurrent_date
FUSION,Electorate,FUSION,pmc_electorate,pmc_fundinggstexclcurrent_state
FUSION,Electorate,FUSION,pmc_electorate,pmc_fundinggstexclexpired
FUSION,Electorate,FUSION,pmc_electorate,pmc_fundinggstexclexpired_base
FUSION,Electorate,FUSION,pmc_electorate,pmc_fundinggstexclexpired_date
FUSION,Electorate,FUSION,pmc_electorate,pmc_fundinggstexclexpired_state
FUSION,Electorate,FUSION,pmc_electorate,pmc_hideplussignname
FUSION,Electorate,FUSION,pmc_electorate,pmc_ministersofficecontact
FUSION,Electorate,FUSION,pmc_electorate,pmc_name
FUSION,Electorate,FUSION,pmc_electorate,pmc_numberofactivitiescurrent
FUSION,Electorate,FUSION,pmc_electorate,pmc_numberofactivitiescurrent_date
FUSION,Electorate,FUSION,pmc_electorate,pmc_numberofactivitiescurrent_state
FUSION,Electorate,FUSION,pmc_electorate,pmc_numberofactivitiesexpired
FUSION,Electorate,FUSION,pmc_electorate,pmc_numberofactivitiesexpired_date
FUSION,Electorate,FUSION,pmc_electorate,pmc_numberofactivitiesexpired_state
FUSION,Electorate,FUSION,pmc_electorate,pmc_numberoforganisations
FUSION,Electorate,FUSION,pmc_electorate,pmc_numberoforgs_date
FUSION,Electorate,FUSION,pmc_electorate,pmc_numberoforgs_state
FUSION,Electorate,FUSION,pmc_electorate,pmc_programmenote
FUSION,Electorate,FUSION,pmc_electorate,pmc_publish
FUSION,Electorate,FUSION,pmc_electorate,pmc_publishname
FUSION,Electorate,FUSION,pmc_electorate,pmc_regionalmanager
FUSION,Electorate,FUSION,pmc_electorate,pmc_runfunction
FUSION,Electorate,FUSION,pmc_electorate,pmc_sourcesystemname
FUSION,Electorate,FUSION,pmc_electorate,pmc_stateterritoryname
FUSION,Electorate,FUSION,pmc_electorate,pmc_validasat
FUSION,Electorate,FUSION,pmc_electorate,statuscodename
ESS,CDP JSCI Classification Question & Response,ESS,SUB851_JSCI_QUESTION_NIAA,JSCIQuestionId
ESS,CDP JSCI Classification Question & Response,ESS,SUB851_JSCI_QUESTION_NIAA,QuestionCode
ESS,CDP JSCI Classification Question & Response,ESS,SUB851_JSCI_QUESTION_NIAA,JSCIClassificationId
ESS,CDP JSCI Classification Question & Response,ESS,SUB851_JSCI_QUESTION_NIAA,IsActive
ESS,CDP JSCI Classification Question & Response,ESS,SUB852_JSCI_RESPONSE_NIAA,JSCIResponseId
ESS,CDP JSCI Classification Question & Response,ESS,SUB852_JSCI_RESPONSE_NIAA,JSCIQuestionId
ESS,CDP JSCI Classification Question & Response,ESS,SUB852_JSCI_RESPONSE_NIAA,ResponseCode
ESS,CDP JSCI Classification Question & Response,ESS,SUB852_JSCI_RESPONSE_NIAA,IsActive
FUSION,Activity Linking Table,FUSION,Grant Application,Grant Application Id
FUSION,Activity Approval Verification - not linked,FUSION,Grant Application,Grant Application Id
NIAA,vw_Rangers_Activity_Staging,FUSION,Grant Application,Grant Application Id
GRANTS,Activity Approval,FUSION,Grant Application,Grant Application Id
GRANTS,Funding Decision,FUSION,Grant Application,Grant Application Id
NIAA,vw_Rangers_Activity_Staging,FUSION,Grant Application,Funding Round Id
FUSION,Activity Approval Verification - not linked,FUSION,Grant Application,Organisation Id
GRANTS,Funding Decision,FUSION,Grant Application,Organisation Id
FUSION,Activity Linking Table,FUSION,Grant Application,PMC Region Id
FUSION,Activity Linking Table,FUSION,Grant Application,Grants Management Unit Id
FUSION,Activity Linking Table,FUSION,Grant Application,Grant Application
FUSION,Activity Approval Verification - not linked,FUSION,Grant Application,Grant Application
GRANTS,Funding Decision,FUSION,Grant Application,Grant Application
GRANTS,Activity Approval,FUSION,Grant Application,Grant Application
FUSION,Activity Approval Verification - not linked,FUSION,Grant Application,FOFMS Status Change
NIAA,vw_Rangers_Activity_Staging,FUSION,Grant Application,Received Date
FUSION,Activity Approval Verification - not linked,FUSION,Grant Application,Funding Approved Ex GST
FUSION,Electorate Activity Summary,FUSION,pmc_electorateactivitysummary,pmc_activitydurationmonths
FUSION,Electorate Activity Summary,FUSION,pmc_electorateactivitysummary,pmc_activityenddate
FUSION,Electorate Activity Summary,FUSION,pmc_electorateactivitysummary,pmc_activityid
FUSION,Electorate Activity Summary,FUSION,pmc_electorateactivitysummary,pmc_activitystartdate
FUSION,Electorate Activity Summary,FUSION,pmc_electorateactivitysummary,pmc_activitytitle
FUSION,Electorate Activity Summary,FUSION,pmc_electorateactivitysummary,pmc_activitytypename
FUSION,Electorate Activity Summary,FUSION,pmc_electorateactivitysummary,pmc_activityvalue_base
FUSION,Electorate Activity Summary,FUSION,pmc_electorateactivitysummary,pmc_agencyregionid
FUSION,Electorate Activity Summary,FUSION,pmc_electorateactivitysummary,pmc_agencyregionidname
FUSION,Electorate Activity Summary,FUSION,pmc_electorateactivitysummary,pmc_agreementactivityid
FUSION,Electorate Activity Summary,FUSION,pmc_electorateactivitysummary,pmc_agreementactivityidname
FUSION,Electorate Activity Summary,FUSION,pmc_electorateactivitysummary,pmc_electorateactivitysummaryid
FUSION,Electorate Activity Summary,FUSION,pmc_electorateactivitysummary,pmc_electorateid
FUSION,Electorate Activity Summary,FUSION,pmc_electorateactivitysummary,pmc_electorateprogrammeid
FUSION,Electorate Activity Summary,FUSION,pmc_electorateactivitysummary,pmc_electoratesummaryid
FUSION,Electorate Activity Summary,FUSION,pmc_electorateactivitysummary,pmc_name
FUSION,Electorate Activity Summary,FUSION,pmc_electorateactivitysummary,pmc_organisationid
FUSION,Electorate Activity Summary,FUSION,pmc_electorateactivitysummary,pmc_programmeid
FUSION,Electorate Activity Summary,FUSION,pmc_electorateactivitysummary,pmc_reference
FUSION,Electorate Activity Summary,FUSION,pmc_electorateactivitysummary,pmc_roundid
FUSION,Electorate Activity Summary,FUSION,pmc_electorateactivitysummary,pmc_roundidname
FUSION,Electorate Activity Summary,FUSION,pmc_electorateactivitysummary,pmc_sourceorganisationid
FUSION,Electorate Activity Summary,FUSION,pmc_electorateactivitysummary,statuscodename
ESS,TWES Transition Plan,ESS,SUB853_PTW5_TRANSITION_PLAN_NIAA,EXTRACT_DATE
ESS,TWES Transition Plan,ESS,SUB853_PTW5_TRANSITION_PLAN_NIAA,JskTimeToWorkTransPlanId
ESS,TWES Transition Plan,ESS,SUB853_PTW5_TRANSITION_PLAN_NIAA,JobSeekerId
ESS,TWES Transition Plan,ESS,SUB853_PTW5_TRANSITION_PLAN_NIAA,StartDate
ESS,TWES Transition Plan,ESS,SUB853_PTW5_TRANSITION_PLAN_NIAA,EndDate
ESS,TWES Transition Plan,ESS,SUB853_PTW5_TRANSITION_PLAN_NIAA,Status
ESS,TWES Transition Plan,ESS,SUB853_PTW5_TRANSITION_PLAN_NIAA,ApprovalOutcomeCode
ESS,TWES Transition Plan,ESS,SUB853_PTW5_TRANSITION_PLAN_NIAA,StatusEffectiveDate
ESS,TWES Transition Plan,ESS,SUB853_PTW5_TRANSITION_PLAN_NIAA,Focus
ESS,TWES Transition Plan,ESS,SUB853_PTW5_TRANSITION_PLAN_NIAA,Accommodation
ESS,TWES Transition Plan,ESS,SUB853_PTW5_TRANSITION_PLAN_NIAA,WorkEducation
ESS,TWES Transition Plan,ESS,SUB853_PTW5_TRANSITION_PLAN_NIAA,ThroughServicing
ESS,TWES Transition Plan,ESS,SUB853_PTW5_TRANSITION_PLAN_NIAA,ParoleCondition
ESS,TWES Transition Plan,ESS,SUB853_PTW5_TRANSITION_PLAN_NIAA,PostReleaseService
ESS,TWES Transition Plan,ESS,SUB853_PTW5_TRANSITION_PLAN_NIAA,Comments
ESS,TWES Transition Plan,ESS,SUB853_PTW5_TRANSITION_PLAN_NIAA,ContractReferralId
ESS,TWES Transition Plan,ESS,SUB853_PTW5_TRANSITION_PLAN_NIAA,CreatedBy
ESS,TWES Transition Plan,ESS,SUB853_PTW5_TRANSITION_PLAN_NIAA,CreatedOn
ESS,TWES Transition Plan,ESS,SUB853_PTW5_TRANSITION_PLAN_NIAA,UpdatedBy
ESS,TWES Transition Plan,ESS,SUB853_PTW5_TRANSITION_PLAN_NIAA,UpdatedOn
ESS,TWES Transition Plan,ESS,SUB853_PTW5_TRANSITION_PLAN_NIAA,IsActive
FUSION,Application Assessment Criteria,FUSION,pmc_applicationassessmentcriteria,pmc_aacid
FUSION,Application Assessment Criteria,FUSION,pmc_applicationassessmentcriteria,pmc_applicationassessmentcriteriaid
FUSION,Application Assessment Criteria,FUSION,pmc_applicationassessmentcriteria,pmc_assessment
FUSION,Application Assessment Criteria,FUSION,pmc_applicationassessmentcriteria,pmc_assessmentname
FUSION,Application Assessment Criteria,FUSION,pmc_applicationassessmentcriteria,pmc_assessmentresult
FUSION,Application Assessment Criteria,FUSION,pmc_applicationassessmentcriteria,pmc_criteria
FUSION,Application Assessment Criteria,FUSION,pmc_applicationassessmentcriteria,pmc_guidelines
FUSION,Application Assessment Criteria,FUSION,pmc_applicationassessmentcriteria,pmc_justification
FUSION,Application Assessment Criteria,FUSION,pmc_applicationassessmentcriteria,pmc_name
FUSION,Application Assessment Criteria,FUSION,pmc_applicationassessmentcriteria,pmc_response
FUSION,Application Assessment Criteria,FUSION,pmc_applicationassessmentcriteria,statecodename
FUSION,Application Assessment Criteria,FUSION,pmc_applicationassessmentcriteria,statuscodename
FUSION,Application Assessment Criteria,FUSION,pmc_applicationassessmentcriteria,createdon
FUSION,Application Assessment Criteria,FUSION,pmc_applicationassessmentcriteria,modifiedon
GPS,Grant Application Note,GPS,Fact_Application_Note,%Dim_Application_Key
GPS,Grant Application Note,GPS,Fact_Application_Note,%Dim_Application_Note_Key
IPP,Qpr Supply Chain Subcontractor Join Qpr Join Contract Notice,IPP,pmc_qpr,pmc_qpracknowledgeddate
IPP,Qpr Supply Chain Subcontractor Join Qpr Join Contract Notice,IPP,pmc_qpr,pmc_qprcontract
IPP,Qpr Supply Chain Subcontractor Join Qpr Join Contract Notice,IPP,pmc_qpr,pmc_qprid
IPP,Qpr Supply Chain Subcontractor Join Qpr Join Contract Notice,IPP,pmc_qpr,pmc_qprquarter
GPS,Milestone Overdue Month,GPS,Grant Activity Milestone - Old,Activity PBS Program
GPS,Milestone Overdue Month,GPS,Grant Activity Milestone - Old,Activity Status
GPS,Milestone Overdue Month,GPS,Grant Activity Milestone - Old,Milestone Id
GPS,Milestone Overdue Month,GPS,Grant Activity Milestone - Old,Milestone Status
GPS,Milestone Overdue Month,GPS,Grant Activity Milestone - Old,Milestone Payment Mode
GPS,Milestone Overdue Month,GPS,Grant Activity Milestone - Old,Milestone Expected Due Date
GPS,Milestone Overdue Month,GPS,Grant Activity Milestone - Old,Milestone Completion Date
GPS,Milestone Overdue Month,GPS,Grant Activity Milestone - Old,Activity Execution State
NIAA,vw_RangerApp_Current,NIAA,vw_Rangers_Activity_Staging,Activity Id
NIAA,vw_RangerApp_Current,NIAA,vw_Rangers_Activity_Staging,Organisation Id
NIAA,vw_RangerApp_Current,NIAA,vw_Rangers_Activity_Staging,Organisation ABN
NIAA,vw_RangerApp_Current,NIAA,vw_Rangers_Activity_Staging,Organisation Legal Name
NIAA,vw_RangerApp_Current,NIAA,vw_Rangers_Activity_Staging,Activity Title
NIAA,vw_RangerApp_Current,NIAA,vw_Rangers_Activity_Staging,Managing Office - Activity
NIAA,vw_RangerApp_Current,NIAA,vw_Rangers_Activity_Staging,Activity Status
NIAA,vw_RangerApp_Current,NIAA,vw_Rangers_Activity_Staging,Activity Start Date
NIAA,vw_RangerApp_Current,NIAA,vw_Rangers_Activity_Staging,Activity End Date
NIAA,vw_RangerApp_Current,NIAA,vw_Rangers_Activity_Staging,Ministerial/Delegate Funding Approved By
NIAA,vw_RangerApp_Current,NIAA,vw_Rangers_Activity_Staging,Ministerial/Delegate Funding Approved Date
NIAA,vw_RangerApp_Current,NIAA,vw_Rangers_Activity_Staging,Activity Approved Date
NIAA,vw_RangerApp_Current,NIAA,vw_Rangers_Activity_Staging,Activity IMPACT PO Id
NIAA,vw_RangerApp_Current,NIAA,vw_Rangers_Activity_Staging,Funding Round Name
NIAA,vw_RangerApp_Current,NIAA,vw_Rangers_Activity_Staging,Agreement PBS Program Name
NIAA,vw_RangerApp_Current,NIAA,vw_Rangers_Activity_Staging,Sub Program Component
NIAA,vw_RangerApp_Current,NIAA,vw_Rangers_Activity_Staging,Activity Manager
NIAA,vw_RangerApp_Current,NIAA,vw_Rangers_Activity_Staging,Activity Manager Email
NIAA,vw_RangerApp_Current,NIAA,vw_Rangers_Activity_Staging,Managing Office - Program Schedule
NIAA,vw_RangerApp_Current,NIAA,vw_Rangers_Activity_Staging,Contact Id
NIAA,vw_RangerApp_Current,NIAA,vw_Rangers_Activity_Staging,Contact Activity Start Date
NIAA,vw_RangerApp_Current,NIAA,vw_Rangers_Activity_Staging,Contact Activity End Date
NIAA,vw_RangerApp_Current,NIAA,vw_Rangers_Activity_Staging,Primary Contact Flag
NIAA,vw_RangerApp_Current,NIAA,vw_Rangers_Activity_Staging,Activity Contact First Name
NIAA,vw_RangerApp_Current,NIAA,vw_Rangers_Activity_Staging,Activity Contact Last Name
NIAA,vw_RangerApp_Current,NIAA,vw_Rangers_Activity_Staging,Contact Full Name
NIAA,vw_RangerApp_Current,NIAA,vw_Rangers_Activity_Staging,Contact Email
NIAA,vw_RangerApp_Current,NIAA,vw_Rangers_Activity_Staging,Contact Phone
NIAA,vw_RangerApp_Current,NIAA,vw_Rangers_Activity_Staging,Contact Position Role
NIAA,vw_RangerApp_Current,NIAA,vw_Rangers_Activity_Staging,Contact Position Type
NIAA,vw_RangerApp_Current,NIAA,vw_Rangers_Activity_Staging,Engagement Office
NIAA,vw_RangerApp_Current,NIAA,vw_Rangers_Activity_Staging,Engagement Officer
NIAA,vw_RangerApp_Current,NIAA,vw_Rangers_Activity_Staging,Engagement Officer Email
GPS,Grant Application Service Area,GPS,Fact_Application_Service_Area,%Dim_Application_Key
GPS,Grant Application Service Area,GPS,Fact_Application_Service_Area,%Dim_Application_Service_Area_Key
Forms,Form Comments,Forms,GenericFormComment,Id
Forms,Form Comments,Forms,GenericFormComment,Form Id
Forms,Form Comments,Forms,GenericFormComment,Comment Category
Forms,Form Comments,Forms,GenericFormComment,Comments
Forms,Form Comments,Forms,GenericFormComment,Application
Forms,Form Comments,Forms,GenericFormComment,CreatedBy
Forms,Form Comments,Forms,GenericFormComment,ChangedBy
Forms,Form Comments,Forms,GenericFormComment,ChangeDate
Forms,Form Comments,Forms,GenericFormComment,Deleted
Forms,Form Comments,Forms,GenericFormComment,DateCreated
FUSION,Electorate PMC Region,FUSION,pmc_electorateassociatedregions,pmc_agencyregion
FUSION,Electorate PMC Region,FUSION,pmc_electorateassociatedregions,pmc_agencyregionname
FUSION,Electorate PMC Region,FUSION,pmc_electorateassociatedregions,pmc_electorate
FUSION,Electorate PMC Region,FUSION,pmc_electorateassociatedregions,pmc_electorateassociatedregionsid
FUSION,Electorate PMC Region,FUSION,pmc_electorateassociatedregions,pmc_name
FUSION,Electorate PMC Region,FUSION,pmc_electorateassociatedregions,pmc_regionalmanager
FUSION,Electorate PMC Region,FUSION,pmc_electorateassociatedregions,pmc_regionalmanagerbusinessphone
FUSION,Electorate PMC Region,FUSION,pmc_electorateassociatedregions,pmc_regionalmanagermobilephone
FUSION,Electorate PMC Region,FUSION,pmc_electorateassociatedregions,statuscodename
GPS,Grant Activity Financial,GPS,Dim_Programme_Schedule_Activity,%Dim_Programme_Schedule_Activity_Key
GPS,Program Schedule,GPS,Dim_Programme_Schedule_Activity,%Dim_Programme_Schedule_Activity_Key
GPS,Grant Activity Milestone Derived History,GPS,Dim_Programme_Schedule_Activity,%Dim_Programme_Schedule_Activity_Key
GPS,Grant Activity Acquittal,GPS,Dim_Programme_Schedule_Activity,%Dim_Programme_Schedule_Activity_Key
GPS,Grant Activity Missing Milestone,GPS,Dim_Programme_Schedule_Activity,%Dim_Programme_Schedule_Activity_Key
GPS,Grant Activity Missing Milestone - Old,GPS,Dim_Programme_Schedule_Activity,%Dim_Programme_Schedule_Activity_Key
GPS,Grant Activity Acquittal Item,GPS,Dim_Programme_Schedule_Activity,%Dim_Programme_Schedule_Activity_Key
GPS,Grant Activity Performance,GPS,Dim_Programme_Schedule_Activity,%Dim_Programme_Schedule_Activity_Key
GRANTS,Activity Execution Date,GPS,Dim_Programme_Schedule_Activity,%Dim_Programme_Schedule_Activity_Key
GPS,Grant Activity Performance Item,GPS,Dim_Programme_Schedule_Activity,%Dim_Programme_Schedule_Activity_Key
GPS,Grant Activity Milestone,GPS,Dim_Programme_Schedule_Activity,%Dim_Programme_Schedule_Activity_Key
NIAA,vw_Rangers_Activity_Staging,GPS,Dim_Programme_Schedule_Activity,%Dim_Programme_Schedule_Activity_Key
GPS,Grant Activity,GPS,Dim_Programme_Schedule_Activity,%Dim_Programme_Schedule_Activity_Key
FUSION,Grant Activity,GPS,Dim_Programme_Schedule_Activity,%Dim_Programme_Schedule_Activity_Key
GPS,Grant Activity Contact,GPS,Dim_Programme_Schedule_Activity,%Dim_Programme_Schedule_Activity_Key
GPS,Grant Activity Contact,GPS,Dim_Programme_Schedule_Activity,Activity Id
GPS,Grant Activity Missing Milestone Derived History,GPS,Dim_Programme_Schedule_Activity,Activity Id
FUSION,Grant Activity,GPS,Dim_Programme_Schedule_Activity,Activity Id
GPS,Grant Activity,GPS,Dim_Programme_Schedule_Activity,Activity Id
NIAA,vw_Rangers_Activity_Staging,GPS,Dim_Programme_Schedule_Activity,Activity Id
GPS,Grant Activity Milestone,GPS,Dim_Programme_Schedule_Activity,Activity Id
GPS,Grant Activity Performance Item,GPS,Dim_Programme_Schedule_Activity,Activity Id
GRANTS,Activity Execution Date,GPS,Dim_Programme_Schedule_Activity,Activity Id
GPS,Grant Activity Performance,GPS,Dim_Programme_Schedule_Activity,Activity Id
GPS,Grant Activity Missing Milestone - Old,GPS,Dim_Programme_Schedule_Activity,Activity Id
GPS,Grant Activity Missing Milestone,GPS,Dim_Programme_Schedule_Activity,Activity Id
GPS,Grant Activity Acquittal,GPS,Dim_Programme_Schedule_Activity,Activity Id
GPS,Program Schedule,GPS,Dim_Programme_Schedule_Activity,Activity Id
GPS,Grant Activity Financial,GPS,Dim_Programme_Schedule_Activity,Activity Id
GPS,Grant Activity,GPS,Dim_Programme_Schedule_Activity,Activity Created Date
GPS,Grant Activity,GPS,Dim_Programme_Schedule_Activity,Activity End Reason
GPS,Grant Activity,GPS,Dim_Programme_Schedule_Activity,Activity Executed Date
FUSION,Grant Activity,GPS,Dim_Programme_Schedule_Activity,Activity Executed Date
GRANTS,Activity Execution Date,GPS,Dim_Programme_Schedule_Activity,Activity Executed Date
GPS,Grant Activity Acquittal Item,GPS,Dim_Programme_Schedule_Activity,Activity Execution State
GPS,Grant Activity,GPS,Dim_Programme_Schedule_Activity,Activity Execution State
GPS,Grant Activity Missing Milestone,GPS,Dim_Programme_Schedule_Activity,Activity Execution State
GPS,Grant Activity Missing Milestone - Old,GPS,Dim_Programme_Schedule_Activity,Activity Execution State
GPS,Grant Activity,GPS,Dim_Programme_Schedule_Activity,Activity External Reporting Purpose
GPS,Grant Activity,GPS,Dim_Programme_Schedule_Activity,Ministerial/Delegate Funding Approved By
NIAA,vw_Rangers_Activity_Staging,GPS,Dim_Programme_Schedule_Activity,Ministerial/Delegate Funding Approved By
NIAA,vw_Rangers_Activity_Staging,GPS,Dim_Programme_Schedule_Activity,Ministerial/Delegate Funding Approved Date
GPS,Grant Activity,GPS,Dim_Programme_Schedule_Activity,Ministerial/Delegate Funding Approved Date
GPS,Grant Activity,GPS,Dim_Programme_Schedule_Activity,Activity SACS Cost Centre
GPS,Grant Activity,GPS,Dim_Programme_Schedule_Activity,Activity SACS GL Code
GPS,Grant Activity,GPS,Dim_Programme_Schedule_Activity,Managing Office - Activity
NIAA,vw_Rangers_Activity_Staging,GPS,Dim_Programme_Schedule_Activity,Managing Office - Activity
GPS,Grant Activity,GPS,Dim_Programme_Schedule_Activity,Activity Tax Code
GPS,Grant Activity,GPS,Dim_Programme_Schedule_Activity,Activity Approved Date
NIAA,vw_Rangers_Activity_Staging,GPS,Dim_Programme_Schedule_Activity,Activity Approved Date
NIAA,vw_Rangers_Activity_Staging,GPS,Dim_Programme_Schedule_Activity,Activity IMPACT PO Id
GPS,Grant Activity,GPS,Dim_Programme_Schedule_Activity,Activity IMPACT PO Id
GPS,Grant Activity Milestone,GPS,Dim_Programme_Schedule_Activity,Activity IMPACT PO Id
GPS,Grant Activity Missing Milestone - Old,GPS,Dim_Programme_Schedule_Activity,Activity IMPACT PO Id
GPS,Grant Activity Missing Milestone,GPS,Dim_Programme_Schedule_Activity,Activity IMPACT PO Id
GPS,Grant Activity,GPS,Dim_Programme_Schedule_Activity,Activity Title
NIAA,vw_Rangers_Activity_Staging,GPS,Dim_Programme_Schedule_Activity,Activity Title
NIAA,vw_Rangers_Activity_Staging,GPS,Dim_Programme_Schedule_Activity,Activity Status
GPS,Grant Activity,GPS,Dim_Programme_Schedule_Activity,Activity Status
GPS,Grant Activity Milestone,GPS,Dim_Programme_Schedule_Activity,Activity Status
GPS,Grant Activity Missing Milestone Derived History,GPS,Dim_Programme_Schedule_Activity,Activity Status
GPS,Grant Activity Missing Milestone,GPS,Dim_Programme_Schedule_Activity,Activity Status
GPS,Grant Activity Milestone Derived History,GPS,Dim_Programme_Schedule_Activity,Activity Status
GPS,Grant Activity Milestone Derived History,GPS,Dim_Programme_Schedule_Activity,Activity Status Effective From Date
GPS,Grant Activity Missing Milestone Derived History,GPS,Dim_Programme_Schedule_Activity,Activity Status Effective From Date
GPS,Grant Activity,GPS,Dim_Programme_Schedule_Activity,Activity Approval Delegate
GPS,Grant Activity,GPS,Dim_Programme_Schedule_Activity,LEGAL_ENTITY_ID
NIAA,vw_Rangers_Activity_Staging,GPS,Dim_Programme_Schedule_Activity,LEGAL_ENTITY_ID
GPS,Grant Activity,GPS,Dim_Programme_Schedule_Activity,Activity Application ID
GPS,Organisation Bank Account,GPS,Dim_Programme_Schedule_Activity,Party Bank Account ID
GPS,Program Schedule,GPS,Dim_Programme_Schedule_Activity,Party Bank Account ID
GPS,Grant Activity,GPS,Dim_Programme_Schedule_Activity,Activity Selection Strategy
GPS,Grant Activity,GPS,Dim_Programme_Schedule_Activity,Activity Long Description
GPS,Grant Activity,GPS,Dim_Programme_Schedule_Activity,Activity End Date
NIAA,vw_Rangers_Activity_Staging,GPS,Dim_Programme_Schedule_Activity,Activity End Date
GPS,Grant Activity Milestone,GPS,Dim_Programme_Schedule_Activity,Activity End Date
NIAA,vw_Rangers_Activity_Staging,GPS,Dim_Programme_Schedule_Activity,Activity Start Date
GPS,Grant Activity,GPS,Dim_Programme_Schedule_Activity,Activity Start Date
SCSO,Mail Merge,GPS,Grant Activity,Activity Id
GRANTS,Activity Approval,GPS,Grant Activity,Activity Id
GRANTS,Activity Approval,GPS,Grant Activity,Organisation Id
SCSO,Mail Merge,GPS,Grant Activity,Organisation Id
NIAA,xOrganisation Debt,GPS,Grant Activity,Organisation Id
GRANTS,Activity Approval,GPS,Grant Activity,Activity Application ID
GRANTS,Activity Approval,GPS,Grant Activity,Activity Created Date
GRANTS,Activity Approval,GPS,Grant Activity,Activity Title
SCSO,Mail Merge,GPS,Grant Activity,Managing Office - Activity
GRANTS,Activity Approval,GPS,Grant Activity,Activity Start Date
GRANTS,Activity Approval,GPS,Grant Activity,Activity Execution State
SCSO,Mail Merge,GPS,Grant Activity,Managing Office - Program Schedule
ESS,CDP Grant Estimated Expenditure FY,Forms,CDP_Claim_Type_Override,Grant Identifier
ESS,CDP Claim,Forms,CDP_Claim_Type_Override,Grant Identifier
ESS,CDP Claim,Forms,CDP_Claim_Type_Override,Claim Id
ESS,CDP Grant Estimated Expenditure FY,Forms,CDP_Claim_Type_Override,Claim Id
ESS,CDP Claim,Forms,CDP_Claim_Type_Override,Claim Override Type Code
ESS,CDP Claim,Forms,CDP_Claim_Type_Override,Claim Override Type
ESS,CDP Claim,Forms,CDP_Claim_Type_Override,Deleted
ESS,CDP Grant Estimated Expenditure FY,Forms,CDP_Claim_Type_Override,Deleted
CTG,Grant Activity - Closing the Gap,CTG,Closing the Gap Mapping,Program Id
CTG,Grant Activity - Closing the Gap,CTG,Closing the Gap Mapping,Level 1
CTG,Grant Activity - Closing the Gap,CTG,Closing the Gap Mapping,Level 2
CTG,Grant Activity - Closing the Gap,CTG,Closing the Gap Mapping,Level 3
CTG,Grant Activity - Closing the Gap,CTG,Closing the Gap Mapping,CTG Primary Target
ESS,CDP API Subs Data Currency,ESS,DataCurrency,ProcessingDate
ESS,CDP API Subs Data Currency,ESS,DataCurrency,TableName
ESS,CDP API Subs Data Currency,ESS,DataCurrency,ColumnName
ESS,CDP API Subs Data Currency,ESS,DataCurrency,MaxValue
FUSION,Application Assessment Criteria for Decision,FUSION,pmc_applicationassessmentcriteriafordecision,pmc_applicationassessmentcriteriadecisionid
FUSION,Application Assessment Criteria for Decision,FUSION,pmc_applicationassessmentcriteriafordecision,pmc_applicationassessmentcriteriafordecisionid
FUSION,Application Assessment Criteria for Decision,FUSION,pmc_applicationassessmentcriteriafordecision,pmc_applicationassessmentcriteriaid
FUSION,Application Assessment Criteria for Decision,FUSION,pmc_applicationassessmentcriteriafordecision,pmc_applicationassessmentcriteriaidname
FUSION,Application Assessment Criteria for Decision,FUSION,pmc_applicationassessmentcriteriafordecision,pmc_assessmentfordecisionid
FUSION,Application Assessment Criteria for Decision,FUSION,pmc_applicationassessmentcriteriafordecision,pmc_assessmentfordecisionidname
FUSION,Application Assessment Criteria for Decision,FUSION,pmc_applicationassessmentcriteriafordecision,pmc_name
FUSION,Application Assessment Criteria for Decision,FUSION,pmc_applicationassessmentcriteriafordecision,pmc_rephrasedjustification
FUSION,Application Assessment Criteria for Decision,FUSION,pmc_applicationassessmentcriteriafordecision,statecodename
FUSION,Application Assessment Criteria for Decision,FUSION,pmc_applicationassessmentcriteriafordecision,statuscodename
FUSION,Application Assessment Criteria for Decision,FUSION,pmc_applicationassessmentcriteriafordecision,createdon
FUSION,Application Assessment Criteria for Decision,FUSION,pmc_applicationassessmentcriteriafordecision,modifiedon
GPS,Grant Application Service Provided,GPS,Fact_Application_Service_Provided,%Dim_Application_Key
GPS,Grant Application Service Provided,GPS,Fact_Application_Service_Provided,%Dim_Legal_Entity_Organisation_Key
GPS,Grant Application Service Provided,GPS,Fact_Application_Service_Provided,%Dim_Application_Service_Provided_Key
GPS,Grant Application Service Provided,GPS,Fact_Application_Service_Provided,%Dim_Programme_Key
GPS,Grant Application Service Provided,GPS,Fact_Application_Service_Provided,Application Service Provided Funding Amount Ex GST
NIAA,ILOC 2021 - NIAA SUBREGION 2022,NIAA,ILOC_2021_NIAA_SUBREGION_2022,ILOC_CODE_2021
NIAA,ILOC 2021 - NIAA SUBREGION 2022,NIAA,ILOC_2021_NIAA_SUBREGION_2022,ILOC_NAME_2021
NIAA,ILOC 2021 - NIAA SUBREGION 2022,NIAA,ILOC_2021_NIAA_SUBREGION_2022,NIAA_SUBREGION_2022
NIAA,ILOC 2021 - NIAA SUBREGION 2022,NIAA,ILOC_2021_NIAA_SUBREGION_2022,NIAA_REGION_2022
FUSION,Performance Report Assessment,FUSION,pmc_performancereportassessment,pmc_activityupdated
FUSION,Performance Report Assessment,FUSION,pmc_performancereportassessment,pmc_activityupdatedname
FUSION,Performance Report Assessment,FUSION,pmc_performancereportassessment,pmc_approvalcomments
FUSION,Performance Report Assessment,FUSION,pmc_performancereportassessment,pmc_approvalcomplete
FUSION,Performance Report Assessment,FUSION,pmc_performancereportassessment,pmc_approvalcompletename
FUSION,Performance Report Assessment,FUSION,pmc_performancereportassessment,pmc_approvedon
FUSION,Performance Report Assessment,FUSION,pmc_performancereportassessment,pmc_approverclassification
FUSION,Performance Report Assessment,FUSION,pmc_performancereportassessment,pmc_approverid
FUSION,Performance Report Assessment,FUSION,pmc_performancereportassessment,pmc_approveridname
FUSION,Performance Report Assessment,FUSION,pmc_performancereportassessment,pmc_approverlocation
FUSION,Performance Report Assessment,FUSION,pmc_performancereportassessment,pmc_assessedon
FUSION,Performance Report Assessment,FUSION,pmc_performancereportassessment,pmc_assessmentapproved
FUSION,Performance Report Assessment,FUSION,pmc_performancereportassessment,pmc_assessmentapprovedname
FUSION,Performance Report Assessment,FUSION,pmc_performancereportassessment,pmc_assessmentcomplete
FUSION,Performance Report Assessment,FUSION,pmc_performancereportassessment,pmc_assessmentcompletename
FUSION,Performance Report Assessment,FUSION,pmc_performancereportassessment,pmc_assessorid
FUSION,Performance Report Assessment,FUSION,pmc_performancereportassessment,pmc_assessoridname
FUSION,Performance Report Assessment,FUSION,pmc_performancereportassessment,pmc_assessorname
FUSION,Performance Report Assessment,FUSION,pmc_performancereportassessment,pmc_bpfdirection
FUSION,Performance Report Assessment,FUSION,pmc_performancereportassessment,pmc_engagementofficer
FUSION,Performance Report Assessment,FUSION,pmc_performancereportassessment,pmc_engagementofficercomments
FUSION,Performance Report Assessment,FUSION,pmc_performancereportassessment,pmc_engagementofficerinputrequired
FUSION,Performance Report Assessment,FUSION,pmc_performancereportassessment,pmc_engagementofficerinputrequiredname
FUSION,Performance Report Assessment,FUSION,pmc_performancereportassessment,pmc_engagementofficername
FUSION,Performance Report Assessment,FUSION,pmc_performancereportassessment,pmc_gpsupdatesfinalisedon
FUSION,Performance Report Assessment,FUSION,pmc_performancereportassessment,pmc_grantactivityid
FUSION,Performance Report Assessment,FUSION,pmc_performancereportassessment,pmc_identifiedactions
FUSION,Performance Report Assessment,FUSION,pmc_performancereportassessment,pmc_kpiassessmentnotes
FUSION,Performance Report Assessment,FUSION,pmc_performancereportassessment,pmc_lessonslearned
FUSION,Performance Report Assessment,FUSION,pmc_performancereportassessment,pmc_milestonepaymentapplicable
FUSION,Performance Report Assessment,FUSION,pmc_performancereportassessment,pmc_milestonepaymentapplicablename
FUSION,Performance Report Assessment,FUSION,pmc_performancereportassessment,pmc_name
FUSION,Performance Report Assessment,FUSION,pmc_performancereportassessment,pmc_organisationid
FUSION,Performance Report Assessment,FUSION,pmc_performancereportassessment,pmc_overallprogress
FUSION,Performance Report Assessment,FUSION,pmc_performancereportassessment,pmc_paymentapprovalcomments
FUSION,Performance Report Assessment,FUSION,pmc_performancereportassessment,pmc_paymentapproved
FUSION,Performance Report Assessment,FUSION,pmc_performancereportassessment,pmc_paymentapprovedname
FUSION,Performance Report Assessment,FUSION,pmc_performancereportassessment,pmc_paymentmilestonecompeted
FUSION,Performance Report Assessment,FUSION,pmc_performancereportassessment,pmc_paymentmilestonecompetedname
FUSION,Performance Report Assessment,FUSION,pmc_performancereportassessment,pmc_paymentmilestoneid
FUSION,Performance Report Assessment,FUSION,pmc_performancereportassessment,pmc_performancerating
FUSION,Performance Report Assessment,FUSION,pmc_performancereportassessment,pmc_performanceratingname
FUSION,Performance Report Assessment,FUSION,pmc_performancereportassessment,pmc_performancereportassessmentid
FUSION,Grant Activity KPI Assessment,FUSION,pmc_performancereportassessment,pmc_performancereportassessmentid
FUSION,Performance Report Assessment,FUSION,pmc_performancereportassessment,pmc_processstage
FUSION,Performance Report Assessment,FUSION,pmc_performancereportassessment,pmc_recommendation
FUSION,Performance Report Assessment,FUSION,pmc_performancereportassessment,pmc_reportacceptance
FUSION,Performance Report Assessment,FUSION,pmc_performancereportassessment,pmc_reportacceptancecomments
FUSION,Performance Report Assessment,FUSION,pmc_performancereportassessment,pmc_reportacceptancename
FUSION,Performance Report Assessment,FUSION,pmc_performancereportassessment,pmc_reportingmilestoneid
GPS,Grant Activity Milestone,FUSION,pmc_performancereportassessment,pmc_reportingmilestoneid
FUSION,Performance Report Assessment,FUSION,pmc_performancereportassessment,pmc_reverted
FUSION,Performance Report Assessment,FUSION,pmc_performancereportassessment,pmc_revertedname
FUSION,Performance Report Assessment,FUSION,pmc_performancereportassessment,pmc_revertreason
FUSION,Performance Report Assessment,FUSION,pmc_performancereportassessment,pmc_reviewcompleted
FUSION,Performance Report Assessment,FUSION,pmc_performancereportassessment,pmc_reviewcompletedname
FUSION,Performance Report Assessment,FUSION,pmc_performancereportassessment,pmc_reviewid
FUSION,Grant Activity KPI Assessment,FUSION,pmc_performancereportassessment,pmc_reviewid
FUSION,Performance Report Assessment,FUSION,pmc_performancereportassessment,statecodename
FUSION,Performance Report Assessment,FUSION,pmc_performancereportassessment,statuscodename
GPS,Grant Activity Milestone,FUSION,pmc_performancereportassessment,statuscodename
FUSION,Electorate Update,FUSION,pmc_electoratebriefgroup,pmc_approvedbyidname
FUSION,Electorate Update,FUSION,pmc_electoratebriefgroup,pmc_clearelectoratefieldsname
FUSION,Electorate Update,FUSION,pmc_electoratebriefgroup,pmc_dateapproved
FUSION,Electorate Update,FUSION,pmc_electoratebriefgroup,pmc_dateendorsed
FUSION,Electorate Update,FUSION,pmc_electoratebriefgroup,pmc_datesubmittedforendorcement
FUSION,Electorate Update,FUSION,pmc_electoratebriefgroup,pmc_electoratebriefgroupid
FUSION,Electorate Update,FUSION,pmc_electoratebriefgroup,pmc_electorateid
FUSION,Electorate Update,FUSION,pmc_electoratebriefgroup,pmc_endorsedbyidname
FUSION,Electorate Update,FUSION,pmc_electoratebriefgroup,pmc_endorsementcompletename
FUSION,Electorate Update,FUSION,pmc_electoratebriefgroup,pmc_name
FUSION,Electorate Update,FUSION,pmc_electoratebriefgroup,pmc_readyforendorsementname
FUSION,Electorate Update,FUSION,pmc_electoratebriefgroup,pmc_readyforqaname
FUSION,Electorate Update,FUSION,pmc_electoratebriefgroup,pmc_readytopublishname
FUSION,Electorate Update,FUSION,pmc_electoratebriefgroup,pmc_revertname
FUSION,Electorate Update,FUSION,pmc_electoratebriefgroup,pmc_revertreason
FUSION,Electorate Update,FUSION,pmc_electoratebriefgroup,pmc_runfunction
FUSION,Electorate Update,FUSION,pmc_electoratebriefgroup,pmc_submittedforendorcementby
FUSION,Electorate Update,FUSION,pmc_electoratebriefgroup,pmc_submittedforendorcementbyname
FUSION,Electorate Update,FUSION,pmc_electoratebriefgroup,pmc_updateelectoratefieldsname
FUSION,Electorate Update,FUSION,pmc_electoratebriefgroup,statuscodename
FUSION,Site Visit Assessment,GPS,Grant Activity Milestone,Milestone Id
GPS,Grant Activity Missing Milestone,GPS,Grant Activity Milestone,Milestone Id
GPS,Grant Activity Missing Milestone - Old,GPS,Grant Activity Milestone,Milestone Id
GPS,Grant Application Status,GPS,Fact_Application_Status,%Dim_Application_Key
GPS,Grant Application Status,GPS,Fact_Application_Status,%Dim_Application_Status_Key
ESS,CDP Grant Detail,Forms,CDP_Grant_Detail,Grant Detail Id
ESS,CDP Grant Detail,Forms,CDP_Grant_Detail,Grant Identifier
GRANTS,Activity Execution Date,Forms,CDP_Grant_Detail,Grant Identifier
ESS,CDP Grant Activity updated,Forms,CDP_Grant_Detail,Grant Identifier
FUSION,Grant Activity,Forms,CDP_Grant_Detail,Grant Identifier
ESS,CDP Grant Activity,Forms,CDP_Grant_Detail,Grant Identifier
ESS,CDP Grants List,Forms,CDP_Grant_Detail,Grant Identifier
ESS,CDP Grant Estimated Expenditure FY,Forms,CDP_Grant_Detail,Grant Identifier
ESS,CDP Claim,Forms,CDP_Grant_Detail,Grant Identifier
ESS,RAES Payment,Forms,CDP_Grant_Detail,Grant Identifier
ESS,RAES Payment,Forms,CDP_Grant_Detail,Contract Id
ESS,CDP Claim,Forms,CDP_Grant_Detail,Contract Id
ESS,CDP Grant Estimated Expenditure FY,Forms,CDP_Grant_Detail,Contract Id
ESS,CDP Grants List,Forms,CDP_Grant_Detail,Contract Id
ESS,CDP Grant Activity,Forms,CDP_Grant_Detail,Contract Id
ESS,CDP Grant Activity updated,Forms,CDP_Grant_Detail,Contract Id
ESS,CDP Grant Detail,Forms,CDP_Grant_Detail,Contract Id
ESS,CDP Grant Detail,Forms,CDP_Grant_Detail,Legal Contract Id
ESS,CDP Grants List,Forms,CDP_Grant_Detail,Legal Contract Id
ESS,CDP Grants List,Forms,CDP_Grant_Detail,Published Organisation Name
ESS,CDP Grant Detail,Forms,CDP_Grant_Detail,Published Organisation Name
ESS,CDP Grant Activity updated,Forms,CDP_Grant_Detail,Published Organisation Name
ESS,CDP Grant Activity,Forms,CDP_Grant_Detail,Published Organisation Name
ESS,CDP Grant Activity,Forms,CDP_Grant_Detail,Grant Status
ESS,CDP Grant Activity updated,Forms,CDP_Grant_Detail,Grant Status
ESS,CDP Grant Detail,Forms,CDP_Grant_Detail,Grant Status
ESS,CDP Grants List,Forms,CDP_Grant_Detail,Grant Status
ESS,CDP Grants List,Forms,CDP_Grant_Detail,Grant Type
ESS,CDP Grant Detail,Forms,CDP_Grant_Detail,Grant Type
ESS,CDP Grant Activity updated,Forms,CDP_Grant_Detail,Grant Type
ESS,CDP Grant Activity,Forms,CDP_Grant_Detail,Grant Type
ESS,CDP Grant Activity,Forms,CDP_Grant_Detail,Grant Start Date
FUSION,Grant Activity,Forms,CDP_Grant_Detail,Grant Start Date
ESS,CDP Grant Activity updated,Forms,CDP_Grant_Detail,Grant Start Date
ESS,CDP Grant Detail,Forms,CDP_Grant_Detail,Grant Start Date
GRANTS,Activity Execution Date,Forms,CDP_Grant_Detail,Grant Start Date
ESS,CDP Grants List,Forms,CDP_Grant_Detail,Grant Start Date
ESS,CDP Grants List,Forms,CDP_Grant_Detail,Grant End Date
ESS,CDP Grant Detail,Forms,CDP_Grant_Detail,Grant End Date
ESS,CDP Grant Activity updated,Forms,CDP_Grant_Detail,Grant End Date
ESS,CDP Grant Activity,Forms,CDP_Grant_Detail,Grant End Date
ESS,CDP Grant Detail,Forms,CDP_Grant_Detail,Transition Period End
ESS,CDP Grants List,Forms,CDP_Grant_Detail,Transition Period End
ESS,CDP Grants List,Forms,CDP_Grant_Detail,Transition Period Start
ESS,CDP Grant Detail,Forms,CDP_Grant_Detail,Transition Period Start
ESS,CDP Grant Detail,Forms,CDP_Grant_Detail,Service Status
ESS,CDP Grants List,Forms,CDP_Grant_Detail,Service Status
ESS,CDP Grant Estimated Expenditure FY,Forms,CDP_Grant_Detail,Claim Association Start Date
ESS,CDP Grant Detail,Forms,CDP_Grant_Detail,Claim Association Start Date
ESS,CDP Claim,Forms,CDP_Grant_Detail,Claim Association Start Date
ESS,RAES Payment,Forms,CDP_Grant_Detail,Claim Association Start Date
ESS,RAES Payment,Forms,CDP_Grant_Detail,Claim Association End Date
ESS,CDP Claim,Forms,CDP_Grant_Detail,Claim Association End Date
ESS,CDP Grant Detail,Forms,CDP_Grant_Detail,Claim Association End Date
ESS,CDP Grant Estimated Expenditure FY,Forms,CDP_Grant_Detail,Claim Association End Date
ESS,CDP Grants List,Forms,CDP_Grant_Detail,Claim Association End Date
ESS,CDP Grants List,Forms,CDP_Grant_Detail,Deleted
ESS,CDP Grant Estimated Expenditure FY,Forms,CDP_Grant_Detail,Deleted
ESS,CDP Grant Detail,Forms,CDP_Grant_Detail,Deleted
GRANTS,Activity Execution Date,Forms,CDP_Grant_Detail,Deleted
ESS,CDP Grant Activity updated,Forms,CDP_Grant_Detail,Deleted
ESS,CDP Grant Activity,Forms,CDP_Grant_Detail,Deleted
FUSION,Grant Activity,Forms,CDP_Grant_Detail,Deleted
ESS,CDP Claim,Forms,CDP_Grant_Detail,Deleted
ESS,RAES Payment,Forms,CDP_Grant_Detail,Deleted
ESS,CDP Grant Activity,Forms,CDP_Grant_Detail,Activity Manager
ESS,CDP Grant Detail,Forms,CDP_Grant_Detail,Activity Manager
ESS,CDP Grant Detail,Forms,CDP_Grant_Detail,Activity Manager Email
ESS,CDP Grant Activity,Forms,CDP_Grant_Detail,Activity Manager Email
ESS,CDP Grant Activity,Forms,CDP_Grant_Detail,Engagement Officer
ESS,CDP Grant Detail,Forms,CDP_Grant_Detail,Engagement Officer
ESS,CDP Grant Detail,Forms,CDP_Grant_Detail,Engagement Officer Email
ESS,CDP Grant Activity,Forms,CDP_Grant_Detail,Engagement Officer Email
ESS,CDP Grant Activity,Forms,CDP_Grant_Detail,Activity Type
ESS,CDP Grant Activity,Forms,CDP_Grant_Detail,Grant Purpose
ESS,CDP Grant Activity,Forms,CDP_Grant_Detail,FUSION Activity Type
FUSION,Grant Application,FUSION,pmc_grantapplication,pmc_activitydescription
FUSION,Grant Application,FUSION,pmc_grantapplication,pmc_activityenddate
FUSION,Grant Application,FUSION,pmc_grantapplication,pmc_activitystartdate
FUSION,Grant Application,FUSION,pmc_grantapplication,pmc_activitytitle
FUSION,Grant Application,FUSION,pmc_grantapplication,pmc_agencyregionid
FUSION,Grant Application,FUSION,pmc_grantapplication,pmc_agencyregionidname
FUSION,Grant Application,FUSION,pmc_grantapplication,pmc_amoprocessingstagename
FUSION,Grant Application,FUSION,pmc_grantapplication,pmc_applicationkpiname
FUSION,Grant Application,FUSION,pmc_grantapplication,pmc_applicationstateterritoryname
FUSION,Grant Application,FUSION,pmc_grantapplication,pmc_assessmentfinalscore
FUSION,Grant Application,FUSION,pmc_grantapplication,pmc_assignedcompletenesscheck
FUSION,Grant Application,FUSION,pmc_grantapplication,pmc_assignedeligibilitycompliance
FUSION,Grant Application,FUSION,pmc_grantapplication,pmc_completenesscheckdone
FUSION,Grant Application,FUSION,pmc_grantapplication,pmc_compliantname
FUSION,Grant Application,FUSION,pmc_grantapplication,pmc_dayselapsed
FUSION,Grant Application,FUSION,pmc_grantapplication,pmc_decisionprogrammeownername
FUSION,Grant Application,FUSION,pmc_grantapplication,pmc_decisionregionalmanagername
FUSION,Grant Application,FUSION,pmc_grantapplication,pmc_delegateminutereferencenumber
FUSION,Grant Application,FUSION,pmc_grantapplication,pmc_eligibilitycompliancedone
FUSION,Grant Application,FUSION,pmc_grantapplication,pmc_eligiblename
FUSION,Grant Application,FUSION,pmc_grantapplication,pmc_evaluationteamname
FUSION,Grant Application,FUSION,pmc_grantapplication,pmc_fofmsevaluationteam
FUSION,Grant Application,FUSION,pmc_grantapplication,pmc_fofmsriskratingname
FUSION,Grant Application,FUSION,pmc_grantapplication,pmc_fofmsstatus1name
GPS,Grant Application Derived History,FUSION,pmc_grantapplication,pmc_fofmsstatus1name
FUSION,Grant Application,FUSION,pmc_grantapplication,pmc_fofmsstatus2name
FUSION,Grant Application,FUSION,pmc_grantapplication,pmc_fofmsstatusaging
FUSION,Grant Application,FUSION,pmc_grantapplication,pmc_fofmsstatuschange
GPS,Grant Application Derived History,FUSION,pmc_grantapplication,pmc_fofmsstatuschange
FUSION,Grant Application,FUSION,pmc_grantapplication,pmc_fundingallocation
FUSION,Grant Application,FUSION,pmc_grantapplication,pmc_fundingappliedfor
FUSION,Grant Application,FUSION,pmc_grantapplication,pmc_fundingapprovedexgst
FUSION,Grant Application,FUSION,pmc_grantapplication,pmc_fundingrecommended
FUSION,Grant Application,FUSION,pmc_grantapplication,pmc_grantapplicationid
FUSION,Grant Application Funding,FUSION,pmc_grantapplication,pmc_grantapplicationid
GPS,Grant Application Derived History,FUSION,pmc_grantapplication,pmc_grantapplicationid
FUSION,Activity Linking Table,FUSION,pmc_grantapplication,pmc_grantapplicationid
FUSION,Funding Decision,FUSION,pmc_grantapplication,pmc_grantapplicationid
FUSION,Funding Decision Audit,FUSION,pmc_grantapplication,pmc_grantapplicationid
FUSION,Grant Application,FUSION,pmc_grantapplication,pmc_indigeneityresponse
FUSION,Grant Application,FUSION,pmc_grantapplication,pmc_name
FUSION,Activity Linking Table,FUSION,pmc_grantapplication,pmc_name
GPS,Grant Application Derived History,FUSION,pmc_grantapplication,pmc_name
FUSION,Funding Decision Audit,FUSION,pmc_grantapplication,pmc_name
FUSION,Grant Application,FUSION,pmc_grantapplication,pmc_primarycontactemail
FUSION,Grant Application,FUSION,pmc_grantapplication,pmc_primarycontactidname
FUSION,Grant Application,FUSION,pmc_grantapplication,pmc_qareviewflagname
FUSION,Grant Application,FUSION,pmc_grantapplication,pmc_ranking
FUSION,Grant Application,FUSION,pmc_grantapplication,pmc_receiveddate
GPS,Grant Application Derived History,FUSION,pmc_grantapplication,pmc_receiveddate
FUSION,Grant Application,FUSION,pmc_grantapplication,pmc_registrationid
FUSION,Grant Application,FUSION,pmc_grantapplication,pmc_riskassessmentdonename
FUSION,Grant Application,FUSION,pmc_grantapplication,pmc_roundid
FUSION,Grant Application,FUSION,pmc_grantapplication,pmc_sentforriskassessmentname
FUSION,Grant Application,FUSION,pmc_grantapplication,pmc_shortlisted
FUSION,Grant Application,FUSION,pmc_grantapplication,pmc_sourceorgid
FUSION,Grant Application,FUSION,pmc_grantapplication,pmc_submissiontype
FUSION,Grant Application,FUSION,pmc_grantapplication,statecodename
FUSION,Grant Application Funding,FUSION,pmc_grantapplication,statecodename
FUSION,Grant Application,FUSION,pmc_grantapplication,pmc_applicanthasdeclaredaconflictofinterest
GeoASGS,SA4 2021 AUST WKT,GeoASGS,SA4_2021_AUST_GDA2020_Simplified,geom
GeoASGS,SA4 2021 AUST WKT,GeoASGS,SA4_2021_AUST_GDA2020_Simplified,qgs_fid
GeoASGS,SA4 2021 AUST,GeoASGS,SA4_2021_AUST_GDA2020_Simplified,qgs_fid
GeoASGS,SA4 2021 AUST,GeoASGS,SA4_2021_AUST_GDA2020_Simplified,SA4_CODE_2021
GeoASGS,SA4 2021 AUST,GeoASGS,SA4_2021_AUST_GDA2020_Simplified,SA4_NAME_2021
GeoASGS,SA4 2021 AUST,GeoASGS,SA4_2021_AUST_GDA2020_Simplified,GCCSA_CODE_2021
GeoASGS,SA4 2021 AUST,GeoASGS,SA4_2021_AUST_GDA2020_Simplified,GCCSA_NAME_2021
GeoASGS,SA4 2021 AUST,GeoASGS,SA4_2021_AUST_GDA2020_Simplified,STATE_CODE_2021
GeoASGS,SA4 2021 AUST,GeoASGS,SA4_2021_AUST_GDA2020_Simplified,STATE_NAME_2021
GeoASGS,SA4 2021 AUST,GeoASGS,SA4_2021_AUST_GDA2020_Simplified,AUS_CODE_2021
GeoASGS,SA4 2021 AUST,GeoASGS,SA4_2021_AUST_GDA2020_Simplified,AUS_NAME_2021
GeoASGS,SA4 2021 AUST,GeoASGS,SA4_2021_AUST_GDA2020_Simplified,AREA_ALBERS_SQKM
GeoASGS,SA4 2021 AUST,GeoASGS,SA4_2021_AUST_GDA2020_Simplified,ASGS_LOCI_URI_2021
IPP,Reporting PIT Fact,IPP,audit_reporting_pmc_contractnotice,objecttypecode
IPP,Reporting PIT Fact,IPP,audit_reporting_pmc_contractnotice,objectid
IPP,Reporting PIT Fact,IPP,audit_reporting_pmc_contractnotice,pmc_agencyid
IPP,Reporting PIT Fact,IPP,audit_reporting_pmc_contractnotice,pmc_agencyrefid
IPP,Reporting PIT Fact,IPP,audit_reporting_pmc_contractnotice,pmc_cnid
IPP,Reporting PIT Fact,IPP,audit_reporting_pmc_contractnotice,pmc_contractassessmentmethod
IPP,Reporting PIT Fact,IPP,audit_reporting_pmc_contractnotice,pmc_contractcancelleddate
IPP,Reporting PIT Fact,IPP,audit_reporting_pmc_contractnotice,pmc_contracttype
IPP,Reporting PIT Fact,IPP,audit_reporting_pmc_contractnotice,pmc_deliverypostcode
IPP,Reporting PIT Fact,IPP,audit_reporting_pmc_contractnotice,pmc_description
IPP,Reporting PIT Fact,IPP,audit_reporting_pmc_contractnotice,pmc_enddate
IPP,Reporting PIT Fact,IPP,audit_reporting_pmc_contractnotice,pmc_finalcompliancyrating
IPP,Reporting PIT Fact,IPP,audit_reporting_pmc_contractnotice,pmc_indigenousbusinessindicator
IPP,Reporting PIT Fact,IPP,audit_reporting_pmc_contractnotice,pmc_limitedtenderexemption
IPP,Reporting PIT Fact,IPP,audit_reporting_pmc_contractnotice,pmc_mmrexemptflag
IPP,Reporting PIT Fact,IPP,audit_reporting_pmc_contractnotice,pmc_portfolio
IPP,Reporting PIT Fact,IPP,audit_reporting_pmc_contractnotice,pmc_remotecontract
IPP,Reporting PIT Fact,IPP,audit_reporting_pmc_contractnotice,pmc_startdate
IPP,Reporting PIT Fact,IPP,audit_reporting_pmc_contractnotice,pmc_supplierabn
IPP,Reporting PIT Fact,IPP,audit_reporting_pmc_contractnotice,pmc_suppliername
IPP,Reporting PIT Fact,IPP,audit_reporting_pmc_contractnotice,pmc_unspsccodeid
IPP,Reporting PIT Fact,IPP,audit_reporting_pmc_contractnotice,pmc_value
IPP,Reporting PIT Fact,IPP,audit_reporting_pmc_contractnotice,datefrom
IPP,Reporting PIT Fact,IPP,audit_reporting_pmc_contractnotice,dateto
GPS,Grant Activity Acquittal,GPS,Fact_Review,%Dim_Activity_Milestone_Key
GPS,Grant Activity Missing Milestone - Old,GPS,Fact_Review,%Dim_Activity_Milestone_Key
GPS,Grant Activity Missing Milestone,GPS,Fact_Review,%Dim_Activity_Milestone_Key
GPS,Grant Activity Acquittal Derived History,GPS,Fact_Review,%Dim_Activity_Milestone_Key
GPS,Grant Activity Performance Derived History,GPS,Fact_Review,%Dim_Activity_Milestone_Key
GPS,Grant Activity Performance Item,GPS,Fact_Review,%Dim_Activity_Milestone_Key
GPS,Grant Activity Acquittal Item,GPS,Fact_Review,%Dim_Activity_Milestone_Key
GPS,Grant Activity Performance,GPS,Fact_Review,%Dim_Activity_Milestone_Key
GPS,Grant Activity Milestone,GPS,Fact_Review,%Dim_Activity_Milestone_Key
GPS,Grant Activity Milestone,GPS,Fact_Review,%Dim_Review_Key
GPS,Grant Activity Performance,GPS,Fact_Review,%Dim_Review_Key
GPS,Grant Activity Acquittal Item,GPS,Fact_Review,%Dim_Review_Key
GPS,Grant Activity Performance Item,GPS,Fact_Review,%Dim_Review_Key
GPS,Grant Activity Performance Derived History,GPS,Fact_Review,%Dim_Review_Key
GPS,Grant Activity Acquittal Derived History,GPS,Fact_Review,%Dim_Review_Key
GPS,Grant Activity Missing Milestone,GPS,Fact_Review,%Dim_Review_Key
GPS,Grant Activity Missing Milestone - Old,GPS,Fact_Review,%Dim_Review_Key
GPS,Grant Activity Acquittal,GPS,Fact_Review,%Dim_Review_Key
GPS,Grant Activity Acquittal,GPS,Fact_Review,%Dim_Review_Grouping_Key
GPS,Grant Activity Missing Milestone - Old,GPS,Fact_Review,%Dim_Review_Grouping_Key
GPS,Grant Activity Missing Milestone,GPS,Fact_Review,%Dim_Review_Grouping_Key
GPS,Grant Activity Acquittal Derived History,GPS,Fact_Review,%Dim_Review_Grouping_Key
GPS,Grant Activity Performance Derived History,GPS,Fact_Review,%Dim_Review_Grouping_Key
GPS,Grant Activity Performance Item,GPS,Fact_Review,%Dim_Review_Grouping_Key
GPS,Grant Activity Acquittal Item,GPS,Fact_Review,%Dim_Review_Grouping_Key
GPS,Grant Activity Performance,GPS,Fact_Review,%Dim_Review_Grouping_Key
GPS,Grant Activity Milestone,GPS,Fact_Review,%Dim_Review_Grouping_Key
GPS,Grant Activity Performance,GPS,Fact_Review,%Dim_Programme_Schedule_Activity_Key
GPS,Grant Activity Acquittal Item,GPS,Fact_Review,%Dim_Programme_Schedule_Activity_Key
GPS,Grant Activity Performance Item,GPS,Fact_Review,%Dim_Programme_Schedule_Activity_Key
GPS,Grant Activity Missing Milestone,GPS,Fact_Review,%Dim_Programme_Schedule_Activity_Key
GPS,Grant Activity Missing Milestone - Old,GPS,Fact_Review,%Dim_Programme_Schedule_Activity_Key
GPS,Grant Activity Acquittal,GPS,Fact_Review,%Dim_Programme_Schedule_Activity_Key
GPS,Grant Activity Milestone,GPS,Fact_Review,Number of Reviews
FUSION,Electorate Demographic,FUSION,pmc_electoratedemographic,pmc_descriptionname
FUSION,Electorate Demographic,FUSION,pmc_electoratedemographic,pmc_electorate
FUSION,Electorate Demographic,FUSION,pmc_electoratedemographic,pmc_electoratedemographicid
FUSION,Electorate Demographic,FUSION,pmc_electoratedemographic,pmc_includeinreportname
FUSION,Electorate Demographic,FUSION,pmc_electoratedemographic,pmc_measurevalue
FUSION,Electorate Demographic,FUSION,pmc_electoratedemographic,pmc_name
FUSION,Electorate Demographic,FUSION,pmc_electoratedemographic,pmc_narrative
FUSION,Electorate Demographic,FUSION,pmc_electoratedemographic,pmc_nationaldemographicidname
FUSION,Electorate Demographic,FUSION,pmc_electoratedemographic,pmc_number
FUSION,Electorate Demographic,FUSION,pmc_electoratedemographic,pmc_order
FUSION,Electorate Demographic,FUSION,pmc_electoratedemographic,pmc_percentagedecimal
FUSION,Electorate Demographic,FUSION,pmc_electoratedemographic,pmc_reportlocationname
FUSION,Electorate Demographic,FUSION,pmc_electoratedemographic,pmc_statedemographicidname
FUSION,Electorate Demographic,FUSION,pmc_electoratedemographic,pmc_text
FUSION,Electorate Demographic,FUSION,pmc_electoratedemographic,pmc_type
FUSION,Electorate Demographic,FUSION,pmc_electoratedemographic,pmc_valuetextindigenous
FUSION,Electorate Demographic,FUSION,pmc_electoratedemographic,pmc_valuetextnonindigenous
FUSION,Electorate Demographic,FUSION,pmc_electoratedemographic,pmc_valuetexttotal
FUSION,Electorate Demographic,FUSION,pmc_electoratedemographic,statuscodename
FUSION,Grant Acquittal,FUSION,pmc_grantacquittal,pmc_acceptancecomments
FUSION,Grant Acquittal,FUSION,pmc_grantacquittal,pmc_acquittalbalance
FUSION,Grant Acquittal,FUSION,pmc_grantacquittal,pmc_acquittaldocumentationrequiredname
FUSION,Grant Acquittal,FUSION,pmc_grantacquittal,pmc_acquittalid
FUSION,Grant Acquittal,FUSION,pmc_grantacquittal,pmc_acquittalmilestone
FUSION,Grant Acquittal,FUSION,pmc_grantacquittal,pmc_acquittalmilestonecompletedname
FUSION,Grant Acquittal,FUSION,pmc_grantacquittal,pmc_acquittalmilestonename
FUSION,Grant Acquittal,FUSION,pmc_grantacquittal,pmc_acquittaloutcome
FUSION,Grant Acquittal,FUSION,pmc_grantacquittal,pmc_acquittaloutcomename
FUSION,Grant Acquittal,FUSION,pmc_grantacquittal,pmc_acquittalreviewcompletedname
FUSION,Grant Acquittal,FUSION,pmc_grantacquittal,pmc_acquittalyeartypename
FUSION,Grant Acquittal,FUSION,pmc_grantacquittal,pmc_actualapprovedexpenditure
FUSION,Grant Acquittal,FUSION,pmc_grantacquittal,pmc_allcalculationquestionsloadedname
FUSION,Grant Acquittal,FUSION,pmc_grantacquittal,pmc_approvalcomments
FUSION,Grant Acquittal,FUSION,pmc_grantacquittal,pmc_approvedon
FUSION,Grant Acquittal,FUSION,pmc_grantacquittal,pmc_approver
FUSION,Grant Acquittal,FUSION,pmc_grantacquittal,pmc_approverlevel
FUSION,Grant Acquittal,FUSION,pmc_grantacquittal,pmc_approvername
FUSION,Grant Acquittal,FUSION,pmc_grantacquittal,pmc_approveroffice
FUSION,Grant Acquittal,FUSION,pmc_grantacquittal,pmc_assessedon
FUSION,Grant Acquittal,FUSION,pmc_grantacquittal,pmc_assessmentapprovedname
FUSION,Grant Acquittal,FUSION,pmc_grantacquittal,pmc_assessmentcomments
FUSION,Grant Acquittal,FUSION,pmc_grantacquittal,pmc_assessmentcompletename
FUSION,Grant Acquittal,FUSION,pmc_grantacquittal,pmc_assessor
FUSION,Grant Acquittal,FUSION,pmc_grantacquittal,pmc_assessorname
FUSION,Grant Acquittal,FUSION,pmc_grantacquittal,pmc_assessoroffice
FUSION,Grant Acquittal,FUSION,pmc_grantacquittal,pmc_assessorsrecommendation
FUSION,Grant Acquittal,FUSION,pmc_grantacquittal,pmc_currentara
FUSION,Grant Acquittal,FUSION,pmc_grantacquittal,pmc_currentaraname
FUSION,Grant Acquittal,FUSION,pmc_grantacquittal,pmc_debtinvoicenumber
FUSION,Grant Acquittal,FUSION,pmc_grantacquittal,pmc_debtinvoicerequiredname
FUSION,Grant Acquittal,FUSION,pmc_grantacquittal,pmc_direction
FUSION,Grant Acquittal,FUSION,pmc_grantacquittal,pmc_displaycalculationquestionserrormessagename
FUSION,Grant Acquittal,FUSION,pmc_grantacquittal,pmc_documentacceptancename
FUSION,Grant Acquittal,FUSION,pmc_grantacquittal,pmc_documentlinks
FUSION,Grant Acquittal,FUSION,pmc_grantacquittal,pmc_financialyearid
FUSION,Grant Acquittal,FUSION,pmc_grantacquittal,pmc_financialyearidname
FUSION,Grant Acquittal,FUSION,pmc_grantacquittal,pmc_firstoverduelettersent
FUSION,Grant Acquittal,FUSION,pmc_grantacquittal,pmc_gpsupdatefinalisedon
FUSION,Grant Acquittal,FUSION,pmc_grantacquittal,pmc_grantacquittalid
GPS,Grant Activity Acquittal,FUSION,pmc_grantacquittal,pmc_grantacquittalid
FUSION,Grant Acquittal,FUSION,pmc_grantacquittal,pmc_grantactivity
FUSION,Grant Acquittal,FUSION,pmc_grantacquittal,pmc_isrevertedname
FUSION,Grant Acquittal,FUSION,pmc_grantacquittal,pmc_name
GPS,Grant Activity Acquittal,FUSION,pmc_grantacquittal,pmc_name
FUSION,Grant Acquittal,FUSION,pmc_grantacquittal,pmc_notifiedby
FUSION,Grant Acquittal,FUSION,pmc_grantacquittal,pmc_notifiedbyname
FUSION,Grant Acquittal,FUSION,pmc_grantacquittal,pmc_notifiedon
FUSION,Grant Acquittal,FUSION,pmc_grantacquittal,pmc_organisation
FUSION,Grant Acquittal,FUSION,pmc_grantacquittal,pmc_organisationname
FUSION,Grant Acquittal,FUSION,pmc_grantacquittal,pmc_outcomesenttoprovidername
FUSION,Grant Acquittal,FUSION,pmc_grantacquittal,pmc_processstage
FUSION,Grant Acquittal,FUSION,pmc_grantacquittal,pmc_publishedtemplatesexistname
FUSION,Grant Acquittal,FUSION,pmc_grantacquittal,pmc_questionnairecompletedname
FUSION,Grant Acquittal,FUSION,pmc_grantacquittal,pmc_questionnairetemplateid
FUSION,Grant Acquittal,FUSION,pmc_grantacquittal,pmc_questionnairetemplateidname
FUSION,Grant Acquittal,FUSION,pmc_grantacquittal,pmc_reasonforrecommendation
FUSION,Grant Acquittal,FUSION,pmc_grantacquittal,pmc_residual
FUSION,Grant Acquittal,FUSION,pmc_grantacquittal,pmc_revertreason
FUSION,Grant Acquittal,FUSION,pmc_grantacquittal,pmc_review
FUSION,Grant Acquittal,FUSION,pmc_grantacquittal,pmc_reviewname
FUSION,Grant Acquittal,FUSION,pmc_grantacquittal,pmc_secondoverduelettersent
FUSION,Grant Acquittal,FUSION,pmc_grantacquittal,pmc_statementofnoncompliancesent
FUSION,Grant Acquittal,FUSION,pmc_grantacquittal,pmc_totalrecommendationamount
FUSION,Grant Acquittal,FUSION,pmc_grantacquittal,pmc_totalrecommendationamount_date
FUSION,Grant Acquittal,FUSION,pmc_grantacquittal,pmc_totalvalueoffundstobeacquitted
GPS,Grant Activity Acquittal,FUSION,pmc_grantacquittal,pmc_totalvalueoffundstobeacquitted
FUSION,Grant Acquittal,FUSION,pmc_grantacquittal,statecodename
FUSION,Grant Acquittal,FUSION,pmc_grantacquittal,statuscodename
NIAA,Grants Management Unit,NIAA,NIAA_GMU_Locations,Grants Management Unit Id
FUSION,Agency Region,NIAA,NIAA_GMU_Locations,Grants Management Unit Id
FUSION,Agency Region,NIAA,NIAA_GMU_Locations,Latitude
NIAA,Grants Management Unit,NIAA,NIAA_GMU_Locations,Latitude
NIAA,Grants Management Unit,NIAA,NIAA_GMU_Locations,Longitude
FUSION,Agency Region,NIAA,NIAA_GMU_Locations,Longitude
FUSION,Assessment for Decision,FUSION,pmc_assessmentfordecision,pmc_applicabletothefundingbriefname
FUSION,Assessment for Decision,FUSION,pmc_assessmentfordecision,pmc_application
FUSION,Assessment for Decision,FUSION,pmc_assessmentfordecision,pmc_applicationassessment
FUSION,Assessment for Decision,FUSION,pmc_assessmentfordecision,pmc_applicationassessmentname
FUSION,Assessment for Decision,FUSION,pmc_assessmentfordecision,pmc_applicationname
FUSION,Assessment for Decision,FUSION,pmc_assessmentfordecision,pmc_assessmentfordecisionid
FUSION,Assessment for Decision,FUSION,pmc_assessmentfordecision,pmc_assessmentfordecisionidnumber
FUSION,Assessment for Decision,FUSION,pmc_assessmentfordecision,pmc_fundingdecision
FUSION,Assessment for Decision,FUSION,pmc_assessmentfordecision,pmc_fundingdecisionname
FUSION,Assessment for Decision,FUSION,pmc_assessmentfordecision,pmc_name
FUSION,Assessment for Decision,FUSION,pmc_assessmentfordecision,statecodename
FUSION,Assessment for Decision,FUSION,pmc_assessmentfordecision,statuscodename
FUSION,Assessment for Decision,FUSION,pmc_assessmentfordecision,createdon
FUSION,Assessment for Decision,FUSION,pmc_assessmentfordecision,modifiedon
GPS,Grant Activity Performance Item,GPS,Fact_Review_Assessment_Item,%Dim_Review_Assessment_Item_Key
GPS,Grant Activity Acquittal Item,GPS,Fact_Review_Assessment_Item,%Dim_Review_Assessment_Item_Key
GPS,Grant Activity Acquittal,GPS,Fact_Review_Assessment_Item,%Dim_Review_Assessment_Item_Key
GPS,Grant Activity Acquittal,GPS,Fact_Review_Assessment_Item,%Dim_Review_Key
GPS,Grant Activity Acquittal Item,GPS,Fact_Review_Assessment_Item,%Dim_Review_Key
GPS,Grant Activity Performance Item,GPS,Fact_Review_Assessment_Item,%Dim_Review_Key
FUSION,Ceasing Activity Assessment,FUSION,pmc_ceasingactivity,pmc_accepted
FUSION,Ceasing Activity Assessment,FUSION,pmc_ceasingactivity,pmc_acceptedby
FUSION,Ceasing Activity Assessment,FUSION,pmc_ceasingactivity,pmc_acceptedbyname
FUSION,Ceasing Activity Assessment,FUSION,pmc_ceasingactivity,pmc_acceptedbyyominame
FUSION,Ceasing Activity Assessment,FUSION,pmc_ceasingactivity,pmc_acceptedname
FUSION,Ceasing Activity Assessment,FUSION,pmc_ceasingactivity,pmc_acceptrecommendation
FUSION,Ceasing Activity Assessment,FUSION,pmc_ceasingactivity,pmc_acceptrecommendationname
FUSION,Ceasing Activity Assessment,FUSION,pmc_ceasingactivity,pmc_activityriskassessmentid
FUSION,Ceasing Activity Assessment,FUSION,pmc_ceasingactivity,pmc_activityriskassessmentidname
FUSION,Ceasing Activity Assessment,FUSION,pmc_ceasingactivity,pmc_actualrisklevel
FUSION,Ceasing Activity Assessment,FUSION,pmc_ceasingactivity,pmc_actualrisklevelname
FUSION,Ceasing Activity Assessment,FUSION,pmc_ceasingactivity,pmc_approvedaction
FUSION,Ceasing Activity Assessment,FUSION,pmc_ceasingactivity,pmc_approvedactionname
FUSION,Ceasing Activity Assessment,FUSION,pmc_ceasingactivity,pmc_approvedamount
FUSION,Ceasing Activity Assessment,FUSION,pmc_ceasingactivity,pmc_approvedamount_base
FUSION,Ceasing Activity Assessment,FUSION,pmc_ceasingactivity,pmc_approvedby
FUSION,Ceasing Activity Assessment,FUSION,pmc_ceasingactivity,pmc_approvedenddate
FUSION,Ceasing Activity Assessment,FUSION,pmc_ceasingactivity,pmc_approvedorganisationid
FUSION,Ceasing Activity Assessment,FUSION,pmc_ceasingactivity,pmc_approvedorganisationidname
FUSION,Ceasing Activity Assessment,FUSION,pmc_ceasingactivity,pmc_approvedorganisationidyominame
FUSION,Ceasing Activity Assessment,FUSION,pmc_ceasingactivity,pmc_assessedby
FUSION,Ceasing Activity Assessment,FUSION,pmc_ceasingactivity,pmc_assessedbyname
FUSION,Ceasing Activity Assessment,FUSION,pmc_ceasingactivity,pmc_assessedbyyominame
FUSION,Ceasing Activity Assessment,FUSION,pmc_ceasingactivity,pmc_assessmentcomplete
FUSION,Ceasing Activity Assessment,FUSION,pmc_ceasingactivity,pmc_assessmentcompletename
FUSION,Ceasing Activity Assessment,FUSION,pmc_ceasingactivity,pmc_basefundingverified
FUSION,Ceasing Activity Assessment,FUSION,pmc_ceasingactivity,pmc_basefundingverifiedname
FUSION,Ceasing Activity Assessment,FUSION,pmc_ceasingactivity,pmc_briefnumber
FUSION,Ceasing Activity Assessment,FUSION,pmc_ceasingactivity,pmc_ceasingactivityid
FUSION,Ceasing Activity Funding,FUSION,pmc_ceasingactivity,pmc_ceasingactivityid
FUSION,Activity Linking Table,FUSION,pmc_ceasingactivity,pmc_ceasingactivityid
FUSION,Funding Decision,FUSION,pmc_ceasingactivity,pmc_ceasingactivityid
FUSION,Ceasing Activity Assessment,FUSION,pmc_ceasingactivity,pmc_consultationundertaken
FUSION,Ceasing Activity Assessment,FUSION,pmc_ceasingactivity,pmc_consultationundertakenname
FUSION,Ceasing Activity Assessment,FUSION,pmc_ceasingactivity,pmc_criteriaassessment
FUSION,Ceasing Activity Assessment,FUSION,pmc_ceasingactivity,pmc_criteriaassessmentsummary
FUSION,Ceasing Activity Assessment,FUSION,pmc_ceasingactivity,pmc_criteriaassessmentsummaryname
FUSION,Ceasing Activity Assessment,FUSION,pmc_ceasingactivity,pmc_currentactivityenddate
FUSION,Ceasing Activity Funding,FUSION,pmc_ceasingactivity,pmc_currentactivityenddate
FUSION,Ceasing Activity Assessment,FUSION,pmc_ceasingactivity,pmc_currentprojectoutcomes
FUSION,Ceasing Activity Assessment,FUSION,pmc_ceasingactivity,pmc_dateaccepted
FUSION,Ceasing Activity Assessment,FUSION,pmc_ceasingactivity,pmc_dateapproved
FUSION,Ceasing Activity Assessment,FUSION,pmc_ceasingactivity,pmc_dateassessed
FUSION,Ceasing Activity Assessment,FUSION,pmc_ceasingactivity,pmc_datebriefentered
FUSION,Ceasing Activity Assessment,FUSION,pmc_ceasingactivity,pmc_datedecisionentered
FUSION,Ceasing Activity Assessment,FUSION,pmc_ceasingactivity,pmc_dateendorsed
FUSION,Ceasing Activity Assessment,FUSION,pmc_ceasingactivity,pmc_datereverted
FUSION,Ceasing Activity Assessment,FUSION,pmc_ceasingactivity,pmc_decisionenteredby
FUSION,Ceasing Activity Assessment,FUSION,pmc_ceasingactivity,pmc_decisionenteredbyname
FUSION,Ceasing Activity Assessment,FUSION,pmc_ceasingactivity,pmc_decisionenteredbyyominame
FUSION,Ceasing Activity Assessment,FUSION,pmc_ceasingactivity,pmc_delegaterationale
FUSION,Ceasing Activity Assessment,FUSION,pmc_ceasingactivity,pmc_documentlinks
FUSION,Ceasing Activity Assessment,FUSION,pmc_ceasingactivity,pmc_ecdeliveryarea
FUSION,Ceasing Activity Assessment,FUSION,pmc_ceasingactivity,pmc_ecdeliveryareaname
FUSION,Ceasing Activity Assessment,FUSION,pmc_ceasingactivity,pmc_ecleadershiprecommendation
FUSION,Ceasing Activity Assessment,FUSION,pmc_ceasingactivity,pmc_endorsed
FUSION,Ceasing Activity Assessment,FUSION,pmc_ceasingactivity,pmc_endorsedby
FUSION,Ceasing Activity Assessment,FUSION,pmc_ceasingactivity,pmc_endorsedbyname
FUSION,Ceasing Activity Assessment,FUSION,pmc_ceasingactivity,pmc_endorsedbyyominame
FUSION,Ceasing Activity Assessment,FUSION,pmc_ceasingactivity,pmc_endorsedname
FUSION,Ceasing Activity Assessment,FUSION,pmc_ceasingactivity,pmc_fy0
FUSION,Ceasing Activity Funding,FUSION,pmc_ceasingactivity,pmc_fy0
FUSION,Ceasing Activity Assessment,FUSION,pmc_ceasingactivity,pmc_fy0_base
FUSION,Ceasing Activity Assessment,FUSION,pmc_ceasingactivity,pmc_fy1
FUSION,Ceasing Activity Funding,FUSION,pmc_ceasingactivity,pmc_fy1
FUSION,Ceasing Activity Assessment,FUSION,pmc_ceasingactivity,pmc_fy1_base
FUSION,Ceasing Activity Assessment,FUSION,pmc_ceasingactivity,pmc_fy2
FUSION,Ceasing Activity Funding,FUSION,pmc_ceasingactivity,pmc_fy2
FUSION,Ceasing Activity Assessment,FUSION,pmc_ceasingactivity,pmc_fy2_base
FUSION,Ceasing Activity Assessment,FUSION,pmc_ceasingactivity,pmc_fy3
FUSION,Ceasing Activity Funding,FUSION,pmc_ceasingactivity,pmc_fy3
FUSION,Ceasing Activity Assessment,FUSION,pmc_ceasingactivity,pmc_fy3_base
FUSION,Ceasing Activity Assessment,FUSION,pmc_ceasingactivity,pmc_fy3plus
FUSION,Ceasing Activity Funding,FUSION,pmc_ceasingactivity,pmc_fy3plus
FUSION,Ceasing Activity Assessment,FUSION,pmc_ceasingactivity,pmc_fy3plus_base
FUSION,Ceasing Activity Assessment,FUSION,pmc_ceasingactivity,pmc_grantactivityid
FUSION,Activity Linking Table,FUSION,pmc_ceasingactivity,pmc_grantactivityid
FUSION,Ceasing Activity Assessment,FUSION,pmc_ceasingactivity,pmc_grantactivityidname
FUSION,Ceasing Activity Assessment,FUSION,pmc_ceasingactivity,pmc_granthasjdm
FUSION,Ceasing Activity Assessment,FUSION,pmc_ceasingactivity,pmc_granthasjdmname
FUSION,Ceasing Activity Assessment,FUSION,pmc_ceasingactivity,pmc_grantsjdmactive
FUSION,Ceasing Activity Assessment,FUSION,pmc_ceasingactivity,pmc_grantsjdmactivename
FUSION,Ceasing Activity Assessment,FUSION,pmc_ceasingactivity,pmc_grantsjdmprocessid
FUSION,Ceasing Activity Assessment,FUSION,pmc_ceasingactivity,pmc_grantsjdmprocessidname
FUSION,Ceasing Activity Assessment,FUSION,pmc_ceasingactivity,pmc_indicativerisklevel
FUSION,Ceasing Activity Assessment,FUSION,pmc_ceasingactivity,pmc_indicativerisklevelname
FUSION,Ceasing Activity Assessment,FUSION,pmc_ceasingactivity,pmc_inputstatus
FUSION,Ceasing Activity Assessment,FUSION,pmc_ceasingactivity,pmc_inputstatusname
FUSION,Ceasing Activity Assessment,FUSION,pmc_ceasingactivity,pmc_isoneoffgrant
FUSION,Ceasing Activity Assessment,FUSION,pmc_ceasingactivity,pmc_isoneoffgrantname
FUSION,Ceasing Activity Assessment,FUSION,pmc_ceasingactivity,pmc_isreverted
FUSION,Ceasing Activity Assessment,FUSION,pmc_ceasingactivity,pmc_isrevertedname
FUSION,Ceasing Activity Assessment,FUSION,pmc_ceasingactivity,pmc_issuedby
FUSION,Ceasing Activity Assessment,FUSION,pmc_ceasingactivity,pmc_issuedbyname
FUSION,Ceasing Activity Assessment,FUSION,pmc_ceasingactivity,pmc_issuedbyyominame
FUSION,Ceasing Activity Assessment,FUSION,pmc_ceasingactivity,pmc_issueddate
FUSION,Ceasing Activity Assessment,FUSION,pmc_ceasingactivity,pmc_mostrecentactionid
FUSION,Ceasing Activity Assessment,FUSION,pmc_ceasingactivity,pmc_mostrecentactionidname
FUSION,Ceasing Activity Assessment,FUSION,pmc_ceasingactivity,pmc_name
FUSION,Ceasing Activity Assessment,FUSION,pmc_ceasingactivity,pmc_pmbescalationrequired
FUSION,Ceasing Activity Assessment,FUSION,pmc_ceasingactivity,pmc_pmbescalationrequiredname
FUSION,Ceasing Activity Assessment,FUSION,pmc_ceasingactivity,pmc_pmbescalationresult
FUSION,Ceasing Activity Assessment,FUSION,pmc_ceasingactivity,pmc_previousbriefnumber
FUSION,Ceasing Activity Assessment,FUSION,pmc_ceasingactivity,pmc_previouscaadecisionandoutcome
FUSION,Ceasing Activity Assessment,FUSION,pmc_ceasingactivity,pmc_previouscaaexists
FUSION,Ceasing Activity Assessment,FUSION,pmc_ceasingactivity,pmc_previouscaaexistsname
FUSION,Ceasing Activity Assessment,FUSION,pmc_ceasingactivity,pmc_programmerationale
FUSION,Ceasing Activity Assessment,FUSION,pmc_ceasingactivity,pmc_proposedadditionalfunding
FUSION,Ceasing Activity Assessment,FUSION,pmc_ceasingactivity,pmc_proposedadditionalfunding_base
FUSION,Ceasing Activity Assessment,FUSION,pmc_ceasingactivity,pmc_proposedenddate
FUSION,Ceasing Activity Assessment,FUSION,pmc_ceasingactivity,pmc_proposedorganisationid
FUSION,Ceasing Activity Assessment,FUSION,pmc_ceasingactivity,pmc_proposedorganisationidname
FUSION,Ceasing Activity Assessment,FUSION,pmc_ceasingactivity,pmc_proposedorganisationidyominame
FUSION,Ceasing Activity Assessment,FUSION,pmc_ceasingactivity,pmc_proposedprogramme
FUSION,Ceasing Activity Assessment,FUSION,pmc_ceasingactivity,pmc_proposedprogrammename
FUSION,Ceasing Activity Assessment,FUSION,pmc_ceasingactivity,pmc_rationale
FUSION,Ceasing Activity Assessment,FUSION,pmc_ceasingactivity,pmc_recommendationinputcompleted
FUSION,Ceasing Activity Assessment,FUSION,pmc_ceasingactivity,pmc_recommendationinputcompletedname
FUSION,Ceasing Activity Assessment,FUSION,pmc_ceasingactivity,pmc_recommendedaction
FUSION,Ceasing Activity Assessment,FUSION,pmc_ceasingactivity,pmc_recommendedactionname
FUSION,Funding Decision,FUSION,pmc_ceasingactivity,pmc_recommendedactionname
FUSION,Ceasing Activity Assessment,FUSION,pmc_ceasingactivity,pmc_revertcomments
FUSION,Ceasing Activity Assessment,FUSION,pmc_ceasingactivity,pmc_reverted
FUSION,Ceasing Activity Assessment,FUSION,pmc_ceasingactivity,pmc_revertedby
FUSION,Ceasing Activity Assessment,FUSION,pmc_ceasingactivity,pmc_revertedbyname
FUSION,Ceasing Activity Assessment,FUSION,pmc_ceasingactivity,pmc_revertedbyyominame
FUSION,Ceasing Activity Assessment,FUSION,pmc_ceasingactivity,pmc_revertedname
FUSION,Ceasing Activity Assessment,FUSION,pmc_ceasingactivity,pmc_roundid
FUSION,Ceasing Activity Assessment,FUSION,pmc_ceasingactivity,pmc_runfunction
FUSION,Ceasing Activity Assessment,FUSION,pmc_ceasingactivity,pmc_sacsapplicable
FUSION,Ceasing Activity Assessment,FUSION,pmc_ceasingactivity,pmc_sacsapplicablename
FUSION,Ceasing Activity Assessment,FUSION,pmc_ceasingactivity,pmc_transitionalarrangements
FUSION,Ceasing Activity Assessment,FUSION,pmc_ceasingactivity,pmc_updatedby
FUSION,Ceasing Activity Assessment,FUSION,pmc_ceasingactivity,pmc_updatedbyname
FUSION,Ceasing Activity Assessment,FUSION,pmc_ceasingactivity,pmc_updatedbyyominame
FUSION,Ceasing Activity Assessment,FUSION,pmc_ceasingactivity,pmc_validate
FUSION,Ceasing Activity Assessment,FUSION,pmc_ceasingactivity,pmc_validatename
FUSION,Ceasing Activity Assessment,FUSION,pmc_ceasingactivity,processid
FUSION,Ceasing Activity Assessment,FUSION,pmc_ceasingactivity,stageid
FUSION,Ceasing Activity Assessment,FUSION,pmc_ceasingactivity,statecode
FUSION,Ceasing Activity Assessment,FUSION,pmc_ceasingactivity,statecodename
FUSION,Ceasing Activity Assessment,FUSION,pmc_ceasingactivity,statuscode
FUSION,Ceasing Activity Assessment,FUSION,pmc_ceasingactivity,statuscodename
FUSION,Ceasing Activity Funding,FUSION,pmc_ceasingactivity,statuscodename
FUSION,Ceasing Activity Assessment,FUSION,pmc_ceasingactivity,transactioncurrencyid
FUSION,Ceasing Activity Assessment,FUSION,pmc_ceasingactivity,transactioncurrencyidname
FUSION,Ceasing Activity Assessment,FUSION,pmc_ceasingactivity,traversedpath
FUSION,Ceasing Activity Assessment,FUSION,pmc_ceasingactivity,versionnumber
FUSION,Ceasing Activity Assessment,FUSION,pmc_ceasingactivity,pmc_fundingdecision
FUSION,Ceasing Activity Assessment,FUSION,pmc_ceasingactivity,pmc_fundingdecisioncount
FUSION,Ceasing Activity Assessment,FUSION,pmc_ceasingactivity,pmc_caaround
FUSION,Ceasing Activity Assessment,FUSION,pmc_ceasingactivity,pmc_caaroundname
FUSION,Ceasing Activity Assessment,FUSION,pmc_ceasingactivity,pmc_fundingdecisioncount_date
FUSION,Ceasing Activity Assessment,FUSION,pmc_ceasingactivity,pmc_fundingdecisioncount_state
FUSION,Ceasing Activity Assessment,FUSION,pmc_ceasingactivity,pmc_fundingdecisionname
FUSION,Ceasing Activity Assessment,FUSION,pmc_ceasingactivity,createdon
FUSION,Ceasing Activity Assessment,FUSION,pmc_ceasingactivity,modifiedon
ESS,FUSION CDP Activity,ESS,Contract_Electorates,Contract ID
ESS,FUSION CDP Location,ESS,Contract_Electorates,Contract ID
ESS,FUSION CDP Location,ESS,Contract_Electorates,Contract Electorate
ESS,FUSION CDP Activity,ESS,Contract_Electorates,Contract Electorate
FUSION,Programme Sub Component,FUSION,pmc_programsubcomponent,createdon
FUSION,Programme Sub Component,FUSION,pmc_programsubcomponent,modifiedon
FUSION,Programme Sub Component,FUSION,pmc_programsubcomponent,pmc_categoryofexpenditurename
FUSION,Programme Sub Component,FUSION,pmc_programsubcomponent,pmc_description
FUSION,Programme Sub Component,FUSION,pmc_programsubcomponent,pmc_doftypename
FUSION,Programme Sub Component,FUSION,pmc_programsubcomponent,pmc_name
FUSION,Programme Sub Component,FUSION,pmc_programsubcomponent,pmc_program
FUSION,Programme Sub Component,FUSION,pmc_programsubcomponent,pmc_programname
FUSION,Programme Sub Component,FUSION,pmc_programsubcomponent,pmc_programsubcomponentid
FUSION,Programme Sub Component,FUSION,pmc_programsubcomponent,pmc_programsubcomponentidnumber
FUSION,Programme Sub Component,FUSION,pmc_programsubcomponent,pmc_regionalnationalname
FUSION,Programme Sub Component,FUSION,pmc_programsubcomponent,pmc_senateestimatestypename
FUSION,Programme Sub Component,FUSION,pmc_programsubcomponent,pmc_title
FUSION,Programme Sub Component,FUSION,pmc_programsubcomponent,statecodename
FUSION,Programme Sub Component,FUSION,pmc_programsubcomponent,statuscodename
FUSION,Activity Approval Verification - not linked,FUSION,Opportunity,Opportunity Id
FUSION,Activity Approval Verification - not linked,FUSION,Opportunity,Organisation Id
GPS,GPS Activity,GPS,GPS_Activity,Application Id
GPS,GPS Activity,GPS,GPS_Activity,Activity Start Date
GPS,GPS Activity,GPS,GPS_Activity,Activity End Date
GPS,GPS Activity,GPS,GPS_Activity,Legal Entity Name
GPS,GPS Activity,GPS,GPS_Activity,Activity Title
GPS,GPS Activity,GPS,GPS_Activity,AGENCY_NAME
GPS,GPS Activity,GPS,GPS_Activity,AGENCY_ID
GPS,GPS Activity,GPS,GPS_Activity,Activity PBS Outcome
GPS,GPS Activity,GPS,GPS_Activity,Activity PBS Program Name
GPS,GPS Activity,GPS,GPS_Activity,Program Formal External Name - Activity
GPS,GPS Activity,GPS,GPS_Activity,Program Name - Activity
GPS,GPS Activity,GPS,GPS_Activity,Managing Office - Activity
GPS,GPS Activity,GPS,GPS_Activity,Service Provider Id
GPS,GPS Activity,GPS,GPS_Activity,Service Provider Name
GPS,GPS Activity,GPS,GPS_Activity,Service Provider Trading Name
GPS,GPS Activity,GPS,GPS_Activity,Service Provider ABN
GPS,GPS Activity,GPS,GPS_Activity,Service Provider Business Concatenated Address
GPS,GPS Activity,GPS,GPS_Activity,Service Provider Business Address Line 1
GPS,GPS Activity,GPS,GPS_Activity,Service Provider Business Address Line 2
GPS,GPS Activity,GPS,GPS_Activity,Service Provider Business Address Suburb / Town
GPS,GPS Activity,GPS,GPS_Activity,Service Provider Business Address State
GPS,GPS Activity,GPS,GPS_Activity,Service Provider Business Address Postcode
GPS,GPS Activity,GPS,GPS_Activity,Activity Id
GPS,GPS Activity,GPS,GPS_Activity,Activity Status
GPS,GPS Activity,GPS,GPS_Activity,Activity Execution State
GPS,GPS Activity,GPS,GPS_Activity,Activity Manager
GPS,GPS Activity,GPS,GPS_Activity,Activity External Reporting Purpose
GPS,GPS Activity,GPS,GPS_Activity,Activity Long Description
GPS,GPS Activity,GPS,GPS_Activity,Financial Year
GPS,GPS Activity,GPS,GPS_Activity,Activity Tax Code
GPS,GPS Activity,GPS,GPS_Activity,Activity IMPACT PO Id
GPS,GPS Activity,GPS,GPS_Activity,Activity End Reason
GPS,GPS Activity,GPS,GPS_Activity,Activity Approved Date
GPS,GPS Activity,GPS,GPS_Activity,Ministerial/Delegate Funding Approved By
GPS,GPS Activity,GPS,GPS_Activity,Minister/Delegate Funding Approved Date
GPS,GPS Activity,GPS,GPS_Activity,Activity Expected Expenditure ex GST
GPS,GPS Activity,GPS,GPS_Activity,Activity Value Ex GST
GPS,GPS Activity,GPS,GPS_Activity,Activity Base Expenditure Ex GST
GPS,GPS Activity,GPS,GPS_Activity,Activity Remaining Expenditure ex GST
GPS,GPS Activity,GPS,GPS_Activity,Activity Variation Amount Ex GST
GPS,GPS Activity,GPS,GPS_Activity,Activity Brought Forward Amount Ex GST
GPS,GPS Activity,GPS,GPS_Activity,Activity Written Back Amount Ex GST
GPS,GPS Activity,GPS,GPS_Activity,Activity Manager Email Address
GPS,GPS Activity,GPS,GPS_Activity,Schedule Manager
GPS,GPS Activity,GPS,GPS_Activity,Schedule Manager Email Address
GPS,GPS Activity,GPS,GPS_Activity,Managing Office - Program Schedule
GPS,GPS Activity,GPS,GPS_Activity,Program Schedule Id
NIAA,Program Expenditure,NIAA,Program Budget,Program Budget Id
NIAA,Program Expenditure,NIAA,Program Budget,Program Tracker Id
NIAA,Program Expenditure,NIAA,Program Budget,Financial Year
NIAA,Program Expenditure,NIAA,Program Budget,Financial Year Id
NIAA,Program Expenditure,NIAA,Program Budget,Financial Year Start Date
NIAA,Program Expenditure,NIAA,Program Budget,Financial Year End Date
NIAA,Program Expenditure,NIAA,Program Budget,Budget Amount
NIAA,Program Expenditure,NIAA,Program Budget,Checksum Id
FUSION,Electorate Group Approve,FUSION,pmc_electorategroupapprove,pmc_electorategroupapproveid
FUSION,Electorate Group Approve,FUSION,pmc_electorategroupapprove,pmc_name
FUSION,Electorate Group Approve,FUSION,pmc_electorategroupapprove,statuscodename
FUSION,Grant Acquittal Calculation,FUSION,pmc_grantacquittalcalculation,pmc_amount
FUSION,Grant Acquittal Calculation,FUSION,pmc_grantacquittalcalculation,pmc_calculationquestiontemplateid
FUSION,Grant Acquittal Calculation,FUSION,pmc_grantacquittalcalculation,pmc_calculationquestiontemplateidname
FUSION,Grant Acquittal Calculation,FUSION,pmc_grantacquittalcalculation,pmc_comments
FUSION,Grant Acquittal Calculation,FUSION,pmc_grantacquittalcalculation,pmc_description
FUSION,Grant Acquittal Calculation,FUSION,pmc_grantacquittalcalculation,pmc_financialyearid
FUSION,Grant Acquittal Calculation,FUSION,pmc_grantacquittalcalculation,pmc_financialyearidname
FUSION,Grant Acquittal Calculation,FUSION,pmc_grantacquittalcalculation,pmc_grantacquittalcalculationid
FUSION,Grant Acquittal Calculation,FUSION,pmc_grantacquittalcalculation,pmc_grantacquittalid
FUSION,Grant Acquittal Calculation,FUSION,pmc_grantacquittalcalculation,pmc_mandatoryifamountnotzeroname
FUSION,Grant Acquittal Calculation,FUSION,pmc_grantacquittalcalculation,pmc_mandatoryifamountzeroname
FUSION,Grant Acquittal Calculation,FUSION,pmc_grantacquittalcalculation,pmc_name
FUSION,Grant Acquittal Calculation,FUSION,pmc_grantacquittalcalculation,pmc_order
FUSION,Grant Acquittal Calculation,FUSION,pmc_grantacquittalcalculation,pmc_type
FUSION,Grant Acquittal Calculation,FUSION,pmc_grantacquittalcalculation,pmc_typename
FUSION,Grant Acquittal Calculation,FUSION,pmc_grantacquittalcalculation,statecodename
FUSION,Grant Acquittal Calculation,FUSION,pmc_grantacquittalcalculation,statuscodename
ESS,CDP Region,ESS,PMC_and_CDP_Regions,PMC Region Code
ESS,CDP Grant Activity,ESS,PMC_and_CDP_Regions,PMC Region Name
ESS,FUSION CDP Activity,ESS,PMC_and_CDP_Regions,PMC Region Name
ESS,CDP Grant Activity updated,ESS,PMC_and_CDP_Regions,PMC Region Name
ESS,FUSION CDP Location,ESS,PMC_and_CDP_Regions,CDP Region Number
ESS,FUSION CDP Activity,ESS,PMC_and_CDP_Regions,CDP Region Number
ESS,CDP Region,ESS,PMC_and_CDP_Regions,CDP Region Number
ESS,CDP Region,ESS,PMC_and_CDP_Regions,NIAA Region Name
ESS,CDP Region,ESS,PMC_and_CDP_Regions,Managing Office
ESS,CDP Grant Activity,ESS,PMC_and_CDP_Regions,Managing Office
ESS,CDP Grant Activity,ESS,PMC_and_CDP_Regions,CDP Region Code
ESS,CDP Grant Activity updated,ESS,PMC_and_CDP_Regions,CDP Region Code
ESS,CDP Grant Activity Site Location,ESS,CDP Site Contract,Contract Id
ESS,CDP Grant Activity Site Location,ESS,CDP Site Contract,Site Code
ESS,CDP Grant Activity Site Location,ESS,CDP Site Contract,Current Caseload
ESS,CDP Grant Activity Site Location,ESS,CDP Site Contract,Site Current Latitude
ESS,CDP Grant Activity Site Location,ESS,CDP Site Contract,Site Current Longitude
ESS,CDP Grant Activity Site Location,ESS,CDP Site Contract,Site Current Street
ESS,CDP Grant Activity Site Location,ESS,CDP Site Contract,Site Current Suburb
ESS,CDP Grant Activity Site Location,ESS,CDP Site Contract,Site Current State Code
ESS,CDP Grant Activity Site Location,ESS,CDP Site Contract,Site Current Postcode
ESS,CDP Grant Activity Site Location,ESS,CDP Site Contract,Mesh Block Code 2016
ESS,CDP Grant Activity Site Location,ESS,CDP Site Contract,Mesh Block Code 2021
Forms,CDP_PPR_Result_Calculation_SubMeasure,ESS,CDP Site Contract,Organisation Code
Forms,CDP_PPR_Result_Calculation_Review_History,ESS,CDP Site Contract,Organisation Code
Forms,CDP_PPR_Result_Calculation,ESS,CDP Site Contract,Organisation Code
Forms,CDP_PPR_Result_Calculation Old 20240404,ESS,CDP Site Contract,Organisation Code
Forms,CDP_PPR_Result_Calculation Old 20240404,ESS,CDP Site Contract,Organisation
Forms,CDP_PPR_Result_Calculation,ESS,CDP Site Contract,Organisation
Forms,CDP_PPR_Result_Calculation_Review_History,ESS,CDP Site Contract,Organisation
Forms,CDP_PPR_Result_Calculation_SubMeasure,ESS,CDP Site Contract,Organisation
Forms,CDP_PPR_Result_Calculation_SubMeasure,ESS,CDP Site Contract,CDP Region Code
Forms,CDP_PPR_Result_Calculation_Review_History,ESS,CDP Site Contract,CDP Region Code
Forms,CDP_PPR_Result_Calculation,ESS,CDP Site Contract,CDP Region Code
Forms,CDP_PPR_Result_Calculation Old 20240404,ESS,CDP Site Contract,CDP Region Code
Forms,CDP_PPR_Result_Calculation Old 20240404,ESS,CDP Site Contract,CDP Region Name
Forms,CDP_PPR_Result_Calculation,ESS,CDP Site Contract,CDP Region Name
Forms,CDP_PPR_Result_Calculation_Review_History,ESS,CDP Site Contract,CDP Region Name
Forms,CDP_PPR_Result_Calculation_SubMeasure,ESS,CDP Site Contract,CDP Region Name
Forms,CDP_PPR_Result_Calculation_SubMeasure,ESS,CDP Site Contract,CDP Region Number
Forms,CDP_PPR_Result_Calculation_Review_History,ESS,CDP Site Contract,CDP Region Number
Forms,CDP_PPR_Result_Calculation,ESS,CDP Site Contract,CDP Region Number
Forms,CDP_PPR_Result_Calculation Old 20240404,ESS,CDP Site Contract,CDP Region Number
ESS,CDP Grant Activity Site Location,ESS,CDP Site Contract,Contract Site Start Date
ESS,CDP Grant Activity Site Location,ESS,CDP Site Contract,Contract Site Expiry Date
CRM,Public Enquiry,CRM,pmc_publicenquiry,pmc_closeddate
CRM,Public Enquiry,CRM,pmc_publicenquiry,pmc_contact
CRM,Public Enquiry,CRM,pmc_publicenquiry,pmc_enquirydate
CRM,Public Enquiry,CRM,pmc_publicenquiry,pmc_enquiryid
CRM,Public Enquiry,CRM,pmc_publicenquiry,pmc_enquiryoriginname
CRM,Public Enquiry,CRM,pmc_publicenquiry,pmc_enquirytypename
CRM,Public Enquiry,CRM,pmc_publicenquiry,pmc_name
CRM,Public Enquiry,CRM,pmc_publicenquiry,pmc_organisation
CRM,Public Enquiry,CRM,pmc_publicenquiry,pmc_outcome
CRM,Public Enquiry,CRM,pmc_publicenquiry,pmc_owningbranch
CRM,Public Enquiry,CRM,pmc_publicenquiry,pmc_owninggroup
CRM,Public Enquiry,CRM,pmc_publicenquiry,ownerid
CRM,Public Enquiry,CRM,pmc_publicenquiry,owninguser
CRM,Public Enquiry,CRM,pmc_publicenquiry,statuscodename
IPP,Qpr Supply Chain Subcontractor Join Qpr Join Contract Notice,IPP,pmc_qprsupplychainsubcontractor,pmc_qpr
IPP,Qpr Supply Chain Subcontractor Join Qpr Join Contract Notice,IPP,pmc_qprsupplychainsubcontractor,pmc_qprsupplychainsubcontractorid
ESS,For NLP CDP Barrier,ESS,SUB821_JS_BARRIER_NIAA,EFFECTIVE_START_DATE
ESS,For NLP CDP Barrier,ESS,SUB821_JS_BARRIER_NIAA,EFFECTIVE_END_DATE
ESS,For NLP CDP Barrier,ESS,SUB821_JS_BARRIER_NIAA,BarrierId
ESS,CDP Barrier Job Plan Assistance Link,ESS,SUB821_JS_BARRIER_NIAA,BarrierId
ESS,CDP Barrier,ESS,SUB821_JS_BARRIER_NIAA,BarrierId
ESS,CDP Barrier Job Plan Activity Link,ESS,SUB821_JS_BARRIER_NIAA,BarrierId
ESS,CDP Barrier Job Plan Activity Link,ESS,SUB821_JS_BARRIER_NIAA,JobSeekerId
ESS,CDP Barrier,ESS,SUB821_JS_BARRIER_NIAA,JobSeekerId
ESS,CDP Barrier Job Plan Assistance Link,ESS,SUB821_JS_BARRIER_NIAA,JobSeekerId
ESS,For NLP CDP Barrier,ESS,SUB821_JS_BARRIER_NIAA,JobSeekerId
ESS,CDP Barrier Job Plan Assistance Link,ESS,SUB821_JS_BARRIER_NIAA,StatusCode
ESS,CDP Barrier,ESS,SUB821_JS_BARRIER_NIAA,StatusCode
ESS,CDP Barrier Job Plan Activity Link,ESS,SUB821_JS_BARRIER_NIAA,StatusCode
ESS,CDP Barrier,ESS,SUB821_JS_BARRIER_NIAA,BarrierCode
ESS,For NLP CDP Barrier,ESS,SUB821_JS_BARRIER_NIAA,BarrierCode
ESS,For NLP CDP Barrier,ESS,SUB821_JS_BARRIER_NIAA,BarrierType
ESS,CDP Barrier,ESS,SUB821_JS_BARRIER_NIAA,BarrierType
ESS,CDP Barrier Job Plan Assistance Link,ESS,SUB821_JS_BARRIER_NIAA,BarrierType
ESS,CDP Barrier Job Plan Activity Link,ESS,SUB821_JS_BARRIER_NIAA,BarrierType
ESS,CDP Barrier,ESS,SUB821_JS_BARRIER_NIAA,Comments
ESS,For NLP CDP Barrier,ESS,SUB821_JS_BARRIER_NIAA,Comments
ESS,For NLP CDP Barrier,ESS,SUB821_JS_BARRIER_NIAA,ResultCode
ESS,CDP Barrier,ESS,SUB821_JS_BARRIER_NIAA,ResultCode
ESS,CDP Barrier Job Plan Assistance Link,ESS,SUB821_JS_BARRIER_NIAA,ResultCode
ESS,CDP Barrier Job Plan Activity Link,ESS,SUB821_JS_BARRIER_NIAA,ResultCode
ESS,CDP Barrier Job Plan Activity Link,ESS,SUB821_JS_BARRIER_NIAA,ResultDate
ESS,CDP Barrier Job Plan Assistance Link,ESS,SUB821_JS_BARRIER_NIAA,ResultDate
ESS,CDP Barrier,ESS,SUB821_JS_BARRIER_NIAA,ResultDate
ESS,For NLP CDP Barrier,ESS,SUB821_JS_BARRIER_NIAA,ResultDate
ESS,For NLP CDP Barrier,ESS,SUB821_JS_BARRIER_NIAA,ActualStartDate
ESS,CDP Barrier,ESS,SUB821_JS_BARRIER_NIAA,ActualStartDate
ESS,CDP Barrier,ESS,SUB821_JS_BARRIER_NIAA,SeverityCode
ESS,For NLP CDP Barrier,ESS,SUB821_JS_BARRIER_NIAA,SeverityCode
ESS,For NLP CDP Barrier,ESS,SUB821_JS_BARRIER_NIAA,ResultReasonCode
ESS,CDP Barrier,ESS,SUB821_JS_BARRIER_NIAA,ResultReasonCode
ESS,CDP Barrier,ESS,SUB821_JS_BARRIER_NIAA,IsActive
ESS,CDP Barrier Job Plan Assistance Link,ESS,SUB821_JS_BARRIER_NIAA,IsActive
ESS,CDP Barrier Job Plan Activity Link,ESS,SUB821_JS_BARRIER_NIAA,IsActive
ESS,FUSION CDP Location,ESS,CDP_Contract_and_Region,CDP Contract ID
ESS,FUSION CDP Activity,ESS,CDP_Contract_and_Region,CDP Contract ID
ESS,FUSION CDP Activity,ESS,CDP_Contract_and_Region,CDP Region Number
ESS,FUSION CDP Location,ESS,CDP_Contract_and_Region,CDP Region Number
GPS,Grant Application Contact,GPS,GPS_Application_Contact,Application Id
GPS,Grant Application Contact,GPS,GPS_Application_Contact,Number of Application Contacts
GPS,Grant Application Contact,GPS,GPS_Application_Contact,Application Contact Email
GPS,Grant Application Contact,GPS,GPS_Application_Contact,Application Contact Position Title
GPS,Grant Application Contact,GPS,GPS_Application_Contact,Application Contact Position Type
GPS,Grant Application Contact,GPS,GPS_Application_Contact,Application Primary Contact Flag
GPS,Grant Application Contact,GPS,GPS_Application_Contact,Application Contact Full Name
GPS,Grant Application Contact,GPS,GPS_Application_Contact,Application Contact Last Name
GPS,Grant Application Contact,GPS,GPS_Application_Contact,Application Contact First Name
GPS,Grant Application Contact,GPS,GPS_Application_Contact,Application Contact Phone Type
GPS,Grant Application Contact,GPS,GPS_Application_Contact,Application Contact Phone
TSG,Case Audit Reporting,TSG_LOAD,audit_reporting,objectid
TSG,Assessment Audit Reporting,TSG_LOAD,audit_reporting,objectid
TSG,Assessment Audit Reporting,TSG_LOAD,audit_reporting,objecttypecode
TSG,Case Audit Reporting,TSG_LOAD,audit_reporting,objecttypecode
TSG,Case Audit Reporting,TSG_LOAD,audit_reporting,objecttypecodemeasure
TSG,Assessment Audit Reporting,TSG_LOAD,audit_reporting,objecttypecodemeasure
TSG,Assessment Audit Reporting,TSG_LOAD,audit_reporting,from
TSG,Case Audit Reporting,TSG_LOAD,audit_reporting,from
TSG,Case Audit Reporting,TSG_LOAD,audit_reporting,to
TSG,Assessment Audit Reporting,TSG_LOAD,audit_reporting,to
TSG,Assessment Audit Reporting,TSG_LOAD,audit_reporting,datefrom
TSG,Case Audit Reporting,TSG_LOAD,audit_reporting,datefrom
TSG,Case Audit Reporting,TSG_LOAD,audit_reporting,dateto
TSG,Assessment Audit Reporting,TSG_LOAD,audit_reporting,dateto
TSG,Assessment Audit Reporting,TSG_LOAD,audit_reporting,timedifferenceseconds
TSG,Case Audit Reporting,TSG_LOAD,audit_reporting,timedifferenceseconds
FUSION,Electorate Group-Submit Approval View,FUSION,pmc_electorategroupsubmitapproval,pmc_electorategroupsubmitapprovalid
FUSION,Electorate Group-Submit Approval View,FUSION,pmc_electorategroupsubmitapproval,pmc_name
FUSION,Electorate Group-Submit Approval View,FUSION,pmc_electorategroupsubmitapproval,statecodename
FUSION,Electorate Group-Submit Approval View,FUSION,pmc_electorategroupsubmitapproval,statuscodename
FUSION,Grant Acquittal Outcome Type,FUSION,pmc_grantacquittaloutcome,pmc_grantacquittaloutcomeid
FUSION,Grant Acquittal Outcome Type,FUSION,pmc_grantacquittaloutcome,pmc_name
FUSION,Grant Acquittal Outcome Type,FUSION,pmc_grantacquittaloutcome,pmc_overspendname
FUSION,Grant Acquittal Outcome Type,FUSION,pmc_grantacquittaloutcome,pmc_underspendname
FUSION,Grant Acquittal Outcome Type,FUSION,pmc_grantacquittaloutcome,statecodename
FUSION,Grant Acquittal Outcome Type,FUSION,pmc_grantacquittaloutcome,statuscodename
NIAA,MB 2016 - EC 2020,NIAA,MB_TO_EC_2020,EC_REGION
NIAA,MB 2016 - EC 2020,NIAA,MB_TO_EC_2020,MB_CODE16
NIAA,MB 2016 - EC 2020,NIAA,MB_TO_EC_2020,MB_CAT16
FUSION,Budget Measure,FUSION,pmc_budgetmeasure,pmc_budgetmeasuredescription
FUSION,Budget Measure,FUSION,pmc_budgetmeasure,pmc_budgetmeasureid
FUSION,Budget Measure,FUSION,pmc_budgetmeasure,pmc_budgetmeasureidnumber
FUSION,Budget Measure,FUSION,pmc_budgetmeasure,pmc_budgetmeasuretitle
FUSION,Budget Measure,FUSION,pmc_budgetmeasure,pmc_budgetroundfinancialyear
FUSION,Budget Measure,FUSION,pmc_budgetmeasure,pmc_budgetroundfinancialyearname
FUSION,Budget Measure,FUSION,pmc_budgetmeasure,pmc_budgetroundtypename
FUSION,Budget Measure,FUSION,pmc_budgetmeasure,pmc_name
FUSION,Budget Measure,FUSION,pmc_budgetmeasure,pmc_programid
FUSION,Budget Measure,FUSION,pmc_budgetmeasure,pmc_programidname
FUSION,Budget Measure,FUSION,pmc_budgetmeasure,pmc_programsubcomponentid
FUSION,Budget Measure,FUSION,pmc_budgetmeasure,pmc_programsubcomponentidname
FUSION,Budget Measure,FUSION,pmc_budgetmeasure,statecodename
FUSION,Budget Measure,FUSION,pmc_budgetmeasure,statuscodename
FUSION,Budget Measure,FUSION,pmc_budgetmeasure,createdon
FUSION,Budget Measure,FUSION,pmc_budgetmeasure,modifiedon
NDIA,NDIS Providers - obsolete,NDIA,P2,Suburb
NDIA,NDIS Funding by Location,NDIA,P2,Suburb
NDIA,NDIS Funding by Location,NDIA,P2,Postcode
NDIA,NDIS Providers - obsolete,NDIA,P2,Postcode
NDIA,NDIS Providers - obsolete,NDIA,P2,LGA
NDIA,NDIS Funding by Location,NDIA,P2,LGA
NDIA,NDIS Funding by Location,NDIA,P2,Provider_Count
NDIA,NDIS Providers - obsolete,NDIA,P2,Provider_Count
NDIA,NDIS Funding by Location,NDIA,P2,Total_BudgetAmount
NDIA,NDIS Funding by Location,NDIA,P2,Capital_BudgetAmount
NDIA,NDIS Funding by Location,NDIA,P2,Core_BudgetAmount
NDIA,NDIS Funding by Location,NDIA,P2,Cap_Bld_BudgetAmount
NDIA,NDIS Funding by Location,NDIA,P2,Total_Claimed
NDIA,NDIS Funding by Location,NDIA,P2,Capital_Claimed
NDIA,NDIS Funding by Location,NDIA,P2,Core_Claimed
NDIA,NDIS Funding by Location,NDIA,P2,Cap_Bld_Claimed
NDIA,NDIS Funding by Location,NDIA,P2,LoadDate
NDIA,NDIS Providers - obsolete,NDIA,P2,LoadDate
FUSION,Electorate Group-Submit Endorsement View,FUSION,pmc_electorategroupsubmitendorsement,pmc_electorategroupsubmitendorsementid
FUSION,Electorate Group-Submit Endorsement View,FUSION,pmc_electorategroupsubmitendorsement,pmc_name
FUSION,Electorate Group-Submit Endorsement View,FUSION,pmc_electorategroupsubmitendorsement,statecodename
FUSION,Electorate Group-Submit Endorsement View,FUSION,pmc_electorategroupsubmitendorsement,statuscodename
FUSION,Grant Acquittal Recommendation,FUSION,pmc_grantacquittalrecommendation,pmc_acquittalrecommendation
FUSION,Grant Acquittal Recommendation,FUSION,pmc_grantacquittalrecommendation,pmc_acquittalrecommendationname
FUSION,Grant Acquittal Recommendation,FUSION,pmc_grantacquittalrecommendation,pmc_carryamountrequested
FUSION,Grant Acquittal Recommendation,FUSION,pmc_grantacquittalrecommendation,pmc_currentgrantacquittal
FUSION,Grant Acquittal Recommendation,FUSION,pmc_grantacquittalrecommendation,pmc_currentgrantactivity
FUSION,Grant Acquittal Recommendation,FUSION,pmc_grantacquittalrecommendation,pmc_currentgrantactivityname
FUSION,Grant Acquittal Recommendation,FUSION,pmc_grantacquittalrecommendation,pmc_debtinvoicerequiredname
FUSION,Grant Acquittal Recommendation,FUSION,pmc_grantacquittalrecommendation,pmc_destinationacquittalreview
FUSION,Grant Acquittal Recommendation,FUSION,pmc_grantacquittalrecommendation,pmc_destinationacquittalreviewname
FUSION,Grant Acquittal Recommendation,FUSION,pmc_grantacquittalrecommendation,pmc_destinationfinancialyear
FUSION,Grant Acquittal Recommendation,FUSION,pmc_grantacquittalrecommendation,pmc_destinationfinancialyearname
FUSION,Grant Acquittal Recommendation,FUSION,pmc_grantacquittalrecommendation,pmc_destinationgrantacquittal
FUSION,Grant Acquittal Recommendation,FUSION,pmc_grantacquittalrecommendation,pmc_destinationgrantactivity
FUSION,Grant Acquittal Recommendation,FUSION,pmc_grantacquittalrecommendation,pmc_destinationgrantactivityname
FUSION,Grant Acquittal Recommendation,FUSION,pmc_grantacquittalrecommendation,pmc_grantacquittalrecommendationid
FUSION,Grant Acquittal Recommendation,FUSION,pmc_grantacquittalrecommendation,pmc_name
FUSION,Grant Acquittal Recommendation,FUSION,pmc_grantacquittalrecommendation,pmc_proposalforuseofunderspend
FUSION,Grant Acquittal Recommendation,FUSION,pmc_grantacquittalrecommendation,pmc_proposedamount
FUSION,Grant Acquittal Recommendation,FUSION,pmc_grantacquittalrecommendation,pmc_recommendationamount
FUSION,Grant Acquittal Recommendation,FUSION,pmc_grantacquittalrecommendation,pmc_recommendationid
FUSION,Grant Acquittal Recommendation,FUSION,pmc_grantacquittalrecommendation,pmc_ucbcapprovedon
FUSION,Grant Acquittal Recommendation,FUSION,pmc_grantacquittalrecommendation,pmc_ucbcapprover
FUSION,Grant Acquittal Recommendation,FUSION,pmc_grantacquittalrecommendation,pmc_ucbcassessorrecommendation
FUSION,Grant Acquittal Recommendation,FUSION,pmc_grantacquittalrecommendation,pmc_ucbcdecisioncomments
FUSION,Grant Acquittal Recommendation,FUSION,pmc_grantacquittalrecommendation,pmc_ucbcstatus
FUSION,Grant Acquittal Recommendation,FUSION,pmc_grantacquittalrecommendation,pmc_ucbcstatusname
FUSION,Grant Acquittal Recommendation,FUSION,pmc_grantacquittalrecommendation,statecodename
FUSION,Grant Acquittal Recommendation,FUSION,pmc_grantacquittalrecommendation,statuscodename
Forms,CDP_PPR_Assessment_Response_Summary_Review_History_Test,Forms,CDP_PPR_Response_Option,Question Order Key
Forms,CDP_PPR_Assessment_Response_Mod_View,Forms,CDP_PPR_Response_Option,Question Order Key
Forms,CDP_PPR_Assessment_Response_Mod_Review_History_View,Forms,CDP_PPR_Response_Option,Question Order Key
Forms,CDP_PPR_Assessment_Response_Mod_Review_History_View,Forms,CDP_PPR_Response_Option,Response Option Text
Forms,CDP_PPR_Assessment_Response_Mod_View,Forms,CDP_PPR_Response_Option,Response Option Text
Forms,CDP_PPR_Assessment_Response_Summary_Review_History_Test,Forms,CDP_PPR_Response_Option,Response Option Text
Forms,CDP_PPR_Assessment_Response_Mod_Review_History_View_PPR13,Forms,CDP_PPR_Response_Option,Response Option Text
Forms,CDP_PPR_Assessment_Response_Mod_Review_History_View_PPR13,Forms,CDP_PPR_Response_Option,Response Option Value
Forms,CDP_PPR_Assessment_Response_Summary_Review_History_Test,Forms,CDP_PPR_Response_Option,Response Option Value
Forms,CDP_PPR_Assessment_Response_Mod_View,Forms,CDP_PPR_Response_Option,Response Option Value
Forms,CDP_PPR_Assessment_Response_Mod_Review_History_View,Forms,CDP_PPR_Response_Option,Response Option Value
Forms,CDP_PPR_Assessment_Response_Mod_Review_History_View,Forms,CDP_PPR_Response_Option,Required Response Adjustment
Forms,CDP_PPR_Assessment_Response_Mod_View,Forms,CDP_PPR_Response_Option,Required Response Adjustment
Forms,CDP_PPR_Assessment_Response_Summary_Review_History_Test,Forms,CDP_PPR_Response_Option,Required Response Adjustment
Forms,CDP_PPR_Assessment_Response_Mod_Review_History_View_PPR13,Forms,CDP_PPR_Response_Option,Required Response Adjustment
Forms,CDP_PPR_Assessment_Response_Mod_Review_History_View_PPR13,Forms,CDP_PPR_Response_Option,Option PPR Measure Key
Forms,CDP_PPR_Assessment_Response_Summary_Review_History_Test,Forms,CDP_PPR_Response_Option,Option PPR Measure Key
Forms,CDP_PPR_Assessment_Response_Mod_View,Forms,CDP_PPR_Response_Option,Option PPR Measure Key
Forms,CDP_PPR_Assessment_Response_Mod_Review_History_View,Forms,CDP_PPR_Response_Option,Option PPR Measure Key
IPP,Reporting PIT Fact,IPP,pmc_unspsccode,pmc_hlcodeflag
IPP,Reporting PIT Fact,IPP,pmc_unspsccode,pmc_parentunspsccodeid
IPP,Reporting PIT Fact,IPP,pmc_unspsccode,pmc_unspsccodeid
NIAA,Glossary Detail,NIAA,Glossary,Term Id
NIAA,Glossary Detail,NIAA,Glossary,Term
NIAA,Glossary Detail,NIAA,Glossary,Business Context
NIAA,Glossary Detail,NIAA,Glossary,Program
NIAA,Glossary Detail,NIAA,Glossary,Sub Program
NIAA,Glossary Detail,NIAA,Glossary,Program Structure
NIAA,Glossary Detail,NIAA,Glossary,Definition
NIAA,Glossary Detail,NIAA,Glossary,Category
NIAA,Glossary Detail,NIAA,Glossary,Data Type
NIAA,Glossary Detail,NIAA,Glossary,Source
NIAA,Glossary Detail,NIAA,Glossary,Units Of Measurement
NIAA,Glossary Detail,NIAA,Glossary,Synonyms
NIAA,Glossary Detail,NIAA,Glossary,Example
NIAA,Glossary Detail,NIAA,Glossary,Related Terms
NIAA,Glossary Detail,NIAA,Glossary,Qlik Apps
NIAA,Glossary Detail,NIAA,Glossary,Chart Expression
NIAA,Glossary Detail,NIAA,Glossary,Pseudo Code
NIAA,Glossary Detail,NIAA,Glossary,Data Lineage Description
NIAA,Glossary Detail,NIAA,Glossary,Data Validity And Quality
NIAA,Glossary Detail,NIAA,Glossary,Owner
NIAA,Glossary Detail,NIAA,Glossary,ChangedBy
NIAA,Glossary Detail,NIAA,Glossary,ChangeDate
NIAA,Glossary Detail,NIAA,Glossary,Deleted
NIAA,Glossary Detail,NIAA,Glossary,DateCreated
FUSION,Electorate Information,FUSION,pmc_electorateinformation,pmc_description
FUSION,Electorate Information,FUSION,pmc_electorateinformation,pmc_electorate
FUSION,Electorate Information,FUSION,pmc_electorateinformation,pmc_electorategroupid
FUSION,Electorate Information,FUSION,pmc_electorateinformation,pmc_electorategroupidname
FUSION,Electorate Information,FUSION,pmc_electorateinformation,pmc_electorateinformationid
FUSION,Electorate Information,FUSION,pmc_electorateinformation,pmc_issuetypename
FUSION,Electorate Information,FUSION,pmc_electorateinformation,pmc_lastmodified
FUSION,Electorate Information,FUSION,pmc_electorateinformation,pmc_lastmodifiedbyname
FUSION,Electorate Information,FUSION,pmc_electorateinformation,pmc_name
FUSION,Electorate Information,FUSION,pmc_electorateinformation,pmc_order
FUSION,Electorate Information,FUSION,pmc_electorateinformation,pmc_priorityname
FUSION,Electorate Information,FUSION,pmc_electorateinformation,pmc_title
FUSION,Electorate Information,FUSION,pmc_electorateinformation,pmc_type
FUSION,Electorate Information,FUSION,pmc_electorateinformation,pmc_typename
FUSION,Electorate Information,FUSION,pmc_electorateinformation,pmc_validfrom
FUSION,Electorate Information,FUSION,pmc_electorateinformation,pmc_validto
FUSION,Electorate Information,FUSION,pmc_electorateinformation,statuscodename
FUSION,Grant Acquittal Recommendation Type,FUSION,pmc_grantacquittalrecommendationtype,pmc_amountrange
FUSION,Grant Acquittal Recommendation Type,FUSION,pmc_grantacquittalrecommendationtype,pmc_amountrangename
FUSION,Grant Acquittal Recommendation Type,FUSION,pmc_grantacquittalrecommendationtype,pmc_debtinvoicerequiredname
FUSION,Grant Acquittal Recommendation Type,FUSION,pmc_grantacquittalrecommendationtype,pmc_grantacquittaloutcometype
FUSION,Grant Acquittal Recommendation Type,FUSION,pmc_grantacquittalrecommendationtype,pmc_grantacquittaloutcometypename
FUSION,Grant Acquittal Recommendation Type,FUSION,pmc_grantacquittalrecommendationtype,pmc_grantacquittalrecommendationtypeid
FUSION,Grant Acquittal Recommendation Type,FUSION,pmc_grantacquittalrecommendationtype,pmc_linktofutureacquittalname
FUSION,Grant Acquittal Recommendation Type,FUSION,pmc_grantacquittalrecommendationtype,pmc_name
FUSION,Grant Acquittal Recommendation Type,FUSION,pmc_grantacquittalrecommendationtype,pmc_underspendcarryovername
FUSION,Grant Acquittal Recommendation Type,FUSION,pmc_grantacquittalrecommendationtype,statecodename
FUSION,Grant Acquittal Recommendation Type,FUSION,pmc_grantacquittalrecommendationtype,statuscodename
FUSION,Ceasing Activity Assessment Round,FUSION,pmc_ceasingactivityassessmentround,pmc_caaroundid
FUSION,Ceasing Activity Assessment Round,FUSION,pmc_ceasingactivityassessmentround,pmc_caaroundtitle
FUSION,Ceasing Activity Assessment Round,FUSION,pmc_ceasingactivityassessmentround,pmc_ceasingactivityassessmentroundid
FUSION,Ceasing Activity Assessment Round,FUSION,pmc_ceasingactivityassessmentround,pmc_description
FUSION,Ceasing Activity Assessment Round,FUSION,pmc_ceasingactivityassessmentround,pmc_name
FUSION,Ceasing Activity Assessment Round,FUSION,pmc_ceasingactivityassessmentround,statecodename
FUSION,Ceasing Activity Assessment Round,FUSION,pmc_ceasingactivityassessmentround,statuscodename
FUSION,Ceasing Activity Assessment Round,FUSION,pmc_ceasingactivityassessmentround,createdon
FUSION,Ceasing Activity Assessment Round,FUSION,pmc_ceasingactivityassessmentround,modifiedon
NIAA,Source Systems Date Time Last Extracted,GPS,DW_Sys_Siebel_Cut_Off,Siebel_Cut_Off_Date_Time
FUSION,Electorate Organisation Summary,FUSION,pmc_electorateorganisationsummary,pmc_abn
FUSION,Electorate Organisation Summary,FUSION,pmc_electorateorganisationsummary,pmc_electorateid
FUSION,Electorate Organisation Summary,FUSION,pmc_electorateorganisationsummary,pmc_electorateorganisationsummaryid
FUSION,Electorate Organisation Summary,FUSION,pmc_electorateorganisationsummary,pmc_indigeneity
FUSION,Electorate Organisation Summary,FUSION,pmc_electorateorganisationsummary,pmc_name
FUSION,Electorate Organisation Summary,FUSION,pmc_electorateorganisationsummary,pmc_organisationdisplayname
FUSION,Electorate Organisation Summary,FUSION,pmc_electorateorganisationsummary,pmc_organisationid
FUSION,Electorate Organisation Summary,FUSION,pmc_electorateorganisationsummary,pmc_parentorganisation
FUSION,Electorate Organisation Summary,FUSION,pmc_electorateorganisationsummary,pmc_parentorganisationname
FUSION,Electorate Organisation Summary,FUSION,pmc_electorateorganisationsummary,pmc_parentsummaryid
FUSION,Electorate Organisation Summary,FUSION,pmc_electorateorganisationsummary,pmc_sourceorganisationid
FUSION,Electorate Organisation Summary,FUSION,pmc_electorateorganisationsummary,pmc_total21jle
FUSION,Electorate Organisation Summary,FUSION,pmc_electorateorganisationsummary,pmc_total21jle_base
FUSION,Electorate Organisation Summary,FUSION,pmc_electorateorganisationsummary,pmc_total21jle_date
FUSION,Electorate Organisation Summary,FUSION,pmc_electorateorganisationsummary,pmc_total21jle_state
FUSION,Electorate Organisation Summary,FUSION,pmc_electorateorganisationsummary,pmc_total22cs
FUSION,Electorate Organisation Summary,FUSION,pmc_electorateorganisationsummary,pmc_total22cs_base
FUSION,Electorate Organisation Summary,FUSION,pmc_electorateorganisationsummary,pmc_total22cs_date
FUSION,Electorate Organisation Summary,FUSION,pmc_electorateorganisationsummary,pmc_total22cs_state
FUSION,Electorate Organisation Summary,FUSION,pmc_electorateorganisationsummary,pmc_total23sw
FUSION,Electorate Organisation Summary,FUSION,pmc_electorateorganisationsummary,pmc_total23sw_base
FUSION,Electorate Organisation Summary,FUSION,pmc_electorateorganisationsummary,pmc_total23sw_date
FUSION,Electorate Organisation Summary,FUSION,pmc_electorateorganisationsummary,pmc_total23sw_state
FUSION,Electorate Organisation Summary,FUSION,pmc_electorateorganisationsummary,pmc_total24cc
FUSION,Electorate Organisation Summary,FUSION,pmc_electorateorganisationsummary,pmc_total24cc_base
FUSION,Electorate Organisation Summary,FUSION,pmc_electorateorganisationsummary,pmc_total24cc_date
FUSION,Electorate Organisation Summary,FUSION,pmc_electorateorganisationsummary,pmc_total24cc_state
FUSION,Electorate Organisation Summary,FUSION,pmc_electorateorganisationsummary,pmc_total25ras
FUSION,Electorate Organisation Summary,FUSION,pmc_electorateorganisationsummary,pmc_total25ras_base
FUSION,Electorate Organisation Summary,FUSION,pmc_electorateorganisationsummary,pmc_total25ras_date
FUSION,Electorate Organisation Summary,FUSION,pmc_electorateorganisationsummary,pmc_total25ras_state
FUSION,Electorate Organisation Summary,FUSION,pmc_electorateorganisationsummary,pmc_totalorganisation
FUSION,Electorate Organisation Summary,FUSION,pmc_electorateorganisationsummary,pmc_totalorganisation_base
FUSION,Electorate Organisation Summary,FUSION,pmc_electorateorganisationsummary,pmc_totalorganisation_date
FUSION,Electorate Organisation Summary,FUSION,pmc_electorateorganisationsummary,pmc_totalorganisation_state
FUSION,Electorate Organisation Summary,FUSION,pmc_electorateorganisationsummary,statecodename
FUSION,Electorate Organisation Summary,FUSION,pmc_electorateorganisationsummary,statuscodename
ESS,CDP Estimated Grant Value FY,Forms,CDP_Estimated_Grant_Value_FY,Grant Estimated Value Id
ESS,CDP Estimated Grant Value FY,Forms,CDP_Estimated_Grant_Value_FY,Grant Identifier
ESS,CDP Grant Activity,Forms,CDP_Estimated_Grant_Value_FY,Grant Identifier
ESS,CDP Grant Estimated Expenditure FY,Forms,CDP_Estimated_Grant_Value_FY,Grant Identifier
ESS,CDP Grant Estimated Expenditure FY,Forms,CDP_Estimated_Grant_Value_FY,Financial Year Text
ESS,CDP Estimated Grant Value FY,Forms,CDP_Estimated_Grant_Value_FY,Financial Year Text
ESS,CDP Estimated Grant Value FY,Forms,CDP_Estimated_Grant_Value_FY,Estimated Contract Value FY (Incl GST)
ESS,CDP Grant Activity,Forms,CDP_Estimated_Grant_Value_FY,Estimated Contract Value FY (Incl GST)
ESS,CDP Grant Estimated Expenditure FY,Forms,CDP_Estimated_Grant_Value_FY,Estimated Contract Value FY (Incl GST)
ESS,CDP Grant Estimated Expenditure FY,Forms,CDP_Estimated_Grant_Value_FY,Estimated Contract Value FY (Excl GST)
ESS,CDP Grant Activity,Forms,CDP_Estimated_Grant_Value_FY,Estimated Contract Value FY (Excl GST)
ESS,CDP Estimated Grant Value FY,Forms,CDP_Estimated_Grant_Value_FY,Estimated Contract Value FY (Excl GST)
ESS,CDP Estimated Grant Value FY,Forms,CDP_Estimated_Grant_Value_FY,Deleted
ESS,CDP Grant Activity,Forms,CDP_Estimated_Grant_Value_FY,Deleted
ESS,CDP Grant Estimated Expenditure FY,Forms,CDP_Estimated_Grant_Value_FY,Deleted
GPS,GPS Contact,GPS,GPS_Contact,Service Provider Legal Name
GPS,GPS Contact,GPS,GPS_Contact,Program Formal External Name
GPS,GPS Contact,GPS,GPS_Contact,Activity Id
NIAA,vw_Rangers_Activity_Staging,GPS,GPS_Contact,Activity Id
NIAA,vw_Rangers_Activity_Staging,GPS,GPS_Contact,Contact Id
GPS,GPS Contact,GPS,GPS_Contact,Contact Id
GPS,GPS Contact,GPS,GPS_Contact,Activity Start Date
NIAA,vw_Rangers_Activity_Staging,GPS,GPS_Contact,Activity Start Date
NIAA,vw_Rangers_Activity_Staging,GPS,GPS_Contact,Activity End Date
GPS,GPS Contact,GPS,GPS_Contact,Activity End Date
GPS,GPS Contact,GPS,GPS_Contact,Activity End Reason
GPS,GPS Contact,GPS,GPS_Contact,Primary Contact Flag
NIAA,vw_Rangers_Activity_Staging,GPS,GPS_Contact,Primary Contact Flag
NIAA,vw_Rangers_Activity_Staging,GPS,GPS_Contact,Activity Contact First Name
GPS,GPS Contact,GPS,GPS_Contact,Activity Contact First Name
GPS,GPS Contact,GPS,GPS_Contact,Activity Contact Last Name
NIAA,vw_Rangers_Activity_Staging,GPS,GPS_Contact,Activity Contact Last Name
NIAA,vw_Rangers_Activity_Staging,GPS,GPS_Contact,Contact Full Name
GPS,GPS Contact,GPS,GPS_Contact,Contact Full Name
GPS,GPS Contact,GPS,GPS_Contact,Contact Email
NIAA,vw_Rangers_Activity_Staging,GPS,GPS_Contact,Contact Email
NIAA,vw_Rangers_Activity_Staging,GPS,GPS_Contact,Contact Phone
GPS,GPS Contact,GPS,GPS_Contact,Contact Phone
GPS,GPS Contact,GPS,GPS_Contact,Contact Phone Type
GPS,GPS Contact,GPS,GPS_Contact,Contact Position Role
NIAA,vw_Rangers_Activity_Staging,GPS,GPS_Contact,Contact Position Role
GPS,GPS Contact,GPS,GPS_Contact,Contact Position Title
GPS,GPS Contact,GPS,GPS_Contact,Contact Position Type
NIAA,vw_Rangers_Activity_Staging,GPS,GPS_Contact,Contact Position Type
GPS,GPS Contact,GPS,GPS_Contact,Contact Address
GPS,GPS Contact,GPS,GPS_Contact,Contact Address State
GPS,GPS Contact,GPS,GPS_Contact,Contact Address Postcode
GPS,GPS Contact,GPS,GPS_Contact,Contact Address Locality
Forms,CDP_PPR_Assessment_Response_Mod_View,Forms,CDP_PPR_Assessment_Response,Id
Forms,CDP_PPR_Assessment_Response_Mod_View,Forms,CDP_PPR_Assessment_Response,Assessment Object Key
Forms,CDP_PPR_Assessment_Response_Mod_View,Forms,CDP_PPR_Assessment_Response,PPR Key
Forms,CDP_PPR_Assessment_Response_Mod_View,Forms,CDP_PPR_Assessment_Response,PPR Measure Key
Forms,CDP_PPR_Assessment_Response_Mod_View,Forms,CDP_PPR_Assessment_Response,CDP Region Code
Forms,CDP_PPR_Assessment_Response_Mod_View,Forms,CDP_PPR_Assessment_Response,Organisation Code
Forms,CDP_PPR_Assessment_Response_Mod_View,Forms,CDP_PPR_Assessment_Response,Activity Id
Forms,CDP_PPR_Assessment_Response_Mod_View,Forms,CDP_PPR_Assessment_Response,Job Seeker Id
Forms,CDP_PPR_Assessment_Response_Mod_View,Forms,CDP_PPR_Assessment_Response,Include Flag
Forms,CDP_PPR_Assessment_Response_Mod_View,Forms,CDP_PPR_Assessment_Response,Response_01
Forms,CDP_PPR_Assessment_Response_Mod_View,Forms,CDP_PPR_Assessment_Response,Response_02
Forms,CDP_PPR_Assessment_Response_Mod_View,Forms,CDP_PPR_Assessment_Response,Response_03
Forms,CDP_PPR_Assessment_Response_Mod_View,Forms,CDP_PPR_Assessment_Response,Response_04
Forms,CDP_PPR_Assessment_Response_Mod_View,Forms,CDP_PPR_Assessment_Response,Response_05
Forms,CDP_PPR_Assessment_Response_Mod_View,Forms,CDP_PPR_Assessment_Response,Response_06
Forms,CDP_PPR_Assessment_Response_Mod_View,Forms,CDP_PPR_Assessment_Response,Response_07
Forms,CDP_PPR_Assessment_Response_Mod_View,Forms,CDP_PPR_Assessment_Response,Response_08
Forms,CDP_PPR_Assessment_Response_Mod_View,Forms,CDP_PPR_Assessment_Response,Response_09
Forms,CDP_PPR_Assessment_Response_Mod_View,Forms,CDP_PPR_Assessment_Response,Response_10
Forms,CDP_PPR_Assessment_Response_Mod_View,Forms,CDP_PPR_Assessment_Response,Response_11
Forms,CDP_PPR_Assessment_Response_Mod_View,Forms,CDP_PPR_Assessment_Response,Response_Comment
Forms,CDP_PPR_Assessment_Response_Mod_View,Forms,CDP_PPR_Assessment_Response,ChangedBy
Forms,CDP_PPR_Assessment_Response_Mod_View,Forms,CDP_PPR_Assessment_Response,ChangeDate
Forms,CDP_PPR_Assessment_Response_Mod_View,Forms,CDP_PPR_Assessment_Response,Deleted
Forms,CDP_PPR_Assessment_Response_Mod_View,Forms,CDP_PPR_Assessment_Response,DateCreated
Forms,CDP_PPR_Assessment_Response_Mod_View,Forms,CDP_PPR_Assessment_Response,SysStartTime
Forms,CDP_PPR_Assessment_Response_Mod_View,Forms,CDP_PPR_Assessment_Response,SysEndTime
FUSION,Coverage Area,FUSION,pmc_coveragearea,pmc_application
FUSION,Coverage Area,FUSION,pmc_coveragearea,pmc_applicationname
FUSION,Coverage Area,FUSION,pmc_coveragearea,pmc_coverageareaid
FUSION,Coverage Area,FUSION,pmc_coveragearea,pmc_coverageareanumber
FUSION,Coverage Area,FUSION,pmc_coveragearea,pmc_fy1amount
FUSION,Coverage Area,FUSION,pmc_coveragearea,pmc_fy2amount
FUSION,Coverage Area,FUSION,pmc_coveragearea,pmc_fy3amount
FUSION,Coverage Area,FUSION,pmc_coveragearea,pmc_fy4amount
FUSION,Coverage Area,FUSION,pmc_coveragearea,pmc_fy5amount
FUSION,Coverage Area,FUSION,pmc_coveragearea,pmc_fy6amount
FUSION,Coverage Area,FUSION,pmc_coveragearea,pmc_name
FUSION,Coverage Area,FUSION,pmc_coveragearea,pmc_sourcesystemid
FUSION,Coverage Area,FUSION,pmc_coveragearea,pmc_state
FUSION,Coverage Area,FUSION,pmc_coveragearea,pmc_totalamount
FUSION,Coverage Area,FUSION,pmc_coveragearea,pmc_totalamountpercentage
FUSION,Coverage Area,FUSION,pmc_coveragearea,statecodename
FUSION,Coverage Area,FUSION,pmc_coveragearea,statuscodename
FUSION,Coverage Area,FUSION,pmc_coveragearea,createdon
FUSION,Coverage Area,FUSION,pmc_coveragearea,modifiedon
TSG,Call Centre Interactions,TSG_LOAD,TSGRS_Interactions,Users - Alerted
TSG,Call Centre Interactions,TSG_LOAD,TSGRS_Interactions,Users - Interacted
TSG,Call Centre Interactions,TSG_LOAD,TSGRS_Interactions,Remote
TSG,Call Centre Interactions,TSG_LOAD,TSGRS_Interactions,Date
TSG,Call Centre Interactions,TSG_LOAD,TSGRS_Interactions,End Date
TSG,Call Centre Interactions,TSG_LOAD,TSGRS_Interactions,Duration
TSG,Call Centre Interactions,TSG_LOAD,TSGRS_Interactions,Direction
TSG,Call Centre Interactions,TSG_LOAD,TSGRS_Interactions,Initial Direction
TSG,Call Centre Interactions,TSG_LOAD,TSGRS_Interactions,ANI
TSG,Call Centre Interactions,TSG_LOAD,TSGRS_Interactions,DNIS
TSG,Call Centre Interactions,TSG_LOAD,TSGRS_Interactions,Session DNIS
TSG,Call Centre Interactions,TSG_LOAD,TSGRS_Interactions,Wrap-up
TSG,Call Centre Interactions,TSG_LOAD,TSGRS_Interactions,Conversation ID
TSG,Call Centre Interactions,TSG_LOAD,TSGRS_Interactions,Transferred
TSG,Call Centre Interactions,TSG_LOAD,TSGRS_Interactions,Consulted
TSG,Call Centre Interactions,TSG_LOAD,TSGRS_Interactions,Consult Transferred
TSG,Call Centre Interactions,TSG_LOAD,TSGRS_Interactions,Abandoned
TSG,Call Centre Interactions,TSG_LOAD,TSGRS_Interactions,Voicemail
TSG,Call Centre Interactions,TSG_LOAD,TSGRS_Interactions,Non-ACD
TSG,Call Centre Interactions,TSG_LOAD,TSGRS_Interactions,Recording
TSG,Call Centre Interactions,TSG_LOAD,TSGRS_Interactions,MOS
TSG,Call Centre Interactions,TSG_LOAD,TSGRS_Interactions,SIP Call ID
TSG,Call Centre Interactions,TSG_LOAD,TSGRS_Interactions,Last Wrap Up
TSG,Call Centre Interactions,TSG_LOAD,TSGRS_Interactions,Abandoned in Queue
TSG,Call Centre Interactions,TSG_LOAD,TSGRS_Interactions,Disconnect Type
TSG,Call Centre Interactions,TSG_LOAD,TSGRS_Interactions,Flow-Out Type
TSG,Call Centre Interactions,TSG_LOAD,TSGRS_Interactions,Users - Not Responding
TSG,Call Centre Interactions,TSG_LOAD,TSGRS_Interactions,IVR Segments
TSG,Call Centre Interactions,TSG_LOAD,TSGRS_Interactions,Total IVR
TSG,Call Centre Interactions,TSG_LOAD,TSGRS_Interactions,Queue Segments
TSG,Call Centre Interactions,TSG_LOAD,TSGRS_Interactions,Total Queue
TSG,Call Centre Interactions,TSG_LOAD,TSGRS_Interactions,Alert Segments
TSG,Call Centre Interactions,TSG_LOAD,TSGRS_Interactions,Total Alert
TSG,Call Centre Interactions,TSG_LOAD,TSGRS_Interactions,User Segments
TSG,Call Centre Interactions,TSG_LOAD,TSGRS_Interactions,Talk Segments
TSG,Call Centre Interactions,TSG_LOAD,TSGRS_Interactions,Total Talk
TSG,Call Centre Interactions,TSG_LOAD,TSGRS_Interactions,Hold Segments
TSG,Call Centre Interactions,TSG_LOAD,TSGRS_Interactions,Total Hold
TSG,Call Centre Interactions,TSG_LOAD,TSGRS_Interactions,Wrap-Up Segments
TSG,Call Centre Interactions,TSG_LOAD,TSGRS_Interactions,Total ACW
TSG,Call Centre Interactions,TSG_LOAD,TSGRS_Interactions,Dialing Segments
TSG,Call Centre Interactions,TSG_LOAD,TSGRS_Interactions,Total Dialing
TSG,Call Centre Interactions,TSG_LOAD,TSGRS_Interactions,Contacting Segments
TSG,Call Centre Interactions,TSG_LOAD,TSGRS_Interactions,Total Contacting
TSG,Call Centre Interactions,TSG_LOAD,TSGRS_Interactions,Total Handle
TSG,Call Centre Interactions,TSG_LOAD,TSGRS_Interactions,Time to Abandon
TSG,Call Centre Interactions,TSG_LOAD,TSGRS_Interactions,Total Voicemail
TSG,Call Centre Interactions,TSG_LOAD,TSGRS_Interactions,Not Responding
TSG,Call Centre Interactions,TSG_LOAD,TSGRS_Interactions,Error Count
TSG,Call Centre Interactions,TSG_LOAD,TSGRS_Interactions,Error Code
ESS,IEP Grant Estimated Expenditure FY Backup 20231102,ESS,ProjectPayment,EXTRACT_DATE
ESS,IEP Grant Estimated Expenditure FY Backup 20231121,ESS,ProjectPayment,EXTRACT_DATE
ESS,IEP Grant Estimated Expenditure FY,ESS,ProjectPayment,EXTRACT_DATE
ESS,IEP Grant Estimated Expenditure FY,ESS,ProjectPayment,EFFECTIVE_START_DATE
ESS,IEP Grant Estimated Expenditure FY Backup 20231121,ESS,ProjectPayment,EFFECTIVE_START_DATE
ESS,IEP Grant Estimated Expenditure FY Backup 20231102,ESS,ProjectPayment,EFFECTIVE_START_DATE
ESS,IEP Grant Estimated Expenditure FY Backup 20231102,ESS,ProjectPayment,EFFECTIVE_END_DATE
ESS,IEP Grant Estimated Expenditure FY Backup 20231121,ESS,ProjectPayment,EFFECTIVE_END_DATE
ESS,IEP Grant Estimated Expenditure FY,ESS,ProjectPayment,EFFECTIVE_END_DATE
ESS,IEP Grant Estimated Expenditure FY,ESS,ProjectPayment,ProjectId
ESS,IEP Grant Estimated Expenditure FY Backup 20231121,ESS,ProjectPayment,ProjectId
ESS,IEP Grant Estimated Expenditure FY Backup 20231102,ESS,ProjectPayment,ProjectId
ESS,IEP Grant Estimated Expenditure FY Backup 20231102,ESS,ProjectPayment,Amount
ESS,IEP Grant Estimated Expenditure FY Backup 20231121,ESS,ProjectPayment,Amount
ESS,IEP Grant Estimated Expenditure FY,ESS,ProjectPayment,Amount
ESS,IEP Grant Estimated Expenditure FY,ESS,ProjectPayment,StatusCode
ESS,IEP Grant Estimated Expenditure FY Backup 20231121,ESS,ProjectPayment,StatusCode
ESS,IEP Grant Estimated Expenditure FY Backup 20231102,ESS,ProjectPayment,StatusCode
ESS,IEP Grant Estimated Expenditure FY Backup 20231102,ESS,ProjectPayment,GSTAmount
ESS,IEP Grant Estimated Expenditure FY Backup 20231121,ESS,ProjectPayment,GSTAmount
ESS,IEP Grant Estimated Expenditure FY,ESS,ProjectPayment,GSTAmount
ESS,IEP Grant Estimated Expenditure FY,ESS,ProjectPayment,ClaimRateTypeCode
ESS,IEP Grant Estimated Expenditure FY Backup 20231121,ESS,ProjectPayment,ClaimRateTypeCode
ESS,IEP Grant Estimated Expenditure FY Backup 20231102,ESS,ProjectPayment,ClaimRateTypeCode
ESS,IEP Grant Estimated Expenditure FY Backup 20231102,ESS,ProjectPayment,PaymentDueDate
ESS,IEP Grant Estimated Expenditure FY Backup 20231121,ESS,ProjectPayment,PaymentDueDate
ESS,IEP Grant Estimated Expenditure FY,ESS,ProjectPayment,PaymentDueDate
FUSION,Electorate Programme,FUSION,pmc_electorateprogramme,pmc_electorate
FUSION,Electorate Programme,FUSION,pmc_electorateprogramme,pmc_electorateprogrammeid
FUSION,Electorate Programme,FUSION,pmc_electorateprogramme,pmc_fundinggstexclcurrent
FUSION,Electorate Programme,FUSION,pmc_electorateprogramme,pmc_fundinggstexclcurrent_base
FUSION,Electorate Programme,FUSION,pmc_electorateprogramme,pmc_fundinggstexclcurrent_date
FUSION,Electorate Programme,FUSION,pmc_electorateprogramme,pmc_fundinggstexclcurrent_state
FUSION,Electorate Programme,FUSION,pmc_electorateprogramme,pmc_fundinggstexclexpired
FUSION,Electorate Programme,FUSION,pmc_electorateprogramme,pmc_fundinggstexclexpired_base
FUSION,Electorate Programme,FUSION,pmc_electorateprogramme,pmc_fundinggstexclexpired_date
FUSION,Electorate Programme,FUSION,pmc_electorateprogramme,pmc_fundinggstexclexpired_state
FUSION,Electorate Programme,FUSION,pmc_electorateprogramme,pmc_name
FUSION,Electorate Programme,FUSION,pmc_electorateprogramme,pmc_numberofactivitiescurrent
FUSION,Electorate Programme,FUSION,pmc_electorateprogramme,pmc_numberofactivitiescurrent_date
FUSION,Electorate Programme,FUSION,pmc_electorateprogramme,pmc_numberofactivitiescurrent_state
FUSION,Electorate Programme,FUSION,pmc_electorateprogramme,pmc_numberofactivitiesexpired
FUSION,Electorate Programme,FUSION,pmc_electorateprogramme,pmc_numberofactivitiesexpired_date
FUSION,Electorate Programme,FUSION,pmc_electorateprogramme,pmc_numberofactivitiesexpired_state
FUSION,Electorate Programme,FUSION,pmc_electorateprogramme,pmc_numberofactivitiestotal
FUSION,Electorate Programme,FUSION,pmc_electorateprogramme,pmc_numberofactivitiestotal_date
FUSION,Electorate Programme,FUSION,pmc_electorateprogramme,pmc_numberofactivitiestotal_state
FUSION,Electorate Programme,FUSION,pmc_electorateprogramme,pmc_programme
FUSION,Electorate Programme,FUSION,pmc_electorateprogramme,pmc_programmename
FUSION,Electorate Programme,FUSION,pmc_electorateprogramme,pmc_spentgstexclcurrent
FUSION,Electorate Programme,FUSION,pmc_electorateprogramme,pmc_spentgstexclcurrent_base
FUSION,Electorate Programme,FUSION,pmc_electorateprogramme,pmc_spentgstexclcurrent_date
FUSION,Electorate Programme,FUSION,pmc_electorateprogramme,pmc_spentgstexclcurrent_state
FUSION,Electorate Programme,FUSION,pmc_electorateprogramme,pmc_spentgstexclexpired
FUSION,Electorate Programme,FUSION,pmc_electorateprogramme,pmc_spentgstexclexpired_base
FUSION,Electorate Programme,FUSION,pmc_electorateprogramme,pmc_spentgstexclexpired_date
FUSION,Electorate Programme,FUSION,pmc_electorateprogramme,pmc_spentgstexclexpired_state
FUSION,Electorate Programme,FUSION,pmc_electorateprogramme,statuscodename
TSG,Case_N,ETL_METADATA,DynamicsExtractionExecutionDetail,Id
TSG,Application_N,ETL_METADATA,DynamicsExtractionExecutionDetail,Id
TSG,Applicant_N,ETL_METADATA,DynamicsExtractionExecutionDetail,Id
TSG,Applicant_N,ETL_METADATA,DynamicsExtractionExecutionDetail,DynamicsInstanceName
TSG,Application_N,ETL_METADATA,DynamicsExtractionExecutionDetail,DynamicsInstanceName
TSG,Case_N,ETL_METADATA,DynamicsExtractionExecutionDetail,DynamicsInstanceName
TSG,Case_N,ETL_METADATA,DynamicsExtractionExecutionDetail,BatchDateTimeEnd
TSG,Application_N,ETL_METADATA,DynamicsExtractionExecutionDetail,BatchDateTimeEnd
TSG,Applicant_N,ETL_METADATA,DynamicsExtractionExecutionDetail,BatchDateTimeEnd
TSG,Applicant_N,ETL_METADATA,DynamicsExtractionExecutionDetail,BatchState
TSG,Application_N,ETL_METADATA,DynamicsExtractionExecutionDetail,BatchState
TSG,Case_N,ETL_METADATA,DynamicsExtractionExecutionDetail,BatchState
ESS,CDP Job Seeker Geocoded,ESS,LKP_DIM_JOB_SEEKER_GEOCODED,JOB_SEEKER_ID
ESS,CDP Job Seeker Geocoded,ESS,LKP_DIM_JOB_SEEKER_GEOCODED,SOURCE_ADDRESS_LN1
ESS,CDP Job Seeker Geocoded,ESS,LKP_DIM_JOB_SEEKER_GEOCODED,SOURCE_ADDRESS_LN2
ESS,CDP Job Seeker Geocoded,ESS,LKP_DIM_JOB_SEEKER_GEOCODED,SOURCE_ADDRESS_LN3
ESS,CDP Job Seeker Geocoded,ESS,LKP_DIM_JOB_SEEKER_GEOCODED,SOURCE_SUBURB
ESS,CDP Job Seeker Geocoded,ESS,LKP_DIM_JOB_SEEKER_GEOCODED,SOURCE_STATE
ESS,CDP Job Seeker Geocoded,ESS,LKP_DIM_JOB_SEEKER_GEOCODED,SOURCE_PC
ESS,CDP Job Seeker Geocoded,ESS,LKP_DIM_JOB_SEEKER_GEOCODED,FULL_SOURCE_ADDRESS
ESS,CDP Job Seeker Geocoded,ESS,LKP_DIM_JOB_SEEKER_GEOCODED,Cleansed_address1
ESS,CDP Job Seeker Geocoded,ESS,LKP_DIM_JOB_SEEKER_GEOCODED,Cleansed_address2
ESS,CDP Job Seeker Geocoded,ESS,LKP_DIM_JOB_SEEKER_GEOCODED,Cleansed_address3
ESS,CDP Job Seeker Geocoded,ESS,LKP_DIM_JOB_SEEKER_GEOCODED,Cleansed_postCode
ESS,CDP Job Seeker Geocoded,ESS,LKP_DIM_JOB_SEEKER_GEOCODED,Cleansed_locality
ESS,CDP Job Seeker Geocoded,ESS,LKP_DIM_JOB_SEEKER_GEOCODED,Cleansed_state
ESS,CDP Job Seeker Geocoded,ESS,LKP_DIM_JOB_SEEKER_GEOCODED,Full_Cleansed_Address
ESS,CDP Job Seeker Geocoded,ESS,LKP_DIM_JOB_SEEKER_GEOCODED,latitude
ESS,CDP Job Seeker Geocoded,ESS,LKP_DIM_JOB_SEEKER_GEOCODED,longitude
ESS,CDP Job Seeker Geocoded,ESS,LKP_DIM_JOB_SEEKER_GEOCODED,Centroid_X
ESS,CDP Job Seeker Geocoded,ESS,LKP_DIM_JOB_SEEKER_GEOCODED,Centroid_Y
ESS,CDP Job Seeker Geocoded,ESS,LKP_DIM_JOB_SEEKER_GEOCODED,reliability
ESS,CDP Job Seeker Geocoded,ESS,LKP_DIM_JOB_SEEKER_GEOCODED,confidence_rating
ESS,CDP Job Seeker Geocoded,ESS,LKP_DIM_JOB_SEEKER_GEOCODED,MB_ASGS
ESS,CDP Job Seeker Geocoded,ESS,LKP_DIM_JOB_SEEKER_GEOCODED,CD
ESS,CDP Job Seeker Geocoded,ESS,LKP_DIM_JOB_SEEKER_GEOCODED,streetName
ESS,CDP Job Seeker Geocoded,ESS,LKP_DIM_JOB_SEEKER_GEOCODED,streetType
ESS,CDP Job Seeker Geocoded,ESS,LKP_DIM_JOB_SEEKER_GEOCODED,streetSuffix
ESS,CDP Job Seeker Geocoded,ESS,LKP_DIM_JOB_SEEKER_GEOCODED,postalType
ESS,CDP Job Seeker Geocoded,ESS,LKP_DIM_JOB_SEEKER_GEOCODED,addressId
ESS,CDP Job Seeker Geocoded,ESS,LKP_DIM_JOB_SEEKER_GEOCODED,houseNo1
ESS,CDP Job Seeker Geocoded,ESS,LKP_DIM_JOB_SEEKER_GEOCODED,houseSuffix1
ESS,CDP Job Seeker Geocoded,ESS,LKP_DIM_JOB_SEEKER_GEOCODED,flatType
ESS,CDP Job Seeker Geocoded,ESS,LKP_DIM_JOB_SEEKER_GEOCODED,flatNo
ESS,CDP Job Seeker Geocoded,ESS,LKP_DIM_JOB_SEEKER_GEOCODED,levelType
ESS,CDP Job Seeker Geocoded,ESS,LKP_DIM_JOB_SEEKER_GEOCODED,levelNo
ESS,CDP Job Seeker Geocoded,ESS,LKP_DIM_JOB_SEEKER_GEOCODED,buildingName1
ESS,CDP Job Seeker Geocoded,ESS,LKP_DIM_JOB_SEEKER_GEOCODED,lotNo
ESS,CDP Job Seeker Geocoded,ESS,LKP_DIM_JOB_SEEKER_GEOCODED,postalNo
ESS,CDP Job Seeker Geocoded,ESS,LKP_DIM_JOB_SEEKER_GEOCODED,postalPrefix
ESS,CDP Job Seeker Geocoded,ESS,LKP_DIM_JOB_SEEKER_GEOCODED,postalSuffix
ESS,CDP Job Seeker Geocoded,ESS,LKP_DIM_JOB_SEEKER_GEOCODED,flag
ESS,CDP Job Seeker Geocoded,ESS,LKP_DIM_JOB_SEEKER_GEOCODED,flagString
ESS,CDP Job Seeker Geocoded,ESS,LKP_DIM_JOB_SEEKER_GEOCODED,preAddress1
ESS,CDP Job Seeker Geocoded,ESS,LKP_DIM_JOB_SEEKER_GEOCODED,postAddress
ESS,CDP Job Seeker Geocoded,ESS,LKP_DIM_JOB_SEEKER_GEOCODED,amendedFlag
ESS,CDP Job Seeker Geocoded,ESS,LKP_DIM_JOB_SEEKER_GEOCODED,gifFlags
ESS,CDP Job Seeker Geocoded,ESS,LKP_DIM_JOB_SEEKER_GEOCODED,SLA
ESS,CDP Job Seeker Geocoded,ESS,LKP_DIM_JOB_SEEKER_GEOCODED,SLA_Name
ESS,CDP Job Seeker Geocoded,ESS,LKP_DIM_JOB_SEEKER_GEOCODED,LGA_PID
ESS,CDP Job Seeker Geocoded,ESS,LKP_DIM_JOB_SEEKER_GEOCODED,LGA_Name
ESS,CDP Job Seeker Geocoded,ESS,LKP_DIM_JOB_SEEKER_GEOCODED,Statistical_Local_Areas_Code_2006
ESS,CDP Job Seeker Geocoded,ESS,LKP_DIM_JOB_SEEKER_GEOCODED,Local_Government_Areas_Lga_Pid
ESS,CDP Job Seeker Geocoded,ESS,LKP_DIM_JOB_SEEKER_GEOCODED,Indigenous_Region_Code
ESS,CDP Job Seeker Geocoded,ESS,LKP_DIM_JOB_SEEKER_GEOCODED,Indigenous_Area_Code
ESS,CDP Job Seeker Geocoded,ESS,LKP_DIM_JOB_SEEKER_GEOCODED,Indigenous_Local_Area_Code
ESS,CDP Job Seeker Geocoded,ESS,LKP_DIM_JOB_SEEKER_GEOCODED,Lmr2009_Lmr_Code
ESS,CDP Job Seeker Geocoded,ESS,LKP_DIM_JOB_SEEKER_GEOCODED,Lmr_Name
ESS,CDP Job Seeker Geocoded,ESS,LKP_DIM_JOB_SEEKER_GEOCODED,Esa2009_Esa_Code
ESS,CDP Job Seeker Geocoded,ESS,LKP_DIM_JOB_SEEKER_GEOCODED,Esa_Name
ESS,CDP Job Seeker Geocoded,ESS,LKP_DIM_JOB_SEEKER_GEOCODED,Esa2009_Remoteness
ESS,CDP Job Seeker Geocoded,ESS,LKP_DIM_JOB_SEEKER_GEOCODED,Abs_Remoteness_Area_Sla_2006
ESS,CDP Job Seeker Geocoded,ESS,LKP_DIM_JOB_SEEKER_GEOCODED,Abs_Remoteness_Area_Cd_2006
ESS,CDP Job Seeker Geocoded,ESS,LKP_DIM_JOB_SEEKER_GEOCODED,Regional_Development_Areas_RDA
ESS,CDP Job Seeker Geocoded,ESS,LKP_DIM_JOB_SEEKER_GEOCODED,YAT_2010
ESS,CDP Job Seeker Geocoded,ESS,LKP_DIM_JOB_SEEKER_GEOCODED,LGA_2010_Code
ESS,CDP Job Seeker Geocoded,ESS,LKP_DIM_JOB_SEEKER_GEOCODED,LGA_2010_Name
ESS,CDP Job Seeker Geocoded,ESS,LKP_DIM_JOB_SEEKER_GEOCODED,Electorate_2010_Name
ESS,CDP Job Seeker Geocoded,ESS,LKP_DIM_JOB_SEEKER_GEOCODED,Electorate_2013
ESS,CDP Job Seeker Geocoded,ESS,LKP_DIM_JOB_SEEKER_GEOCODED,Electorate_2016
ESS,CDP Job Seeker Geocoded,ESS,LKP_DIM_JOB_SEEKER_GEOCODED,Electorate_2019
ESS,CDP Job Seeker Geocoded,ESS,LKP_DIM_JOB_SEEKER_GEOCODED,Metro_Regional_Tag
ESS,CDP Job Seeker Geocoded,ESS,LKP_DIM_JOB_SEEKER_GEOCODED,Indigenous_Community_Code
ESS,CDP Job Seeker Geocoded,ESS,LKP_DIM_JOB_SEEKER_GEOCODED,RJCP_Code
ESS,CDP Job Seeker Geocoded,ESS,LKP_DIM_JOB_SEEKER_GEOCODED,RJCP_Name
ESS,CDP Job Seeker Geocoded,ESS,LKP_DIM_JOB_SEEKER_GEOCODED,DHS_Community_Code
ESS,CDP Job Seeker Geocoded,ESS,LKP_DIM_JOB_SEEKER_GEOCODED,DHS_RJCP_Code
ESS,CDP Job Seeker Geocoded,ESS,LKP_DIM_JOB_SEEKER_GEOCODED,DHS_RJCP_Name
ESS,CDP Job Seeker Geocoded,ESS,LKP_DIM_JOB_SEEKER_GEOCODED,SA1_7Digitcode_2011
ESS,CDP Job Seeker Geocoded,ESS,LKP_DIM_JOB_SEEKER_GEOCODED,SA1_Maincode_2011
ESS,CDP Job Seeker Geocoded,ESS,LKP_DIM_JOB_SEEKER_GEOCODED,SA2
ESS,CDP Job Seeker Geocoded,ESS,LKP_DIM_JOB_SEEKER_GEOCODED,SA2_Name
ESS,CDP Job Seeker Geocoded,ESS,LKP_DIM_JOB_SEEKER_GEOCODED,SA3
ESS,CDP Job Seeker Geocoded,ESS,LKP_DIM_JOB_SEEKER_GEOCODED,SA3_Name
ESS,CDP Job Seeker Geocoded,ESS,LKP_DIM_JOB_SEEKER_GEOCODED,SA4
ESS,CDP Job Seeker Geocoded,ESS,LKP_DIM_JOB_SEEKER_GEOCODED,SA4_Name
ESS,CDP Job Seeker Geocoded,ESS,LKP_DIM_JOB_SEEKER_GEOCODED,Priority_Region
ESS,CDP Job Seeker Geocoded,ESS,LKP_DIM_JOB_SEEKER_GEOCODED,Priority_Location_Id
ESS,CDP Job Seeker Geocoded,ESS,LKP_DIM_JOB_SEEKER_GEOCODED,EB_Name
ESS,CDP Job Seeker Geocoded,ESS,LKP_DIM_JOB_SEEKER_GEOCODED,RA_2011_CODE
ESS,CDP Job Seeker Geocoded,ESS,LKP_DIM_JOB_SEEKER_GEOCODED,RA_2011_NAME
ESS,CDP Job Seeker Geocoded,ESS,LKP_DIM_JOB_SEEKER_GEOCODED,SA1_2016_CODE
ESS,CDP Job Seeker Geocoded,ESS,LKP_DIM_JOB_SEEKER_GEOCODED,SA1_2016_NAME
ESS,CDP Job Seeker Geocoded,ESS,LKP_DIM_JOB_SEEKER_GEOCODED,SA2_2016_CODE
ESS,CDP Job Seeker Geocoded,ESS,LKP_DIM_JOB_SEEKER_GEOCODED,SA2_2016_NAME
ESS,CDP Job Seeker Geocoded,ESS,LKP_DIM_JOB_SEEKER_GEOCODED,SA3_2016_CODE
ESS,CDP Job Seeker Geocoded,ESS,LKP_DIM_JOB_SEEKER_GEOCODED,SA3_2016_NAME
ESS,CDP Job Seeker Geocoded,ESS,LKP_DIM_JOB_SEEKER_GEOCODED,SA4_2016_CODE
ESS,CDP Job Seeker Geocoded,ESS,LKP_DIM_JOB_SEEKER_GEOCODED,SA4_2016_NAME
ESS,CDP Job Seeker Geocoded,ESS,LKP_DIM_JOB_SEEKER_GEOCODED,MB_2016_CODE
ESS,CDP Job Seeker Geocoded,ESS,LKP_DIM_JOB_SEEKER_GEOCODED,MB_2016_CATNAME
ESS,CDP Job Seeker Geocoded,ESS,LKP_DIM_JOB_SEEKER_GEOCODED,PMC_Region_2016
ESS,CDP Job Seeker Geocoded,ESS,LKP_DIM_JOB_SEEKER_GEOCODED,PMC_Region_Name_2016
ESS,CDP Job Seeker Geocoded,ESS,LKP_DIM_JOB_SEEKER_GEOCODED,DSS_ESA_2013_CODE
ESS,CDP Job Seeker Geocoded,ESS,LKP_DIM_JOB_SEEKER_GEOCODED,DSS_ESA_2013_NAME
ESS,CDP Job Seeker Geocoded,ESS,LKP_DIM_JOB_SEEKER_GEOCODED,HarvestArea_Name
ESS,CDP Job Seeker Geocoded,ESS,LKP_DIM_JOB_SEEKER_GEOCODED,RET_2018_CODE
ESS,CDP Job Seeker Geocoded,ESS,LKP_DIM_JOB_SEEKER_GEOCODED,RET_2018_NAME
ESS,CDP Job Seeker Geocoded,ESS,LKP_DIM_JOB_SEEKER_GEOCODED,ILOC_CODE_2016
ESS,CDP Job Seeker Geocoded,ESS,LKP_DIM_JOB_SEEKER_GEOCODED,ILOC_NAME_2016
ESS,CDP Job Seeker Geocoded,ESS,LKP_DIM_JOB_SEEKER_GEOCODED,IARE_CODE_2016
ESS,CDP Job Seeker Geocoded,ESS,LKP_DIM_JOB_SEEKER_GEOCODED,IARE_NAME_2016
ESS,CDP Job Seeker Geocoded,ESS,LKP_DIM_JOB_SEEKER_GEOCODED,IREG_CODE_2016
ESS,CDP Job Seeker Geocoded,ESS,LKP_DIM_JOB_SEEKER_GEOCODED,IREG_NAME_2016
ESS,CDP Job Seeker Geocoded,ESS,LKP_DIM_JOB_SEEKER_GEOCODED,Geo_Source
ESS,CDP Job Seeker Geocoded,ESS,LKP_DIM_JOB_SEEKER_GEOCODED,Geocoded_Timestamp
FUSION,Electorate Reference,FUSION,pmc_electoratereference,pmc_allowduplicatesinelectoratebriefname
FUSION,Electorate Reference,FUSION,pmc_electoratereference,pmc_electoratecodedescription
FUSION,Electorate Reference,FUSION,pmc_electoratereference,pmc_electoratecodetypename
FUSION,Electorate Reference,FUSION,pmc_electoratereference,pmc_electoratecodevalue
FUSION,Electorate Reference,FUSION,pmc_electoratereference,pmc_electoratereferenceid
FUSION,Electorate Reference,FUSION,pmc_electoratereference,pmc_mandatoryforelectoratebriefname
FUSION,Electorate Reference,FUSION,pmc_electoratereference,pmc_sortorder
FUSION,Electorate Reference,FUSION,pmc_electoratereference,statuscodename
ASGS,MB 2021 - CED 2021,ASGS,MB_2021_CED_2021,MB_CODE_2021
ASGS,MB 2021 - CED 2021,ASGS,MB_2021_CED_2021,CED_CODE_2021
ASGS,MB 2021 - CED 2021,ASGS,MB_2021_CED_2021,CED_NAME_2021
ASGS,MB 2021 - CED 2021,ASGS,MB_2021_CED_2021,STATE_CODE_2021
ASGS,MB 2021 - CED 2021,ASGS,MB_2021_CED_2021,STATE_NAME_2021
ASGS,MB 2021 - CED 2021,ASGS,MB_2021_CED_2021,AREA_ALBERS_SQKM
FUSION,Funding Decision Financial,FUSION,pmc_decisionfy,pmc_appliedforamountexgst
FUSION,Funding Decision Financial,FUSION,pmc_decisionfy,pmc_approvedamountexgst
FUSION,Funding Decision Financial,FUSION,pmc_decisionfy,pmc_currentactivityfundingexgst
FUSION,Funding Decision Financial,FUSION,pmc_decisionfy,pmc_decisionfyid
FUSION,Funding Decision Financial,FUSION,pmc_decisionfy,pmc_decisionfyidnumber
FUSION,Funding Decision Financial,FUSION,pmc_decisionfy,pmc_decisionsummaryfy
FUSION,Funding Decision Financial,FUSION,pmc_decisionfy,pmc_decisionsummaryfyname
FUSION,Funding Decision Financial,FUSION,pmc_decisionfy,pmc_financialyear
FUSION,Funding Decision Financial,FUSION,pmc_decisionfy,pmc_financialyearname
FUSION,Funding Decision Financial,FUSION,pmc_decisionfy,pmc_fundingdecision
FUSION,Funding Decision Financial,FUSION,pmc_decisionfy,pmc_fundingdecisionname
FUSION,Funding Decision Financial,FUSION,pmc_decisionfy,pmc_issystemcreatedname
FUSION,Funding Decision Financial,FUSION,pmc_decisionfy,pmc_issystemupdatedname
FUSION,Funding Decision Financial,FUSION,pmc_decisionfy,pmc_legalcommitmentamountexgst
FUSION,Funding Decision Financial,FUSION,pmc_decisionfy,pmc_name
FUSION,Funding Decision Financial,FUSION,pmc_decisionfy,pmc_plannedinvestmentfy
FUSION,Funding Decision Financial,FUSION,pmc_decisionfy,pmc_plannedinvestmentfyname
FUSION,Funding Decision Financial,FUSION,pmc_decisionfy,pmc_recommendedamountexgst
FUSION,Funding Decision Financial,FUSION,pmc_decisionfy,statecodename
FUSION,Funding Decision Financial,FUSION,pmc_decisionfy,statuscodename
FUSION,Funding Decision Financial,FUSION,pmc_decisionfy,createdon
FUSION,Funding Decision Financial,FUSION,pmc_decisionfy,modifiedon
NIAA,xOrganisation Debt,FUSION,Organisation,Organisation Id
SCSO,Mail Merge,FUSION,Organisation,Organisation Id
SCSO,Mail Merge,FUSION,Organisation,Organisation
NIAA,xOrganisation Debt,FUSION,Organisation,Organisation
SCSO,Mail Merge,FUSION,Organisation,ABN
ASGS,MB 2021 - DZN 2021,ASGS,MB_2021_DZN_2021,MB_CODE_2021
ASGS,MB 2021 - DZN 2021,ASGS,MB_2021_DZN_2021,DZN_CODE_2021
ASGS,MB 2021 - DZN 2021,ASGS,MB_2021_DZN_2021,SA2_CODE_2021
ASGS,MB 2021 - DZN 2021,ASGS,MB_2021_DZN_2021,SA2_NAME_2021
ASGS,MB 2021 - DZN 2021,ASGS,MB_2021_DZN_2021,STATE_CODE_2021
ASGS,MB 2021 - DZN 2021,ASGS,MB_2021_DZN_2021,STATE_NAME_2021
ASGS,MB 2021 - DZN 2021,ASGS,MB_2021_DZN_2021,AREA_ALBERS_SQKM
TSG,Case Audit Reporting_N,TSG,audit_reporting_incident,objectid
TSG,Case Audit Reporting_N,TSG,audit_reporting_incident,objecttypecodemeasure
TSG,Case Audit Reporting_N,TSG,audit_reporting_incident,from
TSG,Case Audit Reporting_N,TSG,audit_reporting_incident,to
TSG,Case Audit Reporting_N,TSG,audit_reporting_incident,datefrom
TSG,Case Audit Reporting_N,TSG,audit_reporting_incident,dateto
TSG,Case Audit Reporting_N,TSG,audit_reporting_incident,timedifferenceseconds
FUSION,Electorate Stakeholder,FUSION,pmc_electoratestakeholder,pmc_electorategroupid
FUSION,Electorate Stakeholder,FUSION,pmc_electoratestakeholder,pmc_electorategroupidname
FUSION,Electorate Stakeholder,FUSION,pmc_electoratestakeholder,pmc_electorateid
FUSION,Electorate Stakeholder,FUSION,pmc_electoratestakeholder,pmc_electoratestakeholderid
FUSION,Electorate Stakeholder,FUSION,pmc_electoratestakeholder,pmc_lastmodifiedbyname
FUSION,Electorate Stakeholder,FUSION,pmc_electoratestakeholder,pmc_lastmodifieddate
FUSION,Electorate Stakeholder,FUSION,pmc_electoratestakeholder,pmc_name
FUSION,Electorate Stakeholder,FUSION,pmc_electoratestakeholder,pmc_order
FUSION,Electorate Stakeholder,FUSION,pmc_electoratestakeholder,pmc_stakeholder
FUSION,Electorate Stakeholder,FUSION,pmc_electoratestakeholder,pmc_typename
FUSION,Electorate Stakeholder,FUSION,pmc_electoratestakeholder,statecodename
FUSION,Electorate Stakeholder,FUSION,pmc_electoratestakeholder,statuscodename
AURION,Staff,AURION,person,Person_Number
AURION,Equity and Diversity,AURION,person,Person_Number
AURION,Staff,AURION,person,Surname
AURION,Staff,AURION,person,Given_Names
AURION,Staff,AURION,person,Preferred_Name
AURION,Staff,AURION,person,Salutation
AURION,Staff,AURION,person,Street_Address
AURION,Staff,AURION,person,Work_Phone
AURION,Staff,AURION,person,Personal_Phone
AURION,Staff,AURION,person,Postal_Street_Address
AURION,Staff,AURION,person,Suburb
AURION,Staff,AURION,person,State
AURION,Staff,AURION,person,Postcode
AURION,Staff,AURION,person,Full_Name
AURION,Staff,AURION,person,Initials
AURION,Staff,AURION,person,Gender
AURION,Equity and Diversity,AURION,person,Gender
AURION,Staff,AURION,person,Date_of_Birth
AURION,Staff,AURION,person,Date_of_Birth_Document_Code
AURION,Staff,AURION,person,Age
AURION,Staff,AURION,person,Surname_For_Letters
AURION,Staff,AURION,person,Postal_Letter_Address
AURION,Staff,AURION,person,Personal_Mobile
AURION,Staff,AURION,person,Email_Address
AURION,Staff,AURION,person,Email_Search
AURION,Staff,AURION,person,Birthday_Month_Day
AURION,Staff,AURION,person,Known_As
AURION,Staff,AURION,person,Known_As_Search
AURION,Staff,AURION,person,Preferred_Name_Search
AURION,Staff,AURION,person,Name_For_Headings_Format
AURION,Staff,AURION,person,Surname_Phonetic_Search
AURION,Staff,AURION,person,CO_Code_Type
AURION,Staff,AURION,person,Country_Code
AURION,Staff,AURION,person,Postal_Suburb
AURION,Staff,AURION,person,Postal_State
AURION,Staff,AURION,person,Postal_Postcode
AURION,Staff,AURION,person,Postal_Country_Code
AURION,Staff,AURION,person,Postal_Address_is_Home
AURION,Staff,AURION,person,Work_Mobile
NIAA,xOrganisation Debt,NIAA,Aged Debts - ABN,Name
ASGS,MB 2021 - LGA 2023,ASGS,MB_2021_LGA_2023,MB_CODE_2021
ASGS,MB 2021 - LGA 2023,ASGS,MB_2021_LGA_2023,LGA_CODE_2023
ASGS,MB 2021 - LGA 2023,ASGS,MB_2021_LGA_2023,LGA_NAME_2023
ASGS,MB 2021 - LGA 2023,ASGS,MB_2021_LGA_2023,STATE_CODE_2021
ASGS,MB 2021 - LGA 2023,ASGS,MB_2021_LGA_2023,STATE_NAME_2021
ASGS,MB 2021 - LGA 2023,ASGS,MB_2021_LGA_2023,AREA_ALBERS_SQKM
TSG,Assessment Audit Reporting_N,TSG,audit_reporting_pmc_assessment,objectid
TSG,Assessment Audit Reporting_N,TSG,audit_reporting_pmc_assessment,objecttypecodemeasure
TSG,Assessment Audit Reporting_N,TSG,audit_reporting_pmc_assessment,from
TSG,Assessment Audit Reporting_N,TSG,audit_reporting_pmc_assessment,to
TSG,Assessment Audit Reporting_N,TSG,audit_reporting_pmc_assessment,datefrom
TSG,Assessment Audit Reporting_N,TSG,audit_reporting_pmc_assessment,dateto
TSG,Assessment Audit Reporting_N,TSG,audit_reporting_pmc_assessment,timedifferenceseconds
ESS,CDP Employment Placement_obsolete,ESS,CDP Employment Placement History_obsolete,CDP Employment Placement Data Currency Date
ESS,CDP Employment Placement_obsolete,ESS,CDP Employment Placement History_obsolete,Vacancy Referral Effective Start Date
ESS,CDP Employment Placement_obsolete,ESS,CDP Employment Placement History_obsolete,Vacancy Referral Effective End Date
ESS,CDP Employment Placement_obsolete,ESS,CDP Employment Placement History_obsolete,Vacancy Referral Id
ESS,CDP Employment Placement_obsolete,ESS,CDP Employment Placement History_obsolete,Vacancy Referred Date
ESS,CDP Employment Placement_obsolete,ESS,CDP Employment Placement History_obsolete,Vacancy Id
ESS,CDP Employment Placement_obsolete,ESS,CDP Employment Placement History_obsolete,Vacancy Referral Contract Id
ESS,CDP Employment Placement_obsolete,ESS,CDP Employment Placement History_obsolete,Vacancy Referral Contract Sequence Number
ESS,CDP Employment Placement_obsolete,ESS,CDP Employment Placement History_obsolete,Contract Type Code
ESS,CDP Employment Placement_obsolete,ESS,CDP Employment Placement History_obsolete,Job Seeker Id
ESS,CDP Employment Placement_obsolete,ESS,CDP Employment Placement History_obsolete,Organisation Code
ESS,CDP Employment Placement_obsolete,ESS,CDP Employment Placement History_obsolete,Site Code
ESS,CDP Employment Placement_obsolete,ESS,CDP Employment Placement History_obsolete,Vacancy Referral Comment
ESS,CDP Employment Placement_obsolete,ESS,CDP Employment Placement History_obsolete,Is Pathways Vacancy Referral
ESS,CDP Employment Placement_obsolete,ESS,CDP Employment Placement History_obsolete,Vacancy Referral End Date
ESS,CDP Employment Placement_obsolete,ESS,CDP Employment Placement History_obsolete,Vacancy Referral End Reason Code
ESS,CDP Employment Placement_obsolete,ESS,CDP Employment Placement History_obsolete,Vacancy Referral End Reason
ESS,CDP Employment Placement_obsolete,ESS,CDP Employment Placement History_obsolete,Vacancy Referral Result Code
ESS,CDP Employment Placement_obsolete,ESS,CDP Employment Placement History_obsolete,Vacancy Referral Result
ESS,CDP Employment Placement_obsolete,ESS,CDP Employment Placement History_obsolete,Vacancy Referral Result Effective Date
ESS,CDP Employment Placement_obsolete,ESS,CDP Employment Placement History_obsolete,Vacancy Referral Result Entered Date
ESS,CDP Employment Placement_obsolete,ESS,CDP Employment Placement History_obsolete,Vacancy Referral Result Outcome Code
ESS,CDP Employment Placement_obsolete,ESS,CDP Employment Placement History_obsolete,Vacancy Referral Result Outcome
ESS,CDP Employment Placement_obsolete,ESS,CDP Employment Placement History_obsolete,Contract Referral Placement Id
ESS,CDP Employment Placement_obsolete,ESS,CDP Employment Placement History_obsolete,RNK
ASGS,MB 2021 - POA 2021,ASGS,MB_2021_POA_2021,MB_CODE_2021
ASGS,MB 2021 - POA 2021,ASGS,MB_2021_POA_2021,POA_CODE_2021
ASGS,MB 2021 - POA 2021,ASGS,MB_2021_POA_2021,POA_NAME_2021
ASGS,MB 2021 - POA 2021,ASGS,MB_2021_POA_2021,AUS_CODE_2021
ASGS,MB 2021 - POA 2021,ASGS,MB_2021_POA_2021,AUS_NAME_2021
ASGS,MB 2021 - POA 2021,ASGS,MB_2021_POA_2021,AREA_ALBERS_SQKM
FUSION,Financial Year,FUSION,pmc_financialyear,pmc_enddate
FUSION,Financial Year,FUSION,pmc_financialyear,pmc_financialyearid
FUSION,Organisation,FUSION,pmc_financialyear,pmc_financialyearid
FUSION,Financial Year,FUSION,pmc_financialyear,pmc_name
FUSION,Financial Year,FUSION,pmc_financialyear,pmc_startdate
FUSION,Organisation,FUSION,pmc_financialyear,pmc_startdate
AURION,Staff,AURION,organisationunit,Organisation_Unit_Number
AURION,Staff,AURION,organisationunit,Organisation_Unit_Level
AURION,Staff,AURION,organisationunit,Organisation_Unit_Name
AURION,Staff,AURION,organisationunit,Superior_Org_Unit_Number
AURION,Staff,AURION,organisationunit,Organisation_Unit_Description
AURION,Staff,AURION,organisationunit,Organisation_Unit_Level_01
AURION,Staff,AURION,organisationunit,Organisation_Unit_Level_02
AURION,Staff,AURION,organisationunit,Organisation_Unit_Level_03
AURION,Staff,AURION,organisationunit,Organisation_Unit_Level_04
AURION,Staff,AURION,organisationunit,Organisation_Unit_Level_05
AURION,Staff,AURION,organisationunit,Organisation_Unit_Level_06
FUSION,All Task,FUSION,PMC Region,PMC Region Id
NIAA,Program Tracker,FUSION,PMC Region,PMC Region Id
NIAA,Program Tracker,FUSION,PMC Region,PMC Region Code
NIAA,Program Tracker,FUSION,PMC Region,PMC Region
FUSION,All Task,FUSION,PMC Region,PMC Region
NIAA,Grant Application Build,NIAA,Grant Application Build Tracker,Application Build Id
NIAA,Grant Application Build,NIAA,Grant Application Build Tracker,Planned Investment Id
NIAA,Grant Application Build,NIAA,Grant Application Build Tracker,Community Grants Hub Tracking Id
NIAA,Grant Application Build,NIAA,Grant Application Build Tracker,FUSION GOG Id
NIAA,Grant Application Build,NIAA,Grant Application Build Tracker,Funding Round Name
NIAA,Grant Application Build,NIAA,Grant Application Build Tracker,Program Area Main Contact
NIAA,Grant Application Build,NIAA,Grant Application Build Tracker,Program Area Secondary Contact
NIAA,Grant Application Build,NIAA,Grant Application Build Tracker,Relationship Manager
NIAA,Grant Application Build,NIAA,Grant Application Build Tracker,Initial Meeting Date
NIAA,Grant Application Build,NIAA,Grant Application Build Tracker,Number of Applicants
NIAA,Grant Application Build,NIAA,Grant Application Build Tracker,Number of Grants
NIAA,Grant Application Build,NIAA,Grant Application Build Tracker,Funding Round Open Date
NIAA,Grant Application Build,NIAA,Grant Application Build Tracker,Funding Round Close Date
NIAA,Grant Application Build,NIAA,Grant Application Build Tracker,Cost Centre
NIAA,Grant Application Build,NIAA,Grant Application Build Tracker,Is New Program
NIAA,Grant Application Build,NIAA,Grant Application Build Tracker,Negotiation Status
NIAA,Grant Application Build,NIAA,Grant Application Build Tracker,GOAT Sent Date
NIAA,Grant Application Build,NIAA,Grant Application Build Tracker,GOAT Status
NIAA,Grant Application Build,NIAA,Grant Application Build Tracker,ShareHub UDOC Id
NIAA,Grant Application Build,NIAA,Grant Application Build Tracker,Is Assessment Team Informed
NIAA,Grant Application Build,NIAA,Grant Application Build Tracker,System Configeration Status
NIAA,Grant Application Build,NIAA,Grant Application Build Tracker,Applications to Agreement Configured
NIAA,Grant Application Build,NIAA,Grant Application Build Tracker,Services to Funding Configured
NIAA,Grant Application Build,NIAA,Grant Application Build Tracker,Funding Round in FUSION Configured
NIAA,Grant Application Build,NIAA,Grant Application Build Tracker,Community Grants Hub Email
NIAA,Grant Application Build,NIAA,Grant Application Build Tracker,Sent Production Link
NIAA,Grant Application Build,NIAA,Grant Application Build Tracker,Save Final GOAT
NIAA,Grant Application Build,NIAA,Grant Application Build Tracker,Comment
NIAA,Grant Application Build,NIAA,Grant Application Build Tracker,ChangedBy
NIAA,Grant Application Build,NIAA,Grant Application Build Tracker,ChangeDate
NIAA,Grant Application Build,NIAA,Grant Application Build Tracker,Deleted
NIAA,Grant Application Build,NIAA,Grant Application Build Tracker,DateCreated
NIAA,Grant Application Build,NIAA,Grant Application Build Tracker,Funding Round Close Date Internal
NIAA,Grant Application Build,NIAA,Grant Application Build Tracker,Estimated Activity Open Date
NIAA,Grant Application Build,NIAA,Grant Application Build Tracker,Estimated Activity Close Date
NIAA,Grant Application Build,NIAA,Grant Application Build Tracker,Selection Type
NIAA,Grant Application Build,NIAA,Grant Application Build Tracker,Is CCE Correct
NIAA,Grant Application Build,NIAA,Grant Application Build Tracker,Is Select Criteria Correct
NIAA,Grant Application Build,NIAA,Grant Application Build Tracker,Is Evaluation Team Correct
NIAA,Program Tracker,FUSION,Programme,Programme Id
FUSION,Programme Alternate Name,FUSION,Programme,Programme Id
NIAA,Program Tracker,FUSION,Programme,Programme Code
FUSION,Grant Management Unit Alternate Name,FUSION,Grant Management Unit,Grant Management Unit Id
NIAA,vw_Rangers_Activity_Staging,FUSION,Activity Linking Table,Grant Application Id
NIAA,vw_Rangers_Activity_Staging,FUSION,Activity Linking Table,Grant Activity Id
NIAA,vw_Rangers_Activity_Staging,FUSION,Activity Linking Table,Parent Record Type
GeoASGS,NTAR 2023 AUST WKT,GeoASGS,NT_ADMIN_REGION_2023_GDA2020,Id
GeoASGS,NTAR 2023 AUST,GeoASGS,NT_ADMIN_REGION_2023_GDA2020,Id
GeoASGS,NTAR 2023 AUST,GeoASGS,NT_ADMIN_REGION_2023_GDA2020,Region
GeoASGS,NTAR 2023 AUST,GeoASGS,NT_ADMIN_REGION_2023_GDA2020,Australian State Code
GeoASGS,NTAR 2023 AUST,GeoASGS,NT_ADMIN_REGION_2023_GDA2020,Australian State
GeoASGS,NTAR 2023 AUST,GeoASGS,NT_ADMIN_REGION_2023_GDA2020,Country Code
GeoASGS,NTAR 2023 AUST,GeoASGS,NT_ADMIN_REGION_2023_GDA2020,Country
GeoASGS,NTAR 2023 AUST WKT,GeoASGS,NT_ADMIN_REGION_2023_GDA2020,Geometry
FUSION,Grant Application Funding Allocation,FUSION,pmc_fundingallocation,pmc_fundingallocationid
FUSION,Grant Application Funding Allocation,FUSION,pmc_fundingallocation,pmc_fundingamount
FUSION,Grant Application Funding Allocation,FUSION,pmc_fundingallocation,pmc_fundingpercentage
FUSION,Grant Application Funding Allocation,FUSION,pmc_fundingallocation,pmc_grantapplicationid
FUSION,Grant Application Funding Allocation,FUSION,pmc_fundingallocation,pmc_programmeid
FUSION,Grant Application Funding Allocation,FUSION,pmc_fundingallocation,pmc_programmeidname
FUSION,Grant Application Funding Allocation,FUSION,pmc_fundingallocation,pmc_recommendedflagname
AURION,Organisation Staff,AURION,employeeprofiles,Employee_Number
AURION,Organisation Staff,AURION,employeeprofiles,Person_Number
AURION,Organisation Staff,AURION,employeeprofiles,Employee_Status
AURION,Organisation Staff,AURION,employeeprofiles,Date_Commenced
AURION,Organisation Staff,AURION,employeeprofiles,Contract_Expiry_Date
AURION,Organisation Staff,AURION,employeeprofiles,Date_Terminated
AURION,Organisation Staff,AURION,employeeprofiles,Preferred_Name
AURION,Organisation Staff,AURION,employeeprofiles,Surname
AURION,Organisation Staff,AURION,employeeprofiles,Attendance_Type_Description
AURION,Organisation Staff,AURION,employeeprofiles,Employment_Type_Description
AURION,Organisation Staff,AURION,employeeprofiles,Actual_Location_Code
AURION,Organisation Staff,AURION,employeeprofiles,Equivalent_Full_Time
AURION,Organisation Staff,AURION,employeeprofiles,Days_Per_Week
AURION,Organisation Staff,AURION,employeeprofiles,Actual_Position_Number
AURION,Organisation Staff,AURION,employeeprofiles,Substantive_Position_Number
AURION,Organisation Staff,AURION,employeeprofiles,Currently_On_Leave_Flag
AURION,Organisation Staff,AURION,employeeprofiles,Leave_Resume_Duties_Date
ESS,CDP Activity Attendance,ESS,ATTENDANCE_CURRENT_NIAA,AttendanceId
ESS,CDP Activity Attendance Result,ESS,ATTENDANCE_CURRENT_NIAA,AttendanceId
ESS,CDP Activity Attendance,ESS,ATTENDANCE_CURRENT_NIAA,JobSeekerId
ESS,CDP Activity Attendance,ESS,ATTENDANCE_CURRENT_NIAA,ReferralLocationId
ESS,CDP Activity Attendance,ESS,ATTENDANCE_CURRENT_NIAA,StatusCode
ESS,CDP Activity Attendance Result,ESS,ATTENDANCE_CURRENT_NIAA,StatusCode
ESS,CDP Activity Attendance,ESS,ATTENDANCE_CURRENT_NIAA,StartDateTime
ESS,CDP Activity Attendance,ESS,ATTENDANCE_CURRENT_NIAA,EndDateTime
ESS,CDP Activity Attendance,ESS,ATTENDANCE_CURRENT_NIAA,BreakTimeMinutes
ESS,CDP Activity Attendance,ESS,ATTENDANCE_CURRENT_NIAA,ScheduledHours
ESS,CDP Activity Attendance,ESS,SUB859_REFERRALLOCATION_NIAA,ReferralLocationId
ESS,CDP Activity Attendance,ESS,SUB859_REFERRALLOCATION_NIAA,ActivityReferralId
ESS,CDP Activity Attendance,ESS,SUB859_REFERRALLOCATION_NIAA,IsActive
GRANTS,GrantConnect Grants Awarded,GeoASGS,POA_2021_AUST_GDA2020,qgs_fid
GRANTS,GrantConnect Grants Awarded,GeoASGS,POA_2021_AUST_GDA2020,POA_CODE_2021
ESS,CDP Activity Attendance Result,ESS,ATTENDANCE_RESULT_CURRENT_NIAA,AttendanceResultId
ESS,CDP Activity Attendance Result,ESS,ATTENDANCE_RESULT_CURRENT_NIAA,AttendanceId
ESS,CDP Activity Attendance,ESS,ATTENDANCE_RESULT_CURRENT_NIAA,AttendanceId
ESS,CDP Activity Attendance Result,ESS,ATTENDANCE_RESULT_CURRENT_NIAA,StartDateTime
ESS,CDP Activity Attendance Result,ESS,ATTENDANCE_RESULT_CURRENT_NIAA,EndDateTime
ESS,CDP Activity Attendance Result,ESS,ATTENDANCE_RESULT_CURRENT_NIAA,BreakTimeMinutes
ESS,CDP Activity Attendance Result,ESS,ATTENDANCE_RESULT_CURRENT_NIAA,ResultCode
ESS,CDP Activity Attendance,ESS,ATTENDANCE_RESULT_CURRENT_NIAA,ResultCode
ESS,CDP Activity Attendance Result,ESS,ATTENDANCE_RESULT_CURRENT_NIAA,ResultReasonCode
ESS,CDP Activity Attendance Result,ESS,ATTENDANCE_RESULT_CURRENT_NIAA,ResultComment
ESS,CDP Activity Attendance Result,ESS,ATTENDANCE_RESULT_CURRENT_NIAA,ResultHours
CRM,Engagement,CRM,systemuser,systemuserid
CRM,User,CRM,systemuser,systemuserid
CRM,Public Enquiry,CRM,systemuser,systemuserid
CRM,Interaction Party,CRM,systemuser,systemuserid
CRM,User,CRM,systemuser,firstname
CRM,User,CRM,systemuser,fullname
CRM,Public Enquiry,CRM,systemuser,fullname
CRM,Engagement,CRM,systemuser,fullname
CRM,User,CRM,systemuser,identityid
CRM,User,CRM,systemuser,internalemailaddress
CRM,User,CRM,systemuser,lastname
CRM,User,CRM,systemuser,personalemailaddress
CRM,User,CRM,systemuser,pmc_branch
CRM,User,CRM,systemuser,pmc_division
CRM,User,CRM,systemuser,pmc_group
CRM,User,CRM,systemuser,pmc_section
DataCatalogue,Object Hierarchy,DataCatalogue,Table Update Log,Database Name
DataCatalogue,Object Hierarchy,DataCatalogue,Table Update Log,Schema Name
DataCatalogue,Object Hierarchy,DataCatalogue,Table Update Log,Object Name
DataCatalogue,Object Hierarchy,DataCatalogue,Table Update Log,Object Updated
DataCatalogue,Object Hierarchy,DataCatalogue,Table Update Log,Object Previously Updated
DataCatalogue,Object Hierarchy,DataCatalogue,Table Update Log,Pipeline Name
DataCatalogue,Object Hierarchy,DataCatalogue,Table Update Log,Pipeline Start
ESS,FUSION CDP Location,ESS,CDP Grants List,Grant ID
ESS,FUSION CDP Activity,ESS,CDP Grants List,Grant ID
ESS,FUSION CDP Activity,ESS,CDP Grants List,Grant Status
ESS,FUSION CDP Location,ESS,CDP Grants List,Grant Status
ESS,FUSION CDP Activity,ESS,CDP Grants List,Grant Type
ESS,FUSION CDP Activity,ESS,CDP Grants List,Grant Start Date
ESS,FUSION CDP Location,ESS,CDP Grants List,Grant Start Date
ESS,FUSION CDP Location,ESS,CDP Grants List,Grant End Date
ESS,FUSION CDP Activity,ESS,CDP Grants List,Grant End Date
ESS,FUSION CDP Activity,ESS,CDP Grants List,Grant Duration Months
ESS,FUSION CDP Location,ESS,CDP Grants List,Grant Duration Months
ESS,FUSION CDP Location,ESS,CDP Grants List,Contract ID
ESS,FUSION CDP Activity,ESS,CDP Grants List,Contract ID
ESS,FUSION CDP Activity,ESS,CDP Grants List,Estimated Contract Value
ESS,FUSION CDP Location,ESS,CDP Grants List,Estimated Contract Value
GeoASGS,POA 2021 AUST,GeoASGS,POA_2021_AUST_GDA2020_Simplified,qgs_fid
GeoASGS,POA 2021 AUST,GeoASGS,POA_2021_AUST_GDA2020_Simplified,POA_CODE_2021
GeoASGS,POA 2021 AUST,GeoASGS,POA_2021_AUST_GDA2020_Simplified,POA_NAME_2021
GeoASGS,POA 2021 AUST,GeoASGS,POA_2021_AUST_GDA2020_Simplified,AUS_CODE_2021
GeoASGS,POA 2021 AUST,GeoASGS,POA_2021_AUST_GDA2020_Simplified,AUS_NAME_2021
GeoASGS,POA 2021 AUST,GeoASGS,POA_2021_AUST_GDA2020_Simplified,AREA_ALBERS_SQKM
GeoASGS,POA 2021 AUST,GeoASGS,POA_2021_AUST_GDA2020_Simplified,ASGS_LOCI_URI_2021
FUSION,Direct Approach Approval,FUSION,pmc_directapproachapproval,pmc_daaid
FUSION,Direct Approach Approval,FUSION,pmc_directapproachapproval,pmc_dateapproved
FUSION,Direct Approach Approval,FUSION,pmc_directapproachapproval,pmc_delegateid
FUSION,Direct Approach Approval,FUSION,pmc_directapproachapproval,pmc_delegateidname
FUSION,Direct Approach Approval,FUSION,pmc_directapproachapproval,pmc_delegatelevelname
FUSION,Direct Approach Approval,FUSION,pmc_directapproachapproval,pmc_delegatename
FUSION,Direct Approach Approval,FUSION,pmc_directapproachapproval,pmc_directapproachapprovalid
FUSION,Direct Approach Approval,FUSION,pmc_directapproachapproval,pmc_documentlinks
FUSION,Direct Approach Approval,FUSION,pmc_directapproachapproval,pmc_enteredbyid
FUSION,Direct Approach Approval,FUSION,pmc_directapproachapproval,pmc_enteredbyidname
FUSION,Direct Approach Approval,FUSION,pmc_directapproachapproval,pmc_enteredon
FUSION,Direct Approach Approval,FUSION,pmc_directapproachapproval,pmc_estimatedvalueoftheproposalexgst
FUSION,Direct Approach Approval,FUSION,pmc_directapproachapproval,pmc_name
FUSION,Direct Approach Approval,FUSION,pmc_directapproachapproval,pmc_purposeofdirectapproachapprovalname
FUSION,Direct Approach Approval,FUSION,pmc_directapproachapproval,pmc_title
FUSION,Direct Approach Approval,FUSION,pmc_directapproachapproval,statecodename
FUSION,Direct Approach Approval,FUSION,pmc_directapproachapproval,statuscodename
FUSION,Direct Approach Approval,FUSION,pmc_directapproachapproval,createdon
FUSION,Direct Approach Approval,FUSION,pmc_directapproachapproval,modifiedon
TSG,Applicant_N,TSG,contact,address1_addressid
TSG,Applicant_N,TSG,contact,address1_city
TSG,Applicant_N,TSG,contact,address1_composite
TSG,Applicant_N,TSG,contact,address1_country
TSG,Applicant_N,TSG,contact,address1_latitude
TSG,Applicant_N,TSG,contact,address1_line1
TSG,Applicant_N,TSG,contact,address1_line2
TSG,Applicant_N,TSG,contact,address1_longitude
TSG,Applicant_N,TSG,contact,address1_postalcode
TSG,Applicant_N,TSG,contact,address1_stateorprovince
TSG,Applicant_N,TSG,contact,address1_telephone1
TSG,Applicant_N,TSG,contact,contactid
TSG,Applicant_N,TSG,contact,pmc_dateofbirth
TSG,Applicant_N,TSG,contact,pmc_genderidentityname
CRM,Interaction,CRM,task,activityid
CRM,Interaction,CRM,task,actualstart
CRM,Interaction,CRM,task,pmc_purposename
CRM,Interaction,CRM,task,pmc_typename
CRM,Interaction,CRM,task,regardingobjectid
CRM,Interaction,CRM,task,scheduleddurationminutes
CRM,Interaction,CRM,task,scheduledend
CRM,Interaction,CRM,task,scheduledstart
CRM,Interaction,CRM,task,subject
CRM,Interaction,CRM,task,ownerid
CRM,Interaction,CRM,task,createdon
CRM,Interaction,CRM,task,createdby
CRM,Interaction,CRM,task,modifiedon
CRM,Interaction,CRM,task,statecodename
FUSION,Opportunity - Grant Application,FUSION,pmc_applicationcreatedfromopportunity,pmc_applicationcreatedfromopportunityid
FUSION,Opportunity - Grant Application,FUSION,pmc_applicationcreatedfromopportunity,pmc_applicationid
FUSION,Opportunity - Grant Application,FUSION,pmc_applicationcreatedfromopportunity,pmc_opportunityid
FUSION,Opportunity - Grant Application,FUSION,pmc_applicationcreatedfromopportunity,pmc_opportunityidname
FUSION,Opportunity - Grant Application,FUSION,pmc_applicationcreatedfromopportunity,statecodename
NIAA,Source Systems Date Time Last Extracted,ETL_METADATA,FusionADFExtractDateTime,LastADFExtractDateTime
CRM,Interaction,CRM,task_etltransform,activityid
CRM,Interaction,CRM,task_etltransform,description
FUSION,Funding Appropriation,FUSION,pmc_fundingappropriation,pmc_description
FUSION,Funding Appropriation,FUSION,pmc_fundingappropriation,pmc_fundingappropriationid
FUSION,Funding Appropriation,FUSION,pmc_fundingappropriation,pmc_name
FUSION,Funding Appropriation,FUSION,pmc_fundingappropriation,pmc_standardobligations
FUSION,Funding Appropriation,FUSION,pmc_fundingappropriation,pmc_writepermissionname
FUSION,Funding Appropriation,FUSION,pmc_fundingappropriation,statecodename
FUSION,Funding Appropriation,FUSION,pmc_fundingappropriation,statuscodename
FUSION,Funding Appropriation,FUSION,pmc_fundingappropriation,createdon
FUSION,Funding Appropriation,FUSION,pmc_fundingappropriation,modifiedon
FUSION,Opportunity - Grant Activity,FUSION,pmc_grantcreatedfromopportunity,pmc_grantcreatedfromopportunityid
FUSION,Opportunity - Grant Activity,FUSION,pmc_grantcreatedfromopportunity,pmc_grantid
FUSION,Opportunity - Grant Activity,FUSION,pmc_grantcreatedfromopportunity,pmc_opportunityid
FUSION,Opportunity - Grant Activity,FUSION,pmc_grantcreatedfromopportunity,pmc_opportunityidname
FUSION,Opportunity - Grant Activity,FUSION,pmc_grantcreatedfromopportunity,statecodename
FUSION,Organisation Current Risk Profile,FUSION,Questionnaire Section,Organisation Risk Profile Id
FUSION,Organisation Current Risk Profile,FUSION,Questionnaire Section,Name
FUSION,Organisation Current Risk Profile,FUSION,Questionnaire Section,Overall Risk Rating
FUSION,Organisation Current Risk Profile,FUSION,Questionnaire Section,Overall Risks And Issues
FUSION,Organisation Current Risk Profile,FUSION,Questionnaire Section,Recommended Mitigations
FUSION,Organisation Current Risk Profile,FUSION,Questionnaire Section,State
FUSION,Organisation Current Risk Profile,FUSION,Questionnaire Section,Status
FUSION,System Team,FUSION,Team,description
FUSION,Planned Investment,FUSION,Team,emailaddress
FUSION,Planned Investment,FUSION,Team,name
FUSION,System Team,FUSION,Team,name
FUSION,System Team,FUSION,Team,teamid
FUSION,Planned Investment,FUSION,Team,teamid
GeoASGS,RA 2021 AUST WKT,GeoASGS,RA_2021_AUST_GDA2020_Simplified,geom
GeoASGS,RA 2021 AUST WKT,GeoASGS,RA_2021_AUST_GDA2020_Simplified,qgs_fid
GeoASGS,RA 2021 AUST,GeoASGS,RA_2021_AUST_GDA2020_Simplified,qgs_fid
GeoASGS,RA 2021 AUST,GeoASGS,RA_2021_AUST_GDA2020_Simplified,RA_CODE_2021
GeoASGS,RA 2021 AUST,GeoASGS,RA_2021_AUST_GDA2020_Simplified,RA_NAME_2021
GeoASGS,RA 2021 AUST,GeoASGS,RA_2021_AUST_GDA2020_Simplified,STATE_CODE_2021
GeoASGS,RA 2021 AUST,GeoASGS,RA_2021_AUST_GDA2020_Simplified,STATE_NAME_2021
GeoASGS,RA 2021 AUST,GeoASGS,RA_2021_AUST_GDA2020_Simplified,AUS_CODE_2021
GeoASGS,RA 2021 AUST,GeoASGS,RA_2021_AUST_GDA2020_Simplified,AUS_NAME_2021
GeoASGS,RA 2021 AUST,GeoASGS,RA_2021_AUST_GDA2020_Simplified,AREA_ALBERS_SQKM
GeoASGS,RA 2021 AUST,GeoASGS,RA_2021_AUST_GDA2020_Simplified,ASGS_LOCI_URI_2021
FUSION,Grant Activity Coding - Activity Tag,FUSION,pmc_grantactivitycoding_mm_activitytag,pmc_activitytagid
FUSION,Grant Activity Coding - Activity Tag,FUSION,pmc_grantactivitycoding_mm_activitytag,pmc_grantactivitycodingid
ESS,CDP Job Seeker Appointment,ESS,SUB846_VAPPOINTMENT_NIAA,EXTRACT_DATE
ESS,TWES ESAT,ESS,SUB846_VAPPOINTMENT_NIAA,EFFECTIVE_START_DATE
ESS,TWES ESAT,ESS,SUB846_VAPPOINTMENT_NIAA,EFFECTIVE_END_DATE
ESS,CDP Job Seeker Appointment,ESS,SUB846_VAPPOINTMENT_NIAA,AppointmentId
ESS,CDP Job Seeker Appointment,ESS,SUB846_VAPPOINTMENT_NIAA,ADW_APEM_ResultCode
ESS,TWES ESAT,ESS,SUB846_VAPPOINTMENT_NIAA,ADW_APEM_ResultCode
ESS,TWES ESAT,ESS,SUB846_VAPPOINTMENT_NIAA,JobSeekerId
ESS,CDP Job Seeker Appointment,ESS,SUB846_VAPPOINTMENT_NIAA,JobSeekerId
ESS,TWES ESAT,ESS,SUB846_VAPPOINTMENT_NIAA,CreatedOn
ESS,CDP Job Seeker Appointment,ESS,SUB846_VAPPOINTMENT_NIAA,ADW_NGG_InterpreterCode
ESS,CDP Job Seeker Appointment,ESS,SUB846_VAPPOINTMENT_NIAA,ResultUpdatedOn
ESS,CDP Job Seeker Appointment,ESS,SUB846_VAPPOINTMENT_NIAA,ADW_STEM_AppointmentType
ESS,TWES ESAT,ESS,SUB846_VAPPOINTMENT_NIAA,ADW_STEM_AppointmentType
ESS,TWES ESAT,ESS,SUB846_VAPPOINTMENT_NIAA,StartDateTime
ESS,CDP Job Seeker Appointment,ESS,SUB846_VAPPOINTMENT_NIAA,StartDateTime
ESS,CDP Job Seeker Appointment,ESS,SUB846_VAPPOINTMENT_NIAA,EndDateTime
ESS,TWES ESAT,ESS,SUB846_VAPPOINTMENT_NIAA,EndDateTime
ESS,CDP Job Seeker Appointment,ESS,SUB846_VAPPOINTMENT_NIAA,ADW_FTS_FormatType
TSG,Case_N,TSG,incident,activitiescompletename
TSG,Case_N,TSG,incident,caseorigincodename
TSG,Case_N,TSG,incident,casetypecodename
TSG,Case_N,TSG,incident,checkemailname
TSG,Case_N,TSG,incident,customercontactedname
TSG,Case_N,TSG,incident,decremententitlementtermname
TSG,Case_N,TSG,incident,firstresponsesentname
TSG,Case_N,TSG,incident,firstresponseslastatusname
TSG,Case_N,TSG,incident,followuptaskcreatedname
TSG,Case_N,TSG,incident,incidentid
TSG,Case_N,TSG,incident,isdecrementingname
TSG,Case_N,TSG,incident,isescalatedname
TSG,Case_N,TSG,incident,mergedname
TSG,Case_N,TSG,incident,prioritycodename
TSG,Case_N,TSG,incident,pmc_applicantid
TSG,Case_N,TSG,incident,pmc_applicationcheckcomments
TSG,Case_N,TSG,incident,pmc_applicationcheckcompletename
TSG,Case_N,TSG,incident,pmc_applicationcheckdate
TSG,Case_N,TSG,incident,pmc_assessment
TSG,Case_N,TSG,incident,pmc_whoshouldwecontactname
TSG,Case_N,TSG,incident,pmc_totalpaid_base
TSG,Case_N,TSG,incident,pmc_totalpaid
TSG,Case_N,TSG,incident,pmc_totalentitlement_base
TSG,Case_N,TSG,incident,pmc_totalentitlement
TSG,Case_N,TSG,incident,pmc_researchsummarygeneratedname
TSG,Case_N,TSG,incident,pmc_researchcompletename
TSG,Case_N,TSG,incident,pmc_researchcompleteddate
TSG,Case_N,TSG,incident,pmc_researchcompletedby
TSG,Case_N,TSG,incident,pmc_receivedfrom
TSG,Case_N,TSG,incident,pmc_receiveddate
TSG,Case_N,TSG,incident,pmc_qccompletename
TSG,Case_N,TSG,incident,pmc_qccompleteddate
TSG,Case_N,TSG,incident,pmc_qccompletedby
TSG,Case_N,TSG,incident,pmc_processstage
TSG,Case_N,TSG,incident,pmc_paymentsummaryid
TSG,Case_N,TSG,incident,pmc_paymentrequiredname
TSG,Case_N,TSG,incident,pmc_outstandingpayment_base
TSG,Case_N,TSG,incident,pmc_outstandingpayment
TSG,Case_N,TSG,incident,pmc_otherresearchcomments
TSG,Case_N,TSG,incident,pmc_nomineeid
TSG,Case_N,TSG,incident,pmc_managersaccessname
TSG,Case_N,TSG,incident,pmc_likelysourcestoresearch
TSG,Case_N,TSG,incident,pmc_isapplicationonbehalfpersonpassedawayname
TSG,Case_N,TSG,incident,pmc_institutionnames
TSG,Case_N,TSG,incident,pmc_idverifiedoptname
TSG,Case_N,TSG,incident,pmc_idverifiedname
TSG,Case_N,TSG,incident,pmc_eligibilitycompletename
TSG,Case_N,TSG,incident,pmc_dprrequestedname
TSG,Case_N,TSG,incident,pmc_dprprovidedname
TSG,Case_N,TSG,incident,pmc_dprfollowupcompletename
TSG,Case_N,TSG,incident,pmc_directpersonalresponseid
TSG,Case_N,TSG,incident,pmc_delegatesdecisionid
TSG,Case_N,TSG,incident,pmc_currentoutcomeid
TSG,Case_N,TSG,incident,pmc_currentassessment
TSG,Case_N,TSG,incident,pmc_createdfromapplicationname
TSG,Case_N,TSG,incident,resolvebyslastatusname
TSG,Case_N,TSG,incident,routecasename
TSG,Case_N,TSG,incident,servicestagename
TSG,Case_N,TSG,incident,severitycodename
TSG,Case_N,TSG,incident,ticketnumber
TSG,Case_N,TSG,incident,title
TSG,Case_N,TSG,incident,statecodename
TSG,Case_N,TSG,incident,statuscodename
FUSION,NIAA Region,FUSION,pmc_agencyregion,pmc_agencyid
FUSION,Grant Management Unit,FUSION,pmc_agencyregion,pmc_agencyid
FUSION,Grant Management Unit,FUSION,pmc_agencyregion,pmc_agencyidname
FUSION,NIAA Region,FUSION,pmc_agencyregion,pmc_agencyidname
FUSION,NIAA Region,FUSION,pmc_agencyregion,pmc_agencyregionid
FUSION,Agency Region,FUSION,pmc_agencyregion,pmc_agencyregionid
FUSION,Grant Management Unit,FUSION,pmc_agencyregion,pmc_agencyregionid
NIAA,Grants Management Unit,FUSION,pmc_agencyregion,pmc_agencyregionid
FUSION,Grant Activity,FUSION,pmc_agencyregion,pmc_agencyregionid
FUSION,Grant Application,FUSION,pmc_agencyregion,pmc_agencyregionid
FUSION,Funding Decision Audit,FUSION,pmc_agencyregion,pmc_agencyregionid
FUSION,Grant Management Unit,FUSION,pmc_agencyregion,pmc_agencyregiontypename
FUSION,Agency Region,FUSION,pmc_agencyregion,pmc_agencyregiontypename
FUSION,NIAA Region,FUSION,pmc_agencyregion,pmc_agencyregiontypename
FUSION,NIAA Region,FUSION,pmc_agencyregion,pmc_defaultgmu
FUSION,Grant Application,FUSION,pmc_agencyregion,pmc_defaultgmu
FUSION,Grant Application,FUSION,pmc_agencyregion,pmc_defaultgmuname
FUSION,NIAA Region,FUSION,pmc_agencyregion,pmc_defaultgmuname
FUSION,NIAA Region,FUSION,pmc_agencyregion,pmc_name
FUSION,Agency Region,FUSION,pmc_agencyregion,pmc_name
FUSION,Grant Management Unit,FUSION,pmc_agencyregion,pmc_name
FUSION,Grant Activity,FUSION,pmc_agencyregion,pmc_name
NIAA,Grants Management Unit,FUSION,pmc_agencyregion,pmc_name
FUSION,Funding Decision Audit,FUSION,pmc_agencyregion,pmc_name
NIAA,Grants Management Unit,FUSION,pmc_agencyregion,pmc_regionabbreviation
FUSION,Grant Management Unit,FUSION,pmc_agencyregion,pmc_regionabbreviation
FUSION,Agency Region,FUSION,pmc_agencyregion,pmc_regionabbreviation
FUSION,NIAA Region,FUSION,pmc_agencyregion,pmc_regionabbreviation
FUSION,NIAA Region,FUSION,pmc_agencyregion,pmc_regionalmanager
FUSION,Grant Management Unit,FUSION,pmc_agencyregion,pmc_regionalmanager
FUSION,Grant Management Unit,FUSION,pmc_agencyregion,pmc_regionalmanagerbusinessphone
FUSION,NIAA Region,FUSION,pmc_agencyregion,pmc_regionalmanagerbusinessphone
FUSION,NIAA Region,FUSION,pmc_agencyregion,pmc_regionalmanageremail
FUSION,Grant Management Unit,FUSION,pmc_agencyregion,pmc_regionalmanageremail
FUSION,Grant Management Unit,FUSION,pmc_agencyregion,pmc_regionalmanagermobilephone
FUSION,NIAA Region,FUSION,pmc_agencyregion,pmc_regionalmanagermobilephone
FUSION,NIAA Region,FUSION,pmc_agencyregion,pmc_regioncode
FUSION,Grant Management Unit,FUSION,pmc_agencyregion,pmc_regioncode
NIAA,Grants Management Unit,FUSION,pmc_agencyregion,pmc_regioncode
NIAA,Grants Management Unit,FUSION,pmc_agencyregion,pmc_stateterritoryname
FUSION,Grant Management Unit,FUSION,pmc_agencyregion,pmc_stateterritoryname
FUSION,NIAA Region,FUSION,pmc_agencyregion,pmc_stateterritoryname
FUSION,Agency Region,FUSION,pmc_agencyregion,pmc_stateterritoryname
FUSION,Agency Region,FUSION,pmc_agencyregion,statecodename
FUSION,NIAA Region,FUSION,pmc_agencyregion,statecodename
FUSION,Grant Management Unit,FUSION,pmc_agencyregion,statecodename
FUSION,Agency Region,FUSION,pmc_agencyregion,pmc_groupidname
FUSION,Grant Activity,FUSION,pmc_grantactivity,pmc_activeempoweredcommunityprocessname
FUSION,Grant Activity,FUSION,pmc_grantactivity,pmc_activitydescription
FUSION,Ceasing Activity Assessment,FUSION,pmc_grantactivity,pmc_activitydescription
FUSION,Ceasing Activity Assessment,FUSION,pmc_grantactivity,pmc_activityid
FUSION,Grant Activity Indicative Risk,FUSION,pmc_grantactivity,pmc_activityid
FUSION,Site Visit Assessment,FUSION,pmc_grantactivity,pmc_activityid
GPS,Grant Activity Missing Milestone,FUSION,pmc_grantactivity,pmc_activityid
GPS,Grant Activity Missing Milestone - Old,FUSION,pmc_grantactivity,pmc_activityid
FUSION,Grant Activity,FUSION,pmc_grantactivity,pmc_activityid
GPS,Grant Activity Derived History,FUSION,pmc_grantactivity,pmc_activityid
FUSION,Activity Linking Table,FUSION,pmc_grantactivity,pmc_activityid
FUSION,Grant Activity,FUSION,pmc_grantactivity,pmc_activitymanager
FUSION,Grant Activity,FUSION,pmc_grantactivity,pmc_activitymanageremail
FUSION,Grant Activity,FUSION,pmc_grantactivity,pmc_activitymanageruser
FUSION,Grant Activity,FUSION,pmc_grantactivity,pmc_activitymanagerusername
FUSION,Grant Activity,FUSION,pmc_grantactivity,pmc_agencyregionid
FUSION,Grant Activity,FUSION,pmc_grantactivity,pmc_approvedon
FUSION,Grant Activity,FUSION,pmc_grantactivity,pmc_currentceasingactivityassessment
FUSION,Grant Activity,FUSION,pmc_grantactivity,pmc_currentceasingactivityassessmentname
FUSION,Grant Activity,FUSION,pmc_grantactivity,pmc_currentperformanceoutcomeid
FUSION,Grant Activity,FUSION,pmc_grantactivity,pmc_currentperformanceoutcomeidname
FUSION,Grant Activity,FUSION,pmc_grantactivity,pmc_draftapproveorreject
FUSION,Grant Activity,FUSION,pmc_grantactivity,pmc_draftapproveorrejectname
FUSION,Grant Activity,FUSION,pmc_grantactivity,pmc_draftcodedbyid
FUSION,Grant Activity,FUSION,pmc_grantactivity,pmc_draftcodedbyidname
FUSION,Grant Activity,FUSION,pmc_grantactivity,pmc_enddate
GPS,Grant Activity Derived History,FUSION,pmc_grantactivity,pmc_enddate
FUSION,Grant Activity Indicative Risk,FUSION,pmc_grantactivity,pmc_enddate
FUSION,Grant Activity,FUSION,pmc_grantactivity,pmc_engagementofficeid
FUSION,Grant Activity,FUSION,pmc_grantactivity,pmc_engagementofficeidname
FUSION,Grant Activity,FUSION,pmc_grantactivity,pmc_engagementofficer
FUSION,Grant Activity,FUSION,pmc_grantactivity,pmc_engagementofficeremail
FUSION,Grant Activity,FUSION,pmc_grantactivity,pmc_engagementofficeruser
FUSION,Grant Activity,FUSION,pmc_grantactivity,pmc_engagementofficerusername
FUSION,Grant Activity,FUSION,pmc_grantactivity,pmc_fundingapprovedby
FUSION,Grant Activity,FUSION,pmc_grantactivity,pmc_fundingapproveddate
FUSION,Grant Activity,FUSION,pmc_grantactivity,pmc_grantactivityid
GPS,Grant Activity Derived History,FUSION,pmc_grantactivity,pmc_grantactivityid
FUSION,Activity Linking Table,FUSION,pmc_grantactivity,pmc_grantactivityid
FUSION,Grant Activity Indicative Risk,FUSION,pmc_grantactivity,pmc_grantactivityid
FUSION,Activity Approval Verification,FUSION,pmc_grantactivity,pmc_grantactivityid
FUSION,Ceasing Activity Assessment,FUSION,pmc_grantactivity,pmc_grantactivityid
GPS,Grant Activity Missing Milestone - Old,FUSION,pmc_grantactivity,pmc_grantactivityid
GPS,Grant Activity Missing Milestone,FUSION,pmc_grantactivity,pmc_grantactivityid
FUSION,Site Visit Assessment,FUSION,pmc_grantactivity,pmc_grantactivityid
FUSION,Grant Activity,FUSION,pmc_grantactivity,pmc_mandatorysubmissionname
FUSION,Grant Activity,FUSION,pmc_grantactivity,pmc_name
FUSION,Ceasing Activity Assessment,FUSION,pmc_grantactivity,pmc_name
FUSION,Ceasing Activity Assessment,FUSION,pmc_grantactivity,pmc_organisationid
FUSION,Activity Approval Verification,FUSION,pmc_grantactivity,pmc_organisationid
FUSION,Ceasing Activity Assessment,FUSION,pmc_grantactivity,pmc_organisationidname
FUSION,Grant Activity,FUSION,pmc_grantactivity,pmc_primarycontactemail
FUSION,Grant Activity,FUSION,pmc_grantactivity,pmc_primarycontactfirstname
FUSION,Grant Activity,FUSION,pmc_grantactivity,pmc_primarycontactfullname
FUSION,Grant Activity,FUSION,pmc_grantactivity,pmc_primarycontactjobtitle
FUSION,Grant Activity,FUSION,pmc_grantactivity,pmc_primarycontactlastname
FUSION,Grant Activity,FUSION,pmc_grantactivity,pmc_primarycontactname
FUSION,Grant Activity,FUSION,pmc_grantactivity,pmc_primarycontactphonenumber
FUSION,Grant Activity,FUSION,pmc_grantactivity,pmc_programmecomponentid
FUSION,Grant Activity Indicative Risk,FUSION,pmc_grantactivity,pmc_programmecomponentidname
FUSION,Grant Activity,FUSION,pmc_grantactivity,pmc_programmeid
FUSION,Grant Activity,FUSION,pmc_grantactivity,pmc_programmeidname
FUSION,Ceasing Activity Assessment,FUSION,pmc_grantactivity,pmc_programmeidname
FUSION,Grant Activity,FUSION,pmc_grantactivity,pmc_purchaseorder
FUSION,Grant Activity,FUSION,pmc_grantactivity,pmc_sourceactivitystatus
GPS,Grant Activity Missing Milestone,FUSION,pmc_grantactivity,pmc_sourceactivitystatus
FUSION,Grant Activity Indicative Risk,FUSION,pmc_grantactivity,pmc_sourceorgid
FUSION,Grant Activity,FUSION,pmc_grantactivity,pmc_sourceorgid
FUSION,Grant Activity,FUSION,pmc_grantactivity,pmc_sourcestatusgroup
FUSION,Grant Activity,FUSION,pmc_grantactivity,pmc_sourcestatusgroupname
FUSION,Grant Activity,FUSION,pmc_grantactivity,pmc_sourcesystemid
FUSION,Grant Activity,FUSION,pmc_grantactivity,pmc_sourcesystemidname
FUSION,Grant Activity,FUSION,pmc_grantactivity,pmc_startdate
GPS,Grant Activity Derived History,FUSION,pmc_grantactivity,pmc_startdate
FUSION,Grant Activity Indicative Risk,FUSION,pmc_grantactivity,pmc_startdate
FUSION,Ceasing Activity Assessment,FUSION,pmc_grantactivity,pmc_subprogramme
FUSION,Grant Activity,FUSION,pmc_grantactivity,pmc_subprogramme
FUSION,Grant Activity,FUSION,pmc_grantactivity,pmc_variationidentifiedname
FUSION,Grant Activity,FUSION,pmc_grantactivity,statecodename
GPS,Grant Activity Missing Milestone,FUSION,pmc_grantactivity,statecodename
FUSION,Grant Activity,FUSION,pmc_grantactivity,statuscodename
FUSION,Grant Activity,FUSION,pmc_grantactivity,pmc_executionstate
FUSION,Grant Activity,FUSION,pmc_grantactivity,pmc_sourceendreason
FUSION,Grant Activity,FUSION,pmc_grantactivity,pmc_subprogram
NIAA,vw_RangerApp_Current,NIAA,RangerGroupCurrent,RangerGroupId
NIAA,vw_RangerApp_Current,NIAA,RangerGroupCurrent,ActivityId
NIAA,vw_RangerApp_Current,NIAA,RangerGroupCurrent,GroupName
NIAA,vw_RangerApp_Current,NIAA,RangerGroupCurrent,EffectiveStartDate
NIAA,vw_RangerApp_Current,NIAA,RangerGroupCurrent,EffectiveEndDate
FUSION,Grant Activity Coding - Activity Target Group,FUSION,pmc_grantactivitycoding_mm_actvttargetgroup,pmc_activitytargetgroupid
FUSION,Grant Activity Coding - Activity Target Group,FUSION,pmc_grantactivitycoding_mm_actvttargetgroup,pmc_grantactivitycodingid
FUSION,Funding Brief,FUSION,pmc_fundingbrief,pmc_abpapprovalname
FUSION,Funding Brief,FUSION,pmc_fundingbrief,pmc_abpapprover
FUSION,Funding Brief,FUSION,pmc_fundingbrief,pmc_abpapprovername
FUSION,Funding Brief,FUSION,pmc_fundingbrief,pmc_abpreviewcomments
FUSION,Funding Brief,FUSION,pmc_fundingbrief,pmc_approvaltypename
FUSION,Funding Brief,FUSION,pmc_fundingbrief,pmc_assigneddelegate
FUSION,Funding Brief,FUSION,pmc_fundingbrief,pmc_assigneddelegatelevel
FUSION,Funding Brief,FUSION,pmc_fundingbrief,pmc_assigneddelegateminister
FUSION,Funding Brief,FUSION,pmc_fundingbrief,pmc_assigneddelegatename
FUSION,Funding Brief,FUSION,pmc_fundingbrief,pmc_briefapprovedname
FUSION,Funding Brief,FUSION,pmc_fundingbrief,pmc_briefcontactperson
FUSION,Funding Brief,FUSION,pmc_fundingbrief,pmc_briefcontactpersonname
FUSION,Funding Brief,FUSION,pmc_fundingbrief,pmc_caaround
FUSION,Funding Brief,FUSION,pmc_fundingbrief,pmc_caaroundname
FUSION,Funding Brief,FUSION,pmc_fundingbrief,pmc_clearancecomments
FUSION,Funding Brief,FUSION,pmc_fundingbrief,pmc_clearanceofficer
FUSION,Funding Brief,FUSION,pmc_fundingbrief,pmc_clearanceofficername
FUSION,Funding Brief,FUSION,pmc_fundingbrief,pmc_clearanceperformedby
FUSION,Funding Brief,FUSION,pmc_fundingbrief,pmc_clearanceperformedbyname
FUSION,Funding Brief,FUSION,pmc_fundingbrief,pmc_clearedbyceoname
FUSION,Funding Brief,FUSION,pmc_fundingbrief,pmc_clearedbyclearanceofficername
FUSION,Funding Brief,FUSION,pmc_fundingbrief,pmc_comments
FUSION,Funding Brief,FUSION,pmc_fundingbrief,pmc_dateapproved
FUSION,Funding Brief,FUSION,pmc_fundingbrief,pmc_dateclearanceactioned
FUSION,Funding Brief,FUSION,pmc_fundingbrief,pmc_datereviewed
FUSION,Funding Brief,FUSION,pmc_fundingbrief,pmc_datethebriefmustbesigned
FUSION,Funding Brief,FUSION,pmc_fundingbrief,pmc_deactivatereason
FUSION,Funding Brief,FUSION,pmc_fundingbrief,pmc_decisiondate
FUSION,Funding Brief,FUSION,pmc_fundingbrief,pmc_decisionmadeby
FUSION,Funding Brief,FUSION,pmc_fundingbrief,pmc_decisionmadebyname
FUSION,Funding Brief,FUSION,pmc_fundingbrief,pmc_delegate
FUSION,Funding Brief,FUSION,pmc_fundingbrief,pmc_delegateapprovalname
FUSION,Funding Brief,FUSION,pmc_fundingbrief,pmc_delegateapproverlevel
FUSION,Funding Brief,FUSION,pmc_fundingbrief,pmc_delegateapproverofficer
FUSION,Funding Brief,FUSION,pmc_fundingbrief,pmc_delegatecomments
FUSION,Funding Brief,FUSION,pmc_fundingbrief,pmc_delegateminister
FUSION,Funding Brief,FUSION,pmc_fundingbrief,pmc_delegatename
FUSION,Funding Brief,FUSION,pmc_fundingbrief,pmc_description
FUSION,Funding Brief,FUSION,pmc_fundingbrief,pmc_directapproachapprovalname
FUSION,Funding Brief,FUSION,pmc_fundingbrief,pmc_documentlink
FUSION,Funding Brief,FUSION,pmc_fundingbrief,pmc_doesthedelegatehavebudgetauthorityname
FUSION,Funding Brief,FUSION,pmc_fundingbrief,pmc_existingfundingbrief
FUSION,Funding Brief,FUSION,pmc_fundingbrief,pmc_existingfundingbriefname
FUSION,Funding Brief,FUSION,pmc_fundingbrief,pmc_fundingappropriationid
FUSION,Funding Brief,FUSION,pmc_fundingbrief,pmc_fundingappropriationidname
FUSION,Funding Brief,FUSION,pmc_fundingbrief,pmc_fundingbriefclearedname
FUSION,Funding Brief,FUSION,pmc_fundingbrief,pmc_fundingbriefid
FUSION,Funding Brief Stage,FUSION,pmc_fundingbrief,pmc_fundingbriefid
FUSION,Funding Brief Stage,FUSION,pmc_fundingbrief,pmc_fundingbriefidnumber
FUSION,Funding Brief,FUSION,pmc_fundingbrief,pmc_fundingbriefidnumber
FUSION,Funding Brief,FUSION,pmc_fundingbrief,pmc_fundingbriefreadyforabpreviewname
FUSION,Funding Brief,FUSION,pmc_fundingbrief,pmc_fundingbrieftitle
FUSION,Funding Brief,FUSION,pmc_fundingbrief,pmc_grantround
FUSION,Funding Brief,FUSION,pmc_fundingbrief,pmc_grantroundname
FUSION,Funding Brief,FUSION,pmc_fundingbrief,pmc_grantspolicyapprovalname
FUSION,Funding Brief,FUSION,pmc_fundingbrief,pmc_grantspolicyapprover
FUSION,Funding Brief,FUSION,pmc_fundingbrief,pmc_grantspolicyapprovername
FUSION,Funding Brief,FUSION,pmc_fundingbrief,pmc_grantspolicyreviewcomments
FUSION,Funding Brief,FUSION,pmc_fundingbrief,pmc_isamediareleaseincludedname
FUSION,Funding Brief,FUSION,pmc_fundingbrief,pmc_isthebriefurgentname
FUSION,Funding Brief,FUSION,pmc_fundingbrief,pmc_isthedelegatetheministername
FUSION,Funding Brief,FUSION,pmc_fundingbrief,pmc_istherequiredfundingavailablename
FUSION,Funding Brief,FUSION,pmc_fundingbrief,pmc_name
FUSION,Funding Brief,FUSION,pmc_fundingbrief,pmc_owningbranch
FUSION,Funding Brief,FUSION,pmc_fundingbrief,pmc_owningbranchname
FUSION,Funding Brief,FUSION,pmc_fundingbrief,pmc_owninggroup
FUSION,Funding Brief,FUSION,pmc_fundingbrief,pmc_owninggroupname
FUSION,Funding Brief,FUSION,pmc_fundingbrief,pmc_pdmsid
FUSION,Funding Brief,FUSION,pmc_fundingbrief,pmc_processstage
FUSION,Funding Brief,FUSION,pmc_fundingbrief,pmc_processstagedirection
FUSION,Funding Brief,FUSION,pmc_fundingbrief,pmc_questionnairetemplateid
FUSION,Funding Brief,FUSION,pmc_fundingbrief,pmc_questionnairetemplateidname
FUSION,Funding Brief,FUSION,pmc_fundingbrief,pmc_readyforceodelegatedecisionname
FUSION,Funding Brief,FUSION,pmc_fundingbrief,pmc_readyforclearanceofficerreviewname
FUSION,Funding Brief,FUSION,pmc_fundingbrief,pmc_reasonfornotincludingmediarelease
FUSION,Funding Brief,FUSION,pmc_fundingbrief,pmc_reasonforurgency
FUSION,Funding Brief,FUSION,pmc_fundingbrief,pmc_recommendationsectionsummary
FUSION,Funding Brief,FUSION,pmc_fundingbrief,pmc_recommendationsectionsummaryname
FUSION,Funding Brief,FUSION,pmc_fundingbrief,pmc_revertactionname
FUSION,Funding Brief,FUSION,pmc_fundingbrief,pmc_revertedname
FUSION,Funding Brief,FUSION,pmc_fundingbrief,pmc_revertreason
FUSION,Funding Brief,FUSION,pmc_fundingbrief,pmc_reviewcomments
FUSION,Funding Brief,FUSION,pmc_fundingbrief,pmc_reviewer
FUSION,Funding Brief,FUSION,pmc_fundingbrief,pmc_reviewername
FUSION,Funding Brief,FUSION,pmc_fundingbrief,pmc_standardobligations
FUSION,Funding Brief,FUSION,pmc_fundingbrief,pmc_totalappliedforamountexgst
FUSION,Funding Brief,FUSION,pmc_fundingbrief,pmc_totalapprovedamountexgst
FUSION,Funding Brief,FUSION,pmc_fundingbrief,pmc_totallegalcommitmentamountexgst
FUSION,Funding Brief,FUSION,pmc_fundingbrief,pmc_totalrecommendedamountexgst
FUSION,Funding Brief,FUSION,pmc_fundingbrief,pmc_validationcomments
FUSION,Funding Brief,FUSION,pmc_fundingbrief,statecodename
FUSION,Funding Brief,FUSION,pmc_fundingbrief,statuscodename
FUSION,Funding Brief,FUSION,pmc_fundingbrief,createdon
FUSION,Funding Brief Stage,FUSION,pmc_fundingbrief,createdon
FUSION,Funding Brief,FUSION,pmc_fundingbrief,modifiedon
SCSO,Mail Merge,FUSION,Source Organisation,Source Organisation Id
SCSO,Mail Merge,FUSION,Source Organisation,Organisation Id
NIAA,xOrganisation Debt,FUSION,Source Organisation,Organisation Id
NIAA,xOrganisation Debt,FUSION,Source Organisation,Legal Entity Id
SCSO,Mail Merge,FUSION,Source Organisation,Legal Entity Id
ASGS,SA1 2021 - RA 2021,ASGS,SA1_2021_RA_2021,SA1_CODE_2021
ASGS,SA1 2021 - RA 2021,ASGS,SA1_2021_RA_2021,RA_CODE_2021
ASGS,SA1 2021 - RA 2021,ASGS,SA1_2021_RA_2021,RA_NAME_2021
ASGS,SA1 2021 - RA 2021,ASGS,SA1_2021_RA_2021,STATE_CODE_2021
ASGS,SA1 2021 - RA 2021,ASGS,SA1_2021_RA_2021,STATE_NAME_2021
ASGS,SA1 2021 - RA 2021,ASGS,SA1_2021_RA_2021,AUS_CODE_2021
ASGS,SA1 2021 - RA 2021,ASGS,SA1_2021_RA_2021,AUS_NAME_2021
ASGS,SA1 2021 - RA 2021,ASGS,SA1_2021_RA_2021,AREA_ALBERS_SQKM
ASGS,SA1 2021 - RA 2021,ASGS,SA1_2021_RA_2021,ASGS_LOCI_URI_2021
TSG,Application_N,TSG,pmc_application,pmc_agewhenremoved
TSG,Application_N,TSG,pmc_application,pmc_applicant
TSG,Application_N,TSG,pmc_application,pmc_applicationid
TSG,Application_N,TSG,pmc_application,pmc_applicationidtext
TSG,Application_N,TSG,pmc_application,pmc_applicationsigneddate
TSG,Application_N,TSG,pmc_application,pmc_areyouofaboriginalortorresstraitislandername
TSG,Application_N,TSG,pmc_application,pmc_assistancenomineeauthoriseddate
TSG,Application_N,TSG,pmc_application,pmc_brieflydescribenatureofpayment
TSG,Application_N,TSG,pmc_application,pmc_caseid
TSG,Application_N,TSG,pmc_application,pmc_datesubmitted
TSG,Application_N,TSG,pmc_application,pmc_doyouknowthedateyouwereremovedname
TSG,Application_N,TSG,pmc_application,pmc_haveyoureceivedanyotherstolengenpaymentname
TSG,Application_N,TSG,pmc_application,pmc_incompleteremovaldatename
TSG,Application_N,TSG,pmc_application,pmc_institutionnamestxt
TSG,Application_N,TSG,pmc_application,pmc_isalternativecontactredressnomineesamename
TSG,Application_N,TSG,pmc_application,pmc_isapplicationcreatedbylegalnomineename
TSG,Application_N,TSG,pmc_application,pmc_isapplicationonbehalfofpersonpassedawayname
TSG,Application_N,TSG,pmc_application,pmc_isnomineealreadyexistingname
TSG,Application_N,TSG,pmc_application,pmc_isredressnomineeonbehalfname
TSG,Application_N,TSG,pmc_application,pmc_isthereanalternativecontactname
TSG,Application_N,TSG,pmc_application,pmc_legalnomineeauthorityname
TSG,Application_N,TSG,pmc_application,pmc_originname
TSG,Application_N,TSG,pmc_application,pmc_previousschemename
TSG,Application_N,TSG,pmc_application,pmc_redressnomineecomplyobligationsname
TSG,Application_N,TSG,pmc_application,pmc_redressnomineeconflictofinterestname
TSG,Application_N,TSG,pmc_application,pmc_redressnomineereadnotesname
TSG,Application_N,TSG,pmc_application,pmc_removalagencydetails
TSG,Application_N,TSG,pmc_application,pmc_removaldate
TSG,Application_N,TSG,pmc_application,pmc_removedbygovtnongovtagenciesname
TSG,Application_N,TSG,pmc_application,pmc_removedfromfamilycommunityname
TSG,Application_N,TSG,pmc_application,pmc_startedfromapplicationname
TSG,Application_N,TSG,pmc_application,pmc_wereyouunder18whenremovedname
TSG,Application_N,TSG,pmc_application,pmc_wherewereyouremovedfromname
TSG,Application_N,TSG,pmc_application,pmc_whoshouldwecontactname
TSG,Application_N,TSG,pmc_application,statecodename
TSG,Application_N,TSG,pmc_application,statuscodename
FUSION,Funding Brief,FUSION,pmc_processaction,regardingobjectid
FUSION,Funding Brief Stage,FUSION,pmc_processaction,regardingobjectid
FUSION,Funding Brief Stage,FUSION,pmc_processaction,regardingobjectidname
FUSION,Funding Brief Stage,FUSION,pmc_processaction,regardingobjecttypecode
FUSION,Funding Brief,FUSION,pmc_processaction,regardingobjecttypecode
FUSION,Funding Brief,FUSION,pmc_processaction,subject
FUSION,Funding Brief Stage,FUSION,pmc_processaction,subject
FUSION,Funding Brief Stage,FUSION,pmc_processaction,description
FUSION,Funding Brief Stage,FUSION,pmc_processaction,createdon
FUSION,Funding Brief,FUSION,pmc_processaction,createdon
abs,RA,abs,RA_2016_AUST,Id
abs,RA,abs,RA_2016_AUST,RA_CODE16
abs,RA,abs,RA_2016_AUST,RA_NAME16
abs,RA,abs,RA_2016_AUST,STE_CODE16
abs,RA,abs,RA_2016_AUST,STE_NAME16
abs,RA,abs,RA_2016_AUST,AREASQKM16
abs,RA,abs,RA_2016_AUST,Polygon
ESS,CDP Caseload Tracking By Month,ESS,CDP_Caseload_Tracking_By_Month,Caseload Month End
ESS,CDP Caseload Tracking By Month,ESS,CDP_Caseload_Tracking_By_Month,Caseload At Previous Month End
ESS,CDP Caseload Tracking By Month,ESS,CDP_Caseload_Tracking_By_Month,Caseload Joined CDP
ESS,CDP Caseload Tracking By Month,ESS,CDP_Caseload_Tracking_By_Month,Caseload Left CDP
ESS,CDP Caseload Tracking By Month,ESS,CDP_Caseload_Tracking_By_Month,Caseload At Month End
FUSION,Direct Approach Approval Organisation,FUSION,pmc_pmc_directapproachapproval_account,accountid
FUSION,Direct Approach Approval Organisation,FUSION,pmc_pmc_directapproachapproval_account,pmc_directapproachapprovalid
FUSION,Grant Activity Coding - Ancillary Code,FUSION,pmc_grantactivitycoding_mm_ancillarycode,pmc_ancillarycodeid
FUSION,Grant Activity Coding - Ancillary Code,FUSION,pmc_grantactivitycoding_mm_ancillarycode,pmc_grantactivitycodingid
FUSION,Funding Brief Derived History,FUSION,Funding Brief,Funding Brief Id
FUSION,Funding Brief Derived History,FUSION,Funding Brief,Brief Submitted for Approval Date
FUSION,Funding Brief Derived History,FUSION,Funding Brief,Status
FUSION,Funding Brief Derived History,FUSION,Funding Brief,Modified Date
TSG,Assessment_N,TSG,pmc_assessment,pmc_aboriginalandortorresstraitislanderdescenname
TSG,Assessment_N,TSG,pmc_assessment,pmc_assessmentdate
TSG,Assessment_N,TSG,pmc_assessment,pmc_assessmentid
TSG,Assessment_N,TSG,pmc_assessment,pmc_assessmentname
TSG,Assessment_N,TSG,pmc_assessment,pmc_case
TSG,Assessment_N,TSG,pmc_assessment,pmc_criteria1comments
TSG,Assessment_N,TSG,pmc_assessment,pmc_criteria2comments
TSG,Assessment_N,TSG,pmc_assessment,pmc_dateassigned
TSG,Assessment_N,TSG,pmc_assessment,pmc_name
TSG,Assessment_N,TSG,pmc_assessment,pmc_notedescription
TSG,Assessment_N,TSG,pmc_assessment,pmc_overallcomments
TSG,Assessment_N,TSG,pmc_assessment,pmc_removalfromntactjervisbayduringselfgovername
TSG,Assessment_N,TSG,pmc_assessment,statecodename
TSG,Assessment_N,TSG,pmc_assessment,statuscodename
FUSION,Grant Activity Coding - Target Age Demographic,FUSION,pmc_grantactivitycoding_mm_targetagedemo,pmc_grantactivitycodingid
FUSION,Grant Activity Coding - Target Age Demographic,FUSION,pmc_grantactivitycoding_mm_targetagedemo,pmc_targetagedemographicid
abs,SA1,abs,SA1_2016_AUST,Id
abs,SA1,abs,SA1_2016_AUST,SA1_MAIN16
abs,SA1,abs,SA1_2016_AUST,SA1_7DIG16
abs,SA1,abs,SA1_2016_AUST,SA2_MAIN16
abs,SA1,abs,SA1_2016_AUST,SA2_5DIG16
abs,SA1,abs,SA1_2016_AUST,SA2_NAME16
abs,SA1,abs,SA1_2016_AUST,SA3_CODE16
abs,SA1,abs,SA1_2016_AUST,SA3_NAME16
abs,SA1,abs,SA1_2016_AUST,SA4_CODE16
abs,SA1,abs,SA1_2016_AUST,SA4_NAME16
abs,SA1,abs,SA1_2016_AUST,GCC_CODE16
abs,SA1,abs,SA1_2016_AUST,GCC_NAME16
abs,SA1,abs,SA1_2016_AUST,STE_CODE16
abs,SA1,abs,SA1_2016_AUST,STE_NAME16
abs,SA1,abs,SA1_2016_AUST,AREASQKM16
abs,SA1,abs,SA1_2016_AUST,Polygon
ESS,CDP Age Group,ESS,DIM_AGE_GROUP,Age
ESS,CDP Age Group,ESS,DIM_AGE_GROUP,Age Group
ESS,CDP Age Group,ESS,DIM_AGE_GROUP,Group Description
ESS,CDP Age Group,ESS,DIM_AGE_GROUP,Group Code
pmc,POSTAL_TO_PMCREG,pmc,POC_TO_PMCREG,POC_CODE
pmc,POSTAL_TO_PMCREG,pmc,POC_TO_PMCREG,Pmc_Region_Name
pmc,POSTAL_TO_PMCREG,pmc,POC_TO_PMCREG,PostalArea_Or_Postalcode
pmc,POSTAL_TO_PMCREG,pmc,POC_TO_PMCREG,Comment
ESS,IEP Grant Estimated Expenditure FY Backup 20231121,ESS,RecruitmentSchedule,EXTRACT_DATE
ESS,IEP Grant Estimated Expenditure FY Backup 20231102,ESS,RecruitmentSchedule,EXTRACT_DATE
ESS,IEP Grant Estimated Expenditure FY Backup 20231102,ESS,RecruitmentSchedule,EFFECTIVE_START_DATE
ESS,IEP Grant Estimated Expenditure FY Backup 20231121,ESS,RecruitmentSchedule,EFFECTIVE_START_DATE
ESS,IEP Grant Estimated Expenditure FY Backup 20231121,ESS,RecruitmentSchedule,EFFECTIVE_END_DATE
ESS,IEP Grant Estimated Expenditure FY Backup 20231102,ESS,RecruitmentSchedule,EFFECTIVE_END_DATE
ESS,IEP Grant Estimated Expenditure FY Backup 20231102,ESS,RecruitmentSchedule,RecruitmentScheduleId
ESS,IEP Grant Estimated Expenditure FY Backup 20231121,ESS,RecruitmentSchedule,RecruitmentScheduleId
ESS,IEP Grant Estimated Expenditure FY Backup 20231121,ESS,RecruitmentSchedule,PlacementGroupId
ESS,IEP Grant Estimated Expenditure FY Backup 20231102,ESS,RecruitmentSchedule,PlacementGroupId
ESS,IEP Grant Estimated Expenditure FY Backup 20231102,ESS,RecruitmentSchedule,StartDate
ESS,IEP Grant Estimated Expenditure FY Backup 20231121,ESS,RecruitmentSchedule,StartDate
FUSION,Case,FUSION,Incident,accountid
FUSION,Case,FUSION,Incident,accountidname
FUSION,Case,FUSION,Incident,activitiescompletename
FUSION,Case,FUSION,Incident,actualserviceunits
FUSION,Case,FUSION,Incident,billedserviceunits
FUSION,Case,FUSION,Incident,blockedprofilename
FUSION,Case,FUSION,Incident,caseorigincode
FUSION,Case,FUSION,Incident,caseorigincodename
FUSION,Case,FUSION,Incident,checkemailname
FUSION,Case,FUSION,Incident,contactid
FUSION,Case,FUSION,Incident,contactidname
FUSION,Case,FUSION,Incident,contractdetailid
FUSION,Case,FUSION,Incident,contractdetailidname
FUSION,Case,FUSION,Incident,contractid
FUSION,Case,FUSION,Incident,contractidname
FUSION,Case,FUSION,Incident,contractservicelevelcode
FUSION,Case,FUSION,Incident,contractservicelevelcodename
FUSION,Case,FUSION,Incident,customercontactedname
FUSION,Case,FUSION,Incident,customerid
FUSION,Case,FUSION,Incident,customeridname
FUSION,Case,FUSION,Incident,customeridtype
FUSION,Case,FUSION,Incident,customersatisfactioncode
FUSION,Case,FUSION,Incident,customersatisfactioncodename
FUSION,Case,FUSION,Incident,decremententitlementtermname
FUSION,Case,FUSION,Incident,description
FUSION,Case,FUSION,Incident,emailaddress
FUSION,Case,FUSION,Incident,entitlementid
FUSION,Case,FUSION,Incident,entitlementidname
FUSION,Case,FUSION,Incident,entityimage_url
FUSION,Case,FUSION,Incident,entityimageid
FUSION,Case,FUSION,Incident,escalatedon
FUSION,Case,FUSION,Incident,existingcase
FUSION,Case,FUSION,Incident,firstresponsebykpiid
FUSION,Case,FUSION,Incident,firstresponsebykpiidname
FUSION,Case,FUSION,Incident,firstresponsesentname
FUSION,Case,FUSION,Incident,firstresponseslastatusname
FUSION,Case,FUSION,Incident,followupby
FUSION,Case,FUSION,Incident,followuptaskcreatedname
FUSION,Case,FUSION,Incident,incidentid
FUSION,Case,FUSION,Incident,incidentstagecode
FUSION,Case,FUSION,Incident,incidentstagecodename
FUSION,Case,FUSION,Incident,influencescore
FUSION,Case,FUSION,Incident,isdecrementingname
FUSION,Case,FUSION,Incident,isescalatedname
FUSION,Case,FUSION,Incident,kbarticleid
FUSION,Case,FUSION,Incident,kbarticleidname
FUSION,Case,FUSION,Incident,lastonholdtime
FUSION,Case,FUSION,Incident,masterid
FUSION,Case,FUSION,Incident,masteridname
FUSION,Case,FUSION,Incident,mergedname
FUSION,Case,FUSION,Incident,messagetypecode
FUSION,Case,FUSION,Incident,messagetypecodename
FUSION,Case,FUSION,Incident,onholdtime
FUSION,Case,FUSION,Incident,parentcaseid
FUSION,Case,FUSION,Incident,parentcaseidname
FUSION,Case,FUSION,Incident,pmc_approvedonbehalfofsystemuserid
FUSION,Case,FUSION,Incident,pmc_approvedonbehalfofsystemuseridname
FUSION,Case,FUSION,Incident,pmc_caserecordurl
FUSION,Case,FUSION,Incident,pmc_casesubtypeid
FUSION,Case,FUSION,Incident,pmc_casesubtypeidname
FUSION,Case,FUSION,Incident,pmc_casetypeid
FUSION,Case,FUSION,Incident,pmc_casetypeidname
FUSION,Case,FUSION,Incident,pmc_executivesnotifiedyesnoname
FUSION,Case,FUSION,Incident,pmc_grantactivityid
FUSION,Case,FUSION,Incident,pmc_grantactivityidname
FUSION,Case,FUSION,Incident,pmc_incidentreportreceivedyesnoname
FUSION,Case,FUSION,Incident,pmc_incidentreportrequestedyesnoname
FUSION,Case,FUSION,Incident,pmc_investigationcompletedbysystemuserid
FUSION,Case,FUSION,Incident,pmc_investigationcompletedbysystemuseridname
FUSION,Case,FUSION,Incident,pmc_investigationcompletedon
FUSION,Case,FUSION,Incident,pmc_investigationcompletedyesnoname
FUSION,Case,FUSION,Incident,pmc_nominatedapproversystemuserid
FUSION,Case,FUSION,Incident,pmc_nominatedapproversystemuseridname
FUSION,Case,FUSION,Incident,pmc_notifiedon
FUSION,Case,FUSION,Incident,pmc_notifiedtypename
FUSION,Case,FUSION,Incident,pmc_notifyingcontactid
FUSION,Case,FUSION,Incident,pmc_notifyingcontactidname
FUSION,Case,FUSION,Incident,pmc_notifyingsystemuserid
FUSION,Case,FUSION,Incident,pmc_notifyingsystemuseridname
FUSION,Case,FUSION,Incident,pmc_pmc_resolutiontypewhs
FUSION,Case,FUSION,Incident,pmc_pmc_resolutiontypewhsname
FUSION,Case,FUSION,Incident,pmc_processstage
FUSION,Case,FUSION,Incident,pmc_resolutionwhs
FUSION,Case,FUSION,Incident,pmc_revertedname
FUSION,Case,FUSION,Incident,pmc_revertreason
FUSION,Case,FUSION,Incident,primarycontactid
FUSION,Case,FUSION,Incident,primarycontactidname
FUSION,Case,FUSION,Incident,prioritycode
FUSION,Case,FUSION,Incident,prioritycodename
FUSION,Case,FUSION,Incident,processid
FUSION,Case,FUSION,Incident,productid
FUSION,Case,FUSION,Incident,productidname
FUSION,Case,FUSION,Incident,productserialnumber
FUSION,Case,FUSION,Incident,resolveby
FUSION,Case,FUSION,Incident,resolvebykpiid
FUSION,Case,FUSION,Incident,resolvebykpiidname
FUSION,Case,FUSION,Incident,resolvebyslastatus
FUSION,Case,FUSION,Incident,resolvebyslastatusname
FUSION,Case,FUSION,Incident,responseby
FUSION,Case,FUSION,Incident,responsiblecontactid
FUSION,Case,FUSION,Incident,responsiblecontactidname
FUSION,Case,FUSION,Incident,routecasename
FUSION,Case,FUSION,Incident,sentimentvalue
FUSION,Case,FUSION,Incident,servicestage
FUSION,Case,FUSION,Incident,servicestagename
FUSION,Case,FUSION,Incident,severitycode
FUSION,Case,FUSION,Incident,severitycodename
FUSION,Case,FUSION,Incident,socialprofileid
FUSION,Case,FUSION,Incident,socialprofileidname
FUSION,Case,FUSION,Incident,stageid
FUSION,Case,FUSION,Incident,statecodename
FUSION,Case,FUSION,Incident,statuscodename
FUSION,Case,FUSION,Incident,subjectid
FUSION,Case,FUSION,Incident,subjectidname
FUSION,Case,FUSION,Incident,ticketnumber
FUSION,Case,FUSION,Incident,title
FUSION,Case,FUSION,Incident,versionnumber
FUSION,Grant Activity Coding - Target Gender,FUSION,pmc_grantactivitycoding_mm_targetgender,pmc_grantactivitycodingid
FUSION,Grant Activity Coding - Target Gender,FUSION,pmc_grantactivitycoding_mm_targetgender,pmc_targetgenderid
FUSION,Grant Opportunity Guideline,FUSION,pmc_grantopportunityguideline,pmc_approver
FUSION,Grant Opportunity Guideline,FUSION,pmc_grantopportunityguideline,pmc_approverbranch
FUSION,Grant Opportunity Guideline,FUSION,pmc_grantopportunityguideline,pmc_approvername
FUSION,Grant Opportunity Guideline,FUSION,pmc_grantopportunityguideline,pmc_approversection
FUSION,Grant Opportunity Guideline,FUSION,pmc_grantopportunityguideline,pmc_commentifwaived
FUSION,Grant Opportunity Guideline,FUSION,pmc_grantopportunityguideline,pmc_dateapprovedbyminister
FUSION,Grant Opportunity Guideline,FUSION,pmc_grantopportunityguideline,pmc_datesignedoffbydof
FUSION,Grant Opportunity Guideline,FUSION,pmc_grantopportunityguideline,pmc_datesignedoffbydofminister
FUSION,Grant Opportunity Guideline,FUSION,pmc_grantopportunityguideline,pmc_dofagreedriskname
FUSION,Grant Opportunity Guideline,FUSION,pmc_grantopportunityguideline,pmc_dofapprovedname
FUSION,Grant Opportunity Guideline,FUSION,pmc_grantopportunityguideline,pmc_dofministerapprovalname
FUSION,Grant Opportunity Guideline,FUSION,pmc_grantopportunityguideline,pmc_enddate
FUSION,Grant Opportunity Guideline,FUSION,pmc_grantopportunityguideline,pmc_gogdescription
FUSION,Grant Opportunity Guideline,FUSION,pmc_grantopportunityguideline,pmc_gogdocumentlinks
FUSION,Grant Opportunity Guideline,FUSION,pmc_grantopportunityguideline,pmc_gogid
FUSION,Grant Opportunity Guideline,FUSION,pmc_grantopportunityguideline,pmc_gogtitle
FUSION,Grant Opportunity Guideline,FUSION,pmc_grantopportunityguideline,pmc_goid
FUSION,Grant Opportunity Guideline,FUSION,pmc_grantopportunityguideline,pmc_grantapproachname
FUSION,Grant Opportunity Guideline,FUSION,pmc_grantopportunityguideline,pmc_grantdesignapprovedname
FUSION,Grant Opportunity Guideline,FUSION,pmc_grantopportunityguideline,pmc_grantdesignstrategyhasbeensignedoffname
FUSION,Grant Opportunity Guideline,FUSION,pmc_grantopportunityguideline,pmc_grantopportunityguidelineid
FUSION,Grant Opportunity Guideline,FUSION,pmc_grantopportunityguideline,pmc_indigenousorganisationpreferencingname
FUSION,Grant Opportunity Guideline,FUSION,pmc_grantopportunityguideline,pmc_ministerapprovalname
FUSION,Grant Opportunity Guideline,FUSION,pmc_grantopportunityguideline,pmc_name
FUSION,Grant Opportunity Guideline,FUSION,pmc_grantopportunityguideline,pmc_previousgog
FUSION,Grant Opportunity Guideline,FUSION,pmc_grantopportunityguideline,pmc_previousgogname
FUSION,Grant Opportunity Guideline,FUSION,pmc_grantopportunityguideline,pmc_programareaowner
FUSION,Grant Opportunity Guideline,FUSION,pmc_grantopportunityguideline,pmc_programareaownerbranch
FUSION,Grant Opportunity Guideline,FUSION,pmc_grantopportunityguideline,pmc_programareaownername
FUSION,Grant Opportunity Guideline,FUSION,pmc_grantopportunityguideline,pmc_programareaownersection
FUSION,Grant Opportunity Guideline,FUSION,pmc_grantopportunityguideline,pmc_publishedname
FUSION,Grant Opportunity Guideline,FUSION,pmc_grantopportunityguideline,pmc_selectionstrategyname
FUSION,Grant Opportunity Guideline,FUSION,pmc_grantopportunityguideline,pmc_startdate
FUSION,Grant Opportunity Guideline,FUSION,pmc_grantopportunityguideline,statecodename
FUSION,Grant Opportunity Guideline,FUSION,pmc_grantopportunityguideline,statuscodename
FUSION,Grant Opportunity Guideline,FUSION,pmc_grantopportunityguideline,createdon
FUSION,Grant Opportunity Guideline,FUSION,pmc_grantopportunityguideline,modifiedon
TSG,Personal Acknowledgement_N,TSG,pmc_directpersonalresponse,owninguser
TSG,Personal Acknowledgement_N,TSG,pmc_directpersonalresponse,pmc_applicantid
TSG,Personal Acknowledgement_N,TSG,pmc_directpersonalresponse,pmc_approvaltoproceeddate
TSG,Personal Acknowledgement_N,TSG,pmc_directpersonalresponse,pmc_caseid
TSG,Personal Acknowledgement_N,TSG,pmc_directpersonalresponse,pmc_conflictofinterestcheckedon
TSG,Personal Acknowledgement_N,TSG,pmc_directpersonalresponse,pmc_dateofwellbeingcheck
TSG,Personal Acknowledgement_N,TSG,pmc_directpersonalresponse,pmc_dateofwellbeingcheckwrittenpa
TSG,Personal Acknowledgement_N,TSG,pmc_directpersonalresponse,pmc_dprtypetext
TSG,Personal Acknowledgement_N,TSG,pmc_directpersonalresponse,pmc_firstcontactedon
TSG,Personal Acknowledgement_N,TSG,pmc_directpersonalresponse,pmc_name
TSG,Personal Acknowledgement_N,TSG,pmc_directpersonalresponse,pmc_processstage
TSG,Personal Acknowledgement_N,TSG,pmc_directpersonalresponse,statecodename
pmc,SA1_TO_EC,pmc,SA1_TO_EC_2016_AUST,SA1_MAIN16
pmc,SA1_TO_EC,pmc,SA1_TO_EC_2016_AUST,SA1_7DIG16
pmc,SA1_TO_EC,pmc,SA1_TO_EC_2016_AUST,EC_Name
abs,SA1_TO_ALL_2016,abs,SA1_TO_ALL_2016_AUST,SA1_MAINCODE_2016
abs,SA1_TO_ALL_2016,abs,SA1_TO_ALL_2016_AUST,SA1_7DIGITCODE_2016
abs,SA1_TO_ALL_2016,abs,SA1_TO_ALL_2016_AUST,SA2_MAINCODE_2016
abs,SA1_TO_ALL_2016,abs,SA1_TO_ALL_2016_AUST,SA2_5DIGITCODE_2016
abs,SA1_TO_ALL_2016,abs,SA1_TO_ALL_2016_AUST,SA2_NAME_2016
abs,SA1_TO_ALL_2016,abs,SA1_TO_ALL_2016_AUST,SA3_CODE_2016
abs,SA1_TO_ALL_2016,abs,SA1_TO_ALL_2016_AUST,SA3_NAME_2016
abs,SA1_TO_ALL_2016,abs,SA1_TO_ALL_2016_AUST,SA4_CODE_2016
abs,SA1_TO_ALL_2016,abs,SA1_TO_ALL_2016_AUST,SA4_NAME_2016
abs,SA1_TO_ALL_2016,abs,SA1_TO_ALL_2016_AUST,GCCSA_CODE_2016
abs,SA1_TO_ALL_2016,abs,SA1_TO_ALL_2016_AUST,GCCSA_NAME_2016
abs,SA1_TO_ALL_2016,abs,SA1_TO_ALL_2016_AUST,STATE_CODE_2016
abs,SA1_TO_ALL_2016,abs,SA1_TO_ALL_2016_AUST,STATE_NAME_2016
abs,SA1_TO_ALL_2016,abs,SA1_TO_ALL_2016_AUST,POA_CODE_2016
abs,SA1_TO_ALL_2016,abs,SA1_TO_ALL_2016_AUST,POA_NAME_2016
abs,SA1_TO_ALL_2016,abs,SA1_TO_ALL_2016_AUST,ILOC_CODE_2016
abs,SA1_TO_ALL_2016,abs,SA1_TO_ALL_2016_AUST,ILOC_NAME_2016
abs,SA1_TO_ALL_2016,abs,SA1_TO_ALL_2016_AUST,IARE_CODE_2016
abs,SA1_TO_ALL_2016,abs,SA1_TO_ALL_2016_AUST,IARE_NAME_2016
abs,SA1_TO_ALL_2016,abs,SA1_TO_ALL_2016_AUST,IREG_CODE_2016
abs,SA1_TO_ALL_2016,abs,SA1_TO_ALL_2016_AUST,IREG_NAME_2016
abs,SA1_TO_ALL_2016,abs,SA1_TO_ALL_2016_AUST,RA_CODE_2016
abs,SA1_TO_ALL_2016,abs,SA1_TO_ALL_2016_AUST,RA_NAME_2016
abs,SA1_TO_ALL_2016,abs,SA1_TO_ALL_2016_AUST,CED_CODE_2016
abs,SA1_TO_ALL_2016,abs,SA1_TO_ALL_2016_AUST,CED_NAME_2016
abs,SA1_TO_ALL_2016,abs,SA1_TO_ALL_2016_AUST,PHN_CODE_2017
abs,SA1_TO_ALL_2016,abs,SA1_TO_ALL_2016_AUST,PHN_NAME_2017
FUSION,Grant Activity Location,FUSION,pmc_locationaddress_etltransform,pmc_locationaddressid
FUSION,Grant Activity Location,FUSION,pmc_locationaddress_etltransform,pmc_address1latitude
FUSION,Grant Activity Location,FUSION,pmc_locationaddress_etltransform,pmc_address1longitude
FUSION,Grant Activity Location,FUSION,pmc_locationaddress_etltransform,MeshBlockCode2016
FUSION,Grant Activity Location,FUSION,pmc_locationaddress_etltransform,MeshBlockCode2021
FUSION,Case Resolution,FUSION,IncidentResolution,activityadditionalparams
FUSION,Case Resolution,FUSION,IncidentResolution,activityid
FUSION,Case Resolution,FUSION,IncidentResolution,activitytypecode
FUSION,Case Resolution,FUSION,IncidentResolution,activitytypecodename
FUSION,Case Resolution,FUSION,IncidentResolution,actualdurationminutes
FUSION,Case Resolution,FUSION,IncidentResolution,actualend
FUSION,Case Resolution,FUSION,IncidentResolution,actualstart
FUSION,Case Resolution,FUSION,IncidentResolution,bcc
FUSION,Case Resolution,FUSION,IncidentResolution,category
FUSION,Case Resolution,FUSION,IncidentResolution,cc
FUSION,Case Resolution,FUSION,IncidentResolution,community
FUSION,Case Resolution,FUSION,IncidentResolution,communityname
FUSION,Case Resolution,FUSION,IncidentResolution,customers
FUSION,Case Resolution,FUSION,IncidentResolution,deliverylastattemptedon
FUSION,Case Resolution,FUSION,IncidentResolution,deliveryprioritycode
FUSION,Case Resolution,FUSION,IncidentResolution,deliveryprioritycodename
FUSION,Case Resolution,FUSION,IncidentResolution,description
FUSION,Case Resolution,FUSION,IncidentResolution,exchangeitemid
FUSION,Case Resolution,FUSION,IncidentResolution,exchangeweblink
FUSION,Case Resolution,FUSION,IncidentResolution,from
FUSION,Case Resolution,FUSION,IncidentResolution,incidentid
FUSION,Case Resolution,FUSION,IncidentResolution,incidentidname
FUSION,Case Resolution,FUSION,IncidentResolution,incidentidtype
FUSION,Case Resolution,FUSION,IncidentResolution,instancetypecode
FUSION,Case Resolution,FUSION,IncidentResolution,instancetypecodename
FUSION,Case Resolution,FUSION,IncidentResolution,isbilledname
FUSION,Case Resolution,FUSION,IncidentResolution,isregularactivityname
FUSION,Case Resolution,FUSION,IncidentResolution,isworkflowcreatedname
FUSION,Case Resolution,FUSION,IncidentResolution,lastonholdtime
FUSION,Case Resolution,FUSION,IncidentResolution,leftvoicemailname
FUSION,Case Resolution,FUSION,IncidentResolution,onholdtime
FUSION,Case Resolution,FUSION,IncidentResolution,optionalattendees
FUSION,Case Resolution,FUSION,IncidentResolution,organizer
FUSION,Case Resolution,FUSION,IncidentResolution,partners
FUSION,Case Resolution,FUSION,IncidentResolution,postponeactivityprocessinguntil
FUSION,Case Resolution,FUSION,IncidentResolution,prioritycode
FUSION,Case Resolution,FUSION,IncidentResolution,prioritycodename
FUSION,Case Resolution,FUSION,IncidentResolution,processid
FUSION,Case Resolution,FUSION,IncidentResolution,regardingobjectid
FUSION,Case Resolution,FUSION,IncidentResolution,regardingobjectidname
FUSION,Case Resolution,FUSION,IncidentResolution,regardingobjecttypecode
FUSION,Case Resolution,FUSION,IncidentResolution,requiredattendees
FUSION,Case Resolution,FUSION,IncidentResolution,resolutiontypecode
FUSION,Case Resolution,FUSION,IncidentResolution,resolutiontypecodename
FUSION,Case Resolution,FUSION,IncidentResolution,resources
FUSION,Case Resolution,FUSION,IncidentResolution,scheduleddurationminutes
FUSION,Case Resolution,FUSION,IncidentResolution,scheduledend
FUSION,Case Resolution,FUSION,IncidentResolution,scheduledstart
FUSION,Case Resolution,FUSION,IncidentResolution,sendermailboxid
FUSION,Case Resolution,FUSION,IncidentResolution,sendermailboxidname
FUSION,Case Resolution,FUSION,IncidentResolution,senton
FUSION,Case Resolution,FUSION,IncidentResolution,seriesid
FUSION,Case Resolution,FUSION,IncidentResolution,serviceid
FUSION,Case Resolution,FUSION,IncidentResolution,sortdate
FUSION,Case Resolution,FUSION,IncidentResolution,stageid
FUSION,Case Resolution,FUSION,IncidentResolution,statecodename
FUSION,Case Resolution,FUSION,IncidentResolution,statuscodename
FUSION,Case Resolution,FUSION,IncidentResolution,subcategory
FUSION,Case Resolution,FUSION,IncidentResolution,subject
FUSION,Case Resolution,FUSION,IncidentResolution,timespent
FUSION,Case Resolution,FUSION,IncidentResolution,to
FUSION,Case Resolution,FUSION,IncidentResolution,totaltimespent
FUSION,Case Resolution,FUSION,IncidentResolution,versionnumber
ESS,CDP Organisation,ESS,Locality,Locality Name
ESS,CDP Vacancy,ESS,Locality,Locality Name
ESS,CDP Job Seeker,ESS,Locality,Locality Name
ESS,CDP Job Seeker,ESS,Locality,State Code
ESS,CDP Vacancy,ESS,Locality,State Code
ESS,CDP Organisation,ESS,Locality,State Code
ESS,CDP Organisation,ESS,Locality,Post Code
ESS,CDP Vacancy,ESS,Locality,Post Code
ESS,CDP Job Seeker,ESS,Locality,Post Code
ESS,CDP Job Seeker,ESS,Locality,Latitude
ESS,CDP Vacancy,ESS,Locality,Latitude
ESS,CDP Organisation,ESS,Locality,Latitude
ESS,CDP Organisation,ESS,Locality,Longitude
ESS,CDP Vacancy,ESS,Locality,Longitude
ESS,CDP Job Seeker,ESS,Locality,Longitude
FUSION,Grant Activity Coding Funding,FUSION,pmc_grantactivitycodingreport,pmc_financialyear
FUSION,Grant Activity Coding Funding,FUSION,pmc_grantactivitycodingreport,pmc_frameworkcodeidname
FUSION,Grant Activity Coding Funding,FUSION,pmc_grantactivitycodingreport,pmc_fundingallocationexgst
FUSION,Grant Activity Coding Funding,FUSION,pmc_grantactivitycodingreport,pmc_grantactivitycodingid
FUSION,Grant Activity Coding Funding,FUSION,pmc_grantactivitycodingreport,pmc_grantactivitycodingreportid
FUSION,Grant Activity Coding Funding,FUSION,pmc_grantactivitycodingreport,pmc_level1frameworkcode
FUSION,Grant Activity Coding Funding,FUSION,pmc_grantactivitycodingreport,pmc_level2frameworkcode
FUSION,Grant Activity Coding Funding,FUSION,pmc_grantactivitycodingreport,pmc_level3frameworkcode
FUSION,Grant Activity Coding Funding,FUSION,pmc_grantactivitycodingreport,statecodename
FUSION,Grant Activity Coding Funding,FUSION,pmc_grantactivitycodingreport,statuscodename
FUSION,Framework Code,FUSION,pmc_activityframeworkcode,pmc_activityframeworkcodeid
FUSION,Grant Activity Coding - Summary,FUSION,pmc_activityframeworkcode,pmc_activityframeworkcodeid
FUSION,Grant Activity Coding - Summary,FUSION,pmc_activityframeworkcode,pmc_activityframeworkcodeparentid
FUSION,Framework Code,FUSION,pmc_activityframeworkcode,pmc_activityframeworkcodeparentid
FUSION,Framework Code,FUSION,pmc_activityframeworkcode,pmc_activityframeworkcodeparentidname
FUSION,Framework Code,FUSION,pmc_activityframeworkcode,pmc_codename
FUSION,Grant Activity Coding - Summary,FUSION,pmc_activityframeworkcode,pmc_codename
FUSION,Framework Code,FUSION,pmc_activityframeworkcode,pmc_hierarchy
FUSION,Framework Code,FUSION,pmc_activityframeworkcode,pmc_hierarchylevel
FUSION,Framework Code,FUSION,pmc_activityframeworkcode,pmc_natureofcode
FUSION,Framework Code,FUSION,pmc_activityframeworkcode,pmc_natureofcodename
FUSION,Framework Code,FUSION,pmc_activityframeworkcode,statuscodename
TSG,Outcome_N,TSG,pmc_outcome,pmc_adjustedredressoffer
TSG,Outcome_N,TSG,pmc_outcome,pmc_arrangementdate
TSG,Outcome_N,TSG,pmc_outcome,pmc_arrangementmadeby
TSG,Outcome_N,TSG,pmc_outcome,pmc_assessment
TSG,Outcome_N,TSG,pmc_outcome,pmc_case
TSG,Outcome_N,TSG,pmc_outcome,pmc_commentsfordelegate
TSG,Outcome_N,TSG,pmc_outcome,pmc_dateacceptancedeedsent
TSG,Outcome_N,TSG,pmc_outcome,pmc_delegate
TSG,Outcome_N,TSG,pmc_outcome,pmc_delegatescomments
TSG,Outcome_N,TSG,pmc_outcome,pmc_determinationdate
TSG,Outcome_N,TSG,pmc_outcome,pmc_determinationname
TSG,Outcome_N,TSG,pmc_outcome,pmc_directpersonalresponse
TSG,Outcome_N,TSG,pmc_outcome,pmc_directpersonalresponsename
TSG,Outcome_N,TSG,pmc_outcome,pmc_healingoffer
TSG,Outcome_N,TSG,pmc_outcome,pmc_healingofferresponsename
TSG,Outcome_N,TSG,pmc_outcome,pmc_name
TSG,Outcome_N,TSG,pmc_outcome,pmc_paymentrequestdate
TSG,Outcome_N,TSG,pmc_outcome,pmc_receivedpaymentunderanotherschemename
TSG,Outcome_N,TSG,pmc_outcome,pmc_redressofferresponsename
TSG,Outcome_N,TSG,pmc_outcome,pmc_responsedate
TSG,Outcome_N,TSG,pmc_outcome,pmc_returntoassessmentname
TSG,Outcome_N,TSG,pmc_outcome,pmc_totaloffer
TSG,Outcome_N,TSG,pmc_outcome,createdon
TSG,Outcome_N,TSG,pmc_outcome,statecodename
TSG,Outcome_N,TSG,pmc_outcome,statuscodename
ASGS,SA2 2021 - TR 2021,ASGS,SA2_2021_TR_2021,SA2_CODE_2021
ASGS,SA2 2021 - TR 2021,ASGS,SA2_2021_TR_2021,SA2_NAME_2021
ASGS,SA2 2021 - TR 2021,ASGS,SA2_2021_TR_2021,TR_CODE_2021
ASGS,SA2 2021 - TR 2021,ASGS,SA2_2021_TR_2021,TR_NAME_2021
ASGS,SA2 2021 - TR 2021,ASGS,SA2_2021_TR_2021,STATE_CODE_2021
ASGS,SA2 2021 - TR 2021,ASGS,SA2_2021_TR_2021,STATE_NAME_2021
ASGS,SA2 2021 - TR 2021,ASGS,SA2_2021_TR_2021,AUS_CODE_2021
ASGS,SA2 2021 - TR 2021,ASGS,SA2_2021_TR_2021,AUS_NAME_2021
ASGS,SA2 2021 - TR 2021,ASGS,SA2_2021_TR_2021,AREA_ALBERS_SQKM
ASGS,SA2 2021 - TR 2021,ASGS,SA2_2021_TR_2021,ASGS_LOCI_URI_2021
pmc,SA1_TO_PMC_REGION,pmc,SA1_TO_PMCREG_2016_AUST,SA1_MAINCODE_2016
pmc,SA1_TO_PMC_REGION,pmc,SA1_TO_PMCREG_2016_AUST,SA1_7DIGITCODE_2016
pmc,SA1_TO_PMC_REGION,pmc,SA1_TO_PMCREG_2016_AUST,SA2_MAINCODE_2016
pmc,SA1_TO_PMC_REGION,pmc,SA1_TO_PMCREG_2016_AUST,SA2_5DIGITCODE_2016
pmc,SA1_TO_PMC_REGION,pmc,SA1_TO_PMCREG_2016_AUST,SA2_NAME_2016
pmc,SA1_TO_PMC_REGION,pmc,SA1_TO_PMCREG_2016_AUST,SA3_CODE_2016
pmc,SA1_TO_PMC_REGION,pmc,SA1_TO_PMCREG_2016_AUST,SA3_NAME_2016
pmc,SA1_TO_PMC_REGION,pmc,SA1_TO_PMCREG_2016_AUST,SA4_CODE_2016
pmc,SA1_TO_PMC_REGION,pmc,SA1_TO_PMCREG_2016_AUST,SA4_NAME_2016
pmc,SA1_TO_PMC_REGION,pmc,SA1_TO_PMCREG_2016_AUST,GCCSA_CODE_2016
pmc,SA1_TO_PMC_REGION,pmc,SA1_TO_PMCREG_2016_AUST,GCCSA_NAME_2016
pmc,SA1_TO_PMC_REGION,pmc,SA1_TO_PMCREG_2016_AUST,STATE_CODE_2016
pmc,SA1_TO_PMC_REGION,pmc,SA1_TO_PMCREG_2016_AUST,STATE_NAME_2016
pmc,SA1_TO_PMC_REGION,pmc,SA1_TO_PMCREG_2016_AUST,Pmc_Region
pmc,SA1_TO_PMC_REGION,pmc,SA1_TO_PMCREG_2016_AUST,Pmc_Region_Name
abs,SA1_TO_ALL_2018,abs,SA1_TO_ALL_2018_AUST,MB_CODE_2016
abs,SA1_TO_ALL,abs,SA1_TO_ALL_2018_AUST,MB_CODE_2016
abs,SA1_TO_ALL,abs,SA1_TO_ALL_2018_AUST,MB_CATEGORY_NAME_2016
abs,SA1_TO_ALL_2018,abs,SA1_TO_ALL_2018_AUST,MB_CATEGORY_NAME_2016
abs,SA1_TO_ALL_2018,abs,SA1_TO_ALL_2018_AUST,SA1_MAINCODE_2016
abs,SA1_TO_ALL,abs,SA1_TO_ALL_2018_AUST,SA1_MAINCODE_2016
abs,SA1_TO_ILOC,abs,SA1_TO_ALL_2018_AUST,SA1_MAINCODE_2016
abs,SA1_TO_STATE,abs,SA1_TO_ALL_2018_AUST,SA1_MAINCODE_2016
abs,SA1_TO_STATE,abs,SA1_TO_ALL_2018_AUST,SA1_7DIGITCODE_2016
abs,SA1_TO_ALL,abs,SA1_TO_ALL_2018_AUST,SA1_7DIGITCODE_2016
abs,SA1_TO_ALL_2018,abs,SA1_TO_ALL_2018_AUST,SA1_7DIGITCODE_2016
abs,SA1_TO_ALL_2018,abs,SA1_TO_ALL_2018_AUST,SA2_MAINCODE_2016
abs,SA1_TO_ALL,abs,SA1_TO_ALL_2018_AUST,SA2_MAINCODE_2016
abs,SA1_TO_ALL,abs,SA1_TO_ALL_2018_AUST,SA2_5DIGITCODE_2016
abs,SA1_TO_ALL_2018,abs,SA1_TO_ALL_2018_AUST,SA2_5DIGITCODE_2016
abs,SA1_TO_ALL_2018,abs,SA1_TO_ALL_2018_AUST,SA2_NAME_2016
abs,SA1_TO_ALL,abs,SA1_TO_ALL_2018_AUST,SA2_NAME_2016
abs,SA1_TO_ALL,abs,SA1_TO_ALL_2018_AUST,SA3_CODE_2016
abs,SA1_TO_ALL_2018,abs,SA1_TO_ALL_2018_AUST,SA3_CODE_2016
abs,SA1_TO_ALL_2018,abs,SA1_TO_ALL_2018_AUST,SA3_NAME_2016
abs,SA1_TO_ALL,abs,SA1_TO_ALL_2018_AUST,SA3_NAME_2016
abs,SA1_TO_ALL,abs,SA1_TO_ALL_2018_AUST,SA4_CODE_2016
abs,SA1_TO_ALL_2018,abs,SA1_TO_ALL_2018_AUST,SA4_CODE_2016
abs,SA1_TO_ALL_2018,abs,SA1_TO_ALL_2018_AUST,SA4_NAME_2016
abs,SA1_TO_ALL,abs,SA1_TO_ALL_2018_AUST,SA4_NAME_2016
abs,SA1_TO_ALL,abs,SA1_TO_ALL_2018_AUST,GCCSA_CODE_2016
abs,SA1_TO_ALL_2018,abs,SA1_TO_ALL_2018_AUST,GCCSA_CODE_2016
abs,SA1_TO_ALL_2018,abs,SA1_TO_ALL_2018_AUST,GCCSA_NAME_2016
abs,SA1_TO_ALL,abs,SA1_TO_ALL_2018_AUST,GCCSA_NAME_2016
abs,SA1_TO_ALL,abs,SA1_TO_ALL_2018_AUST,STATE_CODE_2016
abs,SA1_TO_ALL_2018,abs,SA1_TO_ALL_2018_AUST,STATE_CODE_2016
abs,SA1_TO_STATE,abs,SA1_TO_ALL_2018_AUST,STATE_CODE_2016
abs,SA1_TO_STATE,abs,SA1_TO_ALL_2018_AUST,STATE_NAME_2016
abs,SA1_TO_ALL_2018,abs,SA1_TO_ALL_2018_AUST,STATE_NAME_2016
abs,SA1_TO_ALL,abs,SA1_TO_ALL_2018_AUST,STATE_NAME_2016
abs,SA1_TO_ALL,abs,SA1_TO_ALL_2018_AUST,POA_CODE_2016
abs,SA1_TO_ALL_2018,abs,SA1_TO_ALL_2018_AUST,POA_CODE_2016
abs,SA1_TO_ALL_2018,abs,SA1_TO_ALL_2018_AUST,POA_NAME_2016
abs,SA1_TO_ALL,abs,SA1_TO_ALL_2018_AUST,POA_NAME_2016
abs,SA1_TO_ALL,abs,SA1_TO_ALL_2018_AUST,ILOC_CODE_2016
abs,SA1_TO_ALL_2018,abs,SA1_TO_ALL_2018_AUST,ILOC_CODE_2016
abs,SA1_TO_ILOC,abs,SA1_TO_ALL_2018_AUST,ILOC_CODE_2016
abs,SA1_TO_ILOC,abs,SA1_TO_ALL_2018_AUST,ILOC_NAME_2016
abs,SA1_TO_ALL_2018,abs,SA1_TO_ALL_2018_AUST,ILOC_NAME_2016
abs,SA1_TO_ALL,abs,SA1_TO_ALL_2018_AUST,ILOC_NAME_2016
abs,SA1_TO_ALL,abs,SA1_TO_ALL_2018_AUST,IARE_CODE_2016
abs,SA1_TO_ALL_2018,abs,SA1_TO_ALL_2018_AUST,IARE_CODE_2016
abs,SA1_TO_ILOC,abs,SA1_TO_ALL_2018_AUST,IARE_CODE_2016
abs,SA1_TO_ILOC,abs,SA1_TO_ALL_2018_AUST,IARE_NAME_2016
abs,SA1_TO_ALL_2018,abs,SA1_TO_ALL_2018_AUST,IARE_NAME_2016
abs,SA1_TO_ALL,abs,SA1_TO_ALL_2018_AUST,IARE_NAME_2016
abs,SA1_TO_ALL,abs,SA1_TO_ALL_2018_AUST,IREG_CODE_2016
abs,SA1_TO_ALL_2018,abs,SA1_TO_ALL_2018_AUST,IREG_CODE_2016
abs,SA1_TO_ILOC,abs,SA1_TO_ALL_2018_AUST,IREG_CODE_2016
abs,SA1_TO_ILOC,abs,SA1_TO_ALL_2018_AUST,IREG_NAME_2016
abs,SA1_TO_ALL_2018,abs,SA1_TO_ALL_2018_AUST,IREG_NAME_2016
abs,SA1_TO_ALL,abs,SA1_TO_ALL_2018_AUST,IREG_NAME_2016
abs,SA1_TO_ALL,abs,SA1_TO_ALL_2018_AUST,RA_CODE_2016
abs,SA1_TO_ALL_2018,abs,SA1_TO_ALL_2018_AUST,RA_CODE_2016
abs,SA1_TO_ALL_2018,abs,SA1_TO_ALL_2018_AUST,RA_NAME_2016
abs,SA1_TO_ALL,abs,SA1_TO_ALL_2018_AUST,RA_NAME_2016
abs,SA1_TO_ALL,abs,SA1_TO_ALL_2018_AUST,CED_CODE_2018
abs,SA1_TO_ALL_2018,abs,SA1_TO_ALL_2018_AUST,CED_CODE_2018
abs,SA1_TO_ALL_2018,abs,SA1_TO_ALL_2018_AUST,CED_NAME_2018
abs,SA1_TO_ALL,abs,SA1_TO_ALL_2018_AUST,CED_NAME_2018
abs,SA1_TO_ALL,abs,SA1_TO_ALL_2018_AUST,LGA_CODE_2018
abs,SA1_TO_ALL_2018,abs,SA1_TO_ALL_2018_AUST,LGA_CODE_2018
abs,SA1_TO_ALL_2018,abs,SA1_TO_ALL_2018_AUST,LGA_NAME_2018
abs,SA1_TO_ALL,abs,SA1_TO_ALL_2018_AUST,LGA_NAME_2018
abs,SA1_TO_ALL,abs,SA1_TO_ALL_2018_AUST,PHN_CODE_2017
abs,SA1_TO_ALL_2018,abs,SA1_TO_ALL_2018_AUST,PHN_CODE_2017
abs,SA1_TO_ALL_2018,abs,SA1_TO_ALL_2018_AUST,PHN_NAME_2017
abs,SA1_TO_ALL,abs,SA1_TO_ALL_2018_AUST,PHN_NAME_2017
FUSION,Planned Investment,FUSION,pmc_plannedactivity,pmc_abpcomments
FUSION,Planned Investment,FUSION,pmc_plannedactivity,pmc_budgetmeasure
FUSION,Planned Investment,FUSION,pmc_plannedactivity,pmc_budgetmeasurename
FUSION,Planned Investment,FUSION,pmc_plannedactivity,pmc_contactofficer
FUSION,Planned Investment,FUSION,pmc_plannedactivity,pmc_contactofficername
FUSION,Planned Investment,FUSION,pmc_plannedactivity,pmc_decisiondate
FUSION,Planned Investment,FUSION,pmc_plannedactivity,pmc_draftcompletedname
FUSION,Planned Investment,FUSION,pmc_plannedactivity,pmc_endorsename
FUSION,Planned Investment,FUSION,pmc_plannedactivity,pmc_endorsercomments
FUSION,Planned Investment,FUSION,pmc_plannedactivity,pmc_endorserid
FUSION,Planned Investment,FUSION,pmc_plannedactivity,pmc_endorseridname
FUSION,Planned Investment,FUSION,pmc_plannedactivity,pmc_grantopportunityguideline
FUSION,Planned Investment,FUSION,pmc_plannedactivity,pmc_grantopportunityguidelinename
FUSION,Planned Investment,FUSION,pmc_plannedactivity,pmc_initiatingareaname
FUSION,Planned Investment,FUSION,pmc_plannedactivity,pmc_name
FUSION,Planned Investment,FUSION,pmc_plannedactivity,pmc_plannedactivitydescription
FUSION,Planned Investment,FUSION,pmc_plannedactivity,pmc_plannedactivityenddate
FUSION,Planned Investment Financial,FUSION,pmc_plannedactivity,pmc_plannedactivityenddate
FUSION,Planned Investment Derived History,FUSION,pmc_plannedactivity,pmc_plannedactivityenddate
FUSION,Planned Investment Derived History,FUSION,pmc_plannedactivity,pmc_plannedactivityid
FUSION,Planned Investment Financial,FUSION,pmc_plannedactivity,pmc_plannedactivityid
FUSION,Planned Investment,FUSION,pmc_plannedactivity,pmc_plannedactivityid
FUSION,Planned Investment,FUSION,pmc_plannedactivity,pmc_plannedactivityidnumber
FUSION,Planned Investment,FUSION,pmc_plannedactivity,pmc_plannedactivitystartdate
FUSION,Planned Investment Financial,FUSION,pmc_plannedactivity,pmc_plannedactivitystartdate
FUSION,Planned Investment Derived History,FUSION,pmc_plannedactivity,pmc_plannedactivitystartdate
FUSION,Planned Investment,FUSION,pmc_plannedactivity,pmc_plannedactivitytitle
FUSION,Planned Investment,FUSION,pmc_plannedactivity,pmc_plannedactivitytypename
FUSION,Planned Investment,FUSION,pmc_plannedactivity,pmc_processstage
FUSION,Planned Investment,FUSION,pmc_plannedactivity,pmc_processstagedirection
FUSION,Planned Investment,FUSION,pmc_plannedactivity,pmc_programarea
FUSION,Planned Investment,FUSION,pmc_plannedactivity,pmc_programme
FUSION,Planned Investment,FUSION,pmc_plannedactivity,pmc_programmename
FUSION,Planned Investment,FUSION,pmc_plannedactivity,pmc_programsubcomponent
FUSION,Planned Investment,FUSION,pmc_plannedactivity,pmc_programsubcomponentname
FUSION,Planned Investment,FUSION,pmc_plannedactivity,pmc_region
FUSION,Planned Investment,FUSION,pmc_plannedactivity,pmc_regionname
FUSION,Planned Investment,FUSION,pmc_plannedactivity,pmc_responsibleses
FUSION,Planned Investment,FUSION,pmc_plannedactivity,pmc_responsiblesesname
FUSION,Planned Investment,FUSION,pmc_plannedactivity,pmc_revertedname
FUSION,Planned Investment,FUSION,pmc_plannedactivity,pmc_revertreason
FUSION,Planned Investment,FUSION,pmc_plannedactivity,pmc_reviewedbyid
FUSION,Planned Investment,FUSION,pmc_plannedactivity,pmc_reviewedbyidname
FUSION,Planned Investment,FUSION,pmc_plannedactivity,pmc_reviewedon
FUSION,Planned Investment,FUSION,pmc_plannedactivity,pmc_subprogrammeid
FUSION,Planned Investment,FUSION,pmc_plannedactivity,pmc_subprogrammeidname
FUSION,Planned Investment,FUSION,pmc_plannedactivity,pmc_totalappliedforamountexgst
FUSION,Planned Investment,FUSION,pmc_plannedactivity,pmc_totalapprovedamountexgst
FUSION,Planned Investment,FUSION,pmc_plannedactivity,pmc_totallegalcommitmentamountexgst
FUSION,Planned Investment,FUSION,pmc_plannedactivity,pmc_totalplannedamountexgst
FUSION,Planned Investment,FUSION,pmc_plannedactivity,pmc_totalrecommendedamountexgst
FUSION,Planned Investment,FUSION,pmc_plannedactivity,pmc_validatedbyabpname
FUSION,Planned Investment,FUSION,pmc_plannedactivity,statecodename
FUSION,Planned Investment,FUSION,pmc_plannedactivity,statuscodename
FUSION,Planned Investment,FUSION,pmc_plannedactivity,owningteam
FUSION,Planned Investment,FUSION,pmc_plannedactivity,owninguser
FUSION,Planned Investment,FUSION,pmc_plannedactivity,createdon
FUSION,Planned Investment,FUSION,pmc_plannedactivity,modifiedon
FUSION,Action Item Type,FUSION,pmc_actionitemtype,pmc_actionitemtypeid
FUSION,Action Item Type,FUSION,pmc_actionitemtype,pmc_description
FUSION,Action Item Type,FUSION,pmc_actionitemtype,pmc_name
FUSION,Action Item Type,FUSION,pmc_actionitemtype,statecodename
FUSION,Action Item Type,FUSION,pmc_actionitemtype,statuscodename
FUSION,Opportunity Capture,FUSION,pmc_opportunitycapture,businessprocessflowinstanceid
FUSION,Opportunity Capture,FUSION,pmc_opportunitycapture,activestageid
FUSION,Opportunity Capture,FUSION,pmc_opportunitycapture,activestageidname
FUSION,Opportunity Capture,FUSION,pmc_opportunitycapture,activestagestartedon
FUSION,Opportunity Capture,FUSION,pmc_opportunitycapture,bpf_duration
FUSION,Opportunity Capture,FUSION,pmc_opportunitycapture,bpf_name
FUSION,Opportunity Capture,FUSION,pmc_opportunitycapture,bpf_pmc_opportunityid
FUSION,Opportunity Capture,FUSION,pmc_opportunitycapture,bpf_pmc_opportunityidname
FUSION,Opportunity Capture,FUSION,pmc_opportunitycapture,completedon
FUSION,Opportunity Capture,FUSION,pmc_opportunitycapture,organizationid
FUSION,Opportunity Capture,FUSION,pmc_opportunitycapture,organizationidname
FUSION,Opportunity Capture,FUSION,pmc_opportunitycapture,processid
FUSION,Opportunity Capture,FUSION,pmc_opportunitycapture,processidname
FUSION,Opportunity Capture,FUSION,pmc_opportunitycapture,statuscodename
TSG,Payment_N,TSG,pmc_payment,pmc_name
TSG,Payment_N,TSG,pmc_payment,pmc_paymentamount
TSG,Payment_N,TSG,pmc_payment,pmc_paymentdate
TSG,Payment_N,TSG,pmc_payment,pmc_paymentdetailsid
TSG,Payment_N,TSG,pmc_payment,pmc_paymentduedate
TSG,Payment_N,TSG,pmc_payment,pmc_paymentid
TSG,Payment_N,TSG,pmc_payment,pmc_paymenttypeid
TSG,Payment_N,TSG,pmc_payment,statecodename
pmc,University,pmc,university_locations,ogr_fid
pmc,University,pmc,university_locations,campus_typ
pmc,University,pmc,university_locations,university
pmc,University,pmc,university_locations,universi_1
pmc,University,pmc,university_locations,short_name
pmc,University,pmc,university_locations,campus_nam
pmc,University,pmc,university_locations,street_add
pmc,University,pmc,university_locations,postcode
pmc,University,pmc,university_locations,state__cou
pmc,University,pmc,university_locations,latitude
pmc,University,pmc,university_locations,longitude
ESS,RAES Payment,ESS,SUB872_RAES_PAYMENTS_NIAA,EXTRACT_DATE
ESS,RAES Payment,ESS,SUB872_RAES_PAYMENTS_NIAA,EFFECTIVE_START_DATE
ESS,CDP Grant Estimated Expenditure FY,ESS,SUB872_RAES_PAYMENTS_NIAA,EFFECTIVE_START_DATE
ESS,CDP Grant Estimated Expenditure FY,ESS,SUB872_RAES_PAYMENTS_NIAA,EFFECTIVE_END_DATE
ESS,RAES Payment,ESS,SUB872_RAES_PAYMENTS_NIAA,EFFECTIVE_END_DATE
ESS,RAES Payment,ESS,SUB872_RAES_PAYMENTS_NIAA,PaymentId
ESS,CDP Grant Estimated Expenditure FY,ESS,SUB872_RAES_PAYMENTS_NIAA,PaymentId
ESS,RAES Payment,ESS,SUB872_RAES_PAYMENTS_NIAA,PaymentRateCode
ESS,RAES Payment,ESS,SUB872_RAES_PAYMENTS_NIAA,DueDate
ESS,RAES Payment,ESS,SUB872_RAES_PAYMENTS_NIAA,StatusCode
ESS,CDP Grant Estimated Expenditure FY,ESS,SUB872_RAES_PAYMENTS_NIAA,StatusCode
ESS,RAES Payment,ESS,SUB872_RAES_PAYMENTS_NIAA,StatusDateTime
ESS,RAES Payment,ESS,SUB872_RAES_PAYMENTS_NIAA,StartDate
ESS,RAES Payment,ESS,SUB872_RAES_PAYMENTS_NIAA,EndDate
ESS,RAES Payment,ESS,SUB872_RAES_PAYMENTS_NIAA,AmountGstFree
ESS,CDP Grant Estimated Expenditure FY,ESS,SUB872_RAES_PAYMENTS_NIAA,AmountGstFree
ESS,CDP Grant Estimated Expenditure FY,ESS,SUB872_RAES_PAYMENTS_NIAA,AmountGstLiable
ESS,RAES Payment,ESS,SUB872_RAES_PAYMENTS_NIAA,AmountGstLiable
ESS,RAES Payment,ESS,SUB872_RAES_PAYMENTS_NIAA,DocumentTransactionId
ESS,RAES Payment,ESS,SUB872_RAES_PAYMENTS_NIAA,OrganisationCode
ESS,RAES Payment,ESS,SUB872_RAES_PAYMENTS_NIAA,SiteCode
ESS,RAES Payment,ESS,SUB872_RAES_PAYMENTS_NIAA,ExternalReference
ESS,RAES Payment,ESS,SUB872_RAES_PAYMENTS_NIAA,CreatedOn
ESS,CDP Grant Estimated Expenditure FY,ESS,SUB872_RAES_PAYMENTS_NIAA,CreatedOn
ESS,RAES Payment,ESS,SUB872_RAES_PAYMENTS_NIAA,CreatedBy
ESS,RAES Payment,ESS,SUB872_RAES_PAYMENTS_NIAA,UpdatedOn
ESS,RAES Payment,ESS,SUB872_RAES_PAYMENTS_NIAA,UpdatedBy
ESS,RAES Payment,ESS,SUB872_RAES_PAYMENTS_NIAA,EffectivePaymentDate
ESS,RAES Payment,ESS,SUB872_RAES_PAYMENTS_NIAA,GstAmount
ESS,CDP Grant Estimated Expenditure FY,ESS,SUB872_RAES_PAYMENTS_NIAA,GstAmount
ESS,RAES Payment,ESS,SUB872_RAES_PAYMENTS_NIAA,SupervisingSiteCode
ESS,RAES Payment,ESS,SUB872_RAES_PAYMENTS_NIAA,SourceReferenceIdentifiers
ESS,CDP Grant Estimated Expenditure FY,ESS,SUB872_RAES_PAYMENTS_NIAA,SourceReferenceIdentifiers
ESS,RAES Payment,ESS,SUB872_RAES_PAYMENTS_NIAA,RemittanceAdviceText
FUSION,Case Assessment,FUSION,pmc_caseassessment,pmc_actionitemsproposedyesnoname
FUSION,Case Assessment,FUSION,pmc_caseassessment,pmc_assessedbysystemuserid
FUSION,Case Assessment,FUSION,pmc_caseassessment,pmc_assessedbysystemuseridname
FUSION,Case Assessment,FUSION,pmc_caseassessment,pmc_assessedon
FUSION,Case Assessment,FUSION,pmc_caseassessment,pmc_assessmentcompletedyesnoname
FUSION,Case Assessment,FUSION,pmc_caseassessment,pmc_assessmenttype
FUSION,Case Assessment,FUSION,pmc_caseassessment,pmc_assessmenttypedetails
FUSION,Case Assessment,FUSION,pmc_caseassessment,pmc_assessmenttypename
FUSION,Case Assessment,FUSION,pmc_caseassessment,pmc_assesssorsystemuserid
FUSION,Case Assessment,FUSION,pmc_caseassessment,pmc_assesssorsystemuseridname
FUSION,Case Assessment,FUSION,pmc_caseassessment,pmc_bpfmovedbackname
FUSION,Case Assessment,FUSION,pmc_caseassessment,pmc_caseassessmentid
FUSION,Case Assessment,FUSION,pmc_caseassessment,pmc_caseassessmentidnumber
FUSION,Case Assessment,FUSION,pmc_caseassessment,pmc_caseid
FUSION,Case Assessment,FUSION,pmc_caseassessment,pmc_caseidname
FUSION,Case Assessment,FUSION,pmc_caseassessment,pmc_duedate
FUSION,Case Assessment,FUSION,pmc_caseassessment,pmc_findings
FUSION,Case Assessment,FUSION,pmc_caseassessment,pmc_isrevertedname
FUSION,Case Assessment,FUSION,pmc_caseassessment,pmc_name
FUSION,Case Assessment,FUSION,pmc_caseassessment,pmc_orpid
FUSION,Case Assessment,FUSION,pmc_caseassessment,pmc_orpidname
FUSION,Case Assessment,FUSION,pmc_caseassessment,pmc_revertreason
FUSION,Case Assessment,FUSION,pmc_caseassessment,pmc_reviewcompletedyesnoname
FUSION,Case Assessment,FUSION,pmc_caseassessment,pmc_reviewedbysystemuserid
FUSION,Case Assessment,FUSION,pmc_caseassessment,pmc_reviewedbysystemuseridname
FUSION,Case Assessment,FUSION,pmc_caseassessment,pmc_reviewedon
FUSION,Case Assessment,FUSION,pmc_caseassessment,statecodename
FUSION,Case Assessment,FUSION,pmc_caseassessment,statuscodename
Forms_RJED,RJED Application Job Detail Tracker,Forms_RJED,Job Detail,Id
Forms_RJED,RJED Application Job Detail Tracker,Forms_RJED,Job Detail,Job Detail Id
Forms_RJED,RJED Application Job Detail Tracker,Forms_RJED,Job Detail,Job Detail Sequence Number
Forms_RJED,RJED Application Job Detail Tracker,Forms_RJED,Job Detail,Application Id
Forms_RJED,RJED Application Job Detail Tracker,Forms_RJED,Job Detail,RIA Job Short Description
Forms_RJED,RJED Application Job Detail Tracker,Forms_RJED,Job Detail,RIA Job Type
Forms_RJED,RJED Application Job Detail Tracker,Forms_RJED,Job Detail,RIA Industry
Forms_RJED,RJED Application Job Detail Tracker,Forms_RJED,Job Detail,RIA Job Comment
Forms_RJED,RJED Application Job Detail Tracker,Forms_RJED,Job Detail,Panel Recommendation
Forms_RJED,RJED Application Job Detail Tracker,Forms_RJED,Job Detail,Panel Job Short Description
Forms_RJED,RJED Application Job Detail Tracker,Forms_RJED,Job Detail,Panel Job Type
Forms_RJED,RJED Application Job Detail Tracker,Forms_RJED,Job Detail,Panel Industry
Forms_RJED,RJED Application Job Detail Tracker,Forms_RJED,Job Detail,Panel Job Comment
Forms_RJED,RJED Application Job Detail Tracker,Forms_RJED,Job Detail,Delegate Recommendation
Forms_RJED,RJED Application Job Detail Tracker,Forms_RJED,Job Detail,Delegate Job Short Description
Forms_RJED,RJED Application Job Detail Tracker,Forms_RJED,Job Detail,Delegate Job Type
Forms_RJED,RJED Application Job Detail Tracker,Forms_RJED,Job Detail,Delegate Industry
Forms_RJED,RJED Application Job Detail Tracker,Forms_RJED,Job Detail,Delegate Comment
Forms_RJED,RJED Application Job Detail Tracker,Forms_RJED,Job Detail,ChangedBy
Forms_RJED,RJED Application Job Detail Tracker,Forms_RJED,Job Detail,ChangeDate
Forms_RJED,RJED Application Job Detail Tracker,Forms_RJED,Job Detail,Deleted
Forms_RJED,RJED Application Job Detail Tracker,Forms_RJED,Job Detail,ReBrief Status
Forms_RJED,RJED Application Job Detail Tracker,Forms_RJED,Job Detail,ReBrief Job Short Description
Forms_RJED,RJED Application Job Detail Tracker,Forms_RJED,Job Detail,ReBrief Job Type
Forms_RJED,RJED Application Job Detail Tracker,Forms_RJED,Job Detail,ReBrief Industry
Forms_RJED,RJED Application Job Detail Tracker,Forms_RJED,Job Detail,ReBrief Comment
ESS,RAES Payment,Forms_RAES,Payment Code,Code Type
ESS,RAES Payment,Forms_RAES,Payment Code,Payment Rate Code
ESS,RAES Payment,Forms_RAES,Payment Code,Payment Category
ESS,RAES Payment,Forms_RAES,Payment Code,Payment Type
ESS,RAES Payment,Forms_RAES,Payment Code,Outcome Period
ESS,RAES Payment,Forms_RAES,Payment Code,Outcome Rate Reduction
ESS,RAES Payment,Forms_RAES,Payment Code,Payment Creation Method
FUSION,Grant Assessment,FUSION,pmc_grantassessment,pmc_appraisalscore
FUSION,Grant Assessment,FUSION,pmc_grantassessment,pmc_appraisalstatusname
FUSION,Grant Assessment,FUSION,pmc_grantassessment,pmc_appraisaltypename
FUSION,Grant Assessment,FUSION,pmc_grantassessment,pmc_appraiserfirstname
FUSION,Grant Assessment,FUSION,pmc_grantassessment,pmc_appraiserlastname
FUSION,Grant Assessment,FUSION,pmc_grantassessment,pmc_grantapplicationid
FUSION,Grant Assessment,FUSION,pmc_grantassessment,pmc_grantassessmentid
FUSION,Grant Assessment,FUSION,pmc_grantassessment,pmc_useasfinalflagname
FUSION,Planned Investment Financial,FUSION,pmc_plannedactivityfy,pmc_appliedforamountexgst
FUSION,Planned Investment Financial,FUSION,pmc_plannedactivityfy,pmc_appliedforamountoffsetexgst
FUSION,Planned Investment Financial,FUSION,pmc_plannedactivityfy,pmc_approvedamountexgst
FUSION,Planned Investment Financial,FUSION,pmc_plannedactivityfy,pmc_approvedamountoffsetexgst
FUSION,Planned Investment Financial,FUSION,pmc_plannedactivityfy,pmc_financialyear
FUSION,Planned Investment Financial,FUSION,pmc_plannedactivityfy,pmc_financialyearname
FUSION,Planned Investment Financial,FUSION,pmc_plannedactivityfy,pmc_legalcommitmentamountexgst
FUSION,Planned Investment Financial,FUSION,pmc_plannedactivityfy,pmc_legalcommitmentamountoffsetexgst
FUSION,Planned Investment Financial,FUSION,pmc_plannedactivityfy,pmc_name
FUSION,Planned Investment Financial,FUSION,pmc_plannedactivityfy,pmc_plannedactivity
FUSION,Planned Investment Financial,FUSION,pmc_plannedactivityfy,pmc_plannedactivityfyid
FUSION,Planned Investment Financial,FUSION,pmc_plannedactivityfy,pmc_plannedactivityfyidnumber
FUSION,Planned Investment Financial,FUSION,pmc_plannedactivityfy,pmc_plannedactivityname
FUSION,Planned Investment Financial,FUSION,pmc_plannedactivityfy,pmc_plannedamountexgst
FUSION,Planned Investment Financial,FUSION,pmc_plannedactivityfy,pmc_recommendedamountexgst
FUSION,Planned Investment Financial,FUSION,pmc_plannedactivityfy,pmc_recommendedamountoffsetexgst
FUSION,Planned Investment Financial,FUSION,pmc_plannedactivityfy,statecodename
FUSION,Planned Investment Financial,FUSION,pmc_plannedactivityfy,statuscodename
FUSION,Planned Investment Financial,FUSION,pmc_plannedactivityfy,createdon
FUSION,Planned Investment Financial,FUSION,pmc_plannedactivityfy,modifiedon
abs,IARE_2021Census_I14_Long,abs,2021Census_I14_AUST_IARE,IARE_CODE_2021
abs,IARE_2021Census_I14_Long,abs,2021Census_I14_AUST_IARE,One_f_h_N_pe_UR_One_ATSIF
abs,IARE_2021Census_I14_Long,abs,2021Census_I14_AUST_IARE,One_f_h_N_pe_UR_Two_ATSIF
abs,IARE_2021Census_I14_Long,abs,2021Census_I14_AUST_IARE,One_f_h_N_pe_UR_Three_ATSIF
abs,IARE_2021Census_I14_Long,abs,2021Census_I14_AUST_IARE,One_f_h_N_pe_UR_Four_ATSIF
abs,IARE_2021Census_I14_Long,abs,2021Census_I14_AUST_IARE,One_f_h_N_pe_UR_Five_ATSIF
abs,IARE_2021Census_I14_Long,abs,2021Census_I14_AUST_IARE,One_f_h_N_pe_UR_Six_m_ATSIF
abs,IARE_2021Census_I14_Long,abs,2021Census_I14_AUST_IARE,One_f_h_Tot_ATSIF
abs,IARE_2021Census_I14_Long,abs,2021Census_I14_AUST_IARE,Two_f_h_N_pe_UR_One_ATSIF
abs,IARE_2021Census_I14_Long,abs,2021Census_I14_AUST_IARE,Two_f_h_N_pe_UR_Two_ATSIF
abs,IARE_2021Census_I14_Long,abs,2021Census_I14_AUST_IARE,Two_f_h_N_pe_UR_Three_ATSIF
abs,IARE_2021Census_I14_Long,abs,2021Census_I14_AUST_IARE,Two_f_h_N_pe_UR_Four_ATSIF
abs,IARE_2021Census_I14_Long,abs,2021Census_I14_AUST_IARE,Two_f_h_N_pe_UR_Five_ATSIF
abs,IARE_2021Census_I14_Long,abs,2021Census_I14_AUST_IARE,Two_f_h_N_pe_UR_Six_m_ATSIF
abs,IARE_2021Census_I14_Long,abs,2021Census_I14_AUST_IARE,Two_f_h_Tot_ATSIF
abs,IARE_2021Census_I14_Long,abs,2021Census_I14_AUST_IARE,Thr_m_f_h_N_pe_UR_One_ATSIF
abs,IARE_2021Census_I14_Long,abs,2021Census_I14_AUST_IARE,Thr_m_f_h_N_pe_UR_Two_ATSIF
abs,IARE_2021Census_I14_Long,abs,2021Census_I14_AUST_IARE,Thr_m_f_h_N_pe_UR_Three_ATSIF
abs,IARE_2021Census_I14_Long,abs,2021Census_I14_AUST_IARE,Thr_m_f_h_N_pe_UR_Four_ATSIF
abs,IARE_2021Census_I14_Long,abs,2021Census_I14_AUST_IARE,Thr_m_f_h_N_pe_UR_Five_ATSIF
abs,IARE_2021Census_I14_Long,abs,2021Census_I14_AUST_IARE,Thr_m_f_h_N_pe_UR_Six_m_ATSIF
abs,IARE_2021Census_I14_Long,abs,2021Census_I14_AUST_IARE,Thr_m_f_h_Tot_ATSIF
abs,IARE_2021Census_I14_Long,abs,2021Census_I14_AUST_IARE,Tot_N_pe_UR_One_ATSIF
abs,IARE_2021Census_I14_Long,abs,2021Census_I14_AUST_IARE,Tot_N_pe_UR_Two_ATSIF
abs,IARE_2021Census_I14_Long,abs,2021Census_I14_AUST_IARE,Tot_N_pe_UR_Three_ATSIF
abs,IARE_2021Census_I14_Long,abs,2021Census_I14_AUST_IARE,Tot_N_pe_UR_Four_ATSIF
abs,IARE_2021Census_I14_Long,abs,2021Census_I14_AUST_IARE,Tot_N_pe_UR_Five_ATSIF
abs,IARE_2021Census_I14_Long,abs,2021Census_I14_AUST_IARE,Tot_N_pe_UR_Six_m_ATSIF
abs,IARE_2021Census_I14_Long,abs,2021Census_I14_AUST_IARE,Tot_Tot_ATSIF
abs,IARE_2021Census_I14_Long,abs,2021Census_I14_AUST_IARE,One_f_h_N_pe_UR_One_Oth_f
abs,IARE_2021Census_I14_Long,abs,2021Census_I14_AUST_IARE,One_f_h_N_pe_UR_Two_Oth_f
abs,IARE_2021Census_I14_Long,abs,2021Census_I14_AUST_IARE,One_f_h_N_pe_UR_Three_Oth_f
abs,IARE_2021Census_I14_Long,abs,2021Census_I14_AUST_IARE,One_f_h_N_pe_UR_Four_Oth_f
abs,IARE_2021Census_I14_Long,abs,2021Census_I14_AUST_IARE,One_f_h_N_pe_UR_Five_Oth_f
abs,IARE_2021Census_I14_Long,abs,2021Census_I14_AUST_IARE,One_f_h_N_pe_UR_Six_m_Oth_f
abs,IARE_2021Census_I14_Long,abs,2021Census_I14_AUST_IARE,One_f_h_Tot_Oth_f
abs,IARE_2021Census_I14_Long,abs,2021Census_I14_AUST_IARE,Two_f_h_N_pe_UR_One_Oth_f
abs,IARE_2021Census_I14_Long,abs,2021Census_I14_AUST_IARE,Two_f_h_N_pe_UR_Two_Oth_f
abs,IARE_2021Census_I14_Long,abs,2021Census_I14_AUST_IARE,Two_f_h_N_pe_UR_Three_Oth_f
abs,IARE_2021Census_I14_Long,abs,2021Census_I14_AUST_IARE,Two_f_h_N_pe_UR_Four_Oth_f
abs,IARE_2021Census_I14_Long,abs,2021Census_I14_AUST_IARE,Two_f_h_N_pe_UR_Five_Oth_f
abs,IARE_2021Census_I14_Long,abs,2021Census_I14_AUST_IARE,Two_f_h_N_pe_UR_Six_m_Oth_f
abs,IARE_2021Census_I14_Long,abs,2021Census_I14_AUST_IARE,Two_f_h_Tot_Oth_f
abs,IARE_2021Census_I14_Long,abs,2021Census_I14_AUST_IARE,Thr_m_f_h_N_pe_UR_One_Oth_f
abs,IARE_2021Census_I14_Long,abs,2021Census_I14_AUST_IARE,Thr_m_f_h_N_pe_UR_Two_Oth_f
abs,IARE_2021Census_I14_Long,abs,2021Census_I14_AUST_IARE,Thr_m_f_h_N_pe_UR_Three_Oth_f
abs,IARE_2021Census_I14_Long,abs,2021Census_I14_AUST_IARE,Thr_m_f_h_N_pe_UR_Four_Oth_f
abs,IARE_2021Census_I14_Long,abs,2021Census_I14_AUST_IARE,Thr_m_f_h_N_pe_UR_Five_Oth_f
abs,IARE_2021Census_I14_Long,abs,2021Census_I14_AUST_IARE,Thr_m_f_h_N_pe_UR_Six_m_Oth_f
abs,IARE_2021Census_I14_Long,abs,2021Census_I14_AUST_IARE,Thr_m_f_h_Tot_Oth_f
abs,IARE_2021Census_I14_Long,abs,2021Census_I14_AUST_IARE,Tot_N_pe_UR_One_Oth_f
abs,IARE_2021Census_I14_Long,abs,2021Census_I14_AUST_IARE,Tot_N_pe_UR_Two_Oth_f
abs,IARE_2021Census_I14_Long,abs,2021Census_I14_AUST_IARE,Tot_N_pe_UR_Three_Oth_f
abs,IARE_2021Census_I14_Long,abs,2021Census_I14_AUST_IARE,Tot_N_pe_UR_Four_Oth_f
abs,IARE_2021Census_I14_Long,abs,2021Census_I14_AUST_IARE,Tot_N_pe_UR_Five_Oth_f
abs,IARE_2021Census_I14_Long,abs,2021Census_I14_AUST_IARE,Tot_N_pe_UR_Six_m_Oth_f
abs,IARE_2021Census_I14_Long,abs,2021Census_I14_AUST_IARE,Tot_Tot_Oth_f
ESS,FUSION CDP Expenditure,ESS,CDP_Grants_List_Obsolete,Grant ID
ESS,FUSION CDP Expenditure,ESS,CDP_Grants_List_Obsolete,Grant Sequence
ESS,FUSION CDP Expenditure,ESS,CDP_Grants_List_Obsolete,Grant Start Date
ESS,FUSION CDP Expenditure,ESS,CDP_Grants_List_Obsolete,Contract ID
ESS,FUSION CDP Expenditure,ESS,CDP_Grants_List_Obsolete,Claim End Date
CRM,Interaction Party,CRM,account,accountid
CRM,Organisation,CRM,account,accountid
CRM,Public Enquiry,CRM,account,accountid
CRM,Organisation Metatag,CRM,account,accountid
CRM,Organisation,CRM,account,address1_city
CRM,Organisation,CRM,account,address1_composite
CRM,Organisation,CRM,account,address1_country
CRM,Organisation,CRM,account,address1_latitude
CRM,Organisation,CRM,account,address1_line1
CRM,Organisation,CRM,account,address1_longitude
CRM,Organisation,CRM,account,address1_postalcode
CRM,Organisation,CRM,account,address1_stateorprovince
CRM,Organisation,CRM,account,address2_city
CRM,Organisation,CRM,account,address2_composite
CRM,Organisation,CRM,account,address2_country
CRM,Organisation,CRM,account,address2_latitude
CRM,Organisation,CRM,account,address2_line1
CRM,Organisation,CRM,account,address2_longitude
CRM,Organisation,CRM,account,address2_postalcode
CRM,Organisation,CRM,account,address2_stateorprovince
CRM,Organisation,CRM,account,emailaddress1
CRM,Organisation,CRM,account,name
CRM,Public Enquiry,CRM,account,name
CRM,Organisation,CRM,account,parentaccountid
CRM,Organisation,CRM,account,pmc_alternatenames
CRM,Organisation,CRM,account,pmc_communicationprotocolname
CRM,Organisation,CRM,account,pmc_currentfunding
CRM,Organisation,CRM,account,pmc_currentfundsreleasedexgst
CRM,Organisation,CRM,account,pmc_entitystatus
CRM,Organisation,CRM,account,pmc_entitytype
CRM,Organisation,CRM,account,pmc_entitytypecode
CRM,Organisation,CRM,account,pmc_grantactivitiescurrent
CRM,Organisation,CRM,account,pmc_indigeneity
CRM,Organisation,CRM,account,pmc_industrysectors
CRM,Organisation,CRM,account,pmc_latestperformanceratingname
CRM,Organisation Metatag,CRM,account,pmc_metatags
CRM,Organisation,CRM,account,pmc_orgabn
CRM,Organisation,CRM,account,pmc_organisationtypename
CRM,Organisation,CRM,account,pmc_riskexemptionreasonname
CRM,Organisation,CRM,account,pmc_riskratingname
CRM,Organisation,CRM,account,pmc_totalactivities
CRM,Organisation,CRM,account,pmc_totalapplications
CRM,Organisation,CRM,account,pmc_totalcurrentapplications
CRM,Organisation,CRM,account,pmc_totalfunding
CRM,Organisation,CRM,account,pmc_totalfundsreleasedexgst
CRM,Organisation,CRM,account,pmc_undercompliancereviewname
CRM,Organisation,CRM,account,primarycontactid
CRM,Organisation,CRM,account,owninguser
CRM,Organisation,CRM,account,statecodename
FUSION,Grant Activity Location,FUSION,pmc_locationaddress,pmc_address1citysuburb
FUSION,Grant Activity Location,FUSION,pmc_locationaddress,pmc_address1latitude
FUSION,Grant Activity Location,FUSION,pmc_locationaddress,pmc_address1longitude
FUSION,Grant Activity Location,FUSION,pmc_locationaddress,pmc_address1postalcode
FUSION,Grant Activity Location,FUSION,pmc_locationaddress,pmc_address1stateterritoryname
FUSION,Grant Activity Location,FUSION,pmc_locationaddress,pmc_electorateid
FUSION,Grant Activity Location,FUSION,pmc_locationaddress,pmc_electorateidname
FUSION,Grant Activity Location,FUSION,pmc_locationaddress,pmc_empoweredcommunityid
FUSION,Grant Activity Location,FUSION,pmc_locationaddress,pmc_empoweredcommunityidname
FUSION,Grant Activity Location,FUSION,pmc_locationaddress,pmc_estlocationattribution
FUSION,Grant Activity Location,FUSION,pmc_locationaddress,pmc_grantactivityid
FUSION,Grant Activity Location,FUSION,pmc_locationaddress,pmc_iloccode
FUSION,Grant Activity Location,FUSION,pmc_locationaddress,pmc_ilocname
FUSION,Grant Activity Location,FUSION,pmc_locationaddress,pmc_locationaddressid
FUSION,Grant Activity Location,FUSION,pmc_locationaddress,pmc_locationenddate
FUSION,Grant Activity Location,FUSION,pmc_locationaddress,pmc_locationid
FUSION,Grant Activity Location,FUSION,pmc_locationaddress,pmc_locationstartdate
FUSION,Grant Activity Location,FUSION,pmc_locationaddress,pmc_locationtype
FUSION,Grant Activity Location,FUSION,pmc_locationaddress,pmc_locationtypename
FUSION,Grant Activity Location,FUSION,pmc_locationaddress,pmc_name
FUSION,Grant Activity Location,FUSION,pmc_locationaddress,pmc_remotenessareaname
FUSION,Grant Activity Location,FUSION,pmc_locationaddress,pmc_sa1maincode
FUSION,Grant Activity Location,FUSION,pmc_locationaddress,pmc_sourcelocationtypeid
FUSION,Grant Activity Location,FUSION,pmc_locationaddress,pmc_sourcelocationtypeidname
FUSION,Grant Activity Location,FUSION,pmc_locationaddress,pmc_sourcesystemstatusid
FUSION,Grant Activity Location,FUSION,pmc_locationaddress,pmc_sourcesystemstatusidname
FUSION,Grant Activity Location,FUSION,pmc_locationaddress,statecodename
FUSION,Grant Activity Location,FUSION,pmc_locationaddress,statuscodename
TSG,Payment Summary_N,TSG,pmc_paymentsummary,pmc_acceptancedate
TSG,Payment Summary_N,TSG,pmc_paymentsummary,pmc_applicationid
TSG,Payment Summary_N,TSG,pmc_paymentsummary,pmc_caseid
TSG,Payment Summary_N,TSG,pmc_paymentsummary,pmc_healingentitlement
TSG,Payment Summary_N,TSG,pmc_paymentsummary,pmc_healingscheduleidname
TSG,Payment Summary_N,TSG,pmc_paymentsummary,pmc_name
TSG,Payment Summary_N,TSG,pmc_paymentsummary,pmc_outcomeid
TSG,Payment Summary_N,TSG,pmc_paymentsummary,pmc_paymentapprovaldate
TSG,Payment Summary_N,TSG,pmc_paymentsummary,pmc_paymentsummaryid
TSG,Payment Summary_N,TSG,pmc_paymentsummary,pmc_redressentitlement
TSG,Payment Summary_N,TSG,pmc_paymentsummary,pmc_redressscheduleidname
TSG,Payment Summary_N,TSG,pmc_paymentsummary,pmc_totalentitlement
TSG,Payment Summary_N,TSG,pmc_paymentsummary,pmc_totalpaid
TSG,Payment Summary_N,TSG,pmc_paymentsummary,createdon
TSG,Payment Summary_N,TSG,pmc_paymentsummary,statecodename
TSG,Payment Summary_N,TSG,pmc_paymentsummary,statuscodename
FUSION,Programme Component,FUSION,pmc_programmecomponent,pmc_appropriationtypename
FUSION,Programme Component,FUSION,pmc_programmecomponent,pmc_ecjdmapplicablename
FUSION,Programme Component,FUSION,pmc_programmecomponent,pmc_name
FUSION,Programme Component,FUSION,pmc_programmecomponent,pmc_organisationriskprofilerequiredname
FUSION,Programme Component,FUSION,pmc_programmecomponent,pmc_outcomeelementname
FUSION,Grant Activity,FUSION,pmc_programmecomponent,pmc_outcomeelementname
FUSION,Grant Activity,FUSION,pmc_programmecomponent,pmc_programmecomponentid
FUSION,Programme Component,FUSION,pmc_programmecomponent,pmc_programmecomponentid
FUSION,Programme Component,FUSION,pmc_programmecomponent,pmc_programmeid
FUSION,Programme Component,FUSION,pmc_programmecomponent,pmc_programmeidname
FUSION,Programme Component,FUSION,pmc_programmecomponent,statecodename
FUSION,Programme Component,FUSION,pmc_programmecomponent,statuscodename
FUSION,Programme Component,FUSION,pmc_programmecomponent,createdon
FUSION,Programme Component,FUSION,pmc_programmecomponent,modifiedon
GeoASGS,SED 2022 AUST WKT,GeoNIAA,Numbers,Number
GeoNIAA,NIAA Subregion 2024 AUST WKT,GeoNIAA,Numbers,Number
GeoASGS,TR 2021 AUST WKT,GeoNIAA,Numbers,Number
GeoASGS,RA 2021 AUST WKT,GeoNIAA,Numbers,Number
GeoNIAA,NIAA Region 2024 AUST WKT,GeoNIAA,Numbers,Number
GeoASGS,STE 2021 AUST WKT,GeoNIAA,Numbers,Number
GeoASGS,POA 2021 AUST WKT,GeoNIAA,Numbers,Number
GeoASGS,CED 2024 AUST WKT,GeoNIAA,Numbers,Number
GeoASGS,DZN 2021 AUST WKT,GeoNIAA,Numbers,Number
GeoASGS,GCCSA 2021 AUST WKT,GeoNIAA,Numbers,Number
GeoASGS,AUS 2021 AUST WKT,GeoNIAA,Numbers,Number
GeoASGS,CED 2021 AUST WKT,GeoNIAA,Numbers,Number
GeoASGS,NTAR 2023 AUST WKT,GeoNIAA,Numbers,Number
GeoASGS,SA2 2021 AUST WKT,GeoNIAA,Numbers,Number
GeoASGS,SA1 2021 AUST WKT,GeoNIAA,Numbers,Number
GeoASGS,SA3 2021 AUST WKT,GeoNIAA,Numbers,Number
GeoASGS,MB 2021 AUST WKT,GeoNIAA,Numbers,Number
GeoASGS,IREG 2021 AUST WKT,GeoNIAA,Numbers,Number
GeoASGS,ILOC 2021 AUST WKT,GeoNIAA,Numbers,Number
GeoASGS,IARE 2021 AUST WKT,GeoNIAA,Numbers,Number
GeoASGS,ADD 2021 AUST WKT,GeoNIAA,Numbers,Number
GeoASGS,LGA 2023 AUST WKT,GeoNIAA,Numbers,Number
GeoASGS,SA4 2021 AUST WKT,GeoNIAA,Numbers,Number
FUSION,Case Incident,FUSION,pmc_caseincident,pmc_affectedperson
FUSION,Case Incident,FUSION,pmc_caseincident,pmc_affectedpersonname
FUSION,Case Incident,FUSION,pmc_caseincident,pmc_affectedpersonother
FUSION,Case Incident,FUSION,pmc_caseincident,pmc_breachnoticeissued
FUSION,Case Incident,FUSION,pmc_caseincident,pmc_caseid
FUSION,Case Incident,FUSION,pmc_caseincident,pmc_caseidname
FUSION,Case Incident,FUSION,pmc_caseincident,pmc_caseincidentcategoryid
FUSION,Case Incident,FUSION,pmc_caseincident,pmc_caseincidentcategoryidname
FUSION,Case Incident,FUSION,pmc_caseincident,pmc_caseincidentcategoryother
FUSION,Case Incident,FUSION,pmc_caseincident,pmc_caseincidentid
FUSION,Case Incident,FUSION,pmc_caseincident,pmc_casetype
FUSION,Case Incident,FUSION,pmc_caseincident,pmc_casetypename
FUSION,Case Incident,FUSION,pmc_caseincident,pmc_documentlinks
FUSION,Case Incident,FUSION,pmc_caseincident,pmc_incidentdate
FUSION,Case Incident,FUSION,pmc_caseincident,pmc_incidentidnumber
FUSION,Case Incident,FUSION,pmc_caseincident,pmc_incidentreportdueon
FUSION,Case Incident,FUSION,pmc_caseincident,pmc_incidentreportreceivedon
FUSION,Case Incident,FUSION,pmc_caseincident,pmc_incidentreportrequestdate
FUSION,Case Incident,FUSION,pmc_caseincident,pmc_incidentreportsummary
FUSION,Case Incident,FUSION,pmc_caseincident,pmc_incidenttype
FUSION,Case Incident,FUSION,pmc_caseincident,pmc_incidenttypename
FUSION,Case Incident,FUSION,pmc_caseincident,pmc_name
FUSION,Case Incident,FUSION,pmc_caseincident,pmc_overduenoticeissued
FUSION,Case Incident,FUSION,pmc_caseincident,pmc_pcbu
FUSION,Case Incident,FUSION,pmc_caseincident,pmc_regulator
FUSION,Case Incident,FUSION,pmc_caseincident,pmc_regulatorname
FUSION,Case Incident,FUSION,pmc_caseincident,pmc_witnessedby
FUSION,Case Incident,FUSION,pmc_caseincident,pmc_witnessedbyname
FUSION,Case Incident,FUSION,pmc_caseincident,pmc_witnessedbyother
FUSION,Case Incident,FUSION,pmc_caseincident,statecodename
FUSION,Case Incident,FUSION,pmc_caseincident,statuscodename
AGIL,AGIL Location,AGIL,Location,ID
AGIL,AGIL Location,AGIL,Location,LCODE
AGIL,AGIL Location,AGIL,Location,STATE
AGIL,AGIL Location,AGIL,Location,LATITUDE
AGIL,AGIL Location,AGIL,Location,LONGITUDE
AGIL,AGIL Location,AGIL,Location,JURLINK
AGIL,AGIL Location,AGIL,Location,LDATECRTD
FUSION,Opportunities Identified At Location,FUSION,pmc_opportunities_identifiedat_locations,pmc_fusionlocationid
FUSION,Opportunity - Fusion Location,FUSION,pmc_opportunities_identifiedat_locations,pmc_fusionlocationid
FUSION,Opportunities Identified At Location,FUSION,pmc_opportunities_identifiedat_locations,pmc_opportunities_identifiedat_locationsid
FUSION,Opportunities Identified At Location,FUSION,pmc_opportunities_identifiedat_locations,pmc_opportunityid
FUSION,Opportunity - Fusion Location,FUSION,pmc_opportunities_identifiedat_locations,pmc_opportunityid
GeoASGS,MB 2021 AUST,ASGS,MB_2021_AUST_GDA2020,qgs_fid
GeoASGS,MB 2021 AUST WKT,ASGS,MB_2021_AUST_GDA2020,qgs_fid
GeoASGS,MB 2021 AUST WKT,ASGS,MB_2021_AUST_GDA2020,geom
GeoASGS,MB 2021 AUST,ASGS,MB_2021_AUST_GDA2020,mb_code21
GeoASGS,MB 2021 AUST,ASGS,MB_2021_AUST_GDA2020,mb_cat21
GeoASGS,MB 2021 AUST,ASGS,MB_2021_AUST_GDA2020,sa1_code21
GeoASGS,MB 2021 AUST,ASGS,MB_2021_AUST_GDA2020,sa2_code21
GeoASGS,MB 2021 AUST,ASGS,MB_2021_AUST_GDA2020,sa2_name21
GeoASGS,MB 2021 AUST,ASGS,MB_2021_AUST_GDA2020,sa3_code21
GeoASGS,MB 2021 AUST,ASGS,MB_2021_AUST_GDA2020,sa3_name21
GeoASGS,MB 2021 AUST,ASGS,MB_2021_AUST_GDA2020,sa4_code21
GeoASGS,MB 2021 AUST,ASGS,MB_2021_AUST_GDA2020,sa4_name21
GeoASGS,MB 2021 AUST,ASGS,MB_2021_AUST_GDA2020,gcc_code21
GeoASGS,MB 2021 AUST,ASGS,MB_2021_AUST_GDA2020,gcc_name21
GeoASGS,MB 2021 AUST,ASGS,MB_2021_AUST_GDA2020,ste_code21
GeoASGS,MB 2021 AUST,ASGS,MB_2021_AUST_GDA2020,ste_name21
GeoASGS,MB 2021 AUST,ASGS,MB_2021_AUST_GDA2020,aus_code21
GeoASGS,MB 2021 AUST,ASGS,MB_2021_AUST_GDA2020,aus_name21
GeoASGS,MB 2021 AUST,ASGS,MB_2021_AUST_GDA2020,areasqkm21
GeoASGS,MB 2021 AUST,ASGS,MB_2021_AUST_GDA2020,loci_uri21
GeoASGS,MB 2021 AUST,ASGS,MB_2021_AUST_GDA2020,centroid_geom
Forms,CDP_PPR_Result_Calculation_KPI,Forms,CDP_PPR_Result_Calculation,Organisation Region Key
Forms,CDP_PPR_Result_Calculation_KPI,Forms,CDP_PPR_Result_Calculation,PPR Number
Forms,CDP_PPR_Result_Calculation_KPI,Forms,CDP_PPR_Result_Calculation,CDP Region Code
Forms,CDP_PPR_Result_Calculation_KPI,Forms,CDP_PPR_Result_Calculation,CDP Region Name
Forms,CDP_PPR_Result_Calculation_KPI,Forms,CDP_PPR_Result_Calculation,CDP Region Number
Forms,CDP_PPR_Result_Calculation_KPI,Forms,CDP_PPR_Result_Calculation,Organisation Code
Forms,CDP_PPR_Result_Calculation_KPI,Forms,CDP_PPR_Result_Calculation,Organisation
Forms,CDP_PPR_Result_Calculation_KPI,Forms,CDP_PPR_Result_Calculation,Measure 1 Key
Forms,CDP_PPR_Result_Calculation_KPI,Forms,CDP_PPR_Result_Calculation,Measure 1 Status
Forms,CDP_PPR_Result_Calculation_KPI,Forms,CDP_PPR_Result_Calculation,Measure 1 Score
Forms,CDP_PPR_Result_Calculation_KPI,Forms,CDP_PPR_Result_Calculation,Measure 1 Result Description
Forms,CDP_PPR_Result_Calculation_KPI,Forms,CDP_PPR_Result_Calculation,Measure 3 Key
Forms,CDP_PPR_Result_Calculation_KPI,Forms,CDP_PPR_Result_Calculation,Measure 3 Status
Forms,CDP_PPR_Result_Calculation_KPI,Forms,CDP_PPR_Result_Calculation,Measure 3 Score
Forms,CDP_PPR_Result_Calculation_KPI,Forms,CDP_PPR_Result_Calculation,Measure 3 Result Description
Forms,CDP_PPR_Result_Calculation_KPI,Forms,CDP_PPR_Result_Calculation,Measure 4 Key
Forms,CDP_PPR_Result_Calculation_KPI,Forms,CDP_PPR_Result_Calculation,Measure 4 Status
Forms,CDP_PPR_Result_Calculation_KPI,Forms,CDP_PPR_Result_Calculation,Measure 4 Score
Forms,CDP_PPR_Result_Calculation_KPI,Forms,CDP_PPR_Result_Calculation,Measure 4 Result Description
Forms,CDP_PPR_Result_Calculation_KPI,Forms,CDP_PPR_Result_Calculation,Measure 4A Status
Forms,CDP_PPR_Result_Calculation_KPI,Forms,CDP_PPR_Result_Calculation,Measure 4 Part A Score
Forms,CDP_PPR_Result_Calculation_KPI,Forms,CDP_PPR_Result_Calculation,Measure 4BC Status
Forms,CDP_PPR_Result_Calculation_KPI,Forms,CDP_PPR_Result_Calculation,Measure 4 Parts BC Score
Forms,CDP_PPR_Result_Calculation_KPI,Forms,CDP_PPR_Result_Calculation,Measure 4D Status
Forms,CDP_PPR_Result_Calculation_KPI,Forms,CDP_PPR_Result_Calculation,Measure 4 Part D Score
Forms,CDP_PPR_Result_Calculation_KPI,Forms,CDP_PPR_Result_Calculation,Measure 5 Key
Forms,CDP_PPR_Result_Calculation_KPI,Forms,CDP_PPR_Result_Calculation,Measure 5 Status
Forms,CDP_PPR_Result_Calculation_KPI,Forms,CDP_PPR_Result_Calculation,Measure 5 Score
Forms,CDP_PPR_Result_Calculation_KPI,Forms,CDP_PPR_Result_Calculation,Measure 5 Result Description
Forms,CDP_PPR_Result_Calculation_KPI,Forms,CDP_PPR_Result_Calculation,Measure 6 Key
Forms,CDP_PPR_Result_Calculation_KPI,Forms,CDP_PPR_Result_Calculation,Measure 6 Status
Forms,CDP_PPR_Result_Calculation_KPI,Forms,CDP_PPR_Result_Calculation,Measure 6 Score
Forms,CDP_PPR_Result_Calculation_KPI,Forms,CDP_PPR_Result_Calculation,Measure 6 Result Description
Forms,CDP_PPR_Result_Calculation_KPI,Forms,CDP_PPR_Result_Calculation,Measure 1 Weighting
Forms,CDP_PPR_Result_Calculation_KPI,Forms,CDP_PPR_Result_Calculation,Measure 2 Weighting
Forms,CDP_PPR_Result_Calculation_KPI,Forms,CDP_PPR_Result_Calculation,Measure 3 Weighting
Forms,CDP_PPR_Result_Calculation_KPI,Forms,CDP_PPR_Result_Calculation,Measure 4 Weighting
Forms,CDP_PPR_Result_Calculation_KPI,Forms,CDP_PPR_Result_Calculation,Measure 5 Weighting
Forms,CDP_PPR_Result_Calculation_KPI,Forms,CDP_PPR_Result_Calculation,Measure 6 Weighting
Forms,CDP_PPR_Result_Calculation_KPI,Forms,CDP_PPR_Result_Calculation,PPR Maximum Score
Forms,CDP_PPR_Result_Calculation_KPI,Forms,CDP_PPR_Result_Calculation,Measures Excluded Count
Forms,CDP_PPR_Result_Calculation_KPI,Forms,CDP_PPR_Result_Calculation,Overall result Score
Forms,CDP_PPR_Result_Calculation_KPI,Forms,CDP_PPR_Result_Calculation,Overall Result Description
Forms,CDP_PPR_Result_Calculation_KPI,Forms,CDP_PPR_Result_Calculation,Result Key
Forms,CDP_PPR_Result_Calculation_KPI,Forms,CDP_PPR_Result_Calculation,Is Activity Assessment Exempt
Forms,CDP_PPR_Result_Calculation_KPI,Forms,CDP_PPR_Result_Calculation,Is Site Visit Exempt
Forms,CDP_PPR_Result_Calculation_KPI,Forms,CDP_PPR_Result_Calculation,Is CDP Trial Activity Exempt
Forms,CDP_PPR_Result_Calculation_KPI,Forms,CDP_PPR_Result_Calculation,Is Post Placement Support Exempt
Forms,CDP_PPR_Result_Calculation_KPI,Forms,CDP_PPR_Result_Calculation,Is Employment Target Exempt
Forms,CDP_PPR_Result_Calculation_KPI,Forms,CDP_PPR_Result_Calculation,Exemption Applied
Forms,CDP_PPR_Result_Calculation_KPI,Forms,CDP_PPR_Result_Calculation,Result Status
Forms,CDP_PPR_Result_Calculation_KPI,Forms,CDP_PPR_Result_Calculation,Provider Feedback
Forms,CDP_PPR_Result_Calculation_KPI,Forms,CDP_PPR_Result_Calculation,Internal Comments
Forms,CDP_PPR_Result_Calculation_KPI,Forms,CDP_PPR_Result_Calculation,Provider Feedback Overflow
Forms,CDP_PPR_Result_Calculation_KPI,Forms,CDP_PPR_Result_Calculation,Internal Comments Overflow
ESS,IEP Grant Activity Site Location,ESS,IEP Program Element,IEP Activity ID
ESS,IEP Grant Estimated Expenditure FY Backup 20231121,ESS,IEP Program Element,IEP Activity ID
ESS,IEP Grant Estimated Expenditure FY,ESS,IEP Program Element,IEP Activity ID
ESS,IEP Activity Obsolete,ESS,IEP Program Element,IEP Activity ID
ESS,IEP Activity,ESS,IEP Program Element,IEP Activity ID
ESS,IEP Grant Activity,ESS,IEP Program Element,IEP Activity ID
ESS,FUSION IEP Activity,ESS,IEP Program Element,IEP Activity ID
ESS,IEP Grant Estimated Expenditure FY Backup 20231102,ESS,IEP Program Element,IEP Activity ID
ESS,FUSION IEP Location,ESS,IEP Program Element,IEP Activity ID
ESS,FUSION IEP Location,ESS,IEP Program Element,IEP Program Element
ESS,IEP Grant Estimated Expenditure FY Backup 20231102,ESS,IEP Program Element,IEP Program Element
ESS,FUSION IEP Activity,ESS,IEP Program Element,IEP Program Element
ESS,IEP Grant Activity,ESS,IEP Program Element,IEP Program Element
ESS,IEP Activity,ESS,IEP Program Element,IEP Program Element
ESS,IEP Activity Obsolete,ESS,IEP Program Element,IEP Program Element
ESS,IEP Grant Estimated Expenditure FY,ESS,IEP Program Element,IEP Program Element
ESS,IEP Grant Estimated Expenditure FY Backup 20231121,ESS,IEP Program Element,IEP Program Element
ESS,IEP Grant Activity Site Location,ESS,IEP Program Element,IEP Program Element
ESS,IEP Activity Obsolete,ESS,IEP Program Element,IEP Program Name
ESS,IEP Activity,ESS,IEP Program Element,IEP Program Name
ESS,IEP Grant Activity,ESS,IEP Program Element,IEP Program Name
ESS,FUSION IEP Activity,ESS,IEP Program Element,IEP Program Name
ESS,FUSION IEP Location,ESS,IEP Program Element,IEP Program Name
ESS,IEP Activity,ESS,IEP Program Element,IEP Program Element Old
FUSION,Case Incident Category,FUSION,pmc_caseincidentcategory,pmc_caseincidentcategoryid
FUSION,Case Incident Category,FUSION,pmc_caseincidentcategory,pmc_name
FUSION,Case Incident Category,FUSION,pmc_caseincidentcategory,statecodename
FUSION,Case Incident Category,FUSION,pmc_caseincidentcategory,statuscodename
CRM,Note,CRM,annotation,annotationid
CRM,Note,CRM,annotation,isdocumentname
CRM,Note,CRM,annotation,objectid
CRM,Note,CRM,annotation,objecttypecode
CRM,Note,CRM,annotation,subject
CRM,Note,CRM,annotation,ownerid
CRM,Note,CRM,annotation,owningbusinessunit
CRM,Note,CRM,annotation,owninguser
CRM,Note,CRM,annotation,createdon
CRM,Note,CRM,annotation,createdby
CRM,Note,CRM,annotation,modifiedon
CRM,Note,CRM,annotation,modifiedby
FUSION,Opportunity Activity Target Group,FUSION,pmc_opportunities_pmc_activitytargetgroups,pmc_activitytargetgroupid
FUSION,Opportunity - Target Group,FUSION,pmc_opportunities_pmc_activitytargetgroups,pmc_activitytargetgroupid
FUSION,Opportunity Activity Target Group,FUSION,pmc_opportunities_pmc_activitytargetgroups,pmc_opportunities_pmc_activitytargetgroupsid
FUSION,Opportunity Activity Target Group,FUSION,pmc_opportunities_pmc_activitytargetgroups,pmc_opportunityid
FUSION,Opportunity - Target Group,FUSION,pmc_opportunities_pmc_activitytargetgroups,pmc_opportunityid
FUSION,Programme Financial,FUSION,pmc_programmefy,pmc_approvedactivities
FUSION,Programme Financial,FUSION,pmc_programmefy,pmc_earmarkedactivities
FUSION,Programme Financial,FUSION,pmc_programmefy,pmc_financialyear
FUSION,Programme Financial,FUSION,pmc_programmefy,pmc_financialyearname
FUSION,Programme Financial,FUSION,pmc_programmefy,pmc_fyforecast
FUSION,Programme Financial,FUSION,pmc_programmefy,pmc_fyforecastasatdate
FUSION,Programme Financial,FUSION,pmc_programmefy,pmc_legalcommitment
FUSION,Programme Financial,FUSION,pmc_programmefy,pmc_name
FUSION,Programme Financial,FUSION,pmc_programmefy,pmc_programme
FUSION,Programme Financial,FUSION,pmc_programmefy,pmc_programmebudget
FUSION,Programme Financial,FUSION,pmc_programmefy,pmc_programmefyid
FUSION,Programme Financial,FUSION,pmc_programmefy,pmc_programmefyidnumber
FUSION,Programme Financial,FUSION,pmc_programmefy,pmc_programmename
FUSION,Programme Financial,FUSION,pmc_programmefy,pmc_totalforecast
FUSION,Programme Financial,FUSION,pmc_programmefy,statecodename
FUSION,Programme Financial,FUSION,pmc_programmefy,statuscodename
FUSION,Programme Financial,FUSION,pmc_programmefy,createdon
FUSION,Programme Financial,FUSION,pmc_programmefy,modifiedon
pmc,POSTAL_TO_PMCREG,pmc,SA1_TO_PMC_REGION,SA1_MAINCODE
pmc,POSTAL_TO_PMCREG,pmc,SA1_TO_PMC_REGION,PMC_REGION_NAME
Forms,CDP_PPR_Result_Calculation Old 20240404,Forms,CDP_PPR_Measure_Weighting,PPR Number
Forms,CDP_PPR_Result_Calculation,Forms,CDP_PPR_Measure_Weighting,PPR Number
Forms,CDP_PPR_Result_Calculation_Review_History,Forms,CDP_PPR_Measure_Weighting,PPR Number
Forms,CDP_PPR_Result_Calculation_Review_History,Forms,CDP_PPR_Measure_Weighting,PPR Measure Key
Forms,CDP_PPR_Result_Calculation,Forms,CDP_PPR_Measure_Weighting,PPR Measure Key
Forms,CDP_PPR_Result_Calculation Old 20240404,Forms,CDP_PPR_Measure_Weighting,PPR Measure Key
Forms,CDP_PPR_Result_Calculation Old 20240404,Forms,CDP_PPR_Measure_Weighting,Measure Weighting
Forms,CDP_PPR_Result_Calculation,Forms,CDP_PPR_Measure_Weighting,Measure Weighting
Forms,CDP_PPR_Result_Calculation_Review_History,Forms,CDP_PPR_Measure_Weighting,Measure Weighting
Forms,CDP_PPR_Result_Calculation_Review_History,Forms,CDP_PPR_Measure_Weighting,Is Measure Excluded
Forms,CDP_PPR_Result_Calculation,Forms,CDP_PPR_Measure_Weighting,Is Measure Excluded
Forms,CDP_PPR_Result_Calculation Old 20240404,Forms,CDP_PPR_Measure_Weighting,Is Measure Excluded
ESS,FUSION IEP Activity,ESS,IEP Activity Original Approval,IEP Activity ID
ESS,IEP Grant Activity,ESS,IEP Activity Original Approval,IEP Activity ID
ESS,IEP Grant Activity,ESS,IEP Activity Original Approval,Original Activity Approved Date
ESS,FUSION IEP Activity,ESS,IEP Activity Original Approval,Original Activity Approved Date
ESS,FUSION IEP Activity,ESS,IEP Activity Original Approval,Original Activity Approved Cost
ESS,IEP Grant Activity,ESS,IEP Activity Original Approval,Original Activity Approved Cost
AGIL,AGIL Name,AGIL,Name,ID
AGIL,AGIL Name,AGIL,Name,LCODE
AGIL,AGIL Location,AGIL,Name,LCODE
AGIL,AGIL Name,AGIL,Name,NCODE
AGIL,AGIL Name,AGIL,Name,NAME
AGIL,AGIL Location,AGIL,Name,NAME
AGIL,AGIL Location,AGIL,Name,NFLAG
AGIL,AGIL Name,AGIL,Name,NFLAG
ABSDataPack,ATSIP Census Cell Descriptor,ABSDataPack,Census Cell Descriptor,Census Cell Descriptor Id
ABSDataPack,ATSIP Census Cell Descriptor,ABSDataPack,Census Cell Descriptor,Sequential
ABSDataPack,ATSIP Census Cell Descriptor,ABSDataPack,Census Cell Descriptor,Short
ABSDataPack,ATSIP Census Cell Descriptor,ABSDataPack,Census Cell Descriptor,Long
ABSDataPack,ATSIP Census Cell Descriptor,ABSDataPack,Census Cell Descriptor,Data Pack File
ABSDataPack,ATSIP Census Cell Descriptor,ABSDataPack,Census Cell Descriptor,Profile Table
ABSDataPack,ATSIP Census Cell Descriptor,ABSDataPack,Census Cell Descriptor,Column Heading Description
ABSDataPack,ATSIP Census Cell Descriptor,ABSDataPack,Census Cell Descriptor,Census Year
ABSDataPack,ATSIP Census Cell Descriptor,ABSDataPack,Census Cell Descriptor,Category
ABSDataPack,ATSIP Census Cell Descriptor,ABSDataPack,Census Cell Descriptor,Sub-Category
ABSDataPack,ATSIP Census Cell Descriptor,ABSDataPack,Census Cell Descriptor,Dataset
ABSDataPack,ATSIP Census Cell Descriptor,ABSDataPack,Census Cell Descriptor,Unit Measure
ABSDataPack,ATSIP Census Cell Descriptor,ABSDataPack,Census Cell Descriptor,Indigeneity
ABSDataPack,ATSIP Census Cell Descriptor,ABSDataPack,Census Cell Descriptor,ATSI
ABSDataPack,ATSIP Census Cell Descriptor,ABSDataPack,Census Cell Descriptor,Gender
ABSDataPack,ATSIP Census Cell Descriptor,ABSDataPack,Census Cell Descriptor,Migration Status
ABSDataPack,ATSIP Census Cell Descriptor,ABSDataPack,Census Cell Descriptor,Employment Status
ABSDataPack,ATSIP Census Cell Descriptor,ABSDataPack,Census Cell Descriptor,Family Composition
ABSDataPack,ATSIP Census Cell Descriptor,ABSDataPack,Census Cell Descriptor,Occupant Number
ABSDataPack,ATSIP Census Cell Descriptor,ABSDataPack,Census Cell Descriptor,Internet Accessed
ABSDataPack,ATSIP Census Cell Descriptor,ABSDataPack,Census Cell Descriptor,Educational Institution
ABSDataPack,ATSIP Census Cell Descriptor,ABSDataPack,Census Cell Descriptor,Disability Assistance
ABSDataPack,ATSIP Census Cell Descriptor,ABSDataPack,Census Cell Descriptor,Age Group
ABSDataPack,ATSIP Census Cell Descriptor,ABSDataPack,Census Cell Descriptor,Language
ABSDataPack,ATSIP Census Cell Descriptor,ABSDataPack,Census Cell Descriptor,Highest School Level
ABSDataPack,ATSIP Census Cell Descriptor,ABSDataPack,Census Cell Descriptor,Tenure
ABSDataPack,ATSIP Census Cell Descriptor,ABSDataPack,Census Cell Descriptor,Ownership
ABSDataPack,ATSIP Census Cell Descriptor,ABSDataPack,Census Cell Descriptor,Structure
ABSDataPack,ATSIP Census Cell Descriptor,ABSDataPack,Census Cell Descriptor,Attendance
ABSDataPack,ATSIP Census Cell Descriptor,ABSDataPack,Census Cell Descriptor,Income
ABSDataPack,ATSIP Census Cell Descriptor,ABSDataPack,Census Cell Descriptor,Qualification
ABSDataPack,ATSIP Census Cell Descriptor,ABSDataPack,Census Cell Descriptor,Industry Sector
ABSDataPack,ATSIP Census Cell Descriptor,ABSDataPack,Census Cell Descriptor,Is Mutually Exclusive
FUSION,Site Visit Assessment,NIAA,Risk Level,Category
FUSION,Performance Report Assessment,NIAA,Risk Level,Category
NIAA,xOrganisation Debt,NIAA,Risk Level,Category
NIAA,Organisation Debt,NIAA,Risk Level,Category
FUSION,Grant Acquittal,NIAA,Risk Level,Category
GPS,Grant Activity Milestone,NIAA,Risk Level,Category
FUSION,Organisation,NIAA,Risk Level,Category
ESS,Performance Report Assessment,NIAA,Risk Level,Category
ESS,Performance Report Assessment,NIAA,Risk Level,Rating
FUSION,Organisation,NIAA,Risk Level,Rating
NIAA,Organisation Debt,NIAA,Risk Level,Rating
NIAA,xOrganisation Debt,NIAA,Risk Level,Rating
FUSION,Performance Report Assessment,NIAA,Risk Level,Rating
FUSION,Site Visit Assessment,NIAA,Risk Level,Rating
FUSION,Grant Acquittal,NIAA,Risk Level,Lower Rating
GPS,Grant Activity Milestone,NIAA,Risk Level,Lower Rating
GPS,Grant Activity Milestone,NIAA,Risk Level,Upper Rating
FUSION,Grant Acquittal,NIAA,Risk Level,Upper Rating
FUSION,Grant Acquittal,NIAA,Risk Level,RiskScore
NIAA,Organisation Debt,NIAA,Risk Level,RiskScore
GPS,Grant Activity Milestone,NIAA,Risk Level,RiskScore
FUSION,Organisation,NIAA,Risk Level,RiskScore
ESS,Performance Report Assessment,NIAA,Risk Level,RiskScore
NIAA,xOrganisation Debt,NIAA,Risk Level,RiskScore
FUSION,Site Visit Assessment,NIAA,Risk Level,RiskScore
FUSION,Performance Report Assessment,NIAA,Risk Level,RiskScore
Forms,CDP_PPR_Result_Calculation_Review_History,Forms,CDP_PPR_Assessment_Response_Summary_Review_History_temp,PPR Measure Key
Forms,CDP_PPR_Result_Calculation_Review_History,Forms,CDP_PPR_Assessment_Response_Summary_Review_History_temp,Organisation Region Key
Forms,CDP_PPR_Result_Calculation_Review_History,Forms,CDP_PPR_Assessment_Response_Summary_Review_History_temp,Assessment Status
Forms,CDP_PPR_Result_Calculation_Review_History,Forms,CDP_PPR_Assessment_Response_Summary_Review_History_temp,Assessment Score Average
FUSION,Case Subtype,FUSION,pmc_casesubtype,pmc_casesubtypeid
FUSION,Case Subtype,FUSION,pmc_casesubtype,pmc_casetypeid
FUSION,Case Subtype,FUSION,pmc_casesubtype,pmc_casetypeidname
FUSION,Case Subtype,FUSION,pmc_casesubtype,pmc_name
FUSION,Case Subtype,FUSION,pmc_casesubtype,statecodename
FUSION,Case Subtype,FUSION,pmc_casesubtype,statuscodename
CRM,Note,CRM,annotation_etltransform,annotationid
CRM,Note,CRM,annotation_etltransform,notetext
FUSION,Opportunity,FUSION,pmc_opportunity,pmc_applicationmethodname
FUSION,Opportunity,FUSION,pmc_opportunity,pmc_budgetavailablename
FUSION,Opportunity,FUSION,pmc_opportunity,pmc_budgetregionid
FUSION,Opportunity,FUSION,pmc_opportunity,pmc_budgetregionidname
FUSION,Opportunity,FUSION,pmc_opportunity,pmc_cdpinvolvementname
FUSION,Opportunity,FUSION,pmc_opportunity,pmc_closecomments
FUSION,Opportunity,FUSION,pmc_opportunity,pmc_closereasonname
FUSION,Opportunity,FUSION,pmc_opportunity,pmc_confirmationcompletename
FUSION,Opportunity,FUSION,pmc_opportunity,pmc_confirmedbyid
FUSION,Opportunity,FUSION,pmc_opportunity,pmc_confirmedbyidname
FUSION,Opportunity,FUSION,pmc_opportunity,pmc_confirmedreason
FUSION,Opportunity,FUSION,pmc_opportunity,pmc_contactmethodname
FUSION,Opportunity,FUSION,pmc_opportunity,pmc_corefundingresponsibilityname
FUSION,Opportunity,FUSION,pmc_opportunity,pmc_dateconfirmedon
FUSION,Opportunity,FUSION,pmc_opportunity,pmc_dateendorsedon
FUSION,Opportunity,FUSION,pmc_opportunity,pmc_datemoreinformationrequested
FUSION,Opportunity,FUSION,pmc_opportunity,pmc_dateplacedonhold
FUSION,Opportunity,FUSION,pmc_opportunity,pmc_datereviewedon
FUSION,Opportunity,FUSION,pmc_opportunity,pmc_datesubmitted
FUSION,Opportunity,FUSION,pmc_opportunity,pmc_datesupportedon
FUSION,Opportunity,FUSION,pmc_opportunity,pmc_datewithdawn
FUSION,Opportunity,FUSION,pmc_opportunity,pmc_detailsofcorefundingresponsibility
FUSION,Opportunity,FUSION,pmc_opportunity,pmc_detailsofpreviousapplicationsorfunding
FUSION,Opportunity,FUSION,pmc_opportunity,pmc_economicprosperitydetails
FUSION,Opportunity,FUSION,pmc_opportunity,pmc_economicprosperityprojectname
FUSION,Opportunity,FUSION,pmc_opportunity,pmc_endorsedbyid
FUSION,Opportunity,FUSION,pmc_opportunity,pmc_endorsedbyidname
FUSION,Opportunity,FUSION,pmc_opportunity,pmc_endorsedname
FUSION,Opportunity,FUSION,pmc_opportunity,pmc_endorsereason
FUSION,Opportunity,FUSION,pmc_opportunity,pmc_frameworkcodeallocationtotal
FUSION,Opportunity,FUSION,pmc_opportunity,pmc_frameworkcodeselectiononeallocation
FUSION,Opportunity,FUSION,pmc_opportunity,pmc_frameworkcodeselectiononeidname
FUSION,Opportunity,FUSION,pmc_opportunity,pmc_frameworkcodeselectionthreeallocation
FUSION,Opportunity,FUSION,pmc_opportunity,pmc_frameworkcodeselectionthreeidname
FUSION,Opportunity,FUSION,pmc_opportunity,pmc_frameworkcodeselectiontwoallocation
FUSION,Opportunity,FUSION,pmc_opportunity,pmc_frameworkcodeselectiontwoidname
FUSION,Opportunity,FUSION,pmc_opportunity,pmc_frameworkcodetotalallocation
FUSION,Opportunity,FUSION,pmc_opportunity,pmc_garpreviewdate
FUSION,Opportunity,FUSION,pmc_opportunity,pmc_garpsignoffdate
FUSION,Opportunity,FUSION,pmc_opportunity,pmc_indigenousemployees
FUSION,Opportunity,FUSION,pmc_opportunity,pmc_indigenoushomelandname
FUSION,Opportunity,FUSION,pmc_opportunity,pmc_intendedoutcome
FUSION,Opportunity,FUSION,pmc_opportunity,pmc_isancillarybenefitselectedname
FUSION,Opportunity,FUSION,pmc_opportunity,pmc_isreviewcompletename
FUSION,Opportunity,FUSION,pmc_opportunity,pmc_istargetgroupsselectedname
FUSION,Opportunity,FUSION,pmc_opportunity,pmc_moreinformationdetails
FUSION,Opportunity,FUSION,pmc_opportunity,pmc_moreinformationrequestedbyid
FUSION,Opportunity,FUSION,pmc_opportunity,pmc_moreinformationrequestedbyidname
FUSION,Opportunity,FUSION,pmc_opportunity,pmc_name
FUSION,Opportunity,FUSION,pmc_opportunity,pmc_natureofcdpsupport
FUSION,Opportunity,FUSION,pmc_opportunity,pmc_nonindigenousemployees
FUSION,Opportunity,FUSION,pmc_opportunity,pmc_oneoffgrantname
FUSION,Opportunity,FUSION,pmc_opportunity,pmc_onholdreason
FUSION,Opportunity,FUSION,pmc_opportunity,pmc_oppid
FUSION,Opportunity,FUSION,pmc_opportunity,pmc_opportunitycapturedname
FUSION,Opportunity,FUSION,pmc_opportunity,pmc_opportunityid
FUSION,Opportunity,FUSION,pmc_opportunity,pmc_opportunitytypename
FUSION,Opportunity,FUSION,pmc_opportunity,pmc_organisationcontactid
FUSION,Opportunity,FUSION,pmc_opportunity,pmc_organisationcontactidname
FUSION,Opportunity,FUSION,pmc_opportunity,pmc_organisationid
FUSION,Opportunity,FUSION,pmc_opportunity,pmc_organisationidname
FUSION,Opportunity,FUSION,pmc_opportunity,pmc_otherprojectinformation
FUSION,Opportunity,FUSION,pmc_opportunity,pmc_outcomeelementname
FUSION,Opportunity,FUSION,pmc_opportunity,pmc_percentindigenous
FUSION,Opportunity,FUSION,pmc_opportunity,pmc_percentrecommended
FUSION,Opportunity,FUSION,pmc_opportunity,pmc_placedonholdbyid
FUSION,Opportunity,FUSION,pmc_opportunity,pmc_placedonholdbyidname
FUSION,Opportunity,FUSION,pmc_opportunity,pmc_placeonholdname
FUSION,Opportunity,FUSION,pmc_opportunity,pmc_plannedprojectdurationname
FUSION,Opportunity,FUSION,pmc_opportunity,pmc_plannedprojectenddate
FUSION,Opportunity,FUSION,pmc_opportunity,pmc_plannedprojectstartdate
FUSION,Opportunity,FUSION,pmc_opportunity,pmc_primaryregionname
FUSION,Opportunity,FUSION,pmc_opportunity,pmc_priorityneedname
FUSION,Opportunity,FUSION,pmc_opportunity,pmc_processbudgettypethresholdname
FUSION,Opportunity,FUSION,pmc_opportunity,pmc_programmeconfirmationname
FUSION,Opportunity,FUSION,pmc_opportunity,pmc_programmename
FUSION,Opportunity,FUSION,pmc_opportunity,pmc_programmestream
FUSION,Opportunity,FUSION,pmc_opportunity,pmc_projectdeliverables
FUSION,Opportunity,FUSION,pmc_opportunity,pmc_projectdescripton
FUSION,Opportunity,FUSION,pmc_opportunity,pmc_projectneed
FUSION,Opportunity,FUSION,pmc_opportunity,pmc_projectpreviouslyappliedforandorfundedname
FUSION,Opportunity,FUSION,pmc_opportunity,pmc_readyforqaname
FUSION,Opportunity,FUSION,pmc_opportunity,pmc_regionalalignment
FUSION,Opportunity,FUSION,pmc_opportunity,pmc_regionalbudgetname
FUSION,Opportunity,FUSION,pmc_opportunity,pmc_regionalcontactname
FUSION,Opportunity,FUSION,pmc_opportunity,pmc_requestedon
FUSION,Opportunity,FUSION,pmc_opportunity,pmc_requestmoreinformationname
FUSION,Opportunity,FUSION,pmc_opportunity,pmc_requiresreviewandendorsename
FUSION,Opportunity,FUSION,pmc_opportunity,pmc_reviewedbyid
FUSION,Opportunity,FUSION,pmc_opportunity,pmc_reviewedbyidname
FUSION,Opportunity,FUSION,pmc_opportunity,pmc_reviewerassessmentname
FUSION,Opportunity,FUSION,pmc_opportunity,pmc_reviewerreason
FUSION,Opportunity,FUSION,pmc_opportunity,pmc_riskratingname
FUSION,Opportunity,FUSION,pmc_opportunity,pmc_runfunction
FUSION,Opportunity,FUSION,pmc_opportunity,pmc_similarprojectexperiencename
FUSION,Opportunity,FUSION,pmc_opportunity,pmc_statusbeforeonhold
FUSION,Opportunity,FUSION,pmc_opportunity,pmc_submittedbyid
FUSION,Opportunity,FUSION,pmc_opportunity,pmc_submittedbyidname
FUSION,Opportunity,FUSION,pmc_opportunity,pmc_supportedbyid
FUSION,Opportunity,FUSION,pmc_opportunity,pmc_supportedbyidname
FUSION,Opportunity,FUSION,pmc_opportunity,pmc_supportedname
FUSION,Opportunity,FUSION,pmc_opportunity,pmc_supportreason
FUSION,Opportunity,FUSION,pmc_opportunity,pmc_totalappliedforexgst
FUSION,Opportunity,FUSION,pmc_opportunity,pmc_totalappliedforexgst_date
FUSION,Opportunity,FUSION,pmc_opportunity,pmc_totalapprovedexgst
FUSION,Opportunity,FUSION,pmc_opportunity,pmc_totalapprovedexgst_date
FUSION,Opportunity,FUSION,pmc_opportunity,pmc_totalbudgetcostexgst
FUSION,Opportunity,FUSION,pmc_opportunity,pmc_totalbudgetcostexgst_date
FUSION,Opportunity,FUSION,pmc_opportunity,pmc_totalcontributionsexgst
FUSION,Opportunity,FUSION,pmc_opportunity,pmc_totalcontributionsexgst_date
FUSION,Opportunity,FUSION,pmc_opportunity,pmc_totalemployees
FUSION,Opportunity,FUSION,pmc_opportunity,pmc_totalfundsrecommendedexgst
FUSION,Opportunity,FUSION,pmc_opportunity,pmc_totalfundsrecommendedexgst_date
FUSION,Opportunity,FUSION,pmc_opportunity,pmc_totalfundsreleasedexgst
FUSION,Opportunity,FUSION,pmc_opportunity,pmc_totalfundsreleasedexgst_date
FUSION,Opportunity,FUSION,pmc_opportunity,pmc_totalfundsrequestedexgst
FUSION,Opportunity,FUSION,pmc_opportunity,pmc_totalfundsrequestedexgst_date
FUSION,Opportunity,FUSION,pmc_opportunity,pmc_totalgrantfundingexgst
FUSION,Opportunity,FUSION,pmc_opportunity,pmc_totalgrantfundingexgst_date
FUSION,Opportunity,FUSION,pmc_opportunity,pmc_totalplannedprojectfundsexgst
FUSION,Opportunity,FUSION,pmc_opportunity,pmc_validatename
FUSION,Opportunity,FUSION,pmc_opportunity,pmc_withdraw
FUSION,Opportunity,FUSION,pmc_opportunity,pmc_withdrawalreason
FUSION,Opportunity,FUSION,pmc_opportunity,pmc_withdrawname
FUSION,Opportunity,FUSION,pmc_opportunity,pmc_withdrawnbyid
FUSION,Opportunity,FUSION,pmc_opportunity,pmc_withdrawnbyidname
FUSION,Opportunity,FUSION,pmc_opportunity,statecodename
FUSION,Opportunity,FUSION,pmc_opportunity,statuscodename
FUSION,Opportunity,FUSION,pmc_opportunity,pmc_riskexemptionreasonname
ESS,IEP Outcome Max Paid Week,ESS,IEP Outcome,Outcome Week
ESS,IEP Outcome Max Paid Week,ESS,IEP Outcome,Outcome Status Code
ESS,IEP Outcome Max Paid Week,ESS,IEP Outcome,IEP Placement Key
ESS,IEP Outcome Max Paid Week,ESS,IEP Outcome,Outcome Claim Status Code
Forms,CDP_PPR_Result_Calculation_KPI_Review_History,Forms,CDP_PPR_Result_Calculation_Review_History,Organisation Region Key
Forms,CDP_PPR_Result_Calculation_KPI_Review_History,Forms,CDP_PPR_Result_Calculation_Review_History,PPR Number
Forms,CDP_PPR_Result_Calculation_KPI_Review_History,Forms,CDP_PPR_Result_Calculation_Review_History,CDP Region Code
Forms,CDP_PPR_Result_Calculation_KPI_Review_History,Forms,CDP_PPR_Result_Calculation_Review_History,CDP Region Name
Forms,CDP_PPR_Result_Calculation_KPI_Review_History,Forms,CDP_PPR_Result_Calculation_Review_History,CDP Region Number
Forms,CDP_PPR_Result_Calculation_KPI_Review_History,Forms,CDP_PPR_Result_Calculation_Review_History,Organisation Code
Forms,CDP_PPR_Result_Calculation_KPI_Review_History,Forms,CDP_PPR_Result_Calculation_Review_History,Organisation
Forms,CDP_PPR_Result_Calculation_KPI_Review_History,Forms,CDP_PPR_Result_Calculation_Review_History,Measure 1 Key
Forms,CDP_PPR_Result_Calculation_KPI_Review_History,Forms,CDP_PPR_Result_Calculation_Review_History,Measure 1 Status
Forms,CDP_PPR_Result_Calculation_KPI_Review_History,Forms,CDP_PPR_Result_Calculation_Review_History,Measure 1 Score
Forms,CDP_PPR_Result_Calculation_KPI_Review_History,Forms,CDP_PPR_Result_Calculation_Review_History,Measure 1 Result Description
Forms,CDP_PPR_Result_Calculation_KPI_Review_History,Forms,CDP_PPR_Result_Calculation_Review_History,Measure 3 Key
Forms,CDP_PPR_Result_Calculation_KPI_Review_History,Forms,CDP_PPR_Result_Calculation_Review_History,Measure 3 Status
Forms,CDP_PPR_Result_Calculation_KPI_Review_History,Forms,CDP_PPR_Result_Calculation_Review_History,Measure 3 Score
Forms,CDP_PPR_Result_Calculation_KPI_Review_History,Forms,CDP_PPR_Result_Calculation_Review_History,Measure 3 Result Description
Forms,CDP_PPR_Result_Calculation_KPI_Review_History,Forms,CDP_PPR_Result_Calculation_Review_History,Measure 4 Key
Forms,CDP_PPR_Result_Calculation_KPI_Review_History,Forms,CDP_PPR_Result_Calculation_Review_History,Measure 4 Status
Forms,CDP_PPR_Result_Calculation_KPI_Review_History,Forms,CDP_PPR_Result_Calculation_Review_History,Measure 4 Score
Forms,CDP_PPR_Result_Calculation_KPI_Review_History,Forms,CDP_PPR_Result_Calculation_Review_History,Measure 4 Result Description
Forms,CDP_PPR_Result_Calculation_KPI_Review_History,Forms,CDP_PPR_Result_Calculation_Review_History,Measure 4A Status
Forms,CDP_PPR_Result_Calculation_KPI_Review_History,Forms,CDP_PPR_Result_Calculation_Review_History,Measure 4 Part A Score
Forms,CDP_PPR_Result_Calculation_KPI_Review_History,Forms,CDP_PPR_Result_Calculation_Review_History,Measure 4BC Status
Forms,CDP_PPR_Result_Calculation_KPI_Review_History,Forms,CDP_PPR_Result_Calculation_Review_History,Measure 4 Parts BC Score
Forms,CDP_PPR_Result_Calculation_KPI_Review_History,Forms,CDP_PPR_Result_Calculation_Review_History,Measure 4D Status
Forms,CDP_PPR_Result_Calculation_KPI_Review_History,Forms,CDP_PPR_Result_Calculation_Review_History,Measure 4 Part D Score
Forms,CDP_PPR_Result_Calculation_KPI_Review_History,Forms,CDP_PPR_Result_Calculation_Review_History,Measure 5 Key
Forms,CDP_PPR_Result_Calculation_KPI_Review_History,Forms,CDP_PPR_Result_Calculation_Review_History,Measure 5 Status
Forms,CDP_PPR_Result_Calculation_KPI_Review_History,Forms,CDP_PPR_Result_Calculation_Review_History,Measure 5 Score
Forms,CDP_PPR_Result_Calculation_KPI_Review_History,Forms,CDP_PPR_Result_Calculation_Review_History,Measure 5 Result Description
Forms,CDP_PPR_Result_Calculation_KPI_Review_History,Forms,CDP_PPR_Result_Calculation_Review_History,Measure 6 Key
Forms,CDP_PPR_Result_Calculation_KPI_Review_History,Forms,CDP_PPR_Result_Calculation_Review_History,Measure 6 Status
Forms,CDP_PPR_Result_Calculation_KPI_Review_History,Forms,CDP_PPR_Result_Calculation_Review_History,Measure 6 Score
Forms,CDP_PPR_Result_Calculation_KPI_Review_History,Forms,CDP_PPR_Result_Calculation_Review_History,Measure 6 Result Description
Forms,CDP_PPR_Result_Calculation_KPI_Review_History,Forms,CDP_PPR_Result_Calculation_Review_History,Measure 1 Weighting
Forms,CDP_PPR_Result_Calculation_KPI_Review_History,Forms,CDP_PPR_Result_Calculation_Review_History,Measure 2 Weighting
Forms,CDP_PPR_Result_Calculation_KPI_Review_History,Forms,CDP_PPR_Result_Calculation_Review_History,Measure 3 Weighting
Forms,CDP_PPR_Result_Calculation_KPI_Review_History,Forms,CDP_PPR_Result_Calculation_Review_History,Measure 4 Weighting
Forms,CDP_PPR_Result_Calculation_KPI_Review_History,Forms,CDP_PPR_Result_Calculation_Review_History,Measure 5 Weighting
Forms,CDP_PPR_Result_Calculation_KPI_Review_History,Forms,CDP_PPR_Result_Calculation_Review_History,Measure 6 Weighting
Forms,CDP_PPR_Result_Calculation_KPI_Review_History,Forms,CDP_PPR_Result_Calculation_Review_History,PPR Maximum Score
Forms,CDP_PPR_Result_Calculation_KPI_Review_History,Forms,CDP_PPR_Result_Calculation_Review_History,Measures Excluded Count
Forms,CDP_PPR_Result_Calculation_KPI_Review_History,Forms,CDP_PPR_Result_Calculation_Review_History,Overall result Score
Forms,CDP_PPR_Result_Calculation_KPI_Review_History,Forms,CDP_PPR_Result_Calculation_Review_History,Overall Result Description
Forms,CDP_PPR_Result_Calculation_KPI_Review_History,Forms,CDP_PPR_Result_Calculation_Review_History,Result Key
Forms,CDP_PPR_Result_Calculation_KPI_Review_History,Forms,CDP_PPR_Result_Calculation_Review_History,Is Activity Assessment Exempt
Forms,CDP_PPR_Result_Calculation_KPI_Review_History,Forms,CDP_PPR_Result_Calculation_Review_History,Is Site Visit Exempt
Forms,CDP_PPR_Result_Calculation_KPI_Review_History,Forms,CDP_PPR_Result_Calculation_Review_History,Is CDP Trial Activity Exempt
Forms,CDP_PPR_Result_Calculation_KPI_Review_History,Forms,CDP_PPR_Result_Calculation_Review_History,Is Post Placement Support Exempt
Forms,CDP_PPR_Result_Calculation_KPI_Review_History,Forms,CDP_PPR_Result_Calculation_Review_History,Is Employment Target Exempt
Forms,CDP_PPR_Result_Calculation_KPI_Review_History,Forms,CDP_PPR_Result_Calculation_Review_History,Exemption Applied
Forms,CDP_PPR_Result_Calculation_KPI_Review_History,Forms,CDP_PPR_Result_Calculation_Review_History,Result Status
Forms,CDP_PPR_Result_Calculation_KPI_Review_History,Forms,CDP_PPR_Result_Calculation_Review_History,Provider Feedback
Forms,CDP_PPR_Result_Calculation_KPI_Review_History,Forms,CDP_PPR_Result_Calculation_Review_History,Internal Comments
Forms,CDP_PPR_Result_Calculation_KPI_Review_History,Forms,CDP_PPR_Result_Calculation_Review_History,Provider Feedback Overflow
Forms,CDP_PPR_Result_Calculation_KPI_Review_History,Forms,CDP_PPR_Result_Calculation_Review_History,Internal Comments Overflow
TSG,Personal Acknowledgement_N,TSG,systemuser,fullname
TSG,Outcome_N,TSG,systemuser,fullname
TSG,Outcome_N,TSG,systemuser,systemuserid
TSG,Personal Acknowledgement_N,TSG,systemuser,systemuserid
SnapForms_RJED,Employment Report,Forms_RJED,Employment Report Manual Upload,Response ID
SnapForms_RJED,Employment Report,Forms_RJED,Employment Report Manual Upload,Response Key
SnapForms_RJED,Employment Report,Forms_RJED,Employment Report Manual Upload,Form ID
SnapForms_RJED,Employment Report,Forms_RJED,Employment Report Manual Upload,Employment Report Name
SnapForms_RJED,Employment Report,Forms_RJED,Employment Report Manual Upload,Project ID
SnapForms_RJED,Employment Report,Forms_RJED,Employment Report Manual Upload,Employment Report Quarter End Date
SnapForms_RJED,Employment Report,Forms_RJED,Employment Report Manual Upload,Employment Report Due Date
SnapForms_RJED,Employment Report,Forms_RJED,Employment Report Manual Upload,Response Date
SnapForms_RJED,Employment Report,Forms_RJED,Employment Report Manual Upload,Modified Date Time
SnapForms_RJED,Employment Report,Forms_RJED,Employment Report Manual Upload,Organisation Name
SnapForms_RJED,Employment Report,Forms_RJED,Employment Report Manual Upload,Organisation Contact Email
SnapForms_RJED,Employment Report,Forms_RJED,Employment Report Manual Upload,ABN
SnapForms_RJED,Employment Report,Forms_RJED,Employment Report Manual Upload,Project Title
SnapForms_RJED,Employment Report,Forms_RJED,Employment Report Manual Upload,NIAA Region
SnapForms_RJED,Employment Report,Forms_RJED,Employment Report Manual Upload,Total Approved RJED Jobs
SnapForms_RJED,Employment Report,Forms_RJED,Employment Report Manual Upload,Total RJED Placements In Quarter
SnapForms_RJED,Employment Report,Forms_RJED,Employment Report Manual Upload,Privacy Consent Completed
SnapForms_RJED,Employment Report,Forms_RJED,Employment Report Manual Upload,Non Standard Entry Type
SnapForms_RJED,Employment Report,Forms_RJED,Employment Report Manual Upload,Non Standard Entry Reason
SnapForms_RJED,Employment Report,Forms_RJED,Employment Report Manual Upload,Non Standard Entry Comment
GPS,GPS Location,GPS,GPS_Location_Geocode,Address Hashkey
GPS,GPS Location,GPS,GPS_Location_Geocode,Address Latitude
GPS,GPS Location,GPS,GPS_Location_Geocode,Address Longitude
GPS,GPS Location,GPS,GPS_Location_Geocode,Mesh Block Code 2016
GPS,GPS Location,GPS,GPS_Location_Geocode,Mesh Block Code 2021
NIAA,RangerGroupCurrent,NIAA,RangerGroupHistory,RangerGroupId
NIAA,RangerGroupCurrent,NIAA,RangerGroupHistory,ActivityId
NIAA,RangerGroupCurrent,NIAA,RangerGroupHistory,GroupName
NIAA,RangerGroupCurrent,NIAA,RangerGroupHistory,EffectiveStartDate
NIAA,RangerGroupCurrent,NIAA,RangerGroupHistory,EffectiveEndDate
NIAA,RangerGroupCurrent,NIAA,RangerGroupHistory,IsCurrent
ESS,CDP Grant Activity Site Location,ESS,CDP Grant Estimated Expenditure FY,Grant Identifier
ESS,CDP Grant Activity Site Location,ESS,CDP Grant Estimated Expenditure FY,Estimated Grant Value FY (Excl GST)
FUSION,Case Type,FUSION,pmc_casetype,pmc_casetypeid
FUSION,Case Type,FUSION,pmc_casetype,pmc_createcaseincidentname
FUSION,Case Type,FUSION,pmc_casetype,pmc_name
FUSION,Case Type,FUSION,pmc_casetype,statecodename
FUSION,Case Type,FUSION,pmc_casetype,statuscodename
CRM,Appointments,CRM,appointment,activityid
FUSION,Site Visit Location,CRM,appointment,activityid
CRM,Interaction,CRM,appointment,activityid
CRM,Appointments,CRM,appointment,actualdurationminutes
CRM,Appointments,CRM,appointment,actualend
CRM,Interaction,CRM,appointment,actualstart
CRM,Appointments,CRM,appointment,instancetypecodename
CRM,Appointments,CRM,appointment,location
CRM,Interaction,CRM,appointment,location
CRM,Interaction,CRM,appointment,pmc_actionrequired
CRM,Appointments,CRM,appointment,pmc_cdpproviders
CRM,Appointments,CRM,appointment,pmc_keydiscussionpoints
CRM,Interaction,CRM,appointment,pmc_keydiscussionpoints
CRM,Appointments,CRM,appointment,pmc_niaastaff
CRM,Appointments,CRM,appointment,pmc_nonniaastaff
CRM,Appointments,CRM,appointment,pmc_otherpurpose
CRM,Appointments,CRM,appointment,pmc_othertype
FUSION,Site Visit Location,CRM,appointment,pmc_purpose
CRM,Appointments,CRM,appointment,pmc_purposename
CRM,Interaction,CRM,appointment,pmc_purposename
CRM,Appointments,CRM,appointment,pmc_totalattendees
CRM,Appointments,CRM,appointment,pmc_typename
CRM,Interaction,CRM,appointment,pmc_typename
CRM,Interaction,CRM,appointment,regardingobjectid
CRM,Appointments,CRM,appointment,regardingobjectid
CRM,Interaction,CRM,appointment,scheduleddurationminutes
CRM,Interaction,CRM,appointment,scheduledend
CRM,Appointments,CRM,appointment,scheduledend
CRM,Appointments,CRM,appointment,scheduledstart
CRM,Interaction,CRM,appointment,scheduledstart
CRM,Interaction,CRM,appointment,subject
CRM,Appointments,CRM,appointment,subject
CRM,Appointments,CRM,appointment,ownerid
CRM,Interaction,CRM,appointment,ownerid
CRM,Appointments,CRM,appointment,owningbusinessunit
CRM,Appointments,CRM,appointment,owningteam
CRM,Appointments,CRM,appointment,owninguser
CRM,Appointments,CRM,appointment,createdon
CRM,Interaction,CRM,appointment,createdon
CRM,Interaction,CRM,appointment,createdby
CRM,Appointments,CRM,appointment,createdby
CRM,Appointments,CRM,appointment,modifiedon
CRM,Interaction,CRM,appointment,modifiedon
CRM,Appointments,CRM,appointment,modifiedby
CRM,Appointments,CRM,appointment,statecodename
CRM,Interaction,CRM,appointment,statecodename
AGIL,AGIL Name,AGIL,AGIL Location,AGIL Location Id
AGIL,AGIL Name,AGIL,AGIL Location,AGIL Location Code
FUSION,Opportunity - PMC Region,FUSION,pmc_opportunity_pmc_agencyregion,opportunityid
FUSION,Opportunity - PMC Region,FUSION,pmc_opportunity_pmc_agencyregion,pmc_agencyregionid
FUSION,Direct Approach Approval Organisation,FUSION,Account,accountid
FUSION,Organisation,FUSION,Account,accountid
NIAA,Organisation Debt,FUSION,Account,accountid
FUSION,Organisation,FUSION,Account,address1_city
FUSION,Organisation,FUSION,Account,address1_latitude
FUSION,Organisation,FUSION,Account,address1_longitude
FUSION,Organisation,FUSION,Account,address1_postalcode
FUSION,Organisation,FUSION,Account,address1_stateorprovince
FUSION,Organisation,FUSION,Account,emailaddress1
FUSION,Direct Approach Approval Organisation,FUSION,Account,emailaddress1
FUSION,Direct Approach Approval Organisation,FUSION,Account,name
FUSION,Organisation,FUSION,Account,name
FUSION,Organisation,FUSION,Account,pmc_asicnumber
FUSION,Organisation,FUSION,Account,pmc_entitytype
FUSION,Organisation,FUSION,Account,pmc_entitytypecode
FUSION,Organisation,FUSION,Account,pmc_garpreviewdate
FUSION,Organisation,FUSION,Account,pmc_garpsignoffdate
FUSION,Organisation,FUSION,Account,pmc_grantactivitiescurrent
FUSION,Organisation,FUSION,Account,pmc_indigeneity
FUSION,Organisation,FUSION,Account,pmc_indigeneityeffectivedate
FUSION,Organisation,FUSION,Account,pmc_indigenousstatusname
FUSION,Organisation,FUSION,Account,pmc_latestperformanceratingname
FUSION,Organisation,FUSION,Account,pmc_orgabn
FUSION,Direct Approach Approval Organisation,FUSION,Account,pmc_orgabn
NIAA,Organisation Debt,FUSION,Account,pmc_orgabn
DGOV,Funded ASIC Companies,FUSION,Account,pmc_orgabn
FUSION,Organisation,FUSION,Account,pmc_prapproveddate
FUSION,Organisation,FUSION,Account,pmc_riskexemptiondate
FUSION,Organisation,FUSION,Account,pmc_riskexemptionjustification
FUSION,Organisation,FUSION,Account,pmc_riskexemptionreasonname
FUSION,Organisation,FUSION,Account,pmc_riskratingname
FUSION,Organisation,FUSION,Account,pmc_undercompliancereviewname
FUSION,Organisation,FUSION,Account,pmc_undercompliancereviewupdatedbyname
FUSION,Organisation,FUSION,Account,pmc_undercompliancereviewupdatedon
FUSION,Organisation,FUSION,Account,statecodename
FUSION,Organisation,FUSION,Account,statuscodename
TSG,Call Centre Interactions_N,TSG,tsgcallcentre_interactions,Conversation ID
TSG,Call Centre Interactions_N,TSG,tsgcallcentre_interactions,Users - Alerted
TSG,Call Centre Interactions_N,TSG,tsgcallcentre_interactions,Users - Interacted
TSG,Call Centre Interactions_N,TSG,tsgcallcentre_interactions,Remote
TSG,Call Centre Interactions_N,TSG,tsgcallcentre_interactions,Date
TSG,Call Centre Interactions_N,TSG,tsgcallcentre_interactions,End Date
TSG,Call Centre Interactions_N,TSG,tsgcallcentre_interactions,Duration
TSG,Call Centre Interactions_N,TSG,tsgcallcentre_interactions,Direction
TSG,Call Centre Interactions_N,TSG,tsgcallcentre_interactions,Initial Direction
TSG,Call Centre Interactions_N,TSG,tsgcallcentre_interactions,ANI
TSG,Call Centre Interactions_N,TSG,tsgcallcentre_interactions,DNIS
TSG,Call Centre Interactions_N,TSG,tsgcallcentre_interactions,Session DNIS
TSG,Call Centre Interactions_N,TSG,tsgcallcentre_interactions,Wrap-up
TSG,Call Centre Interactions_N,TSG,tsgcallcentre_interactions,Transferred
TSG,Call Centre Interactions_N,TSG,tsgcallcentre_interactions,Consulted
TSG,Call Centre Interactions_N,TSG,tsgcallcentre_interactions,Consult Transferred
TSG,Call Centre Interactions_N,TSG,tsgcallcentre_interactions,Abandoned
TSG,Call Centre Interactions_N,TSG,tsgcallcentre_interactions,Voicemail
TSG,Call Centre Interactions_N,TSG,tsgcallcentre_interactions,Non-ACD
TSG,Call Centre Interactions_N,TSG,tsgcallcentre_interactions,Recording
TSG,Call Centre Interactions_N,TSG,tsgcallcentre_interactions,MOS
TSG,Call Centre Interactions_N,TSG,tsgcallcentre_interactions,SIP Call ID
TSG,Call Centre Interactions_N,TSG,tsgcallcentre_interactions,Last Wrap Up
TSG,Call Centre Interactions_N,TSG,tsgcallcentre_interactions,Abandoned in Queue
TSG,Call Centre Interactions_N,TSG,tsgcallcentre_interactions,Disconnect Type
TSG,Call Centre Interactions_N,TSG,tsgcallcentre_interactions,Flow-Out Type
TSG,Call Centre Interactions_N,TSG,tsgcallcentre_interactions,Users - Not Responding
TSG,Call Centre Interactions_N,TSG,tsgcallcentre_interactions,IVR Segments
TSG,Call Centre Interactions_N,TSG,tsgcallcentre_interactions,Total IVR
TSG,Call Centre Interactions_N,TSG,tsgcallcentre_interactions,Queue Segments
TSG,Call Centre Interactions_N,TSG,tsgcallcentre_interactions,Total Queue
TSG,Call Centre Interactions_N,TSG,tsgcallcentre_interactions,Alert Segments
TSG,Call Centre Interactions_N,TSG,tsgcallcentre_interactions,Total Alert
TSG,Call Centre Interactions_N,TSG,tsgcallcentre_interactions,User Segments
TSG,Call Centre Interactions_N,TSG,tsgcallcentre_interactions,Talk Segments
TSG,Call Centre Interactions_N,TSG,tsgcallcentre_interactions,Total Talk
TSG,Call Centre Interactions_N,TSG,tsgcallcentre_interactions,Hold Segments
TSG,Call Centre Interactions_N,TSG,tsgcallcentre_interactions,Total Hold
TSG,Call Centre Interactions_N,TSG,tsgcallcentre_interactions,Wrap-Up Segments
TSG,Call Centre Interactions_N,TSG,tsgcallcentre_interactions,Total ACW
TSG,Call Centre Interactions_N,TSG,tsgcallcentre_interactions,Dialing Segments
TSG,Call Centre Interactions_N,TSG,tsgcallcentre_interactions,Total Dialing
TSG,Call Centre Interactions_N,TSG,tsgcallcentre_interactions,Contacting Segments
TSG,Call Centre Interactions_N,TSG,tsgcallcentre_interactions,Total Contacting
TSG,Call Centre Interactions_N,TSG,tsgcallcentre_interactions,Total Handle
TSG,Call Centre Interactions_N,TSG,tsgcallcentre_interactions,Time to Abandon
TSG,Call Centre Interactions_N,TSG,tsgcallcentre_interactions,Total Voicemail
TSG,Call Centre Interactions_N,TSG,tsgcallcentre_interactions,Not Responding
TSG,Call Centre Interactions_N,TSG,tsgcallcentre_interactions,Error Count
TSG,Call Centre Interactions_N,TSG,tsgcallcentre_interactions,Error Code
FUSION,Funding Decision Audit,FUSION,stringmap,attributename
FUSION,Funding Decision Audit,FUSION,stringmap,attributevalue
FUSION,Funding Decision Audit,FUSION,stringmap,objecttypecode
FUSION,Funding Decision Audit,FUSION,stringmap,value
ESS,FUSION CDP Location,ESS,SUB839_LKP_DIM_PROVIDER_GEOCODED_NIAA_GEOCODE,Address Hashkey
ESS,CDP Site Contract,ESS,SUB839_LKP_DIM_PROVIDER_GEOCODED_NIAA_GEOCODE,Address Hashkey
ESS,FUSION CDP Location,ESS,SUB839_LKP_DIM_PROVIDER_GEOCODED_NIAA_GEOCODE,Address Latitude
ESS,FUSION CDP Location,ESS,SUB839_LKP_DIM_PROVIDER_GEOCODED_NIAA_GEOCODE,Address Longitude
ESS,FUSION CDP Location,ESS,SUB839_LKP_DIM_PROVIDER_GEOCODED_NIAA_GEOCODE,Mesh Block Code 2016
ESS,CDP Site Contract,ESS,SUB839_LKP_DIM_PROVIDER_GEOCODED_NIAA_GEOCODE,Mesh Block Code 2016
ESS,CDP Site Contract,ESS,SUB839_LKP_DIM_PROVIDER_GEOCODED_NIAA_GEOCODE,Mesh Block Code 2021
ESS,FUSION CDP Location,ESS,SUB839_LKP_DIM_PROVIDER_GEOCODED_NIAA_GEOCODE,Mesh Block Code 2021
ABSDataPack,ATSIP ILOC Census Cell,ABSDataPack,ILOC Census Cell,ILOC Census Cell Id
ABSDataPack,ATSIP ILOC Census Cell,ABSDataPack,ILOC Census Cell,Census Cell Descriptor Id
ABSDataPack,ATSIP ILOC Census Cell,ABSDataPack,ILOC Census Cell,ILOC Code
ABSDataPack,ATSIP ILOC Census Cell,ABSDataPack,ILOC Census Cell,Cell Value
ABSDataPack,ATSIP ILOC Census Cell,ABSDataPack,ILOC Census Cell,Census Year
ESS,FUSION IEP Activity,ESS,IEP Activity Expenditure,IEP Activity ID
ESS,FUSION IEP Activity,ESS,IEP Activity Expenditure,Expenditure
FUSION,Site Visit Assessment,FUSION,pmc_sitevisitassessment,pmc_actionitemsrecommendedname
FUSION,Site Visit Assessment,FUSION,pmc_sitevisitassessment,pmc_approvalcomments
FUSION,Site Visit Assessment,FUSION,pmc_sitevisitassessment,pmc_approvedon
GPS,Grant Activity Missing Milestone,FUSION,pmc_sitevisitassessment,pmc_approvedon
GPS,Grant Activity Missing Milestone - Old,FUSION,pmc_sitevisitassessment,pmc_approvedon
FUSION,Site Visit Assessment,FUSION,pmc_sitevisitassessment,pmc_approver
FUSION,Site Visit Assessment,FUSION,pmc_sitevisitassessment,pmc_approverclassification
FUSION,Site Visit Assessment,FUSION,pmc_sitevisitassessment,pmc_approverlocation
FUSION,Site Visit Assessment,FUSION,pmc_sitevisitassessment,pmc_approvername
FUSION,Site Visit Assessment,FUSION,pmc_sitevisitassessment,pmc_assessedon
GPS,Grant Activity Missing Milestone - Old,FUSION,pmc_sitevisitassessment,pmc_assessedon
GPS,Grant Activity Missing Milestone,FUSION,pmc_sitevisitassessment,pmc_assessedon
FUSION,Site Visit Assessment,FUSION,pmc_sitevisitassessment,pmc_assessmentcompletedname
FUSION,Site Visit Assessment,FUSION,pmc_sitevisitassessment,pmc_assessmentid
GPS,Grant Activity Missing Milestone,FUSION,pmc_sitevisitassessment,pmc_assessmentid
GPS,Grant Activity Missing Milestone - Old,FUSION,pmc_sitevisitassessment,pmc_assessmentid
FUSION,Site Visit Assessment,FUSION,pmc_sitevisitassessment,pmc_assessmentrating
FUSION,Site Visit Assessment,FUSION,pmc_sitevisitassessment,pmc_assessmentratingname
FUSION,Site Visit Assessment,FUSION,pmc_sitevisitassessment,pmc_assessor
FUSION,Site Visit Assessment,FUSION,pmc_sitevisitassessment,pmc_assessorname
FUSION,Site Visit Assessment,FUSION,pmc_sitevisitassessment,pmc_assessoroffice
FUSION,Site Visit Assessment,FUSION,pmc_sitevisitassessment,pmc_attendedsitevisitsname
FUSION,Site Visit Assessment,FUSION,pmc_sitevisitassessment,pmc_consultationundertakenname
FUSION,Site Visit Assessment,FUSION,pmc_sitevisitassessment,pmc_currentara
FUSION,Site Visit Assessment,FUSION,pmc_sitevisitassessment,pmc_currentaraname
FUSION,Site Visit Assessment,FUSION,pmc_sitevisitassessment,pmc_description
FUSION,Site Visit Assessment,FUSION,pmc_sitevisitassessment,pmc_documentlinks
FUSION,Site Visit Assessment,FUSION,pmc_sitevisitassessment,pmc_findings
FUSION,Site Visit Assessment,FUSION,pmc_sitevisitassessment,pmc_gpsupdatesfinalisedon
FUSION,Site Visit Assessment,FUSION,pmc_sitevisitassessment,pmc_grantactivity
GPS,Grant Activity Missing Milestone - Old,FUSION,pmc_sitevisitassessment,pmc_grantactivity
GPS,Grant Activity Missing Milestone,FUSION,pmc_sitevisitassessment,pmc_grantactivity
FUSION,Site Visit Assessment,FUSION,pmc_sitevisitassessment,pmc_grantactivityname
FUSION,Site Visit Assessment,FUSION,pmc_sitevisitassessment,pmc_isrevertedname
FUSION,Site Visit Assessment,FUSION,pmc_sitevisitassessment,pmc_milestonecompletedname
FUSION,Site Visit Assessment,FUSION,pmc_sitevisitassessment,pmc_name
FUSION,Site Visit Assessment,FUSION,pmc_sitevisitassessment,pmc_notifiedon
FUSION,Site Visit Assessment,FUSION,pmc_sitevisitassessment,pmc_organisation
FUSION,Site Visit Assessment,FUSION,pmc_sitevisitassessment,pmc_organisationname
FUSION,Site Visit Assessment,FUSION,pmc_sitevisitassessment,pmc_processstage
FUSION,Site Visit Assessment,FUSION,pmc_sitevisitassessment,pmc_revertreason
FUSION,Site Visit Assessment,FUSION,pmc_sitevisitassessment,pmc_reviewedacquittalsname
FUSION,Site Visit Assessment,FUSION,pmc_sitevisitassessment,pmc_reviewedexistingactionitemsname
FUSION,Site Visit Assessment,FUSION,pmc_sitevisitassessment,pmc_reviewedlatestpraandkpisname
FUSION,Site Visit Assessment,FUSION,pmc_sitevisitassessment,pmc_scheduledsitevisitsname
FUSION,Site Visit Assessment,FUSION,pmc_sitevisitassessment,pmc_sitevisitassessmentid
FUSION,Site Visit Assessment,FUSION,pmc_sitevisitassessment,pmc_sitevisitmilestone
GPS,Grant Activity Missing Milestone,FUSION,pmc_sitevisitassessment,pmc_sitevisitmilestone
GPS,Grant Activity Missing Milestone - Old,FUSION,pmc_sitevisitassessment,pmc_sitevisitmilestone
GPS,Grant Activity Missing Milestone - Old,FUSION,pmc_sitevisitassessment,pmc_sitevisitmilestonename
GPS,Grant Activity Missing Milestone,FUSION,pmc_sitevisitassessment,pmc_sitevisitmilestonename
FUSION,Site Visit Assessment,FUSION,pmc_sitevisitassessment,pmc_sitevisitmilestonename
FUSION,Site Visit Assessment,FUSION,pmc_sitevisitassessment,pmc_sitevisitreportapprovedname
FUSION,Site Visit Assessment,FUSION,pmc_sitevisitassessment,pmc_sitevisitreportslinkedname
FUSION,Site Visit Assessment,FUSION,pmc_sitevisitassessment,pmc_summaryreportsenttoprovidername
FUSION,Site Visit Assessment,FUSION,pmc_sitevisitassessment,statecodename
FUSION,Site Visit Assessment,FUSION,pmc_sitevisitassessment,statuscodename
GPS,Grant Activity Missing Milestone,FUSION,pmc_sitevisitassessment,statuscodename
GPS,Grant Activity Missing Milestone - Old,FUSION,pmc_sitevisitassessment,statuscodename
GeoASGS,SED 2022 AUST,GeoASGS,SED_2022_AUST_GDA2020_Simplified,qgs_fid
GeoASGS,SED 2022 AUST,GeoASGS,SED_2022_AUST_GDA2020_Simplified,SED_CODE_2022
GeoASGS,SED 2022 AUST,GeoASGS,SED_2022_AUST_GDA2020_Simplified,SED_NAME_2022
GeoASGS,SED 2022 AUST,GeoASGS,SED_2022_AUST_GDA2020_Simplified,STATE_CODE_2021
GeoASGS,SED 2022 AUST,GeoASGS,SED_2022_AUST_GDA2020_Simplified,STATE_NAME_2021
GeoASGS,SED 2022 AUST,GeoASGS,SED_2022_AUST_GDA2020_Simplified,AUS_CODE_2021
GeoASGS,SED 2022 AUST,GeoASGS,SED_2022_AUST_GDA2020_Simplified,AUS_NAME_2021
GeoASGS,SED 2022 AUST,GeoASGS,SED_2022_AUST_GDA2020_Simplified,AREA_ALBERS_SQKM
GeoASGS,SED 2022 AUST,GeoASGS,SED_2022_AUST_GDA2020_Simplified,ASGS_LOCI_URI_2021
CRM,Interaction,CRM,appointment_etlgeocode,Address Hashkey
CRM,Interaction,CRM,appointment_etlgeocode,Address Formatted From Geocode
CRM,Interaction,CRM,appointment_etlgeocode,Mesh Block Code 2021
FUSION,Opportunity - Framework Code,FUSION,pmc_opportunity_rel_activityframeworkcode,opportunityid
FUSION,Opportunity - Framework Code,FUSION,pmc_opportunity_rel_activityframeworkcode,pmc_activityframeworkcodeid
NDIA,NDIS Funding by Individual,NDIA,P1_Geocode,Address Hashkey
NDIA,Disability Funding - obsolete,NDIA,P1_Geocode,Address Hashkey
NDIA,Disability Funding - obsolete,NDIA,P1_Geocode,Address Latitude
NDIA,NDIS Funding by Individual,NDIA,P1_Geocode,Address Latitude
NDIA,NDIS Funding by Individual,NDIA,P1_Geocode,Address Longitude
NDIA,Disability Funding - obsolete,NDIA,P1_Geocode,Address Longitude
Qualtrics,RangersSurveyResults_2026,Qualtrics,QualtricsSurveyResponseAnswer,SurveyId
Qualtrics,RangersSurveyResults_2025,Qualtrics,QualtricsSurveyResponseAnswer,SurveyId
Qualtrics,RangersSurveyResults_2025,Qualtrics,QualtricsSurveyResponseAnswer,ResponseId
Qualtrics,RangersSurveyResults_2026,Qualtrics,QualtricsSurveyResponseAnswer,ResponseId
Qualtrics,RangersSurveyResults_2026,Qualtrics,QualtricsSurveyResponseAnswer,ExternalReference
Qualtrics,RangersSurveyResults_2025,Qualtrics,QualtricsSurveyResponseAnswer,ExternalReference
Qualtrics,RangersSurveyResults_2025,Qualtrics,QualtricsSurveyResponseAnswer,ExportColumnPosition
Qualtrics,RangersSurveyResults_2026,Qualtrics,QualtricsSurveyResponseAnswer,ExportColumnPosition
Qualtrics,RangersSurveyResults_2026,Qualtrics,QualtricsSurveyResponseAnswer,ExportColumnName
Qualtrics,RangersSurveyResults_2025,Qualtrics,QualtricsSurveyResponseAnswer,ExportColumnName
Qualtrics,RangersSurveyResults_2025,Qualtrics,QualtricsSurveyResponseAnswer,QuestionId
Qualtrics,RangersSurveyResults_2026,Qualtrics,QualtricsSurveyResponseAnswer,QuestionId
Qualtrics,RangersSurveyResults_2026,Qualtrics,QualtricsSurveyResponseAnswer,QuestionText
Qualtrics,RangersSurveyResults_2025,Qualtrics,QualtricsSurveyResponseAnswer,QuestionText
Qualtrics,RangersSurveyResults_2025,Qualtrics,QualtricsSurveyResponseAnswer,AnswerLabel
Qualtrics,RangersSurveyResults_2026,Qualtrics,QualtricsSurveyResponseAnswer,AnswerLabel
Qualtrics,RangersSurveyResults_2026,Qualtrics,QualtricsSurveyResponseAnswer,AnswerValue
Qualtrics,RangersSurveyResults_2025,Qualtrics,QualtricsSurveyResponseAnswer,AnswerValue
Qualtrics,RangersSurveyResults_2025,Qualtrics,QualtricsSurveyResponseAnswer,EtlCreatedDateTime
Qualtrics,RangersSurveyResults_2026,Qualtrics,QualtricsSurveyResponseAnswer,EtlCreatedDateTime
FUSION,Ceasing Activity Risk Assessment,FUSION,Activity Risk Assessment,Activity Risk Assessment Id
FUSION,Activity Risk History,FUSION,Activity Risk Assessment,Activity Risk Assessment Id
FUSION,Grant Application Risk Assessment,FUSION,Activity Risk Assessment,Activity Risk Assessment Id
FUSION,Grant Application Risk Assessment,FUSION,Activity Risk Assessment,Grant Application Id
FUSION,Ceasing Activity Risk Assessment,FUSION,Activity Risk Assessment,Ceasing Activity Assessment Id
FUSION,Ceasing Activity Risk Assessment,FUSION,Activity Risk Assessment,Grant Activity Id
FUSION,Ceasing Activity Risk Assessment,FUSION,Activity Risk Assessment,Activity Risk Level
FUSION,Grant Application Risk Assessment,FUSION,Activity Risk Assessment,Activity Risk Level
FUSION,Grant Application Risk Assessment,FUSION,Activity Risk Assessment,Activity Risk Status
FUSION,Ceasing Activity Risk Assessment,FUSION,Activity Risk Assessment,Activity Risk Status
FUSION,Ceasing Activity Risk Assessment,FUSION,Activity Risk Assessment,Activity Start Date
FUSION,Grant Application Risk Assessment,FUSION,Activity Risk Assessment,Activity Start Date
FUSION,Grant Application Risk Assessment,FUSION,Activity Risk Assessment,Activity End Date
FUSION,Ceasing Activity Risk Assessment,FUSION,Activity Risk Assessment,Activity End Date
FUSION,Ceasing Activity Risk Assessment,FUSION,Activity Risk Assessment,Annualised Funding
FUSION,Grant Application Risk Assessment,FUSION,Activity Risk Assessment,Annualised Funding
FUSION,Grant Application Risk Assessment,FUSION,Activity Risk Assessment,Duration
FUSION,Ceasing Activity Risk Assessment,FUSION,Activity Risk Assessment,Duration
FUSION,Grant Application Risk Assessment,FUSION,Activity Risk Assessment,Finalised Date
FUSION,Grant Application Risk Assessment,FUSION,Activity Risk Assessment,Finalised By
FUSION,Grant Application Risk Assessment,FUSION,Activity Risk Assessment,Funding Decision Id
FUSION,Grant Application Risk Assessment,FUSION,Activity Risk Assessment,GARP Risk Rating
FUSION,Ceasing Activity Risk Assessment,FUSION,Activity Risk Assessment,GARP Risk Rating
FUSION,Ceasing Activity Risk Assessment,FUSION,Activity Risk Assessment,GARP Risk Rating Calculated
FUSION,Grant Application Risk Assessment,FUSION,Activity Risk Assessment,GARP Risk Rating Calculated
FUSION,Grant Application Risk Assessment,FUSION,Activity Risk Assessment,GARP Risk Review Date
FUSION,Ceasing Activity Risk Assessment,FUSION,Activity Risk Assessment,GARP Risk Review Date
FUSION,Ceasing Activity Risk Assessment,FUSION,Activity Risk Assessment,GARP Risk Review Date Calculated
FUSION,Grant Application Risk Assessment,FUSION,Activity Risk Assessment,GARP Risk Review Date Calculated
FUSION,Grant Application Risk Assessment,FUSION,Activity Risk Assessment,Indicative Risk History Id
FUSION,Ceasing Activity Risk Assessment,FUSION,Activity Risk Assessment,Indicative Risk History Id
FUSION,Ceasing Activity Risk Assessment,FUSION,Activity Risk Assessment,Indicative Risk History
FUSION,Grant Application Risk Assessment,FUSION,Activity Risk Assessment,Indicative Risk History
FUSION,Grant Application Risk Assessment,FUSION,Activity Risk Assessment,Managing Office Notified
FUSION,Ceasing Activity Risk Assessment,FUSION,Activity Risk Assessment,Managing Office Notified
FUSION,Ceasing Activity Risk Assessment,FUSION,Activity Risk Assessment,Managing Office Notified By
FUSION,Grant Application Risk Assessment,FUSION,Activity Risk Assessment,Managing Office Notified By
FUSION,Grant Application Risk Assessment,FUSION,Activity Risk Assessment,Managing Office Notified Date
FUSION,Ceasing Activity Risk Assessment,FUSION,Activity Risk Assessment,Managing Office Notified Date
FUSION,Ceasing Activity Risk Assessment,FUSION,Activity Risk Assessment,Name
FUSION,Grant Application Risk Assessment,FUSION,Activity Risk Assessment,Name
FUSION,Grant Application Risk Assessment,FUSION,Activity Risk Assessment,Nature Of Activity
FUSION,Ceasing Activity Risk Assessment,FUSION,Activity Risk Assessment,Nature Of Activity
FUSION,Ceasing Activity Risk Assessment,FUSION,Activity Risk Assessment,Organisation Id
FUSION,Grant Application Risk Assessment,FUSION,Activity Risk Assessment,Organisation Id
FUSION,Grant Application Risk Assessment,FUSION,Activity Risk Assessment,Organisation
FUSION,Ceasing Activity Risk Assessment,FUSION,Activity Risk Assessment,Organisation
FUSION,Ceasing Activity Risk Assessment,FUSION,Activity Risk Assessment,Override Actioner
FUSION,Grant Application Risk Assessment,FUSION,Activity Risk Assessment,Override Actioner
FUSION,Grant Application Risk Assessment,FUSION,Activity Risk Assessment,Override Date
FUSION,Ceasing Activity Risk Assessment,FUSION,Activity Risk Assessment,Override Date
FUSION,Ceasing Activity Risk Assessment,FUSION,Activity Risk Assessment,Override Reason
FUSION,Grant Application Risk Assessment,FUSION,Activity Risk Assessment,Override Reason
FUSION,Grant Application Risk Assessment,FUSION,Activity Risk Assessment,Perform Action Date
FUSION,Ceasing Activity Risk Assessment,FUSION,Activity Risk Assessment,Perform Action Date
FUSION,Ceasing Activity Risk Assessment,FUSION,Activity Risk Assessment,Perform Action Risk Level
FUSION,Grant Application Risk Assessment,FUSION,Activity Risk Assessment,Perform Action Risk Level
FUSION,Grant Application Risk Assessment,FUSION,Activity Risk Assessment,Perform Action Text
FUSION,Ceasing Activity Risk Assessment,FUSION,Activity Risk Assessment,Perform Action Text
FUSION,Ceasing Activity Risk Assessment,FUSION,Activity Risk Assessment,Perform Action User
FUSION,Grant Application Risk Assessment,FUSION,Activity Risk Assessment,Perform Action User
FUSION,Grant Application Risk Assessment,FUSION,Activity Risk Assessment,Perform Calculation
FUSION,Ceasing Activity Risk Assessment,FUSION,Activity Risk Assessment,Perform Calculation
FUSION,Grant Application Risk Assessment,FUSION,Activity Risk Assessment,Perform Withdrawn
FUSION,Grant Application Risk Assessment,FUSION,Activity Risk Assessment,Recipient Notified
FUSION,Grant Application Risk Assessment,FUSION,Activity Risk Assessment,Recipient Notified By
FUSION,Grant Application Risk Assessment,FUSION,Activity Risk Assessment,Recipient Notified Date
FUSION,Grant Application Risk Assessment,FUSION,Activity Risk Assessment,Risk Exemption Reason
FUSION,Grant Application Risk Assessment,FUSION,Activity Risk Assessment,Risk Assessment Type
FUSION,Ceasing Activity Risk Assessment,FUSION,Activity Risk Assessment,Risk Assessment Type
FUSION,Ceasing Activity Risk Assessment,FUSION,Activity Risk Assessment,Risk Consequence
FUSION,Grant Application Risk Assessment,FUSION,Activity Risk Assessment,Risk Consequence
FUSION,Grant Application Risk Assessment,FUSION,Activity Risk Assessment,Risk Level Date
FUSION,Ceasing Activity Risk Assessment,FUSION,Activity Risk Assessment,Risk Level Date
FUSION,Ceasing Activity Risk Assessment,FUSION,Activity Risk Assessment,Risk Likelihood
FUSION,Grant Application Risk Assessment,FUSION,Activity Risk Assessment,Risk Likelihood
FUSION,Grant Application Risk Assessment,FUSION,Activity Risk Assessment,Risk Parent Type
FUSION,Ceasing Activity Risk Assessment,FUSION,Activity Risk Assessment,Risk Parent Type
FUSION,Ceasing Activity Risk Assessment,FUSION,Activity Risk Assessment,Run Function
FUSION,Grant Application Risk Assessment,FUSION,Activity Risk Assessment,Run Function
FUSION,Grant Application Risk Assessment,FUSION,Activity Risk Assessment,Total Funding Amount
FUSION,Ceasing Activity Risk Assessment,FUSION,Activity Risk Assessment,Total Funding Amount
FUSION,Ceasing Activity Risk Assessment,FUSION,Activity Risk Assessment,Total Funding Status
FUSION,Grant Application Risk Assessment,FUSION,Activity Risk Assessment,Total Funding Status
FUSION,Grant Application Risk Assessment,FUSION,Activity Risk Assessment,State
FUSION,Grant Application Risk Assessment,FUSION,Activity Risk Assessment,Status
FUSION,Ceasing Activity Risk Assessment,FUSION,Activity Risk Assessment,Status
ESS,ESAM Users,ESS,SUB863_EBIW_ESAM_USERS_NIAA,EXTRACT_DATE
ESS,ESAM Users,ESS,SUB863_EBIW_ESAM_USERS_NIAA,COREIDENTITYID
ESS,ESAM Users,ESS,SUB863_EBIW_ESAM_USERS_NIAA,USERAPPLICATIONACCOUNTID
ESS,ESAM Users,ESS,SUB863_EBIW_ESAM_USERS_NIAA,ESS_USER_ID
ESS,IEP Grant Activity,ESS,SUB863_EBIW_ESAM_USERS_NIAA,ESS_USER_ID
ESS,IEP Activity,ESS,SUB863_EBIW_ESAM_USERS_NIAA,ESS_USER_ID
ESS,FUSION IEP Activity,ESS,SUB863_EBIW_ESAM_USERS_NIAA,ESS_USER_ID
ESS,IEP Activity Obsolete,ESS,SUB863_EBIW_ESAM_USERS_NIAA,ESS_USER_ID
ESS,IEP Activity Obsolete,ESS,SUB863_EBIW_ESAM_USERS_NIAA,FIRST_GIVEN_NAME
ESS,FUSION IEP Activity,ESS,SUB863_EBIW_ESAM_USERS_NIAA,FIRST_GIVEN_NAME
ESS,IEP Activity,ESS,SUB863_EBIW_ESAM_USERS_NIAA,FIRST_GIVEN_NAME
ESS,IEP Grant Activity,ESS,SUB863_EBIW_ESAM_USERS_NIAA,FIRST_GIVEN_NAME
ESS,ESAM Users,ESS,SUB863_EBIW_ESAM_USERS_NIAA,FIRST_GIVEN_NAME
ESS,ESAM Users,ESS,SUB863_EBIW_ESAM_USERS_NIAA,FAMILY_NAME
ESS,IEP Grant Activity,ESS,SUB863_EBIW_ESAM_USERS_NIAA,FAMILY_NAME
ESS,IEP Activity,ESS,SUB863_EBIW_ESAM_USERS_NIAA,FAMILY_NAME
ESS,FUSION IEP Activity,ESS,SUB863_EBIW_ESAM_USERS_NIAA,FAMILY_NAME
ESS,IEP Activity Obsolete,ESS,SUB863_EBIW_ESAM_USERS_NIAA,FAMILY_NAME
ESS,IEP Activity Obsolete,ESS,SUB863_EBIW_ESAM_USERS_NIAA,EMAIL_ADDRESS
ESS,FUSION IEP Activity,ESS,SUB863_EBIW_ESAM_USERS_NIAA,EMAIL_ADDRESS
ESS,IEP Activity,ESS,SUB863_EBIW_ESAM_USERS_NIAA,EMAIL_ADDRESS
ESS,IEP Grant Activity,ESS,SUB863_EBIW_ESAM_USERS_NIAA,EMAIL_ADDRESS
ESS,ESAM Users,ESS,SUB863_EBIW_ESAM_USERS_NIAA,EMAIL_ADDRESS
ESS,ESAM Users,ESS,SUB863_EBIW_ESAM_USERS_NIAA,CI_ENABLED_FLAG
ESS,ESAM Users,ESS,SUB863_EBIW_ESAM_USERS_NIAA,UAA_ENABLED_FLAG
ESS,ESAM Users,ESS,SUB863_EBIW_ESAM_USERS_NIAA,CREATED_ON
ESS,IEP Activity,ESS,SUB863_EBIW_ESAM_USERS_NIAA,CREATED_ON
ESS,IEP Activity Obsolete,ESS,SUB863_EBIW_ESAM_USERS_NIAA,CREATED_ON
ESS,ESAM Users,ESS,SUB863_EBIW_ESAM_USERS_NIAA,LAST_LOGGED_ON
ESS,ESAM Users,ESS,SUB863_EBIW_ESAM_USERS_NIAA,MANAGEMENT_PERMISSION
ESS,ESAM Users,ESS,SUB863_EBIW_ESAM_USERS_NIAA,ORG
ESS,IEP Activity,ESS,SUB863_EBIW_ESAM_USERS_NIAA,ORG
ESS,IEP Activity Obsolete,ESS,SUB863_EBIW_ESAM_USERS_NIAA,ORG
ESS,ESAM Users,ESS,SUB863_EBIW_ESAM_USERS_NIAA,SITE
ESS,ESAM Users,ESS,SUB863_EBIW_ESAM_USERS_NIAA,BASE_ROLE
ESS,ESAM Users,ESS,SUB863_EBIW_ESAM_USERS_NIAA,CONTRACT_ROLE
ESS,ESAM Users,ESS,SUB863_EBIW_ESAM_USERS_NIAA,GENERAL_ROLE
ESS,ESAM Users,ESS,SUB863_EBIW_ESAM_USERS_NIAA,REPORTING_ROLE
ESS,ESAM Users,ESS,SUB863_EBIW_ESAM_USERS_NIAA,ESS_ACTIVE_FLAG
ESS,IEP Activity,ESS,SUB863_EBIW_ESAM_USERS_NIAA,ESS_ACTIVE_FLAG
ESS,IEP Activity Obsolete,ESS,SUB863_EBIW_ESAM_USERS_NIAA,ESS_ACTIVE_FLAG
ESS,ESAM Users,ESS,SUB863_EBIW_ESAM_USERS_NIAA,CI_STATUS
ESS,ESAM Users,ESS,SUB863_EBIW_ESAM_USERS_NIAA,UAA_STATUS
ESS,ESAM Users,ESS,SUB863_EBIW_ESAM_USERS_NIAA,PREFERRED_NAME
ESS,ESAM Users,ESS,SUB863_EBIW_ESAM_USERS_NIAA,ESS File Processed Date
CRM,Interaction,CRM,appointment_etltransform,activityid
CRM,Appointments,CRM,appointment_etltransform,activityid
CRM,Appointments,CRM,appointment_etltransform,description
CRM,Interaction,CRM,appointment_etltransform,description
IPP,Reporting PIT Fact,IPP,audit_reporting_pmc_purchases,objecttypecode
IPP,Reporting PIT Fact,IPP,audit_reporting_pmc_purchases,objectid
IPP,Reporting PIT Fact,IPP,audit_reporting_pmc_purchases,pmc_agencyawardingthecontract
IPP,Reporting PIT Fact,IPP,audit_reporting_pmc_purchases,pmc_confirmedasindigenousbusiness
IPP,Reporting PIT Fact,IPP,audit_reporting_pmc_purchases,pmc_contractenddate
IPP,Reporting PIT Fact,IPP,audit_reporting_pmc_purchases,pmc_contractstartdate
IPP,Reporting PIT Fact,IPP,audit_reporting_pmc_purchases,pmc_contracttype
IPP,Reporting PIT Fact,IPP,audit_reporting_pmc_purchases,pmc_contractvalue
IPP,Reporting PIT Fact,IPP,audit_reporting_pmc_purchases,pmc_goodsservicescategory
IPP,Reporting PIT Fact,IPP,audit_reporting_pmc_purchases,pmc_remotecontract
IPP,Reporting PIT Fact,IPP,audit_reporting_pmc_purchases,pmc_supplierabn
IPP,Reporting PIT Fact,IPP,audit_reporting_pmc_purchases,pmc_suppliername
IPP,Reporting PIT Fact,IPP,audit_reporting_pmc_purchases,datefrom
IPP,Reporting PIT Fact,IPP,audit_reporting_pmc_purchases,dateto
ESS,RAES Payment,ESS,SUB814S_JOBSEEKER_NIAA,EFFECTIVE_START_DATE
ESS,Job Seeker History,ESS,SUB814S_JOBSEEKER_NIAA,EFFECTIVE_START_DATE
ESS,CDP Claim,ESS,SUB814S_JOBSEEKER_NIAA,EFFECTIVE_START_DATE
ESS,CDP Vacancy Referral,ESS,SUB814S_JOBSEEKER_NIAA,EFFECTIVE_START_DATE
ESS,RAES Vacancy Referral,ESS,SUB814S_JOBSEEKER_NIAA,EFFECTIVE_START_DATE
ESS,RAES Vacancy Referral,ESS,SUB814S_JOBSEEKER_NIAA,EFFECTIVE_END_DATE
ESS,CDP Vacancy Referral,ESS,SUB814S_JOBSEEKER_NIAA,EFFECTIVE_END_DATE
ESS,CDP Claim,ESS,SUB814S_JOBSEEKER_NIAA,EFFECTIVE_END_DATE
ESS,Job Seeker History,ESS,SUB814S_JOBSEEKER_NIAA,EFFECTIVE_END_DATE
ESS,RAES Payment,ESS,SUB814S_JOBSEEKER_NIAA,EFFECTIVE_END_DATE
ESS,RAES Payment,ESS,SUB814S_JOBSEEKER_NIAA,JOB_SEEKER_ID
ESS,Job Seeker History,ESS,SUB814S_JOBSEEKER_NIAA,JOB_SEEKER_ID
ESS,CDP Claim,ESS,SUB814S_JOBSEEKER_NIAA,JOB_SEEKER_ID
ESS,CDP Vacancy Referral,ESS,SUB814S_JOBSEEKER_NIAA,JOB_SEEKER_ID
ESS,RAES Vacancy Referral,ESS,SUB814S_JOBSEEKER_NIAA,JOB_SEEKER_ID
ESS,RAES Vacancy Referral,ESS,SUB814S_JOBSEEKER_NIAA,BIRTH_DATE
ESS,CDP Vacancy Referral,ESS,SUB814S_JOBSEEKER_NIAA,BIRTH_DATE
ESS,CDP Claim,ESS,SUB814S_JOBSEEKER_NIAA,BIRTH_DATE
ESS,CDP Claim,ESS,SUB814S_JOBSEEKER_NIAA,GENDER_CD
ESS,CDP Vacancy Referral,ESS,SUB814S_JOBSEEKER_NIAA,GENDER_CD
ESS,RAES Vacancy Referral,ESS,SUB814S_JOBSEEKER_NIAA,GENDER_CD
ESS,Job Seeker History,ESS,SUB814S_JOBSEEKER_NIAA,HOME_STATE
ESS,Job Seeker History,ESS,SUB814S_JOBSEEKER_NIAA,RESIDENTIAL_COMMUNITY_CD
ESS,CDP Claim,ESS,SUB814S_JOBSEEKER_NIAA,RESIDENTIAL_COMMUNITY_NAME
ESS,CDP Vacancy Referral,ESS,SUB814S_JOBSEEKER_NIAA,RESIDENTIAL_COMMUNITY_NAME
ESS,RAES Vacancy Referral,ESS,SUB814S_JOBSEEKER_NIAA,RESIDENTIAL_COMMUNITY_NAME
ESS,RAES Payment,ESS,SUB814S_JOBSEEKER_NIAA,RESIDENTIAL_COMMUNITY_NAME
ESS,RAES Payment,ESS,SUB814S_JOBSEEKER_NIAA,POSTAL_COMMUNITY_NAME
ESS,RAES Vacancy Referral,ESS,SUB814S_JOBSEEKER_NIAA,POSTAL_COMMUNITY_NAME
ESS,CDP Vacancy Referral,ESS,SUB814S_JOBSEEKER_NIAA,POSTAL_COMMUNITY_NAME
ESS,CDP Claim,ESS,SUB814S_JOBSEEKER_NIAA,POSTAL_COMMUNITY_NAME
FUSION,Sub Programme,FUSION,pmc_subprogramme,pmc_costcentrecode
FUSION,Sub Programme,FUSION,pmc_subprogramme,pmc_name
FUSION,Sub Programme,FUSION,pmc_subprogramme,pmc_programcomponent
FUSION,Sub Programme,FUSION,pmc_subprogramme,pmc_programcomponentname
FUSION,Sub Programme,FUSION,pmc_subprogramme,pmc_programsubcomponent
FUSION,Sub Programme,FUSION,pmc_subprogramme,pmc_programsubcomponentname
FUSION,Sub Programme,FUSION,pmc_subprogramme,pmc_subprogrammedescription
FUSION,Sub Programme,FUSION,pmc_subprogramme,pmc_subprogrammeid
FUSION,Sub Programme,FUSION,pmc_subprogramme,pmc_subprogrammeidnumber
FUSION,Sub Programme,FUSION,pmc_subprogramme,pmc_subprogrammetitle
FUSION,Sub Programme,FUSION,pmc_subprogramme,statecodename
FUSION,Sub Programme,FUSION,pmc_subprogramme,statuscodename
FUSION,Sub Programme,FUSION,pmc_subprogramme,createdon
FUSION,Sub Programme,FUSION,pmc_subprogramme,modifiedon
FUSION,Ceasing Activity Risk History,FUSION,Activity Risk History,Activity Risk History Id
FUSION,Grant Application Risk History,FUSION,Activity Risk History,Activity Risk History Id
FUSION,Grant Application Risk History,FUSION,Activity Risk History,Activity Risk Assessment Id
FUSION,Ceasing Activity Risk History,FUSION,Activity Risk History,Activity Risk Assessment Id
FUSION,Ceasing Activity Risk History,FUSION,Activity Risk History,Activity Risk Status
FUSION,Grant Application Risk History,FUSION,Activity Risk History,Activity Risk Status
FUSION,Grant Application Risk History,FUSION,Activity Risk History,Annualised Funding
FUSION,Ceasing Activity Risk History,FUSION,Activity Risk History,Annualised Funding
FUSION,Ceasing Activity Risk History,FUSION,Activity Risk History,Change Date
FUSION,Grant Application Risk History,FUSION,Activity Risk History,Change Date
FUSION,Grant Application Risk History,FUSION,Activity Risk History,Changed By
FUSION,Ceasing Activity Risk History,FUSION,Activity Risk History,Changed By
FUSION,Ceasing Activity Risk History,FUSION,Activity Risk History,Duration
FUSION,Grant Application Risk History,FUSION,Activity Risk History,Duration
FUSION,Grant Application Risk History,FUSION,Activity Risk History,GARP Risk Rating
FUSION,Ceasing Activity Risk History,FUSION,Activity Risk History,GARP Risk Rating
FUSION,Ceasing Activity Risk History,FUSION,Activity Risk History,Name
FUSION,Grant Application Risk History,FUSION,Activity Risk History,Name
FUSION,Grant Application Risk History,FUSION,Activity Risk History,Nature Of Activity
FUSION,Ceasing Activity Risk History,FUSION,Activity Risk History,Nature Of Activity
FUSION,Ceasing Activity Risk History,FUSION,Activity Risk History,Risk Consequence
FUSION,Grant Application Risk History,FUSION,Activity Risk History,Risk Consequence
FUSION,Grant Application Risk History,FUSION,Activity Risk History,Risk Level
FUSION,Ceasing Activity Risk History,FUSION,Activity Risk History,Risk Level
FUSION,Ceasing Activity Risk History,FUSION,Activity Risk History,Risk Level Date
FUSION,Grant Application Risk History,FUSION,Activity Risk History,Risk Level Date
FUSION,Grant Application Risk History,FUSION,Activity Risk History,Risk Likelihood
FUSION,Ceasing Activity Risk History,FUSION,Activity Risk History,Risk Likelihood
FUSION,Ceasing Activity Risk History,FUSION,Activity Risk History,Total Funding Amount
FUSION,Grant Application Risk History,FUSION,Activity Risk History,Total Funding Amount
FUSION,Grant Application Risk History,FUSION,Activity Risk History,Total Funding Status
FUSION,Ceasing Activity Risk History,FUSION,Activity Risk History,Total Funding Status
FUSION,Ceasing Activity Risk History,FUSION,Activity Risk History,State
FUSION,Grant Application Risk History,FUSION,Activity Risk History,State
FUSION,Grant Application Risk History,FUSION,Activity Risk History,Status
FUSION,Ceasing Activity Risk History,FUSION,Activity Risk History,Status
FUSION,Site Visit Location,FUSION,pmc_sitevisitlocation,pmc_activitylocation
FUSION,Site Visit Location,FUSION,pmc_sitevisitlocation,pmc_activitylocationname
FUSION,Site Visit Location,FUSION,pmc_sitevisitlocation,pmc_address1citysuburb
FUSION,Site Visit Location,FUSION,pmc_sitevisitlocation,pmc_address1latitude
FUSION,Site Visit Location,FUSION,pmc_sitevisitlocation,pmc_address1line1
FUSION,Site Visit Location,FUSION,pmc_sitevisitlocation,pmc_address1line2
FUSION,Site Visit Location,FUSION,pmc_sitevisitlocation,pmc_address1longitude
FUSION,Site Visit Location,FUSION,pmc_sitevisitlocation,pmc_address1postalcode
FUSION,Site Visit Location,FUSION,pmc_sitevisitlocation,pmc_address1stateterritory
FUSION,Site Visit Location,FUSION,pmc_sitevisitlocation,pmc_appointment
FUSION,Site Visit Location,FUSION,pmc_sitevisitlocation,pmc_appointmentname
FUSION,Site Visit Location,FUSION,pmc_sitevisitlocation,pmc_estlocationattribution
FUSION,Site Visit Location,FUSION,pmc_sitevisitlocation,pmc_locationid
FUSION,Site Visit Location,FUSION,pmc_sitevisitlocation,pmc_locationname
FUSION,Site Visit Location,FUSION,pmc_sitevisitlocation,pmc_name
FUSION,Site Visit Location,FUSION,pmc_sitevisitlocation,pmc_sitevisitassessment
FUSION,Site Visit Location,FUSION,pmc_sitevisitlocation,pmc_sitevisitassessmentname
FUSION,Site Visit Location,FUSION,pmc_sitevisitlocation,pmc_sitevisitlocationid
FUSION,Site Visit Location,FUSION,pmc_sitevisitlocation,pmc_sitevisitlocationstrid
FUSION,Site Visit Location,FUSION,pmc_sitevisitlocation,pmc_sourcelocationtypeid
FUSION,Site Visit Location,FUSION,pmc_sitevisitlocation,pmc_sourcelocationtypeidname
FUSION,Site Visit Location,FUSION,pmc_sitevisitlocation,statecodename
FUSION,Site Visit Location,FUSION,pmc_sitevisitlocation,statuscodename
FUSION,Opportunity Budget Item,FUSION,pmc_opportunitybudgetitem,pmc_costexgst
FUSION,Opportunity Budget Item,FUSION,pmc_opportunitybudgetitem,pmc_description
FUSION,Opportunity Budget Item,FUSION,pmc_opportunitybudgetitem,pmc_itemname
FUSION,Opportunity Budget Item,FUSION,pmc_opportunitybudgetitem,pmc_name
FUSION,Opportunity Budget Item,FUSION,pmc_opportunitybudgetitem,pmc_opportunitybudgetitemid
FUSION,Opportunity Budget Item,FUSION,pmc_opportunitybudgetitem,pmc_opportunityid
FUSION,Opportunity Budget Item,FUSION,pmc_opportunitybudgetitem,pmc_opportunityidname
FUSION,Opportunity Budget Item,FUSION,pmc_opportunitybudgetitem,statuscodename
ABSDataPack,ATSIP SA2 Census Cell,ABSDataPack,SA2 Census Cell,SA2 Census Cell Id
ABSDataPack,ATSIP SA2 Census Cell,ABSDataPack,SA2 Census Cell,Census Cell Descriptor Id
ABSDataPack,ATSIP SA2 Census Cell,ABSDataPack,SA2 Census Cell,SA2 Main Code
ABSDataPack,ATSIP SA2 Census Cell,ABSDataPack,SA2 Census Cell,Cell Value
ESS,IEP Grant Estimated Expenditure FY,ESS,SUB865_RECRUITMENT_SCHEDULE_NIAA,EXTRACT_DATE
ESS,IEP Milestone,ESS,SUB865_RECRUITMENT_SCHEDULE_NIAA,EXTRACT_DATE
ESS,IEP Milestone,ESS,SUB865_RECRUITMENT_SCHEDULE_NIAA,EFFECTIVE_START_DATE
ESS,IEP Grant Estimated Expenditure FY,ESS,SUB865_RECRUITMENT_SCHEDULE_NIAA,EFFECTIVE_START_DATE
ESS,IEP Grant Estimated Expenditure FY,ESS,SUB865_RECRUITMENT_SCHEDULE_NIAA,EFFECTIVE_END_DATE
ESS,IEP Milestone,ESS,SUB865_RECRUITMENT_SCHEDULE_NIAA,EFFECTIVE_END_DATE
ESS,IEP Milestone,ESS,SUB865_RECRUITMENT_SCHEDULE_NIAA,RecruitmentScheduleId
ESS,IEP Grant Estimated Expenditure FY,ESS,SUB865_RECRUITMENT_SCHEDULE_NIAA,RecruitmentScheduleId
ESS,IEP Grant Estimated Expenditure FY,ESS,SUB865_RECRUITMENT_SCHEDULE_NIAA,PlacementGroupId
ESS,IEP Milestone,ESS,SUB865_RECRUITMENT_SCHEDULE_NIAA,PlacementGroupId
ESS,IEP Milestone 1000 Jobs,ESS,SUB865_RECRUITMENT_SCHEDULE_NIAA,PlacementGroupId
ESS,IEP Milestone 1000 Jobs,ESS,SUB865_RECRUITMENT_SCHEDULE_NIAA,ProjectPlacementId
ESS,IEP Milestone 1000 Jobs,ESS,SUB865_RECRUITMENT_SCHEDULE_NIAA,StartDate
ESS,IEP Milestone,ESS,SUB865_RECRUITMENT_SCHEDULE_NIAA,StartDate
ESS,IEP Grant Estimated Expenditure FY,ESS,SUB865_RECRUITMENT_SCHEDULE_NIAA,StartDate
ESS,IEP Milestone 1000 Jobs,ESS,SUB865_RECRUITMENT_SCHEDULE_NIAA,IsActive
GeoASGS,CED 2024 AUST,GeoASGS,CED_2024_AUST_GDA2020_Simplified,qgs_fid
GeoASGS,CED 2024 AUST,GeoASGS,CED_2024_AUST_GDA2020_Simplified,CED_CODE_2024
GeoASGS,CED 2024 AUST,GeoASGS,CED_2024_AUST_GDA2020_Simplified,CED_NAME_2024
GeoASGS,CED 2024 AUST,GeoASGS,CED_2024_AUST_GDA2020_Simplified,STATE_CODE_2021
GeoASGS,CED 2024 AUST,GeoASGS,CED_2024_AUST_GDA2020_Simplified,STATE_NAME_2021
GeoASGS,CED 2024 AUST,GeoASGS,CED_2024_AUST_GDA2020_Simplified,AUS_CODE_2021
GeoASGS,CED 2024 AUST,GeoASGS,CED_2024_AUST_GDA2020_Simplified,AUS_NAME_2021
GeoASGS,CED 2024 AUST,GeoASGS,CED_2024_AUST_GDA2020_Simplified,AREA_ALBERS_SQKM
GeoASGS,CED 2024 AUST,GeoASGS,CED_2024_AUST_GDA2020_Simplified,ASGS_LOCI_URI_2021
FUSION,Ceasing Activity Risk History,FUSION,Ceasing Activity Risk Assessment,Ceasing Activity Risk Assessment Id
FUSION,Activity Linking Table,FUSION,Activity Approval Verification - not linked,AAV Application not linked Id
FUSION,Activity Linking Table,FUSION,Activity Approval Verification - not linked,Organisation Id
FUSION,Activity Linking Table,FUSION,Activity Approval Verification - not linked,Grant Application Id
FUSION,Activity Linking Table,FUSION,Activity Approval Verification - not linked,Ceasing Assessment Id
FUSION,Activity Linking Table,FUSION,Activity Approval Verification - not linked,Grant Activity Id
FUSION,Activity Linking Table,FUSION,Activity Approval Verification - not linked,Opportunity Id
FUSION,Activity Linking Table,FUSION,Activity Approval Verification - not linked,AVR Net Movement
FUSION,Activity Linking Table,FUSION,Activity Approval Verification - not linked,AVR Date
FUSION,Activity Linking Table,FUSION,Activity Approval Verification - not linked,Funding Decision Id
FUSION,Activity Linking Table,FUSION,Activity Approval Verification - not linked,Parent Id
FUSION,Activity Linking Table,FUSION,Activity Approval Verification - not linked,Parent Record Id
FUSION,Organisation Current Risk Profile,FUSION,Organisation Risk Profile,Organisation Risk Profile Id
FUSION,Organisation Current Risk Profile,FUSION,Organisation Risk Profile,Latest ORP
FUSION,Organisation Current Risk Profile,FUSION,Organisation Risk Profile,Previous Risk Rating
FUSION,Organisation Current Risk Profile,FUSION,Organisation Risk Profile,Risk Profile Number
FUSION,Organisation Current Risk Profile,FUSION,Organisation Risk Profile,Risk Rating
GeoASGS,STE 2021 AUST,GeoASGS,STE_2021_AUST_GDA2020_Simplified,qgs_fid
GeoASGS,SED 2022 AUST WKT,GeoASGS,STE_2021_AUST_GDA2020_Simplified,qgs_fid
GeoASGS,STE 2021 AUST WKT,GeoASGS,STE_2021_AUST_GDA2020_Simplified,qgs_fid
GeoASGS,STE 2021 AUST WKT,GeoASGS,STE_2021_AUST_GDA2020_Simplified,geom
GeoASGS,SED 2022 AUST WKT,GeoASGS,STE_2021_AUST_GDA2020_Simplified,geom
GeoASGS,STE 2021 AUST,GeoASGS,STE_2021_AUST_GDA2020_Simplified,STATE_CODE_2021
GeoASGS,STE 2021 AUST,GeoASGS,STE_2021_AUST_GDA2020_Simplified,STATE_NAME_2021
GeoASGS,STE 2021 AUST,GeoASGS,STE_2021_AUST_GDA2020_Simplified,CHANGE_FLAG_2021
GeoASGS,STE 2021 AUST,GeoASGS,STE_2021_AUST_GDA2020_Simplified,CHANGE_LABEL_2021
GeoASGS,STE 2021 AUST,GeoASGS,STE_2021_AUST_GDA2020_Simplified,AUS_CODE_2021
GeoASGS,STE 2021 AUST,GeoASGS,STE_2021_AUST_GDA2020_Simplified,AUS_NAME_2021
GeoASGS,STE 2021 AUST,GeoASGS,STE_2021_AUST_GDA2020_Simplified,AREA_ALBERS_SQKM
GeoASGS,STE 2021 AUST,GeoASGS,STE_2021_AUST_GDA2020_Simplified,ASGS_LOCI_URI_2021
GPS,Grant Activity Performance Item,Forms_PPR,PPR Overall Result History,PPR Result History Id
ESS,Performance Report Assessment,Forms_PPR,PPR Overall Result History,PPR Result History Id
ESS,Grant Activity Performance,Forms_PPR,PPR Overall Result History,PPR Result History Id
GPS,Grant Activity Missing Milestone,Forms_PPR,PPR Overall Result History,PPR Result History Id
ESS,Grant Activity KPI Assessment,Forms_PPR,PPR Overall Result History,PPR Result History Id
ESS,Grant Activity KPI Assessment,Forms_PPR,PPR Overall Result History,PPR Id
GPS,Grant Activity Performance Item,Forms_PPR,PPR Overall Result History,PPR Id
GPS,Grant Activity Performance Item,Forms_PPR,PPR Overall Result History,PPR Label
ESS,Performance Report Assessment,Forms_PPR,PPR Overall Result History,PPR Label
ESS,Grant Activity Performance,Forms_PPR,PPR Overall Result History,PPR Label
ESS,Grant Activity Performance,Forms_PPR,PPR Overall Result History,Activity Id
GPS,Grant Activity Performance Item,Forms_PPR,PPR Overall Result History,Activity Id
GPS,Grant Activity Missing Milestone,Forms_PPR,PPR Overall Result History,Activity Id
GPS,Grant Activity Missing Milestone,Forms_PPR,PPR Overall Result History,Grant Activity Id
ESS,Performance Report Assessment,Forms_PPR,PPR Overall Result History,Grant Activity Id
ESS,Performance Report Assessment,Forms_PPR,PPR Overall Result History,Organisation Code
GPS,Grant Activity Performance Item,Forms_PPR,PPR Overall Result History,Organisation Code
ESS,Grant Activity KPI Assessment,Forms_PPR,PPR Overall Result History,Organisation Code
ESS,Grant Activity KPI Assessment,Forms_PPR,PPR Overall Result History,Region Code
GPS,Grant Activity Performance Item,Forms_PPR,PPR Overall Result History,Region Code
ESS,Performance Report Assessment,Forms_PPR,PPR Overall Result History,Region Code
ESS,Grant Activity Performance,Forms_PPR,PPR Overall Result History,Region Code
ESS,Grant Activity Performance,Forms_PPR,PPR Overall Result History,PPR Start Date
GPS,Grant Activity Missing Milestone,Forms_PPR,PPR Overall Result History,PPR Start Date
GPS,Grant Activity Missing Milestone,Forms_PPR,PPR Overall Result History,PPR End Date
ESS,Grant Activity Performance,Forms_PPR,PPR Overall Result History,PPR End Date
ESS,Performance Report Assessment,Forms_PPR,PPR Overall Result History,PPR End Date
ESS,Grant Activity Performance,Forms_PPR,PPR Overall Result History,Result
ESS,Grant Activity Performance,Forms_PPR,PPR Overall Result History,Result Range Description
ESS,Performance Report Assessment,Forms_PPR,PPR Overall Result History,PPA Result
NIAA,Fleet Vehicle Test,NIAA,SA Fleet Detail,Trip_Id
NIAA,Fleet Vehicle Test,NIAA,SA Fleet Detail,Vehicle
NIAA,Fleet Vehicle Test,NIAA,SA Fleet Detail,Registration
NIAA,Fleet Vehicle Test,NIAA,SA Fleet Detail,VehicleGroup
NIAA,Fleet Vehicle Test,NIAA,SA Fleet Detail,ActivityDate
NIAA,Fleet Vehicle Test,NIAA,SA Fleet Detail,EventType
NIAA,Fleet Vehicle Test,NIAA,SA Fleet Detail,EventTime
NIAA,Fleet Vehicle Test,NIAA,SA Fleet Detail,TripDistance
NIAA,Fleet Vehicle Test,NIAA,SA Fleet Detail,TripUnit
NIAA,Fleet Vehicle Test,NIAA,SA Fleet Detail,OnSiteTime
NIAA,Fleet Vehicle Test,NIAA,SA Fleet Detail,HDOP
NIAA,Fleet Vehicle Test,NIAA,SA Fleet Detail,NumSatellites
NIAA,Fleet Vehicle Test,NIAA,SA Fleet Detail,Channel
NIAA,Fleet Vehicle Test,NIAA,SA Fleet Detail,Location
NIAA,Fleet Vehicle Test,NIAA,SA Fleet Detail,Latitude
NIAA,Fleet Vehicle Test,NIAA,SA Fleet Detail,Longitude
FUSION,Engagement Outcome,FUSION,pmc_engagementoutcome,pmc_description
FUSION,Engagement Outcome,FUSION,pmc_engagementoutcome,pmc_engagement
FUSION,Engagement Outcome,FUSION,pmc_engagementoutcome,pmc_engagementname
FUSION,Engagement Outcome,FUSION,pmc_engagementoutcome,pmc_engagementoutcomeid
FUSION,Engagement Outcome,FUSION,pmc_engagementoutcome,pmc_engagementoutcometypename
FUSION,Engagement Outcome,FUSION,pmc_engagementoutcome,pmc_name
FUSION,Engagement Outcome,FUSION,pmc_engagementoutcome,pmc_opportunityid
FUSION,Engagement Outcome,FUSION,pmc_engagementoutcome,pmc_opportunityidname
FUSION,Engagement Outcome,FUSION,pmc_engagementoutcome,pmc_otheroutcome
FUSION,Engagement Outcome,FUSION,pmc_engagementoutcome,statecodename
FUSION,Engagement Outcome,FUSION,pmc_engagementoutcome,statuscodename
FUSION,Site Visit Assessment Action Item,FUSION,Action Item,Action Item Id
FUSION,Case Assessment Action Item,FUSION,Action Item,Action Item Id
FUSION,Case Assessment Action Item,FUSION,Action Item,Grant Activity Id
FUSION,Site Visit Assessment Action Item,FUSION,Action Item,Grant Activity Id
FUSION,Site Visit Assessment Action Item,FUSION,Action Item,Organisation Id
FUSION,Case Assessment Action Item,FUSION,Action Item,Organisation Id
FUSION,Case Assessment Action Item,FUSION,Action Item,Organisation
FUSION,Site Visit Assessment Action Item,FUSION,Action Item,Organisation
FUSION,Case Assessment Action Item,FUSION,Action Item,Case Id
FUSION,Case Assessment Action Item,FUSION,Action Item,Activity Additional Params
FUSION,Site Visit Assessment Action Item,FUSION,Action Item,Activity Additional Params
FUSION,Site Visit Assessment Action Item,FUSION,Action Item,Description
FUSION,Case Assessment Action Item,FUSION,Action Item,Description
FUSION,Case Assessment Action Item,FUSION,Action Item,Action Item
FUSION,Site Visit Assessment Action Item,FUSION,Action Item,Action Item
FUSION,Site Visit Assessment Action Item,FUSION,Action Item,Action Item Type Id
FUSION,Case Assessment Action Item,FUSION,Action Item,Action Item Type Id
FUSION,Case Assessment Action Item,FUSION,Action Item,Action Item Type
FUSION,Site Visit Assessment Action Item,FUSION,Action Item,Action Item Type
FUSION,Site Visit Assessment Action Item,FUSION,Action Item,Action Item Type Other
FUSION,Case Assessment Action Item,FUSION,Action Item,Action Item Type Other
FUSION,Case Assessment Action Item,FUSION,Action Item,Is Confidential
FUSION,Site Visit Assessment Action Item,FUSION,Action Item,Is Confidential
FUSION,Site Visit Assessment Action Item,FUSION,Action Item,Confidentiality
FUSION,Case Assessment Action Item,FUSION,Action Item,Confidentiality
FUSION,Case Assessment Action Item,FUSION,Action Item,Responsible Party Code
FUSION,Site Visit Assessment Action Item,FUSION,Action Item,Responsible Party Code
FUSION,Site Visit Assessment Action Item,FUSION,Action Item,Responsible Party
FUSION,Case Assessment Action Item,FUSION,Action Item,Responsible Party
FUSION,Case Assessment Action Item,FUSION,Action Item,Responsible Person Id
FUSION,Site Visit Assessment Action Item,FUSION,Action Item,Responsible Person Id
FUSION,Site Visit Assessment Action Item,FUSION,Action Item,Responsible Person
FUSION,Case Assessment Action Item,FUSION,Action Item,Responsible Person
FUSION,Case Assessment Action Item,FUSION,Action Item,Scheduled Start Date
FUSION,Site Visit Assessment Action Item,FUSION,Action Item,Scheduled Start Date
FUSION,Site Visit Assessment Action Item,FUSION,Action Item,Scheduled End Date
FUSION,Case Assessment Action Item,FUSION,Action Item,Scheduled End Date
FUSION,Case Assessment Action Item,FUSION,Action Item,Scheduled Duration Minutes
FUSION,Site Visit Assessment Action Item,FUSION,Action Item,Scheduled Duration Minutes
FUSION,Site Visit Assessment Action Item,FUSION,Action Item,Actual Start Date
FUSION,Case Assessment Action Item,FUSION,Action Item,Actual Start Date
FUSION,Case Assessment Action Item,FUSION,Action Item,Actual End Date
FUSION,Site Visit Assessment Action Item,FUSION,Action Item,Actual End Date
FUSION,Site Visit Assessment Action Item,FUSION,Action Item,Actual Duration Minutes
FUSION,Case Assessment Action Item,FUSION,Action Item,Actual Duration Minutes
FUSION,Case Assessment Action Item,FUSION,Action Item,Community Code
FUSION,Site Visit Assessment Action Item,FUSION,Action Item,Community Code
FUSION,Site Visit Assessment Action Item,FUSION,Action Item,Community
FUSION,Case Assessment Action Item,FUSION,Action Item,Community
FUSION,Case Assessment Action Item,FUSION,Action Item,Customers
FUSION,Site Visit Assessment Action Item,FUSION,Action Item,Customers
FUSION,Site Visit Assessment Action Item,FUSION,Action Item,Delivery Last Attempted On
FUSION,Case Assessment Action Item,FUSION,Action Item,Delivery Last Attempted On
FUSION,Case Assessment Action Item,FUSION,Action Item,Delivery Priority Code
FUSION,Site Visit Assessment Action Item,FUSION,Action Item,Delivery Priority Code
FUSION,Site Visit Assessment Action Item,FUSION,Action Item,Delivery Priority
FUSION,Case Assessment Action Item,FUSION,Action Item,Delivery Priority
FUSION,Case Assessment Action Item,FUSION,Action Item,Instance Type Code
FUSION,Site Visit Assessment Action Item,FUSION,Action Item,Instance Type Code
FUSION,Site Visit Assessment Action Item,FUSION,Action Item,Instance Type
FUSION,Case Assessment Action Item,FUSION,Action Item,Instance Type
FUSION,Case Assessment Action Item,FUSION,Action Item,Is Billed
FUSION,Site Visit Assessment Action Item,FUSION,Action Item,Is Billed
FUSION,Site Visit Assessment Action Item,FUSION,Action Item,Is Mapi Private
FUSION,Case Assessment Action Item,FUSION,Action Item,Is Mapi Private
FUSION,Case Assessment Action Item,FUSION,Action Item,Is Regular Activity
FUSION,Site Visit Assessment Action Item,FUSION,Action Item,Is Regular Activity
FUSION,Site Visit Assessment Action Item,FUSION,Action Item,Is Workflow Created
FUSION,Case Assessment Action Item,FUSION,Action Item,Is Workflow Created
FUSION,Case Assessment Action Item,FUSION,Action Item,Last On Hold Time
FUSION,Site Visit Assessment Action Item,FUSION,Action Item,Last On Hold Time
FUSION,Site Visit Assessment Action Item,FUSION,Action Item,Left Voice Mail
FUSION,Case Assessment Action Item,FUSION,Action Item,Left Voice Mail
FUSION,Case Assessment Action Item,FUSION,Action Item,On Hold Time
FUSION,Site Visit Assessment Action Item,FUSION,Action Item,On Hold Time
FUSION,Site Visit Assessment Action Item,FUSION,Action Item,Optional Attendees
FUSION,Case Assessment Action Item,FUSION,Action Item,Optional Attendees
FUSION,Case Assessment Action Item,FUSION,Action Item,Organizer
FUSION,Site Visit Assessment Action Item,FUSION,Action Item,Organizer
FUSION,Site Visit Assessment Action Item,FUSION,Action Item,Partners
FUSION,Case Assessment Action Item,FUSION,Action Item,Partners
FUSION,Case Assessment Action Item,FUSION,Action Item,Postpone Until Date
FUSION,Site Visit Assessment Action Item,FUSION,Action Item,Postpone Until Date
FUSION,Site Visit Assessment Action Item,FUSION,Action Item,Priority Code
FUSION,Case Assessment Action Item,FUSION,Action Item,Priority Code
FUSION,Case Assessment Action Item,FUSION,Action Item,Priority
FUSION,Site Visit Assessment Action Item,FUSION,Action Item,Priority
FUSION,Site Visit Assessment Action Item,FUSION,Action Item,Process Id
FUSION,Case Assessment Action Item,FUSION,Action Item,Process Id
FUSION,Case Assessment Action Item,FUSION,Action Item,Regarding Object Id
FUSION,Site Visit Assessment Action Item,FUSION,Action Item,Regarding Object Id
FUSION,Site Visit Assessment Action Item,FUSION,Action Item,Regarding Object Type
FUSION,Case Assessment Action Item,FUSION,Action Item,Regarding Object Type
FUSION,Case Assessment Action Item,FUSION,Action Item,Required Attendees
FUSION,Site Visit Assessment Action Item,FUSION,Action Item,Required Attendees
FUSION,Site Visit Assessment Action Item,FUSION,Action Item,Resources
FUSION,Case Assessment Action Item,FUSION,Action Item,Resources
FUSION,Case Assessment Action Item,FUSION,Action Item,Sender Mailbox Id
FUSION,Site Visit Assessment Action Item,FUSION,Action Item,Sender Mailbox Id
FUSION,Site Visit Assessment Action Item,FUSION,Action Item,Sender Mailbox
FUSION,Case Assessment Action Item,FUSION,Action Item,Sender Mailbox
FUSION,Case Assessment Action Item,FUSION,Action Item,Sent On
FUSION,Site Visit Assessment Action Item,FUSION,Action Item,Sent On
FUSION,Site Visit Assessment Action Item,FUSION,Action Item,Exchange Item Id
FUSION,Case Assessment Action Item,FUSION,Action Item,Exchange Item Id
FUSION,Case Assessment Action Item,FUSION,Action Item,Exchange Weblink
FUSION,Site Visit Assessment Action Item,FUSION,Action Item,Exchange Weblink
FUSION,Site Visit Assessment Action Item,FUSION,Action Item,From
FUSION,Case Assessment Action Item,FUSION,Action Item,From
FUSION,Case Assessment Action Item,FUSION,Action Item,Subject
FUSION,Site Visit Assessment Action Item,FUSION,Action Item,Subject
FUSION,Site Visit Assessment Action Item,FUSION,Action Item,To
FUSION,Case Assessment Action Item,FUSION,Action Item,To
FUSION,Case Assessment Action Item,FUSION,Action Item,BCC
FUSION,Site Visit Assessment Action Item,FUSION,Action Item,BCC
FUSION,Site Visit Assessment Action Item,FUSION,Action Item,CC
FUSION,Case Assessment Action Item,FUSION,Action Item,CC
FUSION,Case Assessment Action Item,FUSION,Action Item,Series Id
FUSION,Site Visit Assessment Action Item,FUSION,Action Item,Series Id
FUSION,Site Visit Assessment Action Item,FUSION,Action Item,Service Id
FUSION,Case Assessment Action Item,FUSION,Action Item,Service Id
FUSION,Case Assessment Action Item,FUSION,Action Item,Service
FUSION,Site Visit Assessment Action Item,FUSION,Action Item,Service
FUSION,Site Visit Assessment Action Item,FUSION,Action Item,Sort Date
FUSION,Case Assessment Action Item,FUSION,Action Item,Sort Date
FUSION,Case Assessment Action Item,FUSION,Action Item,Stage Id
FUSION,Site Visit Assessment Action Item,FUSION,Action Item,Stage Id
FUSION,Site Visit Assessment Action Item,FUSION,Action Item,State
FUSION,Case Assessment Action Item,FUSION,Action Item,State
FUSION,Case Assessment Action Item,FUSION,Action Item,Status
FUSION,Site Visit Assessment Action Item,FUSION,Action Item,Status
FUSION,Opportunity Expected Employment Outcome,FUSION,pmc_opportunityexpectedemploymentoutcome,pmc_employer
FUSION,Opportunity Expected Employment Outcome,FUSION,pmc_opportunityexpectedemploymentoutcome,pmc_employmenttypename
FUSION,Opportunity Expected Employment Outcome,FUSION,pmc_opportunityexpectedemploymentoutcome,pmc_name
FUSION,Opportunity Expected Employment Outcome,FUSION,pmc_opportunityexpectedemploymentoutcome,pmc_opportunityexpectedemploymentoutcomeid
FUSION,Opportunity Expected Employment Outcome,FUSION,pmc_opportunityexpectedemploymentoutcome,pmc_opportunityid
FUSION,Opportunity Expected Employment Outcome,FUSION,pmc_opportunityexpectedemploymentoutcome,pmc_opportunityidname
FUSION,Opportunity Expected Employment Outcome,FUSION,pmc_opportunityexpectedemploymentoutcome,pmc_positiondescription
FUSION,Opportunity Expected Employment Outcome,FUSION,pmc_opportunityexpectedemploymentoutcome,pmc_positionrole
FUSION,Opportunity Expected Employment Outcome,FUSION,pmc_opportunityexpectedemploymentoutcome,statuscodename
ACARA,Finance Data,ACARA,FinanceData,ID
ACARA,Finance Data,ACARA,FinanceData,Calendar Year
ACARA,Finance Data,ACARA,FinanceData,ACARA_SML_ID
ACARA,Finance Data,ACARA,FinanceData,Income: Australian Government Recurrent Funding
ACARA,Finance Data,ACARA,FinanceData,Income: State/ Territory Government Recurrent Funding
ACARA,Finance Data,ACARA,FinanceData,Income: Fees!@#$ Charges and Parental Contributions
ACARA,Finance Data,ACARA,FinanceData,Income: Other Private Sources
ACARA,Finance Data,ACARA,FinanceData,Total Gross Income
ACARA,Finance Data,ACARA,FinanceData,Deductions: Income Allocated to Current Capital Projects
ACARA,Finance Data,ACARA,FinanceData,Deductions: Income Allocated to Future Capital Projects
ACARA,Finance Data,ACARA,FinanceData,Deductions: Income Allocated to Debt Servicing
ACARA,Finance Data,ACARA,FinanceData,Total Deductions
ACARA,Finance Data,ACARA,FinanceData,Total Net Recurrent Income
ACARA,Finance Data,ACARA,FinanceData,Capital Expenditure: Australian Government
ACARA,Finance Data,ACARA,FinanceData,Capital Expenditure: State/ Territory Government
ACARA,Finance Data,ACARA,FinanceData,Capital Expenditure: New School Loans
ACARA,Finance Data,ACARA,FinanceData,Capital Expenditure: Income Allocated to Current Capital Projects
ACARA,Finance Data,ACARA,FinanceData,Capital Expenditure: Other Private Sources
ACARA,Finance Data,ACARA,FinanceData,Total Capital Expenditure
ACARA,Finance Data,ACARA,FinanceData,Full-Time Equivalent Funded Enrolments
ACARA,Finance Data,ACARA,FinanceData,Income: Australian Government Recurrent Funding Per Student
ACARA,Finance Data,ACARA,FinanceData,Income: State/ Territory Government Recurrent Funding Per Student
ACARA,Finance Data,ACARA,FinanceData,Income: Fees!@#$ Charges and Parental Contributions Per Student
ACARA,Finance Data,ACARA,FinanceData,Income: Other Private Sources Per Student
ACARA,Finance Data,ACARA,FinanceData,Total Gross Income Per Student
ACARA,Finance Data,ACARA,FinanceData,Deductions: Income Allocated to Current Capital Projects Per Student
ACARA,Finance Data,ACARA,FinanceData,Deductions: Income Allocated to Future Capital Projects Per Student
ACARA,Finance Data,ACARA,FinanceData,Deductions: Income Allocated to Debt Servicing Per Student
ACARA,Finance Data,ACARA,FinanceData,Total Deductions Per Student
ACARA,Finance Data,ACARA,FinanceData,Total Net Recurrent Income Per Student
ACARA,Finance Data,ACARA,FinanceData,Cumulative Capital Expenditure: Australian Government
ACARA,Finance Data,ACARA,FinanceData,Cumulative Capital Expenditure: State/ Territory Government
ACARA,Finance Data,ACARA,FinanceData,Cumulative Capital Expenditure: New School Loans
ACARA,Finance Data,ACARA,FinanceData,Cumulative Capital Expenditure: Income Allocated to Current Capital Projects
ACARA,Finance Data,ACARA,FinanceData,Cumulative Capital Expenditure: Other Private Sources
ACARA,Finance Data,ACARA,FinanceData,Cumulative Capital Expenditure: Total
FUSION,Grant Application Risk History,FUSION,Grant Application Risk Assessment,Grant Application Risk Assessment Id
FUSION,Grant Application,FUSION,Grant Application Risk Assessment,Grant Application Id
FUSION,Grant Application,FUSION,Grant Application Risk Assessment,Activity Risk Level
FUSION,Grant Application,FUSION,Grant Application Risk Assessment,Risk Level Date
FUSION,Grant Application,FUSION,Grant Application Risk Assessment,Status
FUSION,Grant Activity Coding Old,FUSION,pmc_grantactivitycoding,pmc_codingapprovercomment
FUSION,Grant Activity Coding,FUSION,pmc_grantactivitycoding,pmc_codingapprovercomment
FUSION,Grant Activity Coding,FUSION,pmc_grantactivitycoding,pmc_codingcodercomment
FUSION,Grant Activity Coding Old,FUSION,pmc_grantactivitycoding,pmc_codingcodercomment
FUSION,Grant Activity Coding Old,FUSION,pmc_grantactivitycoding,pmc_dateapprovalcompleted
FUSION,Grant Activity Coding,FUSION,pmc_grantactivitycoding,pmc_dateapprovalcompleted
FUSION,Grant Activity Coding,FUSION,pmc_grantactivitycoding,pmc_dateapprovalsubmitted
FUSION,Grant Activity Coding Old,FUSION,pmc_grantactivitycoding,pmc_dateapprovalsubmitted
FUSION,Grant Activity Coding Old,FUSION,pmc_grantactivitycoding,pmc_frameworkcodeallocationtotal
FUSION,Grant Activity Coding,FUSION,pmc_grantactivitycoding,pmc_frameworkcodeallocationtotal
FUSION,Grant Activity Coding,FUSION,pmc_grantactivitycoding,pmc_grantactivitycoderidname
FUSION,Grant Activity Coding Old,FUSION,pmc_grantactivitycoding,pmc_grantactivitycoderidname
FUSION,Grant Activity Coding Old,FUSION,pmc_grantactivitycoding,pmc_grantactivitycodingapproveridname
FUSION,Grant Activity Coding,FUSION,pmc_grantactivitycoding,pmc_grantactivitycodingapproveridname
FUSION,Grant Activity Coding,FUSION,pmc_grantactivitycoding,pmc_grantactivitycodingid
FUSION,Grant Activity Coding - Summary,FUSION,pmc_grantactivitycoding,pmc_grantactivitycodingid
FUSION,Grant Activity Coding Old,FUSION,pmc_grantactivitycoding,pmc_grantactivitycodingid
FUSION,Grant Activity Coding Old,FUSION,pmc_grantactivitycoding,pmc_grantactivityid
FUSION,Grant Activity Coding - Summary,FUSION,pmc_grantactivitycoding,pmc_grantactivityid
FUSION,Grant Activity Coding,FUSION,pmc_grantactivitycoding,pmc_grantactivityid
FUSION,Grant Activity Coding,FUSION,pmc_grantactivitycoding,pmc_name
FUSION,Grant Activity Coding Old,FUSION,pmc_grantactivitycoding,pmc_name
FUSION,Grant Activity Coding Old,FUSION,pmc_grantactivitycoding,pmc_natureofactivity
FUSION,Grant Activity Coding,FUSION,pmc_grantactivitycoding,pmc_natureofactivity
FUSION,Grant Activity Coding,FUSION,pmc_grantactivitycoding,pmc_natureofactivityname
FUSION,Grant Activity Coding Old,FUSION,pmc_grantactivitycoding,pmc_natureofactivityname
FUSION,Grant Activity Coding,FUSION,pmc_grantactivitycoding,pmc_outcomeallocationone
FUSION,Grant Activity Coding,FUSION,pmc_grantactivitycoding,pmc_outcomeallocationthree
FUSION,Grant Activity Coding,FUSION,pmc_grantactivitycoding,pmc_outcomeallocationtwo
FUSION,Grant Activity Coding,FUSION,pmc_grantactivitycoding,pmc_outcomeselectiononeid
FUSION,Grant Activity Coding,FUSION,pmc_grantactivitycoding,pmc_outcomeselectiononeidname
FUSION,Grant Activity Coding,FUSION,pmc_grantactivitycoding,pmc_outcomeselectionthreeid
FUSION,Grant Activity Coding,FUSION,pmc_grantactivitycoding,pmc_outcomeselectionthreeidname
FUSION,Grant Activity Coding,FUSION,pmc_grantactivitycoding,pmc_outcomeselectiontwoid
FUSION,Grant Activity Coding,FUSION,pmc_grantactivitycoding,pmc_outcomeselectiontwoidname
FUSION,Grant Activity Coding,FUSION,pmc_grantactivitycoding,pmc_outcometotalallocation
FUSION,Grant Activity Coding,FUSION,pmc_grantactivitycoding,pmc_primaryfieldid
FUSION,Grant Activity Coding,FUSION,pmc_grantactivitycoding,pmc_primaryfieldidname
FUSION,Grant Activity Coding,FUSION,pmc_grantactivitycoding,pmc_secondaryfieldid
FUSION,Grant Activity Coding,FUSION,pmc_grantactivitycoding,pmc_secondaryfieldidname
FUSION,Grant Activity Coding,FUSION,pmc_grantactivitycoding,pmc_totalfunding
FUSION,Grant Activity Coding Old,FUSION,pmc_grantactivitycoding,pmc_totalfunding
FUSION,Grant Activity Coding Old,FUSION,pmc_grantactivitycoding,statecodename
FUSION,Grant Activity Coding,FUSION,pmc_grantactivitycoding,statecodename
FUSION,Grant Activity Coding,FUSION,pmc_grantactivitycoding,statuscodename
FUSION,Grant Activity Coding - Summary,FUSION,pmc_grantactivitycoding,statuscodename
FUSION,Grant Activity Coding Old,FUSION,pmc_grantactivitycoding,statuscodename
AURION,Staff,AURION,position,Position_Number
AURION,Staff,AURION,position,Position_Status
AURION,Staff,AURION,position,Organisation_Unit_Number
AURION,Staff,AURION,position,Location_Code
AURION,Staff,AURION,position,Position_Title
AURION,Staff,AURION,position,Position_Full_Title
AURION,Staff,AURION,position,Date_Approved
AURION,Staff,AURION,position,Date_Next_Review
AURION,Staff,AURION,position,Date_Abolished
AURION,Staff,AURION,position,Reports_to_Position
AURION,Staff,AURION,position,Effective_Date_From
AURION,Staff,AURION,position,Effective_Date_To
AURION,Staff,AURION,position,Job_Share_Flag
ESS,CDP Activity Attendance Result Monthly Rollup Pivoted,ESS,CDP_Activity_Attendance_Result_Monthly_Rollup_Pivoted,Activity Referral Id
ESS,CDP Activity Attendance Result Monthly Rollup Pivoted,ESS,CDP_Activity_Attendance_Result_Monthly_Rollup_Pivoted,Attendance Month End
ESS,CDP Activity Attendance Result Monthly Rollup Pivoted,ESS,CDP_Activity_Attendance_Result_Monthly_Rollup_Pivoted,Attended Hours
ESS,CDP Activity Attendance Result Monthly Rollup Pivoted,ESS,CDP_Activity_Attendance_Result_Monthly_Rollup_Pivoted,DNAD Hours
ESS,CDP Activity Attendance Result Monthly Rollup Pivoted,ESS,CDP_Activity_Attendance_Result_Monthly_Rollup_Pivoted,DNAV Hours
ESS,CDP Activity Attendance Result Monthly Rollup Pivoted,ESS,CDP_Activity_Attendance_Result_Monthly_Rollup_Pivoted,DNAI Hours
ESS,CDP Activity Attendance Result Monthly Rollup Pivoted,ESS,CDP_Activity_Attendance_Result_Monthly_Rollup_Pivoted,No Result Entered Hours
ESS,CDP Activity Attendance Result Monthly Rollup Pivoted,ESS,CDP_Activity_Attendance_Result_Monthly_Rollup_Pivoted,Other Hours
ASGS,MB 2021 - SED 2022,GeoASGS,MB_2021_SED_2022,MB_CODE_2021
ASGS,MB 2021 - SED 2022,GeoASGS,MB_2021_SED_2022,SED_CODE_2022
ASGS,MB 2021 - SED 2022,GeoASGS,MB_2021_SED_2022,SED_NAME_2022
LightHouse,Gift Register,LightHouse,ApiGiftReport,Application Id
LightHouse,Gift Register,LightHouse,ApiGiftReport,Status
LightHouse,Gift Register,LightHouse,ApiGiftReport,Date Received
LightHouse,Gift Register,LightHouse,ApiGiftReport,Received By
LightHouse,Gift Register,LightHouse,ApiGiftReport,Offer Status
LightHouse,Gift Register,LightHouse,ApiGiftReport,GiftBenefit Type
LightHouse,Gift Register,LightHouse,ApiGiftReport,Value
LightHouse,Gift Register,LightHouse,ApiGiftReport,Is There A Conflict Of Interest
LightHouse,Gift Register,LightHouse,ApiGiftReport,Approved Action
LightHouse,Gift Register,LightHouse,ApiGiftReport,Approved By
LightHouse,Gift Register,LightHouse,ApiGiftReport,Approved Date
LightHouse,Gift Register,LightHouse,ApiGiftReport,Gift Provider
LightHouse,Gift Register,LightHouse,ApiGiftReport,Description
LightHouse,Gift Register,LightHouse,ApiGiftReport,Submitted Date
LightHouse,Gift Register,LightHouse,ApiGiftReport,Relationship With Provider
LightHouse,Gift Register,LightHouse,ApiGiftReport,If Other Gift Provider Relationship Details
LightHouse,Gift Register,LightHouse,ApiGiftReport,Occasion
LightHouse,Gift Register,LightHouse,ApiGiftReport,Details Of Conflict Of Interest
LightHouse,Gift Register,LightHouse,ApiGiftReport,Accepted
GeoASGS,TR 2021 AUST WKT,GeoASGS,TR_2021_AUST_GDA2020_Simplified,geom
GeoASGS,TR 2021 AUST WKT,GeoASGS,TR_2021_AUST_GDA2020_Simplified,qgs_fid
GeoASGS,TR 2021 AUST,GeoASGS,TR_2021_AUST_GDA2020_Simplified,qgs_fid
GeoASGS,TR 2021 AUST,GeoASGS,TR_2021_AUST_GDA2020_Simplified,TR_CODE_2021
GeoASGS,TR 2021 AUST,GeoASGS,TR_2021_AUST_GDA2020_Simplified,TR_NAME_2021
GeoASGS,TR 2021 AUST,GeoASGS,TR_2021_AUST_GDA2020_Simplified,STATE_CODE_2021
GeoASGS,TR 2021 AUST,GeoASGS,TR_2021_AUST_GDA2020_Simplified,STATE_NAME_2021
GeoASGS,TR 2021 AUST,GeoASGS,TR_2021_AUST_GDA2020_Simplified,AUS_CODE_2021
GeoASGS,TR 2021 AUST,GeoASGS,TR_2021_AUST_GDA2020_Simplified,AUS_NAME_2021
GeoASGS,TR 2021 AUST,GeoASGS,TR_2021_AUST_GDA2020_Simplified,AREA_ALBERS_SQKM
GeoASGS,TR 2021 AUST,GeoASGS,TR_2021_AUST_GDA2020_Simplified,ASGS_LOCI_URI_2021
Forms,CDP_PPR_Assessment_Response_Summary_Review_History,Forms,CDP_PPR_Assessment_Response_Mod_Review_History_View,Assessment Object Key
Forms,CDP_PPR_Assessment_Response_Summary_Review_History,Forms,CDP_PPR_Assessment_Response_Mod_Review_History_View,PPR Measure Key
Forms,CDP_PPR_Assessment_Response_Summary_Review_History,Forms,CDP_PPR_Assessment_Response_Mod_Review_History_View,CDP Region Code
Forms,CDP_PPR_Assessment_Response_Summary_Review_History,Forms,CDP_PPR_Assessment_Response_Mod_Review_History_View,Organisation Code
Forms,CDP_PPR_Assessment_Response_Summary_Review_History,Forms,CDP_PPR_Assessment_Response_Mod_Review_History_View,Response_01
Forms,CDP_PPR_Assessment_Response_Summary_Review_History,Forms,CDP_PPR_Assessment_Response_Mod_Review_History_View,Response 01 Value
Forms,CDP_PPR_Assessment_Response_Summary_Review_History,Forms,CDP_PPR_Assessment_Response_Mod_Review_History_View,Response_02
Forms,CDP_PPR_Assessment_Response_Summary_Review_History,Forms,CDP_PPR_Assessment_Response_Mod_Review_History_View,Response 02 Value
Forms,CDP_PPR_Assessment_Response_Summary_Review_History,Forms,CDP_PPR_Assessment_Response_Mod_Review_History_View,Response_03
Forms,CDP_PPR_Assessment_Response_Summary_Review_History,Forms,CDP_PPR_Assessment_Response_Mod_Review_History_View,Response 03 Value
Forms,CDP_PPR_Assessment_Response_Summary_Review_History,Forms,CDP_PPR_Assessment_Response_Mod_Review_History_View,Required Response 03 Adjustment
Forms,CDP_PPR_Assessment_Response_Summary_Review_History,Forms,CDP_PPR_Assessment_Response_Mod_Review_History_View,Response_04
Forms,CDP_PPR_Assessment_Response_Summary_Review_History,Forms,CDP_PPR_Assessment_Response_Mod_Review_History_View,Response 04 Value
Forms,CDP_PPR_Assessment_Response_Summary_Review_History,Forms,CDP_PPR_Assessment_Response_Mod_Review_History_View,Required Response 04 Adjustment
Forms,CDP_PPR_Assessment_Response_Summary_Review_History,Forms,CDP_PPR_Assessment_Response_Mod_Review_History_View,Response_05
Forms,CDP_PPR_Assessment_Response_Summary_Review_History,Forms,CDP_PPR_Assessment_Response_Mod_Review_History_View,Response 05 Value
Forms,CDP_PPR_Assessment_Response_Summary_Review_History,Forms,CDP_PPR_Assessment_Response_Mod_Review_History_View,Required Response 05 Adjustment
Forms,CDP_PPR_Assessment_Response_Summary_Review_History,Forms,CDP_PPR_Assessment_Response_Mod_Review_History_View,Response_06
Forms,CDP_PPR_Assessment_Response_Summary_Review_History,Forms,CDP_PPR_Assessment_Response_Mod_Review_History_View,Response 06 Value
Forms,CDP_PPR_Assessment_Response_Summary_Review_History,Forms,CDP_PPR_Assessment_Response_Mod_Review_History_View,Required Response 06 Adjustment
Forms,CDP_PPR_Assessment_Response_Summary_Review_History,Forms,CDP_PPR_Assessment_Response_Mod_Review_History_View,Response_07
Forms,CDP_PPR_Assessment_Response_Summary_Review_History,Forms,CDP_PPR_Assessment_Response_Mod_Review_History_View,Response 07 Value
Forms,CDP_PPR_Assessment_Response_Summary_Review_History,Forms,CDP_PPR_Assessment_Response_Mod_Review_History_View,Required Response 07 Adjustment
Forms,CDP_PPR_Assessment_Response_Summary_Review_History,Forms,CDP_PPR_Assessment_Response_Mod_Review_History_View,Response_08
Forms,CDP_PPR_Assessment_Response_Summary_Review_History,Forms,CDP_PPR_Assessment_Response_Mod_Review_History_View,Response 08 Value
Forms,CDP_PPR_Assessment_Response_Summary_Review_History,Forms,CDP_PPR_Assessment_Response_Mod_Review_History_View,Required Response 08 Adjustment
Forms,CDP_PPR_Assessment_Response_Summary_Review_History,Forms,CDP_PPR_Assessment_Response_Mod_Review_History_View,Response_09
Forms,CDP_PPR_Assessment_Response_Summary_Review_History,Forms,CDP_PPR_Assessment_Response_Mod_Review_History_View,Response 09 Value
Forms,CDP_PPR_Assessment_Response_Summary_Review_History,Forms,CDP_PPR_Assessment_Response_Mod_Review_History_View,Required Response 09 Adjustment
Forms,CDP_PPR_Assessment_Response_Summary_Review_History,Forms,CDP_PPR_Assessment_Response_Mod_Review_History_View,Response_10
Forms,CDP_PPR_Assessment_Response_Summary_Review_History,Forms,CDP_PPR_Assessment_Response_Mod_Review_History_View,Response 10 Value
Forms,CDP_PPR_Assessment_Response_Summary_Review_History,Forms,CDP_PPR_Assessment_Response_Mod_Review_History_View,Response_11
Forms,CDP_PPR_Assessment_Response_Summary_Review_History,Forms,CDP_PPR_Assessment_Response_Mod_Review_History_View,Response 11 Value
Forms,CDP_PPR_Assessment_Response_Summary_Review_History,Forms,CDP_PPR_Assessment_Response_Mod_Review_History_View,Required Response 11 Adjustment
Forms,CDP_PPR_Assessment_Response_Summary_Review_History,Forms,CDP_PPR_Assessment_Response_Mod_Review_History_View,SysStartTime
Forms,CDP_PPR_Assessment_Response_Summary_Review_History,Forms,CDP_PPR_Assessment_Response_Mod_Review_History_View,SysEndTime
FUSION,Opportunity Other Contribution,FUSION,pmc_opportunityothercontribution,pmc_amountexgst
FUSION,Opportunity Other Contribution,FUSION,pmc_opportunityothercontribution,pmc_description
FUSION,Opportunity Other Contribution,FUSION,pmc_opportunityothercontribution,pmc_fundingsource
FUSION,Opportunity Other Contribution,FUSION,pmc_opportunityothercontribution,pmc_fundingtypename
FUSION,Opportunity Other Contribution,FUSION,pmc_opportunityothercontribution,pmc_name
FUSION,Opportunity Other Contribution,FUSION,pmc_opportunityothercontribution,pmc_opportunityid
FUSION,Opportunity Other Contribution,FUSION,pmc_opportunityothercontribution,pmc_opportunityidname
FUSION,Opportunity Other Contribution,FUSION,pmc_opportunityothercontribution,pmc_opportunityothercontributionid
FUSION,Opportunity Other Contribution,FUSION,pmc_opportunityothercontribution,statuscodename
ESS,CDP Income Support Payment Rate,ESS,vJS_RATE_HIST_Prior_July_2018,EFFECTIVE_START_DATE
ESS,CDP Income Support Payment Rate,ESS,vJS_RATE_HIST_Prior_July_2018,EFFECTIVE_END_DATE
ESS,CDP Income Support Payment Rate,ESS,vJS_RATE_HIST_Prior_July_2018,RATE_HIST_SEQ_NUM
ESS,CDP Income Support Payment Rate,ESS,vJS_RATE_HIST_Prior_July_2018,RATE_CD
ESS,CDP Income Support Payment Rate,ESS,vJS_RATE_HIST_Prior_July_2018,NIL_RATE_REASON_CD
ESS,CDP Income Support Payment Rate,ESS,vJS_RATE_HIST_Prior_July_2018,NIL_RATE_START_DT
ESS,CDP Income Support Payment Rate,ESS,vJS_RATE_HIST_Prior_July_2018,RATE_END_DATE
ESS,CDP Income Support Payment Rate,ESS,vJS_RATE_HIST_Prior_July_2018,FK_JCD_JSKR_ID
ACARA,Naplan Result,ACARA,NaplanResult,ID
ACARA,Naplan Result,ACARA,NaplanResult,Calendar Year
ACARA,Naplan Result,ACARA,NaplanResult,ACARA_SML_ID
ACARA,Naplan Result,ACARA,NaplanResult,Domain
ACARA,Naplan Result,ACARA,NaplanResult,Student Grade Level
ACARA,Naplan Result,ACARA,NaplanResult,School Average NAPLAN Score
ACARA,Naplan Result,ACARA,NaplanResult,Student Count
ACARA,Naplan Result,ACARA,NaplanResult,School Average Margin Lower
ACARA,Naplan Result,ACARA,NaplanResult,School Average Margin Upper
ACARA,Naplan Result,ACARA,NaplanResult,Band 1 Percentage
ACARA,Naplan Result,ACARA,NaplanResult,Band 2 Percentage
ACARA,Naplan Result,ACARA,NaplanResult,Band 3 Percentage
ACARA,Naplan Result,ACARA,NaplanResult,Band 4 Percentage
ACARA,Naplan Result,ACARA,NaplanResult,Band 5 Percentage
ACARA,Naplan Result,ACARA,NaplanResult,Band 6 Percentage
ACARA,Naplan Result,ACARA,NaplanResult,Band 7 Percentage
ACARA,Naplan Result,ACARA,NaplanResult,Band 8 Percentage
ACARA,Naplan Result,ACARA,NaplanResult,Band 9 Percentage
ACARA,Naplan Result,ACARA,NaplanResult,Band 10 Percentage
ACARA,Naplan Result,ACARA,NaplanResult,Band 1 Count
ACARA,Naplan Result,ACARA,NaplanResult,Band 2 Count
ACARA,Naplan Result,ACARA,NaplanResult,Band 3 Count
ACARA,Naplan Result,ACARA,NaplanResult,Band 4 Count
ACARA,Naplan Result,ACARA,NaplanResult,Band 5 Count
ACARA,Naplan Result,ACARA,NaplanResult,Band 6 Count
ACARA,Naplan Result,ACARA,NaplanResult,Band 7 Count
ACARA,Naplan Result,ACARA,NaplanResult,Band 8 Count
ACARA,Naplan Result,ACARA,NaplanResult,Band 9 Count
ACARA,Naplan Result,ACARA,NaplanResult,Band 10 Count
ACARA,Naplan Result,ACARA,NaplanResult,Participation Rate
ACARA,Naplan Result,ACARA,NaplanResult,Assessed Percentage
ACARA,Naplan Result,ACARA,NaplanResult,Exempt Percentage
ACARA,Naplan Result,ACARA,NaplanResult,Absent Percentage
ACARA,Naplan Result,ACARA,NaplanResult,Withdrawn Percentage
ACARA,Naplan Result,ACARA,NaplanResult,Participation Count
ACARA,Naplan Result,ACARA,NaplanResult,Assessed Count
ACARA,Naplan Result,ACARA,NaplanResult,Exempt Count
ACARA,Naplan Result,ACARA,NaplanResult,Absent Count
ACARA,Naplan Result,ACARA,NaplanResult,Withdrawn Count
ACARA,Naplan Result,ACARA,NaplanResult,National Average NAPLAN Score
ACARA,Naplan Result,ACARA,NaplanResult,Colour Comparison to National Average
ACARA,Naplan Result,ACARA,NaplanResult,Comparison to National Average Description
ACARA,Naplan Result,ACARA,NaplanResult,Similar Schools Average NAPLAN Score
ACARA,Naplan Result,ACARA,NaplanResult,Colour Comparison to Similar Schools Average
ACARA,Naplan Result,ACARA,NaplanResult,Comparison to Similar Schools Average Description
GPS,Grant Activity Missing Milestone Derived History,GPS,Grant Activity Missing Milestone,Milestone Id
GPS,Grant Activity Missing Milestone Derived History,GPS,Grant Activity Missing Milestone,Activity Id
GPS,Grant Activity Missing Milestone Derived History,GPS,Grant Activity Missing Milestone,Milestone Expected Due Date
GPS,Grant Activity Missing Milestone Derived History,GPS,Grant Activity Missing Milestone,Milestone Completion Date
CRM,Contact Metatag,CRM,contact,contactid
CRM,Contacts,CRM,contact,contactid
CRM,Public Enquiry,CRM,contact,contactid
CRM,Contacts,CRM,contact,address1_composite
CRM,Contacts,CRM,contact,address2_composite
CRM,Contacts,CRM,contact,emailaddress1
CRM,Contacts,CRM,contact,emailaddress2
CRM,Contacts,CRM,contact,emailaddress3
CRM,Contacts,CRM,contact,firstname
CRM,Contacts,CRM,contact,fullname
CRM,Public Enquiry,CRM,contact,fullname
CRM,Contacts,CRM,contact,jobtitle
CRM,Contacts,CRM,contact,lastname
CRM,Contacts,CRM,contact,mobilephone
CRM,Contacts,CRM,contact,parentcustomerid
CRM,Contacts,CRM,contact,pmc_alternativenames
CRM,Contacts,CRM,contact,pmc_biography
CRM,Contacts,CRM,contact,pmc_collectionmethod
CRM,Contacts,CRM,contact,pmc_collectionnoticeprovidedname
CRM,Contacts,CRM,contact,pmc_metatags
CRM,Contact Metatag,CRM,contact,pmc_metatags
CRM,Contacts,CRM,contact,pmc_notes
CRM,Contacts,CRM,contact,pmc_specializedsubjectareas
CRM,Contacts,CRM,contact,pmc_stakeholderinvolvement
CRM,Contacts,CRM,contact,pmc_stakeholdersectors
CRM,Contacts,CRM,contact,preferredcontactmethodcodename
CRM,Contacts,CRM,contact,preferredsystemuseridname
CRM,Contacts,CRM,contact,salutation
CRM,Contacts,CRM,contact,suffix
CRM,Contacts,CRM,contact,telephone1
CRM,Contacts,CRM,contact,telephone2
CRM,Contacts,CRM,contact,telephone3
CRM,Contacts,CRM,contact,ownerid
GPS,Program Schedule Variation,GPS,Dim_Programme_Schedule_Variation,%Dim_Programme_Schedule_Variation_Key
GPS,Program Schedule Variation,GPS,Dim_Programme_Schedule_Variation,Program Schedule Variation Id
GPS,Program Schedule Variation,GPS,Dim_Programme_Schedule_Variation,Program Schedule Variation Agreement Variation Number
GPS,Program Schedule Variation,GPS,Dim_Programme_Schedule_Variation,Program Schedule Variation Approved Date
GPS,Program Schedule Variation,GPS,Dim_Programme_Schedule_Variation,Program Schedule Variation Created Date
GPS,Program Schedule Variation,GPS,Dim_Programme_Schedule_Variation,Program Schedule Variation Executed Date
GPS,Program Schedule Variation,GPS,Dim_Programme_Schedule_Variation,Variation New Program Schedule Completion Date
GPS,Program Schedule Variation,GPS,Dim_Programme_Schedule_Variation,Program Schedule Variation Number
GPS,Program Schedule Variation,GPS,Dim_Programme_Schedule_Variation,Program Schedule Variation Status
GPS,Program Schedule Variation,GPS,Dim_Programme_Schedule_Variation,Program Schedule Variation Type
GPS,Program Schedule Variation,GPS,Dim_Programme_Schedule_Variation,Program Schedule Variation Created By
GPS,Program Schedule Variation,GPS,Dim_Programme_Schedule_Variation,Program Schedule Variation Summary
FUSION,Opportunity Potential Risk,FUSION,pmc_opportunitypotentialrisk,pmc_name
FUSION,Opportunity Potential Risk,FUSION,pmc_opportunitypotentialrisk,pmc_opportunityid
FUSION,Opportunity Potential Risk,FUSION,pmc_opportunitypotentialrisk,pmc_opportunityidname
FUSION,Opportunity Potential Risk,FUSION,pmc_opportunitypotentialrisk,pmc_opportunitypotentialriskid
FUSION,Opportunity Potential Risk,FUSION,pmc_opportunitypotentialrisk,pmc_riskmanagementstrategy
FUSION,Opportunity Potential Risk,FUSION,pmc_opportunitypotentialrisk,pmc_risktypename
FUSION,Opportunity Potential Risk,FUSION,pmc_opportunitypotentialrisk,pmc_typesofrisk
FUSION,Opportunity Potential Risk,FUSION,pmc_opportunitypotentialrisk,pmc_viablepostfunding
FUSION,Opportunity Potential Risk,FUSION,pmc_opportunitypotentialrisk,statuscodename
GPS,Grant Activity Missing Milestone Derived History - Old,GPS,Grant Activity Missing Milestone - Old,Milestone Id
GPS,Grant Activity Missing Milestone Derived History - Old,GPS,Grant Activity Missing Milestone - Old,Milestone Expected Due Date
GPS,Grant Activity Missing Milestone Derived History - Old,GPS,Grant Activity Missing Milestone - Old,Milestone Completion Date
ACARA,NAPLAN Result National,ACARA,NAPLANResult_National,ID
ACARA,NAPLAN Result National,ACARA,NAPLANResult_National,Calendar Year
ACARA,NAPLAN Result National,ACARA,NAPLANResult_National,Domain
ACARA,NAPLAN Result National,ACARA,NAPLANResult_National,Student Grade Level
ACARA,NAPLAN Result National,ACARA,NAPLANResult_National,National Average NAPLAN Score
ACARA,NAPLAN Result National,ACARA,NAPLANResult_National,Band 1 Percentage
ACARA,NAPLAN Result National,ACARA,NAPLANResult_National,Band 2 Percentage
ACARA,NAPLAN Result National,ACARA,NAPLANResult_National,Band 3 Percentage
ACARA,NAPLAN Result National,ACARA,NAPLANResult_National,Band 4 Percentage
ACARA,NAPLAN Result National,ACARA,NAPLANResult_National,Band 5 Percentage
ACARA,NAPLAN Result National,ACARA,NAPLANResult_National,Band 6 Percentage
ACARA,NAPLAN Result National,ACARA,NAPLANResult_National,Band 7 Percentage
ACARA,NAPLAN Result National,ACARA,NAPLANResult_National,Band 8 Percentage
ACARA,NAPLAN Result National,ACARA,NAPLANResult_National,Band 9 Percentage
ACARA,NAPLAN Result National,ACARA,NAPLANResult_National,Band 10 Percentage
ACARA,NAPLAN Result National,ACARA,NAPLANResult_National,Participation Rate
ACARA,NAPLAN Result National,ACARA,NAPLANResult_National,Assessed Percentage
ACARA,NAPLAN Result National,ACARA,NAPLANResult_National,Exempt Percentage
ACARA,NAPLAN Result National,ACARA,NAPLANResult_National,Absent Percentage
ACARA,NAPLAN Result National,ACARA,NAPLANResult_National,Withdrawn Percentage
GPS,Program Schedule Variation,GPS,Fact_Programme_Schedule_Variation,%Dim_Programme_Schedule_Variation_Key
GPS,Program Schedule Variation,GPS,Fact_Programme_Schedule_Variation,%Dim_Programme_Schedule_Key
ESS,CDP Region,ESS,LOOKUP_RJCP_REGIONS,RJCP_REGION
ESS,CDP Region,ESS,LOOKUP_RJCP_REGIONS,RJCP_REGION_NUMBER
ESS,CDP Region,ESS,LOOKUP_RJCP_REGIONS,RJCP_STATE_TERRITORY
ASGS,ILOC 2021 - NIAA Region 2024,ASGS,ILOC_2021_NIAA_Region_2024,ILOC_Code_2021
ASGS,ILOC 2021 - NIAA Region 2024,ASGS,ILOC_2021_NIAA_Region_2024,Indigenous_Location
ASGS,ILOC 2021 - NIAA Region 2024,ASGS,ILOC_2021_NIAA_Region_2024,NIAA_Region_Code
ASGS,ILOC 2021 - NIAA Region 2024,ASGS,ILOC_2021_NIAA_Region_2024,NIAA_Region_Name
ASGS,ILOC 2021 - NIAA Region 2024,ASGS,ILOC_2021_NIAA_Region_2024,NIAA_Subregion_Code
ASGS,ILOC 2021 - NIAA Region 2024,ASGS,ILOC_2021_NIAA_Region_2024,NIAA_Subregion_Name
FUSION,Fusion Location,abs,SA1,SA1_MAIN
abs,STATE,abs,SA1,STE_CODE
abs,STATE,abs,SA1,STE_NAME
FUSION,Fusion Location,abs,SA1,AREASQKM
FUSION,Fusion Location,abs,SA1,Polygon
FUSION,Opportunity Programme Funding,FUSION,pmc_opportunityprogrammefunding,pmc_financialyearid
FUSION,Opportunity Programme Funding,FUSION,pmc_opportunityprogrammefunding,pmc_financialyearidname
FUSION,Opportunity Programme Funding,FUSION,pmc_opportunityprogrammefunding,pmc_fundingrecommendedexgst
FUSION,Opportunity Programme Funding,FUSION,pmc_opportunityprogrammefunding,pmc_fundingrequestedexgst
FUSION,Opportunity Programme Funding,FUSION,pmc_opportunityprogrammefunding,pmc_name
FUSION,Opportunity Programme Funding,FUSION,pmc_opportunityprogrammefunding,pmc_opportunityid
FUSION,Opportunity Programme Funding,FUSION,pmc_opportunityprogrammefunding,pmc_opportunityidname
FUSION,Opportunity Programme Funding,FUSION,pmc_opportunityprogrammefunding,pmc_opportunityprogrammefundingid
FUSION,Opportunity Programme Funding,FUSION,pmc_opportunityprogrammefunding,statuscodename
ACARA,NAPLAN Result Similar School,ACARA,NAPLANResult_SimilarSchool,ID
ACARA,NAPLAN Result Similar School,ACARA,NAPLANResult_SimilarSchool,Calendar Year
ACARA,NAPLAN Result Similar School,ACARA,NAPLANResult_SimilarSchool,ACARA_SML_ID
ACARA,NAPLAN Result Similar School,ACARA,NAPLANResult_SimilarSchool,Domain
ACARA,NAPLAN Result Similar School,ACARA,NAPLANResult_SimilarSchool,Student Grade Level
ACARA,NAPLAN Result Similar School,ACARA,NAPLANResult_SimilarSchool,Similar Schools Average NAPLAN Score
ACARA,NAPLAN Result Similar School,ACARA,NAPLANResult_SimilarSchool,Similar Schools Average Lower Margin
ACARA,NAPLAN Result Similar School,ACARA,NAPLANResult_SimilarSchool,Similar Schools Average Upper Margin
ACARA,NAPLAN Result Similar School,ACARA,NAPLANResult_SimilarSchool,Similar Schools Band 1 Percentage
ACARA,NAPLAN Result Similar School,ACARA,NAPLANResult_SimilarSchool,Similar Schools Band 2 Percentage
ACARA,NAPLAN Result Similar School,ACARA,NAPLANResult_SimilarSchool,Similar Schools Band 3 Percentage
ACARA,NAPLAN Result Similar School,ACARA,NAPLANResult_SimilarSchool,Similar Schools Band 4 Percentage
ACARA,NAPLAN Result Similar School,ACARA,NAPLANResult_SimilarSchool,Similar Schools Band 5 Percentage
ACARA,NAPLAN Result Similar School,ACARA,NAPLANResult_SimilarSchool,Similar Schools Band 6 Percentage
ACARA,NAPLAN Result Similar School,ACARA,NAPLANResult_SimilarSchool,Similar Schools Band 7 Percentage
ACARA,NAPLAN Result Similar School,ACARA,NAPLANResult_SimilarSchool,Similar Schools Band 8 Percentage
ACARA,NAPLAN Result Similar School,ACARA,NAPLANResult_SimilarSchool,Similar Schools Band 9 Percentage
ACARA,NAPLAN Result Similar School,ACARA,NAPLANResult_SimilarSchool,Similar Schools Band 10 Percentage
ACARA,NAPLAN Result Similar School,ACARA,NAPLANResult_SimilarSchool,Participation Rate
ACARA,NAPLAN Result Similar School,ACARA,NAPLANResult_SimilarSchool,Assessed Percentage
ACARA,NAPLAN Result Similar School,ACARA,NAPLANResult_SimilarSchool,Exempt Percentage
ACARA,NAPLAN Result Similar School,ACARA,NAPLANResult_SimilarSchool,Absent Percentage
ACARA,NAPLAN Result Similar School,ACARA,NAPLANResult_SimilarSchool,Withdrawn Percentage
GPS,Organisation Bank Account,GPS,Dim_Organisation_Bank_Account,Organisation_Bank_Account_Id
GPS,Organisation Bank Account,GPS,Dim_Organisation_Bank_Account,Organisation Bank Account Description
GPS,Organisation Bank Account,GPS,Dim_Organisation_Bank_Account,Organisation Bank Account End Date
GPS,Organisation Bank Account,GPS,Dim_Organisation_Bank_Account,Organisation Bank Account Name
GPS,Organisation Bank Account,GPS,Dim_Organisation_Bank_Account,Organisation Bank Account Number
GPS,Organisation Bank Account,GPS,Dim_Organisation_Bank_Account,Organisation Bank Account Sequence Number
GPS,Organisation Bank Account,GPS,Dim_Organisation_Bank_Account,Organisation Bank Account Status
GPS,Organisation Bank Account,GPS,Dim_Organisation_Bank_Account,Organisation BSB Number
GPS,Organisation Bank Account,GPS,Dim_Organisation_Bank_Account,Organisation Bank Account Financial Institution
pmc,POSTAL_TO_PMCREG,abs,SA1_TO_ALL,SA1_MAINCODE
pmc,POSTAL_TO_PMCREG,abs,SA1_TO_ALL,POA_CODE
CRM,Interaction Party,CRM,email,activityid
CRM,Interaction,CRM,email,activityid
CRM,Interaction,CRM,email,regardingobjectid
CRM,Interaction,CRM,email,subject
CRM,Interaction,CRM,email,ownerid
CRM,Interaction,CRM,email,createdon
CRM,Interaction,CRM,email,createdby
CRM,Interaction,CRM,email,modifiedon
CRM,Interaction,CRM,email,statecodename
CRM,Interaction,CRM,email,statuscodename
ESS,For NLP CDP Job Plan,ESS,SUB854_JOB_PLAN_NIAA,EFFECTIVE_START_DATE
ESS,For NLP CDP Job Plan Assistance,ESS,SUB854_JOB_PLAN_NIAA,EFFECTIVE_START_DATE
ESS,For NLP CDP Job Plan,ESS,SUB854_JOB_PLAN_NIAA,EFFECTIVE_END_DATE
ESS,For NLP CDP Job Plan,ESS,SUB854_JOB_PLAN_NIAA,JobPlanID
ESS,For NLP CDP Job Plan Assistance,ESS,SUB854_JOB_PLAN_NIAA,JobPlanID
ESS,For NLP CDP Barrier,ESS,SUB854_JOB_PLAN_NIAA,JobPlanID
ESS,CDP Job Plan,ESS,SUB854_JOB_PLAN_NIAA,JobPlanID
ESS,CDP Job Plan Assistance,ESS,SUB854_JOB_PLAN_NIAA,JobPlanID
ESS,CDP Job Plan Activity,ESS,SUB854_JOB_PLAN_NIAA,JobPlanID
ESS,CDP Barrier Job Plan Activity Link,ESS,SUB854_JOB_PLAN_NIAA,JobPlanID
ESS,CDP Barrier Job Plan Assistance Link,ESS,SUB854_JOB_PLAN_NIAA,JobPlanID
ESS,CDP Barrier,ESS,SUB854_JOB_PLAN_NIAA,JobPlanID
ESS,CDP Job Plan Activity Detail,ESS,SUB854_JOB_PLAN_NIAA,JobPlanID
ESS,CDP Job Plan Activity Detail,ESS,SUB854_JOB_PLAN_NIAA,Status
ESS,CDP Barrier,ESS,SUB854_JOB_PLAN_NIAA,Status
ESS,CDP Barrier Job Plan Assistance Link,ESS,SUB854_JOB_PLAN_NIAA,Status
ESS,CDP Barrier Job Plan Activity Link,ESS,SUB854_JOB_PLAN_NIAA,Status
ESS,CDP Job Plan Activity,ESS,SUB854_JOB_PLAN_NIAA,Status
ESS,CDP Job Plan Assistance,ESS,SUB854_JOB_PLAN_NIAA,Status
ESS,CDP Job Plan,ESS,SUB854_JOB_PLAN_NIAA,Status
ESS,For NLP CDP Barrier,ESS,SUB854_JOB_PLAN_NIAA,Status
ESS,For NLP CDP Job Plan,ESS,SUB854_JOB_PLAN_NIAA,Status
ESS,For NLP CDP Job Plan,ESS,SUB854_JOB_PLAN_NIAA,JobSeekerId
ESS,CDP Job Plan,ESS,SUB854_JOB_PLAN_NIAA,JobSeekerId
ESS,CDP Job Plan Assistance,ESS,SUB854_JOB_PLAN_NIAA,JobSeekerId
ESS,CDP Job Plan Activity Detail,ESS,SUB854_JOB_PLAN_NIAA,JobSeekerId
ESS,CDP Job Plan,ESS,SUB854_JOB_PLAN_NIAA,SignedDate
ESS,For NLP CDP Job Plan,ESS,SUB854_JOB_PLAN_NIAA,SignedDate
ESS,For NLP CDP Job Plan,ESS,SUB854_JOB_PLAN_NIAA,OrganisationCode
ESS,CDP Job Plan,ESS,SUB854_JOB_PLAN_NIAA,OrganisationCode
ESS,CDP Job Plan,ESS,SUB854_JOB_PLAN_NIAA,SiteCode
ESS,For NLP CDP Job Plan,ESS,SUB854_JOB_PLAN_NIAA,SiteCode
ESS,For NLP CDP Job Plan,ESS,SUB854_JOB_PLAN_NIAA,StatusDate
ESS,CDP Job Plan,ESS,SUB854_JOB_PLAN_NIAA,StatusDate
ESS,CDP Job Plan,ESS,SUB854_JOB_PLAN_NIAA,ContractType
ESS,For NLP CDP Job Plan,ESS,SUB854_JOB_PLAN_NIAA,ContractType
ESS,For NLP CDP Job Plan,ESS,SUB854_JOB_PLAN_NIAA,GoalDescription
ESS,CDP Job Plan,ESS,SUB854_JOB_PLAN_NIAA,GoalDescription
ESS,CDP Job Plan,ESS,SUB854_JOB_PLAN_NIAA,IsActive
ESS,CDP Job Plan Assistance,ESS,SUB854_JOB_PLAN_NIAA,IsActive
ESS,CDP Job Plan Activity,ESS,SUB854_JOB_PLAN_NIAA,IsActive
ESS,For NLP CDP Barrier,ESS,SUB854_JOB_PLAN_NIAA,IsActive
ESS,CDP Barrier Job Plan Activity Link,ESS,SUB854_JOB_PLAN_NIAA,IsActive
ESS,CDP Barrier Job Plan Assistance Link,ESS,SUB854_JOB_PLAN_NIAA,IsActive
ESS,CDP Barrier,ESS,SUB854_JOB_PLAN_NIAA,IsActive
ESS,CDP Job Plan Activity Detail,ESS,SUB854_JOB_PLAN_NIAA,IsActive
FUSION,System User,FUSION,SystemUser,accessmodename
FUSION,System User,FUSION,SystemUser,address1_addressid
FUSION,System User,FUSION,SystemUser,address1_addresstypecodename
FUSION,System User,FUSION,SystemUser,address1_city
FUSION,System User,FUSION,SystemUser,address1_composite
FUSION,System User,FUSION,SystemUser,address1_country
FUSION,System User,FUSION,SystemUser,address1_county
FUSION,System User,FUSION,SystemUser,address1_fax
FUSION,System User,FUSION,SystemUser,address1_latitude
FUSION,System User,FUSION,SystemUser,address1_line1
FUSION,System User,FUSION,SystemUser,address1_line2
FUSION,System User,FUSION,SystemUser,address1_line3
FUSION,System User,FUSION,SystemUser,address1_longitude
FUSION,System User,FUSION,SystemUser,address1_name
FUSION,System User,FUSION,SystemUser,address1_postalcode
FUSION,System User,FUSION,SystemUser,address1_postofficebox
FUSION,System User,FUSION,SystemUser,address1_shippingmethodcodename
FUSION,System User,FUSION,SystemUser,address1_stateorprovince
FUSION,System User,FUSION,SystemUser,address1_telephone1
FUSION,System User,FUSION,SystemUser,address1_telephone2
FUSION,System User,FUSION,SystemUser,address1_telephone3
FUSION,System User,FUSION,SystemUser,applicationid
FUSION,System User,FUSION,SystemUser,applicationiduri
FUSION,System User,FUSION,SystemUser,azureactivedirectoryobjectid
FUSION,System User,FUSION,SystemUser,azuredeletedon
FUSION,System User,FUSION,SystemUser,azurestatename
FUSION,System User,FUSION,SystemUser,businessunitid
FUSION,System User,FUSION,SystemUser,businessunitidname
FUSION,System User,FUSION,SystemUser,calendarid
FUSION,System User,FUSION,SystemUser,caltypename
FUSION,System User,FUSION,SystemUser,defaultfilterspopulated
FUSION,System User,FUSION,SystemUser,defaultmailbox
FUSION,System User,FUSION,SystemUser,defaultmailboxname
FUSION,System User,FUSION,SystemUser,defaultodbfoldername
FUSION,System User,FUSION,SystemUser,deletedstatename
FUSION,System User,FUSION,SystemUser,disabledreason
FUSION,System User,FUSION,SystemUser,displayinserviceviewsname
FUSION,System User,FUSION,SystemUser,domainname
FUSION,System User,FUSION,SystemUser,emailrouteraccessapprovalname
FUSION,System User,FUSION,SystemUser,employeeid
FUSION,System User,FUSION,SystemUser,entityimageid
FUSION,System User,FUSION,SystemUser,firstname
FUSION,System User,FUSION,SystemUser,fullname
FUSION,Funding Decision Audit,FUSION,SystemUser,fullname
FUSION,Planned Investment,FUSION,SystemUser,fullname
FUSION,System User,FUSION,SystemUser,governmentid
FUSION,System User,FUSION,SystemUser,homephone
FUSION,System User,FUSION,SystemUser,identityid
FUSION,System User,FUSION,SystemUser,incomingemaildeliverymethodname
FUSION,System User,FUSION,SystemUser,internalemailaddress
FUSION,Planned Investment,FUSION,SystemUser,internalemailaddress
FUSION,System User,FUSION,SystemUser,invitestatuscode
FUSION,System User,FUSION,SystemUser,invitestatuscodename
FUSION,System User,FUSION,SystemUser,isactivedirectoryuser
FUSION,System User,FUSION,SystemUser,isdisabledname
FUSION,System User,FUSION,SystemUser,isemailaddressapprovedbyo365admin
FUSION,System User,FUSION,SystemUser,isintegrationusername
FUSION,System User,FUSION,SystemUser,islicensedname
FUSION,System User,FUSION,SystemUser,issyncwithdirectory
FUSION,System User,FUSION,SystemUser,jobtitle
FUSION,System User,FUSION,SystemUser,lastname
FUSION,System User,FUSION,SystemUser,latestupdatetime
FUSION,System User,FUSION,SystemUser,middlename
FUSION,System User,FUSION,SystemUser,mobilealertemail
FUSION,System User,FUSION,SystemUser,mobileofflineprofileid
FUSION,System User,FUSION,SystemUser,mobileofflineprofileidname
FUSION,System User,FUSION,SystemUser,mobilephone
FUSION,System User,FUSION,SystemUser,msdyn_botdescription
FUSION,System User,FUSION,SystemUser,msdyn_botendpoint
FUSION,System User,FUSION,SystemUser,msdyn_botsecretkeys
FUSION,System User,FUSION,SystemUser,msdyn_capacity
FUSION,System User,FUSION,SystemUser,msdyn_defaultpresenceiduser
FUSION,System User,FUSION,SystemUser,msdyn_defaultpresenceidusername
FUSION,System User,FUSION,SystemUser,msdyn_gdproptoutname
FUSION,System User,FUSION,SystemUser,msdyn_gridwrappercontrolfield
FUSION,System User,FUSION,SystemUser,msdyn_isexpertenabledforswarmname
FUSION,System User,FUSION,SystemUser,msdyn_usertypename
FUSION,System User,FUSION,SystemUser,nickname
FUSION,System User,FUSION,SystemUser,organizationid
FUSION,System User,FUSION,SystemUser,organizationidname
FUSION,System User,FUSION,SystemUser,outgoingemaildeliverymethodname
FUSION,System User,FUSION,SystemUser,parentsystemuserid
FUSION,System User,FUSION,SystemUser,parentsystemuseridname
FUSION,System User,FUSION,SystemUser,passporthi
FUSION,System User,FUSION,SystemUser,passportlo
FUSION,System User,FUSION,SystemUser,personalemailaddress
FUSION,System User,FUSION,SystemUser,photourl
FUSION,System User,FUSION,SystemUser,pmc_branch
FUSION,System User,FUSION,SystemUser,pmc_branchname
FUSION,System User,FUSION,SystemUser,pmc_division
FUSION,System User,FUSION,SystemUser,pmc_divisionname
FUSION,System User,FUSION,SystemUser,pmc_group
FUSION,System User,FUSION,SystemUser,pmc_groupname
FUSION,System User,FUSION,SystemUser,pmc_positionlevel
FUSION,System User,FUSION,SystemUser,pmc_positionlevelname
FUSION,System User,FUSION,SystemUser,pmc_section
FUSION,System User,FUSION,SystemUser,pmc_sectionname
FUSION,System User,FUSION,SystemUser,positionid
FUSION,System User,FUSION,SystemUser,positionidname
FUSION,System User,FUSION,SystemUser,preferredaddresscodename
FUSION,System User,FUSION,SystemUser,preferredemailcodename
FUSION,System User,FUSION,SystemUser,preferredphonecodename
FUSION,System User,FUSION,SystemUser,processid
FUSION,System User,FUSION,SystemUser,queueid
FUSION,System User,FUSION,SystemUser,salutation
FUSION,System User,FUSION,SystemUser,setupusername
FUSION,System User,FUSION,SystemUser,sharepointemailaddress
FUSION,System User,FUSION,SystemUser,siteid
FUSION,System User,FUSION,SystemUser,siteidname
FUSION,System User,FUSION,SystemUser,skills
FUSION,System User,FUSION,SystemUser,stageid
FUSION,System User,FUSION,SystemUser,systemuserid
FUSION,Funding Decision Audit,FUSION,SystemUser,systemuserid
FUSION,Planned Investment,FUSION,SystemUser,systemuserid
FUSION,System User,FUSION,SystemUser,territoryid
FUSION,System User,FUSION,SystemUser,territoryidname
FUSION,System User,FUSION,SystemUser,title
FUSION,System User,FUSION,SystemUser,traversedpath
FUSION,System User,FUSION,SystemUser,userlicensetype
FUSION,System User,FUSION,SystemUser,userpuid
FUSION,System User,FUSION,SystemUser,windowsliveid
FUSION,Funding Decision Stage,FUSION,Funding Decision Audit,Funding Brief Id
FUSION,Funding Decision Stage,FUSION,Funding Decision Audit,Funding Decision Id
FUSION,Funding Decision Stage,FUSION,Funding Decision Audit,Pending Action From
FUSION,Funding Decision Stage,FUSION,Funding Decision Audit,Status Code Name
FUSION,Funding Decision Stage,FUSION,Funding Decision Audit,Date From
FUSION,Funding Decision Stage,FUSION,Funding Decision Audit,Date To
FUSION,Performance Report Assessment,FUSION,pmc_activityreview,pmc_activityreviewid
FUSION,Grant Activity Review,FUSION,pmc_activityreview,pmc_activityreviewid
FUSION,Grant Activity KPI Assessment,FUSION,pmc_activityreview,pmc_activityreviewid
GPS,Grant Activity Performance,FUSION,pmc_activityreview,pmc_activityreviewid
FUSION,Grant Activity Review,FUSION,pmc_activityreview,pmc_daysoverdue
FUSION,Grant Activity Review,FUSION,pmc_activityreview,pmc_duedate
FUSION,Grant Activity Review,FUSION,pmc_activityreview,pmc_enddate
FUSION,Grant Activity Review,FUSION,pmc_activityreview,pmc_findings
FUSION,Grant Activity Review,FUSION,pmc_activityreview,pmc_formreceiveddate
FUSION,Grant Activity Review,FUSION,pmc_activityreview,pmc_formsentdate
FUSION,Grant Activity Review,FUSION,pmc_activityreview,pmc_grantactivityid
FUSION,Grant Activity Review,FUSION,pmc_activityreview,pmc_milestoneid
FUSION,Grant Activity Review,FUSION,pmc_activityreview,pmc_name
FUSION,Grant Activity Review,FUSION,pmc_activityreview,pmc_result
FUSION,Grant Activity Review,FUSION,pmc_activityreview,pmc_resultname
FUSION,Grant Activity Review,FUSION,pmc_activityreview,pmc_reviewertype
FUSION,Grant Activity Review,FUSION,pmc_activityreview,pmc_reviewertypename
FUSION,Grant Activity Review,FUSION,pmc_activityreview,pmc_reviewgrouping
FUSION,Grant Activity Review,FUSION,pmc_activityreview,pmc_reviewid
FUSION,Grant Activity KPI Assessment,FUSION,pmc_activityreview,pmc_reviewid
FUSION,Performance Report Assessment,FUSION,pmc_activityreview,pmc_reviewid
GPS,Grant Activity Performance,FUSION,pmc_activityreview,pmc_reviewid
FUSION,Grant Activity Review,FUSION,pmc_activityreview,pmc_reviewstage
FUSION,Grant Activity Review,FUSION,pmc_activityreview,pmc_reviewstagename
FUSION,Grant Activity Review,FUSION,pmc_activityreview,pmc_reviewsubtype
FUSION,Grant Activity Review,FUSION,pmc_activityreview,pmc_reviewtype
FUSION,Grant Activity Review,FUSION,pmc_activityreview,pmc_reviewtypename
FUSION,Grant Activity Review,FUSION,pmc_activityreview,pmc_score
FUSION,Grant Activity Review,FUSION,pmc_activityreview,pmc_startdate
FUSION,Grant Activity Review,FUSION,pmc_activityreview,pmc_statuschangeotherreason
FUSION,Grant Activity Review,FUSION,pmc_activityreview,pmc_statuschangereason
FUSION,Grant Activity Review,FUSION,pmc_activityreview,pmc_title
FUSION,Grant Activity Review,FUSION,pmc_activityreview,statecodename
FUSION,Grant Activity Review,FUSION,pmc_activityreview,statuscodename
ESS,CDP Job Seeker Characteristics Month End,ESS,CDP_Js_Char_Month_End,JS Char Effective Start Date
ESS,CDP Job Seeker Characteristics Month End,ESS,CDP_Js_Char_Month_End,JS Char Effective End Date
ESS,CDP Job Seeker Characteristics Month End,ESS,CDP_Js_Char_Month_End,Month End
FUSION,Grant Management Unit Alternate Name,FUSION,pmc_alternatename,pmc_agencyregionid
FUSION,NIAA Region Alternate Name,FUSION,pmc_alternatename,pmc_agencyregionid
FUSION,NIAA Region Alternate Name,FUSION,pmc_alternatename,pmc_agencyregionidname
FUSION,NIAA Region Alternate Name,FUSION,pmc_alternatename,pmc_alternatename
FUSION,Programme Alternate Name,FUSION,pmc_alternatename,pmc_alternatename
FUSION,Grant Management Unit Alternate Name,FUSION,pmc_alternatename,pmc_alternatename
FUSION,Programme Component Alternate Name,FUSION,pmc_alternatename,pmc_alternatename
FUSION,Programme Component Alternate Name,FUSION,pmc_alternatename,pmc_alternatenameid
FUSION,Grant Management Unit Alternate Name,FUSION,pmc_alternatename,pmc_alternatenameid
FUSION,Programme Alternate Name,FUSION,pmc_alternatename,pmc_alternatenameid
FUSION,NIAA Region Alternate Name,FUSION,pmc_alternatename,pmc_alternatenameid
FUSION,Programme Component Alternate Name,FUSION,pmc_alternatename,pmc_programmecomponentidid
FUSION,Programme Alternate Name,FUSION,pmc_alternatename,pmc_programmeid
FUSION,Programme Alternate Name,FUSION,pmc_alternatename,statecodename
ESS,TWES Claim,ESS,SUB858_CLAIM_NIAA,EXTRACT_DATE
ESS,TWES Claim,ESS,SUB858_CLAIM_NIAA,CLAIM_ID
ESS,TWES Claim,ESS,SUB858_CLAIM_NIAA,YPY_STATUS_CODE
ESS,TWES Claim,ESS,SUB858_CLAIM_NIAA,CMY_RATE_TYPE
ESS,TWES Claim,ESS,SUB858_CLAIM_NIAA,CVC_CONTRACT_ID
ESS,TWES Claim,ESS,SUB858_CLAIM_NIAA,CVC_CONTR_TYPE_CD
ESS,TWES Claim,ESS,SUB858_CLAIM_NIAA,START_DATE
ESS,TWES Claim,ESS,SUB858_CLAIM_NIAA,END_DATE
ESS,TWES Claim,ESS,SUB858_CLAIM_NIAA,AMOUNT
ESS,TWES Claim,ESS,SUB858_CLAIM_NIAA,APPROVED_AMOUNT
ESS,TWES Claim,ESS,SUB858_CLAIM_NIAA,APPROVED_DATE
ESS,TWES Claim,ESS,SUB858_CLAIM_NIAA,SPECIAL_CLAIM_CODE
ESS,TWES Claim,ESS,SUB858_CLAIM_NIAA,DIS_CM_SITE_CD
ESS,TWES Claim,ESS,SUB858_CLAIM_NIAA,CLAIM_DUE_DATE
ESS,TWES Claim,ESS,SUB858_CLAIM_NIAA,CREATION_DATE
ESS,TWES Claim,ESS,SUB858_CLAIM_NIAA,ORG_ORGANISATN_CD
ESS,TWES Claim,ESS,SUB858_CLAIM_NIAA,GST_AMOUNT
ESS,TWES Claim,ESS,SUB858_CLAIM_NIAA,PRV_PROVIDER_ID
ESS,TWES Claim,ESS,SUB858_CLAIM_NIAA,PGC_PROGRAM_CA
ESS,TWES Claim,ESS,SUB858_CLAIM_NIAA,JSKR_ID
ESS,TWES Claim,ESS,SUB858_CLAIM_NIAA,CONNECT_GL_ACCT
ESS,TWES Claim,ESS,SUB858_CLAIM_NIAA,CONNECT_CST_CENTRE
ESS,TWES Claim,ESS,SUB858_CLAIM_NIAA,IsActive
FUSION,Opportunity Stakeholder,FUSION,pmc_opportunitystakeholder,pmc_name
FUSION,Opportunity Stakeholder,FUSION,pmc_opportunitystakeholder,pmc_opportunityid
FUSION,Opportunity Stakeholder,FUSION,pmc_opportunitystakeholder,pmc_opportunityidname
FUSION,Opportunity Stakeholder,FUSION,pmc_opportunitystakeholder,pmc_opportunitystakeholderid
FUSION,Opportunity Stakeholder,FUSION,pmc_opportunitystakeholder,pmc_stakeholderinterest
FUSION,Opportunity Stakeholder,FUSION,pmc_opportunitystakeholder,pmc_stakeholdertypename
FUSION,Opportunity Stakeholder,FUSION,pmc_opportunitystakeholder,statuscodename
ESS,TWES Site Contract,ESS,TWES Contract Static List,Contract Id
ESS,TWES Commencement History,ESS,TWES Contract Static List,Contract Id
ESS,TWES Commencement History,ESS,TWES Contract Static List,Is Active
ESS,TWES Site Contract,ESS,TWES Contract Static List,Is Active
ACARA,School Attendance,ACARA,SchoolAttendance,ID
ACARA,School Attendance,ACARA,SchoolAttendance,Calendar Year
ACARA,School Attendance,ACARA,SchoolAttendance,ACARA_SML_ID
ACARA,School Attendance,ACARA,SchoolAttendance,Term/Semester Description
ACARA,School Attendance,ACARA,SchoolAttendance,Attendance Rate
ACARA,School Attendance,ACARA,SchoolAttendance,Indigenous Attendance Rate
ACARA,School Attendance,ACARA,SchoolAttendance,Non-Indigenous Attendance Rate
ACARA,School Attendance,ACARA,SchoolAttendance,Attendance Level
ACARA,School Attendance,ACARA,SchoolAttendance,Indigenous Attendance Level
ACARA,School Attendance,ACARA,SchoolAttendance,Non-Indigenous Attendance Level
CRM,Interaction,CRM,email_etltransform,activityid
CRM,Interaction,CRM,email_etltransform,description
ESS,Grant Activity KPI Assessment,Forms,CDP_PPR_Result_History,Organisation Region Key
ESS,CDP PPR Result History,Forms,CDP_PPR_Result_History,Organisation Region Key
GPS,Grant Activity Performance Item,Forms,CDP_PPR_Result_History,Organisation Region Key
ESS,CDP PPR Result History,Forms,CDP_PPR_Result_History,PPR Measure Key
ESS,CDP PPR Result History,Forms,CDP_PPR_Result_History,PPR Measure Value
ESS,Grant Activity KPI Assessment,Forms,CDP_PPR_Result_History,PPR Measure Value
GPS,Grant Activity Performance Item,Forms,CDP_PPR_Result_History,PPR Measure Value
GPS,Grant Activity Performance Item,Forms,CDP_PPR_Result_History,PPR Number
ESS,Grant Activity KPI Assessment,Forms,CDP_PPR_Result_History,PPR Number
ESS,CDP PPR Result History,Forms,CDP_PPR_Result_History,PPR Number
ESS,CDP PPR Result History,Forms,CDP_PPR_Result_History,Measure
ESS,Grant Activity KPI Assessment,Forms,CDP_PPR_Result_History,Measure
GPS,Grant Activity Performance Item,Forms,CDP_PPR_Result_History,Measure
ESS,CDP PPR Result History,Forms,CDP_PPR_Result_History,Deleted
ESS,CDP PPR Result History,Forms,CDP_PPR_Result_History,PPR Key
ESS,Grant Activity KPI Assessment,Forms,CDP_PPR_Result_History,PPR Id
GPS,Grant Activity Performance Item,Forms,CDP_PPR_Result_History,PPR Id
FUSION,Grant Activity Review Item,FUSION,pmc_activityreviewitem,pmc_activityreviewitemid
FUSION,Grant Activity Review Item,FUSION,pmc_activityreviewitem,pmc_answer
FUSION,Grant Activity Review Item,FUSION,pmc_activityreviewitem,pmc_justification
FUSION,Grant Activity Review Item,FUSION,pmc_activityreviewitem,pmc_name
FUSION,Grant Activity Review Item,FUSION,pmc_activityreviewitem,pmc_number
FUSION,Grant Activity Review Item,FUSION,pmc_activityreviewitem,pmc_question
FUSION,Grant Activity Review Item,FUSION,pmc_activityreviewitem,pmc_reviewid
FUSION,Grant Activity Review Item,FUSION,pmc_activityreviewitem,pmc_reviewidname
FUSION,Grant Activity Review Item,FUSION,pmc_activityreviewitem,pmc_reviewitemid
FUSION,Grant Activity Review Item,FUSION,pmc_activityreviewitem,statecodename
FUSION,Grant Activity Review Item,FUSION,pmc_activityreviewitem,statuscodename
SnapForms_RJED,Employment Report Placement,Forms_RJED,Employment Report Placement Manual Upload,Response ID
SnapForms_RJED,Employment Report Placement,Forms_RJED,Employment Report Placement Manual Upload,Form ID
SnapForms_RJED,Employment Report Placement,Forms_RJED,Employment Report Placement Manual Upload,Placement Number
SnapForms_RJED,Employment Report Placement,Forms_RJED,Employment Report Placement Manual Upload,Employee CRN
SnapForms_RJED,Employment Report Placement,Forms_RJED,Employment Report Placement Manual Upload,Employee Name
SnapForms_RJED,Employment Report Placement,Forms_RJED,Employment Report Placement Manual Upload,Employee Date Of Birth
SnapForms_RJED,Employment Report Placement,Forms_RJED,Employment Report Placement Manual Upload,Employee Age At Employment Start Date
SnapForms_RJED,Employment Report Placement,Forms_RJED,Employment Report Placement Manual Upload,Employee Gender
SnapForms_RJED,Employment Report Placement,Forms_RJED,Employment Report Placement Manual Upload,Employee Indigeneity
SnapForms_RJED,Employment Report Placement,Forms_RJED,Employment Report Placement Manual Upload,Job Title
SnapForms_RJED,Employment Report Placement,Forms_RJED,Employment Report Placement Manual Upload,Employment Industry
SnapForms_RJED,Employment Report Placement,Forms_RJED,Employment Report Placement Manual Upload,Employment Type
SnapForms_RJED,Employment Report Placement,Forms_RJED,Employment Report Placement Manual Upload,Employment Start Date
SnapForms_RJED,Employment Report Placement,Forms_RJED,Employment Report Placement Manual Upload,Employee Hours Worked This Quarter
SnapForms_RJED,Employment Report Placement,Forms_RJED,Employment Report Placement Manual Upload,Employee Wages Paid This Quarter
SnapForms_RJED,Employment Report Placement,Forms_RJED,Employment Report Placement Manual Upload,Employee Hourly Rate
SnapForms_RJED,Employment Report Placement,Forms_RJED,Employment Report Placement Manual Upload,Employee Ceased Employment This Quarter
SnapForms_RJED,Employment Report Placement,Forms_RJED,Employment Report Placement Manual Upload,Employee SLK_581
SnapForms_RJED,Employment Report Placement,Forms_RJED,Employment Report Placement Manual Upload,Non Standard Entry Type
SnapForms_RJED,Employment Report Placement,Forms_RJED,Employment Report Placement Manual Upload,Non Standard Entry Reason
FUSION,Organisation Additional Condition,FUSION,pmc_organisationadditionalcondition,pmc_addedbyidname
FUSION,Organisation Additional Condition,FUSION,pmc_organisationadditionalcondition,pmc_additionalconditionidname
FUSION,Organisation Additional Condition,FUSION,pmc_organisationadditionalcondition,pmc_additionjustification
FUSION,Organisation Additional Condition,FUSION,pmc_organisationadditionalcondition,pmc_additionriskprofileidname
FUSION,Organisation Additional Condition,FUSION,pmc_organisationadditionalcondition,pmc_applicablefrom
FUSION,Organisation Additional Condition,FUSION,pmc_organisationadditionalcondition,pmc_applicableto
FUSION,Organisation Additional Condition,FUSION,pmc_organisationadditionalcondition,pmc_lastreviewedbyidname
FUSION,Organisation Additional Condition,FUSION,pmc_organisationadditionalcondition,pmc_lastrevieweddate
FUSION,Organisation Additional Condition,FUSION,pmc_organisationadditionalcondition,pmc_name
FUSION,Organisation Additional Condition,FUSION,pmc_organisationadditionalcondition,pmc_organisationadditionalconditionid
FUSION,Organisation Additional Condition,FUSION,pmc_organisationadditionalcondition,pmc_organisationid
FUSION,Organisation Additional Condition,FUSION,pmc_organisationadditionalcondition,pmc_removaljustification
FUSION,Organisation Additional Condition,FUSION,pmc_organisationadditionalcondition,pmc_removalriskprofileidname
FUSION,Organisation Additional Condition,FUSION,pmc_organisationadditionalcondition,pmc_removedbyidname
FUSION,Organisation Additional Condition,FUSION,pmc_organisationadditionalcondition,pmc_sourcename
FUSION,Organisation Additional Condition,FUSION,pmc_organisationadditionalcondition,statuscodename
ACARA,School Governing Body,ACARA,SchoolGoverningBody,ID
ACARA,School Governing Body,ACARA,SchoolGoverningBody,Calendar Year
ACARA,School Governing Body,ACARA,SchoolGoverningBody,ACARA_SML_ID
ACARA,School Governing Body,ACARA,SchoolGoverningBody,Governing Body
ACARA,School Governing Body,ACARA,SchoolGoverningBody,Governing Body URL
ABSDataPack,ATSIP IREG Projected Population,ABSDataPack,IREG Projected Population,Id
ABSDataPack,ATSIP IREG Projected Population,ABSDataPack,IREG Projected Population,Sex
ABSDataPack,ATSIP IREG Projected Population,ABSDataPack,IREG Projected Population,Age Code
ABSDataPack,ATSIP IREG Projected Population,ABSDataPack,IREG Projected Population,Age
ABSDataPack,ATSIP IREG Projected Population,ABSDataPack,IREG Projected Population,IREG Code
ABSDataPack,ATSIP IREG Projected Population,ABSDataPack,IREG Projected Population,Indigenous Region
ABSDataPack,ATSIP IREG Projected Population,ABSDataPack,IREG Projected Population,Projection Series
ABSDataPack,ATSIP IREG Projected Population,ABSDataPack,IREG Projected Population,Year
ABSDataPack,ATSIP IREG Projected Population,ABSDataPack,IREG Projected Population,Value
GPS,Grant Activity Milestone,GPS,Dim_Legal_Entity_Organisation,%Dim_Legal_Entity_Organisation_Key
ESS,CDP Job Seeker,abs,STATE,State Name
ESS,CDP Site Contract,abs,STATE,State Name
ESS,CDP Organisation,abs,STATE,State Name
ESS,CDP Region,abs,STATE,State Name
ESS,CDP Region,abs,STATE,State/Territory
ESS,CDP Organisation,abs,STATE,State/Territory
ESS,CDP Site Contract,abs,STATE,State/Territory
ESS,CDP Job Seeker,abs,STATE,State/Territory
FUSION,Organisation Risk Profile,FUSION,pmc_organisationriskprofile,pmc_actionofficeridname
FUSION,Organisation Risk Profile,FUSION,pmc_organisationriskprofile,pmc_actionofficerrelationship
FUSION,Organisation Risk Profile,FUSION,pmc_organisationriskprofile,pmc_additionalconditionsmessage
FUSION,Organisation Risk Profile,FUSION,pmc_organisationriskprofile,pmc_agencyregionid
FUSION,Organisation Risk Profile,FUSION,pmc_organisationriskprofile,pmc_approvedbyname
FUSION,Organisation Risk Profile,FUSION,pmc_organisationriskprofile,pmc_approveddate
FUSION,Organisation Risk Profile,FUSION,pmc_organisationriskprofile,pmc_approvedname
FUSION,Organisation Risk Profile,FUSION,pmc_organisationriskprofile,pmc_assessmentduedate
FUSION,Organisation Risk Profile Derived History,FUSION,pmc_organisationriskprofile,pmc_assessmentduedate
FUSION,Organisation Risk Profile,FUSION,pmc_organisationriskprofile,pmc_clearancecomments
FUSION,Organisation Risk Profile,FUSION,pmc_organisationriskprofile,pmc_clearedbyname
FUSION,Organisation Risk Profile,FUSION,pmc_organisationriskprofile,pmc_clearedname
FUSION,Organisation Risk Profile,FUSION,pmc_organisationriskprofile,pmc_clearedon
FUSION,Organisation Risk Profile Derived History,FUSION,pmc_organisationriskprofile,pmc_clearedon
FUSION,Organisation Risk Profile,FUSION,pmc_organisationriskprofile,pmc_conflictofinterestname
FUSION,Organisation Risk Profile,FUSION,pmc_organisationriskprofile,pmc_exemptionremovaljustification
FUSION,Organisation Risk Profile,FUSION,pmc_organisationriskprofile,pmc_expirydate
FUSION,Organisation Risk Profile,FUSION,pmc_organisationriskprofile,pmc_fundedatreviewname
FUSION,Organisation Risk Profile,FUSION,pmc_organisationriskprofile,pmc_grantapplicationid
FUSION,Organisation Risk Profile,FUSION,pmc_organisationriskprofile,pmc_isautomaticallycreatedname
FUSION,Organisation Risk Profile,FUSION,pmc_organisationriskprofile,pmc_keycontactidname
FUSION,Organisation Risk Profile,FUSION,pmc_organisationriskprofile,pmc_name
FUSION,Organisation Risk Profile,FUSION,pmc_organisationriskprofile,pmc_notifiedbyname
FUSION,Organisation Risk Profile,FUSION,pmc_organisationriskprofile,pmc_notifiedon
FUSION,Organisation Risk Profile,FUSION,pmc_organisationriskprofile,pmc_onbehalfof
FUSION,Organisation Risk Profile,FUSION,pmc_organisationriskprofile,pmc_organisationid
FUSION,Organisation Risk Profile,FUSION,pmc_organisationriskprofile,pmc_organisationnotifiedname
FUSION,Organisation Risk Profile,FUSION,pmc_organisationriskprofile,pmc_organisationriskprofileid
FUSION,Organisation Risk Profile Derived History,FUSION,pmc_organisationriskprofile,pmc_organisationriskprofileid
FUSION,Organisation Risk Profile,FUSION,pmc_organisationriskprofile,pmc_preparedforreviewbyname
FUSION,Organisation Risk Profile,FUSION,pmc_organisationriskprofile,pmc_preparedforreviewon
FUSION,Organisation Risk Profile,FUSION,pmc_organisationriskprofile,pmc_prereviewapproveddate
FUSION,Organisation Risk Profile,FUSION,pmc_organisationriskprofile,pmc_prereviewexpirydate
FUSION,Organisation Risk Profile,FUSION,pmc_organisationriskprofile,pmc_prereviewriskratingname
FUSION,Organisation Risk Profile,FUSION,pmc_organisationriskprofile,pmc_questionnairetemplateid
FUSION,Organisation Risk Profile,FUSION,pmc_organisationriskprofile,pmc_readyforreviewname
FUSION,Organisation Risk Profile,FUSION,pmc_organisationriskprofile,pmc_reasonforchange
FUSION,Organisation Risk Profile,FUSION,pmc_organisationriskprofile,pmc_revertreason
FUSION,Organisation Risk Profile,FUSION,pmc_organisationriskprofile,pmc_reviewcompletename
FUSION,Organisation Risk Profile,FUSION,pmc_organisationriskprofile,pmc_reviewedbyname
FUSION,Organisation Risk Profile,FUSION,pmc_organisationriskprofile,pmc_reviewedon
FUSION,Organisation Risk Profile,FUSION,pmc_organisationriskprofile,pmc_riskexemptionjustification
FUSION,Organisation Risk Profile,FUSION,pmc_organisationriskprofile,pmc_riskexemptionreasonname
FUSION,Organisation Risk Profile,FUSION,pmc_organisationriskprofile,pmc_riskprofilenumber
FUSION,Organisation Risk Profile,FUSION,pmc_organisationriskprofile,pmc_riskratingname
FUSION,Organisation Risk Profile,FUSION,pmc_organisationriskprofile,pmc_riskreviewreasonname
FUSION,Organisation Risk Profile,FUSION,pmc_organisationriskprofile,statecodename
FUSION,Organisation Risk Profile,FUSION,pmc_organisationriskprofile,statuscodename
FUSION,Organisation Risk Profile Derived History,FUSION,pmc_organisationriskprofile,statuscodename
ACARA,School Location,ACARA,SchoolLocation,ID
ACARA,School Location,ACARA,SchoolLocation,Calendar Year
ACARA,School Location,ACARA,SchoolLocation,ACARA SML ID
ACARA,School Location,ACARA,SchoolLocation,Latitude
ACARA,School Location,ACARA,SchoolLocation,Longitude
ACARA,School Location,ACARA,SchoolLocation,Statistical Area 1
ACARA,School Location,ACARA,SchoolLocation,Statistical Area 2
ACARA,School Location,ACARA,SchoolLocation,Name of Statistical Area 2
ACARA,School Location,ACARA,SchoolLocation,Statistical Area 3
ACARA,School Location,ACARA,SchoolLocation,Name of Statistical Area 3
ACARA,School Location,ACARA,SchoolLocation,Statistical Area 4
ACARA,School Location,ACARA,SchoolLocation,Name of Statistical Area 4
ACARA,School Location,ACARA,SchoolLocation,ABS Remoteness Area
FUSION,Funding Decision Audit,FUSION,audit_reporting_pmc_fundingdecision,objectid
FUSION,Funding Decision Audit,FUSION,audit_reporting_pmc_fundingdecision,pmc_activitymanager
FUSION,Funding Decision Audit,FUSION,audit_reporting_pmc_fundingdecision,pmc_application
FUSION,Funding Decision Audit,FUSION,audit_reporting_pmc_fundingdecision,pmc_applicationsfundingoutcomeupdatedingps
FUSION,Funding Decision Audit,FUSION,audit_reporting_pmc_fundingdecision,pmc_dateproviderwasnotified
FUSION,Funding Decision Audit,FUSION,audit_reporting_pmc_fundingdecision,pmc_datereceivedbyengagementoffice
FUSION,Funding Decision Audit,FUSION,audit_reporting_pmc_fundingdecision,pmc_engagementoffice
FUSION,Funding Decision Audit,FUSION,audit_reporting_pmc_fundingdecision,pmc_engagementofficer
FUSION,Funding Decision Audit,FUSION,audit_reporting_pmc_fundingdecision,pmc_legalagreementexecutiondate
FUSION,Funding Decision Audit,FUSION,audit_reporting_pmc_fundingdecision,pmc_managingoffice
FUSION,Funding Decision Audit,FUSION,audit_reporting_pmc_fundingdecision,pmc_negotiationcompleted
FUSION,Funding Decision Audit,FUSION,audit_reporting_pmc_fundingdecision,pmc_onhold
FUSION,Funding Decision Audit,FUSION,audit_reporting_pmc_fundingdecision,pmc_onholdreason
FUSION,Funding Decision Audit,FUSION,audit_reporting_pmc_fundingdecision,pmc_pendingactionfrom
FUSION,Funding Decision Audit,FUSION,audit_reporting_pmc_fundingdecision,pmc_providerhasbeennotified_yesnona
FUSION,Funding Decision Audit,FUSION,audit_reporting_pmc_fundingdecision,pmc_sourcesystemgrantactivityid
FUSION,Funding Decision Audit,FUSION,audit_reporting_pmc_fundingdecision,statecode
FUSION,Funding Decision Audit,FUSION,audit_reporting_pmc_fundingdecision,statuscode
FUSION,Funding Decision Audit,FUSION,audit_reporting_pmc_fundingdecision,datefrom
FUSION,Funding Decision Audit,FUSION,audit_reporting_pmc_fundingdecision,dateto
ESS,API Subscription Lineage,ESS,APIFileList,SubName
ESS,API Subscription Lineage,ESS,APIFileList,TableName
ABSDataPack,ATSIP SA2 Census Cell,ABSDataPack,ATSIP Census Cell Descriptor,ATSIP Census Cell Descriptor Id
ABSDataPack,ATSIP ILOC Education Census Cell Descriptor,ABSDataPack,ATSIP Census Cell Descriptor,ATSIP Census Cell Descriptor Id
ABSDataPack,ATSIP ILOC Residency Census Cell Descriptor,ABSDataPack,ATSIP Census Cell Descriptor,ATSIP Census Cell Descriptor Id
ABSDataPack,ATSIP ILOC Census Cell,ABSDataPack,ATSIP Census Cell Descriptor,ATSIP Census Cell Descriptor Id
ABSDataPack,ATSIP ILOC Demographic Census Cell Descriptor,ABSDataPack,ATSIP Census Cell Descriptor,ATSIP Census Cell Descriptor Id
ABSDataPack,ATSIP ILOC Income Census Cell Descriptor,ABSDataPack,ATSIP Census Cell Descriptor,ATSIP Census Cell Descriptor Id
ABSDataPack,ATSIP ILOC Income Census Cell Descriptor,ABSDataPack,ATSIP Census Cell Descriptor,Sort Order
ABSDataPack,ATSIP ILOC Demographic Census Cell Descriptor,ABSDataPack,ATSIP Census Cell Descriptor,Sort Order
ABSDataPack,ATSIP ILOC Residency Census Cell Descriptor,ABSDataPack,ATSIP Census Cell Descriptor,Sort Order
ABSDataPack,ATSIP ILOC Education Census Cell Descriptor,ABSDataPack,ATSIP Census Cell Descriptor,Sort Order
ABSDataPack,ATSIP ILOC Education Census Cell Descriptor,ABSDataPack,ATSIP Census Cell Descriptor,ABS Column Name
ABSDataPack,ATSIP ILOC Residency Census Cell Descriptor,ABSDataPack,ATSIP Census Cell Descriptor,ABS Column Name
ABSDataPack,ATSIP ILOC Demographic Census Cell Descriptor,ABSDataPack,ATSIP Census Cell Descriptor,ABS Column Name
ABSDataPack,ATSIP ILOC Income Census Cell Descriptor,ABSDataPack,ATSIP Census Cell Descriptor,ABS Column Name
ABSDataPack,ATSIP ILOC Income Census Cell Descriptor,ABSDataPack,ATSIP Census Cell Descriptor,Census Cell Name
ABSDataPack,ATSIP ILOC Demographic Census Cell Descriptor,ABSDataPack,ATSIP Census Cell Descriptor,Census Cell Name
ABSDataPack,ATSIP ILOC Residency Census Cell Descriptor,ABSDataPack,ATSIP Census Cell Descriptor,Census Cell Name
ABSDataPack,ATSIP ILOC Education Census Cell Descriptor,ABSDataPack,ATSIP Census Cell Descriptor,Census Cell Name
ABSDataPack,ATSIP ILOC Education Census Cell Descriptor,ABSDataPack,ATSIP Census Cell Descriptor,Data Pack File
ABSDataPack,ATSIP ILOC Residency Census Cell Descriptor,ABSDataPack,ATSIP Census Cell Descriptor,Data Pack File
ABSDataPack,ATSIP ILOC Demographic Census Cell Descriptor,ABSDataPack,ATSIP Census Cell Descriptor,Data Pack File
ABSDataPack,ATSIP ILOC Income Census Cell Descriptor,ABSDataPack,ATSIP Census Cell Descriptor,Data Pack File
ABSDataPack,ATSIP ILOC Income Census Cell Descriptor,ABSDataPack,ATSIP Census Cell Descriptor,Profile Table
ABSDataPack,ATSIP ILOC Demographic Census Cell Descriptor,ABSDataPack,ATSIP Census Cell Descriptor,Profile Table
ABSDataPack,ATSIP ILOC Residency Census Cell Descriptor,ABSDataPack,ATSIP Census Cell Descriptor,Profile Table
ABSDataPack,ATSIP ILOC Education Census Cell Descriptor,ABSDataPack,ATSIP Census Cell Descriptor,Profile Table
ABSDataPack,ATSIP ILOC Education Census Cell Descriptor,ABSDataPack,ATSIP Census Cell Descriptor,Description
ABSDataPack,ATSIP ILOC Residency Census Cell Descriptor,ABSDataPack,ATSIP Census Cell Descriptor,Description
ABSDataPack,ATSIP ILOC Demographic Census Cell Descriptor,ABSDataPack,ATSIP Census Cell Descriptor,Description
ABSDataPack,ATSIP ILOC Income Census Cell Descriptor,ABSDataPack,ATSIP Census Cell Descriptor,Description
ABSDataPack,ATSIP ILOC Income Census Cell Descriptor,ABSDataPack,ATSIP Census Cell Descriptor,Census Year
ABSDataPack,ATSIP ILOC Demographic Census Cell Descriptor,ABSDataPack,ATSIP Census Cell Descriptor,Census Year
ABSDataPack,ATSIP ILOC Residency Census Cell Descriptor,ABSDataPack,ATSIP Census Cell Descriptor,Census Year
ABSDataPack,ATSIP ILOC Education Census Cell Descriptor,ABSDataPack,ATSIP Census Cell Descriptor,Census Year
ABSDataPack,ATSIP ILOC Education Census Cell Descriptor,ABSDataPack,ATSIP Census Cell Descriptor,Category
ABSDataPack,ATSIP ILOC Residency Census Cell Descriptor,ABSDataPack,ATSIP Census Cell Descriptor,Category
ABSDataPack,ATSIP ILOC Demographic Census Cell Descriptor,ABSDataPack,ATSIP Census Cell Descriptor,Category
ABSDataPack,ATSIP ILOC Income Census Cell Descriptor,ABSDataPack,ATSIP Census Cell Descriptor,Category
ABSDataPack,ATSIP ILOC Income Census Cell Descriptor,ABSDataPack,ATSIP Census Cell Descriptor,Sub-Category
ABSDataPack,ATSIP ILOC Demographic Census Cell Descriptor,ABSDataPack,ATSIP Census Cell Descriptor,Sub-Category
ABSDataPack,ATSIP ILOC Residency Census Cell Descriptor,ABSDataPack,ATSIP Census Cell Descriptor,Sub-Category
ABSDataPack,ATSIP ILOC Education Census Cell Descriptor,ABSDataPack,ATSIP Census Cell Descriptor,Sub-Category
ABSDataPack,ATSIP ILOC Education Census Cell Descriptor,ABSDataPack,ATSIP Census Cell Descriptor,Dataset
ABSDataPack,ATSIP ILOC Residency Census Cell Descriptor,ABSDataPack,ATSIP Census Cell Descriptor,Dataset
ABSDataPack,ATSIP ILOC Demographic Census Cell Descriptor,ABSDataPack,ATSIP Census Cell Descriptor,Dataset
ABSDataPack,ATSIP ILOC Income Census Cell Descriptor,ABSDataPack,ATSIP Census Cell Descriptor,Dataset
ABSDataPack,ATSIP ILOC Income Census Cell Descriptor,ABSDataPack,ATSIP Census Cell Descriptor,Unit Measure
ABSDataPack,ATSIP ILOC Demographic Census Cell Descriptor,ABSDataPack,ATSIP Census Cell Descriptor,Unit Measure
ABSDataPack,ATSIP ILOC Residency Census Cell Descriptor,ABSDataPack,ATSIP Census Cell Descriptor,Unit Measure
ABSDataPack,ATSIP ILOC Education Census Cell Descriptor,ABSDataPack,ATSIP Census Cell Descriptor,Unit Measure
ABSDataPack,ATSIP ILOC Education Census Cell Descriptor,ABSDataPack,ATSIP Census Cell Descriptor,Indigeneity
ABSDataPack,ATSIP ILOC Residency Census Cell Descriptor,ABSDataPack,ATSIP Census Cell Descriptor,Indigeneity
ABSDataPack,ATSIP ILOC Demographic Census Cell Descriptor,ABSDataPack,ATSIP Census Cell Descriptor,Indigeneity
ABSDataPack,ATSIP ILOC Income Census Cell Descriptor,ABSDataPack,ATSIP Census Cell Descriptor,Indigeneity
ABSDataPack,ATSIP ILOC Demographic Census Cell Descriptor,ABSDataPack,ATSIP Census Cell Descriptor,ATSI
ABSDataPack,ATSIP ILOC Demographic Census Cell Descriptor,ABSDataPack,ATSIP Census Cell Descriptor,Gender
ABSDataPack,ATSIP ILOC Income Census Cell Descriptor,ABSDataPack,ATSIP Census Cell Descriptor,Gender
ABSDataPack,ATSIP ILOC Residency Census Cell Descriptor,ABSDataPack,ATSIP Census Cell Descriptor,Gender
ABSDataPack,ATSIP ILOC Education Census Cell Descriptor,ABSDataPack,ATSIP Census Cell Descriptor,Gender
ABSDataPack,ATSIP ILOC Demographic Census Cell Descriptor,ABSDataPack,ATSIP Census Cell Descriptor,Migration Status
ABSDataPack,ATSIP ILOC Demographic Census Cell Descriptor,ABSDataPack,ATSIP Census Cell Descriptor,Employment Status
ABSDataPack,ATSIP ILOC Residency Census Cell Descriptor,ABSDataPack,ATSIP Census Cell Descriptor,Family Composition
ABSDataPack,ATSIP ILOC Residency Census Cell Descriptor,ABSDataPack,ATSIP Census Cell Descriptor,Occupant Number
ABSDataPack,ATSIP ILOC Residency Census Cell Descriptor,ABSDataPack,ATSIP Census Cell Descriptor,Internet Accessed
ABSDataPack,ATSIP ILOC Education Census Cell Descriptor,ABSDataPack,ATSIP Census Cell Descriptor,Educational Institution
ABSDataPack,ATSIP ILOC Demographic Census Cell Descriptor,ABSDataPack,ATSIP Census Cell Descriptor,Disability Assistance
ABSDataPack,ATSIP ILOC Demographic Census Cell Descriptor,ABSDataPack,ATSIP Census Cell Descriptor,Age Group
ABSDataPack,ATSIP ILOC Education Census Cell Descriptor,ABSDataPack,ATSIP Census Cell Descriptor,Age Group
ABSDataPack,ATSIP ILOC Demographic Census Cell Descriptor,ABSDataPack,ATSIP Census Cell Descriptor,Language
ABSDataPack,ATSIP ILOC Education Census Cell Descriptor,ABSDataPack,ATSIP Census Cell Descriptor,Highest School Level
ABSDataPack,ATSIP ILOC Residency Census Cell Descriptor,ABSDataPack,ATSIP Census Cell Descriptor,Tenure
ABSDataPack,ATSIP ILOC Residency Census Cell Descriptor,ABSDataPack,ATSIP Census Cell Descriptor,Ownership
ABSDataPack,ATSIP ILOC Residency Census Cell Descriptor,ABSDataPack,ATSIP Census Cell Descriptor,Structure
ABSDataPack,ATSIP ILOC Education Census Cell Descriptor,ABSDataPack,ATSIP Census Cell Descriptor,Attendance
ABSDataPack,ATSIP ILOC Income Census Cell Descriptor,ABSDataPack,ATSIP Census Cell Descriptor,Income
ABSDataPack,ATSIP ILOC Demographic Census Cell Descriptor,ABSDataPack,ATSIP Census Cell Descriptor,Qualification
ABSDataPack,ATSIP ILOC Education Census Cell Descriptor,ABSDataPack,ATSIP Census Cell Descriptor,Qualification
ABSDataPack,ATSIP ILOC Demographic Census Cell Descriptor,ABSDataPack,ATSIP Census Cell Descriptor,Industry Sector
ABSDataPack,ATSIP ILOC Demographic Census Cell Descriptor,ABSDataPack,ATSIP Census Cell Descriptor,Is Mutually Exclusive
ABSDataPack,ATSIP ILOC Income Census Cell Descriptor,ABSDataPack,ATSIP Census Cell Descriptor,Is Mutually Exclusive
ABSDataPack,ATSIP ILOC Education Census Cell Descriptor,ABSDataPack,ATSIP Census Cell Descriptor,Is Mutually Exclusive
ABSDataPack,ATSIP ILOC Residency Census Cell Descriptor,ABSDataPack,ATSIP Census Cell Descriptor,Is Mutually Exclusive
NIAA,vw_RangerApp_Current_2026,NIAA,RangerApp_Current_2026,RangerGroupId
NIAA,vw_RangerApp_Current_2026,NIAA,RangerApp_Current_2026,GroupName
NIAA,vw_RangerApp_Current_2026,NIAA,RangerApp_Current_2026,RangerGroup_ActivityId
NIAA,vw_RangerApp_Current_2026,NIAA,RangerApp_Current_2026,EffectiveStartDate
NIAA,vw_RangerApp_Current_2026,NIAA,RangerApp_Current_2026,EffectiveEndDate
NIAA,vw_RangerApp_Current_2026,NIAA,RangerApp_Current_2026,Activity Id
NIAA,vw_RangerApp_Current_2026,NIAA,RangerApp_Current_2026,Organisation Id
NIAA,vw_RangerApp_Current_2026,NIAA,RangerApp_Current_2026,Organisation ABN
NIAA,vw_RangerApp_Current_2026,NIAA,RangerApp_Current_2026,Organisation Legal Name
NIAA,vw_RangerApp_Current_2026,NIAA,RangerApp_Current_2026,Activity Title
NIAA,vw_RangerApp_Current_2026,NIAA,RangerApp_Current_2026,Managing Office - Activity
NIAA,vw_RangerApp_Current_2026,NIAA,RangerApp_Current_2026,Activity Status
NIAA,vw_RangerApp_Current_2026,NIAA,RangerApp_Current_2026,Activity Start Date
NIAA,vw_RangerApp_Current_2026,NIAA,RangerApp_Current_2026,Activity End Date
NIAA,vw_RangerApp_Current_2026,NIAA,RangerApp_Current_2026,Ministerial/Delegate Funding Approved By
NIAA,vw_RangerApp_Current_2026,NIAA,RangerApp_Current_2026,Ministerial/Delegate Funding Approved Date
NIAA,vw_RangerApp_Current_2026,NIAA,RangerApp_Current_2026,Activity Approved Date
NIAA,vw_RangerApp_Current_2026,NIAA,RangerApp_Current_2026,Activity IMPACT PO Id
NIAA,vw_RangerApp_Current_2026,NIAA,RangerApp_Current_2026,Funding Round Name
NIAA,vw_RangerApp_Current_2026,NIAA,RangerApp_Current_2026,Agreement PBS Program Name
NIAA,vw_RangerApp_Current_2026,NIAA,RangerApp_Current_2026,Sub Program Component
NIAA,vw_RangerApp_Current_2026,NIAA,RangerApp_Current_2026,Activity Manager
NIAA,vw_RangerApp_Current_2026,NIAA,RangerApp_Current_2026,Activity Manager Email
NIAA,vw_RangerApp_Current_2026,NIAA,RangerApp_Current_2026,Managing Office - Program Schedule
NIAA,vw_RangerApp_Current_2026,NIAA,RangerApp_Current_2026,Contact Id
NIAA,vw_RangerApp_Current_2026,NIAA,RangerApp_Current_2026,Contact Activity Start Date
NIAA,vw_RangerApp_Current_2026,NIAA,RangerApp_Current_2026,Contact Activity End Date
NIAA,vw_RangerApp_Current_2026,NIAA,RangerApp_Current_2026,Primary Contact Flag
NIAA,vw_RangerApp_Current_2026,NIAA,RangerApp_Current_2026,Activity Contact First Name
NIAA,vw_RangerApp_Current_2026,NIAA,RangerApp_Current_2026,Activity Contact Last Name
NIAA,vw_RangerApp_Current_2026,NIAA,RangerApp_Current_2026,Contact Full Name
NIAA,vw_RangerApp_Current_2026,NIAA,RangerApp_Current_2026,Contact Email
NIAA,vw_RangerApp_Current_2026,NIAA,RangerApp_Current_2026,Contact Phone
NIAA,vw_RangerApp_Current_2026,NIAA,RangerApp_Current_2026,Contact Position Role
NIAA,vw_RangerApp_Current_2026,NIAA,RangerApp_Current_2026,Contact Position Type
NIAA,vw_RangerApp_Current_2026,NIAA,RangerApp_Current_2026,Engagement Office
NIAA,vw_RangerApp_Current_2026,NIAA,RangerApp_Current_2026,Engagement Officer
NIAA,vw_RangerApp_Current_2026,NIAA,RangerApp_Current_2026,Engagement Officer Email
NIAA,vw_RangerApp_Current_2026,NIAA,RangerApp_Current_2026,SnapshotDate
ESS,IEP Job Seeker,ESS,SUB814_JOBSEEKER_NIAA,EXTRACT_DATE
ESS,CDP Job Seeker,ESS,SUB814_JOBSEEKER_NIAA,EXTRACT_DATE
ESS,FUSION IEP Location,ESS,SUB814_JOBSEEKER_NIAA,EXTRACT_DATE
ESS,FUSION IEP Location,ESS,SUB814_JOBSEEKER_NIAA,EFFECTIVE_START_DATE
ESS,CDP Employment Placement_obsolete,ESS,SUB814_JOBSEEKER_NIAA,EFFECTIVE_START_DATE
ESS,RAES Payment,ESS,SUB814_JOBSEEKER_NIAA,EFFECTIVE_START_DATE
ESS,CDP Vacancy Referral,ESS,SUB814_JOBSEEKER_NIAA,EFFECTIVE_START_DATE
ESS,Job Seeker History,ESS,SUB814_JOBSEEKER_NIAA,EFFECTIVE_START_DATE
ESS,CDP Claim,ESS,SUB814_JOBSEEKER_NIAA,EFFECTIVE_START_DATE
ESS,RAES Vacancy Referral,ESS,SUB814_JOBSEEKER_NIAA,EFFECTIVE_START_DATE
ESS,RAES Vacancy Referral,ESS,SUB814_JOBSEEKER_NIAA,EFFECTIVE_END_DATE
ESS,CDP Claim,ESS,SUB814_JOBSEEKER_NIAA,EFFECTIVE_END_DATE
ESS,Job Seeker History,ESS,SUB814_JOBSEEKER_NIAA,EFFECTIVE_END_DATE
ESS,CDP Vacancy Referral,ESS,SUB814_JOBSEEKER_NIAA,EFFECTIVE_END_DATE
ESS,RAES Payment,ESS,SUB814_JOBSEEKER_NIAA,EFFECTIVE_END_DATE
ESS,CDP Employment Placement_obsolete,ESS,SUB814_JOBSEEKER_NIAA,EFFECTIVE_END_DATE
ESS,FUSION IEP Location,ESS,SUB814_JOBSEEKER_NIAA,EFFECTIVE_END_DATE
ESS,FUSION IEP Location,ESS,SUB814_JOBSEEKER_NIAA,JOB_SEEKER_ID
ESS,CDP Employment Placement_obsolete,ESS,SUB814_JOBSEEKER_NIAA,JOB_SEEKER_ID
ESS,TWES Job Seeker,ESS,SUB814_JOBSEEKER_NIAA,JOB_SEEKER_ID
ESS,CDP Job Seeker,ESS,SUB814_JOBSEEKER_NIAA,JOB_SEEKER_ID
ESS,IEP Job Seeker,ESS,SUB814_JOBSEEKER_NIAA,JOB_SEEKER_ID
ESS,RAES Payment,ESS,SUB814_JOBSEEKER_NIAA,JOB_SEEKER_ID
ESS,IEP Grant Activity Site Location,ESS,SUB814_JOBSEEKER_NIAA,JOB_SEEKER_ID
ESS,CDP Vacancy Referral,ESS,SUB814_JOBSEEKER_NIAA,JOB_SEEKER_ID
ESS,Job Seeker History,ESS,SUB814_JOBSEEKER_NIAA,JOB_SEEKER_ID
ESS,CDP Claim,ESS,SUB814_JOBSEEKER_NIAA,JOB_SEEKER_ID
ESS,RAES Vacancy Referral,ESS,SUB814_JOBSEEKER_NIAA,JOB_SEEKER_ID
ESS,IEP Job Seeker,ESS,SUB814_JOBSEEKER_NIAA,CRN
ESS,CDP Job Seeker,ESS,SUB814_JOBSEEKER_NIAA,CRN
ESS,CDP Job Seeker,ESS,SUB814_JOBSEEKER_NIAA,BIRTH_DATE
ESS,IEP Job Seeker,ESS,SUB814_JOBSEEKER_NIAA,BIRTH_DATE
ESS,TWES Job Seeker,ESS,SUB814_JOBSEEKER_NIAA,BIRTH_DATE
ESS,CDP Employment Placement_obsolete,ESS,SUB814_JOBSEEKER_NIAA,BIRTH_DATE
ESS,RAES Vacancy Referral,ESS,SUB814_JOBSEEKER_NIAA,BIRTH_DATE
ESS,CDP Claim,ESS,SUB814_JOBSEEKER_NIAA,BIRTH_DATE
ESS,CDP Vacancy Referral,ESS,SUB814_JOBSEEKER_NIAA,BIRTH_DATE
ESS,IEP Job Seeker,ESS,SUB814_JOBSEEKER_NIAA,TITLE
ESS,CDP Job Seeker,ESS,SUB814_JOBSEEKER_NIAA,TITLE
ESS,CDP Job Seeker,ESS,SUB814_JOBSEEKER_NIAA,GIVEN_NAME
ESS,IEP Job Seeker,ESS,SUB814_JOBSEEKER_NIAA,GIVEN_NAME
ESS,IEP Job Seeker,ESS,SUB814_JOBSEEKER_NIAA,SECOND_GIVEN_NAME
ESS,CDP Job Seeker,ESS,SUB814_JOBSEEKER_NIAA,SECOND_GIVEN_NAME
ESS,CDP Job Seeker,ESS,SUB814_JOBSEEKER_NIAA,SURNAME
ESS,IEP Job Seeker,ESS,SUB814_JOBSEEKER_NIAA,SURNAME
ESS,CDP Job Seeker,ESS,SUB814_JOBSEEKER_NIAA,SENSITIVE_IND
ESS,CDP Job Seeker,ESS,SUB814_JOBSEEKER_NIAA,GENDER_CD
ESS,IEP Job Seeker,ESS,SUB814_JOBSEEKER_NIAA,GENDER_CD
ESS,CDP Employment Placement_obsolete,ESS,SUB814_JOBSEEKER_NIAA,GENDER_CD
ESS,TWES Job Seeker,ESS,SUB814_JOBSEEKER_NIAA,GENDER_CD
ESS,CDP Vacancy Referral,ESS,SUB814_JOBSEEKER_NIAA,GENDER_CD
ESS,CDP Claim,ESS,SUB814_JOBSEEKER_NIAA,GENDER_CD
ESS,RAES Vacancy Referral,ESS,SUB814_JOBSEEKER_NIAA,GENDER_CD
ESS,CDP Job Seeker,ESS,SUB814_JOBSEEKER_NIAA,POSTAL_STATE
ESS,CDP Job Seeker,ESS,SUB814_JOBSEEKER_NIAA,HOME_SUBURB
ESS,IEP Job Seeker,ESS,SUB814_JOBSEEKER_NIAA,HOME_SUBURB
ESS,FUSION IEP Location,ESS,SUB814_JOBSEEKER_NIAA,HOME_SUBURB
ESS,IEP Grant Activity Site Location,ESS,SUB814_JOBSEEKER_NIAA,HOME_SUBURB
ESS,IEP Grant Activity Site Location,ESS,SUB814_JOBSEEKER_NIAA,HOME_STATE
ESS,Job Seeker History,ESS,SUB814_JOBSEEKER_NIAA,HOME_STATE
ESS,FUSION IEP Location,ESS,SUB814_JOBSEEKER_NIAA,HOME_STATE
ESS,IEP Job Seeker,ESS,SUB814_JOBSEEKER_NIAA,HOME_STATE
ESS,CDP Job Seeker,ESS,SUB814_JOBSEEKER_NIAA,HOME_STATE
ESS,CDP Job Seeker,ESS,SUB814_JOBSEEKER_NIAA,HOME_PC
ESS,IEP Job Seeker,ESS,SUB814_JOBSEEKER_NIAA,HOME_PC
ESS,FUSION IEP Location,ESS,SUB814_JOBSEEKER_NIAA,HOME_PC
ESS,IEP Grant Activity Site Location,ESS,SUB814_JOBSEEKER_NIAA,HOME_PC
ESS,CDP Job Seeker,ESS,SUB814_JOBSEEKER_NIAA,PRIMARY_CARER_IND
ESS,IEP Job Seeker,ESS,SUB814_JOBSEEKER_NIAA,COUNTRY_BIRTH_CD
ESS,IEP Job Seeker,ESS,SUB814_JOBSEEKER_NIAA,COUNTRY_BIRTH
ESS,CDP Job Seeker,ESS,SUB814_JOBSEEKER_NIAA,COUNTRY_BIRTH
ESS,CDP Job Seeker,ESS,SUB814_JOBSEEKER_NIAA,REG_START_DATE
ESS,CDP Job Seeker,ESS,SUB814_JOBSEEKER_NIAA,ALLOWANCE_START_DATE
ESS,CDP Job Seeker,ESS,SUB814_JOBSEEKER_NIAA,ALLOWANCE_END_DATE
ESS,CDP Job Seeker,ESS,SUB814_JOBSEEKER_NIAA,ALLOWANCE_TYPE_CD
ESS,CDP Job Seeker,ESS,SUB814_JOBSEEKER_NIAA,RESIDENTIAL_COMMUNITY_CD
ESS,Job Seeker History,ESS,SUB814_JOBSEEKER_NIAA,RESIDENTIAL_COMMUNITY_CD
ESS,CDP Claim,ESS,SUB814_JOBSEEKER_NIAA,RESIDENTIAL_COMMUNITY_NAME
ESS,CDP Vacancy Referral,ESS,SUB814_JOBSEEKER_NIAA,RESIDENTIAL_COMMUNITY_NAME
ESS,RAES Vacancy Referral,ESS,SUB814_JOBSEEKER_NIAA,RESIDENTIAL_COMMUNITY_NAME
ESS,RAES Payment,ESS,SUB814_JOBSEEKER_NIAA,RESIDENTIAL_COMMUNITY_NAME
ESS,CDP Employment Placement_obsolete,ESS,SUB814_JOBSEEKER_NIAA,RESIDENTIAL_COMMUNITY_NAME
ESS,CDP Employment Placement_obsolete,ESS,SUB814_JOBSEEKER_NIAA,POSTAL_COMMUNITY_NAME
ESS,RAES Payment,ESS,SUB814_JOBSEEKER_NIAA,POSTAL_COMMUNITY_NAME
ESS,RAES Vacancy Referral,ESS,SUB814_JOBSEEKER_NIAA,POSTAL_COMMUNITY_NAME
ESS,CDP Vacancy Referral,ESS,SUB814_JOBSEEKER_NIAA,POSTAL_COMMUNITY_NAME
ESS,CDP Claim,ESS,SUB814_JOBSEEKER_NIAA,POSTAL_COMMUNITY_NAME
ESS,Job Seeker History,ESS,SUB814_JOBSEEKER_NIAA,IsActive
ESS,IEP Grant Activity Site Location,ESS,SUB814_JOBSEEKER_NIAA,IsActive
ESS,TWES Job Seeker,ESS,SUB814_JOBSEEKER_NIAA,IsActive
ESS,CDP Job Seeker,ESS,SUB814_JOBSEEKER_NIAA,IsActive
ESS,IEP Job Seeker,ESS,SUB814_JOBSEEKER_NIAA,IsActive
Forms,CDP_PPR_Average_Score_per_Object,Forms,CDP_PPR_Assessment_Response_Summary,PPR Measure Key
Forms,CDP_PPR_Result_Calculation,Forms,CDP_PPR_Assessment_Response_Summary,PPR Measure Key
Forms,CDP_PPR_Result_Calculation_SubMeasure,Forms,CDP_PPR_Assessment_Response_Summary,PPR Measure Key
Forms,CDP_PPR_Result_Calculation Old 20240404,Forms,CDP_PPR_Assessment_Response_Summary,PPR Measure Key
Forms,CDP_PPR_Result_Calculation_SubMeasure,Forms,CDP_PPR_Assessment_Response_Summary,Measure Reference
Forms,CDP_PPR_Average_Score_per_Object,Forms,CDP_PPR_Assessment_Response_Summary,Assessment Object Key
Forms,CDP_PPR_Average_Score_per_Object,Forms,CDP_PPR_Assessment_Response_Summary,Organisation Region Key
Forms,CDP_PPR_Result_Calculation_SubMeasure,Forms,CDP_PPR_Assessment_Response_Summary,Organisation Region Key
Forms,CDP_PPR_Result_Calculation,Forms,CDP_PPR_Assessment_Response_Summary,Organisation Region Key
Forms,CDP_PPR_Result_Calculation Old 20240404,Forms,CDP_PPR_Assessment_Response_Summary,Organisation Region Key
Forms,CDP_PPR_Result_Calculation Old 20240404,Forms,CDP_PPR_Assessment_Response_Summary,Assessment Status
Forms,CDP_PPR_Result_Calculation,Forms,CDP_PPR_Assessment_Response_Summary,Assessment Status
Forms,CDP_PPR_Result_Calculation_SubMeasure,Forms,CDP_PPR_Assessment_Response_Summary,Assessment Status
Forms,CDP_PPR_Average_Score_per_Object,Forms,CDP_PPR_Assessment_Response_Summary,Assessment Status
Forms,CDP_PPR_Average_Score_per_Object,Forms,CDP_PPR_Assessment_Response_Summary,No. of Required Responses
Forms,CDP_PPR_Average_Score_per_Object,Forms,CDP_PPR_Assessment_Response_Summary,Assessment Score
Forms,CDP_PPR_Result_Calculation_SubMeasure,Forms,CDP_PPR_Assessment_Response_Summary,Assessment Score Average
Forms,CDP_PPR_Result_Calculation,Forms,CDP_PPR_Assessment_Response_Summary,Assessment Score Average
Forms,CDP_PPR_Result_Calculation Old 20240404,Forms,CDP_PPR_Assessment_Response_Summary,Assessment Score Average
ESS,ICS Agreement,ESS,ICS_ACTIVITY_REFERRAL_STATIC,EFFECTIVE_START_DATE
ESS,ICS Agreement,ESS,ICS_ACTIVITY_REFERRAL_STATIC,EFFECTIVE_END_DATE
ESS,ICS Agreement,ESS,ICS_ACTIVITY_REFERRAL_STATIC,FK_VAA_ACTIVITY_ID
ESS,ICS Agreement,ESS,ICS_ACTIVITY_REFERRAL_STATIC,ACTUAL_END_DT
ESS,ICS Agreement,ESS,ICS_ACTIVITY_REFERRAL_STATIC,IES_OUTCOME_CODE
ABSDataPack,ATSIP ILOC Residency Census Cell,ABSDataPack,ATSIP ILOC Census Cell,ATSIP ILOC Census Cell Id
ABSDataPack,ATSIP ILOC Demographic Census Cell,ABSDataPack,ATSIP ILOC Census Cell,ATSIP ILOC Census Cell Id
ABSDataPack,ATSIP ILOC Income Census Cell,ABSDataPack,ATSIP ILOC Census Cell,ATSIP ILOC Census Cell Id
ABSDataPack,ATSIP ILOC Education Census Cell,ABSDataPack,ATSIP ILOC Census Cell,ATSIP ILOC Census Cell Id
ABSDataPack,ATSIP ILOC Education Census Cell,ABSDataPack,ATSIP ILOC Census Cell,ATSIP Census Cell Descriptor Id
ABSDataPack,ATSIP ILOC Income Census Cell,ABSDataPack,ATSIP ILOC Census Cell,ATSIP Census Cell Descriptor Id
ABSDataPack,ATSIP ILOC Demographic Census Cell,ABSDataPack,ATSIP ILOC Census Cell,ATSIP Census Cell Descriptor Id
ABSDataPack,ATSIP ILOC Residency Census Cell,ABSDataPack,ATSIP ILOC Census Cell,ATSIP Census Cell Descriptor Id
ABSDataPack,ATSIP ILOC Residency Census Cell,ABSDataPack,ATSIP ILOC Census Cell,ILOC Code
ABSDataPack,ATSIP ILOC Demographic Census Cell,ABSDataPack,ATSIP ILOC Census Cell,ILOC Code
ABSDataPack,ATSIP ILOC Income Census Cell,ABSDataPack,ATSIP ILOC Census Cell,ILOC Code
ABSDataPack,ATSIP ILOC Education Census Cell,ABSDataPack,ATSIP ILOC Census Cell,ILOC Code
ABSDataPack,ATSIP ILOC Education Census Cell,ABSDataPack,ATSIP ILOC Census Cell,Cell Value
ABSDataPack,ATSIP ILOC Income Census Cell,ABSDataPack,ATSIP ILOC Census Cell,Cell Value
ABSDataPack,ATSIP ILOC Demographic Census Cell,ABSDataPack,ATSIP ILOC Census Cell,Cell Value
ABSDataPack,ATSIP ILOC Residency Census Cell,ABSDataPack,ATSIP ILOC Census Cell,Cell Value
ABSDataPack,ATSIP ILOC Residency Census Cell,ABSDataPack,ATSIP ILOC Census Cell,Census Year
ABSDataPack,ATSIP ILOC Demographic Census Cell,ABSDataPack,ATSIP ILOC Census Cell,Census Year
ABSDataPack,ATSIP ILOC Income Census Cell,ABSDataPack,ATSIP ILOC Census Cell,Census Year
ABSDataPack,ATSIP ILOC Education Census Cell,ABSDataPack,ATSIP ILOC Census Cell,Census Year
GPS,Grant Activity Milestone,FUSION,pmc_activitymilestone,pmc_activitymilestoneid
GPS,Grant Activity Missing Milestone,FUSION,pmc_activitymilestone,pmc_activitymilestoneid
GPS,Grant Activity Missing Milestone - Old,FUSION,pmc_activitymilestone,pmc_activitymilestoneid
FUSION,Site Visit Assessment,FUSION,pmc_activitymilestone,pmc_activitymilestoneid
GPS,Grant Activity Milestone,FUSION,pmc_activitymilestone,pmc_grantactivityid
GPS,Grant Activity Milestone,FUSION,pmc_activitymilestone,pmc_milestoneid
FUSION,Site Visit Assessment,FUSION,pmc_activitymilestone,pmc_milestoneid
GPS,Grant Activity Missing Milestone - Old,FUSION,pmc_activitymilestone,pmc_milestoneid
GPS,Grant Activity Missing Milestone,FUSION,pmc_activitymilestone,pmc_milestoneid
IPP,Reporting PIT Fact,IPP,reporting_dim_pmc_code,pmc_code
IPP,Reporting PIT Fact,IPP,reporting_dim_pmc_code,contract_type
IPP,Reporting PIT Fact,IPP,reporting_dim_pmc_code,final_compliance
IPP,Reporting PIT Fact,IPP,reporting_dim_pmc_code,mmr_exempt_fl
IPP,Reporting PIT Fact,IPP,reporting_dim_pmc_code,limited_tender_exemption
IPP,Reporting PIT Fact,IPP,reporting_dim_pmc_code,assessment_method
IPP,Reporting PIT Fact,IPP,reporting_dim_pmc_code,remote_contract_fl
FUSION,Organisation Risk Profile Process,FUSION,pmc_organisationriskprofileprocess,activestageidname
FUSION,Organisation Risk Profile Process,FUSION,pmc_organisationriskprofileprocess,activestagestartedon
FUSION,Organisation Risk Profile Process,FUSION,pmc_organisationriskprofileprocess,bpf_duration
FUSION,Organisation Risk Profile Process,FUSION,pmc_organisationriskprofileprocess,bpf_name
FUSION,Organisation Risk Profile Process,FUSION,pmc_organisationriskprofileprocess,bpf_pmc_organisationriskprofileid
FUSION,Organisation Risk Profile Process,FUSION,pmc_organisationriskprofileprocess,businessprocessflowinstanceid
FUSION,Organisation Risk Profile Process,FUSION,pmc_organisationriskprofileprocess,completedon
FUSION,Organisation Risk Profile Process,FUSION,pmc_organisationriskprofileprocess,processid
FUSION,Organisation Risk Profile Process,FUSION,pmc_organisationriskprofileprocess,processidname
FUSION,Organisation Risk Profile Process,FUSION,pmc_organisationriskprofileprocess,statecodename
FUSION,Organisation Risk Profile Process,FUSION,pmc_organisationriskprofileprocess,statuscodename
ESS,CDP Caseload Tracking By Month & CDP Region,ESS,CDP_Caseload_Tracking_By_Month_CDP_Region,Caseload Month End
ESS,CDP Caseload Tracking By Month & CDP Region,ESS,CDP_Caseload_Tracking_By_Month_CDP_Region,CDP Region
ESS,CDP Caseload Tracking By Month & CDP Region,ESS,CDP_Caseload_Tracking_By_Month_CDP_Region,Caseload At Previous Month End
ESS,CDP Caseload Tracking By Month & CDP Region,ESS,CDP_Caseload_Tracking_By_Month_CDP_Region,Caseload Joined CDP
ESS,CDP Caseload Tracking By Month & CDP Region,ESS,CDP_Caseload_Tracking_By_Month_CDP_Region,Caseload Left CDP
ESS,CDP Caseload Tracking By Month & CDP Region,ESS,CDP_Caseload_Tracking_By_Month_CDP_Region,Caseload At Month End
ACARA,Finance Data,ACARA,SchoolProfile,ID
ACARA,School Attendance,ACARA,SchoolProfile,ID
ACARA,Naplan Result,ACARA,SchoolProfile,ID
ACARA,NAPLAN Result Similar School,ACARA,SchoolProfile,ID
ACARA,School Governing Body,ACARA,SchoolProfile,ID
ACARA,School Location,ACARA,SchoolProfile,ID
ACARA,School Profile,ACARA,SchoolProfile,ID
ACARA,Student Gain Same Starting Score,ACARA,SchoolProfile,ID
ACARA,Student Gain Similar School,ACARA,SchoolProfile,ID
ACARA,Senior Secondary,ACARA,SchoolProfile,ID
ACARA,Student Gain,ACARA,SchoolProfile,ID
ACARA,VET School Data,ACARA,SchoolProfile,ID
ACARA,VET School Data,ACARA,SchoolProfile,Calendar Year
ACARA,Student Gain,ACARA,SchoolProfile,Calendar Year
ACARA,Senior Secondary,ACARA,SchoolProfile,Calendar Year
ACARA,Student Gain Similar School,ACARA,SchoolProfile,Calendar Year
ACARA,Student Gain Same Starting Score,ACARA,SchoolProfile,Calendar Year
ACARA,School Profile,ACARA,SchoolProfile,Calendar Year
ACARA,School Location,ACARA,SchoolProfile,Calendar Year
ACARA,School Governing Body,ACARA,SchoolProfile,Calendar Year
ACARA,NAPLAN Result Similar School,ACARA,SchoolProfile,Calendar Year
ACARA,Naplan Result,ACARA,SchoolProfile,Calendar Year
ACARA,School Attendance,ACARA,SchoolProfile,Calendar Year
ACARA,Finance Data,ACARA,SchoolProfile,Calendar Year
ACARA,Finance Data,ACARA,SchoolProfile,ACARA_SML_ID
ACARA,School Attendance,ACARA,SchoolProfile,ACARA_SML_ID
ACARA,Naplan Result,ACARA,SchoolProfile,ACARA_SML_ID
ACARA,NAPLAN Result Similar School,ACARA,SchoolProfile,ACARA_SML_ID
ACARA,School Governing Body,ACARA,SchoolProfile,ACARA_SML_ID
ACARA,School Location,ACARA,SchoolProfile,ACARA_SML_ID
ACARA,School Profile,ACARA,SchoolProfile,ACARA_SML_ID
ACARA,Student Gain Same Starting Score,ACARA,SchoolProfile,ACARA_SML_ID
ACARA,Student Gain Similar School,ACARA,SchoolProfile,ACARA_SML_ID
ACARA,Senior Secondary,ACARA,SchoolProfile,ACARA_SML_ID
ACARA,Student Gain,ACARA,SchoolProfile,ACARA_SML_ID
ACARA,VET School Data,ACARA,SchoolProfile,ACARA_SML_ID
ACARA,School Profile,ACARA,SchoolProfile,AGE ID
ACARA,School Profile,ACARA,SchoolProfile,Jurisdiction School ID
ACARA,School Profile,ACARA,SchoolProfile,School Name
ACARA,School Profile,ACARA,SchoolProfile,Suburb
ACARA,School Profile,ACARA,SchoolProfile,State
ACARA,School Profile,ACARA,SchoolProfile,Postcode
ACARA,School Profile,ACARA,SchoolProfile,Head Campus ACARA ID
ACARA,School Profile,ACARA,SchoolProfile,School Sector
ACARA,School Profile,ACARA,SchoolProfile,School Type
ACARA,School Profile,ACARA,SchoolProfile,Campus Type
ACARA,School Profile,ACARA,SchoolProfile,Rolled Reporting Description
ACARA,School Profile,ACARA,SchoolProfile,School URL
ACARA,School Profile,ACARA,SchoolProfile,Year Range
ACARA,School Profile,ACARA,SchoolProfile,Geolocation
ACARA,School Profile,ACARA,SchoolProfile,ICSEA
ACARA,School Profile,ACARA,SchoolProfile,ICSEA Data Source
ACARA,School Profile,ACARA,SchoolProfile,Bottom SEA Quarter (%)
ACARA,School Profile,ACARA,SchoolProfile,Lower Middle SEA Quarter (%)
ACARA,School Profile,ACARA,SchoolProfile,Upper Middle SEA Quarter (%)
ACARA,School Profile,ACARA,SchoolProfile,Top SEA Quarter (%)
ACARA,School Profile,ACARA,SchoolProfile,Teaching Staff
ACARA,School Profile,ACARA,SchoolProfile,Full Time Equivalent Teaching Staff
ACARA,School Profile,ACARA,SchoolProfile,Non-Teaching Staff
ACARA,School Profile,ACARA,SchoolProfile,Full Time Equivalent Non-Teaching Staff
ACARA,School Profile,ACARA,SchoolProfile,Total Enrolments
ACARA,School Profile,ACARA,SchoolProfile,Girls Enrolments
ACARA,School Profile,ACARA,SchoolProfile,Boys Enrolments
ACARA,School Profile,ACARA,SchoolProfile,Full Time Equivalent Enrolments
ACARA,School Profile,ACARA,SchoolProfile,Indigenous Enrolments (%)
ACARA,School Profile,ACARA,SchoolProfile,Language Background Other Than English (%)
ACARA,School Profile,ACARA,SchoolProfile,School Comment
NIAA,vw_Rangers_Activity_Staging,GPS,Dim_Service_Provider_Organisation,%Dim_Service_Provider_Organisation_Key
NIAA,vw_Rangers_Activity_Staging,GPS,Dim_Service_Provider_Organisation,Service Provider ABN
NIAA,vw_Rangers_Activity_Staging,GPS,Dim_Service_Provider_Organisation,Service Provider Legal Name
ESS,ICS Agreement,ESS,ICS_AGREEMENT_STATIC,EFFECTIVE_START_DATE
ESS,ICS Agreement,ESS,ICS_AGREEMENT_STATIC,EFFECTIVE_END_DATE
ESS,ICS Agreement,ESS,ICS_AGREEMENT_STATIC,AgreementId
ESS,ICS Agreement,ESS,ICS_AGREEMENT_STATIC,EmployerId
ESS,ICS Agreement,ESS,ICS_AGREEMENT_STATIC,StudentId
ESS,ICS Agreement,ESS,ICS_AGREEMENT_STATIC,StatusCode
ESS,ICS Agreement,ESS,ICS_AGREEMENT_STATIC,ActivityId
ESS,ICS Agreement,ESS,ICS_AGREEMENT_STATIC,SponsorInd
ESS,ICS Agreement,ESS,ICS_AGREEMENT_STATIC,BulkContractInd
ESS,ICS Agreement,ESS,ICS_AGREEMENT_STATIC,VariationCode
ESS,ICS Agreement,ESS,ICS_AGREEMENT_STATIC,CadetshipExpectedStart
ESS,ICS Agreement,ESS,ICS_AGREEMENT_STATIC,CadetshipExpectedEnd
ESS,ICS Agreement,ESS,ICS_AGREEMENT_STATIC,CadetshipActualStart
ESS,ICS Agreement,ESS,ICS_AGREEMENT_STATIC,InstitutionCode
ESS,ICS Agreement,ESS,ICS_AGREEMENT_STATIC,CertifiedAgreementName
ESS,ICS Agreement,ESS,ICS_AGREEMENT_STATIC,JobTitle
ESS,ICS Agreement,ESS,ICS_AGREEMENT_STATIC,JobAddress
ESS,ICS Agreement,ESS,ICS_AGREEMENT_STATIC,JobLocation
ESS,ICS Agreement,ESS,ICS_AGREEMENT_STATIC,JobStateCode
ESS,ICS Agreement,ESS,ICS_AGREEMENT_STATIC,JobPostcode
ESS,ICS Agreement,ESS,ICS_AGREEMENT_STATIC,EmployerOfficerSignedOn
ESS,ICS Agreement,ESS,ICS_AGREEMENT_STATIC,StudentSignedOn
ESS,ICS Agreement,ESS,ICS_AGREEMENT_STATIC,DelegateFirstName
ESS,ICS Agreement,ESS,ICS_AGREEMENT_STATIC,DelegateLastName
ESS,ICS Agreement,ESS,ICS_AGREEMENT_STATIC,DelegateSignedOn
ESS,ICS Agreement,ESS,ICS_AGREEMENT_STATIC,TerminationCode
ESS,ICS Agreement,ESS,ICS_AGREEMENT_STATIC,TerminationOn
ESS,ICS Agreement,ESS,ICS_AGREEMENT_STATIC,GSTRegisteredInd
ESS,ICS Agreement,ESS,ICS_AGREEMENT_STATIC,CreatedOn
ESS,ICS Agreement,ESS,ICS_AGREEMENT_STATIC,DeletedInd
ABSDataPack,ATSIP ILOC Demographic Census Cell,ABSDataPack,ATSIP ILOC Demographic Census Cell Descriptor,ATSIP ILOC Demographic Census Cell Descriptor Id
IPP,Reporting PIT Fact,IPP,reporting_dim_pmc_value_range,value_range_min
IPP,Reporting PIT Fact,IPP,reporting_dim_pmc_value_range,value_range_max
IPP,Reporting PIT Fact,IPP,reporting_dim_pmc_value_range,value_range
IPP,Reporting PIT Fact,IPP,reporting_dim_pmc_value_range,value_range_10
ESS,CDP PPR Result History,ESS,CDP Contract,Contract Id
ESS,CDP PPR Result History,ESS,CDP Contract,Organisation Code
ESS,CDP PPR Result History,ESS,CDP Contract,Organisation Name
ESS,CDP PPR Result History,ESS,CDP Contract,CDP Region Code
ESS,Grant Activity Performance,ESS,CDP Contract,CDP Region Code
ESS,Grant Activity Performance,ESS,CDP Contract,CDP Region Name
ESS,CDP PPR Result History,ESS,CDP Contract,CDP Region Name
ESS,CDP PPR Result History,ESS,CDP Contract,CDP Region Number
ESS,Grant Activity Performance,ESS,CDP Contract,CDP Region Number
ESS,ICS Employer Contact,ESS,ICS_EMPLOYER_CONTACT_STATIC,EFFECTIVE_START_DATE
ESS,ICS Employer Contact,ESS,ICS_EMPLOYER_CONTACT_STATIC,EFFECTIVE_END_DATE
ESS,ICS Employer Contact,ESS,ICS_EMPLOYER_CONTACT_STATIC,ContactId
ESS,ICS Employer Contact,ESS,ICS_EMPLOYER_CONTACT_STATIC,ParentId
ESS,ICS Employer Contact,ESS,ICS_EMPLOYER_CONTACT_STATIC,TypeCode
ESS,ICS Employer Contact,ESS,ICS_EMPLOYER_CONTACT_STATIC,TitleCode
ESS,ICS Employer Contact,ESS,ICS_EMPLOYER_CONTACT_STATIC,FirstName
ESS,ICS Employer Contact,ESS,ICS_EMPLOYER_CONTACT_STATIC,LastName
ESS,ICS Employer Contact,ESS,ICS_EMPLOYER_CONTACT_STATIC,PhoneAreaNo
ESS,ICS Employer Contact,ESS,ICS_EMPLOYER_CONTACT_STATIC,PhoneNo
ESS,ICS Employer Contact,ESS,ICS_EMPLOYER_CONTACT_STATIC,FaxAreaNo
ESS,ICS Employer Contact,ESS,ICS_EMPLOYER_CONTACT_STATIC,FaxNo
ESS,ICS Employer Contact,ESS,ICS_EMPLOYER_CONTACT_STATIC,MobileNo
ESS,ICS Employer Contact,ESS,ICS_EMPLOYER_CONTACT_STATIC,Email
ESS,ICS Employer Contact,ESS,ICS_EMPLOYER_CONTACT_STATIC,Address
ESS,ICS Employer Contact,ESS,ICS_EMPLOYER_CONTACT_STATIC,Location
ESS,ICS Employer Contact,ESS,ICS_EMPLOYER_CONTACT_STATIC,StateCode
ESS,ICS Employer Contact,ESS,ICS_EMPLOYER_CONTACT_STATIC,Postcode
ESS,CDP Employment Placement History_obsolete,ESS,SUB801_CDP_CRP_HISTORY_NIAA,EFFECTIVE_START_DATE
ESS,TWES ESAT,ESS,SUB801_CDP_CRP_HISTORY_NIAA,EFFECTIVE_START_DATE
ESS,TWES ESAT,ESS,SUB801_CDP_CRP_HISTORY_NIAA,EFFECTIVE_END_DATE
ESS,CDP Employment Placement History_obsolete,ESS,SUB801_CDP_CRP_HISTORY_NIAA,EFFECTIVE_END_DATE
ESS,CDP Employment Placement History_obsolete,ESS,SUB801_CDP_CRP_HISTORY_NIAA,OutletContractId
ESS,TWES CRP,ESS,SUB801_CDP_CRP_HISTORY_NIAA,OutletContractId
ESS,TWES Commencement History,ESS,SUB801_CDP_CRP_HISTORY_NIAA,OutletContractId
ESS,TWES Commencement History,ESS,SUB801_CDP_CRP_HISTORY_NIAA,OutletSequenceNumber
ESS,TWES CRP,ESS,SUB801_CDP_CRP_HISTORY_NIAA,OutletSequenceNumber
ESS,CDP Employment Placement History_obsolete,ESS,SUB801_CDP_CRP_HISTORY_NIAA,OutletSequenceNumber
ESS,CDP Employment Placement History_obsolete,ESS,SUB801_CDP_CRP_HISTORY_NIAA,JobSeekerId
ESS,TWES CRP,ESS,SUB801_CDP_CRP_HISTORY_NIAA,JobSeekerId
ESS,TWES Commencement History,ESS,SUB801_CDP_CRP_HISTORY_NIAA,JobSeekerId
ESS,TWES ESAT,ESS,SUB801_CDP_CRP_HISTORY_NIAA,JobSeekerId
ESS,TWES JSCI,ESS,SUB801_CDP_CRP_HISTORY_NIAA,JobSeekerId
ESS,TWES Job Seeker,ESS,SUB801_CDP_CRP_HISTORY_NIAA,JobSeekerId
ESS,TWES JSCI,ESS,SUB801_CDP_CRP_HISTORY_NIAA,ReferralDate
ESS,TWES CRP,ESS,SUB801_CDP_CRP_HISTORY_NIAA,ReferralDate
ESS,TWES CRP,ESS,SUB801_CDP_CRP_HISTORY_NIAA,ReferralSequenceNumber
ESS,TWES JSCI,ESS,SUB801_CDP_CRP_HISTORY_NIAA,ReferralSequenceNumber
ESS,TWES CRP,ESS,SUB801_CDP_CRP_HISTORY_NIAA,CR_OutcomeCode
ESS,CDP Employment Placement History_obsolete,ESS,SUB801_CDP_CRP_HISTORY_NIAA,PlacementSequenceNumber
ESS,TWES CRP,ESS,SUB801_CDP_CRP_HISTORY_NIAA,PlacementTypeCode
ESS,TWES JSCI,ESS,SUB801_CDP_CRP_HISTORY_NIAA,PlacementTypeCode
ESS,TWES JSCI,ESS,SUB801_CDP_CRP_HISTORY_NIAA,StatusCode
ESS,TWES ESAT,ESS,SUB801_CDP_CRP_HISTORY_NIAA,StatusCode
ESS,TWES Job Seeker,ESS,SUB801_CDP_CRP_HISTORY_NIAA,StatusCode
ESS,TWES CRP,ESS,SUB801_CDP_CRP_HISTORY_NIAA,StatusCode
ESS,TWES Commencement History,ESS,SUB801_CDP_CRP_HISTORY_NIAA,StatusCode
ESS,TWES CRP,ESS,SUB801_CDP_CRP_HISTORY_NIAA,PlacementDate
ESS,TWES ESAT,ESS,SUB801_CDP_CRP_HISTORY_NIAA,PlacementDate
ESS,TWES JSCI,ESS,SUB801_CDP_CRP_HISTORY_NIAA,PlacementDate
ESS,TWES CRP,ESS,SUB801_CDP_CRP_HISTORY_NIAA,CommencementDate
ESS,TWES Commencement History,ESS,SUB801_CDP_CRP_HISTORY_NIAA,CommencementDate
ESS,CDP Employment Placement History_obsolete,ESS,SUB801_CDP_CRP_HISTORY_NIAA,CommencementDate
ESS,CDP Employment Placement History_obsolete,ESS,SUB801_CDP_CRP_HISTORY_NIAA,PlacementEndDate
ESS,TWES CRP,ESS,SUB801_CDP_CRP_HISTORY_NIAA,PlacementEndDate
ESS,TWES JSCI,ESS,SUB801_CDP_CRP_HISTORY_NIAA,PlacementEndDate
ESS,TWES ESAT,ESS,SUB801_CDP_CRP_HISTORY_NIAA,PlacementEndDate
ESS,TWES Commencement History,ESS,SUB801_CDP_CRP_HISTORY_NIAA,ContractReferralPlacementId
ESS,CDP Employment Placement History_obsolete,ESS,SUB801_CDP_CRP_HISTORY_NIAA,ContractReferralPlacementId
ESS,TWES CRP,ESS,SUB801_CDP_CRP_HISTORY_NIAA,EXTRACT_DATE
ESS,TWES ESAT,ESS,SUB801_CDP_CRP_HISTORY_NIAA,EXTRACT_DATE
ESS,TWES JSCI,ESS,SUB801_CDP_CRP_HISTORY_NIAA,EXTRACT_DATE
ESS,TWES Job Seeker,ESS,SUB801_CDP_CRP_HISTORY_NIAA,EXTRACT_DATE
ESS,TWES Job Seeker,ESS,SUB801_CDP_CRP_HISTORY_NIAA,ContractTypeCode
ESS,TWES JSCI,ESS,SUB801_CDP_CRP_HISTORY_NIAA,ContractTypeCode
ESS,TWES ESAT,ESS,SUB801_CDP_CRP_HISTORY_NIAA,ContractTypeCode
ESS,TWES CRP,ESS,SUB801_CDP_CRP_HISTORY_NIAA,ContractTypeCode
ESS,TWES Commencement History,ESS,SUB801_CDP_CRP_HISTORY_NIAA,ContractTypeCode
ESS,CDP Employment Placement History_obsolete,ESS,SUB801_CDP_CRP_HISTORY_NIAA,ContractTypeCode
ESS,TWES CRP,ESS,SUB801_CDP_CRP_HISTORY_NIAA,IsActive
ESS,TWES JSCI,ESS,SUB801_CDP_CRP_HISTORY_NIAA,IsActive
ESS,TWES Job Seeker,ESS,SUB801_CDP_CRP_HISTORY_NIAA,IsActive
ABSDataPack,ATSIP ILOC Education Census Cell,ABSDataPack,ATSIP ILOC Education Census Cell Descriptor,ATSIP ILOC Education Census Cell Descriptor Id
FUSION,Programme,FUSION,pmc_programme,pmc_name
FUSION,Programme,FUSION,pmc_programme,pmc_programmeid
ACARA,Senior Secondary,ACARA,SeniorSecondary,ID
ACARA,Senior Secondary,ACARA,SeniorSecondary,Calendar Year
ACARA,Senior Secondary,ACARA,SeniorSecondary,ACARA_SML_ID
ACARA,Senior Secondary,ACARA,SeniorSecondary,Senior Secondary Certificates Awarded
ACARA,Senior Secondary,ACARA,SeniorSecondary,Completed Senior Secondary School
ACARA,Senior Secondary,ACARA,SeniorSecondary,Students at University
ACARA,Senior Secondary,ACARA,SeniorSecondary,Students at TAFE
ACARA,Senior Secondary,ACARA,SeniorSecondary,Students in Employment
ESS,ICS Employer,ESS,ICS_EMPLOYER_STATIC,EFFECTIVE_START_DATE
ESS,ICS Employer,ESS,ICS_EMPLOYER_STATIC,EFFECTIVE_END_DATE
ESS,ICS Employer,ESS,ICS_EMPLOYER_STATIC,EmployerId
ESS,ICS Employer,ESS,ICS_EMPLOYER_STATIC,BusinessCode
ESS,ICS Employer,ESS,ICS_EMPLOYER_STATIC,SectorCode
ESS,ICS Employer,ESS,ICS_EMPLOYER_STATIC,TradingName
ESS,ICS Employer,ESS,ICS_EMPLOYER_STATIC,ABN
ESS,CDP Activity Attendance,ESS,SUB802_CDP_CR_HISTORY_NIAA,BusinessContractId
ESS,TWES CRP,ESS,SUB802_CDP_CR_HISTORY_NIAA,JobSeekerId
ESS,TWES JSCI,ESS,SUB802_CDP_CR_HISTORY_NIAA,JobSeekerId
ESS,TWES JSCI,ESS,SUB802_CDP_CR_HISTORY_NIAA,ReferralDate
ESS,TWES CRP,ESS,SUB802_CDP_CR_HISTORY_NIAA,ReferralDate
ESS,TWES CRP,ESS,SUB802_CDP_CR_HISTORY_NIAA,ReferralSequenceNumber
ESS,TWES JSCI,ESS,SUB802_CDP_CR_HISTORY_NIAA,ReferralSequenceNumber
ESS,TWES JSCI,ESS,SUB802_CDP_CR_HISTORY_NIAA,ContractReferralId
ESS,TWES CRP,ESS,SUB802_CDP_CR_HISTORY_NIAA,ContractReferralId
ESS,CDP Activity Attendance,ESS,SUB802_CDP_CR_HISTORY_NIAA,ContractReferralId
ESS,CDP Activity Attendance,ESS,SUB802_CDP_CR_HISTORY_NIAA,IsActive
ESS,TWES CRP,ESS,SUB802_CDP_CR_HISTORY_NIAA,IsActive
ABSDataPack,ATSIP ILOC Income Census Cell,ABSDataPack,ATSIP ILOC Income Census Cell Descriptor,ATSIP ILOC Income Census Cell Descriptor Id
IAM,GMU Hierarchy,IAM,NIAA Staff,IAM User Id
IAM,GMU Director,IAM,NIAA Staff,IAM User Id
IAM,GMU Director,IAM,NIAA Staff,Title
IAM,GMU Director,IAM,NIAA Staff,Preferred Name
IAM,GMU Director,IAM,NIAA Staff,Given Names
IAM,GMU Director,IAM,NIAA Staff,Surname
IAM,GMU Director,IAM,NIAA Staff,Search Name
IAM,GMU Hierarchy,IAM,NIAA Staff,Search Name
IAM,GMU Hierarchy,IAM,NIAA Staff,Classification
IAM,GMU Director,IAM,NIAA Staff,Classification
IAM,GMU Director,IAM,NIAA Staff,Email Address
IAM,GMU Hierarchy,IAM,NIAA Staff,Email Address
IAM,GMU Hierarchy,IAM,NIAA Staff,Division
IAM,GMU Director,IAM,NIAA Staff,Branch
IAM,GMU Director,IAM,NIAA Staff,Supervisor Id
IAM,GMU Hierarchy,IAM,NIAA Staff,Supervisor Id
CRM,Interaction,CRM,phonecall,activityid
CRM,Interaction,CRM,phonecall,actualstart
CRM,Interaction,CRM,phonecall,pmc_actionrequired
CRM,Interaction,CRM,phonecall,pmc_purposename
CRM,Interaction,CRM,phonecall,pmc_typename
CRM,Interaction,CRM,phonecall,regardingobjectid
CRM,Interaction,CRM,phonecall,scheduleddurationminutes
CRM,Interaction,CRM,phonecall,scheduledend
CRM,Interaction,CRM,phonecall,scheduledstart
CRM,Interaction,CRM,phonecall,subject
CRM,Interaction,CRM,phonecall,ownerid
CRM,Interaction,CRM,phonecall,createdon
CRM,Interaction,CRM,phonecall,createdby
CRM,Interaction,CRM,phonecall,modifiedon
CRM,Interaction,CRM,phonecall,statecodename
ESS,ICS Employer,ESS,ICS_INDUSTRY_REF_STATIC,ICS Employer Sector Code
ESS,ICS Employer,ESS,ICS_INDUSTRY_REF_STATIC,ICS Employer Industry
ESS,IEP Claim Payments,ESS,SUB803_IEP_PAYMENTS_NIAA,EFFECTIVE_START_DATE
ESS,IEP Payment,ESS,SUB803_IEP_PAYMENTS_NIAA,EFFECTIVE_START_DATE
ESS,IEP Grant Estimated Expenditure FY,ESS,SUB803_IEP_PAYMENTS_NIAA,EFFECTIVE_START_DATE
ESS,IEP Grant Estimated Expenditure FY Backup 20231121,ESS,SUB803_IEP_PAYMENTS_NIAA,EFFECTIVE_START_DATE
ESS,FUSION IEP Activity Expenditure,ESS,SUB803_IEP_PAYMENTS_NIAA,EFFECTIVE_START_DATE
ESS,IEP Grant Estimated Expenditure FY Backup 20231102,ESS,SUB803_IEP_PAYMENTS_NIAA,EFFECTIVE_START_DATE
ESS,IEP Grant Estimated Expenditure FY Backup 20231102,ESS,SUB803_IEP_PAYMENTS_NIAA,EFFECTIVE_END_DATE
ESS,FUSION IEP Activity Expenditure,ESS,SUB803_IEP_PAYMENTS_NIAA,EFFECTIVE_END_DATE
ESS,IEP Grant Estimated Expenditure FY Backup 20231121,ESS,SUB803_IEP_PAYMENTS_NIAA,EFFECTIVE_END_DATE
ESS,IEP Grant Estimated Expenditure FY,ESS,SUB803_IEP_PAYMENTS_NIAA,EFFECTIVE_END_DATE
ESS,IEP Payment,ESS,SUB803_IEP_PAYMENTS_NIAA,EFFECTIVE_END_DATE
ESS,IEP Claim Payments,ESS,SUB803_IEP_PAYMENTS_NIAA,EFFECTIVE_END_DATE
ESS,IEP Claim Payments,ESS,SUB803_IEP_PAYMENTS_NIAA,StatusCode
ESS,IEP Payment,ESS,SUB803_IEP_PAYMENTS_NIAA,StatusCode
ESS,IEP Grant Estimated Expenditure FY,ESS,SUB803_IEP_PAYMENTS_NIAA,StatusCode
ESS,IEP Grant Estimated Expenditure FY Backup 20231121,ESS,SUB803_IEP_PAYMENTS_NIAA,StatusCode
ESS,FUSION IEP Activity Expenditure,ESS,SUB803_IEP_PAYMENTS_NIAA,StatusCode
ESS,IEP Grant Estimated Expenditure FY Backup 20231102,ESS,SUB803_IEP_PAYMENTS_NIAA,StatusCode
ESS,IEP Grant Estimated Expenditure FY Backup 20231102,ESS,SUB803_IEP_PAYMENTS_NIAA,EXTRACT_DATE
NIAA,Source Systems Date Time Last Extracted,ESS,SUB803_IEP_PAYMENTS_NIAA,EXTRACT_DATE
ESS,FUSION IEP Activity Expenditure,ESS,SUB803_IEP_PAYMENTS_NIAA,EXTRACT_DATE
ESS,IEP Grant Estimated Expenditure FY Backup 20231121,ESS,SUB803_IEP_PAYMENTS_NIAA,EXTRACT_DATE
ESS,IEP Grant Estimated Expenditure FY,ESS,SUB803_IEP_PAYMENTS_NIAA,EXTRACT_DATE
ESS,IEP Payment,ESS,SUB803_IEP_PAYMENTS_NIAA,EXTRACT_DATE
ESS,IEP Claim Payments,ESS,SUB803_IEP_PAYMENTS_NIAA,EXTRACT_DATE
ESS,IEP Claim Payments,ESS,SUB803_IEP_PAYMENTS_NIAA,PaymentId
ESS,IEP Payment,ESS,SUB803_IEP_PAYMENTS_NIAA,PaymentId
ESS,IEP Milestone 1000 Jobs,ESS,SUB803_IEP_PAYMENTS_NIAA,PaymentId
ESS,IEP Payment,ESS,SUB803_IEP_PAYMENTS_NIAA,PaymentType
ESS,IEP Claim Payments,ESS,SUB803_IEP_PAYMENTS_NIAA,PaymentType
ESS,IEP Claim Payments,ESS,SUB803_IEP_PAYMENTS_NIAA,DueDate
ESS,IEP Payment,ESS,SUB803_IEP_PAYMENTS_NIAA,DueDate
ESS,IEP Grant Estimated Expenditure FY,ESS,SUB803_IEP_PAYMENTS_NIAA,DueDate
ESS,IEP Grant Estimated Expenditure FY Backup 20231121,ESS,SUB803_IEP_PAYMENTS_NIAA,DueDate
ESS,IEP Milestone 1000 Jobs,ESS,SUB803_IEP_PAYMENTS_NIAA,DueDate
ESS,FUSION IEP Activity Expenditure,ESS,SUB803_IEP_PAYMENTS_NIAA,DueDate
ESS,IEP Grant Estimated Expenditure FY Backup 20231102,ESS,SUB803_IEP_PAYMENTS_NIAA,DueDate
ESS,IEP Payment,ESS,SUB803_IEP_PAYMENTS_NIAA,StatusDateTime
ESS,IEP Claim Payments,ESS,SUB803_IEP_PAYMENTS_NIAA,StatusDateTime
ESS,IEP Claim Payments,ESS,SUB803_IEP_PAYMENTS_NIAA,AmountGstFree
ESS,IEP Payment,ESS,SUB803_IEP_PAYMENTS_NIAA,AmountGstFree
ESS,IEP Grant Estimated Expenditure FY Backup 20231121,ESS,SUB803_IEP_PAYMENTS_NIAA,AmountGstFree
ESS,IEP Grant Estimated Expenditure FY,ESS,SUB803_IEP_PAYMENTS_NIAA,AmountGstFree
ESS,IEP Grant Estimated Expenditure FY Backup 20231102,ESS,SUB803_IEP_PAYMENTS_NIAA,AmountGstFree
ESS,FUSION IEP Activity Expenditure,ESS,SUB803_IEP_PAYMENTS_NIAA,AmountGstFree
ESS,IEP Milestone 1000 Jobs,ESS,SUB803_IEP_PAYMENTS_NIAA,AmountGstFree
ESS,IEP Milestone 1000 Jobs,ESS,SUB803_IEP_PAYMENTS_NIAA,AmountGstLiable
ESS,FUSION IEP Activity Expenditure,ESS,SUB803_IEP_PAYMENTS_NIAA,AmountGstLiable
ESS,IEP Grant Estimated Expenditure FY Backup 20231102,ESS,SUB803_IEP_PAYMENTS_NIAA,AmountGstLiable
ESS,IEP Grant Estimated Expenditure FY,ESS,SUB803_IEP_PAYMENTS_NIAA,AmountGstLiable
ESS,IEP Grant Estimated Expenditure FY Backup 20231121,ESS,SUB803_IEP_PAYMENTS_NIAA,AmountGstLiable
ESS,IEP Payment,ESS,SUB803_IEP_PAYMENTS_NIAA,AmountGstLiable
ESS,IEP Claim Payments,ESS,SUB803_IEP_PAYMENTS_NIAA,AmountGstLiable
ESS,IEP Claim Payments,ESS,SUB803_IEP_PAYMENTS_NIAA,SourcePaymentTypeId
ESS,IEP Payment,ESS,SUB803_IEP_PAYMENTS_NIAA,SourcePaymentTypeId
ESS,IEP Grant Estimated Expenditure FY Backup 20231121,ESS,SUB803_IEP_PAYMENTS_NIAA,SourcePaymentTypeId
ESS,IEP Grant Estimated Expenditure FY,ESS,SUB803_IEP_PAYMENTS_NIAA,SourcePaymentTypeId
ESS,IEP Grant Estimated Expenditure FY Backup 20231102,ESS,SUB803_IEP_PAYMENTS_NIAA,SourcePaymentTypeId
ESS,FUSION IEP Activity Expenditure,ESS,SUB803_IEP_PAYMENTS_NIAA,SourcePaymentTypeId
ESS,IEP Milestone 1000 Jobs,ESS,SUB803_IEP_PAYMENTS_NIAA,SourcePaymentTypeId
ESS,IEP Milestone 1000 Jobs,ESS,SUB803_IEP_PAYMENTS_NIAA,ProgramCategoryCode
ESS,IEP Payment,ESS,SUB803_IEP_PAYMENTS_NIAA,ProgramCategoryCode
ESS,IEP Claim Payments,ESS,SUB803_IEP_PAYMENTS_NIAA,ProgramCategoryCode
ESS,IEP Milestone 1000 Jobs,ESS,SUB803_IEP_PAYMENTS_NIAA,EffectivePaymentDate
ESS,IEP Milestone 1000 Jobs,ESS,SUB803_IEP_PAYMENTS_NIAA,GstAmount
ESS,FUSION IEP Activity Expenditure,ESS,SUB803_IEP_PAYMENTS_NIAA,GstAmount
ESS,IEP Grant Estimated Expenditure FY Backup 20231102,ESS,SUB803_IEP_PAYMENTS_NIAA,GstAmount
ESS,IEP Grant Estimated Expenditure FY,ESS,SUB803_IEP_PAYMENTS_NIAA,GstAmount
ESS,IEP Grant Estimated Expenditure FY Backup 20231121,ESS,SUB803_IEP_PAYMENTS_NIAA,GstAmount
ESS,IEP Payment,ESS,SUB803_IEP_PAYMENTS_NIAA,SourceReferenceIdentifiers
ESS,IEP Claim Payments,ESS,SUB803_IEP_PAYMENTS_NIAA,SourceReferenceIdentifiers
ESS,IEP Milestone 1000 Jobs,ESS,SUB803_IEP_PAYMENTS_NIAA,IsActive
ABSDataPack,ATSIP ILOC Residency Census Cell,ABSDataPack,ATSIP ILOC Residency Census Cell Descriptor,ATSIP ILOC Residency Census Cell Descriptor Id
ASGS,MB 2016 - RA 2016,ASGS,MB_2016_RA_2016,MB_CODE_2016
ASGS,MB 2016 - RA 2016,ASGS,MB_2016_RA_2016,SA1_MAINCODE_2016
ASGS,MB 2016 - RA 2016,ASGS,MB_2016_RA_2016,RA_CODE_2016
ASGS,MB 2016 - RA 2016,ASGS,MB_2016_RA_2016,RA_NAME_2016
ASGS,MB 2016 - RA 2016,ASGS,MB_2016_RA_2016,STATE_CODE_2016
ASGS,MB 2016 - RA 2016,ASGS,MB_2016_RA_2016,STATE_NAME_2016
ASGS,MB 2016 - RA 2016,ASGS,MB_2016_RA_2016,AREA_ALBERS_SQKM
PRA,KPI Assessment Legacy,FUSION,KPI Code,KPI Code Id
PRA,KPI Assessment Legacy,FUSION,KPI Code,Display Order
PRA,KPI Assessment Legacy,FUSION,KPI Code,IAS Code
PRA,KPI Assessment Legacy,FUSION,KPI Code,KPI Description
ACARA,Student Gain,ACARA,StudentGain,ID
ACARA,Student Gain,ACARA,StudentGain,Calendar Year
ACARA,Student Gain,ACARA,StudentGain,ACARA_SML_ID
ACARA,Student Gain,ACARA,StudentGain,Domain
ACARA,Student Gain,ACARA,StudentGain,Calendar Year Range
ACARA,Student Gain,ACARA,StudentGain,Student Grade Level
ACARA,Student Gain,ACARA,StudentGain,Student Grade Level Range
ACARA,Student Gain,ACARA,StudentGain,School Average NAPLAN Score
ACARA,Student Gain,ACARA,StudentGain,School Average Lower Margin
ACARA,Student Gain,ACARA,StudentGain,School Average Upper Margin
ACARA,Student Gain,ACARA,StudentGain,School Median NAPLAN Score
ACARA,Student Gain,ACARA,StudentGain,School Median Lower Margin
ACARA,Student Gain,ACARA,StudentGain,School Median Upper Margin
ACARA,Student Gain,ACARA,StudentGain,Matched Student Percentage
ESS,ICS Agreement,ESS,ICS_OUTCOME_REF_STATIC,ICS Concat Outcome Key
ESS,ICS Agreement,ESS,ICS_OUTCOME_REF_STATIC,ICS Outcomes - Combined Data
ESS,CDP Job Seeker Month End,ESS,CDP_Js_Month_End,JS Effective Start Date
ESS,CDP Job Seeker Month End,ESS,CDP_Js_Month_End,JS Effective End Date
ESS,CDP Job Seeker Month End,ESS,CDP_Js_Month_End,Month End
ESS,IEP Payment,ESS,SUB804_IEP_PROJECT_HISTORY_NIAA,EXTRACT_DATE
ESS,IEP Grant Estimated Expenditure FY Backup 20231121,ESS,SUB804_IEP_PROJECT_HISTORY_NIAA,EXTRACT_DATE
ESS,IEP Grant Estimated Expenditure FY,ESS,SUB804_IEP_PROJECT_HISTORY_NIAA,EXTRACT_DATE
ESS,IEP Activity Obsolete,ESS,SUB804_IEP_PROJECT_HISTORY_NIAA,EXTRACT_DATE
ESS,IEP Claim Payments,ESS,SUB804_IEP_PROJECT_HISTORY_NIAA,EXTRACT_DATE
ESS,IEP Placement Summary,ESS,SUB804_IEP_PROJECT_HISTORY_NIAA,EXTRACT_DATE
ESS,IEP Activity,ESS,SUB804_IEP_PROJECT_HISTORY_NIAA,EXTRACT_DATE
ESS,IEP Milestone,ESS,SUB804_IEP_PROJECT_HISTORY_NIAA,EXTRACT_DATE
ESS,IEP Grant Activity,ESS,SUB804_IEP_PROJECT_HISTORY_NIAA,EXTRACT_DATE
FUSION,Grant Activity,ESS,SUB804_IEP_PROJECT_HISTORY_NIAA,EXTRACT_DATE
ESS,IEP Grant Estimated Expenditure FY Backup 20231102,ESS,SUB804_IEP_PROJECT_HISTORY_NIAA,EXTRACT_DATE
ESS,FUSION IEP Location,ESS,SUB804_IEP_PROJECT_HISTORY_NIAA,EXTRACT_DATE
ESS,FUSION IEP Activity Expenditure,ESS,SUB804_IEP_PROJECT_HISTORY_NIAA,EXTRACT_DATE
ESS,FUSION IEP Activity,ESS,SUB804_IEP_PROJECT_HISTORY_NIAA,EXTRACT_DATE
ESS,FUSION IEP Activity,ESS,SUB804_IEP_PROJECT_HISTORY_NIAA,EFFECTIVE_START_DATE
ESS,FUSION IEP Activity Expenditure,ESS,SUB804_IEP_PROJECT_HISTORY_NIAA,EFFECTIVE_START_DATE
ESS,FUSION IEP Location,ESS,SUB804_IEP_PROJECT_HISTORY_NIAA,EFFECTIVE_START_DATE
ESS,IEP Grant Estimated Expenditure FY Backup 20231102,ESS,SUB804_IEP_PROJECT_HISTORY_NIAA,EFFECTIVE_START_DATE
FUSION,Grant Activity,ESS,SUB804_IEP_PROJECT_HISTORY_NIAA,EFFECTIVE_START_DATE
ESS,IEP Milestone,ESS,SUB804_IEP_PROJECT_HISTORY_NIAA,EFFECTIVE_START_DATE
ESS,IEP Activity,ESS,SUB804_IEP_PROJECT_HISTORY_NIAA,EFFECTIVE_START_DATE
ESS,IEP Placement Summary,ESS,SUB804_IEP_PROJECT_HISTORY_NIAA,EFFECTIVE_START_DATE
ESS,IEP Claim Payments,ESS,SUB804_IEP_PROJECT_HISTORY_NIAA,EFFECTIVE_START_DATE
ESS,IEP Activity Obsolete,ESS,SUB804_IEP_PROJECT_HISTORY_NIAA,EFFECTIVE_START_DATE
ESS,IEP Grant Estimated Expenditure FY,ESS,SUB804_IEP_PROJECT_HISTORY_NIAA,EFFECTIVE_START_DATE
ESS,IEP Grant Estimated Expenditure FY Backup 20231121,ESS,SUB804_IEP_PROJECT_HISTORY_NIAA,EFFECTIVE_START_DATE
ESS,IEP Payment,ESS,SUB804_IEP_PROJECT_HISTORY_NIAA,EFFECTIVE_START_DATE
ESS,IEP Payment,ESS,SUB804_IEP_PROJECT_HISTORY_NIAA,EFFECTIVE_END_DATE
ESS,IEP Grant Estimated Expenditure FY Backup 20231121,ESS,SUB804_IEP_PROJECT_HISTORY_NIAA,EFFECTIVE_END_DATE
ESS,IEP Grant Estimated Expenditure FY,ESS,SUB804_IEP_PROJECT_HISTORY_NIAA,EFFECTIVE_END_DATE
ESS,IEP Activity Obsolete,ESS,SUB804_IEP_PROJECT_HISTORY_NIAA,EFFECTIVE_END_DATE
ESS,IEP Claim Payments,ESS,SUB804_IEP_PROJECT_HISTORY_NIAA,EFFECTIVE_END_DATE
ESS,IEP Placement Summary,ESS,SUB804_IEP_PROJECT_HISTORY_NIAA,EFFECTIVE_END_DATE
ESS,IEP Activity,ESS,SUB804_IEP_PROJECT_HISTORY_NIAA,EFFECTIVE_END_DATE
ESS,IEP Milestone,ESS,SUB804_IEP_PROJECT_HISTORY_NIAA,EFFECTIVE_END_DATE
FUSION,Grant Activity,ESS,SUB804_IEP_PROJECT_HISTORY_NIAA,EFFECTIVE_END_DATE
ESS,IEP Grant Estimated Expenditure FY Backup 20231102,ESS,SUB804_IEP_PROJECT_HISTORY_NIAA,EFFECTIVE_END_DATE
ESS,FUSION IEP Location,ESS,SUB804_IEP_PROJECT_HISTORY_NIAA,EFFECTIVE_END_DATE
ESS,FUSION IEP Activity Expenditure,ESS,SUB804_IEP_PROJECT_HISTORY_NIAA,EFFECTIVE_END_DATE
ESS,FUSION IEP Activity,ESS,SUB804_IEP_PROJECT_HISTORY_NIAA,EFFECTIVE_END_DATE
ESS,FUSION IEP Activity,ESS,SUB804_IEP_PROJECT_HISTORY_NIAA,ProjectId
ESS,FUSION IEP Activity Expenditure,ESS,SUB804_IEP_PROJECT_HISTORY_NIAA,ProjectId
ESS,IEP Program Element,ESS,SUB804_IEP_PROJECT_HISTORY_NIAA,ProjectId
ESS,FUSION IEP Location,ESS,SUB804_IEP_PROJECT_HISTORY_NIAA,ProjectId
ESS,IEP Grant Estimated Expenditure FY Backup 20231102,ESS,SUB804_IEP_PROJECT_HISTORY_NIAA,ProjectId
FUSION,Grant Activity,ESS,SUB804_IEP_PROJECT_HISTORY_NIAA,ProjectId
ESS,IEP Grant Activity,ESS,SUB804_IEP_PROJECT_HISTORY_NIAA,ProjectId
ESS,IEP Milestone,ESS,SUB804_IEP_PROJECT_HISTORY_NIAA,ProjectId
ESS,IEP Activity,ESS,SUB804_IEP_PROJECT_HISTORY_NIAA,ProjectId
ESS,IEP Milestone 1000 Jobs,ESS,SUB804_IEP_PROJECT_HISTORY_NIAA,ProjectId
ESS,IEP Placement Summary,ESS,SUB804_IEP_PROJECT_HISTORY_NIAA,ProjectId
ESS,IEP Claim Payments,ESS,SUB804_IEP_PROJECT_HISTORY_NIAA,ProjectId
ESS,IEP Activity Obsolete,ESS,SUB804_IEP_PROJECT_HISTORY_NIAA,ProjectId
ESS,IEP Grant Estimated Expenditure FY,ESS,SUB804_IEP_PROJECT_HISTORY_NIAA,ProjectId
ESS,IEP Grant Estimated Expenditure FY Backup 20231121,ESS,SUB804_IEP_PROJECT_HISTORY_NIAA,ProjectId
ESS,IEP Payment,ESS,SUB804_IEP_PROJECT_HISTORY_NIAA,ProjectId
ESS,IEP Grant Activity Site Location,ESS,SUB804_IEP_PROJECT_HISTORY_NIAA,ProjectId
ESS,IEP Grant Activity Site Location,ESS,SUB804_IEP_PROJECT_HISTORY_NIAA,Title
ESS,IEP Activity Obsolete,ESS,SUB804_IEP_PROJECT_HISTORY_NIAA,Title
ESS,IEP Activity,ESS,SUB804_IEP_PROJECT_HISTORY_NIAA,Title
ESS,IEP Milestone,ESS,SUB804_IEP_PROJECT_HISTORY_NIAA,Title
ESS,IEP Grant Activity,ESS,SUB804_IEP_PROJECT_HISTORY_NIAA,Title
ESS,FUSION IEP Location,ESS,SUB804_IEP_PROJECT_HISTORY_NIAA,Title
ESS,IEP Program Element,ESS,SUB804_IEP_PROJECT_HISTORY_NIAA,Title
ESS,FUSION IEP Activity,ESS,SUB804_IEP_PROJECT_HISTORY_NIAA,Title
ESS,FUSION IEP Activity,ESS,SUB804_IEP_PROJECT_HISTORY_NIAA,Description
ESS,IEP Grant Activity,ESS,SUB804_IEP_PROJECT_HISTORY_NIAA,Description
ESS,IEP Activity,ESS,SUB804_IEP_PROJECT_HISTORY_NIAA,Description
ESS,IEP Activity Obsolete,ESS,SUB804_IEP_PROJECT_HISTORY_NIAA,Description
ESS,IEP Activity Obsolete,ESS,SUB804_IEP_PROJECT_HISTORY_NIAA,TypeCode
ESS,IEP Grant Estimated Expenditure FY Backup 20231121,ESS,SUB804_IEP_PROJECT_HISTORY_NIAA,TypeCode
ESS,IEP Grant Estimated Expenditure FY,ESS,SUB804_IEP_PROJECT_HISTORY_NIAA,TypeCode
ESS,IEP Activity,ESS,SUB804_IEP_PROJECT_HISTORY_NIAA,TypeCode
ESS,IEP Milestone 1000 Jobs,ESS,SUB804_IEP_PROJECT_HISTORY_NIAA,TypeCode
ESS,IEP Milestone,ESS,SUB804_IEP_PROJECT_HISTORY_NIAA,TypeCode
ESS,IEP Program Element,ESS,SUB804_IEP_PROJECT_HISTORY_NIAA,TypeCode
ESS,IEP Grant Estimated Expenditure FY Backup 20231102,ESS,SUB804_IEP_PROJECT_HISTORY_NIAA,TypeCode
ESS,IEP Grant Estimated Expenditure FY Backup 20231102,ESS,SUB804_IEP_PROJECT_HISTORY_NIAA,StartDate
ESS,FUSION IEP Location,ESS,SUB804_IEP_PROJECT_HISTORY_NIAA,StartDate
ESS,IEP Program Element,ESS,SUB804_IEP_PROJECT_HISTORY_NIAA,StartDate
ESS,FUSION IEP Activity,ESS,SUB804_IEP_PROJECT_HISTORY_NIAA,StartDate
ESS,IEP Milestone,ESS,SUB804_IEP_PROJECT_HISTORY_NIAA,StartDate
ESS,IEP Milestone 1000 Jobs,ESS,SUB804_IEP_PROJECT_HISTORY_NIAA,StartDate
ESS,IEP Activity,ESS,SUB804_IEP_PROJECT_HISTORY_NIAA,StartDate
ESS,IEP Grant Activity,ESS,SUB804_IEP_PROJECT_HISTORY_NIAA,StartDate
ESS,IEP Grant Estimated Expenditure FY,ESS,SUB804_IEP_PROJECT_HISTORY_NIAA,StartDate
ESS,IEP Grant Estimated Expenditure FY Backup 20231121,ESS,SUB804_IEP_PROJECT_HISTORY_NIAA,StartDate
ESS,IEP Activity Obsolete,ESS,SUB804_IEP_PROJECT_HISTORY_NIAA,StartDate
ESS,IEP Grant Activity Site Location,ESS,SUB804_IEP_PROJECT_HISTORY_NIAA,StartDate
ESS,IEP Activity Obsolete,ESS,SUB804_IEP_PROJECT_HISTORY_NIAA,IndustryCode
ESS,IEP Activity,ESS,SUB804_IEP_PROJECT_HISTORY_NIAA,IndustryCode
ESS,IEP Activity,ESS,SUB804_IEP_PROJECT_HISTORY_NIAA,OccupationCode
ESS,IEP Activity Obsolete,ESS,SUB804_IEP_PROJECT_HISTORY_NIAA,OccupationCode
ESS,IEP Activity Obsolete,ESS,SUB804_IEP_PROJECT_HISTORY_NIAA,ProgramCategoryCode
ESS,IEP Payment,ESS,SUB804_IEP_PROJECT_HISTORY_NIAA,ProgramCategoryCode
ESS,IEP Claim Payments,ESS,SUB804_IEP_PROJECT_HISTORY_NIAA,ProgramCategoryCode
ESS,IEP Placement Summary,ESS,SUB804_IEP_PROJECT_HISTORY_NIAA,ProgramCategoryCode
ESS,IEP Activity,ESS,SUB804_IEP_PROJECT_HISTORY_NIAA,ProgramCategoryCode
ESS,IEP Grant Activity,ESS,SUB804_IEP_PROJECT_HISTORY_NIAA,ProgramCategoryCode
ESS,FUSION IEP Activity,ESS,SUB804_IEP_PROJECT_HISTORY_NIAA,ProgramCategoryCode
ESS,IEP Program Element,ESS,SUB804_IEP_PROJECT_HISTORY_NIAA,ProgramCategoryCode
ESS,FUSION IEP Location,ESS,SUB804_IEP_PROJECT_HISTORY_NIAA,ProgramCategoryCode
ESS,FUSION IEP Location,ESS,SUB804_IEP_PROJECT_HISTORY_NIAA,StatusCode
ESS,IEP Grant Estimated Expenditure FY Backup 20231102,ESS,SUB804_IEP_PROJECT_HISTORY_NIAA,StatusCode
ESS,FUSION IEP Activity,ESS,SUB804_IEP_PROJECT_HISTORY_NIAA,StatusCode
ESS,IEP Grant Activity,ESS,SUB804_IEP_PROJECT_HISTORY_NIAA,StatusCode
ESS,IEP Activity,ESS,SUB804_IEP_PROJECT_HISTORY_NIAA,StatusCode
ESS,IEP Milestone 1000 Jobs,ESS,SUB804_IEP_PROJECT_HISTORY_NIAA,StatusCode
ESS,IEP Milestone,ESS,SUB804_IEP_PROJECT_HISTORY_NIAA,StatusCode
ESS,IEP Grant Activity Site Location,ESS,SUB804_IEP_PROJECT_HISTORY_NIAA,StatusCode
ESS,IEP Activity Obsolete,ESS,SUB804_IEP_PROJECT_HISTORY_NIAA,StatusCode
ESS,IEP Grant Estimated Expenditure FY Backup 20231121,ESS,SUB804_IEP_PROJECT_HISTORY_NIAA,StatusCode
ESS,IEP Grant Estimated Expenditure FY,ESS,SUB804_IEP_PROJECT_HISTORY_NIAA,StatusCode
ESS,IEP Activity Obsolete,ESS,SUB804_IEP_PROJECT_HISTORY_NIAA,ApprovalDate
ESS,IEP Activity,ESS,SUB804_IEP_PROJECT_HISTORY_NIAA,ApprovalDate
ESS,IEP Activity,ESS,SUB804_IEP_PROJECT_HISTORY_NIAA,EndDate
ESS,IEP Grant Activity,ESS,SUB804_IEP_PROJECT_HISTORY_NIAA,EndDate
ESS,FUSION IEP Activity,ESS,SUB804_IEP_PROJECT_HISTORY_NIAA,EndDate
ESS,IEP Grant Estimated Expenditure FY Backup 20231102,ESS,SUB804_IEP_PROJECT_HISTORY_NIAA,EndDate
ESS,FUSION IEP Location,ESS,SUB804_IEP_PROJECT_HISTORY_NIAA,EndDate
ESS,IEP Activity Obsolete,ESS,SUB804_IEP_PROJECT_HISTORY_NIAA,EndDate
ESS,IEP Grant Estimated Expenditure FY,ESS,SUB804_IEP_PROJECT_HISTORY_NIAA,EndDate
ESS,IEP Grant Estimated Expenditure FY Backup 20231121,ESS,SUB804_IEP_PROJECT_HISTORY_NIAA,EndDate
ESS,IEP Grant Activity Site Location,ESS,SUB804_IEP_PROJECT_HISTORY_NIAA,EndDate
ESS,IEP Activity Obsolete,ESS,SUB804_IEP_PROJECT_HISTORY_NIAA,SupervisingOfficeCode
ESS,FUSION IEP Activity,ESS,SUB804_IEP_PROJECT_HISTORY_NIAA,SupervisingOfficeCode
ESS,IEP Grant Activity,ESS,SUB804_IEP_PROJECT_HISTORY_NIAA,SupervisingOfficeCode
ESS,IEP Activity,ESS,SUB804_IEP_PROJECT_HISTORY_NIAA,SupervisingOfficeCode
ESS,IEP Activity,ESS,SUB804_IEP_PROJECT_HISTORY_NIAA,ProviderID
ESS,IEP Grant Activity,ESS,SUB804_IEP_PROJECT_HISTORY_NIAA,ProviderID
ESS,FUSION IEP Activity,ESS,SUB804_IEP_PROJECT_HISTORY_NIAA,ProviderID
ESS,FUSION IEP Activity Expenditure,ESS,SUB804_IEP_PROJECT_HISTORY_NIAA,ProviderID
ESS,IEP Grant Estimated Expenditure FY Backup 20231102,ESS,SUB804_IEP_PROJECT_HISTORY_NIAA,ProviderID
ESS,IEP Activity Obsolete,ESS,SUB804_IEP_PROJECT_HISTORY_NIAA,ProviderID
ESS,IEP Grant Estimated Expenditure FY Backup 20231121,ESS,SUB804_IEP_PROJECT_HISTORY_NIAA,ProviderID
ESS,IEP Grant Estimated Expenditure FY,ESS,SUB804_IEP_PROJECT_HISTORY_NIAA,ProviderID
ESS,IEP Grant Activity Site Location,ESS,SUB804_IEP_PROJECT_HISTORY_NIAA,ProviderID
ESS,IEP Activity Obsolete,ESS,SUB804_IEP_PROJECT_HISTORY_NIAA,RecruitmentEndDate
ESS,FUSION IEP Activity,ESS,SUB804_IEP_PROJECT_HISTORY_NIAA,RecruitmentEndDate
ESS,IEP Grant Activity,ESS,SUB804_IEP_PROJECT_HISTORY_NIAA,RecruitmentEndDate
ESS,IEP Activity,ESS,SUB804_IEP_PROJECT_HISTORY_NIAA,RecruitmentEndDate
ESS,IEP Activity,ESS,SUB804_IEP_PROJECT_HISTORY_NIAA,ExecutionDate
ESS,IEP Grant Activity,ESS,SUB804_IEP_PROJECT_HISTORY_NIAA,ExecutionDate
FUSION,Grant Activity,ESS,SUB804_IEP_PROJECT_HISTORY_NIAA,ExecutionDate
ESS,FUSION IEP Activity,ESS,SUB804_IEP_PROJECT_HISTORY_NIAA,ExecutionDate
ESS,IEP Activity Obsolete,ESS,SUB804_IEP_PROJECT_HISTORY_NIAA,ExecutionDate
ESS,IEP Activity Obsolete,ESS,SUB804_IEP_PROJECT_HISTORY_NIAA,ApprovedCost
ESS,IEP Grant Estimated Expenditure FY,ESS,SUB804_IEP_PROJECT_HISTORY_NIAA,ApprovedCost
ESS,IEP Grant Estimated Expenditure FY Backup 20231121,ESS,SUB804_IEP_PROJECT_HISTORY_NIAA,ApprovedCost
ESS,IEP Grant Activity Site Location,ESS,SUB804_IEP_PROJECT_HISTORY_NIAA,ApprovedCost
ESS,FUSION IEP Activity,ESS,SUB804_IEP_PROJECT_HISTORY_NIAA,ApprovedCost
ESS,IEP Grant Estimated Expenditure FY Backup 20231102,ESS,SUB804_IEP_PROJECT_HISTORY_NIAA,ApprovedCost
ESS,FUSION IEP Location,ESS,SUB804_IEP_PROJECT_HISTORY_NIAA,ApprovedCost
ESS,IEP Grant Activity,ESS,SUB804_IEP_PROJECT_HISTORY_NIAA,ApprovedCost
ESS,IEP Activity,ESS,SUB804_IEP_PROJECT_HISTORY_NIAA,ApprovedCost
ESS,IEP Activity,ESS,SUB804_IEP_PROJECT_HISTORY_NIAA,ContractManager
ESS,IEP Grant Activity,ESS,SUB804_IEP_PROJECT_HISTORY_NIAA,ContractManager
ESS,FUSION IEP Activity,ESS,SUB804_IEP_PROJECT_HISTORY_NIAA,ContractManager
ESS,IEP Activity Obsolete,ESS,SUB804_IEP_PROJECT_HISTORY_NIAA,ContractManager
ESS,IEP Activity Obsolete,ESS,SUB804_IEP_PROJECT_HISTORY_NIAA,BusinessDevelopmentOfficer
ESS,FUSION IEP Activity,ESS,SUB804_IEP_PROJECT_HISTORY_NIAA,BusinessDevelopmentOfficer
ESS,IEP Grant Activity,ESS,SUB804_IEP_PROJECT_HISTORY_NIAA,BusinessDevelopmentOfficer
ESS,IEP Activity,ESS,SUB804_IEP_PROJECT_HISTORY_NIAA,BusinessDevelopmentOfficer
ESS,IEP Activity,ESS,SUB804_IEP_PROJECT_HISTORY_NIAA,MaxEmploymentCount
ESS,IEP Activity Obsolete,ESS,SUB804_IEP_PROJECT_HISTORY_NIAA,MaxEmploymentCount
ESS,IEP Activity Obsolete,ESS,SUB804_IEP_PROJECT_HISTORY_NIAA,MaxTrainingCount
ESS,IEP Activity,ESS,SUB804_IEP_PROJECT_HISTORY_NIAA,MaxTrainingCount
ESS,IEP Activity,ESS,SUB804_IEP_PROJECT_HISTORY_NIAA,IndustryCodeOld
ESS,IEP Activity Obsolete,ESS,SUB804_IEP_PROJECT_HISTORY_NIAA,IndustryCodeOld
ESS,IEP Activity Obsolete,ESS,SUB804_IEP_PROJECT_HISTORY_NIAA,OccupationCodeOld
ESS,IEP Activity,ESS,SUB804_IEP_PROJECT_HISTORY_NIAA,OccupationCodeOld
ESS,IEP Activity,ESS,SUB804_IEP_PROJECT_HISTORY_NIAA,unspentfunds
ESS,FUSION IEP Location,ESS,SUB804_IEP_PROJECT_HISTORY_NIAA,unspentfunds
ESS,IEP Activity Obsolete,ESS,SUB804_IEP_PROJECT_HISTORY_NIAA,unspentfunds
ESS,IEP Grant Activity Site Location,ESS,SUB804_IEP_PROJECT_HISTORY_NIAA,IsActive
ESS,IEP Program Element,ESS,SUB804_IEP_PROJECT_HISTORY_NIAA,IsActive
ESS,IEP Milestone 1000 Jobs,ESS,SUB804_IEP_PROJECT_HISTORY_NIAA,IsActive
ESS,IEP Grant Activity,ESS,SUB804_IEP_PROJECT_HISTORY_NIAA,IsActive
CRM,Interaction,CRM,phonecall_etltransform,activityid
CRM,Interaction,CRM,phonecall_etltransform,description
ESS,CDP Claim,ESS,DIM_CMY_RATE_TYPE,CMY_RATE_TYPE
ESS,CDP Claim,ESS,DIM_CMY_RATE_TYPE,Claims Employment Outcomes Flag
ESS,CDP Claim,ESS,DIM_CMY_RATE_TYPE,Claims Employment Incentive Flag
ESS,CDP Claim,ESS,DIM_CMY_RATE_TYPE,Claim Type Group
Forms,CDP_PPR_Assessment_Response_Summary,Forms,CDP_PPR_Assessment_Response_Mod_View,Assessment Object Key
Forms,CDP_PPR_Assessment_Response_Mod_View,Forms,CDP_PPR_Assessment_Response_Mod_View,PPR Key
Forms,CDP_PPR_Assessment_Response_Summary,Forms,CDP_PPR_Assessment_Response_Mod_View,PPR Measure Key
Forms,CDP_PPR_Assessment_Response_Summary,Forms,CDP_PPR_Assessment_Response_Mod_View,CDP Region Code
Forms,CDP_PPR_Assessment_Response_Summary,Forms,CDP_PPR_Assessment_Response_Mod_View,Organisation Code
Forms,CDP_PPR_Assessment_Response_Summary,Forms,CDP_PPR_Assessment_Response_Mod_View,Response_01
Forms,CDP_PPR_Assessment_Response_Summary,Forms,CDP_PPR_Assessment_Response_Mod_View,Response 01 Value
Forms,CDP_PPR_Assessment_Response_Summary,Forms,CDP_PPR_Assessment_Response_Mod_View,Response_02
Forms,CDP_PPR_Assessment_Response_Summary,Forms,CDP_PPR_Assessment_Response_Mod_View,Response 02 Value
Forms,CDP_PPR_Assessment_Response_Summary,Forms,CDP_PPR_Assessment_Response_Mod_View,Response_03
Forms,CDP_PPR_Assessment_Response_Summary,Forms,CDP_PPR_Assessment_Response_Mod_View,Response 03 Value
Forms,CDP_PPR_Assessment_Response_Summary,Forms,CDP_PPR_Assessment_Response_Mod_View,Required Response 03 Adjustment
Forms,CDP_PPR_Assessment_Response_Summary,Forms,CDP_PPR_Assessment_Response_Mod_View,Response_04
Forms,CDP_PPR_Assessment_Response_Summary,Forms,CDP_PPR_Assessment_Response_Mod_View,Response 04 Value
Forms,CDP_PPR_Assessment_Response_Summary,Forms,CDP_PPR_Assessment_Response_Mod_View,Required Response 04 Adjustment
Forms,CDP_PPR_Assessment_Response_Summary,Forms,CDP_PPR_Assessment_Response_Mod_View,Response_05
Forms,CDP_PPR_Assessment_Response_Summary,Forms,CDP_PPR_Assessment_Response_Mod_View,Response 05 Value
Forms,CDP_PPR_Assessment_Response_Summary,Forms,CDP_PPR_Assessment_Response_Mod_View,Required Response 05 Adjustment
Forms,CDP_PPR_Assessment_Response_Summary,Forms,CDP_PPR_Assessment_Response_Mod_View,Response_06
Forms,CDP_PPR_Assessment_Response_Summary,Forms,CDP_PPR_Assessment_Response_Mod_View,Response 06 Value
Forms,CDP_PPR_Assessment_Response_Summary,Forms,CDP_PPR_Assessment_Response_Mod_View,Required Response 06 Adjustment
Forms,CDP_PPR_Assessment_Response_Summary,Forms,CDP_PPR_Assessment_Response_Mod_View,Response_07
Forms,CDP_PPR_Assessment_Response_Summary,Forms,CDP_PPR_Assessment_Response_Mod_View,Response 07 Value
Forms,CDP_PPR_Assessment_Response_Summary,Forms,CDP_PPR_Assessment_Response_Mod_View,Required Response 07 Adjustment
Forms,CDP_PPR_Assessment_Response_Summary,Forms,CDP_PPR_Assessment_Response_Mod_View,Response_08
Forms,CDP_PPR_Assessment_Response_Summary,Forms,CDP_PPR_Assessment_Response_Mod_View,Response 08 Value
Forms,CDP_PPR_Assessment_Response_Summary,Forms,CDP_PPR_Assessment_Response_Mod_View,Required Response 08 Adjustment
Forms,CDP_PPR_Assessment_Response_Summary,Forms,CDP_PPR_Assessment_Response_Mod_View,Response_09
Forms,CDP_PPR_Assessment_Response_Summary,Forms,CDP_PPR_Assessment_Response_Mod_View,Response 09 Value
Forms,CDP_PPR_Assessment_Response_Summary,Forms,CDP_PPR_Assessment_Response_Mod_View,Required Response 09 Adjustment
Forms,CDP_PPR_Assessment_Response_Summary,Forms,CDP_PPR_Assessment_Response_Mod_View,Response_10
Forms,CDP_PPR_Assessment_Response_Summary,Forms,CDP_PPR_Assessment_Response_Mod_View,Response 10 Value
Forms,CDP_PPR_Assessment_Response_Summary,Forms,CDP_PPR_Assessment_Response_Mod_View,Response_11
Forms,CDP_PPR_Assessment_Response_Summary,Forms,CDP_PPR_Assessment_Response_Mod_View,Response 11 Value
Forms,CDP_PPR_Assessment_Response_Summary,Forms,CDP_PPR_Assessment_Response_Mod_View,Required Response 11 Adjustment
ESS,ICS Student,ESS,ICS_STUDENT_STATIC,EFFECTIVE_START_DATE
ESS,ICS Agreement,ESS,ICS_STUDENT_STATIC,EFFECTIVE_START_DATE
ESS,ICS Agreement,ESS,ICS_STUDENT_STATIC,EFFECTIVE_END_DATE
ESS,ICS Student,ESS,ICS_STUDENT_STATIC,EFFECTIVE_END_DATE
ESS,ICS Student,ESS,ICS_STUDENT_STATIC,StudentId
ESS,ICS Agreement,ESS,ICS_STUDENT_STATIC,StudentId
ESS,ICS Student,ESS,ICS_STUDENT_STATIC,FirstName
ESS,ICS Student,ESS,ICS_STUDENT_STATIC,LastName
ESS,ICS Student,ESS,ICS_STUDENT_STATIC,DOB
ESS,ICS Agreement,ESS,ICS_STUDENT_STATIC,DOB
ESS,ICS Student,ESS,ICS_STUDENT_STATIC,Gender
ESS,ICS Student,ESS,ICS_STUDENT_STATIC,MobileNo
ESS,ICS Student,ESS,ICS_STUDENT_STATIC,Email
ESS,ICS Student,ESS,ICS_STUDENT_STATIC,UngraduateInd
ESS,ICS Student,ESS,ICS_STUDENT_STATIC,FulltimeStudyInd
ESS,ICS Student,ESS,ICS_STUDENT_STATIC,CourseCode
ESS,ICS Student,ESS,ICS_STUDENT_STATIC,CourseTypeCode
ESS,ICS Student,ESS,ICS_STUDENT_STATIC,CourseInstitutionCode
ESS,ICS Student,ESS,ICS_STUDENT_STATIC,CourseStateCode
ESS,ICS Student,ESS,ICS_STUDENT_STATIC,CourseDisciplineCode
ESS,ICS Student,ESS,ICS_STUDENT_STATIC,CourseLengthYears
ESS,ICS Student,ESS,ICS_STUDENT_STATIC,CourseStartYear
ESS,ICS Student,ESS,ICS_STUDENT_STATIC,CourseEndYear
ESS,ICS Student,ESS,ICS_STUDENT_STATIC,StudyLoadCode
Forms,1000 Jobs Tracker,Forms,NIAA_1000JobsTracker,Id
Forms,1000 Jobs Tracker,Forms,NIAA_1000JobsTracker,Application Id
Forms,1000 Jobs Tracker,Forms,NIAA_1000JobsTracker,Activity Id
Forms,1000 Jobs Tracker,Forms,NIAA_1000JobsTracker,Workflow Status
Forms,1000 Jobs Tracker,Forms,NIAA_1000JobsTracker,ShareHub Document Number
Forms,1000 Jobs Tracker,Forms,NIAA_1000JobsTracker,Delegate Signed Date
Forms,1000 Jobs Tracker,Forms,NIAA_1000JobsTracker,Employees Requested
Forms,1000 Jobs Tracker,Forms,NIAA_1000JobsTracker,Youth Engagement Jobs Requested
Forms,1000 Jobs Tracker,Forms,NIAA_1000JobsTracker,Primary CDP Region Number
Forms,1000 Jobs Tracker,Forms,NIAA_1000JobsTracker,Industry Type
Forms,1000 Jobs Tracker,Forms,NIAA_1000JobsTracker,Jobs Approved Full-time
Forms,1000 Jobs Tracker,Forms,NIAA_1000JobsTracker,Jobs Approved Part-time
Forms,1000 Jobs Tracker,Forms,NIAA_1000JobsTracker,YEJ Jobs Approved Full-time
Forms,1000 Jobs Tracker,Forms,NIAA_1000JobsTracker,YEJ Jobs Approved Part-time
Forms,1000 Jobs Tracker,Forms,NIAA_1000JobsTracker,YEJ Jobs Commenced
Forms,1000 Jobs Tracker,Forms,NIAA_1000JobsTracker,Comments
Forms,1000 Jobs Tracker,Forms,NIAA_1000JobsTracker,Assessor
Forms,1000 Jobs Tracker,Forms,NIAA_1000JobsTracker,Award Rate Year
Forms,1000 Jobs Tracker,Forms,NIAA_1000JobsTracker,ChangedBy
Forms,1000 Jobs Tracker,Forms,NIAA_1000JobsTracker,ChangeDate
Forms,1000 Jobs Tracker,Forms,NIAA_1000JobsTracker,Deleted
Forms,1000 Jobs Tracker,Forms,NIAA_1000JobsTracker,DateCreated
Forms,1000 Jobs Tracker,Forms,NIAA_1000JobsTracker,SysStartTime
Forms,1000 Jobs Tracker,Forms,NIAA_1000JobsTracker,SysEndTime
Forms,1000 Jobs Tracker,Forms,NIAA_1000JobsTracker,Delegate Signed Date Text
Forms,1000 Jobs Tracker,Forms,NIAA_1000JobsTracker,Project Schedule Status
Forms,1000 Jobs Tracker,Forms,NIAA_1000JobsTracker,Expected Commence Date
Forms,1000 Jobs Tracker,Forms,NIAA_1000JobsTracker,Barriers
Forms,1000 Jobs Tracker,Forms,NIAA_1000JobsTracker,RO and GMU Next Steps
Forms,1000 Jobs Tracker,Forms,NIAA_1000JobsTracker,Additional Comments
Forms,1000 Jobs Tracker,Forms,NIAA_1000JobsTracker,NO Stocktake Planned Action
Forms,1000 Jobs Tracker,Forms,NIAA_1000JobsTracker,Office Allocated To
Forms,1000 Jobs Tracker,Forms,NIAA_1000JobsTracker,NO Comments
Forms,1000 Jobs Tracker,Forms,NIAA_1000JobsTracker,Outcome of NO Follow Up
Forms,1000 Jobs Tracker,Forms,NIAA_1000JobsTracker,Contract Manager
Forms,1000 Jobs Tracker,Forms,NIAA_1000JobsTracker,Applicant Indigeneity Indicator
Forms,1000 Jobs Tracker,Forms,NIAA_1000JobsTracker,RED Extension
Forms,1000 Jobs Tracker,Forms,NIAA_1000JobsTracker,Project Schedule
Forms,1000 Jobs Tracker,Forms,NIAA_1000JobsTracker,Action Required
FUSION,Questionnaire Question,FUSION,pmc_questionnairequestion,pmc_answeredname
FUSION,Questionnaire Question,FUSION,pmc_questionnairequestion,pmc_enabledname
FUSION,Questionnaire Question,FUSION,pmc_questionnairequestion,pmc_evidencecomments
FUSION,Questionnaire Question,FUSION,pmc_questionnairequestion,pmc_guidancetext
FUSION,Questionnaire Question,FUSION,pmc_questionnairequestion,pmc_name
FUSION,Questionnaire Question,FUSION,pmc_questionnairequestion,pmc_order
FUSION,Questionnaire Question,FUSION,pmc_questionnairequestion,pmc_questionnairequestionid
FUSION,Questionnaire Question,FUSION,pmc_questionnairequestion,pmc_questionnairesectionid
FUSION,Questionnaire Question,FUSION,pmc_questionnairequestion,pmc_questiontemplateid
FUSION,Questionnaire Question,FUSION,pmc_questionnairequestion,pmc_questiontext
FUSION,Questionnaire Question,FUSION,pmc_questionnairequestion,statecodename
FUSION,Questionnaire Question,FUSION,pmc_questionnairequestion,statuscodename
ESS,CDP Job Plan Activity Detail,ESS,SUB857_ACTIVITY_DETAIL_NIAA,ActivityDetailID
ESS,CDP Job Plan Activity Detail,ESS,SUB857_ACTIVITY_DETAIL_NIAA,ActivityID
ESS,CDP Job Plan Activity Detail,ESS,SUB857_ACTIVITY_DETAIL_NIAA,DetailTypeCode
ESS,CDP Job Plan Activity Detail,ESS,SUB857_ACTIVITY_DETAIL_NIAA,DataTypeCode
ESS,CDP Job Plan Activity Detail,ESS,SUB857_ACTIVITY_DETAIL_NIAA,Data
ESS,CDP Job Plan Activity Detail,ESS,SUB857_ACTIVITY_DETAIL_NIAA,IsActive
ACARA,Student Gain National,ACARA,StudentGain_National,ID
ACARA,Student Gain National,ACARA,StudentGain_National,Calendar Year
ACARA,Student Gain National,ACARA,StudentGain_National,Calendar Year Range
ACARA,Student Gain National,ACARA,StudentGain_National,Domain
ACARA,Student Gain National,ACARA,StudentGain_National,Student Grade Level Range
ACARA,Student Gain National,ACARA,StudentGain_National,Student Grade Level
ACARA,Student Gain National,ACARA,StudentGain_National,National Gain Average NAPLAN Score
ACARA,Student Gain National,ACARA,StudentGain_National,National Gain Median NAPLAN Score
ESS,RAES Vacancy Referral,ESS,CDP_Caseload,Contract Referral Placement Id
ESS,CDP Vacancy Referral,ESS,CDP_Caseload,Contract Referral Placement Id
ESS,CDP Vacancy Referral,ESS,CDP_Caseload,Job Seeker Id
ESS,CDP Claim,ESS,CDP_Caseload,Job Seeker Id
ESS,RAES Vacancy Referral,ESS,CDP_Caseload,Job Seeker Id
ESS,CDP Job Plan Activity Detail,ESS,CDP_Caseload,Job Seeker Id
ESS,CDP Vacancy,ESS,CDP_Caseload,Job Seeker Id
ESS,CDP Barrier,ESS,CDP_Caseload,Job Seeker Id
ESS,CDP Barrier Job Plan Activity Link,ESS,CDP_Caseload,Job Seeker Id
ESS,CDP Site Contract,ESS,CDP_Caseload,Job Seeker Id
ESS,CDP Site Contract,ESS,CDP_Caseload,Contract Id
ESS,RAES Vacancy Referral,ESS,CDP_Caseload,Contract Id
ESS,CDP Vacancy Referral,ESS,CDP_Caseload,Contract Id
ESS,CDP Contract,ESS,CDP_Caseload,Contract Id
ESS,CDP Vacancy Referral,ESS,CDP_Caseload,Contract Sequence Number
ESS,RAES Vacancy Referral,ESS,CDP_Caseload,Contract Sequence Number
ESS,CDP Site Contract,ESS,CDP_Caseload,Contract Sequence Number
ESS,RAES Vacancy Referral,ESS,CDP_Caseload,Site Code
ESS,CDP Vacancy Referral,ESS,CDP_Caseload,Site Code
ESS,CDP Claim,ESS,CDP_Caseload,Site Code
ESS,CDP Claim,ESS,CDP_Caseload,Contract Referral Id
ESS,CDP Claim,ESS,CDP_Caseload,Placement Date
ESS,CDP Vacancy Referral,ESS,CDP_Caseload,Placement Type Code
ESS,RAES Vacancy Referral,ESS,CDP_Caseload,Placement Type Code
ESS,RAES Vacancy Referral,ESS,CDP_Caseload,Commencement Date
ESS,CDP Vacancy Referral,ESS,CDP_Caseload,Commencement Date
ESS,CDP Vacancy,ESS,CDP_Caseload,Commencement Date
ESS,CDP Vacancy,ESS,CDP_Caseload,Placement End Date
ESS,CDP Vacancy Referral,ESS,CDP_Caseload,Placement End Date
ESS,RAES Vacancy Referral,ESS,CDP_Caseload,Placement End Date
ESS,RAES Vacancy Referral,ESS,CDP_Caseload,Contract Referral Placement Effective Start Date
ESS,CDP Vacancy Referral,ESS,CDP_Caseload,Contract Referral Placement Effective Start Date
ESS,CDP Claim,ESS,CDP_Caseload,Contract Referral Placement Effective Start Date
ESS,CDP Claim,ESS,CDP_Caseload,Contract Referral Placement Effective End Date
ESS,CDP Vacancy Referral,ESS,CDP_Caseload,Contract Referral Placement Effective End Date
ESS,RAES Vacancy Referral,ESS,CDP_Caseload,Contract Referral Placement Effective End Date
ESS,CDP Contract,ESS,CDP_Caseload,Is Current Caseload
ESS,CDP Job Plan Activity Detail,ESS,CDP_Caseload,Is Current Caseload
ESS,CDP Barrier Job Plan Activity Link,ESS,CDP_Caseload,Is Current Caseload
ESS,CDP Barrier,ESS,CDP_Caseload,Is Current Caseload
ESS,CDP Site Contract,ESS,CDP_Caseload,Is Current Caseload
ESS,CDP Vacancy,ESS,CDP_Caseload,Is Current Contract Referral Placement
ESS,CDP Vacancy Referral,ESS,CDP_Caseload,Is Current Contract Referral Placement
ESS,RAES Vacancy Referral,ESS,CDP_Caseload,Is Current Contract Referral Placement
ESS,FUSION IEP Location,ESS,SUB806_IEP_PROJECT_PLACEMENT_HISTORY_NIAA,EXTRACT_DATE
ESS,FUSION IEP Location,ESS,SUB806_IEP_PROJECT_PLACEMENT_HISTORY_NIAA,EFFECTIVE_START_DATE
ESS,IEP Placement Summary,ESS,SUB806_IEP_PROJECT_PLACEMENT_HISTORY_NIAA,EFFECTIVE_START_DATE
ESS,IEP Placement Summary,ESS,SUB806_IEP_PROJECT_PLACEMENT_HISTORY_NIAA,EFFECTIVE_END_DATE
ESS,FUSION IEP Location,ESS,SUB806_IEP_PROJECT_PLACEMENT_HISTORY_NIAA,EFFECTIVE_END_DATE
ESS,FUSION IEP Location,ESS,SUB806_IEP_PROJECT_PLACEMENT_HISTORY_NIAA,ProjectPlacementID
ESS,IEP Milestone 1000 Jobs,ESS,SUB806_IEP_PROJECT_PLACEMENT_HISTORY_NIAA,ProjectPlacementID
ESS,IEP Placement Summary,ESS,SUB806_IEP_PROJECT_PLACEMENT_HISTORY_NIAA,ProjectPlacementID
ESS,IEP Grant Activity Site Location,ESS,SUB806_IEP_PROJECT_PLACEMENT_HISTORY_NIAA,ProjectPlacementID
ESS,IEP Grant Activity Site Location,ESS,SUB806_IEP_PROJECT_PLACEMENT_HISTORY_NIAA,ProjectID
ESS,IEP Placement Summary,ESS,SUB806_IEP_PROJECT_PLACEMENT_HISTORY_NIAA,ProjectID
ESS,IEP Milestone 1000 Jobs,ESS,SUB806_IEP_PROJECT_PLACEMENT_HISTORY_NIAA,ProjectID
ESS,FUSION IEP Location,ESS,SUB806_IEP_PROJECT_PLACEMENT_HISTORY_NIAA,ProjectID
ESS,FUSION IEP Location,ESS,SUB806_IEP_PROJECT_PLACEMENT_HISTORY_NIAA,JobSeekerID
ESS,IEP Milestone 1000 Jobs,ESS,SUB806_IEP_PROJECT_PLACEMENT_HISTORY_NIAA,JobSeekerID
ESS,IEP Job Seeker,ESS,SUB806_IEP_PROJECT_PLACEMENT_HISTORY_NIAA,JobSeekerID
ESS,IEP Grant Activity Site Location,ESS,SUB806_IEP_PROJECT_PLACEMENT_HISTORY_NIAA,JobSeekerID
ESS,IEP Placement Summary,ESS,SUB806_IEP_PROJECT_PLACEMENT_HISTORY_NIAA,PlacementGroupID
ESS,IEP Milestone 1000 Jobs,ESS,SUB806_IEP_PROJECT_PLACEMENT_HISTORY_NIAA,PlacementGroupID
ESS,IEP Placement Summary,ESS,SUB806_IEP_PROJECT_PLACEMENT_HISTORY_NIAA,CommencementDate
ESS,IEP Placement Summary,ESS,SUB806_IEP_PROJECT_PLACEMENT_HISTORY_NIAA,EndDate
ESS,IEP Placement Summary,ESS,SUB806_IEP_PROJECT_PLACEMENT_HISTORY_NIAA,PlacementResultCode
ESS,IEP Grant Activity Site Location,ESS,SUB806_IEP_PROJECT_PLACEMENT_HISTORY_NIAA,PostCode
ESS,FUSION IEP Location,ESS,SUB806_IEP_PROJECT_PLACEMENT_HISTORY_NIAA,PostCode
ESS,FUSION IEP Location,ESS,SUB806_IEP_PROJECT_PLACEMENT_HISTORY_NIAA,Locality
ESS,IEP Grant Activity Site Location,ESS,SUB806_IEP_PROJECT_PLACEMENT_HISTORY_NIAA,Locality
ESS,IEP Grant Activity Site Location,ESS,SUB806_IEP_PROJECT_PLACEMENT_HISTORY_NIAA,IsActive
ESS,IEP Milestone 1000 Jobs,ESS,SUB806_IEP_PROJECT_PLACEMENT_HISTORY_NIAA,IsActive
ESS,IEP Job Seeker,ESS,SUB806_IEP_PROJECT_PLACEMENT_HISTORY_NIAA,IsActive
ASGS,SA1 2021 - ILOC 2021,ASGS,SA1_2021_ILOC2021,SA1_CODE_2021
ASGS,SA1 2021 - ILOC 2021,ASGS,SA1_2021_ILOC2021,ILOC_CODE_2021
ASGS,SA1 2021 - ILOC 2021,ASGS,SA1_2021_ILOC2021,ILOC_NAME_2021
ASGS,SA1 2021 - ILOC 2021,ASGS,SA1_2021_ILOC2021,IARE_CODE_2021
ASGS,SA1 2021 - ILOC 2021,ASGS,SA1_2021_ILOC2021,IAREA_NAME_2021
ASGS,SA1 2021 - ILOC 2021,ASGS,SA1_2021_ILOC2021,IREG_CODE_2021
ASGS,SA1 2021 - ILOC 2021,ASGS,SA1_2021_ILOC2021,IREG_NAME_2021
ASGS,SA1 2021 - ILOC 2021,ASGS,SA1_2021_ILOC2021,STATE_CODE_2021
ASGS,SA1 2021 - ILOC 2021,ASGS,SA1_2021_ILOC2021,STATE_NAME_2021
ASGS,SA1 2021 - ILOC 2021,ASGS,SA1_2021_ILOC2021,AUS_CODE_2021
ASGS,SA1 2021 - ILOC 2021,ASGS,SA1_2021_ILOC2021,AUS_NAME_2021
ASGS,SA1 2021 - ILOC 2021,ASGS,SA1_2021_ILOC2021,AREA_ALBERS_SQKM
ASGS,SA1 2021 - ILOC 2021,ASGS,SA1_2021_ILOC2021,ASGS_LOCI_URI_2021
GPS,Grant Activity Financial,GPS,Dim_Activity_Financial,%Dim_Activity_Financial_Key
GPS,Grant Activity Financial,GPS,Dim_Activity_Financial,Activity Financial Id
ESS,CDP Job Plan Activity Detail,ESS,SUB856_JP_ACTIVITY_NIAA,EXTRACT_DATE
ESS,CDP Job Plan Activity,ESS,SUB856_JP_ACTIVITY_NIAA,EXTRACT_DATE
ESS,CDP Job Plan Activity,ESS,SUB856_JP_ACTIVITY_NIAA,ActivityID
ESS,For NLP CDP Barrier,ESS,SUB856_JP_ACTIVITY_NIAA,ActivityID
ESS,CDP Barrier,ESS,SUB856_JP_ACTIVITY_NIAA,ActivityID
ESS,CDP Barrier Job Plan Activity Link,ESS,SUB856_JP_ACTIVITY_NIAA,ActivityID
ESS,CDP Job Plan Activity Detail,ESS,SUB856_JP_ACTIVITY_NIAA,ActivityID
ESS,CDP Job Plan Activity,ESS,SUB856_JP_ACTIVITY_NIAA,ActivityCode
ESS,CDP Job Plan Activity,ESS,SUB856_JP_ACTIVITY_NIAA,ActivityTypeCode
ESS,CDP Job Plan Activity,ESS,SUB856_JP_ACTIVITY_NIAA,CategoryCode
ESS,CDP Job Plan Activity,ESS,SUB856_JP_ACTIVITY_NIAA,PriorityCode
ESS,CDP Job Plan Activity,ESS,SUB856_JP_ACTIVITY_NIAA,Comment
ESS,CDP Job Plan Activity,ESS,SUB856_JP_ACTIVITY_NIAA,StartDate
ESS,CDP Job Plan Activity Detail,ESS,SUB856_JP_ACTIVITY_NIAA,StartDate
ESS,CDP Job Plan Activity Detail,ESS,SUB856_JP_ACTIVITY_NIAA,EndDate
ESS,CDP Job Plan Activity,ESS,SUB856_JP_ACTIVITY_NIAA,EndDate
ESS,CDP Job Plan Activity,ESS,SUB856_JP_ACTIVITY_NIAA,IsDeleted
ESS,For NLP CDP Barrier,ESS,SUB856_JP_ACTIVITY_NIAA,IsDeleted
ESS,CDP Barrier Job Plan Activity Link,ESS,SUB856_JP_ACTIVITY_NIAA,IsDeleted
ESS,CDP Barrier,ESS,SUB856_JP_ACTIVITY_NIAA,IsDeleted
ESS,CDP Job Plan Activity Detail,ESS,SUB856_JP_ACTIVITY_NIAA,IsDeleted
ESS,CDP Job Plan Activity Detail,ESS,SUB856_JP_ACTIVITY_NIAA,IsActive
ESS,CDP Barrier,ESS,SUB856_JP_ACTIVITY_NIAA,IsActive
ESS,CDP Barrier Job Plan Activity Link,ESS,SUB856_JP_ACTIVITY_NIAA,IsActive
ESS,For NLP CDP Barrier,ESS,SUB856_JP_ACTIVITY_NIAA,IsActive
ESS,CDP Job Plan Activity,ESS,SUB856_JP_ACTIVITY_NIAA,IsActive
FUSION,Activity Risk Assessment,FUSION,pmc_activityriskassessment,pmc_activityenddate
FUSION,Activity Risk Assessment,FUSION,pmc_activityriskassessment,pmc_activityriskassessmentid
FUSION,Activity Linking Table,FUSION,pmc_activityriskassessment,pmc_activityriskassessmentid
FUSION,Activity Linking Table,FUSION,pmc_activityriskassessment,pmc_activityrisklevelname
FUSION,Activity Risk Assessment,FUSION,pmc_activityriskassessment,pmc_activityrisklevelname
FUSION,Activity Risk Assessment,FUSION,pmc_activityriskassessment,pmc_activityriskstatusname
FUSION,Activity Risk Assessment,FUSION,pmc_activityriskassessment,pmc_activitystartdate
FUSION,Activity Risk Assessment,FUSION,pmc_activityriskassessment,pmc_annualisedfunding
FUSION,Activity Risk Assessment,FUSION,pmc_activityriskassessment,pmc_applicationid
FUSION,Activity Linking Table,FUSION,pmc_activityriskassessment,pmc_applicationid
FUSION,Activity Linking Table,FUSION,pmc_activityriskassessment,pmc_ceasingactivityassessmentid
FUSION,Activity Risk Assessment,FUSION,pmc_activityriskassessment,pmc_ceasingactivityassessmentid
FUSION,Activity Risk Assessment,FUSION,pmc_activityriskassessment,pmc_datefinalised
FUSION,Activity Risk Assessment,FUSION,pmc_activityriskassessment,pmc_duration
FUSION,Activity Risk Assessment,FUSION,pmc_activityriskassessment,pmc_finalisedbyidname
FUSION,Activity Risk Assessment,FUSION,pmc_activityriskassessment,pmc_fundingdecisionid
FUSION,Activity Linking Table,FUSION,pmc_activityriskassessment,pmc_fundingdecisionid
FUSION,Activity Risk Assessment,FUSION,pmc_activityriskassessment,pmc_garpriskratingcalculatedname
FUSION,Activity Risk Assessment,FUSION,pmc_activityriskassessment,pmc_garpriskratingname
FUSION,Activity Risk Assessment,FUSION,pmc_activityriskassessment,pmc_garpriskreviewdate
FUSION,Activity Risk Assessment,FUSION,pmc_activityriskassessment,pmc_garpriskreviewdatecalculated
FUSION,Activity Risk Assessment,FUSION,pmc_activityriskassessment,pmc_grantactivityid
FUSION,Activity Risk Assessment,FUSION,pmc_activityriskassessment,pmc_indicativeriskhistoryid
FUSION,Activity Risk Assessment,FUSION,pmc_activityriskassessment,pmc_indicativeriskhistoryidname
FUSION,Activity Risk Assessment,FUSION,pmc_activityriskassessment,pmc_managingofficenotifiedbyname
FUSION,Activity Risk Assessment,FUSION,pmc_activityriskassessment,pmc_managingofficenotifieddate
FUSION,Activity Risk Assessment,FUSION,pmc_activityriskassessment,pmc_managingofficenotifiedname
FUSION,Activity Risk Assessment,FUSION,pmc_activityriskassessment,pmc_name
FUSION,Activity Risk Assessment,FUSION,pmc_activityriskassessment,pmc_natureofactivityname
FUSION,Activity Risk Assessment,FUSION,pmc_activityriskassessment,pmc_organisationid
FUSION,Activity Risk Assessment,FUSION,pmc_activityriskassessment,pmc_organisationidname
FUSION,Activity Risk Assessment,FUSION,pmc_activityriskassessment,pmc_overrideactionername
FUSION,Activity Risk Assessment,FUSION,pmc_activityriskassessment,pmc_overridedate
FUSION,Activity Risk Assessment,FUSION,pmc_activityriskassessment,pmc_overridereason
FUSION,Activity Risk Assessment,FUSION,pmc_activityriskassessment,pmc_perfomactiondate
FUSION,Activity Risk Assessment,FUSION,pmc_activityriskassessment,pmc_performactionrisklevelname
FUSION,Activity Risk Assessment,FUSION,pmc_activityriskassessment,pmc_performactiontext
FUSION,Activity Risk Assessment,FUSION,pmc_activityriskassessment,pmc_performactionusername
FUSION,Activity Risk Assessment,FUSION,pmc_activityriskassessment,pmc_performcalulationname
FUSION,Activity Risk Assessment,FUSION,pmc_activityriskassessment,pmc_performwithdrawnname
FUSION,Activity Risk Assessment,FUSION,pmc_activityriskassessment,pmc_recipientnotifiedbyname
FUSION,Activity Risk Assessment,FUSION,pmc_activityriskassessment,pmc_recipientnotifieddate
FUSION,Activity Risk Assessment,FUSION,pmc_activityriskassessment,pmc_recipientnotifiedname
FUSION,Activity Risk Assessment,FUSION,pmc_activityriskassessment,pmc_riskassessmenttypename
FUSION,Activity Risk Assessment,FUSION,pmc_activityriskassessment,pmc_riskconsequencename
FUSION,Activity Risk Assessment,FUSION,pmc_activityriskassessment,pmc_riskexemptionreasonname
FUSION,Activity Risk Assessment,FUSION,pmc_activityriskassessment,pmc_riskleveldate
FUSION,Activity Risk Assessment,FUSION,pmc_activityriskassessment,pmc_risklikelihoodname
FUSION,Activity Risk Assessment,FUSION,pmc_activityriskassessment,pmc_riskparenttypename
FUSION,Activity Linking Table,FUSION,pmc_activityriskassessment,pmc_riskparenttypename
FUSION,Activity Risk Assessment,FUSION,pmc_activityriskassessment,pmc_runfunction
FUSION,Activity Risk Assessment,FUSION,pmc_activityriskassessment,pmc_totalfundingamount
FUSION,Activity Risk Assessment,FUSION,pmc_activityriskassessment,pmc_totalfundingstatusname
FUSION,Activity Risk Assessment,FUSION,pmc_activityriskassessment,statecodename
FUSION,Activity Risk Assessment,FUSION,pmc_activityriskassessment,statuscodename
GeoNIAA,NIAA Region 2024 AUST WKT,GeoNIAA,NIAA_REGION_2024_GDA2020_Simplified,qgs_fid
GeoNIAA,NIAA Region 2024 AUST,GeoNIAA,NIAA_REGION_2024_GDA2020_Simplified,qgs_fid
GeoNIAA,NIAA Region 2024 AUST WKT,GeoNIAA,NIAA_REGION_2024_GDA2020_Simplified,geom
GeoNIAA,NIAA Region 2024 AUST,GeoNIAA,NIAA_REGION_2024_GDA2020_Simplified,NIAA Region
ESS,IEP Activity Original Approval,ESS,IEP_ACTIVITY_ORIGINAL_APPROVAL_PRE_ESS_WEB,IEP Activity ID
ESS,IEP Activity,ESS,IEP_ACTIVITY_ORIGINAL_APPROVAL_PRE_ESS_WEB,IEP Activity ID
ESS,IEP Activity,ESS,IEP_ACTIVITY_ORIGINAL_APPROVAL_PRE_ESS_WEB,Original Activity Approved Date
ESS,IEP Activity Original Approval,ESS,IEP_ACTIVITY_ORIGINAL_APPROVAL_PRE_ESS_WEB,Original Activity Approved Date
ESS,IEP Activity Original Approval,ESS,IEP_ACTIVITY_ORIGINAL_APPROVAL_PRE_ESS_WEB,Original Activity Approved Cost
ESS,IEP Activity,ESS,IEP_ACTIVITY_ORIGINAL_APPROVAL_PRE_ESS_WEB,Original Activity Approved Cost
FUSION,Questionnaire Response,FUSION,pmc_questionnaireresponse,pmc_answervalue
FUSION,Questionnaire Response,FUSION,pmc_questionnaireresponse,pmc_name
FUSION,Questionnaire Response,FUSION,pmc_questionnaireresponse,pmc_order
FUSION,Questionnaire Response,FUSION,pmc_questionnaireresponse,pmc_quesionnairequestionid
FUSION,Questionnaire Response,FUSION,pmc_questionnaireresponse,pmc_questionnaireresponseid
FUSION,Questionnaire Response,FUSION,pmc_questionnaireresponse,pmc_requiredname
FUSION,Questionnaire Response,FUSION,pmc_questionnaireresponse,pmc_responsetemplateid
FUSION,Questionnaire Response,FUSION,pmc_questionnaireresponse,pmc_responsetypename
FUSION,Questionnaire Response,FUSION,pmc_questionnaireresponse,pmc_selectedvalue
FUSION,Questionnaire Response,FUSION,pmc_questionnaireresponse,statecodename
FUSION,Questionnaire Response,FUSION,pmc_questionnaireresponse,statuscodename
ACARA,Student Gain Same Starting Score,ACARA,StudentGain_SameStartingScore,ID
ACARA,Student Gain Same Starting Score,ACARA,StudentGain_SameStartingScore,Calendar Year
ACARA,Student Gain Same Starting Score,ACARA,StudentGain_SameStartingScore,ACARA_SML_ID
ACARA,Student Gain Same Starting Score,ACARA,StudentGain_SameStartingScore,Domain
ACARA,Student Gain Same Starting Score,ACARA,StudentGain_SameStartingScore,Calendar Year Range
ACARA,Student Gain Same Starting Score,ACARA,StudentGain_SameStartingScore,Student Grade Level
ACARA,Student Gain Same Starting Score,ACARA,StudentGain_SameStartingScore,Student Grade Level Range
ACARA,Student Gain Same Starting Score,ACARA,StudentGain_SameStartingScore,Same Starting Score Average NAPLAN Score
ACARA,Student Gain Same Starting Score,ACARA,StudentGain_SameStartingScore,Same Starting Score Median NAPLAN Score
ESS,IEP Grant Estimated Expenditure FY Backup 20231121,ESS,SUB808_IEP_PLACEMENT_GROUP_HISTORY_NIAA,EFFECTIVE_START_DATE
ESS,IEP Grant Estimated Expenditure FY,ESS,SUB808_IEP_PLACEMENT_GROUP_HISTORY_NIAA,EFFECTIVE_START_DATE
ESS,IEP Placement Summary,ESS,SUB808_IEP_PLACEMENT_GROUP_HISTORY_NIAA,EFFECTIVE_START_DATE
ESS,IEP Grant Estimated Expenditure FY Backup 20231102,ESS,SUB808_IEP_PLACEMENT_GROUP_HISTORY_NIAA,EFFECTIVE_START_DATE
ESS,IEP Milestone,ESS,SUB808_IEP_PLACEMENT_GROUP_HISTORY_NIAA,EFFECTIVE_START_DATE
ESS,IEP Milestone,ESS,SUB808_IEP_PLACEMENT_GROUP_HISTORY_NIAA,EFFECTIVE_END_DATE
ESS,IEP Grant Estimated Expenditure FY Backup 20231102,ESS,SUB808_IEP_PLACEMENT_GROUP_HISTORY_NIAA,EFFECTIVE_END_DATE
ESS,IEP Placement Summary,ESS,SUB808_IEP_PLACEMENT_GROUP_HISTORY_NIAA,EFFECTIVE_END_DATE
ESS,IEP Grant Estimated Expenditure FY,ESS,SUB808_IEP_PLACEMENT_GROUP_HISTORY_NIAA,EFFECTIVE_END_DATE
ESS,IEP Grant Estimated Expenditure FY Backup 20231121,ESS,SUB808_IEP_PLACEMENT_GROUP_HISTORY_NIAA,EFFECTIVE_END_DATE
ESS,IEP Grant Estimated Expenditure FY Backup 20231121,ESS,SUB808_IEP_PLACEMENT_GROUP_HISTORY_NIAA,PlacementGroupID
ESS,IEP Grant Estimated Expenditure FY,ESS,SUB808_IEP_PLACEMENT_GROUP_HISTORY_NIAA,PlacementGroupID
ESS,IEP Placement Summary,ESS,SUB808_IEP_PLACEMENT_GROUP_HISTORY_NIAA,PlacementGroupID
ESS,IEP Grant Estimated Expenditure FY Backup 20231102,ESS,SUB808_IEP_PLACEMENT_GROUP_HISTORY_NIAA,PlacementGroupID
ESS,IEP Milestone,ESS,SUB808_IEP_PLACEMENT_GROUP_HISTORY_NIAA,PlacementGroupID
ESS,IEP Milestone 1000 Jobs,ESS,SUB808_IEP_PLACEMENT_GROUP_HISTORY_NIAA,PlacementGroupID
ESS,IEP Milestone 1000 Jobs,ESS,SUB808_IEP_PLACEMENT_GROUP_HISTORY_NIAA,ProjectID
ESS,IEP Milestone,ESS,SUB808_IEP_PLACEMENT_GROUP_HISTORY_NIAA,ProjectID
ESS,IEP Grant Estimated Expenditure FY Backup 20231102,ESS,SUB808_IEP_PLACEMENT_GROUP_HISTORY_NIAA,ProjectID
ESS,IEP Placement Summary,ESS,SUB808_IEP_PLACEMENT_GROUP_HISTORY_NIAA,ProjectID
ESS,IEP Grant Estimated Expenditure FY,ESS,SUB808_IEP_PLACEMENT_GROUP_HISTORY_NIAA,ProjectID
ESS,IEP Grant Estimated Expenditure FY Backup 20231121,ESS,SUB808_IEP_PLACEMENT_GROUP_HISTORY_NIAA,ProjectID
ESS,IEP Grant Estimated Expenditure FY Backup 20231121,ESS,SUB808_IEP_PLACEMENT_GROUP_HISTORY_NIAA,Places
ESS,IEP Grant Estimated Expenditure FY,ESS,SUB808_IEP_PLACEMENT_GROUP_HISTORY_NIAA,Places
ESS,IEP Grant Estimated Expenditure FY Backup 20231102,ESS,SUB808_IEP_PLACEMENT_GROUP_HISTORY_NIAA,Places
ESS,IEP Milestone,ESS,SUB808_IEP_PLACEMENT_GROUP_HISTORY_NIAA,Places
ESS,IEP Milestone 1000 Jobs,ESS,SUB808_IEP_PLACEMENT_GROUP_HISTORY_NIAA,IsActive
GPS,Grant Activity Acquittal Derived History,GPS,Dim_Activity_Milestone,%Dim_Activity_Milestone_Key
GPS,Grant Activity Performance Item,GPS,Dim_Activity_Milestone,%Dim_Activity_Milestone_Key
GPS,Grant Activity Performance Derived History,GPS,Dim_Activity_Milestone,%Dim_Activity_Milestone_Key
GPS,Grant Activity Performance,GPS,Dim_Activity_Milestone,%Dim_Activity_Milestone_Key
GPS,Grant Activity Acquittal Item,GPS,Dim_Activity_Milestone,%Dim_Activity_Milestone_Key
GPS,Grant Activity Milestone,GPS,Dim_Activity_Milestone,%Dim_Activity_Milestone_Key
GPS,Grant Activity Milestone Derived History,GPS,Dim_Activity_Milestone,%Dim_Activity_Milestone_Key
GPS,Grant Activity Missing Milestone - Old,GPS,Dim_Activity_Milestone,%Dim_Activity_Milestone_Key
GPS,Grant Activity Missing Milestone,GPS,Dim_Activity_Milestone,%Dim_Activity_Milestone_Key
GPS,Grant Activity Acquittal,GPS,Dim_Activity_Milestone,%Dim_Activity_Milestone_Key
GPS,Grant Activity Acquittal,GPS,Dim_Activity_Milestone,Milestone Id
GPS,Grant Activity Missing Milestone,GPS,Dim_Activity_Milestone,Milestone Id
GPS,Grant Activity Missing Milestone - Old,GPS,Dim_Activity_Milestone,Milestone Id
GPS,Grant Activity Milestone Derived History,GPS,Dim_Activity_Milestone,Milestone Id
GPS,Grant Activity Milestone,GPS,Dim_Activity_Milestone,Milestone Id
GPS,Grant Activity Milestone Derived History - Old,GPS,Dim_Activity_Milestone,Milestone Id
GPS,Grant Activity Performance,GPS,Dim_Activity_Milestone,Milestone Id
GPS,Grant Activity Milestone,GPS,Dim_Activity_Milestone,Milestone Auto Release Indicator
GPS,Grant Activity Milestone,GPS,Dim_Activity_Milestone,Milestone Completed Indicator
GPS,Grant Activity Milestone,GPS,Dim_Activity_Milestone,Milestone Completion Description
GPS,Grant Activity Milestone,GPS,Dim_Activity_Milestone,Milestone Date Driven Indicator
GPS,Grant Activity Milestone,GPS,Dim_Activity_Milestone,Milestone Long Description
GPS,Grant Activity Milestone,GPS,Dim_Activity_Milestone,Milestone Status
GPS,Grant Activity Milestone Derived History,GPS,Dim_Activity_Milestone,Milestone Status
GPS,Grant Activity Milestone,GPS,Dim_Activity_Milestone,Milestone Type
GPS,Grant Activity Milestone,GPS,Dim_Activity_Milestone,Milestone Payment Mode
GPS,Grant Activity Milestone,GPS,Dim_Activity_Milestone,Milestone Received Date
GPS,Grant Activity Milestone,GPS,Dim_Activity_Milestone,Milestone Short Description
GPS,Grant Activity Milestone,GPS,Dim_Activity_Milestone,Milestone Action Required
GPS,Grant Activity Milestone,GPS,Dim_Activity_Milestone,ReceivedFlag
GPS,Grant Activity Milestone,GPS,Dim_Activity_Milestone,MilestoneStage
GPS,Grant Activity Milestone,GPS,Dim_Activity_Milestone,Milestone Expected Due Date
GPS,Grant Activity Milestone Derived History - Old,GPS,Dim_Activity_Milestone,Milestone Expected Due Date
GPS,Grant Activity Milestone Derived History,GPS,Dim_Activity_Milestone,Milestone Expected Due Date
GPS,Grant Activity Milestone Derived History,GPS,Dim_Activity_Milestone,Milestone Completion Date
GPS,Grant Activity Milestone Derived History - Old,GPS,Dim_Activity_Milestone,Milestone Completion Date
GPS,Grant Activity Milestone,GPS,Dim_Activity_Milestone,Milestone Completion Date
GeoNIAA,NIAA Subregion 2024 AUST WKT,GeoNIAA,NIAA_SUBREGION_2024_GDA2020_Simplified,qgs_fid
GeoNIAA,NIAA Subregion 2024 AUST,GeoNIAA,NIAA_SUBREGION_2024_GDA2020_Simplified,qgs_fid
GeoNIAA,NIAA Subregion 2024 AUST WKT,GeoNIAA,NIAA_SUBREGION_2024_GDA2020_Simplified,geom
GeoNIAA,NIAA Subregion 2024 AUST,GeoNIAA,NIAA_SUBREGION_2024_GDA2020_Simplified,NIAA Subregion
GeoNIAA,NIAA Subregion 2024 AUST,GeoNIAA,NIAA_SUBREGION_2024_GDA2020_Simplified,NIAA Region
CRM,Interaction Party,CRM,activityparty,activityid
CRM,Interaction Party,CRM,activityparty,addressused
CRM,Interaction Party,CRM,activityparty,participationtypemask
CRM,Interaction Party,CRM,activityparty,participationtypemaskname
CRM,Interaction Party,CRM,activityparty,partyid
ESS,CDP Job Seeker History,ESS,Job Seeker History,EFFECTIVE_START_DATE
ESS,CDP Job Seeker History,ESS,Job Seeker History,EFFECTIVE_END_DATE
ESS,CDP Job Seeker History,ESS,Job Seeker History,JOB_SEEKER_ID
ESS,CDP Job Seeker History,ESS,Job Seeker History,HOME_STATE
ESS,CDP Job Seeker History,ESS,Job Seeker History,RESIDENTIAL_COMMUNITY_CD
ESS,CDP Job Seeker History,ESS,Job Seeker History,IsActive
ESS,IEP Grant Estimated Expenditure FY,ESS,SUB809_IEP_MILESTONE_HISTORY_NIAA,EXTRACT_DATE
ESS,IEP Grant Estimated Expenditure FY Backup 20231121,ESS,SUB809_IEP_MILESTONE_HISTORY_NIAA,EXTRACT_DATE
ESS,IEP Grant Estimated Expenditure FY Backup 20231102,ESS,SUB809_IEP_MILESTONE_HISTORY_NIAA,EXTRACT_DATE
ESS,IEP Milestone,ESS,SUB809_IEP_MILESTONE_HISTORY_NIAA,EXTRACT_DATE
ESS,IEP Milestone,ESS,SUB809_IEP_MILESTONE_HISTORY_NIAA,EFFECTIVE_START_DATE
ESS,IEP Grant Estimated Expenditure FY Backup 20231102,ESS,SUB809_IEP_MILESTONE_HISTORY_NIAA,EFFECTIVE_START_DATE
ESS,IEP Grant Estimated Expenditure FY Backup 20231121,ESS,SUB809_IEP_MILESTONE_HISTORY_NIAA,EFFECTIVE_START_DATE
ESS,IEP Grant Estimated Expenditure FY,ESS,SUB809_IEP_MILESTONE_HISTORY_NIAA,EFFECTIVE_START_DATE
ESS,IEP Grant Estimated Expenditure FY,ESS,SUB809_IEP_MILESTONE_HISTORY_NIAA,EFFECTIVE_END_DATE
ESS,IEP Grant Estimated Expenditure FY Backup 20231121,ESS,SUB809_IEP_MILESTONE_HISTORY_NIAA,EFFECTIVE_END_DATE
ESS,IEP Grant Estimated Expenditure FY Backup 20231102,ESS,SUB809_IEP_MILESTONE_HISTORY_NIAA,EFFECTIVE_END_DATE
ESS,IEP Milestone,ESS,SUB809_IEP_MILESTONE_HISTORY_NIAA,EFFECTIVE_END_DATE
ESS,IEP Milestone,ESS,SUB809_IEP_MILESTONE_HISTORY_NIAA,MilestoneID
ESS,IEP Milestone 1000 Jobs,ESS,SUB809_IEP_MILESTONE_HISTORY_NIAA,MilestoneID
ESS,IEP Milestone 1000 Jobs,ESS,SUB809_IEP_MILESTONE_HISTORY_NIAA,PlacementGroupID
ESS,IEP Milestone,ESS,SUB809_IEP_MILESTONE_HISTORY_NIAA,PlacementGroupID
ESS,IEP Grant Estimated Expenditure FY Backup 20231102,ESS,SUB809_IEP_MILESTONE_HISTORY_NIAA,PlacementGroupID
ESS,IEP Grant Estimated Expenditure FY Backup 20231121,ESS,SUB809_IEP_MILESTONE_HISTORY_NIAA,PlacementGroupID
ESS,IEP Grant Estimated Expenditure FY,ESS,SUB809_IEP_MILESTONE_HISTORY_NIAA,PlacementGroupID
ESS,IEP Grant Estimated Expenditure FY,ESS,SUB809_IEP_MILESTONE_HISTORY_NIAA,Weeks
ESS,IEP Grant Estimated Expenditure FY Backup 20231121,ESS,SUB809_IEP_MILESTONE_HISTORY_NIAA,Weeks
ESS,IEP Grant Estimated Expenditure FY Backup 20231102,ESS,SUB809_IEP_MILESTONE_HISTORY_NIAA,Weeks
ESS,IEP Milestone,ESS,SUB809_IEP_MILESTONE_HISTORY_NIAA,Weeks
ESS,IEP Milestone 1000 Jobs,ESS,SUB809_IEP_MILESTONE_HISTORY_NIAA,Weeks
ESS,IEP Milestone 1000 Jobs,ESS,SUB809_IEP_MILESTONE_HISTORY_NIAA,Amount
ESS,IEP Milestone,ESS,SUB809_IEP_MILESTONE_HISTORY_NIAA,Amount
ESS,IEP Grant Estimated Expenditure FY Backup 20231102,ESS,SUB809_IEP_MILESTONE_HISTORY_NIAA,Amount
ESS,IEP Grant Estimated Expenditure FY Backup 20231121,ESS,SUB809_IEP_MILESTONE_HISTORY_NIAA,Amount
ESS,IEP Grant Estimated Expenditure FY,ESS,SUB809_IEP_MILESTONE_HISTORY_NIAA,Amount
ESS,IEP Grant Estimated Expenditure FY,ESS,SUB809_IEP_MILESTONE_HISTORY_NIAA,GSTFree
ESS,IEP Grant Estimated Expenditure FY Backup 20231121,ESS,SUB809_IEP_MILESTONE_HISTORY_NIAA,GSTFree
ESS,IEP Grant Estimated Expenditure FY Backup 20231102,ESS,SUB809_IEP_MILESTONE_HISTORY_NIAA,GSTFree
ESS,IEP Milestone,ESS,SUB809_IEP_MILESTONE_HISTORY_NIAA,GSTFree
ESS,IEP Milestone,ESS,SUB809_IEP_MILESTONE_HISTORY_NIAA,StatusCode
ESS,IEP Milestone 1000 Jobs,ESS,SUB809_IEP_MILESTONE_HISTORY_NIAA,StatusCode
ESS,IEP Grant Estimated Expenditure FY Backup 20231102,ESS,SUB809_IEP_MILESTONE_HISTORY_NIAA,StatusCode
ESS,IEP Grant Estimated Expenditure FY Backup 20231121,ESS,SUB809_IEP_MILESTONE_HISTORY_NIAA,StatusCode
ESS,IEP Grant Estimated Expenditure FY,ESS,SUB809_IEP_MILESTONE_HISTORY_NIAA,StatusCode
ESS,IEP Milestone 1000 Jobs,ESS,SUB809_IEP_MILESTONE_HISTORY_NIAA,IsActive
GPS,Grant Activity Performance Item,GPS,Dim_Activity_Performance_Indicator,Activity Performance Indicator Id
GPS,Grant Activity Performance Indicator,GPS,Dim_Activity_Performance_Indicator,Activity Performance Indicator Id
GPS,Grant Activity Performance Indicator,GPS,Dim_Activity_Performance_Indicator,Activity Performance Indicator Achievement Status
GPS,Grant Activity Performance Indicator,GPS,Dim_Activity_Performance_Indicator,Activity Performance Indicator Justification
GPS,Grant Activity Performance Indicator,GPS,Dim_Activity_Performance_Indicator,Activity Performance Indicator Summary
GPS,Grant Activity Performance Item,GPS,Dim_Activity_Performance_Indicator,Activity Performance Indicator Summary
GPS,Grant Activity Performance Indicator,GPS,Dim_Activity_Performance_Indicator,Activity Performance Indicator Target
GPS,Grant Activity Performance Indicator,GPS,Dim_Activity_Performance_Indicator,Activity Performance Indicator Target Quantity
GPS,Grant Activity Performance Indicator,GPS,Dim_Activity_Performance_Indicator,Activity Performance Indicator Target Quantity Unit Measure
GPS,Grant Activity Performance Indicator,GPS,Dim_Activity_Performance_Indicator,Activity Performance Created Date
GPS,Grant Activity Performance Indicator,GPS,Dim_Activity_Performance_Indicator,Program_Schedule_Activity_Id
GPS,Grant Activity Performance Item,GPS,Dim_Activity_Performance_Indicator,Program_Schedule_Activity_Id
abs,Selected Person Characteristics by Indigenous Status by Sex,abs,ILOC_2021_Census_I01A,ILOC_ID_2021
abs,Selected Person Characteristics by Indigenous Status by Sex,abs,ILOC_2021_Census_I01A,ILOC_CODE_2021
abs,ILOC_2021Census_I01A_Long,abs,ILOC_2021_Census_I01A,ILOC_CODE_2021
abs,ILOC_2021Census_I01A_Long,abs,ILOC_2021_Census_I01A,Tot_p_Indig_M
abs,Selected Person Characteristics by Indigenous Status by Sex,abs,ILOC_2021_Census_I01A,Tot_p_Indig_M
abs,Selected Person Characteristics by Indigenous Status by Sex,abs,ILOC_2021_Census_I01A,Tot_p_Indig_F
abs,ILOC_2021Census_I01A_Long,abs,ILOC_2021_Census_I01A,Tot_p_Indig_F
abs,ILOC_2021Census_I01A_Long,abs,ILOC_2021_Census_I01A,Tot_p_Indig_P
abs,Selected Person Characteristics by Indigenous Status by Sex,abs,ILOC_2021_Census_I01A,Tot_p_Indig_P
abs,Selected Person Characteristics by Indigenous Status by Sex,abs,ILOC_2021_Census_I01A,Tot_p_NonInd_M
abs,ILOC_2021Census_I01A_Long,abs,ILOC_2021_Census_I01A,Tot_p_NonInd_M
abs,ILOC_2021Census_I01A_Long,abs,ILOC_2021_Census_I01A,Tot_p_NonInd_F
abs,Selected Person Characteristics by Indigenous Status by Sex,abs,ILOC_2021_Census_I01A,Tot_p_NonInd_F
abs,Selected Person Characteristics by Indigenous Status by Sex,abs,ILOC_2021_Census_I01A,Tot_p_NonInd_P
abs,ILOC_2021Census_I01A_Long,abs,ILOC_2021_Census_I01A,Tot_p_NonInd_P
abs,ILOC_2021Census_I01A_Long,abs,ILOC_2021_Census_I01A,Tot_p_IndigStat_nsM
abs,Selected Person Characteristics by Indigenous Status by Sex,abs,ILOC_2021_Census_I01A,Tot_p_IndigStat_nsM
abs,Selected Person Characteristics by Indigenous Status by Sex,abs,ILOC_2021_Census_I01A,Tot_p_IndigStat_nsF
abs,ILOC_2021Census_I01A_Long,abs,ILOC_2021_Census_I01A,Tot_p_IndigStat_nsF
abs,ILOC_2021Census_I01A_Long,abs,ILOC_2021_Census_I01A,Tot_p_IndigStat_nsP
abs,Selected Person Characteristics by Indigenous Status by Sex,abs,ILOC_2021_Census_I01A,Tot_p_IndigStat_nsP
abs,Selected Person Characteristics by Indigenous Status by Sex,abs,ILOC_2021_Census_I01A,Tot_p_TotM
abs,ILOC_2021Census_I01A_Long,abs,ILOC_2021_Census_I01A,Tot_p_TotM
abs,ILOC_2021Census_I01A_Long,abs,ILOC_2021_Census_I01A,Tot_p_TotF
abs,Selected Person Characteristics by Indigenous Status by Sex,abs,ILOC_2021_Census_I01A,Tot_p_TotF
abs,Selected Person Characteristics by Indigenous Status by Sex,abs,ILOC_2021_Census_I01A,Tot_p_TotP
abs,ILOC_2021Census_I01A_Long,abs,ILOC_2021_Census_I01A,Tot_p_TotP
abs,ILOC_2021Census_I01A_Long,abs,ILOC_2021_Census_I01A,A_0_4_Indig_M
abs,Selected Person Characteristics by Indigenous Status by Sex,abs,ILOC_2021_Census_I01A,A_0_4_Indig_M
abs,Selected Person Characteristics by Indigenous Status by Sex,abs,ILOC_2021_Census_I01A,A_0_4_Indig_F
abs,ILOC_2021Census_I01A_Long,abs,ILOC_2021_Census_I01A,A_0_4_Indig_F
abs,ILOC_2021Census_I01A_Long,abs,ILOC_2021_Census_I01A,A_0_4_Indig_P
abs,Selected Person Characteristics by Indigenous Status by Sex,abs,ILOC_2021_Census_I01A,A_0_4_Indig_P
abs,Selected Person Characteristics by Indigenous Status by Sex,abs,ILOC_2021_Census_I01A,A_0_4_NonInd_M
abs,ILOC_2021Census_I01A_Long,abs,ILOC_2021_Census_I01A,A_0_4_NonInd_M
abs,ILOC_2021Census_I01A_Long,abs,ILOC_2021_Census_I01A,A_0_4_NonInd_F
abs,Selected Person Characteristics by Indigenous Status by Sex,abs,ILOC_2021_Census_I01A,A_0_4_NonInd_F
abs,Selected Person Characteristics by Indigenous Status by Sex,abs,ILOC_2021_Census_I01A,A_0_4_NonInd_P
abs,ILOC_2021Census_I01A_Long,abs,ILOC_2021_Census_I01A,A_0_4_NonInd_P
abs,ILOC_2021Census_I01A_Long,abs,ILOC_2021_Census_I01A,A_0_4_IndigStat_nsM
abs,Selected Person Characteristics by Indigenous Status by Sex,abs,ILOC_2021_Census_I01A,A_0_4_IndigStat_nsM
abs,Selected Person Characteristics by Indigenous Status by Sex,abs,ILOC_2021_Census_I01A,A_0_4_IndigStat_nsF
abs,ILOC_2021Census_I01A_Long,abs,ILOC_2021_Census_I01A,A_0_4_IndigStat_nsF
abs,ILOC_2021Census_I01A_Long,abs,ILOC_2021_Census_I01A,A_0_4_IndigStat_nsP
abs,Selected Person Characteristics by Indigenous Status by Sex,abs,ILOC_2021_Census_I01A,A_0_4_IndigStat_nsP
abs,Selected Person Characteristics by Indigenous Status by Sex,abs,ILOC_2021_Census_I01A,A_0_4_TotM
abs,ILOC_2021Census_I01A_Long,abs,ILOC_2021_Census_I01A,A_0_4_TotM
abs,ILOC_2021Census_I01A_Long,abs,ILOC_2021_Census_I01A,A_0_4_TotF
abs,Selected Person Characteristics by Indigenous Status by Sex,abs,ILOC_2021_Census_I01A,A_0_4_TotF
abs,Selected Person Characteristics by Indigenous Status by Sex,abs,ILOC_2021_Census_I01A,A_0_4_TotP
abs,ILOC_2021Census_I01A_Long,abs,ILOC_2021_Census_I01A,A_0_4_TotP
abs,ILOC_2021Census_I01A_Long,abs,ILOC_2021_Census_I01A,A_5_14_Indig_M
abs,Selected Person Characteristics by Indigenous Status by Sex,abs,ILOC_2021_Census_I01A,A_5_14_Indig_M
abs,Selected Person Characteristics by Indigenous Status by Sex,abs,ILOC_2021_Census_I01A,A_5_14_Indig_F
abs,ILOC_2021Census_I01A_Long,abs,ILOC_2021_Census_I01A,A_5_14_Indig_F
abs,ILOC_2021Census_I01A_Long,abs,ILOC_2021_Census_I01A,A_5_14_Indig_P
abs,Selected Person Characteristics by Indigenous Status by Sex,abs,ILOC_2021_Census_I01A,A_5_14_Indig_P
abs,Selected Person Characteristics by Indigenous Status by Sex,abs,ILOC_2021_Census_I01A,A_5_14_NonInd_M
abs,ILOC_2021Census_I01A_Long,abs,ILOC_2021_Census_I01A,A_5_14_NonInd_M
abs,ILOC_2021Census_I01A_Long,abs,ILOC_2021_Census_I01A,A_5_14_NonInd_F
abs,Selected Person Characteristics by Indigenous Status by Sex,abs,ILOC_2021_Census_I01A,A_5_14_NonInd_F
abs,Selected Person Characteristics by Indigenous Status by Sex,abs,ILOC_2021_Census_I01A,A_5_14_NonInd_P
abs,ILOC_2021Census_I01A_Long,abs,ILOC_2021_Census_I01A,A_5_14_NonInd_P
abs,ILOC_2021Census_I01A_Long,abs,ILOC_2021_Census_I01A,A_5_14_IndigStat_nsM
abs,Selected Person Characteristics by Indigenous Status by Sex,abs,ILOC_2021_Census_I01A,A_5_14_IndigStat_nsM
abs,Selected Person Characteristics by Indigenous Status by Sex,abs,ILOC_2021_Census_I01A,A_5_14_IndigStat_nsF
abs,ILOC_2021Census_I01A_Long,abs,ILOC_2021_Census_I01A,A_5_14_IndigStat_nsF
abs,ILOC_2021Census_I01A_Long,abs,ILOC_2021_Census_I01A,A_5_14_IndigStat_nsP
abs,Selected Person Characteristics by Indigenous Status by Sex,abs,ILOC_2021_Census_I01A,A_5_14_IndigStat_nsP
abs,Selected Person Characteristics by Indigenous Status by Sex,abs,ILOC_2021_Census_I01A,A_5_14_TotM
abs,ILOC_2021Census_I01A_Long,abs,ILOC_2021_Census_I01A,A_5_14_TotM
abs,ILOC_2021Census_I01A_Long,abs,ILOC_2021_Census_I01A,A_5_14_TotF
abs,Selected Person Characteristics by Indigenous Status by Sex,abs,ILOC_2021_Census_I01A,A_5_14_TotF
abs,Selected Person Characteristics by Indigenous Status by Sex,abs,ILOC_2021_Census_I01A,A_5_14_TotP
abs,ILOC_2021Census_I01A_Long,abs,ILOC_2021_Census_I01A,A_5_14_TotP
abs,ILOC_2021Census_I01A_Long,abs,ILOC_2021_Census_I01A,A_15_24_Indig_M
abs,Selected Person Characteristics by Indigenous Status by Sex,abs,ILOC_2021_Census_I01A,A_15_24_Indig_M
abs,Selected Person Characteristics by Indigenous Status by Sex,abs,ILOC_2021_Census_I01A,A_15_24_Indig_F
abs,ILOC_2021Census_I01A_Long,abs,ILOC_2021_Census_I01A,A_15_24_Indig_F
abs,ILOC_2021Census_I01A_Long,abs,ILOC_2021_Census_I01A,A_15_24_Indig_P
abs,Selected Person Characteristics by Indigenous Status by Sex,abs,ILOC_2021_Census_I01A,A_15_24_Indig_P
abs,Selected Person Characteristics by Indigenous Status by Sex,abs,ILOC_2021_Census_I01A,A_15_24_NonInd_M
abs,ILOC_2021Census_I01A_Long,abs,ILOC_2021_Census_I01A,A_15_24_NonInd_M
abs,ILOC_2021Census_I01A_Long,abs,ILOC_2021_Census_I01A,A_15_24_NonInd_F
abs,Selected Person Characteristics by Indigenous Status by Sex,abs,ILOC_2021_Census_I01A,A_15_24_NonInd_F
abs,Selected Person Characteristics by Indigenous Status by Sex,abs,ILOC_2021_Census_I01A,A_15_24_NonInd_P
abs,ILOC_2021Census_I01A_Long,abs,ILOC_2021_Census_I01A,A_15_24_NonInd_P
abs,ILOC_2021Census_I01A_Long,abs,ILOC_2021_Census_I01A,A_15_24_IndigStat_nsM
abs,Selected Person Characteristics by Indigenous Status by Sex,abs,ILOC_2021_Census_I01A,A_15_24_IndigStat_nsM
abs,Selected Person Characteristics by Indigenous Status by Sex,abs,ILOC_2021_Census_I01A,A_15_24_IndigStat_nsF
abs,ILOC_2021Census_I01A_Long,abs,ILOC_2021_Census_I01A,A_15_24_IndigStat_nsF
abs,ILOC_2021Census_I01A_Long,abs,ILOC_2021_Census_I01A,A_15_24_IndigStat_nsP
abs,Selected Person Characteristics by Indigenous Status by Sex,abs,ILOC_2021_Census_I01A,A_15_24_IndigStat_nsP
abs,Selected Person Characteristics by Indigenous Status by Sex,abs,ILOC_2021_Census_I01A,A_15_24_TotM
abs,ILOC_2021Census_I01A_Long,abs,ILOC_2021_Census_I01A,A_15_24_TotM
abs,ILOC_2021Census_I01A_Long,abs,ILOC_2021_Census_I01A,A_15_24_TotF
abs,Selected Person Characteristics by Indigenous Status by Sex,abs,ILOC_2021_Census_I01A,A_15_24_TotF
abs,Selected Person Characteristics by Indigenous Status by Sex,abs,ILOC_2021_Census_I01A,A_15_24_TotP
abs,ILOC_2021Census_I01A_Long,abs,ILOC_2021_Census_I01A,A_15_24_TotP
abs,ILOC_2021Census_I01A_Long,abs,ILOC_2021_Census_I01A,A_25_44_Indig_M
abs,Selected Person Characteristics by Indigenous Status by Sex,abs,ILOC_2021_Census_I01A,A_25_44_Indig_M
abs,Selected Person Characteristics by Indigenous Status by Sex,abs,ILOC_2021_Census_I01A,A_25_44_Indig_F
abs,ILOC_2021Census_I01A_Long,abs,ILOC_2021_Census_I01A,A_25_44_Indig_F
abs,ILOC_2021Census_I01A_Long,abs,ILOC_2021_Census_I01A,A_25_44_Indig_P
abs,Selected Person Characteristics by Indigenous Status by Sex,abs,ILOC_2021_Census_I01A,A_25_44_Indig_P
abs,Selected Person Characteristics by Indigenous Status by Sex,abs,ILOC_2021_Census_I01A,A_25_44_NonInd_M
abs,ILOC_2021Census_I01A_Long,abs,ILOC_2021_Census_I01A,A_25_44_NonInd_M
abs,ILOC_2021Census_I01A_Long,abs,ILOC_2021_Census_I01A,A_25_44_NonInd_F
abs,Selected Person Characteristics by Indigenous Status by Sex,abs,ILOC_2021_Census_I01A,A_25_44_NonInd_F
abs,Selected Person Characteristics by Indigenous Status by Sex,abs,ILOC_2021_Census_I01A,A_25_44_NonInd_P
abs,ILOC_2021Census_I01A_Long,abs,ILOC_2021_Census_I01A,A_25_44_NonInd_P
abs,ILOC_2021Census_I01A_Long,abs,ILOC_2021_Census_I01A,A_25_44_IndigStat_nsM
abs,Selected Person Characteristics by Indigenous Status by Sex,abs,ILOC_2021_Census_I01A,A_25_44_IndigStat_nsM
abs,Selected Person Characteristics by Indigenous Status by Sex,abs,ILOC_2021_Census_I01A,A_25_44_IndigStat_nsF
abs,ILOC_2021Census_I01A_Long,abs,ILOC_2021_Census_I01A,A_25_44_IndigStat_nsF
abs,ILOC_2021Census_I01A_Long,abs,ILOC_2021_Census_I01A,A_25_44_IndigStat_nsP
abs,Selected Person Characteristics by Indigenous Status by Sex,abs,ILOC_2021_Census_I01A,A_25_44_IndigStat_nsP
abs,Selected Person Characteristics by Indigenous Status by Sex,abs,ILOC_2021_Census_I01A,A_25_44_TotM
abs,ILOC_2021Census_I01A_Long,abs,ILOC_2021_Census_I01A,A_25_44_TotM
abs,ILOC_2021Census_I01A_Long,abs,ILOC_2021_Census_I01A,A_25_44_TotF
abs,Selected Person Characteristics by Indigenous Status by Sex,abs,ILOC_2021_Census_I01A,A_25_44_TotF
abs,Selected Person Characteristics by Indigenous Status by Sex,abs,ILOC_2021_Census_I01A,A_25_44_TotP
abs,ILOC_2021Census_I01A_Long,abs,ILOC_2021_Census_I01A,A_25_44_TotP
abs,ILOC_2021Census_I01A_Long,abs,ILOC_2021_Census_I01A,A_45_64_Indig_M
abs,Selected Person Characteristics by Indigenous Status by Sex,abs,ILOC_2021_Census_I01A,A_45_64_Indig_M
abs,Selected Person Characteristics by Indigenous Status by Sex,abs,ILOC_2021_Census_I01A,A_45_64_Indig_F
abs,ILOC_2021Census_I01A_Long,abs,ILOC_2021_Census_I01A,A_45_64_Indig_F
abs,ILOC_2021Census_I01A_Long,abs,ILOC_2021_Census_I01A,A_45_64_Indig_P
abs,Selected Person Characteristics by Indigenous Status by Sex,abs,ILOC_2021_Census_I01A,A_45_64_Indig_P
abs,Selected Person Characteristics by Indigenous Status by Sex,abs,ILOC_2021_Census_I01A,A_45_64_NonInd_M
abs,ILOC_2021Census_I01A_Long,abs,ILOC_2021_Census_I01A,A_45_64_NonInd_M
abs,ILOC_2021Census_I01A_Long,abs,ILOC_2021_Census_I01A,A_45_64_NonInd_F
abs,Selected Person Characteristics by Indigenous Status by Sex,abs,ILOC_2021_Census_I01A,A_45_64_NonInd_F
abs,Selected Person Characteristics by Indigenous Status by Sex,abs,ILOC_2021_Census_I01A,A_45_64_NonInd_P
abs,ILOC_2021Census_I01A_Long,abs,ILOC_2021_Census_I01A,A_45_64_NonInd_P
abs,ILOC_2021Census_I01A_Long,abs,ILOC_2021_Census_I01A,A_45_64_IndigStat_nsM
abs,Selected Person Characteristics by Indigenous Status by Sex,abs,ILOC_2021_Census_I01A,A_45_64_IndigStat_nsM
abs,Selected Person Characteristics by Indigenous Status by Sex,abs,ILOC_2021_Census_I01A,A_45_64_IndigStat_nsF
abs,ILOC_2021Census_I01A_Long,abs,ILOC_2021_Census_I01A,A_45_64_IndigStat_nsF
abs,ILOC_2021Census_I01A_Long,abs,ILOC_2021_Census_I01A,A_45_64_IndigStat_nsP
abs,Selected Person Characteristics by Indigenous Status by Sex,abs,ILOC_2021_Census_I01A,A_45_64_IndigStat_nsP
abs,Selected Person Characteristics by Indigenous Status by Sex,abs,ILOC_2021_Census_I01A,A_45_64_TotM
abs,ILOC_2021Census_I01A_Long,abs,ILOC_2021_Census_I01A,A_45_64_TotM
abs,ILOC_2021Census_I01A_Long,abs,ILOC_2021_Census_I01A,A_45_64_TotF
abs,Selected Person Characteristics by Indigenous Status by Sex,abs,ILOC_2021_Census_I01A,A_45_64_TotF
abs,Selected Person Characteristics by Indigenous Status by Sex,abs,ILOC_2021_Census_I01A,A_45_64_TotP
abs,ILOC_2021Census_I01A_Long,abs,ILOC_2021_Census_I01A,A_45_64_TotP
abs,ILOC_2021Census_I01A_Long,abs,ILOC_2021_Census_I01A,A_65_over_Indig_M
abs,Selected Person Characteristics by Indigenous Status by Sex,abs,ILOC_2021_Census_I01A,A_65_over_Indig_M
abs,Selected Person Characteristics by Indigenous Status by Sex,abs,ILOC_2021_Census_I01A,A_65_over_Indig_F
abs,ILOC_2021Census_I01A_Long,abs,ILOC_2021_Census_I01A,A_65_over_Indig_F
abs,ILOC_2021Census_I01A_Long,abs,ILOC_2021_Census_I01A,A_65_over_Indig_P
abs,Selected Person Characteristics by Indigenous Status by Sex,abs,ILOC_2021_Census_I01A,A_65_over_Indig_P
abs,Selected Person Characteristics by Indigenous Status by Sex,abs,ILOC_2021_Census_I01A,A_65_ovr_NonInd_M
abs,ILOC_2021Census_I01A_Long,abs,ILOC_2021_Census_I01A,A_65_ovr_NonInd_M
abs,ILOC_2021Census_I01A_Long,abs,ILOC_2021_Census_I01A,A_65_ovr_NonInd_F
abs,Selected Person Characteristics by Indigenous Status by Sex,abs,ILOC_2021_Census_I01A,A_65_ovr_NonInd_F
abs,Selected Person Characteristics by Indigenous Status by Sex,abs,ILOC_2021_Census_I01A,A_65_ovr_NonInd_P
abs,ILOC_2021Census_I01A_Long,abs,ILOC_2021_Census_I01A,A_65_ovr_NonInd_P
abs,ILOC_2021Census_I01A_Long,abs,ILOC_2021_Census_I01A,A_65ove_IndigStat_nsM
abs,Selected Person Characteristics by Indigenous Status by Sex,abs,ILOC_2021_Census_I01A,A_65ove_IndigStat_nsM
abs,Selected Person Characteristics by Indigenous Status by Sex,abs,ILOC_2021_Census_I01A,A_65ove_IndigStat_nsF
abs,ILOC_2021Census_I01A_Long,abs,ILOC_2021_Census_I01A,A_65ove_IndigStat_nsF
abs,ILOC_2021Census_I01A_Long,abs,ILOC_2021_Census_I01A,A_65ove_IndigStat_nsP
abs,Selected Person Characteristics by Indigenous Status by Sex,abs,ILOC_2021_Census_I01A,A_65ove_IndigStat_nsP
abs,Selected Person Characteristics by Indigenous Status by Sex,abs,ILOC_2021_Census_I01A,A_65_ovr_TotM
abs,ILOC_2021Census_I01A_Long,abs,ILOC_2021_Census_I01A,A_65_ovr_TotM
abs,ILOC_2021Census_I01A_Long,abs,ILOC_2021_Census_I01A,A_65_ovr_TotF
abs,Selected Person Characteristics by Indigenous Status by Sex,abs,ILOC_2021_Census_I01A,A_65_ovr_TotF
abs,Selected Person Characteristics by Indigenous Status by Sex,abs,ILOC_2021_Census_I01A,A_65_ovr_TotP
abs,ILOC_2021Census_I01A_Long,abs,ILOC_2021_Census_I01A,A_65_ovr_TotP
abs,ILOC_2021Census_I01A_Long,abs,ILOC_2021_Census_I01A,Cntd_CN_home_Indig_M
abs,Selected Person Characteristics by Indigenous Status by Sex,abs,ILOC_2021_Census_I01A,Cntd_CN_home_Indig_M
abs,Selected Person Characteristics by Indigenous Status by Sex,abs,ILOC_2021_Census_I01A,Cntd_CN_home_Indig_F
abs,ILOC_2021Census_I01A_Long,abs,ILOC_2021_Census_I01A,Cntd_CN_home_Indig_F
abs,ILOC_2021Census_I01A_Long,abs,ILOC_2021_Census_I01A,Cntd_CN_home_Indig_P
abs,Selected Person Characteristics by Indigenous Status by Sex,abs,ILOC_2021_Census_I01A,Cntd_CN_home_Indig_P
abs,Selected Person Characteristics by Indigenous Status by Sex,abs,ILOC_2021_Census_I01A,Cntd_CN_hme_NonInd_M
abs,ILOC_2021Census_I01A_Long,abs,ILOC_2021_Census_I01A,Cntd_CN_hme_NonInd_M
abs,ILOC_2021Census_I01A_Long,abs,ILOC_2021_Census_I01A,Cntd_CN_hme_NonInd_F
abs,Selected Person Characteristics by Indigenous Status by Sex,abs,ILOC_2021_Census_I01A,Cntd_CN_hme_NonInd_F
abs,Selected Person Characteristics by Indigenous Status by Sex,abs,ILOC_2021_Census_I01A,Cntd_CN_hme_NonInd_P
abs,ILOC_2021Census_I01A_Long,abs,ILOC_2021_Census_I01A,Cntd_CN_hme_NonInd_P
abs,ILOC_2021Census_I01A_Long,abs,ILOC_2021_Census_I01A,ctd_CN_hme_Indig_st_nsM
abs,Selected Person Characteristics by Indigenous Status by Sex,abs,ILOC_2021_Census_I01A,ctd_CN_hme_Indig_st_nsM
abs,Selected Person Characteristics by Indigenous Status by Sex,abs,ILOC_2021_Census_I01A,ctd_CN_hme_Indig_st_nsF
abs,ILOC_2021Census_I01A_Long,abs,ILOC_2021_Census_I01A,ctd_CN_hme_Indig_st_nsF
abs,ILOC_2021Census_I01A_Long,abs,ILOC_2021_Census_I01A,ctd_CN_hme_Indig_st_nsP
abs,Selected Person Characteristics by Indigenous Status by Sex,abs,ILOC_2021_Census_I01A,ctd_CN_hme_Indig_st_nsP
abs,Selected Person Characteristics by Indigenous Status by Sex,abs,ILOC_2021_Census_I01A,Cntd_CN_home_TotM
abs,ILOC_2021Census_I01A_Long,abs,ILOC_2021_Census_I01A,Cntd_CN_home_TotM
abs,ILOC_2021Census_I01A_Long,abs,ILOC_2021_Census_I01A,Cntd_CN_home_TotF
abs,Selected Person Characteristics by Indigenous Status by Sex,abs,ILOC_2021_Census_I01A,Cntd_CN_home_TotF
abs,Selected Person Characteristics by Indigenous Status by Sex,abs,ILOC_2021_Census_I01A,Cntd_CN_home_TotP
abs,ILOC_2021Census_I01A_Long,abs,ILOC_2021_Census_I01A,Cntd_CN_home_TotP
FUSION,Questionnaire Response - Response Answer Template,FUSION,pmc_questionnaireresponse_pmc_responseanswe,pmc_questionnaireresponse_pmc_responseansweid
FUSION,Questionnaire Response - Response Answer Template,FUSION,pmc_questionnaireresponse_pmc_responseanswe,pmc_questionnaireresponseid
FUSION,Questionnaire Response - Response Answer Template,FUSION,pmc_questionnaireresponse_pmc_responseanswe,pmc_responseanswertemplateid
ACARA,Student Gain Similar School,ACARA,StudentGain_SimilarSchool,ID
ACARA,Student Gain Similar School,ACARA,StudentGain_SimilarSchool,Calendar Year
ACARA,Student Gain Similar School,ACARA,StudentGain_SimilarSchool,ACARA_SML_ID
ACARA,Student Gain Similar School,ACARA,StudentGain_SimilarSchool,Domain
ACARA,Student Gain Similar School,ACARA,StudentGain_SimilarSchool,Calendar Year Range
ACARA,Student Gain Similar School,ACARA,StudentGain_SimilarSchool,Student Grade Level
ACARA,Student Gain Similar School,ACARA,StudentGain_SimilarSchool,Student Grade Level Range
ACARA,Student Gain Similar School,ACARA,StudentGain_SimilarSchool,Similar Schools Average NAPLAN Score
ACARA,Student Gain Similar School,ACARA,StudentGain_SimilarSchool,Similar Schools Average Lower Margin
ACARA,Student Gain Similar School,ACARA,StudentGain_SimilarSchool,Similar Schools Average Upper Margin
ACARA,Student Gain Similar School,ACARA,StudentGain_SimilarSchool,Similar Schools Median NAPLAN Score
ACARA,Student Gain Similar School,ACARA,StudentGain_SimilarSchool,Similar Schools Median Lower Margin
ACARA,Student Gain Similar School,ACARA,StudentGain_SimilarSchool,Similar Schools Median Upper Margin
ESS,IEP Placement Summary,ESS,SUB810_IEP_OUTCOME_HISTORY_NIAA,EFFECTIVE_START_DATE
ESS,IEP Placement Summary,ESS,SUB810_IEP_OUTCOME_HISTORY_NIAA,EFFECTIVE_END_DATE
ESS,IEP Claim Payments,ESS,SUB810_IEP_OUTCOME_HISTORY_NIAA,OutcomeID
ESS,IEP Placement Summary,ESS,SUB810_IEP_OUTCOME_HISTORY_NIAA,Week
ESS,IEP Placement Summary,ESS,SUB810_IEP_OUTCOME_HISTORY_NIAA,ClaimDate
ESS,IEP Placement Summary,ESS,SUB810_IEP_OUTCOME_HISTORY_NIAA,StatusCode
ESS,IEP Placement Summary,ESS,SUB810_IEP_OUTCOME_HISTORY_NIAA,ClaimID
ESS,IEP Milestone 1000 Jobs,ESS,SUB810_IEP_OUTCOME_HISTORY_NIAA,ClaimID
ESS,IEP Milestone 1000 Jobs,ESS,SUB810_IEP_OUTCOME_HISTORY_NIAA,MilestoneID
ESS,IEP Claim Payments,ESS,SUB810_IEP_OUTCOME_HISTORY_NIAA,MilestoneID
ESS,IEP Claim Payments,ESS,SUB810_IEP_OUTCOME_HISTORY_NIAA,ProjectPlacementID
ESS,IEP Placement Summary,ESS,SUB810_IEP_OUTCOME_HISTORY_NIAA,ProjectPlacementID
ESS,IEP Milestone 1000 Jobs,ESS,SUB810_IEP_OUTCOME_HISTORY_NIAA,ProjectPlacementID
ESS,IEP Placement Summary,ESS,SUB810_IEP_OUTCOME_HISTORY_NIAA,ClaimStatusCode
ESS,IEP Claim Payments,ESS,SUB810_IEP_OUTCOME_HISTORY_NIAA,IsActive
ESS,IEP Milestone 1000 Jobs,ESS,SUB810_IEP_OUTCOME_HISTORY_NIAA,IsActive
NIAA,vw_Rangers_Activity_Staging,GPS,Dim_Activity_Programme,%Dim_Programme_Key
GPS,Grant Activity,GPS,Dim_Activity_Programme,%Dim_Programme_Key
GPS,Grant Application Financial,GPS,Dim_Activity_Programme,%Dim_Programme_Key
GPS,Grant Application Service Provided,GPS,Dim_Activity_Programme,%Dim_Programme_Key
GPS,Grant Application Financial,GPS,Dim_Activity_Programme,Program Id
GPS,Grant Activity,GPS,Dim_Activity_Programme,Agreement PBS Program Number
GPS,Grant Activity,GPS,Dim_Activity_Programme,Agreement PBS Program Name
NIAA,vw_Rangers_Activity_Staging,GPS,Dim_Activity_Programme,Agreement PBS Program Name
GPS,Grant Activity,GPS,Dim_Activity_Programme,Program Formal External Name - Agreement
GPS,Grant Activity,GPS,Dim_Activity_Programme,Program Name - Agreement
GPS,Grant Application Financial,GPS,Dim_Activity_Programme,LEVEL_1_NAME
GPS,Grant Application Service Provided,GPS,Dim_Activity_Programme,LEVEL_1_NAME
GPS,Grant Activity,GPS,Dim_Activity_Programme,LEVEL_3_NAME
NIAA,vw_Rangers_Activity_Staging,GPS,Dim_Activity_Programme,LEVEL_3_NAME
GPS,Grant Activity,GPS,Dim_Activity_Programme,Payment_Cost_Centre_Code
Forms,CDP_PPR_Assessment_Response_Mod_Review_History_View_PPR13,Forms,CDP_PPR_Result_Rebuild_History_PPR13,Result Key
Forms,CDP_PPR_Assessment_Response_Mod_Review_History_View_PPR13,Forms,CDP_PPR_Result_Rebuild_History_PPR13,Result Status
Forms,CDP_PPR_Assessment_Response_Mod_Review_History_View_PPR13,Forms,CDP_PPR_Result_Rebuild_History_PPR13,ChangeDate
Forms,CDP_PPR_Assessment_Response_Mod_Review_History_View_PPR13,Forms,CDP_PPR_Result_Rebuild_History_PPR13,SysEndTime
CRM,Linking Table,CRM,Contacts,Contact Id
CRM,CRM Linking Table,CRM,Contacts,Contact Id
CRM,Linking Table,CRM,Contacts,Customer Id
CRM,Linking Table,CRM,Contacts,Organisation Id
CRM,CRM Linking Table,CRM,Contacts,Organisation Id
ESS,IEP Provider,ESS,IEP_PROVIDER_MAPPING,EFFECTIVE_START_DATE
ESS,IEP Provider,ESS,IEP_PROVIDER_MAPPING,EFFECTIVE_END_DATE
ESS,IEP Provider,ESS,IEP_PROVIDER_MAPPING,ProviderId
ESS,FUSION IEP Activity,ESS,IEP_PROVIDER_MAPPING,ProviderId
ESS,IEP Grant Activity,ESS,IEP_PROVIDER_MAPPING,ProviderId
ESS,IEP Grant Activity,ESS,IEP_PROVIDER_MAPPING,IesProviderId
ESS,FUSION IEP Activity,ESS,IEP_PROVIDER_MAPPING,IesProviderId
ESS,IEP Provider,ESS,IEP_PROVIDER_MAPPING,IesProviderId
ESS,IEP Activity,ESS,SUB811_LOOKUP_ADW_CODE_NIAA,EXTRACT_DATE
ESS,IEP Activity Obsolete,ESS,SUB811_LOOKUP_ADW_CODE_NIAA,EXTRACT_DATE
ESS,IEP Activity Obsolete,ESS,SUB811_LOOKUP_ADW_CODE_NIAA,EFFECTIVE_START_DATE
ESS,RAES Payment,ESS,SUB811_LOOKUP_ADW_CODE_NIAA,EFFECTIVE_START_DATE
ESS,IEP Payment,ESS,SUB811_LOOKUP_ADW_CODE_NIAA,EFFECTIVE_START_DATE
ESS,IEP Activity,ESS,SUB811_LOOKUP_ADW_CODE_NIAA,EFFECTIVE_START_DATE
ESS,IEP Activity,ESS,SUB811_LOOKUP_ADW_CODE_NIAA,EFFECTIVE_END_DATE
ESS,IEP Payment,ESS,SUB811_LOOKUP_ADW_CODE_NIAA,EFFECTIVE_END_DATE
ESS,RAES Payment,ESS,SUB811_LOOKUP_ADW_CODE_NIAA,EFFECTIVE_END_DATE
ESS,IEP Activity Obsolete,ESS,SUB811_LOOKUP_ADW_CODE_NIAA,EFFECTIVE_END_DATE
ESS,IEP Activity Obsolete,ESS,SUB811_LOOKUP_ADW_CODE_NIAA,FK_CDT_CODE
ESS,RAES Payment,ESS,SUB811_LOOKUP_ADW_CODE_NIAA,FK_CDT_CODE
ESS,CDP Job Plan Activity Detail,ESS,SUB811_LOOKUP_ADW_CODE_NIAA,FK_CDT_CODE
ESS,CDP JSCI Classification,ESS,SUB811_LOOKUP_ADW_CODE_NIAA,FK_CDT_CODE
ESS,IEP Payment,ESS,SUB811_LOOKUP_ADW_CODE_NIAA,FK_CDT_CODE
ESS,IEP Grant Activity Site Location,ESS,SUB811_LOOKUP_ADW_CODE_NIAA,FK_CDT_CODE
ESS,CDP Activity Attendance Result,ESS,SUB811_LOOKUP_ADW_CODE_NIAA,FK_CDT_CODE
ESS,CDP Vacancy Referral,ESS,SUB811_LOOKUP_ADW_CODE_NIAA,FK_CDT_CODE
ESS,CDP Job Seeker History,ESS,SUB811_LOOKUP_ADW_CODE_NIAA,FK_CDT_CODE
ESS,CDP Job Seeker Appointment,ESS,SUB811_LOOKUP_ADW_CODE_NIAA,FK_CDT_CODE
ESS,CDP Claim,ESS,SUB811_LOOKUP_ADW_CODE_NIAA,FK_CDT_CODE
ESS,CDP Organisation,ESS,SUB811_LOOKUP_ADW_CODE_NIAA,FK_CDT_CODE
ESS,RAES Vacancy Referral,ESS,SUB811_LOOKUP_ADW_CODE_NIAA,FK_CDT_CODE
ESS,IEP Activity,ESS,SUB811_LOOKUP_ADW_CODE_NIAA,FK_CDT_CODE
ESS,CDP Income Support Payment Rate,ESS,SUB811_LOOKUP_ADW_CODE_NIAA,FK_CDT_CODE
ESS,IEP Milestone,ESS,SUB811_LOOKUP_ADW_CODE_NIAA,FK_CDT_CODE
ESS,CDP Employment Placement History_obsolete,ESS,SUB811_LOOKUP_ADW_CODE_NIAA,FK_CDT_CODE
ESS,For NLP CDP Job Plan,ESS,SUB811_LOOKUP_ADW_CODE_NIAA,FK_CDT_CODE
ESS,IEP Grant Activity,ESS,SUB811_LOOKUP_ADW_CODE_NIAA,FK_CDT_CODE
ESS,CDP Job Seeker,ESS,SUB811_LOOKUP_ADW_CODE_NIAA,FK_CDT_CODE
ESS,CDP Job Seeker Assessment,ESS,SUB811_LOOKUP_ADW_CODE_NIAA,FK_CDT_CODE
ESS,CDP Activity,ESS,SUB811_LOOKUP_ADW_CODE_NIAA,FK_CDT_CODE
ESS,CDP Activity Referral Placement,ESS,SUB811_LOOKUP_ADW_CODE_NIAA,FK_CDT_CODE
ESS,FUSION IEP Activity,ESS,SUB811_LOOKUP_ADW_CODE_NIAA,FK_CDT_CODE
ESS,TWES ESAT,ESS,SUB811_LOOKUP_ADW_CODE_NIAA,FK_CDT_CODE
ESS,IEP Program Element,ESS,SUB811_LOOKUP_ADW_CODE_NIAA,FK_CDT_CODE
ESS,TWES JSCI,ESS,SUB811_LOOKUP_ADW_CODE_NIAA,FK_CDT_CODE
ESS,TWES Claim,ESS,SUB811_LOOKUP_ADW_CODE_NIAA,FK_CDT_CODE
ESS,CDP Barrier,ESS,SUB811_LOOKUP_ADW_CODE_NIAA,FK_CDT_CODE
ESS,FUSION IEP Location,ESS,SUB811_LOOKUP_ADW_CODE_NIAA,FK_CDT_CODE
ESS,For NLP CDP Barrier,ESS,SUB811_LOOKUP_ADW_CODE_NIAA,FK_CDT_CODE
ESS,For NLP CDP Job Plan Assistance,ESS,SUB811_LOOKUP_ADW_CODE_NIAA,FK_CDT_CODE
ESS,CDP JSCI Classification Question & Response,ESS,SUB811_LOOKUP_ADW_CODE_NIAA,FK_CDT_CODE
ESS,CDP Vacancy,ESS,SUB811_LOOKUP_ADW_CODE_NIAA,FK_CDT_CODE
ESS,CDP Job Plan,ESS,SUB811_LOOKUP_ADW_CODE_NIAA,FK_CDT_CODE
ESS,CDP Job Plan Assistance,ESS,SUB811_LOOKUP_ADW_CODE_NIAA,FK_CDT_CODE
ESS,CDP Job Plan Activity,ESS,SUB811_LOOKUP_ADW_CODE_NIAA,FK_CDT_CODE
ESS,TWES Transition Plan,ESS,SUB811_LOOKUP_ADW_CODE_NIAA,FK_CDT_CODE
ESS,TWES CRP,ESS,SUB811_LOOKUP_ADW_CODE_NIAA,FK_CDT_CODE
ESS,TWES CRP,ESS,SUB811_LOOKUP_ADW_CODE_NIAA,CODE
ESS,TWES Transition Plan,ESS,SUB811_LOOKUP_ADW_CODE_NIAA,CODE
ESS,CDP Job Plan Activity,ESS,SUB811_LOOKUP_ADW_CODE_NIAA,CODE
ESS,CDP Job Plan Assistance,ESS,SUB811_LOOKUP_ADW_CODE_NIAA,CODE
ESS,CDP Job Plan,ESS,SUB811_LOOKUP_ADW_CODE_NIAA,CODE
ESS,CDP Vacancy,ESS,SUB811_LOOKUP_ADW_CODE_NIAA,CODE
ESS,CDP JSCI Classification Question & Response,ESS,SUB811_LOOKUP_ADW_CODE_NIAA,CODE
ESS,For NLP CDP Job Plan Assistance,ESS,SUB811_LOOKUP_ADW_CODE_NIAA,CODE
ESS,For NLP CDP Barrier,ESS,SUB811_LOOKUP_ADW_CODE_NIAA,CODE
ESS,FUSION IEP Location,ESS,SUB811_LOOKUP_ADW_CODE_NIAA,CODE
ESS,CDP Barrier,ESS,SUB811_LOOKUP_ADW_CODE_NIAA,CODE
ESS,TWES Claim,ESS,SUB811_LOOKUP_ADW_CODE_NIAA,CODE
ESS,TWES JSCI,ESS,SUB811_LOOKUP_ADW_CODE_NIAA,CODE
ESS,IEP Program Element,ESS,SUB811_LOOKUP_ADW_CODE_NIAA,CODE
ESS,TWES ESAT,ESS,SUB811_LOOKUP_ADW_CODE_NIAA,CODE
ESS,FUSION IEP Activity,ESS,SUB811_LOOKUP_ADW_CODE_NIAA,CODE
ESS,CDP Activity Referral Placement,ESS,SUB811_LOOKUP_ADW_CODE_NIAA,CODE
ESS,CDP Activity,ESS,SUB811_LOOKUP_ADW_CODE_NIAA,CODE
ESS,CDP Job Seeker Assessment,ESS,SUB811_LOOKUP_ADW_CODE_NIAA,CODE
ESS,CDP Job Seeker,ESS,SUB811_LOOKUP_ADW_CODE_NIAA,CODE
ESS,IEP Grant Activity,ESS,SUB811_LOOKUP_ADW_CODE_NIAA,CODE
ESS,For NLP CDP Job Plan,ESS,SUB811_LOOKUP_ADW_CODE_NIAA,CODE
ESS,CDP Employment Placement History_obsolete,ESS,SUB811_LOOKUP_ADW_CODE_NIAA,CODE
ESS,IEP Milestone,ESS,SUB811_LOOKUP_ADW_CODE_NIAA,CODE
ESS,CDP Income Support Payment Rate,ESS,SUB811_LOOKUP_ADW_CODE_NIAA,CODE
ESS,IEP Activity,ESS,SUB811_LOOKUP_ADW_CODE_NIAA,CODE
ESS,RAES Vacancy Referral,ESS,SUB811_LOOKUP_ADW_CODE_NIAA,CODE
ESS,CDP Organisation,ESS,SUB811_LOOKUP_ADW_CODE_NIAA,CODE
ESS,CDP Claim,ESS,SUB811_LOOKUP_ADW_CODE_NIAA,CODE
ESS,CDP Job Seeker Appointment,ESS,SUB811_LOOKUP_ADW_CODE_NIAA,CODE
ESS,CDP Job Seeker History,ESS,SUB811_LOOKUP_ADW_CODE_NIAA,CODE
ESS,CDP Vacancy Referral,ESS,SUB811_LOOKUP_ADW_CODE_NIAA,CODE
ESS,CDP Activity Attendance Result,ESS,SUB811_LOOKUP_ADW_CODE_NIAA,CODE
ESS,IEP Grant Activity Site Location,ESS,SUB811_LOOKUP_ADW_CODE_NIAA,CODE
ESS,IEP Payment,ESS,SUB811_LOOKUP_ADW_CODE_NIAA,CODE
ESS,CDP JSCI Classification,ESS,SUB811_LOOKUP_ADW_CODE_NIAA,CODE
ESS,CDP Job Plan Activity Detail,ESS,SUB811_LOOKUP_ADW_CODE_NIAA,CODE
ESS,RAES Payment,ESS,SUB811_LOOKUP_ADW_CODE_NIAA,CODE
ESS,IEP Activity Obsolete,ESS,SUB811_LOOKUP_ADW_CODE_NIAA,CODE
ESS,IEP Activity Obsolete,ESS,SUB811_LOOKUP_ADW_CODE_NIAA,U_SHORT_DESC
ESS,IEP Activity,ESS,SUB811_LOOKUP_ADW_CODE_NIAA,U_SHORT_DESC
ESS,IEP Activity,ESS,SUB811_LOOKUP_ADW_CODE_NIAA,SHORT_DESC
ESS,IEP Activity Obsolete,ESS,SUB811_LOOKUP_ADW_CODE_NIAA,SHORT_DESC
ESS,IEP Activity Obsolete,ESS,SUB811_LOOKUP_ADW_CODE_NIAA,LONG_DESC
ESS,RAES Payment,ESS,SUB811_LOOKUP_ADW_CODE_NIAA,LONG_DESC
ESS,CDP Job Plan Activity Detail,ESS,SUB811_LOOKUP_ADW_CODE_NIAA,LONG_DESC
ESS,CDP JSCI Classification,ESS,SUB811_LOOKUP_ADW_CODE_NIAA,LONG_DESC
ESS,IEP Payment,ESS,SUB811_LOOKUP_ADW_CODE_NIAA,LONG_DESC
ESS,IEP Grant Activity Site Location,ESS,SUB811_LOOKUP_ADW_CODE_NIAA,LONG_DESC
ESS,CDP Activity Attendance Result,ESS,SUB811_LOOKUP_ADW_CODE_NIAA,LONG_DESC
ESS,CDP Vacancy Referral,ESS,SUB811_LOOKUP_ADW_CODE_NIAA,LONG_DESC
ESS,CDP Job Seeker History,ESS,SUB811_LOOKUP_ADW_CODE_NIAA,LONG_DESC
ESS,CDP Job Seeker Appointment,ESS,SUB811_LOOKUP_ADW_CODE_NIAA,LONG_DESC
ESS,CDP Claim,ESS,SUB811_LOOKUP_ADW_CODE_NIAA,LONG_DESC
ESS,CDP Organisation,ESS,SUB811_LOOKUP_ADW_CODE_NIAA,LONG_DESC
ESS,RAES Vacancy Referral,ESS,SUB811_LOOKUP_ADW_CODE_NIAA,LONG_DESC
ESS,IEP Activity,ESS,SUB811_LOOKUP_ADW_CODE_NIAA,LONG_DESC
ESS,CDP Income Support Payment Rate,ESS,SUB811_LOOKUP_ADW_CODE_NIAA,LONG_DESC
ESS,IEP Milestone,ESS,SUB811_LOOKUP_ADW_CODE_NIAA,LONG_DESC
ESS,CDP Employment Placement History_obsolete,ESS,SUB811_LOOKUP_ADW_CODE_NIAA,LONG_DESC
ESS,For NLP CDP Job Plan,ESS,SUB811_LOOKUP_ADW_CODE_NIAA,LONG_DESC
ESS,IEP Grant Activity,ESS,SUB811_LOOKUP_ADW_CODE_NIAA,LONG_DESC
ESS,CDP Job Seeker,ESS,SUB811_LOOKUP_ADW_CODE_NIAA,LONG_DESC
ESS,CDP Job Seeker Assessment,ESS,SUB811_LOOKUP_ADW_CODE_NIAA,LONG_DESC
ESS,CDP Activity,ESS,SUB811_LOOKUP_ADW_CODE_NIAA,LONG_DESC
ESS,CDP Activity Referral Placement,ESS,SUB811_LOOKUP_ADW_CODE_NIAA,LONG_DESC
ESS,FUSION IEP Activity,ESS,SUB811_LOOKUP_ADW_CODE_NIAA,LONG_DESC
ESS,TWES ESAT,ESS,SUB811_LOOKUP_ADW_CODE_NIAA,LONG_DESC
ESS,IEP Program Element,ESS,SUB811_LOOKUP_ADW_CODE_NIAA,LONG_DESC
ESS,TWES JSCI,ESS,SUB811_LOOKUP_ADW_CODE_NIAA,LONG_DESC
ESS,TWES Claim,ESS,SUB811_LOOKUP_ADW_CODE_NIAA,LONG_DESC
ESS,CDP Barrier,ESS,SUB811_LOOKUP_ADW_CODE_NIAA,LONG_DESC
ESS,FUSION IEP Location,ESS,SUB811_LOOKUP_ADW_CODE_NIAA,LONG_DESC
ESS,For NLP CDP Barrier,ESS,SUB811_LOOKUP_ADW_CODE_NIAA,LONG_DESC
ESS,For NLP CDP Job Plan Assistance,ESS,SUB811_LOOKUP_ADW_CODE_NIAA,LONG_DESC
ESS,CDP JSCI Classification Question & Response,ESS,SUB811_LOOKUP_ADW_CODE_NIAA,LONG_DESC
ESS,CDP Vacancy,ESS,SUB811_LOOKUP_ADW_CODE_NIAA,LONG_DESC
ESS,CDP Job Plan,ESS,SUB811_LOOKUP_ADW_CODE_NIAA,LONG_DESC
ESS,CDP Job Plan Assistance,ESS,SUB811_LOOKUP_ADW_CODE_NIAA,LONG_DESC
ESS,CDP Job Plan Activity,ESS,SUB811_LOOKUP_ADW_CODE_NIAA,LONG_DESC
ESS,TWES Transition Plan,ESS,SUB811_LOOKUP_ADW_CODE_NIAA,LONG_DESC
ESS,TWES CRP,ESS,SUB811_LOOKUP_ADW_CODE_NIAA,LONG_DESC
ESS,IEP Activity,ESS,SUB811_LOOKUP_ADW_CODE_NIAA,STATUS_CD
ESS,IEP Activity Obsolete,ESS,SUB811_LOOKUP_ADW_CODE_NIAA,STATUS_CD
ESS,IEP Activity Obsolete,ESS,SUB811_LOOKUP_ADW_CODE_NIAA,CURRENCY_STRT_DT
ESS,IEP Activity,ESS,SUB811_LOOKUP_ADW_CODE_NIAA,CURRENCY_STRT_DT
ESS,IEP Activity,ESS,SUB811_LOOKUP_ADW_CODE_NIAA,CURRENCY_END_DT
ESS,IEP Activity Obsolete,ESS,SUB811_LOOKUP_ADW_CODE_NIAA,CURRENCY_END_DT
ESS,IEP Activity Obsolete,ESS,SUB811_LOOKUP_ADW_CODE_NIAA,ESS File Processed Date
ESS,IEP Activity,ESS,SUB811_LOOKUP_ADW_CODE_NIAA,ESS File Processed Date
ESS,IEP Activity,ESS,SUB811_LOOKUP_ADW_CODE_NIAA,IsActive
ESS,IEP Activity Obsolete,ESS,SUB811_LOOKUP_ADW_CODE_NIAA,IsActive
FUSION,All Task,FUSION,task,activityid
FUSION,All Task,FUSION,task,description
FUSION,All Task,FUSION,task,pmc_documentlinks
FUSION,All Task,FUSION,task,pmc_lastupdatedbycrm
FUSION,All Task,FUSION,task,pmc_lastupdatedbyfusion
FUSION,All Task,FUSION,task,pmc_otherpurpose
FUSION,All Task,FUSION,task,pmc_othertype
FUSION,All Task,FUSION,task,pmc_purpose
FUSION,All Task,FUSION,task,pmc_purposename
FUSION,All Task,FUSION,task,pmc_type
FUSION,All Task,FUSION,task,pmc_typename
FUSION,All Task,FUSION,task,prioritycodename
FUSION,All Task,FUSION,task,regardingobjectid
FUSION,All Task,FUSION,task,regardingobjectidname
FUSION,All Task,FUSION,task,regardingobjecttypecode
FUSION,All Task,FUSION,task,scheduleddurationminutes
FUSION,All Task,FUSION,task,scheduledend
FUSION,All Task,FUSION,task,scheduledstart
FUSION,All Task,FUSION,task,subject
FUSION,All Task,FUSION,task,owneridname
FUSION,All Task,FUSION,task,owneridtype
FUSION,All Task,FUSION,task,statecodename
FUSION,All Task,FUSION,task,statuscodename
GPS,Grant Application,GPS,Dim_Application,%Dim_Application_Key
GPS,Grant Application Assessment Score,GPS,Dim_Application,%Dim_Application_Key
GPS,Grant Application Service Provided,GPS,Dim_Application,%Dim_Application_Key
GPS,Grant Application Assessment Details,GPS,Dim_Application,%Dim_Application_Key
GPS,Grant Application Location,GPS,Dim_Application,%Dim_Application_Key
GPS,Grant Application Service Area,GPS,Dim_Application,%Dim_Application_Key
GPS,Grant Activity,GPS,Dim_Application,%Dim_Application_Key
GPS,Grant Application Status,GPS,Dim_Application,%Dim_Application_Key
GPS,Grant Application Financial,GPS,Dim_Application,%Dim_Application_Key
GPS,Grant Application Note,GPS,Dim_Application,%Dim_Application_Key
GPS,Organisaiton Indigeniety,GPS,Dim_Application,%Dim_Application_Key
GPS,Organisaiton Indigeniety,GPS,Dim_Application,Application Id
GPS,Grant Application Note,GPS,Dim_Application,Application Id
GPS,Grant Application Financial,GPS,Dim_Application,Application Id
GPS,Grant Application Status,GPS,Dim_Application,Application Id
GPS,Grant Activity,GPS,Dim_Application,Application Id
GPS,Grant Application Service Area,GPS,Dim_Application,Application Id
GPS,Grant Application Location,GPS,Dim_Application,Application Id
GPS,Grant Application Assessment Details,GPS,Dim_Application,Application Id
GPS,Grant Application Service Provided,GPS,Dim_Application,Application Id
GPS,Grant Application Assessment Score,GPS,Dim_Application,Application Id
GPS,Grant Application,GPS,Dim_Application,Application Id
GPS,Grant Application,GPS,Dim_Application,Application_Submission_Reference_Number_Text
GPS,Grant Application,GPS,Dim_Application,Funding Round Registration Id
GPS,Grant Application,GPS,Dim_Application,Application Override Managing Office - Activity
GPS,Grant Application,GPS,Dim_Application,Application State
GPS,Grant Application,GPS,Dim_Application,Appraisal Compliant Status
GPS,Grant Application,GPS,Dim_Application,Appraisal Eligible Status
GPS,Grant Application,GPS,Dim_Application,Application Template Override Activity Title
GPS,Grant Application,GPS,Dim_Application,Late Application Status
GPS,Grant Application,GPS,Dim_Application,Application Appraisal QA Review Indicator
GPS,Grant Application,GPS,Dim_Application,Application Appraisal Ranking
GPS,Grant Application,GPS,Dim_Application,Application Received Date
GPS,Organisaiton Indigeniety,GPS,Dim_Application,Application Received Date
GPS,Grant Application,GPS,Dim_Application,Application Override Managing Office - Program Schedule
GPS,Grant Application,GPS,Dim_Application,Application Status
GPS,Grant Application,GPS,Dim_Application,Application Status Change Date
GPS,Grant Application,GPS,Dim_Application,Application Sub Status
GPS,Grant Application,GPS,Dim_Application,Application Submission Type
GPS,Grant Application,GPS,Dim_Application,Application Tax Code
GPS,Grant Application,GPS,Dim_Application,Application Funding Approved By
GPS,Grant Application,GPS,Dim_Application,Application Activity Funding Approved Date
GPS,Grant Application,GPS,Dim_Application,Application Minute Reference Number
GPS,Grant Application,GPS,Dim_Application,Application Override Activity End Date
GPS,Grant Application,GPS,Dim_Application,Application Override Activity Start Date
GPS,Grant Application,GPS,Dim_Application,Application Evaluation Team Name
GPS,Grant Application,GPS,Dim_Application,Application Received Financial Year
GPS,Grant Application,GPS,Dim_Application,Application Long Description Summary of Assessment
GPS,Grant Application,GPS,Dim_Application,Application Goals Summary of Application
IAM,NIAA Staff,IAM,User,IAMUserId
IAM,NIAA Staff,IAM,User,AurionId
IAM,NIAA Staff,IAM,User,Surname
IAM,NIAA Staff,IAM,User,Given_Names
IAM,NIAA Staff,IAM,User,PreferredName
IAM,NIAA Staff,IAM,User,SearchName
IAM,NIAA Staff,IAM,User,Title
IAM,NIAA Staff,IAM,User,Classification
IAM,NIAA Staff,IAM,User,Position_State
IAM,NIAA Staff,IAM,User,Supervisor
IAM,NIAA Staff,IAM,User,SupervisorPosition
IAM,NIAA Staff,IAM,User,Division
IAM,NIAA Staff,IAM,User,Section
IAM,NIAA Staff,IAM,User,Team
IAM,NIAA Staff,IAM,User,Branch
IAM,NIAA Staff,IAM,User,Phones
IAM,NIAA Staff,IAM,User,EmailAddresses
IAM,NIAA Staff,IAM,User,Locations
AIATSIS,AUSTLANG_vw,AIATSIS,AUSTLANG,Id
AIATSIS,AUSTLANG_vw,AIATSIS,AUSTLANG,language_code
AIATSIS,AUSTLANG_vw,AIATSIS,AUSTLANG,language_name
AIATSIS,AUSTLANG_vw,AIATSIS,AUSTLANG,language_synonym
AIATSIS,AUSTLANG_vw,AIATSIS,AUSTLANG,thesaurus_heading_language
AIATSIS,AUSTLANG_vw,AIATSIS,AUSTLANG,thesaurus_heading_people
AIATSIS,AUSTLANG_vw,AIATSIS,AUSTLANG,approximate_latitude_of_language_variety
AIATSIS,AUSTLANG_vw,AIATSIS,AUSTLANG,approximate_longitude_of_language_variety
AIATSIS,AUSTLANG_vw,AIATSIS,AUSTLANG,state_territory
AIATSIS,AUSTLANG_vw,AIATSIS,AUSTLANG,uri
AIATSIS,AUSTLANG_vw,AIATSIS,AUSTLANG,MeshBlockCode2021
FUSION,Questionnaire Section,FUSION,pmc_questionnairesection,pmc_completedbyname
FUSION,Questionnaire Section,FUSION,pmc_questionnairesection,pmc_completedon
FUSION,Questionnaire Section,FUSION,pmc_questionnairesection,pmc_enabledname
FUSION,Questionnaire Section,FUSION,pmc_questionnairesection,pmc_guidancetext
FUSION,Questionnaire Section,FUSION,pmc_questionnairesection,pmc_name
FUSION,Questionnaire Section,FUSION,pmc_questionnairesection,pmc_order
FUSION,Questionnaire Section,FUSION,pmc_questionnairesection,pmc_organisationriskprofileid
FUSION,Questionnaire Section,FUSION,pmc_questionnairesection,pmc_overallriskratingname
FUSION,Questionnaire Section,FUSION,pmc_questionnairesection,pmc_overallrisksandissues
FUSION,Questionnaire Section,FUSION,pmc_questionnairesection,pmc_questionnairesectionid
FUSION,Questionnaire Section,FUSION,pmc_questionnairesection,pmc_recommendedmitigations
FUSION,Questionnaire Section,FUSION,pmc_questionnairesection,pmc_sectiontemplateid
FUSION,Questionnaire Section,FUSION,pmc_questionnairesection,statecodename
FUSION,Questionnaire Section,FUSION,pmc_questionnairesection,statuscodename
Forms,CDP_PPR_Assessment_Response_Summary_Review_History_PPR13,Forms,CDP_PPR_Assessment_Response_Mod_Review_History_View_PPR13,Assessment Object Key
Forms,CDP_PPR_Assessment_Response_Summary_Review_History_PPR13,Forms,CDP_PPR_Assessment_Response_Mod_Review_History_View_PPR13,PPR Measure Key
Forms,CDP_PPR_Assessment_Response_Summary_Review_History_PPR13,Forms,CDP_PPR_Assessment_Response_Mod_Review_History_View_PPR13,CDP Region Code
Forms,CDP_PPR_Assessment_Response_Summary_Review_History_PPR13,Forms,CDP_PPR_Assessment_Response_Mod_Review_History_View_PPR13,Organisation Code
Forms,CDP_PPR_Assessment_Response_Summary_Review_History_PPR13,Forms,CDP_PPR_Assessment_Response_Mod_Review_History_View_PPR13,Response 01 Value
Forms,CDP_PPR_Assessment_Response_Summary_Review_History_PPR13,Forms,CDP_PPR_Assessment_Response_Mod_Review_History_View_PPR13,Response_01
Forms,CDP_PPR_Assessment_Response_Summary_Review_History_PPR13,Forms,CDP_PPR_Assessment_Response_Mod_Review_History_View_PPR13,Response 02 Value
Forms,CDP_PPR_Assessment_Response_Summary_Review_History_PPR13,Forms,CDP_PPR_Assessment_Response_Mod_Review_History_View_PPR13,Response_02
Forms,CDP_PPR_Assessment_Response_Summary_Review_History_PPR13,Forms,CDP_PPR_Assessment_Response_Mod_Review_History_View_PPR13,Response 03 Value
Forms,CDP_PPR_Assessment_Response_Summary_Review_History_PPR13,Forms,CDP_PPR_Assessment_Response_Mod_Review_History_View_PPR13,Response_03
Forms,CDP_PPR_Assessment_Response_Summary_Review_History_PPR13,Forms,CDP_PPR_Assessment_Response_Mod_Review_History_View_PPR13,Response 04 Value
Forms,CDP_PPR_Assessment_Response_Summary_Review_History_PPR13,Forms,CDP_PPR_Assessment_Response_Mod_Review_History_View_PPR13,Response_04
Forms,CDP_PPR_Assessment_Response_Summary_Review_History_PPR13,Forms,CDP_PPR_Assessment_Response_Mod_Review_History_View_PPR13,Required Response 04 Adjustment
Forms,CDP_PPR_Assessment_Response_Summary_Review_History_PPR13,Forms,CDP_PPR_Assessment_Response_Mod_Review_History_View_PPR13,Response 05 Value
Forms,CDP_PPR_Assessment_Response_Summary_Review_History_PPR13,Forms,CDP_PPR_Assessment_Response_Mod_Review_History_View_PPR13,Response_05
Forms,CDP_PPR_Assessment_Response_Summary_Review_History_PPR13,Forms,CDP_PPR_Assessment_Response_Mod_Review_History_View_PPR13,Required Response 05 Adjustment
Forms,CDP_PPR_Assessment_Response_Summary_Review_History_PPR13,Forms,CDP_PPR_Assessment_Response_Mod_Review_History_View_PPR13,Response 06 Value
Forms,CDP_PPR_Assessment_Response_Summary_Review_History_PPR13,Forms,CDP_PPR_Assessment_Response_Mod_Review_History_View_PPR13,Response_06
Forms,CDP_PPR_Assessment_Response_Summary_Review_History_PPR13,Forms,CDP_PPR_Assessment_Response_Mod_Review_History_View_PPR13,Required Response 06 Adjustment
Forms,CDP_PPR_Assessment_Response_Summary_Review_History_PPR13,Forms,CDP_PPR_Assessment_Response_Mod_Review_History_View_PPR13,Response 07 Value
Forms,CDP_PPR_Assessment_Response_Summary_Review_History_PPR13,Forms,CDP_PPR_Assessment_Response_Mod_Review_History_View_PPR13,Response_07
Forms,CDP_PPR_Assessment_Response_Summary_Review_History_PPR13,Forms,CDP_PPR_Assessment_Response_Mod_Review_History_View_PPR13,Required Response 07 Adjustment
Forms,CDP_PPR_Assessment_Response_Summary_Review_History_PPR13,Forms,CDP_PPR_Assessment_Response_Mod_Review_History_View_PPR13,Response 08 Value
Forms,CDP_PPR_Assessment_Response_Summary_Review_History_PPR13,Forms,CDP_PPR_Assessment_Response_Mod_Review_History_View_PPR13,Response_08
Forms,CDP_PPR_Assessment_Response_Summary_Review_History_PPR13,Forms,CDP_PPR_Assessment_Response_Mod_Review_History_View_PPR13,Required Response 08 Adjustment
Forms,CDP_PPR_Assessment_Response_Summary_Review_History_PPR13,Forms,CDP_PPR_Assessment_Response_Mod_Review_History_View_PPR13,Response 09 Value
Forms,CDP_PPR_Assessment_Response_Summary_Review_History_PPR13,Forms,CDP_PPR_Assessment_Response_Mod_Review_History_View_PPR13,Response_09
Forms,CDP_PPR_Assessment_Response_Summary_Review_History_PPR13,Forms,CDP_PPR_Assessment_Response_Mod_Review_History_View_PPR13,Required Response 09 Adjustment
Forms,CDP_PPR_Assessment_Response_Summary_Review_History_PPR13,Forms,CDP_PPR_Assessment_Response_Mod_Review_History_View_PPR13,Response 10 Value
Forms,CDP_PPR_Assessment_Response_Summary_Review_History_PPR13,Forms,CDP_PPR_Assessment_Response_Mod_Review_History_View_PPR13,Response_10
Forms,CDP_PPR_Assessment_Response_Summary_Review_History_PPR13,Forms,CDP_PPR_Assessment_Response_Mod_Review_History_View_PPR13,Response 11 Value
Forms,CDP_PPR_Assessment_Response_Summary_Review_History_PPR13,Forms,CDP_PPR_Assessment_Response_Mod_Review_History_View_PPR13,Response_11
Forms,CDP_PPR_Assessment_Response_Summary_Review_History_PPR13,Forms,CDP_PPR_Assessment_Response_Mod_Review_History_View_PPR13,Required Response 11 Adjustment
Forms,CDP_PPR_Assessment_Response_Summary_Review_History_PPR13,Forms,CDP_PPR_Assessment_Response_Mod_Review_History_View_PPR13,SysStartTime
Forms,CDP_PPR_Assessment_Response_Summary_Review_History_PPR13,Forms,CDP_PPR_Assessment_Response_Mod_Review_History_View_PPR13,SysEndTime
ACARA,VET School Data,ACARA,VETSchoolData,ID
ACARA,VET School Data,ACARA,VETSchoolData,Calendar Year
ACARA,VET School Data,ACARA,VETSchoolData,ACARA_SML_ID
ACARA,VET School Data,ACARA,VETSchoolData,VETiS Category Description
ACARA,VET School Data,ACARA,VETSchoolData,Head Classification Description
ACARA,VET School Data,ACARA,VETSchoolData,Sub Classification Description
ACARA,VET School Data,ACARA,VETSchoolData,Classification Total
ACARA,VET School Data,ACARA,VETSchoolData,Certificate I
ACARA,VET School Data,ACARA,VETSchoolData,Certificate II
ACARA,VET School Data,ACARA,VETSchoolData,Certificate III
ACARA,VET School Data,ACARA,VETSchoolData,Certificate IV
ACARA,VET School Data,ACARA,VETSchoolData,Diploma or Higher
ACARA,VET School Data,ACARA,VETSchoolData,Other Certificate
ACARA,VET School Data,ACARA,VETSchoolData,School-based Apprenticeships and Traineeships
ESS,FUSION IEP Activity,ESS,IEP_SELECTION_STRATEGY,Program Element
ESS,IEP Grant Activity,ESS,IEP_SELECTION_STRATEGY,Program Element
ESS,IEP Grant Activity,ESS,IEP_SELECTION_STRATEGY,Selection Strategy
ESS,FUSION IEP Activity,ESS,IEP_SELECTION_STRATEGY,Selection Strategy
ESS,FUSION IEP Activity,ESS,SUB812_PROVIDER_ADDRESS_NIAA,EXTRACT_DATE
ESS,FUSION IEP Activity,ESS,SUB812_PROVIDER_ADDRESS_NIAA,EFFECTIVE_START_DATE
ESS,FUSION IEP Activity,ESS,SUB812_PROVIDER_ADDRESS_NIAA,EFFECTIVE_END_DATE
ESS,CDP Grant Activity updated,ESS,SUB812_PROVIDER_ADDRESS_NIAA,EFFECTIVE_END_DATE
ESS,CDP Grant Activity updated,ESS,SUB812_PROVIDER_ADDRESS_NIAA,AddressId
ESS,IEP Grant Activity,ESS,SUB812_PROVIDER_ADDRESS_NIAA,AddressId
ESS,FUSION IEP Activity,ESS,SUB812_PROVIDER_ADDRESS_NIAA,AddressId
ESS,IEP Grant Activity Site Location,ESS,SUB812_PROVIDER_ADDRESS_NIAA,AddressId
ESS,CDP Organisation,ESS,SUB812_PROVIDER_ADDRESS_NIAA,AddressId
ESS,CDP Organisation,ESS,SUB812_PROVIDER_ADDRESS_NIAA,AddressLine1
ESS,FUSION IEP Activity,ESS,SUB812_PROVIDER_ADDRESS_NIAA,AddressLine1
ESS,IEP Grant Activity,ESS,SUB812_PROVIDER_ADDRESS_NIAA,AddressLine1
ESS,CDP Grant Activity updated,ESS,SUB812_PROVIDER_ADDRESS_NIAA,AddressLine1
ESS,CDP Grant Activity updated,ESS,SUB812_PROVIDER_ADDRESS_NIAA,AddressLine2
ESS,IEP Grant Activity,ESS,SUB812_PROVIDER_ADDRESS_NIAA,AddressLine2
ESS,FUSION IEP Activity,ESS,SUB812_PROVIDER_ADDRESS_NIAA,AddressLine2
ESS,CDP Organisation,ESS,SUB812_PROVIDER_ADDRESS_NIAA,AddressLine2
ESS,CDP Organisation,ESS,SUB812_PROVIDER_ADDRESS_NIAA,AddressLine3
ESS,FUSION IEP Activity,ESS,SUB812_PROVIDER_ADDRESS_NIAA,AddressLine3
ESS,IEP Grant Activity,ESS,SUB812_PROVIDER_ADDRESS_NIAA,AddressLine3
ESS,CDP Grant Activity updated,ESS,SUB812_PROVIDER_ADDRESS_NIAA,AddressLine3
ESS,CDP Grant Activity updated,ESS,SUB812_PROVIDER_ADDRESS_NIAA,Locality
ESS,IEP Grant Activity,ESS,SUB812_PROVIDER_ADDRESS_NIAA,Locality
ESS,FUSION IEP Activity,ESS,SUB812_PROVIDER_ADDRESS_NIAA,Locality
ESS,CDP Organisation,ESS,SUB812_PROVIDER_ADDRESS_NIAA,Locality
ESS,IEP Grant Activity Site Location,ESS,SUB812_PROVIDER_ADDRESS_NIAA,Locality
ESS,IEP Grant Activity Site Location,ESS,SUB812_PROVIDER_ADDRESS_NIAA,StateCode
ESS,CDP Organisation,ESS,SUB812_PROVIDER_ADDRESS_NIAA,StateCode
ESS,FUSION IEP Activity,ESS,SUB812_PROVIDER_ADDRESS_NIAA,StateCode
ESS,IEP Grant Activity,ESS,SUB812_PROVIDER_ADDRESS_NIAA,StateCode
ESS,CDP Grant Activity updated,ESS,SUB812_PROVIDER_ADDRESS_NIAA,StateCode
ESS,CDP Grant Activity updated,ESS,SUB812_PROVIDER_ADDRESS_NIAA,PostCode
ESS,IEP Grant Activity,ESS,SUB812_PROVIDER_ADDRESS_NIAA,PostCode
ESS,FUSION IEP Activity,ESS,SUB812_PROVIDER_ADDRESS_NIAA,PostCode
ESS,CDP Organisation,ESS,SUB812_PROVIDER_ADDRESS_NIAA,PostCode
ESS,IEP Grant Activity Site Location,ESS,SUB812_PROVIDER_ADDRESS_NIAA,PostCode
ESS,IEP Grant Activity Site Location,ESS,SUB812_PROVIDER_ADDRESS_NIAA,IsActive
ESS,CDP Organisation,ESS,SUB812_PROVIDER_ADDRESS_NIAA,IsActive
ESS,IEP Grant Activity,ESS,SUB812_PROVIDER_ADDRESS_NIAA,IsActive
GPS,Grant Application Assessment Details,GPS,Dim_Application_Appraisal_Assessment_Detail,%Dim_Application_Appraisal_Assessment_Detail_Key
GPS,Grant Application Assessment Details,GPS,Dim_Application_Appraisal_Assessment_Detail,Application Appraisal Assessment Detail Id
GPS,Grant Application Assessment Details,GPS,Dim_Application_Appraisal_Assessment_Detail,Application Appraisals Assessment Guidelines
GPS,Grant Application Assessment Details,GPS,Dim_Application_Appraisal_Assessment_Detail,Application Appraisals Assessment Criteria
GPS,Grant Application Assessment Details,GPS,Dim_Application_Appraisal_Assessment_Detail,Application Appraisals Assessment Detail
GPS,Grant Application Assessment Details,GPS,Dim_Application_Appraisal_Assessment_Detail,Application Appraisals Score
GPS,Grant Application Assessment Details,GPS,Dim_Application_Appraisal_Assessment_Detail,Application Appraisal Assessment Weight Number
GPS,Grant Application Assessment Details,GPS,Dim_Application_Appraisal_Assessment_Detail,Application Appraisals Assessment Order
GPS,Grant Application Assessment Details,GPS,Dim_Application_Appraisal_Assessment_Detail,Application Appraisal Assessment Appraisal
GPS,Grant Application Assessment Details,GPS,Dim_Application_Appraisal_Assessment_Detail,Application Appraisal Assessment Response
GPS,Grant Application Assessment Details,GPS,Dim_Application_Appraisal_Assessment_Detail,Application Appraisals Assessment Justification
CRM,Contacts,CRM,pmc_collectionmethod,pmc_collectionmethodid
CRM,Contacts,CRM,pmc_collectionmethod,pmc_name
CRM,Linking Table,CRM,Engagement,Engagement Id
CRM,Linking Table,CRM,Engagement,Organisation Id
CRM,Linking Table,CRM,Engagement,Organisation Contact Id
CRM,Linking Table,CRM,Engagement,Owner Id
ESS,IWS Application History,ESS,IWS_APPLICATION_HISTORY_STATIC,IWS Application Status History ID
ESS,IWS Application History,ESS,IWS_APPLICATION_HISTORY_STATIC,IWS Application ID
ESS,IWS Application History,ESS,IWS_APPLICATION_HISTORY_STATIC,Application Effective Start Date
ESS,IWS Application History,ESS,IWS_APPLICATION_HISTORY_STATIC,Application Effective End Date
ESS,IWS Application History,ESS,IWS_APPLICATION_HISTORY_STATIC,Application History Status
ESS,IWS Application History,ESS,IWS_APPLICATION_HISTORY_STATIC,Application History Created Date
ESS,IWS Application History,ESS,IWS_APPLICATION_HISTORY_STATIC,Application History Created User
ESS,IWS Application History,ESS,IWS_APPLICATION_HISTORY_STATIC,Application History Sequence Number
ESS,IWS Application History,ESS,IWS_APPLICATION_HISTORY_STATIC,Placement Created
ESS,IWS Application History,ESS,IWS_APPLICATION_HISTORY_STATIC,Application Original Approval
ESS,IWS Application History,ESS,IWS_APPLICATION_HISTORY_STATIC,Number of Iterations per Application
ESS,FUSION IEP Activity,ESS,SUB813_PROVIDER_ADDRESS_MAPPING_NIAA,EXTRACT_DATE
ESS,FUSION IEP Activity,ESS,SUB813_PROVIDER_ADDRESS_MAPPING_NIAA,EFFECTIVE_START_DATE
ESS,FUSION IEP Activity,ESS,SUB813_PROVIDER_ADDRESS_MAPPING_NIAA,EFFECTIVE_END_DATE
ESS,CDP Grant Activity updated,ESS,SUB813_PROVIDER_ADDRESS_MAPPING_NIAA,EFFECTIVE_END_DATE
ESS,CDP Grant Activity updated,ESS,SUB813_PROVIDER_ADDRESS_MAPPING_NIAA,AddressTypeCode
ESS,IEP Grant Activity,ESS,SUB813_PROVIDER_ADDRESS_MAPPING_NIAA,AddressTypeCode
ESS,FUSION IEP Activity,ESS,SUB813_PROVIDER_ADDRESS_MAPPING_NIAA,AddressTypeCode
ESS,CDP Organisation,ESS,SUB813_PROVIDER_ADDRESS_MAPPING_NIAA,AddressTypeCode
ESS,IEP Grant Activity Site Location,ESS,SUB813_PROVIDER_ADDRESS_MAPPING_NIAA,AddressTypeCode
ESS,IEP Grant Activity Site Location,ESS,SUB813_PROVIDER_ADDRESS_MAPPING_NIAA,ProviderId
ESS,CDP Organisation,ESS,SUB813_PROVIDER_ADDRESS_MAPPING_NIAA,ProviderId
ESS,FUSION IEP Activity,ESS,SUB813_PROVIDER_ADDRESS_MAPPING_NIAA,ProviderId
ESS,IEP Grant Activity,ESS,SUB813_PROVIDER_ADDRESS_MAPPING_NIAA,ProviderId
ESS,CDP Grant Activity updated,ESS,SUB813_PROVIDER_ADDRESS_MAPPING_NIAA,ProviderId
ESS,CDP Grant Activity updated,ESS,SUB813_PROVIDER_ADDRESS_MAPPING_NIAA,AddressId
ESS,IEP Grant Activity,ESS,SUB813_PROVIDER_ADDRESS_MAPPING_NIAA,AddressId
ESS,FUSION IEP Activity,ESS,SUB813_PROVIDER_ADDRESS_MAPPING_NIAA,AddressId
ESS,CDP Organisation,ESS,SUB813_PROVIDER_ADDRESS_MAPPING_NIAA,AddressId
ESS,IEP Grant Activity Site Location,ESS,SUB813_PROVIDER_ADDRESS_MAPPING_NIAA,AddressId
ESS,IEP Grant Activity Site Location,ESS,SUB813_PROVIDER_ADDRESS_MAPPING_NIAA,IsActive
ESS,CDP Organisation,ESS,SUB813_PROVIDER_ADDRESS_MAPPING_NIAA,IsActive
ESS,IEP Grant Activity,ESS,SUB813_PROVIDER_ADDRESS_MAPPING_NIAA,IsActive
GPS,Grant Application Assessment Details,GPS,Dim_Application_Appraisal_Assessment_Header,%Dim_Application_Appraisal_Assessment_Header_Key
GPS,Grant Application Assessment Score,GPS,Dim_Application_Appraisal_Assessment_Header,%Dim_Application_Appraisal_Assessment_Header_Key
GPS,Grant Application Assessment Score,GPS,Dim_Application_Appraisal_Assessment_Header,Application Appraisal Assessment Header Id
GPS,Grant Application Assessment Details,GPS,Dim_Application_Appraisal_Assessment_Header,Application Appraisal Assessment Header Id
GPS,Grant Application Assessment Score,GPS,Dim_Application_Appraisal_Assessment_Header,Source_Created_By
GPS,Grant Application Assessment Score,GPS,Dim_Application_Appraisal_Assessment_Header,Application Appraisal Final Indicator
GPS,Grant Application Assessment Score,GPS,Dim_Application_Appraisal_Assessment_Header,Application Appraiser
GPS,Grant Application Assessment Details,GPS,Dim_Application_Appraisal_Assessment_Header,Application Appraiser
GPS,Grant Application Assessment Details,GPS,Dim_Application_Appraisal_Assessment_Header,Application Appraisal Header Status
GPS,Grant Application Assessment Score,GPS,Dim_Application_Appraisal_Assessment_Header,Application Appraisal Header Status
GPS,Grant Application Assessment Score,GPS,Dim_Application_Appraisal_Assessment_Header,Application Appraisal Assessment Type
GPS,Grant Application Assessment Score,GPS,Dim_Application_Appraisal_Assessment_Header,Application Appraisal Final Score
GPS,Grant Application Assessment Score,GPS,Dim_Application_Appraisal_Assessment_Header,Maximum Score
FUSION,Questionnaire Template,FUSION,pmc_questionnairetemplate,pmc_description
FUSION,Questionnaire Template,FUSION,pmc_questionnairetemplate,pmc_name
FUSION,Questionnaire Template,FUSION,pmc_questionnairetemplate,pmc_questionnairetemplateid
FUSION,Questionnaire Template,FUSION,pmc_questionnairetemplate,statecodename
FUSION,Questionnaire Template,FUSION,pmc_questionnairetemplate,statuscodename
ESS,IWS Application,ESS,IWS_APPLICATION_STATIC,IWS Application ID
ESS,IWS Application,ESS,IWS_APPLICATION_STATIC,IEP Program Element
ESS,IWS Application,ESS,IWS_APPLICATION_STATIC,IEP Provider ID
ESS,IWS Application,ESS,IWS_APPLICATION_STATIC,IEP Job Seeker ID
ESS,IWS Application,ESS,IWS_APPLICATION_STATIC,IEP Activity ID
ESS,IWS Application,ESS,IWS_APPLICATION_STATIC,IEP Activity Referral Key
ESS,IWS Application,ESS,IWS_APPLICATION_STATIC,Provider Bank Account ID
ESS,IWS Application,ESS,IWS_APPLICATION_STATIC,Unsubsidised Employees
ESS,IWS Application,ESS,IWS_APPLICATION_STATIC,Application Received Date
ESS,IWS Application,ESS,IWS_APPLICATION_STATIC,Job Start Date
ESS,IWS Application,ESS,IWS_APPLICATION_STATIC,Job End Date
ESS,IWS Application,ESS,IWS_APPLICATION_STATIC,Workplace Contact Name
ESS,IWS Application,ESS,IWS_APPLICATION_STATIC,Workplace Contact Position
ESS,IWS Application,ESS,IWS_APPLICATION_STATIC,Workplace Contact Phone
ESS,IWS Application,ESS,IWS_APPLICATION_STATIC,Workplace Contact Mobile
ESS,IWS Application,ESS,IWS_APPLICATION_STATIC,Workplace Contact Fax
ESS,IWS Application,ESS,IWS_APPLICATION_STATIC,Workplace Contact Email
ESS,IWS Application,ESS,IWS_APPLICATION_STATIC,Workplace Address
ESS,IWS Application,ESS,IWS_APPLICATION_STATIC,Workplace Suburb
ESS,IWS Application,ESS,IWS_APPLICATION_STATIC,Workplace State
ESS,IWS Application,ESS,IWS_APPLICATION_STATIC,Workplace Postcode
ESS,IWS Application,ESS,IWS_APPLICATION_STATIC,Late Reason
ESS,IWS Application,ESS,IWS_APPLICATION_STATIC,Gross Weekly Wage
ESS,IWS Application,ESS,IWS_APPLICATION_STATIC,Referred By
ESS,IWS Application,ESS,IWS_APPLICATION_STATIC,Weeks Unpaid Leave
ESS,IWS Application,ESS,IWS_APPLICATION_STATIC,Unpaid Leave Reason
ESS,IWS Application,ESS,IWS_APPLICATION_STATIC,Application Creation Date
ESS,IWS Application,ESS,IWS_APPLICATION_STATIC,Application Created User
ESS,IWS Application,ESS,IWS_APPLICATION_STATIC,Application Update User
ESS,IWS Application,ESS,IWS_APPLICATION_STATIC,Application Update Date
ESS,IWS Application,ESS,IWS_APPLICATION_STATIC,Supervising Site Code
ESS,IWS Application,ESS,IWS_APPLICATION_STATIC,Supervising Site
ESS,IWS Application,ESS,IWS_APPLICATION_STATIC,Job Type
ESS,IWS Application,ESS,IWS_APPLICATION_STATIC,Job Hours
ESS,IWS Application,ESS,IWS_APPLICATION_STATIC,Payment Preference
ESS,IWS Application,ESS,IWS_APPLICATION_STATIC,Application Status Code
ESS,IWS Application,ESS,IWS_APPLICATION_STATIC,Application Status
ESS,IWS Application,ESS,IWS_APPLICATION_STATIC,Occupation Code
ESS,IWS Application,ESS,IWS_APPLICATION_STATIC,Occupation
ESS,IWS Application,ESS,IWS_APPLICATION_STATIC,Application Original Approved Date
ESS,IWS Application,ESS,IWS_APPLICATION_STATIC,Application Original Approved Year
ESS,IWS Application,ESS,IWS_APPLICATION_STATIC,Placement Creation Month
ESS,IWS Application,ESS,IWS_APPLICATION_STATIC,Placement Creation Yearname
ESS,IWS Application,ESS,IWS_APPLICATION_STATIC,Placement Creation 1-Jul-13 to 17-Sep-13 Flag
ESS,IWS Application,ESS,IWS_APPLICATION_STATIC,Placement Creation 18-Sep-13 to 30-Jun-14 Flag
ESS,IWS Application,ESS,IWS_APPLICATION_STATIC,Placement Creation 18-Sep-13 to Extract Date Flag
ESS,IWS Application,ESS,IWS_APPLICATION_STATIC,Placement Creation 1-Jul-14 to Extract Date Flag
CRM,Communication Protocol,CRM,pmc_communicationprotocol,pmc_communicationprotocolid
CRM,Communication Protocol,CRM,pmc_communicationprotocol,pmc_communicationinformation
CRM,Communication Protocol,CRM,pmc_communicationprotocol,pmc_documentlinks
CRM,Communication Protocol,CRM,pmc_communicationprotocol,pmc_enddate
CRM,Communication Protocol,CRM,pmc_communicationprotocol,pmc_name
CRM,Communication Protocol,CRM,pmc_communicationprotocol,pmc_startdate
CRM,Communication Protocol,CRM,pmc_communicationprotocol,ownerid
ESS,CDP Grant Estimated Expenditure FY,ESS,Master_Calendar,Date
ESS,CDP Grant Estimated Expenditure FY,ESS,Master_Calendar,FinancialYear
ESS,IEP Grant Estimated Expenditure FY Backup 20231102,ESS,Master_Calendar,FinancialYear
ESS,IEP Grant Estimated Expenditure FY,ESS,Master_Calendar,FinancialYear
ESS,IEP Grant Estimated Expenditure FY Backup 20231121,ESS,Master_Calendar,FinancialYear
FUSION,Grant Activity Indicative Risk,ARA,Risk Consequence,Annualised Value From
FUSION,Grant Activity Indicative Risk,ARA,Risk Consequence,Annualised Value To
FUSION,Grant Activity Indicative Risk,ARA,Risk Consequence,Nature Of Activity
FUSION,Grant Activity Indicative Risk,ARA,Risk Consequence,Risk Consequence
GeoASGS,POA 2021 AUST WKT,GeoASGS,ADD_2021_AUST_GDA2020_Simplified,qgs_fid
GeoASGS,ADD 2021 AUST WKT,GeoASGS,ADD_2021_AUST_GDA2020_Simplified,qgs_fid
GeoASGS,ADD 2021 AUST,GeoASGS,ADD_2021_AUST_GDA2020_Simplified,qgs_fid
GeoASGS,ADD 2021 AUST WKT,GeoASGS,ADD_2021_AUST_GDA2020_Simplified,geom
GeoASGS,POA 2021 AUST WKT,GeoASGS,ADD_2021_AUST_GDA2020_Simplified,geom
GeoASGS,ADD 2021 AUST,GeoASGS,ADD_2021_AUST_GDA2020_Simplified,ADD_CODE_2021
GeoASGS,ADD 2021 AUST,GeoASGS,ADD_2021_AUST_GDA2020_Simplified,ADD_NAME_2021
GeoASGS,ADD 2021 AUST,GeoASGS,ADD_2021_AUST_GDA2020_Simplified,AUS_CODE_2021
GeoASGS,ADD 2021 AUST,GeoASGS,ADD_2021_AUST_GDA2020_Simplified,AUS_NAME_2021
GeoASGS,ADD 2021 AUST,GeoASGS,ADD_2021_AUST_GDA2020_Simplified,AREA_ALBERS_SQKM
GeoASGS,ADD 2021 AUST,GeoASGS,ADD_2021_AUST_GDA2020_Simplified,ASGS_LOCI_URI_2021
FUSION,Questionnaire Question Template,FUSION,pmc_questiontemplate,pmc_enabledname
FUSION,Questionnaire Question Template,FUSION,pmc_questiontemplate,pmc_guidancetext
FUSION,Questionnaire Question Template,FUSION,pmc_questiontemplate,pmc_name
FUSION,Questionnaire Question Template,FUSION,pmc_questiontemplate,pmc_order
FUSION,Questionnaire Question Template,FUSION,pmc_questiontemplate,pmc_questiontemplateid
FUSION,Questionnaire Question Template,FUSION,pmc_questiontemplate,pmc_questiontext
FUSION,Questionnaire Question Template,FUSION,pmc_questiontemplate,pmc_sectiontemplateid
FUSION,Questionnaire Question Template,FUSION,pmc_questiontemplate,statecodename
FUSION,Questionnaire Question Template,FUSION,pmc_questiontemplate,statuscodename
FUSION,Empowered Community Process - Empowered Community,FUSION,Empowered Community,Empowered Community Id
FUSION,Ceasing Activity Assessment Note,FUSION,Annotation,annotationid
FUSION,Ceasing Activity Assessment Note,FUSION,Annotation,objectid
FUSION,Ceasing Activity Assessment Note,FUSION,Annotation,filename
FUSION,Ceasing Activity Assessment Note,FUSION,Annotation,filesize
FUSION,Ceasing Activity Assessment Note,FUSION,Annotation,mimetype
FUSION,Ceasing Activity Assessment Note,FUSION,Annotation,notetext
FUSION,Ceasing Activity Assessment Note,FUSION,Annotation,objecttypecode
FUSION,Ceasing Activity Assessment Note,FUSION,Annotation,objecttypecodename
FUSION,Ceasing Activity Assessment Note,FUSION,Annotation,subject
CRM,Linking Table,CRM,Interaction,Interaction Id
CRM,Linking Table,CRM,Interaction,User Id
CRM,Linking Table,CRM,Interaction,Owner Id
CRM,Linking Table,CRM,Interaction,Engagement Id
ESS,FUSION CDP Location,ESS,SUB815_PROVIDER_PRE_ESSWEB_NIAA,EXTRACT_DATE
ESS,FUSION CDP Activity,ESS,SUB815_PROVIDER_PRE_ESSWEB_NIAA,EXTRACT_DATE
ESS,FUSION CDP Activity,ESS,SUB815_PROVIDER_PRE_ESSWEB_NIAA,EFFECTIVE_START_DATE
ESS,FUSION CDP Location,ESS,SUB815_PROVIDER_PRE_ESSWEB_NIAA,EFFECTIVE_START_DATE
ESS,FUSION CDP Location,ESS,SUB815_PROVIDER_PRE_ESSWEB_NIAA,EFFECTIVE_END_DATE
ESS,FUSION CDP Activity,ESS,SUB815_PROVIDER_PRE_ESSWEB_NIAA,EFFECTIVE_END_DATE
ESS,FUSION CDP Activity,ESS,SUB815_PROVIDER_PRE_ESSWEB_NIAA,FIRST_ADDR_LINE
ESS,CDP Grant Activity,ESS,SUB815_PROVIDER_PRE_ESSWEB_NIAA,FIRST_ADDR_LINE
ESS,CDP Grant Activity,ESS,SUB815_PROVIDER_PRE_ESSWEB_NIAA,SECOND_ADDR_LINE
ESS,FUSION CDP Activity,ESS,SUB815_PROVIDER_PRE_ESSWEB_NIAA,SECOND_ADDR_LINE
ESS,FUSION CDP Activity,ESS,SUB815_PROVIDER_PRE_ESSWEB_NIAA,THIRD_ADDR_LINE
ESS,CDP Grant Activity,ESS,SUB815_PROVIDER_PRE_ESSWEB_NIAA,THIRD_ADDR_LINE
ESS,CDP Grant Activity,ESS,SUB815_PROVIDER_PRE_ESSWEB_NIAA,LOCALITY_NAME
ESS,FUSION CDP Activity,ESS,SUB815_PROVIDER_PRE_ESSWEB_NIAA,LOCALITY_NAME
ESS,FUSION CDP Activity,ESS,SUB815_PROVIDER_PRE_ESSWEB_NIAA,STT_STATE_CODE
ESS,CDP Grant Activity,ESS,SUB815_PROVIDER_PRE_ESSWEB_NIAA,STT_STATE_CODE
ESS,CDP Grant Activity,ESS,SUB815_PROVIDER_PRE_ESSWEB_NIAA,PCC_POSTCODE
ESS,FUSION CDP Activity,ESS,SUB815_PROVIDER_PRE_ESSWEB_NIAA,PCC_POSTCODE
ESS,FUSION CDP Activity,ESS,SUB815_PROVIDER_PRE_ESSWEB_NIAA,ACN
ESS,FUSION CDP Location,ESS,SUB815_PROVIDER_PRE_ESSWEB_NIAA,ACN
ESS,CDP Grant Activity,ESS,SUB815_PROVIDER_PRE_ESSWEB_NIAA,ACN
ESS,CDP Grant Activity,ESS,SUB815_PROVIDER_PRE_ESSWEB_NIAA,CONTACT_EMAIL_ADDR
ESS,FUSION CDP Activity,ESS,SUB815_PROVIDER_PRE_ESSWEB_NIAA,CONTACT_EMAIL_ADDR
ESS,FUSION CDP Activity,ESS,SUB815_PROVIDER_PRE_ESSWEB_NIAA,CONTACT_PHONE_NUMB
ESS,CDP Grant Activity,ESS,SUB815_PROVIDER_PRE_ESSWEB_NIAA,CONTACT_PHONE_NUMB
ESS,CDP Grant Activity,ESS,SUB815_PROVIDER_PRE_ESSWEB_NIAA,ORG_ORGNISATION_CD
ESS,FUSION CDP Activity,ESS,SUB815_PROVIDER_PRE_ESSWEB_NIAA,ORG_ORGNISATION_CD
ESS,FUSION CDP Location,ESS,SUB815_PROVIDER_PRE_ESSWEB_NIAA,ORG_ORGNISATION_CD
ESS,FUSION CDP Activity,ESS,SUB815_PROVIDER_PRE_ESSWEB_NIAA,POSTAL_ADDRESS_LN1
ESS,CDP Grant Activity,ESS,SUB815_PROVIDER_PRE_ESSWEB_NIAA,POSTAL_ADDRESS_LN1
ESS,CDP Grant Activity,ESS,SUB815_PROVIDER_PRE_ESSWEB_NIAA,POSTAL_ADDRESS_LN2
ESS,FUSION CDP Activity,ESS,SUB815_PROVIDER_PRE_ESSWEB_NIAA,POSTAL_ADDRESS_LN2
ESS,FUSION CDP Activity,ESS,SUB815_PROVIDER_PRE_ESSWEB_NIAA,POSTAL_ADDRESS_LN3
ESS,CDP Grant Activity,ESS,SUB815_PROVIDER_PRE_ESSWEB_NIAA,POSTAL_ADDRESS_LN3
ESS,CDP Grant Activity,ESS,SUB815_PROVIDER_PRE_ESSWEB_NIAA,POSTAL_LOCATION
ESS,FUSION CDP Activity,ESS,SUB815_PROVIDER_PRE_ESSWEB_NIAA,POSTAL_LOCATION
ESS,FUSION CDP Activity,ESS,SUB815_PROVIDER_PRE_ESSWEB_NIAA,STT_POSTAL_STTE_CD
ESS,CDP Grant Activity,ESS,SUB815_PROVIDER_PRE_ESSWEB_NIAA,IsActive
FUSION,Grant Activity Indicative Risk,ARA,Activity Risk Matrix,Risk Likelihood
FUSION,Grant Activity Indicative Risk,ARA,Activity Risk Matrix,Risk Consequence
FUSION,Grant Activity Indicative Risk,ARA,Activity Risk Matrix,Risk Level
CRM,Communication Protocol,CRM,pmc_communicationprotocollink,pmc_communicationprotocol
CRM,Communication Protocol,CRM,pmc_communicationprotocollink,pmc_stakeholder
FUSION,Empowered Community Process - Empowered Community,FUSION,Empowered Community Process,Empowered Community Process Id
FUSION,Empowered Community Process - Empowered Community,FUSION,Empowered Community Process,Empowered Communities In Context
FUSION,Empowered Community Process - Empowered Community,FUSION,Empowered Community Process,Lead Empowered Community Id
ESS,IEP Grant Activity Site Location,ESS,IEP_Location_Geocode,Address Hashkey
ESS,FUSION IEP Location,ESS,IEP_Location_Geocode,Address Hashkey
ESS,FUSION IEP Location,ESS,IEP_Location_Geocode,Address Latitude
ESS,IEP Grant Activity Site Location,ESS,IEP_Location_Geocode,Address Latitude
ESS,IEP Grant Activity Site Location,ESS,IEP_Location_Geocode,Address Longitude
ESS,FUSION IEP Location,ESS,IEP_Location_Geocode,Address Longitude
ESS,FUSION IEP Location,ESS,IEP_Location_Geocode,Mesh Block Code 2016
ESS,IEP Grant Activity Site Location,ESS,IEP_Location_Geocode,Mesh Block Code 2016
ESS,IEP Grant Activity Site Location,ESS,IEP_Location_Geocode,Mesh Block Code 2021
ESS,FUSION IEP Location,ESS,IEP_Location_Geocode,Mesh Block Code 2021
GPS,Grant Activity Location,GPS,GPS Location,Activity Location Id
GPS,Grant Activity Location,GPS,GPS Location,Location Financial Attribution Ex GST
IPP,Contract Date Range,IPP,Reporting PIT Fact,Start Date
ESS,FUSION CDP Location,ESS,SUB816_PROVIDER_NIAA,EXTRACT_DATE
ESS,FUSION CDP Activity,ESS,SUB816_PROVIDER_NIAA,EXTRACT_DATE
ESS,IEP Grant Estimated Expenditure FY Backup 20231102,ESS,SUB816_PROVIDER_NIAA,EXTRACT_DATE
ESS,FUSION IEP Activity,ESS,SUB816_PROVIDER_NIAA,EXTRACT_DATE
ESS,FUSION IEP Activity Expenditure,ESS,SUB816_PROVIDER_NIAA,EXTRACT_DATE
ESS,IEP Grant Estimated Expenditure FY Backup 20231121,ESS,SUB816_PROVIDER_NIAA,EXTRACT_DATE
ESS,IEP Grant Estimated Expenditure FY,ESS,SUB816_PROVIDER_NIAA,EXTRACT_DATE
ESS,IEP Grant Estimated Expenditure FY,ESS,SUB816_PROVIDER_NIAA,EFFECTIVE_START_DATE
ESS,IEP Grant Estimated Expenditure FY Backup 20231121,ESS,SUB816_PROVIDER_NIAA,EFFECTIVE_START_DATE
ESS,FUSION IEP Activity Expenditure,ESS,SUB816_PROVIDER_NIAA,EFFECTIVE_START_DATE
ESS,FUSION IEP Activity,ESS,SUB816_PROVIDER_NIAA,EFFECTIVE_START_DATE
ESS,IEP Grant Estimated Expenditure FY Backup 20231102,ESS,SUB816_PROVIDER_NIAA,EFFECTIVE_START_DATE
ESS,FUSION CDP Activity,ESS,SUB816_PROVIDER_NIAA,EFFECTIVE_START_DATE
ESS,FUSION CDP Location,ESS,SUB816_PROVIDER_NIAA,EFFECTIVE_START_DATE
ESS,FUSION CDP Location,ESS,SUB816_PROVIDER_NIAA,EFFECTIVE_END_DATE
ESS,CDP Grant Activity updated,ESS,SUB816_PROVIDER_NIAA,EFFECTIVE_END_DATE
ESS,FUSION CDP Activity,ESS,SUB816_PROVIDER_NIAA,EFFECTIVE_END_DATE
ESS,IEP Grant Estimated Expenditure FY Backup 20231102,ESS,SUB816_PROVIDER_NIAA,EFFECTIVE_END_DATE
ESS,FUSION IEP Activity,ESS,SUB816_PROVIDER_NIAA,EFFECTIVE_END_DATE
ESS,FUSION IEP Activity Expenditure,ESS,SUB816_PROVIDER_NIAA,EFFECTIVE_END_DATE
ESS,IEP Grant Estimated Expenditure FY Backup 20231121,ESS,SUB816_PROVIDER_NIAA,EFFECTIVE_END_DATE
ESS,IEP Grant Estimated Expenditure FY,ESS,SUB816_PROVIDER_NIAA,EFFECTIVE_END_DATE
ESS,IEP Grant Estimated Expenditure FY,ESS,SUB816_PROVIDER_NIAA,ProviderId
ESS,IEP Grant Estimated Expenditure FY Backup 20231121,ESS,SUB816_PROVIDER_NIAA,ProviderId
ESS,CDP Organisation,ESS,SUB816_PROVIDER_NIAA,ProviderId
ESS,FUSION IEP Activity Expenditure,ESS,SUB816_PROVIDER_NIAA,ProviderId
ESS,FUSION IEP Activity,ESS,SUB816_PROVIDER_NIAA,ProviderId
ESS,IEP Grant Estimated Expenditure FY Backup 20231102,ESS,SUB816_PROVIDER_NIAA,ProviderId
ESS,CDP Grant Activity updated,ESS,SUB816_PROVIDER_NIAA,ProviderId
ESS,IEP Grant Activity,ESS,SUB816_PROVIDER_NIAA,ProviderId
ESS,CDP Organisation,ESS,SUB816_PROVIDER_NIAA,ProviderTypeCode
ESS,CDP Organisation,ESS,SUB816_PROVIDER_NIAA,ProviderABN
ESS,IEP Grant Activity,ESS,SUB816_PROVIDER_NIAA,ProviderABN
ESS,CDP Grant Activity,ESS,SUB816_PROVIDER_NIAA,ProviderABN
ESS,CDP Grant Activity updated,ESS,SUB816_PROVIDER_NIAA,ProviderABN
ESS,FUSION CDP Location,ESS,SUB816_PROVIDER_NIAA,ProviderABN
ESS,FUSION CDP Activity,ESS,SUB816_PROVIDER_NIAA,ProviderABN
ESS,FUSION IEP Activity,ESS,SUB816_PROVIDER_NIAA,ProviderABN
ESS,FUSION IEP Activity,ESS,SUB816_PROVIDER_NIAA,LegalName
ESS,FUSION IEP Activity Expenditure,ESS,SUB816_PROVIDER_NIAA,LegalName
ESS,IEP Grant Estimated Expenditure FY Backup 20231102,ESS,SUB816_PROVIDER_NIAA,LegalName
ESS,IEP Grant Activity,ESS,SUB816_PROVIDER_NIAA,LegalName
ESS,CDP Organisation,ESS,SUB816_PROVIDER_NIAA,LegalName
ESS,IEP Grant Estimated Expenditure FY Backup 20231121,ESS,SUB816_PROVIDER_NIAA,LegalName
ESS,IEP Grant Estimated Expenditure FY,ESS,SUB816_PROVIDER_NIAA,LegalName
ESS,CDP Organisation,ESS,SUB816_PROVIDER_NIAA,TradingName
ESS,IEP Grant Activity,ESS,SUB816_PROVIDER_NIAA,TradingName
ESS,FUSION IEP Activity,ESS,SUB816_PROVIDER_NIAA,TradingName
ESS,CDP Organisation,ESS,SUB816_PROVIDER_NIAA,ShortDescription
ESS,CDP Organisation,ESS,SUB816_PROVIDER_NIAA,TrainingOrganisationFlag
ESS,CDP Organisation,ESS,SUB816_PROVIDER_NIAA,ProfitStatusCode
ESS,CDP Organisation,ESS,SUB816_PROVIDER_NIAA,OrganisationCode
ESS,CDP Grant Activity,ESS,SUB816_PROVIDER_NIAA,OrganisationCode
ESS,FUSION CDP Activity,ESS,SUB816_PROVIDER_NIAA,OrganisationCode
ESS,FUSION CDP Location,ESS,SUB816_PROVIDER_NIAA,OrganisationCode
ESS,CDP Grant Activity updated,ESS,SUB816_PROVIDER_NIAA,OrganisationCode
ESS,CDP Organisation,ESS,SUB816_PROVIDER_NIAA,LegalContractingName
ESS,CDP Organisation,ESS,SUB816_PROVIDER_NIAA,IndigenousOrganisationFlag
ESS,CDP Grant Activity updated,ESS,SUB816_PROVIDER_NIAA,ProviderContactPhoneNumber
ESS,CDP Grant Activity updated,ESS,SUB816_PROVIDER_NIAA,ProviderContactEmail
ESS,CDP Grant Activity,ESS,SUB816_PROVIDER_NIAA,IsActive
ESS,IEP Grant Activity,ESS,SUB816_PROVIDER_NIAA,IsActive
ESS,CDP Organisation,ESS,SUB816_PROVIDER_NIAA,IsActive
FUSION,Questionnaire Response Answer Template,FUSION,pmc_responseanswertemplate,pmc_name
FUSION,Questionnaire Response Answer Template,FUSION,pmc_responseanswertemplate,pmc_responseanswertemplateid
FUSION,Questionnaire Response Answer Template,FUSION,pmc_responseanswertemplate,statecodename
FUSION,Questionnaire Response Answer Template,FUSION,pmc_responseanswertemplate,statuscodename
FUSION,Grant Activity Location Attribution,FUSION,Grant Activity Attribution,Grant Activity Location Attribution Id
FUSION,Grant Activity Location Attribution,FUSION,Grant Activity Attribution,Grant Activity Location Id
FUSION,Grant Activity Location Attribution,FUSION,Grant Activity Attribution,Financial Year Id
FUSION,Grant Activity Location Attribution,FUSION,Grant Activity Attribution,Financial Year
FUSION,Grant Activity Location Attribution,FUSION,Grant Activity Attribution,Attribution
FUSION,Grant Activity Location Attribution,FUSION,Grant Activity Attribution,Status
ESS,FUSION IEP Activity,ESS,SUB817_IEP_PROJECT_CONTACT_NIAA,EXTRACT_DATE
ESS,FUSION IEP Activity,ESS,SUB817_IEP_PROJECT_CONTACT_NIAA,EFFECTIVE_START_DATE
ESS,FUSION IEP Activity,ESS,SUB817_IEP_PROJECT_CONTACT_NIAA,EFFECTIVE_END_DATE
ESS,FUSION IEP Activity,ESS,SUB817_IEP_PROJECT_CONTACT_NIAA,ProjectId
ESS,IEP Grant Activity,ESS,SUB817_IEP_PROJECT_CONTACT_NIAA,ProjectId
ESS,IEP Grant Activity,ESS,SUB817_IEP_PROJECT_CONTACT_NIAA,FirstName
ESS,FUSION IEP Activity,ESS,SUB817_IEP_PROJECT_CONTACT_NIAA,FirstName
ESS,FUSION IEP Activity,ESS,SUB817_IEP_PROJECT_CONTACT_NIAA,LastName
ESS,IEP Grant Activity,ESS,SUB817_IEP_PROJECT_CONTACT_NIAA,LastName
ESS,IEP Grant Activity,ESS,SUB817_IEP_PROJECT_CONTACT_NIAA,Phone
ESS,FUSION IEP Activity,ESS,SUB817_IEP_PROJECT_CONTACT_NIAA,Phone
ESS,FUSION IEP Activity,ESS,SUB817_IEP_PROJECT_CONTACT_NIAA,Mobile
ESS,IEP Grant Activity,ESS,SUB817_IEP_PROJECT_CONTACT_NIAA,Mobile
ESS,IEP Grant Activity,ESS,SUB817_IEP_PROJECT_CONTACT_NIAA,Email
ESS,FUSION IEP Activity,ESS,SUB817_IEP_PROJECT_CONTACT_NIAA,Email
ESS,IEP Grant Activity,ESS,SUB817_IEP_PROJECT_CONTACT_NIAA,IsActive
NIAA,Organisation Debt,NIAA,Aged Debts - ABA,General Ledger
NIAA,xOrganisation Debt,NIAA,Aged Debts - ABA,General Ledger
NIAA,xOrganisation Debt,NIAA,Aged Debts - ABA,Account
NIAA,Organisation Debt,NIAA,Aged Debts - ABA,Account
NIAA,Organisation Debt,NIAA,Aged Debts - ABA,Name
NIAA,xOrganisation Debt,NIAA,Aged Debts - ABA,Name
NIAA,xOrganisation Debt,NIAA,Aged Debts - ABA,Cost Code
NIAA,Organisation Debt,NIAA,Aged Debts - ABA,Cost Code
NIAA,Organisation Debt,NIAA,Aged Debts - ABA,Document No.
NIAA,xOrganisation Debt,NIAA,Aged Debts - ABA,Document No.
NIAA,xOrganisation Debt,NIAA,Aged Debts - ABA,Year
NIAA,Organisation Debt,NIAA,Aged Debts - ABA,Year
NIAA,Organisation Debt,NIAA,Aged Debts - ABA,Cost Centre
NIAA,xOrganisation Debt,NIAA,Aged Debts - ABA,Cost Centre
NIAA,xOrganisation Debt,NIAA,Aged Debts - ABA,Std Hier
NIAA,Organisation Debt,NIAA,Aged Debts - ABA,Std Hier
NIAA,Organisation Debt,NIAA,Aged Debts - ABA,Dunn level
NIAA,xOrganisation Debt,NIAA,Aged Debts - ABA,Dunn level
NIAA,xOrganisation Debt,NIAA,Aged Debts - ABA,Block
NIAA,Organisation Debt,NIAA,Aged Debts - ABA,Block
NIAA,Organisation Debt,NIAA,Aged Debts - ABA,Description
NIAA,xOrganisation Debt,NIAA,Aged Debts - ABA,Description
NIAA,xOrganisation Debt,NIAA,Aged Debts - ABA,ABN
NIAA,Organisation Debt,NIAA,Aged Debts - ABA,ABN
NIAA,Organisation Debt,NIAA,Aged Debts - ABA,Type
NIAA,xOrganisation Debt,NIAA,Aged Debts - ABA,Type
NIAA,xOrganisation Debt,NIAA,Aged Debts - ABA,Invoice No.
NIAA,Organisation Debt,NIAA,Aged Debts - ABA,Invoice No.
NIAA,Organisation Debt,NIAA,Aged Debts - ABA,Amount
NIAA,xOrganisation Debt,NIAA,Aged Debts - ABA,Amount
NIAA,xOrganisation Debt,NIAA,Aged Debts - ABA,Dunnng Cnt
NIAA,Organisation Debt,NIAA,Aged Debts - ABA,Dunnng Cnt
NIAA,Organisation Debt,NIAA,Aged Debts - ABA,Bline Date
NIAA,xOrganisation Debt,NIAA,Aged Debts - ABA,Bline Date
NIAA,xOrganisation Debt,NIAA,Aged Debts - ABA,Due on
NIAA,Organisation Debt,NIAA,Aged Debts - ABA,Due on
NIAA,Organisation Debt,NIAA,Aged Debts - ABA,Not Due
NIAA,xOrganisation Debt,NIAA,Aged Debts - ABA,Not Due
NIAA,xOrganisation Debt,NIAA,Aged Debts - ABA,30
NIAA,Organisation Debt,NIAA,Aged Debts - ABA,30
NIAA,Organisation Debt,NIAA,Aged Debts - ABA,31-60
NIAA,xOrganisation Debt,NIAA,Aged Debts - ABA,31-60
NIAA,xOrganisation Debt,NIAA,Aged Debts - ABA,61-90
NIAA,Organisation Debt,NIAA,Aged Debts - ABA,61-90
NIAA,Organisation Debt,NIAA,Aged Debts - ABA,91-120
NIAA,xOrganisation Debt,NIAA,Aged Debts - ABA,91-120
NIAA,xOrganisation Debt,NIAA,Aged Debts - ABA,121
NIAA,Organisation Debt,NIAA,Aged Debts - ABA,121
NIAA,Organisation Debt,NIAA,Aged Debts - ABA,Doubtful
NIAA,xOrganisation Debt,NIAA,Aged Debts - ABA,Doubtful
NIAA,xOrganisation Debt,NIAA,Aged Debts - ABA,LoadDate
NIAA,Organisation Debt,NIAA,Aged Debts - ABA,LoadDate
GPS,Grant Application Financial,GPS,Dim_Application_Financial,%Dim_Application_Financial_Key
GPS,Grant Application Financial,GPS,Dim_Application_Financial,Application Financial Id
FUSION,Empowered Community Process - Empowered Community,dbo,SplitString,val
FUSION,Empowered Community Process - Empowered Community,dbo,SplitString,seq
ESS,Locality,ESS,SUB818_LKP_DIM_SUBURB_GEOCODED_NIAA,EXTRACT_DATE
ESS,Locality,ESS,SUB818_LKP_DIM_SUBURB_GEOCODED_NIAA,LOCALITY_NAME
ESS,Locality,ESS,SUB818_LKP_DIM_SUBURB_GEOCODED_NIAA,STATE
ESS,Locality,ESS,SUB818_LKP_DIM_SUBURB_GEOCODED_NIAA,POST_CODE
ESS,Locality,ESS,SUB818_LKP_DIM_SUBURB_GEOCODED_NIAA,LOC
ESS,Locality,ESS,SUB818_LKP_DIM_SUBURB_GEOCODED_NIAA,latitude
ESS,Locality,ESS,SUB818_LKP_DIM_SUBURB_GEOCODED_NIAA,longitude
NIAA,xOrganisation Debt,NIAA,Aged Debts - NIAA,General Ledger
NIAA,Organisation Debt,NIAA,Aged Debts - NIAA,General Ledger
NIAA,Organisation Debt,NIAA,Aged Debts - NIAA,Account
NIAA,xOrganisation Debt,NIAA,Aged Debts - NIAA,Account
NIAA,xOrganisation Debt,NIAA,Aged Debts - NIAA,Name
NIAA,Organisation Debt,NIAA,Aged Debts - NIAA,Name
NIAA,Organisation Debt,NIAA,Aged Debts - NIAA,Cost Code
NIAA,xOrganisation Debt,NIAA,Aged Debts - NIAA,Cost Code
NIAA,xOrganisation Debt,NIAA,Aged Debts - NIAA,Document No.
NIAA,Organisation Debt,NIAA,Aged Debts - NIAA,Document No.
NIAA,Organisation Debt,NIAA,Aged Debts - NIAA,Year
NIAA,xOrganisation Debt,NIAA,Aged Debts - NIAA,Year
NIAA,xOrganisation Debt,NIAA,Aged Debts - NIAA,Cost Centre
NIAA,Organisation Debt,NIAA,Aged Debts - NIAA,Cost Centre
NIAA,Organisation Debt,NIAA,Aged Debts - NIAA,Std Hier
NIAA,xOrganisation Debt,NIAA,Aged Debts - NIAA,Std Hier
NIAA,xOrganisation Debt,NIAA,Aged Debts - NIAA,Dunn level
NIAA,Organisation Debt,NIAA,Aged Debts - NIAA,Dunn level
NIAA,Organisation Debt,NIAA,Aged Debts - NIAA,Block
NIAA,xOrganisation Debt,NIAA,Aged Debts - NIAA,Block
NIAA,xOrganisation Debt,NIAA,Aged Debts - NIAA,Description
NIAA,Organisation Debt,NIAA,Aged Debts - NIAA,Description
NIAA,Organisation Debt,NIAA,Aged Debts - NIAA,ABN
NIAA,xOrganisation Debt,NIAA,Aged Debts - NIAA,ABN
NIAA,xOrganisation Debt,NIAA,Aged Debts - NIAA,Type
NIAA,Organisation Debt,NIAA,Aged Debts - NIAA,Type
NIAA,Organisation Debt,NIAA,Aged Debts - NIAA,Invoice No.
NIAA,xOrganisation Debt,NIAA,Aged Debts - NIAA,Invoice No.
NIAA,xOrganisation Debt,NIAA,Aged Debts - NIAA,Amount
NIAA,Organisation Debt,NIAA,Aged Debts - NIAA,Amount
NIAA,Organisation Debt,NIAA,Aged Debts - NIAA,Dunnng Cnt
NIAA,xOrganisation Debt,NIAA,Aged Debts - NIAA,Dunnng Cnt
NIAA,xOrganisation Debt,NIAA,Aged Debts - NIAA,Bline Date
NIAA,Organisation Debt,NIAA,Aged Debts - NIAA,Bline Date
NIAA,Organisation Debt,NIAA,Aged Debts - NIAA,Due on
NIAA,xOrganisation Debt,NIAA,Aged Debts - NIAA,Due on
NIAA,xOrganisation Debt,NIAA,Aged Debts - NIAA,Not Due
NIAA,Organisation Debt,NIAA,Aged Debts - NIAA,Not Due
NIAA,Organisation Debt,NIAA,Aged Debts - NIAA,30
NIAA,xOrganisation Debt,NIAA,Aged Debts - NIAA,30
NIAA,xOrganisation Debt,NIAA,Aged Debts - NIAA,31-60
NIAA,Organisation Debt,NIAA,Aged Debts - NIAA,31-60
NIAA,Organisation Debt,NIAA,Aged Debts - NIAA,61-90
NIAA,xOrganisation Debt,NIAA,Aged Debts - NIAA,61-90
NIAA,xOrganisation Debt,NIAA,Aged Debts - NIAA,91-120
NIAA,Organisation Debt,NIAA,Aged Debts - NIAA,91-120
NIAA,Organisation Debt,NIAA,Aged Debts - NIAA,121
NIAA,xOrganisation Debt,NIAA,Aged Debts - NIAA,121
NIAA,xOrganisation Debt,NIAA,Aged Debts - NIAA,Doubtful
NIAA,Organisation Debt,NIAA,Aged Debts - NIAA,Doubtful
NIAA,Organisation Debt,NIAA,Aged Debts - NIAA,LoadDate
NIAA,xOrganisation Debt,NIAA,Aged Debts - NIAA,LoadDate
FUSION,Activity Approval Verification - not linked,FUSION,Activity Approval Verification,Activity Approval Verification Id
FUSION,Activity Linking Table,FUSION,Activity Approval Verification,Activity Approval Verification Id
FUSION,Activity Linking Table,FUSION,Activity Approval Verification,Organisation Id
FUSION,Activity Linking Table,FUSION,Activity Approval Verification,Application Id
FUSION,Activity Approval Verification - not linked,FUSION,Activity Approval Verification,Application Id
GRANTS,Activity Approval,FUSION,Activity Approval Verification,Application Id
GRANTS,Activity Approval,FUSION,Activity Approval Verification,Ceasing Activity Assessment Id
FUSION,Activity Approval Verification - not linked,FUSION,Activity Approval Verification,Ceasing Activity Assessment Id
FUSION,Activity Linking Table,FUSION,Activity Approval Verification,Ceasing Activity Assessment Id
FUSION,Activity Linking Table,FUSION,Activity Approval Verification,Grant Activity Id
FUSION,Activity Approval Verification - not linked,FUSION,Activity Approval Verification,Grant Activity Id
GRANTS,Activity Approval,FUSION,Activity Approval Verification,Grant Activity Id
FUSION,Activity Approval Verification - not linked,FUSION,Activity Approval Verification,AVR Effective Date
FUSION,Activity Linking Table,FUSION,Activity Approval Verification,AVR Effective Date
FUSION,Activity Linking Table,FUSION,Activity Approval Verification,AVR Net Movement
FUSION,Activity Approval Verification - not linked,FUSION,Activity Approval Verification,AVR Net Movement
FUSION,Activity Linking Table,FUSION,Activity Approval Verification,AVR Verification Type
GRANTS,Activity Approval,FUSION,Activity Approval Verification,AVR Verification Type
FUSION,Activity Linking Table,FUSION,Activity Approval Verification,Brief Reference Number For Edit AVR
FUSION,Activity Approval Verification - not linked,FUSION,Activity Approval Verification,Edit AVR Type
FUSION,Activity Approval Verification - not linked,FUSION,Activity Approval Verification,Status
FUSION,Activity Linking Table,FUSION,Activity Approval Verification,Status
FUSION,Activity Linking Table,FUSION,Activity Approval Verification,Funding Decision Id
FUSION,Activity Approval Verification - not linked,FUSION,Activity Approval Verification,Funding Decision Id
GPS,Organisaiton Indigeniety,GPS,Dim_Application_Info_Assessment,%Dim_Application_Info_Assessment_Detail_Key
GPS,Grant Application Location,GPS,Dim_Application_Info_Assessment,%Dim_Application_Info_Assessment_Detail_Key
GPS,Grant Application Location,GPS,Dim_Application_Info_Assessment,Application_Info_Assessment_Detail_Question_Text
GPS,Organisaiton Indigeniety,GPS,Dim_Application_Info_Assessment,Application_Info_Assessment_Detail_Question_Text
GPS,Grant Application Location,GPS,Dim_Application_Info_Assessment,Question_Order_Sequence_Nbr
GPS,Grant Application Location,GPS,Dim_Application_Info_Assessment,Justification_Text
GPS,Organisaiton Indigeniety,GPS,Dim_Application_Info_Assessment,Justification_Text
GeoASGS,AUS 2021 AUST,GeoASGS,AUS_2021_AUST_GDA2020_Simplified,qgs_fid
GeoASGS,AUS 2021 AUST WKT,GeoASGS,AUS_2021_AUST_GDA2020_Simplified,qgs_fid
GeoASGS,AUS 2021 AUST WKT,GeoASGS,AUS_2021_AUST_GDA2020_Simplified,geom
GeoASGS,AUS 2021 AUST,GeoASGS,AUS_2021_AUST_GDA2020_Simplified,AUS_CODE_2021
GeoASGS,AUS 2021 AUST,GeoASGS,AUS_2021_AUST_GDA2020_Simplified,AUS_NAME_2021
GeoASGS,AUS 2021 AUST,GeoASGS,AUS_2021_AUST_GDA2020_Simplified,AREA_ALBERS_SQKM
GeoASGS,AUS 2021 AUST,GeoASGS,AUS_2021_AUST_GDA2020_Simplified,ASGS_LOCI_URI_2021
FUSION,Questionnaire Response Template,FUSION,pmc_responsetemplate,pmc_name
FUSION,Questionnaire Response Template,FUSION,pmc_responsetemplate,pmc_order
FUSION,Questionnaire Response Template,FUSION,pmc_responsetemplate,pmc_questiontemplateid
FUSION,Questionnaire Response Template,FUSION,pmc_responsetemplate,pmc_requiredresponsename
FUSION,Questionnaire Response Template,FUSION,pmc_responsetemplate,pmc_responsetemplateid
FUSION,Questionnaire Response Template,FUSION,pmc_responsetemplate,pmc_responsetypename
FUSION,Questionnaire Response Template,FUSION,pmc_responsetemplate,statecodename
FUSION,Questionnaire Response Template,FUSION,pmc_responsetemplate,statuscodename
FUSION,Activity Approval Verification,FUSION,pmc_activityapprovalverification,pmc_activityapprovalverificationid
FUSION,Activity Approval Verification,FUSION,pmc_activityapprovalverification,pmc_additionalinformationforeditavr
FUSION,Activity Approval Verification,FUSION,pmc_activityapprovalverification,pmc_applicationid
FUSION,Activity Linking Table,FUSION,pmc_activityapprovalverification,pmc_applicationid
FUSION,Activity Linking Table,FUSION,pmc_activityapprovalverification,pmc_avreffectivedate
FUSION,Activity Approval Verification,FUSION,pmc_activityapprovalverification,pmc_avreffectivedate
FUSION,Activity Approval Verification,FUSION,pmc_activityapprovalverification,pmc_avrreason
FUSION,Activity Approval Verification,FUSION,pmc_activityapprovalverification,pmc_avrverificationtypename
FUSION,Activity Approval Verification,FUSION,pmc_activityapprovalverification,pmc_briefreferencenumberforeditavr
FUSION,Activity Linking Table,FUSION,pmc_activityapprovalverification,pmc_briefreferencenumberforeditavr
FUSION,Activity Linking Table,FUSION,pmc_activityapprovalverification,pmc_ceasingactivityassessmentid
FUSION,Activity Approval Verification,FUSION,pmc_activityapprovalverification,pmc_ceasingactivityassessmentid
FUSION,Activity Approval Verification,FUSION,pmc_activityapprovalverification,pmc_delegateapprovedamountexgst
FUSION,Activity Approval Verification,FUSION,pmc_activityapprovalverification,pmc_delegateapprovedamountforeditavr
FUSION,Activity Approval Verification,FUSION,pmc_activityapprovalverification,pmc_delegatebriefdate
FUSION,Activity Approval Verification,FUSION,pmc_activityapprovalverification,pmc_delegatebriefdateforeditavr
FUSION,Activity Approval Verification,FUSION,pmc_activityapprovalverification,pmc_delegatebriefnumber
FUSION,Activity Approval Verification,FUSION,pmc_activityapprovalverification,pmc_delegatebriefreference
FUSION,Activity Approval Verification,FUSION,pmc_activityapprovalverification,pmc_delegatepositionidname
FUSION,Activity Approval Verification,FUSION,pmc_activityapprovalverification,pmc_editavrtypename
FUSION,Activity Linking Table,FUSION,pmc_activityapprovalverification,pmc_editavrtypename
FUSION,Activity Approval Verification,FUSION,pmc_activityapprovalverification,pmc_grantactivityfundingexgst
FUSION,Activity Approval Verification,FUSION,pmc_activityapprovalverification,pmc_grantactivityid
FUSION,Activity Linking Table,FUSION,pmc_activityapprovalverification,pmc_grantactivityid
FUSION,Activity Approval Verification,FUSION,pmc_activityapprovalverification,pmc_grantroundid
FUSION,Activity Approval Verification,FUSION,pmc_activityapprovalverification,pmc_markascompletename
FUSION,Activity Approval Verification,FUSION,pmc_activityapprovalverification,pmc_name
FUSION,Activity Approval Verification,FUSION,pmc_activityapprovalverification,pmc_notrequiredsupportingtext
FUSION,Activity Approval Verification,FUSION,pmc_activityapprovalverification,pmc_selectapplicationforeditavrname
FUSION,Activity Approval Verification,FUSION,pmc_activityapprovalverification,pmc_selectcaaforeditavrname
FUSION,Activity Approval Verification,FUSION,pmc_activityapprovalverification,pmc_selectdelegatepositionforeditavrname
FUSION,Activity Approval Verification,FUSION,pmc_activityapprovalverification,pmc_selectgrantroundforeditavrname
FUSION,Activity Approval Verification,FUSION,pmc_activityapprovalverification,pmc_supportinginformationforeditavr
FUSION,Activity Approval Verification,FUSION,pmc_activityapprovalverification,pmc_verificationsummary
FUSION,Activity Approval Verification,FUSION,pmc_activityapprovalverification,statecodename
FUSION,Activity Approval Verification,FUSION,pmc_activityapprovalverification,statuscodename
FUSION,Activity Linking Table,FUSION,pmc_activityapprovalverification,statuscodename
FUSION,Activity Approval Verification,FUSION,pmc_activityapprovalverification,pmc_fundingdecisionid
FUSION,Activity Approval Verification,FUSION,pmc_activityapprovalverification,pmc_fundingdecisionidname
FUSION,Activity Approval Verification,FUSION,pmc_activityapprovalverification,pmc_netchange
FUSION,Activity Approval Verification,FUSION,pmc_activityapprovalverification,pmc_changefromamount
FUSION,Activity Approval Verification,FUSION,pmc_activityapprovalverification,pmc_changefromdate
FUSION,Activity Approval Verification,FUSION,pmc_activityapprovalverification,pmc_changetoamount
FUSION,Activity Approval Verification,FUSION,pmc_activityapprovalverification,pmc_changetodate
FUSION,Activity Approval Verification,FUSION,pmc_activityapprovalverification,pmc_executionstatewhenavrwascreated
FUSION,Activity Approval Verification,FUSION,pmc_activityapprovalverification,pmc_sourceactivitystatuswhenavrwascreated
ESS,CDP Job Seeker,ESS,SUB819_CDP_ACTIVITY_REFERRAL_NIAA,EXTRACT_DATE
ESS,CDP Activity Referral Placement,ESS,SUB819_CDP_ACTIVITY_REFERRAL_NIAA,EXTRACT_DATE
ESS,CDP Activity Referral Placement,ESS,SUB819_CDP_ACTIVITY_REFERRAL_NIAA,EFFECTIVE_START_DATE
ESS,CDP Activity Referral Placement,ESS,SUB819_CDP_ACTIVITY_REFERRAL_NIAA,EFFECTIVE_END_DATE
ESS,CDP Activity Referral Placement,ESS,SUB819_CDP_ACTIVITY_REFERRAL_NIAA,ActivityReferralId
ESS,CDP Activity Attendance,ESS,SUB819_CDP_ACTIVITY_REFERRAL_NIAA,ActivityReferralId
ESS,CDP Activity Referral Placement,ESS,SUB819_CDP_ACTIVITY_REFERRAL_NIAA,ActivityReferralPlacementId
ESS,CDP Activity Referral Placement,ESS,SUB819_CDP_ACTIVITY_REFERRAL_NIAA,ActivityId
ESS,CDP Job Seeker,ESS,SUB819_CDP_ACTIVITY_REFERRAL_NIAA,ActivityId
ESS,CDP Activity Referral Placement,ESS,SUB819_CDP_ACTIVITY_REFERRAL_NIAA,ContractReferralId
ESS,CDP Activity Attendance,ESS,SUB819_CDP_ACTIVITY_REFERRAL_NIAA,ContractReferralId
ESS,CDP Activity Referral Placement,ESS,SUB819_CDP_ACTIVITY_REFERRAL_NIAA,LocationId
ESS,CDP Activity Referral Placement,ESS,SUB819_CDP_ACTIVITY_REFERRAL_NIAA,ActivityReferralSequenceNumber
ESS,CDP Activity Attendance,ESS,SUB819_CDP_ACTIVITY_REFERRAL_NIAA,ProgramCategoryCode
ESS,CDP Activity Referral Placement,ESS,SUB819_CDP_ACTIVITY_REFERRAL_NIAA,SiteCode
ESS,CDP Activity Referral Placement,ESS,SUB819_CDP_ACTIVITY_REFERRAL_NIAA,ExpectedStartDate
ESS,CDP Activity Referral Placement,ESS,SUB819_CDP_ACTIVITY_REFERRAL_NIAA,StatusCode
ESS,CDP Job Seeker,ESS,SUB819_CDP_ACTIVITY_REFERRAL_NIAA,StatusCode
ESS,CDP Activity Attendance,ESS,SUB819_CDP_ACTIVITY_REFERRAL_NIAA,StatusCode
ESS,CDP Activity Referral Placement,ESS,SUB819_CDP_ACTIVITY_REFERRAL_NIAA,StartDate
ESS,CDP Activity Referral Placement,ESS,SUB819_CDP_ACTIVITY_REFERRAL_NIAA,ExpectedEndDate
ESS,CDP Job Seeker,ESS,SUB819_CDP_ACTIVITY_REFERRAL_NIAA,ExpectedEndDate
ESS,CDP Job Seeker,ESS,SUB819_CDP_ACTIVITY_REFERRAL_NIAA,JobSeekerId
ESS,CDP Activity Referral Placement,ESS,SUB819_CDP_ACTIVITY_REFERRAL_NIAA,JobSeekerId
ESS,CDP Activity Referral Placement,ESS,SUB819_CDP_ACTIVITY_REFERRAL_NIAA,OrganisationCode
ESS,CDP Activity Referral Placement,ESS,SUB819_CDP_ACTIVITY_REFERRAL_NIAA,EndDate
ESS,CDP Job Seeker,ESS,SUB819_CDP_ACTIVITY_REFERRAL_NIAA,EndDate
ESS,CDP Activity Attendance,ESS,SUB819_CDP_ACTIVITY_REFERRAL_NIAA,EndDate
ESS,CDP Activity Referral Placement,ESS,SUB819_CDP_ACTIVITY_REFERRAL_NIAA,StatusReasonCode
ESS,CDP Activity Referral Placement,ESS,SUB819_CDP_ACTIVITY_REFERRAL_NIAA,ReferralComment
ESS,CDP Activity Referral Placement,ESS,SUB819_CDP_ACTIVITY_REFERRAL_NIAA,PlacementTypeCode
ESS,CDP Job Seeker,ESS,SUB819_CDP_ACTIVITY_REFERRAL_NIAA,PlacementTypeCode
ESS,CDP Job Seeker,ESS,SUB819_CDP_ACTIVITY_REFERRAL_NIAA,IsActive
ESS,CDP Activity Referral Placement,ESS,SUB819_CDP_ACTIVITY_REFERRAL_NIAA,IsActive
ESS,CDP Activity Attendance,ESS,SUB819_CDP_ACTIVITY_REFERRAL_NIAA,IsActive
AURION,Staff,AURION,code,Code_Type
AURION,Equity and Diversity,AURION,code,Code_Type
AURION,Office Locations,AURION,code,Code_Type
AURION,Office Locations,AURION,code,Code
AURION,Equity and Diversity,AURION,code,Code
AURION,Staff,AURION,code,Code
AURION,Staff,AURION,code,Long_Description
AURION,Equity and Diversity,AURION,code,Long_Description
AURION,Office Locations,AURION,code,Long_Description
AURION,Staff,AURION,code,Code_Group
AURION,Staff,AURION,code,Record_Status
AURION,Office Locations,AURION,code,Record_Status
AURION,Staff,AURION,code,Code_Group_Number
FUSION,Activity Approval Verification - not linked,FUSION,Ceasing Activity Assessment,Ceasing Activity Assessment Id
FUSION,Activity Linking Table,FUSION,Ceasing Activity Assessment,Ceasing Activity Assessment Id
FUSION,Activity Linking Table,FUSION,Ceasing Activity Assessment,Grant Activity Id
FUSION,Activity Approval Verification - not linked,FUSION,Ceasing Activity Assessment,Grant Activity Id
FUSION,Activity Approval Verification - not linked,FUSION,Ceasing Activity Assessment,Approved Action
FUSION,Activity Approval Verification - not linked,FUSION,Ceasing Activity Assessment,Current Activity End Date
FUSION,Activity Approval Verification - not linked,FUSION,Ceasing Activity Assessment,Proposed Additional Funding
FUSION,Activity Approval Verification - not linked,FUSION,Ceasing Activity Assessment,Proposed Organisation Id
FUSION,Activity Linking Table,FUSION,Ceasing Activity Assessment,pmc_ceasingactivityid
GPS,Grant Application Note,GPS,Dim_Application_Note,%Dim_Application_Note_Key
GPS,Grant Application Note,GPS,Dim_Application_Note,Application Note Id
GPS,Grant Application Note,GPS,Dim_Application_Note,Application Note Source Created Date
GPS,Grant Application Note,GPS,Dim_Application_Note,Application Note Source Created By
GPS,Grant Application Note,GPS,Dim_Application_Note,Source_Last_Updated_Date
GPS,Grant Application Note,GPS,Dim_Application_Note,Application Note Type Desc
GPS,Grant Application Note,GPS,Dim_Application_Note,Application Note Text
CRM,Engagement,CRM,pmc_engagement,pmc_engagementid
CRM,Engagement Metatag,CRM,pmc_engagement,pmc_engagementid
CRM,Engagement,CRM,pmc_engagement,pmc_actionrequired
CRM,Engagement,CRM,pmc_engagement,pmc_activitycount
CRM,Engagement,CRM,pmc_engagement,pmc_agencyregion
CRM,Engagement,CRM,pmc_engagement,pmc_contact
CRM,Engagement,CRM,pmc_engagement,pmc_currentsituation
CRM,Engagement,CRM,pmc_engagement,pmc_duedate
CRM,Engagement,CRM,pmc_engagement,pmc_keytopics
CRM,Engagement,CRM,pmc_engagement,pmc_lastactivitydate
CRM,Engagement,CRM,pmc_engagement,pmc_managingorgcodeid
CRM,Engagement Metatag,CRM,pmc_engagement,pmc_metatags
CRM,Engagement,CRM,pmc_engagement,pmc_name
CRM,Engagement,CRM,pmc_engagement,pmc_organisation
CRM,Engagement,CRM,pmc_engagement,pmc_subregionidname
CRM,Engagement,CRM,pmc_engagement,ownerid
CRM,Engagement,CRM,pmc_engagement,owningbusinessunit
CRM,Engagement,CRM,pmc_engagement,createdon
CRM,Engagement,CRM,pmc_engagement,createdby
CRM,Engagement,CRM,pmc_engagement,modifiedon
CRM,Engagement,CRM,pmc_engagement,statuscodename
Forms_RJED,RJED Application Tracker,Forms_RJED,Application Tracker,Application Tracker Id
Forms_RJED,RJED Application Tracker,Forms_RJED,Application Tracker,Application Id
Forms_RJED,RJED Application Tracker,Forms_RJED,Application Tracker,Application Title
Forms_RJED,RJED Application Tracker,Forms_RJED,Application Tracker,Project Name
Forms_RJED,RJED Application Tracker,Forms_RJED,Application Tracker,Project Description
Forms_RJED,RJED Application Tracker,Forms_RJED,Application Tracker,Applicant Name
Forms_RJED,RJED Application Tracker,Forms_RJED,Application Tracker,Coverage Area List FUSION FD
Forms_RJED,RJED Application Tracker,Forms_RJED,Application Tracker,Coverage Area List Override
Forms_RJED,RJED Application Tracker,Forms_RJED,Application Tracker,Reviewed Jobs
Forms_RJED,RJED Application Tracker,Forms_RJED,Application Tracker,Reviewed Primary Industry
Forms_RJED,RJED Application Tracker,Forms_RJED,Application Tracker,Reviewed Secondary Industry
Forms_RJED,RJED Application Tracker,Forms_RJED,Application Tracker,Reviewed Job Type
Forms_RJED,RJED Application Tracker,Forms_RJED,Application Tracker,Reviewed Job Description
Forms_RJED,RJED Application Tracker,Forms_RJED,Application Tracker,Reviewed Funding Total (Excl GST)
Forms_RJED,RJED Application Tracker,Forms_RJED,Application Tracker,RIA Contact Lead
Forms_RJED,RJED Application Tracker,Forms_RJED,Application Tracker,RIA Recommendation
Forms_RJED,RJED Application Tracker,Forms_RJED,Application Tracker,RIA Recommended Jobs
Forms_RJED,RJED Application Tracker,Forms_RJED,Application Tracker,RIA Funding Recommended (Excl GST)
Forms_RJED,RJED Application Tracker,Forms_RJED,Application Tracker,RIA Job Creation Funding Recommended (Excl GST)
Forms_RJED,RJED Application Tracker,Forms_RJED,Application Tracker,RIA Job CJBF Funding Recommended (Excl GST)
Forms_RJED,RJED Application Tracker,Forms_RJED,Application Tracker,RIA Justification
Forms_RJED,RJED Application Tracker,Forms_RJED,Application Tracker,RIA Project Adjustments
Forms_RJED,RJED Application Tracker,Forms_RJED,Application Tracker,RIA Proposal Summary
Forms_RJED,RJED Application Tracker,Forms_RJED,Application Tracker,RIA Rec CJBF Included
Forms_RJED,RJED Application Tracker,Forms_RJED,Application Tracker,RIA Note
Forms_RJED,RJED Application Tracker,Forms_RJED,Application Tracker,RIA ORP Compliance Mitigation Strategy
Forms_RJED,RJED Application Tracker,Forms_RJED,Application Tracker,Panel Recommendation
Forms_RJED,RJED Application Tracker,Forms_RJED,Application Tracker,Panel Recommended Jobs
Forms_RJED,RJED Application Tracker,Forms_RJED,Application Tracker,Panel Funding Recommended (Excl GST)
Forms_RJED,RJED Application Tracker,Forms_RJED,Application Tracker,Panel Job Creation Funding Recommended (Excl GST)
Forms_RJED,RJED Application Tracker,Forms_RJED,Application Tracker,Panel Job CJBF Funding Recommended (Excl GST)
Forms_RJED,RJED Application Tracker,Forms_RJED,Application Tracker,Panel Justification
Forms_RJED,RJED Application Tracker,Forms_RJED,Application Tracker,Panel Project Adjustments
Forms_RJED,RJED Application Tracker,Forms_RJED,Application Tracker,Panel Proposal Summary
Forms_RJED,RJED Application Tracker,Forms_RJED,Application Tracker,Panel Rec CJBF Included
Forms_RJED,RJED Application Tracker,Forms_RJED,Application Tracker,Panel Note
Forms_RJED,RJED Application Tracker,Forms_RJED,Application Tracker,Panel ORP Compliance Mitigation Strategy
Forms_RJED,RJED Application Tracker,Forms_RJED,Application Tracker,Delegate Recommendation
Forms_RJED,RJED Application Tracker,Forms_RJED,Application Tracker,Delegate Recommended Jobs
Forms_RJED,RJED Application Tracker,Forms_RJED,Application Tracker,Delegate Funding Approved (Excl GST)
Forms_RJED,RJED Application Tracker,Forms_RJED,Application Tracker,Delegate Job Creation Funding Recommended (Excl GST)
Forms_RJED,RJED Application Tracker,Forms_RJED,Application Tracker,Delegate Job CJBF Funding Recommended (Excl GST)
Forms_RJED,RJED Application Tracker,Forms_RJED,Application Tracker,Delegate Justification
Forms_RJED,RJED Application Tracker,Forms_RJED,Application Tracker,Delegate Project Adjustments
Forms_RJED,RJED Application Tracker,Forms_RJED,Application Tracker,Delegate Proposal Summary
Forms_RJED,RJED Application Tracker,Forms_RJED,Application Tracker,Delegate Rec CJBF Included
Forms_RJED,RJED Application Tracker,Forms_RJED,Application Tracker,Delegate Note
Forms_RJED,RJED Application Tracker,Forms_RJED,Application Tracker,Delegate ORP Compliance Mitigation Strategy
Forms_RJED,RJED Application Tracker,Forms_RJED,Application Tracker,Application Tracker Comment
Forms_RJED,RJED Application Tracker,Forms_RJED,Application Tracker,Application Tracker Executive Update
Forms_RJED,RJED Application Tracker,Forms_RJED,Application Tracker,Deleted
Forms_RJED,RJED Application Tracker,Forms_RJED,Application Tracker,Application Title Override
Forms_RJED,RJED Application Tracker,Forms_RJED,Application Tracker,ReBrief Status
Forms_RJED,RJED Application Tracker,Forms_RJED,Application Tracker,ReBrief Note
AURION,Office Locations,AURION,codedetail,Code
AURION,Office Locations,AURION,codedetail,Street_Address
AURION,Office Locations,AURION,codedetail,Suburb
AURION,Office Locations,AURION,codedetail,State
AURION,Office Locations,AURION,codedetail,Post_Code
AURION,Office Locations,AURION,codedetail,Text_Field_1
AURION,Office Locations,AURION,codedetail,Text_Field_2
AURION,Office Locations,AURION,codedetail,Text_Field_3
AURION,Office Locations,AURION,codedetail,Text_Field_4
AURION,Office Locations,AURION,codedetail,Text_Field_5
GeoASGS,CED 2024 AUST WKT,GeoASGS,CED_2021_AUST_GDA2020_Simplified,geom
GeoASGS,CED 2021 AUST WKT,GeoASGS,CED_2021_AUST_GDA2020_Simplified,geom
GeoASGS,CED 2021 AUST WKT,GeoASGS,CED_2021_AUST_GDA2020_Simplified,qgs_fid
GeoASGS,CED 2021 AUST,GeoASGS,CED_2021_AUST_GDA2020_Simplified,qgs_fid
GeoASGS,CED 2024 AUST WKT,GeoASGS,CED_2021_AUST_GDA2020_Simplified,qgs_fid
GeoASGS,CED 2021 AUST,GeoASGS,CED_2021_AUST_GDA2020_Simplified,CED_CODE_2021
GeoASGS,CED 2021 AUST,GeoASGS,CED_2021_AUST_GDA2020_Simplified,CED_NAME_2021
GeoASGS,CED 2021 AUST,GeoASGS,CED_2021_AUST_GDA2020_Simplified,STATE_CODE_2021
GeoASGS,CED 2021 AUST,GeoASGS,CED_2021_AUST_GDA2020_Simplified,STATE_NAME_2021
GeoASGS,CED 2021 AUST,GeoASGS,CED_2021_AUST_GDA2020_Simplified,AUS_CODE_2021
GeoASGS,CED 2021 AUST,GeoASGS,CED_2021_AUST_GDA2020_Simplified,AUS_NAME_2021
GeoASGS,CED 2021 AUST,GeoASGS,CED_2021_AUST_GDA2020_Simplified,AREA_ALBERS_SQKM
GeoASGS,CED 2021 AUST,GeoASGS,CED_2021_AUST_GDA2020_Simplified,ASGS_LOCI_URI_2021
FUSION,Questionnaire Section Template,FUSION,pmc_sectiontemplate,pmc_enabledname
FUSION,Questionnaire Section Template,FUSION,pmc_sectiontemplate,pmc_guidancetext
FUSION,Questionnaire Section Template,FUSION,pmc_sectiontemplate,pmc_name
FUSION,Questionnaire Section Template,FUSION,pmc_sectiontemplate,pmc_order
FUSION,Questionnaire Section Template,FUSION,pmc_sectiontemplate,pmc_questionnairetemplateid
FUSION,Questionnaire Section Template,FUSION,pmc_sectiontemplate,pmc_sectiontemplateid
FUSION,Questionnaire Section Template,FUSION,pmc_sectiontemplate,statecodename
FUSION,Questionnaire Section Template,FUSION,pmc_sectiontemplate,statuscodename
FUSION,Grant Activity Funding,FUSION,pmc_activityfunding,pmc_activityfundingid
FUSION,Grant Activity Funding,FUSION,pmc_activityfunding,pmc_financialyearid
FUSION,Organisation,FUSION,pmc_activityfunding,pmc_financialyearid
FUSION,Grant Activity Funding,FUSION,pmc_activityfunding,pmc_financialyearidname
FUSION,Grant Activity Funding,FUSION,pmc_activityfunding,pmc_fundingamount
FUSION,Organisation,FUSION,pmc_activityfunding,pmc_fundingamount
FUSION,Grant Activity Indicative Risk,FUSION,pmc_activityfunding,pmc_fundingamount
FUSION,Grant Activity Funding,FUSION,pmc_activityfunding,pmc_fundsreleased
FUSION,Grant Activity Funding,FUSION,pmc_activityfunding,pmc_grantactivityid
FUSION,Organisation,FUSION,pmc_activityfunding,pmc_grantactivityid
FUSION,Grant Activity Indicative Risk,FUSION,pmc_activityfunding,pmc_grantactivityid
FUSION,Grant Activity Funding,FUSION,pmc_activityfunding,pmc_name
FUSION,Organisation,FUSION,pmc_activityfunding,pmc_organisationid
FUSION,Grant Activity Funding,FUSION,pmc_activityfunding,pmc_sourcestatusgroupname
FUSION,Grant Activity Funding,FUSION,pmc_activityfunding,statecodename
FUSION,Organisation,FUSION,pmc_activityfunding,statecodename
FUSION,Grant Activity Funding,FUSION,pmc_activityfunding,statuscodename
NIAA,CDP Payment Assessment Control Data,NIAA,CDP Payment Assessment Control,Id
NIAA,CDP Payment Assessment Control Data,NIAA,CDP Payment Assessment Control,CDP Payment Model Control Id
NIAA,CDP Payment Assessment Control Data,NIAA,CDP Payment Assessment Control,Contract Id
NIAA,CDP Payment Assessment Control Data,NIAA,CDP Payment Assessment Control,Region Number
NIAA,CDP Payment Assessment Control Data,NIAA,CDP Payment Assessment Control,Organisation Code
NIAA,CDP Payment Assessment Control Data,NIAA,CDP Payment Assessment Control,Override Period Type
NIAA,CDP Payment Assessment Control Data,NIAA,CDP Payment Assessment Control,Override Start Date
NIAA,CDP Payment Assessment Control Data,NIAA,CDP Payment Assessment Control,Override End Date
NIAA,CDP Payment Assessment Control Data,NIAA,CDP Payment Assessment Control,Qlik Update Action
NIAA,CDP Payment Assessment Control Data,NIAA,CDP Payment Assessment Control,Sub Program
NIAA,CDP Payment Assessment Control Data,NIAA,CDP Payment Assessment Control,Payment Type
NIAA,CDP Payment Assessment Control Data,NIAA,CDP Payment Assessment Control,Payment Sub Type
NIAA,CDP Payment Assessment Control Data,NIAA,CDP Payment Assessment Control,Assessment Type
NIAA,CDP Payment Assessment Control Data,NIAA,CDP Payment Assessment Control,Assessment Amount Excl GST
NIAA,CDP Payment Assessment Control Data,NIAA,CDP Payment Assessment Control,Assessment Amount Incl GST
NIAA,CDP Payment Assessment Control Data,NIAA,CDP Payment Assessment Control,Comment
NIAA,CDP Payment Assessment Control Data,NIAA,CDP Payment Assessment Control,ChangedBy
NIAA,CDP Payment Assessment Control Data,NIAA,CDP Payment Assessment Control,ChangeDate
NIAA,CDP Payment Assessment Control Data,NIAA,CDP Payment Assessment Control,Deleted
NIAA,CDP Payment Assessment Control Data,NIAA,CDP Payment Assessment Control,DateCreated
GPS,Grant Application Service Area,GPS,Dim_Application_Service_Area,%Dim_Application_Service_Area_Key
GPS,Grant Application Service Area,GPS,Dim_Application_Service_Area,Application Service Area Id
GPS,Grant Application Service Area,GPS,Dim_Application_Service_Area,Application Service Area Excluded Flag
GPS,Grant Application Service Area,GPS,Dim_Application_Service_Area,Application Service Area Percentage of Funding
GPS,Grant Application Service Area,GPS,Dim_Application_Service_Area,Application Ranking By Service Area
GPS,Grant Application Service Area,GPS,Dim_Application_Service_Area,Application Service Area Value
GPS,Grant Application Service Area,GPS,Dim_Application_Service_Area,Application Service Area Type
GPS,Grant Application Service Area,GPS,Dim_Application_Service_Area,Application Service Area Funding Amount
CRM,Engagement Outcome,CRM,pmc_engagementoutcome,pmc_engagementoutcomeid
CRM,Engagement Outcome,CRM,pmc_engagementoutcome,pmc_description
CRM,Engagement Outcome,CRM,pmc_engagementoutcome,pmc_engagement
CRM,Engagement Outcome,CRM,pmc_engagementoutcome,pmc_engagementoutcometypename
CRM,Engagement Outcome,CRM,pmc_engagementoutcome,pmc_name
CRM,Engagement Outcome,CRM,pmc_engagementoutcome,pmc_opportunityid
CRM,Engagement Outcome,CRM,pmc_engagementoutcome,pmc_otheroutcome
CRM,Engagement Outcome,CRM,pmc_engagementoutcome,createdon
CRM,Engagement Outcome,CRM,pmc_engagementoutcome,createdby
CRM,Engagement Outcome,CRM,pmc_engagementoutcome,statuscodename
FUSION,Electorate PMC Region,FUSION,Electorate,Electorate Id
FUSION,Electorate Programme,FUSION,Electorate,Electorate Id
FUSION,Electorate Information,FUSION,Electorate,Electorate Id
FUSION,Electorate Organisation Summary,FUSION,Electorate,Electorate Id
FUSION,Electorate Demographic,FUSION,Electorate,Electorate Id
FUSION,Electorate Activity Summary,FUSION,Electorate,Electorate Id
FUSION,Electorate Update,FUSION,Electorate,Electorate Id
FUSION,Electorate Stakeholder,FUSION,Electorate,Electorate Id
FUSION,Elected Representative,FUSION,Electorate,Electorate Id
GPS,Grant Application Service Provided,GPS,Dim_Application_Service_Provided,%Dim_Application_Service_Provided_Key
GPS,Grant Application Service Provided,GPS,Dim_Application_Service_Provided,Application Service Provided Id
GPS,Grant Application Service Provided,GPS,Dim_Application_Service_Provided,Application Service Provided Detailed Service
GPS,Grant Application Service Provided,GPS,Dim_Application_Service_Provided,Application Service Provided Percentage of Funding
GPS,Grant Application Service Provided,GPS,Dim_Application_Service_Provided,Application Service Provided Percentage Places per Service
GPS,Grant Application Service Provided,GPS,Dim_Application_Service_Provided,Application Service Provided Recommended Flag
GPS,Grant Application Service Provided,GPS,Dim_Application_Service_Provided,Application Service Provided Category
GPS,Grant Application Service Provided,GPS,Dim_Application_Service_Provided,Application Service Provided
GPS,Grant Application Service Provided,GPS,Dim_Application_Service_Provided,Application Service Provided Ranking
abs,SA1_TO_ALL,abs,CED_2021,MB_CODE_2016
abs,SA1_TO_ALL,abs,CED_2021,CED_CODE_2021
abs,SA1_TO_ALL,abs,CED_2021,CED_NAME_2021
abs,SA1_TO_ALL,abs,CED_2021,STATE_CODE_2021
abs,SA1_TO_ALL,abs,CED_2021,STATE_NAME_2021
ESS,RAES Payment,ESS,SUB874_RAESEMPLOYMENTOUTCOME_NIAA,EXTRACT_DATE
ESS,RAES Payment,ESS,SUB874_RAESEMPLOYMENTOUTCOME_NIAA,EFFECTIVE_START_DATE
ESS,RAES Payment,ESS,SUB874_RAESEMPLOYMENTOUTCOME_NIAA,EFFECTIVE_END_DATE
ESS,RAES Payment,ESS,SUB874_RAESEMPLOYMENTOUTCOME_NIAA,StatusCode
ESS,RAES Payment,ESS,SUB874_RAESEMPLOYMENTOUTCOME_NIAA,StatusReasonCode
ESS,RAES Payment,ESS,SUB874_RAESEMPLOYMENTOUTCOME_NIAA,DocumentTransactionId
ESS,RAES Payment,ESS,SUB874_RAESEMPLOYMENTOUTCOME_NIAA,BaseRateCode
ESS,RAES Payment,ESS,SUB874_RAESEMPLOYMENTOUTCOME_NIAA,OutcomeLevelOverrideCode
FUSION,Source Organisation,FUSION,pmc_sourceorganisation,pmc_abn
FUSION,Source Organisation,FUSION,pmc_sourceorganisation,pmc_address1_city
FUSION,Source Organisation,FUSION,pmc_sourceorganisation,pmc_address1_line1
FUSION,Source Organisation,FUSION,pmc_sourceorganisation,pmc_address1_line2
FUSION,Source Organisation,FUSION,pmc_sourceorganisation,pmc_address1_postalcode
FUSION,Source Organisation,FUSION,pmc_sourceorganisation,pmc_address1_stateorprovince
FUSION,Source Organisation,FUSION,pmc_sourceorganisation,pmc_emailaddress1
FUSION,Source Organisation,FUSION,pmc_sourceorganisation,pmc_legalentityid
FUSION,Source Organisation,FUSION,pmc_sourceorganisation,pmc_legalentitytypename
FUSION,Source Organisation,FUSION,pmc_sourceorganisation,pmc_name
FUSION,Source Organisation,FUSION,pmc_sourceorganisation,pmc_organisationid
FUSION,Grant Application,FUSION,pmc_sourceorganisation,pmc_organisationid
FUSION,Grant Activity,FUSION,pmc_sourceorganisation,pmc_organisationid
FUSION,Grant Activity Indicative Risk,FUSION,pmc_sourceorganisation,pmc_organisationid
FUSION,Source Organisation,FUSION,pmc_sourceorganisation,pmc_orglegalname
FUSION,Source Organisation,FUSION,pmc_sourceorganisation,pmc_sourceorganisationid
FUSION,Grant Activity,FUSION,pmc_sourceorganisation,pmc_sourceorganisationid
FUSION,Grant Application,FUSION,pmc_sourceorganisation,pmc_sourceorganisationid
FUSION,Grant Activity Indicative Risk,FUSION,pmc_sourceorganisation,pmc_sourceorganisationid
FUSION,Source Organisation,FUSION,pmc_sourceorganisation,pmc_sourcesystemid
FUSION,Source Organisation,FUSION,pmc_sourceorganisation,pmc_sourcesystemidname
FUSION,Source Organisation,FUSION,pmc_sourceorganisation,pmc_tradingname
FUSION,Source Organisation,FUSION,pmc_sourceorganisation,statecodename
FUSION,Source Organisation,FUSION,pmc_sourceorganisation,statuscodename
FUSION,Grant Activity Location Attribution,FUSION,pmc_activitylocationattribution,pmc_activitylocationattributionid
FUSION,Grant Activity Location Attribution,FUSION,pmc_activitylocationattribution,pmc_fylocationattribution
FUSION,Grant Activity Location Attribution,FUSION,pmc_activitylocationattribution,pmc_locationfyattribution
FUSION,Grant Activity Location Attribution,FUSION,pmc_activitylocationattribution,pmc_locationid
FUSION,Grant Activity Location Attribution,FUSION,pmc_activitylocationattribution,statecodename
FUSION,Grant Activity Location Attribution,FUSION,pmc_activitylocationattribution,statuscodename
NDIA,NDIS Location - obsolete,NDIA,P1,P1 Id
NDIA,NDIS Funding by Individual,NDIA,P1,P1 Id
NDIA,Disability Funding - obsolete,NDIA,P1,P1 Id
NDIA,Disability Funding - obsolete,NDIA,P1,PrsnWithDsbltyId
NDIA,NDIS Funding by Individual,NDIA,P1,PrsnWithDsbltyId
NDIA,NDIS Location - obsolete,NDIA,P1,PrsnWithDsbltyId
NDIA,NDIS Location - obsolete,NDIA,P1,PrimaryDisablity
NDIA,NDIS Funding by Individual,NDIA,P1,PrimaryDisablity
NDIA,Disability Funding - obsolete,NDIA,P1,PrimaryDisablity
NDIA,Disability Funding - obsolete,NDIA,P1,Age
NDIA,NDIS Funding by Individual,NDIA,P1,Age
NDIA,NDIS Location - obsolete,NDIA,P1,Age
NDIA,NDIS Location - obsolete,NDIA,P1,Indigenous Indicator
NDIA,NDIS Funding by Individual,NDIA,P1,Indigenous Indicator
NDIA,Disability Funding - obsolete,NDIA,P1,Indigenous Indicator
NDIA,Disability Funding - obsolete,NDIA,P1,LatestApprovalPlan
NDIA,NDIS Funding by Individual,NDIA,P1,LatestApprovalPlan
NDIA,NDIS Location - obsolete,NDIA,P1,LatestApprovalPlan
NDIA,NDIS Location - obsolete,NDIA,P1,LatestApprovalPlan_ExpiryDate
NDIA,NDIS Funding by Individual,NDIA,P1,LatestApprovalPlan_ExpiryDate
NDIA,Disability Funding - obsolete,NDIA,P1,LatestApprovalPlan_ExpiryDate
NDIA,NDIS Location - obsolete,NDIA,P1,LatestApprovalPlan_DurationDays
NDIA,NDIS Location - obsolete,NDIA,P1,Remoteness Area
NDIA,NDIS Funding by Individual,NDIA,P1,Remoteness Area
NDIA,Disability Funding - obsolete,NDIA,P1,Remoteness Area
NDIA,Disability Funding - obsolete,NDIA,P1,Jurisdiction
NDIA,NDIS Funding by Individual,NDIA,P1,Jurisdiction
NDIA,NDIS Location - obsolete,NDIA,P1,Jurisdiction
NDIA,NDIS Location - obsolete,NDIA,P1,LGA
NDIA,NDIS Funding by Individual,NDIA,P1,LGA
NDIA,Disability Funding - obsolete,NDIA,P1,LGA
NDIA,Disability Funding - obsolete,NDIA,P1,Postcode
NDIA,NDIS Funding by Individual,NDIA,P1,Postcode
NDIA,NDIS Location - obsolete,NDIA,P1,Postcode
NDIA,NDIS Location - obsolete,NDIA,P1,Suburb
NDIA,NDIS Funding by Individual,NDIA,P1,Suburb
NDIA,Disability Funding - obsolete,NDIA,P1,Suburb
NDIA,Disability Funding - obsolete,NDIA,P1,Capital_BudgetAmount
NDIA,NDIS Funding by Individual,NDIA,P1,Capital_BudgetAmount
NDIA,NDIS Location - obsolete,NDIA,P1,Capital_BudgetAmount
NDIA,NDIS Location - obsolete,NDIA,P1,Core_BudgetAmount
NDIA,NDIS Funding by Individual,NDIA,P1,Core_BudgetAmount
NDIA,Disability Funding - obsolete,NDIA,P1,Core_BudgetAmount
NDIA,Disability Funding - obsolete,NDIA,P1,Total_BudgetAmount
NDIA,NDIS Funding by Individual,NDIA,P1,Total_BudgetAmount
NDIA,NDIS Location - obsolete,NDIA,P1,Total_BudgetAmount
NDIA,NDIS Location - obsolete,NDIA,P1,Cap_Bld_BudgetAmount
NDIA,NDIS Funding by Individual,NDIA,P1,Cap_Bld_BudgetAmount
NDIA,Disability Funding - obsolete,NDIA,P1,Cap_Bld_BudgetAmount
NDIA,Disability Funding - obsolete,NDIA,P1,PlanNmbr
NDIA,NDIS Funding by Individual,NDIA,P1,PlanNmbr
NDIA,NDIS Location - obsolete,NDIA,P1,PlanNmbr
NDIA,NDIS Location - obsolete,NDIA,P1,Total_Payments
NDIA,NDIS Funding by Individual,NDIA,P1,Total_Payments
NDIA,Disability Funding - obsolete,NDIA,P1,Total_Payments
NDIA,Disability Funding - obsolete,NDIA,P1,Capital_Payments
NDIA,NDIS Funding by Individual,NDIA,P1,Capital_Payments
NDIA,NDIS Location - obsolete,NDIA,P1,Capital_Payments
NDIA,NDIS Location - obsolete,NDIA,P1,Core_Payments
NDIA,NDIS Funding by Individual,NDIA,P1,Core_Payments
NDIA,Disability Funding - obsolete,NDIA,P1,Core_Payments
NDIA,Disability Funding - obsolete,NDIA,P1,Cap_Bld_Payments
NDIA,NDIS Funding by Individual,NDIA,P1,Cap_Bld_Payments
NDIA,NDIS Location - obsolete,NDIA,P1,Cap_Bld_Payments
NDIA,NDIS Location - obsolete,NDIA,P1,SA1 Code 2021
NDIA,NDIS Location - obsolete,NDIA,P1,LoadDate
NDIA,NDIS Funding by Individual,NDIA,P1,LoadDate
NDIA,NDIS Funding by Location,NDIA,P1,LoadDate
NDIA,Disability Funding - obsolete,NDIA,P1,LoadDate
IPP,Reporting PIT Fact,IPP,reporting_pmc_panelprojectreport,objectid
IPP,Reporting PIT Fact,IPP,reporting_pmc_panelprojectreport,pmc_abn
IPP,Reporting PIT Fact,IPP,reporting_pmc_panelprojectreport,pmc_enddate
IPP,Reporting PIT Fact,IPP,reporting_pmc_panelprojectreport,pmc_organisation
IPP,Reporting PIT Fact,IPP,reporting_pmc_panelprojectreport,pmc_primaryagencyid
IPP,Reporting PIT Fact,IPP,reporting_pmc_panelprojectreport,pmc_startdate
IPP,Reporting PIT Fact,IPP,reporting_pmc_panelprojectreport,pmc_supplychainvalue
IPP,Reporting PIT Fact,IPP,reporting_pmc_panelprojectreport,pmc_unspsccodeid
IPP,Reporting PIT Fact,IPP,reporting_pmc_panelprojectreport,datefrom
IPP,Reporting PIT Fact,IPP,reporting_pmc_panelprojectreport,dateto
GPS,Grant Application Status,GPS,Dim_Application_Status,AGENCY_NAME
GPS,Grant Application Status,GPS,Dim_Application_Status,%Dim_Application_Status_Key
GPS,Grant Application Status,GPS,Dim_Application_Status,Application Status Id
GPS,Grant Application Status,GPS,Dim_Application_Status,Application Historical Status
GPS,Grant Application Status,GPS,Dim_Application_Status,Application Status Sub Status
GPS,Grant Application Status,GPS,Dim_Application_Status,Application Status From Date
GPS,Grant Application Status,GPS,Dim_Application_Status,Application Status To Date
GPS,Grant Application Status,GPS,Dim_Application_Status,Application Status Authorised By Login Id
GPS,Grant Application Status,GPS,Dim_Application_Status,Application Status Compliant Description
GPS,Grant Application Status,GPS,Dim_Application_Status,Application Status Eligible Description
GPS,Grant Application Status,GPS,Dim_Application_Status,Application Status Current Indicator
FUSION,CTG Outcome,FUSION,pmc_ctgoutcome,pmc_ctgoutcomeid
FUSION,CTG Outcome,FUSION,pmc_ctgoutcome,pmc_name
FUSION,CTG Outcome,FUSION,pmc_ctgoutcome,pmc_outcomedescription
FUSION,CTG Outcome,FUSION,pmc_ctgoutcome,pmc_sortorder
FUSION,CTG Outcome,FUSION,pmc_ctgoutcome,pmc_targetdescription
FUSION,CTG Outcome,FUSION,pmc_ctgoutcome,statecodename
FUSION,CTG Outcome,FUSION,pmc_ctgoutcome,statuscodename
IPP,Reporting PIT Fact,IPP,reporting_pmc_mmrsubcontract,objectid
IPP,Reporting PIT Fact,IPP,reporting_pmc_mmrsubcontract,pmc_abn
IPP,Reporting PIT Fact,IPP,reporting_pmc_mmrsubcontract,pmc_agencyid
IPP,Reporting PIT Fact,IPP,reporting_pmc_mmrsubcontract,pmc_cnid
IPP,Reporting PIT Fact,IPP,reporting_pmc_mmrsubcontract,pmc_deliverypostcode
IPP,Reporting PIT Fact,IPP,reporting_pmc_mmrsubcontract,pmc_description
IPP,Reporting PIT Fact,IPP,reporting_pmc_mmrsubcontract,pmc_enddate
IPP,Reporting PIT Fact,IPP,reporting_pmc_mmrsubcontract,pmc_organisation
IPP,Reporting PIT Fact,IPP,reporting_pmc_mmrsubcontract,pmc_remotecontract
IPP,Reporting PIT Fact,IPP,reporting_pmc_mmrsubcontract,pmc_startdate
IPP,Reporting PIT Fact,IPP,reporting_pmc_mmrsubcontract,pmc_supplychainvalue
IPP,Reporting PIT Fact,IPP,reporting_pmc_mmrsubcontract,pmc_unspsccodeid
IPP,Reporting PIT Fact,IPP,reporting_pmc_mmrsubcontract,datefrom
IPP,Reporting PIT Fact,IPP,reporting_pmc_mmrsubcontract,dateto
ESS,CDP Contract,ESS,SUB826_SITE_CONTRACT_NIAA,EXTRACT_DATE
ESS,TWES Site Contract,ESS,SUB826_SITE_CONTRACT_NIAA,EXTRACT_DATE
ESS,CDP Site Contract,ESS,SUB826_SITE_CONTRACT_NIAA,EXTRACT_DATE
ESS,FUSION CDP Activity,ESS,SUB826_SITE_CONTRACT_NIAA,EXTRACT_DATE
ESS,FUSION CDP Location,ESS,SUB826_SITE_CONTRACT_NIAA,EXTRACT_DATE
ESS,FUSION CDP Expenditure,ESS,SUB826_SITE_CONTRACT_NIAA,EXTRACT_DATE
ESS,FUSION CDP Expenditure,ESS,SUB826_SITE_CONTRACT_NIAA,EFFECTIVE_START_DATE
ESS,FUSION CDP Location,ESS,SUB826_SITE_CONTRACT_NIAA,EFFECTIVE_START_DATE
ESS,FUSION CDP Activity,ESS,SUB826_SITE_CONTRACT_NIAA,EFFECTIVE_START_DATE
ESS,CDP Site Contract,ESS,SUB826_SITE_CONTRACT_NIAA,EFFECTIVE_START_DATE
ESS,CDP Grant Estimated Expenditure FY,ESS,SUB826_SITE_CONTRACT_NIAA,EFFECTIVE_START_DATE
ESS,CDP Contract,ESS,SUB826_SITE_CONTRACT_NIAA,EFFECTIVE_START_DATE
ESS,CDP Contract,ESS,SUB826_SITE_CONTRACT_NIAA,EFFECTIVE_END_DATE
ESS,CDP Grant Estimated Expenditure FY,ESS,SUB826_SITE_CONTRACT_NIAA,EFFECTIVE_END_DATE
ESS,CDP Site Contract,ESS,SUB826_SITE_CONTRACT_NIAA,EFFECTIVE_END_DATE
ESS,FUSION CDP Activity,ESS,SUB826_SITE_CONTRACT_NIAA,EFFECTIVE_END_DATE
ESS,FUSION CDP Location,ESS,SUB826_SITE_CONTRACT_NIAA,EFFECTIVE_END_DATE
ESS,FUSION CDP Expenditure,ESS,SUB826_SITE_CONTRACT_NIAA,EFFECTIVE_END_DATE
ESS,CDP Grant Activity updated,ESS,SUB826_SITE_CONTRACT_NIAA,EFFECTIVE_END_DATE
ESS,CDP Grant Activity updated,ESS,SUB826_SITE_CONTRACT_NIAA,CONTRACT_ID
ESS,FUSION CDP Expenditure,ESS,SUB826_SITE_CONTRACT_NIAA,CONTRACT_ID
ESS,FUSION CDP Location,ESS,SUB826_SITE_CONTRACT_NIAA,CONTRACT_ID
ESS,FUSION CDP Activity,ESS,SUB826_SITE_CONTRACT_NIAA,CONTRACT_ID
ESS,CDP Site Contract,ESS,SUB826_SITE_CONTRACT_NIAA,CONTRACT_ID
ESS,CDP Activity,ESS,SUB826_SITE_CONTRACT_NIAA,CONTRACT_ID
ESS,CDP Grant Activity,ESS,SUB826_SITE_CONTRACT_NIAA,CONTRACT_ID
ESS,CDP Grant Estimated Expenditure FY,ESS,SUB826_SITE_CONTRACT_NIAA,CONTRACT_ID
ESS,TWES Site Contract,ESS,SUB826_SITE_CONTRACT_NIAA,CONTRACT_ID
ESS,TWES CRP,ESS,SUB826_SITE_CONTRACT_NIAA,CONTRACT_ID
ESS,TWES Commencement History,ESS,SUB826_SITE_CONTRACT_NIAA,CONTRACT_ID
ESS,CDP Employment Placement_obsolete,ESS,SUB826_SITE_CONTRACT_NIAA,CONTRACT_ID
ESS,CDP Contract,ESS,SUB826_SITE_CONTRACT_NIAA,CONTRACT_ID
ESS,CDP Vacancy Referral,ESS,SUB826_SITE_CONTRACT_NIAA,CONTRACT_ID
ESS,RAES Vacancy Referral,ESS,SUB826_SITE_CONTRACT_NIAA,CONTRACT_ID
ESS,RAES Vacancy Referral,ESS,SUB826_SITE_CONTRACT_NIAA,CONTRACT_SEQUENCE
ESS,CDP Vacancy Referral,ESS,SUB826_SITE_CONTRACT_NIAA,CONTRACT_SEQUENCE
ESS,CDP Employment Placement_obsolete,ESS,SUB826_SITE_CONTRACT_NIAA,CONTRACT_SEQUENCE
ESS,TWES Commencement History,ESS,SUB826_SITE_CONTRACT_NIAA,CONTRACT_SEQUENCE
ESS,TWES CRP,ESS,SUB826_SITE_CONTRACT_NIAA,CONTRACT_SEQUENCE
ESS,TWES Site Contract,ESS,SUB826_SITE_CONTRACT_NIAA,CONTRACT_SEQUENCE
ESS,CDP Site Contract,ESS,SUB826_SITE_CONTRACT_NIAA,CONTRACT_SEQUENCE
ESS,TWES Site Contract,ESS,SUB826_SITE_CONTRACT_NIAA,CONTRACT_TYPE_CD
ESS,CDP Vacancy Referral,ESS,SUB826_SITE_CONTRACT_NIAA,CONTRACT_TYPE_CD
ESS,RAES Vacancy Referral,ESS,SUB826_SITE_CONTRACT_NIAA,CONTRACT_TYPE_CD
ESS,TWES Site Contract,ESS,SUB826_SITE_CONTRACT_NIAA,CONTRACT_TYPE_NAME
ESS,TWES Site Contract,ESS,SUB826_SITE_CONTRACT_NIAA,SITE_CD
ESS,TWES CRP,ESS,SUB826_SITE_CONTRACT_NIAA,SITE_CD
ESS,CDP Employment Placement_obsolete,ESS,SUB826_SITE_CONTRACT_NIAA,SITE_CD
ESS,CDP Site Contract,ESS,SUB826_SITE_CONTRACT_NIAA,SITE_CD
ESS,FUSION CDP Location,ESS,SUB826_SITE_CONTRACT_NIAA,SITE_CD
ESS,RAES Vacancy Referral,ESS,SUB826_SITE_CONTRACT_NIAA,SITE_CD
ESS,CDP Vacancy Referral,ESS,SUB826_SITE_CONTRACT_NIAA,SITE_CD
ESS,FUSION CDP Location,ESS,SUB826_SITE_CONTRACT_NIAA,SITE_NAME
ESS,CDP Site Contract,ESS,SUB826_SITE_CONTRACT_NIAA,SITE_NAME
ESS,TWES Site Contract,ESS,SUB826_SITE_CONTRACT_NIAA,SITE_NAME
ESS,TWES Site Contract,ESS,SUB826_SITE_CONTRACT_NIAA,ORG_CD
ESS,CDP Grant Estimated Expenditure FY,ESS,SUB826_SITE_CONTRACT_NIAA,ORG_CD
ESS,CDP Site Contract,ESS,SUB826_SITE_CONTRACT_NIAA,ORG_CD
ESS,FUSION CDP Activity,ESS,SUB826_SITE_CONTRACT_NIAA,ORG_CD
ESS,FUSION CDP Location,ESS,SUB826_SITE_CONTRACT_NIAA,ORG_CD
ESS,FUSION CDP Expenditure,ESS,SUB826_SITE_CONTRACT_NIAA,ORG_CD
ESS,CDP Grant Activity updated,ESS,SUB826_SITE_CONTRACT_NIAA,ORG_CD
ESS,CDP Grant Activity,ESS,SUB826_SITE_CONTRACT_NIAA,ORG_CD
ESS,CDP Vacancy Referral,ESS,SUB826_SITE_CONTRACT_NIAA,ORG_CD
ESS,CDP Contract,ESS,SUB826_SITE_CONTRACT_NIAA,ORG_CD
ESS,RAES Vacancy Referral,ESS,SUB826_SITE_CONTRACT_NIAA,ORG_CD
ESS,CDP Contract,ESS,SUB826_SITE_CONTRACT_NIAA,ORG_NAME
ESS,FUSION CDP Expenditure,ESS,SUB826_SITE_CONTRACT_NIAA,ORG_NAME
ESS,FUSION CDP Location,ESS,SUB826_SITE_CONTRACT_NIAA,ORG_NAME
ESS,FUSION CDP Activity,ESS,SUB826_SITE_CONTRACT_NIAA,ORG_NAME
ESS,CDP Site Contract,ESS,SUB826_SITE_CONTRACT_NIAA,ORG_NAME
ESS,CDP Grant Estimated Expenditure FY,ESS,SUB826_SITE_CONTRACT_NIAA,ORG_NAME
ESS,TWES Site Contract,ESS,SUB826_SITE_CONTRACT_NIAA,ORG_NAME
ESS,TWES Commencement History,ESS,SUB826_SITE_CONTRACT_NIAA,ORG_NAME
ESS,TWES Site Contract,ESS,SUB826_SITE_CONTRACT_NIAA,ESA_CD
ESS,TWES Site Contract,ESS,SUB826_SITE_CONTRACT_NIAA,ESA_NAME
ESS,TWES Site Contract,ESS,SUB826_SITE_CONTRACT_NIAA,LMR_CD
ESS,CDP Grant Estimated Expenditure FY,ESS,SUB826_SITE_CONTRACT_NIAA,LMR_CD
ESS,CDP Site Contract,ESS,SUB826_SITE_CONTRACT_NIAA,LMR_CD
ESS,CDP Grant Activity updated,ESS,SUB826_SITE_CONTRACT_NIAA,LMR_CD
ESS,CDP Grant Activity,ESS,SUB826_SITE_CONTRACT_NIAA,LMR_CD
ESS,CDP Contract,ESS,SUB826_SITE_CONTRACT_NIAA,LMR_CD
ESS,CDP Contract,ESS,SUB826_SITE_CONTRACT_NIAA,LMR_NAME
ESS,CDP Grant Activity,ESS,SUB826_SITE_CONTRACT_NIAA,LMR_NAME
ESS,CDP Grant Activity updated,ESS,SUB826_SITE_CONTRACT_NIAA,LMR_NAME
ESS,FUSION CDP Location,ESS,SUB826_SITE_CONTRACT_NIAA,LMR_NAME
ESS,CDP Site Contract,ESS,SUB826_SITE_CONTRACT_NIAA,LMR_NAME
ESS,FUSION CDP Activity,ESS,SUB826_SITE_CONTRACT_NIAA,LMR_NAME
ESS,CDP Grant Estimated Expenditure FY,ESS,SUB826_SITE_CONTRACT_NIAA,LMR_NAME
ESS,CDP Site Contract,ESS,SUB826_SITE_CONTRACT_NIAA,START_DATE
ESS,CDP Site Contract,ESS,SUB826_SITE_CONTRACT_NIAA,EXPIRY_DATE
ESS,TWES Site Contract,ESS,SUB826_SITE_CONTRACT_NIAA,EXPIRY_DATE
ESS,TWES Site Contract,ESS,SUB826_SITE_CONTRACT_NIAA,CONTRACT_START_DATE
ESS,CDP Site Contract,ESS,SUB826_SITE_CONTRACT_NIAA,CONTRACT_START_DATE
ESS,CDP Contract,ESS,SUB826_SITE_CONTRACT_NIAA,CONTRACT_START_DATE
ESS,CDP Contract,ESS,SUB826_SITE_CONTRACT_NIAA,CONTRACT_END_DATE
ESS,CDP Site Contract,ESS,SUB826_SITE_CONTRACT_NIAA,CONTRACT_END_DATE
ESS,TWES Site Contract,ESS,SUB826_SITE_CONTRACT_NIAA,SUPERVISING_OFFICE_CODE
ESS,TWES Site Contract,ESS,SUB826_SITE_CONTRACT_NIAA,SUPERVISING_OFFICE_NAME
ESS,CDP Site Contract,ESS,SUB826_SITE_CONTRACT_NIAA,SUPERVISING_OFFICE_NAME
ESS,CDP Site Contract,ESS,SUB826_SITE_CONTRACT_NIAA,SUPERVISING_STATE_CODE
ESS,CDP Site Contract,ESS,SUB826_SITE_CONTRACT_NIAA,IsActive
ESS,CDP Grant Activity,ESS,SUB826_SITE_CONTRACT_NIAA,IsActive
ESS,TWES Site Contract,ESS,SUB826_SITE_CONTRACT_NIAA,IsActive
ESS,TWES CRP,ESS,SUB826_SITE_CONTRACT_NIAA,IsActive
ESS,TWES Commencement History,ESS,SUB826_SITE_CONTRACT_NIAA,IsActive
ESS,CDP Employment Placement_obsolete,ESS,SUB826_SITE_CONTRACT_NIAA,IsActive
ESS,CDP Contract,ESS,SUB826_SITE_CONTRACT_NIAA,IsActive
ESS,CDP Vacancy Referral,ESS,SUB826_SITE_CONTRACT_NIAA,IsActive
ESS,RAES Vacancy Referral,ESS,SUB826_SITE_CONTRACT_NIAA,IsActive
ESS,CDP Job Seeker Characteristics,ESS,JS_CHARACTERISTICS_TARGET,EFFECTIVE_START_DATE
ESS,CDP Job Seeker Characteristics,ESS,JS_CHARACTERISTICS_TARGET,EFFECTIVE_END_DATE
ESS,CDP Job Seeker Characteristics,ESS,JS_CHARACTERISTICS_TARGET,JOB_SEEKER_ID
ESS,CDP Job Seeker Characteristics,ESS,JS_CHARACTERISTICS_TARGET,JOB_SEEKER_REG_START_DATE
ESS,CDP Job Seeker Characteristics,ESS,JS_CHARACTERISTICS_TARGET,EX_OFFFENDER_IND
ESS,CDP Job Seeker Characteristics,ESS,JS_CHARACTERISTICS_TARGET,HOMELESS_IND
ESS,CDP Job Seeker Characteristics,ESS,JS_CHARACTERISTICS_TARGET,DISABILITY_IND
ESS,CDP Job Seeker Characteristics,ESS,JS_CHARACTERISTICS_TARGET,INDIGENOUS_IND
ESS,CDP Job Seeker Characteristics,ESS,JS_CHARACTERISTICS_TARGET,COMPLETED_Y12_IND
ESS,CDP Job Seeker Characteristics,ESS,JS_CHARACTERISTICS_TARGET,VULNERABLE_YTH_IND
ESS,CDP Job Seeker Characteristics,ESS,JS_CHARACTERISTICS_TARGET,VULNERABLE_STD_IND
ESS,CDP Job Seeker Characteristics,ESS,JS_CHARACTERISTICS_TARGET,PARENT_LOW_HRS_IND
ESS,CDP Job Seeker Characteristics,ESS,JS_CHARACTERISTICS_TARGET,NESB_IND
ESS,CDP Job Seeker Characteristics,ESS,JS_CHARACTERISTICS_TARGET,SOLE_PARENT_IND
ESS,CDP Job Seeker Characteristics,ESS,JS_CHARACTERISTICS_TARGET,PARTICIPATION_REQ_CATEGORY_CD
ESS,CDP Job Seeker Characteristics,ESS,JS_CHARACTERISTICS_TARGET,PARTICIPATION_REQ_DESC
ESS,CDP Job Seeker Characteristics,ESS,JS_CHARACTERISTICS_TARGET,LEGAL_REQUIREMENT_CODE
ESS,CDP Job Seeker Characteristics,ESS,JS_CHARACTERISTICS_TARGET,LEGAL_REQUIREMENT_DESC
ESS,CDP Job Seeker Characteristics,ESS,JS_CHARACTERISTICS_TARGET,INTERPRETER_DESC
ESS,CDP Job Seeker Characteristics,ESS,JS_CHARACTERISTICS_TARGET,ALLOWANCE_CODE
ESS,CDP Job Seeker Characteristics,ESS,JS_CHARACTERISTICS_TARGET,ALLOWANCE_DESC
ESS,CDP Job Seeker Characteristics,ESS,JS_CHARACTERISTICS_TARGET,VOCATIONAL_QUALIFICATION_DESC
ESS,CDP Job Seeker Characteristics,ESS,JS_CHARACTERISTICS_TARGET,MODE_OF_TRANSPORT_DESC
ESS,CDP Job Seeker Characteristics,ESS,JS_CHARACTERISTICS_TARGET,ENGLISH_PROFICIENCY_DESC
ESS,CDP Job Seeker Characteristics,ESS,JS_CHARACTERISTICS_TARGET,EDUCATION_LEVEL_DESC
GeoASGS,DZN 2021 AUST WKT,GeoASGS,DZN_2021_AUST_GDA2020_Simplified,geom
GeoASGS,DZN 2021 AUST WKT,GeoASGS,DZN_2021_AUST_GDA2020_Simplified,qgs_fid
GeoASGS,DZN 2021 AUST,GeoASGS,DZN_2021_AUST_GDA2020_Simplified,qgs_fid
GeoASGS,DZN 2021 AUST,GeoASGS,DZN_2021_AUST_GDA2020_Simplified,DZN_CODE_2021
GeoASGS,DZN 2021 AUST,GeoASGS,DZN_2021_AUST_GDA2020_Simplified,SA2_CODE_2021
GeoASGS,DZN 2021 AUST,GeoASGS,DZN_2021_AUST_GDA2020_Simplified,SA2_NAME_2021
GeoASGS,DZN 2021 AUST,GeoASGS,DZN_2021_AUST_GDA2020_Simplified,STATE_CODE_2021
GeoASGS,DZN 2021 AUST,GeoASGS,DZN_2021_AUST_GDA2020_Simplified,STATE_NAME_2021
GeoASGS,DZN 2021 AUST,GeoASGS,DZN_2021_AUST_GDA2020_Simplified,AUS_CODE_2021
GeoASGS,DZN 2021 AUST,GeoASGS,DZN_2021_AUST_GDA2020_Simplified,AUS_NAME_2021
GeoASGS,DZN 2021 AUST,GeoASGS,DZN_2021_AUST_GDA2020_Simplified,AREA_ALBERS_SQKM
GeoASGS,DZN 2021 AUST,GeoASGS,DZN_2021_AUST_GDA2020_Simplified,ASGS_LOCI_URI_2021
abs,CED_2021,abs,MB_CED_2021_AUST,MB_CODE_2016
abs,CED_2021,abs,MB_CED_2021_AUST,CED_CODE_2021
abs,CED_2021,abs,MB_CED_2021_AUST,CED_NAME_2021
abs,CED_2021,abs,MB_CED_2021_AUST,STATE_CODE_2021
abs,CED_2021,abs,MB_CED_2021_AUST,STATE_NAME_2021
abs,CED_2021,abs,MB_CED_2021_AUST,RATIO
FUSION,Source System,FUSION,pmc_sourcesystem,pmc_dataloaddate
FUSION,Source System,FUSION,pmc_sourcesystem,pmc_name
FUSION,Source System,FUSION,pmc_sourcesystem,pmc_sourcesystemid
FUSION,Source System,FUSION,pmc_sourcesystem,statuscodename
ESS,CDP Vacancy,ESS,SUB827_VACANCY_NIAA,VacancyId
ESS,RAES Vacancy Referral,ESS,SUB827_VACANCY_NIAA,VacancyId
ESS,CDP Vacancy Referral,ESS,SUB827_VACANCY_NIAA,VacancyId
ESS,CDP Vacancy,ESS,SUB827_VACANCY_NIAA,VacancyStatusCode
ESS,CDP Vacancy,ESS,SUB827_VACANCY_NIAA,VacancyTitle
ESS,CDP Vacancy Referral,ESS,SUB827_VACANCY_NIAA,VacancyTitle
ESS,RAES Vacancy Referral,ESS,SUB827_VACANCY_NIAA,VacancyTitle
ESS,RAES Vacancy Referral,ESS,SUB827_VACANCY_NIAA,VacancyDescription
ESS,CDP Vacancy Referral,ESS,SUB827_VACANCY_NIAA,VacancyDescription
ESS,CDP Vacancy,ESS,SUB827_VACANCY_NIAA,VacancyDescription
ESS,CDP Vacancy,ESS,SUB827_VACANCY_NIAA,PositionLimitCount
ESS,CDP Vacancy,ESS,SUB827_VACANCY_NIAA,PositionFilledCount
ESS,CDP Vacancy,ESS,SUB827_VACANCY_NIAA,ExpiryDate
ESS,CDP Vacancy,ESS,SUB827_VACANCY_NIAA,EmployerId
ESS,CDP Vacancy,ESS,SUB827_VACANCY_NIAA,OrgCode
ESS,CDP Vacancy,ESS,SUB827_VACANCY_NIAA,SiteCode
ESS,CDP Vacancy,ESS,SUB827_VACANCY_NIAA,HoursDescription
ESS,CDP Vacancy,ESS,SUB827_VACANCY_NIAA,SalaryDescription
ESS,CDP Vacancy,ESS,SUB827_VACANCY_NIAA,WorkTypeCode
ESS,CDP Vacancy,ESS,SUB827_VACANCY_NIAA,TenureCode
ESS,CDP Vacancy,ESS,SUB827_VACANCY_NIAA,OccupationCategoryCode
ESS,CDP Vacancy,ESS,SUB827_VACANCY_NIAA,IndgenousJobFlag
ESS,CDP Vacancy,ESS,SUB827_VACANCY_NIAA,OpenStatusDate
ESS,CDP Vacancy,ESS,SUB827_VACANCY_NIAA,InactiveStatusDate
ESS,CDP Vacancy,ESS,SUB827_VACANCY_NIAA,ContractTypeCode
ESS,CDP Vacancy,ESS,SUB827_VACANCY_NIAA,CreatedOn
ESS,CDP Vacancy,ESS,SUB827_VACANCY_NIAA,CloseStatusDate
ESS,CDP Vacancy,ESS,SUB827_VACANCY_NIAA,IsActive
ESS,CDP Vacancy Referral,ESS,SUB827_VACANCY_NIAA,IsActive
ESS,RAES Vacancy Referral,ESS,SUB827_VACANCY_NIAA,IsActive
AURION,Organisation Staff,AURION,positions,Position_Number
AURION,Organisation Staff,AURION,positions,Position_Full_Title
AURION,Organisation Staff,AURION,positions,Reports_to_Position
AURION,Organisation Staff,AURION,positions,Classification
AURION,Organisation Staff,AURION,positions,Organisation_Unit_Name
AURION,Organisation Staff,AURION,positions,Organisation_Unit_Level_02
AURION,Organisation Staff,AURION,positions,Organisation_Unit_Level_03
AURION,Organisation Staff,AURION,positions,Organisation_Unit_Level_04
AURION,Organisation Staff,AURION,positions,Organisation_Unit_Level_05
AURION,Organisation Staff,AURION,positions,Organisation_Unit_Level_06
ESS,CDP Caseload Tracking By Month & Age Group,ESS,CDP_Caseload_Tracking_By_Month_Age_Group,Caseload Month End
ESS,CDP Caseload Tracking By Month & Age Group,ESS,CDP_Caseload_Tracking_By_Month_Age_Group,Age Group
ESS,CDP Caseload Tracking By Month & Age Group,ESS,CDP_Caseload_Tracking_By_Month_Age_Group,Caseload At Previous Month End
ESS,CDP Caseload Tracking By Month & Age Group,ESS,CDP_Caseload_Tracking_By_Month_Age_Group,Caseload Joined CDP
ESS,CDP Caseload Tracking By Month & Age Group,ESS,CDP_Caseload_Tracking_By_Month_Age_Group,Caseload Left CDP
ESS,CDP Caseload Tracking By Month & Age Group,ESS,CDP_Caseload_Tracking_By_Month_Age_Group,Caseload At Month End
GRANTS,Funding Decision,GRANTS,Funding Brief,Funding Brief Id
GRANTS,Funding Decision,GRANTS,Funding Brief,Approval Type
GRANTS,Funding Decision,GRANTS,Funding Brief,Comments
GRANTS,Funding Decision,GRANTS,Funding Brief,PDMS Id
FUSION,Grant Opportunity Guideline - CTG Outcome,FUSION,pmc_gog_pmc_ctgoutcome,pmc_ctgoutcomeid
FUSION,Grant Opportunity Guideline - CTG Outcome,FUSION,pmc_gog_pmc_ctgoutcome,pmc_gog_pmc_ctgoutcomeid
FUSION,Grant Opportunity Guideline - CTG Outcome,FUSION,pmc_gog_pmc_ctgoutcome,pmc_grantopportunityguidelineid
ESS,TWES Site Contract,ESS,CDP Region,CDP Region Number
ESS,CDP Site Contract,ESS,CDP Region,CDP Region Number
ESS,CDP Contract,ESS,CDP Region,CDP Region Number
ESS,CDP Contract,ESS,CDP Region,CDP Region Code
ESS,CDP Site Contract,ESS,CDP Region,CDP Region Code
ESS,TWES Site Contract,ESS,CDP Region,CDP Region Code
ESS,TWES Site Contract,ESS,CDP Region,NIAA Region Code
ESS,TWES Site Contract,ESS,CDP Region,NIAA Region
ESS,CDP Site Contract,ESS,CDP Region,NIAA Region
ESS,CDP Contract,ESS,CDP Region,NIAA Region
ESS,CDP Contract,ESS,CDP Region,State Code
abs,CED,abs,CED_2016_AUST,Id
abs,CED,abs,CED_2016_AUST,CED_CODE16
abs,CED,abs,CED_2016_AUST,CED_NAME16
abs,CED,abs,CED_2016_AUST,AREASQKM16
abs,CED,abs,CED_2016_AUST,Polygon
ESS,CDP Employment Placement History_obsolete,ESS,SUB828_VACANCY_REFERRAL_NIAA,EXTRACT_DATE
ESS,CDP Employment Placement History_obsolete,ESS,SUB828_VACANCY_REFERRAL_NIAA,EFFECTIVE_START_DATE
ESS,CDP Vacancy Referral,ESS,SUB828_VACANCY_REFERRAL_NIAA,EFFECTIVE_START_DATE
ESS,RAES Vacancy Referral,ESS,SUB828_VACANCY_REFERRAL_NIAA,EFFECTIVE_START_DATE
ESS,RAES Vacancy Referral,ESS,SUB828_VACANCY_REFERRAL_NIAA,EFFECTIVE_END_DATE
ESS,CDP Vacancy Referral,ESS,SUB828_VACANCY_REFERRAL_NIAA,EFFECTIVE_END_DATE
ESS,CDP Employment Placement History_obsolete,ESS,SUB828_VACANCY_REFERRAL_NIAA,EFFECTIVE_END_DATE
ESS,CDP Employment Placement History_obsolete,ESS,SUB828_VACANCY_REFERRAL_NIAA,VacancyId
ESS,CDP Vacancy,ESS,SUB828_VACANCY_REFERRAL_NIAA,VacancyId
ESS,CDP Vacancy Referral,ESS,SUB828_VACANCY_REFERRAL_NIAA,VacancyId
ESS,RAES Vacancy Referral,ESS,SUB828_VACANCY_REFERRAL_NIAA,VacancyId
ESS,RAES Vacancy Referral,ESS,SUB828_VACANCY_REFERRAL_NIAA,ContractTypeCode
ESS,CDP Vacancy Referral,ESS,SUB828_VACANCY_REFERRAL_NIAA,ContractTypeCode
ESS,CDP Employment Placement History_obsolete,ESS,SUB828_VACANCY_REFERRAL_NIAA,ContractTypeCode
ESS,CDP Vacancy Referral,ESS,SUB828_VACANCY_REFERRAL_NIAA,CreatedOn
ESS,RAES Vacancy Referral,ESS,SUB828_VACANCY_REFERRAL_NIAA,CreatedOn
ESS,RAES Vacancy Referral,ESS,SUB828_VACANCY_REFERRAL_NIAA,VacancyReferralId
ESS,CDP Vacancy Referral,ESS,SUB828_VACANCY_REFERRAL_NIAA,VacancyReferralId
ESS,CDP Claim,ESS,SUB828_VACANCY_REFERRAL_NIAA,VacancyReferralId
ESS,CDP Employment Placement History_obsolete,ESS,SUB828_VACANCY_REFERRAL_NIAA,VacancyReferralId
ESS,CDP Employment Placement History_obsolete,ESS,SUB828_VACANCY_REFERRAL_NIAA,JobSeekerId
ESS,CDP Vacancy,ESS,SUB828_VACANCY_REFERRAL_NIAA,JobSeekerId
ESS,CDP Vacancy Referral,ESS,SUB828_VACANCY_REFERRAL_NIAA,JobSeekerId
ESS,RAES Vacancy Referral,ESS,SUB828_VACANCY_REFERRAL_NIAA,JobSeekerId
ESS,RAES Vacancy Referral,ESS,SUB828_VACANCY_REFERRAL_NIAA,ReferredDate
ESS,CDP Vacancy Referral,ESS,SUB828_VACANCY_REFERRAL_NIAA,ReferredDate
ESS,CDP Employment Placement History_obsolete,ESS,SUB828_VACANCY_REFERRAL_NIAA,ReferredDate
ESS,CDP Employment Placement History_obsolete,ESS,SUB828_VACANCY_REFERRAL_NIAA,ReferringOrgCode
ESS,CDP Vacancy Referral,ESS,SUB828_VACANCY_REFERRAL_NIAA,ReferringOrgCode
ESS,RAES Vacancy Referral,ESS,SUB828_VACANCY_REFERRAL_NIAA,ReferringOrgCode
ESS,RAES Vacancy Referral,ESS,SUB828_VACANCY_REFERRAL_NIAA,ReferringSiteCode
ESS,CDP Vacancy Referral,ESS,SUB828_VACANCY_REFERRAL_NIAA,ReferringSiteCode
ESS,CDP Employment Placement History_obsolete,ESS,SUB828_VACANCY_REFERRAL_NIAA,ReferringSiteCode
ESS,CDP Employment Placement History_obsolete,ESS,SUB828_VACANCY_REFERRAL_NIAA,ReferralComment
ESS,CDP Vacancy,ESS,SUB828_VACANCY_REFERRAL_NIAA,ReferralComment
ESS,CDP Vacancy Referral,ESS,SUB828_VACANCY_REFERRAL_NIAA,ReferralComment
ESS,RAES Vacancy Referral,ESS,SUB828_VACANCY_REFERRAL_NIAA,ReferralComment
ESS,RAES Vacancy Referral,ESS,SUB828_VACANCY_REFERRAL_NIAA,ReferralEndDate
ESS,CDP Vacancy Referral,ESS,SUB828_VACANCY_REFERRAL_NIAA,ReferralEndDate
ESS,CDP Employment Placement History_obsolete,ESS,SUB828_VACANCY_REFERRAL_NIAA,ReferralEndDate
ESS,CDP Employment Placement History_obsolete,ESS,SUB828_VACANCY_REFERRAL_NIAA,ReferralEndReasonCode
ESS,CDP Vacancy Referral,ESS,SUB828_VACANCY_REFERRAL_NIAA,ReferralEndReasonCode
ESS,RAES Vacancy Referral,ESS,SUB828_VACANCY_REFERRAL_NIAA,ReferralEndReasonCode
ESS,RAES Vacancy Referral,ESS,SUB828_VACANCY_REFERRAL_NIAA,ReferralResultCode
ESS,CDP Vacancy Referral,ESS,SUB828_VACANCY_REFERRAL_NIAA,ReferralResultCode
ESS,CDP Claim,ESS,SUB828_VACANCY_REFERRAL_NIAA,ReferralResultCode
ESS,CDP Employment Placement History_obsolete,ESS,SUB828_VACANCY_REFERRAL_NIAA,ReferralResultCode
ESS,CDP Employment Placement History_obsolete,ESS,SUB828_VACANCY_REFERRAL_NIAA,ResultEffectiveDate
ESS,CDP Vacancy,ESS,SUB828_VACANCY_REFERRAL_NIAA,ResultEffectiveDate
ESS,CDP Vacancy Referral,ESS,SUB828_VACANCY_REFERRAL_NIAA,ResultEffectiveDate
ESS,RAES Vacancy Referral,ESS,SUB828_VACANCY_REFERRAL_NIAA,ResultEffectiveDate
ESS,RAES Vacancy Referral,ESS,SUB828_VACANCY_REFERRAL_NIAA,OutcomeCode
ESS,CDP Vacancy Referral,ESS,SUB828_VACANCY_REFERRAL_NIAA,OutcomeCode
ESS,CDP Employment Placement History_obsolete,ESS,SUB828_VACANCY_REFERRAL_NIAA,OutcomeCode
ESS,CDP Employment Placement History_obsolete,ESS,SUB828_VACANCY_REFERRAL_NIAA,IsActive
ESS,CDP Vacancy,ESS,SUB828_VACANCY_REFERRAL_NIAA,IsActive
ESS,CDP Vacancy Referral,ESS,SUB828_VACANCY_REFERRAL_NIAA,IsActive
ESS,CDP Claim,ESS,SUB828_VACANCY_REFERRAL_NIAA,IsActive
ESS,RAES Vacancy Referral,ESS,SUB828_VACANCY_REFERRAL_NIAA,IsActive
abs,IAREA_DataByRegion_IndStruc,abs,IARE_2021Census_I01A,IARE_CODE_2021
abs,IARE_2021Census_I01A_Long,abs,IARE_2021Census_I01A,IARE_CODE_2021
abs,IARE_2021Census_I01A_Long,abs,IARE_2021Census_I01A,Tot_p_Indig_M
abs,IARE_2021Census_I01A_Long,abs,IARE_2021Census_I01A,Tot_p_Indig_F
abs,IARE_2021Census_I01A_Long,abs,IARE_2021Census_I01A,Tot_p_Indig_P
abs,IARE_2021Census_I01A_Long,abs,IARE_2021Census_I01A,Tot_p_NonInd_M
abs,IARE_2021Census_I01A_Long,abs,IARE_2021Census_I01A,Tot_p_NonInd_F
abs,IARE_2021Census_I01A_Long,abs,IARE_2021Census_I01A,Tot_p_NonInd_P
abs,IARE_2021Census_I01A_Long,abs,IARE_2021Census_I01A,Tot_p_IndigStat_nsM
abs,IARE_2021Census_I01A_Long,abs,IARE_2021Census_I01A,Tot_p_IndigStat_nsF
abs,IARE_2021Census_I01A_Long,abs,IARE_2021Census_I01A,Tot_p_IndigStat_nsP
abs,IARE_2021Census_I01A_Long,abs,IARE_2021Census_I01A,Tot_p_TotM
abs,IARE_2021Census_I01A_Long,abs,IARE_2021Census_I01A,Tot_p_TotF
abs,IARE_2021Census_I01A_Long,abs,IARE_2021Census_I01A,Tot_p_TotP
abs,IARE_2021Census_I01A_Long,abs,IARE_2021Census_I01A,A_0_4_Indig_M
abs,IARE_2021Census_I01A_Long,abs,IARE_2021Census_I01A,A_0_4_Indig_F
abs,IARE_2021Census_I01A_Long,abs,IARE_2021Census_I01A,A_0_4_Indig_P
abs,IARE_2021Census_I01A_Long,abs,IARE_2021Census_I01A,A_0_4_NonInd_M
abs,IARE_2021Census_I01A_Long,abs,IARE_2021Census_I01A,A_0_4_NonInd_F
abs,IARE_2021Census_I01A_Long,abs,IARE_2021Census_I01A,A_0_4_NonInd_P
abs,IARE_2021Census_I01A_Long,abs,IARE_2021Census_I01A,A_0_4_IndigStat_nsM
abs,IARE_2021Census_I01A_Long,abs,IARE_2021Census_I01A,A_0_4_IndigStat_nsF
abs,IARE_2021Census_I01A_Long,abs,IARE_2021Census_I01A,A_0_4_IndigStat_nsP
abs,IARE_2021Census_I01A_Long,abs,IARE_2021Census_I01A,A_0_4_TotM
abs,IARE_2021Census_I01A_Long,abs,IARE_2021Census_I01A,A_0_4_TotF
abs,IARE_2021Census_I01A_Long,abs,IARE_2021Census_I01A,A_0_4_TotP
abs,IARE_2021Census_I01A_Long,abs,IARE_2021Census_I01A,A_5_14_Indig_M
abs,IARE_2021Census_I01A_Long,abs,IARE_2021Census_I01A,A_5_14_Indig_F
abs,IARE_2021Census_I01A_Long,abs,IARE_2021Census_I01A,A_5_14_Indig_P
abs,IARE_2021Census_I01A_Long,abs,IARE_2021Census_I01A,A_5_14_NonInd_M
abs,IARE_2021Census_I01A_Long,abs,IARE_2021Census_I01A,A_5_14_NonInd_F
abs,IARE_2021Census_I01A_Long,abs,IARE_2021Census_I01A,A_5_14_NonInd_P
abs,IARE_2021Census_I01A_Long,abs,IARE_2021Census_I01A,A_5_14_IndigStat_nsM
abs,IARE_2021Census_I01A_Long,abs,IARE_2021Census_I01A,A_5_14_IndigStat_nsF
abs,IARE_2021Census_I01A_Long,abs,IARE_2021Census_I01A,A_5_14_IndigStat_nsP
abs,IARE_2021Census_I01A_Long,abs,IARE_2021Census_I01A,A_5_14_TotM
abs,IARE_2021Census_I01A_Long,abs,IARE_2021Census_I01A,A_5_14_TotF
abs,IARE_2021Census_I01A_Long,abs,IARE_2021Census_I01A,A_5_14_TotP
abs,IARE_2021Census_I01A_Long,abs,IARE_2021Census_I01A,A_15_24_Indig_M
abs,IARE_2021Census_I01A_Long,abs,IARE_2021Census_I01A,A_15_24_Indig_F
abs,IARE_2021Census_I01A_Long,abs,IARE_2021Census_I01A,A_15_24_Indig_P
abs,IARE_2021Census_I01A_Long,abs,IARE_2021Census_I01A,A_15_24_NonInd_M
abs,IARE_2021Census_I01A_Long,abs,IARE_2021Census_I01A,A_15_24_NonInd_F
abs,IARE_2021Census_I01A_Long,abs,IARE_2021Census_I01A,A_15_24_NonInd_P
abs,IARE_2021Census_I01A_Long,abs,IARE_2021Census_I01A,A_15_24_IndigStat_nsM
abs,IARE_2021Census_I01A_Long,abs,IARE_2021Census_I01A,A_15_24_IndigStat_nsF
abs,IARE_2021Census_I01A_Long,abs,IARE_2021Census_I01A,A_15_24_IndigStat_nsP
abs,IARE_2021Census_I01A_Long,abs,IARE_2021Census_I01A,A_15_24_TotM
abs,IARE_2021Census_I01A_Long,abs,IARE_2021Census_I01A,A_15_24_TotF
abs,IARE_2021Census_I01A_Long,abs,IARE_2021Census_I01A,A_15_24_TotP
abs,IARE_2021Census_I01A_Long,abs,IARE_2021Census_I01A,A_25_44_Indig_M
abs,IARE_2021Census_I01A_Long,abs,IARE_2021Census_I01A,A_25_44_Indig_F
abs,IARE_2021Census_I01A_Long,abs,IARE_2021Census_I01A,A_25_44_Indig_P
abs,IARE_2021Census_I01A_Long,abs,IARE_2021Census_I01A,A_25_44_NonInd_M
abs,IARE_2021Census_I01A_Long,abs,IARE_2021Census_I01A,A_25_44_NonInd_F
abs,IARE_2021Census_I01A_Long,abs,IARE_2021Census_I01A,A_25_44_NonInd_P
abs,IARE_2021Census_I01A_Long,abs,IARE_2021Census_I01A,A_25_44_IndigStat_nsM
abs,IARE_2021Census_I01A_Long,abs,IARE_2021Census_I01A,A_25_44_IndigStat_nsF
abs,IARE_2021Census_I01A_Long,abs,IARE_2021Census_I01A,A_25_44_IndigStat_nsP
abs,IARE_2021Census_I01A_Long,abs,IARE_2021Census_I01A,A_25_44_TotM
abs,IARE_2021Census_I01A_Long,abs,IARE_2021Census_I01A,A_25_44_TotF
abs,IARE_2021Census_I01A_Long,abs,IARE_2021Census_I01A,A_25_44_TotP
abs,IARE_2021Census_I01A_Long,abs,IARE_2021Census_I01A,A_45_64_Indig_M
abs,IARE_2021Census_I01A_Long,abs,IARE_2021Census_I01A,A_45_64_Indig_F
abs,IARE_2021Census_I01A_Long,abs,IARE_2021Census_I01A,A_45_64_Indig_P
abs,IARE_2021Census_I01A_Long,abs,IARE_2021Census_I01A,A_45_64_NonInd_M
abs,IARE_2021Census_I01A_Long,abs,IARE_2021Census_I01A,A_45_64_NonInd_F
abs,IARE_2021Census_I01A_Long,abs,IARE_2021Census_I01A,A_45_64_NonInd_P
abs,IARE_2021Census_I01A_Long,abs,IARE_2021Census_I01A,A_45_64_IndigStat_nsM
abs,IARE_2021Census_I01A_Long,abs,IARE_2021Census_I01A,A_45_64_IndigStat_nsF
abs,IARE_2021Census_I01A_Long,abs,IARE_2021Census_I01A,A_45_64_IndigStat_nsP
abs,IARE_2021Census_I01A_Long,abs,IARE_2021Census_I01A,A_45_64_TotM
abs,IARE_2021Census_I01A_Long,abs,IARE_2021Census_I01A,A_45_64_TotF
abs,IARE_2021Census_I01A_Long,abs,IARE_2021Census_I01A,A_45_64_TotP
abs,IARE_2021Census_I01A_Long,abs,IARE_2021Census_I01A,A_65_over_Indig_M
abs,IARE_2021Census_I01A_Long,abs,IARE_2021Census_I01A,A_65_over_Indig_F
abs,IARE_2021Census_I01A_Long,abs,IARE_2021Census_I01A,A_65_over_Indig_P
abs,IARE_2021Census_I01A_Long,abs,IARE_2021Census_I01A,A_65_ovr_NonInd_M
abs,IARE_2021Census_I01A_Long,abs,IARE_2021Census_I01A,A_65_ovr_NonInd_F
abs,IARE_2021Census_I01A_Long,abs,IARE_2021Census_I01A,A_65_ovr_NonInd_P
abs,IARE_2021Census_I01A_Long,abs,IARE_2021Census_I01A,A_65ove_IndigStat_nsM
abs,IARE_2021Census_I01A_Long,abs,IARE_2021Census_I01A,A_65ove_IndigStat_nsF
abs,IARE_2021Census_I01A_Long,abs,IARE_2021Census_I01A,A_65ove_IndigStat_nsP
abs,IARE_2021Census_I01A_Long,abs,IARE_2021Census_I01A,A_65_ovr_TotM
abs,IARE_2021Census_I01A_Long,abs,IARE_2021Census_I01A,A_65_ovr_TotF
abs,IARE_2021Census_I01A_Long,abs,IARE_2021Census_I01A,A_65_ovr_TotP
abs,IARE_2021Census_I01A_Long,abs,IARE_2021Census_I01A,Cntd_CN_home_Indig_M
abs,IARE_2021Census_I01A_Long,abs,IARE_2021Census_I01A,Cntd_CN_home_Indig_F
abs,IARE_2021Census_I01A_Long,abs,IARE_2021Census_I01A,Cntd_CN_home_Indig_P
abs,IARE_2021Census_I01A_Long,abs,IARE_2021Census_I01A,Cntd_CN_hme_NonInd_M
abs,IARE_2021Census_I01A_Long,abs,IARE_2021Census_I01A,Cntd_CN_hme_NonInd_F
abs,IARE_2021Census_I01A_Long,abs,IARE_2021Census_I01A,Cntd_CN_hme_NonInd_P
abs,IARE_2021Census_I01A_Long,abs,IARE_2021Census_I01A,ctd_CN_hme_Indig_st_nsM
abs,IARE_2021Census_I01A_Long,abs,IARE_2021Census_I01A,ctd_CN_hme_Indig_st_nsF
abs,IARE_2021Census_I01A_Long,abs,IARE_2021Census_I01A,ctd_CN_hme_Indig_st_nsP
abs,IARE_2021Census_I01A_Long,abs,IARE_2021Census_I01A,Cntd_CN_home_TotM
abs,IARE_2021Census_I01A_Long,abs,IARE_2021Census_I01A,Cntd_CN_home_TotF
abs,IARE_2021Census_I01A_Long,abs,IARE_2021Census_I01A,Cntd_CN_home_TotP
FUSION,Activity Linking Table,FUSION,Opportunity - Grant Application,Opportunity Id
FUSION,Activity Approval Verification - not linked,FUSION,Opportunity - Grant Application,Opportunity Id
FUSION,Activity Approval Verification - not linked,FUSION,Opportunity - Grant Application,Grant Application Id
FUSION,Activity Linking Table,FUSION,Opportunity - Grant Application,Grant Application Id
FUSION,Target Age Demographic,FUSION,pmc_targetagedemographic,pmc_agefrom
FUSION,Target Age Demographic,FUSION,pmc_targetagedemographic,pmc_ageto
FUSION,Target Age Demographic,FUSION,pmc_targetagedemographic,pmc_name
FUSION,Target Age Demographic,FUSION,pmc_targetagedemographic,pmc_targetagedemographicid
ESS,CDP Caseload Tracking By Month & Indigenous Status,ESS,CDP_Caseload_Tracking_By_Month_Indigenous,Caseload Month End
ESS,CDP Caseload Tracking By Month & Indigenous Status,ESS,CDP_Caseload_Tracking_By_Month_Indigenous,Is Indigenous
ESS,CDP Caseload Tracking By Month & Indigenous Status,ESS,CDP_Caseload_Tracking_By_Month_Indigenous,Caseload At Previous Month End
ESS,CDP Caseload Tracking By Month & Indigenous Status,ESS,CDP_Caseload_Tracking_By_Month_Indigenous,Caseload Joined CDP
ESS,CDP Caseload Tracking By Month & Indigenous Status,ESS,CDP_Caseload_Tracking_By_Month_Indigenous,Caseload Left CDP
ESS,CDP Caseload Tracking By Month & Indigenous Status,ESS,CDP_Caseload_Tracking_By_Month_Indigenous,Caseload At Month End
FUSION,Activity Risk History,FUSION,pmc_activityriskhistory,pmc_activityriskassessmentid
FUSION,Activity Risk History,FUSION,pmc_activityriskhistory,pmc_activityriskhistoryid
FUSION,Activity Risk History,FUSION,pmc_activityriskhistory,pmc_activityriskstatusname
FUSION,Activity Risk History,FUSION,pmc_activityriskhistory,pmc_annualisedfunding
FUSION,Activity Risk History,FUSION,pmc_activityriskhistory,pmc_changedate
FUSION,Activity Risk History,FUSION,pmc_activityriskhistory,pmc_changedbyname
FUSION,Activity Risk History,FUSION,pmc_activityriskhistory,pmc_duration
FUSION,Activity Risk History,FUSION,pmc_activityriskhistory,pmc_garpriskratingname
FUSION,Activity Risk History,FUSION,pmc_activityriskhistory,pmc_name
FUSION,Activity Risk History,FUSION,pmc_activityriskhistory,pmc_natureofactivityname
FUSION,Activity Risk History,FUSION,pmc_activityriskhistory,pmc_riskconsequencename
FUSION,Activity Risk History,FUSION,pmc_activityriskhistory,pmc_riskleveldate
FUSION,Activity Risk History,FUSION,pmc_activityriskhistory,pmc_risklevelname
FUSION,Activity Risk History,FUSION,pmc_activityriskhistory,pmc_risklikelihoodname
FUSION,Activity Risk History,FUSION,pmc_activityriskhistory,pmc_totalfundingamount
FUSION,Activity Risk History,FUSION,pmc_activityriskhistory,pmc_totalfundingstatusname
FUSION,Activity Risk History,FUSION,pmc_activityriskhistory,statecodename
FUSION,Activity Risk History,FUSION,pmc_activityriskhistory,statuscodename
Forms,CDP_PPR_Result_Calculation_KPI_Review_History,Forms,CDP_PPR_Result_Description,PPR Number
Forms,CDP_PPR_Result_Calculation_Review_History,Forms,CDP_PPR_Result_Description,PPR Number
Forms,CDP_PPR_Result_Calculation,Forms,CDP_PPR_Result_Description,PPR Number
Forms,CDP_PPR_Result_Calculation Old 20240404,Forms,CDP_PPR_Result_Description,PPR Number
Forms,CDP_PPR_Result_Calculation_KPI,Forms,CDP_PPR_Result_Description,PPR Number
Forms,CDP_PPR_Result_Calculation_KPI,Forms,CDP_PPR_Result_Description,Result Type
Forms,CDP_PPR_Assessment_Response_Summary_Review_History_Test,Forms,CDP_PPR_Result_Description,Result Type
Forms,CDP_PPR_Assessment_Response_Summary,Forms,CDP_PPR_Result_Description,Result Type
Forms,CDP_PPR_Result_Calculation Old 20240404,Forms,CDP_PPR_Result_Description,Result Type
ESS,Grant Activity KPI Assessment,Forms,CDP_PPR_Result_Description,Result Type
Forms,CDP_PPR_Result_Calculation,Forms,CDP_PPR_Result_Description,Result Type
Forms,CDP_PPR_Result_Calculation_Review_History,Forms,CDP_PPR_Result_Description,Result Type
Forms,CDP_PPR_Result_Calculation_KPI_Review_History,Forms,CDP_PPR_Result_Description,Result Type
Forms,CDP_PPR_Result_Calculation_SubMeasure,Forms,CDP_PPR_Result_Description,Result Type
Forms,CDP_PPR_Assessment_Response_Summary_Review_History,Forms,CDP_PPR_Result_Description,Result Type
GPS,Grant Activity Performance Item,Forms,CDP_PPR_Result_Description,Result Type
Forms,CDP_PPR_Assessment_Response_Summary_Review_History,Forms,CDP_PPR_Result_Description,Result Type Key
Forms,CDP_PPR_Result_Calculation_SubMeasure,Forms,CDP_PPR_Result_Description,Result Type Key
Forms,CDP_PPR_Assessment_Response_Summary,Forms,CDP_PPR_Result_Description,Result Type Key
Forms,CDP_PPR_Assessment_Response_Summary_Review_History_Test,Forms,CDP_PPR_Result_Description,Result Type Key
Forms,CDP_PPR_Result_Calculation_KPI,Forms,CDP_PPR_Result_Description,Result Type Number
Forms,CDP_PPR_Result_Calculation Old 20240404,Forms,CDP_PPR_Result_Description,Result Type Number
Forms,CDP_PPR_Result_Calculation_KPI_Review_History,Forms,CDP_PPR_Result_Description,Result Type Number
Forms,CDP_PPR_Result_Calculation_Review_History,Forms,CDP_PPR_Result_Description,Result Type Number
Forms,CDP_PPR_Result_Calculation,Forms,CDP_PPR_Result_Description,Result Type Number
Forms,CDP_PPR_Result_Calculation,Forms,CDP_PPR_Result_Description,Result Range Start
Forms,CDP_PPR_Result_Calculation_Review_History,Forms,CDP_PPR_Result_Description,Result Range Start
Forms,CDP_PPR_Result_Calculation_KPI_Review_History,Forms,CDP_PPR_Result_Description,Result Range Start
Forms,CDP_PPR_Result_Calculation_SubMeasure,Forms,CDP_PPR_Result_Description,Result Range Start
Forms,CDP_PPR_Assessment_Response_Summary_Review_History,Forms,CDP_PPR_Result_Description,Result Range Start
GPS,Grant Activity Performance Item,Forms,CDP_PPR_Result_Description,Result Range Start
Forms,CDP_PPR_Result_Calculation Old 20240404,Forms,CDP_PPR_Result_Description,Result Range Start
Forms,CDP_PPR_Result_Calculation_KPI,Forms,CDP_PPR_Result_Description,Result Range Start
Forms,CDP_PPR_Assessment_Response_Summary_Review_History_Test,Forms,CDP_PPR_Result_Description,Result Range Start
Forms,CDP_PPR_Assessment_Response_Summary,Forms,CDP_PPR_Result_Description,Result Range Start
ESS,Grant Activity KPI Assessment,Forms,CDP_PPR_Result_Description,Result Range Start
ESS,Grant Activity KPI Assessment,Forms,CDP_PPR_Result_Description,Result Range End
Forms,CDP_PPR_Assessment_Response_Summary,Forms,CDP_PPR_Result_Description,Result Range End
Forms,CDP_PPR_Assessment_Response_Summary_Review_History_Test,Forms,CDP_PPR_Result_Description,Result Range End
Forms,CDP_PPR_Result_Calculation_KPI,Forms,CDP_PPR_Result_Description,Result Range End
Forms,CDP_PPR_Result_Calculation Old 20240404,Forms,CDP_PPR_Result_Description,Result Range End
GPS,Grant Activity Performance Item,Forms,CDP_PPR_Result_Description,Result Range End
Forms,CDP_PPR_Assessment_Response_Summary_Review_History,Forms,CDP_PPR_Result_Description,Result Range End
Forms,CDP_PPR_Result_Calculation_SubMeasure,Forms,CDP_PPR_Result_Description,Result Range End
Forms,CDP_PPR_Result_Calculation_KPI_Review_History,Forms,CDP_PPR_Result_Description,Result Range End
Forms,CDP_PPR_Result_Calculation_Review_History,Forms,CDP_PPR_Result_Description,Result Range End
Forms,CDP_PPR_Result_Calculation,Forms,CDP_PPR_Result_Description,Result Range End
Forms,CDP_PPR_Result_Calculation,Forms,CDP_PPR_Result_Description,Result Range Description
Forms,CDP_PPR_Result_Calculation_Review_History,Forms,CDP_PPR_Result_Description,Result Range Description
Forms,CDP_PPR_Result_Calculation_KPI_Review_History,Forms,CDP_PPR_Result_Description,Result Range Description
Forms,CDP_PPR_Result_Calculation_SubMeasure,Forms,CDP_PPR_Result_Description,Result Range Description
Forms,CDP_PPR_Assessment_Response_Summary_Review_History,Forms,CDP_PPR_Result_Description,Result Range Description
GPS,Grant Activity Performance Item,Forms,CDP_PPR_Result_Description,Result Range Description
Forms,CDP_PPR_Result_Calculation Old 20240404,Forms,CDP_PPR_Result_Description,Result Range Description
Forms,CDP_PPR_Result_Calculation_KPI,Forms,CDP_PPR_Result_Description,Result Range Description
Forms,CDP_PPR_Assessment_Response_Summary_Review_History_Test,Forms,CDP_PPR_Result_Description,Result Range Description
Forms,CDP_PPR_Assessment_Response_Summary,Forms,CDP_PPR_Result_Description,Result Range Description
ESS,Grant Activity KPI Assessment,Forms,CDP_PPR_Result_Description,Result Range Description
Forms,CDP_PPR_Result_Calculation_SubMeasure,Forms,CDP_PPR_Result_Description,Result Range Long Description
ESS,CDP Employment Placement History_obsolete,ESS,SUB829_VACANCY_REFERRAL_END_DT_NIAA,EFFECTIVE_START_DATE
ESS,CDP Employment Placement History_obsolete,ESS,SUB829_VACANCY_REFERRAL_END_DT_NIAA,EFFECTIVE_END_DATE
ESS,CDP Employment Placement History_obsolete,ESS,SUB829_VACANCY_REFERRAL_END_DT_NIAA,VACANCY_REF_ID
ESS,CDP Vacancy Referral,ESS,SUB829_VACANCY_REFERRAL_END_DT_NIAA,VACANCY_REF_ID
ESS,RAES Vacancy Referral,ESS,SUB829_VACANCY_REFERRAL_END_DT_NIAA,VACANCY_REF_ID
ESS,RAES Vacancy Referral,ESS,SUB829_VACANCY_REFERRAL_END_DT_NIAA,RESULT_ENTERED_TS
ESS,CDP Vacancy Referral,ESS,SUB829_VACANCY_REFERRAL_END_DT_NIAA,RESULT_ENTERED_TS
ESS,CDP Employment Placement History_obsolete,ESS,SUB829_VACANCY_REFERRAL_END_DT_NIAA,RESULT_ENTERED_TS
ESS,CDP Vacancy Referral,ESS,SUB829_VACANCY_REFERRAL_END_DT_NIAA,IsActive
ESS,RAES Vacancy Referral,ESS,SUB829_VACANCY_REFERRAL_END_DT_NIAA,IsActive
GRANTS,GrantConnect Grants Awarded,GRANTS,GrantConnectGrantsAwarded-20251028,Agency
GRANTS,GrantConnect Grants Awarded,GRANTS,GrantConnectGrantsAwarded-20251028,GA ID
GRANTS,GrantConnect Grants Awarded,GRANTS,GrantConnectGrantsAwarded-20251028,Publish Date
GRANTS,GrantConnect Grants Awarded,GRANTS,GrantConnectGrantsAwarded-20251028,Approval Date
GRANTS,GrantConnect Grants Awarded,GRANTS,GrantConnectGrantsAwarded-20251028,Start Date
GRANTS,GrantConnect Grants Awarded,GRANTS,GrantConnectGrantsAwarded-20251028,End Date
GRANTS,GrantConnect Grants Awarded,GRANTS,GrantConnectGrantsAwarded-20251028,Value (AUD)
GRANTS,GrantConnect Grants Awarded,GRANTS,GrantConnectGrantsAwarded-20251028,PBS Program Name
GRANTS,GrantConnect Grants Awarded,GRANTS,GrantConnectGrantsAwarded-20251028,Grant Program
GRANTS,GrantConnect Grants Awarded,GRANTS,GrantConnectGrantsAwarded-20251028,Grant Activity
GRANTS,GrantConnect Grants Awarded,GRANTS,GrantConnectGrantsAwarded-20251028,Purpose
GRANTS,GrantConnect Grants Awarded,GRANTS,GrantConnectGrantsAwarded-20251028,One-off/Ad hoc
GRANTS,GrantConnect Grants Awarded,GRANTS,GrantConnectGrantsAwarded-20251028,Aggregate
GRANTS,GrantConnect Grants Awarded,GRANTS,GrantConnectGrantsAwarded-20251028,Aggregate Reason
GRANTS,GrantConnect Grants Awarded,GRANTS,GrantConnectGrantsAwarded-20251028,Aggregate Number
GRANTS,GrantConnect Grants Awarded,GRANTS,GrantConnectGrantsAwarded-20251028,Selection Process
GRANTS,GrantConnect Grants Awarded,GRANTS,GrantConnectGrantsAwarded-20251028,Category
GRANTS,GrantConnect Grants Awarded,GRANTS,GrantConnectGrantsAwarded-20251028,Internal Reference ID
GRANTS,GrantConnect Grants Awarded,GRANTS,GrantConnectGrantsAwarded-20251028,GO ID
GRANTS,GrantConnect Grants Awarded,GRANTS,GrantConnectGrantsAwarded-20251028,Confidentiality - Contract
GRANTS,GrantConnect Grants Awarded,GRANTS,GrantConnectGrantsAwarded-20251028,Confidentiality Reason(s) - Contract
GRANTS,GrantConnect Grants Awarded,GRANTS,GrantConnectGrantsAwarded-20251028,Confidentiality - Outputs
GRANTS,GrantConnect Grants Awarded,GRANTS,GrantConnectGrantsAwarded-20251028,Confidentiality Reason(s) - Outputs
GRANTS,GrantConnect Grants Awarded,GRANTS,GrantConnectGrantsAwarded-20251028,Recipient Name
GRANTS,GrantConnect Grants Awarded,GRANTS,GrantConnectGrantsAwarded-20251028,Recipient ABN
GRANTS,GrantConnect Grants Awarded,GRANTS,GrantConnectGrantsAwarded-20251028,Recipient Suburb
GRANTS,GrantConnect Grants Awarded,GRANTS,GrantConnectGrantsAwarded-20251028,Recipient Town/City
GRANTS,GrantConnect Grants Awarded,GRANTS,GrantConnectGrantsAwarded-20251028,Recipient Postcode
GRANTS,GrantConnect Grants Awarded,GRANTS,GrantConnectGrantsAwarded-20251028,Recipient State/Territory
GRANTS,GrantConnect Grants Awarded,GRANTS,GrantConnectGrantsAwarded-20251028,Recipient Country
GRANTS,GrantConnect Grants Awarded,GRANTS,GrantConnectGrantsAwarded-20251028,Delivery State/Territory
GRANTS,GrantConnect Grants Awarded,GRANTS,GrantConnectGrantsAwarded-20251028,Delivery Postcode
GRANTS,GrantConnect Grants Awarded,GRANTS,GrantConnectGrantsAwarded-20251028,Delivery Country
GRANTS,GrantConnect Grants Awarded,GRANTS,GrantConnectGrantsAwarded-20251028,Contact Name
GRANTS,GrantConnect Grants Awarded,GRANTS,GrantConnectGrantsAwarded-20251028,EtlSourceFile
GRANTS,GrantConnect Grants Awarded,GRANTS,GrantConnectGrantsAwarded-20251028,EtlSourceFileStartDate
GRANTS,GrantConnect Grants Awarded,GRANTS,GrantConnectGrantsAwarded-20251028,EtlDateCreated
GRANTS,GrantConnect Grants Awarded,GRANTS,GrantConnectGrantsAwarded-20251028,EtlDateUpdated
NIAA,Program Expenditure,NIAA,Program Tracker,Program Tracker Id
NIAA,Program Budget,NIAA,Program Tracker,Program Tracker Id
NIAA,Program Budget,NIAA,Program Tracker,Programme Id
NIAA,Program Budget,NIAA,Program Tracker,Programme Code
NIAA,Program Budget,NIAA,Program Tracker,Programme
NIAA,Program Budget,NIAA,Program Tracker,Sub-Programme
NIAA,Program Budget,NIAA,Program Tracker,Category
NIAA,Program Budget,NIAA,Program Tracker,Grant Activity Id
NIAA,Program Budget,NIAA,Program Tracker,Activity Id
NIAA,Program Budget,NIAA,Program Tracker,Activity Title
NIAA,Program Budget,NIAA,Program Tracker,Activity Description
NIAA,Program Budget,NIAA,Program Tracker,Service Provider Name
NIAA,Program Budget,NIAA,Program Tracker,PMC Region Id
NIAA,Program Budget,NIAA,Program Tracker,PMC Region
NIAA,Program Budget,NIAA,Program Tracker,PMC Region Code
NIAA,Program Budget,NIAA,Program Tracker,Managing PMC Region
NIAA,Program Budget,NIAA,Program Tracker,Purchase Order/Doc No
NIAA,Program Budget,NIAA,Program Tracker,Cost Centre
NIAA,Program Budget,NIAA,Program Tracker,Ministerial Brief Number
NIAA,Program Budget,NIAA,Program Tracker,Activity Start Date
NIAA,Program Budget,NIAA,Program Tracker,Activity End date
NIAA,Program Budget,NIAA,Program Tracker,Financial Year
NIAA,Program Expenditure,NIAA,Program Tracker,Financial Year
NIAA,Program Expenditure,NIAA,Program Tracker,Financial Year Id
NIAA,Program Budget,NIAA,Program Tracker,Financial Year Id
NIAA,Program Budget,NIAA,Program Tracker,Financial Year Start Date
NIAA,Program Expenditure,NIAA,Program Tracker,Financial Year Start Date
NIAA,Program Expenditure,NIAA,Program Tracker,Financial Year End Date
NIAA,Program Budget,NIAA,Program Tracker,Financial Year End Date
NIAA,Program Budget,NIAA,Program Tracker,Financial Type
NIAA,Program Expenditure,NIAA,Program Tracker,Financial Type
NIAA,Program Expenditure,NIAA,Program Tracker,Amount
NIAA,Program Budget,NIAA,Program Tracker,Amount
NIAA,Program Budget,NIAA,Program Tracker,Checksum Id
NIAA,Program Expenditure,NIAA,Program Tracker,Checksum Id
GPS,Grant Application Assessment Score,GPS,Dim_Person_HR,Person Id
GPS,Program Schedule,GPS,Dim_Person_HR,%Dim_Person_Hr_Key
GPS,Grant Activity,GPS,Dim_Person_HR,%Dim_Person_Hr_Key
NIAA,vw_Rangers_Activity_Staging,GPS,Dim_Person_HR,%Dim_Person_Hr_Key
NIAA,vw_Rangers_Activity_Staging,GPS,Dim_Person_HR,GPS Email Address
GPS,Grant Activity,GPS,Dim_Person_HR,GPS Email Address
GPS,Program Schedule,GPS,Dim_Person_HR,GPS Email Address
GPS,Grant Application Assessment Score,GPS,Dim_Person_HR,GPS Surname
GPS,Grant Activity,GPS,Dim_Person_HR,GPS Surname
NIAA,vw_Rangers_Activity_Staging,GPS,Dim_Person_HR,GPS Surname
NIAA,vw_Rangers_Activity_Staging,GPS,Dim_Person_HR,GPS First Name
GPS,Grant Activity,GPS,Dim_Person_HR,GPS First Name
GPS,Grant Application Assessment Score,GPS,Dim_Person_HR,GPS First Name
GeoASGS,GCCSA 2021 AUST WKT,GeoASGS,GCCSA_2021_AUST_GDA2020_Simplified,qgs_fid
GeoASGS,GCCSA 2021 AUST,GeoASGS,GCCSA_2021_AUST_GDA2020_Simplified,qgs_fid
GeoASGS,GCCSA 2021 AUST WKT,GeoASGS,GCCSA_2021_AUST_GDA2020_Simplified,geom
GeoASGS,GCCSA 2021 AUST,GeoASGS,GCCSA_2021_AUST_GDA2020_Simplified,GCCSA_CODE_2021
GeoASGS,GCCSA 2021 AUST,GeoASGS,GCCSA_2021_AUST_GDA2020_Simplified,GCCSA_NAME_2021
GeoASGS,GCCSA 2021 AUST,GeoASGS,GCCSA_2021_AUST_GDA2020_Simplified,STATE_CODE_2021
GeoASGS,GCCSA 2021 AUST,GeoASGS,GCCSA_2021_AUST_GDA2020_Simplified,STATE_NAME_2021
GeoASGS,GCCSA 2021 AUST,GeoASGS,GCCSA_2021_AUST_GDA2020_Simplified,AUS_CODE_2021
GeoASGS,GCCSA 2021 AUST,GeoASGS,GCCSA_2021_AUST_GDA2020_Simplified,AUS_NAME_2021
GeoASGS,GCCSA 2021 AUST,GeoASGS,GCCSA_2021_AUST_GDA2020_Simplified,AREA_ALBERS_SQKM
GeoASGS,GCCSA 2021 AUST,GeoASGS,GCCSA_2021_AUST_GDA2020_Simplified,ASGS_LOCI_URI_2021
FUSION,Target Gender,FUSION,pmc_targetgender,pmc_name
FUSION,Target Gender,FUSION,pmc_targetgender,pmc_targetgenderid
FUSION,Activity Tag,FUSION,pmc_activitytag,pmc_activitytagid
FUSION,Activity Tag,FUSION,pmc_activitytag,pmc_name
FUSION,Activity Tag,FUSION,pmc_activitytag,statecodename
abs,CED_2018,abs,CED_2018_AUST,Id
abs,CED_2018,abs,CED_2018_AUST,CED_CODE18
abs,CED_2018,abs,CED_2018_AUST,CED_NAME18
abs,CED_2018,abs,CED_2018_AUST,AREASQKM18
abs,CED_2018,abs,CED_2018_AUST,Polygon
ESS,CDP Vacancy,ESS,SUB831_EMPLOYER_NIAA,EMPLOYER_ID
ESS,CDP Vacancy,ESS,SUB831_EMPLOYER_NIAA,EMPLOYER_NAME
ESS,CDP Vacancy,ESS,SUB831_EMPLOYER_NIAA,LOCALITY_NAME
ESS,CDP Vacancy,ESS,SUB831_EMPLOYER_NIAA,STT_STATE_CODE
ESS,CDP Vacancy,ESS,SUB831_EMPLOYER_NIAA,PCC_POSTCODE
ESS,CDP Vacancy,ESS,SUB831_EMPLOYER_NIAA,ABN
ESS,CDP Vacancy,ESS,SUB831_EMPLOYER_NIAA,ZIC_ANZSIC_CODE
ESS,CDP Vacancy,ESS,SUB831_EMPLOYER_NIAA,ENTITYNAME
ESS,CDP Vacancy,ESS,SUB831_EMPLOYER_NIAA,IsActive
AURION,Staff,AURION,employee,Employee_Number
AURION,Staff,AURION,employee,Person_Number
AURION,Equity and Diversity,AURION,employee,Person_Number
AURION,Equity and Diversity,AURION,employee,Employee_Status
AURION,Staff,AURION,employee,Employee_Status
AURION,Staff,AURION,employee,Actual_Date_Effective
AURION,Staff,AURION,employee,Actual_Date_To
AURION,Staff,AURION,employee,Actual_Position_Number
AURION,Staff,AURION,employee,Actual_Organisation_Unit_Number
AURION,Staff,AURION,employee,Actual_Organisation_Unit_Low
AURION,Staff,AURION,employee,Actual_Classification
AURION,Staff,AURION,employee,Actual_Classification_Sort
AURION,Staff,AURION,employee,Actual_Increment_Point
AURION,Staff,AURION,employee,Actual_Class_Banded
AURION,Staff,AURION,employee,Actual_Job_Title
AURION,Staff,AURION,employee,Actual_Placement_Type
AURION,Staff,AURION,employee,Actual_Movement_Code
AURION,Staff,AURION,employee,Actual_Percent_Acting
AURION,Staff,AURION,employee,Actual_Job_Code
AURION,Staff,AURION,employee,LO_Code_Type
AURION,Staff,AURION,employee,Actual_Location_Code
AURION,Staff,AURION,employee,Placement_Date_Effective
AURION,Staff,AURION,employee,Placement_Position_Number
AURION,Staff,AURION,employee,Placement_Org_Unit_No
AURION,Staff,AURION,employee,Placement_Org_Unit_Low
AURION,Staff,AURION,employee,Placement_Classification
AURION,Staff,AURION,employee,Placement_Class_Sort
AURION,Staff,AURION,employee,Placement_Increment_Point
AURION,Staff,AURION,employee,Placement_Class_Banded
AURION,Staff,AURION,employee,Placement_Job_Title
AURION,Staff,AURION,employee,Placement_Type
AURION,Staff,AURION,employee,Placement_Movement_Code
AURION,Staff,AURION,employee,Currently_on_Leave_Flag
AURION,Staff,AURION,employee,Leave_Type_Code
AURION,Staff,AURION,employee,Leave_Date_From
AURION,Staff,AURION,employee,Leave_Date_To
AURION,Staff,AURION,employee,Leave_Resume_Duties_Date
AURION,Staff,AURION,employee,ET_Code_Type
AURION,Staff,AURION,employee,Employment_Type_Code
AURION,Staff,AURION,employee,AT_Code_Type
AURION,Staff,AURION,employee,Attendance_Type_Code
AURION,Staff,AURION,employee,Payment_Type
AURION,Staff,AURION,employee,PT_Code_Type
AURION,Staff,AURION,employee,Reporting_Category_Code
AURION,Staff,AURION,employee,Date_Commenced
AURION,Staff,AURION,employee,Original_Date_Commenced
AURION,Staff,AURION,employee,Date_Approved
AURION,Staff,AURION,employee,Contract_Expiry_Date
AURION,Staff,AURION,employee,Date_Terminated
AURION,Staff,AURION,employee,Work_Mon_-_Fri_Flag
AURION,Staff,AURION,employee,Exclude_From_Reports_Flag
AURION,Staff,AURION,employee,Hours_per_Week
AURION,Staff,AURION,employee,Hours_per_Week_Display
AURION,Staff,AURION,employee,Last_Status_Change_Date
AURION,Staff,AURION,employee,Equivalent_Full_Time
AURION,Staff,AURION,employee,Length_of_Service
AURION,Staff,AURION,employee,Full_Name
AURION,Staff,AURION,employee,Payroll
AURION,Staff,AURION,employee,Administer_Payroll_From
AURION,Staff,AURION,employee,Award_Code
AURION,Staff,AURION,employee,Full_Time_Hours_Per_Week
AURION,Staff,AURION,employee,Full_Time_Hours_Per_Week_Disp
AURION,Staff,AURION,employee,Days_Per_Week
AURION,Staff,AURION,employee,Average_Hours_Per_Day
AURION,Staff,AURION,employee,Work_Pattern
AURION,Staff,AURION,employee,Work_Pattern_Date_Effective
AURION,Staff,AURION,employee,RG_Region_Code
AURION,Staff,AURION,employee,Region_Code
AURION,Staff,AURION,employee,Suspend_Pay
AURION,Staff,AURION,employee,SYNC_Required
AURION,Staff,AURION,employee,Worktrip_Claims_SYNC_Required
AURION,Staff,AURION,employee,Trial_Pay_Required
AURION,Staff,AURION,employee,PP_Pay_Points
AURION,Staff,AURION,employee,Pay_Point_Code
AURION,Staff,AURION,employee,Uses_Aurion_Leave
AURION,Staff,AURION,employee,Performance_Agreement
AURION,Staff,AURION,employee,Administer_Leave_From
AURION,Staff,AURION,employee,Leave_Status_Confirmed
AURION,Staff,AURION,employee,Nominated_Classification
AURION,Staff,AURION,employee,Work_Pattern_Start_Week
AURION,Staff,AURION,employee,Default_Loading_Percent
AURION,Staff,AURION,employee,Person_Based_Pay
AURION,Staff,AURION,employee,EA_Code_Type
AURION,Staff,AURION,employee,Enterprise_Agreement
AURION,Staff,AURION,employee,Work_Pattern_key
AURION,Staff,AURION,employee,Primary_Role
GPS,Program Schedule,GPS,Dim_Programme_Schedule,%Dim_Programme_Schedule_Key
GPS,Program Schedule Variation,GPS,Dim_Programme_Schedule,%Dim_Programme_Schedule_Key
GPS,Grant Activity,GPS,Dim_Programme_Schedule,%Dim_Programme_Schedule_Key
NIAA,vw_Rangers_Activity_Staging,GPS,Dim_Programme_Schedule,%Dim_Programme_Schedule_Key
GPS,Program Schedule Variation,GPS,Dim_Programme_Schedule,Program Schedule Id
GPS,Program Schedule,GPS,Dim_Programme_Schedule,Program Schedule Id
GPS,Program Schedule,GPS,Dim_Programme_Schedule,Program Schedule Funding Agreement Type
GPS,Program Schedule,GPS,Dim_Programme_Schedule,Managing Office - Program Schedule
NIAA,vw_Rangers_Activity_Staging,GPS,Dim_Programme_Schedule,Managing Office - Program Schedule
GPS,Grant Activity,GPS,Dim_Programme_Schedule,Managing Office - Program Schedule
GPS,Program Schedule,GPS,Dim_Programme_Schedule,Program Schedule Status
GPS,Program Schedule,GPS,Dim_Programme_Schedule,Program Schedule Manager
IPP,Qpr Supply Chain Subcontractor Join Qpr Join Contract Notice,IPP,pmc_contractnotice,pmc_contractnoticeid
FUSION,Activity Linking Table,FUSION,Activity Linking Table Manual,Activity Approval Verification Id
FUSION,Activity Linking Table,FUSION,Activity Linking Table Manual,AVR Date
FUSION,Activity Linking Table,FUSION,Activity Linking Table Manual,Organisation Id
FUSION,Activity Linking Table,FUSION,Activity Linking Table Manual,Grant Application Id
FUSION,Activity Linking Table,FUSION,Activity Linking Table Manual,Ceasing Assessment Id
FUSION,Activity Linking Table,FUSION,Activity Linking Table Manual,Grant Activity Id
FUSION,Activity Linking Table,FUSION,Activity Linking Table Manual,Parent Record Id
FUSION,Activity Linking Table,FUSION,Activity Linking Table Manual,Parent Id
FUSION,Activity Linking Table,FUSION,Activity Linking Table Manual,Parent Record Type
FUSION,Activity Linking Table,FUSION,Activity Linking Table Manual,Opportunity Id
FUSION,Activity Linking Table,FUSION,Activity Linking Table Manual,AVR Net Movement
FUSION,Activity Linking Table,FUSION,Activity Linking Table Manual,Funding Decision Id
FUSION,Activity Linking Table,FUSION,Activity Linking Table Manual,Grants Management Unit Id
FUSION,Activity Linking Table,FUSION,Activity Linking Table Manual,Engagement Office Id
FUSION,Activity Linking Table,FUSION,Activity Linking Table Manual,RowCount
FUSION,Activity Linking Table,FUSION,Activity Linking Table Manual,TypeRowCount
GRANTS,Funding Brief,GRANTS,Decision Tracker,PDMS Id
GRANTS,Funding Decision,GRANTS,Decision Tracker,PDMS Id
GRANTS,Funding Decision,GRANTS,Decision Tracker,Application Id
GRANTS,Funding Decision,GRANTS,Decision Tracker,Organisation
GRANTS,Funding Decision,GRANTS,Decision Tracker,Region
GRANTS,Funding Decision,GRANTS,Decision Tracker,Activity Id
GRANTS,Funding Decision,GRANTS,Decision Tracker,Activity Title
GRANTS,Funding Brief,GRANTS,Decision Tracker,Funding Type
GRANTS,Funding Brief,GRANTS,Decision Tracker,Funding Approach
GRANTS,Funding Brief,GRANTS,Decision Tracker,Brief Title
GRANTS,Funding Decision,GRANTS,Decision Tracker,Brief Title
GRANTS,Funding Decision,GRANTS,Decision Tracker,Amount Applied For (ex GST)
GRANTS,Funding Brief,GRANTS,Decision Tracker,Amount Applied For (ex GST)
GRANTS,Funding Decision,GRANTS,Decision Tracker,Recommended Amount (ex GST)
GRANTS,Funding Decision,GRANTS,Decision Tracker,Approved Amount (ex GST)
GRANTS,Funding Brief,GRANTS,Decision Tracker,Approved Amount (ex GST)
GRANTS,Funding Decision,GRANTS,Decision Tracker,Delegate Decision
GRANTS,Funding Decision,GRANTS,Decision Tracker,Decision Delegate
GRANTS,Funding Brief,GRANTS,Decision Tracker,Decision Delegate
GRANTS,Funding Decision,GRANTS,Decision Tracker,NIAA Delegate Agreed with Recommendation
GRANTS,Funding Decision,GRANTS,Decision Tracker,Minister Delegate
GRANTS,Funding Brief,GRANTS,Decision Tracker,Minister Delegate
GRANTS,Funding Brief,GRANTS,Decision Tracker,Minister Agreed with Recommendation
GRANTS,Funding Brief,GRANTS,Decision Tracker,Delegate annotations
GRANTS,Funding Decision,GRANTS,Decision Tracker,Delegate annotations
GRANTS,Funding Decision,GRANTS,Decision Tracker,Date Decision Made
GRANTS,Funding Brief,GRANTS,Decision Tracker,Date Decision Made
FUSION,Target Group,FUSION,pmc_activitytargetgroup,pmc_activitytargetgroupid
FUSION,Target Group,FUSION,pmc_activitytargetgroup,pmc_activitytargetgroupparentid
FUSION,Target Group,FUSION,pmc_activitytargetgroup,pmc_activitytargetgroupparentidname
FUSION,Target Group,FUSION,pmc_activitytargetgroup,pmc_groupname
FUSION,Target Group,FUSION,pmc_activitytargetgroup,pmc_hierarchy
FUSION,Target Group,FUSION,pmc_activitytargetgroup,pmc_hierarchylevel
ESS,CDP Activity,ESS,SUB833_CDP_ACTIVITY_NIAA,EXTRACT_DATE
ESS,CDP Activity,ESS,SUB833_CDP_ACTIVITY_NIAA,EFFECTIVE_START_DATE
ESS,CDP Activity,ESS,SUB833_CDP_ACTIVITY_NIAA,EFFECTIVE_END_DATE
ESS,CDP Activity,ESS,SUB833_CDP_ACTIVITY_NIAA,ActivityId
ESS,CDP Job Seeker,ESS,SUB833_CDP_ACTIVITY_NIAA,ActivityId
ESS,CDP Job Seeker,ESS,SUB833_CDP_ACTIVITY_NIAA,ActivityTypeCode
ESS,CDP Activity,ESS,SUB833_CDP_ACTIVITY_NIAA,ActivityTypeCode
ESS,CDP Activity,ESS,SUB833_CDP_ACTIVITY_NIAA,ActivitySubTypeCode
ESS,CDP Activity,ESS,SUB833_CDP_ACTIVITY_NIAA,ActivityName
ESS,CDP Activity,ESS,SUB833_CDP_ACTIVITY_NIAA,StartDate
ESS,CDP Activity,ESS,SUB833_CDP_ACTIVITY_NIAA,EndDate
ESS,CDP Activity,ESS,SUB833_CDP_ACTIVITY_NIAA,StatusCode
ESS,CDP Job Seeker,ESS,SUB833_CDP_ACTIVITY_NIAA,StatusCode
ESS,CDP Activity,ESS,SUB833_CDP_ACTIVITY_NIAA,Description
ESS,CDP Activity,ESS,SUB833_CDP_ACTIVITY_NIAA,OrganisationCode
ESS,CDP Activity,ESS,SUB833_CDP_ACTIVITY_NIAA,SiteCode
ESS,CDP Activity,ESS,SUB833_CDP_ACTIVITY_NIAA,ExternallyHostedFlag
ESS,CDP Activity,ESS,SUB833_CDP_ACTIVITY_NIAA,BusinessContractId
ESS,CDP Activity,ESS,SUB833_CDP_ACTIVITY_NIAA,IsActive
ESS,CDP Job Seeker,ESS,SUB833_CDP_ACTIVITY_NIAA,IsActive
FUSION,Approved Conflict Of Interest,FUSION,pmc_approvedconflictofinterest,pmc_approvedconflictofinterestid
FUSION,Approved Conflict Of Interest,FUSION,pmc_approvedconflictofinterest,pmc_approvedconflictid
FUSION,Approved Conflict Of Interest,FUSION,pmc_approvedconflictofinterest,pmc_conflictofinterest
FUSION,Approved Conflict Of Interest,FUSION,pmc_approvedconflictofinterest,pmc_conflictofinterestname
FUSION,Approved Conflict Of Interest,FUSION,pmc_approvedconflictofinterest,pmc_declarationofinterest
FUSION,Approved Conflict Of Interest,FUSION,pmc_approvedconflictofinterest,pmc_declarationofinterestname
FUSION,Approved Conflict Of Interest,FUSION,pmc_approvedconflictofinterest,pmc_declaredby
FUSION,Approved Conflict Of Interest,FUSION,pmc_approvedconflictofinterest,pmc_declaredbyname
FUSION,Approved Conflict Of Interest,FUSION,pmc_approvedconflictofinterest,pmc_nonorganisationconflict
FUSION,Approved Conflict Of Interest,FUSION,pmc_approvedconflictofinterest,pmc_organisation
FUSION,Approved Conflict Of Interest,FUSION,pmc_approvedconflictofinterest,pmc_organisationalconflictname
FUSION,Approved Conflict Of Interest,FUSION,pmc_approvedconflictofinterest,pmc_organisationname
FUSION,Approved Conflict Of Interest,FUSION,pmc_approvedconflictofinterest,createdon
FUSION,Approved Conflict Of Interest,FUSION,pmc_approvedconflictofinterest,modifiedon
FUSION,Approved Conflict Of Interest,FUSION,pmc_approvedconflictofinterest,statecodename
FUSION,Approved Conflict Of Interest,FUSION,pmc_approvedconflictofinterest,statuscodename
GPS,Grant Activity Missing Milestone,GPS,Dim_Review,%Dim_Review_Key
GPS,Grant Activity Missing Milestone - Old,GPS,Dim_Review,%Dim_Review_Key
GPS,Grant Activity Acquittal,GPS,Dim_Review,%Dim_Review_Key
GPS,Grant Activity Milestone,GPS,Dim_Review,%Dim_Review_Key
GPS,Grant Activity Acquittal Derived History,GPS,Dim_Review,%Dim_Review_Key
GPS,Grant Activity Performance Item,GPS,Dim_Review,%Dim_Review_Key
GPS,Grant Activity Performance Derived History,GPS,Dim_Review,%Dim_Review_Key
GPS,Grant Activity Performance,GPS,Dim_Review,%Dim_Review_Key
GPS,Grant Activity Acquittal Item,GPS,Dim_Review,%Dim_Review_Key
GPS,Grant Activity Acquittal Item,GPS,Dim_Review,Review Id
GPS,Grant Activity Performance,GPS,Dim_Review,Review Id
GPS,Grant Activity Performance Derived History,GPS,Dim_Review,Review Id
GPS,Grant Activity Performance Item,GPS,Dim_Review,Review Id
GPS,Grant Activity Acquittal Derived History,GPS,Dim_Review,Review Id
GPS,Grant Activity Milestone,GPS,Dim_Review,Review Id
GPS,Grant Activity Acquittal,GPS,Dim_Review,Review Id
GPS,Grant Activity Missing Milestone - Old,GPS,Dim_Review,Review Id
GPS,Grant Activity Missing Milestone,GPS,Dim_Review,Review Id
GPS,Grant Activity Milestone,GPS,Dim_Review,Review Managing Office
GPS,Grant Activity Milestone,GPS,Dim_Review,Review Next Review Date
GPS,Grant Activity Milestone,GPS,Dim_Review,Review Contact Email
GPS,Grant Activity Milestone,GPS,Dim_Review,Review Related Email Address
GPS,Grant Activity Milestone,GPS,Dim_Review,Review Authorised By
GPS,Grant Activity Performance,GPS,Dim_Review,Review Authorised By
GPS,Grant Activity Acquittal,GPS,Dim_Review,Review Authorised By
GPS,Grant Activity Milestone,GPS,Dim_Review,Review Authorised Date
GPS,Grant Activity Milestone,GPS,Dim_Review,Review Authorising Position Type
GPS,Grant Activity Milestone,GPS,Dim_Review,Review Disable Form Distribution Flag
GPS,Grant Activity Milestone,GPS,Dim_Review,Review Disable Overdue Email Flag
GPS,Grant Activity Milestone,GPS,Dim_Review,Review Disable Reminder Email Flag
GPS,Grant Activity Milestone,GPS,Dim_Review,Review Due Date
GPS,Grant Activity Performance,GPS,Dim_Review,Review Due Date
GPS,Grant Activity Performance Derived History,GPS,Dim_Review,Review Due Date
GPS,Grant Activity Acquittal Derived History,GPS,Dim_Review,Review Due Date
GPS,Grant Activity Acquittal,GPS,Dim_Review,Review Due Date
GPS,Grant Activity Missing Milestone,GPS,Dim_Review,Review Due Date
GPS,Grant Activity Missing Milestone - Old,GPS,Dim_Review,Review Due Date
GPS,Grant Activity Missing Milestone - Old,GPS,Dim_Review,Review End Date
GPS,Grant Activity Missing Milestone,GPS,Dim_Review,Review End Date
GPS,Grant Activity Acquittal,GPS,Dim_Review,Review End Date
GPS,Grant Activity Performance,GPS,Dim_Review,Review End Date
GPS,Grant Activity Milestone,GPS,Dim_Review,Review End Date
GPS,Grant Activity Milestone,GPS,Dim_Review,Review Form Sent Date
GPS,Grant Activity Performance,GPS,Dim_Review,Review Form Sent Date
GPS,Grant Activity Acquittal,GPS,Dim_Review,Review Form Sent Date
GPS,Grant Activity Acquittal,GPS,Dim_Review,Review Form Received Date
GPS,Grant Activity Missing Milestone,GPS,Dim_Review,Review Form Received Date
GPS,Grant Activity Missing Milestone - Old,GPS,Dim_Review,Review Form Received Date
GPS,Grant Activity Performance,GPS,Dim_Review,Review Form Received Date
GPS,Grant Activity Milestone,GPS,Dim_Review,Review Form Received Date
GPS,Grant Activity Milestone,GPS,Dim_Review,Review Organisation Visible Flag
GPS,Grant Activity Milestone,GPS,Dim_Review,Review Overdue Email Sent Date
GPS,Grant Activity Milestone,GPS,Dim_Review,Review Override Email
GPS,Grant Activity Milestone,GPS,Dim_Review,Review Publish Results Flag
GPS,Grant Activity Milestone,GPS,Dim_Review,Review Q and A Form Completed Date
GPS,Grant Activity Milestone,GPS,Dim_Review,Review Reminder Email Sent Date
GPS,Grant Activity Milestone,GPS,Dim_Review,Review Result Score
GPS,Grant Activity Performance,GPS,Dim_Review,Review Result Score
GPS,Grant Activity Acquittal,GPS,Dim_Review,Review Result Score
GPS,Grant Activity Acquittal,GPS,Dim_Review,Review Result Type
GPS,Grant Activity Performance,GPS,Dim_Review,Review Result Type
GPS,Grant Activity Milestone,GPS,Dim_Review,Review Result Type
GPS,Grant Activity Milestone,GPS,Dim_Review,Review Start Date
GPS,Grant Activity Performance,GPS,Dim_Review,Review Start Date
GPS,Grant Activity Acquittal,GPS,Dim_Review,Review Start Date
GPS,Grant Activity Acquittal,GPS,Dim_Review,Review Status
GPS,Grant Activity Missing Milestone - Old,GPS,Dim_Review,Review Status
GPS,Grant Activity Missing Milestone,GPS,Dim_Review,Review Status
GPS,Grant Activity Performance,GPS,Dim_Review,Review Status
GPS,Grant Activity Acquittal Item,GPS,Dim_Review,Review Status
GPS,Grant Activity Performance Derived History,GPS,Dim_Review,Review Status
GPS,Grant Activity Performance Item,GPS,Dim_Review,Review Status
GPS,Grant Activity Acquittal Derived History,GPS,Dim_Review,Review Status
GPS,Grant Activity Milestone,GPS,Dim_Review,Review Status
GPS,Grant Activity Milestone,GPS,Dim_Review,Review Title
GPS,Grant Activity Performance Item,GPS,Dim_Review,Review Title
GPS,Grant Activity Acquittal Item,GPS,Dim_Review,Review Title
GPS,Grant Activity Performance,GPS,Dim_Review,Review Title
GPS,Grant Activity Acquittal,GPS,Dim_Review,Review Title
GPS,Grant Activity Acquittal,GPS,Dim_Review,Reviewer Type
GPS,Grant Activity Performance,GPS,Dim_Review,Reviewer Type
GPS,Grant Activity Milestone,GPS,Dim_Review,Reviewer Type
GPS,Grant Activity Milestone,GPS,Dim_Review,Review Status Change Date
GPS,Grant Activity Performance,GPS,Dim_Review,Review Status Change Date
GPS,Grant Activity Performance Derived History,GPS,Dim_Review,Review Status Change Date
GPS,Grant Activity Acquittal Derived History,GPS,Dim_Review,Review Status Change Date
GPS,Grant Activity Acquittal,GPS,Dim_Review,Review Status Change Date
GPS,Grant Activity Missing Milestone,GPS,Dim_Review,Review Status Change Date
GPS,Grant Activity Missing Milestone - Old,GPS,Dim_Review,Review Status Change Date
GPS,Grant Activity Acquittal,GPS,Dim_Review,Review Status Change Reason
GPS,Grant Activity Performance,GPS,Dim_Review,Review Status Change Reason
GPS,Grant Activity Milestone,GPS,Dim_Review,Review Status Change Reason
GPS,Grant Activity Milestone,GPS,Dim_Review,Review Status Other Change Reason
GPS,Grant Activity Performance,GPS,Dim_Review,Review Status Other Change Reason
GPS,Grant Activity Acquittal,GPS,Dim_Review,Review Status Other Change Reason
GPS,Grant Activity Acquittal,GPS,Dim_Review,Review Subtype
GPS,Grant Activity Performance,GPS,Dim_Review,Review Subtype
GPS,Grant Activity Milestone,GPS,Dim_Review,Review Subtype
GPS,Grant Activity Milestone,GPS,Dim_Review,Review Form Distribution Flag
GPS,Grant Activity Milestone,GPS,Dim_Review,Review Form Distribution Period
GPS,Grant Activity Milestone,GPS,Dim_Review,Review Overdue Email Flag
GPS,Grant Activity Milestone,GPS,Dim_Review,Review Overdue Period
GPS,Grant Activity Acquittal,GPS,Dim_Review,Review Overdue Period
GPS,Grant Activity Milestone,GPS,Dim_Review,Review Due Reminder Period
GPS,Grant Activity Milestone,GPS,Dim_Review,Review Reminder Email Flag
GPS,Grant Activity Milestone,GPS,Dim_Review,Review Type
GPS,Grant Activity Performance,GPS,Dim_Review,Review Type
GPS,Grant Activity Acquittal Item,GPS,Dim_Review,Review Type
GPS,Grant Activity Acquittal Derived History,GPS,Dim_Review,Review Type
GPS,Grant Activity Acquittal,GPS,Dim_Review,Review Type
GPS,Grant Activity Missing Milestone - Old,GPS,Dim_Review,Review Type
GPS,Grant Activity Missing Milestone,GPS,Dim_Review,Review Type
GPS,Grant Activity Milestone,GPS,Dim_Review,Review Q and A Status
GPS,Grant Activity Milestone,GPS,Dim_Review,Review Q and A Phase
GPS,Grant Activity Milestone,GPS,Dim_Review,Review Primary Person Full Name
GPS,Grant Activity Milestone,GPS,Dim_Review,Review Result Findings
GPS,Grant Activity Performance,GPS,Dim_Review,Review Result Findings
GPS,Grant Activity Acquittal,GPS,Dim_Review,Review Result Findings
GPS,Grant Activity Acquittal,GPS,Dim_Review,Review Stage
GPS,Grant Activity Performance,GPS,Dim_Review,Review Stage
GPS,Grant Activity Milestone,GPS,Dim_Review,Review Stage
GPS,Grant Activity Milestone,GPS,Dim_Review,GRS Process Error Desc
GPS,Grant Activity Milestone,GPS,Dim_Review,GRS Review Flag
GPS,Grant Activity Milestone,GPS,Dim_Review,GPS File Processed Date
ASGS,MB 2021 - CED 2024,ASGS,MB_2021_CED_2024,MB_CODE_2021
ASGS,MB 2021 - CED 2024,ASGS,MB_2021_CED_2024,CED_CODE_2024
ASGS,MB 2021 - CED 2024,ASGS,MB_2021_CED_2024,CED_NAME_2024
ASGS,MB 2021 - CED 2024,ASGS,MB_2021_CED_2024,STATE_CODE_2021
ASGS,MB 2021 - CED 2024,ASGS,MB_2021_CED_2024,STATE_NAME_2021
ASGS,MB 2021 - CED 2024,ASGS,MB_2021_CED_2024,AREA_ALBERS_SQKM
GAR,Grant Activity Review KPI,GAR,KPI,Grant Activity Review KPI Id
GAR,Grant Activity Review KPI,GAR,KPI,Activity Id
GAR,Grant Activity Review KPI,GAR,KPI,IAS Performance Report Start Date
GAR,Grant Activity Review KPI,GAR,KPI,IAS Performance Report End Date
GAR,Grant Activity Review KPI,GAR,KPI,PMC Performance Report Start Date
GAR,Grant Activity Review KPI,GAR,KPI,PMC Performance Report End Date
GAR,Grant Activity Review KPI,GAR,KPI,KPI Code
GAR,Grant Activity Review KPI,GAR,KPI,KPI Description
GAR,Grant Activity Review KPI,GAR,KPI,IAS Performance Report Status
GAR,Grant Activity Review KPI,GAR,KPI,PMC Status
GAR,Grant Activity Review KPI,GAR,KPI,Further Information
GAR,Grant Activity Review KPI,GAR,KPI,Evidence
ESS,CDP Caseload,ESS,DIM_FLAG,Flag_Int
ESS,RAES Vacancy Referral,ESS,DIM_FLAG,Flag_Text
ESS,CDP Vacancy Referral,ESS,DIM_FLAG,Flag_Text
ESS,CDP Claim,ESS,DIM_FLAG,Flag_Text
ESS,CDP Employment Placement_obsolete,ESS,DIM_FLAG,Flag_Text
ESS,CDP Job Seeker Characteristics,ESS,DIM_FLAG,Flag_Text
ESS,CDP Job Seeker,ESS,DIM_FLAG,Flag_Text
ESS,CDP Job Seeker,ESS,DIM_FLAG,Long_Desc
ESS,CDP Job Seeker Characteristics,ESS,DIM_FLAG,Long_Desc
ESS,CDP Activity,ESS,DIM_FLAG,Long_Desc
ESS,CDP Employment Placement_obsolete,ESS,DIM_FLAG,Long_Desc
ESS,CDP Vacancy,ESS,DIM_FLAG,Long_Desc
ESS,CDP Claim,ESS,DIM_FLAG,Long_Desc
ESS,CDP Vacancy Referral,ESS,DIM_FLAG,Long_Desc
ESS,CDP Organisation,ESS,DIM_FLAG,Long_Desc
ESS,RAES Vacancy Referral,ESS,DIM_FLAG,Long_Desc
ESS,CDP Caseload,ESS,DIM_FLAG,Long_Desc
ESS,CDP Organisation,ESS,DIM_FLAG,Flag_TF
ESS,CDP Vacancy,ESS,DIM_FLAG,Flag_TF
ESS,CDP Activity,ESS,DIM_FLAG,Flag_TF
GPS,Grant Activity Acquittal Item,GPS,Dim_Review_Assessment_Item,%Dim_Review_Assessment_Item_Key
GPS,Grant Activity Performance Item,GPS,Dim_Review_Assessment_Item,%Dim_Review_Assessment_Item_Key
GPS,Grant Activity Acquittal,GPS,Dim_Review_Assessment_Item,%Dim_Review_Assessment_Item_Key
GPS,Grant Activity Performance Item,GPS,Dim_Review_Assessment_Item,Review Assessment Item Id
GPS,Grant Activity Performance Item,GPS,Dim_Review_Assessment_Item,Review Item Number
GPS,Grant Activity Acquittal Item,GPS,Dim_Review_Assessment_Item,Review Item Number
GPS,Grant Activity Acquittal,GPS,Dim_Review_Assessment_Item,Review Item Number
GPS,Grant Activity Acquittal Item,GPS,Dim_Review_Assessment_Item,Review Item Answer
GPS,Grant Activity Performance Item,GPS,Dim_Review_Assessment_Item,Review Item Answer
GPS,Grant Activity Performance Item,GPS,Dim_Review_Assessment_Item,Review Item Question
GPS,Grant Activity Acquittal Item,GPS,Dim_Review_Assessment_Item,Review Item Question
GPS,Grant Activity Acquittal,GPS,Dim_Review_Assessment_Item,Review Item Question
GPS,Grant Activity Acquittal,GPS,Dim_Review_Assessment_Item,Review Item Justification
GPS,Grant Activity Acquittal Item,GPS,Dim_Review_Assessment_Item,Review Item Justification
GPS,Grant Activity Performance Item,GPS,Dim_Review_Assessment_Item,Review Item Justification
GeoASGS,IARE 2021 AUST WKT,GeoASGS,IARE_2021_AUST_GDA2020_Simplified,geom
GeoASGS,IARE 2021 AUST WKT,GeoASGS,IARE_2021_AUST_GDA2020_Simplified,qgs_fid
GeoASGS,IARE 2021 AUST,GeoASGS,IARE_2021_AUST_GDA2020_Simplified,qgs_fid
GeoASGS,IARE 2021 AUST,GeoASGS,IARE_2021_AUST_GDA2020_Simplified,IARE_CODE_2021
GeoASGS,IARE 2021 AUST,GeoASGS,IARE_2021_AUST_GDA2020_Simplified,IARE_NAME_2021
GeoASGS,IARE 2021 AUST,GeoASGS,IARE_2021_AUST_GDA2020_Simplified,IREG_CODE_2021
GeoASGS,IARE 2021 AUST,GeoASGS,IARE_2021_AUST_GDA2020_Simplified,IREG_NAME_2021
GeoASGS,IARE 2021 AUST,GeoASGS,IARE_2021_AUST_GDA2020_Simplified,STATE_CODE_2021
GeoASGS,IARE 2021 AUST,GeoASGS,IARE_2021_AUST_GDA2020_Simplified,STATE_NAME_2021
GeoASGS,IARE 2021 AUST,GeoASGS,IARE_2021_AUST_GDA2020_Simplified,AUS_CODE_2021
GeoASGS,IARE 2021 AUST,GeoASGS,IARE_2021_AUST_GDA2020_Simplified,AUS_NAME_2021
GeoASGS,IARE 2021 AUST,GeoASGS,IARE_2021_AUST_GDA2020_Simplified,AREA_ALBERS_SQKM
GeoASGS,IARE 2021 AUST,GeoASGS,IARE_2021_AUST_GDA2020_Simplified,ASGS_LOCI_URI_2021
FUSION,Grant Application,FUSION,pmc_round,pmc_fundingroundid
FUSION,Grant Application,FUSION,pmc_round,pmc_name
FUSION,Grant Application,FUSION,pmc_round,pmc_roundid
ASGS,MB 2021 - NTAR 2023,ASGS,MB_2021_NTAR_2023,Mesh_Block_Code
ASGS,MB 2021 - NTAR 2023,ASGS,MB_2021_NTAR_2023,NT_Admin_Code
abs,ILOC,abs,ILOC_2016_AUST,Id
abs,ILOC,abs,ILOC_2016_AUST,ILO_CODE16
abs,ILOC,abs,ILOC_2016_AUST,ILO_NAME16
abs,ILOC,abs,ILOC_2016_AUST,IAR_CODE16
abs,ILOC,abs,ILOC_2016_AUST,IAR_NAME16
abs,ILOC,abs,ILOC_2016_AUST,IRE_CODE16
abs,ILOC,abs,ILOC_2016_AUST,IRE_NAME16
abs,ILOC,abs,ILOC_2016_AUST,STE_CODE16
abs,ILOC,abs,ILOC_2016_AUST,STE_NAME16
abs,ILOC,abs,ILOC_2016_AUST,AREASQKM16
abs,ILOC,abs,ILOC_2016_AUST,Polygon
GRANTS,Activity Approval,GPS,Grant Application,Application Id
GRANTS,Activity Approval,GPS,Grant Application,Application Received Date
GRANTS,Activity Approval,GPS,Grant Application,Organisation Id
GRANTS,Activity Approval,GPS,Grant Application,Application Activity Start Date
NIAA,vw_Rangers_Activity_Staging,GPS,Grant Application,Funding Round Name
NIAA,vw_Rangers_Activity_Staging,GPS,Grant Application,Funding Round Id
GRANTS,Activity Approval,GPS,Grant Application,Application Activity Title
GRANTS,Activity Approval,GPS,Grant Application,Application Status
FUSION,Grant Acquittal Task,FUSION,All Task,Task Id
FUSION,Organisation Task,FUSION,All Task,Task Id
FUSION,Grant Activity Task,FUSION,All Task,Task Id
FUSION,Ceasing Activity Assessment Task,FUSION,All Task,Task Id
FUSION,Opportunity Task,FUSION,All Task,Task Id
FUSION,Organisation Risk Profile Task,FUSION,All Task,Task Id
FUSION,Organisation Risk Profile Task,FUSION,All Task,Task Type
FUSION,Opportunity Task,FUSION,All Task,Task Type
FUSION,Ceasing Activity Assessment Task,FUSION,All Task,Task Type
FUSION,Grant Activity Task,FUSION,All Task,Task Type
FUSION,Organisation Task,FUSION,All Task,Task Type
FUSION,Grant Acquittal Task,FUSION,All Task,Task Type
FUSION,Grant Acquittal Task,FUSION,All Task,Subject
FUSION,Organisation Task,FUSION,All Task,Subject
FUSION,Grant Activity Task,FUSION,All Task,Subject
FUSION,Ceasing Activity Assessment Task,FUSION,All Task,Subject
FUSION,Opportunity Task,FUSION,All Task,Subject
FUSION,Organisation Risk Profile Task,FUSION,All Task,Subject
FUSION,Organisation Risk Profile Task,FUSION,All Task,Description
FUSION,Opportunity Task,FUSION,All Task,Description
FUSION,Ceasing Activity Assessment Task,FUSION,All Task,Description
FUSION,Grant Activity Task,FUSION,All Task,Description
FUSION,Organisation Task,FUSION,All Task,Description
FUSION,Grant Acquittal Task,FUSION,All Task,Description
FUSION,Grant Acquittal Task,FUSION,All Task,Regarding Object Id
FUSION,Organisation Task,FUSION,All Task,Regarding Object Id
FUSION,Grant Activity Task,FUSION,All Task,Regarding Object Id
FUSION,Ceasing Activity Assessment Task,FUSION,All Task,Regarding Object Id
FUSION,Opportunity Task,FUSION,All Task,Regarding Object Id
FUSION,Organisation Risk Profile Task,FUSION,All Task,Regarding Object Id
FUSION,Organisation Risk Profile Task,FUSION,All Task,Regarding
FUSION,Opportunity Task,FUSION,All Task,Regarding
FUSION,Ceasing Activity Assessment Task,FUSION,All Task,Regarding
FUSION,Grant Activity Task,FUSION,All Task,Regarding
FUSION,Organisation Task,FUSION,All Task,Regarding
FUSION,Grant Acquittal Task,FUSION,All Task,Regarding
FUSION,Grant Acquittal Task,FUSION,All Task,Regarding Entity
FUSION,Organisation Task,FUSION,All Task,Regarding Entity
FUSION,Grant Activity Task,FUSION,All Task,Regarding Entity
FUSION,Ceasing Activity Assessment Task,FUSION,All Task,Regarding Entity
FUSION,Opportunity Task,FUSION,All Task,Regarding Entity
FUSION,Organisation Risk Profile Task,FUSION,All Task,Regarding Entity
FUSION,Organisation Risk Profile Task,FUSION,All Task,PMC Region Id
FUSION,Opportunity Task,FUSION,All Task,PMC Region Id
FUSION,Ceasing Activity Assessment Task,FUSION,All Task,PMC Region Id
FUSION,Grant Activity Task,FUSION,All Task,PMC Region Id
FUSION,Organisation Task,FUSION,All Task,PMC Region Id
FUSION,Grant Acquittal Task,FUSION,All Task,PMC Region Id
FUSION,Grant Acquittal Task,FUSION,All Task,PMC Region
FUSION,Organisation Task,FUSION,All Task,PMC Region
FUSION,Grant Activity Task,FUSION,All Task,PMC Region
FUSION,Ceasing Activity Assessment Task,FUSION,All Task,PMC Region
FUSION,Opportunity Task,FUSION,All Task,PMC Region
FUSION,Organisation Risk Profile Task,FUSION,All Task,PMC Region
FUSION,Organisation Risk Profile Task,FUSION,All Task,Last Updated By CRM
FUSION,Opportunity Task,FUSION,All Task,Last Updated By CRM
FUSION,Ceasing Activity Assessment Task,FUSION,All Task,Last Updated By CRM
FUSION,Grant Activity Task,FUSION,All Task,Last Updated By CRM
FUSION,Organisation Task,FUSION,All Task,Last Updated By CRM
FUSION,Grant Acquittal Task,FUSION,All Task,Last Updated By CRM
FUSION,Grant Acquittal Task,FUSION,All Task,Last Updated By FUSION
FUSION,Organisation Task,FUSION,All Task,Last Updated By FUSION
FUSION,Grant Activity Task,FUSION,All Task,Last Updated By FUSION
FUSION,Ceasing Activity Assessment Task,FUSION,All Task,Last Updated By FUSION
FUSION,Opportunity Task,FUSION,All Task,Last Updated By FUSION
FUSION,Organisation Risk Profile Task,FUSION,All Task,Last Updated By FUSION
FUSION,Organisation Risk Profile Task,FUSION,All Task,Other Purpose
FUSION,Opportunity Task,FUSION,All Task,Other Purpose
FUSION,Ceasing Activity Assessment Task,FUSION,All Task,Other Purpose
FUSION,Grant Activity Task,FUSION,All Task,Other Purpose
FUSION,Organisation Task,FUSION,All Task,Other Purpose
FUSION,Grant Acquittal Task,FUSION,All Task,Other Purpose
FUSION,Grant Acquittal Task,FUSION,All Task,Other Type
FUSION,Organisation Task,FUSION,All Task,Other Type
FUSION,Grant Activity Task,FUSION,All Task,Other Type
FUSION,Ceasing Activity Assessment Task,FUSION,All Task,Other Type
FUSION,Opportunity Task,FUSION,All Task,Other Type
FUSION,Organisation Risk Profile Task,FUSION,All Task,Other Type
FUSION,Organisation Risk Profile Task,FUSION,All Task,Purpose Code
FUSION,Opportunity Task,FUSION,All Task,Purpose Code
FUSION,Ceasing Activity Assessment Task,FUSION,All Task,Purpose Code
FUSION,Grant Activity Task,FUSION,All Task,Purpose Code
FUSION,Organisation Task,FUSION,All Task,Purpose Code
FUSION,Grant Acquittal Task,FUSION,All Task,Purpose Code
FUSION,Grant Acquittal Task,FUSION,All Task,Purpose
FUSION,Organisation Task,FUSION,All Task,Purpose
FUSION,Grant Activity Task,FUSION,All Task,Purpose
FUSION,Ceasing Activity Assessment Task,FUSION,All Task,Purpose
FUSION,Opportunity Task,FUSION,All Task,Purpose
FUSION,Organisation Risk Profile Task,FUSION,All Task,Purpose
FUSION,Organisation Risk Profile Task,FUSION,All Task,Type Code
FUSION,Opportunity Task,FUSION,All Task,Type Code
FUSION,Ceasing Activity Assessment Task,FUSION,All Task,Type Code
FUSION,Grant Activity Task,FUSION,All Task,Type Code
FUSION,Organisation Task,FUSION,All Task,Type Code
FUSION,Grant Acquittal Task,FUSION,All Task,Type Code
FUSION,Grant Acquittal Task,FUSION,All Task,Type
FUSION,Organisation Task,FUSION,All Task,Type
FUSION,Grant Activity Task,FUSION,All Task,Type
FUSION,Ceasing Activity Assessment Task,FUSION,All Task,Type
FUSION,Opportunity Task,FUSION,All Task,Type
FUSION,Organisation Risk Profile Task,FUSION,All Task,Type
FUSION,Organisation Risk Profile Task,FUSION,All Task,Priority
FUSION,Opportunity Task,FUSION,All Task,Priority
FUSION,Ceasing Activity Assessment Task,FUSION,All Task,Priority
FUSION,Grant Activity Task,FUSION,All Task,Priority
FUSION,Organisation Task,FUSION,All Task,Priority
FUSION,Grant Acquittal Task,FUSION,All Task,Priority
FUSION,Grant Acquittal Task,FUSION,All Task,Start Date
FUSION,Organisation Task,FUSION,All Task,Start Date
FUSION,Grant Activity Task,FUSION,All Task,Start Date
FUSION,Ceasing Activity Assessment Task,FUSION,All Task,Start Date
FUSION,Opportunity Task,FUSION,All Task,Start Date
FUSION,Organisation Risk Profile Task,FUSION,All Task,Start Date
FUSION,Organisation Risk Profile Task,FUSION,All Task,Due Date
FUSION,Opportunity Task,FUSION,All Task,Due Date
FUSION,Ceasing Activity Assessment Task,FUSION,All Task,Due Date
FUSION,Grant Activity Task,FUSION,All Task,Due Date
FUSION,Organisation Task,FUSION,All Task,Due Date
FUSION,Grant Acquittal Task,FUSION,All Task,Due Date
FUSION,Grant Acquittal Task,FUSION,All Task,Scheduled Duration Mins
FUSION,Organisation Task,FUSION,All Task,Scheduled Duration Mins
FUSION,Grant Activity Task,FUSION,All Task,Scheduled Duration Mins
FUSION,Ceasing Activity Assessment Task,FUSION,All Task,Scheduled Duration Mins
FUSION,Opportunity Task,FUSION,All Task,Scheduled Duration Mins
FUSION,Organisation Risk Profile Task,FUSION,All Task,Scheduled Duration Mins
FUSION,Organisation Risk Profile Task,FUSION,All Task,Owner
FUSION,Opportunity Task,FUSION,All Task,Owner
FUSION,Ceasing Activity Assessment Task,FUSION,All Task,Owner
FUSION,Grant Activity Task,FUSION,All Task,Owner
FUSION,Organisation Task,FUSION,All Task,Owner
FUSION,Grant Acquittal Task,FUSION,All Task,Owner
FUSION,Grant Acquittal Task,FUSION,All Task,Owner Type
FUSION,Organisation Task,FUSION,All Task,Owner Type
FUSION,Grant Activity Task,FUSION,All Task,Owner Type
FUSION,Ceasing Activity Assessment Task,FUSION,All Task,Owner Type
FUSION,Opportunity Task,FUSION,All Task,Owner Type
FUSION,Organisation Risk Profile Task,FUSION,All Task,Owner Type
FUSION,Organisation Risk Profile Task,FUSION,All Task,State
FUSION,Opportunity Task,FUSION,All Task,State
FUSION,Ceasing Activity Assessment Task,FUSION,All Task,State
FUSION,Grant Activity Task,FUSION,All Task,State
FUSION,Organisation Task,FUSION,All Task,State
FUSION,Grant Acquittal Task,FUSION,All Task,State
FUSION,Grant Acquittal Task,FUSION,All Task,Status
FUSION,Organisation Task,FUSION,All Task,Status
FUSION,Grant Activity Task,FUSION,All Task,Status
FUSION,Ceasing Activity Assessment Task,FUSION,All Task,Status
FUSION,Opportunity Task,FUSION,All Task,Status
FUSION,Organisation Risk Profile Task,FUSION,All Task,Status
ESS,CDP Income Support Payment Rate,ESS,SUB835_CDP_JSKRATE_NIAA,EFFECTIVE_START_DATE
ESS,CDP Income Support Payment Rate,ESS,SUB835_CDP_JSKRATE_NIAA,EFFECTIVE_END_DATE
ESS,CDP Income Support Payment Rate,ESS,SUB835_CDP_JSKRATE_NIAA,JobSeekerId
ESS,CDP Job Seeker,ESS,SUB835_CDP_JSKRATE_NIAA,JobSeekerId
ESS,CDP Job Seeker,ESS,SUB835_CDP_JSKRATE_NIAA,RateCode
ESS,CDP Income Support Payment Rate,ESS,SUB835_CDP_JSKRATE_NIAA,RateCode
ESS,CDP Income Support Payment Rate,ESS,SUB835_CDP_JSKRATE_NIAA,NilRateReasonCode
ESS,CDP Income Support Payment Rate,ESS,SUB835_CDP_JSKRATE_NIAA,StartDate
ESS,CDP Income Support Payment Rate,ESS,SUB835_CDP_JSKRATE_NIAA,EndDate
ESS,CDP Job Seeker,ESS,SUB835_CDP_JSKRATE_NIAA,IsActive
AURION,Equity and Diversity,AURION,equitydiversity,Person_Number
AURION,Equity and Diversity,AURION,equitydiversity,PB_Code_Type
AURION,Equity and Diversity,AURION,equitydiversity,Country_of_Birth_Code
AURION,Equity and Diversity,AURION,equitydiversity,ST_Code_Type
AURION,Equity and Diversity,AURION,equitydiversity,First_Language_Code
AURION,Equity and Diversity,AURION,equitydiversity,E0_Code_Type
AURION,Equity and Diversity,AURION,equitydiversity,Code_E0
AURION,Equity and Diversity,AURION,equitydiversity,E1_Code_Type
AURION,Equity and Diversity,AURION,equitydiversity,Code_E1
AURION,Equity and Diversity,AURION,equitydiversity,E2_Code_Type
AURION,Equity and Diversity,AURION,equitydiversity,Code_E2
AURION,Equity and Diversity,AURION,equitydiversity,E3_Code_Type
AURION,Equity and Diversity,AURION,equitydiversity,Code_E3
AURION,Equity and Diversity,AURION,equitydiversity,E4_Code_Type
AURION,Equity and Diversity,AURION,equitydiversity,Code_E4
AURION,Equity and Diversity,AURION,equitydiversity,E5_Code_Type
AURION,Equity and Diversity,AURION,equitydiversity,Code_E5
AURION,Equity and Diversity,AURION,equitydiversity,E6_Code_Type
AURION,Equity and Diversity,AURION,equitydiversity,Code_E6
AURION,Equity and Diversity,AURION,equitydiversity,E7_Code_Type
AURION,Equity and Diversity,AURION,equitydiversity,Code_E7
AURION,Equity and Diversity,AURION,equitydiversity,EC_Code_Type
AURION,Equity and Diversity,AURION,equitydiversity,Code_EC
FUSION,Conflict Of Interest,FUSION,pmc_conflictofinterest,pmc_conflictofinterestid
FUSION,Conflict Of Interest,FUSION,pmc_conflictofinterest,pmc_conflictdetails
FUSION,Conflict Of Interest,FUSION,pmc_conflictofinterest,pmc_conflictid
FUSION,Conflict Of Interest,FUSION,pmc_conflictofinterest,pmc_conflictmanagementguidance
FUSION,Conflict Of Interest,FUSION,pmc_conflictofinterest,pmc_conflicttypename
FUSION,Conflict Of Interest,FUSION,pmc_conflictofinterest,pmc_declarationofinterest
FUSION,Conflict Of Interest,FUSION,pmc_conflictofinterest,pmc_declarationofinterestname
FUSION,Conflict Of Interest,FUSION,pmc_conflictofinterest,pmc_declaredby
FUSION,Conflict Of Interest,FUSION,pmc_conflictofinterest,pmc_declaredbyname
FUSION,Conflict Of Interest,FUSION,pmc_conflictofinterest,pmc_materialityname
FUSION,Conflict Of Interest,FUSION,pmc_conflictofinterest,pmc_natureofinterestname
FUSION,Conflict Of Interest,FUSION,pmc_conflictofinterest,pmc_nonorganisationconflict
FUSION,Conflict Of Interest,FUSION,pmc_conflictofinterest,pmc_organisation
FUSION,Conflict Of Interest,FUSION,pmc_conflictofinterest,pmc_organisationalconflictname
FUSION,Conflict Of Interest,FUSION,pmc_conflictofinterest,pmc_organisationname
FUSION,Conflict Of Interest,FUSION,pmc_conflictofinterest,pmc_otherconflicttype
FUSION,Conflict Of Interest,FUSION,pmc_conflictofinterest,createdon
FUSION,Conflict Of Interest,FUSION,pmc_conflictofinterest,modifiedon
FUSION,Conflict Of Interest,FUSION,pmc_conflictofinterest,statecodename
FUSION,Conflict Of Interest,FUSION,pmc_conflictofinterest,statuscodename
GPS,Grant Activity Acquittal,GPS,Dim_Review_Grouping,%Dim_Review_Grouping_Key
GPS,Grant Activity Missing Milestone,GPS,Dim_Review_Grouping,%Dim_Review_Grouping_Key
GPS,Grant Activity Missing Milestone - Old,GPS,Dim_Review_Grouping,%Dim_Review_Grouping_Key
GPS,Grant Activity Milestone,GPS,Dim_Review_Grouping,%Dim_Review_Grouping_Key
GPS,Grant Activity Performance Derived History,GPS,Dim_Review_Grouping,%Dim_Review_Grouping_Key
GPS,Grant Activity Performance Item,GPS,Dim_Review_Grouping,%Dim_Review_Grouping_Key
GPS,Grant Activity Acquittal Item,GPS,Dim_Review_Grouping,%Dim_Review_Grouping_Key
GPS,Grant Activity Performance,GPS,Dim_Review_Grouping,%Dim_Review_Grouping_Key
GPS,Grant Activity Acquittal Derived History,GPS,Dim_Review_Grouping,%Dim_Review_Grouping_Key
GPS,Grant Activity Acquittal Derived History,GPS,Dim_Review_Grouping,Default Review Start Date
GPS,Grant Activity Acquittal Item,GPS,Dim_Review_Grouping,Default Review Start Date
GPS,Grant Activity Missing Milestone - Old,GPS,Dim_Review_Grouping,Default Review Start Date
GPS,Grant Activity Missing Milestone,GPS,Dim_Review_Grouping,Default Review Start Date
GPS,Grant Activity Acquittal,GPS,Dim_Review_Grouping,Default Review Start Date
GPS,Grant Activity Missing Milestone,GPS,Dim_Review_Grouping,Review Grouping End Date
GPS,Grant Activity Missing Milestone - Old,GPS,Dim_Review_Grouping,Review Grouping End Date
GPS,Grant Activity Performance,GPS,Dim_Review_Grouping,Review Grouping End Date
GPS,Grant Activity Performance Item,GPS,Dim_Review_Grouping,Review Grouping End Date
GPS,Grant Activity Performance Derived History,GPS,Dim_Review_Grouping,Review Grouping End Date
GPS,Grant Activity Performance Item,GPS,Dim_Review_Grouping,Milestone Review Grouping Name
GPS,Grant Activity Performance,GPS,Dim_Review_Grouping,Milestone Review Grouping Name
GPS,Grant Activity Acquittal Item,GPS,Dim_Review_Grouping,Milestone Review Grouping Name
GPS,Grant Activity Acquittal Derived History,GPS,Dim_Review_Grouping,Milestone Review Grouping Name
GPS,Grant Activity Milestone,GPS,Dim_Review_Grouping,Milestone Review Grouping Name
GPS,Grant Activity Missing Milestone - Old,GPS,Dim_Review_Grouping,Milestone Review Grouping Name
GPS,Grant Activity Missing Milestone,GPS,Dim_Review_Grouping,Milestone Review Grouping Name
GPS,Grant Activity Acquittal,GPS,Dim_Review_Grouping,Milestone Review Grouping Name
GPS,Grant Activity Performance Item,GPS,Dim_Review_Grouping,Review Grouping Status Description
GPS,Grant Activity Performance Item,GPS,Dim_Review_Grouping,Review Grouping Description
GPS,Grant Activity Performance Derived History,GPS,Dim_Review_Grouping,Review Grouping Description
GPS,Grant Activity Performance,GPS,Dim_Review_Grouping,Review Grouping Description
GPS,Grant Activity Milestone,GPS,Dim_Review_Grouping,Review Grouping Description
GPS,Grant Activity Acquittal,GPS,Dim_Review_Grouping,Review Grouping Description
GPS,Grant Activity Missing Milestone,GPS,Dim_Review_Grouping,Review Grouping Description
GPS,Grant Activity Missing Milestone - Old,GPS,Dim_Review_Grouping,Review Grouping Description
GAR,Grant Activity Review KPI,GAR,Review,Grant Activity Review Id
GAR,Grant Activity Review,GAR,Review,Grant Activity Review Id
GAR,Grant Activity Review,GAR,Review,Activity Id
GAR,Grant Activity Review KPI,GAR,Review,Activity Id
FUSION,Grant Activity,GAR,Review,Activity Id
GAR,Grant Activity Review,GAR,Review,Review Item Number
GAR,Grant Activity Review,GAR,Review,Number
GAR,Grant Activity Review,GAR,Review,Order
GAR,Grant Activity Review,GAR,Review,Data
GAR,Grant Activity Review,GAR,Review,Additional Evidence
ABSDataPack,ATSIP SA2 Population,ABSDataPack,Census Time Series T04 SA2,Id
ABSDataPack,ATSIP SA2 Population,ABSDataPack,Census Time Series T04 SA2,Indigenous Status Code
ABSDataPack,ATSIP SA2 Population,ABSDataPack,Census Time Series T04 SA2,Indigenous Status
ABSDataPack,ATSIP SA2 Population,ABSDataPack,Census Time Series T04 SA2,Age Code
ABSDataPack,ATSIP SA2 Population,ABSDataPack,Census Time Series T04 SA2,Age
ABSDataPack,ATSIP SA2 Population,ABSDataPack,Census Time Series T04 SA2,Sex Code
ABSDataPack,ATSIP SA2 Population,ABSDataPack,Census Time Series T04 SA2,Sex
ABSDataPack,ATSIP SA2 Population,ABSDataPack,Census Time Series T04 SA2,State Code
ABSDataPack,ATSIP SA2 Population,ABSDataPack,Census Time Series T04 SA2,State
ABSDataPack,ATSIP SA2 Population,ABSDataPack,Census Time Series T04 SA2,Region Type Code
ABSDataPack,ATSIP SA2 Population,ABSDataPack,Census Time Series T04 SA2,Region Type
ABSDataPack,ATSIP SA2 Population,ABSDataPack,Census Time Series T04 SA2,SA2 Main Code
ABSDataPack,ATSIP SA2 Population,ABSDataPack,Census Time Series T04 SA2,SA2 Name
ABSDataPack,ATSIP SA2 Population,ABSDataPack,Census Time Series T04 SA2,Census Year
ABSDataPack,ATSIP SA2 Population,ABSDataPack,Census Time Series T04 SA2,Value
ESS,RAES Vacancy Referral,ESS,DIM_GENDER,GENDER_CD
ESS,CDP Vacancy Referral,ESS,DIM_GENDER,GENDER_CD
ESS,CDP Claim,ESS,DIM_GENDER,GENDER_CD
ESS,CDP Employment Placement_obsolete,ESS,DIM_GENDER,GENDER_CD
ESS,CDP Job Seeker,ESS,DIM_GENDER,GENDER_CD
ESS,CDP Job Seeker,ESS,DIM_GENDER,Long_Desc
ESS,CDP Employment Placement_obsolete,ESS,DIM_GENDER,Long_Desc
ESS,CDP Claim,ESS,DIM_GENDER,Long_Desc
ESS,CDP Vacancy Referral,ESS,DIM_GENDER,Long_Desc
ESS,RAES Vacancy Referral,ESS,DIM_GENDER,Long_Desc
FUSION,Ancillary Code,FUSION,pmc_ancillarycode,pmc_ancillarycodeid
FUSION,Ancillary Code,FUSION,pmc_ancillarycode,pmc_name
