"generator_app","qvd_path_raw","qvd_field","db_connection","db_schema","db_table","db_column","src_qvd_path","src_qvd_field","status","line"
"FUSION QVD Generator","lib://AppData\PROD\AzureDataLake\FUSION\SSIS FUSION.qvd",,"AzureDbProdNIAADL","dbo","CheckSSISPackage('ExtractFusionCRM')","*",,,"select-star","7940"
"FUSION QVD Generator","lib://AppData\PROD\AzureDataLake\FUSION\Action Item.qvd","Action Item.Action Item Id%","AzureDbProdNIAADL","""AZDB-AUE-PRD-NIAADL01""","FUSION.""Action Item""","Action Item Id",,,"mapped","7940"
"FUSION QVD Generator","lib://AppData\PROD\AzureDataLake\FUSION\Action Item.qvd","Action Item.Activity Type Code","AzureDbProdNIAADL","""AZDB-AUE-PRD-NIAADL01""","FUSION.""Action Item""","Activity Type Code",,,"mapped","7940"
"FUSION QVD Generator","lib://AppData\PROD\AzureDataLake\FUSION\Action Item.qvd","Action Item.Activity Type","AzureDbProdNIAADL","""AZDB-AUE-PRD-NIAADL01""","FUSION.""Action Item""","Activity Type",,,"mapped","7940"
"FUSION QVD Generator","lib://AppData\PROD\AzureDataLake\FUSION\Action Item.qvd","Action Item.Grant Activity Id","AzureDbProdNIAADL","""AZDB-AUE-PRD-NIAADL01""","FUSION.""Action Item""","Grant Activity Id",,,"mapped","7940"
"FUSION QVD Generator","lib://AppData\PROD\AzureDataLake\FUSION\Action Item.qvd","Action Item.Organisation Id","AzureDbProdNIAADL","""AZDB-AUE-PRD-NIAADL01""","FUSION.""Action Item""","Organisation Id",,,"mapped","7940"
"FUSION QVD Generator","lib://AppData\PROD\AzureDataLake\FUSION\Action Item.qvd","Action Item.Organisation","AzureDbProdNIAADL","""AZDB-AUE-PRD-NIAADL01""","FUSION.""Action Item""","Organisation",,,"mapped","7940"
"FUSION QVD Generator","lib://AppData\PROD\AzureDataLake\FUSION\Action Item.qvd","Action Item.Case Id","AzureDbProdNIAADL","""AZDB-AUE-PRD-NIAADL01""","FUSION.""Action Item""","Case Id",,,"mapped","7940"
"FUSION QVD Generator","lib://AppData\PROD\AzureDataLake\FUSION\Action Item.qvd","Action Item.Case","AzureDbProdNIAADL","""AZDB-AUE-PRD-NIAADL01""","FUSION.""Action Item""","Case",,,"mapped","7940"
"FUSION QVD Generator","lib://AppData\PROD\AzureDataLake\FUSION\Action Item.qvd","Action Item.Activity Additional Params","AzureDbProdNIAADL","""AZDB-AUE-PRD-NIAADL01""","FUSION.""Action Item""","Activity Additional Params",,,"mapped","7940"
"FUSION QVD Generator","lib://AppData\PROD\AzureDataLake\FUSION\Action Item.qvd","Action Item.Description","AzureDbProdNIAADL","""AZDB-AUE-PRD-NIAADL01""","FUSION.""Action Item""","Description",,,"mapped","7940"
"FUSION QVD Generator","lib://AppData\PROD\AzureDataLake\FUSION\Action Item.qvd","Action Item.Action Item","AzureDbProdNIAADL","""AZDB-AUE-PRD-NIAADL01""","FUSION.""Action Item""","Action Item",,,"mapped","7940"
"FUSION QVD Generator","lib://AppData\PROD\AzureDataLake\FUSION\Action Item.qvd","Action Item.Action Item Type Id","AzureDbProdNIAADL","""AZDB-AUE-PRD-NIAADL01""","FUSION.""Action Item""","Action Item Type Id",,,"mapped","7940"
"FUSION QVD Generator","lib://AppData\PROD\AzureDataLake\FUSION\Action Item.qvd","Action Item.Action Item Type","AzureDbProdNIAADL","""AZDB-AUE-PRD-NIAADL01""","FUSION.""Action Item""","Action Item Type",,,"mapped","7940"
"FUSION QVD Generator","lib://AppData\PROD\AzureDataLake\FUSION\Action Item.qvd","Action Item.Action Item Type Other","AzureDbProdNIAADL","""AZDB-AUE-PRD-NIAADL01""","FUSION.""Action Item""","Action Item Type Other",,,"mapped","7940"
"FUSION QVD Generator","lib://AppData\PROD\AzureDataLake\FUSION\Action Item.qvd","Action Item.Is Confidential","AzureDbProdNIAADL","""AZDB-AUE-PRD-NIAADL01""","FUSION.""Action Item""","Is Confidential",,,"mapped","7940"
"FUSION QVD Generator","lib://AppData\PROD\AzureDataLake\FUSION\Action Item.qvd","Action Item.Confidentiality","AzureDbProdNIAADL","""AZDB-AUE-PRD-NIAADL01""","FUSION.""Action Item""","Confidentiality",,,"mapped","7940"
"FUSION QVD Generator","lib://AppData\PROD\AzureDataLake\FUSION\Action Item.qvd","Action Item.Responsible Party Code","AzureDbProdNIAADL","""AZDB-AUE-PRD-NIAADL01""","FUSION.""Action Item""","Responsible Party Code",,,"mapped","7940"
"FUSION QVD Generator","lib://AppData\PROD\AzureDataLake\FUSION\Action Item.qvd","Action Item.Responsible Party","AzureDbProdNIAADL","""AZDB-AUE-PRD-NIAADL01""","FUSION.""Action Item""","Responsible Party",,,"mapped","7940"
"FUSION QVD Generator","lib://AppData\PROD\AzureDataLake\FUSION\Action Item.qvd","Action Item.Responsible Person Id","AzureDbProdNIAADL","""AZDB-AUE-PRD-NIAADL01""","FUSION.""Action Item""","Responsible Person Id",,,"mapped","7940"
"FUSION QVD Generator","lib://AppData\PROD\AzureDataLake\FUSION\Action Item.qvd","Action Item.Responsible Person","AzureDbProdNIAADL","""AZDB-AUE-PRD-NIAADL01""","FUSION.""Action Item""","Responsible Person",,,"mapped","7940"
"FUSION QVD Generator","lib://AppData\PROD\AzureDataLake\FUSION\Action Item.qvd","Action Item.Scheduled Start Date","AzureDbProdNIAADL","""AZDB-AUE-PRD-NIAADL01""","FUSION.""Action Item""","Scheduled Start Date",,,"mapped","7940"
"FUSION QVD Generator","lib://AppData\PROD\AzureDataLake\FUSION\Action Item.qvd","Action Item.Scheduled End Date","AzureDbProdNIAADL","""AZDB-AUE-PRD-NIAADL01""","FUSION.""Action Item""","Scheduled End Date",,,"mapped","7940"
"FUSION QVD Generator","lib://AppData\PROD\AzureDataLake\FUSION\Action Item.qvd","Action Item.Scheduled Duration Minutes","AzureDbProdNIAADL","""AZDB-AUE-PRD-NIAADL01""","FUSION.""Action Item""","Scheduled Duration Minutes",,,"mapped","7940"
"FUSION QVD Generator","lib://AppData\PROD\AzureDataLake\FUSION\Action Item.qvd","Action Item.Actual Start Date","AzureDbProdNIAADL","""AZDB-AUE-PRD-NIAADL01""","FUSION.""Action Item""","Actual Start Date",,,"mapped","7940"
"FUSION QVD Generator","lib://AppData\PROD\AzureDataLake\FUSION\Action Item.qvd","Action Item.Actual End Date","AzureDbProdNIAADL","""AZDB-AUE-PRD-NIAADL01""","FUSION.""Action Item""","Actual End Date",,,"mapped","7940"
"FUSION QVD Generator","lib://AppData\PROD\AzureDataLake\FUSION\Action Item.qvd","Action Item.Actual Duration Minutes","AzureDbProdNIAADL","""AZDB-AUE-PRD-NIAADL01""","FUSION.""Action Item""","Actual Duration Minutes",,,"mapped","7940"
"FUSION QVD Generator","lib://AppData\PROD\AzureDataLake\FUSION\Action Item.qvd","Action Item.Community Code","AzureDbProdNIAADL","""AZDB-AUE-PRD-NIAADL01""","FUSION.""Action Item""","Community Code",,,"mapped","7940"
"FUSION QVD Generator","lib://AppData\PROD\AzureDataLake\FUSION\Action Item.qvd","Action Item.Community","AzureDbProdNIAADL","""AZDB-AUE-PRD-NIAADL01""","FUSION.""Action Item""","Community",,,"mapped","7940"
"FUSION QVD Generator","lib://AppData\PROD\AzureDataLake\FUSION\Action Item.qvd","Action Item.Customers","AzureDbProdNIAADL","""AZDB-AUE-PRD-NIAADL01""","FUSION.""Action Item""","Customers",,,"mapped","7940"
"FUSION QVD Generator","lib://AppData\PROD\AzureDataLake\FUSION\Action Item.qvd","Action Item.Delivery Last Attempted On","AzureDbProdNIAADL","""AZDB-AUE-PRD-NIAADL01""","FUSION.""Action Item""","Delivery Last Attempted On",,,"mapped","7940"
"FUSION QVD Generator","lib://AppData\PROD\AzureDataLake\FUSION\Action Item.qvd","Action Item.Delivery Priority Code","AzureDbProdNIAADL","""AZDB-AUE-PRD-NIAADL01""","FUSION.""Action Item""","Delivery Priority Code",,,"mapped","7940"
"FUSION QVD Generator","lib://AppData\PROD\AzureDataLake\FUSION\Action Item.qvd","Action Item.Delivery Priority","AzureDbProdNIAADL","""AZDB-AUE-PRD-NIAADL01""","FUSION.""Action Item""","Delivery Priority",,,"mapped","7940"
"FUSION QVD Generator","lib://AppData\PROD\AzureDataLake\FUSION\Action Item.qvd","Action Item.Instance Type Code","AzureDbProdNIAADL","""AZDB-AUE-PRD-NIAADL01""","FUSION.""Action Item""","Instance Type Code",,,"mapped","7940"
"FUSION QVD Generator","lib://AppData\PROD\AzureDataLake\FUSION\Action Item.qvd","Action Item.Instance Type","AzureDbProdNIAADL","""AZDB-AUE-PRD-NIAADL01""","FUSION.""Action Item""","Instance Type",,,"mapped","7940"
"FUSION QVD Generator","lib://AppData\PROD\AzureDataLake\FUSION\Action Item.qvd","Action Item.Is Billed","AzureDbProdNIAADL","""AZDB-AUE-PRD-NIAADL01""","FUSION.""Action Item""","Is Billed",,,"mapped","7940"
"FUSION QVD Generator","lib://AppData\PROD\AzureDataLake\FUSION\Action Item.qvd","Action Item.Is Mapi Private","AzureDbProdNIAADL","""AZDB-AUE-PRD-NIAADL01""","FUSION.""Action Item""","Is Mapi Private",,,"mapped","7940"
"FUSION QVD Generator","lib://AppData\PROD\AzureDataLake\FUSION\Action Item.qvd","Action Item.Is Regular Activity","AzureDbProdNIAADL","""AZDB-AUE-PRD-NIAADL01""","FUSION.""Action Item""","Is Regular Activity",,,"mapped","7940"
"FUSION QVD Generator","lib://AppData\PROD\AzureDataLake\FUSION\Action Item.qvd","Action Item.Is Workflow Created","AzureDbProdNIAADL","""AZDB-AUE-PRD-NIAADL01""","FUSION.""Action Item""","Is Workflow Created",,,"mapped","7940"
"FUSION QVD Generator","lib://AppData\PROD\AzureDataLake\FUSION\Action Item.qvd","Action Item.Last On Hold Time","AzureDbProdNIAADL","""AZDB-AUE-PRD-NIAADL01""","FUSION.""Action Item""","Last On Hold Time",,,"mapped","7940"
"FUSION QVD Generator","lib://AppData\PROD\AzureDataLake\FUSION\Action Item.qvd","Action Item.Left Voice Mail","AzureDbProdNIAADL","""AZDB-AUE-PRD-NIAADL01""","FUSION.""Action Item""","Left Voice Mail",,,"mapped","7940"
"FUSION QVD Generator","lib://AppData\PROD\AzureDataLake\FUSION\Action Item.qvd","Action Item.On Hold Time","AzureDbProdNIAADL","""AZDB-AUE-PRD-NIAADL01""","FUSION.""Action Item""","On Hold Time",,,"mapped","7940"
"FUSION QVD Generator","lib://AppData\PROD\AzureDataLake\FUSION\Action Item.qvd","Action Item.Optional Attendees","AzureDbProdNIAADL","""AZDB-AUE-PRD-NIAADL01""","FUSION.""Action Item""","Optional Attendees",,,"mapped","7940"
"FUSION QVD Generator","lib://AppData\PROD\AzureDataLake\FUSION\Action Item.qvd","Action Item.Organizer","AzureDbProdNIAADL","""AZDB-AUE-PRD-NIAADL01""","FUSION.""Action Item""","Organizer",,,"mapped","7940"
"FUSION QVD Generator","lib://AppData\PROD\AzureDataLake\FUSION\Action Item.qvd","Action Item.Partners","AzureDbProdNIAADL","""AZDB-AUE-PRD-NIAADL01""","FUSION.""Action Item""","Partners",,,"mapped","7940"
"FUSION QVD Generator","lib://AppData\PROD\AzureDataLake\FUSION\Action Item.qvd","Action Item.Postpone Until Date","AzureDbProdNIAADL","""AZDB-AUE-PRD-NIAADL01""","FUSION.""Action Item""","Postpone Until Date",,,"mapped","7940"
"FUSION QVD Generator","lib://AppData\PROD\AzureDataLake\FUSION\Action Item.qvd","Action Item.Priority Code","AzureDbProdNIAADL","""AZDB-AUE-PRD-NIAADL01""","FUSION.""Action Item""","Priority Code",,,"mapped","7940"
"FUSION QVD Generator","lib://AppData\PROD\AzureDataLake\FUSION\Action Item.qvd","Action Item.Priority","AzureDbProdNIAADL","""AZDB-AUE-PRD-NIAADL01""","FUSION.""Action Item""","Priority",,,"mapped","7940"
"FUSION QVD Generator","lib://AppData\PROD\AzureDataLake\FUSION\Action Item.qvd","Action Item.Process Id","AzureDbProdNIAADL","""AZDB-AUE-PRD-NIAADL01""","FUSION.""Action Item""","Process Id",,,"mapped","7940"
"FUSION QVD Generator","lib://AppData\PROD\AzureDataLake\FUSION\Action Item.qvd","Action Item.Regarding Object Id","AzureDbProdNIAADL","""AZDB-AUE-PRD-NIAADL01""","FUSION.""Action Item""","Regarding Object Id",,,"mapped","7940"
"FUSION QVD Generator","lib://AppData\PROD\AzureDataLake\FUSION\Action Item.qvd","Action Item.Regarding Object","AzureDbProdNIAADL","""AZDB-AUE-PRD-NIAADL01""","FUSION.""Action Item""","Regarding Object",,,"mapped","7940"
"FUSION QVD Generator","lib://AppData\PROD\AzureDataLake\FUSION\Action Item.qvd","Action Item.Regarding Object Type","AzureDbProdNIAADL","""AZDB-AUE-PRD-NIAADL01""","FUSION.""Action Item""","Regarding Object Type",,,"mapped","7940"
"FUSION QVD Generator","lib://AppData\PROD\AzureDataLake\FUSION\Action Item.qvd","Action Item.Required Attendees","AzureDbProdNIAADL","""AZDB-AUE-PRD-NIAADL01""","FUSION.""Action Item""","Required Attendees",,,"mapped","7940"
"FUSION QVD Generator","lib://AppData\PROD\AzureDataLake\FUSION\Action Item.qvd","Action Item.Resources","AzureDbProdNIAADL","""AZDB-AUE-PRD-NIAADL01""","FUSION.""Action Item""","Resources",,,"mapped","7940"
"FUSION QVD Generator","lib://AppData\PROD\AzureDataLake\FUSION\Action Item.qvd","Action Item.Sender Mailbox Id","AzureDbProdNIAADL","""AZDB-AUE-PRD-NIAADL01""","FUSION.""Action Item""","Sender Mailbox Id",,,"mapped","7940"
"FUSION QVD Generator","lib://AppData\PROD\AzureDataLake\FUSION\Action Item.qvd","Action Item.Sender Mailbox","AzureDbProdNIAADL","""AZDB-AUE-PRD-NIAADL01""","FUSION.""Action Item""","Sender Mailbox",,,"mapped","7940"
"FUSION QVD Generator","lib://AppData\PROD\AzureDataLake\FUSION\Action Item.qvd","Action Item.Sent On","AzureDbProdNIAADL","""AZDB-AUE-PRD-NIAADL01""","FUSION.""Action Item""","Sent On",,,"mapped","7940"
"FUSION QVD Generator","lib://AppData\PROD\AzureDataLake\FUSION\Action Item.qvd","Action Item.Exchange Item Id","AzureDbProdNIAADL","""AZDB-AUE-PRD-NIAADL01""","FUSION.""Action Item""","Exchange Item Id",,,"mapped","7940"
"FUSION QVD Generator","lib://AppData\PROD\AzureDataLake\FUSION\Action Item.qvd","Action Item.Exchange Weblink","AzureDbProdNIAADL","""AZDB-AUE-PRD-NIAADL01""","FUSION.""Action Item""","Exchange Weblink",,,"mapped","7940"
"FUSION QVD Generator","lib://AppData\PROD\AzureDataLake\FUSION\Action Item.qvd","Action Item.From","AzureDbProdNIAADL","""AZDB-AUE-PRD-NIAADL01""","FUSION.""Action Item""","From",,,"mapped","7940"
"FUSION QVD Generator","lib://AppData\PROD\AzureDataLake\FUSION\Action Item.qvd","Action Item.Subject","AzureDbProdNIAADL","""AZDB-AUE-PRD-NIAADL01""","FUSION.""Action Item""","Subject",,,"mapped","7940"
"FUSION QVD Generator","lib://AppData\PROD\AzureDataLake\FUSION\Action Item.qvd","Action Item.To","AzureDbProdNIAADL","""AZDB-AUE-PRD-NIAADL01""","FUSION.""Action Item""","To",,,"mapped","7940"
"FUSION QVD Generator","lib://AppData\PROD\AzureDataLake\FUSION\Action Item.qvd","Action Item.BCC","AzureDbProdNIAADL","""AZDB-AUE-PRD-NIAADL01""","FUSION.""Action Item""","BCC",,,"mapped","7940"
"FUSION QVD Generator","lib://AppData\PROD\AzureDataLake\FUSION\Action Item.qvd","Action Item.CC","AzureDbProdNIAADL","""AZDB-AUE-PRD-NIAADL01""","FUSION.""Action Item""","CC",,,"mapped","7940"
"FUSION QVD Generator","lib://AppData\PROD\AzureDataLake\FUSION\Action Item.qvd","Action Item.Series Id","AzureDbProdNIAADL","""AZDB-AUE-PRD-NIAADL01""","FUSION.""Action Item""","Series Id",,,"mapped","7940"
"FUSION QVD Generator","lib://AppData\PROD\AzureDataLake\FUSION\Action Item.qvd","Action Item.Service Id","AzureDbProdNIAADL","""AZDB-AUE-PRD-NIAADL01""","FUSION.""Action Item""","Service Id",,,"mapped","7940"
"FUSION QVD Generator","lib://AppData\PROD\AzureDataLake\FUSION\Action Item.qvd","Action Item.Service","AzureDbProdNIAADL","""AZDB-AUE-PRD-NIAADL01""","FUSION.""Action Item""","Service",,,"mapped","7940"
"FUSION QVD Generator","lib://AppData\PROD\AzureDataLake\FUSION\Action Item.qvd","Action Item.Sort Date","AzureDbProdNIAADL","""AZDB-AUE-PRD-NIAADL01""","FUSION.""Action Item""","Sort Date",,,"mapped","7940"
"FUSION QVD Generator","lib://AppData\PROD\AzureDataLake\FUSION\Action Item.qvd","Action Item.Stage Id","AzureDbProdNIAADL","""AZDB-AUE-PRD-NIAADL01""","FUSION.""Action Item""","Stage Id",,,"mapped","7940"
"FUSION QVD Generator","lib://AppData\PROD\AzureDataLake\FUSION\Action Item.qvd","Action Item.State","AzureDbProdNIAADL","""AZDB-AUE-PRD-NIAADL01""","FUSION.""Action Item""","State",,,"mapped","7940"
"FUSION QVD Generator","lib://AppData\PROD\AzureDataLake\FUSION\Action Item.qvd","Action Item.Status","AzureDbProdNIAADL","""AZDB-AUE-PRD-NIAADL01""","FUSION.""Action Item""","Status",,,"mapped","7940"
"FUSION QVD Generator","lib://AppData\PROD\AzureDataLake\FUSION\Activity Risk Assessment.qvd","Activity Risk Assessment.Activity Risk Assessment Id%","AzureDbProdNIAADL","FUSION","Activity Risk Assessment","Activity Risk Assessment Id",,,"mapped","7940"
"FUSION QVD Generator","lib://AppData\PROD\AzureDataLake\FUSION\Activity Risk Assessment.qvd","Activity Risk Assessment.Grant Application Id%","AzureDbProdNIAADL","FUSION","Activity Risk Assessment","Grant Application Id",,,"mapped","7940"
"FUSION QVD Generator","lib://AppData\PROD\AzureDataLake\FUSION\Activity Risk Assessment.qvd","Activity Risk Assessment.Ceasing Activity Assessment Id%","AzureDbProdNIAADL","FUSION","Activity Risk Assessment","Ceasing Activity Assessment Id",,,"mapped","7940"
"FUSION QVD Generator","lib://AppData\PROD\AzureDataLake\FUSION\Activity Risk Assessment.qvd","Activity Risk Assessment.Grant Activity Id%","AzureDbProdNIAADL","FUSION","Activity Risk Assessment","Grant Activity Id",,,"mapped","7940"
"FUSION QVD Generator","lib://AppData\PROD\AzureDataLake\FUSION\Activity Risk Assessment.qvd","Activity Risk Assessment.Activity Risk Level","AzureDbProdNIAADL","FUSION","Activity Risk Assessment","Activity Risk Level",,,"mapped","7940"
"FUSION QVD Generator","lib://AppData\PROD\AzureDataLake\FUSION\Activity Risk Assessment.qvd","Activity Risk Assessment.Activity Risk Status","AzureDbProdNIAADL","FUSION","Activity Risk Assessment","Activity Risk Status",,,"mapped","7940"
"FUSION QVD Generator","lib://AppData\PROD\AzureDataLake\FUSION\Activity Risk Assessment.qvd","Activity Risk Assessment.Activity Start Date","AzureDbProdNIAADL","FUSION","Activity Risk Assessment","Activity Start Date",,,"mapped","7940"
"FUSION QVD Generator","lib://AppData\PROD\AzureDataLake\FUSION\Activity Risk Assessment.qvd","Activity Risk Assessment.Activity End Date","AzureDbProdNIAADL","FUSION","Activity Risk Assessment","Activity End Date",,,"mapped","7940"
"FUSION QVD Generator","lib://AppData\PROD\AzureDataLake\FUSION\Activity Risk Assessment.qvd","Activity Risk Assessment.Annualised Funding","AzureDbProdNIAADL","FUSION","Activity Risk Assessment","Annualised Funding",,,"mapped","7940"
"FUSION QVD Generator","lib://AppData\PROD\AzureDataLake\FUSION\Activity Risk Assessment.qvd","Activity Risk Assessment.Duration","AzureDbProdNIAADL","FUSION","Activity Risk Assessment","Duration",,,"mapped","7940"
"FUSION QVD Generator","lib://AppData\PROD\AzureDataLake\FUSION\Activity Risk Assessment.qvd","Activity Risk Assessment.Finalised Date","AzureDbProdNIAADL","FUSION","Activity Risk Assessment","Finalised Date",,,"mapped","7940"
"FUSION QVD Generator","lib://AppData\PROD\AzureDataLake\FUSION\Activity Risk Assessment.qvd","Activity Risk Assessment.Finalised By","AzureDbProdNIAADL","FUSION","Activity Risk Assessment","Finalised By",,,"mapped","7940"
"FUSION QVD Generator","lib://AppData\PROD\AzureDataLake\FUSION\Activity Risk Assessment.qvd","Activity Risk Assessment.Funding Decision Id%","AzureDbProdNIAADL","FUSION","Activity Risk Assessment","Funding Decision Id",,,"mapped","7940"
"FUSION QVD Generator","lib://AppData\PROD\AzureDataLake\FUSION\Activity Risk Assessment.qvd","Activity Risk Assessment.GARP Risk Rating","AzureDbProdNIAADL","FUSION","Activity Risk Assessment","GARP Risk Rating",,,"mapped","7940"
"FUSION QVD Generator","lib://AppData\PROD\AzureDataLake\FUSION\Activity Risk Assessment.qvd","Activity Risk Assessment.GARP Risk Rating Calculated","AzureDbProdNIAADL","FUSION","Activity Risk Assessment","GARP Risk Rating Calculated",,,"mapped","7940"
"FUSION QVD Generator","lib://AppData\PROD\AzureDataLake\FUSION\Activity Risk Assessment.qvd","Activity Risk Assessment.GARP Risk Review Date","AzureDbProdNIAADL","FUSION","Activity Risk Assessment","GARP Risk Review Date",,,"mapped","7940"
"FUSION QVD Generator","lib://AppData\PROD\AzureDataLake\FUSION\Activity Risk Assessment.qvd","Activity Risk Assessment.GARP Risk Review Date Calculated","AzureDbProdNIAADL","FUSION","Activity Risk Assessment","GARP Risk Review Date Calculated",,,"mapped","7940"
"FUSION QVD Generator","lib://AppData\PROD\AzureDataLake\FUSION\Activity Risk Assessment.qvd","Activity Risk Assessment.Indicative Risk History Id%","AzureDbProdNIAADL","FUSION","Activity Risk Assessment","Indicative Risk History Id",,,"mapped","7940"
"FUSION QVD Generator","lib://AppData\PROD\AzureDataLake\FUSION\Activity Risk Assessment.qvd","Activity Risk Assessment.Indicative Risk History","AzureDbProdNIAADL","FUSION","Activity Risk Assessment","Indicative Risk History",,,"mapped","7940"
"FUSION QVD Generator","lib://AppData\PROD\AzureDataLake\FUSION\Activity Risk Assessment.qvd","Activity Risk Assessment.Managing Office Notified","AzureDbProdNIAADL","FUSION","Activity Risk Assessment","Managing Office Notified",,,"mapped","7940"
"FUSION QVD Generator","lib://AppData\PROD\AzureDataLake\FUSION\Activity Risk Assessment.qvd","Activity Risk Assessment.Managing Office Notified By","AzureDbProdNIAADL","FUSION","Activity Risk Assessment","Managing Office Notified By",,,"mapped","7940"
"FUSION QVD Generator","lib://AppData\PROD\AzureDataLake\FUSION\Activity Risk Assessment.qvd","Activity Risk Assessment.Managing Office Notified Date","AzureDbProdNIAADL","FUSION","Activity Risk Assessment","Managing Office Notified Date",,,"mapped","7940"
"FUSION QVD Generator","lib://AppData\PROD\AzureDataLake\FUSION\Activity Risk Assessment.qvd","Activity Risk Assessment.Name","AzureDbProdNIAADL","FUSION","Activity Risk Assessment","Name",,,"mapped","7940"
"FUSION QVD Generator","lib://AppData\PROD\AzureDataLake\FUSION\Activity Risk Assessment.qvd","Activity Risk Assessment.Nature Of Activity","AzureDbProdNIAADL","FUSION","Activity Risk Assessment","Nature Of Activity",,,"mapped","7940"
"FUSION QVD Generator","lib://AppData\PROD\AzureDataLake\FUSION\Activity Risk Assessment.qvd","Activity Risk Assessment.Organisation Id%","AzureDbProdNIAADL","FUSION","Activity Risk Assessment","Organisation Id",,,"mapped","7940"
"FUSION QVD Generator","lib://AppData\PROD\AzureDataLake\FUSION\Activity Risk Assessment.qvd","Activity Risk Assessment.Organisation","AzureDbProdNIAADL","FUSION","Activity Risk Assessment","Organisation",,,"mapped","7940"
"FUSION QVD Generator","lib://AppData\PROD\AzureDataLake\FUSION\Activity Risk Assessment.qvd","Activity Risk Assessment.Override Actioner","AzureDbProdNIAADL","FUSION","Activity Risk Assessment","Override Actioner",,,"mapped","7940"
"FUSION QVD Generator","lib://AppData\PROD\AzureDataLake\FUSION\Activity Risk Assessment.qvd","Activity Risk Assessment.Override Date","AzureDbProdNIAADL","FUSION","Activity Risk Assessment","Override Date",,,"mapped","7940"
"FUSION QVD Generator","lib://AppData\PROD\AzureDataLake\FUSION\Activity Risk Assessment.qvd","Activity Risk Assessment.Override Reason","AzureDbProdNIAADL","FUSION","Activity Risk Assessment","Override Reason",,,"mapped","7940"
"FUSION QVD Generator","lib://AppData\PROD\AzureDataLake\FUSION\Activity Risk Assessment.qvd","Activity Risk Assessment.Perform Action Date","AzureDbProdNIAADL","FUSION","Activity Risk Assessment","Perform Action Date",,,"mapped","7940"
"FUSION QVD Generator","lib://AppData\PROD\AzureDataLake\FUSION\Activity Risk Assessment.qvd","Activity Risk Assessment.Perform Action Risk Level","AzureDbProdNIAADL","FUSION","Activity Risk Assessment","Perform Action Risk Level",,,"mapped","7940"
"FUSION QVD Generator","lib://AppData\PROD\AzureDataLake\FUSION\Activity Risk Assessment.qvd","Activity Risk Assessment.Perform Action Text","AzureDbProdNIAADL","FUSION","Activity Risk Assessment","Perform Action Text",,,"mapped","7940"
"FUSION QVD Generator","lib://AppData\PROD\AzureDataLake\FUSION\Activity Risk Assessment.qvd","Activity Risk Assessment.Perform Action User","AzureDbProdNIAADL","FUSION","Activity Risk Assessment","Perform Action User",,,"mapped","7940"
"FUSION QVD Generator","lib://AppData\PROD\AzureDataLake\FUSION\Activity Risk Assessment.qvd","Activity Risk Assessment.Perform Calculation","AzureDbProdNIAADL","FUSION","Activity Risk Assessment","Perform Calculation",,,"mapped","7940"
"FUSION QVD Generator","lib://AppData\PROD\AzureDataLake\FUSION\Activity Risk Assessment.qvd","Activity Risk Assessment.Perform Withdrawn","AzureDbProdNIAADL","FUSION","Activity Risk Assessment","Perform Withdrawn",,,"mapped","7940"
"FUSION QVD Generator","lib://AppData\PROD\AzureDataLake\FUSION\Activity Risk Assessment.qvd","Activity Risk Assessment.Recipient Notified","AzureDbProdNIAADL","FUSION","Activity Risk Assessment","Recipient Notified",,,"mapped","7940"
"FUSION QVD Generator","lib://AppData\PROD\AzureDataLake\FUSION\Activity Risk Assessment.qvd","Activity Risk Assessment.Recipient Notified By","AzureDbProdNIAADL","FUSION","Activity Risk Assessment","Recipient Notified By",,,"mapped","7940"
"FUSION QVD Generator","lib://AppData\PROD\AzureDataLake\FUSION\Activity Risk Assessment.qvd","Activity Risk Assessment.Recipient Notified Date","AzureDbProdNIAADL","FUSION","Activity Risk Assessment","Recipient Notified Date",,,"mapped","7940"
"FUSION QVD Generator","lib://AppData\PROD\AzureDataLake\FUSION\Activity Risk Assessment.qvd","Activity Risk Assessment.Risk Exemption Reason","AzureDbProdNIAADL","FUSION","Activity Risk Assessment","Risk Exemption Reason",,,"mapped","7940"
"FUSION QVD Generator","lib://AppData\PROD\AzureDataLake\FUSION\Activity Risk Assessment.qvd","Activity Risk Assessment.Risk Assessment Type","AzureDbProdNIAADL","FUSION","Activity Risk Assessment","Risk Assessment Type",,,"mapped","7940"
"FUSION QVD Generator","lib://AppData\PROD\AzureDataLake\FUSION\Activity Risk Assessment.qvd","Activity Risk Assessment.Risk Consequence","AzureDbProdNIAADL","FUSION","Activity Risk Assessment","Risk Consequence",,,"mapped","7940"
"FUSION QVD Generator","lib://AppData\PROD\AzureDataLake\FUSION\Activity Risk Assessment.qvd","Activity Risk Assessment.Risk Level Date","AzureDbProdNIAADL","FUSION","Activity Risk Assessment","Risk Level Date",,,"mapped","7940"
"FUSION QVD Generator","lib://AppData\PROD\AzureDataLake\FUSION\Activity Risk Assessment.qvd","Activity Risk Assessment.Risk Likelihood","AzureDbProdNIAADL","FUSION","Activity Risk Assessment","Risk Likelihood",,,"mapped","7940"
"FUSION QVD Generator","lib://AppData\PROD\AzureDataLake\FUSION\Activity Risk Assessment.qvd","Activity Risk Assessment.Risk Parent Type","AzureDbProdNIAADL","FUSION","Activity Risk Assessment","Risk Parent Type",,,"mapped","7940"
"FUSION QVD Generator","lib://AppData\PROD\AzureDataLake\FUSION\Activity Risk Assessment.qvd","Activity Risk Assessment.Run Function","AzureDbProdNIAADL","FUSION","Activity Risk Assessment","Run Function",,,"mapped","7940"
"FUSION QVD Generator","lib://AppData\PROD\AzureDataLake\FUSION\Activity Risk Assessment.qvd","Activity Risk Assessment.Total Funding Amount","AzureDbProdNIAADL","FUSION","Activity Risk Assessment","Total Funding Amount",,,"mapped","7940"
"FUSION QVD Generator","lib://AppData\PROD\AzureDataLake\FUSION\Activity Risk Assessment.qvd","Activity Risk Assessment.Total Funding Status","AzureDbProdNIAADL","FUSION","Activity Risk Assessment","Total Funding Status",,,"mapped","7940"
"FUSION QVD Generator","lib://AppData\PROD\AzureDataLake\FUSION\Activity Risk Assessment.qvd","Activity Risk Assessment.State","AzureDbProdNIAADL","FUSION","Activity Risk Assessment","State",,,"mapped","7940"
"FUSION QVD Generator","lib://AppData\PROD\AzureDataLake\FUSION\Activity Risk Assessment.qvd","Activity Risk Assessment.Status","AzureDbProdNIAADL","FUSION","Activity Risk Assessment","Status",,,"mapped","7940"
"FUSION QVD Generator","lib://AppData\PROD\AzureDataLake\FUSION\Activity Risk History.qvd","Activity Risk History.Activity Risk History Id%","AzureDbProdNIAADL","FUSION","Activity Risk History","Activity Risk History Id",,,"mapped","7940"
"FUSION QVD Generator","lib://AppData\PROD\AzureDataLake\FUSION\Activity Risk History.qvd","Activity Risk History.Activity Risk Assessment Id%","AzureDbProdNIAADL","FUSION","Activity Risk History","Activity Risk Assessment Id",,,"mapped","7940"
"FUSION QVD Generator","lib://AppData\PROD\AzureDataLake\FUSION\Activity Risk History.qvd","Activity Risk History.Activity Risk Status","AzureDbProdNIAADL","FUSION","Activity Risk History","Activity Risk Status",,,"mapped","7940"
"FUSION QVD Generator","lib://AppData\PROD\AzureDataLake\FUSION\Activity Risk History.qvd","Activity Risk History.Annualised Funding","AzureDbProdNIAADL","FUSION","Activity Risk History","Annualised Funding",,,"mapped","7940"
"FUSION QVD Generator","lib://AppData\PROD\AzureDataLake\FUSION\Activity Risk History.qvd","Activity Risk History.Change Date","AzureDbProdNIAADL","FUSION","Activity Risk History","Change Date",,,"mapped","7940"
"FUSION QVD Generator","lib://AppData\PROD\AzureDataLake\FUSION\Activity Risk History.qvd","Activity Risk History.Changed By","AzureDbProdNIAADL","FUSION","Activity Risk History","Changed By",,,"mapped","7940"
"FUSION QVD Generator","lib://AppData\PROD\AzureDataLake\FUSION\Activity Risk History.qvd","Activity Risk History.Duration","AzureDbProdNIAADL","FUSION","Activity Risk History","Duration",,,"mapped","7940"
"FUSION QVD Generator","lib://AppData\PROD\AzureDataLake\FUSION\Activity Risk History.qvd","Activity Risk History.GARP Risk Rating","AzureDbProdNIAADL","FUSION","Activity Risk History","GARP Risk Rating",,,"mapped","7940"
"FUSION QVD Generator","lib://AppData\PROD\AzureDataLake\FUSION\Activity Risk History.qvd","Activity Risk History.Name","AzureDbProdNIAADL","FUSION","Activity Risk History","Name",,,"mapped","7940"
"FUSION QVD Generator","lib://AppData\PROD\AzureDataLake\FUSION\Activity Risk History.qvd","Activity Risk History.Nature Of Activity","AzureDbProdNIAADL","FUSION","Activity Risk History","Nature Of Activity",,,"mapped","7940"
"FUSION QVD Generator","lib://AppData\PROD\AzureDataLake\FUSION\Activity Risk History.qvd","Activity Risk History.Risk Consequence","AzureDbProdNIAADL","FUSION","Activity Risk History","Risk Consequence",,,"mapped","7940"
"FUSION QVD Generator","lib://AppData\PROD\AzureDataLake\FUSION\Activity Risk History.qvd","Activity Risk History.Risk Level","AzureDbProdNIAADL","FUSION","Activity Risk History","Risk Level",,,"mapped","7940"
"FUSION QVD Generator","lib://AppData\PROD\AzureDataLake\FUSION\Activity Risk History.qvd","Activity Risk History.Risk Level Date","AzureDbProdNIAADL","FUSION","Activity Risk History","Risk Level Date",,,"mapped","7940"
"FUSION QVD Generator","lib://AppData\PROD\AzureDataLake\FUSION\Activity Risk History.qvd","Activity Risk History.Risk Likelihood","AzureDbProdNIAADL","FUSION","Activity Risk History","Risk Likelihood",,,"mapped","7940"
"FUSION QVD Generator","lib://AppData\PROD\AzureDataLake\FUSION\Activity Risk History.qvd","Activity Risk History.Total Funding Amount","AzureDbProdNIAADL","FUSION","Activity Risk History","Total Funding Amount",,,"mapped","7940"
"FUSION QVD Generator","lib://AppData\PROD\AzureDataLake\FUSION\Activity Risk History.qvd","Activity Risk History.Total Funding Status","AzureDbProdNIAADL","FUSION","Activity Risk History","Total Funding Status",,,"mapped","7940"
"FUSION QVD Generator","lib://AppData\PROD\AzureDataLake\FUSION\Activity Risk History.qvd","Activity Risk History.State","AzureDbProdNIAADL","FUSION","Activity Risk History","State",,,"mapped","7940"
"FUSION QVD Generator","lib://AppData\PROD\AzureDataLake\FUSION\Activity Risk History.qvd","Activity Risk History.Status","AzureDbProdNIAADL","FUSION","Activity Risk History","Status",,,"mapped","7940"
"FUSION QVD Generator","lib://AppData\PROD\AzureDataLake\FUSION\Ceasing Activity Risk Assessment.qvd","Ceasing Activity Risk Assessment.Ceasing Activity Risk Assessment Id%","AzureDbProdNIAADL","FUSION","Ceasing Activity Risk Assessment","Ceasing Activity Risk Assessment Id",,,"mapped","7940"
"FUSION QVD Generator","lib://AppData\PROD\AzureDataLake\FUSION\Ceasing Activity Risk Assessment.qvd","Ceasing Activity Risk Assessment.Ceasing Activity Assessment Id%","AzureDbProdNIAADL","FUSION","Ceasing Activity Risk Assessment","Ceasing Activity Assessment Id",,,"mapped","7940"
"FUSION QVD Generator","lib://AppData\PROD\AzureDataLake\FUSION\Ceasing Activity Risk Assessment.qvd","Ceasing Activity Risk Assessment.Grant Activity Id%","AzureDbProdNIAADL","FUSION","Ceasing Activity Risk Assessment","Grant Activity Id",,,"mapped","7940"
"FUSION QVD Generator","lib://AppData\PROD\AzureDataLake\FUSION\Ceasing Activity Risk Assessment.qvd","Ceasing Activity Risk Assessment.Activity Risk Level","AzureDbProdNIAADL","FUSION","Ceasing Activity Risk Assessment","Activity Risk Level",,,"mapped","7940"
"FUSION QVD Generator","lib://AppData\PROD\AzureDataLake\FUSION\Ceasing Activity Risk Assessment.qvd","Ceasing Activity Risk Assessment.Activity Risk Status","AzureDbProdNIAADL","FUSION","Ceasing Activity Risk Assessment","Activity Risk Status",,,"mapped","7940"
"FUSION QVD Generator","lib://AppData\PROD\AzureDataLake\FUSION\Ceasing Activity Risk Assessment.qvd","Ceasing Activity Risk Assessment.Activity Start Date","AzureDbProdNIAADL","FUSION","Ceasing Activity Risk Assessment","Activity Start Date",,,"mapped","7940"
"FUSION QVD Generator","lib://AppData\PROD\AzureDataLake\FUSION\Ceasing Activity Risk Assessment.qvd","Ceasing Activity Risk Assessment.Activity End Date","AzureDbProdNIAADL","FUSION","Ceasing Activity Risk Assessment","Activity End Date",,,"mapped","7940"
"FUSION QVD Generator","lib://AppData\PROD\AzureDataLake\FUSION\Ceasing Activity Risk Assessment.qvd","Ceasing Activity Risk Assessment.Annualised Funding","AzureDbProdNIAADL","FUSION","Ceasing Activity Risk Assessment","Annualised Funding",,,"mapped","7940"
"FUSION QVD Generator","lib://AppData\PROD\AzureDataLake\FUSION\Ceasing Activity Risk Assessment.qvd","Ceasing Activity Risk Assessment.Duration","AzureDbProdNIAADL","FUSION","Ceasing Activity Risk Assessment","Duration",,,"mapped","7940"
"FUSION QVD Generator","lib://AppData\PROD\AzureDataLake\FUSION\Ceasing Activity Risk Assessment.qvd","Ceasing Activity Risk Assessment.GARP Risk Rating","AzureDbProdNIAADL","FUSION","Ceasing Activity Risk Assessment","GARP Risk Rating",,,"mapped","7940"
"FUSION QVD Generator","lib://AppData\PROD\AzureDataLake\FUSION\Ceasing Activity Risk Assessment.qvd","Ceasing Activity Risk Assessment.GARP Risk Rating Calculated","AzureDbProdNIAADL","FUSION","Ceasing Activity Risk Assessment","GARP Risk Rating Calculated",,,"mapped","7940"
"FUSION QVD Generator","lib://AppData\PROD\AzureDataLake\FUSION\Ceasing Activity Risk Assessment.qvd","Ceasing Activity Risk Assessment.GARP Risk Review Date","AzureDbProdNIAADL","FUSION","Ceasing Activity Risk Assessment","GARP Risk Review Date",,,"mapped","7940"
"FUSION QVD Generator","lib://AppData\PROD\AzureDataLake\FUSION\Ceasing Activity Risk Assessment.qvd","Ceasing Activity Risk Assessment.GARP Risk Review Date Calculated","AzureDbProdNIAADL","FUSION","Ceasing Activity Risk Assessment","GARP Risk Review Date Calculated",,,"mapped","7940"
"FUSION QVD Generator","lib://AppData\PROD\AzureDataLake\FUSION\Ceasing Activity Risk Assessment.qvd","Ceasing Activity Risk Assessment.Indicative Risk History Id","AzureDbProdNIAADL","FUSION","Ceasing Activity Risk Assessment","Indicative Risk History Id",,,"mapped","7940"
"FUSION QVD Generator","lib://AppData\PROD\AzureDataLake\FUSION\Ceasing Activity Risk Assessment.qvd","Ceasing Activity Risk Assessment.Indicative Risk History","AzureDbProdNIAADL","FUSION","Ceasing Activity Risk Assessment","Indicative Risk History",,,"mapped","7940"
"FUSION QVD Generator","lib://AppData\PROD\AzureDataLake\FUSION\Ceasing Activity Risk Assessment.qvd","Ceasing Activity Risk Assessment.Managing Office Notified","AzureDbProdNIAADL","FUSION","Ceasing Activity Risk Assessment","Managing Office Notified",,,"mapped","7940"
"FUSION QVD Generator","lib://AppData\PROD\AzureDataLake\FUSION\Ceasing Activity Risk Assessment.qvd","Ceasing Activity Risk Assessment.Managing Office Notified By","AzureDbProdNIAADL","FUSION","Ceasing Activity Risk Assessment","Managing Office Notified By",,,"mapped","7940"
"FUSION QVD Generator","lib://AppData\PROD\AzureDataLake\FUSION\Ceasing Activity Risk Assessment.qvd","Ceasing Activity Risk Assessment.Managing Office Notified Date","AzureDbProdNIAADL","FUSION","Ceasing Activity Risk Assessment","Managing Office Notified Date",,,"mapped","7940"
"FUSION QVD Generator","lib://AppData\PROD\AzureDataLake\FUSION\Ceasing Activity Risk Assessment.qvd","Ceasing Activity Risk Assessment.Name","AzureDbProdNIAADL","FUSION","Ceasing Activity Risk Assessment","Name",,,"mapped","7940"
"FUSION QVD Generator","lib://AppData\PROD\AzureDataLake\FUSION\Ceasing Activity Risk Assessment.qvd","Ceasing Activity Risk Assessment.Nature Of Activity","AzureDbProdNIAADL","FUSION","Ceasing Activity Risk Assessment","Nature Of Activity",,,"mapped","7940"
"FUSION QVD Generator","lib://AppData\PROD\AzureDataLake\FUSION\Ceasing Activity Risk Assessment.qvd","Ceasing Activity Risk Assessment.Organisation Id%","AzureDbProdNIAADL","FUSION","Ceasing Activity Risk Assessment","Organisation Id",,,"mapped","7940"
"FUSION QVD Generator","lib://AppData\PROD\AzureDataLake\FUSION\Ceasing Activity Risk Assessment.qvd","Ceasing Activity Risk Assessment.Organisation","AzureDbProdNIAADL","FUSION","Ceasing Activity Risk Assessment","Organisation",,,"mapped","7940"
"FUSION QVD Generator","lib://AppData\PROD\AzureDataLake\FUSION\Ceasing Activity Risk Assessment.qvd","Ceasing Activity Risk Assessment.Override Actioner","AzureDbProdNIAADL","FUSION","Ceasing Activity Risk Assessment","Override Actioner",,,"mapped","7940"
"FUSION QVD Generator","lib://AppData\PROD\AzureDataLake\FUSION\Ceasing Activity Risk Assessment.qvd","Ceasing Activity Risk Assessment.Override Date","AzureDbProdNIAADL","FUSION","Ceasing Activity Risk Assessment","Override Date",,,"mapped","7940"
"FUSION QVD Generator","lib://AppData\PROD\AzureDataLake\FUSION\Ceasing Activity Risk Assessment.qvd","Ceasing Activity Risk Assessment.Override Reason","AzureDbProdNIAADL","FUSION","Ceasing Activity Risk Assessment","Override Reason",,,"mapped","7940"
"FUSION QVD Generator","lib://AppData\PROD\AzureDataLake\FUSION\Ceasing Activity Risk Assessment.qvd","Ceasing Activity Risk Assessment.Perform Action Date","AzureDbProdNIAADL","FUSION","Ceasing Activity Risk Assessment","Perform Action Date",,,"mapped","7940"
"FUSION QVD Generator","lib://AppData\PROD\AzureDataLake\FUSION\Ceasing Activity Risk Assessment.qvd","Ceasing Activity Risk Assessment.Perform Action Risk Level","AzureDbProdNIAADL","FUSION","Ceasing Activity Risk Assessment","Perform Action Risk Level",,,"mapped","7940"
"FUSION QVD Generator","lib://AppData\PROD\AzureDataLake\FUSION\Ceasing Activity Risk Assessment.qvd","Ceasing Activity Risk Assessment.Perform Action Text","AzureDbProdNIAADL","FUSION","Ceasing Activity Risk Assessment","Perform Action Text",,,"mapped","7940"
"FUSION QVD Generator","lib://AppData\PROD\AzureDataLake\FUSION\Ceasing Activity Risk Assessment.qvd","Ceasing Activity Risk Assessment.Perform Action User","AzureDbProdNIAADL","FUSION","Ceasing Activity Risk Assessment","Perform Action User",,,"mapped","7940"
"FUSION QVD Generator","lib://AppData\PROD\AzureDataLake\FUSION\Ceasing Activity Risk Assessment.qvd","Ceasing Activity Risk Assessment.Perform Calculation","AzureDbProdNIAADL","FUSION","Ceasing Activity Risk Assessment","Perform Calculation",,,"mapped","7940"
"FUSION QVD Generator","lib://AppData\PROD\AzureDataLake\FUSION\Ceasing Activity Risk Assessment.qvd","Ceasing Activity Risk Assessment.Risk Assessment Type","AzureDbProdNIAADL","FUSION","Ceasing Activity Risk Assessment","Risk Assessment Type",,,"mapped","7940"
"FUSION QVD Generator","lib://AppData\PROD\AzureDataLake\FUSION\Ceasing Activity Risk Assessment.qvd","Ceasing Activity Risk Assessment.Risk Consequence","AzureDbProdNIAADL","FUSION","Ceasing Activity Risk Assessment","Risk Consequence",,,"mapped","7940"
"FUSION QVD Generator","lib://AppData\PROD\AzureDataLake\FUSION\Ceasing Activity Risk Assessment.qvd","Ceasing Activity Risk Assessment.Risk Level Date","AzureDbProdNIAADL","FUSION","Ceasing Activity Risk Assessment","Risk Level Date",,,"mapped","7940"
"FUSION QVD Generator","lib://AppData\PROD\AzureDataLake\FUSION\Ceasing Activity Risk Assessment.qvd","Ceasing Activity Risk Assessment.Risk Likelihood","AzureDbProdNIAADL","FUSION","Ceasing Activity Risk Assessment","Risk Likelihood",,,"mapped","7940"
"FUSION QVD Generator","lib://AppData\PROD\AzureDataLake\FUSION\Ceasing Activity Risk Assessment.qvd","Ceasing Activity Risk Assessment.Run Function","AzureDbProdNIAADL","FUSION","Ceasing Activity Risk Assessment","Run Function",,,"mapped","7940"
"FUSION QVD Generator","lib://AppData\PROD\AzureDataLake\FUSION\Ceasing Activity Risk Assessment.qvd","Ceasing Activity Risk Assessment.Total Funding Amount","AzureDbProdNIAADL","FUSION","Ceasing Activity Risk Assessment","Total Funding Amount",,,"mapped","7940"
"FUSION QVD Generator","lib://AppData\PROD\AzureDataLake\FUSION\Ceasing Activity Risk Assessment.qvd","Ceasing Activity Risk Assessment.Total Funding Status","AzureDbProdNIAADL","FUSION","Ceasing Activity Risk Assessment","Total Funding Status",,,"mapped","7940"
"FUSION QVD Generator","lib://AppData\PROD\AzureDataLake\FUSION\Ceasing Activity Risk Assessment.qvd","Ceasing Activity Risk Assessment.Status","AzureDbProdNIAADL","FUSION","Ceasing Activity Risk Assessment","Status",,,"mapped","7940"
"FUSION QVD Generator","lib://AppData\PROD\AzureDataLake\FUSION\Ceasing Activity Risk History.qvd","Ceasing Activity Risk History.Ceasing Activity Risk History Id%","AzureDbProdNIAADL","FUSION","Ceasing Activity Risk History","Ceasing Activity Risk History Id",,,"mapped","7940"
"FUSION QVD Generator","lib://AppData\PROD\AzureDataLake\FUSION\Ceasing Activity Risk History.qvd","Ceasing Activity Risk History.Ceasing Activity Risk Assessment Id%","AzureDbProdNIAADL","FUSION","Ceasing Activity Risk History","Ceasing Activity Risk Assessment Id",,,"mapped","7940"
"FUSION QVD Generator","lib://AppData\PROD\AzureDataLake\FUSION\Ceasing Activity Risk History.qvd","Ceasing Activity Risk History.Activity Risk Status","AzureDbProdNIAADL","FUSION","Ceasing Activity Risk History","Activity Risk Status",,,"mapped","7940"
"FUSION QVD Generator","lib://AppData\PROD\AzureDataLake\FUSION\Ceasing Activity Risk History.qvd","Ceasing Activity Risk History.Annualised Funding","AzureDbProdNIAADL","FUSION","Ceasing Activity Risk History","Annualised Funding",,,"mapped","7940"
"FUSION QVD Generator","lib://AppData\PROD\AzureDataLake\FUSION\Ceasing Activity Risk History.qvd","Ceasing Activity Risk History.Change Date","AzureDbProdNIAADL","FUSION","Ceasing Activity Risk History","Change Date",,,"mapped","7940"
"FUSION QVD Generator","lib://AppData\PROD\AzureDataLake\FUSION\Ceasing Activity Risk History.qvd","Ceasing Activity Risk History.Changed By","AzureDbProdNIAADL","FUSION","Ceasing Activity Risk History","Changed By",,,"mapped","7940"
"FUSION QVD Generator","lib://AppData\PROD\AzureDataLake\FUSION\Ceasing Activity Risk History.qvd","Ceasing Activity Risk History.Duration","AzureDbProdNIAADL","FUSION","Ceasing Activity Risk History","Duration",,,"mapped","7940"
"FUSION QVD Generator","lib://AppData\PROD\AzureDataLake\FUSION\Ceasing Activity Risk History.qvd","Ceasing Activity Risk History.GARP Risk Rating","AzureDbProdNIAADL","FUSION","Ceasing Activity Risk History","GARP Risk Rating",,,"mapped","7940"
"FUSION QVD Generator","lib://AppData\PROD\AzureDataLake\FUSION\Ceasing Activity Risk History.qvd","Ceasing Activity Risk History.Name","AzureDbProdNIAADL","FUSION","Ceasing Activity Risk History","Name",,,"mapped","7940"
"FUSION QVD Generator","lib://AppData\PROD\AzureDataLake\FUSION\Ceasing Activity Risk History.qvd","Ceasing Activity Risk History.Nature Of Activity","AzureDbProdNIAADL","FUSION","Ceasing Activity Risk History","Nature Of Activity",,,"mapped","7940"
"FUSION QVD Generator","lib://AppData\PROD\AzureDataLake\FUSION\Ceasing Activity Risk History.qvd","Ceasing Activity Risk History.Risk Consequence","AzureDbProdNIAADL","FUSION","Ceasing Activity Risk History","Risk Consequence",,,"mapped","7940"
"FUSION QVD Generator","lib://AppData\PROD\AzureDataLake\FUSION\Ceasing Activity Risk History.qvd","Ceasing Activity Risk History.Risk Level","AzureDbProdNIAADL","FUSION","Ceasing Activity Risk History","Risk Level",,,"mapped","7940"
"FUSION QVD Generator","lib://AppData\PROD\AzureDataLake\FUSION\Ceasing Activity Risk History.qvd","Ceasing Activity Risk History.Risk Level Date","AzureDbProdNIAADL","FUSION","Ceasing Activity Risk History","Risk Level Date",,,"mapped","7940"
"FUSION QVD Generator","lib://AppData\PROD\AzureDataLake\FUSION\Ceasing Activity Risk History.qvd","Ceasing Activity Risk History.Risk Likelihood","AzureDbProdNIAADL","FUSION","Ceasing Activity Risk History","Risk Likelihood",,,"mapped","7940"
"FUSION QVD Generator","lib://AppData\PROD\AzureDataLake\FUSION\Ceasing Activity Risk History.qvd","Ceasing Activity Risk History.Total Funding Amount","AzureDbProdNIAADL","FUSION","Ceasing Activity Risk History","Total Funding Amount",,,"mapped","7940"
"FUSION QVD Generator","lib://AppData\PROD\AzureDataLake\FUSION\Ceasing Activity Risk History.qvd","Ceasing Activity Risk History.Total Funding Status","AzureDbProdNIAADL","FUSION","Ceasing Activity Risk History","Total Funding Status",,,"mapped","7940"
"FUSION QVD Generator","lib://AppData\PROD\AzureDataLake\FUSION\Ceasing Activity Risk History.qvd","Ceasing Activity Risk History.State","AzureDbProdNIAADL","FUSION","Ceasing Activity Risk History","State",,,"mapped","7940"
"FUSION QVD Generator","lib://AppData\PROD\AzureDataLake\FUSION\Ceasing Activity Risk History.qvd","Ceasing Activity Risk History.Status","AzureDbProdNIAADL","FUSION","Ceasing Activity Risk History","Status",,,"mapped","7940"
"FUSION QVD Generator","lib://AppData\PROD\AzureDataLake\FUSION\Grant Application Risk Assessment.qvd","Grant Application Risk Assessment.Grant Application Risk Assessment Id%","AzureDbProdNIAADL","FUSION","Grant Application Risk Assessment","Grant Application Risk Assessment Id",,,"mapped","7940"
"FUSION QVD Generator","lib://AppData\PROD\AzureDataLake\FUSION\Grant Application Risk Assessment.qvd","Grant Application Risk Assessment.Grant Application Id%","AzureDbProdNIAADL","FUSION","Grant Application Risk Assessment","Grant Application Id",,,"mapped","7940"
"FUSION QVD Generator","lib://AppData\PROD\AzureDataLake\FUSION\Grant Application Risk Assessment.qvd","Grant Application Risk Assessment.Activity Risk Level","AzureDbProdNIAADL","FUSION","Grant Application Risk Assessment","Activity Risk Level",,,"mapped","7940"
"FUSION QVD Generator","lib://AppData\PROD\AzureDataLake\FUSION\Grant Application Risk Assessment.qvd","Grant Application Risk Assessment.Activity Risk Status","AzureDbProdNIAADL","FUSION","Grant Application Risk Assessment","Activity Risk Status",,,"mapped","7940"
"FUSION QVD Generator","lib://AppData\PROD\AzureDataLake\FUSION\Grant Application Risk Assessment.qvd","Grant Application Risk Assessment.Activity Start Date","AzureDbProdNIAADL","FUSION","Grant Application Risk Assessment","Activity Start Date",,,"mapped","7940"
"FUSION QVD Generator","lib://AppData\PROD\AzureDataLake\FUSION\Grant Application Risk Assessment.qvd","Grant Application Risk Assessment.Activity End Date","AzureDbProdNIAADL","FUSION","Grant Application Risk Assessment","Activity End Date",,,"mapped","7940"
"FUSION QVD Generator","lib://AppData\PROD\AzureDataLake\FUSION\Grant Application Risk Assessment.qvd","Grant Application Risk Assessment.Annualised Funding","AzureDbProdNIAADL","FUSION","Grant Application Risk Assessment","Annualised Funding",,,"mapped","7940"
"FUSION QVD Generator","lib://AppData\PROD\AzureDataLake\FUSION\Grant Application Risk Assessment.qvd","Grant Application Risk Assessment.Finalised By","AzureDbProdNIAADL","FUSION","Grant Application Risk Assessment","Finalised By",,,"mapped","7940"
"FUSION QVD Generator","lib://AppData\PROD\AzureDataLake\FUSION\Grant Application Risk Assessment.qvd","Grant Application Risk Assessment.Finalised Date","AzureDbProdNIAADL","FUSION","Grant Application Risk Assessment","Finalised Date",,,"mapped","7940"
"FUSION QVD Generator","lib://AppData\PROD\AzureDataLake\FUSION\Grant Application Risk Assessment.qvd","Grant Application Risk Assessment.Funding Decision Id%","AzureDbProdNIAADL","FUSION","Grant Application Risk Assessment","Funding Decision Id",,,"mapped","7940"
"FUSION QVD Generator","lib://AppData\PROD\AzureDataLake\FUSION\Grant Application Risk Assessment.qvd","Grant Application Risk Assessment.Duration","AzureDbProdNIAADL","FUSION","Grant Application Risk Assessment","Duration",,,"mapped","7940"
"FUSION QVD Generator","lib://AppData\PROD\AzureDataLake\FUSION\Grant Application Risk Assessment.qvd","Grant Application Risk Assessment.GARP Risk Rating","AzureDbProdNIAADL","FUSION","Grant Application Risk Assessment","GARP Risk Rating",,,"mapped","7940"
"FUSION QVD Generator","lib://AppData\PROD\AzureDataLake\FUSION\Grant Application Risk Assessment.qvd","Grant Application Risk Assessment.GARP Risk Rating Calculated","AzureDbProdNIAADL","FUSION","Grant Application Risk Assessment","GARP Risk Rating Calculated",,,"mapped","7940"
"FUSION QVD Generator","lib://AppData\PROD\AzureDataLake\FUSION\Grant Application Risk Assessment.qvd","Grant Application Risk Assessment.GARP Risk Review Date","AzureDbProdNIAADL","FUSION","Grant Application Risk Assessment","GARP Risk Review Date",,,"mapped","7940"
"FUSION QVD Generator","lib://AppData\PROD\AzureDataLake\FUSION\Grant Application Risk Assessment.qvd","Grant Application Risk Assessment.GARP Risk Review Date Calculated","AzureDbProdNIAADL","FUSION","Grant Application Risk Assessment","GARP Risk Review Date Calculated",,,"mapped","7940"
"FUSION QVD Generator","lib://AppData\PROD\AzureDataLake\FUSION\Grant Application Risk Assessment.qvd","Grant Application Risk Assessment.Indicative Risk History Id%","AzureDbProdNIAADL","FUSION","Grant Application Risk Assessment","Indicative Risk History Id",,,"mapped","7940"
"FUSION QVD Generator","lib://AppData\PROD\AzureDataLake\FUSION\Grant Application Risk Assessment.qvd","Grant Application Risk Assessment.Indicative Risk History","AzureDbProdNIAADL","FUSION","Grant Application Risk Assessment","Indicative Risk History",,,"mapped","7940"
"FUSION QVD Generator","lib://AppData\PROD\AzureDataLake\FUSION\Grant Application Risk Assessment.qvd","Grant Application Risk Assessment.Managing Office Notified","AzureDbProdNIAADL","FUSION","Grant Application Risk Assessment","Managing Office Notified",,,"mapped","7940"
"FUSION QVD Generator","lib://AppData\PROD\AzureDataLake\FUSION\Grant Application Risk Assessment.qvd","Grant Application Risk Assessment.Managing Office Notified By","AzureDbProdNIAADL","FUSION","Grant Application Risk Assessment","Managing Office Notified By",,,"mapped","7940"
"FUSION QVD Generator","lib://AppData\PROD\AzureDataLake\FUSION\Grant Application Risk Assessment.qvd","Grant Application Risk Assessment.Managing Office Notified Date","AzureDbProdNIAADL","FUSION","Grant Application Risk Assessment","Managing Office Notified Date",,,"mapped","7940"
"FUSION QVD Generator","lib://AppData\PROD\AzureDataLake\FUSION\Grant Application Risk Assessment.qvd","Grant Application Risk Assessment.Name","AzureDbProdNIAADL","FUSION","Grant Application Risk Assessment","Name",,,"mapped","7940"
"FUSION QVD Generator","lib://AppData\PROD\AzureDataLake\FUSION\Grant Application Risk Assessment.qvd","Grant Application Risk Assessment.Nature Of Activity","AzureDbProdNIAADL","FUSION","Grant Application Risk Assessment","Nature Of Activity",,,"mapped","7940"
"FUSION QVD Generator","lib://AppData\PROD\AzureDataLake\FUSION\Grant Application Risk Assessment.qvd","Grant Application Risk Assessment.Organisation Id%","AzureDbProdNIAADL","FUSION","Grant Application Risk Assessment","Organisation Id",,,"mapped","7940"
"FUSION QVD Generator","lib://AppData\PROD\AzureDataLake\FUSION\Grant Application Risk Assessment.qvd","Grant Application Risk Assessment.Organisation","AzureDbProdNIAADL","FUSION","Grant Application Risk Assessment","Organisation",,,"mapped","7940"
"FUSION QVD Generator","lib://AppData\PROD\AzureDataLake\FUSION\Grant Application Risk Assessment.qvd","Grant Application Risk Assessment.Override Actioner","AzureDbProdNIAADL","FUSION","Grant Application Risk Assessment","Override Actioner",,,"mapped","7940"
"FUSION QVD Generator","lib://AppData\PROD\AzureDataLake\FUSION\Grant Application Risk Assessment.qvd","Grant Application Risk Assessment.Override Date","AzureDbProdNIAADL","FUSION","Grant Application Risk Assessment","Override Date",,,"mapped","7940"
"FUSION QVD Generator","lib://AppData\PROD\AzureDataLake\FUSION\Grant Application Risk Assessment.qvd","Grant Application Risk Assessment.Override Reason","AzureDbProdNIAADL","FUSION","Grant Application Risk Assessment","Override Reason",,,"mapped","7940"
"FUSION QVD Generator","lib://AppData\PROD\AzureDataLake\FUSION\Grant Application Risk Assessment.qvd","Grant Application Risk Assessment.Perform Action Date","AzureDbProdNIAADL","FUSION","Grant Application Risk Assessment","Perform Action Date",,,"mapped","7940"
"FUSION QVD Generator","lib://AppData\PROD\AzureDataLake\FUSION\Grant Application Risk Assessment.qvd","Grant Application Risk Assessment.Perform Action Risk Level","AzureDbProdNIAADL","FUSION","Grant Application Risk Assessment","Perform Action Risk Level",,,"mapped","7940"
"FUSION QVD Generator","lib://AppData\PROD\AzureDataLake\FUSION\Grant Application Risk Assessment.qvd","Grant Application Risk Assessment.Perform Action Text","AzureDbProdNIAADL","FUSION","Grant Application Risk Assessment","Perform Action Text",,,"mapped","7940"
"FUSION QVD Generator","lib://AppData\PROD\AzureDataLake\FUSION\Grant Application Risk Assessment.qvd","Grant Application Risk Assessment.Perform Action User","AzureDbProdNIAADL","FUSION","Grant Application Risk Assessment","Perform Action User",,,"mapped","7940"
"FUSION QVD Generator","lib://AppData\PROD\AzureDataLake\FUSION\Grant Application Risk Assessment.qvd","Grant Application Risk Assessment.Perform Calculation","AzureDbProdNIAADL","FUSION","Grant Application Risk Assessment","Perform Calculation",,,"mapped","7940"
"FUSION QVD Generator","lib://AppData\PROD\AzureDataLake\FUSION\Grant Application Risk Assessment.qvd","Grant Application Risk Assessment.Perform Withdrawn","AzureDbProdNIAADL","FUSION","Grant Application Risk Assessment","Perform Withdrawn",,,"mapped","7940"
"FUSION QVD Generator","lib://AppData\PROD\AzureDataLake\FUSION\Grant Application Risk Assessment.qvd","Grant Application Risk Assessment.Recipient Notified","AzureDbProdNIAADL","FUSION","Grant Application Risk Assessment","Recipient Notified",,,"mapped","7940"
"FUSION QVD Generator","lib://AppData\PROD\AzureDataLake\FUSION\Grant Application Risk Assessment.qvd","Grant Application Risk Assessment.Recipient Notified By","AzureDbProdNIAADL","FUSION","Grant Application Risk Assessment","Recipient Notified By",,,"mapped","7940"
"FUSION QVD Generator","lib://AppData\PROD\AzureDataLake\FUSION\Grant Application Risk Assessment.qvd","Grant Application Risk Assessment.Recipient Notified Date","AzureDbProdNIAADL","FUSION","Grant Application Risk Assessment","Recipient Notified Date",,,"mapped","7940"
"FUSION QVD Generator","lib://AppData\PROD\AzureDataLake\FUSION\Grant Application Risk Assessment.qvd","Grant Application Risk Assessment.Risk Exemption Reason","AzureDbProdNIAADL","FUSION","Grant Application Risk Assessment","Risk Exemption Reason",,,"mapped","7940"
"FUSION QVD Generator","lib://AppData\PROD\AzureDataLake\FUSION\Grant Application Risk Assessment.qvd","Grant Application Risk Assessment.Risk Assessment Type","AzureDbProdNIAADL","FUSION","Grant Application Risk Assessment","Risk Assessment Type",,,"mapped","7940"
"FUSION QVD Generator","lib://AppData\PROD\AzureDataLake\FUSION\Grant Application Risk Assessment.qvd","Grant Application Risk Assessment.Risk Consequence","AzureDbProdNIAADL","FUSION","Grant Application Risk Assessment","Risk Consequence",,,"mapped","7940"
"FUSION QVD Generator","lib://AppData\PROD\AzureDataLake\FUSION\Grant Application Risk Assessment.qvd","Grant Application Risk Assessment.Risk Level Date","AzureDbProdNIAADL","FUSION","Grant Application Risk Assessment","Risk Level Date",,,"mapped","7940"
"FUSION QVD Generator","lib://AppData\PROD\AzureDataLake\FUSION\Grant Application Risk Assessment.qvd","Grant Application Risk Assessment.Risk Likelihood","AzureDbProdNIAADL","FUSION","Grant Application Risk Assessment","Risk Likelihood",,,"mapped","7940"
"FUSION QVD Generator","lib://AppData\PROD\AzureDataLake\FUSION\Grant Application Risk Assessment.qvd","Grant Application Risk Assessment.Run Function","AzureDbProdNIAADL","FUSION","Grant Application Risk Assessment","Run Function",,,"mapped","7940"
"FUSION QVD Generator","lib://AppData\PROD\AzureDataLake\FUSION\Grant Application Risk Assessment.qvd","Grant Application Risk Assessment.Total Funding Amount","AzureDbProdNIAADL","FUSION","Grant Application Risk Assessment","Total Funding Amount",,,"mapped","7940"
"FUSION QVD Generator","lib://AppData\PROD\AzureDataLake\FUSION\Grant Application Risk Assessment.qvd","Grant Application Risk Assessment.Total Funding Status","AzureDbProdNIAADL","FUSION","Grant Application Risk Assessment","Total Funding Status",,,"mapped","7940"
"FUSION QVD Generator","lib://AppData\PROD\AzureDataLake\FUSION\Grant Application Risk Assessment.qvd","Grant Application Risk Assessment.State","AzureDbProdNIAADL","FUSION","Grant Application Risk Assessment","State",,,"mapped","7940"
"FUSION QVD Generator","lib://AppData\PROD\AzureDataLake\FUSION\Grant Application Risk Assessment.qvd","Grant Application Risk Assessment.Status","AzureDbProdNIAADL","FUSION","Grant Application Risk Assessment","Status",,,"mapped","7940"
"FUSION QVD Generator","lib://AppData\PROD\AzureDataLake\FUSION\Grant Application Risk History.qvd","Grant Application Risk History.Grant Application Risk History Id%","AzureDbProdNIAADL","FUSION","Grant Application Risk History","Grant Application Risk History Id",,,"mapped","7940"
"FUSION QVD Generator","lib://AppData\PROD\AzureDataLake\FUSION\Grant Application Risk History.qvd","Grant Application Risk History.Grant Application Risk Assessment Id%","AzureDbProdNIAADL","FUSION","Grant Application Risk History","Grant Application Risk Assessment Id",,,"mapped","7940"
"FUSION QVD Generator","lib://AppData\PROD\AzureDataLake\FUSION\Grant Application Risk History.qvd","Grant Application Risk History.Activity Risk Status","AzureDbProdNIAADL","FUSION","Grant Application Risk History","Activity Risk Status",,,"mapped","7940"
"FUSION QVD Generator","lib://AppData\PROD\AzureDataLake\FUSION\Grant Application Risk History.qvd","Grant Application Risk History.Annualised Funding","AzureDbProdNIAADL","FUSION","Grant Application Risk History","Annualised Funding",,,"mapped","7940"
"FUSION QVD Generator","lib://AppData\PROD\AzureDataLake\FUSION\Grant Application Risk History.qvd","Grant Application Risk History.Change Date","AzureDbProdNIAADL","FUSION","Grant Application Risk History","Change Date",,,"mapped","7940"
"FUSION QVD Generator","lib://AppData\PROD\AzureDataLake\FUSION\Grant Application Risk History.qvd","Grant Application Risk History.Changed By","AzureDbProdNIAADL","FUSION","Grant Application Risk History","Changed By",,,"mapped","7940"
"FUSION QVD Generator","lib://AppData\PROD\AzureDataLake\FUSION\Grant Application Risk History.qvd","Grant Application Risk History.Duration","AzureDbProdNIAADL","FUSION","Grant Application Risk History","Duration",,,"mapped","7940"
"FUSION QVD Generator","lib://AppData\PROD\AzureDataLake\FUSION\Grant Application Risk History.qvd","Grant Application Risk History.GARP Risk Rating","AzureDbProdNIAADL","FUSION","Grant Application Risk History","GARP Risk Rating",,,"mapped","7940"
"FUSION QVD Generator","lib://AppData\PROD\AzureDataLake\FUSION\Grant Application Risk History.qvd","Grant Application Risk History.Name","AzureDbProdNIAADL","FUSION","Grant Application Risk History","Name",,,"mapped","7940"
"FUSION QVD Generator","lib://AppData\PROD\AzureDataLake\FUSION\Grant Application Risk History.qvd","Grant Application Risk History.Nature Of Activity","AzureDbProdNIAADL","FUSION","Grant Application Risk History","Nature Of Activity",,,"mapped","7940"
"FUSION QVD Generator","lib://AppData\PROD\AzureDataLake\FUSION\Grant Application Risk History.qvd","Grant Application Risk History.Risk Consequence","AzureDbProdNIAADL","FUSION","Grant Application Risk History","Risk Consequence",,,"mapped","7940"
"FUSION QVD Generator","lib://AppData\PROD\AzureDataLake\FUSION\Grant Application Risk History.qvd","Grant Application Risk History.Risk Level","AzureDbProdNIAADL","FUSION","Grant Application Risk History","Risk Level",,,"mapped","7940"
"FUSION QVD Generator","lib://AppData\PROD\AzureDataLake\FUSION\Grant Application Risk History.qvd","Grant Application Risk History.Risk Level Date","AzureDbProdNIAADL","FUSION","Grant Application Risk History","Risk Level Date",,,"mapped","7940"
"FUSION QVD Generator","lib://AppData\PROD\AzureDataLake\FUSION\Grant Application Risk History.qvd","Grant Application Risk History.Risk Likelihood","AzureDbProdNIAADL","FUSION","Grant Application Risk History","Risk Likelihood",,,"mapped","7940"
"FUSION QVD Generator","lib://AppData\PROD\AzureDataLake\FUSION\Grant Application Risk History.qvd","Grant Application Risk History.Total Funding Amount","AzureDbProdNIAADL","FUSION","Grant Application Risk History","Total Funding Amount",,,"mapped","7940"
"FUSION QVD Generator","lib://AppData\PROD\AzureDataLake\FUSION\Grant Application Risk History.qvd","Grant Application Risk History.Total Funding Status","AzureDbProdNIAADL","FUSION","Grant Application Risk History","Total Funding Status",,,"mapped","7940"
"FUSION QVD Generator","lib://AppData\PROD\AzureDataLake\FUSION\Grant Application Risk History.qvd","Grant Application Risk History.State","AzureDbProdNIAADL","FUSION","Grant Application Risk History","State",,,"mapped","7940"
"FUSION QVD Generator","lib://AppData\PROD\AzureDataLake\FUSION\Grant Application Risk History.qvd","Grant Application Risk History.Status","AzureDbProdNIAADL","FUSION","Grant Application Risk History","Status",,,"mapped","7940"
"FUSION QVD Generator","lib://AppData\PROD\AzureDataLake\FUSION\Application Assessment Criteria.qvd","Application Assessment Criteria.Application Assessment Criteria Id%","AzureDbProdNIAADL","FUSION","Application Assessment Criteria","Application Assessment Criteria Id",,,"mapped","7940"
"FUSION QVD Generator","lib://AppData\PROD\AzureDataLake\FUSION\Application Assessment Criteria.qvd","Application Assessment Criteria.AAC Id","AzureDbProdNIAADL","FUSION","Application Assessment Criteria","AAC Id",,,"mapped","7940"
"FUSION QVD Generator","lib://AppData\PROD\AzureDataLake\FUSION\Application Assessment Criteria.qvd","Application Assessment Criteria.Assessment Id%","AzureDbProdNIAADL","FUSION","Application Assessment Criteria","Assessment Id",,,"mapped","7940"
"FUSION QVD Generator","lib://AppData\PROD\AzureDataLake\FUSION\Application Assessment Criteria.qvd","Application Assessment Criteria.Assessment","AzureDbProdNIAADL","FUSION","Application Assessment Criteria","Assessment",,,"mapped","7940"
"FUSION QVD Generator","lib://AppData\PROD\AzureDataLake\FUSION\Application Assessment Criteria.qvd","Application Assessment Criteria.Assessment Result","AzureDbProdNIAADL","FUSION","Application Assessment Criteria","Assessment Result",,,"mapped","7940"
"FUSION QVD Generator","lib://AppData\PROD\AzureDataLake\FUSION\Application Assessment Criteria.qvd","Application Assessment Criteria.Criteria","AzureDbProdNIAADL","FUSION","Application Assessment Criteria","Criteria",,,"mapped","7940"
"FUSION QVD Generator","lib://AppData\PROD\AzureDataLake\FUSION\Application Assessment Criteria.qvd","Application Assessment Criteria.Guidelines","AzureDbProdNIAADL","FUSION","Application Assessment Criteria","Guidelines",,,"mapped","7940"
"FUSION QVD Generator","lib://AppData\PROD\AzureDataLake\FUSION\Application Assessment Criteria.qvd","Application Assessment Criteria.Justification","AzureDbProdNIAADL","FUSION","Application Assessment Criteria","Justification",,,"mapped","7940"
"FUSION QVD Generator","lib://AppData\PROD\AzureDataLake\FUSION\Application Assessment Criteria.qvd","Application Assessment Criteria.Name","AzureDbProdNIAADL","FUSION","Application Assessment Criteria","Name",,,"mapped","7940"
"FUSION QVD Generator","lib://AppData\PROD\AzureDataLake\FUSION\Application Assessment Criteria.qvd","Application Assessment Criteria.Response","AzureDbProdNIAADL","FUSION","Application Assessment Criteria","Response",,,"mapped","7940"
"FUSION QVD Generator","lib://AppData\PROD\AzureDataLake\FUSION\Application Assessment Criteria.qvd","Application Assessment Criteria.State","AzureDbProdNIAADL","FUSION","Application Assessment Criteria","State",,,"mapped","7940"
"FUSION QVD Generator","lib://AppData\PROD\AzureDataLake\FUSION\Application Assessment Criteria.qvd","Application Assessment Criteria.Status","AzureDbProdNIAADL","FUSION","Application Assessment Criteria","Status",,,"mapped","7940"
"FUSION QVD Generator","lib://AppData\PROD\AzureDataLake\FUSION\Application Assessment Criteria.qvd","Application Assessment Criteria.Creation Date","AzureDbProdNIAADL","FUSION","Application Assessment Criteria","Creation Date",,,"mapped","7940"
"FUSION QVD Generator","lib://AppData\PROD\AzureDataLake\FUSION\Application Assessment Criteria.qvd","Application Assessment Criteria.Modified Date","AzureDbProdNIAADL","FUSION","Application Assessment Criteria","Modified Date",,,"mapped","7940"
"FUSION QVD Generator","lib://AppData\PROD\AzureDataLake\FUSION\Application Assessment Criteria for Decision.qvd","Application Assessment Criteria for Decision.Application Assessment Criteria For Decision Id%","AzureDbProdNIAADL","FUSION","Application Assessment Criteria for Decision","Application Assessment Criteria For Decision Id",,,"mapped","7940"
"FUSION QVD Generator","lib://AppData\PROD\AzureDataLake\FUSION\Application Assessment Criteria for Decision.qvd","Application Assessment Criteria for Decision.AAC Decision id","AzureDbProdNIAADL","FUSION","Application Assessment Criteria for Decision","AAC Decision id",,,"mapped","7940"
"FUSION QVD Generator","lib://AppData\PROD\AzureDataLake\FUSION\Application Assessment Criteria for Decision.qvd","Application Assessment Criteria for Decision.Application Assessment Criteria Id%","AzureDbProdNIAADL","FUSION","Application Assessment Criteria for Decision","Application Assessment Criteria Id",,,"mapped","7940"
"FUSION QVD Generator","lib://AppData\PROD\AzureDataLake\FUSION\Application Assessment Criteria for Decision.qvd","Application Assessment Criteria for Decision.AAC Id","AzureDbProdNIAADL","FUSION","Application Assessment Criteria for Decision","AAC Id",,,"mapped","7940"
"FUSION QVD Generator","lib://AppData\PROD\AzureDataLake\FUSION\Application Assessment Criteria for Decision.qvd","Application Assessment Criteria for Decision.Assessment For Decision Id","AzureDbProdNIAADL","FUSION","Application Assessment Criteria for Decision","Assessment For Decision Id",,,"mapped","7940"
"FUSION QVD Generator","lib://AppData\PROD\AzureDataLake\FUSION\Application Assessment Criteria for Decision.qvd","Application Assessment Criteria for Decision.Assessment For Decision","AzureDbProdNIAADL","FUSION","Application Assessment Criteria for Decision","Assessment For Decision",,,"mapped","7940"
"FUSION QVD Generator","lib://AppData\PROD\AzureDataLake\FUSION\Application Assessment Criteria for Decision.qvd","Application Assessment Criteria for Decision.Name","AzureDbProdNIAADL","FUSION","Application Assessment Criteria for Decision","Name",,,"mapped","7940"
"FUSION QVD Generator","lib://AppData\PROD\AzureDataLake\FUSION\Application Assessment Criteria for Decision.qvd","Application Assessment Criteria for Decision.Rephrased Justification","AzureDbProdNIAADL","FUSION","Application Assessment Criteria for Decision","Rephrased Justification",,,"mapped","7940"
"FUSION QVD Generator","lib://AppData\PROD\AzureDataLake\FUSION\Application Assessment Criteria for Decision.qvd","Application Assessment Criteria for Decision.State","AzureDbProdNIAADL","FUSION","Application Assessment Criteria for Decision","State",,,"mapped","7940"
"FUSION QVD Generator","lib://AppData\PROD\AzureDataLake\FUSION\Application Assessment Criteria for Decision.qvd","Application Assessment Criteria for Decision.Status","AzureDbProdNIAADL","FUSION","Application Assessment Criteria for Decision","Status",,,"mapped","7940"
"FUSION QVD Generator","lib://AppData\PROD\AzureDataLake\FUSION\Application Assessment Criteria for Decision.qvd","Application Assessment Criteria for Decision.Creation Date","AzureDbProdNIAADL","FUSION","Application Assessment Criteria for Decision","Creation Date",,,"mapped","7940"
"FUSION QVD Generator","lib://AppData\PROD\AzureDataLake\FUSION\Application Assessment Criteria for Decision.qvd","Application Assessment Criteria for Decision.Modified Date","AzureDbProdNIAADL","FUSION","Application Assessment Criteria for Decision","Modified Date",,,"mapped","7940"
"FUSION QVD Generator","lib://AppData\PROD\AzureDataLake\FUSION\Assessment for Decision.qvd","Assessment for Decision.Assessment For Decision Id%","AzureDbProdNIAADL","FUSION","Assessment for Decision","Assessment For Decision Id",,,"mapped","7940"
"FUSION QVD Generator","lib://AppData\PROD\AzureDataLake\FUSION\Assessment for Decision.qvd","Assessment for Decision.Assessment For Decision","AzureDbProdNIAADL","FUSION","Assessment for Decision","Assessment For Decision",,,"mapped","7940"
"FUSION QVD Generator","lib://AppData\PROD\AzureDataLake\FUSION\Assessment for Decision.qvd","Assessment for Decision.Grant Application Id%","AzureDbProdNIAADL","FUSION","Assessment for Decision","Grant Application Id",,,"mapped","7940"
"FUSION QVD Generator","lib://AppData\PROD\AzureDataLake\FUSION\Assessment for Decision.qvd","Assessment for Decision.Grant Application","AzureDbProdNIAADL","FUSION","Assessment for Decision","Grant Application",,,"mapped","7940"
"FUSION QVD Generator","lib://AppData\PROD\AzureDataLake\FUSION\Assessment for Decision.qvd","Assessment for Decision.Application Assessment Id%","AzureDbProdNIAADL","FUSION","Assessment for Decision","Application Assessment Id",,,"mapped","7940"
"FUSION QVD Generator","lib://AppData\PROD\AzureDataLake\FUSION\Assessment for Decision.qvd","Assessment for Decision.Application Assessment","AzureDbProdNIAADL","FUSION","Assessment for Decision","Application Assessment",,,"mapped","7940"
"FUSION QVD Generator","lib://AppData\PROD\AzureDataLake\FUSION\Assessment for Decision.qvd","Assessment for Decision.Applicable to the funding brief","AzureDbProdNIAADL","FUSION","Assessment for Decision","Applicable to the funding brief",,,"mapped","7940"
"FUSION QVD Generator","lib://AppData\PROD\AzureDataLake\FUSION\Assessment for Decision.qvd","Assessment for Decision.Funding Decision Id%","AzureDbProdNIAADL","FUSION","Assessment for Decision","Funding Decision Id",,,"mapped","7940"
"FUSION QVD Generator","lib://AppData\PROD\AzureDataLake\FUSION\Assessment for Decision.qvd","Assessment for Decision.Funding Decision","AzureDbProdNIAADL","FUSION","Assessment for Decision","Funding Decision",,,"mapped","7940"
"FUSION QVD Generator","lib://AppData\PROD\AzureDataLake\FUSION\Assessment for Decision.qvd","Assessment for Decision.Name","AzureDbProdNIAADL","FUSION","Assessment for Decision","Name",,,"mapped","7940"
"FUSION QVD Generator","lib://AppData\PROD\AzureDataLake\FUSION\Assessment for Decision.qvd","Assessment for Decision.State","AzureDbProdNIAADL","FUSION","Assessment for Decision","State",,,"mapped","7940"
"FUSION QVD Generator","lib://AppData\PROD\AzureDataLake\FUSION\Assessment for Decision.qvd","Assessment for Decision.Status","AzureDbProdNIAADL","FUSION","Assessment for Decision","Status",,,"mapped","7940"
"FUSION QVD Generator","lib://AppData\PROD\AzureDataLake\FUSION\Assessment for Decision.qvd","Assessment for Decision.Creation Date","AzureDbProdNIAADL","FUSION","Assessment for Decision","Creation Date",,,"mapped","7940"
"FUSION QVD Generator","lib://AppData\PROD\AzureDataLake\FUSION\Assessment for Decision.qvd","Assessment for Decision.Modified Date","AzureDbProdNIAADL","FUSION","Assessment for Decision","Modified Date",,,"mapped","7940"
"FUSION QVD Generator","lib://AppData\PROD\AzureDataLake\FUSION\Budget Measure.qvd","Budget Measure.Budget Measure Id%","AzureDbProdNIAADL","FUSION","Budget Measure","Budget Measure Id",,,"mapped","7940"
"FUSION QVD Generator","lib://AppData\PROD\AzureDataLake\FUSION\Budget Measure.qvd","Budget Measure.Budget Measure","AzureDbProdNIAADL","FUSION","Budget Measure","Budget Measure",,,"mapped","7940"
"FUSION QVD Generator","lib://AppData\PROD\AzureDataLake\FUSION\Budget Measure.qvd","Budget Measure.Budget Measure Title","AzureDbProdNIAADL","FUSION","Budget Measure","Budget Measure Title",,,"mapped","7940"
"FUSION QVD Generator","lib://AppData\PROD\AzureDataLake\FUSION\Budget Measure.qvd","Budget Measure.Budget Measure Description","AzureDbProdNIAADL","FUSION","Budget Measure","Budget Measure Description",,,"mapped","7940"
"FUSION QVD Generator","lib://AppData\PROD\AzureDataLake\FUSION\Budget Measure.qvd","Budget Measure.Budget Round Financial Year Id%","AzureDbProdNIAADL","FUSION","Budget Measure","Budget Round Financial Year Id",,,"mapped","7940"
"FUSION QVD Generator","lib://AppData\PROD\AzureDataLake\FUSION\Budget Measure.qvd","Budget Measure.Budget Round Financial Year","AzureDbProdNIAADL","FUSION","Budget Measure","Budget Round Financial Year",,,"mapped","7940"
"FUSION QVD Generator","lib://AppData\PROD\AzureDataLake\FUSION\Budget Measure.qvd","Budget Measure.Budget Round Type","AzureDbProdNIAADL","FUSION","Budget Measure","Budget Round Type",,,"mapped","7940"
"FUSION QVD Generator","lib://AppData\PROD\AzureDataLake\FUSION\Budget Measure.qvd","Budget Measure.Name","AzureDbProdNIAADL","FUSION","Budget Measure","Name",,,"mapped","7940"
"FUSION QVD Generator","lib://AppData\PROD\AzureDataLake\FUSION\Budget Measure.qvd","Budget Measure.Programme Id%","AzureDbProdNIAADL","FUSION","Budget Measure","Programme Id",,,"mapped","7940"
"FUSION QVD Generator","lib://AppData\PROD\AzureDataLake\FUSION\Budget Measure.qvd","Budget Measure.Programme","AzureDbProdNIAADL","FUSION","Budget Measure","Programme",,,"mapped","7940"
"FUSION QVD Generator","lib://AppData\PROD\AzureDataLake\FUSION\Budget Measure.qvd","Budget Measure.Programme Sub Component Id%","AzureDbProdNIAADL","FUSION","Budget Measure","Programme Sub Component Id",,,"mapped","7940"
"FUSION QVD Generator","lib://AppData\PROD\AzureDataLake\FUSION\Budget Measure.qvd","Budget Measure.Programme Sub Component","AzureDbProdNIAADL","FUSION","Budget Measure","Programme Sub Component",,,"mapped","7940"
"FUSION QVD Generator","lib://AppData\PROD\AzureDataLake\FUSION\Budget Measure.qvd","Budget Measure.State","AzureDbProdNIAADL","FUSION","Budget Measure","State",,,"mapped","7940"
"FUSION QVD Generator","lib://AppData\PROD\AzureDataLake\FUSION\Budget Measure.qvd","Budget Measure.Status","AzureDbProdNIAADL","FUSION","Budget Measure","Status",,,"mapped","7940"
"FUSION QVD Generator","lib://AppData\PROD\AzureDataLake\FUSION\Budget Measure.qvd","Budget Measure.Creation Date","AzureDbProdNIAADL","FUSION","Budget Measure","Creation Date",,,"mapped","7940"
"FUSION QVD Generator","lib://AppData\PROD\AzureDataLake\FUSION\Budget Measure.qvd","Budget Measure.Modified Date","AzureDbProdNIAADL","FUSION","Budget Measure","Modified Date",,,"mapped","7940"
"FUSION QVD Generator","lib://AppData\PROD\AzureDataLake\FUSION\Ceasing Activity Assessment Round.qvd","Ceasing Activity Assessment Round.Ceasing Activity Assessment Round Id%","AzureDbProdNIAADL","FUSION","Ceasing Activity Assessment Round","Ceasing Activity Assessment Round Id",,,"mapped","7940"
"FUSION QVD Generator","lib://AppData\PROD\AzureDataLake\FUSION\Ceasing Activity Assessment Round.qvd","Ceasing Activity Assessment Round.CAA Round","AzureDbProdNIAADL","FUSION","Ceasing Activity Assessment Round","CAA Round",,,"mapped","7940"
"FUSION QVD Generator","lib://AppData\PROD\AzureDataLake\FUSION\Ceasing Activity Assessment Round.qvd","Ceasing Activity Assessment Round.CAA Round Title","AzureDbProdNIAADL","FUSION","Ceasing Activity Assessment Round","CAA Round Title",,,"mapped","7940"
"FUSION QVD Generator","lib://AppData\PROD\AzureDataLake\FUSION\Ceasing Activity Assessment Round.qvd","Ceasing Activity Assessment Round.Description","AzureDbProdNIAADL","FUSION","Ceasing Activity Assessment Round","Description",,,"mapped","7940"
"FUSION QVD Generator","lib://AppData\PROD\AzureDataLake\FUSION\Ceasing Activity Assessment Round.qvd","Ceasing Activity Assessment Round.Name","AzureDbProdNIAADL","FUSION","Ceasing Activity Assessment Round","Name",,,"mapped","7940"
"FUSION QVD Generator","lib://AppData\PROD\AzureDataLake\FUSION\Ceasing Activity Assessment Round.qvd","Ceasing Activity Assessment Round.State","AzureDbProdNIAADL","FUSION","Ceasing Activity Assessment Round","State",,,"mapped","7940"
"FUSION QVD Generator","lib://AppData\PROD\AzureDataLake\FUSION\Ceasing Activity Assessment Round.qvd","Ceasing Activity Assessment Round.Status","AzureDbProdNIAADL","FUSION","Ceasing Activity Assessment Round","Status",,,"mapped","7940"
"FUSION QVD Generator","lib://AppData\PROD\AzureDataLake\FUSION\Ceasing Activity Assessment Round.qvd","Ceasing Activity Assessment Round.Creation Date","AzureDbProdNIAADL","FUSION","Ceasing Activity Assessment Round","Creation Date",,,"mapped","7940"
"FUSION QVD Generator","lib://AppData\PROD\AzureDataLake\FUSION\Ceasing Activity Assessment Round.qvd","Ceasing Activity Assessment Round.Modified Date","AzureDbProdNIAADL","FUSION","Ceasing Activity Assessment Round","Modified Date",,,"mapped","7940"
"FUSION QVD Generator","lib://AppData\PROD\AzureDataLake\FUSION\Coverage Area.qvd","Coverage Area.Coverage Area Id%","AzureDbProdNIAADL","FUSION","Coverage Area","Coverage Area Id",,,"mapped","7940"
"FUSION QVD Generator","lib://AppData\PROD\AzureDataLake\FUSION\Coverage Area.qvd","Coverage Area.Coverage Area","AzureDbProdNIAADL","FUSION","Coverage Area","Coverage Area",,,"mapped","7940"
"FUSION QVD Generator","lib://AppData\PROD\AzureDataLake\FUSION\Coverage Area.qvd","Coverage Area.Grant Application Id%","AzureDbProdNIAADL","FUSION","Coverage Area","Grant Application Id",,,"mapped","7940"
"FUSION QVD Generator","lib://AppData\PROD\AzureDataLake\FUSION\Coverage Area.qvd","Coverage Area.Grant Application","AzureDbProdNIAADL","FUSION","Coverage Area","Grant Application",,,"mapped","7940"
"FUSION QVD Generator","lib://AppData\PROD\AzureDataLake\FUSION\Coverage Area.qvd","Coverage Area.FY1 Amount","AzureDbProdNIAADL","FUSION","Coverage Area","FY1 Amount",,,"mapped","7940"
"FUSION QVD Generator","lib://AppData\PROD\AzureDataLake\FUSION\Coverage Area.qvd","Coverage Area.FY2 Amount","AzureDbProdNIAADL","FUSION","Coverage Area","FY2 Amount",,,"mapped","7940"
"FUSION QVD Generator","lib://AppData\PROD\AzureDataLake\FUSION\Coverage Area.qvd","Coverage Area.FY3 Amount","AzureDbProdNIAADL","FUSION","Coverage Area","FY3 Amount",,,"mapped","7940"
"FUSION QVD Generator","lib://AppData\PROD\AzureDataLake\FUSION\Coverage Area.qvd","Coverage Area.FY4 Amount","AzureDbProdNIAADL","FUSION","Coverage Area","FY4 Amount",,,"mapped","7940"
"FUSION QVD Generator","lib://AppData\PROD\AzureDataLake\FUSION\Coverage Area.qvd","Coverage Area.FY5 Aamount","AzureDbProdNIAADL","FUSION","Coverage Area","FY5 Aamount",,,"mapped","7940"
"FUSION QVD Generator","lib://AppData\PROD\AzureDataLake\FUSION\Coverage Area.qvd","Coverage Area.FY6 Amount","AzureDbProdNIAADL","FUSION","Coverage Area","FY6 Amount",,,"mapped","7940"
"FUSION QVD Generator","lib://AppData\PROD\AzureDataLake\FUSION\Coverage Area.qvd","Coverage Area.Name","AzureDbProdNIAADL","FUSION","Coverage Area","Name",,,"mapped","7940"
"FUSION QVD Generator","lib://AppData\PROD\AzureDataLake\FUSION\Coverage Area.qvd","Coverage Area.Source System Id","AzureDbProdNIAADL","FUSION","Coverage Area","Source System Id",,,"mapped","7940"
"FUSION QVD Generator","lib://AppData\PROD\AzureDataLake\FUSION\Coverage Area.qvd","Coverage Area.State/Territory","AzureDbProdNIAADL","FUSION","Coverage Area","State/Territory",,,"mapped","7940"
"FUSION QVD Generator","lib://AppData\PROD\AzureDataLake\FUSION\Coverage Area.qvd","Coverage Area.Total Amount","AzureDbProdNIAADL","FUSION","Coverage Area","Total Amount",,,"mapped","7940"
"FUSION QVD Generator","lib://AppData\PROD\AzureDataLake\FUSION\Coverage Area.qvd","Coverage Area.Total Amount Percentage","AzureDbProdNIAADL","FUSION","Coverage Area","Total Amount Percentage",,,"mapped","7940"
"FUSION QVD Generator","lib://AppData\PROD\AzureDataLake\FUSION\Coverage Area.qvd","Coverage Area.State","AzureDbProdNIAADL","FUSION","Coverage Area","State",,,"mapped","7940"
"FUSION QVD Generator","lib://AppData\PROD\AzureDataLake\FUSION\Coverage Area.qvd","Coverage Area.Status","AzureDbProdNIAADL","FUSION","Coverage Area","Status",,,"mapped","7940"
"FUSION QVD Generator","lib://AppData\PROD\AzureDataLake\FUSION\Coverage Area.qvd","Coverage Area.Creation Date","AzureDbProdNIAADL","FUSION","Coverage Area","Creation Date",,,"mapped","7940"
"FUSION QVD Generator","lib://AppData\PROD\AzureDataLake\FUSION\Coverage Area.qvd","Coverage Area.Modified Date","AzureDbProdNIAADL","FUSION","Coverage Area","Modified Date",,,"mapped","7940"
"FUSION QVD Generator","lib://AppData\PROD\AzureDataLake\FUSION\CTG Outcome.qvd","CTG Outcome.CTG Outcome Id%","AzureDbProdNIAADL","FUSION","CTG Outcome","CTG Outcome Id",,,"mapped","7940"
"FUSION QVD Generator","lib://AppData\PROD\AzureDataLake\FUSION\CTG Outcome.qvd","CTG Outcome.Name","AzureDbProdNIAADL","FUSION","CTG Outcome","Name",,,"mapped","7940"
"FUSION QVD Generator","lib://AppData\PROD\AzureDataLake\FUSION\CTG Outcome.qvd","CTG Outcome.Outcome Description","AzureDbProdNIAADL","FUSION","CTG Outcome","Outcome Description",,,"mapped","7940"
"FUSION QVD Generator","lib://AppData\PROD\AzureDataLake\FUSION\CTG Outcome.qvd","CTG Outcome.Sort Order","AzureDbProdNIAADL","FUSION","CTG Outcome","Sort Order",,,"mapped","7940"
"FUSION QVD Generator","lib://AppData\PROD\AzureDataLake\FUSION\CTG Outcome.qvd","CTG Outcome.Target Description","AzureDbProdNIAADL","FUSION","CTG Outcome","Target Description",,,"mapped","7940"
"FUSION QVD Generator","lib://AppData\PROD\AzureDataLake\FUSION\CTG Outcome.qvd","CTG Outcome.State","AzureDbProdNIAADL","FUSION","CTG Outcome","State",,,"mapped","7940"
"FUSION QVD Generator","lib://AppData\PROD\AzureDataLake\FUSION\CTG Outcome.qvd","CTG Outcome.Status","AzureDbProdNIAADL","FUSION","CTG Outcome","Status",,,"mapped","7940"
"FUSION QVD Generator","lib://AppData\PROD\AzureDataLake\FUSION\Grant Opportunity Guideline - CTG Outcome.qvd","Grant Opportunity Guideline - CTG Outcome.Grant Opportunity Guideline Id%","AzureDbProdNIAADL","FUSION","Grant Opportunity Guideline - CTG Outcome","Grant Opportunity Guideline Id",,,"mapped","7940"
"FUSION QVD Generator","lib://AppData\PROD\AzureDataLake\FUSION\Grant Opportunity Guideline - CTG Outcome.qvd","Grant Opportunity Guideline - CTG Outcome.CTG Outcome Id%","AzureDbProdNIAADL","FUSION","Grant Opportunity Guideline - CTG Outcome","CTG Outcome Id",,,"mapped","7940"
"FUSION QVD Generator","lib://AppData\PROD\AzureDataLake\FUSION\Funding Decision Financial.qvd","Funding Decision Financial.Funding Decision Financial Id%","AzureDbProdNIAADL","FUSION","Funding Decision Financial","Funding Decision Financial Id",,,"mapped","7940"
"FUSION QVD Generator","lib://AppData\PROD\AzureDataLake\FUSION\Funding Decision Financial.qvd","Funding Decision Financial.Funding Decision Financial","AzureDbProdNIAADL","FUSION","Funding Decision Financial","Funding Decision Financial",,,"mapped","7940"
"FUSION QVD Generator","lib://AppData\PROD\AzureDataLake\FUSION\Funding Decision Financial.qvd","Funding Decision Financial.Funding Decision Id%","AzureDbProdNIAADL","FUSION","Funding Decision Financial","Funding Decision Id",,,"mapped","7940"
"FUSION QVD Generator","lib://AppData\PROD\AzureDataLake\FUSION\Funding Decision Financial.qvd","Funding Decision Financial.Funding Decision","AzureDbProdNIAADL","FUSION","Funding Decision Financial","Funding Decision",,,"mapped","7940"
"FUSION QVD Generator","lib://AppData\PROD\AzureDataLake\FUSION\Funding Decision Financial.qvd","Funding Decision Financial.Funding Decision Summary Financial Id","AzureDbProdNIAADL","FUSION","Funding Decision Financial","Funding Decision Summary Financial Id",,,"mapped","7940"
"FUSION QVD Generator","lib://AppData\PROD\AzureDataLake\FUSION\Funding Decision Financial.qvd","Funding Decision Financial.Funding Decision Summary Financial","AzureDbProdNIAADL","FUSION","Funding Decision Financial","Funding Decision Summary Financial",,,"mapped","7940"
"FUSION QVD Generator","lib://AppData\PROD\AzureDataLake\FUSION\Funding Decision Financial.qvd","Funding Decision Financial.Planned Investment Financial Id%","AzureDbProdNIAADL","FUSION","Funding Decision Financial","Planned Investment Financial Id",,,"mapped","7940"
"FUSION QVD Generator","lib://AppData\PROD\AzureDataLake\FUSION\Funding Decision Financial.qvd","Funding Decision Financial.Planned Investment Financial","AzureDbProdNIAADL","FUSION","Funding Decision Financial","Planned Investment Financial",,,"mapped","7940"
"FUSION QVD Generator","lib://AppData\PROD\AzureDataLake\FUSION\Funding Decision Financial.qvd","Funding Decision Financial.Financial Year Id%","AzureDbProdNIAADL","FUSION","Funding Decision Financial","Financial Year Id",,,"mapped","7940"
"FUSION QVD Generator","lib://AppData\PROD\AzureDataLake\FUSION\Funding Decision Financial.qvd","Funding Decision Financial.Financial Year","AzureDbProdNIAADL","FUSION","Funding Decision Financial","Financial Year",,,"mapped","7940"
"FUSION QVD Generator","lib://AppData\PROD\AzureDataLake\FUSION\Funding Decision Financial.qvd","Funding Decision Financial.Applied For Amount Ex GST","AzureDbProdNIAADL","FUSION","Funding Decision Financial","Applied For Amount Ex GST",,,"mapped","7940"
"FUSION QVD Generator","lib://AppData\PROD\AzureDataLake\FUSION\Funding Decision Financial.qvd","Funding Decision Financial.Approved Amount Ex GST","AzureDbProdNIAADL","FUSION","Funding Decision Financial","Approved Amount Ex GST",,,"mapped","7940"
"FUSION QVD Generator","lib://AppData\PROD\AzureDataLake\FUSION\Funding Decision Financial.qvd","Funding Decision Financial.Recommended Amount Ex GST","AzureDbProdNIAADL","FUSION","Funding Decision Financial","Recommended Amount Ex GST",,,"mapped","7940"
"FUSION QVD Generator","lib://AppData\PROD\AzureDataLake\FUSION\Funding Decision Financial.qvd","Funding Decision Financial.Legal Commitment Amount Ex GST","AzureDbProdNIAADL","FUSION","Funding Decision Financial","Legal Commitment Amount Ex GST",,,"mapped","7940"
"FUSION QVD Generator","lib://AppData\PROD\AzureDataLake\FUSION\Funding Decision Financial.qvd","Funding Decision Financial.Current Activity Funding Ex GST","AzureDbProdNIAADL","FUSION","Funding Decision Financial","Current Activity Funding Ex GST",,,"mapped","7940"
"FUSION QVD Generator","lib://AppData\PROD\AzureDataLake\FUSION\Funding Decision Financial.qvd","Funding Decision Financial.Is System Created","AzureDbProdNIAADL","FUSION","Funding Decision Financial","Is System Created",,,"mapped","7940"
"FUSION QVD Generator","lib://AppData\PROD\AzureDataLake\FUSION\Funding Decision Financial.qvd","Funding Decision Financial.Is System Updated","AzureDbProdNIAADL","FUSION","Funding Decision Financial","Is System Updated",,,"mapped","7940"
"FUSION QVD Generator","lib://AppData\PROD\AzureDataLake\FUSION\Funding Decision Financial.qvd","Funding Decision Financial.Name","AzureDbProdNIAADL","FUSION","Funding Decision Financial","Name",,,"mapped","7940"
"FUSION QVD Generator","lib://AppData\PROD\AzureDataLake\FUSION\Funding Decision Financial.qvd","Funding Decision Financial.State","AzureDbProdNIAADL","FUSION","Funding Decision Financial","State",,,"mapped","7940"
"FUSION QVD Generator","lib://AppData\PROD\AzureDataLake\FUSION\Funding Decision Financial.qvd","Funding Decision Financial.Status","AzureDbProdNIAADL","FUSION","Funding Decision Financial","Status",,,"mapped","7940"
"FUSION QVD Generator","lib://AppData\PROD\AzureDataLake\FUSION\Funding Decision Financial.qvd","Funding Decision Financial.Creation Date","AzureDbProdNIAADL","FUSION","Funding Decision Financial","Creation Date",,,"mapped","7940"
"FUSION QVD Generator","lib://AppData\PROD\AzureDataLake\FUSION\Funding Decision Financial.qvd","Funding Decision Financial.Modified Date","AzureDbProdNIAADL","FUSION","Funding Decision Financial","Modified Date",,,"mapped","7940"
"FUSION QVD Generator","lib://AppData\PROD\AzureDataLake\FUSION\Direct Approach Approval.qvd","Direct Approach Approval.Direct Approach Approval Id$","AzureDbProdNIAADL","FUSION","Direct Approach Approval","Direct Approach Approval Id",,,"mapped","7940"
"FUSION QVD Generator","lib://AppData\PROD\AzureDataLake\FUSION\Direct Approach Approval.qvd","Direct Approach Approval.DAA Id","AzureDbProdNIAADL","FUSION","Direct Approach Approval","DAA Id",,,"mapped","7940"
"FUSION QVD Generator","lib://AppData\PROD\AzureDataLake\FUSION\Direct Approach Approval.qvd","Direct Approach Approval.Date Approved","AzureDbProdNIAADL","FUSION","Direct Approach Approval","Date Approved",,,"mapped","7940"
"FUSION QVD Generator","lib://AppData\PROD\AzureDataLake\FUSION\Direct Approach Approval.qvd","Direct Approach Approval.Delegate Id%","AzureDbProdNIAADL","FUSION","Direct Approach Approval","Delegate Id",,,"mapped","7940"
"FUSION QVD Generator","lib://AppData\PROD\AzureDataLake\FUSION\Direct Approach Approval.qvd","Direct Approach Approval.Delegate","AzureDbProdNIAADL","FUSION","Direct Approach Approval","Delegate",,,"mapped","7940"
"FUSION QVD Generator","lib://AppData\PROD\AzureDataLake\FUSION\Direct Approach Approval.qvd","Direct Approach Approval.Delegate Level","AzureDbProdNIAADL","FUSION","Direct Approach Approval","Delegate Level",,,"mapped","7940"
"FUSION QVD Generator","lib://AppData\PROD\AzureDataLake\FUSION\Direct Approach Approval.qvd","Direct Approach Approval.Delegate Name","AzureDbProdNIAADL","FUSION","Direct Approach Approval","Delegate Name",,,"mapped","7940"
"FUSION QVD Generator","lib://AppData\PROD\AzureDataLake\FUSION\Direct Approach Approval.qvd","Direct Approach Approval.Document Links","AzureDbProdNIAADL","FUSION","Direct Approach Approval","Document Links",,,"mapped","7940"
"FUSION QVD Generator","lib://AppData\PROD\AzureDataLake\FUSION\Direct Approach Approval.qvd","Direct Approach Approval.Entered By Id%","AzureDbProdNIAADL","FUSION","Direct Approach Approval","Entered By Id",,,"mapped","7940"
"FUSION QVD Generator","lib://AppData\PROD\AzureDataLake\FUSION\Direct Approach Approval.qvd","Direct Approach Approval.Entered By","AzureDbProdNIAADL","FUSION","Direct Approach Approval","Entered By",,,"mapped","7940"
"FUSION QVD Generator","lib://AppData\PROD\AzureDataLake\FUSION\Direct Approach Approval.qvd","Direct Approach Approval.Entered On","AzureDbProdNIAADL","FUSION","Direct Approach Approval","Entered On",,,"mapped","7940"
"FUSION QVD Generator","lib://AppData\PROD\AzureDataLake\FUSION\Direct Approach Approval.qvd","Direct Approach Approval.Estimated value of the proposal Ex GST","AzureDbProdNIAADL","FUSION","Direct Approach Approval","Estimated value of the proposal Ex GST",,,"mapped","7940"
"FUSION QVD Generator","lib://AppData\PROD\AzureDataLake\FUSION\Direct Approach Approval.qvd","Direct Approach Approval.Name","AzureDbProdNIAADL","FUSION","Direct Approach Approval","Name",,,"mapped","7940"
"FUSION QVD Generator","lib://AppData\PROD\AzureDataLake\FUSION\Direct Approach Approval.qvd","Direct Approach Approval.Purpose of Direct Approach Approval","AzureDbProdNIAADL","FUSION","Direct Approach Approval","Purpose of Direct Approach Approval",,,"mapped","7940"
"FUSION QVD Generator","lib://AppData\PROD\AzureDataLake\FUSION\Direct Approach Approval.qvd","Direct Approach Approval.Title","AzureDbProdNIAADL","FUSION","Direct Approach Approval","Title",,,"mapped","7940"
"FUSION QVD Generator","lib://AppData\PROD\AzureDataLake\FUSION\Direct Approach Approval.qvd","Direct Approach Approval.State","AzureDbProdNIAADL","FUSION","Direct Approach Approval","State",,,"mapped","7940"
"FUSION QVD Generator","lib://AppData\PROD\AzureDataLake\FUSION\Direct Approach Approval.qvd","Direct Approach Approval.Status","AzureDbProdNIAADL","FUSION","Direct Approach Approval","Status",,,"mapped","7940"
"FUSION QVD Generator","lib://AppData\PROD\AzureDataLake\FUSION\Direct Approach Approval.qvd","Direct Approach Approval.Creation Date","AzureDbProdNIAADL","FUSION","Direct Approach Approval","Creation Date",,,"mapped","7940"
"FUSION QVD Generator","lib://AppData\PROD\AzureDataLake\FUSION\Direct Approach Approval.qvd","Direct Approach Approval.Modified Date","AzureDbProdNIAADL","FUSION","Direct Approach Approval","Modified Date",,,"mapped","7940"
"FUSION QVD Generator","lib://AppData\PROD\AzureDataLake\FUSION\Funding Appropriation.qvd","Funding Appropriation.Funding Appropriation Id%","AzureDbProdNIAADL","FUSION","Funding Appropriation","Funding Appropriation Id",,,"mapped","7940"
"FUSION QVD Generator","lib://AppData\PROD\AzureDataLake\FUSION\Funding Appropriation.qvd","Funding Appropriation.Description","AzureDbProdNIAADL","FUSION","Funding Appropriation","Description",,,"mapped","7940"
"FUSION QVD Generator","lib://AppData\PROD\AzureDataLake\FUSION\Funding Appropriation.qvd","Funding Appropriation.Name","AzureDbProdNIAADL","FUSION","Funding Appropriation","Name",,,"mapped","7940"
"FUSION QVD Generator","lib://AppData\PROD\AzureDataLake\FUSION\Funding Appropriation.qvd","Funding Appropriation.Standard Obligations","AzureDbProdNIAADL","FUSION","Funding Appropriation","Standard Obligations",,,"mapped","7940"
"FUSION QVD Generator","lib://AppData\PROD\AzureDataLake\FUSION\Funding Appropriation.qvd","Funding Appropriation.Write Permission","AzureDbProdNIAADL","FUSION","Funding Appropriation","Write Permission",,,"mapped","7940"
"FUSION QVD Generator","lib://AppData\PROD\AzureDataLake\FUSION\Funding Appropriation.qvd","Funding Appropriation.State","AzureDbProdNIAADL","FUSION","Funding Appropriation","State",,,"mapped","7940"
"FUSION QVD Generator","lib://AppData\PROD\AzureDataLake\FUSION\Funding Appropriation.qvd","Funding Appropriation.Status","AzureDbProdNIAADL","FUSION","Funding Appropriation","Status",,,"mapped","7940"
"FUSION QVD Generator","lib://AppData\PROD\AzureDataLake\FUSION\Funding Appropriation.qvd","Funding Appropriation.Creation Date","AzureDbProdNIAADL","FUSION","Funding Appropriation","Creation Date",,,"mapped","7940"
"FUSION QVD Generator","lib://AppData\PROD\AzureDataLake\FUSION\Funding Appropriation.qvd","Funding Appropriation.Modified Date","AzureDbProdNIAADL","FUSION","Funding Appropriation","Modified Date",,,"mapped","7940"
"FUSION QVD Generator","lib://AppData\PROD\AzureDataLake\FUSION\Funding Brief.qvd","Funding Brief.Funding Brief Id%","AzureDbProdNIAADL","FUSION","Funding Brief","Funding Brief Id",,,"mapped","7940"
"FUSION QVD Generator","lib://AppData\PROD\AzureDataLake\FUSION\Funding Brief.qvd","Funding Brief.Funding Brief",,,,,,,"multi-source","7940"
"FUSION QVD Generator","lib://AppData\PROD\AzureDataLake\FUSION\Funding Brief.qvd","Funding Brief.ABP Approval",,,,,,,"multi-source","7940"
"FUSION QVD Generator","lib://AppData\PROD\AzureDataLake\FUSION\Funding Brief.qvd","Funding Brief.ABP Approver Id%","AzureDbProdNIAADL","FUSION","Funding Brief","ABP Approver Id",,,"mapped","7940"
"FUSION QVD Generator","lib://AppData\PROD\AzureDataLake\FUSION\Funding Brief.qvd","Funding Brief.ABP Approver",,,,,,,"multi-source","7940"
"FUSION QVD Generator","lib://AppData\PROD\AzureDataLake\FUSION\Funding Brief.qvd","Funding Brief.ABP Preview Ccomments",,,,,,,"multi-source","7940"
"FUSION QVD Generator","lib://AppData\PROD\AzureDataLake\FUSION\Funding Brief.qvd","Funding Brief.Approval Type",,,,,,,"multi-source","7940"
"FUSION QVD Generator","lib://AppData\PROD\AzureDataLake\FUSION\Funding Brief.qvd","Funding Brief.Assigned Delegate Id%","AzureDbProdNIAADL","FUSION","Funding Brief","Assigned Delegate Id",,,"mapped","7940"
"FUSION QVD Generator","lib://AppData\PROD\AzureDataLake\FUSION\Funding Brief.qvd","Funding Brief.Assigned Delegate",,,,,,,"multi-source","7940"
"FUSION QVD Generator","lib://AppData\PROD\AzureDataLake\FUSION\Funding Brief.qvd","Funding Brief.Assigned Delegate Level",,,,,,,"multi-source","7940"
"FUSION QVD Generator","lib://AppData\PROD\AzureDataLake\FUSION\Funding Brief.qvd","Funding Brief.Assigned Ddelegate Minister",,,,,,,"multi-source","7940"
"FUSION QVD Generator","lib://AppData\PROD\AzureDataLake\FUSION\Funding Brief.qvd","Funding Brief.Brief Approved",,,,,,,"multi-source","7940"
"FUSION QVD Generator","lib://AppData\PROD\AzureDataLake\FUSION\Funding Brief.qvd","Funding Brief.Brief Submitted for Approval Date",,,,,,,"multi-source","7940"
"FUSION QVD Generator","lib://AppData\PROD\AzureDataLake\FUSION\Funding Brief.qvd","Funding Brief.Brief Contact Person Id%","AzureDbProdNIAADL","FUSION","Funding Brief","Brief Contact Person Id",,,"mapped","7940"
"FUSION QVD Generator","lib://AppData\PROD\AzureDataLake\FUSION\Funding Brief.qvd","Funding Brief.Brief Contact Person",,,,,,,"multi-source","7940"
"FUSION QVD Generator","lib://AppData\PROD\AzureDataLake\FUSION\Funding Brief.qvd","Funding Brief.Ceasing Activity Assessment Id%","AzureDbProdNIAADL","FUSION","Funding Brief","Ceasing Activity Assessment Id",,,"mapped","7940"
"FUSION QVD Generator","lib://AppData\PROD\AzureDataLake\FUSION\Funding Brief.qvd","Funding Brief.CAA Round",,,,,,,"multi-source","7940"
"FUSION QVD Generator","lib://AppData\PROD\AzureDataLake\FUSION\Funding Brief.qvd","Funding Brief.Clearance Comments",,,,,,,"multi-source","7940"
"FUSION QVD Generator","lib://AppData\PROD\AzureDataLake\FUSION\Funding Brief.qvd","Funding Brief.Clearance Officer Id%","AzureDbProdNIAADL","FUSION","Funding Brief","Clearance Officer Id",,,"mapped","7940"
"FUSION QVD Generator","lib://AppData\PROD\AzureDataLake\FUSION\Funding Brief.qvd","Funding Brief.Clearance Officer",,,,,,,"multi-source","7940"
"FUSION QVD Generator","lib://AppData\PROD\AzureDataLake\FUSION\Funding Brief.qvd","Funding Brief.Clearance Performed By Id%","AzureDbProdNIAADL","FUSION","Funding Brief","Clearance Performed By Id",,,"mapped","7940"
"FUSION QVD Generator","lib://AppData\PROD\AzureDataLake\FUSION\Funding Brief.qvd","Funding Brief.Clearance Performed By",,,,,,,"multi-source","7940"
"FUSION QVD Generator","lib://AppData\PROD\AzureDataLake\FUSION\Funding Brief.qvd","Funding Brief.Cleared by CEO",,,,,,,"multi-source","7940"
"FUSION QVD Generator","lib://AppData\PROD\AzureDataLake\FUSION\Funding Brief.qvd","Funding Brief.Cleared by Clearance Officer",,,,,,,"multi-source","7940"
"FUSION QVD Generator","lib://AppData\PROD\AzureDataLake\FUSION\Funding Brief.qvd","Funding Brief.Comments",,,,,,,"multi-source","7940"
"FUSION QVD Generator","lib://AppData\PROD\AzureDataLake\FUSION\Funding Brief.qvd","Funding Brief.Date Approved",,,,,,,"multi-source","7940"
"FUSION QVD Generator","lib://AppData\PROD\AzureDataLake\FUSION\Funding Brief.qvd","Funding Brief.Date Clearance Actioned",,,,,,,"multi-source","7940"
"FUSION QVD Generator","lib://AppData\PROD\AzureDataLake\FUSION\Funding Brief.qvd","Funding Brief.Date Reviewed",,,,,,,"multi-source","7940"
"FUSION QVD Generator","lib://AppData\PROD\AzureDataLake\FUSION\Funding Brief.qvd","Funding Brief.Date the brief must be signed",,,,,,,"multi-source","7940"
"FUSION QVD Generator","lib://AppData\PROD\AzureDataLake\FUSION\Funding Brief.qvd","Funding Brief.Deactivate Reason",,,,,,,"multi-source","7940"
"FUSION QVD Generator","lib://AppData\PROD\AzureDataLake\FUSION\Funding Brief.qvd","Funding Brief.Decision Date",,,,,,,"multi-source","7940"
"FUSION QVD Generator","lib://AppData\PROD\AzureDataLake\FUSION\Funding Brief.qvd","Funding Brief.Decision Made By Id%","AzureDbProdNIAADL","FUSION","Funding Brief","Decision Made By Id",,,"mapped","7940"
"FUSION QVD Generator","lib://AppData\PROD\AzureDataLake\FUSION\Funding Brief.qvd","Funding Brief.Decision Made By",,,,,,,"multi-source","7940"
"FUSION QVD Generator","lib://AppData\PROD\AzureDataLake\FUSION\Funding Brief.qvd","Funding Brief.Delegate Id",,,,,,,"multi-source","7940"
"FUSION QVD Generator","lib://AppData\PROD\AzureDataLake\FUSION\Funding Brief.qvd","Funding Brief.Delegate",,,,,,,"multi-source","7940"
"FUSION QVD Generator","lib://AppData\PROD\AzureDataLake\FUSION\Funding Brief.qvd","Funding Brief.Delegate Aapproval",,,,,,,"multi-source","7940"
"FUSION QVD Generator","lib://AppData\PROD\AzureDataLake\FUSION\Funding Brief.qvd","Funding Brief.Delegate Approver Level",,,,,,,"multi-source","7940"
"FUSION QVD Generator","lib://AppData\PROD\AzureDataLake\FUSION\Funding Brief.qvd","Funding Brief.Delegate Approver Officer",,,,,,,"multi-source","7940"
"FUSION QVD Generator","lib://AppData\PROD\AzureDataLake\FUSION\Funding Brief.qvd","Funding Brief.Delegate Comments",,,,,,,"multi-source","7940"
"FUSION QVD Generator","lib://AppData\PROD\AzureDataLake\FUSION\Funding Brief.qvd","Funding Brief.Delegate Minister",,,,,,,"multi-source","7940"
"FUSION QVD Generator","lib://AppData\PROD\AzureDataLake\FUSION\Funding Brief.qvd","Funding Brief.Description",,,,,,,"multi-source","7940"
"FUSION QVD Generator","lib://AppData\PROD\AzureDataLake\FUSION\Funding Brief.qvd","Funding Brief.Direct Approach Approval",,,,,,,"multi-source","7940"
"FUSION QVD Generator","lib://AppData\PROD\AzureDataLake\FUSION\Funding Brief.qvd","Funding Brief.Document Link",,,,,,,"multi-source","7940"
"FUSION QVD Generator","lib://AppData\PROD\AzureDataLake\FUSION\Funding Brief.qvd","Funding Brief.Does the delegate have budget authority",,,,,,,"multi-source","7940"
"FUSION QVD Generator","lib://AppData\PROD\AzureDataLake\FUSION\Funding Brief.qvd","Funding Brief.Existing Funding Brief Id%","AzureDbProdNIAADL","FUSION","Funding Brief","Existing Funding Brief Id",,,"mapped","7940"
"FUSION QVD Generator","lib://AppData\PROD\AzureDataLake\FUSION\Funding Brief.qvd","Funding Brief.Existing Funding Brief",,,,,,,"multi-source","7940"
"FUSION QVD Generator","lib://AppData\PROD\AzureDataLake\FUSION\Funding Brief.qvd","Funding Brief.Funding Appropriation Id%","AzureDbProdNIAADL","FUSION","Funding Brief","Funding Appropriation Id",,,"mapped","7940"
"FUSION QVD Generator","lib://AppData\PROD\AzureDataLake\FUSION\Funding Brief.qvd","Funding Brief.Funding Appropriation",,,,,,,"multi-source","7940"
"FUSION QVD Generator","lib://AppData\PROD\AzureDataLake\FUSION\Funding Brief.qvd","Funding Brief.Funding Brief Cleared",,,,,,,"multi-source","7940"
"FUSION QVD Generator","lib://AppData\PROD\AzureDataLake\FUSION\Funding Brief.qvd","Funding Brief.Funding Brief Ready Ffor ABP Review",,,,,,,"multi-source","7940"
"FUSION QVD Generator","lib://AppData\PROD\AzureDataLake\FUSION\Funding Brief.qvd","Funding Brief.Funding Brief Title",,,,,,,"multi-source","7940"
"FUSION QVD Generator","lib://AppData\PROD\AzureDataLake\FUSION\Funding Brief.qvd","Funding Brief.Grant Round Id%","AzureDbProdNIAADL","FUSION","Funding Brief","Grant Round Id",,,"mapped","7940"
"FUSION QVD Generator","lib://AppData\PROD\AzureDataLake\FUSION\Funding Brief.qvd","Funding Brief.Grant Round",,,,,,,"multi-source","7940"
"FUSION QVD Generator","lib://AppData\PROD\AzureDataLake\FUSION\Funding Brief.qvd","Funding Brief.Grants Policy Approval",,,,,,,"multi-source","7940"
"FUSION QVD Generator","lib://AppData\PROD\AzureDataLake\FUSION\Funding Brief.qvd","Funding Brief.Grants Policy Approver Id%","AzureDbProdNIAADL","FUSION","Funding Brief","Grants Policy Approver Id",,,"mapped","7940"
"FUSION QVD Generator","lib://AppData\PROD\AzureDataLake\FUSION\Funding Brief.qvd","Funding Brief.Grants Policy Approver",,,,,,,"multi-source","7940"
"FUSION QVD Generator","lib://AppData\PROD\AzureDataLake\FUSION\Funding Brief.qvd","Funding Brief.Grants Policy Review Comments",,,,,,,"multi-source","7940"
"FUSION QVD Generator","lib://AppData\PROD\AzureDataLake\FUSION\Funding Brief.qvd","Funding Brief.Is a media release included",,,,,,,"multi-source","7940"
"FUSION QVD Generator","lib://AppData\PROD\AzureDataLake\FUSION\Funding Brief.qvd","Funding Brief.Is the brief urgent",,,,,,,"multi-source","7940"
"FUSION QVD Generator","lib://AppData\PROD\AzureDataLake\FUSION\Funding Brief.qvd","Funding Brief.Is the delegate the minister",,,,,,,"multi-source","7940"
"FUSION QVD Generator","lib://AppData\PROD\AzureDataLake\FUSION\Funding Brief.qvd","Funding Brief.Is the required funding available",,,,,,,"multi-source","7940"
"FUSION QVD Generator","lib://AppData\PROD\AzureDataLake\FUSION\Funding Brief.qvd","Funding Brief.Name",,,,,,,"multi-source","7940"
"FUSION QVD Generator","lib://AppData\PROD\AzureDataLake\FUSION\Funding Brief.qvd","Funding Brief.Owning Branch Id%","AzureDbProdNIAADL","FUSION","Funding Brief","Owning Branch Id",,,"mapped","7940"
"FUSION QVD Generator","lib://AppData\PROD\AzureDataLake\FUSION\Funding Brief.qvd","Funding Brief.Owning Branch",,,,,,,"multi-source","7940"
"FUSION QVD Generator","lib://AppData\PROD\AzureDataLake\FUSION\Funding Brief.qvd","Funding Brief.Owning Group Id%","AzureDbProdNIAADL","FUSION","Funding Brief","Owning Group Id",,,"mapped","7940"
"FUSION QVD Generator","lib://AppData\PROD\AzureDataLake\FUSION\Funding Brief.qvd","Funding Brief.Owning Group",,,,,,,"multi-source","7940"
"FUSION QVD Generator","lib://AppData\PROD\AzureDataLake\FUSION\Funding Brief.qvd","Funding Brief.PDMS Id",,,,,,,"multi-source","7940"
"FUSION QVD Generator","lib://AppData\PROD\AzureDataLake\FUSION\Funding Brief.qvd","Funding Brief.Process Stage",,,,,,,"multi-source","7940"
"FUSION QVD Generator","lib://AppData\PROD\AzureDataLake\FUSION\Funding Brief.qvd","Funding Brief.Process Stage Direction",,,,,,,"multi-source","7940"
"FUSION QVD Generator","lib://AppData\PROD\AzureDataLake\FUSION\Funding Brief.qvd","Funding Brief.Questionnaire Template Id%","AzureDbProdNIAADL","FUSION","Funding Brief","Questionnaire Template Id",,,"mapped","7940"
"FUSION QVD Generator","lib://AppData\PROD\AzureDataLake\FUSION\Funding Brief.qvd","Funding Brief.Questionnaire Template",,,,,,,"multi-source","7940"
"FUSION QVD Generator","lib://AppData\PROD\AzureDataLake\FUSION\Funding Brief.qvd","Funding Brief.Ready for CEO Delegate Decision",,,,,,,"multi-source","7940"
"FUSION QVD Generator","lib://AppData\PROD\AzureDataLake\FUSION\Funding Brief.qvd","Funding Brief.Ready for Clearance Officer Review",,,,,,,"multi-source","7940"
"FUSION QVD Generator","lib://AppData\PROD\AzureDataLake\FUSION\Funding Brief.qvd","Funding Brief.Reason for not including media release",,,,,,,"multi-source","7940"
"FUSION QVD Generator","lib://AppData\PROD\AzureDataLake\FUSION\Funding Brief.qvd","Funding Brief.Reason for urgency",,,,,,,"multi-source","7940"
"FUSION QVD Generator","lib://AppData\PROD\AzureDataLake\FUSION\Funding Brief.qvd","Funding Brief.Recommendation Section Summary Id%","AzureDbProdNIAADL","FUSION","Funding Brief","Recommendation Section Summary Id",,,"mapped","7940"
"FUSION QVD Generator","lib://AppData\PROD\AzureDataLake\FUSION\Funding Brief.qvd","Funding Brief.Recommendation Section Summary",,,,,,,"multi-source","7940"
"FUSION QVD Generator","lib://AppData\PROD\AzureDataLake\FUSION\Funding Brief.qvd","Funding Brief.Revert Action",,,,,,,"multi-source","7940"
"FUSION QVD Generator","lib://AppData\PROD\AzureDataLake\FUSION\Funding Brief.qvd","Funding Brief.Reverted",,,,,,,"multi-source","7940"
"FUSION QVD Generator","lib://AppData\PROD\AzureDataLake\FUSION\Funding Brief.qvd","Funding Brief.Revert Reason",,,,,,,"multi-source","7940"
"FUSION QVD Generator","lib://AppData\PROD\AzureDataLake\FUSION\Funding Brief.qvd","Funding Brief.Review Comments",,,,,,,"multi-source","7940"
"FUSION QVD Generator","lib://AppData\PROD\AzureDataLake\FUSION\Funding Brief.qvd","Funding Brief.Reviewer Id%","AzureDbProdNIAADL","FUSION","Funding Brief","Reviewer Id",,,"mapped","7940"
"FUSION QVD Generator","lib://AppData\PROD\AzureDataLake\FUSION\Funding Brief.qvd","Funding Brief.Reviewer",,,,,,,"multi-source","7940"
"FUSION QVD Generator","lib://AppData\PROD\AzureDataLake\FUSION\Funding Brief.qvd","Funding Brief.Standard Obligations",,,,,,,"multi-source","7940"
"FUSION QVD Generator","lib://AppData\PROD\AzureDataLake\FUSION\Funding Brief.qvd","Funding Brief.Total Applied For Amount Ex GST",,,,,,,"multi-source","7940"
"FUSION QVD Generator","lib://AppData\PROD\AzureDataLake\FUSION\Funding Brief.qvd","Funding Brief.Total Approved Amount Ex GST",,,,,,,"multi-source","7940"
"FUSION QVD Generator","lib://AppData\PROD\AzureDataLake\FUSION\Funding Brief.qvd","Funding Brief.Total Legal Commitment Amount Ex GST",,,,,,,"multi-source","7940"
"FUSION QVD Generator","lib://AppData\PROD\AzureDataLake\FUSION\Funding Brief.qvd","Funding Brief.Total Recommended Amount Ex GST",,,,,,,"multi-source","7940"
"FUSION QVD Generator","lib://AppData\PROD\AzureDataLake\FUSION\Funding Brief.qvd","Funding Brief.Validation Comments",,,,,,,"multi-source","7940"
"FUSION QVD Generator","lib://AppData\PROD\AzureDataLake\FUSION\Funding Brief.qvd","Funding Brief.State",,,,,,,"multi-source","7940"
"FUSION QVD Generator","lib://AppData\PROD\AzureDataLake\FUSION\Funding Brief.qvd","Funding Brief.Status",,,,,,,"multi-source","7940"
"FUSION QVD Generator","lib://AppData\PROD\AzureDataLake\FUSION\Funding Brief.qvd","Funding Brief.Creation Date",,,,,,,"multi-source","7940"
"FUSION QVD Generator","lib://AppData\PROD\AzureDataLake\FUSION\Funding Brief.qvd","Funding Brief.Modified Date",,,,,,,"multi-source","7940"
"FUSION QVD Generator","lib://AppData\PROD\AzureDataLake\FUSION\Funding Brief.qvd","Funding Brief.Funding Brief Id","AzureDbProdNIAADL","FUSION","Funding Brief","Funding Brief Id",,,"mapped","7940"
"FUSION QVD Generator","lib://AppData\PROD\AzureDataLake\FUSION\Funding Brief.qvd","Funding Brief.ABP Approver Id","AzureDbProdNIAADL","FUSION","Funding Brief","ABP Approver Id",,,"mapped","7940"
"FUSION QVD Generator","lib://AppData\PROD\AzureDataLake\FUSION\Funding Brief.qvd","Funding Brief.Assigned Delegate Id","AzureDbProdNIAADL","FUSION","Funding Brief","Assigned Delegate Id",,,"mapped","7940"
"FUSION QVD Generator","lib://AppData\PROD\AzureDataLake\FUSION\Funding Brief.qvd","Funding Brief.Brief Contact Person Id","AzureDbProdNIAADL","FUSION","Funding Brief","Brief Contact Person Id",,,"mapped","7940"
"FUSION QVD Generator","lib://AppData\PROD\AzureDataLake\FUSION\Funding Brief.qvd","Funding Brief.Ceasing Activity Assessment Id","AzureDbProdNIAADL","FUSION","Funding Brief","Ceasing Activity Assessment Id",,,"mapped","7940"
"FUSION QVD Generator","lib://AppData\PROD\AzureDataLake\FUSION\Funding Brief.qvd","Funding Brief.Clearance Officer Id","AzureDbProdNIAADL","FUSION","Funding Brief","Clearance Officer Id",,,"mapped","7940"
"FUSION QVD Generator","lib://AppData\PROD\AzureDataLake\FUSION\Funding Brief.qvd","Funding Brief.Clearance Performed By Id","AzureDbProdNIAADL","FUSION","Funding Brief","Clearance Performed By Id",,,"mapped","7940"
"FUSION QVD Generator","lib://AppData\PROD\AzureDataLake\FUSION\Funding Brief.qvd","Funding Brief.Decision Made By Id","AzureDbProdNIAADL","FUSION","Funding Brief","Decision Made By Id",,,"mapped","7940"
"FUSION QVD Generator","lib://AppData\PROD\AzureDataLake\FUSION\Funding Brief.qvd","Funding Brief.Existing Funding Brief Id","AzureDbProdNIAADL","FUSION","Funding Brief","Existing Funding Brief Id",,,"mapped","7940"
"FUSION QVD Generator","lib://AppData\PROD\AzureDataLake\FUSION\Funding Brief.qvd","Funding Brief.Funding Appropriation Id","AzureDbProdNIAADL","FUSION","Funding Brief","Funding Appropriation Id",,,"mapped","7940"
"FUSION QVD Generator","lib://AppData\PROD\AzureDataLake\FUSION\Funding Brief.qvd","Funding Brief.Grant Round Id","AzureDbProdNIAADL","FUSION","Funding Brief","Grant Round Id",,,"mapped","7940"
"FUSION QVD Generator","lib://AppData\PROD\AzureDataLake\FUSION\Funding Brief.qvd","Funding Brief.Grants Policy Approver Id","AzureDbProdNIAADL","FUSION","Funding Brief","Grants Policy Approver Id",,,"mapped","7940"
"FUSION QVD Generator","lib://AppData\PROD\AzureDataLake\FUSION\Funding Brief.qvd","Funding Brief.Owning Branch Id","AzureDbProdNIAADL","FUSION","Funding Brief","Owning Branch Id",,,"mapped","7940"
"FUSION QVD Generator","lib://AppData\PROD\AzureDataLake\FUSION\Funding Brief.qvd","Funding Brief.Owning Group Id","AzureDbProdNIAADL","FUSION","Funding Brief","Owning Group Id",,,"mapped","7940"
"FUSION QVD Generator","lib://AppData\PROD\AzureDataLake\FUSION\Funding Brief.qvd","Funding Brief.Questionnaire Template Id","AzureDbProdNIAADL","FUSION","Funding Brief","Questionnaire Template Id",,,"mapped","7940"
"FUSION QVD Generator","lib://AppData\PROD\AzureDataLake\FUSION\Funding Brief.qvd","Funding Brief.Recommendation Section Summary Id","AzureDbProdNIAADL","FUSION","Funding Brief","Recommendation Section Summary Id",,,"mapped","7940"
"FUSION QVD Generator","lib://AppData\PROD\AzureDataLake\FUSION\Funding Brief.qvd","Funding Brief.Reviewer Id","AzureDbProdNIAADL","FUSION","Funding Brief","Reviewer Id",,,"mapped","7940"
"FUSION QVD Generator","lib://AppData\PROD\AzureDataLake\FUSION\Grant Opportunity Guideline.qvd","Grant Opportunity Guideline.Grant Opportunity Guideline Id%","AzureDbProdNIAADL","FUSION","Grant Opportunity Guideline","Grant Opportunity Guideline Id",,,"mapped","7940"
"FUSION QVD Generator","lib://AppData\PROD\AzureDataLake\FUSION\Grant Opportunity Guideline.qvd","Grant Opportunity Guideline.Grant Opportunity Guideline","AzureDbProdNIAADL","FUSION","Grant Opportunity Guideline","Grant Opportunity Guideline",,,"mapped","7940"
"FUSION QVD Generator","lib://AppData\PROD\AzureDataLake\FUSION\Grant Opportunity Guideline.qvd","Grant Opportunity Guideline.Title","AzureDbProdNIAADL","FUSION","Grant Opportunity Guideline","Title",,,"mapped","7940"
"FUSION QVD Generator","lib://AppData\PROD\AzureDataLake\FUSION\Grant Opportunity Guideline.qvd","Grant Opportunity Guideline.Start Date","AzureDbProdNIAADL","FUSION","Grant Opportunity Guideline","Start Date",,,"mapped","7940"
"FUSION QVD Generator","lib://AppData\PROD\AzureDataLake\FUSION\Grant Opportunity Guideline.qvd","Grant Opportunity Guideline.End Date","AzureDbProdNIAADL","FUSION","Grant Opportunity Guideline","End Date",,,"mapped","7940"
"FUSION QVD Generator","lib://AppData\PROD\AzureDataLake\FUSION\Grant Opportunity Guideline.qvd","Grant Opportunity Guideline.Description","AzureDbProdNIAADL","FUSION","Grant Opportunity Guideline","Description",,,"mapped","7940"
"FUSION QVD Generator","lib://AppData\PROD\AzureDataLake\FUSION\Grant Opportunity Guideline.qvd","Grant Opportunity Guideline.Document Links","AzureDbProdNIAADL","FUSION","Grant Opportunity Guideline","Document Links",,,"mapped","7940"
"FUSION QVD Generator","lib://AppData\PROD\AzureDataLake\FUSION\Grant Opportunity Guideline.qvd","Grant Opportunity Guideline.Grant Opportunity Id","AzureDbProdNIAADL","FUSION","Grant Opportunity Guideline","Grant Opportunity Id",,,"mapped","7940"
"FUSION QVD Generator","lib://AppData\PROD\AzureDataLake\FUSION\Grant Opportunity Guideline.qvd","Grant Opportunity Guideline.Date Approved By Minister","AzureDbProdNIAADL","FUSION","Grant Opportunity Guideline","Date Approved By Minister",,,"mapped","7940"
"FUSION QVD Generator","lib://AppData\PROD\AzureDataLake\FUSION\Grant Opportunity Guideline.qvd","Grant Opportunity Guideline.Date Signed Off By DOF","AzureDbProdNIAADL","FUSION","Grant Opportunity Guideline","Date Signed Off By DOF",,,"mapped","7940"
"FUSION QVD Generator","lib://AppData\PROD\AzureDataLake\FUSION\Grant Opportunity Guideline.qvd","Grant Opportunity Guideline.Date Signed Off By DOF Minister","AzureDbProdNIAADL","FUSION","Grant Opportunity Guideline","Date Signed Off By DOF Minister",,,"mapped","7940"
"FUSION QVD Generator","lib://AppData\PROD\AzureDataLake\FUSION\Grant Opportunity Guideline.qvd","Grant Opportunity Guideline.DOF Agreed Risk","AzureDbProdNIAADL","FUSION","Grant Opportunity Guideline","DOF Agreed Risk",,,"mapped","7940"
"FUSION QVD Generator","lib://AppData\PROD\AzureDataLake\FUSION\Grant Opportunity Guideline.qvd","Grant Opportunity Guideline.DOF Approved","AzureDbProdNIAADL","FUSION","Grant Opportunity Guideline","DOF Approved",,,"mapped","7940"
"FUSION QVD Generator","lib://AppData\PROD\AzureDataLake\FUSION\Grant Opportunity Guideline.qvd","Grant Opportunity Guideline.DOF Minister Approval","AzureDbProdNIAADL","FUSION","Grant Opportunity Guideline","DOF Minister Approval",,,"mapped","7940"
"FUSION QVD Generator","lib://AppData\PROD\AzureDataLake\FUSION\Grant Opportunity Guideline.qvd","Grant Opportunity Guideline.Grant Approach","AzureDbProdNIAADL","FUSION","Grant Opportunity Guideline","Grant Approach",,,"mapped","7940"
"FUSION QVD Generator","lib://AppData\PROD\AzureDataLake\FUSION\Grant Opportunity Guideline.qvd","Grant Opportunity Guideline.Grant Design Approved","AzureDbProdNIAADL","FUSION","Grant Opportunity Guideline","Grant Design Approved",,,"mapped","7940"
"FUSION QVD Generator","lib://AppData\PROD\AzureDataLake\FUSION\Grant Opportunity Guideline.qvd","Grant Opportunity Guideline.Grant Design Strategy Has Been Signed Off","AzureDbProdNIAADL","FUSION","Grant Opportunity Guideline","Grant Design Strategy Has Been Signed Off",,,"mapped","7940"
"FUSION QVD Generator","lib://AppData\PROD\AzureDataLake\FUSION\Grant Opportunity Guideline.qvd","Grant Opportunity Guideline.Indigenous Organisation Preferencing","AzureDbProdNIAADL","FUSION","Grant Opportunity Guideline","Indigenous Organisation Preferencing",,,"mapped","7940"
"FUSION QVD Generator","lib://AppData\PROD\AzureDataLake\FUSION\Grant Opportunity Guideline.qvd","Grant Opportunity Guideline.Minister Approval","AzureDbProdNIAADL","FUSION","Grant Opportunity Guideline","Minister Approval",,,"mapped","7940"
"FUSION QVD Generator","lib://AppData\PROD\AzureDataLake\FUSION\Grant Opportunity Guideline.qvd","Grant Opportunity Guideline.Name","AzureDbProdNIAADL","FUSION","Grant Opportunity Guideline","Name",,,"mapped","7940"
"FUSION QVD Generator","lib://AppData\PROD\AzureDataLake\FUSION\Grant Opportunity Guideline.qvd","Grant Opportunity Guideline.Previous Grant Opportunity Guideline Id%","AzureDbProdNIAADL","FUSION","Grant Opportunity Guideline","Previous Grant Opportunity Guideline Id",,,"mapped","7940"
"FUSION QVD Generator","lib://AppData\PROD\AzureDataLake\FUSION\Grant Opportunity Guideline.qvd","Grant Opportunity Guideline.Previous Grant Opportunity Guideline","AzureDbProdNIAADL","FUSION","Grant Opportunity Guideline","Previous Grant Opportunity Guideline",,,"mapped","7940"
"FUSION QVD Generator","lib://AppData\PROD\AzureDataLake\FUSION\Grant Opportunity Guideline.qvd","Grant Opportunity Guideline.Programme Area Owner Id%","AzureDbProdNIAADL","FUSION","Grant Opportunity Guideline","Programme Area Owner Id",,,"mapped","7940"
"FUSION QVD Generator","lib://AppData\PROD\AzureDataLake\FUSION\Grant Opportunity Guideline.qvd","Grant Opportunity Guideline.Programme Area Owner","AzureDbProdNIAADL","FUSION","Grant Opportunity Guideline","Programme Area Owner",,,"mapped","7940"
"FUSION QVD Generator","lib://AppData\PROD\AzureDataLake\FUSION\Grant Opportunity Guideline.qvd","Grant Opportunity Guideline.Programme Area Owner Branch","AzureDbProdNIAADL","FUSION","Grant Opportunity Guideline","Programme Area Owner Branch",,,"mapped","7940"
"FUSION QVD Generator","lib://AppData\PROD\AzureDataLake\FUSION\Grant Opportunity Guideline.qvd","Grant Opportunity Guideline.Programme Area Owner Section","AzureDbProdNIAADL","FUSION","Grant Opportunity Guideline","Programme Area Owner Section",,,"mapped","7940"
"FUSION QVD Generator","lib://AppData\PROD\AzureDataLake\FUSION\Grant Opportunity Guideline.qvd","Grant Opportunity Guideline.Published","AzureDbProdNIAADL","FUSION","Grant Opportunity Guideline","Published",,,"mapped","7940"
"FUSION QVD Generator","lib://AppData\PROD\AzureDataLake\FUSION\Grant Opportunity Guideline.qvd","Grant Opportunity Guideline.Selection Strategy","AzureDbProdNIAADL","FUSION","Grant Opportunity Guideline","Selection Strategy",,,"mapped","7940"
"FUSION QVD Generator","lib://AppData\PROD\AzureDataLake\FUSION\Grant Opportunity Guideline.qvd","Grant Opportunity Guideline.Comment If Waived","AzureDbProdNIAADL","FUSION","Grant Opportunity Guideline","Comment If Waived",,,"mapped","7940"
"FUSION QVD Generator","lib://AppData\PROD\AzureDataLake\FUSION\Grant Opportunity Guideline.qvd","Grant Opportunity Guideline.Approver Id","AzureDbProdNIAADL","FUSION","Grant Opportunity Guideline","Approver Id",,,"mapped","7940"
"FUSION QVD Generator","lib://AppData\PROD\AzureDataLake\FUSION\Grant Opportunity Guideline.qvd","Grant Opportunity Guideline.Approver","AzureDbProdNIAADL","FUSION","Grant Opportunity Guideline","Approver",,,"mapped","7940"
"FUSION QVD Generator","lib://AppData\PROD\AzureDataLake\FUSION\Grant Opportunity Guideline.qvd","Grant Opportunity Guideline.Approver Branch","AzureDbProdNIAADL","FUSION","Grant Opportunity Guideline","Approver Branch",,,"mapped","7940"
"FUSION QVD Generator","lib://AppData\PROD\AzureDataLake\FUSION\Grant Opportunity Guideline.qvd","Grant Opportunity Guideline.Approver Section","AzureDbProdNIAADL","FUSION","Grant Opportunity Guideline","Approver Section",,,"mapped","7940"
"FUSION QVD Generator","lib://AppData\PROD\AzureDataLake\FUSION\Grant Opportunity Guideline.qvd","Grant Opportunity Guideline.State","AzureDbProdNIAADL","FUSION","Grant Opportunity Guideline","State",,,"mapped","7940"
"FUSION QVD Generator","lib://AppData\PROD\AzureDataLake\FUSION\Grant Opportunity Guideline.qvd","Grant Opportunity Guideline.Status","AzureDbProdNIAADL","FUSION","Grant Opportunity Guideline","Status",,,"mapped","7940"
"FUSION QVD Generator","lib://AppData\PROD\AzureDataLake\FUSION\Grant Opportunity Guideline.qvd","Grant Opportunity Guideline.Creation Date","AzureDbProdNIAADL","FUSION","Grant Opportunity Guideline","Creation Date",,,"mapped","7940"
"FUSION QVD Generator","lib://AppData\PROD\AzureDataLake\FUSION\Grant Opportunity Guideline.qvd","Grant Opportunity Guideline.Modified Date","AzureDbProdNIAADL","FUSION","Grant Opportunity Guideline","Modified Date",,,"mapped","7940"
"FUSION QVD Generator","lib://AppData\PROD\AzureDataLake\FUSION\Planned Investment.qvd","Planned Investment.Planned Investment Id%","AzureDbProdNIAADL","FUSION","Planned Investment","Planned Investment Id",,,"mapped","7940"
"FUSION QVD Generator","lib://AppData\PROD\AzureDataLake\FUSION\Planned Investment.qvd","Planned Investment.Planned Investment","AzureDbProdNIAADL","FUSION","Planned Investment","Planned Investment",,,"mapped","7940"
"FUSION QVD Generator","lib://AppData\PROD\AzureDataLake\FUSION\Planned Investment.qvd","Planned Investment.ABP Comments","AzureDbProdNIAADL","FUSION","Planned Investment","ABP Comments",,,"mapped","7940"
"FUSION QVD Generator","lib://AppData\PROD\AzureDataLake\FUSION\Planned Investment.qvd","Planned Investment.Validated BY ABP","AzureDbProdNIAADL","FUSION","Planned Investment","Validated BY ABP",,,"mapped","7940"
"FUSION QVD Generator","lib://AppData\PROD\AzureDataLake\FUSION\Planned Investment.qvd","Planned Investment.Budget Measure Id%","AzureDbProdNIAADL","FUSION","Planned Investment","Budget Measure Id",,,"mapped","7940"
"FUSION QVD Generator","lib://AppData\PROD\AzureDataLake\FUSION\Planned Investment.qvd","Planned Investment.Budget Measure","AzureDbProdNIAADL","FUSION","Planned Investment","Budget Measure",,,"mapped","7940"
"FUSION QVD Generator","lib://AppData\PROD\AzureDataLake\FUSION\Planned Investment.qvd","Planned Investment.Contact Officer Id%","AzureDbProdNIAADL","FUSION","Planned Investment","Contact Officer Id",,,"mapped","7940"
"FUSION QVD Generator","lib://AppData\PROD\AzureDataLake\FUSION\Planned Investment.qvd","Planned Investment.Contact Officer","AzureDbProdNIAADL","FUSION","Planned Investment","Contact Officer",,,"mapped","7940"
"FUSION QVD Generator","lib://AppData\PROD\AzureDataLake\FUSION\Planned Investment.qvd","Planned Investment.Contact Officer Email","AzureDbProdNIAADL","FUSION","Planned Investment","Contact Officer Email",,,"mapped","7940"
"FUSION QVD Generator","lib://AppData\PROD\AzureDataLake\FUSION\Planned Investment.qvd","Planned Investment.Decision Date","AzureDbProdNIAADL","FUSION","Planned Investment","Decision Date",,,"mapped","7940"
"FUSION QVD Generator","lib://AppData\PROD\AzureDataLake\FUSION\Planned Investment.qvd","Planned Investment.Draft Completed","AzureDbProdNIAADL","FUSION","Planned Investment","Draft Completed",,,"mapped","7940"
"FUSION QVD Generator","lib://AppData\PROD\AzureDataLake\FUSION\Planned Investment.qvd","Planned Investment.Endorse","AzureDbProdNIAADL","FUSION","Planned Investment","Endorse",,,"mapped","7940"
"FUSION QVD Generator","lib://AppData\PROD\AzureDataLake\FUSION\Planned Investment.qvd","Planned Investment.Endorser Comments","AzureDbProdNIAADL","FUSION","Planned Investment","Endorser Comments",,,"mapped","7940"
"FUSION QVD Generator","lib://AppData\PROD\AzureDataLake\FUSION\Planned Investment.qvd","Planned Investment.Endorser Id%","AzureDbProdNIAADL","FUSION","Planned Investment","Endorser Id",,,"mapped","7940"
"FUSION QVD Generator","lib://AppData\PROD\AzureDataLake\FUSION\Planned Investment.qvd","Planned Investment.Endorser","AzureDbProdNIAADL","FUSION","Planned Investment","Endorser",,,"mapped","7940"
"FUSION QVD Generator","lib://AppData\PROD\AzureDataLake\FUSION\Planned Investment.qvd","Planned Investment.Endorser Emal","AzureDbProdNIAADL","FUSION","Planned Investment","Endorser Emal",,,"mapped","7940"
"FUSION QVD Generator","lib://AppData\PROD\AzureDataLake\FUSION\Planned Investment.qvd","Planned Investment.Grant Opportunity Guideline Id%","AzureDbProdNIAADL","FUSION","Planned Investment","Grant Opportunity Guideline Id",,,"mapped","7940"
"FUSION QVD Generator","lib://AppData\PROD\AzureDataLake\FUSION\Planned Investment.qvd","Planned Investment.Grant Opportunity Guideline","AzureDbProdNIAADL","FUSION","Planned Investment","Grant Opportunity Guideline",,,"mapped","7940"
"FUSION QVD Generator","lib://AppData\PROD\AzureDataLake\FUSION\Planned Investment.qvd","Planned Investment.Initiating Area","AzureDbProdNIAADL","FUSION","Planned Investment","Initiating Area",,,"mapped","7940"
"FUSION QVD Generator","lib://AppData\PROD\AzureDataLake\FUSION\Planned Investment.qvd","Planned Investment.Name","AzureDbProdNIAADL","FUSION","Planned Investment","Name",,,"mapped","7940"
"FUSION QVD Generator","lib://AppData\PROD\AzureDataLake\FUSION\Planned Investment.qvd","Planned Investment.Planned Investment Description","AzureDbProdNIAADL","FUSION","Planned Investment","Planned Investment Description",,,"mapped","7940"
"FUSION QVD Generator","lib://AppData\PROD\AzureDataLake\FUSION\Planned Investment.qvd","Planned Investment.Planned Investment Start Date","AzureDbProdNIAADL","FUSION","Planned Investment","Planned Investment Start Date",,,"mapped","7940"
"FUSION QVD Generator","lib://AppData\PROD\AzureDataLake\FUSION\Planned Investment.qvd","Planned Investment.Planned Investment End Date","AzureDbProdNIAADL","FUSION","Planned Investment","Planned Investment End Date",,,"mapped","7940"
"FUSION QVD Generator","lib://AppData\PROD\AzureDataLake\FUSION\Planned Investment.qvd","Planned Investment.Planned Investment Title","AzureDbProdNIAADL","FUSION","Planned Investment","Planned Investment Title",,,"mapped","7940"
"FUSION QVD Generator","lib://AppData\PROD\AzureDataLake\FUSION\Planned Investment.qvd","Planned Investment.Planned Investment Type","AzureDbProdNIAADL","FUSION","Planned Investment","Planned Investment Type",,,"mapped","7940"
"FUSION QVD Generator","lib://AppData\PROD\AzureDataLake\FUSION\Planned Investment.qvd","Planned Investment.Process Stage","AzureDbProdNIAADL","FUSION","Planned Investment","Process Stage",,,"mapped","7940"
"FUSION QVD Generator","lib://AppData\PROD\AzureDataLake\FUSION\Planned Investment.qvd","Planned Investment.Process Stage Direction","AzureDbProdNIAADL","FUSION","Planned Investment","Process Stage Direction",,,"mapped","7940"
"FUSION QVD Generator","lib://AppData\PROD\AzureDataLake\FUSION\Planned Investment.qvd","Planned Investment.Program Area","AzureDbProdNIAADL","FUSION","Planned Investment","Program Area",,,"mapped","7940"
"FUSION QVD Generator","lib://AppData\PROD\AzureDataLake\FUSION\Planned Investment.qvd","Planned Investment.Programme Id%","AzureDbProdNIAADL","FUSION","Planned Investment","Programme Id",,,"mapped","7940"
"FUSION QVD Generator","lib://AppData\PROD\AzureDataLake\FUSION\Planned Investment.qvd","Planned Investment.Programme","AzureDbProdNIAADL","FUSION","Planned Investment","Programme",,,"mapped","7940"
"FUSION QVD Generator","lib://AppData\PROD\AzureDataLake\FUSION\Planned Investment.qvd","Planned Investment.Sub Programme Id%","AzureDbProdNIAADL","FUSION","Planned Investment","Sub Programme Id",,,"mapped","7940"
"FUSION QVD Generator","lib://AppData\PROD\AzureDataLake\FUSION\Planned Investment.qvd","Planned Investment.Sub Programme","AzureDbProdNIAADL","FUSION","Planned Investment","Sub Programme",,,"mapped","7940"
"FUSION QVD Generator","lib://AppData\PROD\AzureDataLake\FUSION\Planned Investment.qvd","Planned Investment.Program Sub Component Id%","AzureDbProdNIAADL","FUSION","Planned Investment","Program Sub Component Id",,,"mapped","7940"
"FUSION QVD Generator","lib://AppData\PROD\AzureDataLake\FUSION\Planned Investment.qvd","Planned Investment.Program Sub Component","AzureDbProdNIAADL","FUSION","Planned Investment","Program Sub Component",,,"mapped","7940"
"FUSION QVD Generator","lib://AppData\PROD\AzureDataLake\FUSION\Planned Investment.qvd","Planned Investment.Region Id%","AzureDbProdNIAADL","FUSION","Planned Investment","Region Id",,,"mapped","7940"
"FUSION QVD Generator","lib://AppData\PROD\AzureDataLake\FUSION\Planned Investment.qvd","Planned Investment.Region","AzureDbProdNIAADL","FUSION","Planned Investment","Region",,,"mapped","7940"
"FUSION QVD Generator","lib://AppData\PROD\AzureDataLake\FUSION\Planned Investment.qvd","Planned Investment.Responsible SES Id%","AzureDbProdNIAADL","FUSION","Planned Investment","Responsible SES Id",,,"mapped","7940"
"FUSION QVD Generator","lib://AppData\PROD\AzureDataLake\FUSION\Planned Investment.qvd","Planned Investment.Responsible SES","AzureDbProdNIAADL","FUSION","Planned Investment","Responsible SES",,,"mapped","7940"
"FUSION QVD Generator","lib://AppData\PROD\AzureDataLake\FUSION\Planned Investment.qvd","Planned Investment.Responsible SES Email","AzureDbProdNIAADL","FUSION","Planned Investment","Responsible SES Email",,,"mapped","7940"
"FUSION QVD Generator","lib://AppData\PROD\AzureDataLake\FUSION\Planned Investment.qvd","Planned Investment.Reverted","AzureDbProdNIAADL","FUSION","Planned Investment","Reverted",,,"mapped","7940"
"FUSION QVD Generator","lib://AppData\PROD\AzureDataLake\FUSION\Planned Investment.qvd","Planned Investment.Revert Reason","AzureDbProdNIAADL","FUSION","Planned Investment","Revert Reason",,,"mapped","7940"
"FUSION QVD Generator","lib://AppData\PROD\AzureDataLake\FUSION\Planned Investment.qvd","Planned Investment.Reviewed By Id%","AzureDbProdNIAADL","FUSION","Planned Investment","Reviewed By Id",,,"mapped","7940"
"FUSION QVD Generator","lib://AppData\PROD\AzureDataLake\FUSION\Planned Investment.qvd","Planned Investment.Reviewed By","AzureDbProdNIAADL","FUSION","Planned Investment","Reviewed By",,,"mapped","7940"
"FUSION QVD Generator","lib://AppData\PROD\AzureDataLake\FUSION\Planned Investment.qvd","Planned Investment.Reviewed By Email","AzureDbProdNIAADL","FUSION","Planned Investment","Reviewed By Email",,,"mapped","7940"
"FUSION QVD Generator","lib://AppData\PROD\AzureDataLake\FUSION\Planned Investment.qvd","Planned Investment.Reviewed On","AzureDbProdNIAADL","FUSION","Planned Investment","Reviewed On",,,"mapped","7940"
"FUSION QVD Generator","lib://AppData\PROD\AzureDataLake\FUSION\Planned Investment.qvd","Planned Investment.Total Planned Amount Ex GST","AzureDbProdNIAADL","FUSION","Planned Investment","Total Planned Amount Ex GST",,,"mapped","7940"
"FUSION QVD Generator","lib://AppData\PROD\AzureDataLake\FUSION\Planned Investment.qvd","Planned Investment.Total Applied For Amount Ex GST","AzureDbProdNIAADL","FUSION","Planned Investment","Total Applied For Amount Ex GST",,,"mapped","7940"
"FUSION QVD Generator","lib://AppData\PROD\AzureDataLake\FUSION\Planned Investment.qvd","Planned Investment.Total Recommended Amount Ex GST","AzureDbProdNIAADL","FUSION","Planned Investment","Total Recommended Amount Ex GST",,,"mapped","7940"
"FUSION QVD Generator","lib://AppData\PROD\AzureDataLake\FUSION\Planned Investment.qvd","Planned Investment.Total Approved Amount Ex GST","AzureDbProdNIAADL","FUSION","Planned Investment","Total Approved Amount Ex GST",,,"mapped","7940"
"FUSION QVD Generator","lib://AppData\PROD\AzureDataLake\FUSION\Planned Investment.qvd","Planned Investment.Total Legal Commitment Amount Ex GST","AzureDbProdNIAADL","FUSION","Planned Investment","Total Legal Commitment Amount Ex GST",,,"mapped","7940"
"FUSION QVD Generator","lib://AppData\PROD\AzureDataLake\FUSION\Planned Investment.qvd","Planned Investment.Owning Team Id%","AzureDbProdNIAADL","FUSION","Planned Investment","Owning Team Id",,,"mapped","7940"
"FUSION QVD Generator","lib://AppData\PROD\AzureDataLake\FUSION\Planned Investment.qvd","Planned Investment.Owning Team","AzureDbProdNIAADL","FUSION","Planned Investment","Owning Team",,,"mapped","7940"
"FUSION QVD Generator","lib://AppData\PROD\AzureDataLake\FUSION\Planned Investment.qvd","Planned Investment.Owning Team Email","AzureDbProdNIAADL","FUSION","Planned Investment","Owning Team Email",,,"mapped","7940"
"FUSION QVD Generator","lib://AppData\PROD\AzureDataLake\FUSION\Planned Investment.qvd","Planned Investment.Owning User Id%","AzureDbProdNIAADL","FUSION","Planned Investment","Owning User Id",,,"mapped","7940"
"FUSION QVD Generator","lib://AppData\PROD\AzureDataLake\FUSION\Planned Investment.qvd","Planned Investment.Owning User","AzureDbProdNIAADL","FUSION","Planned Investment","Owning User",,,"mapped","7940"
"FUSION QVD Generator","lib://AppData\PROD\AzureDataLake\FUSION\Planned Investment.qvd","Planned Investment.Owning User Email","AzureDbProdNIAADL","FUSION","Planned Investment","Owning User Email",,,"mapped","7940"
"FUSION QVD Generator","lib://AppData\PROD\AzureDataLake\FUSION\Planned Investment.qvd","Planned Investment.State","AzureDbProdNIAADL","FUSION","Planned Investment","State",,,"mapped","7940"
"FUSION QVD Generator","lib://AppData\PROD\AzureDataLake\FUSION\Planned Investment.qvd","Planned Investment.Status","AzureDbProdNIAADL","FUSION","Planned Investment","Status",,,"mapped","7940"
"FUSION QVD Generator","lib://AppData\PROD\AzureDataLake\FUSION\Planned Investment.qvd","Planned Investment.Creation Date","AzureDbProdNIAADL","FUSION","Planned Investment","Creation Date",,,"mapped","7940"
"FUSION QVD Generator","lib://AppData\PROD\AzureDataLake\FUSION\Planned Investment.qvd","Planned Investment.Modified Date","AzureDbProdNIAADL","FUSION","Planned Investment","Modified Date",,,"mapped","7940"
"FUSION QVD Generator","lib://AppData\PROD\AzureDataLake\FUSION\Planned Investment Financial.qvd","Planned Investment Financial.Planned Investment Financial Id%","AzureDbProdNIAADL","FUSION","Planned Investment Financial","Planned Investment Financial Id",,,"mapped","7940"
"FUSION QVD Generator","lib://AppData\PROD\AzureDataLake\FUSION\Planned Investment Financial.qvd","Planned Investment Financial.Planned Investment Financial","AzureDbProdNIAADL","FUSION","Planned Investment Financial","Planned Investment Financial",,,"mapped","7940"
"FUSION QVD Generator","lib://AppData\PROD\AzureDataLake\FUSION\Planned Investment Financial.qvd","Planned Investment Financial.Planned Investment Id%","AzureDbProdNIAADL","FUSION","Planned Investment Financial","Planned Investment Id",,,"mapped","7940"
"FUSION QVD Generator","lib://AppData\PROD\AzureDataLake\FUSION\Planned Investment Financial.qvd","Planned Investment Financial.Planned Investment","AzureDbProdNIAADL","FUSION","Planned Investment Financial","Planned Investment",,,"mapped","7940"
"FUSION QVD Generator","lib://AppData\PROD\AzureDataLake\FUSION\Planned Investment Financial.qvd","Planned Investment Financial.Financial Year Id%","AzureDbProdNIAADL","FUSION","Planned Investment Financial","Financial Year Id",,,"mapped","7940"
"FUSION QVD Generator","lib://AppData\PROD\AzureDataLake\FUSION\Planned Investment Financial.qvd","Planned Investment Financial.Financial Year","AzureDbProdNIAADL","FUSION","Planned Investment Financial","Financial Year",,,"mapped","7940"
"FUSION QVD Generator","lib://AppData\PROD\AzureDataLake\FUSION\Planned Investment Financial.qvd","Planned Investment Financial.Planned Amount Ex GST","AzureDbProdNIAADL","FUSION","Planned Investment Financial","Planned Amount Ex GST",,,"mapped","7940"
"FUSION QVD Generator","lib://AppData\PROD\AzureDataLake\FUSION\Planned Investment Financial.qvd","Planned Investment Financial.Applied For Amount Ex GST","AzureDbProdNIAADL","FUSION","Planned Investment Financial","Applied For Amount Ex GST",,,"mapped","7940"
"FUSION QVD Generator","lib://AppData\PROD\AzureDataLake\FUSION\Planned Investment Financial.qvd","Planned Investment Financial.Applied For Amount Offset Ex GST","AzureDbProdNIAADL","FUSION","Planned Investment Financial","Applied For Amount Offset Ex GST",,,"mapped","7940"
"FUSION QVD Generator","lib://AppData\PROD\AzureDataLake\FUSION\Planned Investment Financial.qvd","Planned Investment Financial.Recommended Amount Ex GST","AzureDbProdNIAADL","FUSION","Planned Investment Financial","Recommended Amount Ex GST",,,"mapped","7940"
"FUSION QVD Generator","lib://AppData\PROD\AzureDataLake\FUSION\Planned Investment Financial.qvd","Planned Investment Financial.Recommended Amount Offset Ex GST","AzureDbProdNIAADL","FUSION","Planned Investment Financial","Recommended Amount Offset Ex GST",,,"mapped","7940"
"FUSION QVD Generator","lib://AppData\PROD\AzureDataLake\FUSION\Planned Investment Financial.qvd","Planned Investment Financial.Approved Amount Ex GST","AzureDbProdNIAADL","FUSION","Planned Investment Financial","Approved Amount Ex GST",,,"mapped","7940"
"FUSION QVD Generator","lib://AppData\PROD\AzureDataLake\FUSION\Planned Investment Financial.qvd","Planned Investment Financial.Approved Amount Offset Ex GST","AzureDbProdNIAADL","FUSION","Planned Investment Financial","Approved Amount Offset Ex GST",,,"mapped","7940"
"FUSION QVD Generator","lib://AppData\PROD\AzureDataLake\FUSION\Planned Investment Financial.qvd","Planned Investment Financial.Legal Commitment Amount Ex GST","AzureDbProdNIAADL","FUSION","Planned Investment Financial","Legal Commitment Amount Ex GST",,,"mapped","7940"
"FUSION QVD Generator","lib://AppData\PROD\AzureDataLake\FUSION\Planned Investment Financial.qvd","Planned Investment Financial.Legal Commitment Amount Offset Ex GST","AzureDbProdNIAADL","FUSION","Planned Investment Financial","Legal Commitment Amount Offset Ex GST",,,"mapped","7940"
"FUSION QVD Generator","lib://AppData\PROD\AzureDataLake\FUSION\Planned Investment Financial.qvd","Planned Investment Financial.Name","AzureDbProdNIAADL","FUSION","Planned Investment Financial","Name",,,"mapped","7940"
"FUSION QVD Generator","lib://AppData\PROD\AzureDataLake\FUSION\Planned Investment Financial.qvd","Planned Investment Financial.State","AzureDbProdNIAADL","FUSION","Planned Investment Financial","State",,,"mapped","7940"
"FUSION QVD Generator","lib://AppData\PROD\AzureDataLake\FUSION\Planned Investment Financial.qvd","Planned Investment Financial.Status","AzureDbProdNIAADL","FUSION","Planned Investment Financial","Status",,,"mapped","7940"
"FUSION QVD Generator","lib://AppData\PROD\AzureDataLake\FUSION\Planned Investment Financial.qvd","Planned Investment Financial.Creation Date","AzureDbProdNIAADL","FUSION","Planned Investment Financial","Creation Date",,,"mapped","7940"
"FUSION QVD Generator","lib://AppData\PROD\AzureDataLake\FUSION\Planned Investment Financial.qvd","Planned Investment Financial.Modified Date","AzureDbProdNIAADL","FUSION","Planned Investment Financial","Modified Date",,,"mapped","7940"
"FUSION QVD Generator","lib://AppData\PROD\AzureDataLake\FUSION\Programme Sub Component.qvd","Programme Sub Component.Programme Sub Component Id%","AzureDbProdNIAADL","FUSION","Programme Sub Component","Programme Sub Component Id",,,"mapped","7940"
"FUSION QVD Generator","lib://AppData\PROD\AzureDataLake\FUSION\Programme Sub Component.qvd","Programme Sub Component.Programme Sub Component","AzureDbProdNIAADL","FUSION","Programme Sub Component","Programme Sub Component",,,"mapped","7940"
"FUSION QVD Generator","lib://AppData\PROD\AzureDataLake\FUSION\Programme Sub Component.qvd","Programme Sub Component.Programme Id%","AzureDbProdNIAADL","FUSION","Programme Sub Component","Programme Id",,,"mapped","7940"
"FUSION QVD Generator","lib://AppData\PROD\AzureDataLake\FUSION\Programme Sub Component.qvd","Programme Sub Component.Programme","AzureDbProdNIAADL","FUSION","Programme Sub Component","Programme",,,"mapped","7940"
"FUSION QVD Generator","lib://AppData\PROD\AzureDataLake\FUSION\Programme Sub Component.qvd","Programme Sub Component.Title","AzureDbProdNIAADL","FUSION","Programme Sub Component","Title",,,"mapped","7940"
"FUSION QVD Generator","lib://AppData\PROD\AzureDataLake\FUSION\Programme Sub Component.qvd","Programme Sub Component.Description","AzureDbProdNIAADL","FUSION","Programme Sub Component","Description",,,"mapped","7940"
"FUSION QVD Generator","lib://AppData\PROD\AzureDataLake\FUSION\Programme Sub Component.qvd","Programme Sub Component.Name","AzureDbProdNIAADL","FUSION","Programme Sub Component","Name",,,"mapped","7940"
"FUSION QVD Generator","lib://AppData\PROD\AzureDataLake\FUSION\Programme Sub Component.qvd","Programme Sub Component.Expenditure Category","AzureDbProdNIAADL","FUSION","Programme Sub Component","Expenditure Category",,,"mapped","7940"
"FUSION QVD Generator","lib://AppData\PROD\AzureDataLake\FUSION\Programme Sub Component.qvd","Programme Sub Component.DOF Type","AzureDbProdNIAADL","FUSION","Programme Sub Component","DOF Type",,,"mapped","7940"
"FUSION QVD Generator","lib://AppData\PROD\AzureDataLake\FUSION\Programme Sub Component.qvd","Programme Sub Component.Regional/National","AzureDbProdNIAADL","FUSION","Programme Sub Component","Regional/National",,,"mapped","7940"
"FUSION QVD Generator","lib://AppData\PROD\AzureDataLake\FUSION\Programme Sub Component.qvd","Programme Sub Component.Senate Estimates Type","AzureDbProdNIAADL","FUSION","Programme Sub Component","Senate Estimates Type",,,"mapped","7940"
"FUSION QVD Generator","lib://AppData\PROD\AzureDataLake\FUSION\Programme Sub Component.qvd","Programme Sub Component.State","AzureDbProdNIAADL","FUSION","Programme Sub Component","State",,,"mapped","7940"
"FUSION QVD Generator","lib://AppData\PROD\AzureDataLake\FUSION\Programme Sub Component.qvd","Programme Sub Component.Status","AzureDbProdNIAADL","FUSION","Programme Sub Component","Status",,,"mapped","7940"
"FUSION QVD Generator","lib://AppData\PROD\AzureDataLake\FUSION\Programme Sub Component.qvd","Programme Sub Component.Creation Date","AzureDbProdNIAADL","FUSION","Programme Sub Component","Creation Date",,,"mapped","7940"
"FUSION QVD Generator","lib://AppData\PROD\AzureDataLake\FUSION\Programme Sub Component.qvd","Programme Sub Component.Modified Date","AzureDbProdNIAADL","FUSION","Programme Sub Component","Modified Date",,,"mapped","7940"
"FUSION QVD Generator","lib://AppData\PROD\AzureDataLake\FUSION\Sub Programme.qvd","Sub Programme.Sub Programme Id%","AzureDbProdNIAADL","FUSION","Sub Programme","Sub Programme Id",,,"mapped","7940"
"FUSION QVD Generator","lib://AppData\PROD\AzureDataLake\FUSION\Sub Programme.qvd","Sub Programme.Sub Programme","AzureDbProdNIAADL","FUSION","Sub Programme","Sub Programme",,,"mapped","7940"
"FUSION QVD Generator","lib://AppData\PROD\AzureDataLake\FUSION\Sub Programme.qvd","Sub Programme.Sub Programme Title","AzureDbProdNIAADL","FUSION","Sub Programme","Sub Programme Title",,,"mapped","7940"
"FUSION QVD Generator","lib://AppData\PROD\AzureDataLake\FUSION\Sub Programme.qvd","Sub Programme.Sub Programme Description","AzureDbProdNIAADL","FUSION","Sub Programme","Sub Programme Description",,,"mapped","7940"
"FUSION QVD Generator","lib://AppData\PROD\AzureDataLake\FUSION\Sub Programme.qvd","Sub Programme.Cost Centre Code","AzureDbProdNIAADL","FUSION","Sub Programme","Cost Centre Code",,,"mapped","7940"
"FUSION QVD Generator","lib://AppData\PROD\AzureDataLake\FUSION\Sub Programme.qvd","Sub Programme.Name","AzureDbProdNIAADL","FUSION","Sub Programme","Name",,,"mapped","7940"
"FUSION QVD Generator","lib://AppData\PROD\AzureDataLake\FUSION\Sub Programme.qvd","Sub Programme.Programme Component Id%","AzureDbProdNIAADL","FUSION","Sub Programme","Programme Component Id",,,"mapped","7940"
"FUSION QVD Generator","lib://AppData\PROD\AzureDataLake\FUSION\Sub Programme.qvd","Sub Programme.Programme Component","AzureDbProdNIAADL","FUSION","Sub Programme","Programme Component",,,"mapped","7940"
"FUSION QVD Generator","lib://AppData\PROD\AzureDataLake\FUSION\Sub Programme.qvd","Sub Programme.Programme Sub Component Id%","AzureDbProdNIAADL","FUSION","Sub Programme","Programme Sub Component Id",,,"mapped","7940"
"FUSION QVD Generator","lib://AppData\PROD\AzureDataLake\FUSION\Sub Programme.qvd","Sub Programme.Programme Sub Component","AzureDbProdNIAADL","FUSION","Sub Programme","Programme Sub Component",,,"mapped","7940"
"FUSION QVD Generator","lib://AppData\PROD\AzureDataLake\FUSION\Sub Programme.qvd","Sub Programme.State","AzureDbProdNIAADL","FUSION","Sub Programme","State",,,"mapped","7940"
"FUSION QVD Generator","lib://AppData\PROD\AzureDataLake\FUSION\Sub Programme.qvd","Sub Programme.Status","AzureDbProdNIAADL","FUSION","Sub Programme","Status",,,"mapped","7940"
"FUSION QVD Generator","lib://AppData\PROD\AzureDataLake\FUSION\Sub Programme.qvd","Sub Programme.Creation Date","AzureDbProdNIAADL","FUSION","Sub Programme","Creation Date",,,"mapped","7940"
"FUSION QVD Generator","lib://AppData\PROD\AzureDataLake\FUSION\Sub Programme.qvd","Sub Programme.Modified Date","AzureDbProdNIAADL","FUSION","Sub Programme","Modified Date",,,"mapped","7940"
"FUSION QVD Generator","lib://AppData\PROD\AzureDataLake\FUSION\System User.qvd","System User.System User Id%","AzureDbProdNIAADL","FUSION","System User","System User Id",,,"mapped","7940"
"FUSION QVD Generator","lib://AppData\PROD\AzureDataLake\FUSION\System User.qvd","System User.Access Mode","AzureDbProdNIAADL","FUSION","System User","Access Mode",,,"mapped","7940"
"FUSION QVD Generator","lib://AppData\PROD\AzureDataLake\FUSION\System User.qvd","System User.Address Id%","AzureDbProdNIAADL","FUSION","System User","Address Id",,,"mapped","7940"
"FUSION QVD Generator","lib://AppData\PROD\AzureDataLake\FUSION\System User.qvd","System User.Address Type","AzureDbProdNIAADL","FUSION","System User","Address Type",,,"mapped","7940"
"FUSION QVD Generator","lib://AppData\PROD\AzureDataLake\FUSION\System User.qvd","System User.Address City","AzureDbProdNIAADL","FUSION","System User","Address City",,,"mapped","7940"
"FUSION QVD Generator","lib://AppData\PROD\AzureDataLake\FUSION\System User.qvd","System User.Address Composite","AzureDbProdNIAADL","FUSION","System User","Address Composite",,,"mapped","7940"
"FUSION QVD Generator","lib://AppData\PROD\AzureDataLake\FUSION\System User.qvd","System User.Address Country","AzureDbProdNIAADL","FUSION","System User","Address Country",,,"mapped","7940"
"FUSION QVD Generator","lib://AppData\PROD\AzureDataLake\FUSION\System User.qvd","System User.Address County","AzureDbProdNIAADL","FUSION","System User","Address County",,,"mapped","7940"
"FUSION QVD Generator","lib://AppData\PROD\AzureDataLake\FUSION\System User.qvd","System User.Address Fax","AzureDbProdNIAADL","FUSION","System User","Address Fax",,,"mapped","7940"
"FUSION QVD Generator","lib://AppData\PROD\AzureDataLake\FUSION\System User.qvd","System User.Address Latitude","AzureDbProdNIAADL","FUSION","System User","Address Latitude",,,"mapped","7940"
"FUSION QVD Generator","lib://AppData\PROD\AzureDataLake\FUSION\System User.qvd","System User.Address Longitude","AzureDbProdNIAADL","FUSION","System User","Address Longitude",,,"mapped","7940"
"FUSION QVD Generator","lib://AppData\PROD\AzureDataLake\FUSION\System User.qvd","System User.Address Line 1","AzureDbProdNIAADL","FUSION","System User","Address Line 1",,,"mapped","7940"
"FUSION QVD Generator","lib://AppData\PROD\AzureDataLake\FUSION\System User.qvd","System User.Address Line 2","AzureDbProdNIAADL","FUSION","System User","Address Line 2",,,"mapped","7940"
"FUSION QVD Generator","lib://AppData\PROD\AzureDataLake\FUSION\System User.qvd","System User.Address Line 3","AzureDbProdNIAADL","FUSION","System User","Address Line 3",,,"mapped","7940"
"FUSION QVD Generator","lib://AppData\PROD\AzureDataLake\FUSION\System User.qvd","System User.Address Name","AzureDbProdNIAADL","FUSION","System User","Address Name",,,"mapped","7940"
"FUSION QVD Generator","lib://AppData\PROD\AzureDataLake\FUSION\System User.qvd","System User.Address Postalcode","AzureDbProdNIAADL","FUSION","System User","Address Postalcode",,,"mapped","7940"
"FUSION QVD Generator","lib://AppData\PROD\AzureDataLake\FUSION\System User.qvd","System User.Address Post Office Box","AzureDbProdNIAADL","FUSION","System User","Address Post Office Box",,,"mapped","7940"
"FUSION QVD Generator","lib://AppData\PROD\AzureDataLake\FUSION\System User.qvd","System User.Address Shipping Method","AzureDbProdNIAADL","FUSION","System User","Address Shipping Method",,,"mapped","7940"
"FUSION QVD Generator","lib://AppData\PROD\AzureDataLake\FUSION\System User.qvd","System User.Address State/Province","AzureDbProdNIAADL","FUSION","System User","Address State/Province",,,"mapped","7940"
"FUSION QVD Generator","lib://AppData\PROD\AzureDataLake\FUSION\System User.qvd","System User.Address Telephone 1","AzureDbProdNIAADL","FUSION","System User","Address Telephone 1",,,"mapped","7940"
"FUSION QVD Generator","lib://AppData\PROD\AzureDataLake\FUSION\System User.qvd","System User.Address Telephone 2","AzureDbProdNIAADL","FUSION","System User","Address Telephone 2",,,"mapped","7940"
"FUSION QVD Generator","lib://AppData\PROD\AzureDataLake\FUSION\System User.qvd","System User.Address Telephone 3","AzureDbProdNIAADL","FUSION","System User","Address Telephone 3",,,"mapped","7940"
"FUSION QVD Generator","lib://AppData\PROD\AzureDataLake\FUSION\System User.qvd","System User.Grant Application Id","AzureDbProdNIAADL","FUSION","System User","Grant Application Id",,,"mapped","7940"
"FUSION QVD Generator","lib://AppData\PROD\AzureDataLake\FUSION\System User.qvd","System User.Application Id URI","AzureDbProdNIAADL","FUSION","System User","Application Id URI",,,"mapped","7940"
"FUSION QVD Generator","lib://AppData\PROD\AzureDataLake\FUSION\System User.qvd","System User.Azure Active Directory Object Id%","AzureDbProdNIAADL","FUSION","System User","Azure Active Directory Object Id",,,"mapped","7940"
"FUSION QVD Generator","lib://AppData\PROD\AzureDataLake\FUSION\System User.qvd","System User.Azure Deleted On","AzureDbProdNIAADL","FUSION","System User","Azure Deleted On",,,"mapped","7940"
"FUSION QVD Generator","lib://AppData\PROD\AzureDataLake\FUSION\System User.qvd","System User.Azure State","AzureDbProdNIAADL","FUSION","System User","Azure State",,,"mapped","7940"
"FUSION QVD Generator","lib://AppData\PROD\AzureDataLake\FUSION\System User.qvd","System User.Business Unit Id%","AzureDbProdNIAADL","FUSION","System User","Business Unit Id",,,"mapped","7940"
"FUSION QVD Generator","lib://AppData\PROD\AzureDataLake\FUSION\System User.qvd","System User.Business Unit","AzureDbProdNIAADL","FUSION","System User","Business Unit",,,"mapped","7940"
"FUSION QVD Generator","lib://AppData\PROD\AzureDataLake\FUSION\System User.qvd","System User.Calendar Id%","AzureDbProdNIAADL","FUSION","System User","Calendar Id",,,"mapped","7940"
"FUSION QVD Generator","lib://AppData\PROD\AzureDataLake\FUSION\System User.qvd","System User.Cal Type","AzureDbProdNIAADL","FUSION","System User","Cal Type",,,"mapped","7940"
"FUSION QVD Generator","lib://AppData\PROD\AzureDataLake\FUSION\System User.qvd","System User.Default Filters Populated","AzureDbProdNIAADL","FUSION","System User","Default Filters Populated",,,"mapped","7940"
"FUSION QVD Generator","lib://AppData\PROD\AzureDataLake\FUSION\System User.qvd","System User.Default Mailbox Id%","AzureDbProdNIAADL","FUSION","System User","Default Mailbox Id",,,"mapped","7940"
"FUSION QVD Generator","lib://AppData\PROD\AzureDataLake\FUSION\System User.qvd","System User.Default Mailbox","AzureDbProdNIAADL","FUSION","System User","Default Mailbox",,,"mapped","7940"
"FUSION QVD Generator","lib://AppData\PROD\AzureDataLake\FUSION\System User.qvd","System User.Default ODB Folder Name","AzureDbProdNIAADL","FUSION","System User","Default ODB Folder Name",,,"mapped","7940"
"FUSION QVD Generator","lib://AppData\PROD\AzureDataLake\FUSION\System User.qvd","System User.Deleted State","AzureDbProdNIAADL","FUSION","System User","Deleted State",,,"mapped","7940"
"FUSION QVD Generator","lib://AppData\PROD\AzureDataLake\FUSION\System User.qvd","System User.Disabled Reason","AzureDbProdNIAADL","FUSION","System User","Disabled Reason",,,"mapped","7940"
"FUSION QVD Generator","lib://AppData\PROD\AzureDataLake\FUSION\System User.qvd","System User.Display Inservice Views","AzureDbProdNIAADL","FUSION","System User","Display Inservice Views",,,"mapped","7940"
"FUSION QVD Generator","lib://AppData\PROD\AzureDataLake\FUSION\System User.qvd","System User.Domain Name","AzureDbProdNIAADL","FUSION","System User","Domain Name",,,"mapped","7940"
"FUSION QVD Generator","lib://AppData\PROD\AzureDataLake\FUSION\System User.qvd","System User.Email Router Access Approval","AzureDbProdNIAADL","FUSION","System User","Email Router Access Approval",,,"mapped","7940"
"FUSION QVD Generator","lib://AppData\PROD\AzureDataLake\FUSION\System User.qvd","System User.Employee Id","AzureDbProdNIAADL","FUSION","System User","Employee Id",,,"mapped","7940"
"FUSION QVD Generator","lib://AppData\PROD\AzureDataLake\FUSION\System User.qvd","System User.Entity Image Id","AzureDbProdNIAADL","FUSION","System User","Entity Image Id",,,"mapped","7940"
"FUSION QVD Generator","lib://AppData\PROD\AzureDataLake\FUSION\System User.qvd","System User.Salutation","AzureDbProdNIAADL","FUSION","System User","Salutation",,,"mapped","7940"
"FUSION QVD Generator","lib://AppData\PROD\AzureDataLake\FUSION\System User.qvd","System User.Job Title","AzureDbProdNIAADL","FUSION","System User","Job Title",,,"mapped","7940"
"FUSION QVD Generator","lib://AppData\PROD\AzureDataLake\FUSION\System User.qvd","System User.First Name","AzureDbProdNIAADL","FUSION","System User","First Name",,,"mapped","7940"
"FUSION QVD Generator","lib://AppData\PROD\AzureDataLake\FUSION\System User.qvd","System User.Middle Name","AzureDbProdNIAADL","FUSION","System User","Middle Name",,,"mapped","7940"
"FUSION QVD Generator","lib://AppData\PROD\AzureDataLake\FUSION\System User.qvd","System User.Last Name","AzureDbProdNIAADL","FUSION","System User","Last Name",,,"mapped","7940"
"FUSION QVD Generator","lib://AppData\PROD\AzureDataLake\FUSION\System User.qvd","System User.Full Name","AzureDbProdNIAADL","FUSION","System User","Full Name",,,"mapped","7940"
"FUSION QVD Generator","lib://AppData\PROD\AzureDataLake\FUSION\System User.qvd","System User.Nickname","AzureDbProdNIAADL","FUSION","System User","Nickname",,,"mapped","7940"
"FUSION QVD Generator","lib://AppData\PROD\AzureDataLake\FUSION\System User.qvd","System User.Government Id","AzureDbProdNIAADL","FUSION","System User","Government Id",,,"mapped","7940"
"FUSION QVD Generator","lib://AppData\PROD\AzureDataLake\FUSION\System User.qvd","System User.Home Phone","AzureDbProdNIAADL","FUSION","System User","Home Phone",,,"mapped","7940"
"FUSION QVD Generator","lib://AppData\PROD\AzureDataLake\FUSION\System User.qvd","System User.Identity Id","AzureDbProdNIAADL","FUSION","System User","Identity Id",,,"mapped","7940"
"FUSION QVD Generator","lib://AppData\PROD\AzureDataLake\FUSION\System User.qvd","System User.Incoming Email Delivery Method","AzureDbProdNIAADL","FUSION","System User","Incoming Email Delivery Method",,,"mapped","7940"
"FUSION QVD Generator","lib://AppData\PROD\AzureDataLake\FUSION\System User.qvd","System User.Internal Email Address","AzureDbProdNIAADL","FUSION","System User","Internal Email Address",,,"mapped","7940"
"FUSION QVD Generator","lib://AppData\PROD\AzureDataLake\FUSION\System User.qvd","System User.Invite Status Code","AzureDbProdNIAADL","FUSION","System User","Invite Status Code",,,"mapped","7940"
"FUSION QVD Generator","lib://AppData\PROD\AzureDataLake\FUSION\System User.qvd","System User.Invite Status","AzureDbProdNIAADL","FUSION","System User","Invite Status",,,"mapped","7940"
"FUSION QVD Generator","lib://AppData\PROD\AzureDataLake\FUSION\System User.qvd","System User.Is Active Directory User","AzureDbProdNIAADL","FUSION","System User","Is Active Directory User",,,"mapped","7940"
"FUSION QVD Generator","lib://AppData\PROD\AzureDataLake\FUSION\System User.qvd","System User.Is Disabled","AzureDbProdNIAADL","FUSION","System User","Is Disabled",,,"mapped","7940"
"FUSION QVD Generator","lib://AppData\PROD\AzureDataLake\FUSION\System User.qvd","System User.Is Email Address Approved By O365 Admin","AzureDbProdNIAADL","FUSION","System User","Is Email Address Approved By O365 Admin",,,"mapped","7940"
"FUSION QVD Generator","lib://AppData\PROD\AzureDataLake\FUSION\System User.qvd","System User.Is Integration Username","AzureDbProdNIAADL","FUSION","System User","Is Integration Username",,,"mapped","7940"
"FUSION QVD Generator","lib://AppData\PROD\AzureDataLake\FUSION\System User.qvd","System User.Is Licensed","AzureDbProdNIAADL","FUSION","System User","Is Licensed",,,"mapped","7940"
"FUSION QVD Generator","lib://AppData\PROD\AzureDataLake\FUSION\System User.qvd","System User.Is Sync With Directory","AzureDbProdNIAADL","FUSION","System User","Is Sync With Directory",,,"mapped","7940"
"FUSION QVD Generator","lib://AppData\PROD\AzureDataLake\FUSION\System User.qvd","System User.Latest Up Datetime","AzureDbProdNIAADL","FUSION","System User","Latest Up Datetime",,,"mapped","7940"
"FUSION QVD Generator","lib://AppData\PROD\AzureDataLake\FUSION\System User.qvd","System User.Mobile Alert Eemail","AzureDbProdNIAADL","FUSION","System User","Mobile Alert Eemail",,,"mapped","7940"
"FUSION QVD Generator","lib://AppData\PROD\AzureDataLake\FUSION\System User.qvd","System User.Mobile Offline Profile Id","AzureDbProdNIAADL","FUSION","System User","Mobile Offline Profile Id",,,"mapped","7940"
"FUSION QVD Generator","lib://AppData\PROD\AzureDataLake\FUSION\System User.qvd","System User.Mobile Offline Profile","AzureDbProdNIAADL","FUSION","System User","Mobile Offline Profile",,,"mapped","7940"
"FUSION QVD Generator","lib://AppData\PROD\AzureDataLake\FUSION\System User.qvd","System User.Mobile Phone","AzureDbProdNIAADL","FUSION","System User","Mobile Phone",,,"mapped","7940"
"FUSION QVD Generator","lib://AppData\PROD\AzureDataLake\FUSION\System User.qvd","System User.Msdyn Bot Description","AzureDbProdNIAADL","FUSION","System User","Msdyn Bot Description",,,"mapped","7940"
"FUSION QVD Generator","lib://AppData\PROD\AzureDataLake\FUSION\System User.qvd","System User.Msdyn Bot Endpoint","AzureDbProdNIAADL","FUSION","System User","Msdyn Bot Endpoint",,,"mapped","7940"
"FUSION QVD Generator","lib://AppData\PROD\AzureDataLake\FUSION\System User.qvd","System User.Msdyn Bot Secret Keys","AzureDbProdNIAADL","FUSION","System User","Msdyn Bot Secret Keys",,,"mapped","7940"
"FUSION QVD Generator","lib://AppData\PROD\AzureDataLake\FUSION\System User.qvd","System User.Msdyn Capacity","AzureDbProdNIAADL","FUSION","System User","Msdyn Capacity",,,"mapped","7940"
"FUSION QVD Generator","lib://AppData\PROD\AzureDataLake\FUSION\System User.qvd","System User.Msdyn Default Presence Id User","AzureDbProdNIAADL","FUSION","System User","Msdyn Default Presence Id User",,,"mapped","7940"
"FUSION QVD Generator","lib://AppData\PROD\AzureDataLake\FUSION\System User.qvd","System User.Msdyn Default Presence User","AzureDbProdNIAADL","FUSION","System User","Msdyn Default Presence User",,,"mapped","7940"
"FUSION QVD Generator","lib://AppData\PROD\AzureDataLake\FUSION\System User.qvd","System User.Msdyn Gdproptout","AzureDbProdNIAADL","FUSION","System User","Msdyn Gdproptout",,,"mapped","7940"
"FUSION QVD Generator","lib://AppData\PROD\AzureDataLake\FUSION\System User.qvd","System User.Msdyn Grid Wrapper Control Field","AzureDbProdNIAADL","FUSION","System User","Msdyn Grid Wrapper Control Field",,,"mapped","7940"
"FUSION QVD Generator","lib://AppData\PROD\AzureDataLake\FUSION\System User.qvd","System User.Msdyn Is Expert Enabled For Swarm","AzureDbProdNIAADL","FUSION","System User","Msdyn Is Expert Enabled For Swarm",,,"mapped","7940"
"FUSION QVD Generator","lib://AppData\PROD\AzureDataLake\FUSION\System User.qvd","System User.Msdyn User Type","AzureDbProdNIAADL","FUSION","System User","Msdyn User Type",,,"mapped","7940"
"FUSION QVD Generator","lib://AppData\PROD\AzureDataLake\FUSION\System User.qvd","System User.Organization Id","AzureDbProdNIAADL","FUSION","System User","Organization Id",,,"mapped","7940"
"FUSION QVD Generator","lib://AppData\PROD\AzureDataLake\FUSION\System User.qvd","System User.Organization","AzureDbProdNIAADL","FUSION","System User","Organization",,,"mapped","7940"
"FUSION QVD Generator","lib://AppData\PROD\AzureDataLake\FUSION\System User.qvd","System User.Outgoing Email Delivery Method","AzureDbProdNIAADL","FUSION","System User","Outgoing Email Delivery Method",,,"mapped","7940"
"FUSION QVD Generator","lib://AppData\PROD\AzureDataLake\FUSION\System User.qvd","System User.Parent System User Id","AzureDbProdNIAADL","FUSION","System User","Parent System User Id",,,"mapped","7940"
"FUSION QVD Generator","lib://AppData\PROD\AzureDataLake\FUSION\System User.qvd","System User.Parent System User","AzureDbProdNIAADL","FUSION","System User","Parent System User",,,"mapped","7940"
"FUSION QVD Generator","lib://AppData\PROD\AzureDataLake\FUSION\System User.qvd","System User.Passport HI","AzureDbProdNIAADL","FUSION","System User","Passport HI",,,"mapped","7940"
"FUSION QVD Generator","lib://AppData\PROD\AzureDataLake\FUSION\System User.qvd","System User.Passport LO","AzureDbProdNIAADL","FUSION","System User","Passport LO",,,"mapped","7940"
"FUSION QVD Generator","lib://AppData\PROD\AzureDataLake\FUSION\System User.qvd","System User.Personal Email Address","AzureDbProdNIAADL","FUSION","System User","Personal Email Address",,,"mapped","7940"
"FUSION QVD Generator","lib://AppData\PROD\AzureDataLake\FUSION\System User.qvd","System User.Photo URL","AzureDbProdNIAADL","FUSION","System User","Photo URL",,,"mapped","7940"
"FUSION QVD Generator","lib://AppData\PROD\AzureDataLake\FUSION\System User.qvd","System User.Branch Id","AzureDbProdNIAADL","FUSION","System User","Branch Id",,,"mapped","7940"
"FUSION QVD Generator","lib://AppData\PROD\AzureDataLake\FUSION\System User.qvd","System User.Branch","AzureDbProdNIAADL","FUSION","System User","Branch",,,"mapped","7940"
"FUSION QVD Generator","lib://AppData\PROD\AzureDataLake\FUSION\System User.qvd","System User.Division Id","AzureDbProdNIAADL","FUSION","System User","Division Id",,,"mapped","7940"
"FUSION QVD Generator","lib://AppData\PROD\AzureDataLake\FUSION\System User.qvd","System User.Division","AzureDbProdNIAADL","FUSION","System User","Division",,,"mapped","7940"
"FUSION QVD Generator","lib://AppData\PROD\AzureDataLake\FUSION\System User.qvd","System User.Group Id","AzureDbProdNIAADL","FUSION","System User","Group Id",,,"mapped","7940"
"FUSION QVD Generator","lib://AppData\PROD\AzureDataLake\FUSION\System User.qvd","System User.Group","AzureDbProdNIAADL","FUSION","System User","Group",,,"mapped","7940"
"FUSION QVD Generator","lib://AppData\PROD\AzureDataLake\FUSION\System User.qvd","System User.Position Level Id","AzureDbProdNIAADL","FUSION","System User","Position Level Id",,,"mapped","7940"
"FUSION QVD Generator","lib://AppData\PROD\AzureDataLake\FUSION\System User.qvd","System User.Position Level","AzureDbProdNIAADL","FUSION","System User","Position Level",,,"mapped","7940"
"FUSION QVD Generator","lib://AppData\PROD\AzureDataLake\FUSION\System User.qvd","System User.Section Id","AzureDbProdNIAADL","FUSION","System User","Section Id",,,"mapped","7940"
"FUSION QVD Generator","lib://AppData\PROD\AzureDataLake\FUSION\System User.qvd","System User.Section","AzureDbProdNIAADL","FUSION","System User","Section",,,"mapped","7940"
"FUSION QVD Generator","lib://AppData\PROD\AzureDataLake\FUSION\System User.qvd","System User.Position Id","AzureDbProdNIAADL","FUSION","System User","Position Id",,,"mapped","7940"
"FUSION QVD Generator","lib://AppData\PROD\AzureDataLake\FUSION\System User.qvd","System User.Position","AzureDbProdNIAADL","FUSION","System User","Position",,,"mapped","7940"
"FUSION QVD Generator","lib://AppData\PROD\AzureDataLake\FUSION\System User.qvd","System User.Preferred Aaddress","AzureDbProdNIAADL","FUSION","System User","Preferred Aaddress",,,"mapped","7940"
"FUSION QVD Generator","lib://AppData\PROD\AzureDataLake\FUSION\System User.qvd","System User.Preferred Email","AzureDbProdNIAADL","FUSION","System User","Preferred Email",,,"mapped","7940"
"FUSION QVD Generator","lib://AppData\PROD\AzureDataLake\FUSION\System User.qvd","System User.Preferred Phone","AzureDbProdNIAADL","FUSION","System User","Preferred Phone",,,"mapped","7940"
"FUSION QVD Generator","lib://AppData\PROD\AzureDataLake\FUSION\System User.qvd","System User.Process Id","AzureDbProdNIAADL","FUSION","System User","Process Id",,,"mapped","7940"
"FUSION QVD Generator","lib://AppData\PROD\AzureDataLake\FUSION\System User.qvd","System User.Queue Id","AzureDbProdNIAADL","FUSION","System User","Queue Id",,,"mapped","7940"
"FUSION QVD Generator","lib://AppData\PROD\AzureDataLake\FUSION\System User.qvd","System User.Setup User","AzureDbProdNIAADL","FUSION","System User","Setup User",,,"mapped","7940"
"FUSION QVD Generator","lib://AppData\PROD\AzureDataLake\FUSION\System User.qvd","System User.Sharepoint Email Address","AzureDbProdNIAADL","FUSION","System User","Sharepoint Email Address",,,"mapped","7940"
"FUSION QVD Generator","lib://AppData\PROD\AzureDataLake\FUSION\System User.qvd","System User.Site Id","AzureDbProdNIAADL","FUSION","System User","Site Id",,,"mapped","7940"
"FUSION QVD Generator","lib://AppData\PROD\AzureDataLake\FUSION\System User.qvd","System User.Site","AzureDbProdNIAADL","FUSION","System User","Site",,,"mapped","7940"
"FUSION QVD Generator","lib://AppData\PROD\AzureDataLake\FUSION\System User.qvd","System User.Skills","AzureDbProdNIAADL","FUSION","System User","Skills",,,"mapped","7940"
"FUSION QVD Generator","lib://AppData\PROD\AzureDataLake\FUSION\System User.qvd","System User.Stage Id","AzureDbProdNIAADL","FUSION","System User","Stage Id",,,"mapped","7940"
"FUSION QVD Generator","lib://AppData\PROD\AzureDataLake\FUSION\System User.qvd","System User.Territory Id","AzureDbProdNIAADL","FUSION","System User","Territory Id",,,"mapped","7940"
"FUSION QVD Generator","lib://AppData\PROD\AzureDataLake\FUSION\System User.qvd","System User.Territory","AzureDbProdNIAADL","FUSION","System User","Territory",,,"mapped","7940"
"FUSION QVD Generator","lib://AppData\PROD\AzureDataLake\FUSION\System User.qvd","System User.Title","AzureDbProdNIAADL","FUSION","System User","Title",,,"mapped","7940"
"FUSION QVD Generator","lib://AppData\PROD\AzureDataLake\FUSION\System User.qvd","System User.Traversed Path","AzureDbProdNIAADL","FUSION","System User","Traversed Path",,,"mapped","7940"
"FUSION QVD Generator","lib://AppData\PROD\AzureDataLake\FUSION\System User.qvd","System User.User License Type","AzureDbProdNIAADL","FUSION","System User","User License Type",,,"mapped","7940"
"FUSION QVD Generator","lib://AppData\PROD\AzureDataLake\FUSION\System User.qvd","System User.User PU Id","AzureDbProdNIAADL","FUSION","System User","User PU Id",,,"mapped","7940"
"FUSION QVD Generator","lib://AppData\PROD\AzureDataLake\FUSION\System User.qvd","System User.Windows Live Id","AzureDbProdNIAADL","FUSION","System User","Windows Live Id",,,"mapped","7940"
"FUSION QVD Generator","lib://AppData\PROD\AzureDataLake\FUSION\System Team.qvd","System Team.Team Id%","AzureDbProdNIAADL","FUSION","System Team","Team Id",,,"mapped","7940"
"FUSION QVD Generator","lib://AppData\PROD\AzureDataLake\FUSION\System Team.qvd","System Team.Name","AzureDbProdNIAADL","FUSION","System Team","Name",,,"mapped","7940"
"FUSION QVD Generator","lib://AppData\PROD\AzureDataLake\FUSION\System Team.qvd","System Team.Description","AzureDbProdNIAADL","FUSION","System Team","Description",,,"mapped","7940"
"FUSION QVD Generator","lib://AppData\PROD\AzureDataLake\FUSION\Funding Decision.qvd","Funding Decision.Funding Decision Id%","AzureDbProdNIAADL","FUSION","Funding Decision","Funding Decision Id",,,"mapped","7940"
"FUSION QVD Generator","lib://AppData\PROD\AzureDataLake\FUSION\Funding Decision.qvd","Funding Decision.Funding Decision","AzureDbProdNIAADL","FUSION","Funding Decision","Funding Decision",,,"mapped","7940"
"FUSION QVD Generator","lib://AppData\PROD\AzureDataLake\FUSION\Funding Decision.qvd","Funding Decision.Accept Recommendation","AzureDbProdNIAADL","FUSION","Funding Decision","Accept Recommendation",,,"mapped","7940"
"FUSION QVD Generator","lib://AppData\PROD\AzureDataLake\FUSION\Funding Decision.qvd","Funding Decision.Activity Description","AzureDbProdNIAADL","FUSION","Funding Decision","Activity Description",,,"mapped","7940"
"FUSION QVD Generator","lib://AppData\PROD\AzureDataLake\FUSION\Funding Decision.qvd","Funding Decision.Activity Manager Id%","AzureDbProdNIAADL","FUSION","Funding Decision","Activity Manager Id",,,"mapped","7940"
"FUSION QVD Generator","lib://AppData\PROD\AzureDataLake\FUSION\Funding Decision.qvd","Funding Decision.Activity Manager","AzureDbProdNIAADL","FUSION","Funding Decision","Activity Manager",,,"mapped","7940"
"FUSION QVD Generator","lib://AppData\PROD\AzureDataLake\FUSION\Funding Decision.qvd","Funding Decision.Activity Manager Office","AzureDbProdNIAADL","FUSION","Funding Decision","Activity Manager Office",,,"mapped","7940"
"FUSION QVD Generator","lib://AppData\PROD\AzureDataLake\FUSION\Funding Decision.qvd","Funding Decision.Grant Application Id%","AzureDbProdNIAADL","FUSION","Funding Decision","Grant Application Id",,,"mapped","7940"
"FUSION QVD Generator","lib://AppData\PROD\AzureDataLake\FUSION\Funding Decision.qvd","Funding Decision.Grant Application","AzureDbProdNIAADL","FUSION","Funding Decision","Grant Application",,,"mapped","7940"
"FUSION QVD Generator","lib://AppData\PROD\AzureDataLake\FUSION\Funding Decision.qvd","Funding Decision.Applications Funding Outcome Updated In GPS","AzureDbProdNIAADL","FUSION","Funding Decision","Applications Funding Outcome Updated In GPS",,,"mapped","7940"
"FUSION QVD Generator","lib://AppData\PROD\AzureDataLake\FUSION\Funding Decision.qvd","Funding Decision.Approval Type","AzureDbProdNIAADL","FUSION","Funding Decision","Approval Type",,,"mapped","7940"
"FUSION QVD Generator","lib://AppData\PROD\AzureDataLake\FUSION\Funding Decision.qvd","Funding Decision.Approved End Date","AzureDbProdNIAADL","FUSION","Funding Decision","Approved End Date",,,"mapped","7940"
"FUSION QVD Generator","lib://AppData\PROD\AzureDataLake\FUSION\Funding Decision.qvd","Funding Decision.Approved Organisation Id%","AzureDbProdNIAADL","FUSION","Funding Decision","Approved Organisation Id",,,"mapped","7940"
"FUSION QVD Generator","lib://AppData\PROD\AzureDataLake\FUSION\Funding Decision.qvd","Funding Decision.Approved Organisation","AzureDbProdNIAADL","FUSION","Funding Decision","Approved Organisation",,,"mapped","7940"
"FUSION QVD Generator","lib://AppData\PROD\AzureDataLake\FUSION\Funding Decision.qvd","Funding Decision.Assessment Process","AzureDbProdNIAADL","FUSION","Funding Decision","Assessment Process",,,"mapped","7940"
"FUSION QVD Generator","lib://AppData\PROD\AzureDataLake\FUSION\Funding Decision.qvd","Funding Decision.Authorised Total Funding","AzureDbProdNIAADL","FUSION","Funding Decision","Authorised Total Funding",,,"mapped","7940"
"FUSION QVD Generator","lib://AppData\PROD\AzureDataLake\FUSION\Funding Decision.qvd","Funding Decision.Business Area Referred To","AzureDbProdNIAADL","FUSION","Funding Decision","Business Area Referred To",,,"mapped","7940"
"FUSION QVD Generator","lib://AppData\PROD\AzureDataLake\FUSION\Funding Decision.qvd","Funding Decision.Business Area Comments","AzureDbProdNIAADL","FUSION","Funding Decision","Business Area Comments",,,"mapped","7940"
"FUSION QVD Generator","lib://AppData\PROD\AzureDataLake\FUSION\Funding Decision.qvd","Funding Decision.Business Area First Notified Date","AzureDbProdNIAADL","FUSION","Funding Decision","Business Area First Notified Date",,,"mapped","7940"
"FUSION QVD Generator","lib://AppData\PROD\AzureDataLake\FUSION\Funding Decision.qvd","Funding Decision.Business Area Latest Notification Date","AzureDbProdNIAADL","FUSION","Funding Decision","Business Area Latest Notification Date",,,"mapped","7940"
"FUSION QVD Generator","lib://AppData\PROD\AzureDataLake\FUSION\Funding Decision.qvd","Funding Decision.Business Area Latest Respnse Date","AzureDbProdNIAADL","FUSION","Funding Decision","Business Area Latest Respnse Date",,,"mapped","7940"
"FUSION QVD Generator","lib://AppData\PROD\AzureDataLake\FUSION\Funding Decision.qvd","Funding Decision.Business Area Contact Id%","AzureDbProdNIAADL","FUSION","Funding Decision","Business Area Contact Id",,,"mapped","7940"
"FUSION QVD Generator","lib://AppData\PROD\AzureDataLake\FUSION\Funding Decision.qvd","Funding Decision.Business Area Contact Name","AzureDbProdNIAADL","FUSION","Funding Decision","Business Area Contact Name",,,"mapped","7940"
"FUSION QVD Generator","lib://AppData\PROD\AzureDataLake\FUSION\Funding Decision.qvd","Funding Decision.Cleared By Id%","AzureDbProdNIAADL","FUSION","Funding Decision","Cleared By Id",,,"mapped","7940"
"FUSION QVD Generator","lib://AppData\PROD\AzureDataLake\FUSION\Funding Decision.qvd","Funding Decision.Cleared By Name","AzureDbProdNIAADL","FUSION","Funding Decision","Cleared By Name",,,"mapped","7940"
"FUSION QVD Generator","lib://AppData\PROD\AzureDataLake\FUSION\Funding Decision.qvd","Funding Decision.Cleared Date","AzureDbProdNIAADL","FUSION","Funding Decision","Cleared Date",,,"mapped","7940"
"FUSION QVD Generator","lib://AppData\PROD\AzureDataLake\FUSION\Funding Decision.qvd","Funding Decision.Decision Created From","AzureDbProdNIAADL","FUSION","Funding Decision","Decision Created From",,,"mapped","7940"
"FUSION QVD Generator","lib://AppData\PROD\AzureDataLake\FUSION\Funding Decision.qvd","Funding Decision.Ceasing Activity Assessment Id%","AzureDbProdNIAADL","FUSION","Funding Decision","Ceasing Activity Assessment Id",,,"mapped","7940"
"FUSION QVD Generator","lib://AppData\PROD\AzureDataLake\FUSION\Funding Decision.qvd","Funding Decision.Ceasing Activity Assessment","AzureDbProdNIAADL","FUSION","Funding Decision","Ceasing Activity Assessment",,,"mapped","7940"
"FUSION QVD Generator","lib://AppData\PROD\AzureDataLake\FUSION\Funding Decision.qvd","Funding Decision.Comments","AzureDbProdNIAADL","FUSION","Funding Decision","Comments",,,"mapped","7940"
"FUSION QVD Generator","lib://AppData\PROD\AzureDataLake\FUSION\Funding Decision.qvd","Funding Decision.CTG Outcome One Id%","AzureDbProdNIAADL","FUSION","Funding Decision","CTG Outcome One Id",,,"mapped","7940"
"FUSION QVD Generator","lib://AppData\PROD\AzureDataLake\FUSION\Funding Decision.qvd","Funding Decision.CTG Outcome One","AzureDbProdNIAADL","FUSION","Funding Decision","CTG Outcome One",,,"mapped","7940"
"FUSION QVD Generator","lib://AppData\PROD\AzureDataLake\FUSION\Funding Decision.qvd","Funding Decision.CTG Outcome Two Id%","AzureDbProdNIAADL","FUSION","Funding Decision","CTG Outcome Two Id",,,"mapped","7940"
"FUSION QVD Generator","lib://AppData\PROD\AzureDataLake\FUSION\Funding Decision.qvd","Funding Decision.CTG Outcome Two","AzureDbProdNIAADL","FUSION","Funding Decision","CTG Outcome Two",,,"mapped","7940"
"FUSION QVD Generator","lib://AppData\PROD\AzureDataLake\FUSION\Funding Decision.qvd","Funding Decision.CTG Outcome Three Id%","AzureDbProdNIAADL","FUSION","Funding Decision","CTG Outcome Three Id",,,"mapped","7940"
"FUSION QVD Generator","lib://AppData\PROD\AzureDataLake\FUSION\Funding Decision.qvd","Funding Decision.CTG Outcome Three","AzureDbProdNIAADL","FUSION","Funding Decision","CTG Outcome Three",,,"mapped","7940"
"FUSION QVD Generator","lib://AppData\PROD\AzureDataLake\FUSION\Funding Decision.qvd","Funding Decision.Current Organisation Id%","AzureDbProdNIAADL","FUSION","Funding Decision","Current Organisation Id",,,"mapped","7940"
"FUSION QVD Generator","lib://AppData\PROD\AzureDataLake\FUSION\Funding Decision.qvd","Funding Decision.Current Organisation","AzureDbProdNIAADL","FUSION","Funding Decision","Current Organisation",,,"mapped","7940"
"FUSION QVD Generator","lib://AppData\PROD\AzureDataLake\FUSION\Funding Decision.qvd","Funding Decision.Current Activity Id%","AzureDbProdNIAADL","FUSION","Funding Decision","Current Activity Id",,,"mapped","7940"
"FUSION QVD Generator","lib://AppData\PROD\AzureDataLake\FUSION\Funding Decision.qvd","Funding Decision.Date Provider Was Notified","AzureDbProdNIAADL","FUSION","Funding Decision","Date Provider Was Notified",,,"mapped","7940"
"FUSION QVD Generator","lib://AppData\PROD\AzureDataLake\FUSION\Funding Decision.qvd","Funding Decision.Date Received By Engagement Office","AzureDbProdNIAADL","FUSION","Funding Decision","Date Received By Engagement Office",,,"mapped","7940"
"FUSION QVD Generator","lib://AppData\PROD\AzureDataLake\FUSION\Funding Decision.qvd","Funding Decision.Date Offer Made","AzureDbProdNIAADL","FUSION","Funding Decision","Date Offer Made",,,"mapped","7940"
"FUSION QVD Generator","lib://AppData\PROD\AzureDataLake\FUSION\Funding Decision.qvd","Funding Decision.Date Provider Signed","AzureDbProdNIAADL","FUSION","Funding Decision","Date Provider Signed",,,"mapped","7940"
"FUSION QVD Generator","lib://AppData\PROD\AzureDataLake\FUSION\Funding Decision.qvd","Funding Decision.Deactivation Description","AzureDbProdNIAADL","FUSION","Funding Decision","Deactivation Description",,,"mapped","7940"
"FUSION QVD Generator","lib://AppData\PROD\AzureDataLake\FUSION\Funding Decision.qvd","Funding Decision.Decision Origin Record","AzureDbProdNIAADL","FUSION","Funding Decision","Decision Origin Record",,,"mapped","7940"
"FUSION QVD Generator","lib://AppData\PROD\AzureDataLake\FUSION\Funding Decision.qvd","Funding Decision.Decision Date","AzureDbProdNIAADL","FUSION","Funding Decision","Decision Date",,,"mapped","7940"
"FUSION QVD Generator","lib://AppData\PROD\AzureDataLake\FUSION\Funding Decision.qvd","Funding Decision.Decision Entered By Id%","AzureDbProdNIAADL","FUSION","Funding Decision","Decision Entered By Id",,,"mapped","7940"
"FUSION QVD Generator","lib://AppData\PROD\AzureDataLake\FUSION\Funding Decision.qvd","Funding Decision.Decision Entered By","AzureDbProdNIAADL","FUSION","Funding Decision","Decision Entered By",,,"mapped","7940"
"FUSION QVD Generator","lib://AppData\PROD\AzureDataLake\FUSION\Funding Decision.qvd","Funding Decision.Delegate Id%","AzureDbProdNIAADL","FUSION","Funding Decision","Delegate Id",,,"mapped","7940"
"FUSION QVD Generator","lib://AppData\PROD\AzureDataLake\FUSION\Funding Decision.qvd","Funding Decision.Delegate Level","AzureDbProdNIAADL","FUSION","Funding Decision","Delegate Level",,,"mapped","7940"
"FUSION QVD Generator","lib://AppData\PROD\AzureDataLake\FUSION\Funding Decision.qvd","Funding Decision.Delegate Office","AzureDbProdNIAADL","FUSION","Funding Decision","Delegate Office",,,"mapped","7940"
"FUSION QVD Generator","lib://AppData\PROD\AzureDataLake\FUSION\Funding Decision.qvd","Funding Decision.Draft Reviewed","AzureDbProdNIAADL","FUSION","Funding Decision","Draft Reviewed",,,"mapped","7940"
"FUSION QVD Generator","lib://AppData\PROD\AzureDataLake\FUSION\Funding Decision.qvd","Funding Decision.GMU Draft Agreement Comments","AzureDbProdNIAADL","FUSION","Funding Decision","GMU Draft Agreement Comments",,,"mapped","7940"
"FUSION QVD Generator","lib://AppData\PROD\AzureDataLake\FUSION\Funding Decision.qvd","Funding Decision.Draft Agreement Status","AzureDbProdNIAADL","FUSION","Funding Decision","Draft Agreement Status",,,"mapped","7940"
"FUSION QVD Generator","lib://AppData\PROD\AzureDataLake\FUSION\Funding Decision.qvd","Funding Decision.Business Area Draft Agreement Comments","AzureDbProdNIAADL","FUSION","Funding Decision","Business Area Draft Agreement Comments",,,"mapped","7940"
"FUSION QVD Generator","lib://AppData\PROD\AzureDataLake\FUSION\Funding Decision.qvd","Funding Decision.Draft Stage Completed By Id%","AzureDbProdNIAADL","FUSION","Funding Decision","Draft Stage Completed By Id",,,"mapped","7940"
"FUSION QVD Generator","lib://AppData\PROD\AzureDataLake\FUSION\Funding Decision.qvd","Funding Decision.Draft StageCompleted By Name","AzureDbProdNIAADL","FUSION","Funding Decision","Draft StageCompleted By Name",,,"mapped","7940"
"FUSION QVD Generator","lib://AppData\PROD\AzureDataLake\FUSION\Funding Decision.qvd","Funding Decision.Draft Stage Completed On","AzureDbProdNIAADL","FUSION","Funding Decision","Draft Stage Completed On",,,"mapped","7940"
"FUSION QVD Generator","lib://AppData\PROD\AzureDataLake\FUSION\Funding Decision.qvd","Funding Decision.Draft Stage Engagement Office Consulted","AzureDbProdNIAADL","FUSION","Funding Decision","Draft Stage Engagement Office Consulted",,,"mapped","7940"
"FUSION QVD Generator","lib://AppData\PROD\AzureDataLake\FUSION\Funding Decision.qvd","Funding Decision.Draft Stage GMU Office Consulted","AzureDbProdNIAADL","FUSION","Funding Decision","Draft Stage GMU Office Consulted",,,"mapped","7940"
"FUSION QVD Generator","lib://AppData\PROD\AzureDataLake\FUSION\Funding Decision.qvd","Funding Decision.Draft Stage Program Area Consulted","AzureDbProdNIAADL","FUSION","Funding Decision","Draft Stage Program Area Consulted",,,"mapped","7940"
"FUSION QVD Generator","lib://AppData\PROD\AzureDataLake\FUSION\Funding Decision.qvd","Funding Decision.Delegate","AzureDbProdNIAADL","FUSION","Funding Decision","Delegate",,,"mapped","7940"
"FUSION QVD Generator","lib://AppData\PROD\AzureDataLake\FUSION\Funding Decision.qvd","Funding Decision.Delegate Comment","AzureDbProdNIAADL","FUSION","Funding Decision","Delegate Comment",,,"mapped","7940"
"FUSION QVD Generator","lib://AppData\PROD\AzureDataLake\FUSION\Funding Decision.qvd","Funding Decision.Delegate Comments and Funding Decision Reviewed","AzureDbProdNIAADL","FUSION","Funding Decision","Delegate Comments and Funding Decision Reviewed",,,"mapped","7940"
"FUSION QVD Generator","lib://AppData\PROD\AzureDataLake\FUSION\Funding Decision.qvd","Funding Decision.Delegate Decision","AzureDbProdNIAADL","FUSION","Funding Decision","Delegate Decision",,,"mapped","7940"
"FUSION QVD Generator","lib://AppData\PROD\AzureDataLake\FUSION\Funding Decision.qvd","Funding Decision.Delegate Minister","AzureDbProdNIAADL","FUSION","Funding Decision","Delegate Minister",,,"mapped","7940"
"FUSION QVD Generator","lib://AppData\PROD\AzureDataLake\FUSION\Funding Decision.qvd","Funding Decision.Describe how the preference for indigenous entities","AzureDbProdNIAADL","FUSION","Funding Decision","Describe how the preference for indigenous entities",,,"mapped","7940"
"FUSION QVD Generator","lib://AppData\PROD\AzureDataLake\FUSION\Funding Decision.qvd","Funding Decision.Details of conflict and how NIAA will manage this","AzureDbProdNIAADL","FUSION","Funding Decision","Details of conflict and how NIAA will manage this",,,"mapped","7940"
"FUSION QVD Generator","lib://AppData\PROD\AzureDataLake\FUSION\Funding Decision.qvd","Funding Decision.Eligible under the National Redress Scheme","AzureDbProdNIAADL","FUSION","Funding Decision","Eligible under the National Redress Scheme",,,"mapped","7940"
"FUSION QVD Generator","lib://AppData\PROD\AzureDataLake\FUSION\Funding Decision.qvd","Funding Decision.Empowered Community Id%","AzureDbProdNIAADL","FUSION","Funding Decision","Empowered Community Id",,,"mapped","7940"
"FUSION QVD Generator","lib://AppData\PROD\AzureDataLake\FUSION\Funding Decision.qvd","Funding Decision.Empowered Community Name","AzureDbProdNIAADL","FUSION","Funding Decision","Empowered Community Name",,,"mapped","7940"
"FUSION QVD Generator","lib://AppData\PROD\AzureDataLake\FUSION\Funding Decision.qvd","Funding Decision.Engagement Office Id%","AzureDbProdNIAADL","FUSION","Funding Decision","Engagement Office Id",,,"mapped","7940"
"FUSION QVD Generator","lib://AppData\PROD\AzureDataLake\FUSION\Funding Decision.qvd","Funding Decision.Engagement Office","AzureDbProdNIAADL","FUSION","Funding Decision","Engagement Office",,,"mapped","7940"
"FUSION QVD Generator","lib://AppData\PROD\AzureDataLake\FUSION\Funding Decision.qvd","Funding Decision.Engagement Officer Id%","AzureDbProdNIAADL","FUSION","Funding Decision","Engagement Officer Id",,,"mapped","7940"
"FUSION QVD Generator","lib://AppData\PROD\AzureDataLake\FUSION\Funding Decision.qvd","Funding Decision.Engagement Officer","AzureDbProdNIAADL","FUSION","Funding Decision","Engagement Officer",,,"mapped","7940"
"FUSION QVD Generator","lib://AppData\PROD\AzureDataLake\FUSION\Funding Decision.qvd","Funding Decision.Draft Engagement Office Count","AzureDbProdNIAADL","FUSION","Funding Decision","Draft Engagement Office Count",,,"mapped","7940"
"FUSION QVD Generator","lib://AppData\PROD\AzureDataLake\FUSION\Funding Decision.qvd","Funding Decision.Engagement Officer Office","AzureDbProdNIAADL","FUSION","Funding Decision","Engagement Officer Office",,,"mapped","7940"
"FUSION QVD Generator","lib://AppData\PROD\AzureDataLake\FUSION\Funding Decision.qvd","Funding Decision.Execution Stage Completed By Id%","AzureDbProdNIAADL","FUSION","Funding Decision","Execution Stage Completed By Id",,,"mapped","7940"
"FUSION QVD Generator","lib://AppData\PROD\AzureDataLake\FUSION\Funding Decision.qvd","Funding Decision.Execution Stage Completed By Name","AzureDbProdNIAADL","FUSION","Funding Decision","Execution Stage Completed By Name",,,"mapped","7940"
"FUSION QVD Generator","lib://AppData\PROD\AzureDataLake\FUSION\Funding Decision.qvd","Funding Decision.Execution Stage Completed Date","AzureDbProdNIAADL","FUSION","Funding Decision","Execution Stage Completed Date",,,"mapped","7940"
"FUSION QVD Generator","lib://AppData\PROD\AzureDataLake\FUSION\Funding Decision.qvd","Funding Decision.Expected benefits and outcomes","AzureDbProdNIAADL","FUSION","Funding Decision","Expected benefits and outcomes",,,"mapped","7940"
"FUSION QVD Generator","lib://AppData\PROD\AzureDataLake\FUSION\Funding Decision.qvd","Funding Decision.Funding Agreement Drafted","AzureDbProdNIAADL","FUSION","Funding Decision","Funding Agreement Drafted",,,"mapped","7940"
"FUSION QVD Generator","lib://AppData\PROD\AzureDataLake\FUSION\Funding Decision.qvd","Funding Decision.Funding Brief Id%","AzureDbProdNIAADL","FUSION","Funding Decision","Funding Brief Id",,,"mapped","7940"
"FUSION QVD Generator","lib://AppData\PROD\AzureDataLake\FUSION\Funding Decision.qvd","Funding Decision.Funding Brief","AzureDbProdNIAADL","FUSION","Funding Decision","Funding Brief",,,"mapped","7940"
"FUSION QVD Generator","lib://AppData\PROD\AzureDataLake\FUSION\Funding Decision.qvd","Funding Decision.Funding Brief Stage","AzureDbProdNIAADL","FUSION","Funding Decision","Funding Brief Stage",,,"mapped","7940"
"FUSION QVD Generator","lib://AppData\PROD\AzureDataLake\FUSION\Funding Decision.qvd","Funding Decision.Funding Decision Document Links","AzureDbProdNIAADL","FUSION","Funding Decision","Funding Decision Document Links",,,"mapped","7940"
"FUSION QVD Generator","lib://AppData\PROD\AzureDataLake\FUSION\Funding Decision.qvd","Funding Decision.Funding Executed Flag","AzureDbProdNIAADL","FUSION","Funding Decision","Funding Executed Flag",,,"mapped","7940"
"FUSION QVD Generator","lib://AppData\PROD\AzureDataLake\FUSION\Funding Decision.qvd","Funding Decision.Funding Executed","AzureDbProdNIAADL","FUSION","Funding Decision","Funding Executed",,,"mapped","7940"
"FUSION QVD Generator","lib://AppData\PROD\AzureDataLake\FUSION\Funding Decision.qvd","Funding Decision.GMU Peer Review Count","AzureDbProdNIAADL","FUSION","Funding Decision","GMU Peer Review Count",,,"mapped","7940"
"FUSION QVD Generator","lib://AppData\PROD\AzureDataLake\FUSION\Funding Decision.qvd","Funding Decision.Grant Activity Id%","AzureDbProdNIAADL","FUSION","Funding Decision","Grant Activity Id",,,"mapped","7940"
"FUSION QVD Generator","lib://AppData\PROD\AzureDataLake\FUSION\Funding Decision.qvd","Funding Decision.Grant Activity","AzureDbProdNIAADL","FUSION","Funding Decision","Grant Activity",,,"mapped","7940"
"FUSION QVD Generator","lib://AppData\PROD\AzureDataLake\FUSION\Funding Decision.qvd","Funding Decision.Grant Agreement Received From Provider Date","AzureDbProdNIAADL","FUSION","Funding Decision","Grant Agreement Received From Provider Date",,,"mapped","7940"
"FUSION QVD Generator","lib://AppData\PROD\AzureDataLake\FUSION\Funding Decision.qvd","Funding Decision.Has the applicant declared there is a COI","AzureDbProdNIAADL","FUSION","Funding Decision","Has the applicant declared there is a COI",,,"mapped","7940"
"FUSION QVD Generator","lib://AppData\PROD\AzureDataLake\FUSION\Funding Decision.qvd","Funding Decision.Is rebriefing required","AzureDbProdNIAADL","FUSION","Funding Decision","Is rebriefing required",,,"mapped","7940"
"FUSION QVD Generator","lib://AppData\PROD\AzureDataLake\FUSION\Funding Decision.qvd","Funding Decision.Is the delegate the minister","AzureDbProdNIAADL","FUSION","Funding Decision","Is the delegate the minister",,,"mapped","7940"
"FUSION QVD Generator","lib://AppData\PROD\AzureDataLake\FUSION\Funding Decision.qvd","Funding Decision.Key Issues and Risk","AzureDbProdNIAADL","FUSION","Funding Decision","Key Issues and Risk",,,"mapped","7940"
"FUSION QVD Generator","lib://AppData\PROD\AzureDataLake\FUSION\Funding Decision.qvd","Funding Decision.Legal Agreement Execution Date","AzureDbProdNIAADL","FUSION","Funding Decision","Legal Agreement Execution Date",,,"mapped","7940"
"FUSION QVD Generator","lib://AppData\PROD\AzureDataLake\FUSION\Funding Decision.qvd","Funding Decision.Major Changes Count","AzureDbProdNIAADL","FUSION","Funding Decision","Major Changes Count",,,"mapped","7940"
"FUSION QVD Generator","lib://AppData\PROD\AzureDataLake\FUSION\Funding Decision.qvd","Funding Decision.Major Changes First Notified Date","AzureDbProdNIAADL","FUSION","Funding Decision","Major Changes First Notified Date",,,"mapped","7940"
"FUSION QVD Generator","lib://AppData\PROD\AzureDataLake\FUSION\Funding Decision.qvd","Funding Decision.Managing Office Id%","AzureDbProdNIAADL","FUSION","Funding Decision","Managing Office Id",,,"mapped","7940"
"FUSION QVD Generator","lib://AppData\PROD\AzureDataLake\FUSION\Funding Decision.qvd","Funding Decision.Managing Office","AzureDbProdNIAADL","FUSION","Funding Decision","Managing Office",,,"mapped","7940"
"FUSION QVD Generator","lib://AppData\PROD\AzureDataLake\FUSION\Funding Decision.qvd","Funding Decision.Meets Assessment Criteria","AzureDbProdNIAADL","FUSION","Funding Decision","Meets Assessment Criteria",,,"mapped","7940"
"FUSION QVD Generator","lib://AppData\PROD\AzureDataLake\FUSION\Funding Decision.qvd","Funding Decision.Name","AzureDbProdNIAADL","FUSION","Funding Decision","Name",,,"mapped","7940"
"FUSION QVD Generator","lib://AppData\PROD\AzureDataLake\FUSION\Funding Decision.qvd","Funding Decision.Negotiation Completed","AzureDbProdNIAADL","FUSION","Funding Decision","Negotiation Completed",,,"mapped","7940"
"FUSION QVD Generator","lib://AppData\PROD\AzureDataLake\FUSION\Funding Decision.qvd","Funding Decision.Negotiation Notes","AzureDbProdNIAADL","FUSION","Funding Decision","Negotiation Notes",,,"mapped","7940"
"FUSION QVD Generator","lib://AppData\PROD\AzureDataLake\FUSION\Funding Decision.qvd","Funding Decision.Negotiation Status","AzureDbProdNIAADL","FUSION","Funding Decision","Negotiation Status",,,"mapped","7940"
"FUSION QVD Generator","lib://AppData\PROD\AzureDataLake\FUSION\Funding Decision.qvd","Funding Decision.Notified Stage Completed By Id%","AzureDbProdNIAADL","FUSION","Funding Decision","Notified Stage Completed By Id",,,"mapped","7940"
"FUSION QVD Generator","lib://AppData\PROD\AzureDataLake\FUSION\Funding Decision.qvd","Funding Decision.Notified Stage Completed By","AzureDbProdNIAADL","FUSION","Funding Decision","Notified Stage Completed By",,,"mapped","7940"
"FUSION QVD Generator","lib://AppData\PROD\AzureDataLake\FUSION\Funding Decision.qvd","Funding Decision.Notified Stage Completed Date","AzureDbProdNIAADL","FUSION","Funding Decision","Notified Stage Completed Date",,,"mapped","7940"
"FUSION QVD Generator","lib://AppData\PROD\AzureDataLake\FUSION\Funding Decision.qvd","Funding Decision.Provider Notified Method","AzureDbProdNIAADL","FUSION","Funding Decision","Provider Notified Method",,,"mapped","7940"
"FUSION QVD Generator","lib://AppData\PROD\AzureDataLake\FUSION\Funding Decision.qvd","Funding Decision.Offer Comments","AzureDbProdNIAADL","FUSION","Funding Decision","Offer Comments",,,"mapped","7940"
"FUSION QVD Generator","lib://AppData\PROD\AzureDataLake\FUSION\Funding Decision.qvd","Funding Decision.Offer Stage Completed By Id%","AzureDbProdNIAADL","FUSION","Funding Decision","Offer Stage Completed By Id",,,"mapped","7940"
"FUSION QVD Generator","lib://AppData\PROD\AzureDataLake\FUSION\Funding Decision.qvd","Funding Decision.Offer Stage Completed By","AzureDbProdNIAADL","FUSION","Funding Decision","Offer Stage Completed By",,,"mapped","7940"
"FUSION QVD Generator","lib://AppData\PROD\AzureDataLake\FUSION\Funding Decision.qvd","Funding Decision.Offer Stage Completed Date","AzureDbProdNIAADL","FUSION","Funding Decision","Offer Stage Completed Date",,,"mapped","7940"
"FUSION QVD Generator","lib://AppData\PROD\AzureDataLake\FUSION\Funding Decision.qvd","Funding Decision.Offer Made Flag","AzureDbProdNIAADL","FUSION","Funding Decision","Offer Made Flag",,,"mapped","7940"
"FUSION QVD Generator","lib://AppData\PROD\AzureDataLake\FUSION\Funding Decision.qvd","Funding Decision.Offer Made","AzureDbProdNIAADL","FUSION","Funding Decision","Offer Made",,,"mapped","7940"
"FUSION QVD Generator","lib://AppData\PROD\AzureDataLake\FUSION\Funding Decision.qvd","Funding Decision.Offer Requires Follow Up Date","AzureDbProdNIAADL","FUSION","Funding Decision","Offer Requires Follow Up Date",,,"mapped","7940"
"FUSION QVD Generator","lib://AppData\PROD\AzureDataLake\FUSION\Funding Decision.qvd","Funding Decision.Offer Stage Review Area","AzureDbProdNIAADL","FUSION","Funding Decision","Offer Stage Review Area",,,"mapped","7940"
"FUSION QVD Generator","lib://AppData\PROD\AzureDataLake\FUSION\Funding Decision.qvd","Funding Decision.Offer Status","AzureDbProdNIAADL","FUSION","Funding Decision","Offer Status",,,"mapped","7940"
"FUSION QVD Generator","lib://AppData\PROD\AzureDataLake\FUSION\Funding Decision.qvd","Funding Decision.On Hold","AzureDbProdNIAADL","FUSION","Funding Decision","On Hold",,,"mapped","7940"
"FUSION QVD Generator","lib://AppData\PROD\AzureDataLake\FUSION\Funding Decision.qvd","Funding Decision.On Hold Reason","AzureDbProdNIAADL","FUSION","Funding Decision","On Hold Reason",,,"mapped","7940"
"FUSION QVD Generator","lib://AppData\PROD\AzureDataLake\FUSION\Funding Decision.qvd","Funding Decision.Pending Action From","AzureDbProdNIAADL","FUSION","Funding Decision","Pending Action From",,,"mapped","7940"
"FUSION QVD Generator","lib://AppData\PROD\AzureDataLake\FUSION\Funding Decision.qvd","Funding Decision.Planned Investment Id%","AzureDbProdNIAADL","FUSION","Funding Decision","Planned Investment Id",,,"mapped","7940"
"FUSION QVD Generator","lib://AppData\PROD\AzureDataLake\FUSION\Funding Decision.qvd","Funding Decision.Planned Investment","AzureDbProdNIAADL","FUSION","Funding Decision","Planned Investment",,,"mapped","7940"
"FUSION QVD Generator","lib://AppData\PROD\AzureDataLake\FUSION\Funding Decision.qvd","Funding Decision.Previous Decision Id%","AzureDbProdNIAADL","FUSION","Funding Decision","Previous Decision Id",,,"mapped","7940"
"FUSION QVD Generator","lib://AppData\PROD\AzureDataLake\FUSION\Funding Decision.qvd","Funding Decision.Previous Ddecision","AzureDbProdNIAADL","FUSION","Funding Decision","Previous Ddecision",,,"mapped","7940"
"FUSION QVD Generator","lib://AppData\PROD\AzureDataLake\FUSION\Funding Decision.qvd","Funding Decision.Previous Funding Brief Id%","AzureDbProdNIAADL","FUSION","Funding Decision","Previous Funding Brief Id",,,"mapped","7940"
"FUSION QVD Generator","lib://AppData\PROD\AzureDataLake\FUSION\Funding Decision.qvd","Funding Decision.Previous Funding Brief","AzureDbProdNIAADL","FUSION","Funding Decision","Previous Funding Brief",,,"mapped","7940"
"FUSION QVD Generator","lib://AppData\PROD\AzureDataLake\FUSION\Funding Decision.qvd","Funding Decision.Previous Funding Brief Exists","AzureDbProdNIAADL","FUSION","Funding Decision","Previous Funding Brief Exists",,,"mapped","7940"
"FUSION QVD Generator","lib://AppData\PROD\AzureDataLake\FUSION\Funding Decision.qvd","Funding Decision.Process Stage","AzureDbProdNIAADL","FUSION","Funding Decision","Process Stage",,,"mapped","7940"
"FUSION QVD Generator","lib://AppData\PROD\AzureDataLake\FUSION\Funding Decision.qvd","Funding Decision.Process Stage No","AzureDbProdNIAADL","FUSION","Funding Decision","Process Stage No",,,"mapped","7940"
"FUSION QVD Generator","lib://AppData\PROD\AzureDataLake\FUSION\Funding Decision.qvd","Funding Decision.Project Title","AzureDbProdNIAADL","FUSION","Funding Decision","Project Title",,,"mapped","7940"
"FUSION QVD Generator","lib://AppData\PROD\AzureDataLake\FUSION\Funding Decision.qvd","Funding Decision.Draft Program Area Count","AzureDbProdNIAADL","FUSION","Funding Decision","Draft Program Area Count",,,"mapped","7940"
"FUSION QVD Generator","lib://AppData\PROD\AzureDataLake\FUSION\Funding Decision.qvd","Funding Decision.Offer Business Area Notified On","AzureDbProdNIAADL","FUSION","Funding Decision","Offer Business Area Notified On",,,"mapped","7940"
"FUSION QVD Generator","lib://AppData\PROD\AzureDataLake\FUSION\Funding Decision.qvd","Funding Decision.Offer Business Area Responded On","AzureDbProdNIAADL","FUSION","Funding Decision","Offer Business Area Responded On",,,"mapped","7940"
"FUSION QVD Generator","lib://AppData\PROD\AzureDataLake\FUSION\Funding Decision.qvd","Funding Decision.Offer Business Area User Id%","AzureDbProdNIAADL","FUSION","Funding Decision","Offer Business Area User Id",,,"mapped","7940"
"FUSION QVD Generator","lib://AppData\PROD\AzureDataLake\FUSION\Funding Decision.qvd","Funding Decision.Offer Business Area User","AzureDbProdNIAADL","FUSION","Funding Decision","Offer Business Area User",,,"mapped","7940"
"FUSION QVD Generator","lib://AppData\PROD\AzureDataLake\FUSION\Funding Decision.qvd","Funding Decision.Proposed End Date","AzureDbProdNIAADL","FUSION","Funding Decision","Proposed End Date",,,"mapped","7940"
"FUSION QVD Generator","lib://AppData\PROD\AzureDataLake\FUSION\Funding Decision.qvd","Funding Decision.Proposed Grant Activity Id%","AzureDbProdNIAADL","FUSION","Funding Decision","Proposed Grant Activity Id",,,"mapped","7940"
"FUSION QVD Generator","lib://AppData\PROD\AzureDataLake\FUSION\Funding Decision.qvd","Funding Decision.Proposed Grant Activity","AzureDbProdNIAADL","FUSION","Funding Decision","Proposed Grant Activity",,,"mapped","7940"
"FUSION QVD Generator","lib://AppData\PROD\AzureDataLake\FUSION\Funding Decision.qvd","Funding Decision.Proposed Organisation Id%","AzureDbProdNIAADL","FUSION","Funding Decision","Proposed Organisation Id",,,"mapped","7940"
"FUSION QVD Generator","lib://AppData\PROD\AzureDataLake\FUSION\Funding Decision.qvd","Funding Decision.Proposed Organisation","AzureDbProdNIAADL","FUSION","Funding Decision","Proposed Organisation",,,"mapped","7940"
"FUSION QVD Generator","lib://AppData\PROD\AzureDataLake\FUSION\Funding Decision.qvd","Funding Decision.Provider has been notified","AzureDbProdNIAADL","FUSION","Funding Decision","Provider Has Been Notified",,,"mapped","7940"
"FUSION QVD Generator","lib://AppData\PROD\AzureDataLake\FUSION\Funding Decision.qvd","Funding Decision.Provider Question Offer Date","AzureDbProdNIAADL","FUSION","Funding Decision","Provider Question Offer Date",,,"mapped","7940"
"FUSION QVD Generator","lib://AppData\PROD\AzureDataLake\FUSION\Funding Decision.qvd","Funding Decision.Provider Not Notified Reason","AzureDbProdNIAADL","FUSION","Funding Decision","Provider Not Notified Reason",,,"mapped","7940"
"FUSION QVD Generator","lib://AppData\PROD\AzureDataLake\FUSION\Funding Decision.qvd","Funding Decision.Offer Comments Response","AzureDbProdNIAADL","FUSION","Funding Decision","Offer Comments Response",,,"mapped","7940"
"FUSION QVD Generator","lib://AppData\PROD\AzureDataLake\FUSION\Funding Decision.qvd","Funding Decision.Funding Agreement QA Completed","AzureDbProdNIAADL","FUSION","Funding Decision","Funding Agreement QA Completed",,,"mapped","7940"
"FUSION QVD Generator","lib://AppData\PROD\AzureDataLake\FUSION\Funding Decision.qvd","Funding Decision.Rebrief Reason","AzureDbProdNIAADL","FUSION","Funding Decision","Rebrief Reason",,,"mapped","7940"
"FUSION QVD Generator","lib://AppData\PROD\AzureDataLake\FUSION\Funding Decision.qvd","Funding Decision.Receives Other NIAA Funding","AzureDbProdNIAADL","FUSION","Funding Decision","Receives Other NIAA Funding",,,"mapped","7940"
"FUSION QVD Generator","lib://AppData\PROD\AzureDataLake\FUSION\Funding Decision.qvd","Funding Decision.Recommendation Outcome Reasons","AzureDbProdNIAADL","FUSION","Funding Decision","Recommendation Outcome Reasons",,,"mapped","7940"
"FUSION QVD Generator","lib://AppData\PROD\AzureDataLake\FUSION\Funding Decision.qvd","Funding Decision.Recommended Action Option Set Value","AzureDbProdNIAADL","FUSION","Funding Decision","Recommended Action Option Set Value",,,"mapped","7940"
"FUSION QVD Generator","lib://AppData\PROD\AzureDataLake\FUSION\Funding Decision.qvd","Funding Decision.Recommended Action","AzureDbProdNIAADL","FUSION","Funding Decision","Recommended Action",,,"mapped","7940"
"FUSION QVD Generator","lib://AppData\PROD\AzureDataLake\FUSION\Funding Decision.qvd","Funding Decision.Related Record is ready for decision","AzureDbProdNIAADL","FUSION","Funding Decision","Related Record is ready for decision",,,"mapped","7940"
"FUSION QVD Generator","lib://AppData\PROD\AzureDataLake\FUSION\Funding Decision.qvd","Funding Decision.Represents value with relevant money","AzureDbProdNIAADL","FUSION","Funding Decision","Represents value with relevant money",,,"mapped","7940"
"FUSION QVD Generator","lib://AppData\PROD\AzureDataLake\FUSION\Funding Decision.qvd","Funding Decision.Residual Funding","AzureDbProdNIAADL","FUSION","Funding Decision","Residual Funding",,,"mapped","7940"
"FUSION QVD Generator","lib://AppData\PROD\AzureDataLake\FUSION\Funding Decision.qvd","Funding Decision.Review Stage Completed By Id%","AzureDbProdNIAADL","FUSION","Funding Decision","Review Stage Completed By Id",,,"mapped","7940"
"FUSION QVD Generator","lib://AppData\PROD\AzureDataLake\FUSION\Funding Decision.qvd","Funding Decision.Review Stage Completed By","AzureDbProdNIAADL","FUSION","Funding Decision","Review Stage Completed By",,,"mapped","7940"
"FUSION QVD Generator","lib://AppData\PROD\AzureDataLake\FUSION\Funding Decision.qvd","Funding Decision.Review Stage Completed On","AzureDbProdNIAADL","FUSION","Funding Decision","Review Stage Completed On",,,"mapped","7940"
"FUSION QVD Generator","lib://AppData\PROD\AzureDataLake\FUSION\Funding Decision.qvd","Funding Decision.Sensitivities","AzureDbProdNIAADL","FUSION","Funding Decision","Sensitivities",,,"mapped","7940"
"FUSION QVD Generator","lib://AppData\PROD\AzureDataLake\FUSION\Funding Decision.qvd","Funding Decision.Source System Executed Date","AzureDbProdNIAADL","FUSION","Funding Decision","Source System Executed Date",,,"mapped","7940"
"FUSION QVD Generator","lib://AppData\PROD\AzureDataLake\FUSION\Funding Decision.qvd","Funding Decision.Source System Grant Activity Id","AzureDbProdNIAADL","FUSION","Funding Decision","Source System Grant Activity Id",,,"mapped","7940"
"FUSION QVD Generator","lib://AppData\PROD\AzureDataLake\FUSION\Funding Decision.qvd","Funding Decision.Specific KPIs","AzureDbProdNIAADL","FUSION","Funding Decision","Specific KPIs",,,"mapped","7940"
"FUSION QVD Generator","lib://AppData\PROD\AzureDataLake\FUSION\Funding Decision.qvd","Funding Decision.name]","AzureDbProdNIAADL","FUSION","Funding Decision","[The applicant identifies",,,"parse-error","7940"
"FUSION QVD Generator","lib://AppData\PROD\AzureDataLake\FUSION\Funding Decision.qvd","Funding Decision.Total Applied For Amount Ex GST","AzureDbProdNIAADL","FUSION","Funding Decision","Total Applied For Amount Ex GST",,,"mapped","7940"
"FUSION QVD Generator","lib://AppData\PROD\AzureDataLake\FUSION\Funding Decision.qvd","Funding Decision.Total Approved Amount Ex GST","AzureDbProdNIAADL","FUSION","Funding Decision","Total Approved Amount Ex GST",,,"mapped","7940"
"FUSION QVD Generator","lib://AppData\PROD\AzureDataLake\FUSION\Funding Decision.qvd","Funding Decision.Total Current Activity Funding Ex GST","AzureDbProdNIAADL","FUSION","Funding Decision","Total Current Activity Funding Ex GST",,,"mapped","7940"
"FUSION QVD Generator","lib://AppData\PROD\AzureDataLake\FUSION\Funding Decision.qvd","Funding Decision.Total Legal Commitment Amount Ex GST","AzureDbProdNIAADL","FUSION","Funding Decision","Total Legal Commitment Amount Ex GST",,,"mapped","7940"
"FUSION QVD Generator","lib://AppData\PROD\AzureDataLake\FUSION\Funding Decision.qvd","Funding Decision.Total Recommended Amount Ex GST","AzureDbProdNIAADL","FUSION","Funding Decision","Total Recommended Amount Ex GST",,,"mapped","7940"
"FUSION QVD Generator","lib://AppData\PROD\AzureDataLake\FUSION\Funding Decision.qvd","Funding Decision.Unsuccessful outcome letter regional comment","AzureDbProdNIAADL","FUSION","Funding Decision","Unsuccessful outcome letter regional comment",,,"mapped","7940"
"FUSION QVD Generator","lib://AppData\PROD\AzureDataLake\FUSION\Funding Decision.qvd","Funding Decision.Decision Owner","AzureDbProdNIAADL","FUSION","Funding Decision","Decision Owner",,,"mapped","7940"
"FUSION QVD Generator","lib://AppData\PROD\AzureDataLake\FUSION\Funding Decision.qvd","Funding Decision.Days to Notify","AzureDbProdNIAADL","FUSION","Funding Decision","Days to Notify",,,"mapped","7940"
"FUSION QVD Generator","lib://AppData\PROD\AzureDataLake\FUSION\Funding Decision.qvd","Funding Decision.Days to Make Offer from Notification","AzureDbProdNIAADL","FUSION","Funding Decision","Days to Make Offer from Notification",,,"mapped","7940"
"FUSION QVD Generator","lib://AppData\PROD\AzureDataLake\FUSION\Funding Decision.qvd","Funding Decision.Days with Provider","AzureDbProdNIAADL","FUSION","Funding Decision","Days with Provider",,,"mapped","7940"
"FUSION QVD Generator","lib://AppData\PROD\AzureDataLake\FUSION\Funding Decision.qvd","Funding Decision.Days to Finalise","AzureDbProdNIAADL","FUSION","Funding Decision","Days to Finalise",,,"mapped","7940"
"FUSION QVD Generator","lib://AppData\PROD\AzureDataLake\FUSION\Funding Decision.qvd","Funding Decision.Total Days Taken","AzureDbProdNIAADL","FUSION","Funding Decision","Total Days Taken",,,"mapped","7940"
"FUSION QVD Generator","lib://AppData\PROD\AzureDataLake\FUSION\Funding Decision.qvd","Funding Decision.Active Funding Decision","AzureDbProdNIAADL","FUSION","Funding Decision","Active Funding Decision",,,"mapped","7940"
"FUSION QVD Generator","lib://AppData\PROD\AzureDataLake\FUSION\Funding Decision.qvd","Funding Decision.Finalised Funding Decision","AzureDbProdNIAADL","FUSION","Funding Decision","Finalised Funding Decision",,,"mapped","7940"
"FUSION QVD Generator","lib://AppData\PROD\AzureDataLake\FUSION\Funding Decision.qvd","Funding Decision.Active Funding Negotiation","AzureDbProdNIAADL","FUSION","Funding Decision","Active Funding Negotiation",,,"mapped","7940"
"FUSION QVD Generator","lib://AppData\PROD\AzureDataLake\FUSION\Funding Decision.qvd","Funding Decision.Finalised Agreement Tracking","AzureDbProdNIAADL","FUSION","Funding Decision","Finalised Agreement Tracking",,,"mapped","7940"
"FUSION QVD Generator","lib://AppData\PROD\AzureDataLake\FUSION\Funding Decision.qvd","Funding Decision.State","AzureDbProdNIAADL","FUSION","Funding Decision","State",,,"mapped","7940"
"FUSION QVD Generator","lib://AppData\PROD\AzureDataLake\FUSION\Funding Decision.qvd","Funding Decision.Status","AzureDbProdNIAADL","FUSION","Funding Decision","Status",,,"mapped","7940"
"FUSION QVD Generator","lib://AppData\PROD\AzureDataLake\FUSION\Funding Decision.qvd","Funding Decision.Creation Date","AzureDbProdNIAADL","FUSION","Funding Decision","Creation Date",,,"mapped","7940"
"FUSION QVD Generator","lib://AppData\PROD\AzureDataLake\FUSION\Funding Decision.qvd","Funding Decision.Modified Date","AzureDbProdNIAADL","FUSION","Funding Decision","Modified Date",,,"mapped","7940"
"FUSION QVD Generator","lib://AppData\PROD\AzureDataLake\FUSION\Empowered Community.qvd","Empowered Community.Empowered Community Id%","AzureDbProdNIAADL","FUSION","Empowered Community","Empowered Community Id",,,"mapped","7940"
"FUSION QVD Generator","lib://AppData\PROD\AzureDataLake\FUSION\Empowered Community.qvd","Empowered Community.Empowered Community","AzureDbProdNIAADL","FUSION","Empowered Community","Empowered Community",,,"mapped","7940"
"FUSION QVD Generator","lib://AppData\PROD\AzureDataLake\FUSION\Empowered Community.qvd","Empowered Community.PMC Region Id%","AzureDbProdNIAADL","FUSION","Empowered Community","PMC Region Id",,,"mapped","7940"
"FUSION QVD Generator","lib://AppData\PROD\AzureDataLake\FUSION\Empowered Community.qvd","Empowered Community.PMC Region","AzureDbProdNIAADL","FUSION","Empowered Community","PMC Region",,,"mapped","7940"
"FUSION QVD Generator","lib://AppData\PROD\AzureDataLake\FUSION\Empowered Community.qvd","Empowered Community.JDM Applicable","AzureDbProdNIAADL","FUSION","Empowered Community","JDM Applicable",,,"mapped","7940"
"FUSION QVD Generator","lib://AppData\PROD\AzureDataLake\FUSION\Empowered Community.qvd","Empowered Community.State","AzureDbProdNIAADL","FUSION","Empowered Community","State",,,"mapped","7940"
"FUSION QVD Generator","lib://AppData\PROD\AzureDataLake\FUSION\Empowered Community.qvd","Empowered Community.Status","AzureDbProdNIAADL","FUSION","Empowered Community","Status",,,"mapped","7940"
"FUSION QVD Generator","lib://AppData\PROD\AzureDataLake\FUSION\Empowered Community Process.qvd","Empowered Community Process.Empowered Community Process Id%","AzureDbProdNIAADL","FUSION","Empowered Community Process","Empowered Community Process Id",,,"mapped","7940"
"FUSION QVD Generator","lib://AppData\PROD\AzureDataLake\FUSION\Empowered Community Process.qvd","Empowered Community Process.Check EC Details","AzureDbProdNIAADL","FUSION","Empowered Community Process","Check EC Details",,,"mapped","7940"
"FUSION QVD Generator","lib://AppData\PROD\AzureDataLake\FUSION\Empowered Community Process.qvd","Empowered Community Process.Commentary","AzureDbProdNIAADL","FUSION","Empowered Community Process","Commentary",,,"mapped","7940"
"FUSION QVD Generator","lib://AppData\PROD\AzureDataLake\FUSION\Empowered Community Process.qvd","Empowered Community Process.Delivery Area","AzureDbProdNIAADL","FUSION","Empowered Community Process","Delivery Area",,,"mapped","7940"
"FUSION QVD Generator","lib://AppData\PROD\AzureDataLake\FUSION\Empowered Community Process.qvd","Empowered Community Process.Grant Activity Id%","AzureDbProdNIAADL","FUSION","Empowered Community Process","Grant Activity Id",,,"mapped","7940"
"FUSION QVD Generator","lib://AppData\PROD\AzureDataLake\FUSION\Empowered Community Process.qvd","Empowered Community Process.Grant Activity","AzureDbProdNIAADL","FUSION","Empowered Community Process","Grant Activity",,,"mapped","7940"
"FUSION QVD Generator","lib://AppData\PROD\AzureDataLake\FUSION\Empowered Community Process.qvd","Empowered Community Process.Lead Empowered Community Id%","AzureDbProdNIAADL","FUSION","Empowered Community Process","Lead Empowered Community Id",,,"mapped","7940"
"FUSION QVD Generator","lib://AppData\PROD\AzureDataLake\FUSION\Empowered Community Process.qvd","Empowered Community Process.Lead Empowered Community","AzureDbProdNIAADL","FUSION","Empowered Community Process","Lead Empowered Community",,,"mapped","7940"
"FUSION QVD Generator","lib://AppData\PROD\AzureDataLake\FUSION\Empowered Community Process.qvd","Empowered Community Process.Name","AzureDbProdNIAADL","FUSION","Empowered Community Process","Name",,,"mapped","7940"
"FUSION QVD Generator","lib://AppData\PROD\AzureDataLake\FUSION\Empowered Community Process.qvd","Empowered Community Process.Priority","AzureDbProdNIAADL","FUSION","Empowered Community Process","Priority",,,"mapped","7940"
"FUSION QVD Generator","lib://AppData\PROD\AzureDataLake\FUSION\Empowered Community Process.qvd","Empowered Community Process.Process Type","AzureDbProdNIAADL","FUSION","Empowered Community Process","Process Type",,,"mapped","7940"
"FUSION QVD Generator","lib://AppData\PROD\AzureDataLake\FUSION\Empowered Community Process.qvd","Empowered Community Process.State","AzureDbProdNIAADL","FUSION","Empowered Community Process","State",,,"mapped","7940"
"FUSION QVD Generator","lib://AppData\PROD\AzureDataLake\FUSION\Empowered Community Process.qvd","Empowered Community Process.Status","AzureDbProdNIAADL","FUSION","Empowered Community Process","Status",,,"mapped","7940"
"FUSION QVD Generator","lib://AppData\PROD\AzureDataLake\FUSION\Empowered Community Process - Empowered Community.qvd","Empowered Community Process - Empowered Community.Empowered Community Process Id%","AzureDbProdNIAADL","FUSION","Empowered Community Process - Empowered Community","Empowered Community Process Id",,,"mapped","7940"
"FUSION QVD Generator","lib://AppData\PROD\AzureDataLake\FUSION\Empowered Community Process - Empowered Community.qvd","Empowered Community Process - Empowered Community.Empowered Community Id%","AzureDbProdNIAADL","FUSION","Empowered Community Process - Empowered Community","Empowered Community Id",,,"mapped","7940"
"FUSION QVD Generator","lib://AppData\PROD\AzureDataLake\FUSION\Empowered Community Process - Empowered Community.qvd","Empowered Community Process - Empowered Community.Order","AzureDbProdNIAADL","FUSION","Empowered Community Process - Empowered Community","Order",,,"mapped","7940"
"FUSION QVD Generator","lib://AppData\PROD\AzureDataLake\FUSION\Empowered Community Process - Empowered Community.qvd","Empowered Community Process - Empowered Community.Is Lead Empowered Community","AzureDbProdNIAADL","FUSION","Empowered Community Process - Empowered Community","Is Lead Empowered Community",,,"mapped","7940"
"FUSION QVD Generator","lib://AppData\PROD\AzureDataLake\FUSION\Grant Activity Review.qvd","Grant Activity Review.Grant Activity Review Id%","AzureDbProdNIAADL","FUSION","Grant Activity Review","Grant Activity Review Id",,,"mapped","7940"
"FUSION QVD Generator","lib://AppData\PROD\AzureDataLake\FUSION\Grant Activity Review.qvd","Grant Activity Review.Grant Activity Id%","AzureDbProdNIAADL","FUSION","Grant Activity Review","Grant Activity Id",,,"mapped","7940"
"FUSION QVD Generator","lib://AppData\PROD\AzureDataLake\FUSION\Grant Activity Review.qvd","Grant Activity Review.Grant Activity Milestone Id%","AzureDbProdNIAADL","FUSION","Grant Activity Review","Grant Activity Milestone Id",,,"mapped","7940"
"FUSION QVD Generator","lib://AppData\PROD\AzureDataLake\FUSION\Grant Activity Review.qvd","Grant Activity Review.Start Date","AzureDbProdNIAADL","FUSION","Grant Activity Review","Start Date",,,"mapped","7940"
"FUSION QVD Generator","lib://AppData\PROD\AzureDataLake\FUSION\Grant Activity Review.qvd","Grant Activity Review.End Date","AzureDbProdNIAADL","FUSION","Grant Activity Review","End Date",,,"mapped","7940"
"FUSION QVD Generator","lib://AppData\PROD\AzureDataLake\FUSION\Grant Activity Review.qvd","Grant Activity Review.Due Date","AzureDbProdNIAADL","FUSION","Grant Activity Review","Due Date",,,"mapped","7940"
"FUSION QVD Generator","lib://AppData\PROD\AzureDataLake\FUSION\Grant Activity Review.qvd","Grant Activity Review.Days Overdue","AzureDbProdNIAADL","FUSION","Grant Activity Review","Days Overdue",,,"mapped","7940"
"FUSION QVD Generator","lib://AppData\PROD\AzureDataLake\FUSION\Grant Activity Review.qvd","Grant Activity Review.Findings","AzureDbProdNIAADL","FUSION","Grant Activity Review","Findings",,,"mapped","7940"
"FUSION QVD Generator","lib://AppData\PROD\AzureDataLake\FUSION\Grant Activity Review.qvd","Grant Activity Review.Form Received Date","AzureDbProdNIAADL","FUSION","Grant Activity Review","Form Received Date",,,"mapped","7940"
"FUSION QVD Generator","lib://AppData\PROD\AzureDataLake\FUSION\Grant Activity Review.qvd","Grant Activity Review.Form Sent Date","AzureDbProdNIAADL","FUSION","Grant Activity Review","Form Sent Date",,,"mapped","7940"
"FUSION QVD Generator","lib://AppData\PROD\AzureDataLake\FUSION\Grant Activity Review.qvd","Grant Activity Review.Name","AzureDbProdNIAADL","FUSION","Grant Activity Review","Name",,,"mapped","7940"
"FUSION QVD Generator","lib://AppData\PROD\AzureDataLake\FUSION\Grant Activity Review.qvd","Grant Activity Review.Result","AzureDbProdNIAADL","FUSION","Grant Activity Review","Result",,,"mapped","7940"
"FUSION QVD Generator","lib://AppData\PROD\AzureDataLake\FUSION\Grant Activity Review.qvd","Grant Activity Review.Reviewer Type","AzureDbProdNIAADL","FUSION","Grant Activity Review","Reviewer Type",,,"mapped","7940"
"FUSION QVD Generator","lib://AppData\PROD\AzureDataLake\FUSION\Grant Activity Review.qvd","Grant Activity Review.Review Grouping","AzureDbProdNIAADL","FUSION","Grant Activity Review","Review Grouping",,,"mapped","7940"
"FUSION QVD Generator","lib://AppData\PROD\AzureDataLake\FUSION\Grant Activity Review.qvd","Grant Activity Review.Review Id","AzureDbProdNIAADL","FUSION","Grant Activity Review","Review Id",,,"mapped","7940"
"FUSION QVD Generator","lib://AppData\PROD\AzureDataLake\FUSION\Grant Activity Review.qvd","Grant Activity Review.Review Stage","AzureDbProdNIAADL","FUSION","Grant Activity Review","Review Stage",,,"mapped","7940"
"FUSION QVD Generator","lib://AppData\PROD\AzureDataLake\FUSION\Grant Activity Review.qvd","Grant Activity Review.Review Subtype","AzureDbProdNIAADL","FUSION","Grant Activity Review","Review Subtype",,,"mapped","7940"
"FUSION QVD Generator","lib://AppData\PROD\AzureDataLake\FUSION\Grant Activity Review.qvd","Grant Activity Review.Review Type","AzureDbProdNIAADL","FUSION","Grant Activity Review","Review Type",,,"mapped","7940"
"FUSION QVD Generator","lib://AppData\PROD\AzureDataLake\FUSION\Grant Activity Review.qvd","Grant Activity Review.Score","AzureDbProdNIAADL","FUSION","Grant Activity Review","Score",,,"mapped","7940"
"FUSION QVD Generator","lib://AppData\PROD\AzureDataLake\FUSION\Grant Activity Review.qvd","Grant Activity Review.Status Change Other Reason","AzureDbProdNIAADL","FUSION","Grant Activity Review","Status Change Other Reason",,,"mapped","7940"
"FUSION QVD Generator","lib://AppData\PROD\AzureDataLake\FUSION\Grant Activity Review.qvd","Grant Activity Review.Status Change Reason","AzureDbProdNIAADL","FUSION","Grant Activity Review","Status Change Reason",,,"mapped","7940"
"FUSION QVD Generator","lib://AppData\PROD\AzureDataLake\FUSION\Grant Activity Review.qvd","Grant Activity Review.Title","AzureDbProdNIAADL","FUSION","Grant Activity Review","Title",,,"mapped","7940"
"FUSION QVD Generator","lib://AppData\PROD\AzureDataLake\FUSION\Grant Activity Review.qvd","Grant Activity Review.State","AzureDbProdNIAADL","FUSION","Grant Activity Review","State",,,"mapped","7940"
"FUSION QVD Generator","lib://AppData\PROD\AzureDataLake\FUSION\Grant Activity Review.qvd","Grant Activity Review.Status","AzureDbProdNIAADL","FUSION","Grant Activity Review","Status",,,"mapped","7940"
"FUSION QVD Generator","lib://AppData\PROD\AzureDataLake\FUSION\Grant Activity Review Item.qvd","Grant Activity Review Item.Grant Activity Review Item Id%","AzureDbProdNIAADL","FUSION","Grant Activity Review Item","Grant Activity Review Item Id",,,"mapped","7940"
"FUSION QVD Generator","lib://AppData\PROD\AzureDataLake\FUSION\Grant Activity Review Item.qvd","Grant Activity Review Item.Grant Activity Review Id%","AzureDbProdNIAADL","FUSION","Grant Activity Review Item","Grant Activity Review Id",,,"mapped","7940"
"FUSION QVD Generator","lib://AppData\PROD\AzureDataLake\FUSION\Grant Activity Review Item.qvd","Grant Activity Review Item.Justification","AzureDbProdNIAADL","FUSION","Grant Activity Review Item","Justification",,,"mapped","7940"
"FUSION QVD Generator","lib://AppData\PROD\AzureDataLake\FUSION\Grant Activity Review Item.qvd","Grant Activity Review Item.Name","AzureDbProdNIAADL","FUSION","Grant Activity Review Item","Name",,,"mapped","7940"
"FUSION QVD Generator","lib://AppData\PROD\AzureDataLake\FUSION\Grant Activity Review Item.qvd","Grant Activity Review Item.Number","AzureDbProdNIAADL","FUSION","Grant Activity Review Item","Number",,,"mapped","7940"
"FUSION QVD Generator","lib://AppData\PROD\AzureDataLake\FUSION\Grant Activity Review Item.qvd","Grant Activity Review Item.Question","AzureDbProdNIAADL","FUSION","Grant Activity Review Item","Question",,,"mapped","7940"
"FUSION QVD Generator","lib://AppData\PROD\AzureDataLake\FUSION\Grant Activity Review Item.qvd","Grant Activity Review Item.Answer","AzureDbProdNIAADL","FUSION","Grant Activity Review Item","Answer",,,"mapped","7940"
"FUSION QVD Generator","lib://AppData\PROD\AzureDataLake\FUSION\Grant Activity Review Item.qvd","Grant Activity Review Item.Review Id","AzureDbProdNIAADL","FUSION","Grant Activity Review Item","Review Id",,,"mapped","7940"
"FUSION QVD Generator","lib://AppData\PROD\AzureDataLake\FUSION\Grant Activity Review Item.qvd","Grant Activity Review Item.Review Item Id","AzureDbProdNIAADL","FUSION","Grant Activity Review Item","Review Item Id",,,"mapped","7940"
"FUSION QVD Generator","lib://AppData\PROD\AzureDataLake\FUSION\Grant Activity Review Item.qvd","Grant Activity Review Item.State","AzureDbProdNIAADL","FUSION","Grant Activity Review Item","State",,,"mapped","7940"
"FUSION QVD Generator","lib://AppData\PROD\AzureDataLake\FUSION\Grant Activity Review Item.qvd","Grant Activity Review Item.Status","AzureDbProdNIAADL","FUSION","Grant Activity Review Item","Status",,,"mapped","7940"
"FUSION QVD Generator","lib://AppData\PROD\AzureDataLake\FUSION\Grant Activity Milestone.qvd","Grant Activity Milestone.Grant Activity Milestone Id%","AzureDbProdNIAADL","FUSION","Grant Activity Milestone","Grant Activity Milestone Id",,,"mapped","7940"
"FUSION QVD Generator","lib://AppData\PROD\AzureDataLake\FUSION\Grant Activity Milestone.qvd","Grant Activity Milestone.Grant Activity Id%","AzureDbProdNIAADL","FUSION","Grant Activity Milestone","Grant Activity Id",,,"mapped","7940"
"FUSION QVD Generator","lib://AppData\PROD\AzureDataLake\FUSION\Grant Activity Milestone.qvd","Grant Activity Milestone.Milestone Type","AzureDbProdNIAADL","FUSION","Grant Activity Milestone","Milestone Type",,,"mapped","7940"
"FUSION QVD Generator","lib://AppData\PROD\AzureDataLake\FUSION\Grant Activity Milestone.qvd","Grant Activity Milestone.Financial Year Id%","AzureDbProdNIAADL","FUSION","Grant Activity Milestone","Financial Year Id",,,"mapped","7940"
"FUSION QVD Generator","lib://AppData\PROD\AzureDataLake\FUSION\Grant Activity Milestone.qvd","Grant Activity Milestone.Financial Year","AzureDbProdNIAADL","FUSION","Grant Activity Milestone","Financial Year",,,"mapped","7940"
"FUSION QVD Generator","lib://AppData\PROD\AzureDataLake\FUSION\Grant Activity Milestone.qvd","Grant Activity Milestone.Action Required","AzureDbProdNIAADL","FUSION","Grant Activity Milestone","Action Required",,,"mapped","7940"
"FUSION QVD Generator","lib://AppData\PROD\AzureDataLake\FUSION\Grant Activity Milestone.qvd","Grant Activity Milestone.Actual Amount","AzureDbProdNIAADL","FUSION","Grant Activity Milestone","Actual Amount",,,"mapped","7940"
"FUSION QVD Generator","lib://AppData\PROD\AzureDataLake\FUSION\Grant Activity Milestone.qvd","Grant Activity Milestone.Actual Completion Date","AzureDbProdNIAADL","FUSION","Grant Activity Milestone","Actual Completion Date",,,"mapped","7940"
"FUSION QVD Generator","lib://AppData\PROD\AzureDataLake\FUSION\Grant Activity Milestone.qvd","Grant Activity Milestone.Auto Release","AzureDbProdNIAADL","FUSION","Grant Activity Milestone","Auto Release",,,"mapped","7940"
"FUSION QVD Generator","lib://AppData\PROD\AzureDataLake\FUSION\Grant Activity Milestone.qvd","Grant Activity Milestone.Complete","AzureDbProdNIAADL","FUSION","Grant Activity Milestone","Complete",,,"mapped","7940"
"FUSION QVD Generator","lib://AppData\PROD\AzureDataLake\FUSION\Grant Activity Milestone.qvd","Grant Activity Milestone.Completion Description","AzureDbProdNIAADL","FUSION","Grant Activity Milestone","Completion Description",,,"mapped","7940"
"FUSION QVD Generator","lib://AppData\PROD\AzureDataLake\FUSION\Grant Activity Milestone.qvd","Grant Activity Milestone.Date Driven","AzureDbProdNIAADL","FUSION","Grant Activity Milestone","Date Driven",,,"mapped","7940"
"FUSION QVD Generator","lib://AppData\PROD\AzureDataLake\FUSION\Grant Activity Milestone.qvd","Grant Activity Milestone.Expected Due Date","AzureDbProdNIAADL","FUSION","Grant Activity Milestone","Expected Due Date",,,"mapped","7940"
"FUSION QVD Generator","lib://AppData\PROD\AzureDataLake\FUSION\Grant Activity Milestone.qvd","Grant Activity Milestone.Financial Grouping","AzureDbProdNIAADL","FUSION","Grant Activity Milestone","Financial Grouping",,,"mapped","7940"
"FUSION QVD Generator","lib://AppData\PROD\AzureDataLake\FUSION\Grant Activity Milestone.qvd","Grant Activity Milestone.Fully Paid Date","AzureDbProdNIAADL","FUSION","Grant Activity Milestone","Fully Paid Date",,,"mapped","7940"
"FUSION QVD Generator","lib://AppData\PROD\AzureDataLake\FUSION\Grant Activity Milestone.qvd","Grant Activity Milestone.Impact Invoice No","AzureDbProdNIAADL","FUSION","Grant Activity Milestone","Impact Invoice No",,,"mapped","7940"
"FUSION QVD Generator","lib://AppData\PROD\AzureDataLake\FUSION\Grant Activity Milestone.qvd","Grant Activity Milestone.Long Description","AzureDbProdNIAADL","FUSION","Grant Activity Milestone","Long Description",,,"mapped","7940"
"FUSION QVD Generator","lib://AppData\PROD\AzureDataLake\FUSION\Grant Activity Milestone.qvd","Grant Activity Milestone.Milestone Id","AzureDbProdNIAADL","FUSION","Grant Activity Milestone","Milestone Id",,,"mapped","7940"
"FUSION QVD Generator","lib://AppData\PROD\AzureDataLake\FUSION\Grant Activity Milestone.qvd","Grant Activity Milestone.Milestone Stage","AzureDbProdNIAADL","FUSION","Grant Activity Milestone","Milestone Stage",,,"mapped","7940"
"FUSION QVD Generator","lib://AppData\PROD\AzureDataLake\FUSION\Grant Activity Milestone.qvd","Grant Activity Milestone.Payment Blocked","AzureDbProdNIAADL","FUSION","Grant Activity Milestone","Payment Blocked",,,"mapped","7940"
"FUSION QVD Generator","lib://AppData\PROD\AzureDataLake\FUSION\Grant Activity Milestone.qvd","Grant Activity Milestone.Payment Mode","AzureDbProdNIAADL","FUSION","Grant Activity Milestone","Payment Mode",,,"mapped","7940"
"FUSION QVD Generator","lib://AppData\PROD\AzureDataLake\FUSION\Grant Activity Milestone.qvd","Grant Activity Milestone.Planned Amount","AzureDbProdNIAADL","FUSION","Grant Activity Milestone","Planned Amount",,,"mapped","7940"
"FUSION QVD Generator","lib://AppData\PROD\AzureDataLake\FUSION\Grant Activity Milestone.qvd","Grant Activity Milestone.Received Date","AzureDbProdNIAADL","FUSION","Grant Activity Milestone","Received Date",,,"mapped","7940"
"FUSION QVD Generator","lib://AppData\PROD\AzureDataLake\FUSION\Grant Activity Milestone.qvd","Grant Activity Milestone.SAP Invoice No","AzureDbProdNIAADL","FUSION","Grant Activity Milestone","SAP Invoice No",,,"mapped","7940"
"FUSION QVD Generator","lib://AppData\PROD\AzureDataLake\FUSION\Grant Activity Milestone.qvd","Grant Activity Milestone.Short Description","AzureDbProdNIAADL","FUSION","Grant Activity Milestone","Short Description",,,"mapped","7940"
"FUSION QVD Generator","lib://AppData\PROD\AzureDataLake\FUSION\Grant Activity Milestone.qvd","Grant Activity Milestone.State","AzureDbProdNIAADL","FUSION","Grant Activity Milestone","State",,,"mapped","7940"
"FUSION QVD Generator","lib://AppData\PROD\AzureDataLake\FUSION\Grant Activity Milestone.qvd","Grant Activity Milestone.Status","AzureDbProdNIAADL","FUSION","Grant Activity Milestone","Status",,,"mapped","7940"
"FUSION QVD Generator","lib://AppData\PROD\AzureDataLake\FUSION\Reporting Milestone.qvd","Reporting Milestone.Reporting Milestone Id%","AzureDbProdNIAADL",,,"Grant Activity Milestone Id",,,"mapped","7940"
"FUSION QVD Generator","lib://AppData\PROD\AzureDataLake\FUSION\Reporting Milestone.qvd","Reporting Milestone.Grant Activity Id%","AzureDbProdNIAADL",,,"Grant Activity Id",,,"mapped","7940"
"FUSION QVD Generator","lib://AppData\PROD\AzureDataLake\FUSION\Reporting Milestone.qvd","Reporting Milestone.Milestone Type","AzureDbProdNIAADL",,,"Milestone Type",,,"mapped","7940"
"FUSION QVD Generator","lib://AppData\PROD\AzureDataLake\FUSION\Reporting Milestone.qvd","Reporting Milestone.Financial Year Id%","AzureDbProdNIAADL",,,"Financial Year Id",,,"mapped","7940"
"FUSION QVD Generator","lib://AppData\PROD\AzureDataLake\FUSION\Reporting Milestone.qvd","Reporting Milestone.Financial Year","AzureDbProdNIAADL",,,"Financial Year",,,"mapped","7940"
"FUSION QVD Generator","lib://AppData\PROD\AzureDataLake\FUSION\Reporting Milestone.qvd","Reporting Milestone.Action Required","AzureDbProdNIAADL",,,"Action Required",,,"mapped","7940"
"FUSION QVD Generator","lib://AppData\PROD\AzureDataLake\FUSION\Reporting Milestone.qvd","Reporting Milestone.Actual Amount","AzureDbProdNIAADL",,,"Actual Amount",,,"mapped","7940"
"FUSION QVD Generator","lib://AppData\PROD\AzureDataLake\FUSION\Reporting Milestone.qvd","Reporting Milestone.Actual Completion Date","AzureDbProdNIAADL",,,"Actual Completion Date",,,"mapped","7940"
"FUSION QVD Generator","lib://AppData\PROD\AzureDataLake\FUSION\Reporting Milestone.qvd","Reporting Milestone.Auto Release","AzureDbProdNIAADL",,,"Auto Release",,,"mapped","7940"
"FUSION QVD Generator","lib://AppData\PROD\AzureDataLake\FUSION\Reporting Milestone.qvd","Reporting Milestone.Complete","AzureDbProdNIAADL",,,"Complete",,,"mapped","7940"
"FUSION QVD Generator","lib://AppData\PROD\AzureDataLake\FUSION\Reporting Milestone.qvd","Reporting Milestone.Completion Description","AzureDbProdNIAADL",,,"Completion Description",,,"mapped","7940"
"FUSION QVD Generator","lib://AppData\PROD\AzureDataLake\FUSION\Reporting Milestone.qvd","Reporting Milestone.Date Driven","AzureDbProdNIAADL",,,"Date Driven",,,"mapped","7940"
"FUSION QVD Generator","lib://AppData\PROD\AzureDataLake\FUSION\Reporting Milestone.qvd","Reporting Milestone.Expected Due Date","AzureDbProdNIAADL",,,"Expected Due Date",,,"mapped","7940"
"FUSION QVD Generator","lib://AppData\PROD\AzureDataLake\FUSION\Reporting Milestone.qvd","Reporting Milestone.Financial Grouping","AzureDbProdNIAADL",,,"Financial Grouping",,,"mapped","7940"
"FUSION QVD Generator","lib://AppData\PROD\AzureDataLake\FUSION\Reporting Milestone.qvd","Reporting Milestone.Fully Paid Date","AzureDbProdNIAADL",,,"Fully Paid Date",,,"mapped","7940"
"FUSION QVD Generator","lib://AppData\PROD\AzureDataLake\FUSION\Reporting Milestone.qvd","Reporting Milestone.Impact Invoice No","AzureDbProdNIAADL",,,"Impact Invoice No",,,"mapped","7940"
"FUSION QVD Generator","lib://AppData\PROD\AzureDataLake\FUSION\Reporting Milestone.qvd","Reporting Milestone.Long Description","AzureDbProdNIAADL",,,"Long Description",,,"mapped","7940"
"FUSION QVD Generator","lib://AppData\PROD\AzureDataLake\FUSION\Reporting Milestone.qvd","Reporting Milestone.Milestone Id","AzureDbProdNIAADL",,,"Milestone Id",,,"mapped","7940"
"FUSION QVD Generator","lib://AppData\PROD\AzureDataLake\FUSION\Reporting Milestone.qvd","Reporting Milestone.Milestone Stage","AzureDbProdNIAADL",,,"Milestone Stage",,,"mapped","7940"
"FUSION QVD Generator","lib://AppData\PROD\AzureDataLake\FUSION\Reporting Milestone.qvd","Reporting Milestone.Payment Blocked","AzureDbProdNIAADL",,,"Payment Blocked",,,"mapped","7940"
"FUSION QVD Generator","lib://AppData\PROD\AzureDataLake\FUSION\Reporting Milestone.qvd","Reporting Milestone.Payment Mode","AzureDbProdNIAADL",,,"Payment Mode",,,"mapped","7940"
"FUSION QVD Generator","lib://AppData\PROD\AzureDataLake\FUSION\Reporting Milestone.qvd","Reporting Milestone.Planned Amount","AzureDbProdNIAADL",,,"Planned Amount",,,"mapped","7940"
"FUSION QVD Generator","lib://AppData\PROD\AzureDataLake\FUSION\Reporting Milestone.qvd","Reporting Milestone.Received Date","AzureDbProdNIAADL",,,"Received Date",,,"mapped","7940"
"FUSION QVD Generator","lib://AppData\PROD\AzureDataLake\FUSION\Reporting Milestone.qvd","Reporting Milestone.SAP Invoice No","AzureDbProdNIAADL",,,"SAP Invoice No",,,"mapped","7940"
"FUSION QVD Generator","lib://AppData\PROD\AzureDataLake\FUSION\Reporting Milestone.qvd","Reporting Milestone.Short Description","AzureDbProdNIAADL",,,"Short Description",,,"mapped","7940"
"FUSION QVD Generator","lib://AppData\PROD\AzureDataLake\FUSION\Reporting Milestone.qvd","Reporting Milestone.State","AzureDbProdNIAADL",,,"State",,,"mapped","7940"
"FUSION QVD Generator","lib://AppData\PROD\AzureDataLake\FUSION\Reporting Milestone.qvd","Reporting Milestone.Status","AzureDbProdNIAADL",,,"Status",,,"mapped","7940"
"FUSION QVD Generator","lib://AppData\PROD\AzureDataLake\FUSION\Payment Milestone.qvd","Payment Milestone.Payment Milestone Id%","AzureDbProdNIAADL",,,"Grant Activity Milestone Id",,,"mapped","7940"
"FUSION QVD Generator","lib://AppData\PROD\AzureDataLake\FUSION\Payment Milestone.qvd","Payment Milestone.Grant Activity Id%","AzureDbProdNIAADL",,,"Grant Activity Id",,,"mapped","7940"
"FUSION QVD Generator","lib://AppData\PROD\AzureDataLake\FUSION\Payment Milestone.qvd","Payment Milestone.Milestone Type","AzureDbProdNIAADL",,,"Milestone Type",,,"mapped","7940"
"FUSION QVD Generator","lib://AppData\PROD\AzureDataLake\FUSION\Payment Milestone.qvd","Payment Milestone.Financial Year Id%","AzureDbProdNIAADL",,,"Financial Year Id",,,"mapped","7940"
"FUSION QVD Generator","lib://AppData\PROD\AzureDataLake\FUSION\Payment Milestone.qvd","Payment Milestone.Financial Year","AzureDbProdNIAADL",,,"Financial Year",,,"mapped","7940"
"FUSION QVD Generator","lib://AppData\PROD\AzureDataLake\FUSION\Payment Milestone.qvd","Payment Milestone.Action Required","AzureDbProdNIAADL",,,"Action Required",,,"mapped","7940"
"FUSION QVD Generator","lib://AppData\PROD\AzureDataLake\FUSION\Payment Milestone.qvd","Payment Milestone.Actual Amount","AzureDbProdNIAADL",,,"Actual Amount",,,"mapped","7940"
"FUSION QVD Generator","lib://AppData\PROD\AzureDataLake\FUSION\Payment Milestone.qvd","Payment Milestone.Actual Completion Date","AzureDbProdNIAADL",,,"Actual Completion Date",,,"mapped","7940"
"FUSION QVD Generator","lib://AppData\PROD\AzureDataLake\FUSION\Payment Milestone.qvd","Payment Milestone.Auto Release","AzureDbProdNIAADL",,,"Auto Release",,,"mapped","7940"
"FUSION QVD Generator","lib://AppData\PROD\AzureDataLake\FUSION\Payment Milestone.qvd","Payment Milestone.Complete","AzureDbProdNIAADL",,,"Complete",,,"mapped","7940"
"FUSION QVD Generator","lib://AppData\PROD\AzureDataLake\FUSION\Payment Milestone.qvd","Payment Milestone.Completion Description","AzureDbProdNIAADL",,,"Completion Description",,,"mapped","7940"
"FUSION QVD Generator","lib://AppData\PROD\AzureDataLake\FUSION\Payment Milestone.qvd","Payment Milestone.Date Driven","AzureDbProdNIAADL",,,"Date Driven",,,"mapped","7940"
"FUSION QVD Generator","lib://AppData\PROD\AzureDataLake\FUSION\Payment Milestone.qvd","Payment Milestone.Expected Due Date","AzureDbProdNIAADL",,,"Expected Due Date",,,"mapped","7940"
"FUSION QVD Generator","lib://AppData\PROD\AzureDataLake\FUSION\Payment Milestone.qvd","Payment Milestone.Financial Grouping","AzureDbProdNIAADL",,,"Financial Grouping",,,"mapped","7940"
"FUSION QVD Generator","lib://AppData\PROD\AzureDataLake\FUSION\Payment Milestone.qvd","Payment Milestone.Fully Paid Date","AzureDbProdNIAADL",,,"Fully Paid Date",,,"mapped","7940"
"FUSION QVD Generator","lib://AppData\PROD\AzureDataLake\FUSION\Payment Milestone.qvd","Payment Milestone.Impact Invoice No","AzureDbProdNIAADL",,,"Impact Invoice No",,,"mapped","7940"
"FUSION QVD Generator","lib://AppData\PROD\AzureDataLake\FUSION\Payment Milestone.qvd","Payment Milestone.Long Description","AzureDbProdNIAADL",,,"Long Description",,,"mapped","7940"
"FUSION QVD Generator","lib://AppData\PROD\AzureDataLake\FUSION\Payment Milestone.qvd","Payment Milestone.Milestone Id","AzureDbProdNIAADL",,,"Milestone Id",,,"mapped","7940"
"FUSION QVD Generator","lib://AppData\PROD\AzureDataLake\FUSION\Payment Milestone.qvd","Payment Milestone.Milestone Stage","AzureDbProdNIAADL",,,"Milestone Stage",,,"mapped","7940"
"FUSION QVD Generator","lib://AppData\PROD\AzureDataLake\FUSION\Payment Milestone.qvd","Payment Milestone.Payment Blocked","AzureDbProdNIAADL",,,"Payment Blocked",,,"mapped","7940"
"FUSION QVD Generator","lib://AppData\PROD\AzureDataLake\FUSION\Payment Milestone.qvd","Payment Milestone.Payment Mode","AzureDbProdNIAADL",,,"Payment Mode",,,"mapped","7940"
"FUSION QVD Generator","lib://AppData\PROD\AzureDataLake\FUSION\Payment Milestone.qvd","Payment Milestone.Planned Amount","AzureDbProdNIAADL",,,"Planned Amount",,,"mapped","7940"
"FUSION QVD Generator","lib://AppData\PROD\AzureDataLake\FUSION\Payment Milestone.qvd","Payment Milestone.Received Date","AzureDbProdNIAADL",,,"Received Date",,,"mapped","7940"
"FUSION QVD Generator","lib://AppData\PROD\AzureDataLake\FUSION\Payment Milestone.qvd","Payment Milestone.SAP Invoice No","AzureDbProdNIAADL",,,"SAP Invoice No",,,"mapped","7940"
"FUSION QVD Generator","lib://AppData\PROD\AzureDataLake\FUSION\Payment Milestone.qvd","Payment Milestone.Short Description","AzureDbProdNIAADL",,,"Short Description",,,"mapped","7940"
"FUSION QVD Generator","lib://AppData\PROD\AzureDataLake\FUSION\Payment Milestone.qvd","Payment Milestone.State","AzureDbProdNIAADL",,,"State",,,"mapped","7940"
"FUSION QVD Generator","lib://AppData\PROD\AzureDataLake\FUSION\Payment Milestone.qvd","Payment Milestone.Status","AzureDbProdNIAADL",,,"Status",,,"mapped","7940"
"FUSION QVD Generator","lib://AppData\PROD\AzureDataLake\FUSION\Performance Report Assessment.qvd","Performance Report Assessment.Performance Report Assessment Id%","AzureDbProdNIAADL","FUSION","Performance Report Assessment","Performance Report Assessment Id",,,"mapped","7940"
"FUSION QVD Generator","lib://AppData\PROD\AzureDataLake\FUSION\Performance Report Assessment.qvd","Performance Report Assessment.Grant Activity Review Id%","AzureDbProdNIAADL","FUSION","Performance Report Assessment","Grant Activity Review Id",,,"mapped","7940"
"FUSION QVD Generator","lib://AppData\PROD\AzureDataLake\FUSION\Performance Report Assessment.qvd","Performance Report Assessment.Review Id","AzureDbProdNIAADL","FUSION","Performance Report Assessment","Review Id",,,"mapped","7940"
"FUSION QVD Generator","lib://AppData\PROD\AzureDataLake\FUSION\Performance Report Assessment.qvd","Performance Report Assessment.Grant Activity Id%","AzureDbProdNIAADL","FUSION","Performance Report Assessment","Grant Activity Id",,,"mapped","7940"
"FUSION QVD Generator","lib://AppData\PROD\AzureDataLake\FUSION\Performance Report Assessment.qvd","Performance Report Assessment.Reporting Milestone Id%","AzureDbProdNIAADL","FUSION","Performance Report Assessment","Reporting Milestone Id",,,"mapped","7940"
"FUSION QVD Generator","lib://AppData\PROD\AzureDataLake\FUSION\Performance Report Assessment.qvd","Performance Report Assessment.Payment Milestone Id%","AzureDbProdNIAADL","FUSION","Performance Report Assessment","Payment Milestone Id",,,"mapped","7940"
"FUSION QVD Generator","lib://AppData\PROD\AzureDataLake\FUSION\Performance Report Assessment.qvd","Performance Report Assessment.Name","AzureDbProdNIAADL","FUSION","Performance Report Assessment","Name",,,"mapped","7940"
"FUSION QVD Generator","lib://AppData\PROD\AzureDataLake\FUSION\Performance Report Assessment.qvd","Performance Report Assessment.Activity Updated","AzureDbProdNIAADL","FUSION","Performance Report Assessment","Activity Updated",,,"mapped","7940"
"FUSION QVD Generator","lib://AppData\PROD\AzureDataLake\FUSION\Performance Report Assessment.qvd","Performance Report Assessment.Approval Comments","AzureDbProdNIAADL","FUSION","Performance Report Assessment","Approval Comments",,,"mapped","7940"
"FUSION QVD Generator","lib://AppData\PROD\AzureDataLake\FUSION\Performance Report Assessment.qvd","Performance Report Assessment.Approval Complete","AzureDbProdNIAADL","FUSION","Performance Report Assessment","Approval Complete",,,"mapped","7940"
"FUSION QVD Generator","lib://AppData\PROD\AzureDataLake\FUSION\Performance Report Assessment.qvd","Performance Report Assessment.Approved On Date","AzureDbProdNIAADL","FUSION","Performance Report Assessment","Approved On Date",,,"mapped","7940"
"FUSION QVD Generator","lib://AppData\PROD\AzureDataLake\FUSION\Performance Report Assessment.qvd","Performance Report Assessment.Approver Classification","AzureDbProdNIAADL","FUSION","Performance Report Assessment","Approver Classification",,,"mapped","7940"
"FUSION QVD Generator","lib://AppData\PROD\AzureDataLake\FUSION\Performance Report Assessment.qvd","Performance Report Assessment.Approver","AzureDbProdNIAADL","FUSION","Performance Report Assessment","Approver",,,"mapped","7940"
"FUSION QVD Generator","lib://AppData\PROD\AzureDataLake\FUSION\Performance Report Assessment.qvd","Performance Report Assessment.Approver Location","AzureDbProdNIAADL","FUSION","Performance Report Assessment","Approver Location",,,"mapped","7940"
"FUSION QVD Generator","lib://AppData\PROD\AzureDataLake\FUSION\Performance Report Assessment.qvd","Performance Report Assessment.Assessed On Date","AzureDbProdNIAADL","FUSION","Performance Report Assessment","Assessed On Date",,,"mapped","7940"
"FUSION QVD Generator","lib://AppData\PROD\AzureDataLake\FUSION\Performance Report Assessment.qvd","Performance Report Assessment.Assessment Approved","AzureDbProdNIAADL","FUSION","Performance Report Assessment","Assessment Approved",,,"mapped","7940"
"FUSION QVD Generator","lib://AppData\PROD\AzureDataLake\FUSION\Performance Report Assessment.qvd","Performance Report Assessment.Assessment Complete","AzureDbProdNIAADL","FUSION","Performance Report Assessment","Assessment Complete",,,"mapped","7940"
"FUSION QVD Generator","lib://AppData\PROD\AzureDataLake\FUSION\Performance Report Assessment.qvd","Performance Report Assessment.Assessor","AzureDbProdNIAADL","FUSION","Performance Report Assessment","Assessor",,,"mapped","7940"
"FUSION QVD Generator","lib://AppData\PROD\AzureDataLake\FUSION\Performance Report Assessment.qvd","Performance Report Assessment.Engagement Officer","AzureDbProdNIAADL","FUSION","Performance Report Assessment","Engagement Officer",,,"mapped","7940"
"FUSION QVD Generator","lib://AppData\PROD\AzureDataLake\FUSION\Performance Report Assessment.qvd","Performance Report Assessment.Engagement Officer Comments","AzureDbProdNIAADL","FUSION","Performance Report Assessment","Engagement Officer Comments",,,"mapped","7940"
"FUSION QVD Generator","lib://AppData\PROD\AzureDataLake\FUSION\Performance Report Assessment.qvd","Performance Report Assessment.Engagement Officer Input Required","AzureDbProdNIAADL","FUSION","Performance Report Assessment","Engagement Officer Input Required",,,"mapped","7940"
"FUSION QVD Generator","lib://AppData\PROD\AzureDataLake\FUSION\Performance Report Assessment.qvd","Performance Report Assessment.GPS Updates Finalised On Date","AzureDbProdNIAADL","FUSION","Performance Report Assessment","GPS Updates Finalised On Date",,,"mapped","7940"
"FUSION QVD Generator","lib://AppData\PROD\AzureDataLake\FUSION\Performance Report Assessment.qvd","Performance Report Assessment.Identified Actions","AzureDbProdNIAADL","FUSION","Performance Report Assessment","Identified Actions",,,"mapped","7940"
"FUSION QVD Generator","lib://AppData\PROD\AzureDataLake\FUSION\Performance Report Assessment.qvd","Performance Report Assessment.KPI Assessment Notes","AzureDbProdNIAADL","FUSION","Performance Report Assessment","KPI Assessment Notes",,,"mapped","7940"
"FUSION QVD Generator","lib://AppData\PROD\AzureDataLake\FUSION\Performance Report Assessment.qvd","Performance Report Assessment.Lessons Learned","AzureDbProdNIAADL","FUSION","Performance Report Assessment","Lessons Learned",,,"mapped","7940"
"FUSION QVD Generator","lib://AppData\PROD\AzureDataLake\FUSION\Performance Report Assessment.qvd","Performance Report Assessment.Milestone Payment Applicable","AzureDbProdNIAADL","FUSION","Performance Report Assessment","Milestone Payment Applicable",,,"mapped","7940"
"FUSION QVD Generator","lib://AppData\PROD\AzureDataLake\FUSION\Performance Report Assessment.qvd","Performance Report Assessment.Overall Progress","AzureDbProdNIAADL","FUSION","Performance Report Assessment","Overall Progress",,,"mapped","7940"
"FUSION QVD Generator","lib://AppData\PROD\AzureDataLake\FUSION\Performance Report Assessment.qvd","Performance Report Assessment.Payment Approval Comments","AzureDbProdNIAADL","FUSION","Performance Report Assessment","Payment Approval Comments",,,"mapped","7940"
"FUSION QVD Generator","lib://AppData\PROD\AzureDataLake\FUSION\Performance Report Assessment.qvd","Performance Report Assessment.Payment Approved","AzureDbProdNIAADL","FUSION","Performance Report Assessment","Payment Approved",,,"mapped","7940"
"FUSION QVD Generator","lib://AppData\PROD\AzureDataLake\FUSION\Performance Report Assessment.qvd","Performance Report Assessment.Payment Milestone Competed","AzureDbProdNIAADL","FUSION","Performance Report Assessment","Payment Milestone Competed",,,"mapped","7940"
"FUSION QVD Generator","lib://AppData\PROD\AzureDataLake\FUSION\Performance Report Assessment.qvd","Performance Report Assessment.Performance Rating","AzureDbProdNIAADL","FUSION","Performance Report Assessment","Performance Rating",,,"mapped","7940"
"FUSION QVD Generator","lib://AppData\PROD\AzureDataLake\FUSION\Performance Report Assessment.qvd","Performance Report Assessment.Performance Risk Score","AzureDbProdNIAADL","FUSION","Performance Report Assessment","Performance Risk Score",,,"mapped","7940"
"FUSION QVD Generator","lib://AppData\PROD\AzureDataLake\FUSION\Performance Report Assessment.qvd","Performance Report Assessment.Process Stage","AzureDbProdNIAADL","FUSION","Performance Report Assessment","Process Stage",,,"mapped","7940"
"FUSION QVD Generator","lib://AppData\PROD\AzureDataLake\FUSION\Performance Report Assessment.qvd","Performance Report Assessment.Recommendation","AzureDbProdNIAADL","FUSION","Performance Report Assessment","Recommendation",,,"mapped","7940"
"FUSION QVD Generator","lib://AppData\PROD\AzureDataLake\FUSION\Performance Report Assessment.qvd","Performance Report Assessment.Report Acceptance","AzureDbProdNIAADL","FUSION","Performance Report Assessment","Report Acceptance",,,"mapped","7940"
"FUSION QVD Generator","lib://AppData\PROD\AzureDataLake\FUSION\Performance Report Assessment.qvd","Performance Report Assessment.Report Acceptance Comments","AzureDbProdNIAADL","FUSION","Performance Report Assessment","Report Acceptance Comments",,,"mapped","7940"
"FUSION QVD Generator","lib://AppData\PROD\AzureDataLake\FUSION\Performance Report Assessment.qvd","Performance Report Assessment.Reverted","AzureDbProdNIAADL","FUSION","Performance Report Assessment","Reverted",,,"mapped","7940"
"FUSION QVD Generator","lib://AppData\PROD\AzureDataLake\FUSION\Performance Report Assessment.qvd","Performance Report Assessment.Revert Reason","AzureDbProdNIAADL","FUSION","Performance Report Assessment","Revert Reason",,,"mapped","7940"
"FUSION QVD Generator","lib://AppData\PROD\AzureDataLake\FUSION\Performance Report Assessment.qvd","Performance Report Assessment.Review Completed","AzureDbProdNIAADL","FUSION","Performance Report Assessment","Review Completed",,,"mapped","7940"
"FUSION QVD Generator","lib://AppData\PROD\AzureDataLake\FUSION\Performance Report Assessment.qvd","Performance Report Assessment.State","AzureDbProdNIAADL","FUSION","Performance Report Assessment","State",,,"mapped","7940"
"FUSION QVD Generator","lib://AppData\PROD\AzureDataLake\FUSION\Performance Report Assessment.qvd","Performance Report Assessment.Status","AzureDbProdNIAADL","FUSION","Performance Report Assessment","Status",,,"mapped","7940"
"FUSION QVD Generator","lib://AppData\PROD\AzureDataLake\FUSION\KPI Code.qvd","KPI Code.KPI Code Id%","AzureDbProdNIAADL","FUSION","KPI Code","KPI Code Id",,,"mapped","7940"
"FUSION QVD Generator","lib://AppData\PROD\AzureDataLake\FUSION\KPI Code.qvd","KPI Code.Default","AzureDbProdNIAADL","FUSION","KPI Code","Default",,,"mapped","7940"
"FUSION QVD Generator","lib://AppData\PROD\AzureDataLake\FUSION\KPI Code.qvd","KPI Code.Display Order","AzureDbProdNIAADL","FUSION","KPI Code","Display Order",,,"mapped","7940"
"FUSION QVD Generator","lib://AppData\PROD\AzureDataLake\FUSION\KPI Code.qvd","KPI Code.Start Date","AzureDbProdNIAADL","FUSION","KPI Code","Start Date",,,"mapped","7940"
"FUSION QVD Generator","lib://AppData\PROD\AzureDataLake\FUSION\KPI Code.qvd","KPI Code.End Date","AzureDbProdNIAADL","FUSION","KPI Code","End Date",,,"mapped","7940"
"FUSION QVD Generator","lib://AppData\PROD\AzureDataLake\FUSION\KPI Code.qvd","KPI Code.ESS Code","AzureDbProdNIAADL","FUSION","KPI Code","ESS Code",,,"mapped","7940"
"FUSION QVD Generator","lib://AppData\PROD\AzureDataLake\FUSION\KPI Code.qvd","KPI Code.Frequency","AzureDbProdNIAADL","FUSION","KPI Code","Frequency",,,"mapped","7940"
"FUSION QVD Generator","lib://AppData\PROD\AzureDataLake\FUSION\KPI Code.qvd","KPI Code.IAS Code","AzureDbProdNIAADL","FUSION","KPI Code","IAS Code",,,"mapped","7940"
"FUSION QVD Generator","lib://AppData\PROD\AzureDataLake\FUSION\KPI Code.qvd","KPI Code.Indicator Type","AzureDbProdNIAADL","FUSION","KPI Code","Indicator Type",,,"mapped","7940"
"FUSION QVD Generator","lib://AppData\PROD\AzureDataLake\FUSION\KPI Code.qvd","KPI Code.Short Description","AzureDbProdNIAADL","FUSION","KPI Code","Short Description",,,"mapped","7940"
"FUSION QVD Generator","lib://AppData\PROD\AzureDataLake\FUSION\KPI Code.qvd","KPI Code.Long Description","AzureDbProdNIAADL","FUSION","KPI Code","Long Description",,,"mapped","7940"
"FUSION QVD Generator","lib://AppData\PROD\AzureDataLake\FUSION\KPI Code.qvd","KPI Code.Mandatory","AzureDbProdNIAADL","FUSION","KPI Code","Mandatory",,,"mapped","7940"
"FUSION QVD Generator","lib://AppData\PROD\AzureDataLake\FUSION\KPI Code.qvd","KPI Code.Name","AzureDbProdNIAADL","FUSION","KPI Code","Name",,,"mapped","7940"
"FUSION QVD Generator","lib://AppData\PROD\AzureDataLake\FUSION\KPI Code.qvd","KPI Code.Performance Expectations","AzureDbProdNIAADL","FUSION","KPI Code","Performance Expectations",,,"mapped","7940"
"FUSION QVD Generator","lib://AppData\PROD\AzureDataLake\FUSION\KPI Code.qvd","KPI Code.Performance Indicator","AzureDbProdNIAADL","FUSION","KPI Code","Performance Indicator",,,"mapped","7940"
"FUSION QVD Generator","lib://AppData\PROD\AzureDataLake\FUSION\KPI Code.qvd","KPI Code.Rating Group","AzureDbProdNIAADL","FUSION","KPI Code","Rating Group",,,"mapped","7940"
"FUSION QVD Generator","lib://AppData\PROD\AzureDataLake\FUSION\KPI Code.qvd","KPI Code.SPF Code","AzureDbProdNIAADL","FUSION","KPI Code","SPF Code",,,"mapped","7940"
"FUSION QVD Generator","lib://AppData\PROD\AzureDataLake\FUSION\KPI Code.qvd","KPI Code.KPI Description","AzureDbProdNIAADL","FUSION","KPI Code","KPI Description",,,"mapped","7940"
"FUSION QVD Generator","lib://AppData\PROD\AzureDataLake\FUSION\KPI Code.qvd","KPI Code.KPI Target Data","AzureDbProdNIAADL","FUSION","KPI Code","KPI Target Data",,,"mapped","7940"
"FUSION QVD Generator","lib://AppData\PROD\AzureDataLake\FUSION\KPI Code.qvd","KPI Code.Target Quantity","AzureDbProdNIAADL","FUSION","KPI Code","Target Quantity",,,"mapped","7940"
"FUSION QVD Generator","lib://AppData\PROD\AzureDataLake\FUSION\KPI Code.qvd","KPI Code.Unit Of Measure","AzureDbProdNIAADL","FUSION","KPI Code","Unit Of Measure",,,"mapped","7940"
"FUSION QVD Generator","lib://AppData\PROD\AzureDataLake\FUSION\KPI Code.qvd","KPI Code.State","AzureDbProdNIAADL","FUSION","KPI Code","State",,,"mapped","7940"
"FUSION QVD Generator","lib://AppData\PROD\AzureDataLake\FUSION\KPI Code.qvd","KPI Code.Status","AzureDbProdNIAADL","FUSION","KPI Code","Status",,,"mapped","7940"
"FUSION QVD Generator","lib://AppData\PROD\AzureDataLake\FUSION\KPI Rating.qvd","KPI Rating.KPI Rating Id%","AzureDbProdNIAADL","FUSION","KPI Rating","KPI Rating Id",,,"mapped","7940"
"FUSION QVD Generator","lib://AppData\PROD\AzureDataLake\FUSION\KPI Rating.qvd","KPI Rating.Rating Group","AzureDbProdNIAADL","FUSION","KPI Rating","Rating Group",,,"mapped","7940"
"FUSION QVD Generator","lib://AppData\PROD\AzureDataLake\FUSION\KPI Rating.qvd","KPI Rating.Rating","AzureDbProdNIAADL","FUSION","KPI Rating","Rating",,,"mapped","7940"
"FUSION QVD Generator","lib://AppData\PROD\AzureDataLake\FUSION\KPI Rating.qvd","KPI Rating.Is Comment Required","AzureDbProdNIAADL","FUSION","KPI Rating","Is Comment Required",,,"mapped","7940"
"FUSION QVD Generator","lib://AppData\PROD\AzureDataLake\FUSION\KPI Rating.qvd","KPI Rating.Comment Required","AzureDbProdNIAADL","FUSION","KPI Rating","Comment Required",,,"mapped","7940"
"FUSION QVD Generator","lib://AppData\PROD\AzureDataLake\FUSION\KPI Rating.qvd","KPI Rating.State","AzureDbProdNIAADL","FUSION","KPI Rating","State",,,"mapped","7940"
"FUSION QVD Generator","lib://AppData\PROD\AzureDataLake\FUSION\KPI Rating.qvd","KPI Rating.Status","AzureDbProdNIAADL","FUSION","KPI Rating","Status",,,"mapped","7940"
"FUSION QVD Generator","lib://AppData\PROD\AzureDataLake\FUSION\Grant Activity KPI.qvd","Grant Activity KPI.Grant Activity KPI Id%","AzureDbProdNIAADL","FUSION","Grant Activity KPI","Grant Activity KPI Id",,,"mapped","7940"
"FUSION QVD Generator","lib://AppData\PROD\AzureDataLake\FUSION\Grant Activity KPI.qvd","Grant Activity KPI.Grant Activity Id%","AzureDbProdNIAADL","FUSION","Grant Activity KPI","Grant Activity Id",,,"mapped","7940"
"FUSION QVD Generator","lib://AppData\PROD\AzureDataLake\FUSION\Grant Activity KPI.qvd","Grant Activity KPI.KPI Code Id%","AzureDbProdNIAADL","FUSION","Grant Activity KPI","KPI Code Id",,,"mapped","7940"
"FUSION QVD Generator","lib://AppData\PROD\AzureDataLake\FUSION\Grant Activity KPI.qvd","Grant Activity KPI.KPI Code","AzureDbProdNIAADL","FUSION","Grant Activity KPI","KPI Code",,,"mapped","7940"
"FUSION QVD Generator","lib://AppData\PROD\AzureDataLake\FUSION\Grant Activity KPI.qvd","Grant Activity KPI.Achievement Status","AzureDbProdNIAADL","FUSION","Grant Activity KPI","Achievement Status",,,"mapped","7940"
"FUSION QVD Generator","lib://AppData\PROD\AzureDataLake\FUSION\Grant Activity KPI.qvd","Grant Activity KPI.KPI Id","AzureDbProdNIAADL","FUSION","Grant Activity KPI","KPI Id",,,"mapped","7940"
"FUSION QVD Generator","lib://AppData\PROD\AzureDataLake\FUSION\Grant Activity KPI.qvd","Grant Activity KPI.Display Order","AzureDbProdNIAADL","FUSION","Grant Activity KPI","Display Order",,,"mapped","7940"
"FUSION QVD Generator","lib://AppData\PROD\AzureDataLake\FUSION\Grant Activity KPI.qvd","Grant Activity KPI.GPS Creation Date","AzureDbProdNIAADL","FUSION","Grant Activity KPI","GPS Creation Date",,,"mapped","7940"
"FUSION QVD Generator","lib://AppData\PROD\AzureDataLake\FUSION\Grant Activity KPI.qvd","Grant Activity KPI.Justification","AzureDbProdNIAADL","FUSION","Grant Activity KPI","Justification",,,"mapped","7940"
"FUSION QVD Generator","lib://AppData\PROD\AzureDataLake\FUSION\Grant Activity KPI.qvd","Grant Activity KPI.Name","AzureDbProdNIAADL","FUSION","Grant Activity KPI","Name",,,"mapped","7940"
"FUSION QVD Generator","lib://AppData\PROD\AzureDataLake\FUSION\Grant Activity KPI.qvd","Grant Activity KPI.Summary","AzureDbProdNIAADL","FUSION","Grant Activity KPI","Summary",,,"mapped","7940"
"FUSION QVD Generator","lib://AppData\PROD\AzureDataLake\FUSION\Grant Activity KPI.qvd","Grant Activity KPI.Target","AzureDbProdNIAADL","FUSION","Grant Activity KPI","Target",,,"mapped","7940"
"FUSION QVD Generator","lib://AppData\PROD\AzureDataLake\FUSION\Grant Activity KPI.qvd","Grant Activity KPI.Target Quantity","AzureDbProdNIAADL","FUSION","Grant Activity KPI","Target Quantity",,,"mapped","7940"
"FUSION QVD Generator","lib://AppData\PROD\AzureDataLake\FUSION\Grant Activity KPI.qvd","Grant Activity KPI.Unit Of Measure","AzureDbProdNIAADL","FUSION","Grant Activity KPI","Unit Of Measure",,,"mapped","7940"
"FUSION QVD Generator","lib://AppData\PROD\AzureDataLake\FUSION\Grant Activity KPI.qvd","Grant Activity KPI.State","AzureDbProdNIAADL","FUSION","Grant Activity KPI","State",,,"mapped","7940"
"FUSION QVD Generator","lib://AppData\PROD\AzureDataLake\FUSION\Grant Activity KPI.qvd","Grant Activity KPI.Status","AzureDbProdNIAADL","FUSION","Grant Activity KPI","Status",,,"mapped","7940"
"FUSION QVD Generator","lib://AppData\PROD\AzureDataLake\FUSION\Grant Activity KPI Assessment.qvd","Grant Activity KPI Assessment.Grant Activity KPI Assessment Id%","AzureDbProdNIAADL","FUSION","Grant Activity KPI Assessment","Grant Activity KPI Assessment Id",,,"mapped","7940"
"FUSION QVD Generator","lib://AppData\PROD\AzureDataLake\FUSION\Grant Activity KPI Assessment.qvd","Grant Activity KPI Assessment.Performance Report Assessment Id%","AzureDbProdNIAADL","FUSION","Grant Activity KPI Assessment","Performance Report Assessment Id",,,"mapped","7940"
"FUSION QVD Generator","lib://AppData\PROD\AzureDataLake\FUSION\Grant Activity KPI Assessment.qvd","Grant Activity KPI Assessment.Review Id","AzureDbProdNIAADL","FUSION","Grant Activity KPI Assessment","Review Id",,,"mapped","7940"
"FUSION QVD Generator","lib://AppData\PROD\AzureDataLake\FUSION\Grant Activity KPI Assessment.qvd","Grant Activity KPI Assessment.Grant Activity KPI Id%","AzureDbProdNIAADL","FUSION","Grant Activity KPI Assessment","Grant Activity KPI Id",,,"mapped","7940"
"FUSION QVD Generator","lib://AppData\PROD\AzureDataLake\FUSION\Grant Activity KPI Assessment.qvd","Grant Activity KPI Assessment.Grant Activity KPI","AzureDbProdNIAADL","FUSION","Grant Activity KPI Assessment","Grant Activity KPI",,,"mapped","7940"
"FUSION QVD Generator","lib://AppData\PROD\AzureDataLake\FUSION\Grant Activity KPI Assessment.qvd","Grant Activity KPI Assessment.Display Order","AzureDbProdNIAADL","FUSION","Grant Activity KPI Assessment","Display Order",,,"mapped","7940"
"FUSION QVD Generator","lib://AppData\PROD\AzureDataLake\FUSION\Grant Activity KPI Assessment.qvd","Grant Activity KPI Assessment.KPI Code Id%","AzureDbProdNIAADL","FUSION","Grant Activity KPI Assessment","KPI Code Id",,,"mapped","7940"
"FUSION QVD Generator","lib://AppData\PROD\AzureDataLake\FUSION\Grant Activity KPI Assessment.qvd","Grant Activity KPI Assessment.IAS Code","AzureDbProdNIAADL","FUSION","Grant Activity KPI Assessment","IAS Code",,,"mapped","7940"
"FUSION QVD Generator","lib://AppData\PROD\AzureDataLake\FUSION\Grant Activity KPI Assessment.qvd","Grant Activity KPI Assessment.Name","AzureDbProdNIAADL","FUSION","Grant Activity KPI Assessment","Name",,,"mapped","7940"
"FUSION QVD Generator","lib://AppData\PROD\AzureDataLake\FUSION\Grant Activity KPI Assessment.qvd","Grant Activity KPI Assessment.Notes Comments","AzureDbProdNIAADL","FUSION","Grant Activity KPI Assessment","Notes Comments",,,"mapped","7940"
"FUSION QVD Generator","lib://AppData\PROD\AzureDataLake\FUSION\Grant Activity KPI Assessment.qvd","Grant Activity KPI Assessment.Rating","AzureDbProdNIAADL","FUSION","Grant Activity KPI Assessment","Rating",,,"mapped","7940"
"FUSION QVD Generator","lib://AppData\PROD\AzureDataLake\FUSION\Grant Activity KPI Assessment.qvd","Grant Activity KPI Assessment.State","AzureDbProdNIAADL","FUSION","Grant Activity KPI Assessment","State",,,"mapped","7940"
"FUSION QVD Generator","lib://AppData\PROD\AzureDataLake\FUSION\Grant Activity KPI Assessment.qvd","Grant Activity KPI Assessment.Status","AzureDbProdNIAADL","FUSION","Grant Activity KPI Assessment","Status",,,"mapped","7940"
"FUSION QVD Generator","lib://AppData\PROD\AzureDataLake\FUSION\Opportunity.qvd","Opportunity.Opportunity Id%","AzureDbProdNIAADL","FUSION","Opportunity","Opportunity Id",,,"mapped","7940"
"FUSION QVD Generator","lib://AppData\PROD\AzureDataLake\FUSION\Opportunity.qvd","Opportunity.Organisation Id%","AzureDbProdNIAADL","FUSION","Opportunity","Organisation Id",,,"mapped","7940"
"FUSION QVD Generator","lib://AppData\PROD\AzureDataLake\FUSION\Opportunity.qvd","Opportunity.Budget Region Id%","AzureDbProdNIAADL","FUSION","Opportunity","Budget Region Id",,,"mapped","7940"
"FUSION QVD Generator","lib://AppData\PROD\AzureDataLake\FUSION\Opportunity.qvd","Opportunity.Application Method","AzureDbProdNIAADL","FUSION","Opportunity","Application Method",,,"mapped","7940"
"FUSION QVD Generator","lib://AppData\PROD\AzureDataLake\FUSION\Opportunity.qvd","Opportunity.Budget Available","AzureDbProdNIAADL","FUSION","Opportunity","Budget Available",,,"mapped","7940"
"FUSION QVD Generator","lib://AppData\PROD\AzureDataLake\FUSION\Opportunity.qvd","Opportunity.Budget Region","AzureDbProdNIAADL","FUSION","Opportunity","Budget Region",,,"mapped","7940"
"FUSION QVD Generator","lib://AppData\PROD\AzureDataLake\FUSION\Opportunity.qvd","Opportunity.CDP Involvement","AzureDbProdNIAADL","FUSION","Opportunity","CDP Involvement",,,"mapped","7940"
"FUSION QVD Generator","lib://AppData\PROD\AzureDataLake\FUSION\Opportunity.qvd","Opportunity.Close Comments","AzureDbProdNIAADL","FUSION","Opportunity","Close Comments",,,"mapped","7940"
"FUSION QVD Generator","lib://AppData\PROD\AzureDataLake\FUSION\Opportunity.qvd","Opportunity.Close Reason","AzureDbProdNIAADL","FUSION","Opportunity","Close Reason",,,"mapped","7940"
"FUSION QVD Generator","lib://AppData\PROD\AzureDataLake\FUSION\Opportunity.qvd","Opportunity.Confirmation Complete","AzureDbProdNIAADL","FUSION","Opportunity","Confirmation Complete",,,"mapped","7940"
"FUSION QVD Generator","lib://AppData\PROD\AzureDataLake\FUSION\Opportunity.qvd","Opportunity.Confirmed By Id%","AzureDbProdNIAADL","FUSION","Opportunity","Confirmed By Id",,,"mapped","7940"
"FUSION QVD Generator","lib://AppData\PROD\AzureDataLake\FUSION\Opportunity.qvd","Opportunity.Confirmed By","AzureDbProdNIAADL","FUSION","Opportunity","Confirmed By",,,"mapped","7940"
"FUSION QVD Generator","lib://AppData\PROD\AzureDataLake\FUSION\Opportunity.qvd","Opportunity.Confirmed Reason","AzureDbProdNIAADL","FUSION","Opportunity","Confirmed Reason",,,"mapped","7940"
"FUSION QVD Generator","lib://AppData\PROD\AzureDataLake\FUSION\Opportunity.qvd","Opportunity.Contact Method","AzureDbProdNIAADL","FUSION","Opportunity","Contact Method",,,"mapped","7940"
"FUSION QVD Generator","lib://AppData\PROD\AzureDataLake\FUSION\Opportunity.qvd","Opportunity.Core Funding Reponsibility","AzureDbProdNIAADL","FUSION","Opportunity","Core Funding Reponsibility",,,"mapped","7940"
"FUSION QVD Generator","lib://AppData\PROD\AzureDataLake\FUSION\Opportunity.qvd","Opportunity.Confirmed On Date","AzureDbProdNIAADL","FUSION","Opportunity","Confirmed On Date",,,"mapped","7940"
"FUSION QVD Generator","lib://AppData\PROD\AzureDataLake\FUSION\Opportunity.qvd","Opportunity.Endorsed On Date","AzureDbProdNIAADL","FUSION","Opportunity","Endorsed On Date",,,"mapped","7940"
"FUSION QVD Generator","lib://AppData\PROD\AzureDataLake\FUSION\Opportunity.qvd","Opportunity.More Information Requested Date","AzureDbProdNIAADL","FUSION","Opportunity","More Information Requested Date",,,"mapped","7940"
"FUSION QVD Generator","lib://AppData\PROD\AzureDataLake\FUSION\Opportunity.qvd","Opportunity.Placed On Hold Date","AzureDbProdNIAADL","FUSION","Opportunity","Placed On Hold Date",,,"mapped","7940"
"FUSION QVD Generator","lib://AppData\PROD\AzureDataLake\FUSION\Opportunity.qvd","Opportunity.Reviewed On Date","AzureDbProdNIAADL","FUSION","Opportunity","Reviewed On Date",,,"mapped","7940"
"FUSION QVD Generator","lib://AppData\PROD\AzureDataLake\FUSION\Opportunity.qvd","Opportunity.Submitted Date","AzureDbProdNIAADL","FUSION","Opportunity","Submitted Date",,,"mapped","7940"
"FUSION QVD Generator","lib://AppData\PROD\AzureDataLake\FUSION\Opportunity.qvd","Opportunity.Supported On Date","AzureDbProdNIAADL","FUSION","Opportunity","Supported On Date",,,"mapped","7940"
"FUSION QVD Generator","lib://AppData\PROD\AzureDataLake\FUSION\Opportunity.qvd","Opportunity.Withdrawn Date","AzureDbProdNIAADL","FUSION","Opportunity","Withdrawn Date",,,"mapped","7940"
"FUSION QVD Generator","lib://AppData\PROD\AzureDataLake\FUSION\Opportunity.qvd","Opportunity.Details of Core Funding Responsibility","AzureDbProdNIAADL","FUSION","Opportunity","Details of Core Funding Responsibility",,,"mapped","7940"
"FUSION QVD Generator","lib://AppData\PROD\AzureDataLake\FUSION\Opportunity.qvd","Opportunity.Detailes of Previous Applications or Funding","AzureDbProdNIAADL","FUSION","Opportunity","Detailes of Previous Applications or Funding",,,"mapped","7940"
"FUSION QVD Generator","lib://AppData\PROD\AzureDataLake\FUSION\Opportunity.qvd","Opportunity.Economic Prosperity Details","AzureDbProdNIAADL","FUSION","Opportunity","Economic Prosperity Details",,,"mapped","7940"
"FUSION QVD Generator","lib://AppData\PROD\AzureDataLake\FUSION\Opportunity.qvd","Opportunity.Economic Prosperity Project","AzureDbProdNIAADL","FUSION","Opportunity","Economic Prosperity Project",,,"mapped","7940"
"FUSION QVD Generator","lib://AppData\PROD\AzureDataLake\FUSION\Opportunity.qvd","Opportunity.Endorsed By Id%","AzureDbProdNIAADL","FUSION","Opportunity","Endorsed By Id",,,"mapped","7940"
"FUSION QVD Generator","lib://AppData\PROD\AzureDataLake\FUSION\Opportunity.qvd","Opportunity.Endorsed By","AzureDbProdNIAADL","FUSION","Opportunity","Endorsed By",,,"mapped","7940"
"FUSION QVD Generator","lib://AppData\PROD\AzureDataLake\FUSION\Opportunity.qvd","Opportunity.Endorsed","AzureDbProdNIAADL","FUSION","Opportunity","Endorsed",,,"mapped","7940"
"FUSION QVD Generator","lib://AppData\PROD\AzureDataLake\FUSION\Opportunity.qvd","Opportunity.Endorsed Reason","AzureDbProdNIAADL","FUSION","Opportunity","Endorsed Reason",,,"mapped","7940"
"FUSION QVD Generator","lib://AppData\PROD\AzureDataLake\FUSION\Opportunity.qvd","Opportunity.Framework Code Allocation Total","AzureDbProdNIAADL","FUSION","Opportunity","Framework Code Allocation Total",,,"mapped","7940"
"FUSION QVD Generator","lib://AppData\PROD\AzureDataLake\FUSION\Opportunity.qvd","Opportunity.Framework Code Selection One Allocation","AzureDbProdNIAADL","FUSION","Opportunity","Framework Code Selection One Allocation",,,"mapped","7940"
"FUSION QVD Generator","lib://AppData\PROD\AzureDataLake\FUSION\Opportunity.qvd","Opportunity.Framework Code Selection One","AzureDbProdNIAADL","FUSION","Opportunity","Framework Code Selection One",,,"mapped","7940"
"FUSION QVD Generator","lib://AppData\PROD\AzureDataLake\FUSION\Opportunity.qvd","Opportunity.Framework Code Selection Three Allocation","AzureDbProdNIAADL","FUSION","Opportunity","Framework Code Selection Three Allocation",,,"mapped","7940"
"FUSION QVD Generator","lib://AppData\PROD\AzureDataLake\FUSION\Opportunity.qvd","Opportunity.Framework Code Selection Three","AzureDbProdNIAADL","FUSION","Opportunity","Framework Code Selection Three",,,"mapped","7940"
"FUSION QVD Generator","lib://AppData\PROD\AzureDataLake\FUSION\Opportunity.qvd","Opportunity.Framework Code Selection Two Allocation","AzureDbProdNIAADL","FUSION","Opportunity","Framework Code Selection Two Allocation",,,"mapped","7940"
"FUSION QVD Generator","lib://AppData\PROD\AzureDataLake\FUSION\Opportunity.qvd","Opportunity.Framework Code Selection Two","AzureDbProdNIAADL","FUSION","Opportunity","Framework Code Selection Two",,,"mapped","7940"
"FUSION QVD Generator","lib://AppData\PROD\AzureDataLake\FUSION\Opportunity.qvd","Opportunity.Framework Code Total Allocation","AzureDbProdNIAADL","FUSION","Opportunity","Framework Code Total Allocation",,,"mapped","7940"
"FUSION QVD Generator","lib://AppData\PROD\AzureDataLake\FUSION\Opportunity.qvd","Opportunity.GARP Review Date","AzureDbProdNIAADL","FUSION","Opportunity","GARP Review Date",,,"mapped","7940"
"FUSION QVD Generator","lib://AppData\PROD\AzureDataLake\FUSION\Opportunity.qvd","Opportunity.GARP Sign Off Date","AzureDbProdNIAADL","FUSION","Opportunity","GARP Sign Off Date",,,"mapped","7940"
"FUSION QVD Generator","lib://AppData\PROD\AzureDataLake\FUSION\Opportunity.qvd","Opportunity.Indigenous Employees","AzureDbProdNIAADL","FUSION","Opportunity","Indigenous Employees",,,"mapped","7940"
"FUSION QVD Generator","lib://AppData\PROD\AzureDataLake\FUSION\Opportunity.qvd","Opportunity.Indigenous Homeland","AzureDbProdNIAADL","FUSION","Opportunity","Indigenous Homeland",,,"mapped","7940"
"FUSION QVD Generator","lib://AppData\PROD\AzureDataLake\FUSION\Opportunity.qvd","Opportunity.Intended Outcome","AzureDbProdNIAADL","FUSION","Opportunity","Intended Outcome",,,"mapped","7940"
"FUSION QVD Generator","lib://AppData\PROD\AzureDataLake\FUSION\Opportunity.qvd","Opportunity.Ancillary Benefit Selected","AzureDbProdNIAADL","FUSION","Opportunity","Ancillary Benefit Selected",,,"mapped","7940"
"FUSION QVD Generator","lib://AppData\PROD\AzureDataLake\FUSION\Opportunity.qvd","Opportunity.Is Review Complete","AzureDbProdNIAADL","FUSION","Opportunity","Is Review Complete",,,"mapped","7940"
"FUSION QVD Generator","lib://AppData\PROD\AzureDataLake\FUSION\Opportunity.qvd","Opportunity.Is Target Group Selected","AzureDbProdNIAADL","FUSION","Opportunity","Is Target Group Selected",,,"mapped","7940"
"FUSION QVD Generator","lib://AppData\PROD\AzureDataLake\FUSION\Opportunity.qvd","Opportunity.More Information Details","AzureDbProdNIAADL","FUSION","Opportunity","More Information Details",,,"mapped","7940"
"FUSION QVD Generator","lib://AppData\PROD\AzureDataLake\FUSION\Opportunity.qvd","Opportunity.More Information Requested By Id%","AzureDbProdNIAADL","FUSION","Opportunity","More Information Requested By Id",,,"mapped","7940"
"FUSION QVD Generator","lib://AppData\PROD\AzureDataLake\FUSION\Opportunity.qvd","Opportunity.More Information Requested By","AzureDbProdNIAADL","FUSION","Opportunity","More Information Requested By",,,"mapped","7940"
"FUSION QVD Generator","lib://AppData\PROD\AzureDataLake\FUSION\Opportunity.qvd","Opportunity.Name","AzureDbProdNIAADL","FUSION","Opportunity","Name",,,"mapped","7940"
"FUSION QVD Generator","lib://AppData\PROD\AzureDataLake\FUSION\Opportunity.qvd","Opportunity.Nature of CDP Support","AzureDbProdNIAADL","FUSION","Opportunity","Nature of CDP Support",,,"mapped","7940"
"FUSION QVD Generator","lib://AppData\PROD\AzureDataLake\FUSION\Opportunity.qvd","Opportunity.Non Indigenous Employees","AzureDbProdNIAADL","FUSION","Opportunity","Non Indigenous Employees",,,"mapped","7940"
"FUSION QVD Generator","lib://AppData\PROD\AzureDataLake\FUSION\Opportunity.qvd","Opportunity.One Off Grant","AzureDbProdNIAADL","FUSION","Opportunity","One Off Grant",,,"mapped","7940"
"FUSION QVD Generator","lib://AppData\PROD\AzureDataLake\FUSION\Opportunity.qvd","Opportunity.On Hold Reason","AzureDbProdNIAADL","FUSION","Opportunity","On Hold Reason",,,"mapped","7940"
"FUSION QVD Generator","lib://AppData\PROD\AzureDataLake\FUSION\Opportunity.qvd","Opportunity.Opportunity","AzureDbProdNIAADL","FUSION","Opportunity","Opportunity",,,"mapped","7940"
"FUSION QVD Generator","lib://AppData\PROD\AzureDataLake\FUSION\Opportunity.qvd","Opportunity.Opportunity Captured","AzureDbProdNIAADL","FUSION","Opportunity","Opportunity Captured",,,"mapped","7940"
"FUSION QVD Generator","lib://AppData\PROD\AzureDataLake\FUSION\Opportunity.qvd","Opportunity.Opportunity Type","AzureDbProdNIAADL","FUSION","Opportunity","Opportunity Type",,,"mapped","7940"
"FUSION QVD Generator","lib://AppData\PROD\AzureDataLake\FUSION\Opportunity.qvd","Opportunity.Organisation Contact Id%","AzureDbProdNIAADL","FUSION","Opportunity","Organisation Contact Id",,,"mapped","7940"
"FUSION QVD Generator","lib://AppData\PROD\AzureDataLake\FUSION\Opportunity.qvd","Opportunity.Organisation Contact","AzureDbProdNIAADL","FUSION","Opportunity","Organisation Contact",,,"mapped","7940"
"FUSION QVD Generator","lib://AppData\PROD\AzureDataLake\FUSION\Opportunity.qvd","Opportunity.Organisation","AzureDbProdNIAADL","FUSION","Opportunity","Organisation",,,"mapped","7940"
"FUSION QVD Generator","lib://AppData\PROD\AzureDataLake\FUSION\Opportunity.qvd","Opportunity.Other Project Information","AzureDbProdNIAADL","FUSION","Opportunity","Other Project Information",,,"mapped","7940"
"FUSION QVD Generator","lib://AppData\PROD\AzureDataLake\FUSION\Opportunity.qvd","Opportunity.Outcome Element","AzureDbProdNIAADL","FUSION","Opportunity","Outcome Element",,,"mapped","7940"
"FUSION QVD Generator","lib://AppData\PROD\AzureDataLake\FUSION\Opportunity.qvd","Opportunity.Percent Indigenous","AzureDbProdNIAADL","FUSION","Opportunity","Percent Indigenous",,,"mapped","7940"
"FUSION QVD Generator","lib://AppData\PROD\AzureDataLake\FUSION\Opportunity.qvd","Opportunity.Percent Recommended","AzureDbProdNIAADL","FUSION","Opportunity","Percent Recommended",,,"mapped","7940"
"FUSION QVD Generator","lib://AppData\PROD\AzureDataLake\FUSION\Opportunity.qvd","Opportunity.Place On Hold By Id%","AzureDbProdNIAADL","FUSION","Opportunity","Place On Hold By Id",,,"mapped","7940"
"FUSION QVD Generator","lib://AppData\PROD\AzureDataLake\FUSION\Opportunity.qvd","Opportunity.Placed On Hold By","AzureDbProdNIAADL","FUSION","Opportunity","Placed On Hold By",,,"mapped","7940"
"FUSION QVD Generator","lib://AppData\PROD\AzureDataLake\FUSION\Opportunity.qvd","Opportunity.Placed On Hold","AzureDbProdNIAADL","FUSION","Opportunity","Placed On Hold",,,"mapped","7940"
"FUSION QVD Generator","lib://AppData\PROD\AzureDataLake\FUSION\Opportunity.qvd","Opportunity.Planned Project Duration","AzureDbProdNIAADL","FUSION","Opportunity","Planned Project Duration",,,"mapped","7940"
"FUSION QVD Generator","lib://AppData\PROD\AzureDataLake\FUSION\Opportunity.qvd","Opportunity.Planned Project End Date","AzureDbProdNIAADL","FUSION","Opportunity","Planned Project End Date",,,"mapped","7940"
"FUSION QVD Generator","lib://AppData\PROD\AzureDataLake\FUSION\Opportunity.qvd","Opportunity.Planned Project Start Date","AzureDbProdNIAADL","FUSION","Opportunity","Planned Project Start Date",,,"mapped","7940"
"FUSION QVD Generator","lib://AppData\PROD\AzureDataLake\FUSION\Opportunity.qvd","Opportunity.Primary Region","AzureDbProdNIAADL","FUSION","Opportunity","Primary Region",,,"mapped","7940"
"FUSION QVD Generator","lib://AppData\PROD\AzureDataLake\FUSION\Opportunity.qvd","Opportunity.Priority Need","AzureDbProdNIAADL","FUSION","Opportunity","Priority Need",,,"mapped","7940"
"FUSION QVD Generator","lib://AppData\PROD\AzureDataLake\FUSION\Opportunity.qvd","Opportunity.Budget Type Threshold","AzureDbProdNIAADL","FUSION","Opportunity","Budget Type Threshold",,,"mapped","7940"
"FUSION QVD Generator","lib://AppData\PROD\AzureDataLake\FUSION\Opportunity.qvd","Opportunity.Programme Confirmation","AzureDbProdNIAADL","FUSION","Opportunity","Programme Confirmation",,,"mapped","7940"
"FUSION QVD Generator","lib://AppData\PROD\AzureDataLake\FUSION\Opportunity.qvd","Opportunity.Programme","AzureDbProdNIAADL","FUSION","Opportunity","Programme",,,"mapped","7940"
"FUSION QVD Generator","lib://AppData\PROD\AzureDataLake\FUSION\Opportunity.qvd","Opportunity.Programme Stream","AzureDbProdNIAADL","FUSION","Opportunity","Programme Stream",,,"mapped","7940"
"FUSION QVD Generator","lib://AppData\PROD\AzureDataLake\FUSION\Opportunity.qvd","Opportunity.Project Deliverables","AzureDbProdNIAADL","FUSION","Opportunity","Project Deliverables",,,"mapped","7940"
"FUSION QVD Generator","lib://AppData\PROD\AzureDataLake\FUSION\Opportunity.qvd","Opportunity.Project Description","AzureDbProdNIAADL","FUSION","Opportunity","Project Description",,,"mapped","7940"
"FUSION QVD Generator","lib://AppData\PROD\AzureDataLake\FUSION\Opportunity.qvd","Opportunity.Project Need","AzureDbProdNIAADL","FUSION","Opportunity","Project Need",,,"mapped","7940"
"FUSION QVD Generator","lib://AppData\PROD\AzureDataLake\FUSION\Opportunity.qvd","Opportunity.Project Previously Applied For and Or Funded","AzureDbProdNIAADL","FUSION","Opportunity","Project Previously Applied For and Or Funded",,,"mapped","7940"
"FUSION QVD Generator","lib://AppData\PROD\AzureDataLake\FUSION\Opportunity.qvd","Opportunity.Ready For QA","AzureDbProdNIAADL","FUSION","Opportunity","Ready For QA",,,"mapped","7940"
"FUSION QVD Generator","lib://AppData\PROD\AzureDataLake\FUSION\Opportunity.qvd","Opportunity.Regional Alignment","AzureDbProdNIAADL","FUSION","Opportunity","Regional Alignment",,,"mapped","7940"
"FUSION QVD Generator","lib://AppData\PROD\AzureDataLake\FUSION\Opportunity.qvd","Opportunity.Regional Budget","AzureDbProdNIAADL","FUSION","Opportunity","Regional Budget",,,"mapped","7940"
"FUSION QVD Generator","lib://AppData\PROD\AzureDataLake\FUSION\Opportunity.qvd","Opportunity.Regional Contact","AzureDbProdNIAADL","FUSION","Opportunity","Regional Contact",,,"mapped","7940"
"FUSION QVD Generator","lib://AppData\PROD\AzureDataLake\FUSION\Opportunity.qvd","Opportunity.Date Requested","AzureDbProdNIAADL","FUSION","Opportunity","Date Requested",,,"mapped","7940"
"FUSION QVD Generator","lib://AppData\PROD\AzureDataLake\FUSION\Opportunity.qvd","Opportunity.Request More Information","AzureDbProdNIAADL","FUSION","Opportunity","Request More Information",,,"mapped","7940"
"FUSION QVD Generator","lib://AppData\PROD\AzureDataLake\FUSION\Opportunity.qvd","Opportunity.Review and Endorse","AzureDbProdNIAADL","FUSION","Opportunity","Review and Endorse",,,"mapped","7940"
"FUSION QVD Generator","lib://AppData\PROD\AzureDataLake\FUSION\Opportunity.qvd","Opportunity.Reviewed By Id%","AzureDbProdNIAADL","FUSION","Opportunity","Reviewed By Id",,,"mapped","7940"
"FUSION QVD Generator","lib://AppData\PROD\AzureDataLake\FUSION\Opportunity.qvd","Opportunity.Reviewed By","AzureDbProdNIAADL","FUSION","Opportunity","Reviewed By",,,"mapped","7940"
"FUSION QVD Generator","lib://AppData\PROD\AzureDataLake\FUSION\Opportunity.qvd","Opportunity.Review Assessment","AzureDbProdNIAADL","FUSION","Opportunity","Review Assessment",,,"mapped","7940"
"FUSION QVD Generator","lib://AppData\PROD\AzureDataLake\FUSION\Opportunity.qvd","Opportunity.Review Reason","AzureDbProdNIAADL","FUSION","Opportunity","Review Reason",,,"mapped","7940"
"FUSION QVD Generator","lib://AppData\PROD\AzureDataLake\FUSION\Opportunity.qvd","Opportunity.Risk Rating","AzureDbProdNIAADL","FUSION","Opportunity","Risk Rating",,,"mapped","7940"
"FUSION QVD Generator","lib://AppData\PROD\AzureDataLake\FUSION\Opportunity.qvd","Opportunity.Run Function","AzureDbProdNIAADL","FUSION","Opportunity","Run Function",,,"mapped","7940"
"FUSION QVD Generator","lib://AppData\PROD\AzureDataLake\FUSION\Opportunity.qvd","Opportunity.Similar Project Experience","AzureDbProdNIAADL","FUSION","Opportunity","Similar Project Experience",,,"mapped","7940"
"FUSION QVD Generator","lib://AppData\PROD\AzureDataLake\FUSION\Opportunity.qvd","Opportunity.Status Before On Hold","AzureDbProdNIAADL","FUSION","Opportunity","Status Before On Hold",,,"mapped","7940"
"FUSION QVD Generator","lib://AppData\PROD\AzureDataLake\FUSION\Opportunity.qvd","Opportunity.Submitted By Id%","AzureDbProdNIAADL","FUSION","Opportunity","Submitted By Id",,,"mapped","7940"
"FUSION QVD Generator","lib://AppData\PROD\AzureDataLake\FUSION\Opportunity.qvd","Opportunity.Submitted By","AzureDbProdNIAADL","FUSION","Opportunity","Submitted By",,,"mapped","7940"
"FUSION QVD Generator","lib://AppData\PROD\AzureDataLake\FUSION\Opportunity.qvd","Opportunity.Supported By Id%","AzureDbProdNIAADL","FUSION","Opportunity","Supported By Id",,,"mapped","7940"
"FUSION QVD Generator","lib://AppData\PROD\AzureDataLake\FUSION\Opportunity.qvd","Opportunity.Supported By","AzureDbProdNIAADL","FUSION","Opportunity","Supported By",,,"mapped","7940"
"FUSION QVD Generator","lib://AppData\PROD\AzureDataLake\FUSION\Opportunity.qvd","Opportunity.Supported","AzureDbProdNIAADL","FUSION","Opportunity","Supported",,,"mapped","7940"
"FUSION QVD Generator","lib://AppData\PROD\AzureDataLake\FUSION\Opportunity.qvd","Opportunity.Support Reason","AzureDbProdNIAADL","FUSION","Opportunity","Support Reason",,,"mapped","7940"
"FUSION QVD Generator","lib://AppData\PROD\AzureDataLake\FUSION\Opportunity.qvd","Opportunity.Total Applied For","AzureDbProdNIAADL","FUSION","Opportunity","Total Applied For",,,"mapped","7940"
"FUSION QVD Generator","lib://AppData\PROD\AzureDataLake\FUSION\Opportunity.qvd","Opportunity.Total Applied For Date","AzureDbProdNIAADL","FUSION","Opportunity","Total Applied For Date",,,"mapped","7940"
"FUSION QVD Generator","lib://AppData\PROD\AzureDataLake\FUSION\Opportunity.qvd","Opportunity.Total Approved For","AzureDbProdNIAADL","FUSION","Opportunity","Total Approved For",,,"mapped","7940"
"FUSION QVD Generator","lib://AppData\PROD\AzureDataLake\FUSION\Opportunity.qvd","Opportunity.Total Approved Date","AzureDbProdNIAADL","FUSION","Opportunity","Total Approved Date",,,"mapped","7940"
"FUSION QVD Generator","lib://AppData\PROD\AzureDataLake\FUSION\Opportunity.qvd","Opportunity.Total Budget Cost","AzureDbProdNIAADL","FUSION","Opportunity","Total Budget Cost",,,"mapped","7940"
"FUSION QVD Generator","lib://AppData\PROD\AzureDataLake\FUSION\Opportunity.qvd","Opportunity.Total Budget Cost Date","AzureDbProdNIAADL","FUSION","Opportunity","Total Budget Cost Date",,,"mapped","7940"
"FUSION QVD Generator","lib://AppData\PROD\AzureDataLake\FUSION\Opportunity.qvd","Opportunity.Total Contributions","AzureDbProdNIAADL","FUSION","Opportunity","Total Contributions",,,"mapped","7940"
"FUSION QVD Generator","lib://AppData\PROD\AzureDataLake\FUSION\Opportunity.qvd","Opportunity.Total Contributions Date","AzureDbProdNIAADL","FUSION","Opportunity","Total Contributions Date",,,"mapped","7940"
"FUSION QVD Generator","lib://AppData\PROD\AzureDataLake\FUSION\Opportunity.qvd","Opportunity.Total Employees","AzureDbProdNIAADL","FUSION","Opportunity","Total Employees",,,"mapped","7940"
"FUSION QVD Generator","lib://AppData\PROD\AzureDataLake\FUSION\Opportunity.qvd","Opportunity.Total Funds Recommended","AzureDbProdNIAADL","FUSION","Opportunity","Total Funds Recommended",,,"mapped","7940"
"FUSION QVD Generator","lib://AppData\PROD\AzureDataLake\FUSION\Opportunity.qvd","Opportunity.Total Funds Recommended Date","AzureDbProdNIAADL","FUSION","Opportunity","Total Funds Recommended Date",,,"mapped","7940"
"FUSION QVD Generator","lib://AppData\PROD\AzureDataLake\FUSION\Opportunity.qvd","Opportunity.Total Funds Released","AzureDbProdNIAADL","FUSION","Opportunity","Total Funds Released",,,"mapped","7940"
"FUSION QVD Generator","lib://AppData\PROD\AzureDataLake\FUSION\Opportunity.qvd","Opportunity.Total Funds Released Date","AzureDbProdNIAADL","FUSION","Opportunity","Total Funds Released Date",,,"mapped","7940"
"FUSION QVD Generator","lib://AppData\PROD\AzureDataLake\FUSION\Opportunity.qvd","Opportunity.Total Funds Requested","AzureDbProdNIAADL","FUSION","Opportunity","Total Funds Requested",,,"mapped","7940"
"FUSION QVD Generator","lib://AppData\PROD\AzureDataLake\FUSION\Opportunity.qvd","Opportunity.Total Funds Requested Date","AzureDbProdNIAADL","FUSION","Opportunity","Total Funds Requested Date",,,"mapped","7940"
"FUSION QVD Generator","lib://AppData\PROD\AzureDataLake\FUSION\Opportunity.qvd","Opportunity.Total Grant Funding","AzureDbProdNIAADL","FUSION","Opportunity","Total Grant Funding",,,"mapped","7940"
"FUSION QVD Generator","lib://AppData\PROD\AzureDataLake\FUSION\Opportunity.qvd","Opportunity.Total Grant Funding Date","AzureDbProdNIAADL","FUSION","Opportunity","Total Grant Funding Date",,,"mapped","7940"
"FUSION QVD Generator","lib://AppData\PROD\AzureDataLake\FUSION\Opportunity.qvd","Opportunity.Total Planned Project Funds","AzureDbProdNIAADL","FUSION","Opportunity","Total Planned Project Funds",,,"mapped","7940"
"FUSION QVD Generator","lib://AppData\PROD\AzureDataLake\FUSION\Opportunity.qvd","Opportunity.Validate","AzureDbProdNIAADL","FUSION","Opportunity","Validate",,,"mapped","7940"
"FUSION QVD Generator","lib://AppData\PROD\AzureDataLake\FUSION\Opportunity.qvd","Opportunity.Withdraw","AzureDbProdNIAADL","FUSION","Opportunity","Withdraw",,,"mapped","7940"
"FUSION QVD Generator","lib://AppData\PROD\AzureDataLake\FUSION\Opportunity.qvd","Opportunity.Withdrawal Reason","AzureDbProdNIAADL","FUSION","Opportunity","Withdrawal Reason",,,"mapped","7940"
"FUSION QVD Generator","lib://AppData\PROD\AzureDataLake\FUSION\Opportunity.qvd","Opportunity.Withdrawn","AzureDbProdNIAADL","FUSION","Opportunity","Withdrawn",,,"mapped","7940"
"FUSION QVD Generator","lib://AppData\PROD\AzureDataLake\FUSION\Opportunity.qvd","Opportunity.Withdrawn By Id%","AzureDbProdNIAADL","FUSION","Opportunity","Withdrawn By Id",,,"mapped","7940"
"FUSION QVD Generator","lib://AppData\PROD\AzureDataLake\FUSION\Opportunity.qvd","Opportunity.Withdrawn By","AzureDbProdNIAADL","FUSION","Opportunity","Withdrawn By",,,"mapped","7940"
"FUSION QVD Generator","lib://AppData\PROD\AzureDataLake\FUSION\Opportunity.qvd","Opportunity.Opportunity State","AzureDbProdNIAADL","FUSION","Opportunity","Opportunity State",,,"mapped","7940"
"FUSION QVD Generator","lib://AppData\PROD\AzureDataLake\FUSION\Opportunity.qvd","Opportunity.Opportunity Status","AzureDbProdNIAADL","FUSION","Opportunity","Opportunity Status",,,"mapped","7940"
"FUSION QVD Generator","lib://AppData\PROD\AzureDataLake\FUSION\Opportunity.qvd","Opportunity.Risk Exemption Reason","AzureDbProdNIAADL","FUSION","Opportunity","Risk Exemption Reason",,,"mapped","7940"
"FUSION QVD Generator","lib://AppData\PROD\AzureDataLake\FUSION\Opportunity - Framework Code.qvd","Opportunity - Framework Code.Opportunity Id%","AzureDbProdNIAADL","FUSION","Opportunity - Framework Code","Opportunity Id",,,"mapped","7940"
"FUSION QVD Generator","lib://AppData\PROD\AzureDataLake\FUSION\Opportunity - Framework Code.qvd","Opportunity - Framework Code.Framework Code Id%","AzureDbProdNIAADL","FUSION","Opportunity - Framework Code","Framework Code Id",,,"mapped","7940"
"FUSION QVD Generator","lib://AppData\PROD\AzureDataLake\FUSION\Opportunity - Fusion Location.qvd","Opportunity - Fusion Location.Fusion Location Id%","AzureDbProdNIAADL","FUSION","Opportunity - Fusion Location","Fusion Location Id",,,"mapped","7940"
"FUSION QVD Generator","lib://AppData\PROD\AzureDataLake\FUSION\Opportunity - Fusion Location.qvd","Opportunity - Fusion Location.Opportunity Id%","AzureDbProdNIAADL","FUSION","Opportunity - Fusion Location","Opportunity Id",,,"mapped","7940"
"FUSION QVD Generator","lib://AppData\PROD\AzureDataLake\FUSION\Opportunity - PMC Region.qvd","Opportunity - PMC Region.Opportunity Id%","AzureDbProdNIAADL","FUSION","Opportunity - PMC Region","Opportunity Id",,,"mapped","7940"
"FUSION QVD Generator","lib://AppData\PROD\AzureDataLake\FUSION\Opportunity - PMC Region.qvd","Opportunity - PMC Region.PMC Region Id%","AzureDbProdNIAADL","FUSION","Opportunity - PMC Region","PMC Region Id",,,"mapped","7940"
"FUSION QVD Generator","lib://AppData\PROD\AzureDataLake\FUSION\Opportunity - Target Group.qvd","Opportunity - Target Group.Target Group Id%","AzureDbProdNIAADL","FUSION","Opportunity - Target Group","Target Group Id",,,"mapped","7940"
"FUSION QVD Generator","lib://AppData\PROD\AzureDataLake\FUSION\Opportunity - Target Group.qvd","Opportunity - Target Group.Opportunity Id%","AzureDbProdNIAADL","FUSION","Opportunity - Target Group","Opportunity Id",,,"mapped","7940"
"FUSION QVD Generator","lib://AppData\PROD\AzureDataLake\FUSION\Opportunity Budget Item.qvd","Opportunity Budget Item.Opportunity Budget Item Id%","AzureDbProdNIAADL","FUSION","Opportunity Budget Item","Opportunity Budget Item Id",,,"mapped","7940"
"FUSION QVD Generator","lib://AppData\PROD\AzureDataLake\FUSION\Opportunity Budget Item.qvd","Opportunity Budget Item.Opportunity Id%","AzureDbProdNIAADL","FUSION","Opportunity Budget Item","Opportunity Id",,,"mapped","7940"
"FUSION QVD Generator","lib://AppData\PROD\AzureDataLake\FUSION\Opportunity Budget Item.qvd","Opportunity Budget Item.Cost","AzureDbProdNIAADL","FUSION","Opportunity Budget Item","Cost",,,"mapped","7940"
"FUSION QVD Generator","lib://AppData\PROD\AzureDataLake\FUSION\Opportunity Budget Item.qvd","Opportunity Budget Item.Description","AzureDbProdNIAADL","FUSION","Opportunity Budget Item","Description",,,"mapped","7940"
"FUSION QVD Generator","lib://AppData\PROD\AzureDataLake\FUSION\Opportunity Budget Item.qvd","Opportunity Budget Item.Item","AzureDbProdNIAADL","FUSION","Opportunity Budget Item","Item",,,"mapped","7940"
"FUSION QVD Generator","lib://AppData\PROD\AzureDataLake\FUSION\Opportunity Budget Item.qvd","Opportunity Budget Item.Opportunity Budget Item Name","AzureDbProdNIAADL","FUSION","Opportunity Budget Item","Opportunity Budget Item Name",,,"mapped","7940"
"FUSION QVD Generator","lib://AppData\PROD\AzureDataLake\FUSION\Opportunity Budget Item.qvd","Opportunity Budget Item.Name","AzureDbProdNIAADL","FUSION","Opportunity Budget Item","Name",,,"mapped","7940"
"FUSION QVD Generator","lib://AppData\PROD\AzureDataLake\FUSION\Opportunity Budget Item.qvd","Opportunity Budget Item.Status","AzureDbProdNIAADL","FUSION","Opportunity Budget Item","Status",,,"mapped","7940"
"FUSION QVD Generator","lib://AppData\PROD\AzureDataLake\FUSION\Opportunity Capture.qvd","Opportunity Capture.Opportunity Capture Id%","AzureDbProdNIAADL","FUSION","Opportunity Capture","Opportunity Capture Id",,,"mapped","7940"
"FUSION QVD Generator","lib://AppData\PROD\AzureDataLake\FUSION\Opportunity Capture.qvd","Opportunity Capture.Opportunity Id%","AzureDbProdNIAADL","FUSION","Opportunity Capture","Opportunity Id",,,"mapped","7940"
"FUSION QVD Generator","lib://AppData\PROD\AzureDataLake\FUSION\Opportunity Capture.qvd","Opportunity Capture.Active Stage Id%","AzureDbProdNIAADL","FUSION","Opportunity Capture","Active Stage Id",,,"mapped","7940"
"FUSION QVD Generator","lib://AppData\PROD\AzureDataLake\FUSION\Opportunity Capture.qvd","Opportunity Capture.Process Id%","AzureDbProdNIAADL","FUSION","Opportunity Capture","Process Id",,,"mapped","7940"
"FUSION QVD Generator","lib://AppData\PROD\AzureDataLake\FUSION\Opportunity Capture.qvd","Opportunity Capture.Organisation Id%","AzureDbProdNIAADL","FUSION","Opportunity Capture","Organisation Id",,,"mapped","7940"
"FUSION QVD Generator","lib://AppData\PROD\AzureDataLake\FUSION\Opportunity Capture.qvd","Opportunity Capture.Active Stage","AzureDbProdNIAADL","FUSION","Opportunity Capture","Active Stage",,,"mapped","7940"
"FUSION QVD Generator","lib://AppData\PROD\AzureDataLake\FUSION\Opportunity Capture.qvd","Opportunity Capture.Active Stage Started Date","AzureDbProdNIAADL","FUSION","Opportunity Capture","Active Stage Started Date",,,"mapped","7940"
"FUSION QVD Generator","lib://AppData\PROD\AzureDataLake\FUSION\Opportunity Capture.qvd","Opportunity Capture.BPF Duration","AzureDbProdNIAADL","FUSION","Opportunity Capture","BPF Duration",,,"mapped","7940"
"FUSION QVD Generator","lib://AppData\PROD\AzureDataLake\FUSION\Opportunity Capture.qvd","Opportunity Capture.BPF Name","AzureDbProdNIAADL","FUSION","Opportunity Capture","BPF Name",,,"mapped","7940"
"FUSION QVD Generator","lib://AppData\PROD\AzureDataLake\FUSION\Opportunity Capture.qvd","Opportunity Capture.BPF Opportunity","AzureDbProdNIAADL","FUSION","Opportunity Capture","BPF Opportunity",,,"mapped","7940"
"FUSION QVD Generator","lib://AppData\PROD\AzureDataLake\FUSION\Opportunity Capture.qvd","Opportunity Capture.Date Completed","AzureDbProdNIAADL","FUSION","Opportunity Capture","Date Completed",,,"mapped","7940"
"FUSION QVD Generator","lib://AppData\PROD\AzureDataLake\FUSION\Opportunity Capture.qvd","Opportunity Capture.Organisation","AzureDbProdNIAADL","FUSION","Opportunity Capture","Organisation",,,"mapped","7940"
"FUSION QVD Generator","lib://AppData\PROD\AzureDataLake\FUSION\Opportunity Capture.qvd","Opportunity Capture.Process","AzureDbProdNIAADL","FUSION","Opportunity Capture","Process",,,"mapped","7940"
"FUSION QVD Generator","lib://AppData\PROD\AzureDataLake\FUSION\Opportunity Capture.qvd","Opportunity Capture.Status","AzureDbProdNIAADL","FUSION","Opportunity Capture","Status",,,"mapped","7940"
"FUSION QVD Generator","lib://AppData\PROD\AzureDataLake\FUSION\Opportunity Expected Employment Outcome.qvd","Opportunity Expected Employment Outcome.Opportunity Expected Employment Outcome Id%","AzureDbProdNIAADL","FUSION","Opportunity Expected Employment Outcome","Opportunity Expected Employment Outcome Id",,,"mapped","7940"
"FUSION QVD Generator","lib://AppData\PROD\AzureDataLake\FUSION\Opportunity Expected Employment Outcome.qvd","Opportunity Expected Employment Outcome.Opportunity Id%","AzureDbProdNIAADL","FUSION","Opportunity Expected Employment Outcome","Opportunity Id",,,"mapped","7940"
"FUSION QVD Generator","lib://AppData\PROD\AzureDataLake\FUSION\Opportunity Expected Employment Outcome.qvd","Opportunity Expected Employment Outcome.Employer","AzureDbProdNIAADL","FUSION","Opportunity Expected Employment Outcome","Employer",,,"mapped","7940"
"FUSION QVD Generator","lib://AppData\PROD\AzureDataLake\FUSION\Opportunity Expected Employment Outcome.qvd","Opportunity Expected Employment Outcome.Employment Type","AzureDbProdNIAADL","FUSION","Opportunity Expected Employment Outcome","Employment Type",,,"mapped","7940"
"FUSION QVD Generator","lib://AppData\PROD\AzureDataLake\FUSION\Opportunity Expected Employment Outcome.qvd","Opportunity Expected Employment Outcome.Name","AzureDbProdNIAADL","FUSION","Opportunity Expected Employment Outcome","Name",,,"mapped","7940"
"FUSION QVD Generator","lib://AppData\PROD\AzureDataLake\FUSION\Opportunity Expected Employment Outcome.qvd","Opportunity Expected Employment Outcome.Opportunity","AzureDbProdNIAADL","FUSION","Opportunity Expected Employment Outcome","Opportunity",,,"mapped","7940"
"FUSION QVD Generator","lib://AppData\PROD\AzureDataLake\FUSION\Opportunity Expected Employment Outcome.qvd","Opportunity Expected Employment Outcome.Position Description","AzureDbProdNIAADL","FUSION","Opportunity Expected Employment Outcome","Position Description",,,"mapped","7940"
"FUSION QVD Generator","lib://AppData\PROD\AzureDataLake\FUSION\Opportunity Expected Employment Outcome.qvd","Opportunity Expected Employment Outcome.Position Role","AzureDbProdNIAADL","FUSION","Opportunity Expected Employment Outcome","Position Role",,,"mapped","7940"
"FUSION QVD Generator","lib://AppData\PROD\AzureDataLake\FUSION\Opportunity Expected Employment Outcome.qvd","Opportunity Expected Employment Outcome.Status","AzureDbProdNIAADL","FUSION","Opportunity Expected Employment Outcome","Status",,,"mapped","7940"
"FUSION QVD Generator","lib://AppData\PROD\AzureDataLake\FUSION\Opportunity Other Contribution.qvd","Opportunity Other Contribution.Opportunity Other Contribution Id%","AzureDbProdNIAADL","FUSION","Opportunity Other Contribution","Opportunity Other Contribution Id",,,"mapped","7940"
"FUSION QVD Generator","lib://AppData\PROD\AzureDataLake\FUSION\Opportunity Other Contribution.qvd","Opportunity Other Contribution.Opportunity Id%","AzureDbProdNIAADL","FUSION","Opportunity Other Contribution","Opportunity Id",,,"mapped","7940"
"FUSION QVD Generator","lib://AppData\PROD\AzureDataLake\FUSION\Opportunity Other Contribution.qvd","Opportunity Other Contribution.Amount","AzureDbProdNIAADL","FUSION","Opportunity Other Contribution","Amount",,,"mapped","7940"
"FUSION QVD Generator","lib://AppData\PROD\AzureDataLake\FUSION\Opportunity Other Contribution.qvd","Opportunity Other Contribution.Description","AzureDbProdNIAADL","FUSION","Opportunity Other Contribution","Description",,,"mapped","7940"
"FUSION QVD Generator","lib://AppData\PROD\AzureDataLake\FUSION\Opportunity Other Contribution.qvd","Opportunity Other Contribution.Funding Source","AzureDbProdNIAADL","FUSION","Opportunity Other Contribution","Funding Source",,,"mapped","7940"
"FUSION QVD Generator","lib://AppData\PROD\AzureDataLake\FUSION\Opportunity Other Contribution.qvd","Opportunity Other Contribution.Funding Type","AzureDbProdNIAADL","FUSION","Opportunity Other Contribution","Funding Type",,,"mapped","7940"
"FUSION QVD Generator","lib://AppData\PROD\AzureDataLake\FUSION\Opportunity Other Contribution.qvd","Opportunity Other Contribution.Name","AzureDbProdNIAADL","FUSION","Opportunity Other Contribution","Name",,,"mapped","7940"
"FUSION QVD Generator","lib://AppData\PROD\AzureDataLake\FUSION\Opportunity Other Contribution.qvd","Opportunity Other Contribution.Opportunity","AzureDbProdNIAADL","FUSION","Opportunity Other Contribution","Opportunity",,,"mapped","7940"
"FUSION QVD Generator","lib://AppData\PROD\AzureDataLake\FUSION\Opportunity Other Contribution.qvd","Opportunity Other Contribution.Status","AzureDbProdNIAADL","FUSION","Opportunity Other Contribution","Status",,,"mapped","7940"
"FUSION QVD Generator","lib://AppData\PROD\AzureDataLake\FUSION\Opportunity Potential Risk.qvd","Opportunity Potential Risk.Opportunity Potential Risk Id%","AzureDbProdNIAADL","FUSION","Opportunity Potential Risk","Opportunity Potential Risk Id",,,"mapped","7940"
"FUSION QVD Generator","lib://AppData\PROD\AzureDataLake\FUSION\Opportunity Potential Risk.qvd","Opportunity Potential Risk.Opportunity Id%","AzureDbProdNIAADL","FUSION","Opportunity Potential Risk","Opportunity Id",,,"mapped","7940"
"FUSION QVD Generator","lib://AppData\PROD\AzureDataLake\FUSION\Opportunity Potential Risk.qvd","Opportunity Potential Risk.Name","AzureDbProdNIAADL","FUSION","Opportunity Potential Risk","Name",,,"mapped","7940"
"FUSION QVD Generator","lib://AppData\PROD\AzureDataLake\FUSION\Opportunity Potential Risk.qvd","Opportunity Potential Risk.Opportunity","AzureDbProdNIAADL","FUSION","Opportunity Potential Risk","Opportunity",,,"mapped","7940"
"FUSION QVD Generator","lib://AppData\PROD\AzureDataLake\FUSION\Opportunity Potential Risk.qvd","Opportunity Potential Risk.Risk Managment Strategy","AzureDbProdNIAADL","FUSION","Opportunity Potential Risk","Risk Managment Strategy",,,"mapped","7940"
"FUSION QVD Generator","lib://AppData\PROD\AzureDataLake\FUSION\Opportunity Potential Risk.qvd","Opportunity Potential Risk.Risk Type","AzureDbProdNIAADL","FUSION","Opportunity Potential Risk","Risk Type",,,"mapped","7940"
"FUSION QVD Generator","lib://AppData\PROD\AzureDataLake\FUSION\Opportunity Potential Risk.qvd","Opportunity Potential Risk.Types of Risk","AzureDbProdNIAADL","FUSION","Opportunity Potential Risk","Types of Risk",,,"mapped","7940"
"FUSION QVD Generator","lib://AppData\PROD\AzureDataLake\FUSION\Opportunity Potential Risk.qvd","Opportunity Potential Risk.Viable Post Funding","AzureDbProdNIAADL","FUSION","Opportunity Potential Risk","Viable Post Funding",,,"mapped","7940"
"FUSION QVD Generator","lib://AppData\PROD\AzureDataLake\FUSION\Opportunity Potential Risk.qvd","Opportunity Potential Risk.Status","AzureDbProdNIAADL","FUSION","Opportunity Potential Risk","Status",,,"mapped","7940"
"FUSION QVD Generator","lib://AppData\PROD\AzureDataLake\FUSION\Opportunity Programme Funding.qvd","Opportunity Programme Funding.Opportunity Programme Funding Id%","AzureDbProdNIAADL","FUSION","Opportunity Programme Funding","Opportunity Programme Funding Id",,,"mapped","7940"
"FUSION QVD Generator","lib://AppData\PROD\AzureDataLake\FUSION\Opportunity Programme Funding.qvd","Opportunity Programme Funding.Opportunity Id%","AzureDbProdNIAADL","FUSION","Opportunity Programme Funding","Opportunity Id",,,"mapped","7940"
"FUSION QVD Generator","lib://AppData\PROD\AzureDataLake\FUSION\Opportunity Programme Funding.qvd","Opportunity Programme Funding.Financial Year Id%","AzureDbProdNIAADL","FUSION","Opportunity Programme Funding","Financial Year Id",,,"mapped","7940"
"FUSION QVD Generator","lib://AppData\PROD\AzureDataLake\FUSION\Opportunity Programme Funding.qvd","Opportunity Programme Funding.Financial Year","AzureDbProdNIAADL","FUSION","Opportunity Programme Funding","Financial Year",,,"mapped","7940"
"FUSION QVD Generator","lib://AppData\PROD\AzureDataLake\FUSION\Opportunity Programme Funding.qvd","Opportunity Programme Funding.Funding Recommended","AzureDbProdNIAADL","FUSION","Opportunity Programme Funding","Funding Recommended",,,"mapped","7940"
"FUSION QVD Generator","lib://AppData\PROD\AzureDataLake\FUSION\Opportunity Programme Funding.qvd","Opportunity Programme Funding.Funding Requested","AzureDbProdNIAADL","FUSION","Opportunity Programme Funding","Funding Requested",,,"mapped","7940"
"FUSION QVD Generator","lib://AppData\PROD\AzureDataLake\FUSION\Opportunity Programme Funding.qvd","Opportunity Programme Funding.Name","AzureDbProdNIAADL","FUSION","Opportunity Programme Funding","Name",,,"mapped","7940"
"FUSION QVD Generator","lib://AppData\PROD\AzureDataLake\FUSION\Opportunity Programme Funding.qvd","Opportunity Programme Funding.Opportunity","AzureDbProdNIAADL","FUSION","Opportunity Programme Funding","Opportunity",,,"mapped","7940"
"FUSION QVD Generator","lib://AppData\PROD\AzureDataLake\FUSION\Opportunity Programme Funding.qvd","Opportunity Programme Funding.Status","AzureDbProdNIAADL","FUSION","Opportunity Programme Funding","Status",,,"mapped","7940"
"FUSION QVD Generator","lib://AppData\PROD\AzureDataLake\FUSION\Opportunity Stakeholder.qvd","Opportunity Stakeholder.Opportunity Stakeholder Id%","AzureDbProdNIAADL","FUSION","Opportunity Stakeholder","Opportunity Stakeholder Id",,,"mapped","7940"
"FUSION QVD Generator","lib://AppData\PROD\AzureDataLake\FUSION\Opportunity Stakeholder.qvd","Opportunity Stakeholder.Opportunity Id%","AzureDbProdNIAADL","FUSION","Opportunity Stakeholder","Opportunity Id",,,"mapped","7940"
"FUSION QVD Generator","lib://AppData\PROD\AzureDataLake\FUSION\Opportunity Stakeholder.qvd","Opportunity Stakeholder.Name","AzureDbProdNIAADL","FUSION","Opportunity Stakeholder","Name",,,"mapped","7940"
"FUSION QVD Generator","lib://AppData\PROD\AzureDataLake\FUSION\Opportunity Stakeholder.qvd","Opportunity Stakeholder.Opportunity","AzureDbProdNIAADL","FUSION","Opportunity Stakeholder","Opportunity",,,"mapped","7940"
"FUSION QVD Generator","lib://AppData\PROD\AzureDataLake\FUSION\Opportunity Stakeholder.qvd","Opportunity Stakeholder.Stakeholder Interest","AzureDbProdNIAADL","FUSION","Opportunity Stakeholder","Stakeholder Interest",,,"mapped","7940"
"FUSION QVD Generator","lib://AppData\PROD\AzureDataLake\FUSION\Opportunity Stakeholder.qvd","Opportunity Stakeholder.Stakeholder Type","AzureDbProdNIAADL","FUSION","Opportunity Stakeholder","Stakeholder Type",,,"mapped","7940"
"FUSION QVD Generator","lib://AppData\PROD\AzureDataLake\FUSION\Opportunity Stakeholder.qvd","Opportunity Stakeholder.Status","AzureDbProdNIAADL","FUSION","Opportunity Stakeholder","Status",,,"mapped","7940"
"FUSION QVD Generator","lib://AppData\PROD\AzureDataLake\FUSION\Fusion Location.qvd","Fusion Location.Fusion Location Id%","AzureDbProdNIAADL","FUSION","Fusion Location","Fusion Location Id",,,"mapped","7940"
"FUSION QVD Generator","lib://AppData\PROD\AzureDataLake\FUSION\Fusion Location.qvd","Fusion Location.City Suburb","AzureDbProdNIAADL","FUSION","Fusion Location","City Suburb",,,"mapped","7940"
"FUSION QVD Generator","lib://AppData\PROD\AzureDataLake\FUSION\Fusion Location.qvd","Fusion Location.Empowered Community","AzureDbProdNIAADL","FUSION","Fusion Location","Empowered Community",,,"mapped","7940"
"FUSION QVD Generator","lib://AppData\PROD\AzureDataLake\FUSION\Fusion Location.qvd","Fusion Location.Latitude","AzureDbProdNIAADL","FUSION","Fusion Location","Latitude",,,"mapped","7940"
"FUSION QVD Generator","lib://AppData\PROD\AzureDataLake\FUSION\Fusion Location.qvd","Fusion Location.Address Line 1","AzureDbProdNIAADL","FUSION","Fusion Location","Address Line 1",,,"mapped","7940"
"FUSION QVD Generator","lib://AppData\PROD\AzureDataLake\FUSION\Fusion Location.qvd","Fusion Location.Address Line 2","AzureDbProdNIAADL","FUSION","Fusion Location","Address Line 2",,,"mapped","7940"
"FUSION QVD Generator","lib://AppData\PROD\AzureDataLake\FUSION\Fusion Location.qvd","Fusion Location.Location Type","AzureDbProdNIAADL","FUSION","Fusion Location","Location Type",,,"mapped","7940"
"FUSION QVD Generator","lib://AppData\PROD\AzureDataLake\FUSION\Fusion Location.qvd","Fusion Location.Longitude","AzureDbProdNIAADL","FUSION","Fusion Location","Longitude",,,"mapped","7940"
"FUSION QVD Generator","lib://AppData\PROD\AzureDataLake\FUSION\Fusion Location.qvd","Fusion Location.Postcode","AzureDbProdNIAADL","FUSION","Fusion Location","Postcode",,,"mapped","7940"
"FUSION QVD Generator","lib://AppData\PROD\AzureDataLake\FUSION\Fusion Location.qvd","Fusion Location.Remote Area Name","AzureDbProdNIAADL","FUSION","Fusion Location","Remote Area Name",,,"mapped","7940"
"FUSION QVD Generator","lib://AppData\PROD\AzureDataLake\FUSION\Fusion Location.qvd","Fusion Location.State or Territory","AzureDbProdNIAADL","FUSION","Fusion Location","State or Territory",,,"mapped","7940"
"FUSION QVD Generator","lib://AppData\PROD\AzureDataLake\FUSION\Fusion Location.qvd","Fusion Location.Status","AzureDbProdNIAADL","FUSION","Fusion Location","Status",,,"mapped","7940"
"FUSION QVD Generator","lib://AppData\PROD\AzureDataLake\FUSION\Fusion Location.qvd","Fusion Location.SA1 Main Code","AzureDbProdNIAADL","FUSION","Fusion Location","SA1 Main Code",,,"mapped","7940"
"FUSION QVD Generator","lib://AppData\PROD\AzureDataLake\FUSION\Opportunity - Grant Activity.qvd","Opportunity - Grant Activity.Opportunity - Grant Activity Id%","AzureDbProdNIAADL","FUSION","Opportunity - Grant Activity","Opportunity - Grant Activity Id",,,"mapped","7940"
"FUSION QVD Generator","lib://AppData\PROD\AzureDataLake\FUSION\Opportunity - Grant Activity.qvd","Opportunity - Grant Activity.Opportunity Id%","AzureDbProdNIAADL","FUSION","Opportunity - Grant Activity","Opportunity Id",,,"mapped","7940"
"FUSION QVD Generator","lib://AppData\PROD\AzureDataLake\FUSION\Opportunity - Grant Activity.qvd","Opportunity - Grant Activity.Opportunity","AzureDbProdNIAADL","FUSION","Opportunity - Grant Activity","Opportunity",,,"mapped","7940"
"FUSION QVD Generator","lib://AppData\PROD\AzureDataLake\FUSION\Opportunity - Grant Activity.qvd","Opportunity - Grant Activity.Grant Activity Id%","AzureDbProdNIAADL","FUSION","Opportunity - Grant Activity","Grant Activity Id",,,"mapped","7940"
"FUSION QVD Generator","lib://AppData\PROD\AzureDataLake\FUSION\Opportunity - Grant Application.qvd","Opportunity - Grant Application.Opportunity - Grant Application Id%","AzureDbProdNIAADL","FUSION","Opportunity - Grant Application","Opportunity - Grant Application Id",,,"mapped","7940"
"FUSION QVD Generator","lib://AppData\PROD\AzureDataLake\FUSION\Opportunity - Grant Application.qvd","Opportunity - Grant Application.Opportunity Id%","AzureDbProdNIAADL","FUSION","Opportunity - Grant Application","Opportunity Id",,,"mapped","7940"
"FUSION QVD Generator","lib://AppData\PROD\AzureDataLake\FUSION\Opportunity - Grant Application.qvd","Opportunity - Grant Application.Opportunity","AzureDbProdNIAADL","FUSION","Opportunity - Grant Application","Opportunity",,,"mapped","7940"
"FUSION QVD Generator","lib://AppData\PROD\AzureDataLake\FUSION\Opportunity - Grant Application.qvd","Opportunity - Grant Application.Grant Application Id%","AzureDbProdNIAADL","FUSION","Opportunity - Grant Application","Grant Application Id",,,"mapped","7940"
"FUSION QVD Generator","lib://AppData\PROD\AzureDataLake\FUSION\Grant Activity Coding Funding.qvd","Grant Activity Coding Funding.Grant Activity Year Funding Id%","AzureDbProdNIAADL","FUSION","Grant Activity Coding Funding","Grant Activity Coding Funding Id",,,"mapped","7940"
"FUSION QVD Generator","lib://AppData\PROD\AzureDataLake\FUSION\Grant Activity Coding Funding.qvd","Grant Activity Coding Funding.Grant Activity Coding Id%","AzureDbProdNIAADL","FUSION","Grant Activity Coding Funding","Grant Activity Coding Id",,,"mapped","7940"
"FUSION QVD Generator","lib://AppData\PROD\AzureDataLake\FUSION\Grant Activity Coding Funding.qvd","Grant Activity Coding Funding.Financial Year","AzureDbProdNIAADL","FUSION","Grant Activity Coding Funding","Financial Year",,,"mapped","7940"
"FUSION QVD Generator","lib://AppData\PROD\AzureDataLake\FUSION\Grant Activity Coding Funding.qvd","Grant Activity Coding Funding.Funding Allocation Ex GST","AzureDbProdNIAADL","FUSION","Grant Activity Coding Funding","Funding Allocation Ex GST",,,"mapped","7940"
"FUSION QVD Generator","lib://AppData\PROD\AzureDataLake\FUSION\Grant Activity Coding Funding.qvd","Grant Activity Coding Funding.Status","AzureDbProdNIAADL","FUSION","Grant Activity Coding Funding","Status",,,"mapped","7940"
"FUSION QVD Generator","lib://AppData\PROD\AzureDataLake\FUSION\Grant Activity Coding Funding.qvd","Grant Activity Coding Funding.Framework Code Level 1","AzureDbProdNIAADL","FUSION","Grant Activity Coding Funding","Framework Code Level 1",,,"mapped","7940"
"FUSION QVD Generator","lib://AppData\PROD\AzureDataLake\FUSION\Grant Activity Coding Funding.qvd","Grant Activity Coding Funding.Framework Code Level 2","AzureDbProdNIAADL","FUSION","Grant Activity Coding Funding","Framework Code Level 2",,,"mapped","7940"
"FUSION QVD Generator","lib://AppData\PROD\AzureDataLake\FUSION\Grant Activity Coding Funding.qvd","Grant Activity Coding Funding.Framework Code Level 3","AzureDbProdNIAADL","FUSION","Grant Activity Coding Funding","Framework Code Level 3",,,"mapped","7940"
"FUSION QVD Generator","lib://AppData\PROD\AzureDataLake\FUSION\Grant Activity Coding Funding.qvd","Grant Activity Coding Funding.Framework Code Id","AzureDbProdNIAADL","FUSION","Grant Activity Coding Funding","Framework Code Id",,,"mapped","7940"
"FUSION QVD Generator","lib://AppData\PROD\AzureDataLake\FUSION\Framework Code.qvd","Framework Code.Framework Code Id%","AzureDbProdNIAADL","FUSION","Framework Code","Framework Code Id",,,"mapped","7940"
"FUSION QVD Generator","lib://AppData\PROD\AzureDataLake\FUSION\Framework Code.qvd","Framework Code.Hierarchy Level","AzureDbProdNIAADL","FUSION","Framework Code","Hierarchy Level",,,"mapped","7940"
"FUSION QVD Generator","lib://AppData\PROD\AzureDataLake\FUSION\Framework Code.qvd","Framework Code.Hierarchy","AzureDbProdNIAADL","FUSION","Framework Code","Hierarchy",,,"mapped","7940"
"FUSION QVD Generator","lib://AppData\PROD\AzureDataLake\FUSION\Framework Code.qvd","Framework Code.Framework Code","AzureDbProdNIAADL","FUSION","Framework Code","Framework Code",,,"mapped","7940"
"FUSION QVD Generator","lib://AppData\PROD\AzureDataLake\FUSION\Framework Code.qvd","Framework Code.Parent Framework Code Id%","AzureDbProdNIAADL","FUSION","Framework Code","Parent Framework Code Id",,,"mapped","7940"
"FUSION QVD Generator","lib://AppData\PROD\AzureDataLake\FUSION\Framework Code.qvd","Framework Code.Parant Framework Code","AzureDbProdNIAADL","FUSION","Framework Code","Parant Framework Code",,,"mapped","7940"
"FUSION QVD Generator","lib://AppData\PROD\AzureDataLake\FUSION\Framework Code.qvd","Framework Code.Nature of Framework","AzureDbProdNIAADL","FUSION","Framework Code","Nature of Framework",,,"mapped","7940"
"FUSION QVD Generator","lib://AppData\PROD\AzureDataLake\FUSION\Activity Tag.qvd","Activity Tag.Activity Tag Id%","AzureDbProdNIAADL","FUSION","Activity Tag","Activity Tag Id",,,"mapped","7940"
"FUSION QVD Generator","lib://AppData\PROD\AzureDataLake\FUSION\Activity Tag.qvd","Activity Tag.Activity Tag","AzureDbProdNIAADL","FUSION","Activity Tag","Activity Tag",,,"mapped","7940"
"FUSION QVD Generator","lib://AppData\PROD\AzureDataLake\FUSION\Target Group.qvd","Target Group.Target Group Id%","AzureDbProdNIAADL","FUSION","Target Group","Target Group Id",,,"mapped","7940"
"FUSION QVD Generator","lib://AppData\PROD\AzureDataLake\FUSION\Target Group.qvd","Target Group.Hierarchy Level","AzureDbProdNIAADL","FUSION","Target Group","Hierarchy Level",,,"mapped","7940"
"FUSION QVD Generator","lib://AppData\PROD\AzureDataLake\FUSION\Target Group.qvd","Target Group.Target Group","AzureDbProdNIAADL","FUSION","Target Group","Target Group",,,"mapped","7940"
"FUSION QVD Generator","lib://AppData\PROD\AzureDataLake\FUSION\Target Group.qvd","Target Group.Hierarchy","AzureDbProdNIAADL","FUSION","Target Group","Hierarchy",,,"mapped","7940"
"FUSION QVD Generator","lib://AppData\PROD\AzureDataLake\FUSION\Target Group.qvd","Target Group.Parent Target Group Id%","AzureDbProdNIAADL","FUSION","Target Group","Parent Target Group Id",,,"mapped","7940"
"FUSION QVD Generator","lib://AppData\PROD\AzureDataLake\FUSION\Target Group.qvd","Target Group.Parent Target Group","AzureDbProdNIAADL","FUSION","Target Group","Parent Target Group",,,"mapped","7940"
"FUSION QVD Generator","lib://AppData\PROD\AzureDataLake\FUSION\Ancillary Code.qvd","Ancillary Code.Ancillary Code Id%","AzureDbProdNIAADL","FUSION","Ancillary Code","Ancillary Code Id",,,"mapped","7940"
"FUSION QVD Generator","lib://AppData\PROD\AzureDataLake\FUSION\Ancillary Code.qvd","Ancillary Code.Ancillary Code","AzureDbProdNIAADL","FUSION","Ancillary Code","Ancillary Code",,,"mapped","7940"
"FUSION QVD Generator","lib://AppData\PROD\AzureDataLake\FUSION\Target Gender.qvd","Target Gender.Target Gender Id%","AzureDbProdNIAADL","FUSION","Target Gender","Target Gender Id",,,"mapped","7940"
"FUSION QVD Generator","lib://AppData\PROD\AzureDataLake\FUSION\Target Gender.qvd","Target Gender.Target Gender","AzureDbProdNIAADL","FUSION","Target Gender","Target Gender",,,"mapped","7940"
"FUSION QVD Generator","lib://AppData\PROD\AzureDataLake\FUSION\Target Age Demographic.qvd","Target Age Demographic.Target Age Demographic Id%","AzureDbProdNIAADL","FUSION","Target Age Demographic","Target Age Demographic Id",,,"mapped","7940"
"FUSION QVD Generator","lib://AppData\PROD\AzureDataLake\FUSION\Target Age Demographic.qvd","Target Age Demographic.Age From","AzureDbProdNIAADL","FUSION","Target Age Demographic","Age From",,,"mapped","7940"
"FUSION QVD Generator","lib://AppData\PROD\AzureDataLake\FUSION\Target Age Demographic.qvd","Target Age Demographic.Age To","AzureDbProdNIAADL","FUSION","Target Age Demographic","Age To",,,"mapped","7940"
"FUSION QVD Generator","lib://AppData\PROD\AzureDataLake\FUSION\Target Age Demographic.qvd","Target Age Demographic.Target Age Demographic","AzureDbProdNIAADL","FUSION","Target Age Demographic","Target Age Demographic",,,"mapped","7940"
"FUSION QVD Generator","lib://AppData\PROD\AzureDataLake\FUSION\Grant Activity Coding.qvd","Grant Activity Coding.Grant Activity Coding Id%","AzureDbProdNIAADL","FUSION","Grant Activity Coding","Grant Activity Coding Id",,,"mapped","7940"
"FUSION QVD Generator","lib://AppData\PROD\AzureDataLake\FUSION\Grant Activity Coding.qvd","Grant Activity Coding.Grant Activity Id%","AzureDbProdNIAADL","FUSION","Grant Activity Coding","Grant Activity Id",,,"mapped","7940"
"FUSION QVD Generator","lib://AppData\PROD\AzureDataLake\FUSION\Grant Activity Coding.qvd","Grant Activity Coding.Nature of Activity","AzureDbProdNIAADL","FUSION","Grant Activity Coding","Nature of Activity",,,"mapped","7940"
"FUSION QVD Generator","lib://AppData\PROD\AzureDataLake\FUSION\Grant Activity Coding.qvd","Grant Activity Coding.Total Funding","AzureDbProdNIAADL","FUSION","Grant Activity Coding","Total Funding",,,"mapped","7940"
"FUSION QVD Generator","lib://AppData\PROD\AzureDataLake\FUSION\Grant Activity Coding.qvd","Grant Activity Coding.Framework Code Allocation Total","AzureDbProdNIAADL","FUSION","Grant Activity Coding","Framework Code Allocation Total",,,"mapped","7940"
"FUSION QVD Generator","lib://AppData\PROD\AzureDataLake\FUSION\Grant Activity Coding.qvd","Grant Activity Coding.Status","AzureDbProdNIAADL","FUSION","Grant Activity Coding","Status",,,"mapped","7940"
"FUSION QVD Generator","lib://AppData\PROD\AzureDataLake\FUSION\Grant Activity Coding.qvd","Grant Activity Coding.Date Approval Submitted","AzureDbProdNIAADL","FUSION","Grant Activity Coding","Date Approval Submitted",,,"mapped","7940"
"FUSION QVD Generator","lib://AppData\PROD\AzureDataLake\FUSION\Grant Activity Coding.qvd","Grant Activity Coding.Date Approval Completed","AzureDbProdNIAADL","FUSION","Grant Activity Coding","Date Approval Completed",,,"mapped","7940"
"FUSION QVD Generator","lib://AppData\PROD\AzureDataLake\FUSION\Grant Activity Coding.qvd","Grant Activity Coding.Approver","AzureDbProdNIAADL","FUSION","Grant Activity Coding","Approver",,,"mapped","7940"
"FUSION QVD Generator","lib://AppData\PROD\AzureDataLake\FUSION\Grant Activity Coding.qvd","Grant Activity Coding.Approver Comment","AzureDbProdNIAADL","FUSION","Grant Activity Coding","Approver Comment",,,"mapped","7940"
"FUSION QVD Generator","lib://AppData\PROD\AzureDataLake\FUSION\Grant Activity Coding.qvd","Grant Activity Coding.Coder","AzureDbProdNIAADL","FUSION","Grant Activity Coding","Coder",,,"mapped","7940"
"FUSION QVD Generator","lib://AppData\PROD\AzureDataLake\FUSION\Grant Activity Coding.qvd","Grant Activity Coding.Coder Comment","AzureDbProdNIAADL","FUSION","Grant Activity Coding","Coder Comment",,,"mapped","7940"
"FUSION QVD Generator","lib://AppData\PROD\AzureDataLake\FUSION\Grant Activity Coding.qvd","Grant Activity Coding.Outcome Selection One","AzureDbProdNIAADL","FUSION","Grant Activity Coding","Outcome Selection One",,,"mapped","7940"
"FUSION QVD Generator","lib://AppData\PROD\AzureDataLake\FUSION\Grant Activity Coding.qvd","Grant Activity Coding.Outcome Allocation One","AzureDbProdNIAADL","FUSION","Grant Activity Coding","Outcome Allocation One",,,"mapped","7940"
"FUSION QVD Generator","lib://AppData\PROD\AzureDataLake\FUSION\Grant Activity Coding.qvd","Grant Activity Coding.Outcome Selection Two","AzureDbProdNIAADL","FUSION","Grant Activity Coding","Outcome Selection Two",,,"mapped","7940"
"FUSION QVD Generator","lib://AppData\PROD\AzureDataLake\FUSION\Grant Activity Coding.qvd","Grant Activity Coding.Outcome Allocation Two","AzureDbProdNIAADL","FUSION","Grant Activity Coding","Outcome Allocation Two",,,"mapped","7940"
"FUSION QVD Generator","lib://AppData\PROD\AzureDataLake\FUSION\Grant Activity Coding.qvd","Grant Activity Coding.Outcome Selection Three","AzureDbProdNIAADL","FUSION","Grant Activity Coding","Outcome Selection Three",,,"mapped","7940"
"FUSION QVD Generator","lib://AppData\PROD\AzureDataLake\FUSION\Grant Activity Coding.qvd","Grant Activity Coding.Outcome Allocation Three","AzureDbProdNIAADL","FUSION","Grant Activity Coding","Outcome Allocation Three",,,"mapped","7940"
"FUSION QVD Generator","lib://AppData\PROD\AzureDataLake\FUSION\Grant Activity Coding.qvd","Grant Activity Coding.Outcome Total Allocation","AzureDbProdNIAADL","FUSION","Grant Activity Coding","Outcome Total Allocation",,,"mapped","7940"
"FUSION QVD Generator","lib://AppData\PROD\AzureDataLake\FUSION\Grant Activity Coding.qvd","Grant Activity Coding.Primary Priority Reform","AzureDbProdNIAADL","FUSION","Grant Activity Coding","Primary Priority Reform",,,"mapped","7940"
"FUSION QVD Generator","lib://AppData\PROD\AzureDataLake\FUSION\Grant Activity Coding.qvd","Grant Activity Coding.Secondary Priority Reform","AzureDbProdNIAADL","FUSION","Grant Activity Coding","Secondary Priority Reform",,,"mapped","7940"
"FUSION QVD Generator","lib://AppData\PROD\AzureDataLake\FUSION\Grant Activity Coding - Framework Code.qvd","Grant Activity Coding - Framework Code.Grant Activity Coding Id%","AzureDbProdNIAADL","FUSION","Grant Activity Coding - Framework Code","Grant Activity Coding Id",,,"mapped","7940"
"FUSION QVD Generator","lib://AppData\PROD\AzureDataLake\FUSION\Grant Activity Coding - Framework Code.qvd","Grant Activity Coding - Framework Code.Framework Code Id%","AzureDbProdNIAADL","FUSION","Grant Activity Coding - Framework Code","Framework Code Id",,,"mapped","7940"
"FUSION QVD Generator","lib://AppData\PROD\AzureDataLake\FUSION\Grant Activity Coding - Framework Code.qvd","Grant Activity Coding - Framework Code.Selection Order","AzureDbProdNIAADL","FUSION","Grant Activity Coding - Framework Code","Selection Order",,,"mapped","7940"
"FUSION QVD Generator","lib://AppData\PROD\AzureDataLake\FUSION\Grant Activity Coding - Framework Code.qvd","Grant Activity Coding - Framework Code.Percentage Allocation","AzureDbProdNIAADL","FUSION","Grant Activity Coding - Framework Code","Percentage Allocation",,,"mapped","7940"
"FUSION QVD Generator","lib://AppData\PROD\AzureDataLake\FUSION\Grant Activity Coding - Summary.qvd","Grant Activity Coding - Summary.Grant Activity Id%","AzureDbProdNIAADL","FUSION","Grant Activity Coding - Summary","Grant Activity Id",,,"mapped","7940"
"FUSION QVD Generator","lib://AppData\PROD\AzureDataLake\FUSION\Grant Activity Coding - Summary.qvd","Grant Activity Coding - Summary.Activity Coding Level 1","AzureDbProdNIAADL","FUSION","Grant Activity Coding - Summary","Activity Coding Level 1",,,"mapped","7940"
"FUSION QVD Generator","lib://AppData\PROD\AzureDataLake\FUSION\Grant Activity Coding - Summary.qvd","Grant Activity Coding - Summary.Activity Coding Level 2","AzureDbProdNIAADL","FUSION","Grant Activity Coding - Summary","Activity Coding Level 2",,,"mapped","7940"
"FUSION QVD Generator","lib://AppData\PROD\AzureDataLake\FUSION\Grant Activity Coding - Summary.qvd","Grant Activity Coding - Summary.Activity Coding Level 3","AzureDbProdNIAADL","FUSION","Grant Activity Coding - Summary","Activity Coding Level 3",,,"mapped","7940"
"FUSION QVD Generator","lib://AppData\PROD\AzureDataLake\FUSION\Grant Activity Coding - Summary.qvd","Grant Activity Coding - Summary.Activity Coding Percentage Allocation","AzureDbProdNIAADL","FUSION","Grant Activity Coding - Summary","Activity Coding Percentage Allocation",,,"mapped","7940"
"FUSION QVD Generator","lib://AppData\PROD\AzureDataLake\FUSION\Grant Activity Coding - Summary.qvd","Grant Activity Coding - Summary.Activity Coding Status","AzureDbProdNIAADL","FUSION","Grant Activity Coding - Summary","Activity Coding Status",,,"mapped","7940"
"FUSION QVD Generator","lib://AppData\PROD\AzureDataLake\FUSION\Grant Activity Coding - Activity Tag.qvd","Grant Activity Coding - Activity Tag.Grant Activity Coding Id%","AzureDbProdNIAADL","FUSION","Grant Activity Coding - Activity Tag","Grant Activity Coding Id",,,"mapped","7940"
"FUSION QVD Generator","lib://AppData\PROD\AzureDataLake\FUSION\Grant Activity Coding - Activity Tag.qvd","Grant Activity Coding - Activity Tag.Activity Tag Id%","AzureDbProdNIAADL","FUSION","Grant Activity Coding - Activity Tag","Activity Tag Id",,,"mapped","7940"
"FUSION QVD Generator","lib://AppData\PROD\AzureDataLake\FUSION\Grant Activity Coding - Activity Target Group.qvd","Grant Activity Coding - Activity Target Group.Grant Activity Coding Id%","AzureDbProdNIAADL","FUSION","Grant Activity Coding - Activity Target Group","Grant Activity Coding Id",,,"mapped","7940"
"FUSION QVD Generator","lib://AppData\PROD\AzureDataLake\FUSION\Grant Activity Coding - Activity Target Group.qvd","Grant Activity Coding - Activity Target Group.Target Group Id%","AzureDbProdNIAADL","FUSION","Grant Activity Coding - Activity Target Group","Target Group Id",,,"mapped","7940"
"FUSION QVD Generator","lib://AppData\PROD\AzureDataLake\FUSION\Grant Activity Coding - Ancillary Code.qvd","Grant Activity Coding - Ancillary Code.Grant Activity Coding Id%","AzureDbProdNIAADL","FUSION","Grant Activity Coding - Ancillary Code","Grant Activity Coding Id",,,"mapped","7940"
"FUSION QVD Generator","lib://AppData\PROD\AzureDataLake\FUSION\Grant Activity Coding - Ancillary Code.qvd","Grant Activity Coding - Ancillary Code.Ancillary Code Id%","AzureDbProdNIAADL","FUSION","Grant Activity Coding - Ancillary Code","Ancillary Code Id",,,"mapped","7940"
"FUSION QVD Generator","lib://AppData\PROD\AzureDataLake\FUSION\Grant Activity Coding - Target Age Demographic.qvd","Grant Activity Coding - Target Age Demographic.Grant Activity Coding Id%","AzureDbProdNIAADL","FUSION","Grant Activity Coding - Target Age Demographic","Grant Activity Coding Id",,,"mapped","7940"
"FUSION QVD Generator","lib://AppData\PROD\AzureDataLake\FUSION\Grant Activity Coding - Target Age Demographic.qvd","Grant Activity Coding - Target Age Demographic.Target Age Demographic Id%","AzureDbProdNIAADL","FUSION","Grant Activity Coding - Target Age Demographic","Target Age Demographic Id",,,"mapped","7940"
"FUSION QVD Generator","lib://AppData\PROD\AzureDataLake\FUSION\Grant Activity Coding - Target Gender.qvd","Grant Activity Coding - Target Gender.Grant Activity Coding Id%","AzureDbProdNIAADL","FUSION","Grant Activity Coding - Target Gender","Grant Activity Coding Id",,,"mapped","7940"
"FUSION QVD Generator","lib://AppData\PROD\AzureDataLake\FUSION\Grant Activity Coding - Target Gender.qvd","Grant Activity Coding - Target Gender.Target Gender Id%","AzureDbProdNIAADL","FUSION","Grant Activity Coding - Target Gender","Target Gender Id",,,"mapped","7940"
"FUSION QVD Generator","lib://AppData\PROD\AzureDataLake\FUSION\Activity Linking Table.qvd","Activity Linking Table.Activity Approval Verification Id%","AzureDbProdNIAADL","""AZDB-AUE-PRD-NIAADL01""","FUSION.""Activity Linking Table""","Activity Approval Verification Id",,,"mapped","7940"
"FUSION QVD Generator","lib://AppData\PROD\AzureDataLake\FUSION\Activity Linking Table.qvd","Activity Linking Table.AVR Date","AzureDbProdNIAADL","""AZDB-AUE-PRD-NIAADL01""","FUSION.""Activity Linking Table""","AVR Date",,,"mapped","7940"
"FUSION QVD Generator","lib://AppData\PROD\AzureDataLake\FUSION\Activity Linking Table.qvd","Activity Linking Table.Organisation Id%","AzureDbProdNIAADL","""AZDB-AUE-PRD-NIAADL01""","FUSION.""Activity Linking Table""","Organisation Id",,,"mapped","7940"
"FUSION QVD Generator","lib://AppData\PROD\AzureDataLake\FUSION\Activity Linking Table.qvd","Activity Linking Table.Grant Application Id%","AzureDbProdNIAADL","""AZDB-AUE-PRD-NIAADL01""","FUSION.""Activity Linking Table""","Grant Application Id",,,"mapped","7940"
"FUSION QVD Generator","lib://AppData\PROD\AzureDataLake\FUSION\Activity Linking Table.qvd","Activity Linking Table.Ceasing Assessment Id%","AzureDbProdNIAADL","""AZDB-AUE-PRD-NIAADL01""","FUSION.""Activity Linking Table""","Ceasing Assessment Id",,,"mapped","7940"
"FUSION QVD Generator","lib://AppData\PROD\AzureDataLake\FUSION\Activity Linking Table.qvd","Activity Linking Table.Grant Activity Id%","AzureDbProdNIAADL","""AZDB-AUE-PRD-NIAADL01""","FUSION.""Activity Linking Table""","Grant Activity Id",,,"mapped","7940"
"FUSION QVD Generator","lib://AppData\PROD\AzureDataLake\FUSION\Activity Linking Table.qvd","Activity Linking Table.Parent Record Id%","AzureDbProdNIAADL","""AZDB-AUE-PRD-NIAADL01""","FUSION.""Activity Linking Table""","Parent Record Id",,,"mapped","7940"
"FUSION QVD Generator","lib://AppData\PROD\AzureDataLake\FUSION\Activity Linking Table.qvd","Activity Linking Table.Parent Id","AzureDbProdNIAADL","""AZDB-AUE-PRD-NIAADL01""","FUSION.""Activity Linking Table""","Parent Id",,,"mapped","7940"
"FUSION QVD Generator","lib://AppData\PROD\AzureDataLake\FUSION\Activity Linking Table.qvd","Activity Linking Table.Activity Risk Level","AzureDbProdNIAADL","""AZDB-AUE-PRD-NIAADL01""","FUSION.""Activity Linking Table""","Activity Risk Level",,,"mapped","7940"
"FUSION QVD Generator","lib://AppData\PROD\AzureDataLake\FUSION\Activity Linking Table.qvd","Activity Linking Table.Parent Record Type","AzureDbProdNIAADL","""AZDB-AUE-PRD-NIAADL01""","FUSION.""Activity Linking Table""","Parent Record Type",,,"mapped","7940"
"FUSION QVD Generator","lib://AppData\PROD\AzureDataLake\FUSION\Activity Linking Table.qvd","Activity Linking Table.Opportunity Id%","AzureDbProdNIAADL","""AZDB-AUE-PRD-NIAADL01""","FUSION.""Activity Linking Table""","Opportunity Id",,,"mapped","7940"
"FUSION QVD Generator","lib://AppData\PROD\AzureDataLake\FUSION\Activity Linking Table.qvd","Activity Linking Table.AVR Net Movement","AzureDbProdNIAADL","""AZDB-AUE-PRD-NIAADL01""","FUSION.""Activity Linking Table""","AVR Net Movement",,,"mapped","7940"
"FUSION QVD Generator","lib://AppData\PROD\AzureDataLake\FUSION\Activity Linking Table.qvd","Activity Linking Table.Funding Decision Id%","AzureDbProdNIAADL","""AZDB-AUE-PRD-NIAADL01""","FUSION.""Activity Linking Table""","Funding Decision Id",,,"mapped","7940"
"FUSION QVD Generator","lib://AppData\PROD\AzureDataLake\FUSION\Activity Linking Table.qvd","Activity Linking Table.Grants Management Unit Id%","AzureDbProdNIAADL","""AZDB-AUE-PRD-NIAADL01""","FUSION.""Activity Linking Table""","Grants Management Unit Id",,,"mapped","7940"
"FUSION QVD Generator","lib://AppData\PROD\AzureDataLake\FUSION\Activity Linking Table.qvd","Activity Linking Table.Engagement Office Id%","AzureDbProdNIAADL","""AZDB-AUE-PRD-NIAADL01""","FUSION.""Activity Linking Table""","Engagement Office Id",,,"mapped","7940"
"FUSION QVD Generator","lib://AppData\PROD\AzureDataLake\FUSION\Activity Linking Table.qvd","Activity Linking Table.Row Count","AzureDbProdNIAADL","""AZDB-AUE-PRD-NIAADL01""","FUSION.""Activity Linking Table""","RowCount",,,"mapped","7940"
"FUSION QVD Generator","lib://AppData\PROD\AzureDataLake\FUSION\Activity Linking Table.qvd","Activity Linking Table.Type Row Count","AzureDbProdNIAADL","""AZDB-AUE-PRD-NIAADL01""","FUSION.""Activity Linking Table""","TypeRowCount",,,"mapped","7940"
"FUSION QVD Generator","lib://AppData\PROD\AzureDataLake\FUSION\Programme.qvd","Programme.Programme Id%","AzureDbProdNIAADL","FUSION","Programme","Programme Id",,,"mapped","7940"
"FUSION QVD Generator","lib://AppData\PROD\AzureDataLake\FUSION\Programme.qvd","Programme.Programme","AzureDbProdNIAADL","FUSION","Programme","Programme",,,"mapped","7940"
"FUSION QVD Generator","lib://AppData\PROD\AzureDataLake\FUSION\Programme.qvd","Programme.Programme Code","AzureDbProdNIAADL","FUSION","Programme","Programme Code",,,"mapped","7940"
"FUSION QVD Generator","lib://AppData\PROD\AzureDataLake\FUSION\Programme.qvd","Programme.Programme Name","AzureDbProdNIAADL","FUSION","Programme","Programme Name",,,"mapped","7940"
"FUSION QVD Generator","lib://AppData\PROD\AzureDataLake\FUSION\Programme Alternate Name.qvd","Programme Alternate Name.Programme Alternate Name Id%","AzureDbProdNIAADL","FUSION","Programme Alternate Name","Programme Alternate Name Id",,,"mapped","7940"
"FUSION QVD Generator","lib://AppData\PROD\AzureDataLake\FUSION\Programme Alternate Name.qvd","Programme Alternate Name.Programme Id%","AzureDbProdNIAADL","FUSION","Programme Alternate Name","Programme Id",,,"mapped","7940"
"FUSION QVD Generator","lib://AppData\PROD\AzureDataLake\FUSION\Programme Alternate Name.qvd","Programme Alternate Name.Alternate Name","AzureDbProdNIAADL","FUSION","Programme Alternate Name","Alternate Name",,,"mapped","7940"
"FUSION QVD Generator","lib://AppData\PROD\AzureDataLake\FUSION\Programme Financial.qvd","Programme Financial.Programme Financial Id%","AzureDbProdNIAADL","FUSION","Programme Financial","Programme Financial Id",,,"mapped","7940"
"FUSION QVD Generator","lib://AppData\PROD\AzureDataLake\FUSION\Programme Financial.qvd","Programme Financial.Programme Financial","AzureDbProdNIAADL","FUSION","Programme Financial","Programme Financial",,,"mapped","7940"
"FUSION QVD Generator","lib://AppData\PROD\AzureDataLake\FUSION\Programme Financial.qvd","Programme Financial.Programme Id%","AzureDbProdNIAADL","FUSION","Programme Financial","Programme Id",,,"mapped","7940"
"FUSION QVD Generator","lib://AppData\PROD\AzureDataLake\FUSION\Programme Financial.qvd","Programme Financial.Programme","AzureDbProdNIAADL","FUSION","Programme Financial","Programme",,,"mapped","7940"
"FUSION QVD Generator","lib://AppData\PROD\AzureDataLake\FUSION\Programme Financial.qvd","Programme Financial.Financial Year Id%","AzureDbProdNIAADL","FUSION","Programme Financial","Financial Year Id",,,"mapped","7940"
"FUSION QVD Generator","lib://AppData\PROD\AzureDataLake\FUSION\Programme Financial.qvd","Programme Financial.Financial Year","AzureDbProdNIAADL","FUSION","Programme Financial","Financial Year",,,"mapped","7940"
"FUSION QVD Generator","lib://AppData\PROD\AzureDataLake\FUSION\Programme Financial.qvd","Programme Financial.Approved Activities Amount","AzureDbProdNIAADL","FUSION","Programme Financial","Approved Activities Amount",,,"mapped","7940"
"FUSION QVD Generator","lib://AppData\PROD\AzureDataLake\FUSION\Programme Financial.qvd","Programme Financial.Earmarked Activities Amount","AzureDbProdNIAADL","FUSION","Programme Financial","Earmarked Activities Amount",,,"mapped","7940"
"FUSION QVD Generator","lib://AppData\PROD\AzureDataLake\FUSION\Programme Financial.qvd","Programme Financial.FY Forecast Amount","AzureDbProdNIAADL","FUSION","Programme Financial","FY Forecast Amount",,,"mapped","7940"
"FUSION QVD Generator","lib://AppData\PROD\AzureDataLake\FUSION\Programme Financial.qvd","Programme Financial.At Date]","AzureDbProdNIAADL","FUSION","Programme Financial","[FY Forecast",,,"parse-error","7940"
"FUSION QVD Generator","lib://AppData\PROD\AzureDataLake\FUSION\Programme Financial.qvd","Programme Financial.Legal Commitment Amount","AzureDbProdNIAADL","FUSION","Programme Financial","Legal Commitment Amount",,,"mapped","7940"
"FUSION QVD Generator","lib://AppData\PROD\AzureDataLake\FUSION\Programme Financial.qvd","Programme Financial.Programme Budget Amount","AzureDbProdNIAADL","FUSION","Programme Financial","Programme Budget Amount",,,"mapped","7940"
"FUSION QVD Generator","lib://AppData\PROD\AzureDataLake\FUSION\Programme Financial.qvd","Programme Financial.Total Forecast Amount","AzureDbProdNIAADL","FUSION","Programme Financial","Total Forecast Amount",,,"mapped","7940"
"FUSION QVD Generator","lib://AppData\PROD\AzureDataLake\FUSION\Programme Financial.qvd","Programme Financial.Name","AzureDbProdNIAADL","FUSION","Programme Financial","Name",,,"mapped","7940"
"FUSION QVD Generator","lib://AppData\PROD\AzureDataLake\FUSION\Programme Financial.qvd","Programme Financial.State","AzureDbProdNIAADL","FUSION","Programme Financial","State",,,"mapped","7940"
"FUSION QVD Generator","lib://AppData\PROD\AzureDataLake\FUSION\Programme Financial.qvd","Programme Financial.Status","AzureDbProdNIAADL","FUSION","Programme Financial","Status",,,"mapped","7940"
"FUSION QVD Generator","lib://AppData\PROD\AzureDataLake\FUSION\Programme Component.qvd","Programme Component.Programme Component Id%","AzureDbProdNIAADL","FUSION","Programme Component","Programme Component Id",,,"mapped","7940"
"FUSION QVD Generator","lib://AppData\PROD\AzureDataLake\FUSION\Programme Component.qvd","Programme Component.Programme Id%","AzureDbProdNIAADL","FUSION","Programme Component","Programme Id",,,"mapped","7940"
"FUSION QVD Generator","lib://AppData\PROD\AzureDataLake\FUSION\Programme Component.qvd","Programme Component.Programme Component","AzureDbProdNIAADL","FUSION","Programme Component","Programme Component",,,"mapped","7940"
"FUSION QVD Generator","lib://AppData\PROD\AzureDataLake\FUSION\Programme Component.qvd","Programme Component.ECJDM Applicable","AzureDbProdNIAADL","FUSION","Programme Component","Empowered Community JDM Applicable",,,"mapped","7940"
"FUSION QVD Generator","lib://AppData\PROD\AzureDataLake\FUSION\Programme Component.qvd","Programme Component.Appropriation Type","AzureDbProdNIAADL","FUSION","Programme Component","Appropriation Type",,,"mapped","7940"
"FUSION QVD Generator","lib://AppData\PROD\AzureDataLake\FUSION\Programme Component.qvd","Programme Component.Outcome Element","AzureDbProdNIAADL","FUSION","Programme Component","Outcome Element",,,"mapped","7940"
"FUSION QVD Generator","lib://AppData\PROD\AzureDataLake\FUSION\Programme Component.qvd","Programme Component.Status","AzureDbProdNIAADL","FUSION","Programme Component","Status",,,"mapped","7940"
"FUSION QVD Generator","lib://AppData\PROD\AzureDataLake\FUSION\Programme Component.qvd","Programme Component.Organisation Risk Profile Required","AzureDbProdNIAADL","FUSION","Programme Component","Organisation Risk Profile Required",,,"mapped","7940"
"FUSION QVD Generator","lib://AppData\PROD\AzureDataLake\FUSION\Programme Component.qvd","Programme Component.Creation Date","AzureDbProdNIAADL","FUSION","Programme Component","Creation Date",,,"mapped","7940"
"FUSION QVD Generator","lib://AppData\PROD\AzureDataLake\FUSION\Programme Component.qvd","Programme Component.Modified Date","AzureDbProdNIAADL","FUSION","Programme Component","Modified Date",,,"mapped","7940"
"FUSION QVD Generator","lib://AppData\PROD\AzureDataLake\FUSION\Programme Component Alternate Name.qvd","Programme Component Alternate Name.Programme Component Alternate Name Id%","AzureDbProdNIAADL","FUSION","Programme Component Alternate Name","Programme Component Alternate Name Id",,,"mapped","7940"
"FUSION QVD Generator","lib://AppData\PROD\AzureDataLake\FUSION\Programme Component Alternate Name.qvd","Programme Component Alternate Name.Programme Component Id%","AzureDbProdNIAADL","FUSION","Programme Component Alternate Name","Programme Component Id",,,"mapped","7940"
"FUSION QVD Generator","lib://AppData\PROD\AzureDataLake\FUSION\Programme Component Alternate Name.qvd","Programme Component Alternate Name.Alternate Name","AzureDbProdNIAADL","FUSION","Programme Component Alternate Name","Alternate Name",,,"mapped","7940"
"FUSION QVD Generator","lib://AppData\PROD\AzureDataLake\FUSION\Grant Round.qvd","Grant Round.Grant Round Id%","AzureDbProdNIAADL","FUSION","Grant Round","Grant Round Id",,,"mapped","7940"
"FUSION QVD Generator","lib://AppData\PROD\AzureDataLake\FUSION\Grant Round.qvd","Grant Round.Programme Id%","AzureDbProdNIAADL","FUSION","Grant Round","Programme Id",,,"mapped","7940"
"FUSION QVD Generator","lib://AppData\PROD\AzureDataLake\FUSION\Grant Round.qvd","Grant Round.Programme","AzureDbProdNIAADL","FUSION","Grant Round","Programme",,,"mapped","7940"
"FUSION QVD Generator","lib://AppData\PROD\AzureDataLake\FUSION\Grant Round.qvd","Grant Round.Funding Round Id","AzureDbProdNIAADL","FUSION","Grant Round","Funding Round Id",,,"mapped","7940"
"FUSION QVD Generator","lib://AppData\PROD\AzureDataLake\FUSION\Grant Round.qvd","Grant Round.Grant Round","AzureDbProdNIAADL","FUSION","Grant Round","Grant Round",,,"mapped","7940"
"FUSION QVD Generator","lib://AppData\PROD\AzureDataLake\FUSION\Grant Application.qvd","Grant Application.Grant Application Id%","AzureDbProdNIAADL","FUSION","Grant Application","Grant Application Id",,,"mapped","7940"
"FUSION QVD Generator","lib://AppData\PROD\AzureDataLake\FUSION\Grant Application.qvd","Grant Application.Grant Round Id%","AzureDbProdNIAADL","FUSION","Grant Application","Grant Round Id",,,"mapped","7940"
"FUSION QVD Generator","lib://AppData\PROD\AzureDataLake\FUSION\Grant Application.qvd","Grant Application.Grant Round","AzureDbProdNIAADL","FUSION","Grant Application","Grant Round",,,"mapped","7940"
"FUSION QVD Generator","lib://AppData\PROD\AzureDataLake\FUSION\Grant Application.qvd","Grant Application.Funding Round Id%","AzureDbProdNIAADL","FUSION","Grant Application","Funding Round Id",,,"mapped","7940"
"FUSION QVD Generator","lib://AppData\PROD\AzureDataLake\FUSION\Grant Application.qvd","Grant Application.Source Organisation Id%","AzureDbProdNIAADL","FUSION","Grant Application","Source Organisation Id",,,"mapped","7940"
"FUSION QVD Generator","lib://AppData\PROD\AzureDataLake\FUSION\Grant Application.qvd","Grant Application.Organisation Id%","AzureDbProdNIAADL","FUSION","Grant Application","Organisation Id",,,"mapped","7940"
"FUSION QVD Generator","lib://AppData\PROD\AzureDataLake\FUSION\Grant Application.qvd","Grant Application.PMC Region Id%","AzureDbProdNIAADL","FUSION","Grant Application","PMC Region Id",,,"mapped","7940"
"FUSION QVD Generator","lib://AppData\PROD\AzureDataLake\FUSION\Grant Application.qvd","Grant Application.PMC Region","AzureDbProdNIAADL","FUSION","Grant Application","PMC Region",,,"mapped","7940"
"FUSION QVD Generator","lib://AppData\PROD\AzureDataLake\FUSION\Grant Application.qvd","Grant Application.Grants Management Unit Id%","AzureDbProdNIAADL","FUSION","Grant Application","Grants Management Unit Id",,,"mapped","7940"
"FUSION QVD Generator","lib://AppData\PROD\AzureDataLake\FUSION\Grant Application.qvd","Grant Application.Grants Management Unit","AzureDbProdNIAADL","FUSION","Grant Application","Grants Management Unit",,,"mapped","7940"
"FUSION QVD Generator","lib://AppData\PROD\AzureDataLake\FUSION\Grant Application.qvd","Grant Application.Grant Application","AzureDbProdNIAADL","FUSION","Grant Application","Grant Application",,,"mapped","7940"
"FUSION QVD Generator","lib://AppData\PROD\AzureDataLake\FUSION\Grant Application.qvd","Grant Application.Registration Id","AzureDbProdNIAADL","FUSION","Grant Application","Registration Id",,,"mapped","7940"
"FUSION QVD Generator","lib://AppData\PROD\AzureDataLake\FUSION\Grant Application.qvd","Grant Application.FOFMS Status Change","AzureDbProdNIAADL","FUSION","Grant Application","FOFMS Status Change",,,"mapped","7940"
"FUSION QVD Generator","lib://AppData\PROD\AzureDataLake\FUSION\Grant Application.qvd","Grant Application.Received Date","AzureDbProdNIAADL","FUSION","Grant Application","Received Date",,,"mapped","7940"
"FUSION QVD Generator","lib://AppData\PROD\AzureDataLake\FUSION\Grant Application.qvd","Grant Application.Submission Type","AzureDbProdNIAADL","FUSION","Grant Application","Submission Type",,,"mapped","7940"
"FUSION QVD Generator","lib://AppData\PROD\AzureDataLake\FUSION\Grant Application.qvd","Grant Application.Eligible","AzureDbProdNIAADL","FUSION","Grant Application","Eligible",,,"mapped","7940"
"FUSION QVD Generator","lib://AppData\PROD\AzureDataLake\FUSION\Grant Application.qvd","Grant Application.Indigeneity Response","AzureDbProdNIAADL","FUSION","Grant Application","Indigeneity Response",,,"mapped","7940"
"FUSION QVD Generator","lib://AppData\PROD\AzureDataLake\FUSION\Grant Application.qvd","Grant Application.Activity Title","AzureDbProdNIAADL","FUSION","Grant Application","Activity Title",,,"mapped","7940"
"FUSION QVD Generator","lib://AppData\PROD\AzureDataLake\FUSION\Grant Application.qvd","Grant Application.Activity Description","AzureDbProdNIAADL","FUSION","Grant Application","Activity Description",,,"mapped","7940"
"FUSION QVD Generator","lib://AppData\PROD\AzureDataLake\FUSION\Grant Application.qvd","Grant Application.Activity Start Date","AzureDbProdNIAADL","FUSION","Grant Application","Activity Start Date",,,"mapped","7940"
"FUSION QVD Generator","lib://AppData\PROD\AzureDataLake\FUSION\Grant Application.qvd","Grant Application.Activity End Date","AzureDbProdNIAADL","FUSION","Grant Application","Activity End Date",,,"mapped","7940"
"FUSION QVD Generator","lib://AppData\PROD\AzureDataLake\FUSION\Grant Application.qvd","Grant Application.Application State","AzureDbProdNIAADL","FUSION","Grant Application","Application State",,,"mapped","7940"
"FUSION QVD Generator","lib://AppData\PROD\AzureDataLake\FUSION\Grant Application.qvd","Grant Application.PMC Compliant","AzureDbProdNIAADL","FUSION","Grant Application","PMC Compliant",,,"mapped","7940"
"FUSION QVD Generator","lib://AppData\PROD\AzureDataLake\FUSION\Grant Application.qvd","Grant Application.AMO Processing Stage","AzureDbProdNIAADL","FUSION","Grant Application","AMO Processing Stage",,,"mapped","7940"
"FUSION QVD Generator","lib://AppData\PROD\AzureDataLake\FUSION\Grant Application.qvd","Grant Application.QA Review","AzureDbProdNIAADL","FUSION","Grant Application","QA Review",,,"mapped","7940"
"FUSION QVD Generator","lib://AppData\PROD\AzureDataLake\FUSION\Grant Application.qvd","Grant Application.Delegate Minute Reference Number","AzureDbProdNIAADL","FUSION","Grant Application","Delegate Minute Reference Number",,,"mapped","7940"
"FUSION QVD Generator","lib://AppData\PROD\AzureDataLake\FUSION\Grant Application.qvd","Grant Application.Assigned Completeness Check","AzureDbProdNIAADL","FUSION","Grant Application","Assigned Completeness Check",,,"mapped","7940"
"FUSION QVD Generator","lib://AppData\PROD\AzureDataLake\FUSION\Grant Application.qvd","Grant Application.Decision Programme","AzureDbProdNIAADL","FUSION","Grant Application","Decision Programme",,,"mapped","7940"
"FUSION QVD Generator","lib://AppData\PROD\AzureDataLake\FUSION\Grant Application.qvd","Grant Application.Funding Applied For","AzureDbProdNIAADL","FUSION","Grant Application","Funding Applied For",,,"mapped","7940"
"FUSION QVD Generator","lib://AppData\PROD\AzureDataLake\FUSION\Grant Application.qvd","Grant Application.Funding Recommended","AzureDbProdNIAADL","FUSION","Grant Application","Funding Recommended",,,"mapped","7940"
"FUSION QVD Generator","lib://AppData\PROD\AzureDataLake\FUSION\Grant Application.qvd","Grant Application.Funding Approved Ex GST","AzureDbProdNIAADL","FUSION","Grant Application","Funding Approved Ex GST",,,"mapped","7940"
"FUSION QVD Generator","lib://AppData\PROD\AzureDataLake\FUSION\Grant Application.qvd","Grant Application.Funding Allocation","AzureDbProdNIAADL","FUSION","Grant Application","Funding Allocation",,,"mapped","7940"
"FUSION QVD Generator","lib://AppData\PROD\AzureDataLake\FUSION\Grant Application.qvd","Grant Application.Days Elapsed","AzureDbProdNIAADL","FUSION","Grant Application","Days Elapsed",,,"mapped","7940"
"FUSION QVD Generator","lib://AppData\PROD\AzureDataLake\FUSION\Grant Application.qvd","Grant Application.FOFMS Status 1","AzureDbProdNIAADL","FUSION","Grant Application","FOFMS Status 1",,,"mapped","7940"
"FUSION QVD Generator","lib://AppData\PROD\AzureDataLake\FUSION\Grant Application.qvd","Grant Application.FOFMS Status 2","AzureDbProdNIAADL","FUSION","Grant Application","FOFMS Status 2",,,"mapped","7940"
"FUSION QVD Generator","lib://AppData\PROD\AzureDataLake\FUSION\Grant Application.qvd","Grant Application.FOFMS Status Aging","AzureDbProdNIAADL","FUSION","Grant Application","FOFMS Status Aging",,,"mapped","7940"
"FUSION QVD Generator","lib://AppData\PROD\AzureDataLake\FUSION\Grant Application.qvd","Grant Application.FOFMS Risk Rating","AzureDbProdNIAADL","FUSION","Grant Application","FOFMS Risk Rating",,,"mapped","7940"
"FUSION QVD Generator","lib://AppData\PROD\AzureDataLake\FUSION\Grant Application.qvd","Grant Application.Evaluation Team","AzureDbProdNIAADL","FUSION","Grant Application","Evaluation Team",,,"mapped","7940"
"FUSION QVD Generator","lib://AppData\PROD\AzureDataLake\FUSION\Grant Application.qvd","Grant Application.FOFMS Evaluation Team","AzureDbProdNIAADL","FUSION","Grant Application","FOFMS Evaluation Team",,,"mapped","7940"
"FUSION QVD Generator","lib://AppData\PROD\AzureDataLake\FUSION\Grant Application.qvd","Grant Application.Assigned Eligibility Compliance","AzureDbProdNIAADL","FUSION","Grant Application","Assigned Eligibility Compliance",,,"mapped","7940"
"FUSION QVD Generator","lib://AppData\PROD\AzureDataLake\FUSION\Grant Application.qvd","Grant Application.Assessment Final Score","AzureDbProdNIAADL","FUSION","Grant Application","Assessment Final Score",,,"mapped","7940"
"FUSION QVD Generator","lib://AppData\PROD\AzureDataLake\FUSION\Grant Application.qvd","Grant Application.Decision Regional Manager","AzureDbProdNIAADL","FUSION","Grant Application","Decision Regional Manager",,,"mapped","7940"
"FUSION QVD Generator","lib://AppData\PROD\AzureDataLake\FUSION\Grant Application.qvd","Grant Application.Eligibility Compliance Done","AzureDbProdNIAADL","FUSION","Grant Application","Eligibility Compliance Done",,,"mapped","7940"
"FUSION QVD Generator","lib://AppData\PROD\AzureDataLake\FUSION\Grant Application.qvd","Grant Application.Completeness Check Done","AzureDbProdNIAADL","FUSION","Grant Application","Completeness Check Done",,,"mapped","7940"
"FUSION QVD Generator","lib://AppData\PROD\AzureDataLake\FUSION\Grant Application.qvd","Grant Application.Application KPI","AzureDbProdNIAADL","FUSION","Grant Application","Application KPI",,,"mapped","7940"
"FUSION QVD Generator","lib://AppData\PROD\AzureDataLake\FUSION\Grant Application.qvd","Grant Application.Risk Rating","AzureDbProdNIAADL","FUSION","Grant Application","Risk Rating",,,"mapped","7940"
"FUSION QVD Generator","lib://AppData\PROD\AzureDataLake\FUSION\Grant Application.qvd","Grant Application.Activity Risk Level","AzureDbProdNIAADL","FUSION","Grant Application","Activity Risk Level",,,"mapped","7940"
"FUSION QVD Generator","lib://AppData\PROD\AzureDataLake\FUSION\Grant Application.qvd","Grant Application.Risk Level Date","AzureDbProdNIAADL","FUSION","Grant Application","Risk Level Date",,,"mapped","7940"
"FUSION QVD Generator","lib://AppData\PROD\AzureDataLake\FUSION\Grant Application.qvd","Grant Application.Primary Contact","AzureDbProdNIAADL","FUSION","Grant Application","Primary Contact",,,"mapped","7940"
"FUSION QVD Generator","lib://AppData\PROD\AzureDataLake\FUSION\Grant Application.qvd","Grant Application.Primary Contact Email","AzureDbProdNIAADL","FUSION","Grant Application","Primary Contact Email",,,"mapped","7940"
"FUSION QVD Generator","lib://AppData\PROD\AzureDataLake\FUSION\Grant Application.qvd","Grant Application.Ranking","AzureDbProdNIAADL","FUSION","Grant Application","Ranking",,,"mapped","7940"
"FUSION QVD Generator","lib://AppData\PROD\AzureDataLake\FUSION\Grant Application.qvd","Grant Application.Risk Assessment Done","AzureDbProdNIAADL","FUSION","Grant Application","Risk Assessment Done",,,"mapped","7940"
"FUSION QVD Generator","lib://AppData\PROD\AzureDataLake\FUSION\Grant Application.qvd","Grant Application.Sent for Risk Assessment","AzureDbProdNIAADL","FUSION","Grant Application","Sent for Risk Assessment",,,"mapped","7940"
"FUSION QVD Generator","lib://AppData\PROD\AzureDataLake\FUSION\Grant Application.qvd","Grant Application.Short Listed","AzureDbProdNIAADL","FUSION","Grant Application","Short Listed",,,"mapped","7940"
"FUSION QVD Generator","lib://AppData\PROD\AzureDataLake\FUSION\Grant Application.qvd","Grant Application.Applicant Declared COI","AzureDbProdNIAADL","FUSION","Grant Application","Applicant Declared COI",,,"mapped","7940"
"FUSION QVD Generator","lib://AppData\PROD\AzureDataLake\FUSION\Grant Assessment.qvd","Grant Assessment.Grant Assessment Id%","AzureDbProdNIAADL","FUSION","Grant Assessment","Grant Assessment Id",,,"mapped","7940"
"FUSION QVD Generator","lib://AppData\PROD\AzureDataLake\FUSION\Grant Assessment.qvd","Grant Assessment.Grant Application Id%","AzureDbProdNIAADL","FUSION","Grant Assessment","Grant Application Id",,,"mapped","7940"
"FUSION QVD Generator","lib://AppData\PROD\AzureDataLake\FUSION\Grant Assessment.qvd","Grant Assessment.Appraiser Last Name","AzureDbProdNIAADL","FUSION","Grant Assessment","Appraiser Last Name",,,"mapped","7940"
"FUSION QVD Generator","lib://AppData\PROD\AzureDataLake\FUSION\Grant Assessment.qvd","Grant Assessment.Appraiser First Name","AzureDbProdNIAADL","FUSION","Grant Assessment","Appraiser First Name",,,"mapped","7940"
"FUSION QVD Generator","lib://AppData\PROD\AzureDataLake\FUSION\Grant Assessment.qvd","Grant Assessment.Appraisal Type","AzureDbProdNIAADL","FUSION","Grant Assessment","Appraisal Type",,,"mapped","7940"
"FUSION QVD Generator","lib://AppData\PROD\AzureDataLake\FUSION\Grant Assessment.qvd","Grant Assessment.Appraisal Status","AzureDbProdNIAADL","FUSION","Grant Assessment","Appraisal Status",,,"mapped","7940"
"FUSION QVD Generator","lib://AppData\PROD\AzureDataLake\FUSION\Grant Assessment.qvd","Grant Assessment.Appraisal Score","AzureDbProdNIAADL","FUSION","Grant Assessment","Appraisal Score",,,"mapped","7940"
"FUSION QVD Generator","lib://AppData\PROD\AzureDataLake\FUSION\Grant Assessment.qvd","Grant Assessment.Final]","AzureDbProdNIAADL","FUSION","Grant Assessment","[Use",,,"parse-error","7940"
"FUSION QVD Generator","lib://AppData\PROD\AzureDataLake\FUSION\Grant Application Process.qvd","Grant Application Process.Grant Application Process Id%","AzureDbProdNIAADL","FUSION","Grant Application Process","Grant Application Process Id",,,"mapped","7940"
"FUSION QVD Generator","lib://AppData\PROD\AzureDataLake\FUSION\Grant Application Process.qvd","Grant Application Process.Grant Application Id%","AzureDbProdNIAADL","FUSION","Grant Application Process","Grant Application Id",,,"mapped","7940"
"FUSION QVD Generator","lib://AppData\PROD\AzureDataLake\FUSION\Grant Application Process.qvd","Grant Application Process.FOFMS From Date","AzureDbProdNIAADL","FUSION","Grant Application Process","FOFMS From Date",,,"mapped","7940"
"FUSION QVD Generator","lib://AppData\PROD\AzureDataLake\FUSION\Grant Application Process.qvd","Grant Application Process.FOFMS To Date","AzureDbProdNIAADL","FUSION","Grant Application Process","FOFMS To Date",,,"mapped","7940"
"FUSION QVD Generator","lib://AppData\PROD\AzureDataLake\FUSION\Grant Application Process.qvd","Grant Application Process.FOFMS status 1","AzureDbProdNIAADL","FUSION","Grant Application Process","FOFMS status 1",,,"mapped","7940"
"FUSION QVD Generator","lib://AppData\PROD\AzureDataLake\FUSION\Grant Application Process.qvd","Grant Application Process.FOFMS status 2","AzureDbProdNIAADL","FUSION","Grant Application Process","FOFMS status 2",,,"mapped","7940"
"FUSION QVD Generator","lib://AppData\PROD\AzureDataLake\FUSION\Financial Year.qvd","Financial Year.Financial Year Id%","AzureDbProdNIAADL","FUSION","Financial Year","Financial Year Id",,,"mapped","7940"
"FUSION QVD Generator","lib://AppData\PROD\AzureDataLake\FUSION\Financial Year.qvd","Financial Year.Financial Year","AzureDbProdNIAADL","FUSION","Financial Year","Financial Year",,,"mapped","7940"
"FUSION QVD Generator","lib://AppData\PROD\AzureDataLake\FUSION\Financial Year.qvd","Financial Year.Start Date","AzureDbProdNIAADL","FUSION","Financial Year","Start Date",,,"mapped","7940"
"FUSION QVD Generator","lib://AppData\PROD\AzureDataLake\FUSION\Financial Year.qvd","Financial Year.End Date","AzureDbProdNIAADL","FUSION","Financial Year","End Date",,,"mapped","7940"
"FUSION QVD Generator","lib://AppData\PROD\AzureDataLake\FUSION\Grant Application Funding.qvd","Grant Application Funding.Application Funding Id%","AzureDbProdNIAADL","FUSION","Grant Application Funding","Application Funding Id",,,"mapped","7940"
"FUSION QVD Generator","lib://AppData\PROD\AzureDataLake\FUSION\Grant Application Funding.qvd","Grant Application Funding.Grant Application Id%","AzureDbProdNIAADL","FUSION","Grant Application Funding","Grant Application Id",,,"mapped","7940"
"FUSION QVD Generator","lib://AppData\PROD\AzureDataLake\FUSION\Grant Application Funding.qvd","Grant Application Funding.Financial Year Id%","AzureDbProdNIAADL","FUSION","Grant Application Funding","Financial Year Id",,,"mapped","7940"
"FUSION QVD Generator","lib://AppData\PROD\AzureDataLake\FUSION\Grant Application Funding.qvd","Grant Application Funding.Financial Year","AzureDbProdNIAADL","FUSION","Grant Application Funding","Financial Year",,,"mapped","7940"
"FUSION QVD Generator","lib://AppData\PROD\AzureDataLake\FUSION\Grant Application Funding.qvd","Grant Application Funding.Funding Percentage","AzureDbProdNIAADL","FUSION","Grant Application Funding","Funding Percentage",,,"mapped","7940"
"FUSION QVD Generator","lib://AppData\PROD\AzureDataLake\FUSION\Grant Application Funding.qvd","Grant Application Funding.Funding Applied For","AzureDbProdNIAADL","FUSION","Grant Application Funding","Funding Applied For",,,"mapped","7940"
"FUSION QVD Generator","lib://AppData\PROD\AzureDataLake\FUSION\Grant Application Funding.qvd","Grant Application Funding.Funding Recommended","AzureDbProdNIAADL","FUSION","Grant Application Funding","Funding Recommended",,,"mapped","7940"
"FUSION QVD Generator","lib://AppData\PROD\AzureDataLake\FUSION\Grant Application Funding.qvd","Grant Application Funding.Programme Id%","AzureDbProdNIAADL","FUSION","Grant Application Funding","Programme Id",,,"mapped","7940"
"FUSION QVD Generator","lib://AppData\PROD\AzureDataLake\FUSION\Grant Application Funding.qvd","Grant Application Funding.Programme","AzureDbProdNIAADL","FUSION","Grant Application Funding","Programme",,,"mapped","7940"
"FUSION QVD Generator","lib://AppData\PROD\AzureDataLake\FUSION\Grant Application Funding Allocation.qvd","Grant Application Funding Allocation.Grant Application Funding Allocation Id%","AzureDbProdNIAADL","FUSION","Grant Application Funding Allocation","Grant Application Funding Allocation Id",,,"mapped","7940"
"FUSION QVD Generator","lib://AppData\PROD\AzureDataLake\FUSION\Grant Application Funding Allocation.qvd","Grant Application Funding Allocation.Grant Application Id%","AzureDbProdNIAADL","FUSION","Grant Application Funding Allocation","Grant Application Id",,,"mapped","7940"
"FUSION QVD Generator","lib://AppData\PROD\AzureDataLake\FUSION\Grant Application Funding Allocation.qvd","Grant Application Funding Allocation.Recommended","AzureDbProdNIAADL","FUSION","Grant Application Funding Allocation","Recommended",,,"mapped","7940"
"FUSION QVD Generator","lib://AppData\PROD\AzureDataLake\FUSION\Grant Application Funding Allocation.qvd","Grant Application Funding Allocation.Funding Percentage","AzureDbProdNIAADL","FUSION","Grant Application Funding Allocation","Funding Percentage",,,"mapped","7940"
"FUSION QVD Generator","lib://AppData\PROD\AzureDataLake\FUSION\Grant Application Funding Allocation.qvd","Grant Application Funding Allocation.Funding Amount","AzureDbProdNIAADL","FUSION","Grant Application Funding Allocation","Funding Amount",,,"mapped","7940"
"FUSION QVD Generator","lib://AppData\PROD\AzureDataLake\FUSION\Grant Application Funding Allocation.qvd","Grant Application Funding Allocation.Programme Id%","AzureDbProdNIAADL","FUSION","Grant Application Funding Allocation","Programme Id",,,"mapped","7940"
"FUSION QVD Generator","lib://AppData\PROD\AzureDataLake\FUSION\Grant Application Funding Allocation.qvd","Grant Application Funding Allocation.Programme","AzureDbProdNIAADL","FUSION","Grant Application Funding Allocation","Programme",,,"mapped","7940"
"FUSION QVD Generator","lib://AppData\PROD\AzureDataLake\FUSION\Grant Application Note.qvd","Grant Application Note.Grant Application Note Id%","AzureDbProdNIAADL","FUSION","Grant Application Note","Grant Application Note Id",,,"mapped","7940"
"FUSION QVD Generator","lib://AppData\PROD\AzureDataLake\FUSION\Grant Application Note.qvd","Grant Application Note.Grant Application Id%","AzureDbProdNIAADL","FUSION","Grant Application Note","Grant Application Id",,,"mapped","7940"
"FUSION QVD Generator","lib://AppData\PROD\AzureDataLake\FUSION\Grant Application Note.qvd","Grant Application Note.FOFMS Note Type","AzureDbProdNIAADL","FUSION","Grant Application Note","FOFMS Note Type",,,"mapped","7940"
"FUSION QVD Generator","lib://AppData\PROD\AzureDataLake\FUSION\Grant Application Note.qvd","Grant Application Note.FOFMS Application Note","AzureDbProdNIAADL","FUSION","Grant Application Note","FOFMS Application Note",,,"mapped","7940"
"FUSION QVD Generator","lib://AppData\PROD\AzureDataLake\FUSION\Grant Application Note.qvd","Grant Application Note.FOFMS Created By","AzureDbProdNIAADL","FUSION","Grant Application Note","FOFMS Created By",,,"mapped","7940"
"FUSION QVD Generator","lib://AppData\PROD\AzureDataLake\FUSION\Grant Application Note.qvd","Grant Application Note.FOFMS Created Date","AzureDbProdNIAADL","FUSION","Grant Application Note","FOFMS Created Date",,,"mapped","7940"
"FUSION QVD Generator","lib://AppData\PROD\AzureDataLake\FUSION\Source System.qvd","Source System.Source System Id%","AzureDbProdNIAADL","FUSION","Source System","Source System Id",,,"mapped","7940"
"FUSION QVD Generator","lib://AppData\PROD\AzureDataLake\FUSION\Source System.qvd","Source System.Source System","AzureDbProdNIAADL","FUSION","Source System","Source System",,,"mapped","7940"
"FUSION QVD Generator","lib://AppData\PROD\AzureDataLake\FUSION\Source System.qvd","Source System.Data Load Date","AzureDbProdNIAADL","FUSION","Source System","Data Load Date",,,"mapped","7940"
"FUSION QVD Generator","lib://AppData\PROD\AzureDataLake\FUSION\Source System.qvd","Source System.Source System Status","AzureDbProdNIAADL","FUSION","Source System","Status",,,"mapped","7940"
"FUSION QVD Generator","lib://AppData\PROD\AzureDataLake\FUSION\Source Organisation.qvd","Source Organisation.Source Organisation Id%","AzureDbProdNIAADL","FUSION","Source Organisation","Source Organisation Id",,,"mapped","7940"
"FUSION QVD Generator","lib://AppData\PROD\AzureDataLake\FUSION\Source Organisation.qvd","Source Organisation.Organisation Id%","AzureDbProdNIAADL","FUSION","Source Organisation","Organisation Id",,,"mapped","7940"
"FUSION QVD Generator","lib://AppData\PROD\AzureDataLake\FUSION\Source Organisation.qvd","Source Organisation.Source System Id%","AzureDbProdNIAADL","FUSION","Source Organisation","Source System Id",,,"mapped","7940"
"FUSION QVD Generator","lib://AppData\PROD\AzureDataLake\FUSION\Source Organisation.qvd","Source Organisation.Source System","AzureDbProdNIAADL","FUSION","Source Organisation","Source System",,,"mapped","7940"
"FUSION QVD Generator","lib://AppData\PROD\AzureDataLake\FUSION\Source Organisation.qvd","Source Organisation.Source Organisation Name","AzureDbProdNIAADL","FUSION","Source Organisation","Source Organisation Name",,,"mapped","7940"
"FUSION QVD Generator","lib://AppData\PROD\AzureDataLake\FUSION\Source Organisation.qvd","Source Organisation.Legal Entity Id","AzureDbProdNIAADL","FUSION","Source Organisation","Legal Entity Id",,,"mapped","7940"
"FUSION QVD Generator","lib://AppData\PROD\AzureDataLake\FUSION\Source Organisation.qvd","Source Organisation.Trading Name","AzureDbProdNIAADL","FUSION","Source Organisation","Trading Name",,,"mapped","7940"
"FUSION QVD Generator","lib://AppData\PROD\AzureDataLake\FUSION\Source Organisation.qvd","Source Organisation.ABN","AzureDbProdNIAADL","FUSION","Source Organisation","ABN",,,"mapped","7940"
"FUSION QVD Generator","lib://AppData\PROD\AzureDataLake\FUSION\Source Organisation.qvd","Source Organisation.Address Line","AzureDbProdNIAADL","FUSION","Source Organisation","Address Line",,,"mapped","7940"
"FUSION QVD Generator","lib://AppData\PROD\AzureDataLake\FUSION\Source Organisation.qvd","Source Organisation.Address Line 1","AzureDbProdNIAADL","FUSION","Source Organisation","Address Line 1",,,"mapped","7940"
"FUSION QVD Generator","lib://AppData\PROD\AzureDataLake\FUSION\Source Organisation.qvd","Source Organisation.City","AzureDbProdNIAADL","FUSION","Source Organisation","City",,,"mapped","7940"
"FUSION QVD Generator","lib://AppData\PROD\AzureDataLake\FUSION\Source Organisation.qvd","Source Organisation.State","AzureDbProdNIAADL","FUSION","Source Organisation","State",,,"mapped","7940"
"FUSION QVD Generator","lib://AppData\PROD\AzureDataLake\FUSION\Source Organisation.qvd","Source Organisation.Postcode","AzureDbProdNIAADL","FUSION","Source Organisation","Postcode",,,"mapped","7940"
"FUSION QVD Generator","lib://AppData\PROD\AzureDataLake\FUSION\Source Organisation.qvd","Source Organisation.Email Address","AzureDbProdNIAADL","FUSION","Source Organisation","Email Address",,,"mapped","7940"
"FUSION QVD Generator","lib://AppData\PROD\AzureDataLake\FUSION\Source Organisation.qvd","Source Organisation.Legal Name","AzureDbProdNIAADL","FUSION","Source Organisation","Legal Name",,,"mapped","7940"
"FUSION QVD Generator","lib://AppData\PROD\AzureDataLake\FUSION\Source Organisation.qvd","Source Organisation.Legal Entity Type","AzureDbProdNIAADL","FUSION","Source Organisation","Legal Entity Type",,,"mapped","7940"
"FUSION QVD Generator","lib://AppData\PROD\AzureDataLake\FUSION\Source Organisation.qvd","Source Organisation.Source Organisation Status","AzureDbProdNIAADL","FUSION","Source Organisation","Status",,,"mapped","7940"
"FUSION QVD Generator","lib://AppData\PROD\AzureDataLake\FUSION\Organisation.qvd","Organisation.Organisation Id%","AzureDbProdNIAADL","FUSION","Organisation","Organisation Id",,,"mapped","7940"
"FUSION QVD Generator","lib://AppData\PROD\AzureDataLake\FUSION\Organisation.qvd","Organisation.Organisation","AzureDbProdNIAADL","FUSION","Organisation","Organisation",,,"mapped","7940"
"FUSION QVD Generator","lib://AppData\PROD\AzureDataLake\FUSION\Organisation.qvd","Organisation.Entity Type Code","AzureDbProdNIAADL","FUSION","Organisation","Entity Type Code",,,"mapped","7940"
"FUSION QVD Generator","lib://AppData\PROD\AzureDataLake\FUSION\Organisation.qvd","Organisation.Entity Type","AzureDbProdNIAADL","FUSION","Organisation","Entity Type",,,"mapped","7940"
"FUSION QVD Generator","lib://AppData\PROD\AzureDataLake\FUSION\Organisation.qvd","Organisation.ABN","AzureDbProdNIAADL","FUSION","Organisation","ABN",,,"mapped","7940"
"FUSION QVD Generator","lib://AppData\PROD\AzureDataLake\FUSION\Organisation.qvd","Organisation.ASIC Number","AzureDbProdNIAADL","FUSION","Organisation","ASIC Number",,,"mapped","7940"
"FUSION QVD Generator","lib://AppData\PROD\AzureDataLake\FUSION\Organisation.qvd","Organisation.Email Address","AzureDbProdNIAADL","FUSION","Organisation","Email Address",,,"mapped","7940"
"FUSION QVD Generator","lib://AppData\PROD\AzureDataLake\FUSION\Organisation.qvd","Organisation.City","AzureDbProdNIAADL","FUSION","Organisation","City",,,"mapped","7940"
"FUSION QVD Generator","lib://AppData\PROD\AzureDataLake\FUSION\Organisation.qvd","Organisation.State","AzureDbProdNIAADL","FUSION","Organisation","State",,,"mapped","7940"
"FUSION QVD Generator","lib://AppData\PROD\AzureDataLake\FUSION\Organisation.qvd","Organisation.Postcode","AzureDbProdNIAADL","FUSION","Organisation","Postcode",,,"mapped","7940"
"FUSION QVD Generator","lib://AppData\PROD\AzureDataLake\FUSION\Organisation.qvd","Organisation.ORP Approved Date","AzureDbProdNIAADL","FUSION","Organisation","ORP Approved Date",,,"mapped","7940"
"FUSION QVD Generator","lib://AppData\PROD\AzureDataLake\FUSION\Organisation.qvd","Organisation.ORP Expiry Date","AzureDbProdNIAADL","FUSION","Organisation","ORP Expiry Date",,,"mapped","7940"
"FUSION QVD Generator","lib://AppData\PROD\AzureDataLake\FUSION\Organisation.qvd","Organisation.ORP Risk Rating","AzureDbProdNIAADL","FUSION","Organisation","ORP Risk Rating",,,"mapped","7940"
"FUSION QVD Generator","lib://AppData\PROD\AzureDataLake\FUSION\Organisation.qvd","Organisation.Risk Exemption Date","AzureDbProdNIAADL","FUSION","Organisation","Risk Exemption Date",,,"mapped","7940"
"FUSION QVD Generator","lib://AppData\PROD\AzureDataLake\FUSION\Organisation.qvd","Organisation.Risk Exemption Justification","AzureDbProdNIAADL","FUSION","Organisation","Risk Exemption Justification",,,"mapped","7940"
"FUSION QVD Generator","lib://AppData\PROD\AzureDataLake\FUSION\Organisation.qvd","Organisation.Risk Exemption Reason","AzureDbProdNIAADL","FUSION","Organisation","Risk Exemption Reason",,,"mapped","7940"
"FUSION QVD Generator","lib://AppData\PROD\AzureDataLake\FUSION\Organisation.qvd","Organisation.Indigenous Status","AzureDbProdNIAADL","FUSION","Organisation","Indigenous Status",,,"mapped","7940"
"FUSION QVD Generator","lib://AppData\PROD\AzureDataLake\FUSION\Organisation.qvd","Organisation.Indigeneity","AzureDbProdNIAADL","FUSION","Organisation","Indigeneity",,,"mapped","7940"
"FUSION QVD Generator","lib://AppData\PROD\AzureDataLake\FUSION\Organisation.qvd","Organisation.Indigeneity Effective Date","AzureDbProdNIAADL","FUSION","Organisation","Indigeneity Effective Date",,,"mapped","7940"
"FUSION QVD Generator","lib://AppData\PROD\AzureDataLake\FUSION\Organisation.qvd","Organisation.Status","AzureDbProdNIAADL","FUSION","Organisation","Status",,,"mapped","7940"
"FUSION QVD Generator","lib://AppData\PROD\AzureDataLake\FUSION\Organisation.qvd","Organisation.Latest Performance Rating","AzureDbProdNIAADL","FUSION","Organisation","Latest Performance Rating",,,"mapped","7940"
"FUSION QVD Generator","lib://AppData\PROD\AzureDataLake\FUSION\Organisation.qvd","Organisation.PRA Approved Date","AzureDbProdNIAADL","FUSION","Organisation","PRA Approved Date",,,"mapped","7940"
"FUSION QVD Generator","lib://AppData\PROD\AzureDataLake\FUSION\Organisation.qvd","Organisation.Compliance Concern","AzureDbProdNIAADL","FUSION","Organisation","Compliance Concern",,,"mapped","7940"
"FUSION QVD Generator","lib://AppData\PROD\AzureDataLake\FUSION\Organisation.qvd","Organisation.Compliance Concern Risk Score","AzureDbProdNIAADL","FUSION","Organisation","Compliance Concern Risk Score",,,"mapped","7940"
"FUSION QVD Generator","lib://AppData\PROD\AzureDataLake\FUSION\Organisation.qvd","Organisation.Compliance Concern Updated On","AzureDbProdNIAADL","FUSION","Organisation","Compliance Concern Updated On",,,"mapped","7940"
"FUSION QVD Generator","lib://AppData\PROD\AzureDataLake\FUSION\Organisation.qvd","Organisation.Compliance Concern Updated By","AzureDbProdNIAADL","FUSION","Organisation","Compliance Concern Updated By",,,"mapped","7940"
"FUSION QVD Generator","lib://AppData\PROD\AzureDataLake\FUSION\Organisation.qvd","Organisation.Current Activities Count","AzureDbProdNIAADL","FUSION","Organisation","Current Activities Count",,,"mapped","7940"
"FUSION QVD Generator","lib://AppData\PROD\AzureDataLake\FUSION\Organisation.qvd","Organisation.Latitude","AzureDbProdNIAADL","FUSION","Organisation","Latitude",,,"mapped","7940"
"FUSION QVD Generator","lib://AppData\PROD\AzureDataLake\FUSION\Organisation.qvd","Organisation.Longitude","AzureDbProdNIAADL","FUSION","Organisation","Longitude",,,"mapped","7940"
"FUSION QVD Generator","lib://AppData\PROD\AzureDataLake\FUSION\Organisation.qvd","Organisation.Annual funding over 500k","AzureDbProdNIAADL","FUSION","Organisation","Annual funding over 500k",,,"mapped","7940"
"FUSION QVD Generator","lib://AppData\PROD\AzureDataLake\FUSION\Organisation Risk Profile.qvd","Organisation Risk Profile.Organisation Risk Profile Id%","AzureDbProdNIAADL","FUSION","Organisation Risk Profile","Organisation Risk Profile Id",,,"mapped","7940"
"FUSION QVD Generator","lib://AppData\PROD\AzureDataLake\FUSION\Organisation Risk Profile.qvd","Organisation Risk Profile.Organisation Id%","AzureDbProdNIAADL","FUSION","Organisation Risk Profile","Organisation Id",,,"mapped","7940"
"FUSION QVD Generator","lib://AppData\PROD\AzureDataLake\FUSION\Organisation Risk Profile.qvd","Organisation Risk Profile.PMC Region Id%","AzureDbProdNIAADL","FUSION","Organisation Risk Profile","PMC Region Id",,,"mapped","7940"
"FUSION QVD Generator","lib://AppData\PROD\AzureDataLake\FUSION\Organisation Risk Profile.qvd","Organisation Risk Profile.Grant Application Id%","AzureDbProdNIAADL","FUSION","Organisation Risk Profile","Grant Application Id",,,"mapped","7940"
"FUSION QVD Generator","lib://AppData\PROD\AzureDataLake\FUSION\Organisation Risk Profile.qvd","Organisation Risk Profile.Questionnaire Template Id%","AzureDbProdNIAADL","FUSION","Organisation Risk Profile","Questionnaire Template Id",,,"mapped","7940"
"FUSION QVD Generator","lib://AppData\PROD\AzureDataLake\FUSION\Organisation Risk Profile.qvd","Organisation Risk Profile.Action Officer","AzureDbProdNIAADL","FUSION","Organisation Risk Profile","Action Officer",,,"mapped","7940"
"FUSION QVD Generator","lib://AppData\PROD\AzureDataLake\FUSION\Organisation Risk Profile.qvd","Organisation Risk Profile.Action Officer Relationship","AzureDbProdNIAADL","FUSION","Organisation Risk Profile","Action Officer Relationship",,,"mapped","7940"
"FUSION QVD Generator","lib://AppData\PROD\AzureDataLake\FUSION\Organisation Risk Profile.qvd","Organisation Risk Profile.Additional Conditions Message","AzureDbProdNIAADL","FUSION","Organisation Risk Profile","Additional Conditions Message",,,"mapped","7940"
"FUSION QVD Generator","lib://AppData\PROD\AzureDataLake\FUSION\Organisation Risk Profile.qvd","Organisation Risk Profile.Approved","AzureDbProdNIAADL","FUSION","Organisation Risk Profile","Approved",,,"mapped","7940"
"FUSION QVD Generator","lib://AppData\PROD\AzureDataLake\FUSION\Organisation Risk Profile.qvd","Organisation Risk Profile.ApprovedBy","AzureDbProdNIAADL","FUSION","Organisation Risk Profile","ApprovedBy",,,"mapped","7940"
"FUSION QVD Generator","lib://AppData\PROD\AzureDataLake\FUSION\Organisation Risk Profile.qvd","Organisation Risk Profile.Approved Date","AzureDbProdNIAADL","FUSION","Organisation Risk Profile","Approved Date",,,"mapped","7940"
"FUSION QVD Generator","lib://AppData\PROD\AzureDataLake\FUSION\Organisation Risk Profile.qvd","Organisation Risk Profile.Assessment Due Date","AzureDbProdNIAADL","FUSION","Organisation Risk Profile","Assessment Due Date",,,"mapped","7940"
"FUSION QVD Generator","lib://AppData\PROD\AzureDataLake\FUSION\Organisation Risk Profile.qvd","Organisation Risk Profile.Clearance Ccomments","AzureDbProdNIAADL","FUSION","Organisation Risk Profile","Clearance Ccomments",,,"mapped","7940"
"FUSION QVD Generator","lib://AppData\PROD\AzureDataLake\FUSION\Organisation Risk Profile.qvd","Organisation Risk Profile.Cleared","AzureDbProdNIAADL","FUSION","Organisation Risk Profile","Cleared",,,"mapped","7940"
"FUSION QVD Generator","lib://AppData\PROD\AzureDataLake\FUSION\Organisation Risk Profile.qvd","Organisation Risk Profile.Cleared By","AzureDbProdNIAADL","FUSION","Organisation Risk Profile","Cleared By",,,"mapped","7940"
"FUSION QVD Generator","lib://AppData\PROD\AzureDataLake\FUSION\Organisation Risk Profile.qvd","Organisation Risk Profile.Cleared On","AzureDbProdNIAADL","FUSION","Organisation Risk Profile","Cleared On",,,"mapped","7940"
"FUSION QVD Generator","lib://AppData\PROD\AzureDataLake\FUSION\Organisation Risk Profile.qvd","Organisation Risk Profile.Conflict Of Interest","AzureDbProdNIAADL","FUSION","Organisation Risk Profile","Conflict Of Interest",,,"mapped","7940"
"FUSION QVD Generator","lib://AppData\PROD\AzureDataLake\FUSION\Organisation Risk Profile.qvd","Organisation Risk Profile.Exemption Removal Justification","AzureDbProdNIAADL","FUSION","Organisation Risk Profile","Exemption Removal Justification",,,"mapped","7940"
"FUSION QVD Generator","lib://AppData\PROD\AzureDataLake\FUSION\Organisation Risk Profile.qvd","Organisation Risk Profile.Expiry Date","AzureDbProdNIAADL","FUSION","Organisation Risk Profile","Expiry Date",,,"mapped","7940"
"FUSION QVD Generator","lib://AppData\PROD\AzureDataLake\FUSION\Organisation Risk Profile.qvd","Organisation Risk Profile.Latest ORP","AzureDbProdNIAADL","FUSION","Organisation Risk Profile","Latest ORP",,,"mapped","7940"
"FUSION QVD Generator","lib://AppData\PROD\AzureDataLake\FUSION\Organisation Risk Profile.qvd","Organisation Risk Profile.Funded At Review","AzureDbProdNIAADL","FUSION","Organisation Risk Profile","Funded At Review",,,"mapped","7940"
"FUSION QVD Generator","lib://AppData\PROD\AzureDataLake\FUSION\Organisation Risk Profile.qvd","Organisation Risk Profile.Is Automatically Created","AzureDbProdNIAADL","FUSION","Organisation Risk Profile","Is Automatically Created",,,"mapped","7940"
"FUSION QVD Generator","lib://AppData\PROD\AzureDataLake\FUSION\Organisation Risk Profile.qvd","Organisation Risk Profile.Key Contact","AzureDbProdNIAADL","FUSION","Organisation Risk Profile","Key Contact",,,"mapped","7940"
"FUSION QVD Generator","lib://AppData\PROD\AzureDataLake\FUSION\Organisation Risk Profile.qvd","Organisation Risk Profile.Name","AzureDbProdNIAADL","FUSION","Organisation Risk Profile","Name",,,"mapped","7940"
"FUSION QVD Generator","lib://AppData\PROD\AzureDataLake\FUSION\Organisation Risk Profile.qvd","Organisation Risk Profile.Notified By","AzureDbProdNIAADL","FUSION","Organisation Risk Profile","Notified By",,,"mapped","7940"
"FUSION QVD Generator","lib://AppData\PROD\AzureDataLake\FUSION\Organisation Risk Profile.qvd","Organisation Risk Profile.Notified On","AzureDbProdNIAADL","FUSION","Organisation Risk Profile","Notified On",,,"mapped","7940"
"FUSION QVD Generator","lib://AppData\PROD\AzureDataLake\FUSION\Organisation Risk Profile.qvd","Organisation Risk Profile.On Behalf Of","AzureDbProdNIAADL","FUSION","Organisation Risk Profile","On Behalf Of",,,"mapped","7940"
"FUSION QVD Generator","lib://AppData\PROD\AzureDataLake\FUSION\Organisation Risk Profile.qvd","Organisation Risk Profile.Organisation Notified","AzureDbProdNIAADL","FUSION","Organisation Risk Profile","Organisation Notified",,,"mapped","7940"
"FUSION QVD Generator","lib://AppData\PROD\AzureDataLake\FUSION\Organisation Risk Profile.qvd","Organisation Risk Profile.Prepared For Review By","AzureDbProdNIAADL","FUSION","Organisation Risk Profile","Prepared For Review By",,,"mapped","7940"
"FUSION QVD Generator","lib://AppData\PROD\AzureDataLake\FUSION\Organisation Risk Profile.qvd","Organisation Risk Profile.Prepared For Review On","AzureDbProdNIAADL","FUSION","Organisation Risk Profile","Prepared For Review On",,,"mapped","7940"
"FUSION QVD Generator","lib://AppData\PROD\AzureDataLake\FUSION\Organisation Risk Profile.qvd","Organisation Risk Profile.Pre-review Approved Date","AzureDbProdNIAADL","FUSION","Organisation Risk Profile","Pre-review Approved Date",,,"mapped","7940"
"FUSION QVD Generator","lib://AppData\PROD\AzureDataLake\FUSION\Organisation Risk Profile.qvd","Organisation Risk Profile.Pre-review Expiry Date","AzureDbProdNIAADL","FUSION","Organisation Risk Profile","Pre-review Expiry Date",,,"mapped","7940"
"FUSION QVD Generator","lib://AppData\PROD\AzureDataLake\FUSION\Organisation Risk Profile.qvd","Organisation Risk Profile.Pre-review Risk Rating","AzureDbProdNIAADL","FUSION","Organisation Risk Profile","Pre-review Risk Rating",,,"mapped","7940"
"FUSION QVD Generator","lib://AppData\PROD\AzureDataLake\FUSION\Organisation Risk Profile.qvd","Organisation Risk Profile.Ready For Review","AzureDbProdNIAADL","FUSION","Organisation Risk Profile","Ready For Review",,,"mapped","7940"
"FUSION QVD Generator","lib://AppData\PROD\AzureDataLake\FUSION\Organisation Risk Profile.qvd","Organisation Risk Profile.Reason For Change","AzureDbProdNIAADL","FUSION","Organisation Risk Profile","Reason For Change",,,"mapped","7940"
"FUSION QVD Generator","lib://AppData\PROD\AzureDataLake\FUSION\Organisation Risk Profile.qvd","Organisation Risk Profile.Revert Reason","AzureDbProdNIAADL","FUSION","Organisation Risk Profile","Revert Reason",,,"mapped","7940"
"FUSION QVD Generator","lib://AppData\PROD\AzureDataLake\FUSION\Organisation Risk Profile.qvd","Organisation Risk Profile.Review Complete","AzureDbProdNIAADL","FUSION","Organisation Risk Profile","Review Complete",,,"mapped","7940"
"FUSION QVD Generator","lib://AppData\PROD\AzureDataLake\FUSION\Organisation Risk Profile.qvd","Organisation Risk Profile.Reviewed By","AzureDbProdNIAADL","FUSION","Organisation Risk Profile","Reviewed By",,,"mapped","7940"
"FUSION QVD Generator","lib://AppData\PROD\AzureDataLake\FUSION\Organisation Risk Profile.qvd","Organisation Risk Profile.Reviewed On","AzureDbProdNIAADL","FUSION","Organisation Risk Profile","Reviewed On",,,"mapped","7940"
"FUSION QVD Generator","lib://AppData\PROD\AzureDataLake\FUSION\Organisation Risk Profile.qvd","Organisation Risk Profile.Risk Exemption Justification","AzureDbProdNIAADL","FUSION","Organisation Risk Profile","Risk Exemption Justification",,,"mapped","7940"
"FUSION QVD Generator","lib://AppData\PROD\AzureDataLake\FUSION\Organisation Risk Profile.qvd","Organisation Risk Profile.Risk Exemption Reason","AzureDbProdNIAADL","FUSION","Organisation Risk Profile","Risk Exemption Reason",,,"mapped","7940"
"FUSION QVD Generator","lib://AppData\PROD\AzureDataLake\FUSION\Organisation Risk Profile.qvd","Organisation Risk Profile.Risk Profile Number","AzureDbProdNIAADL","FUSION","Organisation Risk Profile","Risk Profile Number",,,"mapped","7940"
"FUSION QVD Generator","lib://AppData\PROD\AzureDataLake\FUSION\Organisation Risk Profile.qvd","Organisation Risk Profile.Risk Rating","AzureDbProdNIAADL","FUSION","Organisation Risk Profile","Risk Rating",,,"mapped","7940"
"FUSION QVD Generator","lib://AppData\PROD\AzureDataLake\FUSION\Organisation Risk Profile.qvd","Organisation Risk Profile.Risk Review Reason","AzureDbProdNIAADL","FUSION","Organisation Risk Profile","Risk Review Reason",,,"mapped","7940"
"FUSION QVD Generator","lib://AppData\PROD\AzureDataLake\FUSION\Organisation Risk Profile.qvd","Organisation Risk Profile.State","AzureDbProdNIAADL","FUSION","Organisation Risk Profile","State",,,"mapped","7940"
"FUSION QVD Generator","lib://AppData\PROD\AzureDataLake\FUSION\Organisation Risk Profile.qvd","Organisation Risk Profile.Status","AzureDbProdNIAADL","FUSION","Organisation Risk Profile","Status",,,"mapped","7940"
"FUSION QVD Generator","lib://AppData\PROD\AzureDataLake\FUSION\Organisation Risk Profile Derived History.qvd","Organisation Risk Profile Derived History.End of Month","AzureDbProdNIAADL","FUSION","Organisation Risk Profile Derived History","End of Month",,,"mapped","7940"
"FUSION QVD Generator","lib://AppData\PROD\AzureDataLake\FUSION\Organisation Risk Profile Derived History.qvd","Organisation Risk Profile Derived History.Organisation Risk Profile Id%","AzureDbProdNIAADL","FUSION","Organisation Risk Profile Derived History","Organisation Risk Profile Id",,,"mapped","7940"
"FUSION QVD Generator","lib://AppData\PROD\AzureDataLake\FUSION\Organisation Risk Profile Derived History.qvd","Organisation Risk Profile Derived History.Days Overdue","AzureDbProdNIAADL","FUSION","Organisation Risk Profile Derived History","Days Overdue",,,"mapped","7940"
"FUSION QVD Generator","lib://AppData\PROD\AzureDataLake\FUSION\Organisation Additional Condition.qvd","Organisation Additional Condition.Organisation Additional Condition Id%","AzureDbProdNIAADL","FUSION","Organisation Additional Condition","Organisation Additional Condition Id",,,"mapped","7940"
"FUSION QVD Generator","lib://AppData\PROD\AzureDataLake\FUSION\Organisation Additional Condition.qvd","Organisation Additional Condition.Organisation Id%","AzureDbProdNIAADL","FUSION","Organisation Additional Condition","Organisation Id",,,"mapped","7940"
"FUSION QVD Generator","lib://AppData\PROD\AzureDataLake\FUSION\Organisation Additional Condition.qvd","Organisation Additional Condition.Added By","AzureDbProdNIAADL","FUSION","Organisation Additional Condition","Added By",,,"mapped","7940"
"FUSION QVD Generator","lib://AppData\PROD\AzureDataLake\FUSION\Organisation Additional Condition.qvd","Organisation Additional Condition.Additional Condition","AzureDbProdNIAADL","FUSION","Organisation Additional Condition","Additional Condition",,,"mapped","7940"
"FUSION QVD Generator","lib://AppData\PROD\AzureDataLake\FUSION\Organisation Additional Condition.qvd","Organisation Additional Condition.Addition Justification","AzureDbProdNIAADL","FUSION","Organisation Additional Condition","Addition Justification",,,"mapped","7940"
"FUSION QVD Generator","lib://AppData\PROD\AzureDataLake\FUSION\Organisation Additional Condition.qvd","Organisation Additional Condition.Addition Risk Profile","AzureDbProdNIAADL","FUSION","Organisation Additional Condition","Addition Risk Profile",,,"mapped","7940"
"FUSION QVD Generator","lib://AppData\PROD\AzureDataLake\FUSION\Organisation Additional Condition.qvd","Organisation Additional Condition.Applicable From Date","AzureDbProdNIAADL","FUSION","Organisation Additional Condition","Applicable From Date",,,"mapped","7940"
"FUSION QVD Generator","lib://AppData\PROD\AzureDataLake\FUSION\Organisation Additional Condition.qvd","Organisation Additional Condition.Applicable To Date","AzureDbProdNIAADL","FUSION","Organisation Additional Condition","Applicable To Date",,,"mapped","7940"
"FUSION QVD Generator","lib://AppData\PROD\AzureDataLake\FUSION\Organisation Additional Condition.qvd","Organisation Additional Condition.Last Reviewed By","AzureDbProdNIAADL","FUSION","Organisation Additional Condition","Last Reviewed By",,,"mapped","7940"
"FUSION QVD Generator","lib://AppData\PROD\AzureDataLake\FUSION\Organisation Additional Condition.qvd","Organisation Additional Condition.Last Reviewed Date","AzureDbProdNIAADL","FUSION","Organisation Additional Condition","Last Reviewed Date",,,"mapped","7940"
"FUSION QVD Generator","lib://AppData\PROD\AzureDataLake\FUSION\Organisation Additional Condition.qvd","Organisation Additional Condition.Name","AzureDbProdNIAADL","FUSION","Organisation Additional Condition","Name",,,"mapped","7940"
"FUSION QVD Generator","lib://AppData\PROD\AzureDataLake\FUSION\Organisation Additional Condition.qvd","Organisation Additional Condition.Removal Justification","AzureDbProdNIAADL","FUSION","Organisation Additional Condition","Removal Justification",,,"mapped","7940"
"FUSION QVD Generator","lib://AppData\PROD\AzureDataLake\FUSION\Organisation Additional Condition.qvd","Organisation Additional Condition.Removal Risk Profile","AzureDbProdNIAADL","FUSION","Organisation Additional Condition","Removal Risk Profile",,,"mapped","7940"
"FUSION QVD Generator","lib://AppData\PROD\AzureDataLake\FUSION\Organisation Additional Condition.qvd","Organisation Additional Condition.Removed By","AzureDbProdNIAADL","FUSION","Organisation Additional Condition","Removed By",,,"mapped","7940"
"FUSION QVD Generator","lib://AppData\PROD\AzureDataLake\FUSION\Organisation Additional Condition.qvd","Organisation Additional Condition.Source","AzureDbProdNIAADL","FUSION","Organisation Additional Condition","Source",,,"mapped","7940"
"FUSION QVD Generator","lib://AppData\PROD\AzureDataLake\FUSION\Organisation Additional Condition.qvd","Organisation Additional Condition.Status","AzureDbProdNIAADL","FUSION","Organisation Additional Condition","Status",,,"mapped","7940"
"FUSION QVD Generator","lib://AppData\PROD\AzureDataLake\FUSION\Organisation Current Risk Profile.qvd","Organisation Current Risk Profile.Organisation Risk Profile Id%","AzureDbProdNIAADL","FUSION","Organisation Current Risk Profile","Organisation Risk Profile Id",,,"mapped","7940"
"FUSION QVD Generator","lib://AppData\PROD\AzureDataLake\FUSION\Organisation Current Risk Profile.qvd","Organisation Current Risk Profile.Risk Profile Number","AzureDbProdNIAADL","FUSION","Organisation Current Risk Profile","Risk Profile Number",,,"mapped","7940"
"FUSION QVD Generator","lib://AppData\PROD\AzureDataLake\FUSION\Organisation Current Risk Profile.qvd","Organisation Current Risk Profile.Risk Rating","AzureDbProdNIAADL","FUSION","Organisation Current Risk Profile","Risk Rating",,,"mapped","7940"
"FUSION QVD Generator","lib://AppData\PROD\AzureDataLake\FUSION\Organisation Current Risk Profile.qvd","Organisation Current Risk Profile.Previous Risk Rating","AzureDbProdNIAADL","FUSION","Organisation Current Risk Profile","Previous Risk Rating",,,"mapped","7940"
"FUSION QVD Generator","lib://AppData\PROD\AzureDataLake\FUSION\Organisation Current Risk Profile.qvd","Organisation Current Risk Profile.Service Delivery Risk","AzureDbProdNIAADL","FUSION","Organisation Current Risk Profile","Service Delivery Risk",,,"mapped","7940"
"FUSION QVD Generator","lib://AppData\PROD\AzureDataLake\FUSION\Organisation Current Risk Profile.qvd","Organisation Current Risk Profile.Service Delivery Risk and Issues","AzureDbProdNIAADL","FUSION","Organisation Current Risk Profile","Service Delivery Risk and Issues",,,"mapped","7940"
"FUSION QVD Generator","lib://AppData\PROD\AzureDataLake\FUSION\Organisation Current Risk Profile.qvd","Organisation Current Risk Profile.Service Delivery Risk Mitigations","AzureDbProdNIAADL","FUSION","Organisation Current Risk Profile","Service Delivery Risk Mitigations",,,"mapped","7940"
"FUSION QVD Generator","lib://AppData\PROD\AzureDataLake\FUSION\Organisation Current Risk Profile.qvd","Organisation Current Risk Profile.Financial Management Risk","AzureDbProdNIAADL","FUSION","Organisation Current Risk Profile","Financial Management Risk",,,"mapped","7940"
"FUSION QVD Generator","lib://AppData\PROD\AzureDataLake\FUSION\Organisation Current Risk Profile.qvd","Organisation Current Risk Profile.Financial Management Risk and Issues","AzureDbProdNIAADL","FUSION","Organisation Current Risk Profile","Financial Management Risk and Issues",,,"mapped","7940"
"FUSION QVD Generator","lib://AppData\PROD\AzureDataLake\FUSION\Organisation Current Risk Profile.qvd","Organisation Current Risk Profile.Financial Management Risk Mitigations","AzureDbProdNIAADL","FUSION","Organisation Current Risk Profile","Financial Management Risk Mitigations",,,"mapped","7940"
"FUSION QVD Generator","lib://AppData\PROD\AzureDataLake\FUSION\Organisation Current Risk Profile.qvd","Organisation Current Risk Profile.Governance Risk","AzureDbProdNIAADL","FUSION","Organisation Current Risk Profile","Governance Risk",,,"mapped","7940"
"FUSION QVD Generator","lib://AppData\PROD\AzureDataLake\FUSION\Organisation Current Risk Profile.qvd","Organisation Current Risk Profile.Governance Risk and Issues","AzureDbProdNIAADL","FUSION","Organisation Current Risk Profile","Governance Risk and Issues",,,"mapped","7940"
"FUSION QVD Generator","lib://AppData\PROD\AzureDataLake\FUSION\Organisation Current Risk Profile.qvd","Organisation Current Risk Profile.Governance Risk Mitigations","AzureDbProdNIAADL","FUSION","Organisation Current Risk Profile","Governance Risk Mitigations",,,"mapped","7940"
"FUSION QVD Generator","lib://AppData\PROD\AzureDataLake\FUSION\Questionnaire Question.qvd","Questionnaire Question.Questionnaire Question Id%","AzureDbProdNIAADL","FUSION","Questionnaire Question","Questionnaire Question Id",,,"mapped","7940"
"FUSION QVD Generator","lib://AppData\PROD\AzureDataLake\FUSION\Questionnaire Question.qvd","Questionnaire Question.Questionnaire Section Id%","AzureDbProdNIAADL","FUSION","Questionnaire Question","Questionnaire Section Id",,,"mapped","7940"
"FUSION QVD Generator","lib://AppData\PROD\AzureDataLake\FUSION\Questionnaire Question.qvd","Questionnaire Question.Question Template Id%","AzureDbProdNIAADL","FUSION","Questionnaire Question","Question Template Id",,,"mapped","7940"
"FUSION QVD Generator","lib://AppData\PROD\AzureDataLake\FUSION\Questionnaire Question.qvd","Questionnaire Question.Answered","AzureDbProdNIAADL","FUSION","Questionnaire Question","Answered",,,"mapped","7940"
"FUSION QVD Generator","lib://AppData\PROD\AzureDataLake\FUSION\Questionnaire Question.qvd","Questionnaire Question.Enabled","AzureDbProdNIAADL","FUSION","Questionnaire Question","Enabled",,,"mapped","7940"
"FUSION QVD Generator","lib://AppData\PROD\AzureDataLake\FUSION\Questionnaire Question.qvd","Questionnaire Question.Evidence Comments","AzureDbProdNIAADL","FUSION","Questionnaire Question","Evidence Comments",,,"mapped","7940"
"FUSION QVD Generator","lib://AppData\PROD\AzureDataLake\FUSION\Questionnaire Question.qvd","Questionnaire Question.Guidance Text","AzureDbProdNIAADL","FUSION","Questionnaire Question","Guidance Text",,,"mapped","7940"
"FUSION QVD Generator","lib://AppData\PROD\AzureDataLake\FUSION\Questionnaire Question.qvd","Questionnaire Question.Name","AzureDbProdNIAADL","FUSION","Questionnaire Question","Name",,,"mapped","7940"
"FUSION QVD Generator","lib://AppData\PROD\AzureDataLake\FUSION\Questionnaire Question.qvd","Questionnaire Question.Order","AzureDbProdNIAADL","FUSION","Questionnaire Question","Order",,,"mapped","7940"
"FUSION QVD Generator","lib://AppData\PROD\AzureDataLake\FUSION\Questionnaire Question.qvd","Questionnaire Question.Question Text","AzureDbProdNIAADL","FUSION","Questionnaire Question","Question Text",,,"mapped","7940"
"FUSION QVD Generator","lib://AppData\PROD\AzureDataLake\FUSION\Questionnaire Question.qvd","Questionnaire Question.State","AzureDbProdNIAADL","FUSION","Questionnaire Question","State",,,"mapped","7940"
"FUSION QVD Generator","lib://AppData\PROD\AzureDataLake\FUSION\Questionnaire Question.qvd","Questionnaire Question.Status","AzureDbProdNIAADL","FUSION","Questionnaire Question","Status",,,"mapped","7940"
"FUSION QVD Generator","lib://AppData\PROD\AzureDataLake\FUSION\Questionnaire Response.qvd","Questionnaire Response.Questionnaire Response Id%","AzureDbProdNIAADL","FUSION","Questionnaire Response","Questionnaire Response Id",,,"mapped","7940"
"FUSION QVD Generator","lib://AppData\PROD\AzureDataLake\FUSION\Questionnaire Response.qvd","Questionnaire Response.Questionnaire Question Id%","AzureDbProdNIAADL","FUSION","Questionnaire Response","Questionnaire Question Id",,,"mapped","7940"
"FUSION QVD Generator","lib://AppData\PROD\AzureDataLake\FUSION\Questionnaire Response.qvd","Questionnaire Response.Questionnaire Response Template Id%","AzureDbProdNIAADL","FUSION","Questionnaire Response","Questionnaire Response Template Id",,,"mapped","7940"
"FUSION QVD Generator","lib://AppData\PROD\AzureDataLake\FUSION\Questionnaire Response.qvd","Questionnaire Response.Answer","AzureDbProdNIAADL","FUSION","Questionnaire Response","Answer",,,"mapped","7940"
"FUSION QVD Generator","lib://AppData\PROD\AzureDataLake\FUSION\Questionnaire Response.qvd","Questionnaire Response.Name","AzureDbProdNIAADL","FUSION","Questionnaire Response","Name",,,"mapped","7940"
"FUSION QVD Generator","lib://AppData\PROD\AzureDataLake\FUSION\Questionnaire Response.qvd","Questionnaire Response.Order","AzureDbProdNIAADL","FUSION","Questionnaire Response","Order",,,"mapped","7940"
"FUSION QVD Generator","lib://AppData\PROD\AzureDataLake\FUSION\Questionnaire Response.qvd","Questionnaire Response.Required","AzureDbProdNIAADL","FUSION","Questionnaire Response","Required",,,"mapped","7940"
"FUSION QVD Generator","lib://AppData\PROD\AzureDataLake\FUSION\Questionnaire Response.qvd","Questionnaire Response.Response Type","AzureDbProdNIAADL","FUSION","Questionnaire Response","Response Type",,,"mapped","7940"
"FUSION QVD Generator","lib://AppData\PROD\AzureDataLake\FUSION\Questionnaire Response.qvd","Questionnaire Response.Selected","AzureDbProdNIAADL","FUSION","Questionnaire Response","Selected",,,"mapped","7940"
"FUSION QVD Generator","lib://AppData\PROD\AzureDataLake\FUSION\Questionnaire Response.qvd","Questionnaire Response.State","AzureDbProdNIAADL","FUSION","Questionnaire Response","State",,,"mapped","7940"
"FUSION QVD Generator","lib://AppData\PROD\AzureDataLake\FUSION\Questionnaire Response.qvd","Questionnaire Response.Status","AzureDbProdNIAADL","FUSION","Questionnaire Response","Status",,,"mapped","7940"
"FUSION QVD Generator","lib://AppData\PROD\AzureDataLake\FUSION\Questionnaire Section.qvd","Questionnaire Section.Questionnaire Section Id%","AzureDbProdNIAADL","FUSION","Questionnaire Section","Questionnaire Section Id",,,"mapped","7940"
"FUSION QVD Generator","lib://AppData\PROD\AzureDataLake\FUSION\Questionnaire Section.qvd","Questionnaire Section.Organisation Risk Profile Id%","AzureDbProdNIAADL","FUSION","Questionnaire Section","Organisation Risk Profile Id",,,"mapped","7940"
"FUSION QVD Generator","lib://AppData\PROD\AzureDataLake\FUSION\Questionnaire Section.qvd","Questionnaire Section.Questionnaire Section Template Id%","AzureDbProdNIAADL","FUSION","Questionnaire Section","Questionnaire Section Template Id",,,"mapped","7940"
"FUSION QVD Generator","lib://AppData\PROD\AzureDataLake\FUSION\Questionnaire Section.qvd","Questionnaire Section.Completed By","AzureDbProdNIAADL","FUSION","Questionnaire Section","Completed By",,,"mapped","7940"
"FUSION QVD Generator","lib://AppData\PROD\AzureDataLake\FUSION\Questionnaire Section.qvd","Questionnaire Section.Completed On","AzureDbProdNIAADL","FUSION","Questionnaire Section","Completed On",,,"mapped","7940"
"FUSION QVD Generator","lib://AppData\PROD\AzureDataLake\FUSION\Questionnaire Section.qvd","Questionnaire Section.Enabled","AzureDbProdNIAADL","FUSION","Questionnaire Section","Enabled",,,"mapped","7940"
"FUSION QVD Generator","lib://AppData\PROD\AzureDataLake\FUSION\Questionnaire Section.qvd","Questionnaire Section.Guidance Text","AzureDbProdNIAADL","FUSION","Questionnaire Section","Guidance Text",,,"mapped","7940"
"FUSION QVD Generator","lib://AppData\PROD\AzureDataLake\FUSION\Questionnaire Section.qvd","Questionnaire Section.Name","AzureDbProdNIAADL","FUSION","Questionnaire Section","Name",,,"mapped","7940"
"FUSION QVD Generator","lib://AppData\PROD\AzureDataLake\FUSION\Questionnaire Section.qvd","Questionnaire Section.Order","AzureDbProdNIAADL","FUSION","Questionnaire Section","Order",,,"mapped","7940"
"FUSION QVD Generator","lib://AppData\PROD\AzureDataLake\FUSION\Questionnaire Section.qvd","Questionnaire Section.Overall Risk Rating","AzureDbProdNIAADL","FUSION","Questionnaire Section","Overall Risk Rating",,,"mapped","7940"
"FUSION QVD Generator","lib://AppData\PROD\AzureDataLake\FUSION\Questionnaire Section.qvd","Questionnaire Section.Overall Risks And Issues","AzureDbProdNIAADL","FUSION","Questionnaire Section","Overall Risks And Issues",,,"mapped","7940"
"FUSION QVD Generator","lib://AppData\PROD\AzureDataLake\FUSION\Questionnaire Section.qvd","Questionnaire Section.Recommended Mitigations","AzureDbProdNIAADL","FUSION","Questionnaire Section","Recommended Mitigations",,,"mapped","7940"
"FUSION QVD Generator","lib://AppData\PROD\AzureDataLake\FUSION\Questionnaire Section.qvd","Questionnaire Section.State","AzureDbProdNIAADL","FUSION","Questionnaire Section","State",,,"mapped","7940"
"FUSION QVD Generator","lib://AppData\PROD\AzureDataLake\FUSION\Questionnaire Section.qvd","Questionnaire Section.Status","AzureDbProdNIAADL","FUSION","Questionnaire Section","Status",,,"mapped","7940"
"FUSION QVD Generator","lib://AppData\PROD\AzureDataLake\FUSION\PMC Region.qvd","PMC Region.PMC Region Id%","AzureDbProdNIAADL","FUSION","PMC Region","PMC Region Id",,,"mapped","7940"
"FUSION QVD Generator","lib://AppData\PROD\AzureDataLake\FUSION\PMC Region.qvd","PMC Region.PMC Region Code","AzureDbProdNIAADL","FUSION","PMC Region","PMC Region Code",,,"mapped","7940"
"FUSION QVD Generator","lib://AppData\PROD\AzureDataLake\FUSION\PMC Region.qvd","PMC Region.PMC Region","AzureDbProdNIAADL","FUSION","PMC Region","PMC Region",,,"mapped","7940"
"FUSION QVD Generator","lib://AppData\PROD\AzureDataLake\FUSION\PMC Region.qvd","PMC Region.PMC Region Abbr","AzureDbProdNIAADL","FUSION","PMC Region","PMC Region Abbr",,,"mapped","7940"
"FUSION QVD Generator","lib://AppData\PROD\AzureDataLake\FUSION\PMC Region.qvd","PMC Region.State","AzureDbProdNIAADL","FUSION","PMC Region","State",,,"mapped","7940"
"FUSION QVD Generator","lib://AppData\PROD\AzureDataLake\FUSION\PMC Region.qvd","PMC Region.Regional Manager","AzureDbProdNIAADL","FUSION","PMC Region","Regional Manager",,,"mapped","7940"
"FUSION QVD Generator","lib://AppData\PROD\AzureDataLake\FUSION\PMC Region.qvd","PMC Region.Regional Manager Email","AzureDbProdNIAADL","FUSION","PMC Region","Regional Manager Email",,,"mapped","7940"
"FUSION QVD Generator","lib://AppData\PROD\AzureDataLake\FUSION\PMC Region.qvd","PMC Region.Regional Manager Business Phone","AzureDbProdNIAADL","FUSION","PMC Region","Regional Manager Business Phone",,,"mapped","7940"
"FUSION QVD Generator","lib://AppData\PROD\AzureDataLake\FUSION\PMC Region.qvd","PMC Region.Regional Manager Mobile","AzureDbProdNIAADL","FUSION","PMC Region","Regional Manager Mobile",,,"mapped","7940"
"FUSION QVD Generator","lib://AppData\PROD\AzureDataLake\FUSION\SA1-PMC Region.qvd","SA1-PMC Region.SA1 Main Code","AzureDbProdNIAADL","pmc","SA1_TO_PMC_REGION","SA1 Main Code",,,"load-src-not-in-select","7940"
"FUSION QVD Generator","lib://AppData\PROD\AzureDataLake\FUSION\SA1-PMC Region.qvd","SA1-PMC Region.PMC Region Code","AzureDbProdNIAADL","pmc","SA1_TO_PMC_REGION","PMC Region Code",,,"load-src-not-in-select","7940"
"FUSION QVD Generator","lib://AppData\PROD\AzureDataLake\FUSION\NIAA Region.qvd","NIAA Region.NIAA Region Id%","AzureDbProdNIAADL","FUSION","NIAA Region","NIAA Region Id",,,"mapped","7940"
"FUSION QVD Generator","lib://AppData\PROD\AzureDataLake\FUSION\NIAA Region.qvd","NIAA Region.Agency Id%","AzureDbProdNIAADL","FUSION","NIAA Region","Agency id",,,"mapped","7940"
"FUSION QVD Generator","lib://AppData\PROD\AzureDataLake\FUSION\NIAA Region.qvd","NIAA Region.Agency","AzureDbProdNIAADL","FUSION","NIAA Region","Agency",,,"mapped","7940"
"FUSION QVD Generator","lib://AppData\PROD\AzureDataLake\FUSION\NIAA Region.qvd","NIAA Region.Region Code","AzureDbProdNIAADL","FUSION","NIAA Region","Region Code",,,"mapped","7940"
"FUSION QVD Generator","lib://AppData\PROD\AzureDataLake\FUSION\NIAA Region.qvd","NIAA Region.Region","AzureDbProdNIAADL","FUSION","NIAA Region","Region",,,"mapped","7940"
"FUSION QVD Generator","lib://AppData\PROD\AzureDataLake\FUSION\NIAA Region.qvd","NIAA Region.Region Abbreviation","AzureDbProdNIAADL","FUSION","NIAA Region","Region Abbreviation",,,"mapped","7940"
"FUSION QVD Generator","lib://AppData\PROD\AzureDataLake\FUSION\NIAA Region.qvd","NIAA Region.State","AzureDbProdNIAADL","FUSION","NIAA Region","State",,,"mapped","7940"
"FUSION QVD Generator","lib://AppData\PROD\AzureDataLake\FUSION\NIAA Region.qvd","NIAA Region.Regional Manager","AzureDbProdNIAADL","FUSION","NIAA Region","Regional Manager",,,"mapped","7940"
"FUSION QVD Generator","lib://AppData\PROD\AzureDataLake\FUSION\NIAA Region.qvd","NIAA Region.Regional Manager Email","AzureDbProdNIAADL","FUSION","NIAA Region","Regional Manager Email",,,"mapped","7940"
"FUSION QVD Generator","lib://AppData\PROD\AzureDataLake\FUSION\NIAA Region.qvd","NIAA Region.Regional Manager Business Phone","AzureDbProdNIAADL","FUSION","NIAA Region","Regional Manager Business Phone",,,"mapped","7940"
"FUSION QVD Generator","lib://AppData\PROD\AzureDataLake\FUSION\NIAA Region.qvd","NIAA Region.Regional Manager Mobile","AzureDbProdNIAADL","FUSION","NIAA Region","Regional Manager Mobile",,,"mapped","7940"
"FUSION QVD Generator","lib://AppData\PROD\AzureDataLake\FUSION\NIAA Region.qvd","NIAA Region.Default Grant Management Unit","AzureDbProdNIAADL","FUSION","NIAA Region","Default Grant Management Unit",,,"mapped","7940"
"FUSION QVD Generator","lib://AppData\PROD\AzureDataLake\FUSION\NIAA Region Alternate Name.qvd","NIAA Region Alternate Name.NIAA Region Alternate Name Id%","AzureDbProdNIAADL","FUSION","NIAA Region Alternate Name","NIAA Region Alternate Name Id",,,"mapped","7940"
"FUSION QVD Generator","lib://AppData\PROD\AzureDataLake\FUSION\NIAA Region Alternate Name.qvd","NIAA Region Alternate Name.NIAA Region Id%","AzureDbProdNIAADL","FUSION","NIAA Region Alternate Name","NIAA Region Id",,,"mapped","7940"
"FUSION QVD Generator","lib://AppData\PROD\AzureDataLake\FUSION\NIAA Region Alternate Name.qvd","NIAA Region Alternate Name.Alternate Name","AzureDbProdNIAADL","FUSION","NIAA Region Alternate Name","NIAA Region Alternate Name",,,"mapped","7940"
"FUSION QVD Generator","lib://AppData\PROD\AzureDataLake\FUSION\Grant Activity.qvd","Grant Activity.Grant Activity Id%","AzureDbProdNIAADL","FUSION","Grant Activity","Grant Activity Id",,,"mapped","7940"
"FUSION QVD Generator","lib://AppData\PROD\AzureDataLake\FUSION\Grant Activity.qvd","Grant Activity.Source Organisation Id%","AzureDbProdNIAADL","FUSION","Grant Activity","Source Organisation Id",,,"mapped","7940"
"FUSION QVD Generator","lib://AppData\PROD\AzureDataLake\FUSION\Grant Activity.qvd","Grant Activity.Organisation Id%","AzureDbProdNIAADL","FUSION","Grant Activity","Organisation Id",,,"mapped","7940"
"FUSION QVD Generator","lib://AppData\PROD\AzureDataLake\FUSION\Grant Activity.qvd","Grant Activity.PMC Region Id%","AzureDbProdNIAADL","FUSION","Grant Activity","PMC Region Id",,,"mapped","7940"
"FUSION QVD Generator","lib://AppData\PROD\AzureDataLake\FUSION\Grant Activity.qvd","Grant Activity.Programme Component Id%","AzureDbProdNIAADL","FUSION","Grant Activity","Programme Component Id",,,"mapped","7940"
"FUSION QVD Generator","lib://AppData\PROD\AzureDataLake\FUSION\Grant Activity.qvd","Grant Activity.Outcome Element","AzureDbProdNIAADL","FUSION","Grant Activity","Outcome Element",,,"mapped","7940"
"FUSION QVD Generator","lib://AppData\PROD\AzureDataLake\FUSION\Grant Activity.qvd","Grant Activity.Programme Id%","AzureDbProdNIAADL","FUSION","Grant Activity","Programme Id",,,"mapped","7940"
"FUSION QVD Generator","lib://AppData\PROD\AzureDataLake\FUSION\Grant Activity.qvd","Grant Activity.Program","AzureDbProdNIAADL","FUSION","Grant Activity","Program",,,"mapped","7940"
"FUSION QVD Generator","lib://AppData\PROD\AzureDataLake\FUSION\Grant Activity.qvd","Grant Activity.Sub Programme","AzureDbProdNIAADL","FUSION","Grant Activity","Sub Programme",,,"mapped","7940"
"FUSION QVD Generator","lib://AppData\PROD\AzureDataLake\FUSION\Grant Activity.qvd","Grant Activity.Grant Activity","AzureDbProdNIAADL","FUSION","Grant Activity","Grant Activity",,,"mapped","7940"
"FUSION QVD Generator","lib://AppData\PROD\AzureDataLake\FUSION\Grant Activity.qvd","Grant Activity.Grant Activity Status","AzureDbProdNIAADL","FUSION","Grant Activity","Grant Activity Status",,,"mapped","7940"
"FUSION QVD Generator","lib://AppData\PROD\AzureDataLake\FUSION\Grant Activity.qvd","Grant Activity.Activity Id","AzureDbProdNIAADL","FUSION","Grant Activity","Activity Id",,,"mapped","7940"
"FUSION QVD Generator","lib://AppData\PROD\AzureDataLake\FUSION\Grant Activity.qvd","Grant Activity.Activity Description","AzureDbProdNIAADL","FUSION","Grant Activity","Activity Description",,,"mapped","7940"
"FUSION QVD Generator","lib://AppData\PROD\AzureDataLake\FUSION\Grant Activity.qvd","Grant Activity.Activity Start Date","AzureDbProdNIAADL","FUSION","Grant Activity","Activity Start Date",,,"mapped","7940"
"FUSION QVD Generator","lib://AppData\PROD\AzureDataLake\FUSION\Grant Activity.qvd","Grant Activity.Activity End Date","AzureDbProdNIAADL","FUSION","Grant Activity","Activity End Date",,,"mapped","7940"
"FUSION QVD Generator","lib://AppData\PROD\AzureDataLake\FUSION\Grant Activity.qvd","Grant Activity.Activity Duration Days","AzureDbProdNIAADL","FUSION","Grant Activity","Activity Duration Days",,,"mapped","7940"
"FUSION QVD Generator","lib://AppData\PROD\AzureDataLake\FUSION\Grant Activity.qvd","Grant Activity.Funding Approved Date","AzureDbProdNIAADL","FUSION","Grant Activity","Funding Approved Date",,,"mapped","7940"
"FUSION QVD Generator","lib://AppData\PROD\AzureDataLake\FUSION\Grant Activity.qvd","Grant Activity.Funding Approved By","AzureDbProdNIAADL","FUSION","Grant Activity","Funding Approved By",,,"mapped","7940"
"FUSION QVD Generator","lib://AppData\PROD\AzureDataLake\FUSION\Grant Activity.qvd","Grant Activity.Primary Contact Full Name","AzureDbProdNIAADL","FUSION","Grant Activity","Primary Contact Full Name",,,"mapped","7940"
"FUSION QVD Generator","lib://AppData\PROD\AzureDataLake\FUSION\Grant Activity.qvd","Grant Activity.Primary Contact job Title","AzureDbProdNIAADL","FUSION","Grant Activity","Primary Contact job Title",,,"mapped","7940"
"FUSION QVD Generator","lib://AppData\PROD\AzureDataLake\FUSION\Grant Activity.qvd","Grant Activity.Primary Contact First Name","AzureDbProdNIAADL","FUSION","Grant Activity","Primary Contact First Name",,,"mapped","7940"
"FUSION QVD Generator","lib://AppData\PROD\AzureDataLake\FUSION\Grant Activity.qvd","Grant Activity.Primary Contact Last Name","AzureDbProdNIAADL","FUSION","Grant Activity","Primary Contact Last Name",,,"mapped","7940"
"FUSION QVD Generator","lib://AppData\PROD\AzureDataLake\FUSION\Grant Activity.qvd","Grant Activity.Primary Contact","AzureDbProdNIAADL","FUSION","Grant Activity","Primary Contact",,,"mapped","7940"
"FUSION QVD Generator","lib://AppData\PROD\AzureDataLake\FUSION\Grant Activity.qvd","Grant Activity.Primary Contact Phone","AzureDbProdNIAADL","FUSION","Grant Activity","Primary Contact Phone",,,"mapped","7940"
"FUSION QVD Generator","lib://AppData\PROD\AzureDataLake\FUSION\Grant Activity.qvd","Grant Activity.Primary Contact Email","AzureDbProdNIAADL","FUSION","Grant Activity","Primary Contact Email",,,"mapped","7940"
"FUSION QVD Generator","lib://AppData\PROD\AzureDataLake\FUSION\Grant Activity.qvd","Grant Activity.Source System Id%","AzureDbProdNIAADL","FUSION","Grant Activity","Source System Id",,,"mapped","7940"
"FUSION QVD Generator","lib://AppData\PROD\AzureDataLake\FUSION\Grant Activity.qvd","Grant Activity.Source System","AzureDbProdNIAADL","FUSION","Grant Activity","Source System",,,"mapped","7940"
"FUSION QVD Generator","lib://AppData\PROD\AzureDataLake\FUSION\Grant Activity.qvd","Grant Activity.Source Activity Status","AzureDbProdNIAADL","FUSION","Grant Activity","Source Activity Status",,,"mapped","7940"
"FUSION QVD Generator","lib://AppData\PROD\AzureDataLake\FUSION\Grant Activity.qvd","Grant Activity.Activity Manager","AzureDbProdNIAADL","FUSION","Grant Activity","Activity Manager",,,"mapped","7940"
"FUSION QVD Generator","lib://AppData\PROD\AzureDataLake\FUSION\Grant Activity.qvd","Grant Activity.Approved On Date","AzureDbProdNIAADL","FUSION","Grant Activity","Approved On Date",,,"mapped","7940"
"FUSION QVD Generator","lib://AppData\PROD\AzureDataLake\FUSION\Grant Activity.qvd","Grant Activity.Draft Coded By Id%","AzureDbProdNIAADL","FUSION","Grant Activity","Draft Coded By Id",,,"mapped","7940"
"FUSION QVD Generator","lib://AppData\PROD\AzureDataLake\FUSION\Grant Activity.qvd","Grant Activity.Draft Coded By","AzureDbProdNIAADL","FUSION","Grant Activity","Draft Coded By",,,"mapped","7940"
"FUSION QVD Generator","lib://AppData\PROD\AzureDataLake\FUSION\Grant Activity.qvd","Grant Activity.Draft Approver Reject Code","AzureDbProdNIAADL","FUSION","Grant Activity","Draft Approver Reject Code",,,"mapped","7940"
"FUSION QVD Generator","lib://AppData\PROD\AzureDataLake\FUSION\Grant Activity.qvd","Grant Activity.Draft Approver Reject","AzureDbProdNIAADL","FUSION","Grant Activity","Draft Approver Reject",,,"mapped","7940"
"FUSION QVD Generator","lib://AppData\PROD\AzureDataLake\FUSION\Grant Activity.qvd","Grant Activity.Current Performance Outcome Id%","AzureDbProdNIAADL","FUSION","Grant Activity","Current Performance Outcome Id",,,"mapped","7940"
"FUSION QVD Generator","lib://AppData\PROD\AzureDataLake\FUSION\Grant Activity.qvd","Grant Activity.Current Performance Outcome","AzureDbProdNIAADL","FUSION","Grant Activity","Current Performance Outcome",,,"mapped","7940"
"FUSION QVD Generator","lib://AppData\PROD\AzureDataLake\FUSION\Grant Activity.qvd","Grant Activity.Source Status Group Code","AzureDbProdNIAADL","FUSION","Grant Activity","Source Status Group Code",,,"mapped","7940"
"FUSION QVD Generator","lib://AppData\PROD\AzureDataLake\FUSION\Grant Activity.qvd","Grant Activity.Source Status Group","AzureDbProdNIAADL","FUSION","Grant Activity","Source Status Group",,,"mapped","7940"
"FUSION QVD Generator","lib://AppData\PROD\AzureDataLake\FUSION\Grant Activity.qvd","Grant Activity.Mandatory Submission","AzureDbProdNIAADL","FUSION","Grant Activity","Mandatory Submission",,,"mapped","7940"
"FUSION QVD Generator","lib://AppData\PROD\AzureDataLake\FUSION\Grant Activity.qvd","Grant Activity.Current Ceasing Activity Assessment Id%","AzureDbProdNIAADL","FUSION","Grant Activity","Current Ceasing Activity Assessment Id",,,"mapped","7940"
"FUSION QVD Generator","lib://AppData\PROD\AzureDataLake\FUSION\Grant Activity.qvd","Grant Activity.Current Ceasing Activity Assessment","AzureDbProdNIAADL","FUSION","Grant Activity","Current Ceasing Activity Assessment",,,"mapped","7940"
"FUSION QVD Generator","lib://AppData\PROD\AzureDataLake\FUSION\Grant Activity.qvd","Grant Activity.Has Review","AzureDbProdNIAADL","FUSION","Grant Activity","Has Review",,,"mapped","7940"
"FUSION QVD Generator","lib://AppData\PROD\AzureDataLake\FUSION\Grant Activity.qvd","Grant Activity.Activity Manager Email","AzureDbProdNIAADL","FUSION","Grant Activity","Activity Manager Email",,,"mapped","7940"
"FUSION QVD Generator","lib://AppData\PROD\AzureDataLake\FUSION\Grant Activity.qvd","Grant Activity.Activity Manager User Id%","AzureDbProdNIAADL","FUSION","Grant Activity","Activity Manager User Id",,,"mapped","7940"
"FUSION QVD Generator","lib://AppData\PROD\AzureDataLake\FUSION\Grant Activity.qvd","Grant Activity.Activity Manager User","AzureDbProdNIAADL","FUSION","Grant Activity","Activity Manager User",,,"mapped","7940"
"FUSION QVD Generator","lib://AppData\PROD\AzureDataLake\FUSION\Grant Activity.qvd","Grant Activity.Engagement Office Id%","AzureDbProdNIAADL","FUSION","Grant Activity","Engagement Office Id",,,"mapped","7940"
"FUSION QVD Generator","lib://AppData\PROD\AzureDataLake\FUSION\Grant Activity.qvd","Grant Activity.Engagement Office","AzureDbProdNIAADL","FUSION","Grant Activity","Engagement Office",,,"mapped","7940"
"FUSION QVD Generator","lib://AppData\PROD\AzureDataLake\FUSION\Grant Activity.qvd","Grant Activity.Engagement Officer","AzureDbProdNIAADL","FUSION","Grant Activity","Engagement Officer",,,"mapped","7940"
"FUSION QVD Generator","lib://AppData\PROD\AzureDataLake\FUSION\Grant Activity.qvd","Grant Activity.Engagement Officer Email","AzureDbProdNIAADL","FUSION","Grant Activity","Engagement Officer Email",,,"mapped","7940"
"FUSION QVD Generator","lib://AppData\PROD\AzureDataLake\FUSION\Grant Activity.qvd","Grant Activity.Engagement Officer User Id%","AzureDbProdNIAADL","FUSION","Grant Activity","Engagement Officer User Id",,,"mapped","7940"
"FUSION QVD Generator","lib://AppData\PROD\AzureDataLake\FUSION\Grant Activity.qvd","Grant Activity.Engagement Officer User","AzureDbProdNIAADL","FUSION","Grant Activity","Engagement Officer User",,,"mapped","7940"
"FUSION QVD Generator","lib://AppData\PROD\AzureDataLake\FUSION\Grant Activity.qvd","Grant Activity.Purchase Order","AzureDbProdNIAADL","FUSION","Grant Activity","Purchase Order",,,"mapped","7940"
"FUSION QVD Generator","lib://AppData\PROD\AzureDataLake\FUSION\Grant Activity.qvd","Grant Activity.Total Funding Amount","AzureDbProdNIAADL","FUSION","Grant Activity","Total Funding Amount",,,"mapped","7940"
"FUSION QVD Generator","lib://AppData\PROD\AzureDataLake\FUSION\Grant Activity.qvd","Grant Activity.Total Funding Release Ex GST","AzureDbProdNIAADL","FUSION","Grant Activity","Total Funding Release Ex GST",,,"mapped","7940"
"FUSION QVD Generator","lib://AppData\PROD\AzureDataLake\FUSION\Grant Activity.qvd","Grant Activity.Total Funds Released","AzureDbProdNIAADL","FUSION","Grant Activity","Total Funds Released",,,"mapped","7940"
"FUSION QVD Generator","lib://AppData\PROD\AzureDataLake\FUSION\Grant Activity.qvd","Grant Activity.Variation Identified","AzureDbProdNIAADL","FUSION","Grant Activity","Variation Identified",,,"mapped","7940"
"FUSION QVD Generator","lib://AppData\PROD\AzureDataLake\FUSION\Grant Activity.qvd","Grant Activity.Active Empowered Community Process","AzureDbProdNIAADL","FUSION","Grant Activity","Active Empowered Community Process",,,"mapped","7940"
"FUSION QVD Generator","lib://AppData\PROD\AzureDataLake\FUSION\Grant Activity.qvd","Grant Activity.Execution State","AzureDbProdNIAADL","FUSION","Grant Activity","Execution State",,,"mapped","7940"
"FUSION QVD Generator","lib://AppData\PROD\AzureDataLake\FUSION\Grant Activity.qvd","Grant Activity.Source End Reason","AzureDbProdNIAADL","FUSION","Grant Activity","Source End Reason",,,"mapped","7940"
"FUSION QVD Generator","lib://AppData\PROD\AzureDataLake\FUSION\Grant Activity.qvd","Grant Activity.Sub Programme Id%","AzureDbProdNIAADL","FUSION","Grant Activity","Sub Programme Id",,,"mapped","7940"
"FUSION QVD Generator","lib://AppData\PROD\AzureDataLake\FUSION\Grant Activity Indicative Risk.qvd","Grant Activity Indicative Risk.Grant Activity Id%","AzureDbProdNIAADL","FUSION","Grant Activity Indicative Risk","Grant Activity Id",,,"mapped","7940"
"FUSION QVD Generator","lib://AppData\PROD\AzureDataLake\FUSION\Grant Activity Indicative Risk.qvd","Grant Activity Indicative Risk.Annualised Funding Bin","AzureDbProdNIAADL","FUSION","Grant Activity Indicative Risk","Annualised Funding Bin",,,"mapped","7940"
"FUSION QVD Generator","lib://AppData\PROD\AzureDataLake\FUSION\Grant Activity Indicative Risk.qvd","Grant Activity Indicative Risk.Nature of Activity","AzureDbProdNIAADL","FUSION","Grant Activity Indicative Risk","Nature of Activity",,,"mapped","7940"
"FUSION QVD Generator","lib://AppData\PROD\AzureDataLake\FUSION\Grant Activity Indicative Risk.qvd","Grant Activity Indicative Risk.Risk Likelihood","AzureDbProdNIAADL","FUSION","Grant Activity Indicative Risk","Risk Likelihood",,,"mapped","7940"
"FUSION QVD Generator","lib://AppData\PROD\AzureDataLake\FUSION\Grant Activity Indicative Risk.qvd","Grant Activity Indicative Risk.Risk Consequence","AzureDbProdNIAADL","FUSION","Grant Activity Indicative Risk","Risk Consequence",,,"mapped","7940"
"FUSION QVD Generator","lib://AppData\PROD\AzureDataLake\FUSION\Grant Activity Indicative Risk.qvd","Grant Activity Indicative Risk.Indicative Activity Risk Assessment","AzureDbProdNIAADL","FUSION","Grant Activity Indicative Risk","Indicative Activity Risk Assessment",,,"mapped","7940"
"FUSION QVD Generator","lib://AppData\PROD\AzureDataLake\FUSION\Grant Activity Indicative Risk.qvd","Grant Activity Indicative Risk.Complexity","AzureDbProdNIAADL","FUSION","Grant Activity Indicative Risk","Complexity",,,"mapped","7940"
"FUSION QVD Generator","lib://AppData\PROD\AzureDataLake\FUSION\Ceasing Activity Assessment.qvd","Ceasing Activity Assessment.Ceasing Activity Assessment Id%","AzureDbProdNIAADL","FUSION","Ceasing Activity Assessment","Ceasing Activity Assessment Id",,,"mapped","7940"
"FUSION QVD Generator","lib://AppData\PROD\AzureDataLake\FUSION\Ceasing Activity Assessment.qvd","Ceasing Activity Assessment.Grant Activity Id%","AzureDbProdNIAADL","FUSION","Ceasing Activity Assessment","Grant Activity Id",,,"mapped","7940"
"FUSION QVD Generator","lib://AppData\PROD\AzureDataLake\FUSION\Ceasing Activity Assessment.qvd","Ceasing Activity Assessment.Accepted By","AzureDbProdNIAADL","FUSION","Ceasing Activity Assessment","Accepted By",,,"mapped","7940"
"FUSION QVD Generator","lib://AppData\PROD\AzureDataLake\FUSION\Ceasing Activity Assessment.qvd","Ceasing Activity Assessment.Accepted","AzureDbProdNIAADL","FUSION","Ceasing Activity Assessment","Accepted",,,"mapped","7940"
"FUSION QVD Generator","lib://AppData\PROD\AzureDataLake\FUSION\Ceasing Activity Assessment.qvd","Ceasing Activity Assessment.Accept Recommendation","AzureDbProdNIAADL","FUSION","Ceasing Activity Assessment","Accept Recommendation",,,"mapped","7940"
"FUSION QVD Generator","lib://AppData\PROD\AzureDataLake\FUSION\Ceasing Activity Assessment.qvd","Ceasing Activity Assessment.Actual Risk Level","AzureDbProdNIAADL","FUSION","Ceasing Activity Assessment","Actual Risk Level",,,"mapped","7940"
"FUSION QVD Generator","lib://AppData\PROD\AzureDataLake\FUSION\Ceasing Activity Assessment.qvd","Ceasing Activity Assessment.Risk Level Date","AzureDbProdNIAADL","FUSION","Ceasing Activity Assessment","Risk Level Date",,,"mapped","7940"
"FUSION QVD Generator","lib://AppData\PROD\AzureDataLake\FUSION\Ceasing Activity Assessment.qvd","Ceasing Activity Assessment.Approved Action","AzureDbProdNIAADL","FUSION","Ceasing Activity Assessment","Approved Action",,,"mapped","7940"
"FUSION QVD Generator","lib://AppData\PROD\AzureDataLake\FUSION\Ceasing Activity Assessment.qvd","Ceasing Activity Assessment.Approved Amount","AzureDbProdNIAADL","FUSION","Ceasing Activity Assessment","Approved Amount",,,"mapped","7940"
"FUSION QVD Generator","lib://AppData\PROD\AzureDataLake\FUSION\Ceasing Activity Assessment.qvd","Ceasing Activity Assessment.Approved By","AzureDbProdNIAADL","FUSION","Ceasing Activity Assessment","Approved By",,,"mapped","7940"
"FUSION QVD Generator","lib://AppData\PROD\AzureDataLake\FUSION\Ceasing Activity Assessment.qvd","Ceasing Activity Assessment.Assessed By","AzureDbProdNIAADL","FUSION","Ceasing Activity Assessment","Assessed By",,,"mapped","7940"
"FUSION QVD Generator","lib://AppData\PROD\AzureDataLake\FUSION\Ceasing Activity Assessment.qvd","Ceasing Activity Assessment.Assessment Complete","AzureDbProdNIAADL","FUSION","Ceasing Activity Assessment","Assessment Complete",,,"mapped","7940"
"FUSION QVD Generator","lib://AppData\PROD\AzureDataLake\FUSION\Ceasing Activity Assessment.qvd","Ceasing Activity Assessment.Base Funding Verified","AzureDbProdNIAADL","FUSION","Ceasing Activity Assessment","Base Funding Verified",,,"mapped","7940"
"FUSION QVD Generator","lib://AppData\PROD\AzureDataLake\FUSION\Ceasing Activity Assessment.qvd","Ceasing Activity Assessment.Brief Number","AzureDbProdNIAADL","FUSION","Ceasing Activity Assessment","Brief Number",,,"mapped","7940"
"FUSION QVD Generator","lib://AppData\PROD\AzureDataLake\FUSION\Ceasing Activity Assessment.qvd","Ceasing Activity Assessment.Consultation Under Taken","AzureDbProdNIAADL","FUSION","Ceasing Activity Assessment","Consultation Under Taken",,,"mapped","7940"
"FUSION QVD Generator","lib://AppData\PROD\AzureDataLake\FUSION\Ceasing Activity Assessment.qvd","Ceasing Activity Assessment.Criteria Assessment","AzureDbProdNIAADL","FUSION","Ceasing Activity Assessment","Criteria Assessment",,,"mapped","7940"
"FUSION QVD Generator","lib://AppData\PROD\AzureDataLake\FUSION\Ceasing Activity Assessment.qvd","Ceasing Activity Assessment.Criteria Assessment Summary","AzureDbProdNIAADL","FUSION","Ceasing Activity Assessment","Criteria Assessment Summary",,,"mapped","7940"
"FUSION QVD Generator","lib://AppData\PROD\AzureDataLake\FUSION\Ceasing Activity Assessment.qvd","Ceasing Activity Assessment.Current Activity End Date","AzureDbProdNIAADL","FUSION","Ceasing Activity Assessment","Current Activity End Date",,,"mapped","7940"
"FUSION QVD Generator","lib://AppData\PROD\AzureDataLake\FUSION\Ceasing Activity Assessment.qvd","Ceasing Activity Assessment.Current Project Outcomes","AzureDbProdNIAADL","FUSION","Ceasing Activity Assessment","Current Project Outcomes",,,"mapped","7940"
"FUSION QVD Generator","lib://AppData\PROD\AzureDataLake\FUSION\Ceasing Activity Assessment.qvd","Ceasing Activity Assessment.Date Accepted","AzureDbProdNIAADL","FUSION","Ceasing Activity Assessment","Date Accepted",,,"mapped","7940"
"FUSION QVD Generator","lib://AppData\PROD\AzureDataLake\FUSION\Ceasing Activity Assessment.qvd","Ceasing Activity Assessment.Date Approved","AzureDbProdNIAADL","FUSION","Ceasing Activity Assessment","Date Approved",,,"mapped","7940"
"FUSION QVD Generator","lib://AppData\PROD\AzureDataLake\FUSION\Ceasing Activity Assessment.qvd","Ceasing Activity Assessment.Date Assessed","AzureDbProdNIAADL","FUSION","Ceasing Activity Assessment","Date Assessed",,,"mapped","7940"
"FUSION QVD Generator","lib://AppData\PROD\AzureDataLake\FUSION\Ceasing Activity Assessment.qvd","Ceasing Activity Assessment.Date Brief Entered","AzureDbProdNIAADL","FUSION","Ceasing Activity Assessment","Date Brief Entered",,,"mapped","7940"
"FUSION QVD Generator","lib://AppData\PROD\AzureDataLake\FUSION\Ceasing Activity Assessment.qvd","Ceasing Activity Assessment.Date Decision Entered","AzureDbProdNIAADL","FUSION","Ceasing Activity Assessment","Date Decision Entered",,,"mapped","7940"
"FUSION QVD Generator","lib://AppData\PROD\AzureDataLake\FUSION\Ceasing Activity Assessment.qvd","Ceasing Activity Assessment.Date Endorsed","AzureDbProdNIAADL","FUSION","Ceasing Activity Assessment","Date Endorsed",,,"mapped","7940"
"FUSION QVD Generator","lib://AppData\PROD\AzureDataLake\FUSION\Ceasing Activity Assessment.qvd","Ceasing Activity Assessment.Date Reverted","AzureDbProdNIAADL","FUSION","Ceasing Activity Assessment","Date Reverted",,,"mapped","7940"
"FUSION QVD Generator","lib://AppData\PROD\AzureDataLake\FUSION\Ceasing Activity Assessment.qvd","Ceasing Activity Assessment.Decision Entered By","AzureDbProdNIAADL","FUSION","Ceasing Activity Assessment","Decision Entered By",,,"mapped","7940"
"FUSION QVD Generator","lib://AppData\PROD\AzureDataLake\FUSION\Ceasing Activity Assessment.qvd","Ceasing Activity Assessment.Delegate Rationale","AzureDbProdNIAADL","FUSION","Ceasing Activity Assessment","Delegate Rationale",,,"mapped","7940"
"FUSION QVD Generator","lib://AppData\PROD\AzureDataLake\FUSION\Ceasing Activity Assessment.qvd","Ceasing Activity Assessment.ECD Delivery Area","AzureDbProdNIAADL","FUSION","Ceasing Activity Assessment","ECD Delivery Area",,,"mapped","7940"
"FUSION QVD Generator","lib://AppData\PROD\AzureDataLake\FUSION\Ceasing Activity Assessment.qvd","Ceasing Activity Assessment.EC Leadership Recommendation","AzureDbProdNIAADL","FUSION","Ceasing Activity Assessment","EC Leadership Recommendation",,,"mapped","7940"
"FUSION QVD Generator","lib://AppData\PROD\AzureDataLake\FUSION\Ceasing Activity Assessment.qvd","Ceasing Activity Assessment.Endorsed By","AzureDbProdNIAADL","FUSION","Ceasing Activity Assessment","Endorsed By",,,"mapped","7940"
"FUSION QVD Generator","lib://AppData\PROD\AzureDataLake\FUSION\Ceasing Activity Assessment.qvd","Ceasing Activity Assessment.Endorsed","AzureDbProdNIAADL","FUSION","Ceasing Activity Assessment","Endorsed",,,"mapped","7940"
"FUSION QVD Generator","lib://AppData\PROD\AzureDataLake\FUSION\Ceasing Activity Assessment.qvd","Ceasing Activity Assessment.FY 0","AzureDbProdNIAADL","FUSION","Ceasing Activity Assessment","FY 0",,,"mapped","7940"
"FUSION QVD Generator","lib://AppData\PROD\AzureDataLake\FUSION\Ceasing Activity Assessment.qvd","Ceasing Activity Assessment.FY 1","AzureDbProdNIAADL","FUSION","Ceasing Activity Assessment","FY 1",,,"mapped","7940"
"FUSION QVD Generator","lib://AppData\PROD\AzureDataLake\FUSION\Ceasing Activity Assessment.qvd","Ceasing Activity Assessment.Fy 2","AzureDbProdNIAADL","FUSION","Ceasing Activity Assessment","Fy 2",,,"mapped","7940"
"FUSION QVD Generator","lib://AppData\PROD\AzureDataLake\FUSION\Ceasing Activity Assessment.qvd","Ceasing Activity Assessment.Fy 3","AzureDbProdNIAADL","FUSION","Ceasing Activity Assessment","Fy 3",,,"mapped","7940"
"FUSION QVD Generator","lib://AppData\PROD\AzureDataLake\FUSION\Ceasing Activity Assessment.qvd","Ceasing Activity Assessment.Fy 3+","AzureDbProdNIAADL","FUSION","Ceasing Activity Assessment","Fy 3+",,,"mapped","7940"
"FUSION QVD Generator","lib://AppData\PROD\AzureDataLake\FUSION\Ceasing Activity Assessment.qvd","Ceasing Activity Assessment.Grant Has JDM","AzureDbProdNIAADL","FUSION","Ceasing Activity Assessment","Grant Has JDM",,,"mapped","7940"
"FUSION QVD Generator","lib://AppData\PROD\AzureDataLake\FUSION\Ceasing Activity Assessment.qvd","Ceasing Activity Assessment.Grant JDM Active","AzureDbProdNIAADL","FUSION","Ceasing Activity Assessment","Grant JDM Active",,,"mapped","7940"
"FUSION QVD Generator","lib://AppData\PROD\AzureDataLake\FUSION\Ceasing Activity Assessment.qvd","Ceasing Activity Assessment.Grant JDM Process","AzureDbProdNIAADL","FUSION","Ceasing Activity Assessment","Grant JDM Process",,,"mapped","7940"
"FUSION QVD Generator","lib://AppData\PROD\AzureDataLake\FUSION\Ceasing Activity Assessment.qvd","Ceasing Activity Assessment.Is One Off Grant","AzureDbProdNIAADL","FUSION","Ceasing Activity Assessment","Is One Off Grant",,,"mapped","7940"
"FUSION QVD Generator","lib://AppData\PROD\AzureDataLake\FUSION\Ceasing Activity Assessment.qvd","Ceasing Activity Assessment.Is Reverted","AzureDbProdNIAADL","FUSION","Ceasing Activity Assessment","Is Reverted",,,"mapped","7940"
"FUSION QVD Generator","lib://AppData\PROD\AzureDataLake\FUSION\Ceasing Activity Assessment.qvd","Ceasing Activity Assessment.Issued By","AzureDbProdNIAADL","FUSION","Ceasing Activity Assessment","Issued By",,,"mapped","7940"
"FUSION QVD Generator","lib://AppData\PROD\AzureDataLake\FUSION\Ceasing Activity Assessment.qvd","Ceasing Activity Assessment.Issued Date","AzureDbProdNIAADL","FUSION","Ceasing Activity Assessment","Issued Date",,,"mapped","7940"
"FUSION QVD Generator","lib://AppData\PROD\AzureDataLake\FUSION\Ceasing Activity Assessment.qvd","Ceasing Activity Assessment.Most Recent Action","AzureDbProdNIAADL","FUSION","Ceasing Activity Assessment","Most Recent Action",,,"mapped","7940"
"FUSION QVD Generator","lib://AppData\PROD\AzureDataLake\FUSION\Ceasing Activity Assessment.qvd","Ceasing Activity Assessment.Ceasing Activity","AzureDbProdNIAADL","FUSION","Ceasing Activity Assessment","Ceasing Activity",,,"mapped","7940"
"FUSION QVD Generator","lib://AppData\PROD\AzureDataLake\FUSION\Ceasing Activity Assessment.qvd","Ceasing Activity Assessment.PMB Escalation Required","AzureDbProdNIAADL","FUSION","Ceasing Activity Assessment","PMB Escalation Required",,,"mapped","7940"
"FUSION QVD Generator","lib://AppData\PROD\AzureDataLake\FUSION\Ceasing Activity Assessment.qvd","Ceasing Activity Assessment.PMB Escalation Result","AzureDbProdNIAADL","FUSION","Ceasing Activity Assessment","PMB Escalation Result",,,"mapped","7940"
"FUSION QVD Generator","lib://AppData\PROD\AzureDataLake\FUSION\Ceasing Activity Assessment.qvd","Ceasing Activity Assessment.Previous Brief Number","AzureDbProdNIAADL","FUSION","Ceasing Activity Assessment","Previous Brief Number",,,"mapped","7940"
"FUSION QVD Generator","lib://AppData\PROD\AzureDataLake\FUSION\Ceasing Activity Assessment.qvd","Ceasing Activity Assessment.Previous CAA decision and outcome","AzureDbProdNIAADL","FUSION","Ceasing Activity Assessment","Previous CAA decision and outcome",,,"mapped","7940"
"FUSION QVD Generator","lib://AppData\PROD\AzureDataLake\FUSION\Ceasing Activity Assessment.qvd","Ceasing Activity Assessment.Previous CAA Exists","AzureDbProdNIAADL","FUSION","Ceasing Activity Assessment","Previous CAA Exists",,,"mapped","7940"
"FUSION QVD Generator","lib://AppData\PROD\AzureDataLake\FUSION\Ceasing Activity Assessment.qvd","Ceasing Activity Assessment.Programme Rationale","AzureDbProdNIAADL","FUSION","Ceasing Activity Assessment","Programme Rationale",,,"mapped","7940"
"FUSION QVD Generator","lib://AppData\PROD\AzureDataLake\FUSION\Ceasing Activity Assessment.qvd","Ceasing Activity Assessment.Proposed Additional Funding","AzureDbProdNIAADL","FUSION","Ceasing Activity Assessment","Proposed Additional Funding",,,"mapped","7940"
"FUSION QVD Generator","lib://AppData\PROD\AzureDataLake\FUSION\Ceasing Activity Assessment.qvd","Ceasing Activity Assessment.Proposed End Date","AzureDbProdNIAADL","FUSION","Ceasing Activity Assessment","Proposed End Date",,,"mapped","7940"
"FUSION QVD Generator","lib://AppData\PROD\AzureDataLake\FUSION\Ceasing Activity Assessment.qvd","Ceasing Activity Assessment.Proposed Programme Id","AzureDbProdNIAADL","FUSION","Ceasing Activity Assessment","Proposed Programme Id",,,"mapped","7940"
"FUSION QVD Generator","lib://AppData\PROD\AzureDataLake\FUSION\Ceasing Activity Assessment.qvd","Ceasing Activity Assessment.Proposed Programme","AzureDbProdNIAADL","FUSION","Ceasing Activity Assessment","Proposed Programme",,,"mapped","7940"
"FUSION QVD Generator","lib://AppData\PROD\AzureDataLake\FUSION\Ceasing Activity Assessment.qvd","Ceasing Activity Assessment.Rationale","AzureDbProdNIAADL","FUSION","Ceasing Activity Assessment","Rationale",,,"mapped","7940"
"FUSION QVD Generator","lib://AppData\PROD\AzureDataLake\FUSION\Ceasing Activity Assessment.qvd","Ceasing Activity Assessment.Recommendation Input Completed","AzureDbProdNIAADL","FUSION","Ceasing Activity Assessment","Recommendation Input Completed",,,"mapped","7940"
"FUSION QVD Generator","lib://AppData\PROD\AzureDataLake\FUSION\Ceasing Activity Assessment.qvd","Ceasing Activity Assessment.Recommended Action","AzureDbProdNIAADL","FUSION","Ceasing Activity Assessment","Recommended Action",,,"mapped","7940"
"FUSION QVD Generator","lib://AppData\PROD\AzureDataLake\FUSION\Ceasing Activity Assessment.qvd","Ceasing Activity Assessment.Revert Comments","AzureDbProdNIAADL","FUSION","Ceasing Activity Assessment","Revert Comments",,,"mapped","7940"
"FUSION QVD Generator","lib://AppData\PROD\AzureDataLake\FUSION\Ceasing Activity Assessment.qvd","Ceasing Activity Assessment.Reverted By","AzureDbProdNIAADL","FUSION","Ceasing Activity Assessment","Reverted By",,,"mapped","7940"
"FUSION QVD Generator","lib://AppData\PROD\AzureDataLake\FUSION\Ceasing Activity Assessment.qvd","Ceasing Activity Assessment.Reverted","AzureDbProdNIAADL","FUSION","Ceasing Activity Assessment","Reverted",,,"mapped","7940"
"FUSION QVD Generator","lib://AppData\PROD\AzureDataLake\FUSION\Ceasing Activity Assessment.qvd","Ceasing Activity Assessment.Run Function","AzureDbProdNIAADL","FUSION","Ceasing Activity Assessment","Run Function",,,"mapped","7940"
"FUSION QVD Generator","lib://AppData\PROD\AzureDataLake\FUSION\Ceasing Activity Assessment.qvd","Ceasing Activity Assessment.SACS Applicable","AzureDbProdNIAADL","FUSION","Ceasing Activity Assessment","SACS Applicable",,,"mapped","7940"
"FUSION QVD Generator","lib://AppData\PROD\AzureDataLake\FUSION\Ceasing Activity Assessment.qvd","Ceasing Activity Assessment.Transitional Arrangements","AzureDbProdNIAADL","FUSION","Ceasing Activity Assessment","Transitional Arrangements",,,"mapped","7940"
"FUSION QVD Generator","lib://AppData\PROD\AzureDataLake\FUSION\Ceasing Activity Assessment.qvd","Ceasing Activity Assessment.Updated By","AzureDbProdNIAADL","FUSION","Ceasing Activity Assessment","Updated By",,,"mapped","7940"
"FUSION QVD Generator","lib://AppData\PROD\AzureDataLake\FUSION\Ceasing Activity Assessment.qvd","Ceasing Activity Assessment.Validate","AzureDbProdNIAADL","FUSION","Ceasing Activity Assessment","Validate",,,"mapped","7940"
"FUSION QVD Generator","lib://AppData\PROD\AzureDataLake\FUSION\Ceasing Activity Assessment.qvd","Ceasing Activity Assessment.Status","AzureDbProdNIAADL","FUSION","Ceasing Activity Assessment","Status",,,"mapped","7940"
"FUSION QVD Generator","lib://AppData\PROD\AzureDataLake\FUSION\Ceasing Activity Assessment.qvd","Ceasing Activity Assessment.State","AzureDbProdNIAADL","FUSION","Ceasing Activity Assessment","State",,,"mapped","7940"
"FUSION QVD Generator","lib://AppData\PROD\AzureDataLake\FUSION\Ceasing Activity Assessment.qvd","Ceasing Activity Assessment.Round Id","AzureDbProdNIAADL","FUSION","Ceasing Activity Assessment","Round Id",,,"mapped","7940"
"FUSION QVD Generator","lib://AppData\PROD\AzureDataLake\FUSION\Ceasing Activity Assessment.qvd","Ceasing Activity Assessment.Indicative Risk Level","AzureDbProdNIAADL","FUSION","Ceasing Activity Assessment","Indicative Risk Level",,,"mapped","7940"
"FUSION QVD Generator","lib://AppData\PROD\AzureDataLake\FUSION\Ceasing Activity Assessment.qvd","Ceasing Activity Assessment.Approved End Date","AzureDbProdNIAADL","FUSION","Ceasing Activity Assessment","Approved End Date",,,"mapped","7940"
"FUSION QVD Generator","lib://AppData\PROD\AzureDataLake\FUSION\Ceasing Activity Assessment.qvd","Ceasing Activity Assessment.Approved organisation Id","AzureDbProdNIAADL","FUSION","Ceasing Activity Assessment","Approved organisation Id",,,"mapped","7940"
"FUSION QVD Generator","lib://AppData\PROD\AzureDataLake\FUSION\Ceasing Activity Assessment.qvd","Ceasing Activity Assessment.Approved Organisation","AzureDbProdNIAADL","FUSION","Ceasing Activity Assessment","Approved Organisation",,,"mapped","7940"
"FUSION QVD Generator","lib://AppData\PROD\AzureDataLake\FUSION\Ceasing Activity Assessment.qvd","Ceasing Activity Assessment.Proposed Organisation Id","AzureDbProdNIAADL","FUSION","Ceasing Activity Assessment","Proposed Organisation Id",,,"mapped","7940"
"FUSION QVD Generator","lib://AppData\PROD\AzureDataLake\FUSION\Ceasing Activity Assessment.qvd","Ceasing Activity Assessment.Proposed Organisation","AzureDbProdNIAADL","FUSION","Ceasing Activity Assessment","Proposed Organisation",,,"mapped","7940"
"FUSION QVD Generator","lib://AppData\PROD\AzureDataLake\FUSION\Grant Activity Location.qvd","Grant Activity Location.Grant Activity Location Id%","AzureDbProdNIAADL","FUSION","Grant Activity Location","Grant Activity Location Id",,,"mapped","7940"
"FUSION QVD Generator","lib://AppData\PROD\AzureDataLake\FUSION\Grant Activity Location.qvd","Grant Activity Location.Grant Activity Id%","AzureDbProdNIAADL","FUSION","Grant Activity Location","Grant Activity Id",,,"mapped","7940"
"FUSION QVD Generator","lib://AppData\PROD\AzureDataLake\FUSION\Grant Activity Location.qvd","Grant Activity Location.Activity Location","AzureDbProdNIAADL","FUSION","Grant Activity Location","Activity Location",,,"mapped","7940"
"FUSION QVD Generator","lib://AppData\PROD\AzureDataLake\FUSION\Grant Activity Location.qvd","Grant Activity Location.Location Type Code","AzureDbProdNIAADL","FUSION","Grant Activity Location","Location Type Code",,,"mapped","7940"
"FUSION QVD Generator","lib://AppData\PROD\AzureDataLake\FUSION\Grant Activity Location.qvd","Grant Activity Location.Location Type","AzureDbProdNIAADL","FUSION","Grant Activity Location","Location Type",,,"mapped","7940"
"FUSION QVD Generator","lib://AppData\PROD\AzureDataLake\FUSION\Grant Activity Location.qvd","Grant Activity Location.Electorate Id%","AzureDbProdNIAADL","FUSION","Grant Activity Location","Electorate Id",,,"mapped","7940"
"FUSION QVD Generator","lib://AppData\PROD\AzureDataLake\FUSION\Grant Activity Location.qvd","Grant Activity Location.Electorate","AzureDbProdNIAADL","FUSION","Grant Activity Location","Electorate",,,"mapped","7940"
"FUSION QVD Generator","lib://AppData\PROD\AzureDataLake\FUSION\Grant Activity Location.qvd","Grant Activity Location.Location Address Id%","AzureDbProdNIAADL","FUSION","Grant Activity Location","Location Address Id",,,"mapped","7940"
"FUSION QVD Generator","lib://AppData\PROD\AzureDataLake\FUSION\Grant Activity Location.qvd","Grant Activity Location.City/Suburb","AzureDbProdNIAADL","FUSION","Grant Activity Location","City/Suburb",,,"mapped","7940"
"FUSION QVD Generator","lib://AppData\PROD\AzureDataLake\FUSION\Grant Activity Location.qvd","Grant Activity Location.State","AzureDbProdNIAADL","FUSION","Grant Activity Location","State",,,"mapped","7940"
"FUSION QVD Generator","lib://AppData\PROD\AzureDataLake\FUSION\Grant Activity Location.qvd","Grant Activity Location.Address Postcode","AzureDbProdNIAADL","FUSION","Grant Activity Location","Address Postcode",,,"mapped","7940"
"FUSION QVD Generator","lib://AppData\PROD\AzureDataLake\FUSION\Grant Activity Location.qvd","Grant Activity Location.SA1 Main Code","AzureDbProdNIAADL","FUSION","Grant Activity Location","SA1 Main Code",,,"mapped","7940"
"FUSION QVD Generator","lib://AppData\PROD\AzureDataLake\FUSION\Grant Activity Location.qvd","Grant Activity Location.ILOC Code","AzureDbProdNIAADL","FUSION","Grant Activity Location","ILOC Code",,,"mapped","7940"
"FUSION QVD Generator","lib://AppData\PROD\AzureDataLake\FUSION\Grant Activity Location.qvd","Grant Activity Location.ILOC Name","AzureDbProdNIAADL","FUSION","Grant Activity Location","ILOC Name",,,"mapped","7940"
"FUSION QVD Generator","lib://AppData\PROD\AzureDataLake\FUSION\Grant Activity Location.qvd","Grant Activity Location.Longitude","AzureDbProdNIAADL","FUSION","Grant Activity Location","Longitude",,,"mapped","7940"
"FUSION QVD Generator","lib://AppData\PROD\AzureDataLake\FUSION\Grant Activity Location.qvd","Grant Activity Location.Latitude","AzureDbProdNIAADL","FUSION","Grant Activity Location","Latitude",,,"mapped","7940"
"FUSION QVD Generator","lib://AppData\PROD\AzureDataLake\FUSION\Grant Activity Location.qvd","Grant Activity Location.Empowered Community Id%","AzureDbProdNIAADL","FUSION","Grant Activity Location","Empowered Community Id",,,"mapped","7940"
"FUSION QVD Generator","lib://AppData\PROD\AzureDataLake\FUSION\Grant Activity Location.qvd","Grant Activity Location.Empowered Community","AzureDbProdNIAADL","FUSION","Grant Activity Location","Empowered Community",,,"mapped","7940"
"FUSION QVD Generator","lib://AppData\PROD\AzureDataLake\FUSION\Grant Activity Location.qvd","Grant Activity Location.Location Start Date","AzureDbProdNIAADL","FUSION","Grant Activity Location","Location Start Date",,,"mapped","7940"
"FUSION QVD Generator","lib://AppData\PROD\AzureDataLake\FUSION\Grant Activity Location.qvd","Grant Activity Location.Location End Date","AzureDbProdNIAADL","FUSION","Grant Activity Location","Location End Date",,,"mapped","7940"
"FUSION QVD Generator","lib://AppData\PROD\AzureDataLake\FUSION\Grant Activity Location.qvd","Grant Activity Location.Remoteness Area","AzureDbProdNIAADL","FUSION","Grant Activity Location","Remoteness Area",,,"mapped","7940"
"FUSION QVD Generator","lib://AppData\PROD\AzureDataLake\FUSION\Grant Activity Location.qvd","Grant Activity Location.Source System Status Id%","AzureDbProdNIAADL","FUSION","Grant Activity Location","Source System Status Id",,,"mapped","7940"
"FUSION QVD Generator","lib://AppData\PROD\AzureDataLake\FUSION\Grant Activity Location.qvd","Grant Activity Location.Source System Status","AzureDbProdNIAADL","FUSION","Grant Activity Location","Source System Status",,,"mapped","7940"
"FUSION QVD Generator","lib://AppData\PROD\AzureDataLake\FUSION\Grant Activity Location.qvd","Grant Activity Location.Source Location Type Id%","AzureDbProdNIAADL","FUSION","Grant Activity Location","Source Location Type Id",,,"mapped","7940"
"FUSION QVD Generator","lib://AppData\PROD\AzureDataLake\FUSION\Grant Activity Location.qvd","Grant Activity Location.Source Location Type","AzureDbProdNIAADL","FUSION","Grant Activity Location","Source Location Type",,,"mapped","7940"
"FUSION QVD Generator","lib://AppData\PROD\AzureDataLake\FUSION\Grant Activity Location.qvd","Grant Activity Location.Estimated Location Attribution","AzureDbProdNIAADL","FUSION","Grant Activity Location","Estimated Location Attribution",,,"mapped","7940"
"FUSION QVD Generator","lib://AppData\PROD\AzureDataLake\FUSION\Grant Activity Location.qvd","Grant Activity Location.Activity Location Status","AzureDbProdNIAADL","FUSION","Grant Activity Location","Activity Location Status",,,"mapped","7940"
"FUSION QVD Generator","lib://AppData\PROD\AzureDataLake\FUSION\Grant Activity Location.qvd","Grant Activity Location.Location Id","AzureDbProdNIAADL","FUSION","Grant Activity Location","Location Id",,,"mapped","7940"
"FUSION QVD Generator","lib://AppData\PROD\AzureDataLake\FUSION\Grant Activity Location.qvd","Grant Activity Location.Mesh Block Code 2016","AzureDbProdNIAADL","FUSION","Grant Activity Location","Mesh Block Code 2016",,,"mapped","7940"
"FUSION QVD Generator","lib://AppData\PROD\AzureDataLake\FUSION\Grant Activity Location.qvd","Grant Activity Location.Mesh Block Code 2021","AzureDbProdNIAADL","FUSION","Grant Activity Location","Mesh Block Code 2021",,,"mapped","7940"
"FUSION QVD Generator","lib://AppData\PROD\AzureDataLake\FUSION\Grant Activity Location Attribution.qvd","Grant Activity Location Attribution.Grant Activity Location Attribution Id%","AzureDbProdNIAADL","FUSION","Grant Activity Location Attribution","Grant Activity Location Attribution Id",,,"mapped","7940"
"FUSION QVD Generator","lib://AppData\PROD\AzureDataLake\FUSION\Grant Activity Location Attribution.qvd","Grant Activity Location Attribution.Financial Year Id%","AzureDbProdNIAADL","FUSION","Grant Activity Location Attribution","Financial Year Id",,,"mapped","7940"
"FUSION QVD Generator","lib://AppData\PROD\AzureDataLake\FUSION\Grant Activity Location Attribution.qvd","Grant Activity Location Attribution.Financial Year","AzureDbProdNIAADL","FUSION","Grant Activity Location Attribution","Financial Year",,,"mapped","7940"
"FUSION QVD Generator","lib://AppData\PROD\AzureDataLake\FUSION\Grant Activity Location Attribution.qvd","Grant Activity Location Attribution.Attribution","AzureDbProdNIAADL","FUSION","Grant Activity Location Attribution","Attribution",,,"mapped","7940"
"FUSION QVD Generator","lib://AppData\PROD\AzureDataLake\FUSION\Grant Activity Location Attribution.qvd","Grant Activity Location Attribution.Grant Activity Location Id%","AzureDbProdNIAADL","FUSION","Grant Activity Location Attribution","Grant Activity Location Id",,,"mapped","7940"
"FUSION QVD Generator","lib://AppData\PROD\AzureDataLake\FUSION\Grant Activity Location Attribution.qvd","Grant Activity Location Attribution.Status","AzureDbProdNIAADL","FUSION","Grant Activity Location Attribution","Status",,,"mapped","7940"
"FUSION QVD Generator","lib://AppData\PROD\AzureDataLake\FUSION\Grant Activity Funding.qvd","Grant Activity Funding.Grant Activity Funding Id%","AzureDbProdNIAADL","FUSION","Grant Activity Funding","Grant Activity Funding Id",,,"mapped","7940"
"FUSION QVD Generator","lib://AppData\PROD\AzureDataLake\FUSION\Grant Activity Funding.qvd","Grant Activity Funding.Grant Activity Id%","AzureDbProdNIAADL","FUSION","Grant Activity Funding","Grant Activity Id",,,"mapped","7940"
"FUSION QVD Generator","lib://AppData\PROD\AzureDataLake\FUSION\Grant Activity Funding.qvd","Grant Activity Funding.Financial Year Id%","AzureDbProdNIAADL","FUSION","Grant Activity Funding","Financial Year Id",,,"mapped","7940"
"FUSION QVD Generator","lib://AppData\PROD\AzureDataLake\FUSION\Grant Activity Funding.qvd","Grant Activity Funding.Financial Year","AzureDbProdNIAADL","FUSION","Grant Activity Funding","Financial Year",,,"mapped","7940"
"FUSION QVD Generator","lib://AppData\PROD\AzureDataLake\FUSION\Grant Activity Funding.qvd","Grant Activity Funding.Source Status Group","AzureDbProdNIAADL","FUSION","Grant Activity Funding","Source Status Group",,,"mapped","7940"
"FUSION QVD Generator","lib://AppData\PROD\AzureDataLake\FUSION\Grant Activity Funding.qvd","Grant Activity Funding.Activity Funding","AzureDbProdNIAADL","FUSION","Grant Activity Funding","Activity Funding",,,"mapped","7940"
"FUSION QVD Generator","lib://AppData\PROD\AzureDataLake\FUSION\Grant Activity Funding.qvd","Grant Activity Funding.Funding Amount","AzureDbProdNIAADL","FUSION","Grant Activity Funding","Funding Amount",,,"mapped","7940"
"FUSION QVD Generator","lib://AppData\PROD\AzureDataLake\FUSION\Grant Activity Funding.qvd","Grant Activity Funding.Funds Released","AzureDbProdNIAADL","FUSION","Grant Activity Funding","Funds Released",,,"mapped","7940"
"FUSION QVD Generator","lib://AppData\PROD\AzureDataLake\FUSION\Grant Activity Funding.qvd","Grant Activity Funding.Activity Funding Status","AzureDbProdNIAADL","FUSION","Grant Activity Funding","Activity Funding Status",,,"mapped","7940"
"FUSION QVD Generator","lib://AppData\PROD\AzureDataLake\FUSION\Grant Management Unit.qvd","Grant Management Unit.Grant Management Unit Id%","AzureDbProdNIAADL","FUSION","Grant Management Unit","Grant Management Unit Id",,,"mapped","7940"
"FUSION QVD Generator","lib://AppData\PROD\AzureDataLake\FUSION\Grant Management Unit.qvd","Grant Management Unit.Agency Id%","AzureDbProdNIAADL","FUSION","Grant Management Unit","Agency Id",,,"mapped","7940"
"FUSION QVD Generator","lib://AppData\PROD\AzureDataLake\FUSION\Grant Management Unit.qvd","Grant Management Unit.Agency","AzureDbProdNIAADL","FUSION","Grant Management Unit","Agency",,,"mapped","7940"
"FUSION QVD Generator","lib://AppData\PROD\AzureDataLake\FUSION\Grant Management Unit.qvd","Grant Management Unit.GMU Code","AzureDbProdNIAADL","FUSION","Grant Management Unit","GMU Code",,,"mapped","7940"
"FUSION QVD Generator","lib://AppData\PROD\AzureDataLake\FUSION\Grant Management Unit.qvd","Grant Management Unit.Grant Management Unit","AzureDbProdNIAADL","FUSION","Grant Management Unit","Grant Management Unit",,,"mapped","7940"
"FUSION QVD Generator","lib://AppData\PROD\AzureDataLake\FUSION\Grant Management Unit.qvd","Grant Management Unit.GMU Abbreviation","AzureDbProdNIAADL","FUSION","Grant Management Unit","GMU Abbreviation",,,"mapped","7940"
"FUSION QVD Generator","lib://AppData\PROD\AzureDataLake\FUSION\Grant Management Unit.qvd","Grant Management Unit.State","AzureDbProdNIAADL","FUSION","Grant Management Unit","State",,,"mapped","7940"
"FUSION QVD Generator","lib://AppData\PROD\AzureDataLake\FUSION\Grant Management Unit.qvd","Grant Management Unit.GMU Manager","AzureDbProdNIAADL","FUSION","Grant Management Unit","GMU Manager",,,"mapped","7940"
"FUSION QVD Generator","lib://AppData\PROD\AzureDataLake\FUSION\Grant Management Unit.qvd","Grant Management Unit.GMU Manager Email","AzureDbProdNIAADL","FUSION","Grant Management Unit","GMU Manager Email",,,"mapped","7940"
"FUSION QVD Generator","lib://AppData\PROD\AzureDataLake\FUSION\Grant Management Unit.qvd","Grant Management Unit.GMU Manager Business Phone","AzureDbProdNIAADL","FUSION","Grant Management Unit","GMU Manager Business Phone",,,"mapped","7940"
"FUSION QVD Generator","lib://AppData\PROD\AzureDataLake\FUSION\Grant Management Unit.qvd","Grant Management Unit.GMU Manager Mobile","AzureDbProdNIAADL","FUSION","Grant Management Unit","GMU Manager Mobile",,,"mapped","7940"
"FUSION QVD Generator","lib://AppData\PROD\AzureDataLake\FUSION\Grant Management Unit Alternate Name.qvd","Grant Management Unit Alternate Name.Grant Management Unit Alternate Name Id%","AzureDbProdNIAADL","FUSION","Grant Management Unit Alternate Name","Grant Management Unit Alternate Name Id",,,"mapped","7940"
"FUSION QVD Generator","lib://AppData\PROD\AzureDataLake\FUSION\Grant Management Unit Alternate Name.qvd","Grant Management Unit Alternate Name.Grant Management Unit Id%","AzureDbProdNIAADL","FUSION","Grant Management Unit Alternate Name","Grant Management Unit Id",,,"mapped","7940"
"FUSION QVD Generator","lib://AppData\PROD\AzureDataLake\FUSION\Grant Management Unit Alternate Name.qvd","Grant Management Unit Alternate Name.Alternate Name","AzureDbProdNIAADL","FUSION","Grant Management Unit Alternate Name","Alternate Name",,,"mapped","7940"
"FUSION QVD Generator","lib://AppData\PROD\AzureDataLake\FUSION\Ceasing Activity Funding.qvd","Ceasing Activity Funding.Ceasing Activity Assessment Id%","AzureDbProdNIAADL","FUSION","Ceasing Activity Funding","Ceasing Activity Assessment Id",,,"mapped","7940"
"FUSION QVD Generator","lib://AppData\PROD\AzureDataLake\FUSION\Ceasing Activity Funding.qvd","Ceasing Activity Funding.Financial Year Id%","AzureDbProdNIAADL","FUSION","Ceasing Activity Funding","Financial Year Id",,,"mapped","7940"
"FUSION QVD Generator","lib://AppData\PROD\AzureDataLake\FUSION\Ceasing Activity Funding.qvd","Ceasing Activity Funding.Financial Year","AzureDbProdNIAADL","FUSION","Ceasing Activity Funding","Financial Year",,,"mapped","7940"
"FUSION QVD Generator","lib://AppData\PROD\AzureDataLake\FUSION\Ceasing Activity Funding.qvd","Ceasing Activity Funding.FInancial Year Funding","AzureDbProdNIAADL","FUSION","Ceasing Activity Funding","FInancial Year Funding",,,"mapped","7940"
"FUSION QVD Generator","lib://AppData\PROD\AzureDataLake\FUSION\Grant Acquittal.qvd","Grant Acquittal.Grant Acquittal Id%","AzureDbProdNIAADL","FUSION","Grant Acquittal","Grant Acquittal Id",,,"mapped","7940"
"FUSION QVD Generator","lib://AppData\PROD\AzureDataLake\FUSION\Grant Acquittal.qvd","Grant Acquittal.Acquittal Id","AzureDbProdNIAADL","FUSION","Grant Acquittal","Acquittal Id",,,"mapped","7940"
"FUSION QVD Generator","lib://AppData\PROD\AzureDataLake\FUSION\Grant Acquittal.qvd","Grant Acquittal.GPS Review Id","AzureDbProdNIAADL","FUSION","Grant Acquittal","GPS Review Id",,,"mapped","7940"
"FUSION QVD Generator","lib://AppData\PROD\AzureDataLake\FUSION\Grant Acquittal.qvd","Grant Acquittal.Acceptance Comments","AzureDbProdNIAADL","FUSION","Grant Acquittal","Acceptance Comments",,,"mapped","7940"
"FUSION QVD Generator","lib://AppData\PROD\AzureDataLake\FUSION\Grant Acquittal.qvd","Grant Acquittal.Acquittal Documentation Required","AzureDbProdNIAADL","FUSION","Grant Acquittal","Acquittal Documentation Required",,,"mapped","7940"
"FUSION QVD Generator","lib://AppData\PROD\AzureDataLake\FUSION\Grant Acquittal.qvd","Grant Acquittal.Acquittal Milestone Id%","AzureDbProdNIAADL","FUSION","Grant Acquittal","Acquittal Milestone Id",,,"mapped","7940"
"FUSION QVD Generator","lib://AppData\PROD\AzureDataLake\FUSION\Grant Acquittal.qvd","Grant Acquittal.Acquittal Milestone Completed","AzureDbProdNIAADL","FUSION","Grant Acquittal","Acquittal Milestone Completed",,,"mapped","7940"
"FUSION QVD Generator","lib://AppData\PROD\AzureDataLake\FUSION\Grant Acquittal.qvd","Grant Acquittal.Grant Acquittal Outcome Type Id%","AzureDbProdNIAADL","FUSION","Grant Acquittal","Grant Acquittal Outcome Type Id",,,"mapped","7940"
"FUSION QVD Generator","lib://AppData\PROD\AzureDataLake\FUSION\Grant Acquittal.qvd","Grant Acquittal.Acquittal Outcome","AzureDbProdNIAADL","FUSION","Grant Acquittal","Acquittal Outcome",,,"mapped","7940"
"FUSION QVD Generator","lib://AppData\PROD\AzureDataLake\FUSION\Grant Acquittal.qvd","Grant Acquittal.Acquittal Review Completed","AzureDbProdNIAADL","FUSION","Grant Acquittal","Acquittal Review Completed",,,"mapped","7940"
"FUSION QVD Generator","lib://AppData\PROD\AzureDataLake\FUSION\Grant Acquittal.qvd","Grant Acquittal.Acquittal Year Type","AzureDbProdNIAADL","FUSION","Grant Acquittal","Acquittal Year Type",,,"mapped","7940"
"FUSION QVD Generator","lib://AppData\PROD\AzureDataLake\FUSION\Grant Acquittal.qvd","Grant Acquittal.Actual Approved Expenditure","AzureDbProdNIAADL","FUSION","Grant Acquittal","Actual Approved Expenditure",,,"mapped","7940"
"FUSION QVD Generator","lib://AppData\PROD\AzureDataLake\FUSION\Grant Acquittal.qvd","Grant Acquittal.All Calculation Questions Loaded","AzureDbProdNIAADL","FUSION","Grant Acquittal","All Calculation Questions Loaded",,,"mapped","7940"
"FUSION QVD Generator","lib://AppData\PROD\AzureDataLake\FUSION\Grant Acquittal.qvd","Grant Acquittal.Approval Comments","AzureDbProdNIAADL","FUSION","Grant Acquittal","Approval Comments",,,"mapped","7940"
"FUSION QVD Generator","lib://AppData\PROD\AzureDataLake\FUSION\Grant Acquittal.qvd","Grant Acquittal.Approved On","AzureDbProdNIAADL","FUSION","Grant Acquittal","Approved On",,,"mapped","7940"
"FUSION QVD Generator","lib://AppData\PROD\AzureDataLake\FUSION\Grant Acquittal.qvd","Grant Acquittal.Approver Id%","AzureDbProdNIAADL","FUSION","Grant Acquittal","Approver Id",,,"mapped","7940"
"FUSION QVD Generator","lib://AppData\PROD\AzureDataLake\FUSION\Grant Acquittal.qvd","Grant Acquittal.Approver","AzureDbProdNIAADL","FUSION","Grant Acquittal","Approver",,,"mapped","7940"
"FUSION QVD Generator","lib://AppData\PROD\AzureDataLake\FUSION\Grant Acquittal.qvd","Grant Acquittal.Approver Level","AzureDbProdNIAADL","FUSION","Grant Acquittal","Approver Level",,,"mapped","7940"
"FUSION QVD Generator","lib://AppData\PROD\AzureDataLake\FUSION\Grant Acquittal.qvd","Grant Acquittal.Approver Office","AzureDbProdNIAADL","FUSION","Grant Acquittal","Approver Office",,,"mapped","7940"
"FUSION QVD Generator","lib://AppData\PROD\AzureDataLake\FUSION\Grant Acquittal.qvd","Grant Acquittal.Assessed On","AzureDbProdNIAADL","FUSION","Grant Acquittal","Assessed On",,,"mapped","7940"
"FUSION QVD Generator","lib://AppData\PROD\AzureDataLake\FUSION\Grant Acquittal.qvd","Grant Acquittal.Assessment Approved","AzureDbProdNIAADL","FUSION","Grant Acquittal","Assessment Approved",,,"mapped","7940"
"FUSION QVD Generator","lib://AppData\PROD\AzureDataLake\FUSION\Grant Acquittal.qvd","Grant Acquittal.Assessment Comments","AzureDbProdNIAADL","FUSION","Grant Acquittal","Assessment Comments",,,"mapped","7940"
"FUSION QVD Generator","lib://AppData\PROD\AzureDataLake\FUSION\Grant Acquittal.qvd","Grant Acquittal.Assessment Complete","AzureDbProdNIAADL","FUSION","Grant Acquittal","Assessment Complete",,,"mapped","7940"
"FUSION QVD Generator","lib://AppData\PROD\AzureDataLake\FUSION\Grant Acquittal.qvd","Grant Acquittal.Assessor Id%","AzureDbProdNIAADL","FUSION","Grant Acquittal","Assessor Id",,,"mapped","7940"
"FUSION QVD Generator","lib://AppData\PROD\AzureDataLake\FUSION\Grant Acquittal.qvd","Grant Acquittal.Assessor","AzureDbProdNIAADL","FUSION","Grant Acquittal","Assessor",,,"mapped","7940"
"FUSION QVD Generator","lib://AppData\PROD\AzureDataLake\FUSION\Grant Acquittal.qvd","Grant Acquittal.Assessor Office","AzureDbProdNIAADL","FUSION","Grant Acquittal","Assessor Office",,,"mapped","7940"
"FUSION QVD Generator","lib://AppData\PROD\AzureDataLake\FUSION\Grant Acquittal.qvd","Grant Acquittal.Assessors Recommendation","AzureDbProdNIAADL","FUSION","Grant Acquittal","Assessors Recommendation",,,"mapped","7940"
"FUSION QVD Generator","lib://AppData\PROD\AzureDataLake\FUSION\Grant Acquittal.qvd","Grant Acquittal.Current Activity Risk Assessment Id%","AzureDbProdNIAADL","FUSION","Grant Acquittal","Current Activity Risk Assessment Id",,,"mapped","7940"
"FUSION QVD Generator","lib://AppData\PROD\AzureDataLake\FUSION\Grant Acquittal.qvd","Grant Acquittal.Current Activity Risk Assessment","AzureDbProdNIAADL","FUSION","Grant Acquittal","Current Activity Risk Assessment",,,"mapped","7940"
"FUSION QVD Generator","lib://AppData\PROD\AzureDataLake\FUSION\Grant Acquittal.qvd","Grant Acquittal.Debt Invoice Number","AzureDbProdNIAADL","FUSION","Grant Acquittal","Debt Invoice Number",,,"mapped","7940"
"FUSION QVD Generator","lib://AppData\PROD\AzureDataLake\FUSION\Grant Acquittal.qvd","Grant Acquittal.Debt Invoice Required","AzureDbProdNIAADL","FUSION","Grant Acquittal","Debt Invoice Required",,,"mapped","7940"
"FUSION QVD Generator","lib://AppData\PROD\AzureDataLake\FUSION\Grant Acquittal.qvd","Grant Acquittal.Direction","AzureDbProdNIAADL","FUSION","Grant Acquittal","Direction",,,"mapped","7940"
"FUSION QVD Generator","lib://AppData\PROD\AzureDataLake\FUSION\Grant Acquittal.qvd","Grant Acquittal.Display Calculation Questions Error Message","AzureDbProdNIAADL","FUSION","Grant Acquittal","Display Calculation Questions Error Message",,,"mapped","7940"
"FUSION QVD Generator","lib://AppData\PROD\AzureDataLake\FUSION\Grant Acquittal.qvd","Grant Acquittal.Document Acceptance","AzureDbProdNIAADL","FUSION","Grant Acquittal","Document Acceptance",,,"mapped","7940"
"FUSION QVD Generator","lib://AppData\PROD\AzureDataLake\FUSION\Grant Acquittal.qvd","Grant Acquittal.Document Links","AzureDbProdNIAADL","FUSION","Grant Acquittal","Document Links",,,"mapped","7940"
"FUSION QVD Generator","lib://AppData\PROD\AzureDataLake\FUSION\Grant Acquittal.qvd","Grant Acquittal.Financial Year Id%%","AzureDbProdNIAADL","FUSION","Grant Acquittal","Financial Year Id",,,"mapped","7940"
"FUSION QVD Generator","lib://AppData\PROD\AzureDataLake\FUSION\Grant Acquittal.qvd","Grant Acquittal.Financial Year","AzureDbProdNIAADL","FUSION","Grant Acquittal","Financial Year",,,"mapped","7940"
"FUSION QVD Generator","lib://AppData\PROD\AzureDataLake\FUSION\Grant Acquittal.qvd","Grant Acquittal.First Overdue Letter Sent Date","AzureDbProdNIAADL","FUSION","Grant Acquittal","First Overdue Letter Sent Date",,,"mapped","7940"
"FUSION QVD Generator","lib://AppData\PROD\AzureDataLake\FUSION\Grant Acquittal.qvd","Grant Acquittal.GPS Update Finalised On","AzureDbProdNIAADL","FUSION","Grant Acquittal","GPS Update Finalised On",,,"mapped","7940"
"FUSION QVD Generator","lib://AppData\PROD\AzureDataLake\FUSION\Grant Acquittal.qvd","Grant Acquittal.Grant Activity Id%","AzureDbProdNIAADL","FUSION","Grant Acquittal","Grant Activity Id",,,"mapped","7940"
"FUSION QVD Generator","lib://AppData\PROD\AzureDataLake\FUSION\Grant Acquittal.qvd","Grant Acquittal.Is Reverted","AzureDbProdNIAADL","FUSION","Grant Acquittal","Is Reverted",,,"mapped","7940"
"FUSION QVD Generator","lib://AppData\PROD\AzureDataLake\FUSION\Grant Acquittal.qvd","Grant Acquittal.Grant Acquittal","AzureDbProdNIAADL","FUSION","Grant Acquittal","Grant Acquittal",,,"mapped","7940"
"FUSION QVD Generator","lib://AppData\PROD\AzureDataLake\FUSION\Grant Acquittal.qvd","Grant Acquittal.Notified By Id%","AzureDbProdNIAADL","FUSION","Grant Acquittal","Notified By Id",,,"mapped","7940"
"FUSION QVD Generator","lib://AppData\PROD\AzureDataLake\FUSION\Grant Acquittal.qvd","Grant Acquittal.Notified By","AzureDbProdNIAADL","FUSION","Grant Acquittal","Notified By",,,"mapped","7940"
"FUSION QVD Generator","lib://AppData\PROD\AzureDataLake\FUSION\Grant Acquittal.qvd","Grant Acquittal.Notified On","AzureDbProdNIAADL","FUSION","Grant Acquittal","Notified On",,,"mapped","7940"
"FUSION QVD Generator","lib://AppData\PROD\AzureDataLake\FUSION\Grant Acquittal.qvd","Grant Acquittal.Organisation Id%","AzureDbProdNIAADL","FUSION","Grant Acquittal","Organisation Id",,,"mapped","7940"
"FUSION QVD Generator","lib://AppData\PROD\AzureDataLake\FUSION\Grant Acquittal.qvd","Grant Acquittal.Organisation","AzureDbProdNIAADL","FUSION","Grant Acquittal","Organisation",,,"mapped","7940"
"FUSION QVD Generator","lib://AppData\PROD\AzureDataLake\FUSION\Grant Acquittal.qvd","Grant Acquittal.Outcome Sent To Provider","AzureDbProdNIAADL","FUSION","Grant Acquittal","Outcome Sent To Provider",,,"mapped","7940"
"FUSION QVD Generator","lib://AppData\PROD\AzureDataLake\FUSION\Grant Acquittal.qvd","Grant Acquittal.Process Stage","AzureDbProdNIAADL","FUSION","Grant Acquittal","Process Stage",,,"mapped","7940"
"FUSION QVD Generator","lib://AppData\PROD\AzureDataLake\FUSION\Grant Acquittal.qvd","Grant Acquittal.Published Templates Exist","AzureDbProdNIAADL","FUSION","Grant Acquittal","Published Templates Exist",,,"mapped","7940"
"FUSION QVD Generator","lib://AppData\PROD\AzureDataLake\FUSION\Grant Acquittal.qvd","Grant Acquittal.Questionnaire Completed","AzureDbProdNIAADL","FUSION","Grant Acquittal","Questionnaire Completed",,,"mapped","7940"
"FUSION QVD Generator","lib://AppData\PROD\AzureDataLake\FUSION\Grant Acquittal.qvd","Grant Acquittal.Questionnaire Template Id%","AzureDbProdNIAADL","FUSION","Grant Acquittal","Questionnaire Template Id",,,"mapped","7940"
"FUSION QVD Generator","lib://AppData\PROD\AzureDataLake\FUSION\Grant Acquittal.qvd","Grant Acquittal.Questionnaire Template","AzureDbProdNIAADL","FUSION","Grant Acquittal","Questionnaire Template",,,"mapped","7940"
"FUSION QVD Generator","lib://AppData\PROD\AzureDataLake\FUSION\Grant Acquittal.qvd","Grant Acquittal.Reason For Recommendation","AzureDbProdNIAADL","FUSION","Grant Acquittal","Reason For Recommendation",,,"mapped","7940"
"FUSION QVD Generator","lib://AppData\PROD\AzureDataLake\FUSION\Grant Acquittal.qvd","Grant Acquittal.Residual Amount","AzureDbProdNIAADL","FUSION","Grant Acquittal","Residual Amount",,,"mapped","7940"
"FUSION QVD Generator","lib://AppData\PROD\AzureDataLake\FUSION\Grant Acquittal.qvd","Grant Acquittal.Revert Reason","AzureDbProdNIAADL","FUSION","Grant Acquittal","Revert Reason",,,"mapped","7940"
"FUSION QVD Generator","lib://AppData\PROD\AzureDataLake\FUSION\Grant Acquittal.qvd","Grant Acquittal.Grant Activity Review Id%","AzureDbProdNIAADL","FUSION","Grant Acquittal","Grant Activity Review Id",,,"mapped","7940"
"FUSION QVD Generator","lib://AppData\PROD\AzureDataLake\FUSION\Grant Acquittal.qvd","Grant Acquittal.Second Overdue Letter Sent","AzureDbProdNIAADL","FUSION","Grant Acquittal","Second Overdue Letter Sent",,,"mapped","7940"
"FUSION QVD Generator","lib://AppData\PROD\AzureDataLake\FUSION\Grant Acquittal.qvd","Grant Acquittal.Statement Of Noncompliance Sent","AzureDbProdNIAADL","FUSION","Grant Acquittal","Statement Of Noncompliance Sent",,,"mapped","7940"
"FUSION QVD Generator","lib://AppData\PROD\AzureDataLake\FUSION\Grant Acquittal.qvd","Grant Acquittal.Total Recommendation Amount","AzureDbProdNIAADL","FUSION","Grant Acquittal","Total Recommendation Amount",,,"mapped","7940"
"FUSION QVD Generator","lib://AppData\PROD\AzureDataLake\FUSION\Grant Acquittal.qvd","Grant Acquittal.Total Recommendation Amount Date","AzureDbProdNIAADL","FUSION","Grant Acquittal","Total Recommendation Amount Date",,,"mapped","7940"
"FUSION QVD Generator","lib://AppData\PROD\AzureDataLake\FUSION\Grant Acquittal.qvd","Grant Acquittal.Acquittal Balance","AzureDbProdNIAADL","FUSION","Grant Acquittal","Acquittal Balance",,,"mapped","7940"
"FUSION QVD Generator","lib://AppData\PROD\AzureDataLake\FUSION\Grant Acquittal.qvd","Grant Acquittal.Total Value Of Funds To Be Acquitted","AzureDbProdNIAADL","FUSION","Grant Acquittal","Total Value Of Funds To Be Acquitted",,,"mapped","7940"
"FUSION QVD Generator","lib://AppData\PROD\AzureDataLake\FUSION\Grant Acquittal.qvd","Grant Acquittal.Acquittal Underspend Ratio","AzureDbProdNIAADL","FUSION","Grant Acquittal","Acquittal Underspend Ratio",,,"mapped","7940"
"FUSION QVD Generator","lib://AppData\PROD\AzureDataLake\FUSION\Grant Acquittal.qvd","Grant Acquittal.Acquittal Underspend Risk Score","AzureDbProdNIAADL","FUSION","Grant Acquittal","Acquittal Underspend Risk Score",,,"mapped","7940"
"FUSION QVD Generator","lib://AppData\PROD\AzureDataLake\FUSION\Grant Acquittal.qvd","Grant Acquittal.State","AzureDbProdNIAADL","FUSION","Grant Acquittal","State",,,"mapped","7940"
"FUSION QVD Generator","lib://AppData\PROD\AzureDataLake\FUSION\Grant Acquittal.qvd","Grant Acquittal.Status","AzureDbProdNIAADL","FUSION","Grant Acquittal","Status",,,"mapped","7940"
"FUSION QVD Generator","lib://AppData\PROD\AzureDataLake\FUSION\Grant Acquittal Calculation.qvd","Grant Acquittal Calculation.Grant Acquittal Calculation Id%","AzureDbProdNIAADL","FUSION","Grant Acquittal Calculation","Grant Acquittal Calculation Id",,,"mapped","7940"
"FUSION QVD Generator","lib://AppData\PROD\AzureDataLake\FUSION\Grant Acquittal Calculation.qvd","Grant Acquittal Calculation.Grant Acquittal Id%","AzureDbProdNIAADL","FUSION","Grant Acquittal Calculation","Grant Acquittal Id",,,"mapped","7940"
"FUSION QVD Generator","lib://AppData\PROD\AzureDataLake\FUSION\Grant Acquittal Calculation.qvd","Grant Acquittal Calculation.Amount","AzureDbProdNIAADL","FUSION","Grant Acquittal Calculation","Amount",,,"mapped","7940"
"FUSION QVD Generator","lib://AppData\PROD\AzureDataLake\FUSION\Grant Acquittal Calculation.qvd","Grant Acquittal Calculation.Calculation Question Template Id%","AzureDbProdNIAADL","FUSION","Grant Acquittal Calculation","Calculation Question Template Id",,,"mapped","7940"
"FUSION QVD Generator","lib://AppData\PROD\AzureDataLake\FUSION\Grant Acquittal Calculation.qvd","Grant Acquittal Calculation.Calculation Question Template","AzureDbProdNIAADL","FUSION","Grant Acquittal Calculation","Calculation Question Template",,,"mapped","7940"
"FUSION QVD Generator","lib://AppData\PROD\AzureDataLake\FUSION\Grant Acquittal Calculation.qvd","Grant Acquittal Calculation.Comments","AzureDbProdNIAADL","FUSION","Grant Acquittal Calculation","Comments",,,"mapped","7940"
"FUSION QVD Generator","lib://AppData\PROD\AzureDataLake\FUSION\Grant Acquittal Calculation.qvd","Grant Acquittal Calculation.Description","AzureDbProdNIAADL","FUSION","Grant Acquittal Calculation","Description",,,"mapped","7940"
"FUSION QVD Generator","lib://AppData\PROD\AzureDataLake\FUSION\Grant Acquittal Calculation.qvd","Grant Acquittal Calculation.Financial Year Id%","AzureDbProdNIAADL","FUSION","Grant Acquittal Calculation","Financial Year Id",,,"mapped","7940"
"FUSION QVD Generator","lib://AppData\PROD\AzureDataLake\FUSION\Grant Acquittal Calculation.qvd","Grant Acquittal Calculation.Financial Year","AzureDbProdNIAADL","FUSION","Grant Acquittal Calculation","Financial Year",,,"mapped","7940"
"FUSION QVD Generator","lib://AppData\PROD\AzureDataLake\FUSION\Grant Acquittal Calculation.qvd","Grant Acquittal Calculation.Mandatory If Amount Not Zero","AzureDbProdNIAADL","FUSION","Grant Acquittal Calculation","Mandatory If Amount Not Zero",,,"mapped","7940"
"FUSION QVD Generator","lib://AppData\PROD\AzureDataLake\FUSION\Grant Acquittal Calculation.qvd","Grant Acquittal Calculation.Mandatory If Amount Zero","AzureDbProdNIAADL","FUSION","Grant Acquittal Calculation","Mandatory If Amount Zero",,,"mapped","7940"
"FUSION QVD Generator","lib://AppData\PROD\AzureDataLake\FUSION\Grant Acquittal Calculation.qvd","Grant Acquittal Calculation.Name","AzureDbProdNIAADL","FUSION","Grant Acquittal Calculation","Name",,,"mapped","7940"
"FUSION QVD Generator","lib://AppData\PROD\AzureDataLake\FUSION\Grant Acquittal Calculation.qvd","Grant Acquittal Calculation.Order","AzureDbProdNIAADL","FUSION","Grant Acquittal Calculation","Order",,,"mapped","7940"
"FUSION QVD Generator","lib://AppData\PROD\AzureDataLake\FUSION\Grant Acquittal Calculation.qvd","Grant Acquittal Calculation.Type Code","AzureDbProdNIAADL","FUSION","Grant Acquittal Calculation","Type Code",,,"mapped","7940"
"FUSION QVD Generator","lib://AppData\PROD\AzureDataLake\FUSION\Grant Acquittal Calculation.qvd","Grant Acquittal Calculation.Type","AzureDbProdNIAADL","FUSION","Grant Acquittal Calculation","Type",,,"mapped","7940"
"FUSION QVD Generator","lib://AppData\PROD\AzureDataLake\FUSION\Grant Acquittal Calculation.qvd","Grant Acquittal Calculation.State","AzureDbProdNIAADL","FUSION","Grant Acquittal Calculation","State",,,"mapped","7940"
"FUSION QVD Generator","lib://AppData\PROD\AzureDataLake\FUSION\Grant Acquittal Calculation.qvd","Grant Acquittal Calculation.Status","AzureDbProdNIAADL","FUSION","Grant Acquittal Calculation","Status",,,"mapped","7940"
"FUSION QVD Generator","lib://AppData\PROD\AzureDataLake\FUSION\Grant Acquittal Outcome Type.qvd","Grant Acquittal Outcome Type.Grant Acquittal Outcome Type Id%","AzureDbProdNIAADL","FUSION","Grant Acquittal Outcome Type","Grant Acquittal Outcome Type Id",,,"mapped","7940"
"FUSION QVD Generator","lib://AppData\PROD\AzureDataLake\FUSION\Grant Acquittal Outcome Type.qvd","Grant Acquittal Outcome Type.Name","AzureDbProdNIAADL","FUSION","Grant Acquittal Outcome Type","Name",,,"mapped","7940"
"FUSION QVD Generator","lib://AppData\PROD\AzureDataLake\FUSION\Grant Acquittal Outcome Type.qvd","Grant Acquittal Outcome Type.Overspend","AzureDbProdNIAADL","FUSION","Grant Acquittal Outcome Type","Overspend",,,"mapped","7940"
"FUSION QVD Generator","lib://AppData\PROD\AzureDataLake\FUSION\Grant Acquittal Outcome Type.qvd","Grant Acquittal Outcome Type.Underspend","AzureDbProdNIAADL","FUSION","Grant Acquittal Outcome Type","Underspend",,,"mapped","7940"
"FUSION QVD Generator","lib://AppData\PROD\AzureDataLake\FUSION\Grant Acquittal Outcome Type.qvd","Grant Acquittal Outcome Type.State","AzureDbProdNIAADL","FUSION","Grant Acquittal Outcome Type","State",,,"mapped","7940"
"FUSION QVD Generator","lib://AppData\PROD\AzureDataLake\FUSION\Grant Acquittal Outcome Type.qvd","Grant Acquittal Outcome Type.Status","AzureDbProdNIAADL","FUSION","Grant Acquittal Outcome Type","Status",,,"mapped","7940"
"FUSION QVD Generator","lib://AppData\PROD\AzureDataLake\FUSION\Grant Acquittal Recommendation.qvd","Grant Acquittal Recommendation.Grant Acquittal Recommendation Id%","AzureDbProdNIAADL","FUSION","Grant Acquittal Recommendation","Grant Acquittal Recommendation Id",,,"mapped","7940"
"FUSION QVD Generator","lib://AppData\PROD\AzureDataLake\FUSION\Grant Acquittal Recommendation.qvd","Grant Acquittal Recommendation.Grant Acquittal Recommendation Type Id%","AzureDbProdNIAADL","FUSION","Grant Acquittal Recommendation","Grant Acquittal Recommendation Type Id",,,"mapped","7940"
"FUSION QVD Generator","lib://AppData\PROD\AzureDataLake\FUSION\Grant Acquittal Recommendation.qvd","Grant Acquittal Recommendation.Acquittal Recommendation","AzureDbProdNIAADL","FUSION","Grant Acquittal Recommendation","Acquittal Recommendation",,,"mapped","7940"
"FUSION QVD Generator","lib://AppData\PROD\AzureDataLake\FUSION\Grant Acquittal Recommendation.qvd","Grant Acquittal Recommendation.Carry Amount Requested","AzureDbProdNIAADL","FUSION","Grant Acquittal Recommendation","Carry Amount Requested",,,"mapped","7940"
"FUSION QVD Generator","lib://AppData\PROD\AzureDataLake\FUSION\Grant Acquittal Recommendation.qvd","Grant Acquittal Recommendation.Current Grant Acquittal Id%","AzureDbProdNIAADL","FUSION","Grant Acquittal Recommendation","Current Grant Acquittal Id",,,"mapped","7940"
"FUSION QVD Generator","lib://AppData\PROD\AzureDataLake\FUSION\Grant Acquittal Recommendation.qvd","Grant Acquittal Recommendation.Current Grant Activity Id%","AzureDbProdNIAADL","FUSION","Grant Acquittal Recommendation","Current Grant Activity Id",,,"mapped","7940"
"FUSION QVD Generator","lib://AppData\PROD\AzureDataLake\FUSION\Grant Acquittal Recommendation.qvd","Grant Acquittal Recommendation.Current Grant Activity","AzureDbProdNIAADL","FUSION","Grant Acquittal Recommendation","Current Grant Activity",,,"mapped","7940"
"FUSION QVD Generator","lib://AppData\PROD\AzureDataLake\FUSION\Grant Acquittal Recommendation.qvd","Grant Acquittal Recommendation.Debt Invoice Required","AzureDbProdNIAADL","FUSION","Grant Acquittal Recommendation","Debt Invoice Required",,,"mapped","7940"
"FUSION QVD Generator","lib://AppData\PROD\AzureDataLake\FUSION\Grant Acquittal Recommendation.qvd","Grant Acquittal Recommendation.Destination Grant Activity Review id%","AzureDbProdNIAADL","FUSION","Grant Acquittal Recommendation","Destination Grant Activity Review id",,,"mapped","7940"
"FUSION QVD Generator","lib://AppData\PROD\AzureDataLake\FUSION\Grant Acquittal Recommendation.qvd","Grant Acquittal Recommendation.Destination Grant Activity Review","AzureDbProdNIAADL","FUSION","Grant Acquittal Recommendation","Destination Grant Activity Review",,,"mapped","7940"
"FUSION QVD Generator","lib://AppData\PROD\AzureDataLake\FUSION\Grant Acquittal Recommendation.qvd","Grant Acquittal Recommendation.Destination Financial Year Id%","AzureDbProdNIAADL","FUSION","Grant Acquittal Recommendation","Destination Financial Year Id",,,"mapped","7940"
"FUSION QVD Generator","lib://AppData\PROD\AzureDataLake\FUSION\Grant Acquittal Recommendation.qvd","Grant Acquittal Recommendation.Destination Financial Year","AzureDbProdNIAADL","FUSION","Grant Acquittal Recommendation","Destination Financial Year",,,"mapped","7940"
"FUSION QVD Generator","lib://AppData\PROD\AzureDataLake\FUSION\Grant Acquittal Recommendation.qvd","Grant Acquittal Recommendation.Destination Grant Acquittal Id%","AzureDbProdNIAADL","FUSION","Grant Acquittal Recommendation","Destination Grant Acquittal Id",,,"mapped","7940"
"FUSION QVD Generator","lib://AppData\PROD\AzureDataLake\FUSION\Grant Acquittal Recommendation.qvd","Grant Acquittal Recommendation.Destination Grant Activity id%","AzureDbProdNIAADL","FUSION","Grant Acquittal Recommendation","Destination Grant Activity id",,,"mapped","7940"
"FUSION QVD Generator","lib://AppData\PROD\AzureDataLake\FUSION\Grant Acquittal Recommendation.qvd","Grant Acquittal Recommendation.Destination Grant Activity","AzureDbProdNIAADL","FUSION","Grant Acquittal Recommendation","Destination Grant Activity",,,"mapped","7940"
"FUSION QVD Generator","lib://AppData\PROD\AzureDataLake\FUSION\Grant Acquittal Recommendation.qvd","Grant Acquittal Recommendation.Name","AzureDbProdNIAADL","FUSION","Grant Acquittal Recommendation","Name",,,"mapped","7940"
"FUSION QVD Generator","lib://AppData\PROD\AzureDataLake\FUSION\Grant Acquittal Recommendation.qvd","Grant Acquittal Recommendation.Proposal For Use Of Underspend","AzureDbProdNIAADL","FUSION","Grant Acquittal Recommendation","Proposal For Use Of Underspend",,,"mapped","7940"
"FUSION QVD Generator","lib://AppData\PROD\AzureDataLake\FUSION\Grant Acquittal Recommendation.qvd","Grant Acquittal Recommendation.Proposed Amount","AzureDbProdNIAADL","FUSION","Grant Acquittal Recommendation","Proposed Amount",,,"mapped","7940"
"FUSION QVD Generator","lib://AppData\PROD\AzureDataLake\FUSION\Grant Acquittal Recommendation.qvd","Grant Acquittal Recommendation.Recommendation Amount","AzureDbProdNIAADL","FUSION","Grant Acquittal Recommendation","Recommendation Amount",,,"mapped","7940"
"FUSION QVD Generator","lib://AppData\PROD\AzureDataLake\FUSION\Grant Acquittal Recommendation.qvd","Grant Acquittal Recommendation.Recommendation Id","AzureDbProdNIAADL","FUSION","Grant Acquittal Recommendation","Recommendation Id",,,"mapped","7940"
"FUSION QVD Generator","lib://AppData\PROD\AzureDataLake\FUSION\Grant Acquittal Recommendation.qvd","Grant Acquittal Recommendation.UCBC Approved On","AzureDbProdNIAADL","FUSION","Grant Acquittal Recommendation","UCBC Approved On",,,"mapped","7940"
"FUSION QVD Generator","lib://AppData\PROD\AzureDataLake\FUSION\Grant Acquittal Recommendation.qvd","Grant Acquittal Recommendation.UCBC Approver","AzureDbProdNIAADL","FUSION","Grant Acquittal Recommendation","UCBC Approver",,,"mapped","7940"
"FUSION QVD Generator","lib://AppData\PROD\AzureDataLake\FUSION\Grant Acquittal Recommendation.qvd","Grant Acquittal Recommendation.UCBC Assessor Recommendation","AzureDbProdNIAADL","FUSION","Grant Acquittal Recommendation","UCBC Assessor Recommendation",,,"mapped","7940"
"FUSION QVD Generator","lib://AppData\PROD\AzureDataLake\FUSION\Grant Acquittal Recommendation.qvd","Grant Acquittal Recommendation.UCBC Decision Comments","AzureDbProdNIAADL","FUSION","Grant Acquittal Recommendation","UCBC Decision Comments",,,"mapped","7940"
"FUSION QVD Generator","lib://AppData\PROD\AzureDataLake\FUSION\Grant Acquittal Recommendation.qvd","Grant Acquittal Recommendation.UCBC Status Code","AzureDbProdNIAADL","FUSION","Grant Acquittal Recommendation","UCBC Status Code",,,"mapped","7940"
"FUSION QVD Generator","lib://AppData\PROD\AzureDataLake\FUSION\Grant Acquittal Recommendation.qvd","Grant Acquittal Recommendation.UCBC Status","AzureDbProdNIAADL","FUSION","Grant Acquittal Recommendation","UCBC Status",,,"mapped","7940"
"FUSION QVD Generator","lib://AppData\PROD\AzureDataLake\FUSION\Grant Acquittal Recommendation.qvd","Grant Acquittal Recommendation.State","AzureDbProdNIAADL","FUSION","Grant Acquittal Recommendation","State",,,"mapped","7940"
"FUSION QVD Generator","lib://AppData\PROD\AzureDataLake\FUSION\Grant Acquittal Recommendation.qvd","Grant Acquittal Recommendation.Status","AzureDbProdNIAADL","FUSION","Grant Acquittal Recommendation","Status",,,"mapped","7940"
"FUSION QVD Generator","lib://AppData\PROD\AzureDataLake\FUSION\Grant Acquittal Recommendation Type.qvd","Grant Acquittal Recommendation Type.Grant Acquittal Recommendation Type Id%","AzureDbProdNIAADL","FUSION","Grant Acquittal Recommendation Type","Grant Acquittal Recommendation Type Id",,,"mapped","7940"
"FUSION QVD Generator","lib://AppData\PROD\AzureDataLake\FUSION\Grant Acquittal Recommendation Type.qvd","Grant Acquittal Recommendation Type.Amount Range Code","AzureDbProdNIAADL","FUSION","Grant Acquittal Recommendation Type","Amount Range Code",,,"mapped","7940"
"FUSION QVD Generator","lib://AppData\PROD\AzureDataLake\FUSION\Grant Acquittal Recommendation Type.qvd","Grant Acquittal Recommendation Type.Amount Range","AzureDbProdNIAADL","FUSION","Grant Acquittal Recommendation Type","Amount Range",,,"mapped","7940"
"FUSION QVD Generator","lib://AppData\PROD\AzureDataLake\FUSION\Grant Acquittal Recommendation Type.qvd","Grant Acquittal Recommendation Type.Debt Invoice Required","AzureDbProdNIAADL","FUSION","Grant Acquittal Recommendation Type","Debt Invoice Required",,,"mapped","7940"
"FUSION QVD Generator","lib://AppData\PROD\AzureDataLake\FUSION\Grant Acquittal Recommendation Type.qvd","Grant Acquittal Recommendation Type.Grant Acquittal Outcome Type Id%","AzureDbProdNIAADL","FUSION","Grant Acquittal Recommendation Type","Grant Acquittal Outcome Type Id",,,"mapped","7940"
"FUSION QVD Generator","lib://AppData\PROD\AzureDataLake\FUSION\Grant Acquittal Recommendation Type.qvd","Grant Acquittal Recommendation Type.Grant Acquittal Outcome Type","AzureDbProdNIAADL","FUSION","Grant Acquittal Recommendation Type","Grant Acquittal Outcome Type",,,"mapped","7940"
"FUSION QVD Generator","lib://AppData\PROD\AzureDataLake\FUSION\Grant Acquittal Recommendation Type.qvd","Grant Acquittal Recommendation Type.Link To Future Acquittal","AzureDbProdNIAADL","FUSION","Grant Acquittal Recommendation Type","Link To Future Acquittal",,,"mapped","7940"
"FUSION QVD Generator","lib://AppData\PROD\AzureDataLake\FUSION\Grant Acquittal Recommendation Type.qvd","Grant Acquittal Recommendation Type.Name","AzureDbProdNIAADL","FUSION","Grant Acquittal Recommendation Type","Name",,,"mapped","7940"
"FUSION QVD Generator","lib://AppData\PROD\AzureDataLake\FUSION\Grant Acquittal Recommendation Type.qvd","Grant Acquittal Recommendation Type.Underspend Carry Over","AzureDbProdNIAADL","FUSION","Grant Acquittal Recommendation Type","Underspend Carry Over",,,"mapped","7940"
"FUSION QVD Generator","lib://AppData\PROD\AzureDataLake\FUSION\Grant Acquittal Recommendation Type.qvd","Grant Acquittal Recommendation Type.State","AzureDbProdNIAADL","FUSION","Grant Acquittal Recommendation Type","State",,,"mapped","7940"
"FUSION QVD Generator","lib://AppData\PROD\AzureDataLake\FUSION\Grant Acquittal Recommendation Type.qvd","Grant Acquittal Recommendation Type.Status","AzureDbProdNIAADL","FUSION","Grant Acquittal Recommendation Type","Status",,,"mapped","7940"
"FUSION QVD Generator","lib://AppData\PROD\AzureDataLake\FUSION\Grant Acquittal Task.qvd","Grant Acquittal Task.Grant Acquittal Task Id%","AzureDbProdNIAADL","FUSION","Grant Acquittal Task","Grant Acquittal Task Id",,,"mapped","7940"
"FUSION QVD Generator","lib://AppData\PROD\AzureDataLake\FUSION\Grant Acquittal Task.qvd","Grant Acquittal Task.Task Type","AzureDbProdNIAADL","FUSION","Grant Acquittal Task","Task Type",,,"mapped","7940"
"FUSION QVD Generator","lib://AppData\PROD\AzureDataLake\FUSION\Grant Acquittal Task.qvd","Grant Acquittal Task.Subject","AzureDbProdNIAADL","FUSION","Grant Acquittal Task","Subject",,,"mapped","7940"
"FUSION QVD Generator","lib://AppData\PROD\AzureDataLake\FUSION\Grant Acquittal Task.qvd","Grant Acquittal Task.Description","AzureDbProdNIAADL","FUSION","Grant Acquittal Task","Description",,,"mapped","7940"
"FUSION QVD Generator","lib://AppData\PROD\AzureDataLake\FUSION\Grant Acquittal Task.qvd","Grant Acquittal Task.Grant Acquittal Id%","AzureDbProdNIAADL","FUSION","Grant Acquittal Task","Grant Acquittal Id",,,"mapped","7940"
"FUSION QVD Generator","lib://AppData\PROD\AzureDataLake\FUSION\Grant Acquittal Task.qvd","Grant Acquittal Task.Regarding","AzureDbProdNIAADL","FUSION","Grant Acquittal Task","Regarding",,,"mapped","7940"
"FUSION QVD Generator","lib://AppData\PROD\AzureDataLake\FUSION\Grant Acquittal Task.qvd","Grant Acquittal Task.PMC Region Id","AzureDbProdNIAADL","FUSION","Grant Acquittal Task","PMC Region Id",,,"mapped","7940"
"FUSION QVD Generator","lib://AppData\PROD\AzureDataLake\FUSION\Grant Acquittal Task.qvd","Grant Acquittal Task.PMC Region","AzureDbProdNIAADL","FUSION","Grant Acquittal Task","PMC Region",,,"mapped","7940"
"FUSION QVD Generator","lib://AppData\PROD\AzureDataLake\FUSION\Grant Acquittal Task.qvd","Grant Acquittal Task.Last Updated By CRM","AzureDbProdNIAADL","FUSION","Grant Acquittal Task","Last Updated By CRM",,,"mapped","7940"
"FUSION QVD Generator","lib://AppData\PROD\AzureDataLake\FUSION\Grant Acquittal Task.qvd","Grant Acquittal Task.Last Updated By FUSION","AzureDbProdNIAADL","FUSION","Grant Acquittal Task","Last Updated By FUSION",,,"mapped","7940"
"FUSION QVD Generator","lib://AppData\PROD\AzureDataLake\FUSION\Grant Acquittal Task.qvd","Grant Acquittal Task.Other Purpose","AzureDbProdNIAADL","FUSION","Grant Acquittal Task","Other Purpose",,,"mapped","7940"
"FUSION QVD Generator","lib://AppData\PROD\AzureDataLake\FUSION\Grant Acquittal Task.qvd","Grant Acquittal Task.Other Type","AzureDbProdNIAADL","FUSION","Grant Acquittal Task","Other Type",,,"mapped","7940"
"FUSION QVD Generator","lib://AppData\PROD\AzureDataLake\FUSION\Grant Acquittal Task.qvd","Grant Acquittal Task.Purpose Code","AzureDbProdNIAADL","FUSION","Grant Acquittal Task","Purpose Code",,,"mapped","7940"
"FUSION QVD Generator","lib://AppData\PROD\AzureDataLake\FUSION\Grant Acquittal Task.qvd","Grant Acquittal Task.Purpose","AzureDbProdNIAADL","FUSION","Grant Acquittal Task","Purpose",,,"mapped","7940"
"FUSION QVD Generator","lib://AppData\PROD\AzureDataLake\FUSION\Grant Acquittal Task.qvd","Grant Acquittal Task.Type Code","AzureDbProdNIAADL","FUSION","Grant Acquittal Task","Type Code",,,"mapped","7940"
"FUSION QVD Generator","lib://AppData\PROD\AzureDataLake\FUSION\Grant Acquittal Task.qvd","Grant Acquittal Task.Type","AzureDbProdNIAADL","FUSION","Grant Acquittal Task","Type",,,"mapped","7940"
"FUSION QVD Generator","lib://AppData\PROD\AzureDataLake\FUSION\Grant Acquittal Task.qvd","Grant Acquittal Task.Priority","AzureDbProdNIAADL","FUSION","Grant Acquittal Task","Priority",,,"mapped","7940"
"FUSION QVD Generator","lib://AppData\PROD\AzureDataLake\FUSION\Grant Acquittal Task.qvd","Grant Acquittal Task.Start Date","AzureDbProdNIAADL","FUSION","Grant Acquittal Task","Start Date",,,"mapped","7940"
"FUSION QVD Generator","lib://AppData\PROD\AzureDataLake\FUSION\Grant Acquittal Task.qvd","Grant Acquittal Task.Due Date","AzureDbProdNIAADL","FUSION","Grant Acquittal Task","Due Date",,,"mapped","7940"
"FUSION QVD Generator","lib://AppData\PROD\AzureDataLake\FUSION\Grant Acquittal Task.qvd","Grant Acquittal Task.Scheduled Duration Mins","AzureDbProdNIAADL","FUSION","Grant Acquittal Task","Scheduled Duration Mins",,,"mapped","7940"
"FUSION QVD Generator","lib://AppData\PROD\AzureDataLake\FUSION\Grant Acquittal Task.qvd","Grant Acquittal Task.Owner","AzureDbProdNIAADL","FUSION","Grant Acquittal Task","Owner",,,"mapped","7940"
"FUSION QVD Generator","lib://AppData\PROD\AzureDataLake\FUSION\Grant Acquittal Task.qvd","Grant Acquittal Task.Owner Type","AzureDbProdNIAADL","FUSION","Grant Acquittal Task","Owner Type",,,"mapped","7940"
"FUSION QVD Generator","lib://AppData\PROD\AzureDataLake\FUSION\Grant Acquittal Task.qvd","Grant Acquittal Task.State","AzureDbProdNIAADL","FUSION","Grant Acquittal Task","State",,,"mapped","7940"
"FUSION QVD Generator","lib://AppData\PROD\AzureDataLake\FUSION\Grant Acquittal Task.qvd","Grant Acquittal Task.Status","AzureDbProdNIAADL","FUSION","Grant Acquittal Task","Status",,,"mapped","7940"
"FUSION QVD Generator","lib://AppData\PROD\AzureDataLake\FUSION\Task.qvd","Task.Task Id%","AzureDbProdNIAADL","FUSION","All Task","Task Id",,,"mapped","7940"
"FUSION QVD Generator","lib://AppData\PROD\AzureDataLake\FUSION\Task.qvd","Task.Task Type","AzureDbProdNIAADL","FUSION","All Task","Task Type",,,"mapped","7940"
"FUSION QVD Generator","lib://AppData\PROD\AzureDataLake\FUSION\Task.qvd","Task.Subject","AzureDbProdNIAADL","FUSION","All Task","Subject",,,"mapped","7940"
"FUSION QVD Generator","lib://AppData\PROD\AzureDataLake\FUSION\Task.qvd","Task.Description","AzureDbProdNIAADL","FUSION","All Task","Description",,,"mapped","7940"
"FUSION QVD Generator","lib://AppData\PROD\AzureDataLake\FUSION\Task.qvd","Task.Regarding Object Id%","AzureDbProdNIAADL","FUSION","All Task","Regarding Object Id",,,"mapped","7940"
"FUSION QVD Generator","lib://AppData\PROD\AzureDataLake\FUSION\Task.qvd","Task.Regarding","AzureDbProdNIAADL","FUSION","All Task","Regarding",,,"mapped","7940"
"FUSION QVD Generator","lib://AppData\PROD\AzureDataLake\FUSION\Task.qvd","Task.Regarding Entity","AzureDbProdNIAADL","FUSION","All Task","Regarding Entity",,,"mapped","7940"
"FUSION QVD Generator","lib://AppData\PROD\AzureDataLake\FUSION\Task.qvd","Task.PMC Region Id%","AzureDbProdNIAADL","FUSION","All Task","PMC Region Id",,,"mapped","7940"
"FUSION QVD Generator","lib://AppData\PROD\AzureDataLake\FUSION\Task.qvd","Task.PMC Region","AzureDbProdNIAADL","FUSION","All Task","PMC Region",,,"mapped","7940"
"FUSION QVD Generator","lib://AppData\PROD\AzureDataLake\FUSION\Task.qvd","Task.Document Links","AzureDbProdNIAADL","FUSION","All Task","Document Links",,,"mapped","7940"
"FUSION QVD Generator","lib://AppData\PROD\AzureDataLake\FUSION\Task.qvd","Task.Last Updated By CRM","AzureDbProdNIAADL","FUSION","All Task","Last Updated By CRM",,,"mapped","7940"
"FUSION QVD Generator","lib://AppData\PROD\AzureDataLake\FUSION\Task.qvd","Task.Last Updated By FUSION","AzureDbProdNIAADL","FUSION","All Task","Last Updated By FUSION",,,"mapped","7940"
"FUSION QVD Generator","lib://AppData\PROD\AzureDataLake\FUSION\Task.qvd","Task.Other Purpose","AzureDbProdNIAADL","FUSION","All Task","Other Purpose",,,"mapped","7940"
"FUSION QVD Generator","lib://AppData\PROD\AzureDataLake\FUSION\Task.qvd","Task.Other Type","AzureDbProdNIAADL","FUSION","All Task","Other Type",,,"mapped","7940"
"FUSION QVD Generator","lib://AppData\PROD\AzureDataLake\FUSION\Task.qvd","Task.Purpose Code","AzureDbProdNIAADL","FUSION","All Task","Purpose Code",,,"mapped","7940"
"FUSION QVD Generator","lib://AppData\PROD\AzureDataLake\FUSION\Task.qvd","Task.Purpose","AzureDbProdNIAADL","FUSION","All Task","Purpose",,,"mapped","7940"
"FUSION QVD Generator","lib://AppData\PROD\AzureDataLake\FUSION\Task.qvd","Task.Type Code","AzureDbProdNIAADL","FUSION","All Task","Type Code",,,"mapped","7940"
"FUSION QVD Generator","lib://AppData\PROD\AzureDataLake\FUSION\Task.qvd","Task.Type","AzureDbProdNIAADL","FUSION","All Task","Type",,,"mapped","7940"
"FUSION QVD Generator","lib://AppData\PROD\AzureDataLake\FUSION\Task.qvd","Task.Priority","AzureDbProdNIAADL","FUSION","All Task","Priority",,,"mapped","7940"
"FUSION QVD Generator","lib://AppData\PROD\AzureDataLake\FUSION\Task.qvd","Task.Start Date","AzureDbProdNIAADL","FUSION","All Task","Start Date",,,"mapped","7940"
"FUSION QVD Generator","lib://AppData\PROD\AzureDataLake\FUSION\Task.qvd","Task.Due Date","AzureDbProdNIAADL","FUSION","All Task","Due Date",,,"mapped","7940"
"FUSION QVD Generator","lib://AppData\PROD\AzureDataLake\FUSION\Task.qvd","Task.Scheduled Duration Mins","AzureDbProdNIAADL","FUSION","All Task","Scheduled Duration Mins",,,"mapped","7940"
"FUSION QVD Generator","lib://AppData\PROD\AzureDataLake\FUSION\Task.qvd","Task.Owner","AzureDbProdNIAADL","FUSION","All Task","Owner",,,"mapped","7940"
"FUSION QVD Generator","lib://AppData\PROD\AzureDataLake\FUSION\Task.qvd","Task.Owner Type","AzureDbProdNIAADL","FUSION","All Task","Owner Type",,,"mapped","7940"
"FUSION QVD Generator","lib://AppData\PROD\AzureDataLake\FUSION\Task.qvd","Task.State","AzureDbProdNIAADL","FUSION","All Task","State",,,"mapped","7940"
"FUSION QVD Generator","lib://AppData\PROD\AzureDataLake\FUSION\Task.qvd","Task.Status","AzureDbProdNIAADL","FUSION","All Task","Status",,,"mapped","7940"
"FUSION QVD Generator","lib://AppData\PROD\AzureDataLake\FUSION\Ceasing Activity Assessment Task.qvd","Ceasing Activity Assessment Task.Ceasing Activity Assessment Task Id%","AzureDbProdNIAADL","FUSION","Ceasing Activity Assessment Task","Ceasing Activity Assessment Task Id",,,"mapped","7940"
"FUSION QVD Generator","lib://AppData\PROD\AzureDataLake\FUSION\Ceasing Activity Assessment Task.qvd","Ceasing Activity Assessment Task.Task Type","AzureDbProdNIAADL","FUSION","Ceasing Activity Assessment Task","Task Type",,,"mapped","7940"
"FUSION QVD Generator","lib://AppData\PROD\AzureDataLake\FUSION\Ceasing Activity Assessment Task.qvd","Ceasing Activity Assessment Task.Subject","AzureDbProdNIAADL","FUSION","Ceasing Activity Assessment Task","Subject",,,"mapped","7940"
"FUSION QVD Generator","lib://AppData\PROD\AzureDataLake\FUSION\Ceasing Activity Assessment Task.qvd","Ceasing Activity Assessment Task.Description","AzureDbProdNIAADL","FUSION","Ceasing Activity Assessment Task","Description",,,"mapped","7940"
"FUSION QVD Generator","lib://AppData\PROD\AzureDataLake\FUSION\Ceasing Activity Assessment Task.qvd","Ceasing Activity Assessment Task.Ceasing Activity Assessment Id%","AzureDbProdNIAADL","FUSION","Ceasing Activity Assessment Task","Ceasing Activity Assessment Id",,,"mapped","7940"
"FUSION QVD Generator","lib://AppData\PROD\AzureDataLake\FUSION\Ceasing Activity Assessment Task.qvd","Ceasing Activity Assessment Task.Regarding","AzureDbProdNIAADL","FUSION","Ceasing Activity Assessment Task","Regarding",,,"mapped","7940"
"FUSION QVD Generator","lib://AppData\PROD\AzureDataLake\FUSION\Ceasing Activity Assessment Task.qvd","Ceasing Activity Assessment Task.PMC Region Id%","AzureDbProdNIAADL","FUSION","Ceasing Activity Assessment Task","PMC Region Id",,,"mapped","7940"
"FUSION QVD Generator","lib://AppData\PROD\AzureDataLake\FUSION\Ceasing Activity Assessment Task.qvd","Ceasing Activity Assessment Task.PMC Region","AzureDbProdNIAADL","FUSION","Ceasing Activity Assessment Task","PMC Region",,,"mapped","7940"
"FUSION QVD Generator","lib://AppData\PROD\AzureDataLake\FUSION\Ceasing Activity Assessment Task.qvd","Ceasing Activity Assessment Task.Last Updated By CRM","AzureDbProdNIAADL","FUSION","Ceasing Activity Assessment Task","Last Updated By CRM",,,"mapped","7940"
"FUSION QVD Generator","lib://AppData\PROD\AzureDataLake\FUSION\Ceasing Activity Assessment Task.qvd","Ceasing Activity Assessment Task.Last Updated By FUSION","AzureDbProdNIAADL","FUSION","Ceasing Activity Assessment Task","Last Updated By FUSION",,,"mapped","7940"
"FUSION QVD Generator","lib://AppData\PROD\AzureDataLake\FUSION\Ceasing Activity Assessment Task.qvd","Ceasing Activity Assessment Task.Other Purpose","AzureDbProdNIAADL","FUSION","Ceasing Activity Assessment Task","Other Purpose",,,"mapped","7940"
"FUSION QVD Generator","lib://AppData\PROD\AzureDataLake\FUSION\Ceasing Activity Assessment Task.qvd","Ceasing Activity Assessment Task.Other Type","AzureDbProdNIAADL","FUSION","Ceasing Activity Assessment Task","Other Type",,,"mapped","7940"
"FUSION QVD Generator","lib://AppData\PROD\AzureDataLake\FUSION\Ceasing Activity Assessment Task.qvd","Ceasing Activity Assessment Task.Purpose Code","AzureDbProdNIAADL","FUSION","Ceasing Activity Assessment Task","Purpose Code",,,"mapped","7940"
"FUSION QVD Generator","lib://AppData\PROD\AzureDataLake\FUSION\Ceasing Activity Assessment Task.qvd","Ceasing Activity Assessment Task.Purpose","AzureDbProdNIAADL","FUSION","Ceasing Activity Assessment Task","Purpose",,,"mapped","7940"
"FUSION QVD Generator","lib://AppData\PROD\AzureDataLake\FUSION\Ceasing Activity Assessment Task.qvd","Ceasing Activity Assessment Task.Type Code","AzureDbProdNIAADL","FUSION","Ceasing Activity Assessment Task","Type Code",,,"mapped","7940"
"FUSION QVD Generator","lib://AppData\PROD\AzureDataLake\FUSION\Ceasing Activity Assessment Task.qvd","Ceasing Activity Assessment Task.Type","AzureDbProdNIAADL","FUSION","Ceasing Activity Assessment Task","Type",,,"mapped","7940"
"FUSION QVD Generator","lib://AppData\PROD\AzureDataLake\FUSION\Ceasing Activity Assessment Task.qvd","Ceasing Activity Assessment Task.Priority","AzureDbProdNIAADL","FUSION","Ceasing Activity Assessment Task","Priority",,,"mapped","7940"
"FUSION QVD Generator","lib://AppData\PROD\AzureDataLake\FUSION\Ceasing Activity Assessment Task.qvd","Ceasing Activity Assessment Task.Start Date","AzureDbProdNIAADL","FUSION","Ceasing Activity Assessment Task","Start Date",,,"mapped","7940"
"FUSION QVD Generator","lib://AppData\PROD\AzureDataLake\FUSION\Ceasing Activity Assessment Task.qvd","Ceasing Activity Assessment Task.Due Date","AzureDbProdNIAADL","FUSION","Ceasing Activity Assessment Task","Due Date",,,"mapped","7940"
"FUSION QVD Generator","lib://AppData\PROD\AzureDataLake\FUSION\Ceasing Activity Assessment Task.qvd","Ceasing Activity Assessment Task.Scheduled Duration Mins","AzureDbProdNIAADL","FUSION","Ceasing Activity Assessment Task","Scheduled Duration Mins",,,"mapped","7940"
"FUSION QVD Generator","lib://AppData\PROD\AzureDataLake\FUSION\Ceasing Activity Assessment Task.qvd","Ceasing Activity Assessment Task.Owner","AzureDbProdNIAADL","FUSION","Ceasing Activity Assessment Task","Owner",,,"mapped","7940"
"FUSION QVD Generator","lib://AppData\PROD\AzureDataLake\FUSION\Ceasing Activity Assessment Task.qvd","Ceasing Activity Assessment Task.Owner Type","AzureDbProdNIAADL","FUSION","Ceasing Activity Assessment Task","Owner Type",,,"mapped","7940"
"FUSION QVD Generator","lib://AppData\PROD\AzureDataLake\FUSION\Ceasing Activity Assessment Task.qvd","Ceasing Activity Assessment Task.State","AzureDbProdNIAADL","FUSION","Ceasing Activity Assessment Task","State",,,"mapped","7940"
"FUSION QVD Generator","lib://AppData\PROD\AzureDataLake\FUSION\Ceasing Activity Assessment Task.qvd","Ceasing Activity Assessment Task.Status","AzureDbProdNIAADL","FUSION","Ceasing Activity Assessment Task","Status",,,"mapped","7940"
"FUSION QVD Generator","lib://AppData\PROD\AzureDataLake\FUSION\Grant Activity Task.qvd","Grant Activity Task.Grant Activity Task Id%","AzureDbProdNIAADL","FUSION","Grant Activity Task","Grant Activity Task Id",,,"mapped","7940"
"FUSION QVD Generator","lib://AppData\PROD\AzureDataLake\FUSION\Grant Activity Task.qvd","Grant Activity Task.Task Type","AzureDbProdNIAADL","FUSION","Grant Activity Task","Task Type",,,"mapped","7940"
"FUSION QVD Generator","lib://AppData\PROD\AzureDataLake\FUSION\Grant Activity Task.qvd","Grant Activity Task.Subject","AzureDbProdNIAADL","FUSION","Grant Activity Task","Subject",,,"mapped","7940"
"FUSION QVD Generator","lib://AppData\PROD\AzureDataLake\FUSION\Grant Activity Task.qvd","Grant Activity Task.Description","AzureDbProdNIAADL","FUSION","Grant Activity Task","Description",,,"mapped","7940"
"FUSION QVD Generator","lib://AppData\PROD\AzureDataLake\FUSION\Grant Activity Task.qvd","Grant Activity Task.Grant Activity Id%","AzureDbProdNIAADL","FUSION","Grant Activity Task","Grant Activity Id",,,"mapped","7940"
"FUSION QVD Generator","lib://AppData\PROD\AzureDataLake\FUSION\Grant Activity Task.qvd","Grant Activity Task.Regarding","AzureDbProdNIAADL","FUSION","Grant Activity Task","Regarding",,,"mapped","7940"
"FUSION QVD Generator","lib://AppData\PROD\AzureDataLake\FUSION\Grant Activity Task.qvd","Grant Activity Task.PMC Region Id%","AzureDbProdNIAADL","FUSION","Grant Activity Task","PMC Region Id",,,"mapped","7940"
"FUSION QVD Generator","lib://AppData\PROD\AzureDataLake\FUSION\Grant Activity Task.qvd","Grant Activity Task.PMC Region","AzureDbProdNIAADL","FUSION","Grant Activity Task","PMC Region",,,"mapped","7940"
"FUSION QVD Generator","lib://AppData\PROD\AzureDataLake\FUSION\Grant Activity Task.qvd","Grant Activity Task.Last Updated By CRM","AzureDbProdNIAADL","FUSION","Grant Activity Task","Last Updated By CRM",,,"mapped","7940"
"FUSION QVD Generator","lib://AppData\PROD\AzureDataLake\FUSION\Grant Activity Task.qvd","Grant Activity Task.Last Updated By FUSION","AzureDbProdNIAADL","FUSION","Grant Activity Task","Last Updated By FUSION",,,"mapped","7940"
"FUSION QVD Generator","lib://AppData\PROD\AzureDataLake\FUSION\Grant Activity Task.qvd","Grant Activity Task.Other Purpose","AzureDbProdNIAADL","FUSION","Grant Activity Task","Other Purpose",,,"mapped","7940"
"FUSION QVD Generator","lib://AppData\PROD\AzureDataLake\FUSION\Grant Activity Task.qvd","Grant Activity Task.Other Type","AzureDbProdNIAADL","FUSION","Grant Activity Task","Other Type",,,"mapped","7940"
"FUSION QVD Generator","lib://AppData\PROD\AzureDataLake\FUSION\Grant Activity Task.qvd","Grant Activity Task.Purpose Code","AzureDbProdNIAADL","FUSION","Grant Activity Task","Purpose Code",,,"mapped","7940"
"FUSION QVD Generator","lib://AppData\PROD\AzureDataLake\FUSION\Grant Activity Task.qvd","Grant Activity Task.Purpose","AzureDbProdNIAADL","FUSION","Grant Activity Task","Purpose",,,"mapped","7940"
"FUSION QVD Generator","lib://AppData\PROD\AzureDataLake\FUSION\Grant Activity Task.qvd","Grant Activity Task.Type Code","AzureDbProdNIAADL","FUSION","Grant Activity Task","Type Code",,,"mapped","7940"
"FUSION QVD Generator","lib://AppData\PROD\AzureDataLake\FUSION\Grant Activity Task.qvd","Grant Activity Task.Type","AzureDbProdNIAADL","FUSION","Grant Activity Task","Type",,,"mapped","7940"
"FUSION QVD Generator","lib://AppData\PROD\AzureDataLake\FUSION\Grant Activity Task.qvd","Grant Activity Task.Priority","AzureDbProdNIAADL","FUSION","Grant Activity Task","Priority",,,"mapped","7940"
"FUSION QVD Generator","lib://AppData\PROD\AzureDataLake\FUSION\Grant Activity Task.qvd","Grant Activity Task.Start Date","AzureDbProdNIAADL","FUSION","Grant Activity Task","Start Date",,,"mapped","7940"
"FUSION QVD Generator","lib://AppData\PROD\AzureDataLake\FUSION\Grant Activity Task.qvd","Grant Activity Task.Due Date","AzureDbProdNIAADL","FUSION","Grant Activity Task","Due Date",,,"mapped","7940"
"FUSION QVD Generator","lib://AppData\PROD\AzureDataLake\FUSION\Grant Activity Task.qvd","Grant Activity Task.Scheduled Duration Mins","AzureDbProdNIAADL","FUSION","Grant Activity Task","Scheduled Duration Mins",,,"mapped","7940"
"FUSION QVD Generator","lib://AppData\PROD\AzureDataLake\FUSION\Grant Activity Task.qvd","Grant Activity Task.Owner","AzureDbProdNIAADL","FUSION","Grant Activity Task","Owner",,,"mapped","7940"
"FUSION QVD Generator","lib://AppData\PROD\AzureDataLake\FUSION\Grant Activity Task.qvd","Grant Activity Task.Owner Type","AzureDbProdNIAADL","FUSION","Grant Activity Task","Owner Type",,,"mapped","7940"
"FUSION QVD Generator","lib://AppData\PROD\AzureDataLake\FUSION\Grant Activity Task.qvd","Grant Activity Task.State","AzureDbProdNIAADL","FUSION","Grant Activity Task","State",,,"mapped","7940"
"FUSION QVD Generator","lib://AppData\PROD\AzureDataLake\FUSION\Grant Activity Task.qvd","Grant Activity Task.Status","AzureDbProdNIAADL","FUSION","Grant Activity Task","Status",,,"mapped","7940"
"FUSION QVD Generator","lib://AppData\PROD\AzureDataLake\FUSION\Organisation Risk Profile Task.qvd","Organisation Risk Profile Task.Organisation Risk Profile Task Id%","AzureDbProdNIAADL","FUSION","Organisation Risk Profile Task","Organisation Risk Profile Task Id",,,"mapped","7940"
"FUSION QVD Generator","lib://AppData\PROD\AzureDataLake\FUSION\Organisation Risk Profile Task.qvd","Organisation Risk Profile Task.Task Type","AzureDbProdNIAADL","FUSION","Organisation Risk Profile Task","Task Type",,,"mapped","7940"
"FUSION QVD Generator","lib://AppData\PROD\AzureDataLake\FUSION\Organisation Risk Profile Task.qvd","Organisation Risk Profile Task.Subject","AzureDbProdNIAADL","FUSION","Organisation Risk Profile Task","Subject",,,"mapped","7940"
"FUSION QVD Generator","lib://AppData\PROD\AzureDataLake\FUSION\Organisation Risk Profile Task.qvd","Organisation Risk Profile Task.Description","AzureDbProdNIAADL","FUSION","Organisation Risk Profile Task","Description",,,"mapped","7940"
"FUSION QVD Generator","lib://AppData\PROD\AzureDataLake\FUSION\Organisation Risk Profile Task.qvd","Organisation Risk Profile Task.Organisation Risk Profile Id%","AzureDbProdNIAADL","FUSION","Organisation Risk Profile Task","Organisation Risk Profile Id",,,"mapped","7940"
"FUSION QVD Generator","lib://AppData\PROD\AzureDataLake\FUSION\Organisation Risk Profile Task.qvd","Organisation Risk Profile Task.Regarding","AzureDbProdNIAADL","FUSION","Organisation Risk Profile Task","Regarding",,,"mapped","7940"
"FUSION QVD Generator","lib://AppData\PROD\AzureDataLake\FUSION\Organisation Risk Profile Task.qvd","Organisation Risk Profile Task.PMC Region Id%","AzureDbProdNIAADL","FUSION","Organisation Risk Profile Task","PMC Region Id",,,"mapped","7940"
"FUSION QVD Generator","lib://AppData\PROD\AzureDataLake\FUSION\Organisation Risk Profile Task.qvd","Organisation Risk Profile Task.PMC Region","AzureDbProdNIAADL","FUSION","Organisation Risk Profile Task","PMC Region",,,"mapped","7940"
"FUSION QVD Generator","lib://AppData\PROD\AzureDataLake\FUSION\Organisation Risk Profile Task.qvd","Organisation Risk Profile Task.Last Updated By CRM","AzureDbProdNIAADL","FUSION","Organisation Risk Profile Task","Last Updated By CRM",,,"mapped","7940"
"FUSION QVD Generator","lib://AppData\PROD\AzureDataLake\FUSION\Organisation Risk Profile Task.qvd","Organisation Risk Profile Task.Last Updated By FUSION","AzureDbProdNIAADL","FUSION","Organisation Risk Profile Task","Last Updated By FUSION",,,"mapped","7940"
"FUSION QVD Generator","lib://AppData\PROD\AzureDataLake\FUSION\Organisation Risk Profile Task.qvd","Organisation Risk Profile Task.Other Purpose","AzureDbProdNIAADL","FUSION","Organisation Risk Profile Task","Other Purpose",,,"mapped","7940"
"FUSION QVD Generator","lib://AppData\PROD\AzureDataLake\FUSION\Organisation Risk Profile Task.qvd","Organisation Risk Profile Task.Other Type","AzureDbProdNIAADL","FUSION","Organisation Risk Profile Task","Other Type",,,"mapped","7940"
"FUSION QVD Generator","lib://AppData\PROD\AzureDataLake\FUSION\Organisation Risk Profile Task.qvd","Organisation Risk Profile Task.Purpose Code","AzureDbProdNIAADL","FUSION","Organisation Risk Profile Task","Purpose Code",,,"mapped","7940"
"FUSION QVD Generator","lib://AppData\PROD\AzureDataLake\FUSION\Organisation Risk Profile Task.qvd","Organisation Risk Profile Task.Purpose","AzureDbProdNIAADL","FUSION","Organisation Risk Profile Task","Purpose",,,"mapped","7940"
"FUSION QVD Generator","lib://AppData\PROD\AzureDataLake\FUSION\Organisation Risk Profile Task.qvd","Organisation Risk Profile Task.Type Code","AzureDbProdNIAADL","FUSION","Organisation Risk Profile Task","Type Code",,,"mapped","7940"
"FUSION QVD Generator","lib://AppData\PROD\AzureDataLake\FUSION\Organisation Risk Profile Task.qvd","Organisation Risk Profile Task.Type","AzureDbProdNIAADL","FUSION","Organisation Risk Profile Task","Type",,,"mapped","7940"
"FUSION QVD Generator","lib://AppData\PROD\AzureDataLake\FUSION\Organisation Risk Profile Task.qvd","Organisation Risk Profile Task.Priority","AzureDbProdNIAADL","FUSION","Organisation Risk Profile Task","Priority",,,"mapped","7940"
"FUSION QVD Generator","lib://AppData\PROD\AzureDataLake\FUSION\Organisation Risk Profile Task.qvd","Organisation Risk Profile Task.Start Date","AzureDbProdNIAADL","FUSION","Organisation Risk Profile Task","Start Date",,,"mapped","7940"
"FUSION QVD Generator","lib://AppData\PROD\AzureDataLake\FUSION\Organisation Risk Profile Task.qvd","Organisation Risk Profile Task.Due Date","AzureDbProdNIAADL","FUSION","Organisation Risk Profile Task","Due Date",,,"mapped","7940"
"FUSION QVD Generator","lib://AppData\PROD\AzureDataLake\FUSION\Organisation Risk Profile Task.qvd","Organisation Risk Profile Task.Scheduled Duration Mins","AzureDbProdNIAADL","FUSION","Organisation Risk Profile Task","Scheduled Duration Mins",,,"mapped","7940"
"FUSION QVD Generator","lib://AppData\PROD\AzureDataLake\FUSION\Organisation Risk Profile Task.qvd","Organisation Risk Profile Task.Owner","AzureDbProdNIAADL","FUSION","Organisation Risk Profile Task","Owner",,,"mapped","7940"
"FUSION QVD Generator","lib://AppData\PROD\AzureDataLake\FUSION\Organisation Risk Profile Task.qvd","Organisation Risk Profile Task.Owner Type","AzureDbProdNIAADL","FUSION","Organisation Risk Profile Task","Owner Type",,,"mapped","7940"
"FUSION QVD Generator","lib://AppData\PROD\AzureDataLake\FUSION\Organisation Risk Profile Task.qvd","Organisation Risk Profile Task.State","AzureDbProdNIAADL","FUSION","Organisation Risk Profile Task","State",,,"mapped","7940"
"FUSION QVD Generator","lib://AppData\PROD\AzureDataLake\FUSION\Organisation Risk Profile Task.qvd","Organisation Risk Profile Task.Status","AzureDbProdNIAADL","FUSION","Organisation Risk Profile Task","Status",,,"mapped","7940"
"FUSION QVD Generator","lib://AppData\PROD\AzureDataLake\FUSION\Organisation Task.qvd","Organisation Task.Organisation Task Id%","AzureDbProdNIAADL","FUSION","Organisation Task","Organisation Task Id",,,"mapped","7940"
"FUSION QVD Generator","lib://AppData\PROD\AzureDataLake\FUSION\Organisation Task.qvd","Organisation Task.Task Type","AzureDbProdNIAADL","FUSION","Organisation Task","Task Type",,,"mapped","7940"
"FUSION QVD Generator","lib://AppData\PROD\AzureDataLake\FUSION\Organisation Task.qvd","Organisation Task.Subject","AzureDbProdNIAADL","FUSION","Organisation Task","Subject",,,"mapped","7940"
"FUSION QVD Generator","lib://AppData\PROD\AzureDataLake\FUSION\Organisation Task.qvd","Organisation Task.Description","AzureDbProdNIAADL","FUSION","Organisation Task","Description",,,"mapped","7940"
"FUSION QVD Generator","lib://AppData\PROD\AzureDataLake\FUSION\Organisation Task.qvd","Organisation Task.Organisation Id%","AzureDbProdNIAADL","FUSION","Organisation Task","Organisation Id",,,"mapped","7940"
"FUSION QVD Generator","lib://AppData\PROD\AzureDataLake\FUSION\Organisation Task.qvd","Organisation Task.Regarding","AzureDbProdNIAADL","FUSION","Organisation Task","Regarding",,,"mapped","7940"
"FUSION QVD Generator","lib://AppData\PROD\AzureDataLake\FUSION\Organisation Task.qvd","Organisation Task.PMC Region Id$","AzureDbProdNIAADL","FUSION","Organisation Task","PMC Region Id",,,"mapped","7940"
"FUSION QVD Generator","lib://AppData\PROD\AzureDataLake\FUSION\Organisation Task.qvd","Organisation Task.PMC Region","AzureDbProdNIAADL","FUSION","Organisation Task","PMC Region",,,"mapped","7940"
"FUSION QVD Generator","lib://AppData\PROD\AzureDataLake\FUSION\Organisation Task.qvd","Organisation Task.Last Updated By CRM","AzureDbProdNIAADL","FUSION","Organisation Task","Last Updated By CRM",,,"mapped","7940"
"FUSION QVD Generator","lib://AppData\PROD\AzureDataLake\FUSION\Organisation Task.qvd","Organisation Task.Last Updated By FUSION","AzureDbProdNIAADL","FUSION","Organisation Task","Last Updated By FUSION",,,"mapped","7940"
"FUSION QVD Generator","lib://AppData\PROD\AzureDataLake\FUSION\Organisation Task.qvd","Organisation Task.Other Purpose","AzureDbProdNIAADL","FUSION","Organisation Task","Other Purpose",,,"mapped","7940"
"FUSION QVD Generator","lib://AppData\PROD\AzureDataLake\FUSION\Organisation Task.qvd","Organisation Task.Other Type","AzureDbProdNIAADL","FUSION","Organisation Task","Other Type",,,"mapped","7940"
"FUSION QVD Generator","lib://AppData\PROD\AzureDataLake\FUSION\Organisation Task.qvd","Organisation Task.Purpose Code","AzureDbProdNIAADL","FUSION","Organisation Task","Purpose Code",,,"mapped","7940"
"FUSION QVD Generator","lib://AppData\PROD\AzureDataLake\FUSION\Organisation Task.qvd","Organisation Task.Purpose","AzureDbProdNIAADL","FUSION","Organisation Task","Purpose",,,"mapped","7940"
"FUSION QVD Generator","lib://AppData\PROD\AzureDataLake\FUSION\Organisation Task.qvd","Organisation Task.Type Code","AzureDbProdNIAADL","FUSION","Organisation Task","Type Code",,,"mapped","7940"
"FUSION QVD Generator","lib://AppData\PROD\AzureDataLake\FUSION\Organisation Task.qvd","Organisation Task.Type","AzureDbProdNIAADL","FUSION","Organisation Task","Type",,,"mapped","7940"
"FUSION QVD Generator","lib://AppData\PROD\AzureDataLake\FUSION\Organisation Task.qvd","Organisation Task.Priority","AzureDbProdNIAADL","FUSION","Organisation Task","Priority",,,"mapped","7940"
"FUSION QVD Generator","lib://AppData\PROD\AzureDataLake\FUSION\Organisation Task.qvd","Organisation Task.Start Date","AzureDbProdNIAADL","FUSION","Organisation Task","Start Date",,,"mapped","7940"
"FUSION QVD Generator","lib://AppData\PROD\AzureDataLake\FUSION\Organisation Task.qvd","Organisation Task.Due Date","AzureDbProdNIAADL","FUSION","Organisation Task","Due Date",,,"mapped","7940"
"FUSION QVD Generator","lib://AppData\PROD\AzureDataLake\FUSION\Organisation Task.qvd","Organisation Task.Scheduled Duration Mins","AzureDbProdNIAADL","FUSION","Organisation Task","Scheduled Duration Mins",,,"mapped","7940"
"FUSION QVD Generator","lib://AppData\PROD\AzureDataLake\FUSION\Organisation Task.qvd","Organisation Task.Owner","AzureDbProdNIAADL","FUSION","Organisation Task","Owner",,,"mapped","7940"
"FUSION QVD Generator","lib://AppData\PROD\AzureDataLake\FUSION\Organisation Task.qvd","Organisation Task.Owner Type","AzureDbProdNIAADL","FUSION","Organisation Task","Owner Type",,,"mapped","7940"
"FUSION QVD Generator","lib://AppData\PROD\AzureDataLake\FUSION\Organisation Task.qvd","Organisation Task.State","AzureDbProdNIAADL","FUSION","Organisation Task","State",,,"mapped","7940"
"FUSION QVD Generator","lib://AppData\PROD\AzureDataLake\FUSION\Organisation Task.qvd","Organisation Task.Status","AzureDbProdNIAADL","FUSION","Organisation Task","Status",,,"mapped","7940"
"FUSION QVD Generator","lib://AppData\PROD\AzureDataLake\FUSION\Opportunity Task.qvd","Opportunity Task.Opportunity Task Id%","AzureDbProdNIAADL","FUSION","Opportunity Task","Opportunity Task Id",,,"mapped","7940"
"FUSION QVD Generator","lib://AppData\PROD\AzureDataLake\FUSION\Opportunity Task.qvd","Opportunity Task.Task Type","AzureDbProdNIAADL","FUSION","Opportunity Task","Task Type",,,"mapped","7940"
"FUSION QVD Generator","lib://AppData\PROD\AzureDataLake\FUSION\Opportunity Task.qvd","Opportunity Task.Subject","AzureDbProdNIAADL","FUSION","Opportunity Task","Subject",,,"mapped","7940"
"FUSION QVD Generator","lib://AppData\PROD\AzureDataLake\FUSION\Opportunity Task.qvd","Opportunity Task.Description","AzureDbProdNIAADL","FUSION","Opportunity Task","Description",,,"mapped","7940"
"FUSION QVD Generator","lib://AppData\PROD\AzureDataLake\FUSION\Opportunity Task.qvd","Opportunity Task.Opportunity Id%","AzureDbProdNIAADL","FUSION","Opportunity Task","Opportunity Id",,,"mapped","7940"
"FUSION QVD Generator","lib://AppData\PROD\AzureDataLake\FUSION\Opportunity Task.qvd","Opportunity Task.Regarding","AzureDbProdNIAADL","FUSION","Opportunity Task","Regarding",,,"mapped","7940"
"FUSION QVD Generator","lib://AppData\PROD\AzureDataLake\FUSION\Opportunity Task.qvd","Opportunity Task.PMC Region Id%","AzureDbProdNIAADL","FUSION","Opportunity Task","PMC Region Id",,,"mapped","7940"
"FUSION QVD Generator","lib://AppData\PROD\AzureDataLake\FUSION\Opportunity Task.qvd","Opportunity Task.PMC Region","AzureDbProdNIAADL","FUSION","Opportunity Task","PMC Region",,,"mapped","7940"
"FUSION QVD Generator","lib://AppData\PROD\AzureDataLake\FUSION\Opportunity Task.qvd","Opportunity Task.Last Updated By CRM","AzureDbProdNIAADL","FUSION","Opportunity Task","Last Updated By CRM",,,"mapped","7940"
"FUSION QVD Generator","lib://AppData\PROD\AzureDataLake\FUSION\Opportunity Task.qvd","Opportunity Task.Last Updated By FUSION","AzureDbProdNIAADL","FUSION","Opportunity Task","Last Updated By FUSION",,,"mapped","7940"
"FUSION QVD Generator","lib://AppData\PROD\AzureDataLake\FUSION\Opportunity Task.qvd","Opportunity Task.Other Purpose","AzureDbProdNIAADL","FUSION","Opportunity Task","Other Purpose",,,"mapped","7940"
"FUSION QVD Generator","lib://AppData\PROD\AzureDataLake\FUSION\Opportunity Task.qvd","Opportunity Task.Other Type","AzureDbProdNIAADL","FUSION","Opportunity Task","Other Type",,,"mapped","7940"
"FUSION QVD Generator","lib://AppData\PROD\AzureDataLake\FUSION\Opportunity Task.qvd","Opportunity Task.Purpose Code","AzureDbProdNIAADL","FUSION","Opportunity Task","Purpose Code",,,"mapped","7940"
"FUSION QVD Generator","lib://AppData\PROD\AzureDataLake\FUSION\Opportunity Task.qvd","Opportunity Task.Purpose","AzureDbProdNIAADL","FUSION","Opportunity Task","Purpose",,,"mapped","7940"
"FUSION QVD Generator","lib://AppData\PROD\AzureDataLake\FUSION\Opportunity Task.qvd","Opportunity Task.Type Code","AzureDbProdNIAADL","FUSION","Opportunity Task","Type Code",,,"mapped","7940"
"FUSION QVD Generator","lib://AppData\PROD\AzureDataLake\FUSION\Opportunity Task.qvd","Opportunity Task.Type","AzureDbProdNIAADL","FUSION","Opportunity Task","Type",,,"mapped","7940"
"FUSION QVD Generator","lib://AppData\PROD\AzureDataLake\FUSION\Opportunity Task.qvd","Opportunity Task.Priority","AzureDbProdNIAADL","FUSION","Opportunity Task","Priority",,,"mapped","7940"
"FUSION QVD Generator","lib://AppData\PROD\AzureDataLake\FUSION\Opportunity Task.qvd","Opportunity Task.Start Date","AzureDbProdNIAADL","FUSION","Opportunity Task","Start Date",,,"mapped","7940"
"FUSION QVD Generator","lib://AppData\PROD\AzureDataLake\FUSION\Opportunity Task.qvd","Opportunity Task.Due Date","AzureDbProdNIAADL","FUSION","Opportunity Task","Due Date",,,"mapped","7940"
"FUSION QVD Generator","lib://AppData\PROD\AzureDataLake\FUSION\Opportunity Task.qvd","Opportunity Task.Scheduled Duration Mins","AzureDbProdNIAADL","FUSION","Opportunity Task","Scheduled Duration Mins",,,"mapped","7940"
"FUSION QVD Generator","lib://AppData\PROD\AzureDataLake\FUSION\Opportunity Task.qvd","Opportunity Task.Owner","AzureDbProdNIAADL","FUSION","Opportunity Task","Owner",,,"mapped","7940"
"FUSION QVD Generator","lib://AppData\PROD\AzureDataLake\FUSION\Opportunity Task.qvd","Opportunity Task.Owner Type","AzureDbProdNIAADL","FUSION","Opportunity Task","Owner Type",,,"mapped","7940"
"FUSION QVD Generator","lib://AppData\PROD\AzureDataLake\FUSION\Opportunity Task.qvd","Opportunity Task.State","AzureDbProdNIAADL","FUSION","Opportunity Task","State",,,"mapped","7940"
"FUSION QVD Generator","lib://AppData\PROD\AzureDataLake\FUSION\Opportunity Task.qvd","Opportunity Task.Status","AzureDbProdNIAADL","FUSION","Opportunity Task","Status",,,"mapped","7940"
"FUSION QVD Generator","lib://AppData\PROD\AzureDataLake\FUSION\Activity Approval Verification.qvd","Activity Approval Verification.Activity Approval Verification Id%","AzureDbProdNIAADL","FUSION","Activity Approval Verification","Activity Approval Verification Id",,,"mapped","7940"
"FUSION QVD Generator","lib://AppData\PROD\AzureDataLake\FUSION\Activity Approval Verification.qvd","Activity Approval Verification.Application Id%","AzureDbProdNIAADL","FUSION","Activity Approval Verification","Application Id",,,"mapped","7940"
"FUSION QVD Generator","lib://AppData\PROD\AzureDataLake\FUSION\Activity Approval Verification.qvd","Activity Approval Verification.Ceasing Activity Assessment Id%","AzureDbProdNIAADL","FUSION","Activity Approval Verification","Ceasing Activity Assessment Id",,,"mapped","7940"
"FUSION QVD Generator","lib://AppData\PROD\AzureDataLake\FUSION\Activity Approval Verification.qvd","Activity Approval Verification.Grant Activity Id%","AzureDbProdNIAADL","FUSION","Activity Approval Verification","Grant Activity Id",,,"mapped","7940"
"FUSION QVD Generator","lib://AppData\PROD\AzureDataLake\FUSION\Activity Approval Verification.qvd","Activity Approval Verification.Grant Round Id%","AzureDbProdNIAADL","FUSION","Activity Approval Verification","Grant Round Id",,,"mapped","7940"
"FUSION QVD Generator","lib://AppData\PROD\AzureDataLake\FUSION\Activity Approval Verification.qvd","Activity Approval Verification.Additional Information For Edit AVR","AzureDbProdNIAADL","FUSION","Activity Approval Verification","Additional Information For Edit AVR",,,"mapped","7940"
"FUSION QVD Generator","lib://AppData\PROD\AzureDataLake\FUSION\Activity Approval Verification.qvd","Activity Approval Verification.AVR Effective Date","AzureDbProdNIAADL","FUSION","Activity Approval Verification","AVR Effective Date",,,"mapped","7940"
"FUSION QVD Generator","lib://AppData\PROD\AzureDataLake\FUSION\Activity Approval Verification.qvd","Activity Approval Verification.AVR Reason","AzureDbProdNIAADL","FUSION","Activity Approval Verification","AVR Reason",,,"mapped","7940"
"FUSION QVD Generator","lib://AppData\PROD\AzureDataLake\FUSION\Activity Approval Verification.qvd","Activity Approval Verification.AVR Net Movement","AzureDbProdNIAADL","FUSION","Activity Approval Verification","AVR Net Movement",,,"mapped","7940"
"FUSION QVD Generator","lib://AppData\PROD\AzureDataLake\FUSION\Activity Approval Verification.qvd","Activity Approval Verification.AVR Verification Type","AzureDbProdNIAADL","FUSION","Activity Approval Verification","AVR Verification Type",,,"mapped","7940"
"FUSION QVD Generator","lib://AppData\PROD\AzureDataLake\FUSION\Activity Approval Verification.qvd","Activity Approval Verification.Brief Reference Number For Edit AVR","AzureDbProdNIAADL","FUSION","Activity Approval Verification","Brief Reference Number For Edit AVR",,,"mapped","7940"
"FUSION QVD Generator","lib://AppData\PROD\AzureDataLake\FUSION\Activity Approval Verification.qvd","Activity Approval Verification.Delegate Approved Amount","AzureDbProdNIAADL","FUSION","Activity Approval Verification","Delegate Approved Amount",,,"mapped","7940"
"FUSION QVD Generator","lib://AppData\PROD\AzureDataLake\FUSION\Activity Approval Verification.qvd","Activity Approval Verification.Delegate Approved Amount For Edit AVR","AzureDbProdNIAADL","FUSION","Activity Approval Verification","Delegate Approved Amount For Edit AVR",,,"mapped","7940"
"FUSION QVD Generator","lib://AppData\PROD\AzureDataLake\FUSION\Activity Approval Verification.qvd","Activity Approval Verification.Delegate Brief Date","AzureDbProdNIAADL","FUSION","Activity Approval Verification","Delegate Brief Date",,,"mapped","7940"
"FUSION QVD Generator","lib://AppData\PROD\AzureDataLake\FUSION\Activity Approval Verification.qvd","Activity Approval Verification.Delegate Brief Date For Edit AVR","AzureDbProdNIAADL","FUSION","Activity Approval Verification","Delegate Brief Date For Edit AVR",,,"mapped","7940"
"FUSION QVD Generator","lib://AppData\PROD\AzureDataLake\FUSION\Activity Approval Verification.qvd","Activity Approval Verification.Delegate Brief Number","AzureDbProdNIAADL","FUSION","Activity Approval Verification","Delegate Brief Number",,,"mapped","7940"
"FUSION QVD Generator","lib://AppData\PROD\AzureDataLake\FUSION\Activity Approval Verification.qvd","Activity Approval Verification.Delegate Brief Reference","AzureDbProdNIAADL","FUSION","Activity Approval Verification","Delegate Brief Reference",,,"mapped","7940"
"FUSION QVD Generator","lib://AppData\PROD\AzureDataLake\FUSION\Activity Approval Verification.qvd","Activity Approval Verification.Delegate Position","AzureDbProdNIAADL","FUSION","Activity Approval Verification","Delegate Position",,,"mapped","7940"
"FUSION QVD Generator","lib://AppData\PROD\AzureDataLake\FUSION\Activity Approval Verification.qvd","Activity Approval Verification.Edit AVR Type","AzureDbProdNIAADL","FUSION","Activity Approval Verification","Edit AVR Type",,,"mapped","7940"
"FUSION QVD Generator","lib://AppData\PROD\AzureDataLake\FUSION\Activity Approval Verification.qvd","Activity Approval Verification.Grant Activity Funding","AzureDbProdNIAADL","FUSION","Activity Approval Verification","Grant Activity Funding",,,"mapped","7940"
"FUSION QVD Generator","lib://AppData\PROD\AzureDataLake\FUSION\Activity Approval Verification.qvd","Activity Approval Verification.Complete]","AzureDbProdNIAADL","FUSION","Activity Approval Verification","[Mark",,,"parse-error","7940"
"FUSION QVD Generator","lib://AppData\PROD\AzureDataLake\FUSION\Activity Approval Verification.qvd","Activity Approval Verification.Name","AzureDbProdNIAADL","FUSION","Activity Approval Verification","Name",,,"mapped","7940"
"FUSION QVD Generator","lib://AppData\PROD\AzureDataLake\FUSION\Activity Approval Verification.qvd","Activity Approval Verification.Not Required Supporting Text","AzureDbProdNIAADL","FUSION","Activity Approval Verification","Not Required Supporting Text",,,"mapped","7940"
"FUSION QVD Generator","lib://AppData\PROD\AzureDataLake\FUSION\Activity Approval Verification.qvd","Activity Approval Verification.Select Application For Edit AVR","AzureDbProdNIAADL","FUSION","Activity Approval Verification","Select Application For Edit AVR",,,"mapped","7940"
"FUSION QVD Generator","lib://AppData\PROD\AzureDataLake\FUSION\Activity Approval Verification.qvd","Activity Approval Verification.Select CAA For Edit AVR","AzureDbProdNIAADL","FUSION","Activity Approval Verification","Select CAA For Edit AVR",,,"mapped","7940"
"FUSION QVD Generator","lib://AppData\PROD\AzureDataLake\FUSION\Activity Approval Verification.qvd","Activity Approval Verification.Select Delegate Position For Edit AVR","AzureDbProdNIAADL","FUSION","Activity Approval Verification","Select Delegate Position For Edit AVR",,,"mapped","7940"
"FUSION QVD Generator","lib://AppData\PROD\AzureDataLake\FUSION\Activity Approval Verification.qvd","Activity Approval Verification.Select Grant Round For Edit AVR","AzureDbProdNIAADL","FUSION","Activity Approval Verification","Select Grant Round For Edit AVR",,,"mapped","7940"
"FUSION QVD Generator","lib://AppData\PROD\AzureDataLake\FUSION\Activity Approval Verification.qvd","Activity Approval Verification.Supporting Information For Edit AVR","AzureDbProdNIAADL","FUSION","Activity Approval Verification","Supporting Information For Edit AVR",,,"mapped","7940"
"FUSION QVD Generator","lib://AppData\PROD\AzureDataLake\FUSION\Activity Approval Verification.qvd","Activity Approval Verification.Verification Summary","AzureDbProdNIAADL","FUSION","Activity Approval Verification","Verification Summary",,,"mapped","7940"
"FUSION QVD Generator","lib://AppData\PROD\AzureDataLake\FUSION\Activity Approval Verification.qvd","Activity Approval Verification.State","AzureDbProdNIAADL","FUSION","Activity Approval Verification","State",,,"mapped","7940"
"FUSION QVD Generator","lib://AppData\PROD\AzureDataLake\FUSION\Activity Approval Verification.qvd","Activity Approval Verification.Status","AzureDbProdNIAADL","FUSION","Activity Approval Verification","Status",,,"mapped","7940"
"FUSION QVD Generator","lib://AppData\PROD\AzureDataLake\FUSION\Activity Approval Verification.qvd","Activity Approval Verification.Grant Activity Funding Amount","AzureDbProdNIAADL","FUSION","Activity Approval Verification","Grant Activity Funding Amount",,,"mapped","7940"
"FUSION QVD Generator","lib://AppData\PROD\AzureDataLake\FUSION\Activity Approval Verification.qvd","Activity Approval Verification.AVR Amount","AzureDbProdNIAADL","FUSION","Activity Approval Verification","AVR Amount",,,"mapped","7940"
"FUSION QVD Generator","lib://AppData\PROD\AzureDataLake\FUSION\Activity Approval Verification.qvd","Activity Approval Verification.Funding Decision Id%","AzureDbProdNIAADL","FUSION","Activity Approval Verification","Funding Decision Id",,,"mapped","7940"
"FUSION QVD Generator","lib://AppData\PROD\AzureDataLake\FUSION\Activity Approval Verification.qvd","Activity Approval Verification.Funding Decision","AzureDbProdNIAADL","FUSION","Activity Approval Verification","Funding Decision",,,"mapped","7940"
"FUSION QVD Generator","lib://AppData\PROD\AzureDataLake\FUSION\Activity Approval Verification.qvd","Activity Approval Verification.Net Change Amount","AzureDbProdNIAADL","FUSION","Activity Approval Verification","Net Change Amount",,,"mapped","7940"
"FUSION QVD Generator","lib://AppData\PROD\AzureDataLake\FUSION\Activity Approval Verification.qvd","Activity Approval Verification.Change From Amount","AzureDbProdNIAADL","FUSION","Activity Approval Verification","Change From Amount",,,"mapped","7940"
"FUSION QVD Generator","lib://AppData\PROD\AzureDataLake\FUSION\Activity Approval Verification.qvd","Activity Approval Verification.Change From Date","AzureDbProdNIAADL","FUSION","Activity Approval Verification","Change From Date",,,"mapped","7940"
"FUSION QVD Generator","lib://AppData\PROD\AzureDataLake\FUSION\Activity Approval Verification.qvd","Activity Approval Verification.Change To Amount","AzureDbProdNIAADL","FUSION","Activity Approval Verification","Change To Amount",,,"mapped","7940"
"FUSION QVD Generator","lib://AppData\PROD\AzureDataLake\FUSION\Activity Approval Verification.qvd","Activity Approval Verification.Change To Date","AzureDbProdNIAADL","FUSION","Activity Approval Verification","Change To Date",,,"mapped","7940"
"FUSION QVD Generator","lib://AppData\PROD\AzureDataLake\FUSION\Activity Approval Verification.qvd","Activity Approval Verification.Execution State when AVR was created","AzureDbProdNIAADL","FUSION","Activity Approval Verification","Execution State when AVR was created",,,"mapped","7940"
"FUSION QVD Generator","lib://AppData\PROD\AzureDataLake\FUSION\Activity Approval Verification.qvd","Activity Approval Verification.Source Activity Status when AVR was created","AzureDbProdNIAADL","FUSION","Activity Approval Verification","Source Activity Status when AVR was created",,,"mapped","7940"
"FUSION QVD Generator","lib://AppData\PROD\AzureDataLake\FUSION\Electorate.qvd","Electorate.Electorate Id","AzureDbProdNIAADL","FUSION","Electorate","Electorate Id",,,"mapped","7940"
"FUSION QVD Generator","lib://AppData\PROD\AzureDataLake\FUSION\Electorate.qvd","Electorate.Name","AzureDbProdNIAADL","FUSION","Electorate","Name",,,"mapped","7940"
"FUSION QVD Generator","lib://AppData\PROD\AzureDataLake\FUSION\Electorate.qvd","Electorate.Current Member","AzureDbProdNIAADL","FUSION","Electorate","Current Member",,,"mapped","7940"
"FUSION QVD Generator","lib://AppData\PROD\AzureDataLake\FUSION\Electorate.qvd","Electorate.Ministers Office Contact","AzureDbProdNIAADL","FUSION","Electorate","Ministers Office Contact",,,"mapped","7940"
"FUSION QVD Generator","lib://AppData\PROD\AzureDataLake\FUSION\Electorate.qvd","Electorate.Regional Manager","AzureDbProdNIAADL","FUSION","Electorate","Regional Manager",,,"mapped","7940"
"FUSION QVD Generator","lib://AppData\PROD\AzureDataLake\FUSION\Electorate.qvd","Electorate.Programme Note","AzureDbProdNIAADL","FUSION","Electorate","Programme Note",,,"mapped","7940"
"FUSION QVD Generator","lib://AppData\PROD\AzureDataLake\FUSION\Electorate.qvd","Electorate.Number of Organisations","AzureDbProdNIAADL","FUSION","Electorate","Number of Organisations",,,"mapped","7940"
"FUSION QVD Generator","lib://AppData\PROD\AzureDataLake\FUSION\Electorate.qvd","Electorate.State/Territory","AzureDbProdNIAADL","FUSION","Electorate","State/Territory",,,"mapped","7940"
"FUSION QVD Generator","lib://AppData\PROD\AzureDataLake\FUSION\Electorate.qvd","Electorate.At Date]","AzureDbProdNIAADL","FUSION","Electorate","[Valid",,,"parse-error","7940"
"FUSION QVD Generator","lib://AppData\PROD\AzureDataLake\FUSION\Electorate.qvd","Electorate.Number of Orgs Date","AzureDbProdNIAADL","FUSION","Electorate","Number of Orgs Date",,,"mapped","7940"
"FUSION QVD Generator","lib://AppData\PROD\AzureDataLake\FUSION\Electorate.qvd","Electorate.Number of Orgs State","AzureDbProdNIAADL","FUSION","Electorate","Number of Orgs State",,,"mapped","7940"
"FUSION QVD Generator","lib://AppData\PROD\AzureDataLake\FUSION\Electorate.qvd","Electorate.Demographic Details","AzureDbProdNIAADL","FUSION","Electorate","Demographic Details",,,"mapped","7940"
"FUSION QVD Generator","lib://AppData\PROD\AzureDataLake\FUSION\Electorate.qvd","Electorate.Demographic IRSEO","AzureDbProdNIAADL","FUSION","Electorate","Demographic IRSEO",,,"mapped","7940"
"FUSION QVD Generator","lib://AppData\PROD\AzureDataLake\FUSION\Electorate.qvd","Electorate.Demographic Superscript","AzureDbProdNIAADL","FUSION","Electorate","Demographic Superscript",,,"mapped","7940"
"FUSION QVD Generator","lib://AppData\PROD\AzureDataLake\FUSION\Electorate.qvd","Electorate.Electorate Status","AzureDbProdNIAADL","FUSION","Electorate","Electorate Status",,,"mapped","7940"
"FUSION QVD Generator","lib://AppData\PROD\AzureDataLake\FUSION\Electorate.qvd","Electorate.Build Regional Manager","AzureDbProdNIAADL","FUSION","Electorate","Build Regional Manager",,,"mapped","7940"
"FUSION QVD Generator","lib://AppData\PROD\AzureDataLake\FUSION\Electorate.qvd","Electorate.Create Electorate Group","AzureDbProdNIAADL","FUSION","Electorate","Create Electorate Group",,,"mapped","7940"
"FUSION QVD Generator","lib://AppData\PROD\AzureDataLake\FUSION\Electorate.qvd","Electorate.Current Data","AzureDbProdNIAADL","FUSION","Electorate","Current Data",,,"mapped","7940"
"FUSION QVD Generator","lib://AppData\PROD\AzureDataLake\FUSION\Electorate.qvd","Electorate.Current Electorate Group","AzureDbProdNIAADL","FUSION","Electorate","Current Electorate Group",,,"mapped","7940"
"FUSION QVD Generator","lib://AppData\PROD\AzureDataLake\FUSION\Electorate.qvd","Electorate.Data Load Date","AzureDbProdNIAADL","FUSION","Electorate","Data Load Date",,,"mapped","7940"
"FUSION QVD Generator","lib://AppData\PROD\AzureDataLake\FUSION\Electorate.qvd","Electorate.Funding gst excl current","AzureDbProdNIAADL","FUSION","Electorate","Funding gst excl current",,,"mapped","7940"
"FUSION QVD Generator","lib://AppData\PROD\AzureDataLake\FUSION\Electorate.qvd","Electorate.Funding gst excl current Base","AzureDbProdNIAADL","FUSION","Electorate","Funding gst excl current Base",,,"mapped","7940"
"FUSION QVD Generator","lib://AppData\PROD\AzureDataLake\FUSION\Electorate.qvd","Electorate.Funding gst excl current Date","AzureDbProdNIAADL","FUSION","Electorate","Funding gst excl current Date",,,"mapped","7940"
"FUSION QVD Generator","lib://AppData\PROD\AzureDataLake\FUSION\Electorate.qvd","Electorate.Funding gst excl current State","AzureDbProdNIAADL","FUSION","Electorate","Funding gst excl current State",,,"mapped","7940"
"FUSION QVD Generator","lib://AppData\PROD\AzureDataLake\FUSION\Electorate.qvd","Electorate.Funding gst excl expired","AzureDbProdNIAADL","FUSION","Electorate","Funding gst excl expired",,,"mapped","7940"
"FUSION QVD Generator","lib://AppData\PROD\AzureDataLake\FUSION\Electorate.qvd","Electorate.Funding gst excl expired Base","AzureDbProdNIAADL","FUSION","Electorate","Funding gst excl expired Base",,,"mapped","7940"
"FUSION QVD Generator","lib://AppData\PROD\AzureDataLake\FUSION\Electorate.qvd","Electorate.Funding gst excl expired Date","AzureDbProdNIAADL","FUSION","Electorate","Funding gst excl expired Date",,,"mapped","7940"
"FUSION QVD Generator","lib://AppData\PROD\AzureDataLake\FUSION\Electorate.qvd","Electorate.Funding gst excl expired State","AzureDbProdNIAADL","FUSION","Electorate","Funding gst excl expired State",,,"mapped","7940"
"FUSION QVD Generator","lib://AppData\PROD\AzureDataLake\FUSION\Electorate.qvd","Electorate.Hide Plus Sign","AzureDbProdNIAADL","FUSION","Electorate","Hide Plus Sign",,,"mapped","7940"
"FUSION QVD Generator","lib://AppData\PROD\AzureDataLake\FUSION\Electorate.qvd","Electorate.Number of activities current","AzureDbProdNIAADL","FUSION","Electorate","Number of activities current",,,"mapped","7940"
"FUSION QVD Generator","lib://AppData\PROD\AzureDataLake\FUSION\Electorate.qvd","Electorate.Number of Activities Current Date","AzureDbProdNIAADL","FUSION","Electorate","Number of Activities Current Date",,,"mapped","7940"
"FUSION QVD Generator","lib://AppData\PROD\AzureDataLake\FUSION\Electorate.qvd","Electorate.Number of Activities Current State","AzureDbProdNIAADL","FUSION","Electorate","Number of Activities Current State",,,"mapped","7940"
"FUSION QVD Generator","lib://AppData\PROD\AzureDataLake\FUSION\Electorate.qvd","Electorate.Number of Activities Expired","AzureDbProdNIAADL","FUSION","Electorate","Number of Activities Expired",,,"mapped","7940"
"FUSION QVD Generator","lib://AppData\PROD\AzureDataLake\FUSION\Electorate.qvd","Electorate.Number of Activities Expired Date","AzureDbProdNIAADL","FUSION","Electorate","Number of Activities Expired Date",,,"mapped","7940"
"FUSION QVD Generator","lib://AppData\PROD\AzureDataLake\FUSION\Electorate.qvd","Electorate.Number of Activities Expired State","AzureDbProdNIAADL","FUSION","Electorate","Number of Activities Expired State",,,"mapped","7940"
"FUSION QVD Generator","lib://AppData\PROD\AzureDataLake\FUSION\Electorate.qvd","Electorate.Publish","AzureDbProdNIAADL","FUSION","Electorate","Publish",,,"mapped","7940"
"FUSION QVD Generator","lib://AppData\PROD\AzureDataLake\FUSION\Electorate.qvd","Electorate.Publish Name","AzureDbProdNIAADL","FUSION","Electorate","Publish Name",,,"mapped","7940"
"FUSION QVD Generator","lib://AppData\PROD\AzureDataLake\FUSION\Electorate.qvd","Electorate.Run Function","AzureDbProdNIAADL","FUSION","Electorate","Run Function",,,"mapped","7940"
"FUSION QVD Generator","lib://AppData\PROD\AzureDataLake\FUSION\Electorate.qvd","Electorate.Source System","AzureDbProdNIAADL","FUSION","Electorate","Source System",,,"mapped","7940"
"FUSION QVD Generator","lib://AppData\PROD\AzureDataLake\FUSION\Electorate.qvd","Electorate.Status","AzureDbProdNIAADL","FUSION","Electorate","Status",,,"mapped","7940"
"FUSION QVD Generator","lib://AppData\PROD\AzureDataLake\FUSION\Electorate Activity Summary.qvd","Electorate Activity Summary.Electorate Activity Summary Id","AzureDbProdNIAADL","FUSION","Electorate Activity Summary","Electorate Activity Summary Id",,,"mapped","7940"
"FUSION QVD Generator","lib://AppData\PROD\AzureDataLake\FUSION\Electorate Activity Summary.qvd","Electorate Activity Summary.Activity Duration Months","AzureDbProdNIAADL","FUSION","Electorate Activity Summary","Activity Duration Months",,,"mapped","7940"
"FUSION QVD Generator","lib://AppData\PROD\AzureDataLake\FUSION\Electorate Activity Summary.qvd","Electorate Activity Summary.Activity End Date","AzureDbProdNIAADL","FUSION","Electorate Activity Summary","Activity End Date",,,"mapped","7940"
"FUSION QVD Generator","lib://AppData\PROD\AzureDataLake\FUSION\Electorate Activity Summary.qvd","Electorate Activity Summary.Activity Id","AzureDbProdNIAADL","FUSION","Electorate Activity Summary","Activity Id",,,"mapped","7940"
"FUSION QVD Generator","lib://AppData\PROD\AzureDataLake\FUSION\Electorate Activity Summary.qvd","Electorate Activity Summary.Activity Start Date","AzureDbProdNIAADL","FUSION","Electorate Activity Summary","Activity Start Date",,,"mapped","7940"
"FUSION QVD Generator","lib://AppData\PROD\AzureDataLake\FUSION\Electorate Activity Summary.qvd","Electorate Activity Summary.Activity Title","AzureDbProdNIAADL","FUSION","Electorate Activity Summary","Activity Title",,,"mapped","7940"
"FUSION QVD Generator","lib://AppData\PROD\AzureDataLake\FUSION\Electorate Activity Summary.qvd","Electorate Activity Summary.Activity Type","AzureDbProdNIAADL","FUSION","Electorate Activity Summary","Activity Type",,,"mapped","7940"
"FUSION QVD Generator","lib://AppData\PROD\AzureDataLake\FUSION\Electorate Activity Summary.qvd","Electorate Activity Summary.Activity Value","AzureDbProdNIAADL","FUSION","Electorate Activity Summary","Activity Value",,,"mapped","7940"
"FUSION QVD Generator","lib://AppData\PROD\AzureDataLake\FUSION\Electorate Activity Summary.qvd","Electorate Activity Summary.PMC Region Id","AzureDbProdNIAADL","FUSION","Electorate Activity Summary","PMC Region Id",,,"mapped","7940"
"FUSION QVD Generator","lib://AppData\PROD\AzureDataLake\FUSION\Electorate Activity Summary.qvd","Electorate Activity Summary.PMC Region","AzureDbProdNIAADL","FUSION","Electorate Activity Summary","PMC Region",,,"mapped","7940"
"FUSION QVD Generator","lib://AppData\PROD\AzureDataLake\FUSION\Electorate Activity Summary.qvd","Electorate Activity Summary.Agreement Activity Id","AzureDbProdNIAADL","FUSION","Electorate Activity Summary","Agreement Activity Id",,,"mapped","7940"
"FUSION QVD Generator","lib://AppData\PROD\AzureDataLake\FUSION\Electorate Activity Summary.qvd","Electorate Activity Summary.Agreement Activity","AzureDbProdNIAADL","FUSION","Electorate Activity Summary","Agreement Activity",,,"mapped","7940"
"FUSION QVD Generator","lib://AppData\PROD\AzureDataLake\FUSION\Electorate Activity Summary.qvd","Electorate Activity Summary.Electorate Id","AzureDbProdNIAADL","FUSION","Electorate Activity Summary","Electorate Id",,,"mapped","7940"
"FUSION QVD Generator","lib://AppData\PROD\AzureDataLake\FUSION\Electorate Activity Summary.qvd","Electorate Activity Summary.Electorate Programme Id","AzureDbProdNIAADL","FUSION","Electorate Activity Summary","Electorate Programme Id",,,"mapped","7940"
"FUSION QVD Generator","lib://AppData\PROD\AzureDataLake\FUSION\Electorate Activity Summary.qvd","Electorate Activity Summary.Electorate Summary Id","AzureDbProdNIAADL","FUSION","Electorate Activity Summary","Electorate Summary Id",,,"mapped","7940"
"FUSION QVD Generator","lib://AppData\PROD\AzureDataLake\FUSION\Electorate Activity Summary.qvd","Electorate Activity Summary.Name","AzureDbProdNIAADL","FUSION","Electorate Activity Summary","Name",,,"mapped","7940"
"FUSION QVD Generator","lib://AppData\PROD\AzureDataLake\FUSION\Electorate Activity Summary.qvd","Electorate Activity Summary.Organisation Id","AzureDbProdNIAADL","FUSION","Electorate Activity Summary","Organisation Id",,,"mapped","7940"
"FUSION QVD Generator","lib://AppData\PROD\AzureDataLake\FUSION\Electorate Activity Summary.qvd","Electorate Activity Summary.Programme Id","AzureDbProdNIAADL","FUSION","Electorate Activity Summary","Programme Id",,,"mapped","7940"
"FUSION QVD Generator","lib://AppData\PROD\AzureDataLake\FUSION\Electorate Activity Summary.qvd","Electorate Activity Summary.Reference","AzureDbProdNIAADL","FUSION","Electorate Activity Summary","Reference",,,"mapped","7940"
"FUSION QVD Generator","lib://AppData\PROD\AzureDataLake\FUSION\Electorate Activity Summary.qvd","Electorate Activity Summary.Grant Round Id","AzureDbProdNIAADL","FUSION","Electorate Activity Summary","Grant Round Id",,,"mapped","7940"
"FUSION QVD Generator","lib://AppData\PROD\AzureDataLake\FUSION\Electorate Activity Summary.qvd","Electorate Activity Summary.Grant Round","AzureDbProdNIAADL","FUSION","Electorate Activity Summary","Grant Round",,,"mapped","7940"
"FUSION QVD Generator","lib://AppData\PROD\AzureDataLake\FUSION\Electorate Activity Summary.qvd","Electorate Activity Summary.Source Organisation Id","AzureDbProdNIAADL","FUSION","Electorate Activity Summary","Source Organisation Id",,,"mapped","7940"
"FUSION QVD Generator","lib://AppData\PROD\AzureDataLake\FUSION\Electorate Activity Summary.qvd","Electorate Activity Summary.Status","AzureDbProdNIAADL","FUSION","Electorate Activity Summary","Status",,,"mapped","7940"
"FUSION QVD Generator","lib://AppData\PROD\AzureDataLake\FUSION\Electorate Demographic.qvd","Electorate Demographic.Electorate Demographic Id","AzureDbProdNIAADL","FUSION","Electorate Demographic","Electorate Demographic Id",,,"mapped","7940"
"FUSION QVD Generator","lib://AppData\PROD\AzureDataLake\FUSION\Electorate Demographic.qvd","Electorate Demographic.Electorate Id","AzureDbProdNIAADL","FUSION","Electorate Demographic","Electorate Id",,,"mapped","7940"
"FUSION QVD Generator","lib://AppData\PROD\AzureDataLake\FUSION\Electorate Demographic.qvd","Electorate Demographic.Description","AzureDbProdNIAADL","FUSION","Electorate Demographic","Description",,,"mapped","7940"
"FUSION QVD Generator","lib://AppData\PROD\AzureDataLake\FUSION\Electorate Demographic.qvd","Electorate Demographic.Include In Report","AzureDbProdNIAADL","FUSION","Electorate Demographic","Include In Report",,,"mapped","7940"
"FUSION QVD Generator","lib://AppData\PROD\AzureDataLake\FUSION\Electorate Demographic.qvd","Electorate Demographic.Measure Value","AzureDbProdNIAADL","FUSION","Electorate Demographic","Measure Value",,,"mapped","7940"
"FUSION QVD Generator","lib://AppData\PROD\AzureDataLake\FUSION\Electorate Demographic.qvd","Electorate Demographic.Name","AzureDbProdNIAADL","FUSION","Electorate Demographic","Name",,,"mapped","7940"
"FUSION QVD Generator","lib://AppData\PROD\AzureDataLake\FUSION\Electorate Demographic.qvd","Electorate Demographic.Narrative","AzureDbProdNIAADL","FUSION","Electorate Demographic","Narrative",,,"mapped","7940"
"FUSION QVD Generator","lib://AppData\PROD\AzureDataLake\FUSION\Electorate Demographic.qvd","Electorate Demographic.National Demographic","AzureDbProdNIAADL","FUSION","Electorate Demographic","National Demographic",,,"mapped","7940"
"FUSION QVD Generator","lib://AppData\PROD\AzureDataLake\FUSION\Electorate Demographic.qvd","Electorate Demographic.Number","AzureDbProdNIAADL","FUSION","Electorate Demographic","Number",,,"mapped","7940"
"FUSION QVD Generator","lib://AppData\PROD\AzureDataLake\FUSION\Electorate Demographic.qvd","Electorate Demographic.Order","AzureDbProdNIAADL","FUSION","Electorate Demographic","Order",,,"mapped","7940"
"FUSION QVD Generator","lib://AppData\PROD\AzureDataLake\FUSION\Electorate Demographic.qvd","Electorate Demographic.Percentage Decimal","AzureDbProdNIAADL","FUSION","Electorate Demographic","Percentage Decimal",,,"mapped","7940"
"FUSION QVD Generator","lib://AppData\PROD\AzureDataLake\FUSION\Electorate Demographic.qvd","Electorate Demographic.Report Location","AzureDbProdNIAADL","FUSION","Electorate Demographic","Report Location",,,"mapped","7940"
"FUSION QVD Generator","lib://AppData\PROD\AzureDataLake\FUSION\Electorate Demographic.qvd","Electorate Demographic.State Demographic","AzureDbProdNIAADL","FUSION","Electorate Demographic","State Demographic",,,"mapped","7940"
"FUSION QVD Generator","lib://AppData\PROD\AzureDataLake\FUSION\Electorate Demographic.qvd","Electorate Demographic.Text","AzureDbProdNIAADL","FUSION","Electorate Demographic","Text",,,"mapped","7940"
"FUSION QVD Generator","lib://AppData\PROD\AzureDataLake\FUSION\Electorate Demographic.qvd","Electorate Demographic.Type","AzureDbProdNIAADL","FUSION","Electorate Demographic","Type",,,"mapped","7940"
"FUSION QVD Generator","lib://AppData\PROD\AzureDataLake\FUSION\Electorate Demographic.qvd","Electorate Demographic.Value Text Indigenous","AzureDbProdNIAADL","FUSION","Electorate Demographic","Value Text Indigenous",,,"mapped","7940"
"FUSION QVD Generator","lib://AppData\PROD\AzureDataLake\FUSION\Electorate Demographic.qvd","Electorate Demographic.Value Text Non-indigenous","AzureDbProdNIAADL","FUSION","Electorate Demographic","Value Text Non-indigenous",,,"mapped","7940"
"FUSION QVD Generator","lib://AppData\PROD\AzureDataLake\FUSION\Electorate Demographic.qvd","Electorate Demographic.Value Text Total","AzureDbProdNIAADL","FUSION","Electorate Demographic","Value Text Total",,,"mapped","7940"
"FUSION QVD Generator","lib://AppData\PROD\AzureDataLake\FUSION\Electorate Demographic.qvd","Electorate Demographic.Status","AzureDbProdNIAADL","FUSION","Electorate Demographic","Status",,,"mapped","7940"
"FUSION QVD Generator","lib://AppData\PROD\AzureDataLake\FUSION\Electorate Information.qvd","Electorate Information.Electorate Information Id","AzureDbProdNIAADL","FUSION","Electorate Information","Electorate Information Id",,,"mapped","7940"
"FUSION QVD Generator","lib://AppData\PROD\AzureDataLake\FUSION\Electorate Information.qvd","Electorate Information.Electorate Id","AzureDbProdNIAADL","FUSION","Electorate Information","Electorate Id",,,"mapped","7940"
"FUSION QVD Generator","lib://AppData\PROD\AzureDataLake\FUSION\Electorate Information.qvd","Electorate Information.Electorate Group Id","AzureDbProdNIAADL","FUSION","Electorate Information","Electorate Group Id",,,"mapped","7940"
"FUSION QVD Generator","lib://AppData\PROD\AzureDataLake\FUSION\Electorate Information.qvd","Electorate Information.Electorate Group","AzureDbProdNIAADL","FUSION","Electorate Information","Electorate Group",,,"mapped","7940"
"FUSION QVD Generator","lib://AppData\PROD\AzureDataLake\FUSION\Electorate Information.qvd","Electorate Information.Issue Type","AzureDbProdNIAADL","FUSION","Electorate Information","Issue Type",,,"mapped","7940"
"FUSION QVD Generator","lib://AppData\PROD\AzureDataLake\FUSION\Electorate Information.qvd","Electorate Information.Description","AzureDbProdNIAADL","FUSION","Electorate Information","Description",,,"mapped","7940"
"FUSION QVD Generator","lib://AppData\PROD\AzureDataLake\FUSION\Electorate Information.qvd","Electorate Information.Name","AzureDbProdNIAADL","FUSION","Electorate Information","Name",,,"mapped","7940"
"FUSION QVD Generator","lib://AppData\PROD\AzureDataLake\FUSION\Electorate Information.qvd","Electorate Information.Order","AzureDbProdNIAADL","FUSION","Electorate Information","Order",,,"mapped","7940"
"FUSION QVD Generator","lib://AppData\PROD\AzureDataLake\FUSION\Electorate Information.qvd","Electorate Information.Priority","AzureDbProdNIAADL","FUSION","Electorate Information","Priority",,,"mapped","7940"
"FUSION QVD Generator","lib://AppData\PROD\AzureDataLake\FUSION\Electorate Information.qvd","Electorate Information.Title","AzureDbProdNIAADL","FUSION","Electorate Information","Title",,,"mapped","7940"
"FUSION QVD Generator","lib://AppData\PROD\AzureDataLake\FUSION\Electorate Information.qvd","Electorate Information.Type","AzureDbProdNIAADL","FUSION","Electorate Information","Type",,,"mapped","7940"
"FUSION QVD Generator","lib://AppData\PROD\AzureDataLake\FUSION\Electorate Information.qvd","Electorate Information.Typename","AzureDbProdNIAADL","FUSION","Electorate Information","Typename",,,"mapped","7940"
"FUSION QVD Generator","lib://AppData\PROD\AzureDataLake\FUSION\Electorate Information.qvd","Electorate Information.Validfrom","AzureDbProdNIAADL","FUSION","Electorate Information","Validfrom",,,"mapped","7940"
"FUSION QVD Generator","lib://AppData\PROD\AzureDataLake\FUSION\Electorate Information.qvd","Electorate Information.Validto","AzureDbProdNIAADL","FUSION","Electorate Information","Validto",,,"mapped","7940"
"FUSION QVD Generator","lib://AppData\PROD\AzureDataLake\FUSION\Electorate Information.qvd","Electorate Information.Last Modified Date","AzureDbProdNIAADL","FUSION","Electorate Information","Last Modified Date",,,"mapped","7940"
"FUSION QVD Generator","lib://AppData\PROD\AzureDataLake\FUSION\Electorate Information.qvd","Electorate Information.Lastmodifiedbyname","AzureDbProdNIAADL","FUSION","Electorate Information","Lastmodifiedbyname",,,"mapped","7940"
"FUSION QVD Generator","lib://AppData\PROD\AzureDataLake\FUSION\Electorate Information.qvd","Electorate Information.Status","AzureDbProdNIAADL","FUSION","Electorate Information","Status",,,"mapped","7940"
"FUSION QVD Generator","lib://AppData\PROD\AzureDataLake\FUSION\Electorate Organisation Summary.qvd","Electorate Organisation Summary.Electorate Organisation Summary Id","AzureDbProdNIAADL","FUSION","Electorate Organisation Summary","Electorate Organisation Summary Id",,,"mapped","7940"
"FUSION QVD Generator","lib://AppData\PROD\AzureDataLake\FUSION\Electorate Organisation Summary.qvd","Electorate Organisation Summary.Electorate Id","AzureDbProdNIAADL","FUSION","Electorate Organisation Summary","Electorate Id",,,"mapped","7940"
"FUSION QVD Generator","lib://AppData\PROD\AzureDataLake\FUSION\Electorate Organisation Summary.qvd","Electorate Organisation Summary.Organisation Id","AzureDbProdNIAADL","FUSION","Electorate Organisation Summary","Organisation Id",,,"mapped","7940"
"FUSION QVD Generator","lib://AppData\PROD\AzureDataLake\FUSION\Electorate Organisation Summary.qvd","Electorate Organisation Summary.Organisation","AzureDbProdNIAADL","FUSION","Electorate Organisation Summary","Organisation",,,"mapped","7940"
"FUSION QVD Generator","lib://AppData\PROD\AzureDataLake\FUSION\Electorate Organisation Summary.qvd","Electorate Organisation Summary.ABN","AzureDbProdNIAADL","FUSION","Electorate Organisation Summary","ABN",,,"mapped","7940"
"FUSION QVD Generator","lib://AppData\PROD\AzureDataLake\FUSION\Electorate Organisation Summary.qvd","Electorate Organisation Summary.Indigeneity","AzureDbProdNIAADL","FUSION","Electorate Organisation Summary","Indigeneity",,,"mapped","7940"
"FUSION QVD Generator","lib://AppData\PROD\AzureDataLake\FUSION\Electorate Organisation Summary.qvd","Electorate Organisation Summary.Parent Organisation Id","AzureDbProdNIAADL","FUSION","Electorate Organisation Summary","Parent Organisation Id",,,"mapped","7940"
"FUSION QVD Generator","lib://AppData\PROD\AzureDataLake\FUSION\Electorate Organisation Summary.qvd","Electorate Organisation Summary.Parent Organisation","AzureDbProdNIAADL","FUSION","Electorate Organisation Summary","Parent Organisation",,,"mapped","7940"
"FUSION QVD Generator","lib://AppData\PROD\AzureDataLake\FUSION\Electorate Organisation Summary.qvd","Electorate Organisation Summary.Name","AzureDbProdNIAADL","FUSION","Electorate Organisation Summary","Name",,,"mapped","7940"
"FUSION QVD Generator","lib://AppData\PROD\AzureDataLake\FUSION\Electorate Organisation Summary.qvd","Electorate Organisation Summary.Parent Summary Id","AzureDbProdNIAADL","FUSION","Electorate Organisation Summary","Parent Summary Id",,,"mapped","7940"
"FUSION QVD Generator","lib://AppData\PROD\AzureDataLake\FUSION\Electorate Organisation Summary.qvd","Electorate Organisation Summary.Source Organisation Id","AzureDbProdNIAADL","FUSION","Electorate Organisation Summary","Source Organisation Id",,,"mapped","7940"
"FUSION QVD Generator","lib://AppData\PROD\AzureDataLake\FUSION\Electorate Organisation Summary.qvd","Electorate Organisation Summary.Total21jle","AzureDbProdNIAADL","FUSION","Electorate Organisation Summary","Total21jle",,,"mapped","7940"
"FUSION QVD Generator","lib://AppData\PROD\AzureDataLake\FUSION\Electorate Organisation Summary.qvd","Electorate Organisation Summary.Total21jle Base","AzureDbProdNIAADL","FUSION","Electorate Organisation Summary","Total21jle Base",,,"mapped","7940"
"FUSION QVD Generator","lib://AppData\PROD\AzureDataLake\FUSION\Electorate Organisation Summary.qvd","Electorate Organisation Summary.Total21jle Date","AzureDbProdNIAADL","FUSION","Electorate Organisation Summary","Total21jle Date",,,"mapped","7940"
"FUSION QVD Generator","lib://AppData\PROD\AzureDataLake\FUSION\Electorate Organisation Summary.qvd","Electorate Organisation Summary.Total21jle State","AzureDbProdNIAADL","FUSION","Electorate Organisation Summary","Total21jle State",,,"mapped","7940"
"FUSION QVD Generator","lib://AppData\PROD\AzureDataLake\FUSION\Electorate Organisation Summary.qvd","Electorate Organisation Summary.Total22cs","AzureDbProdNIAADL","FUSION","Electorate Organisation Summary","Total22cs",,,"mapped","7940"
"FUSION QVD Generator","lib://AppData\PROD\AzureDataLake\FUSION\Electorate Organisation Summary.qvd","Electorate Organisation Summary.Total22cs Base","AzureDbProdNIAADL","FUSION","Electorate Organisation Summary","Total22cs Base",,,"mapped","7940"
"FUSION QVD Generator","lib://AppData\PROD\AzureDataLake\FUSION\Electorate Organisation Summary.qvd","Electorate Organisation Summary.Total22cs Date","AzureDbProdNIAADL","FUSION","Electorate Organisation Summary","Total22cs Date",,,"mapped","7940"
"FUSION QVD Generator","lib://AppData\PROD\AzureDataLake\FUSION\Electorate Organisation Summary.qvd","Electorate Organisation Summary.Total22cs State","AzureDbProdNIAADL","FUSION","Electorate Organisation Summary","Total22cs State",,,"mapped","7940"
"FUSION QVD Generator","lib://AppData\PROD\AzureDataLake\FUSION\Electorate Organisation Summary.qvd","Electorate Organisation Summary.Total23sw","AzureDbProdNIAADL","FUSION","Electorate Organisation Summary","Total23sw",,,"mapped","7940"
"FUSION QVD Generator","lib://AppData\PROD\AzureDataLake\FUSION\Electorate Organisation Summary.qvd","Electorate Organisation Summary.Total23sw Base","AzureDbProdNIAADL","FUSION","Electorate Organisation Summary","Total23sw Base",,,"mapped","7940"
"FUSION QVD Generator","lib://AppData\PROD\AzureDataLake\FUSION\Electorate Organisation Summary.qvd","Electorate Organisation Summary.Total23sw Date","AzureDbProdNIAADL","FUSION","Electorate Organisation Summary","Total23sw Date",,,"mapped","7940"
"FUSION QVD Generator","lib://AppData\PROD\AzureDataLake\FUSION\Electorate Organisation Summary.qvd","Electorate Organisation Summary.Total23sw State","AzureDbProdNIAADL","FUSION","Electorate Organisation Summary","Total23sw State",,,"mapped","7940"
"FUSION QVD Generator","lib://AppData\PROD\AzureDataLake\FUSION\Electorate Organisation Summary.qvd","Electorate Organisation Summary.Total24cc","AzureDbProdNIAADL","FUSION","Electorate Organisation Summary","Total24cc",,,"mapped","7940"
"FUSION QVD Generator","lib://AppData\PROD\AzureDataLake\FUSION\Electorate Organisation Summary.qvd","Electorate Organisation Summary.Total24cc Base","AzureDbProdNIAADL","FUSION","Electorate Organisation Summary","Total24cc Base",,,"mapped","7940"
"FUSION QVD Generator","lib://AppData\PROD\AzureDataLake\FUSION\Electorate Organisation Summary.qvd","Electorate Organisation Summary.Total24cc Date","AzureDbProdNIAADL","FUSION","Electorate Organisation Summary","Total24cc Date",,,"mapped","7940"
"FUSION QVD Generator","lib://AppData\PROD\AzureDataLake\FUSION\Electorate Organisation Summary.qvd","Electorate Organisation Summary.Total24cc State","AzureDbProdNIAADL","FUSION","Electorate Organisation Summary","Total24cc State",,,"mapped","7940"
"FUSION QVD Generator","lib://AppData\PROD\AzureDataLake\FUSION\Electorate Organisation Summary.qvd","Electorate Organisation Summary.Total25ras","AzureDbProdNIAADL","FUSION","Electorate Organisation Summary","Total25ras",,,"mapped","7940"
"FUSION QVD Generator","lib://AppData\PROD\AzureDataLake\FUSION\Electorate Organisation Summary.qvd","Electorate Organisation Summary.Total25ras Base","AzureDbProdNIAADL","FUSION","Electorate Organisation Summary","Total25ras Base",,,"mapped","7940"
"FUSION QVD Generator","lib://AppData\PROD\AzureDataLake\FUSION\Electorate Organisation Summary.qvd","Electorate Organisation Summary.Total25ras Date","AzureDbProdNIAADL","FUSION","Electorate Organisation Summary","Total25ras Date",,,"mapped","7940"
"FUSION QVD Generator","lib://AppData\PROD\AzureDataLake\FUSION\Electorate Organisation Summary.qvd","Electorate Organisation Summary.Total25ras State","AzureDbProdNIAADL","FUSION","Electorate Organisation Summary","Total25ras State",,,"mapped","7940"
"FUSION QVD Generator","lib://AppData\PROD\AzureDataLake\FUSION\Electorate Organisation Summary.qvd","Electorate Organisation Summary.Total Organisation","AzureDbProdNIAADL","FUSION","Electorate Organisation Summary","Total Organisation",,,"mapped","7940"
"FUSION QVD Generator","lib://AppData\PROD\AzureDataLake\FUSION\Electorate Organisation Summary.qvd","Electorate Organisation Summary.Total Organisation Base","AzureDbProdNIAADL","FUSION","Electorate Organisation Summary","Total Organisation Base",,,"mapped","7940"
"FUSION QVD Generator","lib://AppData\PROD\AzureDataLake\FUSION\Electorate Organisation Summary.qvd","Electorate Organisation Summary.Total Organisation Date","AzureDbProdNIAADL","FUSION","Electorate Organisation Summary","Total Organisation Date",,,"mapped","7940"
"FUSION QVD Generator","lib://AppData\PROD\AzureDataLake\FUSION\Electorate Organisation Summary.qvd","Electorate Organisation Summary.Total Organisation State","AzureDbProdNIAADL","FUSION","Electorate Organisation Summary","Total Organisation State",,,"mapped","7940"
"FUSION QVD Generator","lib://AppData\PROD\AzureDataLake\FUSION\Electorate Organisation Summary.qvd","Electorate Organisation Summary.State","AzureDbProdNIAADL","FUSION","Electorate Organisation Summary","State",,,"mapped","7940"
"FUSION QVD Generator","lib://AppData\PROD\AzureDataLake\FUSION\Electorate Organisation Summary.qvd","Electorate Organisation Summary.Status","AzureDbProdNIAADL","FUSION","Electorate Organisation Summary","Status",,,"mapped","7940"
"FUSION QVD Generator","lib://AppData\PROD\AzureDataLake\FUSION\Electorate PMC Region.qvd","Electorate PMC Region.Electorate PMC Region Id","AzureDbProdNIAADL","FUSION","Electorate PMC Region","Electorate PMC Region Id",,,"mapped","7940"
"FUSION QVD Generator","lib://AppData\PROD\AzureDataLake\FUSION\Electorate PMC Region.qvd","Electorate PMC Region.Electorate Id","AzureDbProdNIAADL","FUSION","Electorate PMC Region","Electorate Id",,,"mapped","7940"
"FUSION QVD Generator","lib://AppData\PROD\AzureDataLake\FUSION\Electorate PMC Region.qvd","Electorate PMC Region.PMC Region Id","AzureDbProdNIAADL","FUSION","Electorate PMC Region","PMC Region Id",,,"mapped","7940"
"FUSION QVD Generator","lib://AppData\PROD\AzureDataLake\FUSION\Electorate PMC Region.qvd","Electorate PMC Region.PMC Region","AzureDbProdNIAADL","FUSION","Electorate PMC Region","PMC Region",,,"mapped","7940"
"FUSION QVD Generator","lib://AppData\PROD\AzureDataLake\FUSION\Electorate PMC Region.qvd","Electorate PMC Region.Name","AzureDbProdNIAADL","FUSION","Electorate PMC Region","Name",,,"mapped","7940"
"FUSION QVD Generator","lib://AppData\PROD\AzureDataLake\FUSION\Electorate PMC Region.qvd","Electorate PMC Region.Regional Manager","AzureDbProdNIAADL","FUSION","Electorate PMC Region","Regional Manager",,,"mapped","7940"
"FUSION QVD Generator","lib://AppData\PROD\AzureDataLake\FUSION\Electorate PMC Region.qvd","Electorate PMC Region.RM Phone","AzureDbProdNIAADL","FUSION","Electorate PMC Region","RM Phone",,,"mapped","7940"
"FUSION QVD Generator","lib://AppData\PROD\AzureDataLake\FUSION\Electorate PMC Region.qvd","Electorate PMC Region.RM Mobile","AzureDbProdNIAADL","FUSION","Electorate PMC Region","RM Mobile",,,"mapped","7940"
"FUSION QVD Generator","lib://AppData\PROD\AzureDataLake\FUSION\Electorate PMC Region.qvd","Electorate PMC Region.Status","AzureDbProdNIAADL","FUSION","Electorate PMC Region","Status",,,"mapped","7940"
"FUSION QVD Generator","lib://AppData\PROD\AzureDataLake\FUSION\Electorate Programme.qvd","Electorate Programme.Electorate Programme Id","AzureDbProdNIAADL","FUSION","Electorate Programme","Electorate Programme Id",,,"mapped","7940"
"FUSION QVD Generator","lib://AppData\PROD\AzureDataLake\FUSION\Electorate Programme.qvd","Electorate Programme.Electorate Id","AzureDbProdNIAADL","FUSION","Electorate Programme","Electorate Id",,,"mapped","7940"
"FUSION QVD Generator","lib://AppData\PROD\AzureDataLake\FUSION\Electorate Programme.qvd","Electorate Programme.Programme Id","AzureDbProdNIAADL","FUSION","Electorate Programme","Programme Id",,,"mapped","7940"
"FUSION QVD Generator","lib://AppData\PROD\AzureDataLake\FUSION\Electorate Programme.qvd","Electorate Programme.Programme Name","AzureDbProdNIAADL","FUSION","Electorate Programme","Programme Name",,,"mapped","7940"
"FUSION QVD Generator","lib://AppData\PROD\AzureDataLake\FUSION\Electorate Programme.qvd","Electorate Programme.Name","AzureDbProdNIAADL","FUSION","Electorate Programme","Name",,,"mapped","7940"
"FUSION QVD Generator","lib://AppData\PROD\AzureDataLake\FUSION\Electorate Programme.qvd","Electorate Programme.Funding GST Excl Current","AzureDbProdNIAADL","FUSION","Electorate Programme","Funding GST Excl Current",,,"mapped","7940"
"FUSION QVD Generator","lib://AppData\PROD\AzureDataLake\FUSION\Electorate Programme.qvd","Electorate Programme.Funding GST Excl Current Base","AzureDbProdNIAADL","FUSION","Electorate Programme","Funding GST Excl Current Base",,,"mapped","7940"
"FUSION QVD Generator","lib://AppData\PROD\AzureDataLake\FUSION\Electorate Programme.qvd","Electorate Programme.Funding GST Excl Current Date","AzureDbProdNIAADL","FUSION","Electorate Programme","Funding GST Excl Current Date",,,"mapped","7940"
"FUSION QVD Generator","lib://AppData\PROD\AzureDataLake\FUSION\Electorate Programme.qvd","Electorate Programme.Funding GST Excl Current State","AzureDbProdNIAADL","FUSION","Electorate Programme","Funding GST Excl Current State",,,"mapped","7940"
"FUSION QVD Generator","lib://AppData\PROD\AzureDataLake\FUSION\Electorate Programme.qvd","Electorate Programme.Funding GST Excl Expired","AzureDbProdNIAADL","FUSION","Electorate Programme","Funding GST Excl Expired",,,"mapped","7940"
"FUSION QVD Generator","lib://AppData\PROD\AzureDataLake\FUSION\Electorate Programme.qvd","Electorate Programme.Funding GST Excl Expired Base","AzureDbProdNIAADL","FUSION","Electorate Programme","Funding GST Excl Expired Base",,,"mapped","7940"
"FUSION QVD Generator","lib://AppData\PROD\AzureDataLake\FUSION\Electorate Programme.qvd","Electorate Programme.Funding GST Excl Expired Date","AzureDbProdNIAADL","FUSION","Electorate Programme","Funding GST Excl Expired Date",,,"mapped","7940"
"FUSION QVD Generator","lib://AppData\PROD\AzureDataLake\FUSION\Electorate Programme.qvd","Electorate Programme.Funding GST Excl Expired State","AzureDbProdNIAADL","FUSION","Electorate Programme","Funding GST Excl Expired State",,,"mapped","7940"
"FUSION QVD Generator","lib://AppData\PROD\AzureDataLake\FUSION\Electorate Programme.qvd","Electorate Programme.Number of Activities Current","AzureDbProdNIAADL","FUSION","Electorate Programme","Number of Activities Current",,,"mapped","7940"
"FUSION QVD Generator","lib://AppData\PROD\AzureDataLake\FUSION\Electorate Programme.qvd","Electorate Programme.Number of Activities Current Date","AzureDbProdNIAADL","FUSION","Electorate Programme","Number of Activities Current Date",,,"mapped","7940"
"FUSION QVD Generator","lib://AppData\PROD\AzureDataLake\FUSION\Electorate Programme.qvd","Electorate Programme.Number of Activities Current State","AzureDbProdNIAADL","FUSION","Electorate Programme","Number of Activities Current State",,,"mapped","7940"
"FUSION QVD Generator","lib://AppData\PROD\AzureDataLake\FUSION\Electorate Programme.qvd","Electorate Programme.Number of Activities Expired","AzureDbProdNIAADL","FUSION","Electorate Programme","Number of Activities Expired",,,"mapped","7940"
"FUSION QVD Generator","lib://AppData\PROD\AzureDataLake\FUSION\Electorate Programme.qvd","Electorate Programme.Number of Activities Expired Date","AzureDbProdNIAADL","FUSION","Electorate Programme","Number of Activities Expired Date",,,"mapped","7940"
"FUSION QVD Generator","lib://AppData\PROD\AzureDataLake\FUSION\Electorate Programme.qvd","Electorate Programme.Number of Activities Expired State","AzureDbProdNIAADL","FUSION","Electorate Programme","Number of Activities Expired State",,,"mapped","7940"
"FUSION QVD Generator","lib://AppData\PROD\AzureDataLake\FUSION\Electorate Programme.qvd","Electorate Programme.Number of Activities Total","AzureDbProdNIAADL","FUSION","Electorate Programme","Number of Activities Total",,,"mapped","7940"
"FUSION QVD Generator","lib://AppData\PROD\AzureDataLake\FUSION\Electorate Programme.qvd","Electorate Programme.Number of Activities Total Date","AzureDbProdNIAADL","FUSION","Electorate Programme","Number of Activities Total Date",,,"mapped","7940"
"FUSION QVD Generator","lib://AppData\PROD\AzureDataLake\FUSION\Electorate Programme.qvd","Electorate Programme.Number of Activities Total State","AzureDbProdNIAADL","FUSION","Electorate Programme","Number of Activities Total State",,,"mapped","7940"
"FUSION QVD Generator","lib://AppData\PROD\AzureDataLake\FUSION\Electorate Programme.qvd","Electorate Programme.Spent GST Excl Current","AzureDbProdNIAADL","FUSION","Electorate Programme","Spent GST Excl Current",,,"mapped","7940"
"FUSION QVD Generator","lib://AppData\PROD\AzureDataLake\FUSION\Electorate Programme.qvd","Electorate Programme.Spent GST Excl Current Base","AzureDbProdNIAADL","FUSION","Electorate Programme","Spent GST Excl Current Base",,,"mapped","7940"
"FUSION QVD Generator","lib://AppData\PROD\AzureDataLake\FUSION\Electorate Programme.qvd","Electorate Programme.Spent GST Excl Current Date","AzureDbProdNIAADL","FUSION","Electorate Programme","Spent GST Excl Current Date",,,"mapped","7940"
"FUSION QVD Generator","lib://AppData\PROD\AzureDataLake\FUSION\Electorate Programme.qvd","Electorate Programme.Spent GST Excl Current State","AzureDbProdNIAADL","FUSION","Electorate Programme","Spent GST Excl Current State",,,"mapped","7940"
"FUSION QVD Generator","lib://AppData\PROD\AzureDataLake\FUSION\Electorate Programme.qvd","Electorate Programme.Spent GST Excl Expired","AzureDbProdNIAADL","FUSION","Electorate Programme","Spent GST Excl Expired",,,"mapped","7940"
"FUSION QVD Generator","lib://AppData\PROD\AzureDataLake\FUSION\Electorate Programme.qvd","Electorate Programme.Spent GST Excl Expired Base","AzureDbProdNIAADL","FUSION","Electorate Programme","Spent GST Excl Expired Base",,,"mapped","7940"
"FUSION QVD Generator","lib://AppData\PROD\AzureDataLake\FUSION\Electorate Programme.qvd","Electorate Programme.Spent GST Excl Expired Date","AzureDbProdNIAADL","FUSION","Electorate Programme","Spent GST Excl Expired Date",,,"mapped","7940"
"FUSION QVD Generator","lib://AppData\PROD\AzureDataLake\FUSION\Electorate Programme.qvd","Electorate Programme.Spent GST Excl Expired State","AzureDbProdNIAADL","FUSION","Electorate Programme","Spent GST Excl Expired State",,,"mapped","7940"
"FUSION QVD Generator","lib://AppData\PROD\AzureDataLake\FUSION\Electorate Programme.qvd","Electorate Programme.Status","AzureDbProdNIAADL","FUSION","Electorate Programme","Status",,,"mapped","7940"
"FUSION QVD Generator","lib://AppData\PROD\AzureDataLake\FUSION\Electorate Reference.qvd","Electorate Reference.Electorate Reference Id","AzureDbProdNIAADL","FUSION","Electorate Reference","Electorate Reference Id",,,"mapped","7940"
"FUSION QVD Generator","lib://AppData\PROD\AzureDataLake\FUSION\Electorate Reference.qvd","Electorate Reference.Allow Duplicates In Electorate Brief","AzureDbProdNIAADL","FUSION","Electorate Reference","Allow Duplicates In Electorate Brief",,,"mapped","7940"
"FUSION QVD Generator","lib://AppData\PROD\AzureDataLake\FUSION\Electorate Reference.qvd","Electorate Reference.Electorate Code Description","AzureDbProdNIAADL","FUSION","Electorate Reference","Electorate Code Description",,,"mapped","7940"
"FUSION QVD Generator","lib://AppData\PROD\AzureDataLake\FUSION\Electorate Reference.qvd","Electorate Reference.Electorate Code Type","AzureDbProdNIAADL","FUSION","Electorate Reference","Electorate Code Type",,,"mapped","7940"
"FUSION QVD Generator","lib://AppData\PROD\AzureDataLake\FUSION\Electorate Reference.qvd","Electorate Reference.Electorate Code Value","AzureDbProdNIAADL","FUSION","Electorate Reference","Electorate Code Value",,,"mapped","7940"
"FUSION QVD Generator","lib://AppData\PROD\AzureDataLake\FUSION\Electorate Reference.qvd","Electorate Reference.Mandatory For Electorate Brief","AzureDbProdNIAADL","FUSION","Electorate Reference","Mandatory For Electorate Brief",,,"mapped","7940"
"FUSION QVD Generator","lib://AppData\PROD\AzureDataLake\FUSION\Electorate Reference.qvd","Electorate Reference.Sort Order","AzureDbProdNIAADL","FUSION","Electorate Reference","Sort Order",,,"mapped","7940"
"FUSION QVD Generator","lib://AppData\PROD\AzureDataLake\FUSION\Electorate Reference.qvd","Electorate Reference.Status","AzureDbProdNIAADL","FUSION","Electorate Reference","Status",,,"mapped","7940"
"FUSION QVD Generator","lib://AppData\PROD\AzureDataLake\FUSION\Electorate Stakeholder.qvd","Electorate Stakeholder.Electorate Stakeholder Id","AzureDbProdNIAADL","FUSION","Electorate Stakeholder","Electorate Stakeholder Id",,,"mapped","7940"
"FUSION QVD Generator","lib://AppData\PROD\AzureDataLake\FUSION\Electorate Stakeholder.qvd","Electorate Stakeholder.Electorate Group Id","AzureDbProdNIAADL","FUSION","Electorate Stakeholder","Electorate Group Id",,,"mapped","7940"
"FUSION QVD Generator","lib://AppData\PROD\AzureDataLake\FUSION\Electorate Stakeholder.qvd","Electorate Stakeholder.Electorate Group","AzureDbProdNIAADL","FUSION","Electorate Stakeholder","Electorate Group",,,"mapped","7940"
"FUSION QVD Generator","lib://AppData\PROD\AzureDataLake\FUSION\Electorate Stakeholder.qvd","Electorate Stakeholder.Electorate Id","AzureDbProdNIAADL","FUSION","Electorate Stakeholder","Electorate Id",,,"mapped","7940"
"FUSION QVD Generator","lib://AppData\PROD\AzureDataLake\FUSION\Electorate Stakeholder.qvd","Electorate Stakeholder.Last Modified By","AzureDbProdNIAADL","FUSION","Electorate Stakeholder","Last Modified By",,,"mapped","7940"
"FUSION QVD Generator","lib://AppData\PROD\AzureDataLake\FUSION\Electorate Stakeholder.qvd","Electorate Stakeholder.Last Modified Date","AzureDbProdNIAADL","FUSION","Electorate Stakeholder","Last Modified Date",,,"mapped","7940"
"FUSION QVD Generator","lib://AppData\PROD\AzureDataLake\FUSION\Electorate Stakeholder.qvd","Electorate Stakeholder.Name","AzureDbProdNIAADL","FUSION","Electorate Stakeholder","Name",,,"mapped","7940"
"FUSION QVD Generator","lib://AppData\PROD\AzureDataLake\FUSION\Electorate Stakeholder.qvd","Electorate Stakeholder.Order","AzureDbProdNIAADL","FUSION","Electorate Stakeholder","Order",,,"mapped","7940"
"FUSION QVD Generator","lib://AppData\PROD\AzureDataLake\FUSION\Electorate Stakeholder.qvd","Electorate Stakeholder.Stakeholder","AzureDbProdNIAADL","FUSION","Electorate Stakeholder","Stakeholder",,,"mapped","7940"
"FUSION QVD Generator","lib://AppData\PROD\AzureDataLake\FUSION\Electorate Stakeholder.qvd","Electorate Stakeholder.Type","AzureDbProdNIAADL","FUSION","Electorate Stakeholder","Type",,,"mapped","7940"
"FUSION QVD Generator","lib://AppData\PROD\AzureDataLake\FUSION\Electorate Stakeholder.qvd","Electorate Stakeholder.State","AzureDbProdNIAADL","FUSION","Electorate Stakeholder","State",,,"mapped","7940"
"FUSION QVD Generator","lib://AppData\PROD\AzureDataLake\FUSION\Electorate Stakeholder.qvd","Electorate Stakeholder.Status","AzureDbProdNIAADL","FUSION","Electorate Stakeholder","Status",,,"mapped","7940"
"FUSION QVD Generator","lib://AppData\PROD\AzureDataLake\FUSION\Demographic Measure.qvd","Demographic Measure.Demographic Measure Id","AzureDbProdNIAADL","FUSION","Demographic Measure","Demographic Measure Id",,,"mapped","7940"
"FUSION QVD Generator","lib://AppData\PROD\AzureDataLake\FUSION\Demographic Measure.qvd","Demographic Measure.Data Type","AzureDbProdNIAADL","FUSION","Demographic Measure","Data Type",,,"mapped","7940"
"FUSION QVD Generator","lib://AppData\PROD\AzureDataLake\FUSION\Demographic Measure.qvd","Demographic Measure.Name","AzureDbProdNIAADL","FUSION","Demographic Measure","Name",,,"mapped","7940"
"FUSION QVD Generator","lib://AppData\PROD\AzureDataLake\FUSION\Demographic Measure.qvd","Demographic Measure.Order","AzureDbProdNIAADL","FUSION","Demographic Measure","Order",,,"mapped","7940"
"FUSION QVD Generator","lib://AppData\PROD\AzureDataLake\FUSION\Demographic Measure.qvd","Demographic Measure.Report Location","AzureDbProdNIAADL","FUSION","Demographic Measure","Report Location",,,"mapped","7940"
"FUSION QVD Generator","lib://AppData\PROD\AzureDataLake\FUSION\Demographic Measure.qvd","Demographic Measure.Title","AzureDbProdNIAADL","FUSION","Demographic Measure","Title",,,"mapped","7940"
"FUSION QVD Generator","lib://AppData\PROD\AzureDataLake\FUSION\Demographic Measure.qvd","Demographic Measure.State","AzureDbProdNIAADL","FUSION","Demographic Measure","State",,,"mapped","7940"
"FUSION QVD Generator","lib://AppData\PROD\AzureDataLake\FUSION\Demographic Measure.qvd","Demographic Measure.Status","AzureDbProdNIAADL","FUSION","Demographic Measure","Status",,,"mapped","7940"
"FUSION QVD Generator","lib://AppData\PROD\AzureDataLake\FUSION\Elected Representative.qvd","Elected Representative.Elected Representative Id","AzureDbProdNIAADL","FUSION","Elected Representative","Elected Representative Id",,,"mapped","7940"
"FUSION QVD Generator","lib://AppData\PROD\AzureDataLake\FUSION\Elected Representative.qvd","Elected Representative.Electorate Id","AzureDbProdNIAADL","FUSION","Elected Representative","Electorate Id",,,"mapped","7940"
"FUSION QVD Generator","lib://AppData\PROD\AzureDataLake\FUSION\Elected Representative.qvd","Elected Representative.Chamber","AzureDbProdNIAADL","FUSION","Elected Representative","Chamber",,,"mapped","7940"
"FUSION QVD Generator","lib://AppData\PROD\AzureDataLake\FUSION\Elected Representative.qvd","Elected Representative.Honorific","AzureDbProdNIAADL","FUSION","Elected Representative","Honorific",,,"mapped","7940"
"FUSION QVD Generator","lib://AppData\PROD\AzureDataLake\FUSION\Elected Representative.qvd","Elected Representative.Name","AzureDbProdNIAADL","FUSION","Elected Representative","Name",,,"mapped","7940"
"FUSION QVD Generator","lib://AppData\PROD\AzureDataLake\FUSION\Elected Representative.qvd","Elected Representative.Parliamentary Title","AzureDbProdNIAADL","FUSION","Elected Representative","Parliamentary Title",,,"mapped","7940"
"FUSION QVD Generator","lib://AppData\PROD\AzureDataLake\FUSION\Elected Representative.qvd","Elected Representative.Representative","AzureDbProdNIAADL","FUSION","Elected Representative","Representative",,,"mapped","7940"
"FUSION QVD Generator","lib://AppData\PROD\AzureDataLake\FUSION\Elected Representative.qvd","Elected Representative.Contact","AzureDbProdNIAADL","FUSION","Elected Representative","Contact",,,"mapped","7940"
"FUSION QVD Generator","lib://AppData\PROD\AzureDataLake\FUSION\Elected Representative.qvd","Elected Representative.Party","AzureDbProdNIAADL","FUSION","Elected Representative","Party",,,"mapped","7940"
"FUSION QVD Generator","lib://AppData\PROD\AzureDataLake\FUSION\Elected Representative.qvd","Elected Representative.State/Territory","AzureDbProdNIAADL","FUSION","Elected Representative","State/Territory",,,"mapped","7940"
"FUSION QVD Generator","lib://AppData\PROD\AzureDataLake\FUSION\Elected Representative.qvd","Elected Representative.Title","AzureDbProdNIAADL","FUSION","Elected Representative","Title",,,"mapped","7940"
"FUSION QVD Generator","lib://AppData\PROD\AzureDataLake\FUSION\Elected Representative.qvd","Elected Representative.Year Elected","AzureDbProdNIAADL","FUSION","Elected Representative","Year Elected",,,"mapped","7940"
"FUSION QVD Generator","lib://AppData\PROD\AzureDataLake\FUSION\Elected Representative.qvd","Elected Representative.Status","AzureDbProdNIAADL","FUSION","Elected Representative","Status",,,"mapped","7940"
"FUSION QVD Generator","lib://AppData\PROD\AzureDataLake\FUSION\Case.qvd","Case.Case Id%","AzureDbProdNIAADL","FUSION","Case","Case Id",,,"mapped","7940"
"FUSION QVD Generator","lib://AppData\PROD\AzureDataLake\FUSION\Case.qvd","Case.Case Type Id%","AzureDbProdNIAADL","FUSION","Case","Case Type Id",,,"mapped","7940"
"FUSION QVD Generator","lib://AppData\PROD\AzureDataLake\FUSION\Case.qvd","Case.Case Type","AzureDbProdNIAADL","FUSION","Case","Case Type",,,"mapped","7940"
"FUSION QVD Generator","lib://AppData\PROD\AzureDataLake\FUSION\Case.qvd","Case.Case Subtype Id%","AzureDbProdNIAADL","FUSION","Case","Case Subtype Id",,,"mapped","7940"
"FUSION QVD Generator","lib://AppData\PROD\AzureDataLake\FUSION\Case.qvd","Case.Case Subtype","AzureDbProdNIAADL","FUSION","Case","Case Subtype",,,"mapped","7940"
"FUSION QVD Generator","lib://AppData\PROD\AzureDataLake\FUSION\Case.qvd","Case.Grant Activity Id%","AzureDbProdNIAADL","FUSION","Case","Grant Activity Id",,,"mapped","7940"
"FUSION QVD Generator","lib://AppData\PROD\AzureDataLake\FUSION\Case.qvd","Case.Grant Activity","AzureDbProdNIAADL","FUSION","Case","Grant Activity",,,"mapped","7940"
"FUSION QVD Generator","lib://AppData\PROD\AzureDataLake\FUSION\Case.qvd","Case.Account Id%","AzureDbProdNIAADL","FUSION","Case","Account Id",,,"mapped","7940"
"FUSION QVD Generator","lib://AppData\PROD\AzureDataLake\FUSION\Case.qvd","Case.Account","AzureDbProdNIAADL","FUSION","Case","Account",,,"mapped","7940"
"FUSION QVD Generator","lib://AppData\PROD\AzureDataLake\FUSION\Case.qvd","Case.Activities Complete","AzureDbProdNIAADL","FUSION","Case","Activities Complete",,,"mapped","7940"
"FUSION QVD Generator","lib://AppData\PROD\AzureDataLake\FUSION\Case.qvd","Case.Actual Service Units","AzureDbProdNIAADL","FUSION","Case","Actual Service Units",,,"mapped","7940"
"FUSION QVD Generator","lib://AppData\PROD\AzureDataLake\FUSION\Case.qvd","Case.Billed Service Units","AzureDbProdNIAADL","FUSION","Case","Billed Service Units",,,"mapped","7940"
"FUSION QVD Generator","lib://AppData\PROD\AzureDataLake\FUSION\Case.qvd","Case.Blocked Profile","AzureDbProdNIAADL","FUSION","Case","Blocked Profile",,,"mapped","7940"
"FUSION QVD Generator","lib://AppData\PROD\AzureDataLake\FUSION\Case.qvd","Case.Case Origin Code","AzureDbProdNIAADL","FUSION","Case","Case Origin Code",,,"mapped","7940"
"FUSION QVD Generator","lib://AppData\PROD\AzureDataLake\FUSION\Case.qvd","Case.Case Origin","AzureDbProdNIAADL","FUSION","Case","Case Origin",,,"mapped","7940"
"FUSION QVD Generator","lib://AppData\PROD\AzureDataLake\FUSION\Case.qvd","Case.Check Email","AzureDbProdNIAADL","FUSION","Case","Check Email",,,"mapped","7940"
"FUSION QVD Generator","lib://AppData\PROD\AzureDataLake\FUSION\Case.qvd","Case.Contact Id","AzureDbProdNIAADL","FUSION","Case","Contact Id",,,"mapped","7940"
"FUSION QVD Generator","lib://AppData\PROD\AzureDataLake\FUSION\Case.qvd","Case.Contact","AzureDbProdNIAADL","FUSION","Case","Contact",,,"mapped","7940"
"FUSION QVD Generator","lib://AppData\PROD\AzureDataLake\FUSION\Case.qvd","Case.Contract Detail Id","AzureDbProdNIAADL","FUSION","Case","Contract Detail Id",,,"mapped","7940"
"FUSION QVD Generator","lib://AppData\PROD\AzureDataLake\FUSION\Case.qvd","Case.Contract Detail","AzureDbProdNIAADL","FUSION","Case","Contract Detail",,,"mapped","7940"
"FUSION QVD Generator","lib://AppData\PROD\AzureDataLake\FUSION\Case.qvd","Case.Contract Id","AzureDbProdNIAADL","FUSION","Case","Contract Id",,,"mapped","7940"
"FUSION QVD Generator","lib://AppData\PROD\AzureDataLake\FUSION\Case.qvd","Case.Contract","AzureDbProdNIAADL","FUSION","Case","Contract",,,"mapped","7940"
"FUSION QVD Generator","lib://AppData\PROD\AzureDataLake\FUSION\Case.qvd","Case.Contract Service Level Code","AzureDbProdNIAADL","FUSION","Case","Contract Service Level Code",,,"mapped","7940"
"FUSION QVD Generator","lib://AppData\PROD\AzureDataLake\FUSION\Case.qvd","Case.Contract Service Level","AzureDbProdNIAADL","FUSION","Case","Contract Service Level",,,"mapped","7940"
"FUSION QVD Generator","lib://AppData\PROD\AzureDataLake\FUSION\Case.qvd","Case.Customer Contacted","AzureDbProdNIAADL","FUSION","Case","Customer Contacted",,,"mapped","7940"
"FUSION QVD Generator","lib://AppData\PROD\AzureDataLake\FUSION\Case.qvd","Case.Customer Id%","AzureDbProdNIAADL","FUSION","Case","Customer Id",,,"mapped","7940"
"FUSION QVD Generator","lib://AppData\PROD\AzureDataLake\FUSION\Case.qvd","Case.Customer","AzureDbProdNIAADL","FUSION","Case","Customer",,,"mapped","7940"
"FUSION QVD Generator","lib://AppData\PROD\AzureDataLake\FUSION\Case.qvd","Case.Customer Type","AzureDbProdNIAADL","FUSION","Case","Customer Type",,,"mapped","7940"
"FUSION QVD Generator","lib://AppData\PROD\AzureDataLake\FUSION\Case.qvd","Case.Customer Satisfaction Code","AzureDbProdNIAADL","FUSION","Case","Customer Satisfaction Code",,,"mapped","7940"
"FUSION QVD Generator","lib://AppData\PROD\AzureDataLake\FUSION\Case.qvd","Case.Customer Satisfaction","AzureDbProdNIAADL","FUSION","Case","Customer Satisfaction",,,"mapped","7940"
"FUSION QVD Generator","lib://AppData\PROD\AzureDataLake\FUSION\Case.qvd","Case.Decrement Entitlement Term","AzureDbProdNIAADL","FUSION","Case","Decrement Entitlement Term",,,"mapped","7940"
"FUSION QVD Generator","lib://AppData\PROD\AzureDataLake\FUSION\Case.qvd","Case.Description","AzureDbProdNIAADL","FUSION","Case","Description",,,"mapped","7940"
"FUSION QVD Generator","lib://AppData\PROD\AzureDataLake\FUSION\Case.qvd","Case.Email Address","AzureDbProdNIAADL","FUSION","Case","Email Address",,,"mapped","7940"
"FUSION QVD Generator","lib://AppData\PROD\AzureDataLake\FUSION\Case.qvd","Case.Entitlement Id","AzureDbProdNIAADL","FUSION","Case","Entitlement Id",,,"mapped","7940"
"FUSION QVD Generator","lib://AppData\PROD\AzureDataLake\FUSION\Case.qvd","Case.Entitlement","AzureDbProdNIAADL","FUSION","Case","Entitlement",,,"mapped","7940"
"FUSION QVD Generator","lib://AppData\PROD\AzureDataLake\FUSION\Case.qvd","Case.Entityimage Url","AzureDbProdNIAADL","FUSION","Case","Entityimage Url",,,"mapped","7940"
"FUSION QVD Generator","lib://AppData\PROD\AzureDataLake\FUSION\Case.qvd","Case.Entity Image Id","AzureDbProdNIAADL","FUSION","Case","Entity Image Id",,,"mapped","7940"
"FUSION QVD Generator","lib://AppData\PROD\AzureDataLake\FUSION\Case.qvd","Case.Escalated On Date","AzureDbProdNIAADL","FUSION","Case","Escalated On Date",,,"mapped","7940"
"FUSION QVD Generator","lib://AppData\PROD\AzureDataLake\FUSION\Case.qvd","Case.Existing Case Id","AzureDbProdNIAADL","FUSION","Case","Existing Case Id",,,"mapped","7940"
"FUSION QVD Generator","lib://AppData\PROD\AzureDataLake\FUSION\Case.qvd","Case.First Response By KPI Id","AzureDbProdNIAADL","FUSION","Case","First Response By KPI Id",,,"mapped","7940"
"FUSION QVD Generator","lib://AppData\PROD\AzureDataLake\FUSION\Case.qvd","Case.First Response By KPI","AzureDbProdNIAADL","FUSION","Case","First Response By KPI",,,"mapped","7940"
"FUSION QVD Generator","lib://AppData\PROD\AzureDataLake\FUSION\Case.qvd","Case.First Response Sent","AzureDbProdNIAADL","FUSION","Case","First Response Sent",,,"mapped","7940"
"FUSION QVD Generator","lib://AppData\PROD\AzureDataLake\FUSION\Case.qvd","Case.First Response SLA Status","AzureDbProdNIAADL","FUSION","Case","First Response SLA Status",,,"mapped","7940"
"FUSION QVD Generator","lib://AppData\PROD\AzureDataLake\FUSION\Case.qvd","Case.Follow Up By Date","AzureDbProdNIAADL","FUSION","Case","Follow Up By Date",,,"mapped","7940"
"FUSION QVD Generator","lib://AppData\PROD\AzureDataLake\FUSION\Case.qvd","Case.Follow Up Task Created","AzureDbProdNIAADL","FUSION","Case","Follow Up Task Created",,,"mapped","7940"
"FUSION QVD Generator","lib://AppData\PROD\AzureDataLake\FUSION\Case.qvd","Case.Incident Stage Code","AzureDbProdNIAADL","FUSION","Case","Incident Stage Code",,,"mapped","7940"
"FUSION QVD Generator","lib://AppData\PROD\AzureDataLake\FUSION\Case.qvd","Case.Incident Stage","AzureDbProdNIAADL","FUSION","Case","Incident Stage",,,"mapped","7940"
"FUSION QVD Generator","lib://AppData\PROD\AzureDataLake\FUSION\Case.qvd","Case.Influence Score","AzureDbProdNIAADL","FUSION","Case","Influence Score",,,"mapped","7940"
"FUSION QVD Generator","lib://AppData\PROD\AzureDataLake\FUSION\Case.qvd","Case.Is Decrementing","AzureDbProdNIAADL","FUSION","Case","Is Decrementing",,,"mapped","7940"
"FUSION QVD Generator","lib://AppData\PROD\AzureDataLake\FUSION\Case.qvd","Case.Is Escalated","AzureDbProdNIAADL","FUSION","Case","Is Escalated",,,"mapped","7940"
"FUSION QVD Generator","lib://AppData\PROD\AzureDataLake\FUSION\Case.qvd","Case.KB Article Id","AzureDbProdNIAADL","FUSION","Case","KB Article Id",,,"mapped","7940"
"FUSION QVD Generator","lib://AppData\PROD\AzureDataLake\FUSION\Case.qvd","Case.KB Article","AzureDbProdNIAADL","FUSION","Case","KB Article",,,"mapped","7940"
"FUSION QVD Generator","lib://AppData\PROD\AzureDataLake\FUSION\Case.qvd","Case.Last Onhold Time","AzureDbProdNIAADL","FUSION","Case","Last Onhold Time",,,"mapped","7940"
"FUSION QVD Generator","lib://AppData\PROD\AzureDataLake\FUSION\Case.qvd","Case.Master Id","AzureDbProdNIAADL","FUSION","Case","Master Id",,,"mapped","7940"
"FUSION QVD Generator","lib://AppData\PROD\AzureDataLake\FUSION\Case.qvd","Case.Master","AzureDbProdNIAADL","FUSION","Case","Master",,,"mapped","7940"
"FUSION QVD Generator","lib://AppData\PROD\AzureDataLake\FUSION\Case.qvd","Case.Merged","AzureDbProdNIAADL","FUSION","Case","Merged",,,"mapped","7940"
"FUSION QVD Generator","lib://AppData\PROD\AzureDataLake\FUSION\Case.qvd","Case.Message Type Code","AzureDbProdNIAADL","FUSION","Case","Message Type Code",,,"mapped","7940"
"FUSION QVD Generator","lib://AppData\PROD\AzureDataLake\FUSION\Case.qvd","Case.Message Type","AzureDbProdNIAADL","FUSION","Case","Message Type",,,"mapped","7940"
"FUSION QVD Generator","lib://AppData\PROD\AzureDataLake\FUSION\Case.qvd","Case.On Hold Time","AzureDbProdNIAADL","FUSION","Case","On Hold Time",,,"mapped","7940"
"FUSION QVD Generator","lib://AppData\PROD\AzureDataLake\FUSION\Case.qvd","Case.Parent Case Id","AzureDbProdNIAADL","FUSION","Case","Parent Case Id",,,"mapped","7940"
"FUSION QVD Generator","lib://AppData\PROD\AzureDataLake\FUSION\Case.qvd","Case.Parent Case","AzureDbProdNIAADL","FUSION","Case","Parent Case",,,"mapped","7940"
"FUSION QVD Generator","lib://AppData\PROD\AzureDataLake\FUSION\Case.qvd","Case.Approved On Behalf Of User Id","AzureDbProdNIAADL","FUSION","Case","Approved On Behalf Of User Id",,,"mapped","7940"
"FUSION QVD Generator","lib://AppData\PROD\AzureDataLake\FUSION\Case.qvd","Case.Approved On Behalf Of","AzureDbProdNIAADL","FUSION","Case","Approved On Behalf Of",,,"mapped","7940"
"FUSION QVD Generator","lib://AppData\PROD\AzureDataLake\FUSION\Case.qvd","Case.Case Record URL","AzureDbProdNIAADL","FUSION","Case","Case Record URL",,,"mapped","7940"
"FUSION QVD Generator","lib://AppData\PROD\AzureDataLake\FUSION\Case.qvd","Case.Executives Notified","AzureDbProdNIAADL","FUSION","Case","Executives Notified",,,"mapped","7940"
"FUSION QVD Generator","lib://AppData\PROD\AzureDataLake\FUSION\Case.qvd","Case.Incident Report Received","AzureDbProdNIAADL","FUSION","Case","Incident Report Received",,,"mapped","7940"
"FUSION QVD Generator","lib://AppData\PROD\AzureDataLake\FUSION\Case.qvd","Case.Incident Report Requested","AzureDbProdNIAADL","FUSION","Case","Incident Report Requested",,,"mapped","7940"
"FUSION QVD Generator","lib://AppData\PROD\AzureDataLake\FUSION\Case.qvd","Case.Investigation Completed By User Id%","AzureDbProdNIAADL","FUSION","Case","Investigation Completed By User Id",,,"mapped","7940"
"FUSION QVD Generator","lib://AppData\PROD\AzureDataLake\FUSION\Case.qvd","Case.Investigation Completed By","AzureDbProdNIAADL","FUSION","Case","Investigation Completed By",,,"mapped","7940"
"FUSION QVD Generator","lib://AppData\PROD\AzureDataLake\FUSION\Case.qvd","Case.Investigation Completed On Date","AzureDbProdNIAADL","FUSION","Case","Investigation Completed On Date",,,"mapped","7940"
"FUSION QVD Generator","lib://AppData\PROD\AzureDataLake\FUSION\Case.qvd","Case.Investigation Completed","AzureDbProdNIAADL","FUSION","Case","Investigation Completed",,,"mapped","7940"
"FUSION QVD Generator","lib://AppData\PROD\AzureDataLake\FUSION\Case.qvd","Case.Nominated Approver User Id%","AzureDbProdNIAADL","FUSION","Case","Nominated Approver User Id",,,"mapped","7940"
"FUSION QVD Generator","lib://AppData\PROD\AzureDataLake\FUSION\Case.qvd","Case.Nominated Approver","AzureDbProdNIAADL","FUSION","Case","Nominated Approver",,,"mapped","7940"
"FUSION QVD Generator","lib://AppData\PROD\AzureDataLake\FUSION\Case.qvd","Case.Notified On Date","AzureDbProdNIAADL","FUSION","Case","Notified On Date",,,"mapped","7940"
"FUSION QVD Generator","lib://AppData\PROD\AzureDataLake\FUSION\Case.qvd","Case.Notified Type","AzureDbProdNIAADL","FUSION","Case","Notified Type",,,"mapped","7940"
"FUSION QVD Generator","lib://AppData\PROD\AzureDataLake\FUSION\Case.qvd","Case.Notifying Contact Id%","AzureDbProdNIAADL","FUSION","Case","Notifying Contact Id",,,"mapped","7940"
"FUSION QVD Generator","lib://AppData\PROD\AzureDataLake\FUSION\Case.qvd","Case.Notifying Contact","AzureDbProdNIAADL","FUSION","Case","Notifying Contact",,,"mapped","7940"
"FUSION QVD Generator","lib://AppData\PROD\AzureDataLake\FUSION\Case.qvd","Case.Notifying User Id","AzureDbProdNIAADL","FUSION","Case","Notifying User Id",,,"mapped","7940"
"FUSION QVD Generator","lib://AppData\PROD\AzureDataLake\FUSION\Case.qvd","Case.Notifying User","AzureDbProdNIAADL","FUSION","Case","Notifying User",,,"mapped","7940"
"FUSION QVD Generator","lib://AppData\PROD\AzureDataLake\FUSION\Case.qvd","Case.Resolution Type WHS Code","AzureDbProdNIAADL","FUSION","Case","Resolution Type WHS Code",,,"mapped","7940"
"FUSION QVD Generator","lib://AppData\PROD\AzureDataLake\FUSION\Case.qvd","Case.Resolution Type WHS","AzureDbProdNIAADL","FUSION","Case","Resolution Type WHS",,,"mapped","7940"
"FUSION QVD Generator","lib://AppData\PROD\AzureDataLake\FUSION\Case.qvd","Case.Process Stage","AzureDbProdNIAADL","FUSION","Case","Process Stage",,,"mapped","7940"
"FUSION QVD Generator","lib://AppData\PROD\AzureDataLake\FUSION\Case.qvd","Case.Resolution WHS","AzureDbProdNIAADL","FUSION","Case","Resolution WHS",,,"mapped","7940"
"FUSION QVD Generator","lib://AppData\PROD\AzureDataLake\FUSION\Case.qvd","Case.Reverted","AzureDbProdNIAADL","FUSION","Case","Reverted",,,"mapped","7940"
"FUSION QVD Generator","lib://AppData\PROD\AzureDataLake\FUSION\Case.qvd","Case.Revert Reason","AzureDbProdNIAADL","FUSION","Case","Revert Reason",,,"mapped","7940"
"FUSION QVD Generator","lib://AppData\PROD\AzureDataLake\FUSION\Case.qvd","Case.Primary Contact Id%","AzureDbProdNIAADL","FUSION","Case","Primary Contact Id",,,"mapped","7940"
"FUSION QVD Generator","lib://AppData\PROD\AzureDataLake\FUSION\Case.qvd","Case.Primary Contact","AzureDbProdNIAADL","FUSION","Case","Primary Contact",,,"mapped","7940"
"FUSION QVD Generator","lib://AppData\PROD\AzureDataLake\FUSION\Case.qvd","Case.Priority Code","AzureDbProdNIAADL","FUSION","Case","Priority Code",,,"mapped","7940"
"FUSION QVD Generator","lib://AppData\PROD\AzureDataLake\FUSION\Case.qvd","Case.Priority","AzureDbProdNIAADL","FUSION","Case","Priority",,,"mapped","7940"
"FUSION QVD Generator","lib://AppData\PROD\AzureDataLake\FUSION\Case.qvd","Case.Process Id","AzureDbProdNIAADL","FUSION","Case","Process Id",,,"mapped","7940"
"FUSION QVD Generator","lib://AppData\PROD\AzureDataLake\FUSION\Case.qvd","Case.Product Id","AzureDbProdNIAADL","FUSION","Case","Product Id",,,"mapped","7940"
"FUSION QVD Generator","lib://AppData\PROD\AzureDataLake\FUSION\Case.qvd","Case.Product","AzureDbProdNIAADL","FUSION","Case","Product",,,"mapped","7940"
"FUSION QVD Generator","lib://AppData\PROD\AzureDataLake\FUSION\Case.qvd","Case.Product Serial Number","AzureDbProdNIAADL","FUSION","Case","Product Serial Number",,,"mapped","7940"
"FUSION QVD Generator","lib://AppData\PROD\AzureDataLake\FUSION\Case.qvd","Case.Resolve By Date","AzureDbProdNIAADL","FUSION","Case","Resolve By Date",,,"mapped","7940"
"FUSION QVD Generator","lib://AppData\PROD\AzureDataLake\FUSION\Case.qvd","Case.Resolve By KPI Id","AzureDbProdNIAADL","FUSION","Case","Resolve By KPI Id",,,"mapped","7940"
"FUSION QVD Generator","lib://AppData\PROD\AzureDataLake\FUSION\Case.qvd","Case.Resolve By KPI","AzureDbProdNIAADL","FUSION","Case","Resolve By KPI",,,"mapped","7940"
"FUSION QVD Generator","lib://AppData\PROD\AzureDataLake\FUSION\Case.qvd","Case.Resolve By SLA Status Code","AzureDbProdNIAADL","FUSION","Case","Resolve By SLA Status Code",,,"mapped","7940"
"FUSION QVD Generator","lib://AppData\PROD\AzureDataLake\FUSION\Case.qvd","Case.Resolve By SLA Status","AzureDbProdNIAADL","FUSION","Case","Resolve By SLA Status",,,"mapped","7940"
"FUSION QVD Generator","lib://AppData\PROD\AzureDataLake\FUSION\Case.qvd","Case.Response By Date","AzureDbProdNIAADL","FUSION","Case","Response By Date",,,"mapped","7940"
"FUSION QVD Generator","lib://AppData\PROD\AzureDataLake\FUSION\Case.qvd","Case.Responsible Contact Id","AzureDbProdNIAADL","FUSION","Case","Responsible Contact Id",,,"mapped","7940"
"FUSION QVD Generator","lib://AppData\PROD\AzureDataLake\FUSION\Case.qvd","Case.Responsible Contact","AzureDbProdNIAADL","FUSION","Case","Responsible Contact",,,"mapped","7940"
"FUSION QVD Generator","lib://AppData\PROD\AzureDataLake\FUSION\Case.qvd","Case.Route Case","AzureDbProdNIAADL","FUSION","Case","Route Case",,,"mapped","7940"
"FUSION QVD Generator","lib://AppData\PROD\AzureDataLake\FUSION\Case.qvd","Case.Sentiment Value","AzureDbProdNIAADL","FUSION","Case","Sentiment Value",,,"mapped","7940"
"FUSION QVD Generator","lib://AppData\PROD\AzureDataLake\FUSION\Case.qvd","Case.Service Stage Code","AzureDbProdNIAADL","FUSION","Case","Service Stage Code",,,"mapped","7940"
"FUSION QVD Generator","lib://AppData\PROD\AzureDataLake\FUSION\Case.qvd","Case.Service Stage","AzureDbProdNIAADL","FUSION","Case","Service Stage",,,"mapped","7940"
"FUSION QVD Generator","lib://AppData\PROD\AzureDataLake\FUSION\Case.qvd","Case.Severity Code","AzureDbProdNIAADL","FUSION","Case","Severity Code",,,"mapped","7940"
"FUSION QVD Generator","lib://AppData\PROD\AzureDataLake\FUSION\Case.qvd","Case.Severity","AzureDbProdNIAADL","FUSION","Case","Severity",,,"mapped","7940"
"FUSION QVD Generator","lib://AppData\PROD\AzureDataLake\FUSION\Case.qvd","Case.Social Profile Id","AzureDbProdNIAADL","FUSION","Case","Social Profile Id",,,"mapped","7940"
"FUSION QVD Generator","lib://AppData\PROD\AzureDataLake\FUSION\Case.qvd","Case.Social Profile","AzureDbProdNIAADL","FUSION","Case","Social Profile",,,"mapped","7940"
"FUSION QVD Generator","lib://AppData\PROD\AzureDataLake\FUSION\Case.qvd","Case.Stage Id","AzureDbProdNIAADL","FUSION","Case","Stage Id",,,"mapped","7940"
"FUSION QVD Generator","lib://AppData\PROD\AzureDataLake\FUSION\Case.qvd","Case.State","AzureDbProdNIAADL","FUSION","Case","State",,,"mapped","7940"
"FUSION QVD Generator","lib://AppData\PROD\AzureDataLake\FUSION\Case.qvd","Case.Status","AzureDbProdNIAADL","FUSION","Case","Status",,,"mapped","7940"
"FUSION QVD Generator","lib://AppData\PROD\AzureDataLake\FUSION\Case.qvd","Case.Subject Id","AzureDbProdNIAADL","FUSION","Case","Subject Id",,,"mapped","7940"
"FUSION QVD Generator","lib://AppData\PROD\AzureDataLake\FUSION\Case.qvd","Case.Subject","AzureDbProdNIAADL","FUSION","Case","Subject",,,"mapped","7940"
"FUSION QVD Generator","lib://AppData\PROD\AzureDataLake\FUSION\Case.qvd","Case.Ticket Number","AzureDbProdNIAADL","FUSION","Case","Ticket Number",,,"mapped","7940"
"FUSION QVD Generator","lib://AppData\PROD\AzureDataLake\FUSION\Case.qvd","Case.Title","AzureDbProdNIAADL","FUSION","Case","Title",,,"mapped","7940"
"FUSION QVD Generator","lib://AppData\PROD\AzureDataLake\FUSION\Case.qvd","Case.Versionnumber","AzureDbProdNIAADL","FUSION","Case","Versionnumber",,,"mapped","7940"
"FUSION QVD Generator","lib://AppData\PROD\AzureDataLake\FUSION\Case Assessment.qvd","Case Assessment.Case Asessment Id%","AzureDbProdNIAADL","FUSION","Case Assessment","Case Asessment Id",,,"mapped","7940"
"FUSION QVD Generator","lib://AppData\PROD\AzureDataLake\FUSION\Case Assessment.qvd","Case Assessment.Case Assessment Number","AzureDbProdNIAADL","FUSION","Case Assessment","Case Assessment Number",,,"mapped","7940"
"FUSION QVD Generator","lib://AppData\PROD\AzureDataLake\FUSION\Case Assessment.qvd","Case Assessment.Case Id%","AzureDbProdNIAADL","FUSION","Case Assessment","Case Id",,,"mapped","7940"
"FUSION QVD Generator","lib://AppData\PROD\AzureDataLake\FUSION\Case Assessment.qvd","Case Assessment.Case","AzureDbProdNIAADL","FUSION","Case Assessment","Case",,,"mapped","7940"
"FUSION QVD Generator","lib://AppData\PROD\AzureDataLake\FUSION\Case Assessment.qvd","Case Assessment.Action Items Proposed","AzureDbProdNIAADL","FUSION","Case Assessment","Action Items Proposed",,,"mapped","7940"
"FUSION QVD Generator","lib://AppData\PROD\AzureDataLake\FUSION\Case Assessment.qvd","Case Assessment.Assessed By Id%","AzureDbProdNIAADL","FUSION","Case Assessment","Assessed By Id",,,"mapped","7940"
"FUSION QVD Generator","lib://AppData\PROD\AzureDataLake\FUSION\Case Assessment.qvd","Case Assessment.Assessed By","AzureDbProdNIAADL","FUSION","Case Assessment","Assessed By",,,"mapped","7940"
"FUSION QVD Generator","lib://AppData\PROD\AzureDataLake\FUSION\Case Assessment.qvd","Case Assessment.Assessed On","AzureDbProdNIAADL","FUSION","Case Assessment","Assessed On",,,"mapped","7940"
"FUSION QVD Generator","lib://AppData\PROD\AzureDataLake\FUSION\Case Assessment.qvd","Case Assessment.Assessment Completed","AzureDbProdNIAADL","FUSION","Case Assessment","Assessment Completed",,,"mapped","7940"
"FUSION QVD Generator","lib://AppData\PROD\AzureDataLake\FUSION\Case Assessment.qvd","Case Assessment.Assessment Type Code","AzureDbProdNIAADL","FUSION","Case Assessment","Assessment Type Code",,,"mapped","7940"
"FUSION QVD Generator","lib://AppData\PROD\AzureDataLake\FUSION\Case Assessment.qvd","Case Assessment.Assessment Type","AzureDbProdNIAADL","FUSION","Case Assessment","Assessment Type",,,"mapped","7940"
"FUSION QVD Generator","lib://AppData\PROD\AzureDataLake\FUSION\Case Assessment.qvd","Case Assessment.Assessment Type Details","AzureDbProdNIAADL","FUSION","Case Assessment","Assessment Type Details",,,"mapped","7940"
"FUSION QVD Generator","lib://AppData\PROD\AzureDataLake\FUSION\Case Assessment.qvd","Case Assessment.Assesssor Id%","AzureDbProdNIAADL","FUSION","Case Assessment","Assesssor Id",,,"mapped","7940"
"FUSION QVD Generator","lib://AppData\PROD\AzureDataLake\FUSION\Case Assessment.qvd","Case Assessment.Assesssor","AzureDbProdNIAADL","FUSION","Case Assessment","Assesssor",,,"mapped","7940"
"FUSION QVD Generator","lib://AppData\PROD\AzureDataLake\FUSION\Case Assessment.qvd","Case Assessment.BPF Moved Back","AzureDbProdNIAADL","FUSION","Case Assessment","BPF Moved Back",,,"mapped","7940"
"FUSION QVD Generator","lib://AppData\PROD\AzureDataLake\FUSION\Case Assessment.qvd","Case Assessment.Due Date","AzureDbProdNIAADL","FUSION","Case Assessment","Due Date",,,"mapped","7940"
"FUSION QVD Generator","lib://AppData\PROD\AzureDataLake\FUSION\Case Assessment.qvd","Case Assessment.Findings","AzureDbProdNIAADL","FUSION","Case Assessment","Findings",,,"mapped","7940"
"FUSION QVD Generator","lib://AppData\PROD\AzureDataLake\FUSION\Case Assessment.qvd","Case Assessment.Is Reverted","AzureDbProdNIAADL","FUSION","Case Assessment","Is Reverted",,,"mapped","7940"
"FUSION QVD Generator","lib://AppData\PROD\AzureDataLake\FUSION\Case Assessment.qvd","Case Assessment.Name","AzureDbProdNIAADL","FUSION","Case Assessment","Name",,,"mapped","7940"
"FUSION QVD Generator","lib://AppData\PROD\AzureDataLake\FUSION\Case Assessment.qvd","Case Assessment.ORP Id%","AzureDbProdNIAADL","FUSION","Case Assessment","ORP Id",,,"mapped","7940"
"FUSION QVD Generator","lib://AppData\PROD\AzureDataLake\FUSION\Case Assessment.qvd","Case Assessment.ORP","AzureDbProdNIAADL","FUSION","Case Assessment","ORP",,,"mapped","7940"
"FUSION QVD Generator","lib://AppData\PROD\AzureDataLake\FUSION\Case Assessment.qvd","Case Assessment.Revert Reason","AzureDbProdNIAADL","FUSION","Case Assessment","Revert Reason",,,"mapped","7940"
"FUSION QVD Generator","lib://AppData\PROD\AzureDataLake\FUSION\Case Assessment.qvd","Case Assessment.Review Completed","AzureDbProdNIAADL","FUSION","Case Assessment","Review Completed",,,"mapped","7940"
"FUSION QVD Generator","lib://AppData\PROD\AzureDataLake\FUSION\Case Assessment.qvd","Case Assessment.Reviewed By Id%","AzureDbProdNIAADL","FUSION","Case Assessment","Reviewed By Id",,,"mapped","7940"
"FUSION QVD Generator","lib://AppData\PROD\AzureDataLake\FUSION\Case Assessment.qvd","Case Assessment.Reviewed By","AzureDbProdNIAADL","FUSION","Case Assessment","Reviewed By",,,"mapped","7940"
"FUSION QVD Generator","lib://AppData\PROD\AzureDataLake\FUSION\Case Assessment.qvd","Case Assessment.Reviewed On","AzureDbProdNIAADL","FUSION","Case Assessment","Reviewed On",,,"mapped","7940"
"FUSION QVD Generator","lib://AppData\PROD\AzureDataLake\FUSION\Case Assessment.qvd","Case Assessment.State","AzureDbProdNIAADL","FUSION","Case Assessment","State",,,"mapped","7940"
"FUSION QVD Generator","lib://AppData\PROD\AzureDataLake\FUSION\Case Assessment.qvd","Case Assessment.Status","AzureDbProdNIAADL","FUSION","Case Assessment","Status",,,"mapped","7940"
"FUSION QVD Generator","lib://AppData\PROD\AzureDataLake\FUSION\Case Assessment Action Item.qvd","Case Assessment Action Item.Case Assessment Action Item Id%","AzureDbProdNIAADL","FUSION","Case Assessment Action Item","Case Assessment Action Item Id",,,"mapped","7940"
"FUSION QVD Generator","lib://AppData\PROD\AzureDataLake\FUSION\Case Assessment Action Item.qvd","Case Assessment Action Item.Case Assessment Id%","AzureDbProdNIAADL","FUSION","Case Assessment Action Item","Case Assessment Id",,,"mapped","7940"
"FUSION QVD Generator","lib://AppData\PROD\AzureDataLake\FUSION\Case Assessment Action Item.qvd","Case Assessment Action Item.Grant Activity Id%","AzureDbProdNIAADL","FUSION","Case Assessment Action Item","Grant Activity Id",,,"mapped","7940"
"FUSION QVD Generator","lib://AppData\PROD\AzureDataLake\FUSION\Case Assessment Action Item.qvd","Case Assessment Action Item.Organisation Id%","AzureDbProdNIAADL","FUSION","Case Assessment Action Item","Organisation Id",,,"mapped","7940"
"FUSION QVD Generator","lib://AppData\PROD\AzureDataLake\FUSION\Case Assessment Action Item.qvd","Case Assessment Action Item.Organisation","AzureDbProdNIAADL","FUSION","Case Assessment Action Item","Organisation",,,"mapped","7940"
"FUSION QVD Generator","lib://AppData\PROD\AzureDataLake\FUSION\Case Assessment Action Item.qvd","Case Assessment Action Item.Case Id%","AzureDbProdNIAADL","FUSION","Case Assessment Action Item","Case Id",,,"mapped","7940"
"FUSION QVD Generator","lib://AppData\PROD\AzureDataLake\FUSION\Case Assessment Action Item.qvd","Case Assessment Action Item.Activity Additional Params","AzureDbProdNIAADL","FUSION","Case Assessment Action Item","Activity Additional Params",,,"mapped","7940"
"FUSION QVD Generator","lib://AppData\PROD\AzureDataLake\FUSION\Case Assessment Action Item.qvd","Case Assessment Action Item.Description","AzureDbProdNIAADL","FUSION","Case Assessment Action Item","Description",,,"mapped","7940"
"FUSION QVD Generator","lib://AppData\PROD\AzureDataLake\FUSION\Case Assessment Action Item.qvd","Case Assessment Action Item.Action Item","AzureDbProdNIAADL","FUSION","Case Assessment Action Item","Action Item",,,"mapped","7940"
"FUSION QVD Generator","lib://AppData\PROD\AzureDataLake\FUSION\Case Assessment Action Item.qvd","Case Assessment Action Item.Action Item Type Id%","AzureDbProdNIAADL","FUSION","Case Assessment Action Item","Action Item Type Id",,,"mapped","7940"
"FUSION QVD Generator","lib://AppData\PROD\AzureDataLake\FUSION\Case Assessment Action Item.qvd","Case Assessment Action Item.Action Item Type","AzureDbProdNIAADL","FUSION","Case Assessment Action Item","Action Item Type",,,"mapped","7940"
"FUSION QVD Generator","lib://AppData\PROD\AzureDataLake\FUSION\Case Assessment Action Item.qvd","Case Assessment Action Item.Action Item Type Other","AzureDbProdNIAADL","FUSION","Case Assessment Action Item","Action Item Type Other",,,"mapped","7940"
"FUSION QVD Generator","lib://AppData\PROD\AzureDataLake\FUSION\Case Assessment Action Item.qvd","Case Assessment Action Item.Is Confidential","AzureDbProdNIAADL","FUSION","Case Assessment Action Item","Is Confidential",,,"mapped","7940"
"FUSION QVD Generator","lib://AppData\PROD\AzureDataLake\FUSION\Case Assessment Action Item.qvd","Case Assessment Action Item.Confidentiality","AzureDbProdNIAADL","FUSION","Case Assessment Action Item","Confidentiality",,,"mapped","7940"
"FUSION QVD Generator","lib://AppData\PROD\AzureDataLake\FUSION\Case Assessment Action Item.qvd","Case Assessment Action Item.Responsible Party Code","AzureDbProdNIAADL","FUSION","Case Assessment Action Item","Responsible Party Code",,,"mapped","7940"
"FUSION QVD Generator","lib://AppData\PROD\AzureDataLake\FUSION\Case Assessment Action Item.qvd","Case Assessment Action Item.Responsible Party","AzureDbProdNIAADL","FUSION","Case Assessment Action Item","Responsible Party",,,"mapped","7940"
"FUSION QVD Generator","lib://AppData\PROD\AzureDataLake\FUSION\Case Assessment Action Item.qvd","Case Assessment Action Item.Responsible Person Id","AzureDbProdNIAADL","FUSION","Case Assessment Action Item","Responsible Person Id",,,"mapped","7940"
"FUSION QVD Generator","lib://AppData\PROD\AzureDataLake\FUSION\Case Assessment Action Item.qvd","Case Assessment Action Item.Responsible Person","AzureDbProdNIAADL","FUSION","Case Assessment Action Item","Responsible Person",,,"mapped","7940"
"FUSION QVD Generator","lib://AppData\PROD\AzureDataLake\FUSION\Case Assessment Action Item.qvd","Case Assessment Action Item.Scheduled Start Date","AzureDbProdNIAADL","FUSION","Case Assessment Action Item","Scheduled Start Date",,,"mapped","7940"
"FUSION QVD Generator","lib://AppData\PROD\AzureDataLake\FUSION\Case Assessment Action Item.qvd","Case Assessment Action Item.Scheduled End Date","AzureDbProdNIAADL","FUSION","Case Assessment Action Item","Scheduled End Date",,,"mapped","7940"
"FUSION QVD Generator","lib://AppData\PROD\AzureDataLake\FUSION\Case Assessment Action Item.qvd","Case Assessment Action Item.Scheduled Duration Minutes","AzureDbProdNIAADL","FUSION","Case Assessment Action Item","Scheduled Duration Minutes",,,"mapped","7940"
"FUSION QVD Generator","lib://AppData\PROD\AzureDataLake\FUSION\Case Assessment Action Item.qvd","Case Assessment Action Item.Actual Start Date","AzureDbProdNIAADL","FUSION","Case Assessment Action Item","Actual Start Date",,,"mapped","7940"
"FUSION QVD Generator","lib://AppData\PROD\AzureDataLake\FUSION\Case Assessment Action Item.qvd","Case Assessment Action Item.Actual End Date","AzureDbProdNIAADL","FUSION","Case Assessment Action Item","Actual End Date",,,"mapped","7940"
"FUSION QVD Generator","lib://AppData\PROD\AzureDataLake\FUSION\Case Assessment Action Item.qvd","Case Assessment Action Item.Actual Duration Minutes","AzureDbProdNIAADL","FUSION","Case Assessment Action Item","Actual Duration Minutes",,,"mapped","7940"
"FUSION QVD Generator","lib://AppData\PROD\AzureDataLake\FUSION\Case Assessment Action Item.qvd","Case Assessment Action Item.Community Code","AzureDbProdNIAADL","FUSION","Case Assessment Action Item","Community Code",,,"mapped","7940"
"FUSION QVD Generator","lib://AppData\PROD\AzureDataLake\FUSION\Case Assessment Action Item.qvd","Case Assessment Action Item.Community","AzureDbProdNIAADL","FUSION","Case Assessment Action Item","Community",,,"mapped","7940"
"FUSION QVD Generator","lib://AppData\PROD\AzureDataLake\FUSION\Case Assessment Action Item.qvd","Case Assessment Action Item.Customers","AzureDbProdNIAADL","FUSION","Case Assessment Action Item","Customers",,,"mapped","7940"
"FUSION QVD Generator","lib://AppData\PROD\AzureDataLake\FUSION\Case Assessment Action Item.qvd","Case Assessment Action Item.Delivery Last Attempted On","AzureDbProdNIAADL","FUSION","Case Assessment Action Item","Delivery Last Attempted On",,,"mapped","7940"
"FUSION QVD Generator","lib://AppData\PROD\AzureDataLake\FUSION\Case Assessment Action Item.qvd","Case Assessment Action Item.Delivery Priority Code","AzureDbProdNIAADL","FUSION","Case Assessment Action Item","Delivery Priority Code",,,"mapped","7940"
"FUSION QVD Generator","lib://AppData\PROD\AzureDataLake\FUSION\Case Assessment Action Item.qvd","Case Assessment Action Item.Delivery Priority","AzureDbProdNIAADL","FUSION","Case Assessment Action Item","Delivery Priority",,,"mapped","7940"
"FUSION QVD Generator","lib://AppData\PROD\AzureDataLake\FUSION\Case Assessment Action Item.qvd","Case Assessment Action Item.Instance Type Code","AzureDbProdNIAADL","FUSION","Case Assessment Action Item","Instance Type Code",,,"mapped","7940"
"FUSION QVD Generator","lib://AppData\PROD\AzureDataLake\FUSION\Case Assessment Action Item.qvd","Case Assessment Action Item.Instance Type","AzureDbProdNIAADL","FUSION","Case Assessment Action Item","Instance Type",,,"mapped","7940"
"FUSION QVD Generator","lib://AppData\PROD\AzureDataLake\FUSION\Case Assessment Action Item.qvd","Case Assessment Action Item.Is Billed","AzureDbProdNIAADL","FUSION","Case Assessment Action Item","Is Billed",,,"mapped","7940"
"FUSION QVD Generator","lib://AppData\PROD\AzureDataLake\FUSION\Case Assessment Action Item.qvd","Case Assessment Action Item.Is Mapi Private","AzureDbProdNIAADL","FUSION","Case Assessment Action Item","Is Mapi Private",,,"mapped","7940"
"FUSION QVD Generator","lib://AppData\PROD\AzureDataLake\FUSION\Case Assessment Action Item.qvd","Case Assessment Action Item.Is Regular Activity","AzureDbProdNIAADL","FUSION","Case Assessment Action Item","Is Regular Activity",,,"mapped","7940"
"FUSION QVD Generator","lib://AppData\PROD\AzureDataLake\FUSION\Case Assessment Action Item.qvd","Case Assessment Action Item.Is Workflow Created","AzureDbProdNIAADL","FUSION","Case Assessment Action Item","Is Workflow Created",,,"mapped","7940"
"FUSION QVD Generator","lib://AppData\PROD\AzureDataLake\FUSION\Case Assessment Action Item.qvd","Case Assessment Action Item.Last On Hold Time","AzureDbProdNIAADL","FUSION","Case Assessment Action Item","Last On Hold Time",,,"mapped","7940"
"FUSION QVD Generator","lib://AppData\PROD\AzureDataLake\FUSION\Case Assessment Action Item.qvd","Case Assessment Action Item.Left Voice Mail","AzureDbProdNIAADL","FUSION","Case Assessment Action Item","Left Voice Mail",,,"mapped","7940"
"FUSION QVD Generator","lib://AppData\PROD\AzureDataLake\FUSION\Case Assessment Action Item.qvd","Case Assessment Action Item.On Hold Time","AzureDbProdNIAADL","FUSION","Case Assessment Action Item","On Hold Time",,,"mapped","7940"
"FUSION QVD Generator","lib://AppData\PROD\AzureDataLake\FUSION\Case Assessment Action Item.qvd","Case Assessment Action Item.Optional Attendees","AzureDbProdNIAADL","FUSION","Case Assessment Action Item","Optional Attendees",,,"mapped","7940"
"FUSION QVD Generator","lib://AppData\PROD\AzureDataLake\FUSION\Case Assessment Action Item.qvd","Case Assessment Action Item.Organizer","AzureDbProdNIAADL","FUSION","Case Assessment Action Item","Organizer",,,"mapped","7940"
"FUSION QVD Generator","lib://AppData\PROD\AzureDataLake\FUSION\Case Assessment Action Item.qvd","Case Assessment Action Item.Partners","AzureDbProdNIAADL","FUSION","Case Assessment Action Item","Partners",,,"mapped","7940"
"FUSION QVD Generator","lib://AppData\PROD\AzureDataLake\FUSION\Case Assessment Action Item.qvd","Case Assessment Action Item.Postpone Until Date","AzureDbProdNIAADL","FUSION","Case Assessment Action Item","Postpone Until Date",,,"mapped","7940"
"FUSION QVD Generator","lib://AppData\PROD\AzureDataLake\FUSION\Case Assessment Action Item.qvd","Case Assessment Action Item.Priority Code","AzureDbProdNIAADL","FUSION","Case Assessment Action Item","Priority Code",,,"mapped","7940"
"FUSION QVD Generator","lib://AppData\PROD\AzureDataLake\FUSION\Case Assessment Action Item.qvd","Case Assessment Action Item.Priority","AzureDbProdNIAADL","FUSION","Case Assessment Action Item","Priority",,,"mapped","7940"
"FUSION QVD Generator","lib://AppData\PROD\AzureDataLake\FUSION\Case Assessment Action Item.qvd","Case Assessment Action Item.Process Id","AzureDbProdNIAADL","FUSION","Case Assessment Action Item","Process Id",,,"mapped","7940"
"FUSION QVD Generator","lib://AppData\PROD\AzureDataLake\FUSION\Case Assessment Action Item.qvd","Case Assessment Action Item.Required Attendees","AzureDbProdNIAADL","FUSION","Case Assessment Action Item","Required Attendees",,,"mapped","7940"
"FUSION QVD Generator","lib://AppData\PROD\AzureDataLake\FUSION\Case Assessment Action Item.qvd","Case Assessment Action Item.Resources","AzureDbProdNIAADL","FUSION","Case Assessment Action Item","Resources",,,"mapped","7940"
"FUSION QVD Generator","lib://AppData\PROD\AzureDataLake\FUSION\Case Assessment Action Item.qvd","Case Assessment Action Item.Sender Mailbox Id","AzureDbProdNIAADL","FUSION","Case Assessment Action Item","Sender Mailbox Id",,,"mapped","7940"
"FUSION QVD Generator","lib://AppData\PROD\AzureDataLake\FUSION\Case Assessment Action Item.qvd","Case Assessment Action Item.Sender Mailbox","AzureDbProdNIAADL","FUSION","Case Assessment Action Item","Sender Mailbox",,,"mapped","7940"
"FUSION QVD Generator","lib://AppData\PROD\AzureDataLake\FUSION\Case Assessment Action Item.qvd","Case Assessment Action Item.Sent On","AzureDbProdNIAADL","FUSION","Case Assessment Action Item","Sent On",,,"mapped","7940"
"FUSION QVD Generator","lib://AppData\PROD\AzureDataLake\FUSION\Case Assessment Action Item.qvd","Case Assessment Action Item.Exchange Item Id","AzureDbProdNIAADL","FUSION","Case Assessment Action Item","Exchange Item Id",,,"mapped","7940"
"FUSION QVD Generator","lib://AppData\PROD\AzureDataLake\FUSION\Case Assessment Action Item.qvd","Case Assessment Action Item.Exchange Weblink","AzureDbProdNIAADL","FUSION","Case Assessment Action Item","Exchange Weblink",,,"mapped","7940"
"FUSION QVD Generator","lib://AppData\PROD\AzureDataLake\FUSION\Case Assessment Action Item.qvd","Case Assessment Action Item.From","AzureDbProdNIAADL","FUSION","Case Assessment Action Item","From",,,"mapped","7940"
"FUSION QVD Generator","lib://AppData\PROD\AzureDataLake\FUSION\Case Assessment Action Item.qvd","Case Assessment Action Item.Subject","AzureDbProdNIAADL","FUSION","Case Assessment Action Item","Subject",,,"mapped","7940"
"FUSION QVD Generator","lib://AppData\PROD\AzureDataLake\FUSION\Case Assessment Action Item.qvd","Case Assessment Action Item.To","AzureDbProdNIAADL","FUSION","Case Assessment Action Item","To",,,"mapped","7940"
"FUSION QVD Generator","lib://AppData\PROD\AzureDataLake\FUSION\Case Assessment Action Item.qvd","Case Assessment Action Item.BCC","AzureDbProdNIAADL","FUSION","Case Assessment Action Item","BCC",,,"mapped","7940"
"FUSION QVD Generator","lib://AppData\PROD\AzureDataLake\FUSION\Case Assessment Action Item.qvd","Case Assessment Action Item.CC","AzureDbProdNIAADL","FUSION","Case Assessment Action Item","CC",,,"mapped","7940"
"FUSION QVD Generator","lib://AppData\PROD\AzureDataLake\FUSION\Case Assessment Action Item.qvd","Case Assessment Action Item.Series Id","AzureDbProdNIAADL","FUSION","Case Assessment Action Item","Series Id",,,"mapped","7940"
"FUSION QVD Generator","lib://AppData\PROD\AzureDataLake\FUSION\Case Assessment Action Item.qvd","Case Assessment Action Item.Service Id","AzureDbProdNIAADL","FUSION","Case Assessment Action Item","Service Id",,,"mapped","7940"
"FUSION QVD Generator","lib://AppData\PROD\AzureDataLake\FUSION\Case Assessment Action Item.qvd","Case Assessment Action Item.Service","AzureDbProdNIAADL","FUSION","Case Assessment Action Item","Service",,,"mapped","7940"
"FUSION QVD Generator","lib://AppData\PROD\AzureDataLake\FUSION\Case Assessment Action Item.qvd","Case Assessment Action Item.Sort Date","AzureDbProdNIAADL","FUSION","Case Assessment Action Item","Sort Date",,,"mapped","7940"
"FUSION QVD Generator","lib://AppData\PROD\AzureDataLake\FUSION\Case Assessment Action Item.qvd","Case Assessment Action Item.Stage Id","AzureDbProdNIAADL","FUSION","Case Assessment Action Item","Stage Id",,,"mapped","7940"
"FUSION QVD Generator","lib://AppData\PROD\AzureDataLake\FUSION\Case Assessment Action Item.qvd","Case Assessment Action Item.State","AzureDbProdNIAADL","FUSION","Case Assessment Action Item","State",,,"mapped","7940"
"FUSION QVD Generator","lib://AppData\PROD\AzureDataLake\FUSION\Case Assessment Action Item.qvd","Case Assessment Action Item.Status","AzureDbProdNIAADL","FUSION","Case Assessment Action Item","Status",,,"mapped","7940"
"FUSION QVD Generator","lib://AppData\PROD\AzureDataLake\FUSION\Case Incident.qvd","Case Incident.Case Incident Id%","AzureDbProdNIAADL","FUSION","Case Incident","Case Incident Id",,,"mapped","7940"
"FUSION QVD Generator","lib://AppData\PROD\AzureDataLake\FUSION\Case Incident.qvd","Case Incident.Affected Person Code","AzureDbProdNIAADL","FUSION","Case Incident","Affected Person Code",,,"mapped","7940"
"FUSION QVD Generator","lib://AppData\PROD\AzureDataLake\FUSION\Case Incident.qvd","Case Incident.Affected Person","AzureDbProdNIAADL","FUSION","Case Incident","Affected Person",,,"mapped","7940"
"FUSION QVD Generator","lib://AppData\PROD\AzureDataLake\FUSION\Case Incident.qvd","Case Incident.Affected Person Other","AzureDbProdNIAADL","FUSION","Case Incident","Affected Person Other",,,"mapped","7940"
"FUSION QVD Generator","lib://AppData\PROD\AzureDataLake\FUSION\Case Incident.qvd","Case Incident.Breach Notice Issued","AzureDbProdNIAADL","FUSION","Case Incident","Breach Notice Issued",,,"mapped","7940"
"FUSION QVD Generator","lib://AppData\PROD\AzureDataLake\FUSION\Case Incident.qvd","Case Incident.Case Id%","AzureDbProdNIAADL","FUSION","Case Incident","Case Id",,,"mapped","7940"
"FUSION QVD Generator","lib://AppData\PROD\AzureDataLake\FUSION\Case Incident.qvd","Case Incident.Case","AzureDbProdNIAADL","FUSION","Case Incident","Case",,,"mapped","7940"
"FUSION QVD Generator","lib://AppData\PROD\AzureDataLake\FUSION\Case Incident.qvd","Case Incident.Case Incident Category Id%","AzureDbProdNIAADL","FUSION","Case Incident","Case Incident Category Id",,,"mapped","7940"
"FUSION QVD Generator","lib://AppData\PROD\AzureDataLake\FUSION\Case Incident.qvd","Case Incident.Case Incident Category","AzureDbProdNIAADL","FUSION","Case Incident","Case Incident Category",,,"mapped","7940"
"FUSION QVD Generator","lib://AppData\PROD\AzureDataLake\FUSION\Case Incident.qvd","Case Incident.Case Incident Category Other","AzureDbProdNIAADL","FUSION","Case Incident","Case Incident Category Other",,,"mapped","7940"
"FUSION QVD Generator","lib://AppData\PROD\AzureDataLake\FUSION\Case Incident.qvd","Case Incident.Case Type Id","AzureDbProdNIAADL","FUSION","Case Incident","Case Type Id",,,"mapped","7940"
"FUSION QVD Generator","lib://AppData\PROD\AzureDataLake\FUSION\Case Incident.qvd","Case Incident.Case Type","AzureDbProdNIAADL","FUSION","Case Incident","Case Type",,,"mapped","7940"
"FUSION QVD Generator","lib://AppData\PROD\AzureDataLake\FUSION\Case Incident.qvd","Case Incident.Document Links","AzureDbProdNIAADL","FUSION","Case Incident","Document Links",,,"mapped","7940"
"FUSION QVD Generator","lib://AppData\PROD\AzureDataLake\FUSION\Case Incident.qvd","Case Incident.Incident Date","AzureDbProdNIAADL","FUSION","Case Incident","Incident Date",,,"mapped","7940"
"FUSION QVD Generator","lib://AppData\PROD\AzureDataLake\FUSION\Case Incident.qvd","Case Incident.Incident Id Number","AzureDbProdNIAADL","FUSION","Case Incident","Incident Id Number",,,"mapped","7940"
"FUSION QVD Generator","lib://AppData\PROD\AzureDataLake\FUSION\Case Incident.qvd","Case Incident.Incident Report Due On","AzureDbProdNIAADL","FUSION","Case Incident","Incident Report Due On",,,"mapped","7940"
"FUSION QVD Generator","lib://AppData\PROD\AzureDataLake\FUSION\Case Incident.qvd","Case Incident.Incident Report Received On","AzureDbProdNIAADL","FUSION","Case Incident","Incident Report Received On",,,"mapped","7940"
"FUSION QVD Generator","lib://AppData\PROD\AzureDataLake\FUSION\Case Incident.qvd","Case Incident.Incident Report Request Date","AzureDbProdNIAADL","FUSION","Case Incident","Incident Report Request Date",,,"mapped","7940"
"FUSION QVD Generator","lib://AppData\PROD\AzureDataLake\FUSION\Case Incident.qvd","Case Incident.Incident Report Summary","AzureDbProdNIAADL","FUSION","Case Incident","Incident Report Summary",,,"mapped","7940"
"FUSION QVD Generator","lib://AppData\PROD\AzureDataLake\FUSION\Case Incident.qvd","Case Incident.Incident Type Code","AzureDbProdNIAADL","FUSION","Case Incident","Incident Type Code",,,"mapped","7940"
"FUSION QVD Generator","lib://AppData\PROD\AzureDataLake\FUSION\Case Incident.qvd","Case Incident.Incident Type","AzureDbProdNIAADL","FUSION","Case Incident","Incident Type",,,"mapped","7940"
"FUSION QVD Generator","lib://AppData\PROD\AzureDataLake\FUSION\Case Incident.qvd","Case Incident.Name","AzureDbProdNIAADL","FUSION","Case Incident","Name",,,"mapped","7940"
"FUSION QVD Generator","lib://AppData\PROD\AzureDataLake\FUSION\Case Incident.qvd","Case Incident.Overdue Notice Issued","AzureDbProdNIAADL","FUSION","Case Incident","Overdue Notice Issued",,,"mapped","7940"
"FUSION QVD Generator","lib://AppData\PROD\AzureDataLake\FUSION\Case Incident.qvd","Case Incident.PCBU","AzureDbProdNIAADL","FUSION","Case Incident","PCBU",,,"mapped","7940"
"FUSION QVD Generator","lib://AppData\PROD\AzureDataLake\FUSION\Case Incident.qvd","Case Incident.Regulator Code","AzureDbProdNIAADL","FUSION","Case Incident","Regulator Code",,,"mapped","7940"
"FUSION QVD Generator","lib://AppData\PROD\AzureDataLake\FUSION\Case Incident.qvd","Case Incident.Regulator","AzureDbProdNIAADL","FUSION","Case Incident","Regulator",,,"mapped","7940"
"FUSION QVD Generator","lib://AppData\PROD\AzureDataLake\FUSION\Case Incident.qvd","Case Incident.Witnessed By Code","AzureDbProdNIAADL","FUSION","Case Incident","Witnessed By Code",,,"mapped","7940"
"FUSION QVD Generator","lib://AppData\PROD\AzureDataLake\FUSION\Case Incident.qvd","Case Incident.Witnessed By","AzureDbProdNIAADL","FUSION","Case Incident","Witnessed By",,,"mapped","7940"
"FUSION QVD Generator","lib://AppData\PROD\AzureDataLake\FUSION\Case Incident.qvd","Case Incident.Witnessed By Other","AzureDbProdNIAADL","FUSION","Case Incident","Witnessed By Other",,,"mapped","7940"
"FUSION QVD Generator","lib://AppData\PROD\AzureDataLake\FUSION\Case Incident.qvd","Case Incident.State","AzureDbProdNIAADL","FUSION","Case Incident","State",,,"mapped","7940"
"FUSION QVD Generator","lib://AppData\PROD\AzureDataLake\FUSION\Case Incident.qvd","Case Incident.Status","AzureDbProdNIAADL","FUSION","Case Incident","Status",,,"mapped","7940"
"FUSION QVD Generator","lib://AppData\PROD\AzureDataLake\FUSION\Case Incident Category.qvd","Case Incident Category.Case Incident Category Id%","AzureDbProdNIAADL","FUSION","Case Incident Category","Case Incident Category Id",,,"mapped","7940"
"FUSION QVD Generator","lib://AppData\PROD\AzureDataLake\FUSION\Case Incident Category.qvd","Case Incident Category.Case Incident Category","AzureDbProdNIAADL","FUSION","Case Incident Category","Case Incident Category",,,"mapped","7940"
"FUSION QVD Generator","lib://AppData\PROD\AzureDataLake\FUSION\Case Incident Category.qvd","Case Incident Category.State","AzureDbProdNIAADL","FUSION","Case Incident Category","State",,,"mapped","7940"
"FUSION QVD Generator","lib://AppData\PROD\AzureDataLake\FUSION\Case Incident Category.qvd","Case Incident Category.Status","AzureDbProdNIAADL","FUSION","Case Incident Category","Status",,,"mapped","7940"
"FUSION QVD Generator","lib://AppData\PROD\AzureDataLake\FUSION\Case Resolution.qvd","Case Resolution.Case Id%","AzureDbProdNIAADL","FUSION","Case Resolution","Case Id",,,"mapped","7940"
"FUSION QVD Generator","lib://AppData\PROD\AzureDataLake\FUSION\Case Resolution.qvd","Case Resolution.Case","AzureDbProdNIAADL","FUSION","Case Resolution","Case",,,"mapped","7940"
"FUSION QVD Generator","lib://AppData\PROD\AzureDataLake\FUSION\Case Resolution.qvd","Case Resolution.Case Type","AzureDbProdNIAADL","FUSION","Case Resolution","Case Type",,,"mapped","7940"
"FUSION QVD Generator","lib://AppData\PROD\AzureDataLake\FUSION\Case Resolution.qvd","Case Resolution.Activity Additional Params","AzureDbProdNIAADL","FUSION","Case Resolution","Activity Additional Params",,,"mapped","7940"
"FUSION QVD Generator","lib://AppData\PROD\AzureDataLake\FUSION\Case Resolution.qvd","Case Resolution.Activity Id%","AzureDbProdNIAADL","FUSION","Case Resolution","Activity Id",,,"mapped","7940"
"FUSION QVD Generator","lib://AppData\PROD\AzureDataLake\FUSION\Case Resolution.qvd","Case Resolution.Activity Type Code","AzureDbProdNIAADL","FUSION","Case Resolution","Activity Type Code",,,"mapped","7940"
"FUSION QVD Generator","lib://AppData\PROD\AzureDataLake\FUSION\Case Resolution.qvd","Case Resolution.Activity Type","AzureDbProdNIAADL","FUSION","Case Resolution","Activity Type",,,"mapped","7940"
"FUSION QVD Generator","lib://AppData\PROD\AzureDataLake\FUSION\Case Resolution.qvd","Case Resolution.Actual Duration Minutes","AzureDbProdNIAADL","FUSION","Case Resolution","Actual Duration Minutes",,,"mapped","7940"
"FUSION QVD Generator","lib://AppData\PROD\AzureDataLake\FUSION\Case Resolution.qvd","Case Resolution.Actual End Date","AzureDbProdNIAADL","FUSION","Case Resolution","Actual End Date",,,"mapped","7940"
"FUSION QVD Generator","lib://AppData\PROD\AzureDataLake\FUSION\Case Resolution.qvd","Case Resolution.Actual Start Date","AzureDbProdNIAADL","FUSION","Case Resolution","Actual Start Date",,,"mapped","7940"
"FUSION QVD Generator","lib://AppData\PROD\AzureDataLake\FUSION\Case Resolution.qvd","Case Resolution.BCC","AzureDbProdNIAADL","FUSION","Case Resolution","BCC",,,"mapped","7940"
"FUSION QVD Generator","lib://AppData\PROD\AzureDataLake\FUSION\Case Resolution.qvd","Case Resolution.Category","AzureDbProdNIAADL","FUSION","Case Resolution","Category",,,"mapped","7940"
"FUSION QVD Generator","lib://AppData\PROD\AzureDataLake\FUSION\Case Resolution.qvd","Case Resolution.CC","AzureDbProdNIAADL","FUSION","Case Resolution","CC",,,"mapped","7940"
"FUSION QVD Generator","lib://AppData\PROD\AzureDataLake\FUSION\Case Resolution.qvd","Case Resolution.Community Code","AzureDbProdNIAADL","FUSION","Case Resolution","Community Code",,,"mapped","7940"
"FUSION QVD Generator","lib://AppData\PROD\AzureDataLake\FUSION\Case Resolution.qvd","Case Resolution.Community","AzureDbProdNIAADL","FUSION","Case Resolution","Community",,,"mapped","7940"
"FUSION QVD Generator","lib://AppData\PROD\AzureDataLake\FUSION\Case Resolution.qvd","Case Resolution.Customers","AzureDbProdNIAADL","FUSION","Case Resolution","Customers",,,"mapped","7940"
"FUSION QVD Generator","lib://AppData\PROD\AzureDataLake\FUSION\Case Resolution.qvd","Case Resolution.Delivery Last Attempted On","AzureDbProdNIAADL","FUSION","Case Resolution","Delivery Last Attempted On",,,"mapped","7940"
"FUSION QVD Generator","lib://AppData\PROD\AzureDataLake\FUSION\Case Resolution.qvd","Case Resolution.Delivery Priority Code","AzureDbProdNIAADL","FUSION","Case Resolution","Delivery Priority Code",,,"mapped","7940"
"FUSION QVD Generator","lib://AppData\PROD\AzureDataLake\FUSION\Case Resolution.qvd","Case Resolution.Delivery Priority","AzureDbProdNIAADL","FUSION","Case Resolution","Delivery Priority",,,"mapped","7940"
"FUSION QVD Generator","lib://AppData\PROD\AzureDataLake\FUSION\Case Resolution.qvd","Case Resolution.Description","AzureDbProdNIAADL","FUSION","Case Resolution","Description",,,"mapped","7940"
"FUSION QVD Generator","lib://AppData\PROD\AzureDataLake\FUSION\Case Resolution.qvd","Case Resolution.Exchange Item Id","AzureDbProdNIAADL","FUSION","Case Resolution","Exchange Item Id",,,"mapped","7940"
"FUSION QVD Generator","lib://AppData\PROD\AzureDataLake\FUSION\Case Resolution.qvd","Case Resolution.Exchange Weblink","AzureDbProdNIAADL","FUSION","Case Resolution","Exchange Weblink",,,"mapped","7940"
"FUSION QVD Generator","lib://AppData\PROD\AzureDataLake\FUSION\Case Resolution.qvd","Case Resolution.From","AzureDbProdNIAADL","FUSION","Case Resolution","From",,,"mapped","7940"
"FUSION QVD Generator","lib://AppData\PROD\AzureDataLake\FUSION\Case Resolution.qvd","Case Resolution.Instance Type Code","AzureDbProdNIAADL","FUSION","Case Resolution","Instance Type Code",,,"mapped","7940"
"FUSION QVD Generator","lib://AppData\PROD\AzureDataLake\FUSION\Case Resolution.qvd","Case Resolution.Instance Type","AzureDbProdNIAADL","FUSION","Case Resolution","Instance Type",,,"mapped","7940"
"FUSION QVD Generator","lib://AppData\PROD\AzureDataLake\FUSION\Case Resolution.qvd","Case Resolution.Is Billed","AzureDbProdNIAADL","FUSION","Case Resolution","Is Billed",,,"mapped","7940"
"FUSION QVD Generator","lib://AppData\PROD\AzureDataLake\FUSION\Case Resolution.qvd","Case Resolution.Is Regular Activity","AzureDbProdNIAADL","FUSION","Case Resolution","Is Regular Activity",,,"mapped","7940"
"FUSION QVD Generator","lib://AppData\PROD\AzureDataLake\FUSION\Case Resolution.qvd","Case Resolution.Is Workflow Created","AzureDbProdNIAADL","FUSION","Case Resolution","Is Workflow Created",,,"mapped","7940"
"FUSION QVD Generator","lib://AppData\PROD\AzureDataLake\FUSION\Case Resolution.qvd","Case Resolution.Last Onhold Time","AzureDbProdNIAADL","FUSION","Case Resolution","Last Onhold Time",,,"mapped","7940"
"FUSION QVD Generator","lib://AppData\PROD\AzureDataLake\FUSION\Case Resolution.qvd","Case Resolution.Left Voicemail","AzureDbProdNIAADL","FUSION","Case Resolution","Left Voicemail",,,"mapped","7940"
"FUSION QVD Generator","lib://AppData\PROD\AzureDataLake\FUSION\Case Resolution.qvd","Case Resolution.Onhold Time","AzureDbProdNIAADL","FUSION","Case Resolution","Onhold Time",,,"mapped","7940"
"FUSION QVD Generator","lib://AppData\PROD\AzureDataLake\FUSION\Case Resolution.qvd","Case Resolution.Optional Attendees","AzureDbProdNIAADL","FUSION","Case Resolution","Optional Attendees",,,"mapped","7940"
"FUSION QVD Generator","lib://AppData\PROD\AzureDataLake\FUSION\Case Resolution.qvd","Case Resolution.Organizer","AzureDbProdNIAADL","FUSION","Case Resolution","Organizer",,,"mapped","7940"
"FUSION QVD Generator","lib://AppData\PROD\AzureDataLake\FUSION\Case Resolution.qvd","Case Resolution.Partners","AzureDbProdNIAADL","FUSION","Case Resolution","Partners",,,"mapped","7940"
"FUSION QVD Generator","lib://AppData\PROD\AzureDataLake\FUSION\Case Resolution.qvd","Case Resolution.Postpone Activity Processing Until","AzureDbProdNIAADL","FUSION","Case Resolution","Postpone Activity Processing Until",,,"mapped","7940"
"FUSION QVD Generator","lib://AppData\PROD\AzureDataLake\FUSION\Case Resolution.qvd","Case Resolution.Priority Code","AzureDbProdNIAADL","FUSION","Case Resolution","Priority Code",,,"mapped","7940"
"FUSION QVD Generator","lib://AppData\PROD\AzureDataLake\FUSION\Case Resolution.qvd","Case Resolution.Priority","AzureDbProdNIAADL","FUSION","Case Resolution","Priority",,,"mapped","7940"
"FUSION QVD Generator","lib://AppData\PROD\AzureDataLake\FUSION\Case Resolution.qvd","Case Resolution.Process Id","AzureDbProdNIAADL","FUSION","Case Resolution","Process Id",,,"mapped","7940"
"FUSION QVD Generator","lib://AppData\PROD\AzureDataLake\FUSION\Case Resolution.qvd","Case Resolution.Regarding Object Id","AzureDbProdNIAADL","FUSION","Case Resolution","Regarding Object Id",,,"mapped","7940"
"FUSION QVD Generator","lib://AppData\PROD\AzureDataLake\FUSION\Case Resolution.qvd","Case Resolution.Regarding Object","AzureDbProdNIAADL","FUSION","Case Resolution","Regarding Object",,,"mapped","7940"
"FUSION QVD Generator","lib://AppData\PROD\AzureDataLake\FUSION\Case Resolution.qvd","Case Resolution.Regarding Object Type Code","AzureDbProdNIAADL","FUSION","Case Resolution","Regarding Object Type Code",,,"mapped","7940"
"FUSION QVD Generator","lib://AppData\PROD\AzureDataLake\FUSION\Case Resolution.qvd","Case Resolution.Required Attendees","AzureDbProdNIAADL","FUSION","Case Resolution","Required Attendees",,,"mapped","7940"
"FUSION QVD Generator","lib://AppData\PROD\AzureDataLake\FUSION\Case Resolution.qvd","Case Resolution.Resolution Type Code","AzureDbProdNIAADL","FUSION","Case Resolution","Resolution Type Code",,,"mapped","7940"
"FUSION QVD Generator","lib://AppData\PROD\AzureDataLake\FUSION\Case Resolution.qvd","Case Resolution.Resolution Type","AzureDbProdNIAADL","FUSION","Case Resolution","Resolution Type",,,"mapped","7940"
"FUSION QVD Generator","lib://AppData\PROD\AzureDataLake\FUSION\Case Resolution.qvd","Case Resolution.Resources","AzureDbProdNIAADL","FUSION","Case Resolution","Resources",,,"mapped","7940"
"FUSION QVD Generator","lib://AppData\PROD\AzureDataLake\FUSION\Case Resolution.qvd","Case Resolution.Scheduled Duration Minutes","AzureDbProdNIAADL","FUSION","Case Resolution","Scheduled Duration Minutes",,,"mapped","7940"
"FUSION QVD Generator","lib://AppData\PROD\AzureDataLake\FUSION\Case Resolution.qvd","Case Resolution.Scheduled End Date","AzureDbProdNIAADL","FUSION","Case Resolution","Scheduled End Date",,,"mapped","7940"
"FUSION QVD Generator","lib://AppData\PROD\AzureDataLake\FUSION\Case Resolution.qvd","Case Resolution.Scheduled Start Date","AzureDbProdNIAADL","FUSION","Case Resolution","Scheduled Start Date",,,"mapped","7940"
"FUSION QVD Generator","lib://AppData\PROD\AzureDataLake\FUSION\Case Resolution.qvd","Case Resolution.Sender Mail Box Id","AzureDbProdNIAADL","FUSION","Case Resolution","Sender Mail Box Id",,,"mapped","7940"
"FUSION QVD Generator","lib://AppData\PROD\AzureDataLake\FUSION\Case Resolution.qvd","Case Resolution.Sender Mail Box","AzureDbProdNIAADL","FUSION","Case Resolution","Sender Mail Box",,,"mapped","7940"
"FUSION QVD Generator","lib://AppData\PROD\AzureDataLake\FUSION\Case Resolution.qvd","Case Resolution.Sent On","AzureDbProdNIAADL","FUSION","Case Resolution","Sent On",,,"mapped","7940"
"FUSION QVD Generator","lib://AppData\PROD\AzureDataLake\FUSION\Case Resolution.qvd","Case Resolution.Series Id","AzureDbProdNIAADL","FUSION","Case Resolution","Series Id",,,"mapped","7940"
"FUSION QVD Generator","lib://AppData\PROD\AzureDataLake\FUSION\Case Resolution.qvd","Case Resolution.Service Id","AzureDbProdNIAADL","FUSION","Case Resolution","Service Id",,,"mapped","7940"
"FUSION QVD Generator","lib://AppData\PROD\AzureDataLake\FUSION\Case Resolution.qvd","Case Resolution.Sort Date","AzureDbProdNIAADL","FUSION","Case Resolution","Sort Date",,,"mapped","7940"
"FUSION QVD Generator","lib://AppData\PROD\AzureDataLake\FUSION\Case Resolution.qvd","Case Resolution.Stage Id","AzureDbProdNIAADL","FUSION","Case Resolution","Stage Id",,,"mapped","7940"
"FUSION QVD Generator","lib://AppData\PROD\AzureDataLake\FUSION\Case Resolution.qvd","Case Resolution.State","AzureDbProdNIAADL","FUSION","Case Resolution","State",,,"mapped","7940"
"FUSION QVD Generator","lib://AppData\PROD\AzureDataLake\FUSION\Case Resolution.qvd","Case Resolution.Status","AzureDbProdNIAADL","FUSION","Case Resolution","Status",,,"mapped","7940"
"FUSION QVD Generator","lib://AppData\PROD\AzureDataLake\FUSION\Case Resolution.qvd","Case Resolution.Sub Category","AzureDbProdNIAADL","FUSION","Case Resolution","Sub Category",,,"mapped","7940"
"FUSION QVD Generator","lib://AppData\PROD\AzureDataLake\FUSION\Case Resolution.qvd","Case Resolution.Subject","AzureDbProdNIAADL","FUSION","Case Resolution","Subject",,,"mapped","7940"
"FUSION QVD Generator","lib://AppData\PROD\AzureDataLake\FUSION\Case Resolution.qvd","Case Resolution.Time Spent","AzureDbProdNIAADL","FUSION","Case Resolution","Time Spent",,,"mapped","7940"
"FUSION QVD Generator","lib://AppData\PROD\AzureDataLake\FUSION\Case Resolution.qvd","Case Resolution.To","AzureDbProdNIAADL","FUSION","Case Resolution","To",,,"mapped","7940"
"FUSION QVD Generator","lib://AppData\PROD\AzureDataLake\FUSION\Case Resolution.qvd","Case Resolution.Total Time Spent","AzureDbProdNIAADL","FUSION","Case Resolution","Total Time Spent",,,"mapped","7940"
"FUSION QVD Generator","lib://AppData\PROD\AzureDataLake\FUSION\Case Resolution.qvd","Case Resolution.Version Number","AzureDbProdNIAADL","FUSION","Case Resolution","Version Number",,,"mapped","7940"
"FUSION QVD Generator","lib://AppData\PROD\AzureDataLake\FUSION\Site Visit Assessment.qvd","Site Visit Assessment.Site Visit Assessment Id%","AzureDbProdNIAADL","FUSION","Site Visit Assessment","Site Visit Assessment Id",,,"mapped","7940"
"FUSION QVD Generator","lib://AppData\PROD\AzureDataLake\FUSION\Site Visit Assessment.qvd","Site Visit Assessment.Grant Activity Id%","AzureDbProdNIAADL","FUSION","Site Visit Assessment","Grant Activity Id",,,"mapped","7940"
"FUSION QVD Generator","lib://AppData\PROD\AzureDataLake\FUSION\Site Visit Assessment.qvd","Site Visit Assessment.Activity Id","AzureDbProdNIAADL","FUSION","Site Visit Assessment","Activity Id",,,"mapped","7940"
"FUSION QVD Generator","lib://AppData\PROD\AzureDataLake\FUSION\Site Visit Assessment.qvd","Site Visit Assessment.Grant Activity","AzureDbProdNIAADL","FUSION","Site Visit Assessment","Grant Activity",,,"mapped","7940"
"FUSION QVD Generator","lib://AppData\PROD\AzureDataLake\FUSION\Site Visit Assessment.qvd","Site Visit Assessment.Activity Risk Assessment Id%","AzureDbProdNIAADL","FUSION","Site Visit Assessment","Activity Risk Assessment Id",,,"mapped","7940"
"FUSION QVD Generator","lib://AppData\PROD\AzureDataLake\FUSION\Site Visit Assessment.qvd","Site Visit Assessment.Current ARA","AzureDbProdNIAADL","FUSION","Site Visit Assessment","Current ARA",,,"mapped","7940"
"FUSION QVD Generator","lib://AppData\PROD\AzureDataLake\FUSION\Site Visit Assessment.qvd","Site Visit Assessment.Action Items Recommended","AzureDbProdNIAADL","FUSION","Site Visit Assessment","Action Items Recommended",,,"mapped","7940"
"FUSION QVD Generator","lib://AppData\PROD\AzureDataLake\FUSION\Site Visit Assessment.qvd","Site Visit Assessment.Approval Comments","AzureDbProdNIAADL","FUSION","Site Visit Assessment","Approval Comments",,,"mapped","7940"
"FUSION QVD Generator","lib://AppData\PROD\AzureDataLake\FUSION\Site Visit Assessment.qvd","Site Visit Assessment.Approved On","AzureDbProdNIAADL","FUSION","Site Visit Assessment","Approved On",,,"mapped","7940"
"FUSION QVD Generator","lib://AppData\PROD\AzureDataLake\FUSION\Site Visit Assessment.qvd","Site Visit Assessment.Approver Id%","AzureDbProdNIAADL","FUSION","Site Visit Assessment","Approver Id",,,"mapped","7940"
"FUSION QVD Generator","lib://AppData\PROD\AzureDataLake\FUSION\Site Visit Assessment.qvd","Site Visit Assessment.Approver","AzureDbProdNIAADL","FUSION","Site Visit Assessment","Approver",,,"mapped","7940"
"FUSION QVD Generator","lib://AppData\PROD\AzureDataLake\FUSION\Site Visit Assessment.qvd","Site Visit Assessment.Approver Classification","AzureDbProdNIAADL","FUSION","Site Visit Assessment","Approver Classification",,,"mapped","7940"
"FUSION QVD Generator","lib://AppData\PROD\AzureDataLake\FUSION\Site Visit Assessment.qvd","Site Visit Assessment.Approver Location","AzureDbProdNIAADL","FUSION","Site Visit Assessment","Approver Location",,,"mapped","7940"
"FUSION QVD Generator","lib://AppData\PROD\AzureDataLake\FUSION\Site Visit Assessment.qvd","Site Visit Assessment.Assessed On","AzureDbProdNIAADL","FUSION","Site Visit Assessment","Assessed On",,,"mapped","7940"
"FUSION QVD Generator","lib://AppData\PROD\AzureDataLake\FUSION\Site Visit Assessment.qvd","Site Visit Assessment.Assessment Completed","AzureDbProdNIAADL","FUSION","Site Visit Assessment","Assessment Completed",,,"mapped","7940"
"FUSION QVD Generator","lib://AppData\PROD\AzureDataLake\FUSION\Site Visit Assessment.qvd","Site Visit Assessment.Assessment Id","AzureDbProdNIAADL","FUSION","Site Visit Assessment","Assessment Id",,,"mapped","7940"
"FUSION QVD Generator","lib://AppData\PROD\AzureDataLake\FUSION\Site Visit Assessment.qvd","Site Visit Assessment.Assessment Rating Code","AzureDbProdNIAADL","FUSION","Site Visit Assessment","Assessment Rating Code",,,"mapped","7940"
"FUSION QVD Generator","lib://AppData\PROD\AzureDataLake\FUSION\Site Visit Assessment.qvd","Site Visit Assessment.Assessment Rating","AzureDbProdNIAADL","FUSION","Site Visit Assessment","Assessment Rating",,,"mapped","7940"
"FUSION QVD Generator","lib://AppData\PROD\AzureDataLake\FUSION\Site Visit Assessment.qvd","Site Visit Assessment.Site Visit Risk Score","AzureDbProdNIAADL","FUSION","Site Visit Assessment","Site Visit Risk Score",,,"mapped","7940"
"FUSION QVD Generator","lib://AppData\PROD\AzureDataLake\FUSION\Site Visit Assessment.qvd","Site Visit Assessment.Assessor Id%","AzureDbProdNIAADL","FUSION","Site Visit Assessment","Assessor Id",,,"mapped","7940"
"FUSION QVD Generator","lib://AppData\PROD\AzureDataLake\FUSION\Site Visit Assessment.qvd","Site Visit Assessment.Assessor","AzureDbProdNIAADL","FUSION","Site Visit Assessment","Assessor",,,"mapped","7940"
"FUSION QVD Generator","lib://AppData\PROD\AzureDataLake\FUSION\Site Visit Assessment.qvd","Site Visit Assessment.Assessor Office","AzureDbProdNIAADL","FUSION","Site Visit Assessment","Assessor Office",,,"mapped","7940"
"FUSION QVD Generator","lib://AppData\PROD\AzureDataLake\FUSION\Site Visit Assessment.qvd","Site Visit Assessment.Attended Site Visits","AzureDbProdNIAADL","FUSION","Site Visit Assessment","Attended Site Visits",,,"mapped","7940"
"FUSION QVD Generator","lib://AppData\PROD\AzureDataLake\FUSION\Site Visit Assessment.qvd","Site Visit Assessment.Consultation Undertaken","AzureDbProdNIAADL","FUSION","Site Visit Assessment","Consultation Undertaken",,,"mapped","7940"
"FUSION QVD Generator","lib://AppData\PROD\AzureDataLake\FUSION\Site Visit Assessment.qvd","Site Visit Assessment.Description","AzureDbProdNIAADL","FUSION","Site Visit Assessment","Description",,,"mapped","7940"
"FUSION QVD Generator","lib://AppData\PROD\AzureDataLake\FUSION\Site Visit Assessment.qvd","Site Visit Assessment.Document Links","AzureDbProdNIAADL","FUSION","Site Visit Assessment","Document Links",,,"mapped","7940"
"FUSION QVD Generator","lib://AppData\PROD\AzureDataLake\FUSION\Site Visit Assessment.qvd","Site Visit Assessment.Findings","AzureDbProdNIAADL","FUSION","Site Visit Assessment","Findings",,,"mapped","7940"
"FUSION QVD Generator","lib://AppData\PROD\AzureDataLake\FUSION\Site Visit Assessment.qvd","Site Visit Assessment.GPS Updates Finalised On","AzureDbProdNIAADL","FUSION","Site Visit Assessment","GPS Updates Finalised On",,,"mapped","7940"
"FUSION QVD Generator","lib://AppData\PROD\AzureDataLake\FUSION\Site Visit Assessment.qvd","Site Visit Assessment.Is Reverted","AzureDbProdNIAADL","FUSION","Site Visit Assessment","Is Reverted",,,"mapped","7940"
"FUSION QVD Generator","lib://AppData\PROD\AzureDataLake\FUSION\Site Visit Assessment.qvd","Site Visit Assessment.Milestone Completed","AzureDbProdNIAADL","FUSION","Site Visit Assessment","Milestone Completed",,,"mapped","7940"
"FUSION QVD Generator","lib://AppData\PROD\AzureDataLake\FUSION\Site Visit Assessment.qvd","Site Visit Assessment.Name","AzureDbProdNIAADL","FUSION","Site Visit Assessment","Name",,,"mapped","7940"
"FUSION QVD Generator","lib://AppData\PROD\AzureDataLake\FUSION\Site Visit Assessment.qvd","Site Visit Assessment.Notified On","AzureDbProdNIAADL","FUSION","Site Visit Assessment","Notified On",,,"mapped","7940"
"FUSION QVD Generator","lib://AppData\PROD\AzureDataLake\FUSION\Site Visit Assessment.qvd","Site Visit Assessment.Organisation Id%","AzureDbProdNIAADL","FUSION","Site Visit Assessment","Organisation Id",,,"mapped","7940"
"FUSION QVD Generator","lib://AppData\PROD\AzureDataLake\FUSION\Site Visit Assessment.qvd","Site Visit Assessment.Organisation","AzureDbProdNIAADL","FUSION","Site Visit Assessment","Organisation",,,"mapped","7940"
"FUSION QVD Generator","lib://AppData\PROD\AzureDataLake\FUSION\Site Visit Assessment.qvd","Site Visit Assessment.Process Stage","AzureDbProdNIAADL","FUSION","Site Visit Assessment","Process Stage",,,"mapped","7940"
"FUSION QVD Generator","lib://AppData\PROD\AzureDataLake\FUSION\Site Visit Assessment.qvd","Site Visit Assessment.Revert Reason","AzureDbProdNIAADL","FUSION","Site Visit Assessment","Revert Reason",,,"mapped","7940"
"FUSION QVD Generator","lib://AppData\PROD\AzureDataLake\FUSION\Site Visit Assessment.qvd","Site Visit Assessment.Reviewed Acquittals","AzureDbProdNIAADL","FUSION","Site Visit Assessment","Reviewed Acquittals",,,"mapped","7940"
"FUSION QVD Generator","lib://AppData\PROD\AzureDataLake\FUSION\Site Visit Assessment.qvd","Site Visit Assessment.Reviewed Existing Action Items","AzureDbProdNIAADL","FUSION","Site Visit Assessment","Reviewed Existing Action Items",,,"mapped","7940"
"FUSION QVD Generator","lib://AppData\PROD\AzureDataLake\FUSION\Site Visit Assessment.qvd","Site Visit Assessment.Reviewed Latest PRA And KPIs","AzureDbProdNIAADL","FUSION","Site Visit Assessment","Reviewed Latest PRA And KPIs",,,"mapped","7940"
"FUSION QVD Generator","lib://AppData\PROD\AzureDataLake\FUSION\Site Visit Assessment.qvd","Site Visit Assessment.Scheduled Site Visits","AzureDbProdNIAADL","FUSION","Site Visit Assessment","Scheduled Site Visits",,,"mapped","7940"
"FUSION QVD Generator","lib://AppData\PROD\AzureDataLake\FUSION\Site Visit Assessment.qvd","Site Visit Assessment.Site Visit Milestone Id%","AzureDbProdNIAADL","FUSION","Site Visit Assessment","Site Visit Milestone Id",,,"mapped","7940"
"FUSION QVD Generator","lib://AppData\PROD\AzureDataLake\FUSION\Site Visit Assessment.qvd","Site Visit Assessment.Milestone Id","AzureDbProdNIAADL","FUSION","Site Visit Assessment","Milestone Id",,,"mapped","7940"
"FUSION QVD Generator","lib://AppData\PROD\AzureDataLake\FUSION\Site Visit Assessment.qvd","Site Visit Assessment.Valid Milestone Id","AzureDbProdNIAADL","FUSION","Site Visit Assessment","Valid Milestone Id",,,"mapped","7940"
"FUSION QVD Generator","lib://AppData\PROD\AzureDataLake\FUSION\Site Visit Assessment.qvd","Site Visit Assessment.Site Visit Milestone","AzureDbProdNIAADL","FUSION","Site Visit Assessment","Site Visit Milestone",,,"mapped","7940"
"FUSION QVD Generator","lib://AppData\PROD\AzureDataLake\FUSION\Site Visit Assessment.qvd","Site Visit Assessment.Site Visit Report Approved","AzureDbProdNIAADL","FUSION","Site Visit Assessment","Site Visit Report Approved",,,"mapped","7940"
"FUSION QVD Generator","lib://AppData\PROD\AzureDataLake\FUSION\Site Visit Assessment.qvd","Site Visit Assessment.Site Visit Reports Linked","AzureDbProdNIAADL","FUSION","Site Visit Assessment","Site Visit Reports Linked",,,"mapped","7940"
"FUSION QVD Generator","lib://AppData\PROD\AzureDataLake\FUSION\Site Visit Assessment.qvd","Site Visit Assessment.Summary Report Sent to Provider","AzureDbProdNIAADL","FUSION","Site Visit Assessment","Summary Report Sent to Provider",,,"mapped","7940"
"FUSION QVD Generator","lib://AppData\PROD\AzureDataLake\FUSION\Site Visit Assessment.qvd","Site Visit Assessment.State","AzureDbProdNIAADL","FUSION","Site Visit Assessment","State",,,"mapped","7940"
"FUSION QVD Generator","lib://AppData\PROD\AzureDataLake\FUSION\Site Visit Assessment.qvd","Site Visit Assessment.Status","AzureDbProdNIAADL","FUSION","Site Visit Assessment","Status",,,"mapped","7940"
"FUSION QVD Generator","lib://AppData\PROD\AzureDataLake\FUSION\Site Visit Assessment Action Item.qvd","Site Visit Assessment Action Item.Site Visit Assessment Action Item Id%","AzureDbProdNIAADL","FUSION","Site Visit Assessment Action Item","Site Visit Assessment Action Item Id",,,"mapped","7940"
"FUSION QVD Generator","lib://AppData\PROD\AzureDataLake\FUSION\Site Visit Assessment Action Item.qvd","Site Visit Assessment Action Item.Site Visit Assessment Id%","AzureDbProdNIAADL","FUSION","Site Visit Assessment Action Item","Site Visit Assessment Id",,,"mapped","7940"
"FUSION QVD Generator","lib://AppData\PROD\AzureDataLake\FUSION\Site Visit Assessment Action Item.qvd","Site Visit Assessment Action Item.Grant Activity Id%","AzureDbProdNIAADL","FUSION","Site Visit Assessment Action Item","Grant Activity Id",,,"mapped","7940"
"FUSION QVD Generator","lib://AppData\PROD\AzureDataLake\FUSION\Site Visit Assessment Action Item.qvd","Site Visit Assessment Action Item.Organisation Id%","AzureDbProdNIAADL","FUSION","Site Visit Assessment Action Item","Organisation Id",,,"mapped","7940"
"FUSION QVD Generator","lib://AppData\PROD\AzureDataLake\FUSION\Site Visit Assessment Action Item.qvd","Site Visit Assessment Action Item.Organisation","AzureDbProdNIAADL","FUSION","Site Visit Assessment Action Item","Organisation",,,"mapped","7940"
"FUSION QVD Generator","lib://AppData\PROD\AzureDataLake\FUSION\Site Visit Assessment Action Item.qvd","Site Visit Assessment Action Item.Activity Additional Params","AzureDbProdNIAADL","FUSION","Site Visit Assessment Action Item","Activity Additional Params",,,"mapped","7940"
"FUSION QVD Generator","lib://AppData\PROD\AzureDataLake\FUSION\Site Visit Assessment Action Item.qvd","Site Visit Assessment Action Item.Description","AzureDbProdNIAADL","FUSION","Site Visit Assessment Action Item","Description",,,"mapped","7940"
"FUSION QVD Generator","lib://AppData\PROD\AzureDataLake\FUSION\Site Visit Assessment Action Item.qvd","Site Visit Assessment Action Item.Action Item","AzureDbProdNIAADL","FUSION","Site Visit Assessment Action Item","Action Item",,,"mapped","7940"
"FUSION QVD Generator","lib://AppData\PROD\AzureDataLake\FUSION\Site Visit Assessment Action Item.qvd","Site Visit Assessment Action Item.Action Item Type Id%","AzureDbProdNIAADL","FUSION","Site Visit Assessment Action Item","Action Item Type Id",,,"mapped","7940"
"FUSION QVD Generator","lib://AppData\PROD\AzureDataLake\FUSION\Site Visit Assessment Action Item.qvd","Site Visit Assessment Action Item.Action Item Type","AzureDbProdNIAADL","FUSION","Site Visit Assessment Action Item","Action Item Type",,,"mapped","7940"
"FUSION QVD Generator","lib://AppData\PROD\AzureDataLake\FUSION\Site Visit Assessment Action Item.qvd","Site Visit Assessment Action Item.Action Item Type Other","AzureDbProdNIAADL","FUSION","Site Visit Assessment Action Item","Action Item Type Other",,,"mapped","7940"
"FUSION QVD Generator","lib://AppData\PROD\AzureDataLake\FUSION\Site Visit Assessment Action Item.qvd","Site Visit Assessment Action Item.Is Confidential","AzureDbProdNIAADL","FUSION","Site Visit Assessment Action Item","Is Confidential",,,"mapped","7940"
"FUSION QVD Generator","lib://AppData\PROD\AzureDataLake\FUSION\Site Visit Assessment Action Item.qvd","Site Visit Assessment Action Item.Confidentiality","AzureDbProdNIAADL","FUSION","Site Visit Assessment Action Item","Confidentiality",,,"mapped","7940"
"FUSION QVD Generator","lib://AppData\PROD\AzureDataLake\FUSION\Site Visit Assessment Action Item.qvd","Site Visit Assessment Action Item.Responsible Party Code","AzureDbProdNIAADL","FUSION","Site Visit Assessment Action Item","Responsible Party Code",,,"mapped","7940"
"FUSION QVD Generator","lib://AppData\PROD\AzureDataLake\FUSION\Site Visit Assessment Action Item.qvd","Site Visit Assessment Action Item.Responsible Party","AzureDbProdNIAADL","FUSION","Site Visit Assessment Action Item","Responsible Party",,,"mapped","7940"
"FUSION QVD Generator","lib://AppData\PROD\AzureDataLake\FUSION\Site Visit Assessment Action Item.qvd","Site Visit Assessment Action Item.Responsible Person Id%","AzureDbProdNIAADL","FUSION","Site Visit Assessment Action Item","Responsible Person Id",,,"mapped","7940"
"FUSION QVD Generator","lib://AppData\PROD\AzureDataLake\FUSION\Site Visit Assessment Action Item.qvd","Site Visit Assessment Action Item.Responsible Person","AzureDbProdNIAADL","FUSION","Site Visit Assessment Action Item","Responsible Person",,,"mapped","7940"
"FUSION QVD Generator","lib://AppData\PROD\AzureDataLake\FUSION\Site Visit Assessment Action Item.qvd","Site Visit Assessment Action Item.Scheduled Start Date","AzureDbProdNIAADL","FUSION","Site Visit Assessment Action Item","Scheduled Start Date",,,"mapped","7940"
"FUSION QVD Generator","lib://AppData\PROD\AzureDataLake\FUSION\Site Visit Assessment Action Item.qvd","Site Visit Assessment Action Item.Scheduled End Date","AzureDbProdNIAADL","FUSION","Site Visit Assessment Action Item","Scheduled End Date",,,"mapped","7940"
"FUSION QVD Generator","lib://AppData\PROD\AzureDataLake\FUSION\Site Visit Assessment Action Item.qvd","Site Visit Assessment Action Item.Scheduled Duration Minutes","AzureDbProdNIAADL","FUSION","Site Visit Assessment Action Item","Scheduled Duration Minutes",,,"mapped","7940"
"FUSION QVD Generator","lib://AppData\PROD\AzureDataLake\FUSION\Site Visit Assessment Action Item.qvd","Site Visit Assessment Action Item.Actual Start Date","AzureDbProdNIAADL","FUSION","Site Visit Assessment Action Item","Actual Start Date",,,"mapped","7940"
"FUSION QVD Generator","lib://AppData\PROD\AzureDataLake\FUSION\Site Visit Assessment Action Item.qvd","Site Visit Assessment Action Item.Actual End Date","AzureDbProdNIAADL","FUSION","Site Visit Assessment Action Item","Actual End Date",,,"mapped","7940"
"FUSION QVD Generator","lib://AppData\PROD\AzureDataLake\FUSION\Site Visit Assessment Action Item.qvd","Site Visit Assessment Action Item.Actual Duration Minutes","AzureDbProdNIAADL","FUSION","Site Visit Assessment Action Item","Actual Duration Minutes",,,"mapped","7940"
"FUSION QVD Generator","lib://AppData\PROD\AzureDataLake\FUSION\Site Visit Assessment Action Item.qvd","Site Visit Assessment Action Item.Community Code","AzureDbProdNIAADL","FUSION","Site Visit Assessment Action Item","Community Code",,,"mapped","7940"
"FUSION QVD Generator","lib://AppData\PROD\AzureDataLake\FUSION\Site Visit Assessment Action Item.qvd","Site Visit Assessment Action Item.Community","AzureDbProdNIAADL","FUSION","Site Visit Assessment Action Item","Community",,,"mapped","7940"
"FUSION QVD Generator","lib://AppData\PROD\AzureDataLake\FUSION\Site Visit Assessment Action Item.qvd","Site Visit Assessment Action Item.Customers","AzureDbProdNIAADL","FUSION","Site Visit Assessment Action Item","Customers",,,"mapped","7940"
"FUSION QVD Generator","lib://AppData\PROD\AzureDataLake\FUSION\Site Visit Assessment Action Item.qvd","Site Visit Assessment Action Item.Delivery Last Attempted On","AzureDbProdNIAADL","FUSION","Site Visit Assessment Action Item","Delivery Last Attempted On",,,"mapped","7940"
"FUSION QVD Generator","lib://AppData\PROD\AzureDataLake\FUSION\Site Visit Assessment Action Item.qvd","Site Visit Assessment Action Item.Delivery Priority Code","AzureDbProdNIAADL","FUSION","Site Visit Assessment Action Item","Delivery Priority Code",,,"mapped","7940"
"FUSION QVD Generator","lib://AppData\PROD\AzureDataLake\FUSION\Site Visit Assessment Action Item.qvd","Site Visit Assessment Action Item.Delivery Priority","AzureDbProdNIAADL","FUSION","Site Visit Assessment Action Item","Delivery Priority",,,"mapped","7940"
"FUSION QVD Generator","lib://AppData\PROD\AzureDataLake\FUSION\Site Visit Assessment Action Item.qvd","Site Visit Assessment Action Item.Instance Type Code","AzureDbProdNIAADL","FUSION","Site Visit Assessment Action Item","Instance Type Code",,,"mapped","7940"
"FUSION QVD Generator","lib://AppData\PROD\AzureDataLake\FUSION\Site Visit Assessment Action Item.qvd","Site Visit Assessment Action Item.Instance Type","AzureDbProdNIAADL","FUSION","Site Visit Assessment Action Item","Instance Type",,,"mapped","7940"
"FUSION QVD Generator","lib://AppData\PROD\AzureDataLake\FUSION\Site Visit Assessment Action Item.qvd","Site Visit Assessment Action Item.Is Billed","AzureDbProdNIAADL","FUSION","Site Visit Assessment Action Item","Is Billed",,,"mapped","7940"
"FUSION QVD Generator","lib://AppData\PROD\AzureDataLake\FUSION\Site Visit Assessment Action Item.qvd","Site Visit Assessment Action Item.Is Mapi Private","AzureDbProdNIAADL","FUSION","Site Visit Assessment Action Item","Is Mapi Private",,,"mapped","7940"
"FUSION QVD Generator","lib://AppData\PROD\AzureDataLake\FUSION\Site Visit Assessment Action Item.qvd","Site Visit Assessment Action Item.Is Regular Activity","AzureDbProdNIAADL","FUSION","Site Visit Assessment Action Item","Is Regular Activity",,,"mapped","7940"
"FUSION QVD Generator","lib://AppData\PROD\AzureDataLake\FUSION\Site Visit Assessment Action Item.qvd","Site Visit Assessment Action Item.Is Workflow Created","AzureDbProdNIAADL","FUSION","Site Visit Assessment Action Item","Is Workflow Created",,,"mapped","7940"
"FUSION QVD Generator","lib://AppData\PROD\AzureDataLake\FUSION\Site Visit Assessment Action Item.qvd","Site Visit Assessment Action Item.Last On Hold Time","AzureDbProdNIAADL","FUSION","Site Visit Assessment Action Item","Last On Hold Time",,,"mapped","7940"
"FUSION QVD Generator","lib://AppData\PROD\AzureDataLake\FUSION\Site Visit Assessment Action Item.qvd","Site Visit Assessment Action Item.Left Voice Mail","AzureDbProdNIAADL","FUSION","Site Visit Assessment Action Item","Left Voice Mail",,,"mapped","7940"
"FUSION QVD Generator","lib://AppData\PROD\AzureDataLake\FUSION\Site Visit Assessment Action Item.qvd","Site Visit Assessment Action Item.On Hold Time","AzureDbProdNIAADL","FUSION","Site Visit Assessment Action Item","On Hold Time",,,"mapped","7940"
"FUSION QVD Generator","lib://AppData\PROD\AzureDataLake\FUSION\Site Visit Assessment Action Item.qvd","Site Visit Assessment Action Item.Optional Attendees","AzureDbProdNIAADL","FUSION","Site Visit Assessment Action Item","Optional Attendees",,,"mapped","7940"
"FUSION QVD Generator","lib://AppData\PROD\AzureDataLake\FUSION\Site Visit Assessment Action Item.qvd","Site Visit Assessment Action Item.Organizer","AzureDbProdNIAADL","FUSION","Site Visit Assessment Action Item","Organizer",,,"mapped","7940"
"FUSION QVD Generator","lib://AppData\PROD\AzureDataLake\FUSION\Site Visit Assessment Action Item.qvd","Site Visit Assessment Action Item.Partners","AzureDbProdNIAADL","FUSION","Site Visit Assessment Action Item","Partners",,,"mapped","7940"
"FUSION QVD Generator","lib://AppData\PROD\AzureDataLake\FUSION\Site Visit Assessment Action Item.qvd","Site Visit Assessment Action Item.Postpone Until Date","AzureDbProdNIAADL","FUSION","Site Visit Assessment Action Item","Postpone Until Date",,,"mapped","7940"
"FUSION QVD Generator","lib://AppData\PROD\AzureDataLake\FUSION\Site Visit Assessment Action Item.qvd","Site Visit Assessment Action Item.Priority Code","AzureDbProdNIAADL","FUSION","Site Visit Assessment Action Item","Priority Code",,,"mapped","7940"
"FUSION QVD Generator","lib://AppData\PROD\AzureDataLake\FUSION\Site Visit Assessment Action Item.qvd","Site Visit Assessment Action Item.Priority","AzureDbProdNIAADL","FUSION","Site Visit Assessment Action Item","Priority",,,"mapped","7940"
"FUSION QVD Generator","lib://AppData\PROD\AzureDataLake\FUSION\Site Visit Assessment Action Item.qvd","Site Visit Assessment Action Item.Process Id","AzureDbProdNIAADL","FUSION","Site Visit Assessment Action Item","Process Id",,,"mapped","7940"
"FUSION QVD Generator","lib://AppData\PROD\AzureDataLake\FUSION\Site Visit Assessment Action Item.qvd","Site Visit Assessment Action Item.Required Attendees","AzureDbProdNIAADL","FUSION","Site Visit Assessment Action Item","Required Attendees",,,"mapped","7940"
"FUSION QVD Generator","lib://AppData\PROD\AzureDataLake\FUSION\Site Visit Assessment Action Item.qvd","Site Visit Assessment Action Item.Resources","AzureDbProdNIAADL","FUSION","Site Visit Assessment Action Item","Resources",,,"mapped","7940"
"FUSION QVD Generator","lib://AppData\PROD\AzureDataLake\FUSION\Site Visit Assessment Action Item.qvd","Site Visit Assessment Action Item.Sender Mailbox Id","AzureDbProdNIAADL","FUSION","Site Visit Assessment Action Item","Sender Mailbox Id",,,"mapped","7940"
"FUSION QVD Generator","lib://AppData\PROD\AzureDataLake\FUSION\Site Visit Assessment Action Item.qvd","Site Visit Assessment Action Item.Sender Mailbox","AzureDbProdNIAADL","FUSION","Site Visit Assessment Action Item","Sender Mailbox",,,"mapped","7940"
"FUSION QVD Generator","lib://AppData\PROD\AzureDataLake\FUSION\Site Visit Assessment Action Item.qvd","Site Visit Assessment Action Item.Sent On","AzureDbProdNIAADL","FUSION","Site Visit Assessment Action Item","Sent On",,,"mapped","7940"
"FUSION QVD Generator","lib://AppData\PROD\AzureDataLake\FUSION\Site Visit Assessment Action Item.qvd","Site Visit Assessment Action Item.Exchange Item Id","AzureDbProdNIAADL","FUSION","Site Visit Assessment Action Item","Exchange Item Id",,,"mapped","7940"
"FUSION QVD Generator","lib://AppData\PROD\AzureDataLake\FUSION\Site Visit Assessment Action Item.qvd","Site Visit Assessment Action Item.Exchange Weblink","AzureDbProdNIAADL","FUSION","Site Visit Assessment Action Item","Exchange Weblink",,,"mapped","7940"
"FUSION QVD Generator","lib://AppData\PROD\AzureDataLake\FUSION\Site Visit Assessment Action Item.qvd","Site Visit Assessment Action Item.From","AzureDbProdNIAADL","FUSION","Site Visit Assessment Action Item","From",,,"mapped","7940"
"FUSION QVD Generator","lib://AppData\PROD\AzureDataLake\FUSION\Site Visit Assessment Action Item.qvd","Site Visit Assessment Action Item.Subject","AzureDbProdNIAADL","FUSION","Site Visit Assessment Action Item","Subject",,,"mapped","7940"
"FUSION QVD Generator","lib://AppData\PROD\AzureDataLake\FUSION\Site Visit Assessment Action Item.qvd","Site Visit Assessment Action Item.To","AzureDbProdNIAADL","FUSION","Site Visit Assessment Action Item","To",,,"mapped","7940"
"FUSION QVD Generator","lib://AppData\PROD\AzureDataLake\FUSION\Site Visit Assessment Action Item.qvd","Site Visit Assessment Action Item.BCC","AzureDbProdNIAADL","FUSION","Site Visit Assessment Action Item","BCC",,,"mapped","7940"
"FUSION QVD Generator","lib://AppData\PROD\AzureDataLake\FUSION\Site Visit Assessment Action Item.qvd","Site Visit Assessment Action Item.CC","AzureDbProdNIAADL","FUSION","Site Visit Assessment Action Item","CC",,,"mapped","7940"
"FUSION QVD Generator","lib://AppData\PROD\AzureDataLake\FUSION\Site Visit Assessment Action Item.qvd","Site Visit Assessment Action Item.Series Id","AzureDbProdNIAADL","FUSION","Site Visit Assessment Action Item","Series Id",,,"mapped","7940"
"FUSION QVD Generator","lib://AppData\PROD\AzureDataLake\FUSION\Site Visit Assessment Action Item.qvd","Site Visit Assessment Action Item.Service Id","AzureDbProdNIAADL","FUSION","Site Visit Assessment Action Item","Service Id",,,"mapped","7940"
"FUSION QVD Generator","lib://AppData\PROD\AzureDataLake\FUSION\Site Visit Assessment Action Item.qvd","Site Visit Assessment Action Item.Service","AzureDbProdNIAADL","FUSION","Site Visit Assessment Action Item","Service",,,"mapped","7940"
"FUSION QVD Generator","lib://AppData\PROD\AzureDataLake\FUSION\Site Visit Assessment Action Item.qvd","Site Visit Assessment Action Item.Sort Date","AzureDbProdNIAADL","FUSION","Site Visit Assessment Action Item","Sort Date",,,"mapped","7940"
"FUSION QVD Generator","lib://AppData\PROD\AzureDataLake\FUSION\Site Visit Assessment Action Item.qvd","Site Visit Assessment Action Item.Stage Id","AzureDbProdNIAADL","FUSION","Site Visit Assessment Action Item","Stage Id",,,"mapped","7940"
"FUSION QVD Generator","lib://AppData\PROD\AzureDataLake\FUSION\Site Visit Assessment Action Item.qvd","Site Visit Assessment Action Item.State","AzureDbProdNIAADL","FUSION","Site Visit Assessment Action Item","State",,,"mapped","7940"
"FUSION QVD Generator","lib://AppData\PROD\AzureDataLake\FUSION\Site Visit Assessment Action Item.qvd","Site Visit Assessment Action Item.Status","AzureDbProdNIAADL","FUSION","Site Visit Assessment Action Item","Status",,,"mapped","7940"
"FUSION QVD Generator","lib://AppData\PROD\AzureDataLake\FUSION\Site Visit Location.qvd","Site Visit Location.Site Visit Location Id%","AzureDbProdNIAADL","FUSION","Site Visit Location","Site Visit Location Id",,,"mapped","7940"
"FUSION QVD Generator","lib://AppData\PROD\AzureDataLake\FUSION\Site Visit Location.qvd","Site Visit Location.Site Visit Location","AzureDbProdNIAADL","FUSION","Site Visit Location","Site Visit Location",,,"mapped","7940"
"FUSION QVD Generator","lib://AppData\PROD\AzureDataLake\FUSION\Site Visit Location.qvd","Site Visit Location.Name","AzureDbProdNIAADL","FUSION","Site Visit Location","Name",,,"mapped","7940"
"FUSION QVD Generator","lib://AppData\PROD\AzureDataLake\FUSION\Site Visit Location.qvd","Site Visit Location.Site Visit Assessment Id%","AzureDbProdNIAADL","FUSION","Site Visit Location","Site Visit Assessment Id",,,"mapped","7940"
"FUSION QVD Generator","lib://AppData\PROD\AzureDataLake\FUSION\Site Visit Location.qvd","Site Visit Location.Site Visit Assessment","AzureDbProdNIAADL","FUSION","Site Visit Location","Site Visit Assessment",,,"mapped","7940"
"FUSION QVD Generator","lib://AppData\PROD\AzureDataLake\FUSION\Site Visit Location.qvd","Site Visit Location.Site Visit Method","AzureDbProdNIAADL","FUSION","Site Visit Location","Site Visit Method",,,"mapped","7940"
"FUSION QVD Generator","lib://AppData\PROD\AzureDataLake\FUSION\Site Visit Location.qvd","Site Visit Location.Source Location Type Id%","AzureDbProdNIAADL","FUSION","Site Visit Location","Source Location Type Id",,,"mapped","7940"
"FUSION QVD Generator","lib://AppData\PROD\AzureDataLake\FUSION\Site Visit Location.qvd","Site Visit Location.Source Location Type","AzureDbProdNIAADL","FUSION","Site Visit Location","Source Location Type",,,"mapped","7940"
"FUSION QVD Generator","lib://AppData\PROD\AzureDataLake\FUSION\Site Visit Location.qvd","Site Visit Location.Activity Location Id%","AzureDbProdNIAADL","FUSION","Site Visit Location","Activity Location Id",,,"mapped","7940"
"FUSION QVD Generator","lib://AppData\PROD\AzureDataLake\FUSION\Site Visit Location.qvd","Site Visit Location.Activity Location","AzureDbProdNIAADL","FUSION","Site Visit Location","Activity Location",,,"mapped","7940"
"FUSION QVD Generator","lib://AppData\PROD\AzureDataLake\FUSION\Site Visit Location.qvd","Site Visit Location.Estimated Location Attribution","AzureDbProdNIAADL","FUSION","Site Visit Location","Estimated Location Attribution",,,"mapped","7940"
"FUSION QVD Generator","lib://AppData\PROD\AzureDataLake\FUSION\Site Visit Location.qvd","Site Visit Location.Appointment Id","AzureDbProdNIAADL","FUSION","Site Visit Location","Appointment Id",,,"mapped","7940"
"FUSION QVD Generator","lib://AppData\PROD\AzureDataLake\FUSION\Site Visit Location.qvd","Site Visit Location.Appointment","AzureDbProdNIAADL","FUSION","Site Visit Location","Appointment",,,"mapped","7940"
"FUSION QVD Generator","lib://AppData\PROD\AzureDataLake\FUSION\Site Visit Location.qvd","Site Visit Location.Address Line1","AzureDbProdNIAADL","FUSION","Site Visit Location","Address Line1",,,"mapped","7940"
"FUSION QVD Generator","lib://AppData\PROD\AzureDataLake\FUSION\Site Visit Location.qvd","Site Visit Location.Address Line2","AzureDbProdNIAADL","FUSION","Site Visit Location","Address Line2",,,"mapped","7940"
"FUSION QVD Generator","lib://AppData\PROD\AzureDataLake\FUSION\Site Visit Location.qvd","Site Visit Location.Address City/Suburb","AzureDbProdNIAADL","FUSION","Site Visit Location","Address City/Suburb",,,"mapped","7940"
"FUSION QVD Generator","lib://AppData\PROD\AzureDataLake\FUSION\Site Visit Location.qvd","Site Visit Location.Address State/Territory","AzureDbProdNIAADL","FUSION","Site Visit Location","Address State/Territory",,,"mapped","7940"
"FUSION QVD Generator","lib://AppData\PROD\AzureDataLake\FUSION\Site Visit Location.qvd","Site Visit Location.Address Postal Code","AzureDbProdNIAADL","FUSION","Site Visit Location","Address Postal Code",,,"mapped","7940"
"FUSION QVD Generator","lib://AppData\PROD\AzureDataLake\FUSION\Site Visit Location.qvd","Site Visit Location.Address Latitude","AzureDbProdNIAADL","FUSION","Site Visit Location","Address Latitude",,,"mapped","7940"
"FUSION QVD Generator","lib://AppData\PROD\AzureDataLake\FUSION\Site Visit Location.qvd","Site Visit Location.Address Longitude","AzureDbProdNIAADL","FUSION","Site Visit Location","Address Longitude",,,"mapped","7940"
"FUSION QVD Generator","lib://AppData\PROD\AzureDataLake\FUSION\Site Visit Location.qvd","Site Visit Location.SA1 Main Code","AzureDbProdNIAADL","FUSION","Site Visit Location","SA1 Main Code",,,"mapped","7940"
"FUSION QVD Generator","lib://AppData\PROD\AzureDataLake\FUSION\Site Visit Location.qvd","Site Visit Location.Location Id","AzureDbProdNIAADL","FUSION","Site Visit Location","Location Id",,,"mapped","7940"
"FUSION QVD Generator","lib://AppData\PROD\AzureDataLake\FUSION\Site Visit Location.qvd","Site Visit Location.Location","AzureDbProdNIAADL","FUSION","Site Visit Location","Location",,,"mapped","7940"
"FUSION QVD Generator","lib://AppData\PROD\AzureDataLake\FUSION\Site Visit Location.qvd","Site Visit Location.State","AzureDbProdNIAADL","FUSION","Site Visit Location","State",,,"mapped","7940"
"FUSION QVD Generator","lib://AppData\PROD\AzureDataLake\FUSION\Site Visit Location.qvd","Site Visit Location.Status","AzureDbProdNIAADL","FUSION","Site Visit Location","Status",,,"mapped","7940"
"FUSION QVD Generator","lib://AppData\PROD\AzureDataLake\FUSION\Declaration Of Interest.qvd","Declaration Of Interest.Declaration Of Interest Id%","AzureDbProdNIAADL","FUSION","Declaration Of Interest","Declaration Of Interest Id",,,"mapped","7940"
"FUSION QVD Generator","lib://AppData\PROD\AzureDataLake\FUSION\Declaration Of Interest.qvd","Declaration Of Interest.Approved On Date","AzureDbProdNIAADL","FUSION","Declaration Of Interest","Approved On Date",,,"mapped","7940"
"FUSION QVD Generator","lib://AppData\PROD\AzureDataLake\FUSION\Declaration Of Interest.qvd","Declaration Of Interest.Approver Id%","AzureDbProdNIAADL","FUSION","Declaration Of Interest","Approver Id",,,"mapped","7940"
"FUSION QVD Generator","lib://AppData\PROD\AzureDataLake\FUSION\Declaration Of Interest.qvd","Declaration Of Interest.Approver Comment","AzureDbProdNIAADL","FUSION","Declaration Of Interest","Approver Comment",,,"mapped","7940"
"FUSION QVD Generator","lib://AppData\PROD\AzureDataLake\FUSION\Declaration Of Interest.qvd","Declaration Of Interest.Approver Level","AzureDbProdNIAADL","FUSION","Declaration Of Interest","Approver Level",,,"mapped","7940"
"FUSION QVD Generator","lib://AppData\PROD\AzureDataLake\FUSION\Declaration Of Interest.qvd","Declaration Of Interest.Approver","AzureDbProdNIAADL","FUSION","Declaration Of Interest","Approver",,,"mapped","7940"
"FUSION QVD Generator","lib://AppData\PROD\AzureDataLake\FUSION\Declaration Of Interest.qvd","Declaration Of Interest.Approver Office","AzureDbProdNIAADL","FUSION","Declaration Of Interest","Approver Office",,,"mapped","7940"
"FUSION QVD Generator","lib://AppData\PROD\AzureDataLake\FUSION\Declaration Of Interest.qvd","Declaration Of Interest.Approver Reminder Date","AzureDbProdNIAADL","FUSION","Declaration Of Interest","Approver Reminder Date",,,"mapped","7940"
"FUSION QVD Generator","lib://AppData\PROD\AzureDataLake\FUSION\Declaration Of Interest.qvd","Declaration Of Interest.Conflicts To Declare","AzureDbProdNIAADL","FUSION","Declaration Of Interest","Conflicts To Declare",,,"mapped","7940"
"FUSION QVD Generator","lib://AppData\PROD\AzureDataLake\FUSION\Declaration Of Interest.qvd","Declaration Of Interest.Declaration Approved","AzureDbProdNIAADL","FUSION","Declaration Of Interest","Declaration Approved",,,"mapped","7940"
"FUSION QVD Generator","lib://AppData\PROD\AzureDataLake\FUSION\Declaration Of Interest.qvd","Declaration Of Interest.Declaration Complete","AzureDbProdNIAADL","FUSION","Declaration Of Interest","Declaration Complete",,,"mapped","7940"
"FUSION QVD Generator","lib://AppData\PROD\AzureDataLake\FUSION\Declaration Of Interest.qvd","Declaration Of Interest.Declaration Of Interest","AzureDbProdNIAADL","FUSION","Declaration Of Interest","Declaration Of Interest",,,"mapped","7940"
"FUSION QVD Generator","lib://AppData\PROD\AzureDataLake\FUSION\Declaration Of Interest.qvd","Declaration Of Interest.Declaration Text","AzureDbProdNIAADL","FUSION","Declaration Of Interest","Declaration Text",,,"mapped","7940"
"FUSION QVD Generator","lib://AppData\PROD\AzureDataLake\FUSION\Declaration Of Interest.qvd","Declaration Of Interest.Declared By Id%","AzureDbProdNIAADL","FUSION","Declaration Of Interest","Declared By Id",,,"mapped","7940"
"FUSION QVD Generator","lib://AppData\PROD\AzureDataLake\FUSION\Declaration Of Interest.qvd","Declaration Of Interest.Declared By","AzureDbProdNIAADL","FUSION","Declaration Of Interest","Declared By",,,"mapped","7940"
"FUSION QVD Generator","lib://AppData\PROD\AzureDataLake\FUSION\Declaration Of Interest.qvd","Declaration Of Interest.Declared On Date","AzureDbProdNIAADL","FUSION","Declaration Of Interest","Declared On Date",,,"mapped","7940"
"FUSION QVD Generator","lib://AppData\PROD\AzureDataLake\FUSION\Declaration Of Interest.qvd","Declaration Of Interest.Declarer Level","AzureDbProdNIAADL","FUSION","Declaration Of Interest","Declarer Level",,,"mapped","7940"
"FUSION QVD Generator","lib://AppData\PROD\AzureDataLake\FUSION\Declaration Of Interest.qvd","Declaration Of Interest.Declarer Office","AzureDbProdNIAADL","FUSION","Declaration Of Interest","Declarer Office",,,"mapped","7940"
"FUSION QVD Generator","lib://AppData\PROD\AzureDataLake\FUSION\Declaration Of Interest.qvd","Declaration Of Interest.Declared Reminder On","AzureDbProdNIAADL","FUSION","Declaration Of Interest","Declared Reminder On",,,"mapped","7940"
"FUSION QVD Generator","lib://AppData\PROD\AzureDataLake\FUSION\Declaration Of Interest.qvd","Declaration Of Interest.Direction","AzureDbProdNIAADL","FUSION","Declaration Of Interest","Direction",,,"mapped","7940"
"FUSION QVD Generator","lib://AppData\PROD\AzureDataLake\FUSION\Declaration Of Interest.qvd","Declaration Of Interest.Is Reverted","AzureDbProdNIAADL","FUSION","Declaration Of Interest","Is Reverted",,,"mapped","7940"
"FUSION QVD Generator","lib://AppData\PROD\AzureDataLake\FUSION\Declaration Of Interest.qvd","Declaration Of Interest.Previous Declaration Of Interest Id%","AzureDbProdNIAADL","FUSION","Declaration Of Interest","Previous Declaration Of Interest Id",,,"mapped","7940"
"FUSION QVD Generator","lib://AppData\PROD\AzureDataLake\FUSION\Declaration Of Interest.qvd","Declaration Of Interest.Previous Declaration Of Interest","AzureDbProdNIAADL","FUSION","Declaration Of Interest","Previous Declaration Of Interest",,,"mapped","7940"
"FUSION QVD Generator","lib://AppData\PROD\AzureDataLake\FUSION\Declaration Of Interest.qvd","Declaration Of Interest.Stage","AzureDbProdNIAADL","FUSION","Declaration Of Interest","Stage",,,"mapped","7940"
"FUSION QVD Generator","lib://AppData\PROD\AzureDataLake\FUSION\Declaration Of Interest.qvd","Declaration Of Interest.Renewal Date","AzureDbProdNIAADL","FUSION","Declaration Of Interest","Renewal Date",,,"mapped","7940"
"FUSION QVD Generator","lib://AppData\PROD\AzureDataLake\FUSION\Declaration Of Interest.qvd","Declaration Of Interest.Revert Reason","AzureDbProdNIAADL","FUSION","Declaration Of Interest","Revert Reason",,,"mapped","7940"
"FUSION QVD Generator","lib://AppData\PROD\AzureDataLake\FUSION\Declaration Of Interest.qvd","Declaration Of Interest.Review Complete","AzureDbProdNIAADL","FUSION","Declaration Of Interest","Review Complete",,,"mapped","7940"
"FUSION QVD Generator","lib://AppData\PROD\AzureDataLake\FUSION\Declaration Of Interest.qvd","Declaration Of Interest.Reviewed On","AzureDbProdNIAADL","FUSION","Declaration Of Interest","Reviewed On",,,"mapped","7940"
"FUSION QVD Generator","lib://AppData\PROD\AzureDataLake\FUSION\Declaration Of Interest.qvd","Declaration Of Interest.Reviewer Id%","AzureDbProdNIAADL","FUSION","Declaration Of Interest","Reviewer Id",,,"mapped","7940"
"FUSION QVD Generator","lib://AppData\PROD\AzureDataLake\FUSION\Declaration Of Interest.qvd","Declaration Of Interest.Reviewer Comment","AzureDbProdNIAADL","FUSION","Declaration Of Interest","Reviewer Comment",,,"mapped","7940"
"FUSION QVD Generator","lib://AppData\PROD\AzureDataLake\FUSION\Declaration Of Interest.qvd","Declaration Of Interest.Reviewer Level","AzureDbProdNIAADL","FUSION","Declaration Of Interest","Reviewer Level",,,"mapped","7940"
"FUSION QVD Generator","lib://AppData\PROD\AzureDataLake\FUSION\Declaration Of Interest.qvd","Declaration Of Interest.Reviewer","AzureDbProdNIAADL","FUSION","Declaration Of Interest","Reviewer",,,"mapped","7940"
"FUSION QVD Generator","lib://AppData\PROD\AzureDataLake\FUSION\Declaration Of Interest.qvd","Declaration Of Interest.Reviewer Office","AzureDbProdNIAADL","FUSION","Declaration Of Interest","Reviewer Office",,,"mapped","7940"
"FUSION QVD Generator","lib://AppData\PROD\AzureDataLake\FUSION\Declaration Of Interest.qvd","Declaration Of Interest.Reviewer Reminder Date","AzureDbProdNIAADL","FUSION","Declaration Of Interest","Reviewer Reminder Date",,,"mapped","7940"
"FUSION QVD Generator","lib://AppData\PROD\AzureDataLake\FUSION\Declaration Of Interest.qvd","Declaration Of Interest.Show Declaration","AzureDbProdNIAADL","FUSION","Declaration Of Interest","Show Declaration",,,"mapped","7940"
"FUSION QVD Generator","lib://AppData\PROD\AzureDataLake\FUSION\Declaration Of Interest.qvd","Declaration Of Interest.Creation Date","AzureDbProdNIAADL","FUSION","Declaration Of Interest","Creation Date",,,"mapped","7940"
"FUSION QVD Generator","lib://AppData\PROD\AzureDataLake\FUSION\Declaration Of Interest.qvd","Declaration Of Interest.Modified Date","AzureDbProdNIAADL","FUSION","Declaration Of Interest","Modified Date",,,"mapped","7940"
"FUSION QVD Generator","lib://AppData\PROD\AzureDataLake\FUSION\Declaration Of Interest.qvd","Declaration Of Interest.State","AzureDbProdNIAADL","FUSION","Declaration Of Interest","State",,,"mapped","7940"
"FUSION QVD Generator","lib://AppData\PROD\AzureDataLake\FUSION\Declaration Of Interest.qvd","Declaration Of Interest.Status","AzureDbProdNIAADL","FUSION","Declaration Of Interest","Status",,,"mapped","7940"
"FUSION QVD Generator","lib://AppData\PROD\AzureDataLake\FUSION\Conflict Of Interest.qvd","Conflict Of Interest.Conflict Of Interest Id%","AzureDbProdNIAADL","FUSION","Conflict Of Interest","Conflict Of Interest Id",,,"mapped","7940"
"FUSION QVD Generator","lib://AppData\PROD\AzureDataLake\FUSION\Conflict Of Interest.qvd","Conflict Of Interest.Conflict Details","AzureDbProdNIAADL","FUSION","Conflict Of Interest","Conflict Details",,,"mapped","7940"
"FUSION QVD Generator","lib://AppData\PROD\AzureDataLake\FUSION\Conflict Of Interest.qvd","Conflict Of Interest.Conflict Of Interest","AzureDbProdNIAADL","FUSION","Conflict Of Interest","Conflict Of Interest",,,"mapped","7940"
"FUSION QVD Generator","lib://AppData\PROD\AzureDataLake\FUSION\Conflict Of Interest.qvd","Conflict Of Interest.Conflict Management Guidance","AzureDbProdNIAADL","FUSION","Conflict Of Interest","Conflict Management Guidance",,,"mapped","7940"
"FUSION QVD Generator","lib://AppData\PROD\AzureDataLake\FUSION\Conflict Of Interest.qvd","Conflict Of Interest.Conflict Type","AzureDbProdNIAADL","FUSION","Conflict Of Interest","Conflict Type",,,"mapped","7940"
"FUSION QVD Generator","lib://AppData\PROD\AzureDataLake\FUSION\Conflict Of Interest.qvd","Conflict Of Interest.Declaration Of Interest Id%","AzureDbProdNIAADL","FUSION","Conflict Of Interest","Declaration Of Interest Id",,,"mapped","7940"
"FUSION QVD Generator","lib://AppData\PROD\AzureDataLake\FUSION\Conflict Of Interest.qvd","Conflict Of Interest.Declaration Of Interest","AzureDbProdNIAADL","FUSION","Conflict Of Interest","Declaration Of Interest",,,"mapped","7940"
"FUSION QVD Generator","lib://AppData\PROD\AzureDataLake\FUSION\Conflict Of Interest.qvd","Conflict Of Interest.Declared By Id%","AzureDbProdNIAADL","FUSION","Conflict Of Interest","Declared By Id",,,"mapped","7940"
"FUSION QVD Generator","lib://AppData\PROD\AzureDataLake\FUSION\Conflict Of Interest.qvd","Conflict Of Interest.Declared By","AzureDbProdNIAADL","FUSION","Conflict Of Interest","Declared By",,,"mapped","7940"
"FUSION QVD Generator","lib://AppData\PROD\AzureDataLake\FUSION\Conflict Of Interest.qvd","Conflict Of Interest.Materiality","AzureDbProdNIAADL","FUSION","Conflict Of Interest","Materiality",,,"mapped","7940"
"FUSION QVD Generator","lib://AppData\PROD\AzureDataLake\FUSION\Conflict Of Interest.qvd","Conflict Of Interest.Nature Of Interest","AzureDbProdNIAADL","FUSION","Conflict Of Interest","Nature Of Interest",,,"mapped","7940"
"FUSION QVD Generator","lib://AppData\PROD\AzureDataLake\FUSION\Conflict Of Interest.qvd","Conflict Of Interest.Non Organisational Conflict","AzureDbProdNIAADL","FUSION","Conflict Of Interest","Non Organisational Conflict",,,"mapped","7940"
"FUSION QVD Generator","lib://AppData\PROD\AzureDataLake\FUSION\Conflict Of Interest.qvd","Conflict Of Interest.Organisation Id%","AzureDbProdNIAADL","FUSION","Conflict Of Interest","Organisation Id",,,"mapped","7940"
"FUSION QVD Generator","lib://AppData\PROD\AzureDataLake\FUSION\Conflict Of Interest.qvd","Conflict Of Interest.Organisational Conflict","AzureDbProdNIAADL","FUSION","Conflict Of Interest","Organisational Conflict",,,"mapped","7940"
"FUSION QVD Generator","lib://AppData\PROD\AzureDataLake\FUSION\Conflict Of Interest.qvd","Conflict Of Interest.Organisation","AzureDbProdNIAADL","FUSION","Conflict Of Interest","Organisation",,,"mapped","7940"
"FUSION QVD Generator","lib://AppData\PROD\AzureDataLake\FUSION\Conflict Of Interest.qvd","Conflict Of Interest.Other Conflict Type","AzureDbProdNIAADL","FUSION","Conflict Of Interest","Other Conflict Type",,,"mapped","7940"
"FUSION QVD Generator","lib://AppData\PROD\AzureDataLake\FUSION\Conflict Of Interest.qvd","Conflict Of Interest.Creation Date","AzureDbProdNIAADL","FUSION","Conflict Of Interest","Creation Date",,,"mapped","7940"
"FUSION QVD Generator","lib://AppData\PROD\AzureDataLake\FUSION\Conflict Of Interest.qvd","Conflict Of Interest.Modified Date","AzureDbProdNIAADL","FUSION","Conflict Of Interest","Modified Date",,,"mapped","7940"
"FUSION QVD Generator","lib://AppData\PROD\AzureDataLake\FUSION\Conflict Of Interest.qvd","Conflict Of Interest.State","AzureDbProdNIAADL","FUSION","Conflict Of Interest","State",,,"mapped","7940"
"FUSION QVD Generator","lib://AppData\PROD\AzureDataLake\FUSION\Conflict Of Interest.qvd","Conflict Of Interest.Status","AzureDbProdNIAADL","FUSION","Conflict Of Interest","Status",,,"mapped","7940"
"FUSION QVD Generator","lib://AppData\PROD\AzureDataLake\FUSION\Approved Conflict Of Interest.qvd","Approved Conflict Of Interest.Approved Conflict Of Interest Id%","AzureDbProdNIAADL","FUSION","Approved Conflict Of Interest","Approved Conflict Of Interest Id",,,"mapped","7940"
"FUSION QVD Generator","lib://AppData\PROD\AzureDataLake\FUSION\Approved Conflict Of Interest.qvd","Approved Conflict Of Interest.Approved Conflict Of Interest","AzureDbProdNIAADL","FUSION","Approved Conflict Of Interest","Approved Conflict Of Interest",,,"mapped","7940"
"FUSION QVD Generator","lib://AppData\PROD\AzureDataLake\FUSION\Approved Conflict Of Interest.qvd","Approved Conflict Of Interest.Conflict Of Interest Id%","AzureDbProdNIAADL","FUSION","Approved Conflict Of Interest","Conflict Of Interest Id",,,"mapped","7940"
"FUSION QVD Generator","lib://AppData\PROD\AzureDataLake\FUSION\Approved Conflict Of Interest.qvd","Approved Conflict Of Interest.Conflict Of Interest","AzureDbProdNIAADL","FUSION","Approved Conflict Of Interest","Conflict Of Interest",,,"mapped","7940"
"FUSION QVD Generator","lib://AppData\PROD\AzureDataLake\FUSION\Approved Conflict Of Interest.qvd","Approved Conflict Of Interest.Declaration Of Interest id%","AzureDbProdNIAADL","FUSION","Approved Conflict Of Interest","Declaration Of Interest id",,,"mapped","7940"
"FUSION QVD Generator","lib://AppData\PROD\AzureDataLake\FUSION\Approved Conflict Of Interest.qvd","Approved Conflict Of Interest.Declaration Of Interest","AzureDbProdNIAADL","FUSION","Approved Conflict Of Interest","Declaration Of Interest",,,"mapped","7940"
"FUSION QVD Generator","lib://AppData\PROD\AzureDataLake\FUSION\Approved Conflict Of Interest.qvd","Approved Conflict Of Interest.Declared By Id%","AzureDbProdNIAADL","FUSION","Approved Conflict Of Interest","Declared By Id",,,"mapped","7940"
"FUSION QVD Generator","lib://AppData\PROD\AzureDataLake\FUSION\Approved Conflict Of Interest.qvd","Approved Conflict Of Interest.Declared By","AzureDbProdNIAADL","FUSION","Approved Conflict Of Interest","Declared By",,,"mapped","7940"
"FUSION QVD Generator","lib://AppData\PROD\AzureDataLake\FUSION\Approved Conflict Of Interest.qvd","Approved Conflict Of Interest.Non Organisational Conflict","AzureDbProdNIAADL","FUSION","Approved Conflict Of Interest","Non Organisational Conflict",,,"mapped","7940"
"FUSION QVD Generator","lib://AppData\PROD\AzureDataLake\FUSION\Approved Conflict Of Interest.qvd","Approved Conflict Of Interest.Organisation Id%","AzureDbProdNIAADL","FUSION","Approved Conflict Of Interest","Organisation Id",,,"mapped","7940"
"FUSION QVD Generator","lib://AppData\PROD\AzureDataLake\FUSION\Approved Conflict Of Interest.qvd","Approved Conflict Of Interest.Organisational Conflict","AzureDbProdNIAADL","FUSION","Approved Conflict Of Interest","Organisational Conflict",,,"mapped","7940"
"FUSION QVD Generator","lib://AppData\PROD\AzureDataLake\FUSION\Approved Conflict Of Interest.qvd","Approved Conflict Of Interest.Organisation","AzureDbProdNIAADL","FUSION","Approved Conflict Of Interest","Organisation",,,"mapped","7940"
"FUSION QVD Generator","lib://AppData\PROD\AzureDataLake\FUSION\Approved Conflict Of Interest.qvd","Approved Conflict Of Interest.Creation Date","AzureDbProdNIAADL","FUSION","Approved Conflict Of Interest","Creation Date",,,"mapped","7940"
"FUSION QVD Generator","lib://AppData\PROD\AzureDataLake\FUSION\Approved Conflict Of Interest.qvd","Approved Conflict Of Interest.Modified Date","AzureDbProdNIAADL","FUSION","Approved Conflict Of Interest","Modified Date",,,"mapped","7940"
"FUSION QVD Generator","lib://AppData\PROD\AzureDataLake\FUSION\Approved Conflict Of Interest.qvd","Approved Conflict Of Interest.State","AzureDbProdNIAADL","FUSION","Approved Conflict Of Interest","State",,,"mapped","7940"
"FUSION QVD Generator","lib://AppData\PROD\AzureDataLake\FUSION\Approved Conflict Of Interest.qvd","Approved Conflict Of Interest.Status","AzureDbProdNIAADL","FUSION","Approved Conflict Of Interest","Status",,,"mapped","7940"
"FUSION QVD Generator","lib://AppData\PROD\AzureDataLake\FUSION\csv\SSIS FUSION.csv",,,,,,,,"non-qvd-store","7941"
"FUSION QVD Generator","lib://AppData\PROD\AzureDataLake\FUSION\csv\Action Item.csv",,,,,,,,"non-qvd-store","7941"
"FUSION QVD Generator","lib://AppData\PROD\AzureDataLake\FUSION\csv\Activity Risk Assessment.csv",,,,,,,,"non-qvd-store","7941"
"FUSION QVD Generator","lib://AppData\PROD\AzureDataLake\FUSION\csv\Activity Risk History.csv",,,,,,,,"non-qvd-store","7941"
"FUSION QVD Generator","lib://AppData\PROD\AzureDataLake\FUSION\csv\Ceasing Activity Risk Assessment.csv",,,,,,,,"non-qvd-store","7941"
"FUSION QVD Generator","lib://AppData\PROD\AzureDataLake\FUSION\csv\Ceasing Activity Risk History.csv",,,,,,,,"non-qvd-store","7941"
"FUSION QVD Generator","lib://AppData\PROD\AzureDataLake\FUSION\csv\Grant Application Risk Assessment.csv",,,,,,,,"non-qvd-store","7941"
"FUSION QVD Generator","lib://AppData\PROD\AzureDataLake\FUSION\csv\Grant Application Risk History.csv",,,,,,,,"non-qvd-store","7941"
"FUSION QVD Generator","lib://AppData\PROD\AzureDataLake\FUSION\csv\Application Assessment Criteria.csv",,,,,,,,"non-qvd-store","7941"
"FUSION QVD Generator","lib://AppData\PROD\AzureDataLake\FUSION\csv\Application Assessment Criteria for Decision.csv",,,,,,,,"non-qvd-store","7941"
"FUSION QVD Generator","lib://AppData\PROD\AzureDataLake\FUSION\csv\Assessment for Decision.csv",,,,,,,,"non-qvd-store","7941"
"FUSION QVD Generator","lib://AppData\PROD\AzureDataLake\FUSION\csv\Budget Measure.csv",,,,,,,,"non-qvd-store","7941"
"FUSION QVD Generator","lib://AppData\PROD\AzureDataLake\FUSION\csv\Ceasing Activity Assessment Round.csv",,,,,,,,"non-qvd-store","7941"
"FUSION QVD Generator","lib://AppData\PROD\AzureDataLake\FUSION\csv\Coverage Area.csv",,,,,,,,"non-qvd-store","7941"
"FUSION QVD Generator","lib://AppData\PROD\AzureDataLake\FUSION\csv\CTG Outcome.csv",,,,,,,,"non-qvd-store","7941"
"FUSION QVD Generator","lib://AppData\PROD\AzureDataLake\FUSION\csv\Grant Opportunity Guideline - CTG Outcome.csv",,,,,,,,"non-qvd-store","7941"
"FUSION QVD Generator","lib://AppData\PROD\AzureDataLake\FUSION\csv\Funding Decision Financial.csv",,,,,,,,"non-qvd-store","7941"
"FUSION QVD Generator","lib://AppData\PROD\AzureDataLake\FUSION\csv\Direct Approach Approval.csv",,,,,,,,"non-qvd-store","7941"
"FUSION QVD Generator","lib://AppData\PROD\AzureDataLake\FUSION\csv\Funding Appropriation.csv",,,,,,,,"non-qvd-store","7941"
"FUSION QVD Generator","lib://AppData\PROD\AzureDataLake\FUSION\csv\Funding Brief.csv",,,,,,,,"non-qvd-store","7941"
"FUSION QVD Generator","lib://AppData\PROD\AzureDataLake\FUSION\csv\Grant Opportunity Guideline.csv",,,,,,,,"non-qvd-store","7941"
"FUSION QVD Generator","lib://AppData\PROD\AzureDataLake\FUSION\csv\Planned Investment.csv",,,,,,,,"non-qvd-store","7941"
"FUSION QVD Generator","lib://AppData\PROD\AzureDataLake\FUSION\csv\Planned Investment Financial.csv",,,,,,,,"non-qvd-store","7941"
"FUSION QVD Generator","lib://AppData\PROD\AzureDataLake\FUSION\csv\Programme Sub Component.csv",,,,,,,,"non-qvd-store","7941"
"FUSION QVD Generator","lib://AppData\PROD\AzureDataLake\FUSION\csv\Sub Programme.csv",,,,,,,,"non-qvd-store","7941"
"FUSION QVD Generator","lib://AppData\PROD\AzureDataLake\FUSION\csv\System User.csv",,,,,,,,"non-qvd-store","7941"
"FUSION QVD Generator","lib://AppData\PROD\AzureDataLake\FUSION\csv\System Team.csv",,,,,,,,"non-qvd-store","7941"
"FUSION QVD Generator","lib://AppData\PROD\AzureDataLake\FUSION\csv\Funding Decision.csv",,,,,,,,"non-qvd-store","7941"
"FUSION QVD Generator","lib://AppData\PROD\AzureDataLake\FUSION\csv\Empowered Community.csv",,,,,,,,"non-qvd-store","7941"
"FUSION QVD Generator","lib://AppData\PROD\AzureDataLake\FUSION\csv\Empowered Community Process.csv",,,,,,,,"non-qvd-store","7941"
"FUSION QVD Generator","lib://AppData\PROD\AzureDataLake\FUSION\csv\Empowered Community Process - Empowered Community.csv",,,,,,,,"non-qvd-store","7941"
"FUSION QVD Generator","lib://AppData\PROD\AzureDataLake\FUSION\csv\Grant Activity Review.csv",,,,,,,,"non-qvd-store","7941"
"FUSION QVD Generator","lib://AppData\PROD\AzureDataLake\FUSION\csv\Grant Activity Review Item.csv",,,,,,,,"non-qvd-store","7941"
"FUSION QVD Generator","lib://AppData\PROD\AzureDataLake\FUSION\csv\Grant Activity Milestone.csv",,,,,,,,"non-qvd-store","7941"
"FUSION QVD Generator","lib://AppData\PROD\AzureDataLake\FUSION\csv\Reporting Milestone.csv",,,,,,,,"non-qvd-store","7941"
"FUSION QVD Generator","lib://AppData\PROD\AzureDataLake\FUSION\csv\Payment Milestone.csv",,,,,,,,"non-qvd-store","7941"
"FUSION QVD Generator","lib://AppData\PROD\AzureDataLake\FUSION\csv\Performance Report Assessment.csv",,,,,,,,"non-qvd-store","7941"
"FUSION QVD Generator","lib://AppData\PROD\AzureDataLake\FUSION\csv\KPI Code.csv",,,,,,,,"non-qvd-store","7941"
"FUSION QVD Generator","lib://AppData\PROD\AzureDataLake\FUSION\csv\KPI Rating.csv",,,,,,,,"non-qvd-store","7941"
"FUSION QVD Generator","lib://AppData\PROD\AzureDataLake\FUSION\csv\Grant Activity KPI.csv",,,,,,,,"non-qvd-store","7941"
"FUSION QVD Generator","lib://AppData\PROD\AzureDataLake\FUSION\csv\Grant Activity KPI Assessment.csv",,,,,,,,"non-qvd-store","7941"
"FUSION QVD Generator","lib://AppData\PROD\AzureDataLake\FUSION\csv\Opportunity.csv",,,,,,,,"non-qvd-store","7941"
"FUSION QVD Generator","lib://AppData\PROD\AzureDataLake\FUSION\csv\Opportunity - Framework Code.csv",,,,,,,,"non-qvd-store","7941"
"FUSION QVD Generator","lib://AppData\PROD\AzureDataLake\FUSION\csv\Opportunity - Fusion Location.csv",,,,,,,,"non-qvd-store","7941"
"FUSION QVD Generator","lib://AppData\PROD\AzureDataLake\FUSION\csv\Opportunity - PMC Region.csv",,,,,,,,"non-qvd-store","7941"
"FUSION QVD Generator","lib://AppData\PROD\AzureDataLake\FUSION\csv\Opportunity - Target Group.csv",,,,,,,,"non-qvd-store","7941"
"FUSION QVD Generator","lib://AppData\PROD\AzureDataLake\FUSION\csv\Opportunity Budget Item.csv",,,,,,,,"non-qvd-store","7941"
"FUSION QVD Generator","lib://AppData\PROD\AzureDataLake\FUSION\csv\Opportunity Capture.csv",,,,,,,,"non-qvd-store","7941"
"FUSION QVD Generator","lib://AppData\PROD\AzureDataLake\FUSION\csv\Opportunity Expected Employment Outcome.csv",,,,,,,,"non-qvd-store","7941"
"FUSION QVD Generator","lib://AppData\PROD\AzureDataLake\FUSION\csv\Opportunity Other Contribution.csv",,,,,,,,"non-qvd-store","7941"
"FUSION QVD Generator","lib://AppData\PROD\AzureDataLake\FUSION\csv\Opportunity Potential Risk.csv",,,,,,,,"non-qvd-store","7941"
"FUSION QVD Generator","lib://AppData\PROD\AzureDataLake\FUSION\csv\Opportunity Programme Funding.csv",,,,,,,,"non-qvd-store","7941"
"FUSION QVD Generator","lib://AppData\PROD\AzureDataLake\FUSION\csv\Opportunity Stakeholder.csv",,,,,,,,"non-qvd-store","7941"
"FUSION QVD Generator","lib://AppData\PROD\AzureDataLake\FUSION\csv\Fusion Location.csv",,,,,,,,"non-qvd-store","7941"
"FUSION QVD Generator","lib://AppData\PROD\AzureDataLake\FUSION\csv\Opportunity - Grant Activity.csv",,,,,,,,"non-qvd-store","7941"
"FUSION QVD Generator","lib://AppData\PROD\AzureDataLake\FUSION\csv\Opportunity - Grant Application.csv",,,,,,,,"non-qvd-store","7941"
"FUSION QVD Generator","lib://AppData\PROD\AzureDataLake\FUSION\csv\Grant Activity Coding Funding.csv",,,,,,,,"non-qvd-store","7941"
"FUSION QVD Generator","lib://AppData\PROD\AzureDataLake\FUSION\csv\Framework Code.csv",,,,,,,,"non-qvd-store","7941"
"FUSION QVD Generator","lib://AppData\PROD\AzureDataLake\FUSION\csv\Activity Tag.csv",,,,,,,,"non-qvd-store","7941"
"FUSION QVD Generator","lib://AppData\PROD\AzureDataLake\FUSION\csv\Target Group.csv",,,,,,,,"non-qvd-store","7941"
"FUSION QVD Generator","lib://AppData\PROD\AzureDataLake\FUSION\csv\Ancillary Code.csv",,,,,,,,"non-qvd-store","7941"
"FUSION QVD Generator","lib://AppData\PROD\AzureDataLake\FUSION\csv\Target Gender.csv",,,,,,,,"non-qvd-store","7941"
"FUSION QVD Generator","lib://AppData\PROD\AzureDataLake\FUSION\csv\Target Age Demographic.csv",,,,,,,,"non-qvd-store","7941"
"FUSION QVD Generator","lib://AppData\PROD\AzureDataLake\FUSION\csv\Grant Activity Coding.csv",,,,,,,,"non-qvd-store","7941"
"FUSION QVD Generator","lib://AppData\PROD\AzureDataLake\FUSION\csv\Grant Activity Coding - Framework Code.csv",,,,,,,,"non-qvd-store","7941"
"FUSION QVD Generator","lib://AppData\PROD\AzureDataLake\FUSION\csv\Grant Activity Coding - Summary.csv",,,,,,,,"non-qvd-store","7941"
"FUSION QVD Generator","lib://AppData\PROD\AzureDataLake\FUSION\csv\Grant Activity Coding - Activity Tag.csv",,,,,,,,"non-qvd-store","7941"
"FUSION QVD Generator","lib://AppData\PROD\AzureDataLake\FUSION\csv\Grant Activity Coding - Activity Target Group.csv",,,,,,,,"non-qvd-store","7941"
"FUSION QVD Generator","lib://AppData\PROD\AzureDataLake\FUSION\csv\Grant Activity Coding - Ancillary Code.csv",,,,,,,,"non-qvd-store","7941"
"FUSION QVD Generator","lib://AppData\PROD\AzureDataLake\FUSION\csv\Grant Activity Coding - Target Age Demographic.csv",,,,,,,,"non-qvd-store","7941"
"FUSION QVD Generator","lib://AppData\PROD\AzureDataLake\FUSION\csv\Grant Activity Coding - Target Gender.csv",,,,,,,,"non-qvd-store","7941"
"FUSION QVD Generator","lib://AppData\PROD\AzureDataLake\FUSION\csv\Activity Linking Table.csv",,,,,,,,"non-qvd-store","7941"
"FUSION QVD Generator","lib://AppData\PROD\AzureDataLake\FUSION\csv\Programme.csv",,,,,,,,"non-qvd-store","7941"
"FUSION QVD Generator","lib://AppData\PROD\AzureDataLake\FUSION\csv\Programme Alternate Name.csv",,,,,,,,"non-qvd-store","7941"
"FUSION QVD Generator","lib://AppData\PROD\AzureDataLake\FUSION\csv\Programme Financial.csv",,,,,,,,"non-qvd-store","7941"
"FUSION QVD Generator","lib://AppData\PROD\AzureDataLake\FUSION\csv\Programme Component.csv",,,,,,,,"non-qvd-store","7941"
"FUSION QVD Generator","lib://AppData\PROD\AzureDataLake\FUSION\csv\Programme Component Alternate Name.csv",,,,,,,,"non-qvd-store","7941"
"FUSION QVD Generator","lib://AppData\PROD\AzureDataLake\FUSION\csv\Grant Round.csv",,,,,,,,"non-qvd-store","7941"
"FUSION QVD Generator","lib://AppData\PROD\AzureDataLake\FUSION\csv\Grant Application.csv",,,,,,,,"non-qvd-store","7941"
"FUSION QVD Generator","lib://AppData\PROD\AzureDataLake\FUSION\csv\Grant Assessment.csv",,,,,,,,"non-qvd-store","7941"
"FUSION QVD Generator","lib://AppData\PROD\AzureDataLake\FUSION\csv\Grant Application Process.csv",,,,,,,,"non-qvd-store","7941"
"FUSION QVD Generator","lib://AppData\PROD\AzureDataLake\FUSION\csv\Financial Year.csv",,,,,,,,"non-qvd-store","7941"
"FUSION QVD Generator","lib://AppData\PROD\AzureDataLake\FUSION\csv\Grant Application Funding.csv",,,,,,,,"non-qvd-store","7941"
"FUSION QVD Generator","lib://AppData\PROD\AzureDataLake\FUSION\csv\Grant Application Funding Allocation.csv",,,,,,,,"non-qvd-store","7941"
"FUSION QVD Generator","lib://AppData\PROD\AzureDataLake\FUSION\csv\Grant Application Note.csv",,,,,,,,"non-qvd-store","7941"
"FUSION QVD Generator","lib://AppData\PROD\AzureDataLake\FUSION\csv\Source System.csv",,,,,,,,"non-qvd-store","7941"
"FUSION QVD Generator","lib://AppData\PROD\AzureDataLake\FUSION\csv\Source Organisation.csv",,,,,,,,"non-qvd-store","7941"
"FUSION QVD Generator","lib://AppData\PROD\AzureDataLake\FUSION\csv\Organisation.csv",,,,,,,,"non-qvd-store","7941"
"FUSION QVD Generator","lib://AppData\PROD\AzureDataLake\FUSION\csv\Organisation Risk Profile.csv",,,,,,,,"non-qvd-store","7941"
"FUSION QVD Generator","lib://AppData\PROD\AzureDataLake\FUSION\csv\Organisation Risk Profile Derived History.csv",,,,,,,,"non-qvd-store","7941"
"FUSION QVD Generator","lib://AppData\PROD\AzureDataLake\FUSION\csv\Organisation Additional Condition.csv",,,,,,,,"non-qvd-store","7941"
"FUSION QVD Generator","lib://AppData\PROD\AzureDataLake\FUSION\csv\Organisation Current Risk Profile.csv",,,,,,,,"non-qvd-store","7941"
"FUSION QVD Generator","lib://AppData\PROD\AzureDataLake\FUSION\csv\Questionnaire Question.csv",,,,,,,,"non-qvd-store","7941"
"FUSION QVD Generator","lib://AppData\PROD\AzureDataLake\FUSION\csv\Questionnaire Response.csv",,,,,,,,"non-qvd-store","7941"
"FUSION QVD Generator","lib://AppData\PROD\AzureDataLake\FUSION\csv\Questionnaire Section.csv",,,,,,,,"non-qvd-store","7941"
"FUSION QVD Generator","lib://AppData\PROD\AzureDataLake\FUSION\csv\PMC Region.csv",,,,,,,,"non-qvd-store","7941"
"FUSION QVD Generator","lib://AppData\PROD\AzureDataLake\FUSION\csv\SA1-PMC Region.csv",,,,,,,,"non-qvd-store","7941"
"FUSION QVD Generator","lib://AppData\PROD\AzureDataLake\FUSION\csv\NIAA Region.csv",,,,,,,,"non-qvd-store","7941"
"FUSION QVD Generator","lib://AppData\PROD\AzureDataLake\FUSION\csv\NIAA Region Alternate Name.csv",,,,,,,,"non-qvd-store","7941"
"FUSION QVD Generator","lib://AppData\PROD\AzureDataLake\FUSION\csv\Grant Activity.csv",,,,,,,,"non-qvd-store","7941"
"FUSION QVD Generator","lib://AppData\PROD\AzureDataLake\FUSION\csv\Grant Activity Indicative Risk.csv",,,,,,,,"non-qvd-store","7941"
"FUSION QVD Generator","lib://AppData\PROD\AzureDataLake\FUSION\csv\Ceasing Activity Assessment.csv",,,,,,,,"non-qvd-store","7941"
"FUSION QVD Generator","lib://AppData\PROD\AzureDataLake\FUSION\csv\Grant Activity Location.csv",,,,,,,,"non-qvd-store","7941"
"FUSION QVD Generator","lib://AppData\PROD\AzureDataLake\FUSION\csv\Grant Activity Location Attribution.csv",,,,,,,,"non-qvd-store","7941"
"FUSION QVD Generator","lib://AppData\PROD\AzureDataLake\FUSION\csv\Grant Activity Funding.csv",,,,,,,,"non-qvd-store","7941"
"FUSION QVD Generator","lib://AppData\PROD\AzureDataLake\FUSION\csv\Grant Management Unit.csv",,,,,,,,"non-qvd-store","7941"
"FUSION QVD Generator","lib://AppData\PROD\AzureDataLake\FUSION\csv\Grant Management Unit Alternate Name.csv",,,,,,,,"non-qvd-store","7941"
"FUSION QVD Generator","lib://AppData\PROD\AzureDataLake\FUSION\csv\Ceasing Activity Funding.csv",,,,,,,,"non-qvd-store","7941"
"FUSION QVD Generator","lib://AppData\PROD\AzureDataLake\FUSION\csv\Grant Acquittal.csv",,,,,,,,"non-qvd-store","7941"
"FUSION QVD Generator","lib://AppData\PROD\AzureDataLake\FUSION\csv\Grant Acquittal Calculation.csv",,,,,,,,"non-qvd-store","7941"
"FUSION QVD Generator","lib://AppData\PROD\AzureDataLake\FUSION\csv\Grant Acquittal Outcome Type.csv",,,,,,,,"non-qvd-store","7941"
"FUSION QVD Generator","lib://AppData\PROD\AzureDataLake\FUSION\csv\Grant Acquittal Recommendation.csv",,,,,,,,"non-qvd-store","7941"
"FUSION QVD Generator","lib://AppData\PROD\AzureDataLake\FUSION\csv\Grant Acquittal Recommendation Type.csv",,,,,,,,"non-qvd-store","7941"
"FUSION QVD Generator","lib://AppData\PROD\AzureDataLake\FUSION\csv\Grant Acquittal Task.csv",,,,,,,,"non-qvd-store","7941"
"FUSION QVD Generator","lib://AppData\PROD\AzureDataLake\FUSION\csv\Task.csv",,,,,,,,"non-qvd-store","7941"
"FUSION QVD Generator","lib://AppData\PROD\AzureDataLake\FUSION\csv\Ceasing Activity Assessment Task.csv",,,,,,,,"non-qvd-store","7941"
"FUSION QVD Generator","lib://AppData\PROD\AzureDataLake\FUSION\csv\Grant Activity Task.csv",,,,,,,,"non-qvd-store","7941"
"FUSION QVD Generator","lib://AppData\PROD\AzureDataLake\FUSION\csv\Organisation Risk Profile Task.csv",,,,,,,,"non-qvd-store","7941"
"FUSION QVD Generator","lib://AppData\PROD\AzureDataLake\FUSION\csv\Organisation Task.csv",,,,,,,,"non-qvd-store","7941"
"FUSION QVD Generator","lib://AppData\PROD\AzureDataLake\FUSION\csv\Opportunity Task.csv",,,,,,,,"non-qvd-store","7941"
"FUSION QVD Generator","lib://AppData\PROD\AzureDataLake\FUSION\csv\Activity Approval Verification.csv",,,,,,,,"non-qvd-store","7941"
"FUSION QVD Generator","lib://AppData\PROD\AzureDataLake\FUSION\csv\Electorate.csv",,,,,,,,"non-qvd-store","7941"
"FUSION QVD Generator","lib://AppData\PROD\AzureDataLake\FUSION\csv\Electorate Activity Summary.csv",,,,,,,,"non-qvd-store","7941"
"FUSION QVD Generator","lib://AppData\PROD\AzureDataLake\FUSION\csv\Electorate Demographic.csv",,,,,,,,"non-qvd-store","7941"
"FUSION QVD Generator","lib://AppData\PROD\AzureDataLake\FUSION\csv\Electorate Information.csv",,,,,,,,"non-qvd-store","7941"
"FUSION QVD Generator","lib://AppData\PROD\AzureDataLake\FUSION\csv\Electorate Organisation Summary.csv",,,,,,,,"non-qvd-store","7941"
"FUSION QVD Generator","lib://AppData\PROD\AzureDataLake\FUSION\csv\Electorate PMC Region.csv",,,,,,,,"non-qvd-store","7941"
"FUSION QVD Generator","lib://AppData\PROD\AzureDataLake\FUSION\csv\Electorate Programme.csv",,,,,,,,"non-qvd-store","7941"
"FUSION QVD Generator","lib://AppData\PROD\AzureDataLake\FUSION\csv\Electorate Reference.csv",,,,,,,,"non-qvd-store","7941"
"FUSION QVD Generator","lib://AppData\PROD\AzureDataLake\FUSION\csv\Electorate Stakeholder.csv",,,,,,,,"non-qvd-store","7941"
"FUSION QVD Generator","lib://AppData\PROD\AzureDataLake\FUSION\csv\Demographic Measure.csv",,,,,,,,"non-qvd-store","7941"
"FUSION QVD Generator","lib://AppData\PROD\AzureDataLake\FUSION\csv\Elected Representative.csv",,,,,,,,"non-qvd-store","7941"
"FUSION QVD Generator","lib://AppData\PROD\AzureDataLake\FUSION\csv\Case.csv",,,,,,,,"non-qvd-store","7941"
"FUSION QVD Generator","lib://AppData\PROD\AzureDataLake\FUSION\csv\Case Assessment.csv",,,,,,,,"non-qvd-store","7941"
"FUSION QVD Generator","lib://AppData\PROD\AzureDataLake\FUSION\csv\Case Assessment Action Item.csv",,,,,,,,"non-qvd-store","7941"
"FUSION QVD Generator","lib://AppData\PROD\AzureDataLake\FUSION\csv\Case Incident.csv",,,,,,,,"non-qvd-store","7941"
"FUSION QVD Generator","lib://AppData\PROD\AzureDataLake\FUSION\csv\Case Incident Category.csv",,,,,,,,"non-qvd-store","7941"
"FUSION QVD Generator","lib://AppData\PROD\AzureDataLake\FUSION\csv\Case Resolution.csv",,,,,,,,"non-qvd-store","7941"
"FUSION QVD Generator","lib://AppData\PROD\AzureDataLake\FUSION\csv\Site Visit Assessment.csv",,,,,,,,"non-qvd-store","7941"
"FUSION QVD Generator","lib://AppData\PROD\AzureDataLake\FUSION\csv\Site Visit Assessment Action Item.csv",,,,,,,,"non-qvd-store","7941"
"FUSION QVD Generator","lib://AppData\PROD\AzureDataLake\FUSION\csv\Site Visit Location.csv",,,,,,,,"non-qvd-store","7941"
"FUSION QVD Generator","lib://AppData\PROD\AzureDataLake\FUSION\csv\Declaration Of Interest.csv",,,,,,,,"non-qvd-store","7941"
"FUSION QVD Generator","lib://AppData\PROD\AzureDataLake\FUSION\csv\Conflict Of Interest.csv",,,,,,,,"non-qvd-store","7941"
"FUSION QVD Generator","lib://AppData\PROD\AzureDataLake\FUSION\csv\Approved Conflict Of Interest.csv",,,,,,,,"non-qvd-store","7941"
"FUSION QVD Generator","lib://AppData\PROD\AzureDataLake\FUSION Temporal\Temporal Activity Tag.qvd","Temporal Activity Tag.Temporal Activity Tag Id%","AzureDbProdNIAADL","FUSIONTemporal","Temporal Activity Tag","Temporal Activity Tag Id",,,"mapped","8020"
"FUSION QVD Generator","lib://AppData\PROD\AzureDataLake\FUSION Temporal\Temporal Activity Tag.qvd","Temporal Activity Tag.Activity Tag Id%","AzureDbProdNIAADL","FUSIONTemporal","Temporal Activity Tag","Activity Tag Id",,,"mapped","8020"
"FUSION QVD Generator","lib://AppData\PROD\AzureDataLake\FUSION Temporal\Temporal Activity Tag.qvd","Temporal Activity Tag.Activity Tag","AzureDbProdNIAADL","FUSIONTemporal","Temporal Activity Tag","Activity Tag",,,"mapped","8020"
"FUSION QVD Generator","lib://AppData\PROD\AzureDataLake\FUSION Temporal\Temporal Activity Tag.qvd","Temporal Activity Tag.Activity Tag State","AzureDbProdNIAADL","FUSIONTemporal","Temporal Activity Tag","Activity Tag State",,,"mapped","8020"
"FUSION QVD Generator","lib://AppData\PROD\AzureDataLake\FUSION Temporal\Temporal Activity Tag.qvd","Temporal Activity Tag.Activity Tag Status","AzureDbProdNIAADL","FUSIONTemporal","Temporal Activity Tag","Activity Tag Status",,,"mapped","8020"
"FUSION QVD Generator","lib://AppData\PROD\AzureDataLake\FUSION Temporal\Temporal Activity Tag.qvd","Temporal Activity Tag.Activity Tag Year","AzureDbProdNIAADL","FUSIONTemporal","Temporal Activity Tag","Activity Tag Year",,,"mapped","8020"
"FUSION QVD Generator","lib://AppData\PROD\AzureDataLake\FUSION Temporal\Temporal Activity Tag.qvd","Temporal Activity Tag.Effective Start Date","AzureDbProdNIAADL","FUSIONTemporal","Temporal Activity Tag","Effective Start Date",,,"mapped","8020"
"FUSION QVD Generator","lib://AppData\PROD\AzureDataLake\FUSION Temporal\Temporal Activity Tag.qvd","Temporal Activity Tag.Effective End Date","AzureDbProdNIAADL","FUSIONTemporal","Temporal Activity Tag","Effective End Date",,,"mapped","8020"
"FUSION QVD Generator","lib://AppData\PROD\AzureDataLake\FUSION Temporal\Temporal Grant Activity Coding.qvd","Temporal Grant Activity Coding.Temporal Grant Activity Coding Id%","AzureDbProdNIAADL","FUSIONTemporal","Temporal Grant Activity Coding","Temporal Grant Activity Coding Id",,,"mapped","8020"
"FUSION QVD Generator","lib://AppData\PROD\AzureDataLake\FUSION Temporal\Temporal Grant Activity Coding.qvd","Temporal Grant Activity Coding.Grant Activity Coding Id%","AzureDbProdNIAADL","FUSIONTemporal","Temporal Grant Activity Coding","Grant Activity Coding Id",,,"mapped","8020"
"FUSION QVD Generator","lib://AppData\PROD\AzureDataLake\FUSION Temporal\Temporal Grant Activity Coding.qvd","Temporal Grant Activity Coding.Grant Activity Id%","AzureDbProdNIAADL","FUSIONTemporal","Temporal Grant Activity Coding","Grant Activity Id",,,"mapped","8020"
"FUSION QVD Generator","lib://AppData\PROD\AzureDataLake\FUSION Temporal\Temporal Grant Activity Coding.qvd","Temporal Grant Activity Coding.Grant Activity Coding","AzureDbProdNIAADL","FUSIONTemporal","Temporal Grant Activity Coding","Grant Activity Coding",,,"mapped","8020"
"FUSION QVD Generator","lib://AppData\PROD\AzureDataLake\FUSION Temporal\Temporal Grant Activity Coding.qvd","Temporal Grant Activity Coding.Total Funding","AzureDbProdNIAADL","FUSIONTemporal","Temporal Grant Activity Coding","Total Funding",,,"mapped","8020"
"FUSION QVD Generator","lib://AppData\PROD\AzureDataLake\FUSION Temporal\Temporal Grant Activity Coding.qvd","Temporal Grant Activity Coding.Framework Code Allocation Total","AzureDbProdNIAADL","FUSIONTemporal","Temporal Grant Activity Coding","Framework Code Allocation Total",,,"mapped","8020"
"FUSION QVD Generator","lib://AppData\PROD\AzureDataLake\FUSION Temporal\Temporal Grant Activity Coding.qvd","Temporal Grant Activity Coding.Date Approval Submitted","AzureDbProdNIAADL","FUSIONTemporal","Temporal Grant Activity Coding","Date Approval Submitted",,,"mapped","8020"
"FUSION QVD Generator","lib://AppData\PROD\AzureDataLake\FUSION Temporal\Temporal Grant Activity Coding.qvd","Temporal Grant Activity Coding.Date Approval Completed","AzureDbProdNIAADL","FUSIONTemporal","Temporal Grant Activity Coding","Date Approval Completed",,,"mapped","8020"
"FUSION QVD Generator","lib://AppData\PROD\AzureDataLake\FUSION Temporal\Temporal Grant Activity Coding.qvd","Temporal Grant Activity Coding.Approver","AzureDbProdNIAADL","FUSIONTemporal","Temporal Grant Activity Coding","Approver",,,"mapped","8020"
"FUSION QVD Generator","lib://AppData\PROD\AzureDataLake\FUSION Temporal\Temporal Grant Activity Coding.qvd","Temporal Grant Activity Coding.Approver Comment","AzureDbProdNIAADL","FUSIONTemporal","Temporal Grant Activity Coding","Approver Comment",,,"mapped","8020"
"FUSION QVD Generator","lib://AppData\PROD\AzureDataLake\FUSION Temporal\Temporal Grant Activity Coding.qvd","Temporal Grant Activity Coding.Coder","AzureDbProdNIAADL","FUSIONTemporal","Temporal Grant Activity Coding","Coder",,,"mapped","8020"
"FUSION QVD Generator","lib://AppData\PROD\AzureDataLake\FUSION Temporal\Temporal Grant Activity Coding.qvd","Temporal Grant Activity Coding.Coder Comment","AzureDbProdNIAADL","FUSIONTemporal","Temporal Grant Activity Coding","Coder Comment",,,"mapped","8020"
"FUSION QVD Generator","lib://AppData\PROD\AzureDataLake\FUSION Temporal\Temporal Grant Activity Coding.qvd","Temporal Grant Activity Coding.Activity Coding State","AzureDbProdNIAADL","FUSIONTemporal","Temporal Grant Activity Coding","Activity Coding State",,,"mapped","8020"
"FUSION QVD Generator","lib://AppData\PROD\AzureDataLake\FUSION Temporal\Temporal Grant Activity Coding.qvd","Temporal Grant Activity Coding.Activity Coding Status","AzureDbProdNIAADL","FUSIONTemporal","Temporal Grant Activity Coding","Activity Coding Status",,,"mapped","8020"
"FUSION QVD Generator","lib://AppData\PROD\AzureDataLake\FUSION Temporal\Temporal Grant Activity Coding.qvd","Temporal Grant Activity Coding.Effective Start Date","AzureDbProdNIAADL","FUSIONTemporal","Temporal Grant Activity Coding","Effective Start Date",,,"mapped","8020"
"FUSION QVD Generator","lib://AppData\PROD\AzureDataLake\FUSION Temporal\Temporal Grant Activity Coding.qvd","Temporal Grant Activity Coding.Effective End Date","AzureDbProdNIAADL","FUSIONTemporal","Temporal Grant Activity Coding","Effective End Date",,,"mapped","8020"
"FUSION QVD Generator","lib://AppData\PROD\AzureDataLake\FUSION Temporal\Temporal Grant Activity Coding - Activity Tag.qvd","Temporal Grant Activity Coding - Activity Tag.Temporal Grant Activity Coding Id%","AzureDbProdNIAADL","FUSIONTemporal","Temporal Grant Activity Coding - Activity Tag","Temporal Grant Activity Coding Id",,,"mapped","8020"
"FUSION QVD Generator","lib://AppData\PROD\AzureDataLake\FUSION Temporal\Temporal Grant Activity Coding - Activity Tag.qvd","Temporal Grant Activity Coding - Activity Tag.Temporal Activity Tag Id%","AzureDbProdNIAADL","FUSIONTemporal","Temporal Grant Activity Coding - Activity Tag","Temporal Activity Tag Id",,,"mapped","8020"
"FUSION QVD Generator","lib://AppData\PROD\AzureDataLake\GAR\Grant Activity Review.qvd","Grant Activity Review.Grant Activity Review Id%","AzureDbProdNIAADL","GAR","Grant Activity Review","Grant Activity Review Id",,,"mapped","8098"
"FUSION QVD Generator","lib://AppData\PROD\AzureDataLake\GAR\Grant Activity Review.qvd","Grant Activity Review.Grant Activity Id%","AzureDbProdNIAADL","GAR","Grant Activity Review","Grant Activity Id",,,"mapped","8098"
"FUSION QVD Generator","lib://AppData\PROD\AzureDataLake\GAR\Grant Activity Review.qvd","Grant Activity Review.Activity Id","AzureDbProdNIAADL","GAR","Grant Activity Review","Activity Id",,,"mapped","8098"
"FUSION QVD Generator","lib://AppData\PROD\AzureDataLake\GAR\Grant Activity Review.qvd","Grant Activity Review.Grant Activity Review Item Id%","AzureDbProdNIAADL","GAR","Grant Activity Review","Grant Activity Review Item Id",,,"mapped","8098"
"FUSION QVD Generator","lib://AppData\PROD\AzureDataLake\GAR\Grant Activity Review.qvd","Grant Activity Review.Sort Order","AzureDbProdNIAADL","GAR","Grant Activity Review","Sort Order",,,"mapped","8098"
"FUSION QVD Generator","lib://AppData\PROD\AzureDataLake\GAR\Grant Activity Review.qvd","Grant Activity Review.Data","AzureDbProdNIAADL","GAR","Grant Activity Review","Data",,,"mapped","8098"
"FUSION QVD Generator","lib://AppData\PROD\AzureDataLake\GAR\Grant Activity Review.qvd","Grant Activity Review.Additional Evidence","AzureDbProdNIAADL","GAR","Grant Activity Review","Additional Evidence",,,"mapped","8098"
"FUSION QVD Generator","lib://AppData\PROD\AzureDataLake\GAR\Grant Activity Review Item.qvd","Grant Activity Review Item.Grant Activity Review Item Id%","AzureDbProdNIAADL","GAR","Grant Activity Review Item","Grant Activity Review Item Id",,,"mapped","8098"
"FUSION QVD Generator","lib://AppData\PROD\AzureDataLake\GAR\Grant Activity Review Item.qvd","Grant Activity Review Item.Review Category","AzureDbProdNIAADL","GAR","Grant Activity Review Item","Review Category",,,"mapped","8098"
"FUSION QVD Generator","lib://AppData\PROD\AzureDataLake\GAR\Grant Activity Review Item.qvd","Grant Activity Review Item.Review Item Number","AzureDbProdNIAADL","GAR","Grant Activity Review Item","Review Item Number",,,"mapped","8098"
"FUSION QVD Generator","lib://AppData\PROD\AzureDataLake\GAR\Grant Activity Review Item.qvd","Grant Activity Review Item.Review Item","AzureDbProdNIAADL","GAR","Grant Activity Review Item","Review Item",,,"mapped","8098"
"FUSION QVD Generator","lib://AppData\PROD\AzureDataLake\GAR\Grant Activity Review Item.qvd","Grant Activity Review Item.Descriptor Option Number","AzureDbProdNIAADL","GAR","Grant Activity Review Item","Descriptor Option Number",,,"mapped","8098"
"FUSION QVD Generator","lib://AppData\PROD\AzureDataLake\GAR\Grant Activity Review Item.qvd","Grant Activity Review Item.Descriptor Option","AzureDbProdNIAADL","GAR","Grant Activity Review Item","Descriptor Option",,,"mapped","8098"
"FUSION QVD Generator","lib://AppData\PROD\AzureDataLake\GAR\Grant Activity Review Item.qvd","Grant Activity Review Item.Explanation","AzureDbProdNIAADL","GAR","Grant Activity Review Item","Explanation",,,"mapped","8098"
"FUSION QVD Generator","lib://AppData\PROD\AzureDataLake\GAR\Grant Activity Review KPI.qvd","Grant Activity Review KPI.Grant Activity Review KPI Id%","AzureDbProdNIAADL","GAR","Grant Activity Review KPI","Grant Activity Review KPI Id",,,"mapped","8098"
"FUSION QVD Generator","lib://AppData\PROD\AzureDataLake\GAR\Grant Activity Review KPI.qvd","Grant Activity Review KPI.Grant Activity Review Id%","AzureDbProdNIAADL","GAR","Grant Activity Review KPI","Grant Activity Review Id",,,"mapped","8098"
"FUSION QVD Generator","lib://AppData\PROD\AzureDataLake\GAR\Grant Activity Review KPI.qvd","Grant Activity Review KPI.IAS Performance Report Start Date","AzureDbProdNIAADL","GAR","Grant Activity Review KPI","IAS Performance Report Start Date",,,"mapped","8098"
"FUSION QVD Generator","lib://AppData\PROD\AzureDataLake\GAR\Grant Activity Review KPI.qvd","Grant Activity Review KPI.IAS Performance Report End Date","AzureDbProdNIAADL","GAR","Grant Activity Review KPI","IAS Performance Report End Date",,,"mapped","8098"
"FUSION QVD Generator","lib://AppData\PROD\AzureDataLake\GAR\Grant Activity Review KPI.qvd","Grant Activity Review KPI.PMC Performance Report Start Date","AzureDbProdNIAADL","GAR","Grant Activity Review KPI","PMC Performance Report Start Date",,,"mapped","8098"
"FUSION QVD Generator","lib://AppData\PROD\AzureDataLake\GAR\Grant Activity Review KPI.qvd","Grant Activity Review KPI.PMC Performance Report End Date","AzureDbProdNIAADL","GAR","Grant Activity Review KPI","PMC Performance Report End Date",,,"mapped","8098"
"FUSION QVD Generator","lib://AppData\PROD\AzureDataLake\GAR\Grant Activity Review KPI.qvd","Grant Activity Review KPI.KPI Code","AzureDbProdNIAADL","GAR","Grant Activity Review KPI","KPI Code",,,"mapped","8098"
"FUSION QVD Generator","lib://AppData\PROD\AzureDataLake\GAR\Grant Activity Review KPI.qvd","Grant Activity Review KPI.KPI Description","AzureDbProdNIAADL","GAR","Grant Activity Review KPI","KPI Description",,,"mapped","8098"
"FUSION QVD Generator","lib://AppData\PROD\AzureDataLake\GAR\Grant Activity Review KPI.qvd","Grant Activity Review KPI.IAS Performance Report Status","AzureDbProdNIAADL","GAR","Grant Activity Review KPI","IAS Performance Report Status",,,"mapped","8098"
"FUSION QVD Generator","lib://AppData\PROD\AzureDataLake\GAR\Grant Activity Review KPI.qvd","Grant Activity Review KPI.PMC Status","AzureDbProdNIAADL","GAR","Grant Activity Review KPI","PMC Status",,,"mapped","8098"
"FUSION QVD Generator","lib://AppData\PROD\AzureDataLake\GAR\Grant Activity Review KPI.qvd","Grant Activity Review KPI.Further Information","AzureDbProdNIAADL","GAR","Grant Activity Review KPI","Further Information",,,"mapped","8098"
"FUSION QVD Generator","lib://AppData\PROD\AzureDataLake\GAR\Grant Activity Review KPI.qvd","Grant Activity Review KPI.Evidence","AzureDbProdNIAADL","GAR","Grant Activity Review KPI","Evidence",,,"mapped","8098"
