"generator_app","qvd_path_raw","qvd_field","db_connection","db_schema","db_table","db_column","src_qvd_path","src_qvd_field","status","line"
"GPS QVD Generator","lib://AppData\PROD\AzureDataLake\GPS\Grant Activity Milestone Derived History.qvd","Grant Activity Milestone Derived History.End of Month","AzureDbProdNIAADL","GPS","Grant Activity Milestone Derived History","End of Month",NA,NA,"mapped",62
"GPS QVD Generator","lib://AppData\PROD\AzureDataLake\GPS\Grant Activity Milestone Derived History.qvd","Grant Activity Milestone Derived History.Milestone Id","AzureDbProdNIAADL","GPS","Grant Activity Milestone Derived History","Milestone Id",NA,NA,"mapped",62
"GPS QVD Generator","lib://AppData\PROD\AzureDataLake\GPS\Grant Activity Missing Milestone Derived History.qvd","Grant Activity Missing Milestone Derived History.End of Month","AzureDbProdNIAADL","GPS","Grant Activity Missing Milestone Derived History","End of Month",NA,NA,"mapped",76
"GPS QVD Generator","lib://AppData\PROD\AzureDataLake\GPS\Grant Activity Missing Milestone Derived History.qvd","Grant Activity Missing Milestone Derived History.Milestone Id","AzureDbProdNIAADL","GPS","Grant Activity Missing Milestone Derived History","Milestone Id",NA,NA,"mapped",76
"GPS QVD Generator","lib://AppData\PROD\AzureDataLake\SSR\Milestone Overdue Month.qvd","Milestone Id","AzureDbProdNIAADL","GPS","Milestone Overdue Month","Milestone Id",NA,NA,"mapped",174
"GPS QVD Generator","lib://AppData\PROD\AzureDataLake\SSR\Milestone Overdue Month.qvd","Milestone Payment Mode","AzureDbProdNIAADL","GPS","Milestone Overdue Month","Milestone Payment Mode",NA,NA,"mapped",174
"GPS QVD Generator","lib://AppData\PROD\AzureDataLake\SSR\Milestone Overdue Month.qvd","Outstanding","AzureDbProdNIAADL","GPS","Milestone Overdue Month","Outstanding",NA,NA,"mapped",174
"GPS QVD Generator","lib://AppData\PROD\AzureDataLake\SSR\Grant Activity Milestone.qvd","Grant Activity Milestone.Number of Days Milestone Overdue","AzureDbProdNIAADL","GPS","Grant Activity Milestone - Old","Number of Days Milestone Overdue",NA,NA,"mapped-chained",179
"GPS QVD Generator","lib://AppData\PROD\AzureDataLake\SSR\Grant Activity Milestone.qvd","Grant Activity Milestone.Activity PBS Outcome","AzureDbProdNIAADL","GPS","Grant Activity Milestone - Old","Activity PBS Outcome",NA,NA,"mapped-chained",179
"GPS QVD Generator","lib://AppData\PROD\AzureDataLake\SSR\Grant Activity Milestone.qvd","Grant Activity Milestone.Activity PBS Program","AzureDbProdNIAADL","GPS","Grant Activity Milestone - Old","Activity PBS Program",NA,NA,"mapped-chained",179
"GPS QVD Generator","lib://AppData\PROD\AzureDataLake\SSR\Grant Activity Milestone.qvd","Grant Activity Milestone.Program Formal External Name - Activity","AzureDbProdNIAADL","GPS","Grant Activity Milestone - Old","Program Formal External Name - Activity",NA,NA,"mapped-chained",179
"GPS QVD Generator","lib://AppData\PROD\AzureDataLake\SSR\Grant Activity Milestone.qvd","Grant Activity Milestone.Activity PBS Program Name","AzureDbProdNIAADL","GPS","Grant Activity Milestone - Old","Activity PBS Program Name",NA,NA,"mapped-chained",179
"GPS QVD Generator","lib://AppData\PROD\AzureDataLake\SSR\Grant Activity Milestone.qvd","Grant Activity Milestone.Managing Office - Activity","AzureDbProdNIAADL","GPS","Grant Activity Milestone - Old","Managing Office - Activity",NA,NA,"mapped-chained",179
"GPS QVD Generator","lib://AppData\PROD\AzureDataLake\SSR\Grant Activity Milestone.qvd","Grant Activity Milestone.Activity Id","AzureDbProdNIAADL","GPS","Grant Activity Milestone - Old","Activity Id",NA,NA,"mapped-chained",179
"GPS QVD Generator","lib://AppData\PROD\AzureDataLake\SSR\Grant Activity Milestone.qvd","Grant Activity Milestone.Activity Start Date","AzureDbProdNIAADL","GPS","Grant Activity Milestone - Old","Activity Start Date",NA,NA,"mapped-chained",179
"GPS QVD Generator","lib://AppData\PROD\AzureDataLake\SSR\Grant Activity Milestone.qvd","Grant Activity Milestone.Activity End Date","AzureDbProdNIAADL","GPS","Grant Activity Milestone - Old","Activity End Date",NA,NA,"mapped-chained",179
"GPS QVD Generator","lib://AppData\PROD\AzureDataLake\SSR\Grant Activity Milestone.qvd","Grant Activity Milestone.Activity Manager","AzureDbProdNIAADL","GPS","Grant Activity Milestone - Old","Activity Manager",NA,NA,"mapped-chained",179
"GPS QVD Generator","lib://AppData\PROD\AzureDataLake\SSR\Grant Activity Milestone.qvd","Grant Activity Milestone.Activity Status","AzureDbProdNIAADL","GPS","Grant Activity Milestone - Old","Activity Status",NA,NA,"mapped-chained",179
"GPS QVD Generator","lib://AppData\PROD\AzureDataLake\SSR\Grant Activity Milestone.qvd","Grant Activity Milestone.Service Provider Id","AzureDbProdNIAADL","GPS","Grant Activity Milestone - Old","Service Provider Id",NA,NA,"mapped-chained",179
"GPS QVD Generator","lib://AppData\PROD\AzureDataLake\SSR\Grant Activity Milestone.qvd","Grant Activity Milestone.Service Provider Legal Name","AzureDbProdNIAADL","GPS","Grant Activity Milestone - Old","Service Provider Legal Name",NA,NA,"mapped-chained",179
"GPS QVD Generator","lib://AppData\PROD\AzureDataLake\SSR\Grant Activity Milestone.qvd","Grant Activity Milestone.Service Provider Name","AzureDbProdNIAADL","GPS","Grant Activity Milestone - Old","Service Provider Name",NA,NA,"mapped-chained",179
"GPS QVD Generator","lib://AppData\PROD\AzureDataLake\SSR\Grant Activity Milestone.qvd","Grant Activity Milestone.Service Provider Trading Name","AzureDbProdNIAADL","GPS","Grant Activity Milestone - Old","Service Provider Trading Name",NA,NA,"mapped-chained",179
"GPS QVD Generator","lib://AppData\PROD\AzureDataLake\SSR\Grant Activity Milestone.qvd","Grant Activity Milestone.Service Provider ABN","AzureDbProdNIAADL","GPS","Grant Activity Milestone - Old","Service Provider ABN",NA,NA,"mapped-chained",179
"GPS QVD Generator","lib://AppData\PROD\AzureDataLake\SSR\Grant Activity Milestone.qvd","Grant Activity Milestone.Service Provider Business Address Suburb / Town","AzureDbProdNIAADL","GPS","Grant Activity Milestone - Old","Service Provider Business Address Suburb / Town",NA,NA,"mapped-chained",179
"GPS QVD Generator","lib://AppData\PROD\AzureDataLake\SSR\Grant Activity Milestone.qvd","Grant Activity Milestone.Service Provider Business Address State","AzureDbProdNIAADL","GPS","Grant Activity Milestone - Old","Service Provider Business Address State",NA,NA,"mapped-chained",179
"GPS QVD Generator","lib://AppData\PROD\AzureDataLake\SSR\Grant Activity Milestone.qvd","Grant Activity Milestone.Service Provider Business Address Postcode","AzureDbProdNIAADL","GPS","Grant Activity Milestone - Old","Service Provider Business Address Postcode",NA,NA,"mapped-chained",179
"GPS QVD Generator","lib://AppData\PROD\AzureDataLake\SSR\Grant Activity Milestone.qvd","Grant Activity Milestone.Milestone Id","AzureDbProdNIAADL","GPS","Grant Activity Milestone - Old","Milestone Id",NA,NA,"mapped-chained",179
"GPS QVD Generator","lib://AppData\PROD\AzureDataLake\SSR\Grant Activity Milestone.qvd","Grant Activity Milestone.Milestone Status","AzureDbProdNIAADL","GPS","Grant Activity Milestone - Old","Milestone Status",NA,NA,"mapped-chained",179
"GPS QVD Generator","lib://AppData\PROD\AzureDataLake\SSR\Grant Activity Milestone.qvd","Grant Activity Milestone.Milestone Stage","AzureDbProdNIAADL","GPS","Grant Activity Milestone - Old","Milestone Stage",NA,NA,"mapped-chained",179
"GPS QVD Generator","lib://AppData\PROD\AzureDataLake\SSR\Grant Activity Milestone.qvd","Grant Activity Milestone.Milestone Completed Indicator","AzureDbProdNIAADL","GPS","Grant Activity Milestone - Old","Milestone Completed Indicator",NA,NA,"mapped-chained",179
"GPS QVD Generator","lib://AppData\PROD\AzureDataLake\SSR\Grant Activity Milestone.qvd","Grant Activity Milestone.Milestone Payment Mode","AzureDbProdNIAADL","GPS","Grant Activity Milestone - Old","Milestone Payment Mode",NA,NA,"mapped-chained",179
"GPS QVD Generator","lib://AppData\PROD\AzureDataLake\SSR\Grant Activity Milestone.qvd","Grant Activity Milestone.Milestone Received","AzureDbProdNIAADL","GPS","Grant Activity Milestone - Old","Milestone Received",NA,NA,"mapped-chained",179
"GPS QVD Generator","lib://AppData\PROD\AzureDataLake\SSR\Grant Activity Milestone.qvd","Grant Activity Milestone.Milestone Short Description","AzureDbProdNIAADL","GPS","Grant Activity Milestone - Old","Milestone Short Description",NA,NA,"mapped-chained",179
"GPS QVD Generator","lib://AppData\PROD\AzureDataLake\SSR\Grant Activity Milestone.qvd","Grant Activity Milestone.Milestone Long Description","AzureDbProdNIAADL","GPS","Grant Activity Milestone - Old","Milestone Long Description",NA,NA,"mapped-chained",179
"GPS QVD Generator","lib://AppData\PROD\AzureDataLake\SSR\Grant Activity Milestone.qvd","Grant Activity Milestone.Milestone Completion Description","AzureDbProdNIAADL","GPS","Grant Activity Milestone - Old","Milestone Completion Description",NA,NA,"mapped-chained",179
"GPS QVD Generator","lib://AppData\PROD\AzureDataLake\SSR\Grant Activity Milestone.qvd","Grant Activity Milestone.Milestone Type","AzureDbProdNIAADL","GPS","Grant Activity Milestone - Old","Milestone Type",NA,NA,"mapped-chained",179
"GPS QVD Generator","lib://AppData\PROD\AzureDataLake\SSR\Grant Activity Milestone.qvd","Grant Activity Milestone.Milestone Expected Due Date","AzureDbProdNIAADL","GPS","Grant Activity Milestone - Old","Milestone Expected Due Date",NA,NA,"mapped-chained",179
"GPS QVD Generator","lib://AppData\PROD\AzureDataLake\SSR\Grant Activity Milestone.qvd","Grant Activity Milestone.Financial Year Name","AzureDbProdNIAADL","GPS","Grant Activity Milestone - Old","Financial Year Name",NA,NA,"mapped-chained",179
"GPS QVD Generator","lib://AppData\PROD\AzureDataLake\SSR\Grant Activity Milestone.qvd","Grant Activity Milestone.Milestone Action Required","AzureDbProdNIAADL","GPS","Grant Activity Milestone - Old","Milestone Action Required",NA,NA,"mapped-chained",179
"GPS QVD Generator","lib://AppData\PROD\AzureDataLake\SSR\Grant Activity Milestone.qvd","Grant Activity Milestone.Milestone Actual Amount Ex GST","AzureDbProdNIAADL","GPS","Grant Activity Milestone - Old","Milestone Actual Amount Ex GST",NA,NA,"mapped-chained",179
"GPS QVD Generator","lib://AppData\PROD\AzureDataLake\SSR\Grant Activity Milestone.qvd","Grant Activity Milestone.Milestone Completion Date","AzureDbProdNIAADL","GPS","Grant Activity Milestone - Old","Milestone Completion Date",NA,NA,"mapped-chained",179
"GPS QVD Generator","lib://AppData\PROD\AzureDataLake\SSR\Grant Activity Milestone.qvd","Grant Activity Milestone.Activity IMPACT PO Id","AzureDbProdNIAADL","GPS","Grant Activity Milestone - Old","Activity IMPACT PO Id",NA,NA,"mapped-chained",179
"GPS QVD Generator","lib://AppData\PROD\AzureDataLake\SSR\Grant Activity Milestone.qvd","Grant Activity Milestone.Milestone Auto Release Indicator","AzureDbProdNIAADL","GPS","Grant Activity Milestone - Old","Milestone Auto Release Indicator",NA,NA,"mapped-chained",179
"GPS QVD Generator","lib://AppData\PROD\AzureDataLake\SSR\Grant Activity Milestone.qvd","Grant Activity Milestone.Milestone Date Driven Indicator","AzureDbProdNIAADL","GPS","Grant Activity Milestone - Old","Milestone Date Driven Indicator",NA,NA,"mapped-chained",179
"GPS QVD Generator","lib://AppData\PROD\AzureDataLake\SSR\Grant Activity Milestone.qvd","Grant Activity Milestone.Activity Execution State","AzureDbProdNIAADL","GPS","Grant Activity Milestone - Old","Activity Execution State",NA,NA,"mapped-chained",179
"GPS QVD Generator","lib://AppData\PROD\AzureDataLake\SSR\Grant Activity Milestone.qvd","Grant Activity Milestone.Refresh Date","AzureDbProdNIAADL","GPS","Grant Activity Milestone - Old","Refresh Date",NA,NA,"mapped-chained",179
"GPS QVD Generator","lib://AppData\PROD\AzureDataLake\GPS\Grant Activity Missing Milestone.qvd","Grant Activity Missing Milestone.Milestone Id","AzureDbProdNIAADL","GPS","Grant Activity Missing Milestone","Milestone Id",NA,NA,"mapped",241
"GPS QVD Generator","lib://AppData\PROD\AzureDataLake\GPS\Grant Activity Missing Milestone.qvd","Grant Activity Missing Milestone.Activity Id","AzureDbProdNIAADL","GPS","Grant Activity Missing Milestone","Activity Id",NA,NA,"mapped",241
"GPS QVD Generator","lib://AppData\PROD\AzureDataLake\GPS\Grant Activity Missing Milestone.qvd","Grant Activity Missing Milestone.Milestone Expected Due Date","AzureDbProdNIAADL","GPS","Grant Activity Missing Milestone","Milestone Expected Due Date",NA,NA,"mapped",241
"GPS QVD Generator","lib://AppData\PROD\AzureDataLake\GPS\Grant Activity Missing Milestone.qvd","Grant Activity Missing Milestone.Milestone Financial Year","AzureDbProdNIAADL","GPS","Grant Activity Missing Milestone","Milestone Financial Year",NA,NA,"mapped",241
"GPS QVD Generator","lib://AppData\PROD\AzureDataLake\GPS\Grant Activity Missing Milestone.qvd","Grant Activity Missing Milestone.Milestone Reporting Financial Year","AzureDbProdNIAADL","GPS","Grant Activity Missing Milestone","Milestone Reporting Financial Year",NA,NA,"mapped",241
"GPS QVD Generator","lib://AppData\PROD\AzureDataLake\GPS\Grant Activity Missing Milestone.qvd","Grant Activity Missing Milestone.Milestone Status","AzureDbProdNIAADL","GPS","Grant Activity Missing Milestone","Milestone Status",NA,NA,"mapped",241
"GPS QVD Generator","lib://AppData\PROD\AzureDataLake\GPS\Grant Activity Missing Milestone.qvd","Grant Activity Missing Milestone.Milestone Stage","AzureDbProdNIAADL","GPS","Grant Activity Missing Milestone","Milestone Stage",NA,NA,"mapped",241
"GPS QVD Generator","lib://AppData\PROD\AzureDataLake\GPS\Grant Activity Missing Milestone.qvd","Grant Activity Missing Milestone.Milestone Received","AzureDbProdNIAADL","GPS","Grant Activity Missing Milestone","Milestone Received",NA,NA,"mapped",241
"GPS QVD Generator","lib://AppData\PROD\AzureDataLake\GPS\Grant Activity Missing Milestone.qvd","Grant Activity Missing Milestone.Milestone Received Date","AzureDbProdNIAADL","GPS","Grant Activity Missing Milestone","Milestone Received Date",NA,NA,"mapped",241
"GPS QVD Generator","lib://AppData\PROD\AzureDataLake\GPS\Grant Activity Missing Milestone.qvd","Grant Activity Missing Milestone.Milestone Completed Indicator","AzureDbProdNIAADL","GPS","Grant Activity Missing Milestone","Milestone Completed Indicator",NA,NA,"mapped",241
"GPS QVD Generator","lib://AppData\PROD\AzureDataLake\GPS\Grant Activity Missing Milestone.qvd","Grant Activity Missing Milestone.Milestone Completion Date","AzureDbProdNIAADL","GPS","Grant Activity Missing Milestone","Milestone Completion Date",NA,NA,"mapped",241
"GPS QVD Generator","lib://AppData\PROD\AzureDataLake\GPS\Grant Activity Missing Milestone.qvd","Grant Activity Missing Milestone.Milestone Payment Mode","AzureDbProdNIAADL","GPS","Grant Activity Missing Milestone","Milestone Payment Mode",NA,NA,"mapped",241
"GPS QVD Generator","lib://AppData\PROD\AzureDataLake\GPS\Grant Activity Missing Milestone.qvd","Grant Activity Missing Milestone.Milestone Review Type","AzureDbProdNIAADL","GPS","Grant Activity Missing Milestone","Milestone Review Type",NA,NA,"mapped",241
"GPS QVD Generator","lib://AppData\PROD\AzureDataLake\GPS\Grant Activity Missing Milestone.qvd","Grant Activity Missing Milestone.Milestone Type","AzureDbProdNIAADL","GPS","Grant Activity Missing Milestone","Milestone Type",NA,NA,"mapped",241
"GPS QVD Generator","lib://AppData\PROD\AzureDataLake\GPS\Grant Activity Missing Milestone.qvd","Grant Activity Missing Milestone.Milestone Short Description","AzureDbProdNIAADL","GPS","Grant Activity Missing Milestone","Milestone Short Description",NA,NA,"mapped",241
"GPS QVD Generator","lib://AppData\PROD\AzureDataLake\GPS\Grant Activity Missing Milestone.qvd","Grant Activity Missing Milestone.Milestone Long Description","AzureDbProdNIAADL","GPS","Grant Activity Missing Milestone","Milestone Long Description",NA,NA,"mapped",241
"GPS QVD Generator","lib://AppData\PROD\AzureDataLake\GPS\Grant Activity Missing Milestone.qvd","Grant Activity Missing Milestone.Milestone Completion Description","AzureDbProdNIAADL","GPS","Grant Activity Missing Milestone","Milestone Completion Description",NA,NA,"mapped",241
"GPS QVD Generator","lib://AppData\PROD\AzureDataLake\GPS\Grant Activity Missing Milestone.qvd","Grant Activity Missing Milestone.Milestone Action Required","AzureDbProdNIAADL","GPS","Grant Activity Missing Milestone","Milestone Action Required",NA,NA,"mapped",241
"GPS QVD Generator","lib://AppData\PROD\AzureDataLake\GPS\Grant Activity Missing Milestone.qvd","Grant Activity Missing Milestone.Milestone Actual Amount Ex GST","AzureDbProdNIAADL","GPS","Grant Activity Missing Milestone","Milestone Actual Amount Ex GST",NA,NA,"mapped",241
"GPS QVD Generator","lib://AppData\PROD\AzureDataLake\GPS\Grant Activity Missing Milestone.qvd","Grant Activity Missing Milestone.Activity IMPACT PO Id","AzureDbProdNIAADL","GPS","Grant Activity Missing Milestone","Activity IMPACT PO Id",NA,NA,"mapped",241
"GPS QVD Generator","lib://AppData\PROD\AzureDataLake\GPS\Grant Activity Missing Milestone.qvd","Grant Activity Missing Milestone.Milestone Auto Release Indicator","AzureDbProdNIAADL","GPS","Grant Activity Missing Milestone","Milestone Auto Release Indicator",NA,NA,"mapped",241
"GPS QVD Generator","lib://AppData\PROD\AzureDataLake\GPS\Grant Activity Missing Milestone.qvd","Grant Activity Missing Milestone.Milestone Date Driven Indicator","AzureDbProdNIAADL","GPS","Grant Activity Missing Milestone","Milestone Date Driven Indicator",NA,NA,"mapped",241
"GPS QVD Generator","lib://AppData\PROD\AzureDataLake\GPS\Grant Activity Missing Milestone.qvd","Grant Activity Missing Milestone.Milestone Overdue Status","AzureDbProdNIAADL","GPS","Grant Activity Missing Milestone","Milestone Overdue Status",NA,NA,"mapped",241
"GPS QVD Generator","lib://AppData\PROD\AzureDataLake\GPS\Grant Activity Missing Milestone.qvd","Grant Activity Missing Milestone.Milestone 30 Day Movement","AzureDbProdNIAADL","GPS","Grant Activity Missing Milestone","Milestone 30 Day Movement",NA,NA,"mapped",241
"GPS QVD Generator","lib://AppData\PROD\AzureDataLake\GPS\Grant Activity Missing Milestone.qvd","Grant Activity Missing Milestone.Milestone or Activity is Draft","AzureDbProdNIAADL","GPS","Grant Activity Missing Milestone","Milestone or Activity is Draft",NA,NA,"mapped",241
"GPS QVD Generator","lib://AppData\PROD\AzureDataLake\GPS\Grant Activity Missing Milestone.qvd","Grant Activity Missing Milestone.Milestone Payment on Performance Report","AzureDbProdNIAADL","GPS","Grant Activity Missing Milestone","Milestone Payment on Performance Report",NA,NA,"mapped",241
"GPS QVD Generator","lib://AppData\PROD\AzureDataLake\GPS\Grant Activity Milestone.qvd","Grant Activity Milestone.Milestone Id","AzureDbProdNIAADL","GPS","Grant Activity Milestone","Milestone Id",NA,NA,"mapped",313
"GPS QVD Generator","lib://AppData\PROD\AzureDataLake\GPS\Grant Activity Milestone.qvd","Grant Activity Milestone.Grant Activity Milestone Id","AzureDbProdNIAADL","GPS","Grant Activity Milestone","Grant Activity Milestone Id",NA,NA,"mapped",313
"GPS QVD Generator","lib://AppData\PROD\AzureDataLake\GPS\Grant Activity Milestone.qvd","Grant Activity Milestone.Activity Id","AzureDbProdNIAADL","GPS","Grant Activity Milestone","Activity Id",NA,NA,"mapped",313
"GPS QVD Generator","lib://AppData\PROD\AzureDataLake\GPS\Grant Activity Milestone.qvd","Grant Activity Milestone.Milestone Expected Due Date","AzureDbProdNIAADL","GPS","Grant Activity Milestone","Milestone Expected Due Date",NA,NA,"mapped",313
"GPS QVD Generator","lib://AppData\PROD\AzureDataLake\GPS\Grant Activity Milestone.qvd","Grant Activity Milestone.Milestone Days Overdue","AzureDbProdNIAADL","GPS","Grant Activity Milestone","Milestone Days Overdue",NA,NA,"mapped",313
"GPS QVD Generator","lib://AppData\PROD\AzureDataLake\GPS\Grant Activity Milestone.qvd","Grant Activity Milestone.Milestone Risk Score","AzureDbProdNIAADL","GPS","Grant Activity Milestone","Milestone Risk Score",NA,NA,"mapped",313
"GPS QVD Generator","lib://AppData\PROD\AzureDataLake\GPS\Grant Activity Milestone.qvd","Grant Activity Milestone.Milestone Financial Year","AzureDbProdNIAADL","GPS","Grant Activity Milestone","Milestone Financial Year",NA,NA,"mapped",313
"GPS QVD Generator","lib://AppData\PROD\AzureDataLake\GPS\Grant Activity Milestone.qvd","Grant Activity Milestone.Milestone Reporting Financial Year","AzureDbProdNIAADL","GPS","Grant Activity Milestone","Milestone Reporting Financial Year",NA,NA,"mapped",313
"GPS QVD Generator","lib://AppData\PROD\AzureDataLake\GPS\Grant Activity Milestone.qvd","Grant Activity Milestone.Milestone Status","AzureDbProdNIAADL","GPS","Grant Activity Milestone","Milestone Status",NA,NA,"mapped",313
"GPS QVD Generator","lib://AppData\PROD\AzureDataLake\GPS\Grant Activity Milestone.qvd","Grant Activity Milestone.Milestone Stage","AzureDbProdNIAADL","GPS","Grant Activity Milestone","Milestone Stage",NA,NA,"mapped",313
"GPS QVD Generator","lib://AppData\PROD\AzureDataLake\GPS\Grant Activity Milestone.qvd","Grant Activity Milestone.Milestone Received","AzureDbProdNIAADL","GPS","Grant Activity Milestone","Milestone Received",NA,NA,"mapped",313
"GPS QVD Generator","lib://AppData\PROD\AzureDataLake\GPS\Grant Activity Milestone.qvd","Grant Activity Milestone.Milestone Received Date","AzureDbProdNIAADL","GPS","Grant Activity Milestone","Milestone Received Date",NA,NA,"mapped",313
"GPS QVD Generator","lib://AppData\PROD\AzureDataLake\GPS\Grant Activity Milestone.qvd","Grant Activity Milestone.Milestone Completed Indicator","AzureDbProdNIAADL","GPS","Grant Activity Milestone","Milestone Completed Indicator",NA,NA,"mapped",313
"GPS QVD Generator","lib://AppData\PROD\AzureDataLake\GPS\Grant Activity Milestone.qvd","Grant Activity Milestone.Milestone Completion Date","AzureDbProdNIAADL","GPS","Grant Activity Milestone","Milestone Completion Date",NA,NA,"mapped",313
"GPS QVD Generator","lib://AppData\PROD\AzureDataLake\GPS\Grant Activity Milestone.qvd","Grant Activity Milestone.Milestone Payment Mode","AzureDbProdNIAADL","GPS","Grant Activity Milestone","Milestone Payment Mode",NA,NA,"mapped",313
"GPS QVD Generator","lib://AppData\PROD\AzureDataLake\GPS\Grant Activity Milestone.qvd","Grant Activity Milestone.Milestone Review Type","AzureDbProdNIAADL","GPS","Grant Activity Milestone","Milestone Review Type",NA,NA,"mapped",313
"GPS QVD Generator","lib://AppData\PROD\AzureDataLake\GPS\Grant Activity Milestone.qvd","Grant Activity Milestone.Milestone Type","AzureDbProdNIAADL","GPS","Grant Activity Milestone","Milestone Type",NA,NA,"mapped",313
"GPS QVD Generator","lib://AppData\PROD\AzureDataLake\GPS\Grant Activity Milestone.qvd","Grant Activity Milestone.Milestone Long Description","AzureDbProdNIAADL","GPS","Grant Activity Milestone","Milestone Long Description",NA,NA,"mapped",313
"GPS QVD Generator","lib://AppData\PROD\AzureDataLake\GPS\Grant Activity Milestone.qvd","Grant Activity Milestone.Milestone Short Description","AzureDbProdNIAADL","GPS","Grant Activity Milestone","Milestone Short Description",NA,NA,"mapped",313
"GPS QVD Generator","lib://AppData\PROD\AzureDataLake\GPS\Grant Activity Milestone.qvd","Grant Activity Milestone.Milestone Completion Description","AzureDbProdNIAADL","GPS","Grant Activity Milestone","Milestone Completion Description",NA,NA,"mapped",313
"GPS QVD Generator","lib://AppData\PROD\AzureDataLake\GPS\Grant Activity Milestone.qvd","Grant Activity Milestone.Milestone Action Required","AzureDbProdNIAADL","GPS","Grant Activity Milestone","Milestone Action Required",NA,NA,"mapped",313
"GPS QVD Generator","lib://AppData\PROD\AzureDataLake\GPS\Grant Activity Milestone.qvd","Grant Activity Milestone.Milestone Actual Amount Ex GST","AzureDbProdNIAADL","GPS","Grant Activity Milestone","Milestone Actual Amount Ex GST",NA,NA,"mapped",313
"GPS QVD Generator","lib://AppData\PROD\AzureDataLake\GPS\Grant Activity Milestone.qvd","Grant Activity Milestone.Activity IMPACT PO Id","AzureDbProdNIAADL","GPS","Grant Activity Milestone","Activity IMPACT PO Id",NA,NA,"mapped",313
"GPS QVD Generator","lib://AppData\PROD\AzureDataLake\GPS\Grant Activity Milestone.qvd","Grant Activity Milestone.Milestone Auto Release Indicator","AzureDbProdNIAADL","GPS","Grant Activity Milestone","Milestone Auto Release Indicator",NA,NA,"mapped",313
"GPS QVD Generator","lib://AppData\PROD\AzureDataLake\GPS\Grant Activity Milestone.qvd","Grant Activity Milestone.Milestone Date Driven Indicator","AzureDbProdNIAADL","GPS","Grant Activity Milestone","Milestone Date Driven Indicator",NA,NA,"mapped",313
"GPS QVD Generator","lib://AppData\PROD\AzureDataLake\GPS\Grant Activity Milestone.qvd","Grant Activity Milestone.Milestone Overdue Status","AzureDbProdNIAADL","GPS","Grant Activity Milestone","Milestone Overdue Status",NA,NA,"mapped",313
"GPS QVD Generator","lib://AppData\PROD\AzureDataLake\GPS\Grant Activity Milestone.qvd","Grant Activity Milestone.Milestone Missing Review","AzureDbProdNIAADL","GPS","Grant Activity Milestone","Milestone Missing Review",NA,NA,"mapped",313
"GPS QVD Generator","lib://AppData\PROD\AzureDataLake\GPS\Grant Activity Milestone.qvd","Grant Activity Milestone.Milestone or Activity is Draft","AzureDbProdNIAADL","GPS","Grant Activity Milestone","Milestone or Activity is Draft",NA,NA,"mapped",313
"GPS QVD Generator","lib://AppData\PROD\AzureDataLake\GPS\Grant Activity Milestone.qvd","Grant Activity Milestone.Milestone Activity Status","AzureDbProdNIAADL","GPS","Grant Activity Milestone","Milestone Activity Status",NA,NA,"mapped",313
"GPS QVD Generator","lib://AppData\PROD\AzureDataLake\GPS\Grant Activity Milestone.qvd","Grant Activity Milestone.Milestone 30 Day Movement","AzureDbProdNIAADL","GPS","Grant Activity Milestone","Milestone 30 Day Movement",NA,NA,"mapped",313
"GPS QVD Generator","lib://AppData\PROD\AzureDataLake\GPS\Grant Activity Milestone.qvd","Grant Activity Milestone.Milestone Payment on Performance Report","AzureDbProdNIAADL","GPS","Grant Activity Milestone","Milestone Payment on Performance Report",NA,NA,"mapped",313
"GPS QVD Generator","lib://AppData\PROD\AzureDataLake\GPS\Grant Managing Region.qvd","Grant Activity Id%",NA,NA,NA,NA,"lib://AppData/PROD/AzureDataLake/FUSION/Grant Activity.qvd","Grant Activity.Grant Activity Id%","qvd-sourced",343
"GPS QVD Generator","lib://AppData\PROD\AzureDataLake\GPS\Grant Managing Region.qvd","Activity Id",NA,NA,NA,NA,"lib://AppData/PROD/AzureDataLake/FUSION/Grant Activity.qvd","Grant Activity.Activity Id","qvd-sourced",343
"GPS QVD Generator","lib://AppData\PROD\AzureDataLake\GPS\Grant Managing Region.qvd","NIAA Region Id%",NA,NA,NA,NA,"lib://AppData/PROD/AzureDataLake/FUSION/Grant Activity.qvd","Grant Activity.Engagement Office Id%","qvd-sourced",343
"GPS QVD Generator","lib://AppData\PROD\AzureDataLake\GPS\Grant Managing Region.qvd","GMU Region Id%",NA,NA,NA,NA,"lib://AppData/PROD/AzureDataLake/FUSION/Grant Activity.qvd","Grant Activity.PMC Region Id%","qvd-sourced",343
"GPS QVD Generator","lib://AppData\PROD\AzureDataLake\GPS\Grant Managing Region.qvd","Engegement Officer",NA,NA,NA,NA,"lib://AppData/PROD/AzureDataLake/FUSION/Grant Activity.qvd","Grant Activity.Engagement Officer","qvd-sourced",343
"GPS QVD Generator","lib://AppData\PROD\AzureDataLake\GPS\Grant Managing Region.qvd","Source System Id%",NA,NA,NA,NA,NA,NA,"multi-source",343
"GPS QVD Generator","lib://AppData\PROD\AzureDataLake\GPS\Grant Managing Region.qvd","Source System",NA,NA,NA,NA,"lib://AppData/PROD/AzureDataLake/FUSION/Source System.qvd","Source System.Source System","qvd-sourced",343
"GPS QVD Generator","lib://AppData\PROD\AzureDataLake\GPS\Grant Activity Contact.qvd","Grant Activity Contact.Contact Id","AzureDbProdNIAADL","GPS","Grant Activity Contact","Contact Id",NA,NA,"mapped",618
"GPS QVD Generator","lib://AppData\PROD\AzureDataLake\GPS\Grant Activity Contact.qvd","Grant Activity Contact.Activity Id","AzureDbProdNIAADL","GPS","Grant Activity Contact","Activity Id",NA,NA,"mapped",618
"GPS QVD Generator","lib://AppData\PROD\AzureDataLake\GPS\Grant Activity Contact.qvd","Grant Activity Contact.Contact Title","AzureDbProdNIAADL","GPS","Grant Activity Contact","Contact Title",NA,NA,"mapped",618
"GPS QVD Generator","lib://AppData\PROD\AzureDataLake\GPS\Grant Activity Contact.qvd","Grant Activity Contact.Contact First Name","AzureDbProdNIAADL","GPS","Grant Activity Contact","Contact First Name",NA,NA,"mapped",618
"GPS QVD Generator","lib://AppData\PROD\AzureDataLake\GPS\Grant Activity Contact.qvd","Grant Activity Contact.Contact Last Name","AzureDbProdNIAADL","GPS","Grant Activity Contact","Contact Last Name",NA,NA,"mapped",618
"GPS QVD Generator","lib://AppData\PROD\AzureDataLake\GPS\Grant Activity Contact.qvd","Grant Activity Contact.Contact Email","AzureDbProdNIAADL","GPS","Grant Activity Contact","Contact Email",NA,NA,"mapped",618
"GPS QVD Generator","lib://AppData\PROD\AzureDataLake\GPS\Grant Activity Contact.qvd","Grant Activity Contact.Contact Phone Number","AzureDbProdNIAADL","GPS","Grant Activity Contact","Contact Phone Number",NA,NA,"mapped",618
"GPS QVD Generator","lib://AppData\PROD\AzureDataLake\GPS\Grant Activity Contact.qvd","Grant Activity Contact.Contact Street Address","AzureDbProdNIAADL","GPS","Grant Activity Contact","Contact Street Address",NA,NA,"mapped",618
"GPS QVD Generator","lib://AppData\PROD\AzureDataLake\GPS\Grant Activity Contact.qvd","Grant Activity Contact.Contact Street Address 2","AzureDbProdNIAADL","GPS","Grant Activity Contact","Contact Street Address 2",NA,NA,"mapped",618
"GPS QVD Generator","lib://AppData\PROD\AzureDataLake\GPS\Grant Activity Contact.qvd","Grant Activity Contact.Contact City","AzureDbProdNIAADL","GPS","Grant Activity Contact","Contact City",NA,NA,"mapped",618
"GPS QVD Generator","lib://AppData\PROD\AzureDataLake\GPS\Grant Activity Contact.qvd","Grant Activity Contact.Contact Postal Code","AzureDbProdNIAADL","GPS","Grant Activity Contact","Contact Postal Code",NA,NA,"mapped",618
"GPS QVD Generator","lib://AppData\PROD\AzureDataLake\GPS\Grant Activity Contact.qvd","Grant Activity Contact.Contact State","AzureDbProdNIAADL","GPS","Grant Activity Contact","Contact State",NA,NA,"mapped",618
"GPS QVD Generator","lib://AppData\PROD\AzureDataLake\GPS\Grant Activity Contact.qvd","Grant Activity Contact.Contact Country","AzureDbProdNIAADL","GPS","Grant Activity Contact","Contact Country",NA,NA,"mapped",618
"GPS QVD Generator","lib://AppData\PROD\AzureDataLake\GPS\Organisaiton Indigeniety.qvd","Organisaiton Indigeniety.Organisation ABN","AzureDbProdNIAADL","GPS","Organisaiton Indigeniety","Organisation ABN",NA,NA,"mapped",642
"GPS QVD Generator","lib://AppData\PROD\AzureDataLake\GPS\Organisaiton Indigeniety.qvd","Organisaiton Indigeniety.Organisation Legal Name","AzureDbProdNIAADL","GPS","Organisaiton Indigeniety","Organisation Legal Name",NA,NA,"mapped",642
"GPS QVD Generator","lib://AppData\PROD\AzureDataLake\GPS\Organisaiton Indigeniety.qvd","Organisation Indigeniety.Application Id","AzureDbProdNIAADL","GPS","Organisaiton Indigeniety","Application Id",NA,NA,"mapped",642
"GPS QVD Generator","lib://AppData\PROD\AzureDataLake\GPS\Organisaiton Indigeniety.qvd","Organisation Indigeniety.Application Received Date","AzureDbProdNIAADL","GPS","Organisaiton Indigeniety","Application Received Date",NA,NA,"mapped",642
"GPS QVD Generator","lib://AppData\PROD\AzureDataLake\GPS\Organisaiton Indigeniety.qvd","Organisaiton Indigeniety.Organisational Board/Management Committee","AzureDbProdNIAADL","GPS","Organisaiton Indigeniety","Organisational Board/Management Committee",NA,NA,"mapped",642
"GPS QVD Generator","lib://AppData\PROD\AzureDataLake\GPS\Organisaiton Indigeniety.qvd","Organisaiton Indigeniety.Organisational Membership/Ownership","AzureDbProdNIAADL","GPS","Organisaiton Indigeniety","Organisational Membership/Ownership",NA,NA,"mapped",642
"GPS QVD Generator","lib://AppData\PROD\AzureDataLake\GPS\Organisaiton Indigeniety.qvd","Organisaiton Indigeniety.First Nations Organisation","AzureDbProdNIAADL","GPS","Organisaiton Indigeniety","First Nations Organisation",NA,NA,"mapped",642
"GPS QVD Generator","lib://AppData\PROD\AzureDataLake\GPS\Grant Activity Performance.qvd","Grant Activity Performance.Activity Id","AzureDbProdNIAADL","GPS","Grant Activity Performance","Activity Id",NA,NA,"mapped",705
"GPS QVD Generator","lib://AppData\PROD\AzureDataLake\GPS\Grant Activity Performance.qvd","Grant Activity Performance.Milestone Id","AzureDbProdNIAADL","GPS","Grant Activity Performance","Milestone Id",NA,NA,"mapped",705
"GPS QVD Generator","lib://AppData\PROD\AzureDataLake\GPS\Grant Activity Performance.qvd","Grant Activity Performance.Review Id","AzureDbProdNIAADL","GPS","Grant Activity Performance","Review Id",NA,NA,"mapped",705
"GPS QVD Generator","lib://AppData\PROD\AzureDataLake\GPS\Grant Activity Performance.qvd","Grant Activity Performance.Grant Activity Review Id%","AzureDbProdNIAADL","GPS","Grant Activity Performance","Grant Activity Review Id",NA,NA,"mapped",705
"GPS QVD Generator","lib://AppData\PROD\AzureDataLake\GPS\Grant Activity Performance.qvd","Grant Activity Performance.Review Title","AzureDbProdNIAADL","GPS","Grant Activity Performance","Review Title",NA,NA,"mapped",705
"GPS QVD Generator","lib://AppData\PROD\AzureDataLake\GPS\Grant Activity Performance.qvd","Grant Activity Performance.Review Name","AzureDbProdNIAADL","GPS","Grant Activity Performance","Review Name",NA,NA,"mapped",705
"GPS QVD Generator","lib://AppData\PROD\AzureDataLake\GPS\Grant Activity Performance.qvd","Grant Activity Performance.Review Financial Year","AzureDbProdNIAADL","GPS","Grant Activity Performance","Review Financial Year",NA,NA,"mapped",705
"GPS QVD Generator","lib://AppData\PROD\AzureDataLake\GPS\Grant Activity Performance.qvd","Grant Activity Performance.Review Stage","AzureDbProdNIAADL","GPS","Grant Activity Performance","Review Stage",NA,NA,"mapped",705
"GPS QVD Generator","lib://AppData\PROD\AzureDataLake\GPS\Grant Activity Performance.qvd","Grant Activity Performance.Form Received Date","AzureDbProdNIAADL","GPS","Grant Activity Performance","Form Received Date",NA,NA,"mapped",705
"GPS QVD Generator","lib://AppData\PROD\AzureDataLake\GPS\Grant Activity Performance.qvd","Grant Activity Performance.Review Due Date","AzureDbProdNIAADL","GPS","Grant Activity Performance","Review Due Date",NA,NA,"mapped",705
"GPS QVD Generator","lib://AppData\PROD\AzureDataLake\GPS\Grant Activity Performance.qvd","Grant Activity Performance.Review Start Date","AzureDbProdNIAADL","GPS","Grant Activity Performance","Review Start Date",NA,NA,"mapped",705
"GPS QVD Generator","lib://AppData\PROD\AzureDataLake\GPS\Grant Activity Performance.qvd","Grant Activity Performance.Review End Date","AzureDbProdNIAADL","GPS","Grant Activity Performance","Review End Date",NA,NA,"mapped",705
"GPS QVD Generator","lib://AppData\PROD\AzureDataLake\GPS\Grant Activity Performance.qvd","Grant Activity Performance.Review Round","AzureDbProdNIAADL","GPS","Grant Activity Performance","Review Round",NA,NA,"mapped",705
"GPS QVD Generator","lib://AppData\PROD\AzureDataLake\GPS\Grant Activity Performance.qvd","Grant Activity Performance.Review Period","AzureDbProdNIAADL","GPS","Grant Activity Performance","Review Period",NA,NA,"mapped",705
"GPS QVD Generator","lib://AppData\PROD\AzureDataLake\GPS\Grant Activity Performance.qvd","Grant Activity Performance.Review Cycle","AzureDbProdNIAADL","GPS","Grant Activity Performance","Review Cycle",NA,NA,"mapped",705
"GPS QVD Generator","lib://AppData\PROD\AzureDataLake\GPS\Grant Activity Performance.qvd","Grant Activity Performance.Review Round Year","AzureDbProdNIAADL","GPS","Grant Activity Performance","Review Round Year",NA,NA,"mapped",705
"GPS QVD Generator","lib://AppData\PROD\AzureDataLake\GPS\Grant Activity Performance.qvd","Grant Activity Performance.Review No","AzureDbProdNIAADL","GPS","Grant Activity Performance","Review No",NA,NA,"mapped",705
"GPS QVD Generator","lib://AppData\PROD\AzureDataLake\GPS\Grant Activity Performance.qvd","Grant Activity Performance.Milestone Review Grouping Name","AzureDbProdNIAADL","GPS","Grant Activity Performance","Milestone Review Grouping Name",NA,NA,"mapped",705
"GPS QVD Generator","lib://AppData\PROD\AzureDataLake\GPS\Grant Activity Performance.qvd","Grant Activity Performance.Review Status","AzureDbProdNIAADL","GPS","Grant Activity Performance","Review Status",NA,NA,"mapped",705
"GPS QVD Generator","lib://AppData\PROD\AzureDataLake\GPS\Grant Activity Performance.qvd","Grant Activity Performance.Review Status Change Date","AzureDbProdNIAADL","GPS","Grant Activity Performance","Review Status Change Date",NA,NA,"mapped",705
"GPS QVD Generator","lib://AppData\PROD\AzureDataLake\GPS\Grant Activity Performance.qvd","Grant Activity Performance.Review Result Findings","AzureDbProdNIAADL","GPS","Grant Activity Performance","Review Result Findings",NA,NA,"mapped",705
"GPS QVD Generator","lib://AppData\PROD\AzureDataLake\GPS\Grant Activity Performance.qvd","Grant Activity Performance.Review Result Type","AzureDbProdNIAADL","GPS","Grant Activity Performance","Review Result Type",NA,NA,"mapped",705
"GPS QVD Generator","lib://AppData\PROD\AzureDataLake\GPS\Grant Activity Performance.qvd","Grant Activity Performance.Review Authorised By","AzureDbProdNIAADL","GPS","Grant Activity Performance","Review Authorised By",NA,NA,"mapped",705
"GPS QVD Generator","lib://AppData\PROD\AzureDataLake\GPS\Grant Activity Performance.qvd","Grant Activity Performance.Review Type","AzureDbProdNIAADL","GPS","Grant Activity Performance","Review Type",NA,NA,"mapped",705
"GPS QVD Generator","lib://AppData\PROD\AzureDataLake\GPS\Grant Activity Performance.qvd","Grant Activity Performance.Review Subtype","AzureDbProdNIAADL","GPS","Grant Activity Performance","Review Subtype",NA,NA,"mapped",705
"GPS QVD Generator","lib://AppData\PROD\AzureDataLake\GPS\Grant Activity Performance Item.qvd","Grant Activity Performance Item.Activity Id","AzureDbProdNIAADL","GPS","Grant Activity Performance Item","Activity Id",NA,NA,"mapped",733
"GPS QVD Generator","lib://AppData\PROD\AzureDataLake\GPS\Grant Activity Performance Item.qvd","Grant Activity Performance Item.Review Id","AzureDbProdNIAADL","GPS","Grant Activity Performance Item","Review Id",NA,NA,"mapped",733
"GPS QVD Generator","lib://AppData\PROD\AzureDataLake\GPS\Grant Activity Performance Item.qvd","Grant Activity Performance Item.Review Title","AzureDbProdNIAADL","GPS","Grant Activity Performance Item","Review Title",NA,NA,"mapped",733
"GPS QVD Generator","lib://AppData\PROD\AzureDataLake\GPS\Grant Activity Performance Item.qvd","Grant Activity Performance Item.Review Item Id","AzureDbProdNIAADL","GPS","Grant Activity Performance Item","Review Item Id",NA,NA,"mapped",733
"GPS QVD Generator","lib://AppData\PROD\AzureDataLake\GPS\Grant Activity Performance Item.qvd","Grant Activity Performance Item.Activity Performance Indicator Id","AzureDbProdNIAADL","GPS","Grant Activity Performance Item","Activity Performance Indicator Id",NA,NA,"mapped",733
"GPS QVD Generator","lib://AppData\PROD\AzureDataLake\GPS\Grant Activity Performance Item.qvd","Grant Activity Performance Item.Review Item Number","AzureDbProdNIAADL","GPS","Grant Activity Performance Item","Review Item Number",NA,NA,"mapped",733
"GPS QVD Generator","lib://AppData\PROD\AzureDataLake\GPS\Grant Activity Performance Item.qvd","Grant Activity Performance Item.Review Item Question","AzureDbProdNIAADL","GPS","Grant Activity Performance Item","Review Item Question",NA,NA,"mapped",733
"GPS QVD Generator","lib://AppData\PROD\AzureDataLake\GPS\Grant Activity Performance Item.qvd","Grant Activity Performance Item.Review Item Answer","AzureDbProdNIAADL","GPS","Grant Activity Performance Item","Review Item Answer",NA,NA,"mapped",733
"GPS QVD Generator","lib://AppData\PROD\AzureDataLake\GPS\Grant Activity Performance Item.qvd","Grant Activity Performance Item.Review Item Justification","AzureDbProdNIAADL","GPS","Grant Activity Performance Item","Review Item Justification",NA,NA,"mapped",733
"GPS QVD Generator","lib://AppData\PROD\AzureDataLake\GPS\Grant Activity Performance Indicator.qvd","Grant Activity Performance Indicator.Activity Performance Indicator Id","AzureDbProdNIAADL","GPS","Grant Activity Performance Indicator","Activity Performance Indicator Id",NA,NA,"mapped",757
"GPS QVD Generator","lib://AppData\PROD\AzureDataLake\GPS\Grant Activity Performance Indicator.qvd","Grant Activity Performance Indicator.Activity Id","AzureDbProdNIAADL","GPS","Grant Activity Performance Indicator","Activity Id",NA,NA,"mapped",757
"GPS QVD Generator","lib://AppData\PROD\AzureDataLake\GPS\Grant Activity Performance Indicator.qvd","Grant Activity Performance Indicator.Review Item Number","AzureDbProdNIAADL","GPS","Grant Activity Performance Indicator","Review Item Number",NA,NA,"mapped",757
"GPS QVD Generator","lib://AppData\PROD\AzureDataLake\GPS\Grant Activity Performance Indicator.qvd","Grant Activity Performance Indicator.Summary","AzureDbProdNIAADL","GPS","Grant Activity Performance Indicator","Summary",NA,NA,"mapped",757
"GPS QVD Generator","lib://AppData\PROD\AzureDataLake\GPS\Grant Activity Performance Indicator.qvd","Grant Activity Performance Indicator.Target","AzureDbProdNIAADL","GPS","Grant Activity Performance Indicator","Target",NA,NA,"mapped",757
"GPS QVD Generator","lib://AppData\PROD\AzureDataLake\GPS\Grant Activity Performance Indicator.qvd","Grant Activity Performance Indicator.Target Quantity","AzureDbProdNIAADL","GPS","Grant Activity Performance Indicator","Target Quantity",NA,NA,"mapped",757
"GPS QVD Generator","lib://AppData\PROD\AzureDataLake\GPS\Grant Activity Performance Indicator.qvd","Grant Activity Performance Indicator.Target Quantity Unit Measure","AzureDbProdNIAADL","GPS","Grant Activity Performance Indicator","Target Quantity Unit Measure",NA,NA,"mapped",757
"GPS QVD Generator","lib://AppData\PROD\AzureDataLake\GPS\Grant Activity Performance Derived History.qvd","Grant Activity Performance Derived History.End of Month","AzureDbProdNIAADL","GPS","Grant Activity Performance Derived History","End of Month",NA,NA,"mapped",770
"GPS QVD Generator","lib://AppData\PROD\AzureDataLake\GPS\Grant Activity Performance Derived History.qvd","Grant Activity Performance Derived History.Review Id","AzureDbProdNIAADL","GPS","Grant Activity Performance Derived History","Review Id",NA,NA,"mapped",770
"GPS QVD Generator","lib://AppData\PROD\AzureDataLake\GPS\Grant Activity.qvd","Grant Activity.Activity Id","AzureDbProdNIAADL","GPS","Grant Activity","Activity Id",NA,NA,"mapped",829
"GPS QVD Generator","lib://AppData\PROD\AzureDataLake\GPS\Grant Activity.qvd","Grant Activity.Organisation Id","AzureDbProdNIAADL","GPS","Grant Activity","Organisation Id",NA,NA,"mapped",829
"GPS QVD Generator","lib://AppData\PROD\AzureDataLake\GPS\Grant Activity.qvd","Grant Activity.Activity Application ID","AzureDbProdNIAADL","GPS","Grant Activity","Activity Application ID",NA,NA,"mapped",829
"GPS QVD Generator","lib://AppData\PROD\AzureDataLake\GPS\Grant Activity.qvd","Grant Activity.Activity Created Date","AzureDbProdNIAADL","GPS","Grant Activity","Activity Created Date",NA,NA,"mapped",829
"GPS QVD Generator","lib://AppData\PROD\AzureDataLake\GPS\Grant Activity.qvd","Grant Activity.Activity Title","AzureDbProdNIAADL","GPS","Grant Activity","Activity Title",NA,NA,"mapped",829
"GPS QVD Generator","lib://AppData\PROD\AzureDataLake\GPS\Grant Activity.qvd","Grant Activity.Managing Office - Activity","AzureDbProdNIAADL","GPS","Grant Activity","Managing Office - Activity",NA,NA,"mapped",829
"GPS QVD Generator","lib://AppData\PROD\AzureDataLake\GPS\Grant Activity.qvd","Grant Activity.Activity Status","AzureDbProdNIAADL","GPS","Grant Activity","Activity Status",NA,NA,"mapped",829
"GPS QVD Generator","lib://AppData\PROD\AzureDataLake\GPS\Grant Activity.qvd","Grant Activity.Activity Start Date","AzureDbProdNIAADL","GPS","Grant Activity","Activity Start Date",NA,NA,"mapped",829
"GPS QVD Generator","lib://AppData\PROD\AzureDataLake\GPS\Grant Activity.qvd","Grant Activity.Activity End Date","AzureDbProdNIAADL","GPS","Grant Activity","Activity End Date",NA,NA,"mapped",829
"GPS QVD Generator","lib://AppData\PROD\AzureDataLake\GPS\Grant Activity.qvd","Grant Activity.Activity End Reason","AzureDbProdNIAADL","GPS","Grant Activity","Activity End Reason",NA,NA,"mapped",829
"GPS QVD Generator","lib://AppData\PROD\AzureDataLake\GPS\Grant Activity.qvd","Grant Activity.Activity Execution State","AzureDbProdNIAADL","GPS","Grant Activity","Activity Execution State",NA,NA,"mapped",829
"GPS QVD Generator","lib://AppData\PROD\AzureDataLake\GPS\Grant Activity.qvd","Grant Activity.Activity Executed Date","AzureDbProdNIAADL","GPS","Grant Activity","Activity Executed Date",NA,NA,"mapped",829
"GPS QVD Generator","lib://AppData\PROD\AzureDataLake\GPS\Grant Activity.qvd","Grant Activity.Activity Long Description","AzureDbProdNIAADL","GPS","Grant Activity","Activity Long Description",NA,NA,"mapped",829
"GPS QVD Generator","lib://AppData\PROD\AzureDataLake\GPS\Grant Activity.qvd","Grant Activity.Activity External Reporting Purpose","AzureDbProdNIAADL","GPS","Grant Activity","Activity External Reporting Purpose",NA,NA,"mapped",829
"GPS QVD Generator","lib://AppData\PROD\AzureDataLake\GPS\Grant Activity.qvd","Grant Activity.Ministerial/Delegate Funding Approved By","AzureDbProdNIAADL","GPS","Grant Activity","Ministerial/Delegate Funding Approved By",NA,NA,"mapped",829
"GPS QVD Generator","lib://AppData\PROD\AzureDataLake\GPS\Grant Activity.qvd","Grant Activity.Ministerial/Delegate Funding Approved Date","AzureDbProdNIAADL","GPS","Grant Activity","Ministerial/Delegate Funding Approved Date",NA,NA,"mapped",829
"GPS QVD Generator","lib://AppData\PROD\AzureDataLake\GPS\Grant Activity.qvd","Grant Activity.Activity Approval Delegate","AzureDbProdNIAADL","GPS","Grant Activity","Activity Approval Delegate",NA,NA,"mapped",829
"GPS QVD Generator","lib://AppData\PROD\AzureDataLake\GPS\Grant Activity.qvd","Grant Activity.Activity Program Cost Centre","AzureDbProdNIAADL","GPS","Grant Activity","Activity Program Cost Centre",NA,NA,"mapped",829
"GPS QVD Generator","lib://AppData\PROD\AzureDataLake\GPS\Grant Activity.qvd","Grant Activity.Activity SACS Cost Centre","AzureDbProdNIAADL","GPS","Grant Activity","Activity SACS Cost Centre",NA,NA,"mapped",829
"GPS QVD Generator","lib://AppData\PROD\AzureDataLake\GPS\Grant Activity.qvd","Grant Activity.Activity SACS GL Code","AzureDbProdNIAADL","GPS","Grant Activity","Activity SACS GL Code",NA,NA,"mapped",829
"GPS QVD Generator","lib://AppData\PROD\AzureDataLake\GPS\Grant Activity.qvd","Grant Activity.Activity Tax Code","AzureDbProdNIAADL","GPS","Grant Activity","Activity Tax Code",NA,NA,"mapped",829
"GPS QVD Generator","lib://AppData\PROD\AzureDataLake\GPS\Grant Activity.qvd","Grant Activity.Activity Approved Date","AzureDbProdNIAADL","GPS","Grant Activity","Activity Approved Date",NA,NA,"mapped",829
"GPS QVD Generator","lib://AppData\PROD\AzureDataLake\GPS\Grant Activity.qvd","Grant Activity.Activity IMPACT PO Id","AzureDbProdNIAADL","GPS","Grant Activity","Activity IMPACT PO Id",NA,NA,"mapped",829
"GPS QVD Generator","lib://AppData\PROD\AzureDataLake\GPS\Grant Activity.qvd","Grant Activity.Activity Selection Strategy","AzureDbProdNIAADL","GPS","Grant Activity","Activity Selection Strategy",NA,NA,"mapped",829
"GPS QVD Generator","lib://AppData\PROD\AzureDataLake\GPS\Grant Activity Derived History.qvd","Grant Activity Derived History.End of Month","AzureDbProdNIAADL","GPS","Grant Activity Derived History","End of Month",NA,NA,"mapped",845
"GPS QVD Generator","lib://AppData\PROD\AzureDataLake\GPS\Grant Activity Derived History.qvd","Grant Activity Derived History.Grant Activity Id%","AzureDbProdNIAADL","GPS","Grant Activity Derived History","Grant Activity Id",NA,NA,"mapped",845
"GPS QVD Generator","lib://AppData\PROD\AzureDataLake\GPS\Grant Activity Derived History.qvd","Grant Activity Derived History.Activity Id","AzureDbProdNIAADL","GPS","Grant Activity Derived History","Activity Id",NA,NA,"mapped",845
"GPS QVD Generator","lib://AppData\PROD\AzureDataLake\GPS\Grant Activity Acquittal.qvd","Grant Activity Acquittal.Activity Id","AzureDbProdNIAADL","GPS","Grant Activity Acquittal","Activity Id",NA,NA,"mapped",1026
"GPS QVD Generator","lib://AppData\PROD\AzureDataLake\GPS\Grant Activity Acquittal.qvd","Grant Activity Acquittal.Milestone Id","AzureDbProdNIAADL","GPS","Grant Activity Acquittal","Milestone Id",NA,NA,"mapped",1026
"GPS QVD Generator","lib://AppData\PROD\AzureDataLake\GPS\Grant Activity Acquittal.qvd","Grant Activity Acquittal.Review Id","AzureDbProdNIAADL","GPS","Grant Activity Acquittal","Review Id",NA,NA,"mapped",1026
"GPS QVD Generator","lib://AppData\PROD\AzureDataLake\GPS\Grant Activity Acquittal.qvd","Grant Activity Acquittal.Review Title","AzureDbProdNIAADL","GPS","Grant Activity Acquittal","Review Title",NA,NA,"mapped",1026
"GPS QVD Generator","lib://AppData\PROD\AzureDataLake\GPS\Grant Activity Acquittal.qvd","Grant Activity Acquittal.Review Financial Year","AzureDbProdNIAADL","GPS","Grant Activity Acquittal","Review Financial Year",NA,NA,"mapped",1026
"GPS QVD Generator","lib://AppData\PROD\AzureDataLake\GPS\Grant Activity Acquittal.qvd","Grant Activity Acquittal.Review Stage","AzureDbProdNIAADL","GPS","Grant Activity Acquittal","Review Stage",NA,NA,"mapped",1026
"GPS QVD Generator","lib://AppData\PROD\AzureDataLake\GPS\Grant Activity Acquittal.qvd","Grant Activity Acquittal.Review Due Date","AzureDbProdNIAADL","GPS","Grant Activity Acquittal","Review Due Date",NA,NA,"mapped",1026
"GPS QVD Generator","lib://AppData\PROD\AzureDataLake\GPS\Grant Activity Acquittal.qvd","Grant Activity Acquittal.Review Start Date","AzureDbProdNIAADL","GPS","Grant Activity Acquittal","Review Start Date",NA,NA,"mapped",1026
"GPS QVD Generator","lib://AppData\PROD\AzureDataLake\GPS\Grant Activity Acquittal.qvd","Grant Activity Acquittal.Review End Date","AzureDbProdNIAADL","GPS","Grant Activity Acquittal","Review End Date",NA,NA,"mapped",1026
"GPS QVD Generator","lib://AppData\PROD\AzureDataLake\GPS\Grant Activity Acquittal.qvd","Grant Activity Acquittal.Milestone Review Grouping Name","AzureDbProdNIAADL","GPS","Grant Activity Acquittal","Milestone Review Grouping Name",NA,NA,"mapped",1026
"GPS QVD Generator","lib://AppData\PROD\AzureDataLake\GPS\Grant Activity Acquittal.qvd","Grant Activity Acquittal.Review Status","AzureDbProdNIAADL","GPS","Grant Activity Acquittal","Review Status",NA,NA,"mapped",1026
"GPS QVD Generator","lib://AppData\PROD\AzureDataLake\GPS\Grant Activity Acquittal.qvd","Grant Activity Acquittal.Review Status Change Date","AzureDbProdNIAADL","GPS","Grant Activity Acquittal","Review Status Change Date",NA,NA,"mapped",1026
"GPS QVD Generator","lib://AppData\PROD\AzureDataLake\GPS\Grant Activity Acquittal.qvd","Grant Activity Acquittal.Acquittal Amount","AzureDbProdNIAADL","GPS","Grant Activity Acquittal","Acquittal Amount",NA,NA,"mapped",1026
"GPS QVD Generator","lib://AppData\PROD\AzureDataLake\GPS\Grant Activity Acquittal.qvd","Grant Activity Acquittal.Activity Base Value Ex GST","AzureDbProdNIAADL","GPS","Grant Activity Acquittal","Activity Base Value Ex GST",NA,NA,"mapped",1026
"GPS QVD Generator","lib://AppData\PROD\AzureDataLake\GPS\Grant Activity Acquittal.qvd","Grant Activity Acquittal.Review Item Justification","AzureDbProdNIAADL","GPS","Grant Activity Acquittal","Review Item Justification",NA,NA,"mapped",1026
"GPS QVD Generator","lib://AppData\PROD\AzureDataLake\GPS\Grant Activity Acquittal.qvd","Grant Activity Acquittal.Review Result Findings","AzureDbProdNIAADL","GPS","Grant Activity Acquittal","Review Result Findings",NA,NA,"mapped",1026
"GPS QVD Generator","lib://AppData\PROD\AzureDataLake\GPS\Grant Activity Acquittal.qvd","Grant Activity Acquittal.Review Result Type","AzureDbProdNIAADL","GPS","Grant Activity Acquittal","Review Result Type",NA,NA,"mapped",1026
"GPS QVD Generator","lib://AppData\PROD\AzureDataLake\GPS\Grant Activity Acquittal.qvd","Grant Activity Acquittal.Review Authorised By","AzureDbProdNIAADL","GPS","Grant Activity Acquittal","Review Authorised By",NA,NA,"mapped",1026
"GPS QVD Generator","lib://AppData\PROD\AzureDataLake\GPS\Grant Activity Acquittal.qvd","Grant Activity Acquittal.Review Type","AzureDbProdNIAADL","GPS","Grant Activity Acquittal","Review Type",NA,NA,"mapped",1026
"GPS QVD Generator","lib://AppData\PROD\AzureDataLake\GPS\Grant Activity Acquittal.qvd","Grant Activity Acquittal.Review Subtype","AzureDbProdNIAADL","GPS","Grant Activity Acquittal","Review Subtype",NA,NA,"mapped",1026
"GPS QVD Generator","lib://AppData\PROD\AzureDataLake\GPS\Grant Activity Acquittal.qvd","Grant Activity Acquittal.Reviewer Type","AzureDbProdNIAADL","GPS","Grant Activity Acquittal","Reviewer Type",NA,NA,"mapped",1026
"GPS QVD Generator","lib://AppData\PROD\AzureDataLake\GPS\Grant Activity Acquittal.qvd","Grant Activity Acquittal.Review Result Score","AzureDbProdNIAADL","GPS","Grant Activity Acquittal","Review Result Score",NA,NA,"mapped",1026
"GPS QVD Generator","lib://AppData\PROD\AzureDataLake\GPS\Grant Activity Acquittal.qvd","Grant Activity Acquittal.Review Form Sent Date","AzureDbProdNIAADL","GPS","Grant Activity Acquittal","Review Form Sent Date",NA,NA,"mapped",1026
"GPS QVD Generator","lib://AppData\PROD\AzureDataLake\GPS\Grant Activity Acquittal.qvd","Grant Activity Acquittal.Review Form Received Date","AzureDbProdNIAADL","GPS","Grant Activity Acquittal","Review Form Received Date",NA,NA,"mapped",1026
"GPS QVD Generator","lib://AppData\PROD\AzureDataLake\GPS\Grant Activity Acquittal.qvd","Grant Activity Acquittal.Review Status Change Reason","AzureDbProdNIAADL","GPS","Grant Activity Acquittal","Review Status Change Reason",NA,NA,"mapped",1026
"GPS QVD Generator","lib://AppData\PROD\AzureDataLake\GPS\Grant Activity Acquittal.qvd","Grant Activity Acquittal.Review Status Other Change Reason","AzureDbProdNIAADL","GPS","Grant Activity Acquittal","Review Status Other Change Reason",NA,NA,"mapped",1026
"GPS QVD Generator","lib://AppData\PROD\AzureDataLake\GPS\Grant Activity Acquittal.qvd","Grant Activity Acquittal.Review Overdue Period","AzureDbProdNIAADL","GPS","Grant Activity Acquittal","Review Overdue Period",NA,NA,"mapped",1026
"GPS QVD Generator","lib://AppData\PROD\AzureDataLake\GPS\Grant Activity Acquittal.qvd","Grant Activity Acquittal.Review Grouping Description","AzureDbProdNIAADL","GPS","Grant Activity Acquittal","Review Grouping Description",NA,NA,"mapped",1026
"GPS QVD Generator","lib://AppData\PROD\AzureDataLake\GPS\Grant Activity Acquittal Item.qvd","Grant Activity Acquittal Item.Review Id","AzureDbProdNIAADL","GPS","Grant Activity Acquittal Item","Review Id",NA,NA,"mapped",1048
"GPS QVD Generator","lib://AppData\PROD\AzureDataLake\GPS\Grant Activity Acquittal Item.qvd","Grant Activity Acquittal Item.Review Title","AzureDbProdNIAADL","GPS","Grant Activity Acquittal Item","Review Title",NA,NA,"mapped",1048
"GPS QVD Generator","lib://AppData\PROD\AzureDataLake\GPS\Grant Activity Acquittal Item.qvd","Grant Activity Acquittal Item.Review Item Number","AzureDbProdNIAADL","GPS","Grant Activity Acquittal Item","Review Item Number",NA,NA,"mapped",1048
"GPS QVD Generator","lib://AppData\PROD\AzureDataLake\GPS\Grant Activity Acquittal Item.qvd","Grant Activity Acquittal Item.Review Item Question","AzureDbProdNIAADL","GPS","Grant Activity Acquittal Item","Review Item Question",NA,NA,"mapped",1048
"GPS QVD Generator","lib://AppData\PROD\AzureDataLake\GPS\Grant Activity Acquittal Item.qvd","Grant Activity Acquittal Item.Review Item Answer","AzureDbProdNIAADL","GPS","Grant Activity Acquittal Item","Review Item Answer",NA,NA,"mapped",1048
"GPS QVD Generator","lib://AppData\PROD\AzureDataLake\GPS\Grant Activity Acquittal Item.qvd","Grant Activity Acquittal Item.Review Item Justification","AzureDbProdNIAADL","GPS","Grant Activity Acquittal Item","Review Item Justification",NA,NA,"mapped",1048
"GPS QVD Generator","lib://AppData\PROD\AzureDataLake\GPS\Grant Activity Acquittal Error.qvd","Grant Activity Acquittal Error.Review Id","AzureDbProdNIAADL","GPS","Grant Activity Acquittal Error","Review Id",NA,NA,"mapped",1063
"GPS QVD Generator","lib://AppData\PROD\AzureDataLake\GPS\Grant Activity Acquittal Error.qvd","Grant Activity Acquittal Error.Error","AzureDbProdNIAADL","GPS","Grant Activity Acquittal Error","Error",NA,NA,"mapped",1063
"GPS QVD Generator","lib://AppData\PROD\AzureDataLake\GPS\Grant Activity Acquittal Error.qvd","Grant Activity Acquittal Error.Error Number","AzureDbProdNIAADL","GPS","Grant Activity Acquittal Error","Error Number",NA,NA,"mapped",1063
"GPS QVD Generator","lib://AppData\PROD\AzureDataLake\GPS\Grant Activity Acquittal Derived History.qvd","Grant Activity Acquittal Derived History.End of Month","AzureDbProdNIAADL","GPS","Grant Activity Acquittal Derived History","End of Month",NA,NA,"mapped",1078
"GPS QVD Generator","lib://AppData\PROD\AzureDataLake\GPS\Grant Activity Acquittal Derived History.qvd","Grant Activity Acquittal Derived History.Review Id","AzureDbProdNIAADL","GPS","Grant Activity Acquittal Derived History","Review Id",NA,NA,"mapped",1078
"GPS QVD Generator","lib://AppData\PROD\AzureDataLake\GPS\Grant Activity Acquittal Derived History.qvd","Grant Activity Acquittal Derived History.Days Overdue","AzureDbProdNIAADL","GPS","Grant Activity Acquittal Derived History","Days Overdue",NA,NA,"mapped",1078
"GPS QVD Generator","lib://AppData\PROD\AzureDataLake\GPS\Grant Application.qvd","Grant Application.Application Id","AzureDbProdNIAADL","GPS","Grant Application","Application Id",NA,NA,"mapped",1160
"GPS QVD Generator","lib://AppData\PROD\AzureDataLake\GPS\Grant Application.qvd","Grant Application.Application Received Date","AzureDbProdNIAADL","GPS","Grant Application","DATE([Application Received Date],'D/M/YYYY')",NA,NA,"parse-error",1160
"GPS QVD Generator","lib://AppData\PROD\AzureDataLake\GPS\Grant Application.qvd","Grant Application.Application Received Financial Year","AzureDbProdNIAADL","GPS","Grant Application","Application Received Financial Year",NA,NA,"mapped",1160
"GPS QVD Generator","lib://AppData\PROD\AzureDataLake\GPS\Grant Application.qvd","Grant Application.Organisation Id","AzureDbProdNIAADL","GPS","Grant Application","Organisation Id",NA,NA,"mapped",1160
"GPS QVD Generator","lib://AppData\PROD\AzureDataLake\GPS\Grant Application.qvd","Grant Application.Organisation ABN","AzureDbProdNIAADL","GPS","Grant Application","Organisation ABN",NA,NA,"mapped",1160
"GPS QVD Generator","lib://AppData\PROD\AzureDataLake\GPS\Grant Application.qvd","Grant Application.Organisation Legal Name","AzureDbProdNIAADL","GPS","Grant Application","Organisation Legal Name",NA,NA,"mapped",1160
"GPS QVD Generator","lib://AppData\PROD\AzureDataLake\GPS\Grant Application.qvd","Grant Application.Application Activity Managing Office","AzureDbProdNIAADL","GPS","Grant Application","Application Activity Managing Office",NA,NA,"mapped",1160
"GPS QVD Generator","lib://AppData\PROD\AzureDataLake\GPS\Grant Application.qvd","Grant Application.Application Program Schedule Managing Office","AzureDbProdNIAADL","GPS","Grant Application","Application Program Schedule Managing Office",NA,NA,"mapped",1160
"GPS QVD Generator","lib://AppData\PROD\AzureDataLake\GPS\Grant Application.qvd","Grant Application.Application Activity Start Date","AzureDbProdNIAADL","GPS","Grant Application","DATE([Application Activity Start Date],'D/M/YYYY')",NA,NA,"parse-error",1160
"GPS QVD Generator","lib://AppData\PROD\AzureDataLake\GPS\Grant Application.qvd","Grant Application.Application Activity End Date","AzureDbProdNIAADL","GPS","Grant Application","DATE([Application Activity End Date] ,'D/M/YYYY')",NA,NA,"parse-error",1160
"GPS QVD Generator","lib://AppData\PROD\AzureDataLake\GPS\Grant Application.qvd","Grant Application.Applicaiton Description","AzureDbProdNIAADL","GPS","Grant Application","Application Description",NA,NA,"mapped",1160
"GPS QVD Generator","lib://AppData\PROD\AzureDataLake\GPS\Grant Application.qvd","Grant Application.Application Submission Reference","AzureDbProdNIAADL","GPS","Grant Application","Application Submission Reference",NA,NA,"mapped",1160
"GPS QVD Generator","lib://AppData\PROD\AzureDataLake\GPS\Grant Application.qvd","Grant Application.Funding Round Name","AzureDbProdNIAADL","GPS","Grant Application","Funding Round Name",NA,NA,"mapped",1160
"GPS QVD Generator","lib://AppData\PROD\AzureDataLake\GPS\Grant Application.qvd","Grant Application.Funding Round Id","AzureDbProdNIAADL","GPS","Grant Application","Funding Round Id",NA,NA,"mapped",1160
"GPS QVD Generator","lib://AppData\PROD\AzureDataLake\GPS\Grant Application.qvd","Grant Application.Application State","AzureDbProdNIAADL","GPS","Grant Application","Application State",NA,NA,"mapped",1160
"GPS QVD Generator","lib://AppData\PROD\AzureDataLake\GPS\Grant Application.qvd","Grant Application.Application Evaluation Team Name","AzureDbProdNIAADL","GPS","Grant Application","Application Evaluation Team Name",NA,NA,"mapped",1160
"GPS QVD Generator","lib://AppData\PROD\AzureDataLake\GPS\Grant Application.qvd","Grant Application.Appraisal Compliant Status","AzureDbProdNIAADL","GPS","Grant Application","Appraisal Compliant Status",NA,NA,"mapped",1160
"GPS QVD Generator","lib://AppData\PROD\AzureDataLake\GPS\Grant Application.qvd","Grant Application.Appraisal Eligible Status","AzureDbProdNIAADL","GPS","Grant Application","Appraisal Eligible Status",NA,NA,"mapped",1160
"GPS QVD Generator","lib://AppData\PROD\AzureDataLake\GPS\Grant Application.qvd","Grant Application.Late Application Status","AzureDbProdNIAADL","GPS","Grant Application","Late Application Status",NA,NA,"mapped",1160
"GPS QVD Generator","lib://AppData\PROD\AzureDataLake\GPS\Grant Application.qvd","Grant Application.Application Activity Title","AzureDbProdNIAADL","GPS","Grant Application","Application Activity Title",NA,NA,"mapped",1160
"GPS QVD Generator","lib://AppData\PROD\AzureDataLake\GPS\Grant Application.qvd","Grant Application.Application Status","AzureDbProdNIAADL","GPS","Grant Application","Application Status",NA,NA,"mapped",1160
"GPS QVD Generator","lib://AppData\PROD\AzureDataLake\GPS\Grant Application.qvd","Grant Application.Application Sub Status","AzureDbProdNIAADL","GPS","Grant Application","Application Sub Status",NA,NA,"mapped",1160
"GPS QVD Generator","lib://AppData\PROD\AzureDataLake\GPS\Grant Application.qvd","Grant Application.Application Status Change Date","AzureDbProdNIAADL","GPS","Grant Application","Application Status Change Date",NA,NA,"mapped",1160
"GPS QVD Generator","lib://AppData\PROD\AzureDataLake\GPS\Grant Application.qvd","Grant Application.Application Submission Type","AzureDbProdNIAADL","GPS","Grant Application","Application Submission Type",NA,NA,"mapped",1160
"GPS QVD Generator","lib://AppData\PROD\AzureDataLake\GPS\Grant Application.qvd","Grant Application.Application Tax Code","AzureDbProdNIAADL","GPS","Grant Application","Application Tax Code",NA,NA,"mapped",1160
"GPS QVD Generator","lib://AppData\PROD\AzureDataLake\GPS\Grant Application.qvd","Grant Application.Application Funding Approved By","AzureDbProdNIAADL","GPS","Grant Application","Application Funding Approved By",NA,NA,"mapped",1160
"GPS QVD Generator","lib://AppData\PROD\AzureDataLake\GPS\Grant Application.qvd","Grant Application.Applicaiton Funding Approved Date","AzureDbProdNIAADL","GPS","Grant Application","DATE([Application Funding Approved Date],'D/M/YYYY')",NA,NA,"parse-error",1160
"GPS QVD Generator","lib://AppData\PROD\AzureDataLake\GPS\Grant Application.qvd","Grant Application.Application Minute Reference Number","AzureDbProdNIAADL","GPS","Grant Application","Application Minute Reference Number",NA,NA,"mapped",1160
"GPS QVD Generator","lib://AppData\PROD\AzureDataLake\GPS\Grant Application.qvd","Grant Application.Ranking","AzureDbProdNIAADL","GPS","Grant Application","Ranking",NA,NA,"mapped",1160
"GPS QVD Generator","lib://AppData\PROD\AzureDataLake\GPS\Grant Application.qvd","Grant Application.Selection Strategy","AzureDbProdNIAADL","GPS","Grant Application","Selection Strategy",NA,NA,"mapped",1160
"GPS QVD Generator","lib://AppData\PROD\AzureDataLake\GPS\Grant Application.qvd","Grant Application.Grant Opportunity Id","AzureDbProdNIAADL","GPS","Grant Application","Grant Opportunity Id",NA,NA,"mapped",1160
"GPS QVD Generator","lib://AppData\PROD\AzureDataLake\GPS\Grant Application Derived History.qvd","Grant Application Derived History.End of Month","AzureDbProdNIAADL","GPS","Grant Application Derived History","End of Month",NA,NA,"mapped",1178
"GPS QVD Generator","lib://AppData\PROD\AzureDataLake\GPS\Grant Application Derived History.qvd","Grant Application Derived History.Grant Application Id","AzureDbProdNIAADL","GPS","Grant Application Derived History","Grant Application Id",NA,NA,"mapped",1178
"GPS QVD Generator","lib://AppData\PROD\AzureDataLake\GPS\Grant Application Derived History.qvd","Grant Application Derived History.Application Id","AzureDbProdNIAADL","GPS","Grant Application Derived History","Application Id",NA,NA,"mapped",1178
"GPS QVD Generator","lib://AppData\PROD\AzureDataLake\GPS\Grant Application Derived History.qvd","Grant Application Derived History.Processing Days","AzureDbProdNIAADL","GPS","Grant Application Derived History","Processing Days",NA,NA,"mapped",1178
"GPS QVD Generator","lib://AppData\PROD\AzureDataLake\GPS\Grant Application Financial FY.qvd","Grant Application Financial FY.Application Id","AzureDbProdNIAADL","GPS","Grant Application Financial","Application Id",NA,NA,"mapped",1210
"GPS QVD Generator","lib://AppData\PROD\AzureDataLake\GPS\Grant Application Financial FY.qvd","Grant Application Financial FY.Application Financial Id","AzureDbProdNIAADL","GPS","Grant Application Financial","Application Financial Id",NA,NA,"mapped",1210
"GPS QVD Generator","lib://AppData\PROD\AzureDataLake\GPS\Grant Application Financial FY.qvd","Grant Application Financial FY.Financial Year","AzureDbProdNIAADL","GPS","Grant Application Financial","Financial Year",NA,NA,"mapped",1210
"GPS QVD Generator","lib://AppData\PROD\AzureDataLake\GPS\Grant Application Financial FY.qvd","Grant Application Financial FY.Application Funding Applied For Ex GST","AzureDbProdNIAADL","GPS","Grant Application Financial","Application Funding Applied For Ex GST",NA,NA,"mapped",1210
"GPS QVD Generator","lib://AppData\PROD\AzureDataLake\GPS\Grant Application Financial FY.qvd","Grant Application Financial FY.Application Funding Amount Recommended Ex GST","AzureDbProdNIAADL","GPS","Grant Application Financial","Application Funding Amount Recommended Ex GST",NA,NA,"mapped",1210
"GPS QVD Generator","lib://AppData\PROD\AzureDataLake\GPS\Grant Application Financial FY.qvd","Grant Application Financial FY.Programme Id","AzureDbProdNIAADL","GPS","Grant Application Financial","Programme Id",NA,NA,"mapped",1210
"GPS QVD Generator","lib://AppData\PROD\AzureDataLake\GPS\Grant Application Financial FY.qvd","Grant Application Financial FY.Programme Name","AzureDbProdNIAADL","GPS","Grant Application Financial","Programme Name",NA,NA,"mapped",1210
"GPS QVD Generator","lib://AppData\PROD\AzureDataLake\GPS\Grant Application Financial FY.qvd","Grant Application Financial FY.Funding Round Id","AzureDbProdNIAADL","GPS","Grant Application Financial","Funding Round Id",NA,NA,"mapped",1210
"GPS QVD Generator","lib://AppData\PROD\AzureDataLake\GPS\Grant Application Financial FY.qvd","Grant Application Financial FY.Funding Round","AzureDbProdNIAADL","GPS","Grant Application Financial","Funding Round",NA,NA,"mapped",1210
"GPS QVD Generator","lib://AppData\PROD\AzureDataLake\GPS\Grant Application Assessment Score.qvd","Grant Application Assessment Score.Application Id","AzureDbProdNIAADL","GPS","Grant Application Assessment Score","Application Id",NA,NA,"mapped",1249
"GPS QVD Generator","lib://AppData\PROD\AzureDataLake\GPS\Grant Application Assessment Score.qvd","Grant Application Assessment Score.Application Assessment Header Id","AzureDbProdNIAADL","GPS","Grant Application Assessment Score","Application Assessment Header Id",NA,NA,"mapped",1249
"GPS QVD Generator","lib://AppData\PROD\AzureDataLake\GPS\Grant Application Assessment Score.qvd","Grant Application Assessment Score.Application Assessment Created by","AzureDbProdNIAADL","GPS","Grant Application Assessment Score","Application Assessment Created by",NA,NA,"mapped",1249
"GPS QVD Generator","lib://AppData\PROD\AzureDataLake\GPS\Grant Application Assessment Score.qvd","Grant Application Assessment Score.Application Assessment Final Indicator","AzureDbProdNIAADL","GPS","Grant Application Assessment Score","Application Assessment Final Indicator",NA,NA,"mapped",1249
"GPS QVD Generator","lib://AppData\PROD\AzureDataLake\GPS\Grant Application Assessment Score.qvd","Grant Application Assessment Score.Application Assessment Appraiser","AzureDbProdNIAADL","GPS","Grant Application Assessment Score","Application Assessment Appraiser",NA,NA,"mapped",1249
"GPS QVD Generator","lib://AppData\PROD\AzureDataLake\GPS\Grant Application Assessment Score.qvd","Grant Application Assessment Score.Application Assessment Header Status","AzureDbProdNIAADL","GPS","Grant Application Assessment Score","Application Assessment Header Status",NA,NA,"mapped",1249
"GPS QVD Generator","lib://AppData\PROD\AzureDataLake\GPS\Grant Application Assessment Score.qvd","Grant Application Assessment Score.Application Assessment Type","AzureDbProdNIAADL","GPS","Grant Application Assessment Score","Application Assessment Type",NA,NA,"mapped",1249
"GPS QVD Generator","lib://AppData\PROD\AzureDataLake\GPS\Grant Application Assessment Score.qvd","Grant Application Assessment Score.Application Assessment Final Score","AzureDbProdNIAADL","GPS","Grant Application Assessment Score","Application Assessment Final Score",NA,NA,"mapped",1249
"GPS QVD Generator","lib://AppData\PROD\AzureDataLake\GPS\Grant Application Assessment Score.qvd","Grant Application Assessment Score.Application Assessment Maximum Score","AzureDbProdNIAADL","GPS","Grant Application Assessment Score","Application Assessment Maximum Score",NA,NA,"mapped",1249
"GPS QVD Generator","lib://AppData\PROD\AzureDataLake\GPS\Grant Application Assessment Details.qvd","Grant Application Assessment Details.Application Id","AzureDbProdNIAADL","GPS","Grant Application Assessment Details","Application Id",NA,NA,"mapped",1293
"GPS QVD Generator","lib://AppData\PROD\AzureDataLake\GPS\Grant Application Assessment Details.qvd","Grant Application Assessment Details.Application Appraisal Assessment Header Id","AzureDbProdNIAADL","GPS","Grant Application Assessment Details","Application Appraisal Assessment Header Id",NA,NA,"mapped",1293
"GPS QVD Generator","lib://AppData\PROD\AzureDataLake\GPS\Grant Application Assessment Details.qvd","Grant Application Assessment Details.Application Appraisal Assessment Detail Id","AzureDbProdNIAADL","GPS","Grant Application Assessment Details","Application Appraisal Assessment Detail Id",NA,NA,"mapped",1293
"GPS QVD Generator","lib://AppData\PROD\AzureDataLake\GPS\Grant Application Assessment Details.qvd","Grant Application Assessment Details.Application Appraiser","AzureDbProdNIAADL","GPS","Grant Application Assessment Details","Application Appraiser",NA,NA,"mapped",1293
"GPS QVD Generator","lib://AppData\PROD\AzureDataLake\GPS\Grant Application Assessment Details.qvd","Grant Application Assessment Details.Application Appraisals Assessment Guidelines","AzureDbProdNIAADL","GPS","Grant Application Assessment Details","Application Appraisals Assessment Guidelines",NA,NA,"mapped",1293
"GPS QVD Generator","lib://AppData\PROD\AzureDataLake\GPS\Grant Application Assessment Details.qvd","Grant Application Assessment Details.Application Appraisals Assessment Criteria","AzureDbProdNIAADL","GPS","Grant Application Assessment Details","Application Appraisals Assessment Criteria",NA,NA,"mapped",1293
"GPS QVD Generator","lib://AppData\PROD\AzureDataLake\GPS\Grant Application Assessment Details.qvd","Grant Application Assessment Details.Application Appraisals Assessment Detail","AzureDbProdNIAADL","GPS","Grant Application Assessment Details","Application Appraisals Assessment Detail",NA,NA,"mapped",1293
"GPS QVD Generator","lib://AppData\PROD\AzureDataLake\GPS\Grant Application Assessment Details.qvd","Grant Application Assessment Details.Application Appraisal Header Status","AzureDbProdNIAADL","GPS","Grant Application Assessment Details","Application Appraisal Header Status",NA,NA,"mapped",1293
"GPS QVD Generator","lib://AppData\PROD\AzureDataLake\GPS\Grant Application Assessment Details.qvd","Grant Application Assessment Details.Application Appraisals Score","AzureDbProdNIAADL","GPS","Grant Application Assessment Details","Application Appraisals Score",NA,NA,"mapped",1293
"GPS QVD Generator","lib://AppData\PROD\AzureDataLake\GPS\Grant Application Assessment Details.qvd","Grant Application Assessment Details.Application Appraisal Assessment Weight Number","AzureDbProdNIAADL","GPS","Grant Application Assessment Details","Application Appraisal Assessment Weight Number",NA,NA,"mapped",1293
"GPS QVD Generator","lib://AppData\PROD\AzureDataLake\GPS\Grant Application Assessment Details.qvd","Grant Application Assessment Details.Application Appraisals Assessment Order","AzureDbProdNIAADL","GPS","Grant Application Assessment Details","Application Appraisals Assessment Order",NA,NA,"mapped",1293
"GPS QVD Generator","lib://AppData\PROD\AzureDataLake\GPS\Grant Application Assessment Details.qvd","Grant Application Assessment Details.Application Appraisal Assessment Appraisal","AzureDbProdNIAADL","GPS","Grant Application Assessment Details","Application Appraisal Assessment Appraisal",NA,NA,"mapped",1293
"GPS QVD Generator","lib://AppData\PROD\AzureDataLake\GPS\Grant Application Assessment Details.qvd","Grant Application Assessment Details.Application Appraisal Assessment Response","AzureDbProdNIAADL","GPS","Grant Application Assessment Details","Application Appraisal Assessment Response",NA,NA,"mapped",1293
"GPS QVD Generator","lib://AppData\PROD\AzureDataLake\GPS\Grant Application Assessment Details.qvd","Grant Application Assessment Details.Application Appraisals Assessment Justification","AzureDbProdNIAADL","GPS","Grant Application Assessment Details","Application Appraisals Assessment Justification",NA,NA,"mapped",1293
"GPS QVD Generator","lib://AppData\PROD\AzureDataLake\GPS\Grant Application Compliance Assessment.qvd","Grant Application Compliance Assessment.Application Id","AzureDbProdNIAADL","GPS","Grant Application Compliance Assessment","Application Id",NA,NA,"mapped",1327
"GPS QVD Generator","lib://AppData\PROD\AzureDataLake\GPS\Grant Application Compliance Assessment.qvd","Grant Application Compliance Assessment.Application Compliance Assessment Detail Id","AzureDbProdNIAADL","GPS","Grant Application Compliance Assessment","Application Compliance Assessment Detail Id",NA,NA,"mapped",1327
"GPS QVD Generator","lib://AppData\PROD\AzureDataLake\GPS\Grant Application Compliance Assessment.qvd","Grant Application Compliance Assessment.Application Compliance Criteria Guidelines","AzureDbProdNIAADL","GPS","Grant Application Compliance Assessment","Application Compliance Criteria Guidelines",NA,NA,"mapped",1327
"GPS QVD Generator","lib://AppData\PROD\AzureDataLake\GPS\Grant Application Compliance Assessment.qvd","Grant Application Compliance Assessment.Application Compliance Criteria","AzureDbProdNIAADL","GPS","Grant Application Compliance Assessment","Application Compliance Criteria",NA,NA,"mapped",1327
"GPS QVD Generator","lib://AppData\PROD\AzureDataLake\GPS\Grant Application Compliance Assessment.qvd","Grant Application Compliance Assessment.Application Compliance Criteria Assessment","AzureDbProdNIAADL","GPS","Grant Application Compliance Assessment","Application Compliance Criteria Assessment",NA,NA,"mapped",1327
"GPS QVD Generator","lib://AppData\PROD\AzureDataLake\GPS\Grant Application Compliance Assessment.qvd","Grant Application Compliance Assessment.Application Compliance Score","AzureDbProdNIAADL","GPS","Grant Application Compliance Assessment","Application Compliance Score",NA,NA,"mapped",1327
"GPS QVD Generator","lib://AppData\PROD\AzureDataLake\GPS\Grant Application Compliance Assessment.qvd","Grant Application Compliance Assessment.Application Compliance Assessment Weight Number","AzureDbProdNIAADL","GPS","Grant Application Compliance Assessment","Application Compliance Assessment Weight Number",NA,NA,"mapped",1327
"GPS QVD Generator","lib://AppData\PROD\AzureDataLake\GPS\Grant Application Compliance Assessment.qvd","Grant Application Compliance Assessment.Application Compliance Criteria Order","AzureDbProdNIAADL","GPS","Grant Application Compliance Assessment","Application Compliance Criteria Order",NA,NA,"mapped",1327
"GPS QVD Generator","lib://AppData\PROD\AzureDataLake\GPS\Grant Application Compliance Assessment.qvd","Grant Application Compliance Assessment.Application Compliance Criteria Justification","AzureDbProdNIAADL","GPS","Grant Application Compliance Assessment","Application Compliance Criteria Justification",NA,NA,"mapped",1327
"GPS QVD Generator","lib://AppData\PROD\AzureDataLake\GPS\Grant Application Eligibility Assessment.qvd","Grant Application Eligibility Assessment.Application Id","AzureDbProdNIAADL","GPS","Grant Application Eligibility Assessment","Application Id",NA,NA,"mapped",1359
"GPS QVD Generator","lib://AppData\PROD\AzureDataLake\GPS\Grant Application Eligibility Assessment.qvd","Grant Application Eligibility Assessment.Application Eligibility Assessment Detail Id","AzureDbProdNIAADL","GPS","Grant Application Eligibility Assessment","Application Eligibility Assessment Detail Id",NA,NA,"mapped",1359
"GPS QVD Generator","lib://AppData\PROD\AzureDataLake\GPS\Grant Application Eligibility Assessment.qvd","Grant Application Eligibility Assessment.Application Eligibility Criteria Guidelines","AzureDbProdNIAADL","GPS","Grant Application Eligibility Assessment","Application Eligibility Criteria Guidelines",NA,NA,"mapped",1359
"GPS QVD Generator","lib://AppData\PROD\AzureDataLake\GPS\Grant Application Eligibility Assessment.qvd","Grant Application Eligibility Assessment.Application Eligibility Criteria","AzureDbProdNIAADL","GPS","Grant Application Eligibility Assessment","Application Eligibility Criteria",NA,NA,"mapped",1359
"GPS QVD Generator","lib://AppData\PROD\AzureDataLake\GPS\Grant Application Eligibility Assessment.qvd","Grant Application Eligibility Assessment.Application Eligibility Criteria Assessment","AzureDbProdNIAADL","GPS","Grant Application Eligibility Assessment","Application Eligibility Criteria Assessment",NA,NA,"mapped",1359
"GPS QVD Generator","lib://AppData\PROD\AzureDataLake\GPS\Grant Application Eligibility Assessment.qvd","Grant Application Eligibility Assessment.Application Eligibility Assessment Score","AzureDbProdNIAADL","GPS","Grant Application Eligibility Assessment","Application Eligibility Assessment Score",NA,NA,"mapped",1359
"GPS QVD Generator","lib://AppData\PROD\AzureDataLake\GPS\Grant Application Eligibility Assessment.qvd","Grant Application Eligibility Assessment.Application Eligibility Assessment Weight Number","AzureDbProdNIAADL","GPS","Grant Application Eligibility Assessment","Application Eligibility Assessment Weight Number",NA,NA,"mapped",1359
"GPS QVD Generator","lib://AppData\PROD\AzureDataLake\GPS\Grant Application Eligibility Assessment.qvd","Grant Application Eligibility Assessment.Application Eligibility Criteria Order","AzureDbProdNIAADL","GPS","Grant Application Eligibility Assessment","Application Eligibility Criteria Order",NA,NA,"mapped",1359
"GPS QVD Generator","lib://AppData\PROD\AzureDataLake\GPS\Grant Application Eligibility Assessment.qvd","Grant Application Eligibility Assessment.Application Eligibility Criteria Justification","AzureDbProdNIAADL","GPS","Grant Application Eligibility Assessment","Application Eligibility Criteria Justification",NA,NA,"mapped",1359
"GPS QVD Generator","lib://AppData\PROD\AzureDataLake\GPS\Grant Application Information Detail.qvd","Grant Application Information Detail.Application Id","AzureDbProdNIAADL","GPS","Grant Application Information Detail","Application Id",NA,NA,"mapped",1385
"GPS QVD Generator","lib://AppData\PROD\AzureDataLake\GPS\Grant Application Information Detail.qvd","Grant Application Information Detail.Grant Application Information Detail Id","AzureDbProdNIAADL","GPS","Grant Application Information Detail","Grant Application Information Detail Id",NA,NA,"mapped",1385
"GPS QVD Generator","lib://AppData\PROD\AzureDataLake\GPS\Grant Application Information Detail.qvd","Grant Application Information Detail.Grant Application Information Question","AzureDbProdNIAADL","GPS","Grant Application Information Detail","Grant Application Information Question",NA,NA,"mapped",1385
"GPS QVD Generator","lib://AppData\PROD\AzureDataLake\GPS\Grant Application Information Detail.qvd","Grant Application Information Detail.Grant Application Information Assessment Score","AzureDbProdNIAADL","GPS","Grant Application Information Detail","Grant Application Information Assessment Score",NA,NA,"mapped",1385
"GPS QVD Generator","lib://AppData\PROD\AzureDataLake\GPS\Grant Application Information Detail.qvd","Grant Application Information Detail.Grant Application Information Sequence Number","AzureDbProdNIAADL","GPS","Grant Application Information Detail","Grant Application Information Sequence Number",NA,NA,"mapped",1385
"GPS QVD Generator","lib://AppData\PROD\AzureDataLake\GPS\Grant Application Information Detail.qvd","Grant Application Information Detail.Grant Application Information Response","AzureDbProdNIAADL","GPS","Grant Application Information Detail","Grant Application Information Response",NA,NA,"mapped",1385
"GPS QVD Generator","lib://AppData\PROD\AzureDataLake\GPS\Grant Application Delivery Locations.qvd","Application Id","AzureDbProdNIAADL","GPS","Grant Application Location","Application Id",NA,NA,"mapped",1410
"GPS QVD Generator","lib://AppData\PROD\AzureDataLake\GPS\Grant Application Delivery Locations.qvd","Suburb","AzureDbProdNIAADL","GPS","Grant Application Location","Suburb",NA,NA,"mapped",1410
"GPS QVD Generator","lib://AppData\PROD\AzureDataLake\GPS\Grant Application Delivery Locations.qvd","Total Amount","AzureDbProdNIAADL","GPS","Grant Application Location","Total Amount",NA,NA,"mapped",1410
"GPS QVD Generator","lib://AppData\PROD\AzureDataLake\GPS\Grant Application Delivery Locations.qvd","State","AzureDbProdNIAADL","GPS","Grant Application Location","State",NA,NA,"mapped",1410
"GPS QVD Generator","lib://AppData\PROD\AzureDataLake\GPS\Grant Application Coverage Area.qvd","Grant Application Coverage Area.Application Id","AzureDbProdNIAADL","GPS","Grant Application Coverage Area","Application Id",NA,NA,"mapped",1447
"GPS QVD Generator","lib://AppData\PROD\AzureDataLake\GPS\Grant Application Coverage Area.qvd","Grant Application Coverage Area.Coverage Area No","AzureDbProdNIAADL","GPS","Grant Application Coverage Area","Coverage Area No",NA,NA,"mapped",1447
"GPS QVD Generator","lib://AppData\PROD\AzureDataLake\GPS\Grant Application Coverage Area.qvd","Grant Application Coverage Area.Grant Application Information Detail Id","AzureDbProdNIAADL","GPS","Grant Application Coverage Area","Grant Application Information Detail Id",NA,NA,"mapped",1447
"GPS QVD Generator","lib://AppData\PROD\AzureDataLake\GPS\Grant Application Coverage Area.qvd","Grant Application Coverage Area.Name","AzureDbProdNIAADL","GPS","Grant Application Coverage Area","Name",NA,NA,"mapped",1447
"GPS QVD Generator","lib://AppData\PROD\AzureDataLake\GPS\Grant Application Coverage Area.qvd","Grant Application Coverage Area.State","AzureDbProdNIAADL","GPS","Grant Application Coverage Area","State",NA,NA,"mapped",1447
"GPS QVD Generator","lib://AppData\PROD\AzureDataLake\GPS\Grant Application Coverage Area.qvd","Grant Application Coverage Area.FY1 Amount","AzureDbProdNIAADL","GPS","Grant Application Coverage Area","FY1 Amount",NA,NA,"mapped",1447
"GPS QVD Generator","lib://AppData\PROD\AzureDataLake\GPS\Grant Application Coverage Area.qvd","Grant Application Coverage Area.FY2 Amount","AzureDbProdNIAADL","GPS","Grant Application Coverage Area","FY2 Amount",NA,NA,"mapped",1447
"GPS QVD Generator","lib://AppData\PROD\AzureDataLake\GPS\Grant Application Coverage Area.qvd","Grant Application Coverage Area.FY3 Amount","AzureDbProdNIAADL","GPS","Grant Application Coverage Area","FY3 Amount",NA,NA,"mapped",1447
"GPS QVD Generator","lib://AppData\PROD\AzureDataLake\GPS\Grant Application Coverage Area.qvd","Grant Application Coverage Area.FY4 Amount","AzureDbProdNIAADL","GPS","Grant Application Coverage Area","FY4 Amount",NA,NA,"mapped",1447
"GPS QVD Generator","lib://AppData\PROD\AzureDataLake\GPS\Grant Application Coverage Area.qvd","Grant Application Coverage Area.FY5 Amount","AzureDbProdNIAADL","GPS","Grant Application Coverage Area","FY5 Amount",NA,NA,"mapped",1447
"GPS QVD Generator","lib://AppData\PROD\AzureDataLake\GPS\Grant Application Coverage Area.qvd","Grant Application Coverage Area.FY6 Amount","AzureDbProdNIAADL","GPS","Grant Application Coverage Area","FY6 Amount",NA,NA,"mapped",1447
"GPS QVD Generator","lib://AppData\PROD\AzureDataLake\GPS\Grant Application Coverage Area.qvd","Grant Application Coverage Area.Total Amount","AzureDbProdNIAADL","GPS","Grant Application Coverage Area","Total Amount",NA,NA,"mapped",1447
"GPS QVD Generator","lib://AppData\PROD\AzureDataLake\GPS\Grant Application Coverage Area.qvd","Grant Application Coverage Area.Total Amount Percent","AzureDbProdNIAADL","GPS","Grant Application Coverage Area","Total Amount Percent",NA,NA,"mapped",1447
"GPS QVD Generator","lib://AppData\PROD\AzureDataLake\GPS\GPS Data Warehouse Load Time.qvd","Data Source Code","AzureDbProdNIAADL","GPS","Data Warehouse Load Time","Data Source Code",NA,NA,"mapped",1627
"GPS QVD Generator","lib://AppData\PROD\AzureDataLake\GPS\GPS Data Warehouse Load Time.qvd","Siebel Cut Off Date Time","AzureDbProdNIAADL","GPS","Data Warehouse Load Time","Siebel Cut Off Date Time",NA,NA,"mapped",1627
"GPS QVD Generator","lib://AppData\PROD\AzureDataLake\GPS\GPS Data Warehouse Load Time.qvd","Warehouse Load Time","AzureDbProdNIAADL","GPS","Data Warehouse Load Time","Warehouse Load Time",NA,NA,"mapped",1627
"GPS QVD Generator","lib://AppData\PROD\AzureDataLake\GPS\Grant Application Service Area.qvd","Application Id%","AzureDbProdNIAADL","GPS","Grant Application Service Area","Application Id",NA,NA,"mapped",1658
"GPS QVD Generator","lib://AppData\PROD\AzureDataLake\GPS\Grant Application Service Area.qvd","Grant Application Service Area.Application Service Area Id","AzureDbProdNIAADL","GPS","Grant Application Service Area","Application Service Area Id",NA,NA,"mapped",1658
"GPS QVD Generator","lib://AppData\PROD\AzureDataLake\GPS\Grant Application Service Area.qvd","Grant Application Service Area.Application Service Area Excluded Flag","AzureDbProdNIAADL","GPS","Grant Application Service Area","Application Service Area Excluded Flag",NA,NA,"mapped",1658
"GPS QVD Generator","lib://AppData\PROD\AzureDataLake\GPS\Grant Application Service Area.qvd","Grant Application Service Area.Application Service Area Percentage of Funding","AzureDbProdNIAADL","GPS","Grant Application Service Area","num([Application Service Area Percentage of Funding])",NA,NA,"parse-error",1658
"GPS QVD Generator","lib://AppData\PROD\AzureDataLake\GPS\Grant Application Service Area.qvd","Grant Application Service Area.Application Ranking By Service Area","AzureDbProdNIAADL","GPS","Grant Application Service Area","Application Ranking By Service Area",NA,NA,"mapped",1658
"GPS QVD Generator","lib://AppData\PROD\AzureDataLake\GPS\Grant Application Service Area.qvd","Grant Application Service Area.Application Service Area Value","AzureDbProdNIAADL","GPS","Grant Application Service Area","Application Service Area Value",NA,NA,"mapped",1658
"GPS QVD Generator","lib://AppData\PROD\AzureDataLake\GPS\Grant Application Service Area.qvd","Grant Application Service Area.Application Service Area Type","AzureDbProdNIAADL","GPS","Grant Application Service Area","Application Service Area Type",NA,NA,"mapped",1658
"GPS QVD Generator","lib://AppData\PROD\AzureDataLake\GPS\Grant Application Service Area.qvd","Grant Application Service Area.Application Service Area Funding Amount","AzureDbProdNIAADL","GPS","Grant Application Service Area","Application Service Area Funding Amount",NA,NA,"mapped",1658
"GPS QVD Generator","lib://AppData\PROD\AzureDataLake\GPS\Grant Application Attachment.qvd","Application Id%","AzureDbProdNIAADL","GPS","Grant Application Attachment","Application Id",NA,NA,"mapped",1684
"GPS QVD Generator","lib://AppData\PROD\AzureDataLake\GPS\Grant Application Attachment.qvd","Grant Application Attachment.Application Attachment Id","AzureDbProdNIAADL","GPS","Grant Application Attachment","Application Attachment Id",NA,NA,"mapped",1684
"GPS QVD Generator","lib://AppData\PROD\AzureDataLake\GPS\Grant Application Attachment.qvd","Grant Application Attachment.Application Attachments Comments","AzureDbProdNIAADL","GPS","Grant Application Attachment","Application Attachments Comments",NA,NA,"mapped",1684
"GPS QVD Generator","lib://AppData\PROD\AzureDataLake\GPS\Grant Application Attachment.qvd","Grant Application Attachment.Application Attachments Document Type","AzureDbProdNIAADL","GPS","Grant Application Attachment","Application Attachments Document Type",NA,NA,"mapped",1684
"GPS QVD Generator","lib://AppData\PROD\AzureDataLake\GPS\Grant Application Attachment.qvd","Grant Application Attachment.Application Attachments Modified Date","AzureDbProdNIAADL","GPS","Grant Application Attachment","date([Application Attachments Modified Date],'dd/mm/yyyy hh:mm:ss')",NA,NA,"parse-error",1684
"GPS QVD Generator","lib://AppData\PROD\AzureDataLake\GPS\Grant Application Attachment.qvd","Grant Application Attachment.Application Attachments Type","AzureDbProdNIAADL","GPS","Grant Application Attachment","Application Attachments Type",NA,NA,"mapped",1684
"GPS QVD Generator","lib://AppData\PROD\AzureDataLake\GPS\Grant Application Attachment.qvd","Grant Application Attachment.Application Attachments Name","AzureDbProdNIAADL","GPS","Grant Application Attachment","Application Attachments Name",NA,NA,"mapped",1684
"GPS QVD Generator","lib://AppData\PROD\AzureDataLake\GPS\Grant Application Attachment.qvd","Grant Application Attachment.Application Attachments Size","AzureDbProdNIAADL","GPS","Grant Application Attachment","Application Attachments Size",NA,NA,"mapped",1684
"GPS QVD Generator","lib://AppData\PROD\AzureDataLake\GPS\Grant Organisation.qvd","Organisation Id%","AzureDbProdNIAADL","GPS","Grant Organisation","Organisation Id",NA,NA,"mapped",1835
"GPS QVD Generator","lib://AppData\PROD\AzureDataLake\GPS\Grant Organisation.qvd","Grant Organisation.Organisation ABN","AzureDbProdNIAADL","GPS","Grant Organisation","Organisation ABN",NA,NA,"mapped",1835
"GPS QVD Generator","lib://AppData\PROD\AzureDataLake\GPS\Grant Organisation.qvd","Grant Organisation.Organisation Org Test Record Flag","AzureDbProdNIAADL","GPS","Grant Organisation","Organisation Org Test Record Flag",NA,NA,"mapped",1835
"GPS QVD Generator","lib://AppData\PROD\AzureDataLake\GPS\Grant Organisation.qvd","Grant Organisation.Organisation Blocked for New Agreements","AzureDbProdNIAADL","GPS","Grant Organisation","Organisation Blocked for New Agreements",NA,NA,"mapped",1835
"GPS QVD Generator","lib://AppData\PROD\AzureDataLake\GPS\Grant Organisation.qvd","Grant Organisation.Organisation Replacement Organisation Id","AzureDbProdNIAADL","GPS","Grant Organisation","Organisation Replacement Organisation Id",NA,NA,"mapped",1835
"GPS QVD Generator","lib://AppData\PROD\AzureDataLake\GPS\Grant Organisation.qvd","Grant Organisation.Organisation ACNC Charity Status","AzureDbProdNIAADL","GPS","Grant Organisation","Organisation ACNC Charity Status",NA,NA,"mapped",1835
"GPS QVD Generator","lib://AppData\PROD\AzureDataLake\GPS\Grant Organisation.qvd","Grant Organisation.Organisation Party Type","AzureDbProdNIAADL","GPS","Grant Organisation","Organisation Party Type",NA,NA,"mapped",1835
"GPS QVD Generator","lib://AppData\PROD\AzureDataLake\GPS\Grant Organisation.qvd","Grant Organisation.Organisation General Email","AzureDbProdNIAADL","GPS","Grant Organisation","Organisation General Email",NA,NA,"mapped",1835
"GPS QVD Generator","lib://AppData\PROD\AzureDataLake\GPS\Grant Organisation.qvd","Grant Organisation.Organisation Entity Type","AzureDbProdNIAADL","GPS","Grant Organisation","Organisation Entity Type",NA,NA,"mapped",1835
"GPS QVD Generator","lib://AppData\PROD\AzureDataLake\GPS\Grant Organisation.qvd","Grant Organisation.Organisation For Profit Indicator","AzureDbProdNIAADL","GPS","Grant Organisation","Organisation For Profit Indicator",NA,NA,"mapped",1835
"GPS QVD Generator","lib://AppData\PROD\AzureDataLake\GPS\Grant Organisation.qvd","Grant Organisation.Organisation GST Registered","AzureDbProdNIAADL","GPS","Grant Organisation","Organisation GST Registered",NA,NA,"mapped",1835
"GPS QVD Generator","lib://AppData\PROD\AzureDataLake\GPS\Grant Organisation.qvd","Grant Organisation.Organisation ICN","AzureDbProdNIAADL","GPS","Grant Organisation","Organisation ICN",NA,NA,"mapped",1835
"GPS QVD Generator","lib://AppData\PROD\AzureDataLake\GPS\Grant Organisation.qvd","Grant Organisation.Organisation Indigenous Status","AzureDbProdNIAADL","GPS","Grant Organisation","Organisation Indigenous Status",NA,NA,"mapped",1835
"GPS QVD Generator","lib://AppData\PROD\AzureDataLake\GPS\Grant Organisation.qvd","Grant Organisation.Organisation Legal Name","AzureDbProdNIAADL","GPS","Grant Organisation","Organisation Legal Name",NA,NA,"mapped",1835
"GPS QVD Generator","lib://AppData\PROD\AzureDataLake\GPS\Grant Organisation.qvd","Grant Organisation.Organisation Financial Email","AzureDbProdNIAADL","GPS","Grant Organisation","Organisation Financial Email",NA,NA,"mapped",1835
"GPS QVD Generator","lib://AppData\PROD\AzureDataLake\GPS\Grant Organisation.qvd","Grant Organisation.Organisation Fax Number","AzureDbProdNIAADL","GPS","Grant Organisation","Organisation Fax Number",NA,NA,"mapped",1835
"GPS QVD Generator","lib://AppData\PROD\AzureDataLake\GPS\Grant Organisation.qvd","Grant Organisation.Organisation Phone","AzureDbProdNIAADL","GPS","Grant Organisation","Organisation Phone",NA,NA,"mapped",1835
"GPS QVD Generator","lib://AppData\PROD\AzureDataLake\GPS\Grant Organisation.qvd","Grant Organisation.Organisation Web Address","AzureDbProdNIAADL","GPS","Grant Organisation","Organisation Web Address",NA,NA,"mapped",1835
"GPS QVD Generator","lib://AppData\PROD\AzureDataLake\GPS\Grant Organisation.qvd","Grant Organisation.Organisation Organisation Category","AzureDbProdNIAADL","GPS","Grant Organisation","Organisation Organisation Category",NA,NA,"mapped",1835
"GPS QVD Generator","lib://AppData\PROD\AzureDataLake\GPS\Grant Organisation.qvd","Grant Organisation.Organisation Type","AzureDbProdNIAADL","GPS","Grant Organisation","Organisation Type",NA,NA,"mapped",1835
"GPS QVD Generator","lib://AppData\PROD\AzureDataLake\GPS\Grant Organisation.qvd","Grant Organisation.Organisation Parent Organisation Id","AzureDbProdNIAADL","GPS","Grant Organisation","Organisation Parent Organisation Id",NA,NA,"mapped",1835
"GPS QVD Generator","lib://AppData\PROD\AzureDataLake\GPS\Grant Organisation.qvd","Grant Organisation.Organisation Name","AzureDbProdNIAADL","GPS","Grant Organisation","Organisation Name",NA,NA,"mapped",1835
"GPS QVD Generator","lib://AppData\PROD\AzureDataLake\GPS\Grant Organisation.qvd","Grant Organisation.Organisation Preferred Payment Method","AzureDbProdNIAADL","GPS","Grant Organisation","Organisation Preferred Payment Method",NA,NA,"mapped",1835
"GPS QVD Generator","lib://AppData\PROD\AzureDataLake\GPS\Grant Organisation.qvd","Grant Organisation.Organisation Preferred Payment Terms","AzureDbProdNIAADL","GPS","Grant Organisation","Organisation Preferred Payment Terms",NA,NA,"mapped",1835
"GPS QVD Generator","lib://AppData\PROD\AzureDataLake\GPS\Grant Organisation.qvd","Grant Organisation.Organisation Business_Address_Part_2","AzureDbProdNIAADL","GPS","Grant Organisation","Organisation Business_Address_Part_2",NA,NA,"mapped",1835
"GPS QVD Generator","lib://AppData\PROD\AzureDataLake\GPS\Grant Organisation.qvd","Grant Organisation.Organisation Business Address Id","AzureDbProdNIAADL","GPS","Grant Organisation","Organisation Business Address Id",NA,NA,"mapped",1835
"GPS QVD Generator","lib://AppData\PROD\AzureDataLake\GPS\Grant Organisation.qvd","Grant Organisation.Organisation Primary Purpose","AzureDbProdNIAADL","GPS","Grant Organisation","Organisation Primary Purpose",NA,NA,"mapped",1835
"GPS QVD Generator","lib://AppData\PROD\AzureDataLake\GPS\Grant Organisation.qvd","Grant Organisation.Organisation Professional Indemnity Amount","AzureDbProdNIAADL","GPS","Grant Organisation","Organisation Professional Indemnity Amount",NA,NA,"mapped",1835
"GPS QVD Generator","lib://AppData\PROD\AzureDataLake\GPS\Grant Organisation.qvd","Grant Organisation.Organisation Professional Indemnity Expiry Date","AzureDbProdNIAADL","GPS","Grant Organisation","Organisation Professional Indemnity Expiry Date",NA,NA,"mapped",1835
"GPS QVD Generator","lib://AppData\PROD\AzureDataLake\GPS\Grant Organisation.qvd","Grant Organisation.Organisation Public Liability Amount","AzureDbProdNIAADL","GPS","Grant Organisation","Organisation Public Liability Amount",NA,NA,"mapped",1835
"GPS QVD Generator","lib://AppData\PROD\AzureDataLake\GPS\Grant Organisation.qvd","Grant Organisation.Organisation Public Liability Expiry Date","AzureDbProdNIAADL","GPS","Grant Organisation","Organisation Public Liability Expiry Date",NA,NA,"mapped",1835
"GPS QVD Generator","lib://AppData\PROD\AzureDataLake\GPS\Grant Organisation.qvd","Grant Organisation.Organisation RCTI Agreement Flag","AzureDbProdNIAADL","GPS","Grant Organisation","Organisation RCTI Agreement Flag",NA,NA,"mapped",1835
"GPS QVD Generator","lib://AppData\PROD\AzureDataLake\GPS\Grant Organisation.qvd","Grant Organisation.Organisation Status Change Reason","AzureDbProdNIAADL","GPS","Grant Organisation","Organisation Status Change Reason",NA,NA,"mapped",1835
"GPS QVD Generator","lib://AppData\PROD\AzureDataLake\GPS\Grant Organisation.qvd","Grant Organisation.Organisation Status","AzureDbProdNIAADL","GPS","Grant Organisation","Organisation Status",NA,NA,"mapped",1835
"GPS QVD Generator","lib://AppData\PROD\AzureDataLake\GPS\Grant Organisation.qvd","Grant Organisation.Organisation Status Requested By","AzureDbProdNIAADL","GPS","Grant Organisation","Organisation Status Requested By",NA,NA,"mapped",1835
"GPS QVD Generator","lib://AppData\PROD\AzureDataLake\GPS\Grant Organisation.qvd","Grant Organisation.Organisation Trading Name","AzureDbProdNIAADL","GPS","Grant Organisation","Organisation Trading Name",NA,NA,"mapped",1835
"GPS QVD Generator","lib://AppData\PROD\AzureDataLake\GPS\Grant Organisation.qvd","Grant Organisation.Organisation Override Activity Risk Profile Requirement","AzureDbProdNIAADL","GPS","Grant Organisation","Organisation Override Activity Risk Profile Requirement",NA,NA,"mapped",1835
"GPS QVD Generator","lib://AppData\PROD\AzureDataLake\GPS\Grant Organisation.qvd","Grant Organisation.Organisation Overview","AzureDbProdNIAADL","GPS","Grant Organisation","Organisation Overview",NA,NA,"mapped",1835
"GPS QVD Generator","lib://AppData\PROD\AzureDataLake\GPS\Grant Organisation.qvd","Grant Organisation.DEX Organisation Id","AzureDbProdNIAADL","GPS","Grant Organisation","DEX Organisation Id",NA,NA,"mapped",1835
"GPS QVD Generator","lib://AppData\PROD\AzureDataLake\GPS\Grant Organisation.qvd","Grant Organisation.Organisation Service Provider Flag","AzureDbProdNIAADL","GPS","Grant Organisation","Organisation Service Provider Flag",NA,NA,"mapped",1835
"GPS QVD Generator","lib://AppData\PROD\AzureDataLake\GPS\Grant Organisation.qvd","Grant Organisation.Organisation PAYEE_FLAG","AzureDbProdNIAADL","GPS","Grant Organisation","Organisation PAYEE_FLAG",NA,NA,"mapped",1835
"GPS QVD Generator","lib://AppData\PROD\AzureDataLake\GPS\Grant Organisation.qvd","Grant Organisation.Organisation CRN","AzureDbProdNIAADL","GPS","Grant Organisation","Organisation CRN",NA,NA,"mapped",1835
"GPS QVD Generator","lib://AppData\PROD\AzureDataLake\GPS\Grant Organisation.qvd","Grant Organisation.Organisation Business Address Line 1","AzureDbProdNIAADL","GPS","Grant Organisation","Organisation Business Address Line 1",NA,NA,"mapped",1835
"GPS QVD Generator","lib://AppData\PROD\AzureDataLake\GPS\Grant Organisation.qvd","Grant Organisation.Organisation Business Address Line 2","AzureDbProdNIAADL","GPS","Grant Organisation","Organisation Business Address Line 2",NA,NA,"mapped",1835
"GPS QVD Generator","lib://AppData\PROD\AzureDataLake\GPS\Grant Organisation.qvd","Grant Organisation.Organisation Business Address Suburb / Town","AzureDbProdNIAADL","GPS","Grant Organisation","Organisation Business Address Suburb / Town",NA,NA,"mapped",1835
"GPS QVD Generator","lib://AppData\PROD\AzureDataLake\GPS\Grant Organisation.qvd","Grant Organisation.Organisation Business Address State","AzureDbProdNIAADL","GPS","Grant Organisation","Organisation Business Address State",NA,NA,"mapped",1835
"GPS QVD Generator","lib://AppData\PROD\AzureDataLake\GPS\Grant Organisation.qvd","Grant Organisation.Organisation Business Address Postcode","AzureDbProdNIAADL","GPS","Grant Organisation","Organisation Business Address Postcode",NA,NA,"mapped",1835
"GPS QVD Generator","lib://AppData\PROD\AzureDataLake\GPS\Grant Organisation.qvd","Grant Organisation.Organisation Business Address Country","AzureDbProdNIAADL","GPS","Grant Organisation","Organisation Business Address Country",NA,NA,"mapped",1835
"GPS QVD Generator","lib://AppData\PROD\AzureDataLake\GPS\Grant Organisation.qvd","Grant Organisation.Organisation Business_Address_Part_1","AzureDbProdNIAADL","GPS","Grant Organisation","Organisation Business_Address_Part_1",NA,NA,"mapped",1835
"GPS QVD Generator","lib://AppData\PROD\AzureDataLake\GPS\Grant Organisation.qvd","Grant Organisation.Organisation Business Address Manual Override Flag","AzureDbProdNIAADL","GPS","Grant Organisation","Organisation Business Address Manual Override Flag",NA,NA,"mapped",1835
"GPS QVD Generator","lib://AppData\PROD\AzureDataLake\GPS\Grant Organisation.qvd","Grant Organisation.Organisation Business Address Precision","AzureDbProdNIAADL","GPS","Grant Organisation","Organisation Business Address Precision",NA,NA,"mapped",1835
"GPS QVD Generator","lib://AppData\PROD\AzureDataLake\GPS\Grant Organisation.qvd","Grant Organisation.Organisation Business Geocode Score","AzureDbProdNIAADL","GPS","Grant Organisation","Organisation Business Geocode Score",NA,NA,"mapped",1835
"GPS QVD Generator","lib://AppData\PROD\AzureDataLake\GPS\Grant Organisation.qvd","Grant Organisation.Organisation Business Concatenated Address","AzureDbProdNIAADL","GPS","Grant Organisation","Organisation Business Concatenated Address",NA,NA,"mapped",1835
"GPS QVD Generator","lib://AppData\PROD\AzureDataLake\GPS\Grant Organisation.qvd","Grant Organisation.Organisation Mailing Address Line 1","AzureDbProdNIAADL","GPS","Grant Organisation","Organisation Mailing Address Line 1",NA,NA,"mapped",1835
"GPS QVD Generator","lib://AppData\PROD\AzureDataLake\GPS\Grant Organisation.qvd","Grant Organisation.Organisation Mailing Address Line 2","AzureDbProdNIAADL","GPS","Grant Organisation","Organisation Mailing Address Line 2",NA,NA,"mapped",1835
"GPS QVD Generator","lib://AppData\PROD\AzureDataLake\GPS\Grant Organisation.qvd","Grant Organisation.Organisation Mailing Address Suburb / Town","AzureDbProdNIAADL","GPS","Grant Organisation","Organisation Mailing Address Suburb / Town",NA,NA,"mapped",1835
"GPS QVD Generator","lib://AppData\PROD\AzureDataLake\GPS\Grant Organisation.qvd","Grant Organisation.Organisation Mailing Address State","AzureDbProdNIAADL","GPS","Grant Organisation","Organisation Mailing Address State",NA,NA,"mapped",1835
"GPS QVD Generator","lib://AppData\PROD\AzureDataLake\GPS\Grant Organisation.qvd","Grant Organisation.Organisation Mailing Address Postcode","AzureDbProdNIAADL","GPS","Grant Organisation","Organisation Mailing Address Postcode",NA,NA,"mapped",1835
"GPS QVD Generator","lib://AppData\PROD\AzureDataLake\GPS\Grant Organisation.qvd","Grant Organisation.Organisation Mailing Address Country","AzureDbProdNIAADL","GPS","Grant Organisation","Organisation Mailing Address Country",NA,NA,"mapped",1835
"GPS QVD Generator","lib://AppData\PROD\AzureDataLake\GPS\Grant Organisation.qvd","Grant Organisation.Organisation Mailing_Address_Part_1","AzureDbProdNIAADL","GPS","Grant Organisation","Organisation Mailing_Address_Part_1",NA,NA,"mapped",1835
"GPS QVD Generator","lib://AppData\PROD\AzureDataLake\GPS\Grant Organisation.qvd","Grant Organisation.Organisation  Mailing_Address_Part_2","AzureDbProdNIAADL","GPS","Grant Organisation","Organisation  Mailing_Address_Part_2",NA,NA,"mapped",1835
"GPS QVD Generator","lib://AppData\PROD\AzureDataLake\GPS\Grant Organisation.qvd","Grant Organisation.Organisation Entity Mail Address Id","AzureDbProdNIAADL","GPS","Grant Organisation","Organisation Entity Mail Address Id",NA,NA,"mapped",1835
"GPS QVD Generator","lib://AppData\PROD\AzureDataLake\GPS\Grant Organisation.qvd","Grant Organisation.Organisation MAIL_MANUAL_OVERRIDE","AzureDbProdNIAADL","GPS","Grant Organisation","Organisation MAIL_MANUAL_OVERRIDE",NA,NA,"mapped",1835
"GPS QVD Generator","lib://AppData\PROD\AzureDataLake\GPS\Grant Organisation.qvd","Grant Organisation.Organisation MAIL_PRECISION","AzureDbProdNIAADL","GPS","Grant Organisation","Organisation MAIL_PRECISION",NA,NA,"mapped",1835
"GPS QVD Generator","lib://AppData\PROD\AzureDataLake\GPS\Grant Organisation.qvd","Grant Organisation.Organisation MAIL_GEOCODING_SCORE","AzureDbProdNIAADL","GPS","Grant Organisation","Organisation MAIL_GEOCODING_SCORE",NA,NA,"mapped",1835
"GPS QVD Generator","lib://AppData\PROD\AzureDataLake\GPS\Grant Organisation.qvd","Grant Organisation.Organisation Mailing Concatenated Address","AzureDbProdNIAADL","GPS","Grant Organisation","Organisation Mailing Concatenated Address",NA,NA,"mapped",1835
"GPS QVD Generator","lib://AppData\PROD\AzureDataLake\GPS\Grant Organisation.qvd","Grant Organisation.Organisation Business Address Latitude","AzureDbProdNIAADL","GPS","Grant Organisation","Organisation Business Address Latitude",NA,NA,"mapped",1835
"GPS QVD Generator","lib://AppData\PROD\AzureDataLake\GPS\Grant Organisation.qvd","Grant Organisation.Organisation Business Address Longitude","AzureDbProdNIAADL","GPS","Grant Organisation","Organisation Business Address Longitude",NA,NA,"mapped",1835
"GPS QVD Generator","lib://AppData\PROD\AzureDataLake\GPS\Grant Organisation.qvd","Grant Organisation.Organisation IDS_Geocoding_Reliability_Score","AzureDbProdNIAADL","GPS","Grant Organisation","Organisation IDS_Geocoding_Reliability_Score",NA,NA,"mapped",1835
"GPS QVD Generator","lib://AppData\PROD\AzureDataLake\GPS\Grant Organisation.qvd","Grant Organisation.Organisation GRS Portal Access","AzureDbProdNIAADL","GPS","Grant Organisation","Organisation GRS Portal Access",NA,NA,"mapped",1835
"GPS QVD Generator","lib://AppData\PROD\AzureDataLake\GPS\Grant Application Contact.qvd","Grant Application Contact.Application Id","AzureDbProdNIAADL","GPS","Grant Application Contact","Application Id",NA,NA,"mapped",1870
"GPS QVD Generator","lib://AppData\PROD\AzureDataLake\GPS\Grant Application Contact.qvd","Grant Application Contact.Number of Application Contacts","AzureDbProdNIAADL","GPS","Grant Application Contact","Number of Application Contacts",NA,NA,"mapped",1870
"GPS QVD Generator","lib://AppData\PROD\AzureDataLake\GPS\Grant Application Contact.qvd","Grant Application Contact.Application Contact Email","AzureDbProdNIAADL","GPS","Grant Application Contact","Application Contact Email",NA,NA,"mapped",1870
"GPS QVD Generator","lib://AppData\PROD\AzureDataLake\GPS\Grant Application Contact.qvd","Grant Application Contact.Application Contact Position Title","AzureDbProdNIAADL","GPS","Grant Application Contact","Application Contact Position Title",NA,NA,"mapped",1870
"GPS QVD Generator","lib://AppData\PROD\AzureDataLake\GPS\Grant Application Contact.qvd","Grant Application Contact.Application Contact Position Type","AzureDbProdNIAADL","GPS","Grant Application Contact","Application Contact Position Type",NA,NA,"mapped",1870
"GPS QVD Generator","lib://AppData\PROD\AzureDataLake\GPS\Grant Application Contact.qvd","Grant Application Contact.Application Primary Contact Flag","AzureDbProdNIAADL","GPS","Grant Application Contact","Application Primary Contact Flag",NA,NA,"mapped",1870
"GPS QVD Generator","lib://AppData\PROD\AzureDataLake\GPS\Grant Application Contact.qvd","Grant Application Contact.Application Contact Full Name","AzureDbProdNIAADL","GPS","Grant Application Contact","Application Contact Full Name",NA,NA,"mapped",1870
"GPS QVD Generator","lib://AppData\PROD\AzureDataLake\GPS\Grant Application Contact.qvd","Grant Application Contact.Application Contact Last Name","AzureDbProdNIAADL","GPS","Grant Application Contact","Application Contact Last Name",NA,NA,"mapped",1870
"GPS QVD Generator","lib://AppData\PROD\AzureDataLake\GPS\Grant Application Contact.qvd","Grant Application Contact.Application Contact First Name","AzureDbProdNIAADL","GPS","Grant Application Contact","Application Contact First Name",NA,NA,"mapped",1870
"GPS QVD Generator","lib://AppData\PROD\AzureDataLake\GPS\Grant Application Contact.qvd","Grant Application Contact.Application Contact Phone Type","AzureDbProdNIAADL","GPS","Grant Application Contact","Application Contact Phone Type",NA,NA,"mapped",1870
"GPS QVD Generator","lib://AppData\PROD\AzureDataLake\GPS\Grant Application Contact.qvd","Grant Application Contact.Application Contact Phone","AzureDbProdNIAADL","GPS","Grant Application Contact","Application Contact Phone",NA,NA,"mapped",1870
"GPS QVD Generator","lib://AppData\PROD\AzureDataLake\GPS\GPS Contact.qvd","GPS Contact.Program Formal External Name","AzureDbProdNIAADL","GPS","GPS Contact","Program Formal External Name",NA,NA,"mapped",1922
"GPS QVD Generator","lib://AppData\PROD\AzureDataLake\GPS\GPS Contact.qvd","GPS Contact.Service Provider Legal Name","AzureDbProdNIAADL","GPS","GPS Contact","Service Provider Legal Name",NA,NA,"mapped",1922
"GPS QVD Generator","lib://AppData\PROD\AzureDataLake\GPS\GPS Contact.qvd","GPS Contact.Activity Id","AzureDbProdNIAADL","GPS","GPS Contact","Activity Id",NA,NA,"mapped",1922
"GPS QVD Generator","lib://AppData\PROD\AzureDataLake\GPS\GPS Contact.qvd","GPS Contact.Contact Id","AzureDbProdNIAADL","GPS","GPS Contact","Contact Id",NA,NA,"mapped",1922
"GPS QVD Generator","lib://AppData\PROD\AzureDataLake\GPS\GPS Contact.qvd","GPS Contact.Activity Start Date","AzureDbProdNIAADL","GPS","GPS Contact","Activity Start Date",NA,NA,"mapped",1922
"GPS QVD Generator","lib://AppData\PROD\AzureDataLake\GPS\GPS Contact.qvd","GPS Contact.Activity End Date","AzureDbProdNIAADL","GPS","GPS Contact","Activity End Date",NA,NA,"mapped",1922
"GPS QVD Generator","lib://AppData\PROD\AzureDataLake\GPS\GPS Contact.qvd","GPS Contact.Activity End Reason","AzureDbProdNIAADL","GPS","GPS Contact","Activity End Reason",NA,NA,"mapped",1922
"GPS QVD Generator","lib://AppData\PROD\AzureDataLake\GPS\GPS Contact.qvd","GPS Contact.Primary Contact Flag","AzureDbProdNIAADL","GPS","GPS Contact","Primary Contact Flag",NA,NA,"mapped",1922
"GPS QVD Generator","lib://AppData\PROD\AzureDataLake\GPS\GPS Contact.qvd","GPS Contact.Activity Contact First Name","AzureDbProdNIAADL","GPS","GPS Contact","Activity Contact First Name",NA,NA,"mapped",1922
"GPS QVD Generator","lib://AppData\PROD\AzureDataLake\GPS\GPS Contact.qvd","GPS Contact.Activity Contact Last Name","AzureDbProdNIAADL","GPS","GPS Contact","Activity Contact Last Name",NA,NA,"mapped",1922
"GPS QVD Generator","lib://AppData\PROD\AzureDataLake\GPS\GPS Contact.qvd","GPS Contact.Contact Full Name","AzureDbProdNIAADL","GPS","GPS Contact","Contact Full Name",NA,NA,"mapped",1922
"GPS QVD Generator","lib://AppData\PROD\AzureDataLake\GPS\GPS Contact.qvd","GPS Contact.Contact Email","AzureDbProdNIAADL","GPS","GPS Contact","Contact Email",NA,NA,"mapped",1922
"GPS QVD Generator","lib://AppData\PROD\AzureDataLake\GPS\GPS Contact.qvd","GPS Contact.Contact Phone","AzureDbProdNIAADL","GPS","GPS Contact","Contact Phone",NA,NA,"mapped",1922
"GPS QVD Generator","lib://AppData\PROD\AzureDataLake\GPS\GPS Contact.qvd","GPS Contact.Contact Phone Type","AzureDbProdNIAADL","GPS","GPS Contact","Contact Phone Type",NA,NA,"mapped",1922
"GPS QVD Generator","lib://AppData\PROD\AzureDataLake\GPS\GPS Contact.qvd","GPS Contact.Contact Position Role","AzureDbProdNIAADL","GPS","GPS Contact","Contact Position Role",NA,NA,"mapped",1922
"GPS QVD Generator","lib://AppData\PROD\AzureDataLake\GPS\GPS Contact.qvd","GPS Contact.Contact Position Title","AzureDbProdNIAADL","GPS","GPS Contact","Contact Position Title",NA,NA,"mapped",1922
"GPS QVD Generator","lib://AppData\PROD\AzureDataLake\GPS\GPS Contact.qvd","GPS Contact.Contact Position Type","AzureDbProdNIAADL","GPS","GPS Contact","Contact Position Type",NA,NA,"mapped",1922
"GPS QVD Generator","lib://AppData\PROD\AzureDataLake\GPS\GPS Contact.qvd","GPS Contact.Contact Address","AzureDbProdNIAADL","GPS","GPS Contact","Contact Address",NA,NA,"mapped",1922
"GPS QVD Generator","lib://AppData\PROD\AzureDataLake\GPS\GPS Contact.qvd","GPS Contact.Contact Address State","AzureDbProdNIAADL","GPS","GPS Contact","Contact Address State",NA,NA,"mapped",1922
"GPS QVD Generator","lib://AppData\PROD\AzureDataLake\GPS\GPS Contact.qvd","GPS Contact.Contact Address Postcode","AzureDbProdNIAADL","GPS","GPS Contact","Contact Address Postcode",NA,NA,"mapped",1922
"GPS QVD Generator","lib://AppData\PROD\AzureDataLake\GPS\GPS Contact.qvd","GPS Contact.Contact Address Locality","AzureDbProdNIAADL","GPS","GPS Contact","Contact Address Locality",NA,NA,"mapped",1922
"GPS QVD Generator","lib://AppData\PROD\AzureDataLake\GPS\Organisation Bank Account.qvd","Organisation Bank Account.Organisation Bank Account.Organisation Bank Account Id","AzureDbProdNIAADL","GPS","Organisation Bank Account","Organisation Bank Account Id",NA,NA,"mapped",1956
"GPS QVD Generator","lib://AppData\PROD\AzureDataLake\GPS\Organisation Bank Account.qvd","Organisation Bank Account.Organisation Bank Account.Account Name","AzureDbProdNIAADL","GPS","Organisation Bank Account","Account Name",NA,NA,"mapped",1956
"GPS QVD Generator","lib://AppData\PROD\AzureDataLake\GPS\Organisation Bank Account.qvd","Organisation Bank Account.Organisation Bank Account.BSB Number","AzureDbProdNIAADL","GPS","Organisation Bank Account","BSB Number",NA,NA,"mapped",1956
"GPS QVD Generator","lib://AppData\PROD\AzureDataLake\GPS\Organisation Bank Account.qvd","Organisation Bank Account.Organisation Bank Account.Account Number","AzureDbProdNIAADL","GPS","Organisation Bank Account","Account Number",NA,NA,"mapped",1956
"GPS QVD Generator","lib://AppData\PROD\AzureDataLake\GPS\Organisation Bank Account.qvd","Organisation Bank Account.Organisation Bank Account.Sequence Number","AzureDbProdNIAADL","GPS","Organisation Bank Account","Sequence Number",NA,NA,"mapped",1956
"GPS QVD Generator","lib://AppData\PROD\AzureDataLake\GPS\Organisation Bank Account.qvd","Organisation Bank Account.Organisation Bank Account.Financial Institution","AzureDbProdNIAADL","GPS","Organisation Bank Account","Financial Institution",NA,NA,"mapped",1956
"GPS QVD Generator","lib://AppData\PROD\AzureDataLake\GPS\Organisation Bank Account.qvd","Organisation Bank Account.Organisation Bank Account.Description","AzureDbProdNIAADL","GPS","Organisation Bank Account","Description",NA,NA,"mapped",1956
"GPS QVD Generator","lib://AppData\PROD\AzureDataLake\GPS\Organisation Bank Account.qvd","Organisation Bank Account.Organisation Bank Account.End Date","AzureDbProdNIAADL","GPS","Organisation Bank Account","End Date",NA,NA,"mapped",1956
"GPS QVD Generator","lib://AppData\PROD\AzureDataLake\GPS\Organisation Bank Account.qvd","Organisation Bank Account.Organisation Bank Account.Status","AzureDbProdNIAADL","GPS","Organisation Bank Account","Status",NA,NA,"mapped",1956
"GPS QVD Generator","lib://AppData\PROD\AzureDataLake\GPS\Program Schedule.qvd","Program Schedule.Program Schedule.Program Schedule Id","AzureDbProdNIAADL","GPS","Program Schedule","Program Schedule Id",NA,NA,"mapped",1982
"GPS QVD Generator","lib://AppData\PROD\AzureDataLake\GPS\Program Schedule.qvd","Program Schedule.Program Schedule.Activity Id","AzureDbProdNIAADL","GPS","Program Schedule","Activity Id",NA,NA,"mapped",1982
"GPS QVD Generator","lib://AppData\PROD\AzureDataLake\GPS\Program Schedule.qvd","Program Schedule.Program Schedule.Program Schedule Status","AzureDbProdNIAADL","GPS","Program Schedule","Program Schedule Status",NA,NA,"mapped",1982
"GPS QVD Generator","lib://AppData\PROD\AzureDataLake\GPS\Program Schedule.qvd","Program Schedule.Program Schedule.Program Schedule Funding Agreement Type","AzureDbProdNIAADL","GPS","Program Schedule","Program Schedule Funding Agreement Type",NA,NA,"mapped",1982
"GPS QVD Generator","lib://AppData\PROD\AzureDataLake\GPS\Program Schedule.qvd","Program Schedule.Program Schedule.Managing Office - Program Schedule","AzureDbProdNIAADL","GPS","Program Schedule","Managing Office - Program Schedule",NA,NA,"mapped",1982
"GPS QVD Generator","lib://AppData\PROD\AzureDataLake\GPS\Program Schedule.qvd","Program Schedule.Program Schedule.Program Schedule Manager","AzureDbProdNIAADL","GPS","Program Schedule","Program Schedule Manager",NA,NA,"mapped",1982
"GPS QVD Generator","lib://AppData\PROD\AzureDataLake\GPS\Program Schedule.qvd","Program Schedule.Program Schedule.GPS Email Address","AzureDbProdNIAADL","GPS","Program Schedule","GPS Email Address",NA,NA,"mapped",1982
"GPS QVD Generator","lib://AppData\PROD\AzureDataLake\GPS\Program Schedule.qvd","Program Schedule.Program Schedule.Organisation Bank Account Id","AzureDbProdNIAADL","GPS","Program Schedule","Organisation Bank Account Id",NA,NA,"mapped",1982
"GPS QVD Generator","lib://AppData\PROD\AzureDataLake\GPS\Program Schedule Variation.qvd","Program Schedule Variation.Program Schedule Variation.Program Schedule Variation Id","AzureDbProdNIAADL","GPS","Program Schedule Variation","Program Schedule Variation Id",NA,NA,"mapped",2016
"GPS QVD Generator","lib://AppData\PROD\AzureDataLake\GPS\Program Schedule Variation.qvd","Program Schedule Variation.Program Schedule Variation.Program Schedule Id","AzureDbProdNIAADL","GPS","Program Schedule Variation","Program Schedule Id",NA,NA,"mapped",2016
"GPS QVD Generator","lib://AppData\PROD\AzureDataLake\GPS\Program Schedule Variation.qvd","Program Schedule Variation.Program Schedule Variation.Agreement Variation Number","AzureDbProdNIAADL","GPS","Program Schedule Variation","Agreement Variation Number",NA,NA,"mapped",2016
"GPS QVD Generator","lib://AppData\PROD\AzureDataLake\GPS\Program Schedule Variation.qvd","Program Schedule Variation.Program Schedule Variation.Approved Date","AzureDbProdNIAADL","GPS","Program Schedule Variation","Approved Date",NA,NA,"mapped",2016
"GPS QVD Generator","lib://AppData\PROD\AzureDataLake\GPS\Program Schedule Variation.qvd","Program Schedule Variation.Program Schedule Variation.Created Date","AzureDbProdNIAADL","GPS","Program Schedule Variation","Created Date",NA,NA,"mapped",2016
"GPS QVD Generator","lib://AppData\PROD\AzureDataLake\GPS\Program Schedule Variation.qvd","Program Schedule Variation.Program Schedule Variation.Executed Date","AzureDbProdNIAADL","GPS","Program Schedule Variation","Executed Date",NA,NA,"mapped",2016
"GPS QVD Generator","lib://AppData\PROD\AzureDataLake\GPS\Program Schedule Variation.qvd","Program Schedule Variation.Program Schedule Variation.Completion Date","AzureDbProdNIAADL","GPS","Program Schedule Variation","Completion Date",NA,NA,"mapped",2016
"GPS QVD Generator","lib://AppData\PROD\AzureDataLake\GPS\Program Schedule Variation.qvd","Program Schedule Variation.Program Schedule Variation.Variation Number","AzureDbProdNIAADL","GPS","Program Schedule Variation","Variation Number",NA,NA,"mapped",2016
"GPS QVD Generator","lib://AppData\PROD\AzureDataLake\GPS\Program Schedule Variation.qvd","Program Schedule Variation.Program Schedule Variation.Variation Type","AzureDbProdNIAADL","GPS","Program Schedule Variation","Variation Type",NA,NA,"mapped",2016
"GPS QVD Generator","lib://AppData\PROD\AzureDataLake\GPS\Program Schedule Variation.qvd","Program Schedule Variation.Program Schedule Variation.Created By","AzureDbProdNIAADL","GPS","Program Schedule Variation","Created By",NA,NA,"mapped",2016
"GPS QVD Generator","lib://AppData\PROD\AzureDataLake\GPS\Program Schedule Variation.qvd","Program Schedule Variation.Program Schedule Variation.Summary","AzureDbProdNIAADL","GPS","Program Schedule Variation","Summary",NA,NA,"mapped",2016
"GPS QVD Generator","lib://AppData\PROD\AzureDataLake\GPS\Program Schedule Variation.qvd","Program Schedule Variation.Program Schedule Variation.Status","AzureDbProdNIAADL","GPS","Program Schedule Variation","Status",NA,NA,"mapped",2016
"GPS QVD Generator","lib://AppData\PROD\AzureDataLake\GPS\Grant Application Status.qvd","Grant Application Status.Application Id","AzureDbProdNIAADL","GPS","Grant Application Status","Application Id",NA,NA,"mapped",2054
"GPS QVD Generator","lib://AppData\PROD\AzureDataLake\GPS\Grant Application Status.qvd","Grant Application Status.Agency Name","AzureDbProdNIAADL","GPS","Grant Application Status","Agency Name",NA,NA,"mapped",2054
"GPS QVD Generator","lib://AppData\PROD\AzureDataLake\GPS\Grant Application Status.qvd","Grant Application Status.Application Status Id","AzureDbProdNIAADL","GPS","Grant Application Status","Application Status Id",NA,NA,"mapped",2054
"GPS QVD Generator","lib://AppData\PROD\AzureDataLake\GPS\Grant Application Status.qvd","Grant Application Status.Application Status","AzureDbProdNIAADL","GPS","Grant Application Status","Application Status",NA,NA,"mapped",2054
"GPS QVD Generator","lib://AppData\PROD\AzureDataLake\GPS\Grant Application Status.qvd","Grant Application Status.Application Sub Status","AzureDbProdNIAADL","GPS","Grant Application Status","Application Sub Status",NA,NA,"mapped",2054
"GPS QVD Generator","lib://AppData\PROD\AzureDataLake\GPS\Grant Application Status.qvd","Grant Application Status.Application Status From Date","AzureDbProdNIAADL","GPS","Grant Application Status","Application Status From Date",NA,NA,"mapped",2054
"GPS QVD Generator","lib://AppData\PROD\AzureDataLake\GPS\Grant Application Status.qvd","Grant Application Status.Application Status To Date","AzureDbProdNIAADL","GPS","Grant Application Status","Application Status To Date",NA,NA,"mapped",2054
"GPS QVD Generator","lib://AppData\PROD\AzureDataLake\GPS\Grant Application Status.qvd","Grant Application Status.Application Status Authorised By Login Id","AzureDbProdNIAADL","GPS","Grant Application Status","Application Status Authorised By Login Id",NA,NA,"mapped",2054
"GPS QVD Generator","lib://AppData\PROD\AzureDataLake\GPS\Grant Application Status.qvd","Grant Application Status.Application Status Compliant Description","AzureDbProdNIAADL","GPS","Grant Application Status","Application Status Compliant Description",NA,NA,"mapped",2054
"GPS QVD Generator","lib://AppData\PROD\AzureDataLake\GPS\Grant Application Status.qvd","Grant Application Status.Application Status Eligible Description","AzureDbProdNIAADL","GPS","Grant Application Status","Application Status Eligible Description",NA,NA,"mapped",2054
"GPS QVD Generator","lib://AppData\PROD\AzureDataLake\GPS\Grant Application Status.qvd","Grant Application Status.Application Status Current Indicator","AzureDbProdNIAADL","GPS","Grant Application Status","Application Status Current Indicator",NA,NA,"mapped",2054
