"generator_app","qvd_path_raw","qvd_field","db_connection","db_schema","db_table","db_column","src_qvd_path","src_qvd_field","status","line"
"Geospatial QVD Generator","lib://AppData\PROD\Geospatial\ATSI Language.qvd","ATSI Language.Id","AzureDbDevGeospatial","""AZDB-ZEA-DEV-GEOSPATIAL""","AIATSIS.""ATSI Language""","Id",,,"mapped","2008"
"Geospatial QVD Generator","lib://AppData\PROD\Geospatial\ATSI Language.qvd","ATSI Language.Language Code","AzureDbDevGeospatial","""AZDB-ZEA-DEV-GEOSPATIAL""","AIATSIS.""ATSI Language""","Language Code",,,"mapped","2008"
"Geospatial QVD Generator","lib://AppData\PROD\Geospatial\ATSI Language.qvd","ATSI Language.Language","AzureDbDevGeospatial","""AZDB-ZEA-DEV-GEOSPATIAL""","AIATSIS.""ATSI Language""","Language",,,"mapped","2008"
"Geospatial QVD Generator","lib://AppData\PROD\Geospatial\ATSI Language.qvd","ATSI Language.Language Synonym","AzureDbDevGeospatial","""AZDB-ZEA-DEV-GEOSPATIAL""","AIATSIS.""ATSI Language""","Language Synonym",,,"mapped","2008"
"Geospatial QVD Generator","lib://AppData\PROD\Geospatial\ATSI Language.qvd","ATSI Language.Heading Language","AzureDbDevGeospatial","""AZDB-ZEA-DEV-GEOSPATIAL""","AIATSIS.""ATSI Language""","Heading Language",,,"mapped","2008"
"Geospatial QVD Generator","lib://AppData\PROD\Geospatial\ATSI Language.qvd","ATSI Language.People","AzureDbDevGeospatial","""AZDB-ZEA-DEV-GEOSPATIAL""","AIATSIS.""ATSI Language""","People",,,"mapped","2008"
"Geospatial QVD Generator","lib://AppData\PROD\Geospatial\ATSI Language.qvd","ATSI Language.Latitude","AzureDbDevGeospatial","""AZDB-ZEA-DEV-GEOSPATIAL""","AIATSIS.""ATSI Language""","Latitude",,,"mapped","2008"
"Geospatial QVD Generator","lib://AppData\PROD\Geospatial\ATSI Language.qvd","ATSI Language.Longitude","AzureDbDevGeospatial","""AZDB-ZEA-DEV-GEOSPATIAL""","AIATSIS.""ATSI Language""","Longitude",,,"mapped","2008"
"Geospatial QVD Generator","lib://AppData\PROD\Geospatial\ATSI Language.qvd","ATSI Language.State/Territories","AzureDbDevGeospatial","""AZDB-ZEA-DEV-GEOSPATIAL""","AIATSIS.""ATSI Language""","State/Territories",,,"mapped","2008"
"Geospatial QVD Generator","lib://AppData\PROD\Geospatial\ATSI Language.qvd","ATSI Language.URL","AzureDbDevGeospatial","""AZDB-ZEA-DEV-GEOSPATIAL""","AIATSIS.""ATSI Language""","URL",,,"mapped","2008"
"Geospatial QVD Generator","lib://AppData\PROD\Geospatial\ATSI Language.qvd","ATSI Language.Mesh Block Code 2021","AzureDbDevGeospatial","""AZDB-ZEA-DEV-GEOSPATIAL""","AIATSIS.""ATSI Language""","Mesh Block Code 2021",,,"mapped","2008"
"Geospatial QVD Generator","lib://AppData\PROD\Geospatial\ATSI Language.qvd","ATSI Language.GeoPoint","AzureDbDevGeospatial","""AZDB-ZEA-DEV-GEOSPATIAL""","AIATSIS.""ATSI Language""","GeoMakePoint([Latitude], [Longitude])",,,"parse-error","2008"
"Geospatial QVD Generator","lib://AppData\PROD\Geospatial\NT Admin Region 2023.qvd","NT Admin Region 2023.Id",,,,,,,"multi-source","2008"
"Geospatial QVD Generator","lib://AppData\PROD\Geospatial\NT Admin Region 2023.qvd","NT Admin Region 2023.Region","AzureDbDevGeospatial","""AZDB-ZEA-DEV-GEOSPATIAL""","ASGS.""NT Admin Region 2023""","Region",,,"mapped-chained","2008"
"Geospatial QVD Generator","lib://AppData\PROD\Geospatial\NT Admin Region 2023.qvd","NT Admin Region 2023.Australian State Code","AzureDbDevGeospatial","""AZDB-ZEA-DEV-GEOSPATIAL""","ASGS.""NT Admin Region 2023""","Australian State Code",,,"mapped-chained","2008"
"Geospatial QVD Generator","lib://AppData\PROD\Geospatial\NT Admin Region 2023.qvd","NT Admin Region 2023.Australian State","AzureDbDevGeospatial","""AZDB-ZEA-DEV-GEOSPATIAL""","ASGS.""NT Admin Region 2023""","Australian State",,,"mapped-chained","2008"
"Geospatial QVD Generator","lib://AppData\PROD\Geospatial\NT Admin Region 2023.qvd","NT Admin Region 2023.Country Code","AzureDbDevGeospatial","""AZDB-ZEA-DEV-GEOSPATIAL""","ASGS.""NT Admin Region 2023""","Country Code",,,"mapped-chained","2008"
"Geospatial QVD Generator","lib://AppData\PROD\Geospatial\NT Admin Region 2023.qvd","NT Admin Region 2023.Country","AzureDbDevGeospatial","""AZDB-ZEA-DEV-GEOSPATIAL""","ASGS.""NT Admin Region 2023""","Country",,,"mapped-chained","2008"
"Geospatial QVD Generator","lib://AppData\PROD\Geospatial\NT Admin Region 2023.qvd","NT Admin Region 2023.SimplifiedGeometryWKT","AzureDbDevGeospatial","""AZDB-ZEA-DEV-GEOSPATIAL""","ASGS.""NT Admin Region 2023""","SimplifiedGeometryWKT",,,"mapped-chained","2008"
"Geospatial QVD Generator","lib://AppData\PROD\Geospatial\NT Admin Region 2023.qvd","NT Admin Region 2023.Geometry","GeoAnalytics Plus",,,,,,"non-sql-source","2008"
"Geospatial QVD Generator","lib://AppData\PROD\Geospatial\MB 2021 - NT Admin Region 2023.qvd","MB 2021 - NT Admin Region 2023.Mesh Block Code","AzureDbDevGeospatial","""AZDB-ZEA-DEV-GEOSPATIAL""","ASGS.""MB 2021 - NT Admin Region 2023""","Mesh Block Code",,,"mapped","2008"
"Geospatial QVD Generator","lib://AppData\PROD\Geospatial\MB 2021 - NT Admin Region 2023.qvd","MB 2021 - NT Admin Region 2023.Id","AzureDbDevGeospatial","""AZDB-ZEA-DEV-GEOSPATIAL""","ASGS.""MB 2021 - NT Admin Region 2023""","Id",,,"mapped","2008"
"Geospatial QVD Generator","lib://AppData\PROD\Geospatial\MB 2021 - NT Admin Region 2023.qvd","MB 2021 - NT Admin Region 2023.Region","AzureDbDevGeospatial","""AZDB-ZEA-DEV-GEOSPATIAL""","ASGS.""MB 2021 - NT Admin Region 2023""","Region",,,"mapped","2008"
"Geospatial QVD Generator","lib://AppData\PROD\Geospatial\NIAA Region 2022.qvd","NIAA Region 2022.NIAA Region Id",,,,,,,"multi-source","2008"
"Geospatial QVD Generator","lib://AppData\PROD\Geospatial\NIAA Region 2022.qvd","NIAA Region 2022.NIAA Region","AzureDbDevGeospatial","""AZDB-ZEA-DEV-GEOSPATIAL""","NIAA.""NIAA Region 2022""","NIAA Region",,,"mapped-chained","2008"
"Geospatial QVD Generator","lib://AppData\PROD\Geospatial\NIAA Region 2022.qvd","NIAA Region 2022.SimplifiedGeometryWKT","AzureDbDevGeospatial","""AZDB-ZEA-DEV-GEOSPATIAL""","NIAA.""NIAA Region 2022""","SimplifiedGeometryWKT",,,"mapped-chained","2008"
"Geospatial QVD Generator","lib://AppData\PROD\Geospatial\NIAA Region 2022.qvd","NIAA Region 2022.Geometry","GeoAnalytics Plus",,,,,,"non-sql-source","2008"
"Geospatial QVD Generator","lib://AppData\PROD\Geospatial\NIAA Subregion 2022.qvd","NIAA Subregion 2022.NIAA Subregion Id",,,,,,,"multi-source","2008"
"Geospatial QVD Generator","lib://AppData\PROD\Geospatial\NIAA Subregion 2022.qvd","NIAA Subregion 2022.NIAA Subregion","AzureDbDevGeospatial","""AZDB-ZEA-DEV-GEOSPATIAL""","NIAA.""NIAA Subregion 2022""","NIAA Subregion",,,"mapped-chained","2008"
"Geospatial QVD Generator","lib://AppData\PROD\Geospatial\NIAA Subregion 2022.qvd","NIAA Subregion 2022.NIAA Region","AzureDbDevGeospatial","""AZDB-ZEA-DEV-GEOSPATIAL""","NIAA.""NIAA Subregion 2022""","NIAA Region",,,"mapped-chained","2008"
"Geospatial QVD Generator","lib://AppData\PROD\Geospatial\NIAA Subregion 2022.qvd","NIAA Subregion 2022.SimplifiedGeometryWKT","AzureDbDevGeospatial","""AZDB-ZEA-DEV-GEOSPATIAL""","NIAA.""NIAA Subregion 2022""","SimplifiedGeometryWKT",,,"mapped-chained","2008"
"Geospatial QVD Generator","lib://AppData\PROD\Geospatial\NIAA Subregion 2022.qvd","NIAA Subregion 2022.Geometry","GeoAnalytics Plus",,,,,,"non-sql-source","2008"
"Geospatial QVD Generator","lib://AppData\PROD\Geospatial\ILOC 2021 - NIAA Subregion 2022.qvd","ILOC 2021 - NIAA Subregion 2022.ILOC Code","AzureDbDevGeospatial","""AZDB-ZEA-DEV-GEOSPATIAL""","NIAA.""ILOC 2021 - NIAA Subregion 2022""","ILOC Code",,,"mapped","2008"
"Geospatial QVD Generator","lib://AppData\PROD\Geospatial\ILOC 2021 - NIAA Subregion 2022.qvd","ILOC 2021 - NIAA Subregion 2022.Indigenous Location","AzureDbDevGeospatial","""AZDB-ZEA-DEV-GEOSPATIAL""","NIAA.""ILOC 2021 - NIAA Subregion 2022""","Indigenous Location",,,"mapped","2008"
"Geospatial QVD Generator","lib://AppData\PROD\Geospatial\ILOC 2021 - NIAA Subregion 2022.qvd","ILOC 2021 - NIAA Subregion 2022.NIAA Subregion","AzureDbDevGeospatial","""AZDB-ZEA-DEV-GEOSPATIAL""","NIAA.""ILOC 2021 - NIAA Subregion 2022""","NIAA Subregion",,,"mapped","2008"
"Geospatial QVD Generator","lib://AppData\PROD\Geospatial\ILOC 2021 - NIAA Subregion 2022.qvd","ILOC 2021 - NIAA Subregion 2022.NIAA Region","AzureDbDevGeospatial","""AZDB-ZEA-DEV-GEOSPATIAL""","NIAA.""ILOC 2021 - NIAA Subregion 2022""","NIAA Region",,,"mapped","2008"
"Geospatial QVD Generator","lib://AppData\PROD\Geospatial\Future Act Notice.qvd","Future Act Notice.Future Act Notice Id","GeoAnalytics Plus",,,,,,"non-sql-source","2008"
"Geospatial QVD Generator","lib://AppData\PROD\Geospatial\Future Act Notice.qvd","Future Act Notice.FAN Tribunal Id","GeoAnalytics Plus",,,,,,"non-sql-source","2008"
"Geospatial QVD Generator","lib://AppData\PROD\Geospatial\Future Act Notice.qvd","Future Act Notice.Future Act Notice Type","GeoAnalytics Plus",,,,,,"non-sql-source","2008"
"Geospatial QVD Generator","lib://AppData\PROD\Geospatial\Future Act Notice.qvd","Future Act Notice.Tenement Id","GeoAnalytics Plus",,,,,,"non-sql-source","2008"
"Geospatial QVD Generator","lib://AppData\PROD\Geospatial\Future Act Notice.qvd","Future Act Notice.Location","GeoAnalytics Plus",,,,,,"non-sql-source","2008"
"Geospatial QVD Generator","lib://AppData\PROD\Geospatial\Future Act Notice.qvd","Future Act Notice.Expected Procedure","GeoAnalytics Plus",,,,,,"non-sql-source","2008"
"Geospatial QVD Generator","lib://AppData\PROD\Geospatial\Future Act Notice.qvd","Future Act Notice.Notification Date","GeoAnalytics Plus",,,,,,"non-sql-source","2008"
"Geospatial QVD Generator","lib://AppData\PROD\Geospatial\Future Act Notice.qvd","Future Act Notice.Month 2 Close","GeoAnalytics Plus",,,,,,"non-sql-source","2008"
"Geospatial QVD Generator","lib://AppData\PROD\Geospatial\Future Act Notice.qvd","Future Act Notice.Month 3 Close","GeoAnalytics Plus",,,,,,"non-sql-source","2008"
"Geospatial QVD Generator","lib://AppData\PROD\Geospatial\Future Act Notice.qvd","Future Act Notice.Month 4 Close","GeoAnalytics Plus",,,,,,"non-sql-source","2008"
"Geospatial QVD Generator","lib://AppData\PROD\Geospatial\Future Act Notice.qvd","Future Act Notice.Area Sq Km","GeoAnalytics Plus",,,,,,"non-sql-source","2008"
"Geospatial QVD Generator","lib://AppData\PROD\Geospatial\Future Act Notice.qvd","Future Act Notice.Status","GeoAnalytics Plus",,,,,,"non-sql-source","2008"
"Geospatial QVD Generator","lib://AppData\PROD\Geospatial\Future Act Notice.qvd","Future Act Notice.Status Date","GeoAnalytics Plus",,,,,,"non-sql-source","2008"
"Geospatial QVD Generator","lib://AppData\PROD\Geospatial\Future Act Notice.qvd","Future Act Notice.State","GeoAnalytics Plus",,,,,,"non-sql-source","2008"
"Geospatial QVD Generator","lib://AppData\PROD\Geospatial\Future Act Notice.qvd","Future Act Notice.Grantee","GeoAnalytics Plus",,,,,,"non-sql-source","2008"
"Geospatial QVD Generator","lib://AppData\PROD\Geospatial\Future Act Notice.qvd","Future Act Notice.Agency Reference","GeoAnalytics Plus",,,,,,"non-sql-source","2008"
"Geospatial QVD Generator","lib://AppData\PROD\Geospatial\Future Act Notice.qvd","Future Act Notice.GEO Source","GeoAnalytics Plus",,,,,,"non-sql-source","2008"
"Geospatial QVD Generator","lib://AppData\PROD\Geospatial\Future Act Notice.qvd","Future Act Notice.Custodial Extract Date","GeoAnalytics Plus",,,,,,"non-sql-source","2008"
"Geospatial QVD Generator","lib://AppData\PROD\Geospatial\Future Act Notice.qvd","Future Act Notice.NNTT Sequence No","GeoAnalytics Plus",,,,,,"non-sql-source","2008"
"Geospatial QVD Generator","lib://AppData\PROD\Geospatial\Future Act Notice.qvd","Future Act Notice.Date Currency","GeoAnalytics Plus",,,,,,"non-sql-source","2008"
"Geospatial QVD Generator","lib://AppData\PROD\Geospatial\Future Act Notice.qvd","Future Act Notice.Comments","GeoAnalytics Plus",,,,,,"non-sql-source","2008"
"Geospatial QVD Generator","lib://AppData\PROD\Geospatial\Future Act Notice.qvd","Future Act Notice.Date extracted","GeoAnalytics Plus",,,,,,"non-sql-source","2008"
"Geospatial QVD Generator","lib://AppData\PROD\Geospatial\Future Act Notice.qvd","Future Act Notice.Geometry","GeoAnalytics Plus",,,,,,"non-sql-source","2008"
"Geospatial QVD Generator","lib://AppData\PROD\Geospatial\Future Act Objection.qvd","Future Act Objection.Future Act Objection Id","GeoAnalytics Plus",,,,,,"non-sql-source","2008"
"Geospatial QVD Generator","lib://AppData\PROD\Geospatial\Future Act Objection.qvd","Future Act Objection.FAO Tribunal Id","GeoAnalytics Plus",,,,,,"non-sql-source","2008"
"Geospatial QVD Generator","lib://AppData\PROD\Geospatial\Future Act Objection.qvd","Future Act Objection.Application Type","GeoAnalytics Plus",,,,,,"non-sql-source","2008"
"Geospatial QVD Generator","lib://AppData\PROD\Geospatial\Future Act Objection.qvd","Future Act Objection.Tenement Id","GeoAnalytics Plus",,,,,,"non-sql-source","2008"
"Geospatial QVD Generator","lib://AppData\PROD\Geospatial\Future Act Objection.qvd","Future Act Objection.NTDA Id","GeoAnalytics Plus",,,,,,"non-sql-source","2008"
"Geospatial QVD Generator","lib://AppData\PROD\Geospatial\Future Act Objection.qvd","Future Act Objection.s29 No","GeoAnalytics Plus",,,,,,"non-sql-source","2008"
"Geospatial QVD Generator","lib://AppData\PROD\Geospatial\Future Act Objection.qvd","Future Act Objection.s29 Notification Date","GeoAnalytics Plus",,,,,,"non-sql-source","2008"
"Geospatial QVD Generator","lib://AppData\PROD\Geospatial\Future Act Objection.qvd","Future Act Objection.Grantee","GeoAnalytics Plus",,,,,,"non-sql-source","2008"
"Geospatial QVD Generator","lib://AppData\PROD\Geospatial\Future Act Objection.qvd","Future Act Objection.Lodged By","GeoAnalytics Plus",,,,,,"non-sql-source","2008"
"Geospatial QVD Generator","lib://AppData\PROD\Geospatial\Future Act Objection.qvd","Future Act Objection.Native Title Party","GeoAnalytics Plus",,,,,,"non-sql-source","2008"
"Geospatial QVD Generator","lib://AppData\PROD\Geospatial\Future Act Objection.qvd","Future Act Objection.Date Lodged","GeoAnalytics Plus",,,,,,"non-sql-source","2008"
"Geospatial QVD Generator","lib://AppData\PROD\Geospatial\Future Act Objection.qvd","Future Act Objection.End Negotiation Date","GeoAnalytics Plus",,,,,,"non-sql-source","2008"
"Geospatial QVD Generator","lib://AppData\PROD\Geospatial\Future Act Objection.qvd","Future Act Objection.Area Sq Km","GeoAnalytics Plus",,,,,,"non-sql-source","2008"
"Geospatial QVD Generator","lib://AppData\PROD\Geospatial\Future Act Objection.qvd","Future Act Objection.Status","GeoAnalytics Plus",,,,,,"non-sql-source","2008"
"Geospatial QVD Generator","lib://AppData\PROD\Geospatial\Future Act Objection.qvd","Future Act Objection.Status Date","GeoAnalytics Plus",,,,,,"non-sql-source","2008"
"Geospatial QVD Generator","lib://AppData\PROD\Geospatial\Future Act Objection.qvd","Future Act Objection.Outcome","GeoAnalytics Plus",,,,,,"non-sql-source","2008"
"Geospatial QVD Generator","lib://AppData\PROD\Geospatial\Future Act Objection.qvd","Future Act Objection.Outcome Date","GeoAnalytics Plus",,,,,,"non-sql-source","2008"
"Geospatial QVD Generator","lib://AppData\PROD\Geospatial\Future Act Objection.qvd","Future Act Objection.NNTT Sequence No","GeoAnalytics Plus",,,,,,"non-sql-source","2008"
"Geospatial QVD Generator","lib://AppData\PROD\Geospatial\Future Act Objection.qvd","Future Act Objection.Data Source","GeoAnalytics Plus",,,,,,"non-sql-source","2008"
"Geospatial QVD Generator","lib://AppData\PROD\Geospatial\Future Act Objection.qvd","Future Act Objection.Jurisdiction","GeoAnalytics Plus",,,,,,"non-sql-source","2008"
"Geospatial QVD Generator","lib://AppData\PROD\Geospatial\Future Act Objection.qvd","Future Act Objection.Date Extracted","GeoAnalytics Plus",,,,,,"non-sql-source","2008"
"Geospatial QVD Generator","lib://AppData\PROD\Geospatial\Future Act Objection.qvd","Future Act Objection.Geometry","GeoAnalytics Plus",,,,,,"non-sql-source","2008"
"Geospatial QVD Generator","lib://AppData\PROD\Geospatial\FAO - NTDA.qvd","FAO - NTDA.FAO Tribunal Id","AzureDbDevGeospatial","""AZDB-ZEA-DEV-GEOSPATIAL""","NNTT.""FAO - NTDA""","FAO Tribunal Id",,,"mapped","2008"
"Geospatial QVD Generator","lib://AppData\PROD\Geospatial\FAO - NTDA.qvd","FAO - NTDA.NTDA Tribunal Id","AzureDbDevGeospatial","""AZDB-ZEA-DEV-GEOSPATIAL""","NNTT.""FAO - NTDA""","NTDA Tribunal Id",,,"mapped","2008"
"Geospatial QVD Generator","lib://AppData\PROD\Geospatial\Future Act Determination Application.qvd","Future Act Determination Application.FADA Id","GeoAnalytics Plus",,,,,,"non-sql-source","2008"
"Geospatial QVD Generator","lib://AppData\PROD\Geospatial\Future Act Determination Application.qvd","Future Act Determination Application.FADA Tribunal Id","GeoAnalytics Plus",,,,,,"non-sql-source","2008"
"Geospatial QVD Generator","lib://AppData\PROD\Geospatial\Future Act Determination Application.qvd","Future Act Determination Application.Application Type","GeoAnalytics Plus",,,,,,"non-sql-source","2008"
"Geospatial QVD Generator","lib://AppData\PROD\Geospatial\Future Act Determination Application.qvd","Future Act Determination Application.Tenement Id","GeoAnalytics Plus",,,,,,"non-sql-source","2008"
"Geospatial QVD Generator","lib://AppData\PROD\Geospatial\Future Act Determination Application.qvd","Future Act Determination Application.NTDA ID","GeoAnalytics Plus",,,,,,"non-sql-source","2008"
"Geospatial QVD Generator","lib://AppData\PROD\Geospatial\Future Act Determination Application.qvd","Future Act Determination Application.s29 No","GeoAnalytics Plus",,,,,,"non-sql-source","2008"
"Geospatial QVD Generator","lib://AppData\PROD\Geospatial\Future Act Determination Application.qvd","Future Act Determination Application.s29 Notified Date","GeoAnalytics Plus",,,,,,"non-sql-source","2008"
"Geospatial QVD Generator","lib://AppData\PROD\Geospatial\Future Act Determination Application.qvd","Future Act Determination Application.Grantee","GeoAnalytics Plus",,,,,,"non-sql-source","2008"
"Geospatial QVD Generator","lib://AppData\PROD\Geospatial\Future Act Determination Application.qvd","Future Act Determination Application.Lodged By","GeoAnalytics Plus",,,,,,"non-sql-source","2008"
"Geospatial QVD Generator","lib://AppData\PROD\Geospatial\Future Act Determination Application.qvd","Future Act Determination Application.Native Title Party","GeoAnalytics Plus",,,,,,"non-sql-source","2008"
"Geospatial QVD Generator","lib://AppData\PROD\Geospatial\Future Act Determination Application.qvd","Future Act Determination Application.Date lodged","GeoAnalytics Plus",,,,,,"non-sql-source","2008"
"Geospatial QVD Generator","lib://AppData\PROD\Geospatial\Future Act Determination Application.qvd","Future Act Determination Application.End Negotiation Date","GeoAnalytics Plus",,,,,,"non-sql-source","2008"
"Geospatial QVD Generator","lib://AppData\PROD\Geospatial\Future Act Determination Application.qvd","Future Act Determination Application.Area Sq Km","GeoAnalytics Plus",,,,,,"non-sql-source","2008"
"Geospatial QVD Generator","lib://AppData\PROD\Geospatial\Future Act Determination Application.qvd","Future Act Determination Application.Status","GeoAnalytics Plus",,,,,,"non-sql-source","2008"
"Geospatial QVD Generator","lib://AppData\PROD\Geospatial\Future Act Determination Application.qvd","Future Act Determination Application.Status Date","GeoAnalytics Plus",,,,,,"non-sql-source","2008"
"Geospatial QVD Generator","lib://AppData\PROD\Geospatial\Future Act Determination Application.qvd","Future Act Determination Application.Outcome","GeoAnalytics Plus",,,,,,"non-sql-source","2008"
"Geospatial QVD Generator","lib://AppData\PROD\Geospatial\Future Act Determination Application.qvd","Future Act Determination Application.Outcome Date","GeoAnalytics Plus",,,,,,"non-sql-source","2008"
"Geospatial QVD Generator","lib://AppData\PROD\Geospatial\Future Act Determination Application.qvd","Future Act Determination Application.NNTT Sequence No","GeoAnalytics Plus",,,,,,"non-sql-source","2008"
"Geospatial QVD Generator","lib://AppData\PROD\Geospatial\Future Act Determination Application.qvd","Future Act Determination Application.Data Source","GeoAnalytics Plus",,,,,,"non-sql-source","2008"
"Geospatial QVD Generator","lib://AppData\PROD\Geospatial\Future Act Determination Application.qvd","Future Act Determination Application.Jurisdiction","GeoAnalytics Plus",,,,,,"non-sql-source","2008"
"Geospatial QVD Generator","lib://AppData\PROD\Geospatial\Future Act Determination Application.qvd","Future Act Determination Application.Date Extracted","GeoAnalytics Plus",,,,,,"non-sql-source","2008"
"Geospatial QVD Generator","lib://AppData\PROD\Geospatial\Future Act Determination Application.qvd","Future Act Determination Application.Geometry","GeoAnalytics Plus",,,,,,"non-sql-source","2008"
"Geospatial QVD Generator","lib://AppData\PROD\Geospatial\FADA - NTDA.qvd","FADA - NTDA.FADA Tribunal Id","AzureDbDevGeospatial","""AZDB-ZEA-DEV-GEOSPATIAL""","NNTT.""FADA - NTDA""","FADA Tribunal Id",,,"mapped","2008"
"Geospatial QVD Generator","lib://AppData\PROD\Geospatial\FADA - NTDA.qvd","FADA - NTDA.NTDA Tribunal Id","AzureDbDevGeospatial","""AZDB-ZEA-DEV-GEOSPATIAL""","NNTT.""FADA - NTDA""","NTDA Tribunal Id",,,"mapped","2008"
"Geospatial QVD Generator","lib://AppData\PROD\Geospatial\Indigenous Land Use Agreement.qvd","Indigenous Land Use Agreement.ILUA Id","GeoAnalytics Plus",,,,,,"non-sql-source","2008"
"Geospatial QVD Generator","lib://AppData\PROD\Geospatial\Indigenous Land Use Agreement.qvd","Indigenous Land Use Agreement.ILUA Tribunal Id","GeoAnalytics Plus",,,,,,"non-sql-source","2008"
"Geospatial QVD Generator","lib://AppData\PROD\Geospatial\Indigenous Land Use Agreement.qvd","Indigenous Land Use Agreement.Name","GeoAnalytics Plus",,,,,,"non-sql-source","2008"
"Geospatial QVD Generator","lib://AppData\PROD\Geospatial\Indigenous Land Use Agreement.qvd","Indigenous Land Use Agreement.Agreement Status","GeoAnalytics Plus",,,,,,"non-sql-source","2008"
"Geospatial QVD Generator","lib://AppData\PROD\Geospatial\Indigenous Land Use Agreement.qvd","Indigenous Land Use Agreement.Date Lodged","GeoAnalytics Plus",,,,,,"non-sql-source","2008"
"Geospatial QVD Generator","lib://AppData\PROD\Geospatial\Indigenous Land Use Agreement.qvd","Indigenous Land Use Agreement.Date Notified","GeoAnalytics Plus",,,,,,"non-sql-source","2008"
"Geospatial QVD Generator","lib://AppData\PROD\Geospatial\Indigenous Land Use Agreement.qvd","Indigenous Land Use Agreement.Date Notification Closing","GeoAnalytics Plus",,,,,,"non-sql-source","2008"
"Geospatial QVD Generator","lib://AppData\PROD\Geospatial\Indigenous Land Use Agreement.qvd","Indigenous Land Use Agreement.Date Registered","GeoAnalytics Plus",,,,,,"non-sql-source","2008"
"Geospatial QVD Generator","lib://AppData\PROD\Geospatial\Indigenous Land Use Agreement.qvd","Indigenous Land Use Agreement.Subject Matter","GeoAnalytics Plus",,,,,,"non-sql-source","2008"
"Geospatial QVD Generator","lib://AppData\PROD\Geospatial\Indigenous Land Use Agreement.qvd","Indigenous Land Use Agreement.Agreement Type","GeoAnalytics Plus",,,,,,"non-sql-source","2008"
"Geospatial QVD Generator","lib://AppData\PROD\Geospatial\Indigenous Land Use Agreement.qvd","Indigenous Land Use Agreement.Consent Future Acts","GeoAnalytics Plus",,,,,,"non-sql-source","2008"
"Geospatial QVD Generator","lib://AppData\PROD\Geospatial\Indigenous Land Use Agreement.qvd","Indigenous Land Use Agreement.Right To Negotiate","GeoAnalytics Plus",,,,,,"non-sql-source","2008"
"Geospatial QVD Generator","lib://AppData\PROD\Geospatial\Indigenous Land Use Agreement.qvd","Indigenous Land Use Agreement.Surrender Areas","GeoAnalytics Plus",,,,,,"non-sql-source","2008"
"Geospatial QVD Generator","lib://AppData\PROD\Geospatial\Indigenous Land Use Agreement.qvd","Indigenous Land Use Agreement.Validation Future Acts","GeoAnalytics Plus",,,,,,"non-sql-source","2008"
"Geospatial QVD Generator","lib://AppData\PROD\Geospatial\Indigenous Land Use Agreement.qvd","Indigenous Land Use Agreement.intermediate Period Acts","GeoAnalytics Plus",,,,,,"non-sql-source","2008"
"Geospatial QVD Generator","lib://AppData\PROD\Geospatial\Indigenous Land Use Agreement.qvd","Indigenous Land Use Agreement.Agreement Authority","GeoAnalytics Plus",,,,,,"non-sql-source","2008"
"Geospatial QVD Generator","lib://AppData\PROD\Geospatial\Indigenous Land Use Agreement.qvd","Indigenous Land Use Agreement.Applicant","GeoAnalytics Plus",,,,,,"non-sql-source","2008"
"Geospatial QVD Generator","lib://AppData\PROD\Geospatial\Indigenous Land Use Agreement.qvd","Indigenous Land Use Agreement.Representative","GeoAnalytics Plus",,,,,,"non-sql-source","2008"
"Geospatial QVD Generator","lib://AppData\PROD\Geospatial\Indigenous Land Use Agreement.qvd","Indigenous Land Use Agreement.Agreement Start Date","GeoAnalytics Plus",,,,,,"non-sql-source","2008"
"Geospatial QVD Generator","lib://AppData\PROD\Geospatial\Indigenous Land Use Agreement.qvd","Indigenous Land Use Agreement.Agreement End Date","GeoAnalytics Plus",,,,,,"non-sql-source","2008"
"Geospatial QVD Generator","lib://AppData\PROD\Geospatial\Indigenous Land Use Agreement.qvd","Indigenous Land Use Agreement.Area Sq Km","GeoAnalytics Plus",,,,,,"non-sql-source","2008"
"Geospatial QVD Generator","lib://AppData\PROD\Geospatial\Indigenous Land Use Agreement.qvd","Indigenous Land Use Agreement.Data Source","GeoAnalytics Plus",,,,,,"non-sql-source","2008"
"Geospatial QVD Generator","lib://AppData\PROD\Geospatial\Indigenous Land Use Agreement.qvd","Indigenous Land Use Agreement.Date Currency","GeoAnalytics Plus",,,,,,"non-sql-source","2008"
"Geospatial QVD Generator","lib://AppData\PROD\Geospatial\Indigenous Land Use Agreement.qvd","Indigenous Land Use Agreement.Sea ILUA","GeoAnalytics Plus",,,,,,"non-sql-source","2008"
"Geospatial QVD Generator","lib://AppData\PROD\Geospatial\Indigenous Land Use Agreement.qvd","Indigenous Land Use Agreement.Zone LWM Indicator","GeoAnalytics Plus",,,,,,"non-sql-source","2008"
"Geospatial QVD Generator","lib://AppData\PROD\Geospatial\Indigenous Land Use Agreement.qvd","Indigenous Land Use Agreement.Zone 3 Nm Indicator","GeoAnalytics Plus",,,,,,"non-sql-source","2008"
"Geospatial QVD Generator","lib://AppData\PROD\Geospatial\Indigenous Land Use Agreement.qvd","Indigenous Land Use Agreement.Zone 12 Nm Indicator","GeoAnalytics Plus",,,,,,"non-sql-source","2008"
"Geospatial QVD Generator","lib://AppData\PROD\Geospatial\Indigenous Land Use Agreement.qvd","Indigenous Land Use Agreement.Zone 24 Nm Indicator","GeoAnalytics Plus",,,,,,"non-sql-source","2008"
"Geospatial QVD Generator","lib://AppData\PROD\Geospatial\Indigenous Land Use Agreement.qvd","Indigenous Land Use Agreement.Zone EEZ Indicator","GeoAnalytics Plus",,,,,,"non-sql-source","2008"
"Geospatial QVD Generator","lib://AppData\PROD\Geospatial\Indigenous Land Use Agreement.qvd","Indigenous Land Use Agreement.NNTT Sequence No","GeoAnalytics Plus",,,,,,"non-sql-source","2008"
"Geospatial QVD Generator","lib://AppData\PROD\Geospatial\Indigenous Land Use Agreement.qvd","Indigenous Land Use Agreement.Spatial Note","GeoAnalytics Plus",,,,,,"non-sql-source","2008"
"Geospatial QVD Generator","lib://AppData\PROD\Geospatial\Indigenous Land Use Agreement.qvd","Indigenous Land Use Agreement.GeoTrack Ref","GeoAnalytics Plus",,,,,,"non-sql-source","2008"
"Geospatial QVD Generator","lib://AppData\PROD\Geospatial\Indigenous Land Use Agreement.qvd","Indigenous Land Use Agreement.s78 Id","GeoAnalytics Plus",,,,,,"non-sql-source","2008"
"Geospatial QVD Generator","lib://AppData\PROD\Geospatial\Indigenous Land Use Agreement.qvd","Indigenous Land Use Agreement.Date Assistance","GeoAnalytics Plus",,,,,,"non-sql-source","2008"
"Geospatial QVD Generator","lib://AppData\PROD\Geospatial\Indigenous Land Use Agreement.qvd","Indigenous Land Use Agreement.State Jurisdiction","GeoAnalytics Plus",,,,,,"non-sql-source","2008"
"Geospatial QVD Generator","lib://AppData\PROD\Geospatial\Indigenous Land Use Agreement.qvd","Indigenous Land Use Agreement.Overlap State Jurisdictions","GeoAnalytics Plus",,,,,,"non-sql-source","2008"
"Geospatial QVD Generator","lib://AppData\PROD\Geospatial\Indigenous Land Use Agreement.qvd","Indigenous Land Use Agreement.Date Extracted","GeoAnalytics Plus",,,,,,"non-sql-source","2008"
"Geospatial QVD Generator","lib://AppData\PROD\Geospatial\Indigenous Land Use Agreement.qvd","Indigenous Land Use Agreement.Geometry","GeoAnalytics Plus",,,,,,"non-sql-source","2008"
"Geospatial QVD Generator","lib://AppData\PROD\Geospatial\Native Title.qvd","Native Title.Native Title Id","GeoAnalytics Plus",,,,,,"non-sql-source","2008"
"Geospatial QVD Generator","lib://AppData\PROD\Geospatial\Native Title.qvd","Native Title.NTD Tribunal Id","GeoAnalytics Plus",,,,,,"non-sql-source","2008"
"Geospatial QVD Generator","lib://AppData\PROD\Geospatial\Native Title.qvd","Native Title.Application Name","GeoAnalytics Plus",,,,,,"non-sql-source","2008"
"Geospatial QVD Generator","lib://AppData\PROD\Geospatial\Native Title.qvd","Native Title.Federal Court Ref No","GeoAnalytics Plus",,,,,,"non-sql-source","2008"
"Geospatial QVD Generator","lib://AppData\PROD\Geospatial\Native Title.qvd","Native Title.Federal Court Determination Name","GeoAnalytics Plus",,,,,,"non-sql-source","2008"
"Geospatial QVD Generator","lib://AppData\PROD\Geospatial\Native Title.qvd","Native Title.Determining Body","GeoAnalytics Plus",,,,,,"non-sql-source","2008"
"Geospatial QVD Generator","lib://AppData\PROD\Geospatial\Native Title.qvd","Native Title.Determination Date","GeoAnalytics Plus",,,,,,"non-sql-source","2008"
"Geospatial QVD Generator","lib://AppData\PROD\Geospatial\Native Title.qvd","Native Title.NNTR Registration Date","GeoAnalytics Plus",,,,,,"non-sql-source","2008"
"Geospatial QVD Generator","lib://AppData\PROD\Geospatial\Native Title.qvd","Native Title.Determinated Method","GeoAnalytics Plus",,,,,,"non-sql-source","2008"
"Geospatial QVD Generator","lib://AppData\PROD\Geospatial\Native Title.qvd","Native Title.Determination Type","GeoAnalytics Plus",,,,,,"non-sql-source","2008"
"Geospatial QVD Generator","lib://AppData\PROD\Geospatial\Native Title.qvd","Native Title.Determined Outcome","GeoAnalytics Plus",,,,,,"non-sql-source","2008"
"Geospatial QVD Generator","lib://AppData\PROD\Geospatial\Native Title.qvd","Native Title.Extenquishment Detail","GeoAnalytics Plus",,,,,,"non-sql-source","2008"
"Geospatial QVD Generator","lib://AppData\PROD\Geospatial\Native Title.qvd","Native Title.Appeal Description","GeoAnalytics Plus",,,,,,"non-sql-source","2008"
"Geospatial QVD Generator","lib://AppData\PROD\Geospatial\Native Title.qvd","Native Title.Judge","GeoAnalytics Plus",,,,,,"non-sql-source","2008"
"Geospatial QVD Generator","lib://AppData\PROD\Geospatial\Native Title.qvd","Native Title.RNTBC","GeoAnalytics Plus",,,,,,"non-sql-source","2008"
"Geospatial QVD Generator","lib://AppData\PROD\Geospatial\Native Title.qvd","Native Title.Native Title Holders","GeoAnalytics Plus",,,,,,"non-sql-source","2008"
"Geospatial QVD Generator","lib://AppData\PROD\Geospatial\Native Title.qvd","Native Title.Related NTDA","GeoAnalytics Plus",,,,,,"non-sql-source","2008"
"Geospatial QVD Generator","lib://AppData\PROD\Geospatial\Native Title.qvd","Native Title.Area Sq Km","GeoAnalytics Plus",,,,,,"non-sql-source","2008"
"Geospatial QVD Generator","lib://AppData\PROD\Geospatial\Native Title.qvd","Native Title.Data Source","GeoAnalytics Plus",,,,,,"non-sql-source","2008"
"Geospatial QVD Generator","lib://AppData\PROD\Geospatial\Native Title.qvd","Native Title.Date Currency","GeoAnalytics Plus",,,,,,"non-sql-source","2008"
"Geospatial QVD Generator","lib://AppData\PROD\Geospatial\Native Title.qvd","Native Title.Sea Determination","GeoAnalytics Plus",,,,,,"non-sql-source","2008"
"Geospatial QVD Generator","lib://AppData\PROD\Geospatial\Native Title.qvd","Native Title.Zone LWM Indicator","GeoAnalytics Plus",,,,,,"non-sql-source","2008"
"Geospatial QVD Generator","lib://AppData\PROD\Geospatial\Native Title.qvd","Native Title.Zone 3 Nm Indicator","GeoAnalytics Plus",,,,,,"non-sql-source","2008"
"Geospatial QVD Generator","lib://AppData\PROD\Geospatial\Native Title.qvd","Native Title.Zone 12 Nm Indicator","GeoAnalytics Plus",,,,,,"non-sql-source","2008"
"Geospatial QVD Generator","lib://AppData\PROD\Geospatial\Native Title.qvd","Native Title.Zone 24 Nm Indicator","GeoAnalytics Plus",,,,,,"non-sql-source","2008"
"Geospatial QVD Generator","lib://AppData\PROD\Geospatial\Native Title.qvd","Native Title.Zone EEZ Indicator","GeoAnalytics Plus",,,,,,"non-sql-source","2008"
"Geospatial QVD Generator","lib://AppData\PROD\Geospatial\Native Title.qvd","Native Title.NNTT Sequence No","GeoAnalytics Plus",,,,,,"non-sql-source","2008"
"Geospatial QVD Generator","lib://AppData\PROD\Geospatial\Native Title.qvd","Native Title.Spatial Note","GeoAnalytics Plus",,,,,,"non-sql-source","2008"
"Geospatial QVD Generator","lib://AppData\PROD\Geospatial\Native Title.qvd","Native Title.Federal Court Judgment URL","GeoAnalytics Plus",,,,,,"non-sql-source","2008"
"Geospatial QVD Generator","lib://AppData\PROD\Geospatial\Native Title.qvd","Native Title.State Jurisation","GeoAnalytics Plus",,,,,,"non-sql-source","2008"
"Geospatial QVD Generator","lib://AppData\PROD\Geospatial\Native Title.qvd","Native Title.Overlap State Jurisdictions","GeoAnalytics Plus",,,,,,"non-sql-source","2008"
"Geospatial QVD Generator","lib://AppData\PROD\Geospatial\Native Title.qvd","Native Title.Comments","GeoAnalytics Plus",,,,,,"non-sql-source","2008"
"Geospatial QVD Generator","lib://AppData\PROD\Geospatial\Native Title.qvd","Native Title.Date Extracted","GeoAnalytics Plus",,,,,,"non-sql-source","2008"
"Geospatial QVD Generator","lib://AppData\PROD\Geospatial\Native Title.qvd","Native Title.Geometry","GeoAnalytics Plus",,,,,,"non-sql-source","2008"
"Geospatial QVD Generator","lib://AppData\PROD\Geospatial\Native Title Determination.qvd","Native Title Determination.NTD Id","GeoAnalytics Plus",,,,,,"non-sql-source","2008"
"Geospatial QVD Generator","lib://AppData\PROD\Geospatial\Native Title Determination.qvd","Native Title Determination.NTD Tribunal Id","GeoAnalytics Plus",,,,,,"non-sql-source","2008"
"Geospatial QVD Generator","lib://AppData\PROD\Geospatial\Native Title Determination.qvd","Native Title Determination.Application Name","GeoAnalytics Plus",,,,,,"non-sql-source","2008"
"Geospatial QVD Generator","lib://AppData\PROD\Geospatial\Native Title Determination.qvd","Native Title Determination.Federal Court Ref No","GeoAnalytics Plus",,,,,,"non-sql-source","2008"
"Geospatial QVD Generator","lib://AppData\PROD\Geospatial\Native Title Determination.qvd","Native Title Determination.Federal Court Determination Name","GeoAnalytics Plus",,,,,,"non-sql-source","2008"
"Geospatial QVD Generator","lib://AppData\PROD\Geospatial\Native Title Determination.qvd","Native Title Determination.Determining Body","GeoAnalytics Plus",,,,,,"non-sql-source","2008"
"Geospatial QVD Generator","lib://AppData\PROD\Geospatial\Native Title Determination.qvd","Native Title Determination.Determination Date","GeoAnalytics Plus",,,,,,"non-sql-source","2008"
"Geospatial QVD Generator","lib://AppData\PROD\Geospatial\Native Title Determination.qvd","Native Title Determination.NNTR Registration Date","GeoAnalytics Plus",,,,,,"non-sql-source","2008"
"Geospatial QVD Generator","lib://AppData\PROD\Geospatial\Native Title Determination.qvd","Native Title Determination.Determinated Method","GeoAnalytics Plus",,,,,,"non-sql-source","2008"
"Geospatial QVD Generator","lib://AppData\PROD\Geospatial\Native Title Determination.qvd","Native Title Determination.Determination Type","GeoAnalytics Plus",,,,,,"non-sql-source","2008"
"Geospatial QVD Generator","lib://AppData\PROD\Geospatial\Native Title Determination.qvd","Native Title Determination.Claimant Type","GeoAnalytics Plus",,,,,,"non-sql-source","2008"
"Geospatial QVD Generator","lib://AppData\PROD\Geospatial\Native Title Determination.qvd","Native Title Determination.Determined Outcome","GeoAnalytics Plus",,,,,,"non-sql-source","2008"
"Geospatial QVD Generator","lib://AppData\PROD\Geospatial\Native Title Determination.qvd","Native Title Determination.Appeal Description","GeoAnalytics Plus",,,,,,"non-sql-source","2008"
"Geospatial QVD Generator","lib://AppData\PROD\Geospatial\Native Title Determination.qvd","Native Title Determination.Judge","GeoAnalytics Plus",,,,,,"non-sql-source","2008"
"Geospatial QVD Generator","lib://AppData\PROD\Geospatial\Native Title Determination.qvd","Native Title Determination.RNTBC","GeoAnalytics Plus",,,,,,"non-sql-source","2008"
"Geospatial QVD Generator","lib://AppData\PROD\Geospatial\Native Title Determination.qvd","Native Title Determination.Native Title Holders","GeoAnalytics Plus",,,,,,"non-sql-source","2008"
"Geospatial QVD Generator","lib://AppData\PROD\Geospatial\Native Title Determination.qvd","Native Title Determination.Related NTDA","GeoAnalytics Plus",,,,,,"non-sql-source","2008"
"Geospatial QVD Generator","lib://AppData\PROD\Geospatial\Native Title Determination.qvd","Native Title Determination.Area Sq Km","GeoAnalytics Plus",,,,,,"non-sql-source","2008"
"Geospatial QVD Generator","lib://AppData\PROD\Geospatial\Native Title Determination.qvd","Native Title Determination.Data Source","GeoAnalytics Plus",,,,,,"non-sql-source","2008"
"Geospatial QVD Generator","lib://AppData\PROD\Geospatial\Native Title Determination.qvd","Native Title Determination.Date Currency","GeoAnalytics Plus",,,,,,"non-sql-source","2008"
"Geospatial QVD Generator","lib://AppData\PROD\Geospatial\Native Title Determination.qvd","Native Title Determination.Sea Determination","GeoAnalytics Plus",,,,,,"non-sql-source","2008"
"Geospatial QVD Generator","lib://AppData\PROD\Geospatial\Native Title Determination.qvd","Native Title Determination.Zone LWM Indicator","GeoAnalytics Plus",,,,,,"non-sql-source","2008"
"Geospatial QVD Generator","lib://AppData\PROD\Geospatial\Native Title Determination.qvd","Native Title Determination.Zone 3 Nm Indicator","GeoAnalytics Plus",,,,,,"non-sql-source","2008"
"Geospatial QVD Generator","lib://AppData\PROD\Geospatial\Native Title Determination.qvd","Native Title Determination.Zone 12 Nm Indicator","GeoAnalytics Plus",,,,,,"non-sql-source","2008"
"Geospatial QVD Generator","lib://AppData\PROD\Geospatial\Native Title Determination.qvd","Native Title Determination.Zone 24 Nm Indicator","GeoAnalytics Plus",,,,,,"non-sql-source","2008"
"Geospatial QVD Generator","lib://AppData\PROD\Geospatial\Native Title Determination.qvd","Native Title Determination.Zone EEZ Nm Indicator","GeoAnalytics Plus",,,,,,"non-sql-source","2008"
"Geospatial QVD Generator","lib://AppData\PROD\Geospatial\Native Title Determination.qvd","Native Title Determination.NNTT Sequence No","GeoAnalytics Plus",,,,,,"non-sql-source","2008"
"Geospatial QVD Generator","lib://AppData\PROD\Geospatial\Native Title Determination.qvd","Native Title Determination.Spatial Note","GeoAnalytics Plus",,,,,,"non-sql-source","2008"
"Geospatial QVD Generator","lib://AppData\PROD\Geospatial\Native Title Determination.qvd","Native Title Determination.Federal Court Judgment URL","GeoAnalytics Plus",,,,,,"non-sql-source","2008"
"Geospatial QVD Generator","lib://AppData\PROD\Geospatial\Native Title Determination.qvd","Native Title Determination.State Jurisdiction","GeoAnalytics Plus",,,,,,"non-sql-source","2008"
"Geospatial QVD Generator","lib://AppData\PROD\Geospatial\Native Title Determination.qvd","Native Title Determination.Overlap State Jurisdictions","GeoAnalytics Plus",,,,,,"non-sql-source","2008"
"Geospatial QVD Generator","lib://AppData\PROD\Geospatial\Native Title Determination.qvd","Native Title Determination.Date Extracted","GeoAnalytics Plus",,,,,,"non-sql-source","2008"
"Geospatial QVD Generator","lib://AppData\PROD\Geospatial\Native Title Determination.qvd","Native Title Determination.Geometry","GeoAnalytics Plus",,,,,,"non-sql-source","2008"
"Geospatial QVD Generator","lib://AppData\PROD\Geospatial\Native Title Determination Application.qvd","Native Title Determination Application.NTDA Id","GeoAnalytics Plus",,,,,,"non-sql-source","2008"
"Geospatial QVD Generator","lib://AppData\PROD\Geospatial\Native Title Determination Application.qvd","Native Title Determination Application.NTDA Tribunal Id","GeoAnalytics Plus",,,,,,"non-sql-source","2008"
"Geospatial QVD Generator","lib://AppData\PROD\Geospatial\Native Title Determination Application.qvd","Native Title Determination Application.Application Name","GeoAnalytics Plus",,,,,,"non-sql-source","2008"
"Geospatial QVD Generator","lib://AppData\PROD\Geospatial\Native Title Determination Application.qvd","Native Title Determination Application.Federal Court Ref No","GeoAnalytics Plus",,,,,,"non-sql-source","2008"
"Geospatial QVD Generator","lib://AppData\PROD\Geospatial\Native Title Determination Application.qvd","Native Title Determination Application.Date Lodged","GeoAnalytics Plus",,,,,,"non-sql-source","2008"
"Geospatial QVD Generator","lib://AppData\PROD\Geospatial\Native Title Determination Application.qvd","Native Title Determination Application.Status","GeoAnalytics Plus",,,,,,"non-sql-source","2008"
"Geospatial QVD Generator","lib://AppData\PROD\Geospatial\Native Title Determination Application.qvd","Native Title Determination Application.Date Status Effective","GeoAnalytics Plus",,,,,,"non-sql-source","2008"
"Geospatial QVD Generator","lib://AppData\PROD\Geospatial\Native Title Determination Application.qvd","Native Title Determination Application.Registration Test Status","GeoAnalytics Plus",,,,,,"non-sql-source","2008"
"Geospatial QVD Generator","lib://AppData\PROD\Geospatial\Native Title Determination Application.qvd","Native Title Determination Application.Date Registration Test Decision","GeoAnalytics Plus",,,,,,"non-sql-source","2008"
"Geospatial QVD Generator","lib://AppData\PROD\Geospatial\Native Title Determination Application.qvd","Native Title Determination Application.Date Current Registration","GeoAnalytics Plus",,,,,,"non-sql-source","2008"
"Geospatial QVD Generator","lib://AppData\PROD\Geospatial\Native Title Determination Application.qvd","Native Title Determination Application.Date NT Rights and Interests","GeoAnalytics Plus",,,,,,"non-sql-source","2008"
"Geospatial QVD Generator","lib://AppData\PROD\Geospatial\Native Title Determination Application.qvd","Native Title Determination Application.Notification Closing Date","GeoAnalytics Plus",,,,,,"non-sql-source","2008"
"Geospatial QVD Generator","lib://AppData\PROD\Geospatial\Native Title Determination Application.qvd","Native Title Determination Application.Federal Court Last Order Date","GeoAnalytics Plus",,,,,,"non-sql-source","2008"
"Geospatial QVD Generator","lib://AppData\PROD\Geospatial\Native Title Determination Application.qvd","Native Title Determination Application.Combined","GeoAnalytics Plus",,,,,,"non-sql-source","2008"
"Geospatial QVD Generator","lib://AppData\PROD\Geospatial\Native Title Determination Application.qvd","Native Title Determination Application.Parent NTDA Tribunal Id","GeoAnalytics Plus",,,,,,"non-sql-source","2008"
"Geospatial QVD Generator","lib://AppData\PROD\Geospatial\Native Title Determination Application.qvd","Native Title Determination Application.Representative","GeoAnalytics Plus",,,,,,"non-sql-source","2008"
"Geospatial QVD Generator","lib://AppData\PROD\Geospatial\Native Title Determination Application.qvd","Native Title Determination Application.Application Type","GeoAnalytics Plus",,,,,,"non-sql-source","2008"
"Geospatial QVD Generator","lib://AppData\PROD\Geospatial\Native Title Determination Application.qvd","Native Title Determination Application.Area Sq Km","GeoAnalytics Plus",,,,,,"non-sql-source","2008"
"Geospatial QVD Generator","lib://AppData\PROD\Geospatial\Native Title Determination Application.qvd","Native Title Determination Application.Data Source","GeoAnalytics Plus",,,,,,"non-sql-source","2008"
"Geospatial QVD Generator","lib://AppData\PROD\Geospatial\Native Title Determination Application.qvd","Native Title Determination Application.Currency Date","GeoAnalytics Plus",,,,,,"non-sql-source","2008"
"Geospatial QVD Generator","lib://AppData\PROD\Geospatial\Native Title Determination Application.qvd","Native Title Determination Application.Sea Claim","GeoAnalytics Plus",,,,,,"non-sql-source","2008"
"Geospatial QVD Generator","lib://AppData\PROD\Geospatial\Native Title Determination Application.qvd","Native Title Determination Application.Zone LWM Indicator","GeoAnalytics Plus",,,,,,"non-sql-source","2008"
"Geospatial QVD Generator","lib://AppData\PROD\Geospatial\Native Title Determination Application.qvd","Native Title Determination Application.Zone 3 Nm Indicator","GeoAnalytics Plus",,,,,,"non-sql-source","2008"
"Geospatial QVD Generator","lib://AppData\PROD\Geospatial\Native Title Determination Application.qvd","Native Title Determination Application.Zone 12 Nm Indicator","GeoAnalytics Plus",,,,,,"non-sql-source","2008"
"Geospatial QVD Generator","lib://AppData\PROD\Geospatial\Native Title Determination Application.qvd","Native Title Determination Application.Zone 24 Nm Indicator","GeoAnalytics Plus",,,,,,"non-sql-source","2008"
"Geospatial QVD Generator","lib://AppData\PROD\Geospatial\Native Title Determination Application.qvd","Native Title Determination Application.Zone EEZ Indicator","GeoAnalytics Plus",,,,,,"non-sql-source","2008"
"Geospatial QVD Generator","lib://AppData\PROD\Geospatial\Native Title Determination Application.qvd","Native Title Determination Application.NNTT Sequence No","GeoAnalytics Plus",,,,,,"non-sql-source","2008"
"Geospatial QVD Generator","lib://AppData\PROD\Geospatial\Native Title Determination Application.qvd","Native Title Determination Application.Spatial Note","GeoAnalytics Plus",,,,,,"non-sql-source","2008"
"Geospatial QVD Generator","lib://AppData\PROD\Geospatial\Native Title Determination Application.qvd","Native Title Determination Application.State Jurisdiction","GeoAnalytics Plus",,,,,,"non-sql-source","2008"
"Geospatial QVD Generator","lib://AppData\PROD\Geospatial\Native Title Determination Application.qvd","Native Title Determination Application.Overlap State Jurisdictions","GeoAnalytics Plus",,,,,,"non-sql-source","2008"
"Geospatial QVD Generator","lib://AppData\PROD\Geospatial\Native Title Determination Application.qvd","Native Title Determination Application.Date Extracted","GeoAnalytics Plus",,,,,,"non-sql-source","2008"
"Geospatial QVD Generator","lib://AppData\PROD\Geospatial\Native Title Determination Application.qvd","Native Title Determination Application.Geometry","GeoAnalytics Plus",,,,,,"non-sql-source","2008"
"Geospatial QVD Generator","lib://AppData\PROD\Geospatial\NTD - NTDA.qvd","NTD - NTDA.NTD Tribunal Id","AzureDbDevGeospatial","""AZDB-ZEA-DEV-GEOSPATIAL""","NNTT.""NTD - NTDA""","NTD Tribunal Id",,,"mapped","2008"
"Geospatial QVD Generator","lib://AppData\PROD\Geospatial\NTD - NTDA.qvd","NTD - NTDA.NTDA Tribunal Id","AzureDbDevGeospatial","""AZDB-ZEA-DEV-GEOSPATIAL""","NNTT.""NTD - NTDA""","NTDA Tribunal Id",,,"mapped","2008"
"Geospatial QVD Generator","lib://AppData\PROD\Geospatial\NTDA Schedule.qvd","NTDA Schedule.NTDA Schedule Id","GeoAnalytics Plus",,,,,,"non-sql-source","2008"
"Geospatial QVD Generator","lib://AppData\PROD\Geospatial\NTDA Schedule.qvd","NTDA Schedule.NTDA Tribunal Id","GeoAnalytics Plus",,,,,,"non-sql-source","2008"
"Geospatial QVD Generator","lib://AppData\PROD\Geospatial\NTDA Schedule.qvd","NTDA Schedule.Application Name","GeoAnalytics Plus",,,,,,"non-sql-source","2008"
"Geospatial QVD Generator","lib://AppData\PROD\Geospatial\NTDA Schedule.qvd","NTDA Schedule.Federal Court Ref No","GeoAnalytics Plus",,,,,,"non-sql-source","2008"
"Geospatial QVD Generator","lib://AppData\PROD\Geospatial\NTDA Schedule.qvd","NTDA Schedule.Date Lodged","GeoAnalytics Plus",,,,,,"non-sql-source","2008"
"Geospatial QVD Generator","lib://AppData\PROD\Geospatial\NTDA Schedule.qvd","NTDA Schedule.Status","GeoAnalytics Plus",,,,,,"non-sql-source","2008"
"Geospatial QVD Generator","lib://AppData\PROD\Geospatial\NTDA Schedule.qvd","NTDA Schedule.Date Status Effective","GeoAnalytics Plus",,,,,,"non-sql-source","2008"
"Geospatial QVD Generator","lib://AppData\PROD\Geospatial\NTDA Schedule.qvd","NTDA Schedule.Registration Test Status","GeoAnalytics Plus",,,,,,"non-sql-source","2008"
"Geospatial QVD Generator","lib://AppData\PROD\Geospatial\NTDA Schedule.qvd","NTDA Schedule.Date Registration Test Decision","GeoAnalytics Plus",,,,,,"non-sql-source","2008"
"Geospatial QVD Generator","lib://AppData\PROD\Geospatial\NTDA Schedule.qvd","NTDA Schedule.Date Current Registration","GeoAnalytics Plus",,,,,,"non-sql-source","2008"
"Geospatial QVD Generator","lib://AppData\PROD\Geospatial\NTDA Schedule.qvd","NTDA Schedule.Date NT Rights and Interests","GeoAnalytics Plus",,,,,,"non-sql-source","2008"
"Geospatial QVD Generator","lib://AppData\PROD\Geospatial\NTDA Schedule.qvd","NTDA Schedule.Notification Closing Date","GeoAnalytics Plus",,,,,,"non-sql-source","2008"
"Geospatial QVD Generator","lib://AppData\PROD\Geospatial\NTDA Schedule.qvd","NTDA Schedule.Federal Court Last Order Date","GeoAnalytics Plus",,,,,,"non-sql-source","2008"
"Geospatial QVD Generator","lib://AppData\PROD\Geospatial\NTDA Schedule.qvd","NTDA Schedule.Combined","GeoAnalytics Plus",,,,,,"non-sql-source","2008"
"Geospatial QVD Generator","lib://AppData\PROD\Geospatial\NTDA Schedule.qvd","NTDA Schedule.Parent NTDA Tribunal Id","GeoAnalytics Plus",,,,,,"non-sql-source","2008"
"Geospatial QVD Generator","lib://AppData\PROD\Geospatial\NTDA Schedule.qvd","NTDA Schedule.Representative","GeoAnalytics Plus",,,,,,"non-sql-source","2008"
"Geospatial QVD Generator","lib://AppData\PROD\Geospatial\NTDA Schedule.qvd","NTDA Schedule.Application Type","GeoAnalytics Plus",,,,,,"non-sql-source","2008"
"Geospatial QVD Generator","lib://AppData\PROD\Geospatial\NTDA Schedule.qvd","NTDA Schedule.Area Sq Km","GeoAnalytics Plus",,,,,,"non-sql-source","2008"
"Geospatial QVD Generator","lib://AppData\PROD\Geospatial\NTDA Schedule.qvd","NTDA Schedule.Data Source","GeoAnalytics Plus",,,,,,"non-sql-source","2008"
"Geospatial QVD Generator","lib://AppData\PROD\Geospatial\NTDA Schedule.qvd","NTDA Schedule.Currency Date","GeoAnalytics Plus",,,,,,"non-sql-source","2008"
"Geospatial QVD Generator","lib://AppData\PROD\Geospatial\NTDA Schedule.qvd","NTDA Schedule.Sea Claim","GeoAnalytics Plus",,,,,,"non-sql-source","2008"
"Geospatial QVD Generator","lib://AppData\PROD\Geospatial\NTDA Schedule.qvd","NTDA Schedule.Zone LWM Indicator","GeoAnalytics Plus",,,,,,"non-sql-source","2008"
"Geospatial QVD Generator","lib://AppData\PROD\Geospatial\NTDA Schedule.qvd","NTDA Schedule.Zone 3 Nm Indicator","GeoAnalytics Plus",,,,,,"non-sql-source","2008"
"Geospatial QVD Generator","lib://AppData\PROD\Geospatial\NTDA Schedule.qvd","NTDA Schedule.Zone 12 Nm Indicator","GeoAnalytics Plus",,,,,,"non-sql-source","2008"
"Geospatial QVD Generator","lib://AppData\PROD\Geospatial\NTDA Schedule.qvd","NTDA Schedule.Zone 24 Nm Indicator","GeoAnalytics Plus",,,,,,"non-sql-source","2008"
"Geospatial QVD Generator","lib://AppData\PROD\Geospatial\NTDA Schedule.qvd","NTDA Schedule.Zone EEZ Indicator","GeoAnalytics Plus",,,,,,"non-sql-source","2008"
"Geospatial QVD Generator","lib://AppData\PROD\Geospatial\NTDA Schedule.qvd","NTDA Schedule.NNTT Sequence No","GeoAnalytics Plus",,,,,,"non-sql-source","2008"
"Geospatial QVD Generator","lib://AppData\PROD\Geospatial\NTDA Schedule.qvd","NTDA Schedule.Spatial Note","GeoAnalytics Plus",,,,,,"non-sql-source","2008"
"Geospatial QVD Generator","lib://AppData\PROD\Geospatial\NTDA Schedule.qvd","NTDA Schedule.State Jurisdiction","GeoAnalytics Plus",,,,,,"non-sql-source","2008"
"Geospatial QVD Generator","lib://AppData\PROD\Geospatial\NTDA Schedule.qvd","NTDA Schedule.Overlap State Jurisdictions","GeoAnalytics Plus",,,,,,"non-sql-source","2008"
"Geospatial QVD Generator","lib://AppData\PROD\Geospatial\NTDA Schedule.qvd","NTDA Schedule.Date Extracted","GeoAnalytics Plus",,,,,,"non-sql-source","2008"
"Geospatial QVD Generator","lib://AppData\PROD\Geospatial\NTDA Schedule.qvd","NTDA Schedule.Geometry","GeoAnalytics Plus",,,,,,"non-sql-source","2008"
"Geospatial QVD Generator","lib://AppData\PROD\Geospatial\s31 Agreement.qvd","s31 Agreement.s31 Agreement Id","GeoAnalytics Plus",,,,,,"non-sql-source","2008"
"Geospatial QVD Generator","lib://AppData\PROD\Geospatial\s31 Agreement.qvd","s31 Agreement.s31 Tribunal Id","GeoAnalytics Plus",,,,,,"non-sql-source","2008"
"Geospatial QVD Generator","lib://AppData\PROD\Geospatial\s31 Agreement.qvd","s31 Agreement.FA Notice","GeoAnalytics Plus",,,,,,"non-sql-source","2008"
"Geospatial QVD Generator","lib://AppData\PROD\Geospatial\s31 Agreement.qvd","s31 Agreement.Tenement Id","GeoAnalytics Plus",,,,,,"non-sql-source","2008"
"Geospatial QVD Generator","lib://AppData\PROD\Geospatial\s31 Agreement.qvd","s31 Agreement.State Jurisdiction","GeoAnalytics Plus",,,,,,"non-sql-source","2008"
"Geospatial QVD Generator","lib://AppData\PROD\Geospatial\s31 Agreement.qvd","s31 Agreement.RATSIB","GeoAnalytics Plus",,,,,,"non-sql-source","2008"
"Geospatial QVD Generator","lib://AppData\PROD\Geospatial\s31 Agreement.qvd","s31 Agreement.Date Received","GeoAnalytics Plus",,,,,,"non-sql-source","2008"
"Geospatial QVD Generator","lib://AppData\PROD\Geospatial\s31 Agreement.qvd","s31 Agreement.Native Title Party","GeoAnalytics Plus",,,,,,"non-sql-source","2008"
"Geospatial QVD Generator","lib://AppData\PROD\Geospatial\s31 Agreement.qvd","s31 Agreement.Grantee Party","GeoAnalytics Plus",,,,,,"non-sql-source","2008"
"Geospatial QVD Generator","lib://AppData\PROD\Geospatial\s31 Agreement.qvd","s31 Agreement.Government Party","GeoAnalytics Plus",,,,,,"non-sql-source","2008"
"Geospatial QVD Generator","lib://AppData\PROD\Geospatial\s31 Agreement.qvd","s31 Agreement.NNTT Sequence No","GeoAnalytics Plus",,,,,,"non-sql-source","2008"
"Geospatial QVD Generator","lib://AppData\PROD\Geospatial\s31 Agreement.qvd","s31 Agreement.Date Extracted","GeoAnalytics Plus",,,,,,"non-sql-source","2008"
"Geospatial QVD Generator","lib://AppData\PROD\Geospatial\s31 Agreement.qvd","s31 Agreement.Geometry","GeoAnalytics Plus",,,,,,"non-sql-source","2008"
"Geospatial QVD Generator","lib://AppData\PROD\Geospatial\MB 2021 - NNTT.qvd","MB 2021 - NNTT.Mesh Block Code","AzureDbDevGeospatial","""AZDB-ZEA-DEV-GEOSPATIAL""","NNTT.""MB 2021 - NNTT""","Mesh Block Code",,,"mapped","2008"
"Geospatial QVD Generator","lib://AppData\PROD\Geospatial\MB 2021 - NNTT.qvd","MB 2021 - NNTT.RATSIB Id","AzureDbDevGeospatial","""AZDB-ZEA-DEV-GEOSPATIAL""","NNTT.""MB 2021 - NNTT""","RATSIB Id",,,"mapped","2008"
"Geospatial QVD Generator","lib://AppData\PROD\Geospatial\MB 2021 - NNTT.qvd","MB 2021 - NNTT.NTD Tribunal Id","AzureDbDevGeospatial","""AZDB-ZEA-DEV-GEOSPATIAL""","NNTT.""MB 2021 - NNTT""","NTD Tribunal Id",,,"mapped","2008"
"Geospatial QVD Generator","lib://AppData\PROD\Geospatial\MB 2021 - NNTT.qvd","MB 2021 - NNTT.ILUA Tribunal Id","AzureDbDevGeospatial","""AZDB-ZEA-DEV-GEOSPATIAL""","NNTT.""MB 2021 - NNTT""","ILUA Tribunal Id",,,"mapped","2008"
"Geospatial QVD Generator","lib://AppData\PROD\Geospatial\MB 2021 - NNTT.qvd","MB 2021 - NNTT.s31 Tribunal Id","AzureDbDevGeospatial","""AZDB-ZEA-DEV-GEOSPATIAL""","NNTT.""MB 2021 - NNTT""","s31 Tribunal Id",,,"mapped","2008"
"Geospatial QVD Generator","lib://AppData\PROD\Geospatial\RATSIB.qvd","RATSIB.RATSIB Id","GeoAnalytics Plus",,,,,,"non-sql-source","2008"
"Geospatial QVD Generator","lib://AppData\PROD\Geospatial\RATSIB.qvd","RATSIB.Organisation","GeoAnalytics Plus",,,,,,"non-sql-source","2008"
"Geospatial QVD Generator","lib://AppData\PROD\Geospatial\RATSIB.qvd","RATSIB.RATSIB","GeoAnalytics Plus",,,,,,"non-sql-source","2008"
"Geospatial QVD Generator","lib://AppData\PROD\Geospatial\RATSIB.qvd","RATSIB.RATSIB Type","GeoAnalytics Plus",,,,,,"non-sql-source","2008"
"Geospatial QVD Generator","lib://AppData\PROD\Geospatial\RATSIB.qvd","RATSIB.Legislative Authority","GeoAnalytics Plus",,,,,,"non-sql-source","2008"
"Geospatial QVD Generator","lib://AppData\PROD\Geospatial\RATSIB.qvd","RATSIB.RATSIB Link","GeoAnalytics Plus",,,,,,"non-sql-source","2008"
"Geospatial QVD Generator","lib://AppData\PROD\Geospatial\RATSIB.qvd","RATSIB.State Jurisdiction","GeoAnalytics Plus",,,,,,"non-sql-source","2008"
"Geospatial QVD Generator","lib://AppData\PROD\Geospatial\RATSIB.qvd","RATSIB.Spatial Note","GeoAnalytics Plus",,,,,,"non-sql-source","2008"
"Geospatial QVD Generator","lib://AppData\PROD\Geospatial\RATSIB.qvd","RATSIB.Comments","GeoAnalytics Plus",,,,,,"non-sql-source","2008"
"Geospatial QVD Generator","lib://AppData\PROD\Geospatial\RATSIB.qvd","RATSIB.Date Extracted","GeoAnalytics Plus",,,,,,"non-sql-source","2008"
"Geospatial QVD Generator","lib://AppData\PROD\Geospatial\RATSIB.qvd","RATSIB.Geometry","GeoAnalytics Plus",,,,,,"non-sql-source","2008"
"Geospatial QVD Generator","lib://AppData\PROD\Geospatial\RATSIB - NTD.qvd","RATSIB - NTD.RATSIB Id","AzureDbDevGeospatial","""AZDB-ZEA-DEV-GEOSPATIAL""","NNTT.""RATSIB - NTD""","RATSIB Id",,,"mapped","2008"
"Geospatial QVD Generator","lib://AppData\PROD\Geospatial\RATSIB - NTD.qvd","RATSIB - NTD.NTD Tribunal Id","AzureDbDevGeospatial","""AZDB-ZEA-DEV-GEOSPATIAL""","NNTT.""RATSIB - NTD""","NTD Tribunal Id",,,"mapped","2008"
"Geospatial QVD Generator","lib://AppData\PROD\Geospatial\RNTBC.qvd","RNTBC.RNTBC Id","GeoAnalytics Plus",,,,,,"non-sql-source","2008"
"Geospatial QVD Generator","lib://AppData\PROD\Geospatial\RNTBC.qvd","RNTBC.Related Determination","GeoAnalytics Plus",,,,,,"non-sql-source","2008"
"Geospatial QVD Generator","lib://AppData\PROD\Geospatial\RNTBC.qvd","RNTBC.ICN","GeoAnalytics Plus",,,,,,"non-sql-source","2008"
"Geospatial QVD Generator","lib://AppData\PROD\Geospatial\RNTBC.qvd","RNTBC.Corporation","GeoAnalytics Plus",,,,,,"non-sql-source","2008"
"Geospatial QVD Generator","lib://AppData\PROD\Geospatial\RNTBC.qvd","RNTBC.Status","GeoAnalytics Plus",,,,,,"non-sql-source","2008"
"Geospatial QVD Generator","lib://AppData\PROD\Geospatial\RNTBC.qvd","RNTBC.Contact Officer","GeoAnalytics Plus",,,,,,"non-sql-source","2008"
"Geospatial QVD Generator","lib://AppData\PROD\Geospatial\RNTBC.qvd","RNTBC.ROA DAA","GeoAnalytics Plus",,,,,,"non-sql-source","2008"
"Geospatial QVD Generator","lib://AppData\PROD\Geospatial\RNTBC.qvd","RNTBC.Contact Address","GeoAnalytics Plus",,,,,,"non-sql-source","2008"
"Geospatial QVD Generator","lib://AppData\PROD\Geospatial\RNTBC.qvd","RNTBC.Size","GeoAnalytics Plus",,,,,,"non-sql-source","2008"
"Geospatial QVD Generator","lib://AppData\PROD\Geospatial\RNTBC.qvd","RNTBC.Documents URL","GeoAnalytics Plus",,,,,,"non-sql-source","2008"
"Geospatial QVD Generator","lib://AppData\PROD\Geospatial\RNTBC.qvd","RNTBC.Extract URL","GeoAnalytics Plus",,,,,,"non-sql-source","2008"
"Geospatial QVD Generator","lib://AppData\PROD\Geospatial\RNTBC.qvd","RNTBC.Date Extracted","GeoAnalytics Plus",,,,,,"non-sql-source","2008"
"Geospatial QVD Generator","lib://AppData\PROD\Geospatial\RNTBC.qvd","RNTBC.Geometry","GeoAnalytics Plus",,,,,,"non-sql-source","2008"
"Geospatial QVD Generator","lib://AppData\PROD\Geospatial\RNTBC - NTD.qvd","RNTBC - NTD.RNTBC Id","AzureDbDevGeospatial","""AZDB-ZEA-DEV-GEOSPATIAL""","NNTT.""RNTBC - NTD""","RNTBC Id",,,"mapped","2008"
"Geospatial QVD Generator","lib://AppData\PROD\Geospatial\RNTBC - NTD.qvd","RNTBC - NTD.NTD Tribunal Id","AzureDbDevGeospatial","""AZDB-ZEA-DEV-GEOSPATIAL""","NNTT.""RNTBC - NTD""","NTD Tribunal Id",,,"mapped","2008"
"Geospatial QVD Generator","lib://AppData\PROD\Geospatial\PMC 2018.qvd","PMC 2018.PMC Region Code","GeoAnalytics Plus",,,,,,"non-sql-source","2008"
"Geospatial QVD Generator","lib://AppData\PROD\Geospatial\PMC 2018.qvd","PMC 2018.PMC Region Name","GeoAnalytics Plus",,,,,,"non-sql-source","2008"
"Geospatial QVD Generator","lib://AppData\PROD\Geospatial\PMC 2018.qvd","PMC 2018.Geometry","GeoAnalytics Plus",,,,,,"non-sql-source","2008"
"Geospatial QVD Generator","lib://AppData\PROD\Geospatial\SA1 - PMC Region.qvd","SA1 - PMC Region.SA1 Main Code","AzureDbProdNIAADL","""AZDB-ZEA-PRD-NIAADL01""","pmc.""SA1_TO_PMC_REGION""","SA1_MAINCODE",,,"mapped","2008"
"Geospatial QVD Generator","lib://AppData\PROD\Geospatial\SA1 - PMC Region.qvd","SA1 - PMC Region.PMC Region Code","AzureDbProdNIAADL","""AZDB-ZEA-PRD-NIAADL01""","pmc.""SA1_TO_PMC_REGION""","PMC_REGION_CODE",,,"mapped","2008"
"Geospatial QVD Generator","lib://AppData\PROD\Geospatial\SA1 - PMC Region.qvd","SA1 - PMC Region.PMC Region","AzureDbProdNIAADL","""AZDB-ZEA-PRD-NIAADL01""","pmc.""SA1_TO_PMC_REGION""","PMC_REGION_NAME",,,"mapped","2008"
"Geospatial QVD Generator","lib://AppData\PROD\Geospatial\NIAA 2018.qvd","NIAA 2018.NIAA Region Code","GeoAnalytics Plus",,,,,,"non-sql-source","2008"
"Geospatial QVD Generator","lib://AppData\PROD\Geospatial\NIAA 2018.qvd","NIAA 2018.NIAA Region Name","GeoAnalytics Plus",,,,,,"non-sql-source","2008"
"Geospatial QVD Generator","lib://AppData\PROD\Geospatial\NIAA 2018.qvd","NIAA 2018.Geometry","GeoAnalytics Plus",,,,,,"non-sql-source","2008"
"Geospatial QVD Generator","lib://AppData\PROD\Geospatial\SA1 - NIAA Region.qvd","SA1 - NIAA Region.SA1 Main Code","AzureDbProdNIAADL","""AZDB-ZEA-PRD-NIAADL01""","pmc.""SA1_TO_PMC_REGION""","SA1_MAINCODE",,,"mapped","2008"
"Geospatial QVD Generator","lib://AppData\PROD\Geospatial\SA1 - NIAA Region.qvd","SA1 - NIAA Region.NIAA Region Code","AzureDbProdNIAADL","""AZDB-ZEA-PRD-NIAADL01""","pmc.""SA1_TO_PMC_REGION""","PMC_REGION_CODE",,,"mapped","2008"
"Geospatial QVD Generator","lib://AppData\PROD\Geospatial\SA1 - NIAA Region.qvd","SA1 - NIAA Region.NIAA Region","AzureDbProdNIAADL","""AZDB-ZEA-PRD-NIAADL01""","pmc.""SA1_TO_PMC_REGION""","PMC_REGION_NAME",,,"mapped","2008"
"Geospatial QVD Generator","lib://AppData\PROD\Geospatial\MMM 2019.qvd","MMM 2019.MMM Id","GeoAnalytics Plus",,,,,,"non-sql-source","2008"
"Geospatial QVD Generator","lib://AppData\PROD\Geospatial\MMM 2019.qvd","MMM 2019.SHAPE_Leng","GeoAnalytics Plus",,,,,,"non-sql-source","2008"
"Geospatial QVD Generator","lib://AppData\PROD\Geospatial\MMM 2019.qvd","MMM 2019.SHAPE_Area","GeoAnalytics Plus",,,,,,"non-sql-source","2008"
"Geospatial QVD Generator","lib://AppData\PROD\Geospatial\MMM 2019.qvd","MMM 2019.STATE_CODE","GeoAnalytics Plus",,,,,,"non-sql-source","2008"
"Geospatial QVD Generator","lib://AppData\PROD\Geospatial\MMM 2019.qvd","MMM 2019.MMM Code","GeoAnalytics Plus",,,,,,"non-sql-source","2008"
"Geospatial QVD Generator","lib://AppData\PROD\Geospatial\MMM 2019.qvd","MMM 2019.MMM 2019 Id","GeoAnalytics Plus",,,,,,"non-sql-source","2008"
"Geospatial QVD Generator","lib://AppData\PROD\Geospatial\MMM 2019.qvd","MMM 2019.Geometry","GeoAnalytics Plus",,,,,,"non-sql-source","2008"
"Geospatial QVD Generator","lib://AppData\PROD\Geospatial\MMM 2019.qvd","MMM 2019._autoIndex_","GeoAnalytics Plus",,,,,,"non-sql-source","2008"
"Geospatial QVD Generator","lib://AppData\PROD\Geospatial\SA1 - MMM.qvd","SA1 - MMM.SA1 Main Code","AzureDbProdNIAADL","""AZDB-ZEA-PRD-NIAADL01""","DoH.""SA1 - MMM""","SA1 Main Code",,,"mapped","2008"
"Geospatial QVD Generator","lib://AppData\PROD\Geospatial\SA1 - MMM.qvd","SA1 - MMM.MMM 2019 Id","AzureDbProdNIAADL","""AZDB-ZEA-PRD-NIAADL01""","DoH.""SA1 - MMM""","MMM 2019 Id",,,"load-src-not-in-select","2008"
"Geospatial QVD Generator","lib://AppData\PROD\Geospatial\Modified Monash Model.qvd","Modified Monash Model.MMM Id","AzureDbProdNIAADL","""AZDB-ZEA-PRD-NIAADL01""","DoH.""Modified Monash Model""","Text([MMM Id])",,,"parse-error","2008"
"Geospatial QVD Generator","lib://AppData\PROD\Geospatial\Modified Monash Model.qvd","Modified Monash Model.MMM Code","AzureDbProdNIAADL","""AZDB-ZEA-PRD-NIAADL01""","DoH.""Modified Monash Model""","MMM Code",,,"mapped","2008"
"Geospatial QVD Generator","lib://AppData\PROD\Geospatial\Modified Monash Model.qvd","Modified Monash Model.MMM Name","AzureDbProdNIAADL","""AZDB-ZEA-PRD-NIAADL01""","DoH.""Modified Monash Model""","MMM Name",,,"mapped","2008"
"Geospatial QVD Generator","lib://AppData\PROD\Geospatial\Modified Monash Model.qvd","Modified Monash Model.MMM Description","AzureDbProdNIAADL","""AZDB-ZEA-PRD-NIAADL01""","DoH.""Modified Monash Model""","MMM Description",,,"mapped","2008"
"Geospatial QVD Generator","lib://AppData\PROD\Geospatial\ACPR 2018.qvd","ACPR 2018.Geometry","GeoAnalytics Plus",,,,,,"non-sql-source","2008"
"Geospatial QVD Generator","lib://AppData\PROD\Geospatial\ACPR 2018.qvd","ACPR 2018.Shape Length","GeoAnalytics Plus",,,,,,"non-sql-source","2008"
"Geospatial QVD Generator","lib://AppData\PROD\Geospatial\ACPR 2018.qvd","ACPR 2018.ACPR Code","GeoAnalytics Plus",,,,,,"non-sql-source","2008"
"Geospatial QVD Generator","lib://AppData\PROD\Geospatial\ACPR 2018.qvd","ACPR 2018.Shape Area","GeoAnalytics Plus",,,,,,"non-sql-source","2008"
"Geospatial QVD Generator","lib://AppData\PROD\Geospatial\ACPR 2018.qvd","ACPR 2018.ACPR Name","GeoAnalytics Plus",,,,,,"non-sql-source","2008"
"Geospatial QVD Generator","lib://AppData\PROD\Geospatial\ACPR 2018.qvd","ACPR 2018.State/Territory","GeoAnalytics Plus",,,,,,"non-sql-source","2008"
"Geospatial QVD Generator","lib://AppData\PROD\Geospatial\SA2 - ACPR.qvd","SA2 - ACPR.ACPR Code","AzureDbProdNIAADL","DoH","SA2 - ACPR","ACPR Code",,,"mapped","2008"
"Geospatial QVD Generator","lib://AppData\PROD\Geospatial\SA2 - ACPR.qvd","SA2 - ACPR.Age Care Planning Region","AzureDbProdNIAADL","DoH","SA2 - ACPR","Age Care Planning Region",,,"mapped","2008"
"Geospatial QVD Generator","lib://AppData\PROD\Geospatial\SA2 - ACPR.qvd","SA2 - ACPR.SA2 Code","AzureDbProdNIAADL","DoH","SA2 - ACPR","SA2 Code",,,"mapped","2008"
"Geospatial QVD Generator","lib://AppData\PROD\Geospatial\SA2 - ACPR.qvd","SA2 - ACPR.SA2 Name","AzureDbProdNIAADL","DoH","SA2 - ACPR","SA2 Name",,,"mapped","2008"
"Geospatial QVD Generator","lib://AppData\PROD\Geospatial\RA 2016.qvd","RA 2016.RA Code","GeoAnalytics Plus",,,,,,"non-sql-source","2008"
"Geospatial QVD Generator","lib://AppData\PROD\Geospatial\RA 2016.qvd","RA 2016.RA Name","GeoAnalytics Plus",,,,,,"non-sql-source","2008"
"Geospatial QVD Generator","lib://AppData\PROD\Geospatial\RA 2016.qvd","RA 2016.State Code","GeoAnalytics Plus",,,,,,"non-sql-source","2008"
"Geospatial QVD Generator","lib://AppData\PROD\Geospatial\RA 2016.qvd","RA 2016.State Name","GeoAnalytics Plus",,,,,,"non-sql-source","2008"
"Geospatial QVD Generator","lib://AppData\PROD\Geospatial\RA 2016.qvd","RA 2016.Area Sq Km","GeoAnalytics Plus",,,,,,"non-sql-source","2008"
"Geospatial QVD Generator","lib://AppData\PROD\Geospatial\RA 2016.qvd","RA 2016.Geometry","GeoAnalytics Plus",,,,,,"non-sql-source","2008"
"Geospatial QVD Generator","lib://AppData\PROD\Geospatial\MB 2016 - RA 2016.qvd","MB 2016 - RA 2016.Mesh Block Code","AzureDbProdNIAADL","""AZDB-ZEA-PRD-NIAADL01""","ASGS.""MB 2016 - RA 2016""","Mesh Block Code",,,"mapped","2008"
"Geospatial QVD Generator","lib://AppData\PROD\Geospatial\MB 2016 - RA 2016.qvd","MB 2016 - RA 2016.SA1 Code","AzureDbProdNIAADL","""AZDB-ZEA-PRD-NIAADL01""","ASGS.""MB 2016 - RA 2016""","SA1 Code",,,"mapped","2008"
"Geospatial QVD Generator","lib://AppData\PROD\Geospatial\MB 2016 - RA 2016.qvd","MB 2016 - RA 2016.Remoteness Area Code","AzureDbProdNIAADL","""AZDB-ZEA-PRD-NIAADL01""","ASGS.""MB 2016 - RA 2016""","Remoteness Area Code",,,"mapped","2008"
"Geospatial QVD Generator","lib://AppData\PROD\Geospatial\MB 2016 - RA 2016.qvd","MB 2016 - RA 2016.Remoteness Area","AzureDbProdNIAADL","""AZDB-ZEA-PRD-NIAADL01""","ASGS.""MB 2016 - RA 2016""","Remoteness Area",,,"mapped","2008"
"Geospatial QVD Generator","lib://AppData\PROD\Geospatial\MB 2016 - RA 2016.qvd","MB 2016 - RA 2016.Australian State Code","AzureDbProdNIAADL","""AZDB-ZEA-PRD-NIAADL01""","ASGS.""MB 2016 - RA 2016""","Australian State Code",,,"mapped","2008"
"Geospatial QVD Generator","lib://AppData\PROD\Geospatial\MB 2016 - RA 2016.qvd","MB 2016 - RA 2016.Australian State","AzureDbProdNIAADL","""AZDB-ZEA-PRD-NIAADL01""","ASGS.""MB 2016 - RA 2016""","Australian State",,,"mapped","2008"
"Geospatial QVD Generator","lib://AppData\PROD\Geospatial\MB 2016 - RA 2016.qvd","MB 2016 - RA 2016.Area Sq Km","AzureDbProdNIAADL","""AZDB-ZEA-PRD-NIAADL01""","ASGS.""MB 2016 - RA 2016""","Area Sq Km",,,"mapped","2008"
"Geospatial QVD Generator","lib://AppData\PROD\Geospatial\STATE 2016.qvd","STATE 2016.State Code","GeoAnalytics Plus",,,,,,"non-sql-source","2008"
"Geospatial QVD Generator","lib://AppData\PROD\Geospatial\STATE 2016.qvd","STATE 2016.State Name","GeoAnalytics Plus",,,,,,"non-sql-source","2008"
"Geospatial QVD Generator","lib://AppData\PROD\Geospatial\STATE 2016.qvd","STATE 2016.State/Territory",,,,,,,"expr-column","2008"
"Geospatial QVD Generator","lib://AppData\PROD\Geospatial\STATE 2016.qvd","STATE 2016.Country",,,,,,,"no-source-block","2008"
"Geospatial QVD Generator","lib://AppData\PROD\Geospatial\STATE 2016.qvd","STATE 2016.Area Sq Km","GeoAnalytics Plus",,,,,,"non-sql-source","2008"
"Geospatial QVD Generator","lib://AppData\PROD\Geospatial\STATE 2016.qvd","STATE 2016.Geometry","GeoAnalytics Plus",,,,,,"non-sql-source","2008"
"Geospatial QVD Generator","lib://AppData\PROD\Geospatial\SA1 - STATE.qvd","SA1 - STATE.SA1 Main Code","AzureDbProdNIAADL","abs","SA1_TO_STATE","SA1_MAINCODE",,,"mapped","2008"
"Geospatial QVD Generator","lib://AppData\PROD\Geospatial\SA1 - STATE.qvd","SA1 - STATE.State Code","AzureDbProdNIAADL","abs","SA1_TO_STATE","STATE_CODE",,,"mapped","2008"
"Geospatial QVD Generator","lib://AppData\PROD\Geospatial\SA1 - STATE.qvd","SA1 - STATE.State Name","AzureDbProdNIAADL","abs","SA1_TO_STATE","STATE_NAME",,,"mapped","2008"
"Geospatial QVD Generator","lib://AppData\PROD\Geospatial\CED 2024.qvd","CED 2024.CED Code","GeoAnalytics Plus",,,,,,"non-sql-source","2008"
"Geospatial QVD Generator","lib://AppData\PROD\Geospatial\CED 2024.qvd","CED 2024.CED Name","GeoAnalytics Plus",,,,,,"non-sql-source","2008"
"Geospatial QVD Generator","lib://AppData\PROD\Geospatial\CED 2024.qvd","CED 2024.State Code","GeoAnalytics Plus",,,,,,"non-sql-source","2008"
"Geospatial QVD Generator","lib://AppData\PROD\Geospatial\CED 2024.qvd","CED 2024.State Name","GeoAnalytics Plus",,,,,,"non-sql-source","2008"
"Geospatial QVD Generator","lib://AppData\PROD\Geospatial\CED 2024.qvd","CED 2024.Country Code","GeoAnalytics Plus",,,,,,"non-sql-source","2008"
"Geospatial QVD Generator","lib://AppData\PROD\Geospatial\CED 2024.qvd","CED 2024.Country","GeoAnalytics Plus",,,,,,"non-sql-source","2008"
"Geospatial QVD Generator","lib://AppData\PROD\Geospatial\CED 2024.qvd","CED 2024.Area Sq Km","GeoAnalytics Plus",,,,,,"non-sql-source","2008"
"Geospatial QVD Generator","lib://AppData\PROD\Geospatial\CED 2024.qvd","CED 2024.ASGS CED URI","GeoAnalytics Plus",,,,,,"non-sql-source","2008"
"Geospatial QVD Generator","lib://AppData\PROD\Geospatial\CED 2024.qvd","CED 2024.Geometry","GeoAnalytics Plus",,,,,,"non-sql-source","2008"
"Geospatial QVD Generator","lib://AppData\PROD\Geospatial\CED 2021.qvd","CED 2021.CED Code","GeoAnalytics Plus",,,,,,"non-sql-source","2008"
"Geospatial QVD Generator","lib://AppData\PROD\Geospatial\CED 2021.qvd","CED 2021.CED Name","GeoAnalytics Plus",,,,,,"non-sql-source","2008"
"Geospatial QVD Generator","lib://AppData\PROD\Geospatial\CED 2021.qvd","CED 2021.State Code","GeoAnalytics Plus",,,,,,"non-sql-source","2008"
"Geospatial QVD Generator","lib://AppData\PROD\Geospatial\CED 2021.qvd","CED 2021.State Name","GeoAnalytics Plus",,,,,,"non-sql-source","2008"
"Geospatial QVD Generator","lib://AppData\PROD\Geospatial\CED 2021.qvd","CED 2021.Country Code","GeoAnalytics Plus",,,,,,"non-sql-source","2008"
"Geospatial QVD Generator","lib://AppData\PROD\Geospatial\CED 2021.qvd","CED 2021.Country","GeoAnalytics Plus",,,,,,"non-sql-source","2008"
"Geospatial QVD Generator","lib://AppData\PROD\Geospatial\CED 2021.qvd","CED 2021.Area Sq Km","GeoAnalytics Plus",,,,,,"non-sql-source","2008"
"Geospatial QVD Generator","lib://AppData\PROD\Geospatial\CED 2021.qvd","CED 2021.ASGS CED URI","GeoAnalytics Plus",,,,,,"non-sql-source","2008"
"Geospatial QVD Generator","lib://AppData\PROD\Geospatial\CED 2021.qvd","CED 2021.Geometry","GeoAnalytics Plus",,,,,,"non-sql-source","2008"
"Geospatial QVD Generator","lib://AppData\PROD\Geospatial\CED 2018.qvd","CED 2018.CED Code","GeoAnalytics Plus",,,,,,"non-sql-source","2008"
"Geospatial QVD Generator","lib://AppData\PROD\Geospatial\CED 2018.qvd","CED 2018.CED Name","GeoAnalytics Plus",,,,,,"non-sql-source","2008"
"Geospatial QVD Generator","lib://AppData\PROD\Geospatial\CED 2018.qvd","CED 2018.Area Sq Km","GeoAnalytics Plus",,,,,,"non-sql-source","2008"
"Geospatial QVD Generator","lib://AppData\PROD\Geospatial\CED 2018.qvd","CED 2018.Geometry","GeoAnalytics Plus",,,,,,"non-sql-source","2008"
"Geospatial QVD Generator","lib://AppData\PROD\Geospatial\CED 2016.qvd","CED 2016.CED Code","GeoAnalytics Plus",,,,,,"non-sql-source","2008"
"Geospatial QVD Generator","lib://AppData\PROD\Geospatial\CED 2016.qvd","CED 2016.CED Name","GeoAnalytics Plus",,,,,,"non-sql-source","2008"
"Geospatial QVD Generator","lib://AppData\PROD\Geospatial\CED 2016.qvd","CED 2016.Area Sq Km","GeoAnalytics Plus",,,,,,"non-sql-source","2008"
"Geospatial QVD Generator","lib://AppData\PROD\Geospatial\CED 2016.qvd","CED 2016.Geometry","GeoAnalytics Plus",,,,,,"non-sql-source","2008"
"Geospatial QVD Generator","lib://AppData\PROD\Geospatial\EC 2018.qvd","EC 2018.EC Region","GeoAnalytics Plus",,,,,,"non-sql-source","2008"
"Geospatial QVD Generator","lib://AppData\PROD\Geospatial\EC 2018.qvd","EC 2018.Area Albers","GeoAnalytics Plus",,,,,,"non-sql-source","2008"
"Geospatial QVD Generator","lib://AppData\PROD\Geospatial\EC 2018.qvd","EC 2018.Geometry","GeoAnalytics Plus",,,,,,"non-sql-source","2008"
"Geospatial QVD Generator","lib://AppData\PROD\Geospatial\EC 2020.qvd","EC 2020.EC Region","GeoAnalytics Plus",,,,,,"non-sql-source","2008"
"Geospatial QVD Generator","lib://AppData\PROD\Geospatial\EC 2020.qvd","EC 2020.Area Albers","GeoAnalytics Plus",,,,,,"non-sql-source","2008"
"Geospatial QVD Generator","lib://AppData\PROD\Geospatial\EC 2020.qvd","EC 2020.Geometry","GeoAnalytics Plus",,,,,,"non-sql-source","2008"
"Geospatial QVD Generator","lib://AppData\PROD\Geospatial\MB - EC.qvd","MB - EC.MB Code","AzureDbProdNIAADL","NIAA","MB 2016 - EC 2020","Mesh Block Code",,,"mapped","2008"
"Geospatial QVD Generator","lib://AppData\PROD\Geospatial\MB - EC.qvd","MB - EC.MB Category","AzureDbProdNIAADL","NIAA","MB 2016 - EC 2020","Mesh Block Category",,,"mapped","2008"
"Geospatial QVD Generator","lib://AppData\PROD\Geospatial\MB - EC.qvd","MB - EC.EC Region","AzureDbProdNIAADL","NIAA","MB 2016 - EC 2020","EC Region",,,"mapped","2008"
"Geospatial QVD Generator","lib://AppData\PROD\Geospatial\CDP 2018.qvd","CDP 2018.CDP Region Code","GeoAnalytics Plus",,,,,,"non-sql-source","2008"
"Geospatial QVD Generator","lib://AppData\PROD\Geospatial\CDP 2018.qvd","CDP 2018.CDP Region Name","GeoAnalytics Plus",,,,,,"non-sql-source","2008"
"Geospatial QVD Generator","lib://AppData\PROD\Geospatial\CDP 2018.qvd","CDP 2018.State Code","GeoAnalytics Plus",,,,,,"non-sql-source","2008"
"Geospatial QVD Generator","lib://AppData\PROD\Geospatial\CDP 2018.qvd","CDP 2018.State Name","GeoAnalytics Plus",,,,,,"non-sql-source","2008"
"Geospatial QVD Generator","lib://AppData\PROD\Geospatial\CDP 2018.qvd","CDP 2018.Spherical Area","GeoAnalytics Plus",,,,,,"non-sql-source","2008"
"Geospatial QVD Generator","lib://AppData\PROD\Geospatial\CDP 2018.qvd","CDP 2018.Geometry","GeoAnalytics Plus",,,,,,"non-sql-source","2008"
"Geospatial QVD Generator","lib://AppData\PROD\Geospatial\ILOC 2016.qvd","ILOC 2016.ILOC Code","GeoAnalytics Plus",,,,,,"non-sql-source","2008"
"Geospatial QVD Generator","lib://AppData\PROD\Geospatial\ILOC 2016.qvd","ILOC 2016.ILOC name","GeoAnalytics Plus",,,,,,"non-sql-source","2008"
"Geospatial QVD Generator","lib://AppData\PROD\Geospatial\ILOC 2016.qvd","ILOC 2016.IAREA Code","GeoAnalytics Plus",,,,,,"non-sql-source","2008"
"Geospatial QVD Generator","lib://AppData\PROD\Geospatial\ILOC 2016.qvd","ILOC 2016.IAREA Name","GeoAnalytics Plus",,,,,,"non-sql-source","2008"
"Geospatial QVD Generator","lib://AppData\PROD\Geospatial\ILOC 2016.qvd","ILOC 2016.IREGION Code","GeoAnalytics Plus",,,,,,"non-sql-source","2008"
"Geospatial QVD Generator","lib://AppData\PROD\Geospatial\ILOC 2016.qvd","ILOC 2016.IREGION Name","GeoAnalytics Plus",,,,,,"non-sql-source","2008"
"Geospatial QVD Generator","lib://AppData\PROD\Geospatial\ILOC 2016.qvd","ILOC 2016.State Code","GeoAnalytics Plus",,,,,,"non-sql-source","2008"
"Geospatial QVD Generator","lib://AppData\PROD\Geospatial\ILOC 2016.qvd","ILOC 2016.State Name","GeoAnalytics Plus",,,,,,"non-sql-source","2008"
"Geospatial QVD Generator","lib://AppData\PROD\Geospatial\ILOC 2016.qvd","ILOC 2016.Area Sq Km","GeoAnalytics Plus",,,,,,"non-sql-source","2008"
"Geospatial QVD Generator","lib://AppData\PROD\Geospatial\ILOC 2016.qvd","ILOC 2016.Geometry","GeoAnalytics Plus",,,,,,"non-sql-source","2008"
"Geospatial QVD Generator","lib://AppData\PROD\Geospatial\SA1 - ILOC.qvd","SA1 - ILOC.SA1 Main Code","AzureDbProdNIAADL","abs","SA1_TO_ILOC","SA1_MAINCODE",,,"mapped","2008"
"Geospatial QVD Generator","lib://AppData\PROD\Geospatial\SA1 - ILOC.qvd","SA1 - ILOC.ILOC Code","AzureDbProdNIAADL","abs","SA1_TO_ILOC","ILOC_CODE",,,"mapped","2008"
"Geospatial QVD Generator","lib://AppData\PROD\Geospatial\SA1 - ILOC.qvd","SA1 - ILOC.Indigenous Location","AzureDbProdNIAADL","abs","SA1_TO_ILOC","ILOC_NAME",,,"mapped","2008"
"Geospatial QVD Generator","lib://AppData\PROD\Geospatial\SA1 - ILOC.qvd","SA1 - ILOC.IAREA Code","AzureDbProdNIAADL","abs","SA1_TO_ILOC","IARE_CODE",,,"mapped","2008"
"Geospatial QVD Generator","lib://AppData\PROD\Geospatial\SA1 - ILOC.qvd","SA1 - ILOC.Indigenous Area","AzureDbProdNIAADL","abs","SA1_TO_ILOC","IARE_NAME",,,"mapped","2008"
"Geospatial QVD Generator","lib://AppData\PROD\Geospatial\SA1 - ILOC.qvd","SA1 - ILOC.IREGION Code","AzureDbProdNIAADL","abs","SA1_TO_ILOC","IREG_CODE",,,"mapped","2008"
"Geospatial QVD Generator","lib://AppData\PROD\Geospatial\SA1 - ILOC.qvd","SA1 - ILOC.Indigenous Region","AzureDbProdNIAADL","abs","SA1_TO_ILOC","IREG_NAME",,,"mapped","2008"
"Geospatial QVD Generator","lib://AppData\PROD\Geospatial\ILOC 2021.qvd","ILOC 2021.id","GeoAnalytics Plus",,,,,,"non-sql-source","2008"
"Geospatial QVD Generator","lib://AppData\PROD\Geospatial\ILOC 2021.qvd","ILOC 2021.Indigenous Location Code","GeoAnalytics Plus",,,,,,"non-sql-source","2008"
"Geospatial QVD Generator","lib://AppData\PROD\Geospatial\ILOC 2021.qvd","ILOC 2021.Indigenous Location","GeoAnalytics Plus",,,,,,"non-sql-source","2008"
"Geospatial QVD Generator","lib://AppData\PROD\Geospatial\ILOC 2021.qvd","ILOC 2021.Indigenous Area Code","GeoAnalytics Plus",,,,,,"non-sql-source","2008"
"Geospatial QVD Generator","lib://AppData\PROD\Geospatial\ILOC 2021.qvd","ILOC 2021.Indigenous Area","GeoAnalytics Plus",,,,,,"non-sql-source","2008"
"Geospatial QVD Generator","lib://AppData\PROD\Geospatial\ILOC 2021.qvd","ILOC 2021.Indigenous Region Code","GeoAnalytics Plus",,,,,,"non-sql-source","2008"
"Geospatial QVD Generator","lib://AppData\PROD\Geospatial\ILOC 2021.qvd","ILOC 2021.Indigenous Region","GeoAnalytics Plus",,,,,,"non-sql-source","2008"
"Geospatial QVD Generator","lib://AppData\PROD\Geospatial\ILOC 2021.qvd","ILOC 2021.Australia State Code","GeoAnalytics Plus",,,,,,"non-sql-source","2008"
"Geospatial QVD Generator","lib://AppData\PROD\Geospatial\ILOC 2021.qvd","ILOC 2021.Australian State","GeoAnalytics Plus",,,,,,"non-sql-source","2008"
"Geospatial QVD Generator","lib://AppData\PROD\Geospatial\ILOC 2021.qvd","ILOC 2021.Country Code","GeoAnalytics Plus",,,,,,"non-sql-source","2008"
"Geospatial QVD Generator","lib://AppData\PROD\Geospatial\ILOC 2021.qvd","ILOC 2021.Country","GeoAnalytics Plus",,,,,,"non-sql-source","2008"
"Geospatial QVD Generator","lib://AppData\PROD\Geospatial\ILOC 2021.qvd","ILOC 2021.Area Sq Km","GeoAnalytics Plus",,,,,,"non-sql-source","2008"
"Geospatial QVD Generator","lib://AppData\PROD\Geospatial\ILOC 2021.qvd","ILOC 2021.Locality URL","GeoAnalytics Plus",,,,,,"non-sql-source","2008"
"Geospatial QVD Generator","lib://AppData\PROD\Geospatial\ILOC 2021.qvd","ILOC 2021.Geometry","GeoAnalytics Plus",,,,,,"non-sql-source","2008"
"Geospatial QVD Generator","lib://AppData\PROD\Geospatial\SA1 2021 - ILOC 2021.qvd","SA1 2021 - ILOC 2021.SA1 Code","AzureDbProdNIAADL","ASGS","SA1 2021 - ILOC 2021","SA1 Code",,,"mapped","2008"
"Geospatial QVD Generator","lib://AppData\PROD\Geospatial\SA1 2021 - ILOC 2021.qvd","SA1 2021 - ILOC 2021.Indigenous Location Code","AzureDbProdNIAADL","ASGS","SA1 2021 - ILOC 2021","Indigenous Location Code",,,"mapped","2008"
"Geospatial QVD Generator","lib://AppData\PROD\Geospatial\SA1 2021 - ILOC 2021.qvd","SA1 2021 - ILOC 2021.Indigenous Location","AzureDbProdNIAADL","ASGS","SA1 2021 - ILOC 2021","Indigenous Location",,,"mapped","2008"
"Geospatial QVD Generator","lib://AppData\PROD\Geospatial\SA1 2021 - ILOC 2021.qvd","SA1 2021 - ILOC 2021.Indigenous Area Code","AzureDbProdNIAADL","ASGS","SA1 2021 - ILOC 2021","Indigenous Area Code",,,"mapped","2008"
"Geospatial QVD Generator","lib://AppData\PROD\Geospatial\SA1 2021 - ILOC 2021.qvd","SA1 2021 - ILOC 2021.Indigenous Area","AzureDbProdNIAADL","ASGS","SA1 2021 - ILOC 2021","Indigenous Area",,,"mapped","2008"
"Geospatial QVD Generator","lib://AppData\PROD\Geospatial\SA1 2021 - ILOC 2021.qvd","SA1 2021 - ILOC 2021.Indigenous Region Code","AzureDbProdNIAADL","ASGS","SA1 2021 - ILOC 2021","Indigenous Region Code",,,"mapped","2008"
"Geospatial QVD Generator","lib://AppData\PROD\Geospatial\SA1 2021 - ILOC 2021.qvd","SA1 2021 - ILOC 2021.Indigenous Region","AzureDbProdNIAADL","ASGS","SA1 2021 - ILOC 2021","Indigenous Region",,,"mapped","2008"
"Geospatial QVD Generator","lib://AppData\PROD\Geospatial\SA1 2021 - ILOC 2021.qvd","SA1 2021 - ILOC 2021.Australian State Code","AzureDbProdNIAADL","ASGS","SA1 2021 - ILOC 2021","Australian State Code",,,"mapped","2008"
"Geospatial QVD Generator","lib://AppData\PROD\Geospatial\SA1 2021 - ILOC 2021.qvd","SA1 2021 - ILOC 2021.Australian State","AzureDbProdNIAADL","ASGS","SA1 2021 - ILOC 2021","Australian State",,,"mapped","2008"
"Geospatial QVD Generator","lib://AppData\PROD\Geospatial\SA1 2021 - ILOC 2021.qvd","SA1 2021 - ILOC 2021.Country Code","AzureDbProdNIAADL","ASGS","SA1 2021 - ILOC 2021","Country Code",,,"mapped","2008"
"Geospatial QVD Generator","lib://AppData\PROD\Geospatial\SA1 2021 - ILOC 2021.qvd","SA1 2021 - ILOC 2021.Country","AzureDbProdNIAADL","ASGS","SA1 2021 - ILOC 2021","Country",,,"mapped","2008"
"Geospatial QVD Generator","lib://AppData\PROD\Geospatial\SA1 2021 - ILOC 2021.qvd","SA1 2021 - ILOC 2021.Area Sq Km","AzureDbProdNIAADL","ASGS","SA1 2021 - ILOC 2021","Area Sq Km",,,"mapped","2008"
"Geospatial QVD Generator","lib://AppData\PROD\Geospatial\SA1 2021 - ILOC 2021.qvd","SA1 2021 - ILOC 2021.Locality URL","AzureDbProdNIAADL","ASGS","SA1 2021 - ILOC 2021","Locality URL",,,"mapped","2008"
"Geospatial QVD Generator","lib://AppData\PROD\Geospatial\IARE 2016.qvd","IARE 2016.IAREA Code","GeoAnalytics Plus",,,,,,"non-sql-source","2008"
"Geospatial QVD Generator","lib://AppData\PROD\Geospatial\IARE 2016.qvd","IARE 2016.IAREA name","GeoAnalytics Plus",,,,,,"non-sql-source","2008"
"Geospatial QVD Generator","lib://AppData\PROD\Geospatial\IARE 2016.qvd","IARE 2016.IREGION Code","GeoAnalytics Plus",,,,,,"non-sql-source","2008"
"Geospatial QVD Generator","lib://AppData\PROD\Geospatial\IARE 2016.qvd","IARE 2016.IREGION Name","GeoAnalytics Plus",,,,,,"non-sql-source","2008"
"Geospatial QVD Generator","lib://AppData\PROD\Geospatial\IARE 2016.qvd","IARE 2016.State Code","GeoAnalytics Plus",,,,,,"non-sql-source","2008"
"Geospatial QVD Generator","lib://AppData\PROD\Geospatial\IARE 2016.qvd","IARE 2016.State Name","GeoAnalytics Plus",,,,,,"non-sql-source","2008"
"Geospatial QVD Generator","lib://AppData\PROD\Geospatial\IARE 2016.qvd","IARE 2016.Area Sq Km","GeoAnalytics Plus",,,,,,"non-sql-source","2008"
"Geospatial QVD Generator","lib://AppData\PROD\Geospatial\IARE 2016.qvd","IARE 2016.Geometry","GeoAnalytics Plus",,,,,,"non-sql-source","2008"
"Geospatial QVD Generator","lib://AppData\PROD\Geospatial\IARE 2021.qvd","IARE 2021.id","GeoAnalytics Plus",,,,,,"non-sql-source","2008"
"Geospatial QVD Generator","lib://AppData\PROD\Geospatial\IARE 2021.qvd","IARE 2021.Indigenous Area Code","GeoAnalytics Plus",,,,,,"non-sql-source","2008"
"Geospatial QVD Generator","lib://AppData\PROD\Geospatial\IARE 2021.qvd","IARE 2021.Indigenous Area","GeoAnalytics Plus",,,,,,"non-sql-source","2008"
"Geospatial QVD Generator","lib://AppData\PROD\Geospatial\IARE 2021.qvd","IARE 2021.Indigenous Region Code","GeoAnalytics Plus",,,,,,"non-sql-source","2008"
"Geospatial QVD Generator","lib://AppData\PROD\Geospatial\IARE 2021.qvd","IARE 2021.Indigenous Region","GeoAnalytics Plus",,,,,,"non-sql-source","2008"
"Geospatial QVD Generator","lib://AppData\PROD\Geospatial\IARE 2021.qvd","IARE 2021.Australia State Code","GeoAnalytics Plus",,,,,,"non-sql-source","2008"
"Geospatial QVD Generator","lib://AppData\PROD\Geospatial\IARE 2021.qvd","IARE 2021.Australian State","GeoAnalytics Plus",,,,,,"non-sql-source","2008"
"Geospatial QVD Generator","lib://AppData\PROD\Geospatial\IARE 2021.qvd","IARE 2021.Country Code","GeoAnalytics Plus",,,,,,"non-sql-source","2008"
"Geospatial QVD Generator","lib://AppData\PROD\Geospatial\IARE 2021.qvd","IARE 2021.Country","GeoAnalytics Plus",,,,,,"non-sql-source","2008"
"Geospatial QVD Generator","lib://AppData\PROD\Geospatial\IARE 2021.qvd","IARE 2021.Area Sq Km","GeoAnalytics Plus",,,,,,"non-sql-source","2008"
"Geospatial QVD Generator","lib://AppData\PROD\Geospatial\IARE 2021.qvd","IARE 2021.Locality URL","GeoAnalytics Plus",,,,,,"non-sql-source","2008"
"Geospatial QVD Generator","lib://AppData\PROD\Geospatial\IARE 2021.qvd","IARE 2021.Geometry","GeoAnalytics Plus",,,,,,"non-sql-source","2008"
"Geospatial QVD Generator","lib://AppData\PROD\Geospatial\IREG 2016.qvd","IREG 2016.IREGION Code","GeoAnalytics Plus",,,,,,"non-sql-source","2008"
"Geospatial QVD Generator","lib://AppData\PROD\Geospatial\IREG 2016.qvd","IREG 2016.IREGION Name","GeoAnalytics Plus",,,,,,"non-sql-source","2008"
"Geospatial QVD Generator","lib://AppData\PROD\Geospatial\IREG 2016.qvd","IREG 2016.State Code","GeoAnalytics Plus",,,,,,"non-sql-source","2008"
"Geospatial QVD Generator","lib://AppData\PROD\Geospatial\IREG 2016.qvd","IREG 2016.State Name	","GeoAnalytics Plus",,,,,,"non-sql-source","2008"
"Geospatial QVD Generator","lib://AppData\PROD\Geospatial\IREG 2016.qvd","IREG 2016.Area Sq Km","GeoAnalytics Plus",,,,,,"non-sql-source","2008"
"Geospatial QVD Generator","lib://AppData\PROD\Geospatial\IREG 2016.qvd","IREG 2016.Geometry","GeoAnalytics Plus",,,,,,"non-sql-source","2008"
"Geospatial QVD Generator","lib://AppData\PROD\Geospatial\IREG 2021.qvd","IREG 2021.id","GeoAnalytics Plus",,,,,,"non-sql-source","2008"
"Geospatial QVD Generator","lib://AppData\PROD\Geospatial\IREG 2021.qvd","IREG 2021.Indigenous Region Code","GeoAnalytics Plus",,,,,,"non-sql-source","2008"
"Geospatial QVD Generator","lib://AppData\PROD\Geospatial\IREG 2021.qvd","IREG 2021.Indigenous Region","GeoAnalytics Plus",,,,,,"non-sql-source","2008"
"Geospatial QVD Generator","lib://AppData\PROD\Geospatial\IREG 2021.qvd","IREG 2021.Australia State Code","GeoAnalytics Plus",,,,,,"non-sql-source","2008"
"Geospatial QVD Generator","lib://AppData\PROD\Geospatial\IREG 2021.qvd","IREG 2021.Australian State","GeoAnalytics Plus",,,,,,"non-sql-source","2008"
"Geospatial QVD Generator","lib://AppData\PROD\Geospatial\IREG 2021.qvd","IREG 2021.Country Code","GeoAnalytics Plus",,,,,,"non-sql-source","2008"
"Geospatial QVD Generator","lib://AppData\PROD\Geospatial\IREG 2021.qvd","IREG 2021.Country","GeoAnalytics Plus",,,,,,"non-sql-source","2008"
"Geospatial QVD Generator","lib://AppData\PROD\Geospatial\IREG 2021.qvd","IREG 2021.Area Sq Km","GeoAnalytics Plus",,,,,,"non-sql-source","2008"
"Geospatial QVD Generator","lib://AppData\PROD\Geospatial\IREG 2021.qvd","IREG 2021.Locality URL","GeoAnalytics Plus",,,,,,"non-sql-source","2008"
"Geospatial QVD Generator","lib://AppData\PROD\Geospatial\IREG 2021.qvd","IREG 2021.Geometry","GeoAnalytics Plus",,,,,,"non-sql-source","2008"
"Geospatial QVD Generator","lib://AppData\PROD\Geospatial\SA2 2016.qvd","SA2 2016.SA2 Main Code","GeoAnalytics Plus",,,,,,"non-sql-source","2008"
"Geospatial QVD Generator","lib://AppData\PROD\Geospatial\SA2 2016.qvd","SA2 2016.SA2 5 Digit Code","GeoAnalytics Plus",,,,,,"non-sql-source","2008"
"Geospatial QVD Generator","lib://AppData\PROD\Geospatial\SA2 2016.qvd","SA2 2016.SA2 Name","GeoAnalytics Plus",,,,,,"non-sql-source","2008"
"Geospatial QVD Generator","lib://AppData\PROD\Geospatial\SA2 2016.qvd","SA2 2016.SA3 Code","GeoAnalytics Plus",,,,,,"non-sql-source","2008"
"Geospatial QVD Generator","lib://AppData\PROD\Geospatial\SA2 2016.qvd","SA2 2016.SA3 Name","GeoAnalytics Plus",,,,,,"non-sql-source","2008"
"Geospatial QVD Generator","lib://AppData\PROD\Geospatial\SA2 2016.qvd","SA2 2016.SA4 Code","GeoAnalytics Plus",,,,,,"non-sql-source","2008"
"Geospatial QVD Generator","lib://AppData\PROD\Geospatial\SA2 2016.qvd","SA2 2016.SA4 Name","GeoAnalytics Plus",,,,,,"non-sql-source","2008"
"Geospatial QVD Generator","lib://AppData\PROD\Geospatial\SA2 2016.qvd","SA2 2016.GCC Code","GeoAnalytics Plus",,,,,,"non-sql-source","2008"
"Geospatial QVD Generator","lib://AppData\PROD\Geospatial\SA2 2016.qvd","SA2 2016.GCC Name","GeoAnalytics Plus",,,,,,"non-sql-source","2008"
"Geospatial QVD Generator","lib://AppData\PROD\Geospatial\SA2 2016.qvd","SA2 2016.State Code","GeoAnalytics Plus",,,,,,"non-sql-source","2008"
"Geospatial QVD Generator","lib://AppData\PROD\Geospatial\SA2 2016.qvd","SA2 2016.State Name","GeoAnalytics Plus",,,,,,"non-sql-source","2008"
"Geospatial QVD Generator","lib://AppData\PROD\Geospatial\SA2 2016.qvd","SA2 2016.Area Sq Km","GeoAnalytics Plus",,,,,,"non-sql-source","2008"
"Geospatial QVD Generator","lib://AppData\PROD\Geospatial\SA2 2016.qvd","SA2 2016.Geometry","GeoAnalytics Plus",,,,,,"non-sql-source","2008"
"Geospatial QVD Generator","lib://AppData\PROD\Geospatial\SA3 2016.qvd","SA3 2016.SA3 Code","GeoAnalytics Plus",,,,,,"non-sql-source","2008"
"Geospatial QVD Generator","lib://AppData\PROD\Geospatial\SA3 2016.qvd","SA3 2016.SA3 Name","GeoAnalytics Plus",,,,,,"non-sql-source","2008"
"Geospatial QVD Generator","lib://AppData\PROD\Geospatial\SA3 2016.qvd","SA3 2016.SA4 Code","GeoAnalytics Plus",,,,,,"non-sql-source","2008"
"Geospatial QVD Generator","lib://AppData\PROD\Geospatial\SA3 2016.qvd","SA3 2016.SA4 Name","GeoAnalytics Plus",,,,,,"non-sql-source","2008"
"Geospatial QVD Generator","lib://AppData\PROD\Geospatial\SA3 2016.qvd","SA3 2016.GCC Code","GeoAnalytics Plus",,,,,,"non-sql-source","2008"
"Geospatial QVD Generator","lib://AppData\PROD\Geospatial\SA3 2016.qvd","SA3 2016.GCC Name","GeoAnalytics Plus",,,,,,"non-sql-source","2008"
"Geospatial QVD Generator","lib://AppData\PROD\Geospatial\SA3 2016.qvd","SA3 2016.State Code","GeoAnalytics Plus",,,,,,"non-sql-source","2008"
"Geospatial QVD Generator","lib://AppData\PROD\Geospatial\SA3 2016.qvd","SA3 2016.State Name","GeoAnalytics Plus",,,,,,"non-sql-source","2008"
"Geospatial QVD Generator","lib://AppData\PROD\Geospatial\SA3 2016.qvd","SA3 2016.Area Sq Km","GeoAnalytics Plus",,,,,,"non-sql-source","2008"
"Geospatial QVD Generator","lib://AppData\PROD\Geospatial\SA3 2016.qvd","SA3 2016.Geometry","GeoAnalytics Plus",,,,,,"non-sql-source","2008"
"Geospatial QVD Generator","lib://AppData\PROD\Geospatial\SA4 2016.qvd","SA4 2016.SA4 Code","GeoAnalytics Plus",,,,,,"non-sql-source","2008"
"Geospatial QVD Generator","lib://AppData\PROD\Geospatial\SA4 2016.qvd","SA4 2016.SA4 Name","GeoAnalytics Plus",,,,,,"non-sql-source","2008"
"Geospatial QVD Generator","lib://AppData\PROD\Geospatial\SA4 2016.qvd","SA4 2016.GCC Code","GeoAnalytics Plus",,,,,,"non-sql-source","2008"
"Geospatial QVD Generator","lib://AppData\PROD\Geospatial\SA4 2016.qvd","SA4 2016.GCC Name","GeoAnalytics Plus",,,,,,"non-sql-source","2008"
"Geospatial QVD Generator","lib://AppData\PROD\Geospatial\SA4 2016.qvd","SA4 2016.State Code","GeoAnalytics Plus",,,,,,"non-sql-source","2008"
"Geospatial QVD Generator","lib://AppData\PROD\Geospatial\SA4 2016.qvd","SA4 2016.State Name","GeoAnalytics Plus",,,,,,"non-sql-source","2008"
"Geospatial QVD Generator","lib://AppData\PROD\Geospatial\SA4 2016.qvd","SA4 2016.Area Sq Km","GeoAnalytics Plus",,,,,,"non-sql-source","2008"
"Geospatial QVD Generator","lib://AppData\PROD\Geospatial\SA4 2016.qvd","SA4 2016.Geometry","GeoAnalytics Plus",,,,,,"non-sql-source","2008"
"Geospatial QVD Generator","lib://AppData\PROD\Geospatial\PHN 2017.qvd","PHN 2017.PHN Id","GeoAnalytics Plus",,,,,,"non-sql-source","2008"
"Geospatial QVD Generator","lib://AppData\PROD\Geospatial\PHN 2017.qvd","PHN 2017.PHN Name","GeoAnalytics Plus",,,,,,"non-sql-source","2008"
"Geospatial QVD Generator","lib://AppData\PROD\Geospatial\PHN 2017.qvd","PHN 2017.PHN Code","GeoAnalytics Plus",,,,,,"non-sql-source","2008"
"Geospatial QVD Generator","lib://AppData\PROD\Geospatial\PHN 2017.qvd","PHN 2017.State Code","GeoAnalytics Plus",,,,,,"non-sql-source","2008"
"Geospatial QVD Generator","lib://AppData\PROD\Geospatial\PHN 2017.qvd","PHN 2017.State Name","GeoAnalytics Plus",,,,,,"non-sql-source","2008"
"Geospatial QVD Generator","lib://AppData\PROD\Geospatial\PHN 2017.qvd","PHN 2017.Area Sq Km","GeoAnalytics Plus",,,,,,"non-sql-source","2008"
"Geospatial QVD Generator","lib://AppData\PROD\Geospatial\PHN 2017.qvd","PHN 2017.Shape_Leng","GeoAnalytics Plus",,,,,,"non-sql-source","2008"
"Geospatial QVD Generator","lib://AppData\PROD\Geospatial\PHN 2017.qvd","PHN 2017.Shape_Area","GeoAnalytics Plus",,,,,,"non-sql-source","2008"
"Geospatial QVD Generator","lib://AppData\PROD\Geospatial\PHN 2017.qvd","PHN 2017.Geometry","GeoAnalytics Plus",,,,,,"non-sql-source","2008"
"Geospatial QVD Generator","lib://AppData\PROD\Geospatial\PHN 2017.qvd","PHN 2017._autoIndex_","GeoAnalytics Plus",,,,,,"non-sql-source","2008"
"Geospatial QVD Generator","lib://AppData\PROD\Geospatial\SA1 - PHN.qvd","SA1 - PHN.SA1 Main Code","AzureDbProdNIAADL","""AZDB-ZEA-PRD-NIAADL01""","DoH.""SA1 - PHN""","SA1 Main Code",,,"mapped","2008"
"Geospatial QVD Generator","lib://AppData\PROD\Geospatial\SA1 - PHN.qvd","SA1 - PHN.PHN Code","AzureDbProdNIAADL","""AZDB-ZEA-PRD-NIAADL01""","DoH.""SA1 - PHN""","PHN Code",,,"mapped","2008"
"Geospatial QVD Generator","lib://AppData\PROD\Geospatial\SA1 - PHN.qvd","SA1 - PHN.PHN Name","AzureDbProdNIAADL","""AZDB-ZEA-PRD-NIAADL01""","DoH.""SA1 - PHN""","PHN Name",,,"mapped","2008"
"Geospatial QVD Generator","lib://AppData\PROD\Geospatial\SA1 - ABS.qvd","SA1 - ABS.SA1 Main Code","AzureDbProdNIAADL","""AZDB-ZEA-PRD-NIAADL01""","abs.""SA1_TO_ALL""","SA1_MAINCODE",,,"mapped","2008"
"Geospatial QVD Generator","lib://AppData\PROD\Geospatial\SA1 - ABS.qvd","SA1 - ABS.SA1 7 Digit Code","AzureDbProdNIAADL","""AZDB-ZEA-PRD-NIAADL01""","abs.""SA1_TO_ALL""","SA1_7DIGITCODE",,,"mapped","2008"
"Geospatial QVD Generator","lib://AppData\PROD\Geospatial\SA1 - ABS.qvd","SA1 - ABS.SA2 Main Code","AzureDbProdNIAADL","""AZDB-ZEA-PRD-NIAADL01""","abs.""SA1_TO_ALL""","SA2_MAINCODE",,,"mapped","2008"
"Geospatial QVD Generator","lib://AppData\PROD\Geospatial\SA1 - ABS.qvd","SA1 - ABS.SA2 5 Digit Code","AzureDbProdNIAADL","""AZDB-ZEA-PRD-NIAADL01""","abs.""SA1_TO_ALL""","SA2_5DIGITCODE",,,"mapped","2008"
"Geospatial QVD Generator","lib://AppData\PROD\Geospatial\SA1 - ABS.qvd","SA1 - ABS.SA2 name","AzureDbProdNIAADL","""AZDB-ZEA-PRD-NIAADL01""","abs.""SA1_TO_ALL""","SA2_NAME",,,"mapped","2008"
"Geospatial QVD Generator","lib://AppData\PROD\Geospatial\SA1 - ABS.qvd","SA1 - ABS.SA3 Code","AzureDbProdNIAADL","""AZDB-ZEA-PRD-NIAADL01""","abs.""SA1_TO_ALL""","SA3_CODE",,,"mapped","2008"
"Geospatial QVD Generator","lib://AppData\PROD\Geospatial\SA1 - ABS.qvd","SA1 - ABS.SA3 Name","AzureDbProdNIAADL","""AZDB-ZEA-PRD-NIAADL01""","abs.""SA1_TO_ALL""","SA3_NAME",,,"mapped","2008"
"Geospatial QVD Generator","lib://AppData\PROD\Geospatial\SA1 - ABS.qvd","SA1 - ABS.SA4 Code","AzureDbProdNIAADL","""AZDB-ZEA-PRD-NIAADL01""","abs.""SA1_TO_ALL""","SA4_CODE",,,"mapped","2008"
"Geospatial QVD Generator","lib://AppData\PROD\Geospatial\SA1 - ABS.qvd","SA1 - ABS.SA4 Name","AzureDbProdNIAADL","""AZDB-ZEA-PRD-NIAADL01""","abs.""SA1_TO_ALL""","SA4_NAME",,,"mapped","2008"
"Geospatial QVD Generator","lib://AppData\PROD\Geospatial\SA1 - ABS.qvd","SA1 - ABS.GCCSA Code","AzureDbProdNIAADL","""AZDB-ZEA-PRD-NIAADL01""","abs.""SA1_TO_ALL""","GCCSA_CODE",,,"mapped","2008"
"Geospatial QVD Generator","lib://AppData\PROD\Geospatial\SA1 - ABS.qvd","SA1 - ABS.GCCSA Name","AzureDbProdNIAADL","""AZDB-ZEA-PRD-NIAADL01""","abs.""SA1_TO_ALL""","GCCSA_NAME",,,"mapped","2008"
"Geospatial QVD Generator","lib://AppData\PROD\Geospatial\SA1 - ABS.qvd","SA1 - ABS.State Code","AzureDbProdNIAADL","""AZDB-ZEA-PRD-NIAADL01""","abs.""SA1_TO_ALL""","STATE_CODE",,,"mapped","2008"
"Geospatial QVD Generator","lib://AppData\PROD\Geospatial\SA1 - ABS.qvd","SA1 - ABS.State/Territory","AzureDbProdNIAADL","""AZDB-ZEA-PRD-NIAADL01""","abs.""SA1_TO_ALL""","STATE_NAME",,,"mapped","2008"
"Geospatial QVD Generator","lib://AppData\PROD\Geospatial\SA1 - ABS.qvd","SA1 - ABS.ILOC Code","AzureDbProdNIAADL","""AZDB-ZEA-PRD-NIAADL01""","abs.""SA1_TO_ALL""","ILOC_CODE",,,"mapped","2008"
"Geospatial QVD Generator","lib://AppData\PROD\Geospatial\SA1 - ABS.qvd","SA1 - ABS.ILOC Name","AzureDbProdNIAADL","""AZDB-ZEA-PRD-NIAADL01""","abs.""SA1_TO_ALL""","ILOC_NAME",,,"mapped","2008"
"Geospatial QVD Generator","lib://AppData\PROD\Geospatial\SA1 - ABS.qvd","SA1 - ABS.RA Code","AzureDbProdNIAADL","""AZDB-ZEA-PRD-NIAADL01""","abs.""SA1_TO_ALL""","RA_CODE",,,"mapped","2008"
"Geospatial QVD Generator","lib://AppData\PROD\Geospatial\SA1 - ABS.qvd","SA1 - ABS.RA Name","AzureDbProdNIAADL","""AZDB-ZEA-PRD-NIAADL01""","abs.""SA1_TO_ALL""","RA_NAME",,,"mapped","2008"
"Geospatial QVD Generator","lib://AppData\PROD\Geospatial\SA1 - ABS.qvd","SA1 - ABS.CED Code","AzureDbProdNIAADL","""AZDB-ZEA-PRD-NIAADL01""","abs.""SA1_TO_ALL""","CED_CODE",,,"mapped","2008"
"Geospatial QVD Generator","lib://AppData\PROD\Geospatial\SA1 - ABS.qvd","SA1 - ABS.CED Name","AzureDbProdNIAADL","""AZDB-ZEA-PRD-NIAADL01""","abs.""SA1_TO_ALL""","CED_NAME",,,"mapped","2008"
"Geospatial QVD Generator","lib://AppData\PROD\Geospatial\SA1 - ABS.qvd","SA1 - ABS.CED Code 2018","AzureDbProdNIAADL","""AZDB-ZEA-PRD-NIAADL01""","abs.""SA1_TO_ALL""","CED_CODE_2018",,,"mapped","2008"
"Geospatial QVD Generator","lib://AppData\PROD\Geospatial\SA1 - ABS.qvd","SA1 - ABS.CED Name 2018","AzureDbProdNIAADL","""AZDB-ZEA-PRD-NIAADL01""","abs.""SA1_TO_ALL""","CED_CODE_2018",,,"mapped","2008"
"Geospatial QVD Generator","lib://AppData\PROD\Geospatial\MB 2016 - SA1 2016.qvd","MB 2016 - SA1 2016.Mesh Block Code","AzureDbProdNIAADL","""AZDB-ZEA-PRD-NIAADL01""","abs.""SA1_TO_ALL""","MB_CODE",,,"mapped","2008"
"Geospatial QVD Generator","lib://AppData\PROD\Geospatial\MB 2016 - SA1 2016.qvd","MB 2016 - SA1 2016.Mesh Block Category","AzureDbProdNIAADL","""AZDB-ZEA-PRD-NIAADL01""","abs.""SA1_TO_ALL""","MB_CATEGORY_NAME",,,"mapped","2008"
"Geospatial QVD Generator","lib://AppData\PROD\Geospatial\MB 2016 - SA1 2016.qvd","MB 2016 - SA1 2016.SA1 Main Code","AzureDbProdNIAADL","""AZDB-ZEA-PRD-NIAADL01""","abs.""SA1_TO_ALL""","SA1_MAINCODE",,,"mapped","2008"
"Geospatial QVD Generator","lib://AppData\PROD\Geospatial\LGA 2018.qvd","LGA 2018.LGA Id","GeoAnalytics Plus",,,,,,"non-sql-source","2008"
"Geospatial QVD Generator","lib://AppData\PROD\Geospatial\LGA 2018.qvd","LGA 2018.LGA Code","GeoAnalytics Plus",,,,,,"non-sql-source","2008"
"Geospatial QVD Generator","lib://AppData\PROD\Geospatial\LGA 2018.qvd","LGA 2018.LGA Name","GeoAnalytics Plus",,,,,,"non-sql-source","2008"
"Geospatial QVD Generator","lib://AppData\PROD\Geospatial\LGA 2018.qvd","LGA 2018.State Code","GeoAnalytics Plus",,,,,,"non-sql-source","2008"
"Geospatial QVD Generator","lib://AppData\PROD\Geospatial\LGA 2018.qvd","LGA 2018.State Name","GeoAnalytics Plus",,,,,,"non-sql-source","2008"
"Geospatial QVD Generator","lib://AppData\PROD\Geospatial\LGA 2018.qvd","LGA 2018.Area Sq Km","GeoAnalytics Plus",,,,,,"non-sql-source","2008"
"Geospatial QVD Generator","lib://AppData\PROD\Geospatial\LGA 2018.qvd","LGA 2018.Geometry","GeoAnalytics Plus",,,,,,"non-sql-source","2008"
"Geospatial QVD Generator","lib://AppData\PROD\Geospatial\MB 2016 - LGA 2018.qvd","MB 2016 - LGA 2018.MB LGA Id%","AzureDbProdNIAADL","""AZDB-ZEA-PRD-NIAADL01""","abs.""MB_LGA_2018""","MB_LGA_ID",,,"mapped","2008"
"Geospatial QVD Generator","lib://AppData\PROD\Geospatial\MB 2016 - LGA 2018.qvd","MB 2016 - LGA 2018.MB Code","AzureDbProdNIAADL","""AZDB-ZEA-PRD-NIAADL01""","abs.""MB_LGA_2018""","MB_CODE_2016",,,"mapped","2008"
"Geospatial QVD Generator","lib://AppData\PROD\Geospatial\MB 2016 - LGA 2018.qvd","MB 2016 - LGA 2018.LGA Id","AzureDbProdNIAADL","""AZDB-ZEA-PRD-NIAADL01""","abs.""MB_LGA_2018""","LGA_2018_ID",,,"mapped","2008"
"Geospatial QVD Generator","lib://AppData\PROD\Geospatial\LGA 2023.qvd","LGA 2023.Id","GeoAnalytics Plus",,,,,,"non-sql-source","2008"
"Geospatial QVD Generator","lib://AppData\PROD\Geospatial\LGA 2023.qvd","LGA 2023.Local Government Area Code","GeoAnalytics Plus",,,,,,"non-sql-source","2008"
"Geospatial QVD Generator","lib://AppData\PROD\Geospatial\LGA 2023.qvd","LGA 2023.Local Government Area","GeoAnalytics Plus",,,,,,"non-sql-source","2008"
"Geospatial QVD Generator","lib://AppData\PROD\Geospatial\LGA 2023.qvd","LGA 2023.Australian State Code","GeoAnalytics Plus",,,,,,"non-sql-source","2008"
"Geospatial QVD Generator","lib://AppData\PROD\Geospatial\LGA 2023.qvd","LGA 2023.Australian State","GeoAnalytics Plus",,,,,,"non-sql-source","2008"
"Geospatial QVD Generator","lib://AppData\PROD\Geospatial\LGA 2023.qvd","LGA 2023.Country Code","GeoAnalytics Plus",,,,,,"non-sql-source","2008"
"Geospatial QVD Generator","lib://AppData\PROD\Geospatial\LGA 2023.qvd","LGA 2023.Country","GeoAnalytics Plus",,,,,,"non-sql-source","2008"
"Geospatial QVD Generator","lib://AppData\PROD\Geospatial\LGA 2023.qvd","LGA 2023.Area Sq Km","GeoAnalytics Plus",,,,,,"non-sql-source","2008"
"Geospatial QVD Generator","lib://AppData\PROD\Geospatial\LGA 2023.qvd","LGA 2023.Locality URL","GeoAnalytics Plus",,,,,,"non-sql-source","2008"
"Geospatial QVD Generator","lib://AppData\PROD\Geospatial\LGA 2023.qvd","LGA 2023.Geometry","GeoAnalytics Plus",,,,,,"non-sql-source","2008"
"Geospatial QVD Generator","lib://AppData\PROD\Geospatial\MB 2021 - LGA 2023.qvd","MB 2021 - LGA 2023.Mesh Block Code","AzureDbDevGeospatial","""AZDB-ZEA-DEV-GEOSPATIAL""","ASGS.""MB 2021 - LGA 2023""","Mesh Block Code",,,"mapped","2008"
"Geospatial QVD Generator","lib://AppData\PROD\Geospatial\MB 2021 - LGA 2023.qvd","MB 2021 - LGA 2023.Local Government Area Code","AzureDbDevGeospatial","""AZDB-ZEA-DEV-GEOSPATIAL""","ASGS.""MB 2021 - LGA 2023""","Local Government Area Code",,,"mapped","2008"
"Geospatial QVD Generator","lib://AppData\PROD\Geospatial\MB 2021 - LGA 2023.qvd","MB 2021 - LGA 2023.Local Government Area","AzureDbDevGeospatial","""AZDB-ZEA-DEV-GEOSPATIAL""","ASGS.""MB 2021 - LGA 2023""","Local Government Area",,,"mapped","2008"
"Geospatial QVD Generator","lib://AppData\PROD\Geospatial\MB - POA.qvd","MB - POA.MB Code","AzureDbProdNIAADL","""AZDB-ZEA-PRD-NIAADL01""","abs.""SA1_TO_ALL""","MB_CODE",,,"mapped","2008"
"Geospatial QVD Generator","lib://AppData\PROD\Geospatial\MB - POA.qvd","MB - POA.Postal Code","AzureDbProdNIAADL","""AZDB-ZEA-PRD-NIAADL01""","abs.""SA1_TO_ALL""","POA_CODE",,,"mapped","2008"
"Geospatial QVD Generator","lib://AppData\PROD\Geospatial\MB 2021.qvd","MB 2021.Id","AzureDbProdNIAADL","""AZDB-ZEA-PRD-NIAADL01""","ASGS.""MB 2021""","Id",,,"mapped","2008"
"Geospatial QVD Generator","lib://AppData\PROD\Geospatial\MB 2021.qvd","MB 2021.Mesh Block Code","AzureDbProdNIAADL","""AZDB-ZEA-PRD-NIAADL01""","ASGS.""MB 2021""","Mesh Block Code",,,"mapped","2008"
"Geospatial QVD Generator","lib://AppData\PROD\Geospatial\MB 2021.qvd","MB 2021.Mesh Block Category","AzureDbProdNIAADL","""AZDB-ZEA-PRD-NIAADL01""","ASGS.""MB 2021""","Mesh Block Category",,,"mapped","2008"
"Geospatial QVD Generator","lib://AppData\PROD\Geospatial\MB 2021.qvd","MB 2021.Change Flag","AzureDbProdNIAADL","""AZDB-ZEA-PRD-NIAADL01""","ASGS.""MB 2021""","Change Flag",,,"mapped","2008"
"Geospatial QVD Generator","lib://AppData\PROD\Geospatial\MB 2021.qvd","MB 2021.Changed","AzureDbProdNIAADL","""AZDB-ZEA-PRD-NIAADL01""","ASGS.""MB 2021""","Changed",,,"mapped","2008"
"Geospatial QVD Generator","lib://AppData\PROD\Geospatial\MB 2021.qvd","MB 2021.SA1 Code","AzureDbProdNIAADL","""AZDB-ZEA-PRD-NIAADL01""","ASGS.""MB 2021""","SA1 Code",,,"mapped","2008"
"Geospatial QVD Generator","lib://AppData\PROD\Geospatial\MB 2021.qvd","MB 2021.SA2 Code","AzureDbProdNIAADL","""AZDB-ZEA-PRD-NIAADL01""","ASGS.""MB 2021""","SA2 Code",,,"mapped","2008"
"Geospatial QVD Generator","lib://AppData\PROD\Geospatial\MB 2021.qvd","MB 2021.SA2 Name","AzureDbProdNIAADL","""AZDB-ZEA-PRD-NIAADL01""","ASGS.""MB 2021""","SA2 Name",,,"mapped","2008"
"Geospatial QVD Generator","lib://AppData\PROD\Geospatial\MB 2021.qvd","MB 2021.SA3 Code","AzureDbProdNIAADL","""AZDB-ZEA-PRD-NIAADL01""","ASGS.""MB 2021""","SA3 Code",,,"mapped","2008"
"Geospatial QVD Generator","lib://AppData\PROD\Geospatial\MB 2021.qvd","MB 2021.SA3 Name","AzureDbProdNIAADL","""AZDB-ZEA-PRD-NIAADL01""","ASGS.""MB 2021""","SA3 Name",,,"mapped","2008"
"Geospatial QVD Generator","lib://AppData\PROD\Geospatial\MB 2021.qvd","MB 2021.SA4 Code","AzureDbProdNIAADL","""AZDB-ZEA-PRD-NIAADL01""","ASGS.""MB 2021""","SA4 Code",,,"mapped","2008"
"Geospatial QVD Generator","lib://AppData\PROD\Geospatial\MB 2021.qvd","MB 2021.SA4 Name","AzureDbProdNIAADL","""AZDB-ZEA-PRD-NIAADL01""","ASGS.""MB 2021""","SA4 Name",,,"mapped","2008"
"Geospatial QVD Generator","lib://AppData\PROD\Geospatial\MB 2021.qvd","MB 2021.GCC Code","AzureDbProdNIAADL","""AZDB-ZEA-PRD-NIAADL01""","ASGS.""MB 2021""","GCC Code",,,"mapped","2008"
"Geospatial QVD Generator","lib://AppData\PROD\Geospatial\MB 2021.qvd","MB 2021.GCC Name","AzureDbProdNIAADL","""AZDB-ZEA-PRD-NIAADL01""","ASGS.""MB 2021""","GCC Name",,,"mapped","2008"
"Geospatial QVD Generator","lib://AppData\PROD\Geospatial\MB 2021.qvd","MB 2021.Australian State Code","AzureDbProdNIAADL","""AZDB-ZEA-PRD-NIAADL01""","ASGS.""MB 2021""","Australian State Code",,,"mapped","2008"
"Geospatial QVD Generator","lib://AppData\PROD\Geospatial\MB 2021.qvd","MB 2021.Australian State","AzureDbProdNIAADL","""AZDB-ZEA-PRD-NIAADL01""","ASGS.""MB 2021""","Australian State",,,"mapped","2008"
"Geospatial QVD Generator","lib://AppData\PROD\Geospatial\MB 2021.qvd","MB 2021.Country Code","AzureDbProdNIAADL","""AZDB-ZEA-PRD-NIAADL01""","ASGS.""MB 2021""","Country Code",,,"mapped","2008"
"Geospatial QVD Generator","lib://AppData\PROD\Geospatial\MB 2021.qvd","MB 2021.Country","AzureDbProdNIAADL","""AZDB-ZEA-PRD-NIAADL01""","ASGS.""MB 2021""","Country",,,"mapped","2008"
"Geospatial QVD Generator","lib://AppData\PROD\Geospatial\MB 2021.qvd","MB 2021.Area Sq Km","AzureDbProdNIAADL","""AZDB-ZEA-PRD-NIAADL01""","ASGS.""MB 2021""","Area Sq Km",,,"mapped","2008"
"Geospatial QVD Generator","lib://AppData\PROD\Geospatial\MB 2021.qvd","MB 2021.Locality URL","AzureDbProdNIAADL","""AZDB-ZEA-PRD-NIAADL01""","ASGS.""MB 2021""","Locality URL",,,"mapped","2008"
"Geospatial QVD Generator","lib://AppData\PROD\Geospatial\MB 2021 - CED 2021.qvd","MB 2021 - CED 2021.Mesh Block Code","AzureDbProdNIAADL","""AZDB-ZEA-PRD-NIAADL01""","ASGS.""MB 2021 - CED 2021""","Mesh Block Code",,,"mapped","2008"
"Geospatial QVD Generator","lib://AppData\PROD\Geospatial\MB 2021 - CED 2021.qvd","MB 2021 - CED 2021.CED Code","AzureDbProdNIAADL","""AZDB-ZEA-PRD-NIAADL01""","ASGS.""MB 2021 - CED 2021""","CED Code",,,"mapped","2008"
"Geospatial QVD Generator","lib://AppData\PROD\Geospatial\MB 2021 - CED 2021.qvd","MB 2021 - CED 2021.CED Name","AzureDbProdNIAADL","""AZDB-ZEA-PRD-NIAADL01""","ASGS.""MB 2021 - CED 2021""","CED Name",,,"mapped","2008"
"Geospatial QVD Generator","lib://AppData\PROD\Geospatial\MB 2021 - CED 2021.qvd","MB 2021 - CED 2021.Australian State Code","AzureDbProdNIAADL","""AZDB-ZEA-PRD-NIAADL01""","ASGS.""MB 2021 - CED 2021""","Australian State Code",,,"mapped","2008"
"Geospatial QVD Generator","lib://AppData\PROD\Geospatial\MB 2021 - CED 2021.qvd","MB 2021 - CED 2021.Australian State","AzureDbProdNIAADL","""AZDB-ZEA-PRD-NIAADL01""","ASGS.""MB 2021 - CED 2021""","Australian State",,,"mapped","2008"
"Geospatial QVD Generator","lib://AppData\PROD\Geospatial\MB 2021 - CED 2021.qvd","MB 2021 - CED 2021.Area Sq Km","AzureDbProdNIAADL","""AZDB-ZEA-PRD-NIAADL01""","ASGS.""MB 2021 - CED 2021""","Area Sq Km",,,"mapped","2008"
"Geospatial QVD Generator","lib://AppData\PROD\Geospatial\MB 2016 - MB 2021.qvd","MB 2016 - MB 2021.Mesh Block Code 2016","AzureDbProdNIAADL","""AZDB-ZEA-PRD-NIAADL01""","ASGS.""MB 2016 - MB 2021""","Mesh Block Code 2016",,,"mapped","2008"
"Geospatial QVD Generator","lib://AppData\PROD\Geospatial\MB 2016 - MB 2021.qvd","MB 2016 - MB 2021.Mesh Block Code 2021","AzureDbProdNIAADL","""AZDB-ZEA-PRD-NIAADL01""","ASGS.""MB 2016 - MB 2021""","Mesh Block Code 2021",,,"mapped","2008"
"Geospatial QVD Generator","lib://AppData\PROD\Geospatial\MB 2016 - MB 2021.qvd","MB 2016 - MB 2021.Ratio","AzureDbProdNIAADL","""AZDB-ZEA-PRD-NIAADL01""","ASGS.""MB 2016 - MB 2021""","Ratio",,,"mapped","2008"
"Geospatial QVD Generator","lib://AppData\PROD\Geospatial\csv\ATSI Language.csv",,,,,,,,"non-qvd-store","2009"
"Geospatial QVD Generator","lib://AppData\PROD\Geospatial\csv\NT Admin Region 2023.csv",,,,,,,,"non-qvd-store","2009"
"Geospatial QVD Generator","lib://AppData\PROD\Geospatial\csv\MB 2021 - NT Admin Region 2023.csv",,,,,,,,"non-qvd-store","2009"
"Geospatial QVD Generator","lib://AppData\PROD\Geospatial\csv\NIAA Region 2022.csv",,,,,,,,"non-qvd-store","2009"
"Geospatial QVD Generator","lib://AppData\PROD\Geospatial\csv\NIAA Subregion 2022.csv",,,,,,,,"non-qvd-store","2009"
"Geospatial QVD Generator","lib://AppData\PROD\Geospatial\csv\ILOC 2021 - NIAA Subregion 2022.csv",,,,,,,,"non-qvd-store","2009"
"Geospatial QVD Generator","lib://AppData\PROD\Geospatial\csv\Future Act Notice.csv",,,,,,,,"non-qvd-store","2009"
"Geospatial QVD Generator","lib://AppData\PROD\Geospatial\csv\Future Act Objection.csv",,,,,,,,"non-qvd-store","2009"
"Geospatial QVD Generator","lib://AppData\PROD\Geospatial\csv\FAO - NTDA.csv",,,,,,,,"non-qvd-store","2009"
"Geospatial QVD Generator","lib://AppData\PROD\Geospatial\csv\Future Act Determination Application.csv",,,,,,,,"non-qvd-store","2009"
"Geospatial QVD Generator","lib://AppData\PROD\Geospatial\csv\FADA - NTDA.csv",,,,,,,,"non-qvd-store","2009"
"Geospatial QVD Generator","lib://AppData\PROD\Geospatial\csv\Indigenous Land Use Agreement.csv",,,,,,,,"non-qvd-store","2009"
"Geospatial QVD Generator","lib://AppData\PROD\Geospatial\csv\Native Title.csv",,,,,,,,"non-qvd-store","2009"
"Geospatial QVD Generator","lib://AppData\PROD\Geospatial\csv\Native Title Determination.csv",,,,,,,,"non-qvd-store","2009"
"Geospatial QVD Generator","lib://AppData\PROD\Geospatial\csv\Native Title Determination Application.csv",,,,,,,,"non-qvd-store","2009"
"Geospatial QVD Generator","lib://AppData\PROD\Geospatial\csv\NTD - NTDA.csv",,,,,,,,"non-qvd-store","2009"
"Geospatial QVD Generator","lib://AppData\PROD\Geospatial\csv\NTDA Schedule.csv",,,,,,,,"non-qvd-store","2009"
"Geospatial QVD Generator","lib://AppData\PROD\Geospatial\csv\s31 Agreement.csv",,,,,,,,"non-qvd-store","2009"
"Geospatial QVD Generator","lib://AppData\PROD\Geospatial\csv\MB 2021 - NNTT.csv",,,,,,,,"non-qvd-store","2009"
"Geospatial QVD Generator","lib://AppData\PROD\Geospatial\csv\RATSIB.csv",,,,,,,,"non-qvd-store","2009"
"Geospatial QVD Generator","lib://AppData\PROD\Geospatial\csv\RATSIB - NTD.csv",,,,,,,,"non-qvd-store","2009"
"Geospatial QVD Generator","lib://AppData\PROD\Geospatial\csv\RNTBC.csv",,,,,,,,"non-qvd-store","2009"
"Geospatial QVD Generator","lib://AppData\PROD\Geospatial\csv\RNTBC - NTD.csv",,,,,,,,"non-qvd-store","2009"
"Geospatial QVD Generator","lib://AppData\PROD\Geospatial\csv\PMC 2018.csv",,,,,,,,"non-qvd-store","2009"
"Geospatial QVD Generator","lib://AppData\PROD\Geospatial\csv\SA1 - PMC Region.csv",,,,,,,,"non-qvd-store","2009"
"Geospatial QVD Generator","lib://AppData\PROD\Geospatial\csv\NIAA 2018.csv",,,,,,,,"non-qvd-store","2009"
"Geospatial QVD Generator","lib://AppData\PROD\Geospatial\csv\SA1 - NIAA Region.csv",,,,,,,,"non-qvd-store","2009"
"Geospatial QVD Generator","lib://AppData\PROD\Geospatial\csv\MMM 2019.csv",,,,,,,,"non-qvd-store","2009"
"Geospatial QVD Generator","lib://AppData\PROD\Geospatial\csv\SA1 - MMM.csv",,,,,,,,"non-qvd-store","2009"
"Geospatial QVD Generator","lib://AppData\PROD\Geospatial\csv\Modified Monash Model.csv",,,,,,,,"non-qvd-store","2009"
"Geospatial QVD Generator","lib://AppData\PROD\Geospatial\csv\ACPR 2018.csv",,,,,,,,"non-qvd-store","2009"
"Geospatial QVD Generator","lib://AppData\PROD\Geospatial\csv\SA2 - ACPR.csv",,,,,,,,"non-qvd-store","2009"
"Geospatial QVD Generator","lib://AppData\PROD\Geospatial\csv\RA 2016.csv",,,,,,,,"non-qvd-store","2009"
"Geospatial QVD Generator","lib://AppData\PROD\Geospatial\csv\MB 2016 - RA 2016.csv",,,,,,,,"non-qvd-store","2009"
"Geospatial QVD Generator","lib://AppData\PROD\Geospatial\csv\STATE 2016.csv",,,,,,,,"non-qvd-store","2009"
"Geospatial QVD Generator","lib://AppData\PROD\Geospatial\csv\SA1 - STATE.csv",,,,,,,,"non-qvd-store","2009"
"Geospatial QVD Generator","lib://AppData\PROD\Geospatial\csv\CED 2024.csv",,,,,,,,"non-qvd-store","2009"
"Geospatial QVD Generator","lib://AppData\PROD\Geospatial\csv\CED 2021.csv",,,,,,,,"non-qvd-store","2009"
"Geospatial QVD Generator","lib://AppData\PROD\Geospatial\csv\CED 2018.csv",,,,,,,,"non-qvd-store","2009"
"Geospatial QVD Generator","lib://AppData\PROD\Geospatial\csv\CED 2016.csv",,,,,,,,"non-qvd-store","2009"
"Geospatial QVD Generator","lib://AppData\PROD\Geospatial\csv\EC 2018.csv",,,,,,,,"non-qvd-store","2009"
"Geospatial QVD Generator","lib://AppData\PROD\Geospatial\csv\EC 2020.csv",,,,,,,,"non-qvd-store","2009"
"Geospatial QVD Generator","lib://AppData\PROD\Geospatial\csv\MB - EC.csv",,,,,,,,"non-qvd-store","2009"
"Geospatial QVD Generator","lib://AppData\PROD\Geospatial\csv\CDP 2018.csv",,,,,,,,"non-qvd-store","2009"
"Geospatial QVD Generator","lib://AppData\PROD\Geospatial\csv\ILOC 2016.csv",,,,,,,,"non-qvd-store","2009"
"Geospatial QVD Generator","lib://AppData\PROD\Geospatial\csv\SA1 - ILOC.csv",,,,,,,,"non-qvd-store","2009"
"Geospatial QVD Generator","lib://AppData\PROD\Geospatial\csv\ILOC 2021.csv",,,,,,,,"non-qvd-store","2009"
"Geospatial QVD Generator","lib://AppData\PROD\Geospatial\csv\SA1 2021 - ILOC 2021.csv",,,,,,,,"non-qvd-store","2009"
"Geospatial QVD Generator","lib://AppData\PROD\Geospatial\csv\IARE 2016.csv",,,,,,,,"non-qvd-store","2009"
"Geospatial QVD Generator","lib://AppData\PROD\Geospatial\csv\IARE 2021.csv",,,,,,,,"non-qvd-store","2009"
"Geospatial QVD Generator","lib://AppData\PROD\Geospatial\csv\IREG 2016.csv",,,,,,,,"non-qvd-store","2009"
"Geospatial QVD Generator","lib://AppData\PROD\Geospatial\csv\IREG 2021.csv",,,,,,,,"non-qvd-store","2009"
"Geospatial QVD Generator","lib://AppData\PROD\Geospatial\csv\SA2 2016.csv",,,,,,,,"non-qvd-store","2009"
"Geospatial QVD Generator","lib://AppData\PROD\Geospatial\csv\SA3 2016.csv",,,,,,,,"non-qvd-store","2009"
"Geospatial QVD Generator","lib://AppData\PROD\Geospatial\csv\SA4 2016.csv",,,,,,,,"non-qvd-store","2009"
"Geospatial QVD Generator","lib://AppData\PROD\Geospatial\csv\PHN 2017.csv",,,,,,,,"non-qvd-store","2009"
"Geospatial QVD Generator","lib://AppData\PROD\Geospatial\csv\SA1 - PHN.csv",,,,,,,,"non-qvd-store","2009"
"Geospatial QVD Generator","lib://AppData\PROD\Geospatial\csv\SA1 - ABS.csv",,,,,,,,"non-qvd-store","2009"
"Geospatial QVD Generator","lib://AppData\PROD\Geospatial\csv\MB 2016 - SA1 2016.csv",,,,,,,,"non-qvd-store","2009"
"Geospatial QVD Generator","lib://AppData\PROD\Geospatial\csv\LGA 2018.csv",,,,,,,,"non-qvd-store","2009"
"Geospatial QVD Generator","lib://AppData\PROD\Geospatial\csv\MB 2016 - LGA 2018.csv",,,,,,,,"non-qvd-store","2009"
"Geospatial QVD Generator","lib://AppData\PROD\Geospatial\csv\LGA 2023.csv",,,,,,,,"non-qvd-store","2009"
"Geospatial QVD Generator","lib://AppData\PROD\Geospatial\csv\MB 2021 - LGA 2023.csv",,,,,,,,"non-qvd-store","2009"
"Geospatial QVD Generator","lib://AppData\PROD\Geospatial\csv\MB - POA.csv",,,,,,,,"non-qvd-store","2009"
"Geospatial QVD Generator","lib://AppData\PROD\Geospatial\csv\MB 2021.csv",,,,,,,,"non-qvd-store","2009"
"Geospatial QVD Generator","lib://AppData\PROD\Geospatial\csv\MB 2021 - CED 2021.csv",,,,,,,,"non-qvd-store","2009"
"Geospatial QVD Generator","lib://AppData\PROD\Geospatial\csv\MB 2016 - MB 2021.csv",,,,,,,,"non-qvd-store","2009"
