"RelPath","reason","snippet"
"ABS/2021 ABS Remoteness x ILOC.qvd","from-no-dot","[2021 ABS Remoteness x ILOC]:
LOAD 
// 	State, 
	ILOC_CODE_2021 as [ILOC Code],
// 	ILOC_NAME_2021, 
// 	RA_CODE_2021, 
"
"ABS/2021 Census Datapacks x ILOC.qvd","from-no-dot","[2021 Census Datapacks x ILOC]:
// [ILOC_2021_Census_I01A]:
LOAD 
	right(ILOC_CODE_2021,8) as [ILOC Code], 
// 	text(App"
"ABS/2021 CtG Targets ABS Tablebuilder.qvd","from-no-dot","[2021 CtG Targets ABS Tablebuilder]:
// [Tablebuilder CtG5 x ILOC]:
LOAD 
// 	ILOC_Code, 
	right(ILOC_Code,8) as [ILOC C"
"ABS/ATSIP Census Cell Descriptor.qvd","from-no-dot","LOAD [ATSIP Census Cell Descriptor Id] AS [ATSIP Census Cell Descriptor Id%], 
	[Sort Order], 
	[ABS Column Name], 
	[Ce"
"ABS/ATSIP ILOC Census Cell 2011-1.qvd","from-no-dot","LOAD [ATSIP ILOC Census Cell Id]       AS [ATSIP ILOC Census Cell Id%], 
	 [ATSIP Census Cell Descriptor Id] AS [ATSIP I"
"ABS/ATSIP ILOC Census Cell 2011-2.qvd","from-no-dot","LOAD [ATSIP ILOC Census Cell Id]       AS [ATSIP ILOC Census Cell Id%], 
	 [ATSIP Census Cell Descriptor Id] AS [ATSIP I"
"ABS/ATSIP ILOC Census Cell 2011.qvd","from-no-dot","LOAD [ATSIP ILOC Census Cell Id]       AS [ATSIP ILOC Census Cell Id%], 
	 [ATSIP Census Cell Descriptor Id] AS [ATSIP I"
"ABS/ATSIP ILOC Census Cell 2016-1.qvd","from-no-dot","LOAD [ATSIP ILOC Census Cell Id]       AS [ATSIP ILOC Census Cell Id%], 
	 [ATSIP Census Cell Descriptor Id] AS [ATSIP I"
"ABS/ATSIP ILOC Census Cell 2016-2.qvd","from-no-dot","LOAD [ATSIP ILOC Census Cell Id]       AS [ATSIP ILOC Census Cell Id%], 
	 [ATSIP Census Cell Descriptor Id] AS [ATSIP I"
"ABS/ATSIP ILOC Census Cell 2016.qvd","from-no-dot","LOAD [ATSIP ILOC Census Cell Id]       AS [ATSIP ILOC Census Cell Id%], 
	 [ATSIP Census Cell Descriptor Id] AS [ATSIP I"
"ABS/ATSIP ILOC Census Cell Descriptor.qvd","from-no-dot","LOAD [ATSIP Census Cell Descriptor Id] AS [ATSIP ILOC Census Cell Descriptor Id%],
     [ATSIP Census Cell Descriptor Id"
"ABS/ATSIP ILOC Census Cell.qvd","from-no-dot","LOAD [ATSIP Census Cell Descriptor Id] AS [ATSIP ILOC Census Cell Descriptor Id%],
     [ATSIP Census Cell Descriptor Id"
"ABS/ATSIP ILOC Demographic Census Cell Descriptor.qvd","from-no-dot","LOAD [ATSIP ILOC Demographic Census Cell Descriptor Id] AS [ATSIP ILOC Demographic Census Cell Descriptor Id%], 
	[Demog"
"ABS/ATSIP ILOC Demographic Census Cell.qvd","from-no-dot","LOAD [ATSIP ILOC Demographic Census Cell Descriptor Id] AS [ATSIP ILOC Demographic Census Cell Descriptor Id%], 
	[Demog"
"ABS/ATSIP ILOC Education Census Cell Descriptor.qvd","from-no-dot","LOAD [ATSIP ILOC Education Census Cell Descriptor Id] AS [ATSIP ILOC Education Census Cell Descriptor Id%], 
	[Education"
"ABS/ATSIP ILOC Education Census Cell.qvd","from-no-dot","LOAD [ATSIP ILOC Education Census Cell Descriptor Id] AS [ATSIP ILOC Education Census Cell Descriptor Id%], 
	[Education"
"ABS/ATSIP ILOC Income Census Cell Descriptor.qvd","from-no-dot","LOAD [ATSIP ILOC Income Census Cell Descriptor Id] AS [ATSIP ILOC Income Census Cell Descriptor Id%], 
	 [Income Sort Or"
"ABS/ATSIP ILOC Income Census Cell.qvd","from-no-dot","LOAD [ATSIP ILOC Income Census Cell Descriptor Id] AS [ATSIP ILOC Income Census Cell Descriptor Id%], 
	 [Income Sort Or"
"ABS/ATSIP ILOC Residency Census Cell Descriptor.qvd","from-no-dot","LOAD [ATSIP ILOC Residency Census Cell Descriptor Id] AS [ATSIP ILOC Residency Census Cell Descriptor Id%], 
	 [Residenc"
"ABS/ATSIP ILOC Residency Census Cell.qvd","from-no-dot","LOAD [ATSIP ILOC Residency Census Cell Descriptor Id] AS [ATSIP ILOC Residency Census Cell Descriptor Id%], 
	 [Residenc"
"ABS/ATSIP IREG Projected Population.qvd","from-no-dot","LOAD [ATSIP IREG Projected Population Id]  AS [ATSIP IREG Projected Population Id%], 
	Sex, 
	[Age Code], 
	Age, 
	[IREG"
"ABS/ATSIP SA2 Census Cell.qvd","from-no-dot","LOAD [ATSIP SA2 Census Cell Id]        as [ATSIP SA2 Census Cell Id%], 
 	 [ATSIP Census Cell Descriptor Id] as [ATSIP C"
"ABS/ATSIP SA2 Population.qvd","from-no-dot","LOAD [ATSIP SA2 Population Id] AS [ATSIP SA2 Population Id%], 
	 [Indigenous Status], 
	 [Age], 
	 [Gender], 
	 [SA2 Mai"
"ABS/Census Cell Descriptor.qvd","from-no-dot","LOAD [Census Cell Descriptor Id]  as [Census Cell Descriptor Id%],  
	Sequential, 
	Short, 
	Long, 
	[Data Pack File], 
"
"ABS/ILOC Census Cell Descriptor.qvd","from-no-dot","[ILOC Census Cell Descriptor]:
SELECT ""Census Cell Descriptor Id"" as [Census Cell Descriptor Id%], 
	""Sort Order"", 
	""AB"
"ABS/ILOC Census Cell.qvd","from-no-dot","LOAD [ILOC Census Cell Id]       AS [Census Cell Id%], 
	 [Census Cell Descriptor Id] AS [Census Cell Descriptor Id%], 
"
"ABS/ILOC Demographic Census Cell Descriptor.qvd","from-no-dot","[ILOC Demographic Census Cell Descriptor]:
SELECT ""Demographic Census Cell Descriptor Id"" AS [Demographic Census Cell De"
"ABS/ILOC Demographic Census Cell.qvd","from-no-dot","[ILOC Demographic Census Cell Descriptor]:
SELECT ""Demographic Census Cell Descriptor Id"" AS [Demographic Census Cell De"
"ABS/ILOC Education Census Cell Descriptor.qvd","from-no-dot","[ILOC Education Census Cell Descriptor]:
SELECT ""Education Census Cell Descriptor Id"" AS [Education Census Cell Descript"
"ABS/ILOC Education Census Cell.qvd","from-no-dot","[ILOC Education Census Cell Descriptor]:
SELECT ""Education Census Cell Descriptor Id"" AS [Education Census Cell Descript"
"ABS/ILOC Income Census Cell Descriptor.qvd","from-no-dot","[ILOC Income Census Cell Descriptor]:
SELECT ""Income Census Cell Descriptor Id"" AS [Income Census Cell Descriptor Id%],
"
"ABS/ILOC Income Census Cell.qvd","from-no-dot","[ILOC Income Census Cell Descriptor]:
SELECT ""Income Census Cell Descriptor Id"" AS [Income Census Cell Descriptor Id%],
"
"ABS/ILOC Residency Census Cell Descriptor.qvd","from-no-dot","[ILOC Residency Census Cell Descriptor]:
SELECT ""Residency Census Cell Descriptor Id"" as [Residency Census Cell Descript"
"ABS/ILOC Residency Census Cell.qvd","from-no-dot","[ILOC Residency Census Cell Descriptor]:
SELECT ""Residency Census Cell Descriptor Id"" as [Residency Census Cell Descript"
"ABS/MB 2021 - RA 2021.qvd","from-no-dot","[MB 2021 - RA 2021]:
LOAD SA1_CODE_2021 as [SA1 Code], 
	RA_CODE_2021 as [Remoteness Area Code], 
	RA_NAME_2021 as [Remo"
"ABS/SEIFA SA1 Summary.qvd","from-no-dot","LOAD [SEIFA SA1 Summary Id] AS [SEIFA SA1 Summary Id%], 
	[SA1 7 Digit Code], 
	[SA1 Main Code], 
	[Index of Relative So"
"ACARA/Finance Data.qvd","from-no-dot","LOAD [Finance Data Id] as [Finance Data Id%], 
	[School Profile Id] as [School Profile Id%], 
	[Calendar Year], 
	[ACARA"
"ACARA/NAPLAN Result National.qvd","from-no-dot","LOAD [Naplan Result National Id]as [Naplan Result National Id%], 
	[Calendar Year], 
	Domain, 
	[Student Grade Level], 
"
"ACARA/NAPLAN Result Similar School.qvd","from-no-dot","LOAD [NAPLAN Result Similar School Id] as [NAPLAN Result Similar School Id%], 
	[School Profile Id] as [School Profile I"
"ACARA/Naplan Result.qvd","from-no-dot","LOAD [NAPLAN Result Similar School Id] as [NAPLAN Result Similar School Id%], 
	[School Profile Id] as [School Profile I"
"ACARA/School Attendance.qvd","from-no-dot","LOAD [School Attendance Id] as [School Attendance Id%], 
	[School Profile Id] as [School Profile Id%], 
	[Calendar Year]"
"ACARA/School Governing Body.qvd","from-no-dot","LOAD [School Governing Body Id] as [School Governing Body Id%], 
	[School Profile Id] as [School Profile Id%], 
	[Calend"
"ACARA/School Location.qvd","from-no-dot","LOAD [School Location Id] as [School Location Id%], 
	[School Profile Id] as [School Profile Id%], 
	[Calendar Year], 
	"
"ACARA/School Profile.qvd","from-no-dot","LOAD [Finance Data Id] as [Finance Data Id%], 
	[School Profile Id] as [School Profile Id%], 
	[Calendar Year], 
	[ACARA"
"ACARA/Senior Secondary.qvd","from-no-dot","LOAD [Senior Secondary Id] as [Senior Secondary Id%], 
	[School Profile Id] as [School Profile Id%], 
	[Calendar Year], "
"ACARA/Student Gain National.qvd","from-no-dot","LOAD [Student Gain National Id] as [Student Gain National Id%], 
	[Calendar Year], 
	[Calendar Year Range], 
	Domain, 
	"
"ACARA/Student Gain Same Starting Score.qvd","from-no-dot","LOAD [Student Gain Same Starting Score Id] as [Student Gain Same Starting Score Id%], 
	[School Profile Id] as [School P"
"ACARA/Student Gain Similar School.qvd","from-no-dot","LOAD [Student Gain Similar School Id] as [Student Gain Similar School Id%], 
	[School Profile Id] as [School Profile Id%"
"ACARA/Student Gain.qvd","from-no-dot","LOAD [Student Gain Id] as [Student Gain Id%], 
	[School Profile Id] as [School Profile Id%], 
	[Calendar Year], 
	[ACARA"
"ACARA/VET School Data.qvd","from-no-dot","LOAD [VET School Data Id] as [VET School Data Id%], 
	[School Profile Id] as [School Profile Id%], 
	[Calendar Year], 
	"
"AEDC/AEDC_2021_Student.qvd","from-no-dot","[AEDC_2021_Student_Temp]:
SELECT 
	Year,
	Cycle,
	StudentID,
	School,
	SchoolID,
	SchoolType,
	SchoolState,
    State,
	"
"AURION/NIAA Site Locations.qvd","from-no-dot","[NIAA Site Locations]:
LOAD 
	Code as [Aurion Location Code], 
// 	Long_Description as [Site Locations Long_Description]"
"AURION/Organisation Staff.qvd","from-no-dot","[Organisation Staff]:
LOAD Group as [Organisation Staff.Group], 
	Division as [Organisation Staff.Division], 
	Branch as"
"AURION/Site Location.qvd","from-no-dot","[Site Location]:
LOAD 
	Code as [Aurion Location Code], 
// 	Long_Description as [Site Locations Long_Description], 
	Of"
"AURION/Temp/Organisation Staff.QVD","no-sql-select","[Organisation Staff]:
    SQL
    SELECT
    		*
    FROM ""AURION"".""Organisation Staff"""
"CAEPR/IRSEO PINIRSEO 2021.qvd","from-no-dot","[IRSEO PINIRSEO 2021]:
LOAD 
	text(iare_code) as [IAREA Code],
// 	iare_name, 
	num(pctile_irseo_2021) as [IRSEO 2021 Pe"
"CRM/Appointment.qvd","from-no-dot","LOAD [Appointment Id] 					as [Appointment.Appointment Id], 
[Duration Minutes] 						as [Appointment.Duration Minutes],"
"CRM/Contact Metatag.qvd","from-no-dot","[Contact Metatag]:
LOAD [Contact Id]						as [Contact Metatag.Contact Id%], 
	 Metatag							as [Contact Metatag.Metatag"
"CRM/Contact.qvd","from-no-dot","SELECT [Contact Id]					
      ,[Customer Id]				
      ,[Title]						
      ,[First Name]					
      ,[Last Name]					
"
"CRM/CRM Communication Protocol.qvd","from-no-dot","[CRM Communication Protocol]:

LOAD [Communication Protocol ID]          	as     [CRM Communication Protocol.Communicati"
"CRM/CRM Contacts.qvd","from-no-dot","[CRM Contacts]:

LOAD [Contact ID]					as     [CRM Contacts.Contact ID], 
[Customer ID]						as     [CRM Contacts.Custom"
"CRM/CRM Engagement.qvd","from-no-dot","[CRM Engagement]:

LOAD [Engagement Id]				as     [CRM Engagement.Engagement Id%],
[Subject]							as     [CRM Engagemen"
"CRM/CRM Linking Table.qvd","from-no-dot","[CRM Linking Table]:

LOAD [Interaction Id]												as [CRM Linking Table.Interaction Id], 
	[User Id]														a"
"CRM/CRM Organisation.qvd","from-no-dot","[CRM Organisation]:

LOAD [Organisation ID]				as     [CRM Organisation.Organisation ID],
[Organisation Name]					as    "
"CRM/Engagement Metatag.qvd","from-no-dot","[Engagement Metatag]:
LOAD [Engagement Id]		as [Engagement Metatag.Engagement Id%], 
	 Metatag				as [Engagement Metatag"
"CRM/Engagement Outcome.qvd","from-no-dot","[Engagement Outcome]:

LOAD [Outcome Id]			as  [Engagement Outcome.Outcome Id%]
,[Engagement Id] 			as  [Engagement Outc"
"CRM/Engagement.qvd","from-no-dot","[Engagement]:
LOAD [Engagement Id] 						as [Engagement.Engagement Id%] 
	,[Organisation Id] 						as [Engagement.Organi"
"CRM/Interaction Party.qvd","from-no-dot","[Interaction Party]:
SELECT ""Interaction Id"",
	""Party Id"",
	""Party Type Id"",
	""Party Type"",
	""Party Email Addrress"",
	""O"
"CRM/Interaction.qvd","from-no-dot","SELECT [Interaction Id]			
      ,[Activity Type]				
      ,[User Id]					
      ,[Date Created]				
      ,[Date Compl"
"CRM/Note.qvd","from-no-dot","[Note]:
Load   [Note Id]					AS	[Note.Note Id%]
      ,[Title]						AS	[Note.Title]
      ,[Created By User Id]			AS	[No"
"CRM/Organisation Metatag.qvd","from-no-dot","LOAD [Organisation Id]		as [Organistaion Metatag.Organisation Id%], 
	 Metatag				as [Organisation Metatag.Metatag];[Org"
"CRM/Organisation.qvd","from-no-dot","[Organisation]: 
LOAD [Organisation Id] 						as  [Organisation.Organisation Id%] 
,Name										as  [Organisation.Name"
"CRM/Tag.qvd","from-no-dot","SELECT [Tag Id]						
	  ,[Owner Id]					
      ,[Tag Name]					
FROM CRM.Tag"
"CRM/User.qvd","from-no-dot","[User]:
LOAD [User Id]    						AS [User.User Id%]
      ,[Identitiy Id]     				AS [User.Identitiy Id]
      ,[Frist Na"
"Data Quality/Data Quality.qvd","from-no-dot","[Data Quality]:

LOAD [Data Quality Id] AS [Data Quality.Data Quality Id], 
	[Grant Activity Id] AS [Data Quality.Grant "
"DataCatalogue/Data Catalogue.QVD","from-no-dot","LOAD 
   *;[Data Catalogue]:
SELECT *
FROM ""AZDB-ZEA-PRD-NIAADL01"".DataCatalogue.""Data Catalogue"""
"DataCatalogue/Data Lake Inventory.QVD","no-sql-select","[Data Lake Inventory]:
          SQL
          SELECT 	*
          from	[DataCatalogue].[Data Lake Inventory]"
"DataCatalogue/DLColumnDataTypes.QVD","from-no-dot","[Data Type]:
    SELECT
    	CONCAT('AZDB-AUE-PRD-NIAADL01', '|', t.user_type_id) AS [User Type Key],
    	t.name       "
"DataCatalogue/DLColumnPrimary&ForeignKeys.QVD","from-no-dot","[Primary&ForeignKeys]:
    SELECT
        CONCAT('AZDB-AUE-PRD-NIAADL01', '|', ic.object_id, '|', ic.column_id) AS [Tabl"
"DataCatalogue/DLColumns.QVD","from-no-dot","[Columns]:   
    SELECT
    // Keys
        CONCAT('AZDB-AUE-PRD-NIAADL01', '|', c.object_id)                        AS"
"DataCatalogue/DLSchemas.QVD","from-no-dot","[Schemas]:      
     	 SELECT 
            CONCAT('AZDB-AUE-PRD-NIAADL01', '|', s.schema_id)    AS [Schema Key],
      "
"DataCatalogue/DLTables&Views.QVD","from-no-dot","[Tables&Views]:
	SELECT
        'AZDB-AUE-PRD-NIAADL01'                                   		AS [Database Name],
        "
"DataCatalogue/Object Hierarchy test.QVD","no-sql-select","[Object Hierarchy test]:
          SQL
          SELECT 	*
          from	[DataCatalogue].[Object Hierarchy test]"
"DataCatalogue/Object Hierarchy.QVD","no-sql-select","[Object Hierarchy]:
          SQL
          SELECT 	*
          from	[DataCatalogue].[Object Hierarchy]"
"DGOV/ACNC Charities.QVD","no-sql-select","[ACNC Charities]:
          SQL
          SELECT 	*
          from	[DGOV].[ACNC Charities]"
"DGOV/ASIC Companies.QVD","no-sql-select","[ASIC Companies]:
          SQL
          SELECT 	*
          from	[DGOV].[ASIC Companies]"
"DGOV/Funded ASIC Companies.QVD","no-sql-select","[Funded ASIC Companies]:
          SQL
          SELECT 	*
          from	[DGOV].[Funded ASIC Companies]"
"DGOV/ORIC Corporations - 20251223.QVD","no-sql-select","[ORIC Corporations - 20251223]:
          SQL
          SELECT 	*
          from	[DGOV].[ORIC Corporations - 20251223]"
"DGOV/ORIC Corporations.QVD","no-sql-select","[ORIC Corporations]:
          SQL
          SELECT 	*
          from	[DGOV].[ORIC Corporations]"
"DGOV/Services Australia Offices.qvd","no-sql-select","[Services Australia Offices]:
          SQL
          SELECT 	*
          from	[DGOV].[Services Australia Offices]"
"ESS/CDP/Caseload Last 7 Days.QVD","no-sql-select","[Caseload Last 7 Days]:
SQL
SELECT *
FROM ""AZDB-ZEA-PRD-NIAADL01"".ESS.""CDP Caseload Last 7 Days"""
"ESS/CDP/CDP Appointment.QVD","from-no-dot","[CDP_Appointment]:
SELECT [Appointment Id]
      ,[Job Seeker Id]
      ,[Appointment Result Code]
      ,[Appointment R"
"ESS/CDP/CDP Income Support Rate 1.QVD","no-sql-select","[CDP Income Support Rate 1]:
SQL
SELECT 
	""Income Support Rate 1 Effective Start Date"",
	""Income Support Rate 1 Effectiv"
"ESS/CDP/CDP Income Support Rate 2.QVD","no-sql-select","[CDP Income Support Rate 2]:
SQL
SELECT 
	""Income Support Rate 2 Effective Start Date"",
	""Income Support Rate 2 Effectiv"
"ESS/CDP/CDP Payment Model Control Data.QVD","no-sql-select","[CDP Payment Model Control Data]:
Load *;SQL
Select 
  [Id]	
, [CDP Payment Model Control Id]		
, [Contract Id]						
, "
"ESS/CDP/CDP_Caseload_Month_End.QVD","from-no-dot","[CDP_Caseload_Month_End]:
SELECT ""Contract Referral Placement Id"",
	""Contract Referral Placement Effective Start Date"",
"
"ESS/CDP/CDP_Job_Plan_Assist_Comment_Topic_Models.qvd","from-no-dot","[jp_assist_topic_models]:
SELECT ""job_plan_assistance_id"",
	""Dominant_Topic"",
	""Topic_Keywords"",
	""Perc_Contribution"",
	"
"ESS/CDP/CDP_Job_Plan_Goal_Comment_Topic_Models.qvd","from-no-dot","LOAD //job_seeker_id as [Job Seeker Id], 
	job_plan_id as [Job Plan Id], 
	Dominant_Topic as [G_Dominant_Topic], 
	Topic"
"ESS/CDP/Delete/CDP Update Date.qvd","from-no-dot","[DW Updated Date]:
select [DW Update Date] from ess.[CDP DW Update Date]"
"ESS/CDP/Grant Activity KPI Assessment.QVD","no-sql-select","SQL
SELECT * FROM [ESS].[Grant Activity KPI Assessment] || [Grant Activity KPI Assessment]:
Load *;SQL
SELECT * FROM [ES"
"ESS/CDP/Grant Activity Performance.QVD","no-sql-select","SQL
SELECT * FROM 
ESS.[Grant Activity Performance] || [Grant Activity Performance]:
Load *;SQL
SELECT * FROM 
ESS.[Gran"
"ESS/CDP/Performance Report Assessment.QVD","no-sql-select","SQL
SELECT * FROM 
ESS.[Performance Report Assessment] || [Performance Report Assessment]:
Load *;SQL
SELECT * FROM 
ESS"
"ESS/CDP/Remote Employment Organisation Indigeneity.QVD","from-no-dot","LOAD [Organisation Code], 
	[Organisation Name], 
	[Is Indigenous], 
	[Organisational Indigeneity], 
	[Organisational In"
"ESS/CDP/Temp/CDP Activity Attendance Key Data.QVD","no-sql-select","[CDP Activity Attendance Key Data]:
    SQL
    SELECT
    		*
    FROM ESS.""CDP Activity Attendance Key Data"""
"ESS/CDP/Temp/CDP Activity Attendance Monthly Rollup.QVD","no-sql-select","[CDP Activity Attendance Monthly Rollup]:
        SQL
        SELECT
                *
        FROM ESS.""CDP Activity At"
"ESS/CDP/Temp/CDP Activity Attendance Result Monthly Rollup Pivoted.QVD","no-sql-select","[CDP Activity Attendance Result Monthly Rollup Pivoted]:
        SQL
        SELECT
                *
        FROM ESS."""
"ESS/CDP/Temp/CDP Activity Attendance Result.QVD","no-sql-select","[CDP Activity Attendance Result]:
    SQL
    SELECT
    		*
    FROM ESS.""CDP Activity Attendance Result"""
"ESS/CDP/Temp/CDP Activity Attendance.QVD","no-sql-select","[CDP Activity Attendance]:
    SQL
    SELECT
    		*
    FROM ESS.""CDP Activity Attendance"""
"ESS/CDP/Temp/CDP Activity Referral Placement.QVD","no-sql-select","[CDP Activity Referral Placement]:
        SQL
        SELECT
                *
        FROM ESS.""CDP Activity Referral "
"ESS/CDP/Temp/CDP Activity.QVD","no-sql-select","[CDP Activity]:
        SQL
        SELECT
                *
        FROM ESS.""CDP Activity"""
"ESS/CDP/Temp/CDP Age Group.QVD","no-sql-select","[CDP Age Group]:
        SQL
        SELECT
                *
        FROM ESS.""CDP Age Group"""
"ESS/CDP/Temp/CDP API Subs Data Currency.QVD","no-sql-select","[CDP API Subs Data Currency]:
        SQL
        SELECT
                *
        FROM ESS.""CDP API Subs Data Currency"""
"ESS/CDP/Temp/CDP Barrier Job Plan Activity Link.QVD","no-sql-select","[CDP Barrier Job Plan Activity Link]:
        SQL
        SELECT
                *
        FROM ESS.""CDP Barrier Job Pla"
"ESS/CDP/Temp/CDP Barrier Job Plan Assistance Link.QVD","no-sql-select","[CDP Barrier Job Plan Assistance Link]:
        SQL
        SELECT
                *
        FROM ESS.""CDP Barrier Job P"
"ESS/CDP/Temp/CDP Barrier.QVD","no-sql-select","[CDP Barrier]:
        SQL
        SELECT
                *
        FROM ESS.""CDP Barrier"""
"ESS/CDP/Temp/CDP Caseload Last 7 Days.QVD","no-sql-select","[CDP Caseload Last 7 Days]:
        SQL
        SELECT
                *
        FROM ESS.""CDP Caseload Last 7 Days"""
"ESS/CDP/Temp/CDP Caseload Month End.QVD","no-sql-select","[CDP Caseload Month End]:
        SQL
        SELECT
                *
        FROM ESS.""CDP Caseload Month End"""
"ESS/CDP/Temp/CDP Caseload Tracking By Month & Age Group.QVD","no-sql-select","[CDP Caseload Tracking By Month & Age Group]:
        SQL
        SELECT
                *
        FROM ESS.""CDP Caseloa"
"ESS/CDP/Temp/CDP Caseload Tracking By Month & CDP Region.QVD","no-sql-select","[CDP Caseload Tracking By Month & CDP Region]:
        SQL
        SELECT
                *
        FROM ESS.""CDP Caselo"
"ESS/CDP/Temp/CDP Caseload Tracking By Month & Indigenous Status.QVD","no-sql-select","[CDP Caseload Tracking By Month & Indigenous Status]:
        SQL
        SELECT
                *
        FROM ESS.""CDP"
"ESS/CDP/Temp/CDP Caseload Tracking By Month.QVD","no-sql-select","[CDP Caseload Tracking By Month]:
        SQL
        SELECT
                *
        FROM ESS.""CDP Caseload Tracking B"
"ESS/CDP/Temp/CDP Caseload.QVD","no-sql-select","[CDP Caseload]:
        SQL
        SELECT
                *
        FROM ESS.""CDP Caseload"""
"ESS/CDP/Temp/CDP CCRJ Code Table.QVD","no-sql-select","[CDP CCRJ Code Table]:
        SQL
        SELECT
                *
        FROM ESS.""CDP CCRJ Code Table"""
"ESS/CDP/Temp/CDP Claim.QVD","no-sql-select","[CDP Claim]:
        SQL
        SELECT
                *
        FROM ESS.""CDP Claim"""
"ESS/CDP/Temp/CDP Contract.QVD","no-sql-select","[CDP Contract]:
        SQL
        SELECT
                *
        FROM ESS.""CDP Contract"""
"ESS/CDP/Temp/CDP Estimated Grant Value FY.QVD","no-sql-select","[CDP Estimated Grant Value FY]:
        SQL
        SELECT
                *
        FROM ESS.""CDP Estimated Grant Value"
"ESS/CDP/Temp/CDP Grant Activity Site Location.QVD","no-sql-select","[CDP Grant Activity Site Location]:
        SQL
        SELECT
                *
        FROM ESS.""CDP Grant Activity Si"
"ESS/CDP/Temp/CDP Grant Activity updated.QVD","no-sql-select","[CDP Grant Activity updated]:
        SQL
        SELECT
                *
        FROM ESS.""CDP Grant Activity updated"""
"ESS/CDP/Temp/CDP Grant Activity.QVD","no-sql-select","[CDP Grant Activity]:
        SQL
        SELECT
                *
        FROM ESS.""CDP Grant Activity"""
"ESS/CDP/Temp/CDP Grant Detail.QVD","no-sql-select","[CDP Grant Detail]:
        SQL
        SELECT
                *
        FROM ESS.""CDP Grant Detail"""
"ESS/CDP/Temp/CDP Grant Estimated Expenditure FY.QVD","no-sql-select","[CDP Grant Estimated Expenditure FY]:
        SQL
        SELECT
                *
        FROM ESS.""CDP Grant Estimated"
"ESS/CDP/Temp/CDP Grants List.QVD","no-sql-select","[CDP Grants List]:
        SQL
        SELECT
                *
        FROM ESS.""CDP Grants List"""
"ESS/CDP/Temp/CDP Income Support Payment Rate.QVD","no-sql-select","[CDP Income Support Payment Rate]:
        SQL
        SELECT
                *
        FROM ESS.""CDP Income Support Pay"
"ESS/CDP/Temp/CDP Income Support Rate 1.QVD","no-sql-select","[CDP Income Support Rate 1]:
    SQL
    SELECT
    		*
    FROM ESS.""CDP Income Support Rate 1"""
"ESS/CDP/Temp/CDP Income Support Rate 2.QVD","no-sql-select","[CDP Income Support Rate 2]:
    SQL
    SELECT
    		*
    FROM ESS.""CDP Income Support Rate 2"""
"ESS/CDP/Temp/CDP Income Support Rate.QVD","no-sql-select","[CDP Income Support Rate]:
    SQL
    SELECT
    		*
    FROM ESS.""CDP Income Support Rate"""
"ESS/CDP/Temp/CDP Job Plan Activity Detail.QVD","no-sql-select","[CDP Job Plan Activity Detail]:
        SQL
        SELECT
                *
        FROM ESS.""CDP Job Plan Activity Det"
"ESS/CDP/Temp/CDP Job Plan Activity.QVD","no-sql-select","[CDP Job Plan Activity]:
        SQL
        SELECT
                *
        FROM ESS.""CDP Job Plan Activity"""
"ESS/CDP/Temp/CDP Job Plan Assistance.QVD","no-sql-select","[CDP Job Plan Assistance]:
        SQL
        SELECT
                *
        FROM ESS.""CDP Job Plan Assistance"""
"ESS/CDP/Temp/CDP Job Plan.QVD","no-sql-select","[CDP Job Plan]:
        SQL
        SELECT
                *
        FROM ESS.""CDP Job Plan"""
"ESS/CDP/Temp/CDP Job Seeker Appointment.QVD","no-sql-select","[CDP Job Seeker Appointment]:
        SQL
        SELECT
                *
        FROM ESS.""CDP Job Seeker Appointment"""
"ESS/CDP/Temp/CDP Job Seeker Assessment.QVD","no-sql-select","[CDP Job Seeker Assessment]:
        SQL
        SELECT
                *
        FROM ESS.""CDP Job Seeker Assessment"""
"ESS/CDP/Temp/CDP Job Seeker At Event.QVD","no-sql-select","[CDP Job Seeker At Event]:
    SQL
    SELECT
    		*
    FROM ESS.""CDP Job Seeker At Event"""
"ESS/CDP/Temp/CDP Job Seeker Characteristics Month End.QVD","no-sql-select","[CDP Job Seeker Characteristics Month End]:
        SQL
        SELECT
                *
        FROM ESS.""CDP Job Seeke"
"ESS/CDP/Temp/CDP Job Seeker Characteristics.QVD","no-sql-select","[CDP Job Seeker Characteristics]:
        SQL
        SELECT
                *
        FROM ESS.""CDP Job Seeker Characte"
"ESS/CDP/Temp/CDP Job Seeker Diary.QVD","no-sql-select","[CDP Job Seeker Diary]:
    SQL
    SELECT
    		*
    FROM ESS.""CDP Job Seeker Diary"""
"ESS/CDP/Temp/CDP Job Seeker Geocoded.QVD","no-sql-select","[CDP Job Seeker Geocoded]:
        SQL
        SELECT
                *
        FROM ESS.""CDP Job Seeker Geocoded"""
"ESS/CDP/Temp/CDP Job Seeker History.QVD","no-sql-select","[CDP Job Seeker History]:
        SQL
        SELECT
                *
        FROM ESS.""CDP Job Seeker History"""
"ESS/CDP/Temp/CDP Job Seeker Month End.QVD","no-sql-select","[CDP Job Seeker Month End]:
        SQL
        SELECT
                *
        FROM ESS.""CDP Job Seeker Month End"""
"ESS/CDP/Temp/CDP Job Seeker.QVD","no-sql-select","[CDP Job Seeker]:
        SQL
        SELECT
                *
        FROM ESS.""CDP Job Seeker"""
"ESS/CDP/Temp/CDP JSCI Classification Question & Response.QVD","no-sql-select","[CDP JSCI Classification Question & Response]:
        SQL
        SELECT
                *
        FROM ESS.""CDP JSCI C"
"ESS/CDP/Temp/CDP JSCI Classification.QVD","no-sql-select","[CDP JSCI Classification]:
        SQL
        SELECT
                *
        FROM ESS.""CDP JSCI Classification"""
"ESS/CDP/Temp/CDP NBRJ Code Table.QVD","no-sql-select","[CDP NBRJ Code Table]:
        SQL
        SELECT
                *
        FROM ESS.""CDP NBRJ Code Table"""
"ESS/CDP/Temp/CDP Organisation.QVD","no-sql-select","[CDP Organisation]:
        SQL
        SELECT
                *
        FROM ESS.""CDP Organisation"""
"ESS/CDP/Temp/CDP PPR Result History.QVD","no-sql-select","[CDP PPR Result History]:
        SQL
        SELECT
                *
        FROM ESS.""CDP PPR Result History"""
"ESS/CDP/Temp/CDP Region.QVD","no-sql-select","[CDP Region]:
        SQL
        SELECT
                *
        FROM ESS.""CDP Region"""
"ESS/CDP/Temp/CDP Site Contract.QVD","no-sql-select","[CDP Site Contract]:
        SQL
        SELECT
                *
        FROM ESS.""CDP Site Contract"""
"ESS/CDP/Temp/CDP Vacancy Referral.QVD","no-sql-select","[CDP Vacancy Referral]:
        SQL
        SELECT
                *
        FROM ESS.""CDP Vacancy Referral"""
"ESS/CDP/Temp/CDP Vacancy.QVD","no-sql-select","[CDP Vacancy]:
        SQL
        SELECT
                *
        FROM ESS.""CDP Vacancy"""
"ESS/CDP/Temp/ESAM Users.QVD","no-sql-select","[ESAM Users]:
        SQL
        SELECT
                *
        FROM ESS.""ESAM Users"""
"ESS/CDP/Temp/RAES Payment.QVD","no-sql-select","[RAES Payment]:
        SQL
        SELECT
                *
        FROM ESS.""RAES Payment"""
"ESS/CDP/Temp/RAES Vacancy Referral.QVD","no-sql-select","[RAES Vacancy Referral]:
        SQL
        SELECT
                *
        FROM ESS.""RAES Vacancy Referral"""
"ESS/CDP/Temp/TWES Claim.QVD","no-sql-select","[TWES Claim]:
    SQL
    SELECT
    		*
    FROM ESS.""TWES Claim"""
"ESS/CDP/Temp/TWES Commencement History.QVD","no-sql-select","[TWES Commencement History]:
    SQL
    SELECT
    		*
    FROM ESS.""TWES Commencement History"""
"ESS/CDP/Temp/TWES CRP.QVD","no-sql-select","[TWES CRP]:
    SQL
    SELECT
    		*
    FROM ESS.""TWES CRP"""
"ESS/CDP/Temp/TWES ESAT.QVD","no-sql-select","[TWES ESAT]:
    SQL
    SELECT
    		*
    FROM ESS.""TWES ESAT"""
"ESS/CDP/Temp/TWES Job Seeker.QVD","no-sql-select","[TWES Job Seeker]:
    SQL
    SELECT
    		*
    FROM ESS.""TWES Job Seeker"""
"ESS/CDP/Temp/TWES JSCI.QVD","no-sql-select","[TWES JSCI]:
    SQL
    SELECT
    		*
    FROM ESS.""TWES JSCI"""
"ESS/CDP/Temp/TWES Site Contract.QVD","no-sql-select","[TWES Site Contract]:
    SQL
    SELECT
    		*
    FROM ESS.""TWES Site Contract"""
"ESS/CDP/Temp/TWES Transition Plan.QVD","no-sql-select","[TWES Transition Plan]:
    SQL
    SELECT
    		*
    FROM ESS.""TWES Transition Plan"""
"ESS/ESAM Users.QVD","from-no-dot","LOAD [Extract Date], 
	[ESAM Core Identity ID], 
	[ESS User ID], 
	[User Application Account ID], 
	[Preferred Name], 
	"
"ESS/IEP/IEP Milestone 1000 Jobs.QVD","no-sql-select","SQL 
Select * from [ESS].[IEP Milestone 1000 Jobs] || [IEP Milestone]:
Load *;SQL 
Select * from [ESS].[IEP Milestone 10"
"ESS/IEP/IEP_Payment.QVD","from-no-dot","LOAD [Project ID]  AS [IEP Activity ID], 
	[Payment ID], 
	[Payment Type Code], 
	[Payment Type], 
	[Payment Status Code"
"ESS/IEP/LKP_DIM_JOB_SEEKER_GEOCODED.QVD","from-no-dot","[LKP_DIM_JOB_SEEKER_GEOCODED]:
SELECT ""JOB_SEEKER_ID"",
	CRN,
	""SOURCE_ADDRESS_LN1"",
	""SOURCE_ADDRESS_LN2"",
	""SOURCE_ADDR"
"ESS/IEP/Master_Calendar.qvd","from-no-dot","[Master_Calendar]:
LOAD DateNumber, 
	DateNumberQlik, 
	Date, 
	DateQlik, 
	Day, 
	DayName, 
	DayShortName, 
	Week, 
	IS"
"ESS/IEP/Snapshots/Temp/CDP_Contract_Referral_Placement.QVD","truncated-statement","[CDP_Contract_Referral_Placement]:
SELECT
distinct
*
,case
	when ROW_NUM = 1 and  [Contract Referral Placement Status] i"
"ESS/IEP/Snapshots/Temp/CDP_Contract_Referral_Placement_20200930.QVD","truncated-statement","[CDP_Contract_Referral_Placement]:
SELECT
distinct
*
,case
	when ROW_NUM = 1 and  [Contract Referral Placement Status] i"
"ESS/IEP/Snapshots/Temp/CDP_Contract_Referral_Placement_20201031.QVD","truncated-statement","[CDP_Contract_Referral_Placement]:
SELECT
distinct
*
,case
	when ROW_NUM = 1 and  [Contract Referral Placement Status] i"
"ESS/IEP/Snapshots/Temp/CDP_Contract_Referral_Placement_20201130.QVD","truncated-statement","[CDP_Contract_Referral_Placement]:
SELECT
distinct
*
,case
	when ROW_NUM = 1 and  [Contract Referral Placement Status] i"
"ESS/IEP/Snapshots/Temp/CDP_Contract_Referral_Placement_20201231.QVD","truncated-statement","[CDP_Contract_Referral_Placement]:
SELECT
distinct
*
,case
	when ROW_NUM = 1 and  [Contract Referral Placement Status] i"
"ESS/IEP/Snapshots/Temp/CDP_Contract_Referral_Placement_20210131.QVD","truncated-statement","[CDP_Contract_Referral_Placement]:
SELECT
distinct
*
,case
	when ROW_NUM = 1 and  [Contract Referral Placement Status] i"
"ESS/IEP/Snapshots/Temp/CDP_Contract_Referral_Placement_20210228.QVD","truncated-statement","[CDP_Contract_Referral_Placement]:
SELECT
distinct
*
,case
	when ROW_NUM = 1 and  [Contract Referral Placement Status] i"
"ESS/IEP/Snapshots/Temp/CDP_Contract_Referral_Placement_20210331.QVD","truncated-statement","[CDP_Contract_Referral_Placement]:
SELECT
distinct
*
,case
	when ROW_NUM = 1 and  [Contract Referral Placement Status] i"
"ESS/IEP/Snapshots/Temp/CDP_Contract_Referral_Placement_20210430.QVD","truncated-statement","[CDP_Contract_Referral_Placement]:
SELECT
distinct
*
,case
	when ROW_NUM = 1 and  [Contract Referral Placement Status] i"
"ESS/IEP/Snapshots/Temp/CDP_Contract_Referral_Placement_20210531.QVD","truncated-statement","[CDP_Contract_Referral_Placement]:
SELECT
distinct
*
,case
	when ROW_NUM = 1 and  [Contract Referral Placement Status] i"
"ESS/IEP/Snapshots/Temp/CDP_Contract_Referral_Placement_20210630.QVD","truncated-statement","[CDP_Contract_Referral_Placement]:
SELECT
distinct
*
,case
	when ROW_NUM = 1 and  [Contract Referral Placement Status] i"
"ESS/IEP/Snapshots/Temp/CDP_Contract_Referral_Placement_20210731.QVD","truncated-statement","[CDP_Contract_Referral_Placement]:
SELECT
distinct
*
,case
	when ROW_NUM = 1 and  [Contract Referral Placement Status] i"
"ESS/IEP/Snapshots/Temp/CDP_Contract_Referral_Placement_20210831.QVD","truncated-statement","[CDP_Contract_Referral_Placement]:
SELECT
distinct
*
,case
	when ROW_NUM = 1 and  [Contract Referral Placement Status] i"
"ESS/IEP/Snapshots/Temp/CDP_Contract_Referral_Placement_20210930.QVD","truncated-statement","[CDP_Contract_Referral_Placement]:
SELECT
distinct
*
,case
	when ROW_NUM = 1 and  [Contract Referral Placement Status] i"
"ESS/IEP/Snapshots/Temp/CDP_Contract_Referral_Placement_20211031.QVD","truncated-statement","[CDP_Contract_Referral_Placement]:
SELECT
distinct
*
,case
	when ROW_NUM = 1 and  [Contract Referral Placement Status] i"
"ESS/IEP/Snapshots/Temp/CDP_Contract_Referral_Placement_20211130.QVD","truncated-statement","[CDP_Contract_Referral_Placement]:
SELECT
distinct
*
,case
	when ROW_NUM = 1 and  [Contract Referral Placement Status] i"
"ESS/IEP/Snapshots/Temp/CDP_Contract_Referral_Placement_20211231.QVD","truncated-statement","[CDP_Contract_Referral_Placement]:
SELECT
distinct
*
,case
	when ROW_NUM = 1 and  [Contract Referral Placement Status] i"
"ESS/IEP/Snapshots/Temp/CDP_Contract_Referral_Placement_20220131.QVD","truncated-statement","[CDP_Contract_Referral_Placement]:
SELECT
distinct
*
,case
	when ROW_NUM = 1 and  [Contract Referral Placement Status] i"
"ESS/IEP/Snapshots/Temp/CDP_Contract_Referral_Placement_20220228.QVD","truncated-statement","[CDP_Contract_Referral_Placement]:
SELECT
distinct
*
,case
	when ROW_NUM = 1 and  [Contract Referral Placement Status] i"
"ESS/IEP/Snapshots/Temp/CDP_Contract_Referral_Placement_20220331.QVD","truncated-statement","[CDP_Contract_Referral_Placement]:
SELECT
distinct
*
,case
	when ROW_NUM = 1 and  [Contract Referral Placement Status] i"
"ESS/IEP/Snapshots/Temp/CDP_Contract_Referral_Placement_20220430.QVD","truncated-statement","[CDP_Contract_Referral_Placement]:
SELECT
distinct
*
,case
	when ROW_NUM = 1 and  [Contract Referral Placement Status] i"
"ESS/IEP/Snapshots/Temp/CDP_Contract_Referral_Placement_20220531.QVD","truncated-statement","[CDP_Contract_Referral_Placement]:
SELECT
distinct
*
,case
	when ROW_NUM = 1 and  [Contract Referral Placement Status] i"
"ESS/IEP/Snapshots/Temp/CDP_Contract_Referral_Placement_20220630.QVD","truncated-statement","[CDP_Contract_Referral_Placement]:
SELECT
distinct
*
,case
	when ROW_NUM = 1 and  [Contract Referral Placement Status] i"
"ESS/IEP/Snapshots/Temp/CDP_Contract_Referral_Placement_20220731.QVD","truncated-statement","[CDP_Contract_Referral_Placement]:
SELECT
distinct
*
,case
	when ROW_NUM = 1 and  [Contract Referral Placement Status] i"
"ESS/IEP/Snapshots/Temp/CDP_Contract_Referral_Placement_20220831.QVD","truncated-statement","[CDP_Contract_Referral_Placement]:
SELECT
distinct
*
,case
	when ROW_NUM = 1 and  [Contract Referral Placement Status] i"
"ESS/IEP/Snapshots/Temp/CDP_Contract_Referral_Placement_20220930.QVD","truncated-statement","[CDP_Contract_Referral_Placement]:
SELECT
distinct
*
,case
	when ROW_NUM = 1 and  [Contract Referral Placement Status] i"
"ESS/IEP/Snapshots/Temp/CDP_Contract_Referral_Placement_20221031.QVD","truncated-statement","[CDP_Contract_Referral_Placement]:
SELECT
distinct
*
,case
	when ROW_NUM = 1 and  [Contract Referral Placement Status] i"
"ESS/IEP/Snapshots/Temp/CDP_Contract_Referral_Placement_20221130.QVD","truncated-statement","[CDP_Contract_Referral_Placement]:
SELECT
distinct
*
,case
	when ROW_NUM = 1 and  [Contract Referral Placement Status] i"
"ESS/IEP/Snapshots/Temp/CDP_Contract_Referral_Placement_20221231.QVD","truncated-statement","[CDP_Contract_Referral_Placement]:
SELECT
distinct
*
,case
	when ROW_NUM = 1 and  [Contract Referral Placement Status] i"
"ESS/IEP/Snapshots/Temp/CDP_Contract_Referral_Placement_20230131.QVD","truncated-statement","[CDP_Contract_Referral_Placement]:
SELECT
distinct
*
,case
	when ROW_NUM = 1 and  [Contract Referral Placement Status] i"
"ESS/IEP/Snapshots/Temp/CDP_Contract_Referral_Placement_20230228.QVD","truncated-statement","[CDP_Contract_Referral_Placement]:
SELECT
distinct
*
,case
	when ROW_NUM = 1 and  [Contract Referral Placement Status] i"
"ESS/IEP/Snapshots/Temp/CDP_Contract_Referral_Placement_20230331.QVD","truncated-statement","[CDP_Contract_Referral_Placement]:
SELECT
distinct
*
,case
	when ROW_NUM = 1 and  [Contract Referral Placement Status] i"
"ESS/IEP/Snapshots/Temp/CDP_Contract_Referral_Placement_20230430.QVD","truncated-statement","[CDP_Contract_Referral_Placement]:
SELECT
distinct
*
,case
	when ROW_NUM = 1 and  [Contract Referral Placement Status] i"
"ESS/IEP/Snapshots/Temp/CDP_Contract_Referral_Placement_20230531.QVD","truncated-statement","[CDP_Contract_Referral_Placement]:
SELECT
distinct
*
,case
	when ROW_NUM = 1 and  [Contract Referral Placement Status] i"
"ESS/IEP/Snapshots/Temp/CDP_Contract_Referral_Placement_20230630.QVD","truncated-statement","[CDP_Contract_Referral_Placement]:
SELECT
distinct
*
,case
	when ROW_NUM = 1 and  [Contract Referral Placement Status] i"
"ESS/IEP/Snapshots/Temp/CDP_Contract_Referral_Placement_20230731.QVD","truncated-statement","[CDP_Contract_Referral_Placement]:
SELECT
distinct
*
,case
	when ROW_NUM = 1 and  [Contract Referral Placement Status] i"
"ESS/IEP/Snapshots/Temp/CDP_Contract_Referral_Placement_20230831.QVD","truncated-statement","[CDP_Contract_Referral_Placement]:
SELECT
distinct
*
,case
	when ROW_NUM = 1 and  [Contract Referral Placement Status] i"
"ESS/IEP/Snapshots/Temp/CDP_Contract_Referral_Placement_20240331.QVD","from-no-dot","[CDP_Contract_Referral_Placement]:
LOAD
	[CDP Contract Referral Placement Snapshot Date],
    [_CDP Job Seeker to Contra"
"ESS/IEP/Snapshots/Temp/CDP_Contract_Referral_Placement_20240430.QVD","from-no-dot","[CDP_Contract_Referral_Placement]:
LOAD
	[CDP Contract Referral Placement Snapshot Date],
    [_CDP Job Seeker to Contra"
"ESS/IEP/Snapshots/Temp/CDP_Contract_Referral_Placement_20240531.QVD","from-no-dot","[CDP_Contract_Referral_Placement]:
LOAD
	[CDP Contract Referral Placement Snapshot Date],
    [_CDP Job Seeker to Contra"
"ESS/IEP/Snapshots/Temp/CDP_Contract_Referral_Placement_20240630.QVD","from-no-dot","[CDP_Contract_Referral_Placement]:
LOAD
	[CDP Contract Referral Placement Snapshot Date],
    [_CDP Job Seeker to Contra"
"ESS/IEP/Snapshots/Temp/CDP_Contract_Referral_Placement_20240731.QVD","from-no-dot","[CDP_Contract_Referral_Placement]:
LOAD
	[CDP Contract Referral Placement Snapshot Date],
    [_CDP Job Seeker to Contra"
"ESS/IEP/Snapshots/Temp/CDP_Contract_Referral_Placement_20240831.QVD","from-no-dot","[CDP_Contract_Referral_Placement]:
LOAD
	[CDP Contract Referral Placement Snapshot Date],
    [_CDP Job Seeker to Contra"
"ESS/IEP/Snapshots/Temp/CDP_Contract_Referral_Placement_20241031.QVD","from-no-dot","[CDP_Contract_Referral_Placement]:
LOAD
	[CDP Contract Referral Placement Snapshot Date],
    [_CDP Job Seeker to Contra"
"ESS/IEP/Snapshots/Temp/CDP_Contract_Referral_Placement_20241130.QVD","from-no-dot","[CDP_Contract_Referral_Placement]:
LOAD
	[CDP Contract Referral Placement Snapshot Date],
    [_CDP Job Seeker to Contra"
"ESS/IEP/Snapshots/Temp/CDP_Contract_Referral_Placement_20241231.QVD","from-no-dot","[CDP_Contract_Referral_Placement]:
LOAD
	[CDP Contract Referral Placement Snapshot Date],
    [_CDP Job Seeker to Contra"
"ESS/IEP/Snapshots/Temp/CDP_Contract_Referral_Placement_20250131.QVD","from-no-dot","[CDP_Contract_Referral_Placement]:
LOAD
	[CDP Contract Referral Placement Snapshot Date],
    [_CDP Job Seeker to Contra"
"ESS/IEP/Snapshots/Temp/CDP_Contract_Referral_Placement_20250228.QVD","from-no-dot","[CDP_Contract_Referral_Placement]:
LOAD
	[CDP Contract Referral Placement Snapshot Date],
    [_CDP Job Seeker to Contra"
"ESS/IEP/Snapshots/Temp/CDP_Contract_Referral_Placement_20250331.QVD","from-no-dot","[CDP_Contract_Referral_Placement]:
LOAD
	[CDP Contract Referral Placement Snapshot Date],
    [_CDP Job Seeker to Contra"
"ESS/IEP/Snapshots/Temp/CDP_Contract_Referral_Placement_20250430.QVD","from-no-dot","[CDP_Contract_Referral_Placement]:
LOAD
	[CDP Contract Referral Placement Snapshot Date],
    [_CDP Job Seeker to Contra"
"ESS/IEP/Snapshots/Temp/CDP_Contract_Referral_Placement_20250531.QVD","from-no-dot","[CDP_Contract_Referral_Placement]:
LOAD
	[CDP Contract Referral Placement Snapshot Date],
    [_CDP Job Seeker to Contra"
"ESS/IEP/Snapshots/Temp/CDP_Contract_Referral_Placement_20250630.QVD","from-no-dot","[CDP_Contract_Referral_Placement]:
LOAD
	[CDP Contract Referral Placement Snapshot Date],
    [_CDP Job Seeker to Contra"
"ESS/IEP/Snapshots/Temp/CDP_Contract_Referral_Placement_20250731.QVD","from-no-dot","[CDP_Contract_Referral_Placement]:
LOAD
	[CDP Contract Referral Placement Snapshot Date],
    [_CDP Job Seeker to Contra"
"ESS/IEP/Snapshots/Temp/CDP_Contract_Referral_Placement_20250831.QVD","from-no-dot","[CDP_Contract_Referral_Placement]:
LOAD
	[CDP Contract Referral Placement Snapshot Date],
    [_CDP Job Seeker to Contra"
"ESS/IEP/Snapshots/Temp/CDP_Contract_Referral_Placement_20250930.QVD","from-no-dot","[CDP_Contract_Referral_Placement]:
LOAD
	[CDP Contract Referral Placement Snapshot Date],
    [_CDP Job Seeker to Contra"
"ESS/IEP/Snapshots/Temp/CDP_Contract_Referral_Placement_20251231.QVD","from-no-dot","[CDP_Contract_Referral_Placement]:
LOAD
	[CDP Contract Referral Placement Snapshot Date],
    [_CDP Job Seeker to Contra"
"ESS/IEP/Snapshots/Temp/CDP_Contract_Referral_Placement_20260228.QVD","from-no-dot","[CDP_Contract_Referral_Placement]:
LOAD
	[CDP Contract Referral Placement Snapshot Date],
    [_CDP Job Seeker to Contra"
"ESS/IEP/Snapshots/Temp/CDP_Contract_Referral_Placement_20260430.QVD","from-no-dot","[CDP_Contract_Referral_Placement]:
LOAD
	[CDP Contract Referral Placement Snapshot Date],
    [_CDP Job Seeker to Contra"
"ESS/IEP/Snapshots/Temp/CDP_Contract_Referral_Placement_20260531.QVD","from-no-dot","[CDP_Contract_Referral_Placement]:
LOAD
	[CDP Contract Referral Placement Snapshot Date],
    [_CDP Job Seeker to Contra"
"ESS/IEP/Snapshots/Temp/CDP_Contract_Referral_Placement_20260630.QVD","from-no-dot","[CDP_Contract_Referral_Placement]:
LOAD
	[CDP Contract Referral Placement Snapshot Date],
    [_CDP Job Seeker to Contra"
"ESS/IEP/Snapshots/Temp/CDP_Job_Seeker.QVD","no-sql-select","[CDP_Job_Seeker]:
SQL

Select 

/* System dates */

		 JS.EXTRACT_DATE 					as [CDP Job Seeker Extract Date]
		,'20/11/2"
"ESS/IEP/Snapshots/Temp/CDP_Job_Seeker_20200930.QVD","no-sql-select","[CDP_Job_Seeker]:
SQL

Select 

/* System dates */

		 JS.EXTRACT_DATE 					as [CDP Job Seeker Extract Date]
		,'30/09/2"
"ESS/IEP/Snapshots/Temp/CDP_Job_Seeker_20201031.QVD","no-sql-select","[CDP_Job_Seeker]:
SQL

Select 

/* System dates */

		 JS.EXTRACT_DATE 					as [CDP Job Seeker Extract Date]
		,'30/09/2"
"ESS/IEP/Snapshots/Temp/CDP_Job_Seeker_20201130.QVD","no-sql-select","[CDP_Job_Seeker]:
SQL

Select 

/* System dates */

		 JS.EXTRACT_DATE 					as [CDP Job Seeker Extract Date]
		,'30/09/2"
"ESS/IEP/Snapshots/Temp/CDP_Job_Seeker_20201231.QVD","no-sql-select","[CDP_Job_Seeker]:
SQL

Select 

/* System dates */

		 JS.EXTRACT_DATE 					as [CDP Job Seeker Extract Date]
		,'30/09/2"
"ESS/IEP/Snapshots/Temp/CDP_Job_Seeker_20210131.QVD","no-sql-select","[CDP_Job_Seeker]:
SQL

Select 

/* System dates */

		 JS.EXTRACT_DATE 					as [CDP Job Seeker Extract Date]
		,'30/09/2"
"ESS/IEP/Snapshots/Temp/CDP_Job_Seeker_20210228.QVD","no-sql-select","[CDP_Job_Seeker]:
SQL

Select 

/* System dates */

		 JS.EXTRACT_DATE 					as [CDP Job Seeker Extract Date]
		,'28/02/2"
"ESS/IEP/Snapshots/Temp/CDP_Job_Seeker_20210331.QVD","no-sql-select","[CDP_Job_Seeker]:
SQL

Select 

/* System dates */

		 JS.EXTRACT_DATE 					as [CDP Job Seeker Extract Date]
		,'28/02/2"
"ESS/IEP/Snapshots/Temp/CDP_Job_Seeker_20210430.QVD","no-sql-select","[CDP_Job_Seeker]:
SQL

Select 

/* System dates */

		 JS.EXTRACT_DATE 					as [CDP Job Seeker Extract Date]
		,'28/02/2"
"ESS/IEP/Snapshots/Temp/CDP_Job_Seeker_20210531.QVD","no-sql-select","[CDP_Job_Seeker]:
SQL

Select 

/* System dates */

		 JS.EXTRACT_DATE 					as [CDP Job Seeker Extract Date]
		,'28/02/2"
"ESS/IEP/Snapshots/Temp/CDP_Job_Seeker_20210630.QVD","no-sql-select","[CDP_Job_Seeker]:
SQL

Select 

/* System dates */

		 JS.EXTRACT_DATE 					as [CDP Job Seeker Extract Date]
		,'28/02/2"
"ESS/IEP/Snapshots/Temp/CDP_Job_Seeker_20210731.QVD","no-sql-select","[CDP_Job_Seeker]:
SQL

Select 

/* System dates */

		 JS.EXTRACT_DATE 					as [CDP Job Seeker Extract Date]
		,'28/02/2"
"ESS/IEP/Snapshots/Temp/CDP_Job_Seeker_20210831.QVD","no-sql-select","[CDP_Job_Seeker]:
SQL

Select 

/* System dates */

		 JS.EXTRACT_DATE 					as [CDP Job Seeker Extract Date]
		,'28/02/2"
"ESS/IEP/Snapshots/Temp/CDP_Job_Seeker_20210930.QVD","no-sql-select","[CDP_Job_Seeker]:
SQL

Select 

/* System dates */

		 JS.EXTRACT_DATE 					as [CDP Job Seeker Extract Date]
		,'28/02/2"
"ESS/IEP/Snapshots/Temp/CDP_Job_Seeker_20211130.QVD","no-sql-select","[CDP_Job_Seeker]:
SQL

Select 

/* System dates */

		 JS.EXTRACT_DATE 					as [CDP Job Seeker Extract Date]
		,'30/11/2"
"ESS/IEP/Snapshots/Temp/CDP_Job_Seeker_20211231.QVD","no-sql-select","[CDP_Job_Seeker]:
SQL

Select 

/* System dates */

		 JS.EXTRACT_DATE 					as [CDP Job Seeker Extract Date]
		,'31/12/2"
"ESS/IEP/Snapshots/Temp/CDP_Job_Seeker_20220131.QVD","no-sql-select","[CDP_Job_Seeker]:
SQL

Select 

/* System dates */

		 JS.EXTRACT_DATE 					as [CDP Job Seeker Extract Date]
		,'31/01/2"
"ESS/IEP/Snapshots/Temp/CDP_Job_Seeker_20220228.QVD","no-sql-select","[CDP_Job_Seeker]:
SQL

Select 

/* System dates */

		 JS.EXTRACT_DATE 					as [CDP Job Seeker Extract Date]
		,'28/02/2"
"ESS/IEP/Snapshots/Temp/CDP_Job_Seeker_20220331.QVD","no-sql-select","[CDP_Job_Seeker]:
SQL

Select 

/* System dates */

		 JS.EXTRACT_DATE 					as [CDP Job Seeker Extract Date]
		,'28/02/2"
"ESS/IEP/Snapshots/Temp/CDP_Job_Seeker_20220430.QVD","no-sql-select","[CDP_Job_Seeker]:
SQL

Select 

/* System dates */

		 JS.EXTRACT_DATE 					as [CDP Job Seeker Extract Date]
		,'28/02/2"
"ESS/IEP/Snapshots/Temp/CDP_Job_Seeker_20220531.QVD","no-sql-select","[CDP_Job_Seeker]:
SQL

Select 

/* System dates */

		 JS.EXTRACT_DATE 					as [CDP Job Seeker Extract Date]
		,'28/02/2"
"ESS/IEP/Snapshots/Temp/CDP_Job_Seeker_20220630.QVD","no-sql-select","[CDP_Job_Seeker]:
SQL

Select 

/* System dates */

		 JS.EXTRACT_DATE 					as [CDP Job Seeker Extract Date]
		,'28/02/2"
"ESS/IEP/Snapshots/Temp/CDP_Job_Seeker_20220731.QVD","no-sql-select","[CDP_Job_Seeker]:
SQL

Select 

/* System dates */

		 JS.EXTRACT_DATE 					as [CDP Job Seeker Extract Date]
		,'28/02/2"
"ESS/IEP/Snapshots/Temp/CDP_Job_Seeker_20220831.QVD","no-sql-select","[CDP_Job_Seeker]:
SQL

Select 

/* System dates */

		 JS.EXTRACT_DATE 					as [CDP Job Seeker Extract Date]
		,'28/02/2"
"ESS/IEP/Snapshots/Temp/CDP_Job_Seeker_20220930.QVD","no-sql-select","[CDP_Job_Seeker]:
SQL

Select 

/* System dates */

		 JS.EXTRACT_DATE 					as [CDP Job Seeker Extract Date]
		,'28/02/2"
"ESS/IEP/Snapshots/Temp/CDP_Job_Seeker_20221031.QVD","no-sql-select","[CDP_Job_Seeker]:
SQL

Select 

/* System dates */

		 JS.EXTRACT_DATE 					as [CDP Job Seeker Extract Date]
		,'28/02/2"
"ESS/IEP/Snapshots/Temp/CDP_Job_Seeker_20221130.QVD","no-sql-select","[CDP_Job_Seeker]:
SQL

Select 

/* System dates */

		 JS.EXTRACT_DATE 					as [CDP Job Seeker Extract Date]
		,'28/02/2"
"ESS/IEP/Snapshots/Temp/CDP_Job_Seeker_20221231.QVD","no-sql-select","[CDP_Job_Seeker]:
SQL

Select 

/* System dates */

		 JS.EXTRACT_DATE 					as [CDP Job Seeker Extract Date]
		,'28/02/2"
"ESS/IEP/Snapshots/Temp/CDP_Job_Seeker_20230131.QVD","no-sql-select","[CDP_Job_Seeker]:
SQL

Select 

/* System dates */

		 JS.EXTRACT_DATE 					as [CDP Job Seeker Extract Date]
		,'28/02/2"
"ESS/IEP/Snapshots/Temp/CDP_Job_Seeker_20230228.QVD","no-sql-select","[CDP_Job_Seeker]:
SQL

Select 

/* System dates */

		 JS.EXTRACT_DATE 					as [CDP Job Seeker Extract Date]
		,'28/02/2"
"ESS/IEP/Snapshots/Temp/CDP_Job_Seeker_20240331.QVD","from-no-dot","[CDP_Job_Seeker]:
SELECT DISTINCT
	JS.[EXTRACT_DATE]						as [CDP Job Seeker Extract Date]
	,'31/03/2024'						as [CDP J"
"ESS/IEP/Snapshots/Temp/CDP_Job_Seeker_20240430.QVD","from-no-dot","[CDP_Job_Seeker]:
SELECT DISTINCT
	JS.[EXTRACT_DATE]						as [CDP Job Seeker Extract Date]
	,'30/04/2024'						as [CDP J"
"ESS/IEP/Snapshots/Temp/CDP_Job_Seeker_20240531.QVD","from-no-dot","[CDP_Job_Seeker]:
SELECT DISTINCT
	JS.[EXTRACT_DATE]						as [CDP Job Seeker Extract Date]
	,'31/05/2024'						as [CDP J"
"ESS/IEP/Snapshots/Temp/CDP_Job_Seeker_20240630.QVD","from-no-dot","[CDP_Job_Seeker]:
SELECT DISTINCT
	JS.[EXTRACT_DATE]						as [CDP Job Seeker Extract Date]
	,'30/06/2024'						as [CDP J"
"ESS/IEP/Snapshots/Temp/CDP_Job_Seeker_20240731.QVD","from-no-dot","[CDP_Job_Seeker]:
SELECT DISTINCT
	JS.[EXTRACT_DATE]						as [CDP Job Seeker Extract Date]
	,'31/07/2024'						as [CDP J"
"ESS/IEP/Snapshots/Temp/CDP_Job_Seeker_20240831.QVD","from-no-dot","[CDP_Job_Seeker]:
SELECT DISTINCT
	JS.[EXTRACT_DATE]						as [CDP Job Seeker Extract Date]
	,'31/08/2024'						as [CDP J"
"ESS/IEP/Snapshots/Temp/CDP_Job_Seeker_20241031.QVD","from-no-dot","[CDP_Job_Seeker]:
SELECT DISTINCT
	JS.[EXTRACT_DATE]						as [CDP Job Seeker Extract Date]
	,'31/10/2024'						as [CDP J"
"ESS/IEP/Snapshots/Temp/CDP_Job_Seeker_20241130.QVD","from-no-dot","[CDP_Job_Seeker]:
SELECT DISTINCT
	JS.[EXTRACT_DATE]						as [CDP Job Seeker Extract Date]
	,'30/11/2024'						as [CDP J"
"ESS/IEP/Snapshots/Temp/CDP_Job_Seeker_20241231.QVD","from-no-dot","[CDP_Job_Seeker]:
SELECT DISTINCT
	JS.[EXTRACT_DATE]						as [CDP Job Seeker Extract Date]
	,'31/12/2024'						as [CDP J"
"ESS/IEP/Snapshots/Temp/CDP_Job_Seeker_20250131.QVD","from-no-dot","[CDP_Job_Seeker]:
SELECT DISTINCT
	JS.[EXTRACT_DATE]						as [CDP Job Seeker Extract Date]
	,'31/01/2025'						as [CDP J"
"ESS/IEP/Snapshots/Temp/CDP_Job_Seeker_20250228.QVD","from-no-dot","[CDP_Job_Seeker]:
SELECT DISTINCT
	JS.[EXTRACT_DATE]						as [CDP Job Seeker Extract Date]
	,'28/02/2025'						as [CDP J"
"ESS/IEP/Snapshots/Temp/CDP_Job_Seeker_20250331.QVD","from-no-dot","[CDP_Job_Seeker]:
SELECT DISTINCT
	JS.[EXTRACT_DATE]						as [CDP Job Seeker Extract Date]
	,'31/03/2025'						as [CDP J"
"ESS/IEP/Snapshots/Temp/CDP_Job_Seeker_20250430.QVD","from-no-dot","[CDP_Job_Seeker]:
SELECT DISTINCT
	JS.[EXTRACT_DATE]						as [CDP Job Seeker Extract Date]
	,'30/04/2025'						as [CDP J"
"ESS/IEP/Snapshots/Temp/CDP_Job_Seeker_20250531.QVD","from-no-dot","[CDP_Job_Seeker]:
SELECT DISTINCT
	JS.[EXTRACT_DATE]						as [CDP Job Seeker Extract Date]
	,'31/05/2025'						as [CDP J"
"ESS/IEP/Snapshots/Temp/CDP_Job_Seeker_20250630.QVD","from-no-dot","[CDP_Job_Seeker]:
SELECT DISTINCT
	JS.[EXTRACT_DATE]						as [CDP Job Seeker Extract Date]
	,'30/06/2025'						as [CDP J"
"ESS/IEP/Snapshots/Temp/CDP_Job_Seeker_20250731.QVD","from-no-dot","[CDP_Job_Seeker]:
SELECT DISTINCT
	JS.[EXTRACT_DATE]						as [CDP Job Seeker Extract Date]
	,'31/07/2025'						as [CDP J"
"ESS/IEP/Snapshots/Temp/CDP_Job_Seeker_20250831.QVD","from-no-dot","[CDP_Job_Seeker]:
SELECT DISTINCT
	JS.[EXTRACT_DATE]						as [CDP Job Seeker Extract Date]
	,'31/08/2025'						as [CDP J"
"ESS/IEP/Snapshots/Temp/CDP_Job_Seeker_20250930.QVD","from-no-dot","[CDP_Job_Seeker]:
SELECT DISTINCT
	JS.[EXTRACT_DATE]						as [CDP Job Seeker Extract Date]
	,'30/09/2025'						as [CDP J"
"ESS/IEP/Snapshots/Temp/CDP_Job_Seeker_20251231.QVD","from-no-dot","[CDP_Job_Seeker]:
SELECT DISTINCT
	JS.[EXTRACT_DATE]						as [CDP Job Seeker Extract Date]
	,'31/12/2025'						as [CDP J"
"ESS/IEP/Snapshots/Temp/CDP_Job_Seeker_20260228.QVD","from-no-dot","[CDP_Job_Seeker]:
SELECT DISTINCT
	JS.[EXTRACT_DATE]						as [CDP Job Seeker Extract Date]
	,'28/02/2026'						as [CDP J"
"ESS/IEP/Snapshots/Temp/CDP_Job_Seeker_20260430.QVD","from-no-dot","[CDP_Job_Seeker]:
SELECT DISTINCT
	JS.[EXTRACT_DATE]						as [CDP Job Seeker Extract Date]
	,'30/04/2026'						as [CDP J"
"ESS/IEP/Snapshots/Temp/CDP_Job_Seeker_20260531.QVD","from-no-dot","[CDP_Job_Seeker]:
SELECT DISTINCT
	JS.[EXTRACT_DATE]						as [CDP Job Seeker Extract Date]
	,'31/05/2026'						as [CDP J"
"ESS/IEP/Snapshots/Temp/CDP_Job_Seeker_20260630.QVD","from-no-dot","[CDP_Job_Seeker]:
SELECT DISTINCT
	JS.[EXTRACT_DATE]						as [CDP Job Seeker Extract Date]
	,'30/06/2026'						as [CDP J"
"ESS/IEP/Snapshots/Temp/IEP_Activity.QVD","no-sql-select","[IEP_Activity]:
SQL
SELECT DISTINCT
    CONVERT(VARCHAR,P.ProjectId) + '|'
    + '20/11/2022'							AS [IEP Activity Key"
"ESS/IEP/Snapshots/Temp/IEP_Activity_20200930.QVD","no-sql-select","[IEP_Activity]:
SQL
SELECT DISTINCT
    CONVERT(VARCHAR,P.ProjectId) + '|'
    + '30/09/2020'							AS [IEP Activity Key"
"ESS/IEP/Snapshots/Temp/IEP_Activity_20201031.QVD","no-sql-select","[IEP_Activity]:
SQL
SELECT DISTINCT
    CONVERT(VARCHAR,P.ProjectId) + '|'
    + '30/09/2020'							AS [IEP Activity Key"
"ESS/IEP/Snapshots/Temp/IEP_Activity_20201130.QVD","no-sql-select","[IEP_Activity]:
SQL
SELECT DISTINCT
    CONVERT(VARCHAR,P.ProjectId) + '|'
    + '30/09/2020'							AS [IEP Activity Key"
"ESS/IEP/Snapshots/Temp/IEP_Activity_20211130.QVD","no-sql-select","[IEP_Activity]:
SQL
SELECT DISTINCT
    CONVERT(VARCHAR,P.ProjectId) + '|'
    + '30/11/2021'							AS [IEP Activity Key"
"ESS/IEP/Snapshots/Temp/IEP_Activity_20211231.QVD","no-sql-select","[IEP_Activity]:
SQL
SELECT DISTINCT
    CONVERT(VARCHAR,P.ProjectId) + '|'
    + '31/12/2021'							AS [IEP Activity Key"
"ESS/IEP/Snapshots/Temp/IEP_Activity_20220131.QVD","no-sql-select","[IEP_Activity]:
SQL
SELECT DISTINCT
    CONVERT(VARCHAR,P.ProjectId) + '|'
    + '31/01/2022'							AS [IEP Activity Key"
"ESS/IEP/Snapshots/Temp/IEP_Activity_20220228.QVD","no-sql-select","[IEP_Activity]:
SQL
SELECT DISTINCT
    CONVERT(VARCHAR,P.ProjectId) + '|'
    + '28/02/2022'							AS [IEP Activity Key"
"ESS/IEP/Snapshots/Temp/IEP_Activity_20220331.QVD","no-sql-select","[IEP_Activity]:
SQL
SELECT DISTINCT
    CONVERT(VARCHAR,P.ProjectId) + '|'
    + '28/02/2022'							AS [IEP Activity Key"
"ESS/IEP/Snapshots/Temp/IEP_Activity_20220430.QVD","no-sql-select","[IEP_Activity]:
SQL
SELECT DISTINCT
    CONVERT(VARCHAR,P.ProjectId) + '|'
    + '28/02/2022'							AS [IEP Activity Key"
"ESS/IEP/Snapshots/Temp/IEP_Activity_20240331.QVD","no-sql-select","[IEP_Activity]:
SQL
SELECT DISTINCT
CONVERT(VARCHAR,P.ProjectId) + '|'
+ '31/03/2024'									AS [IEP Activity Key],
'31"
"ESS/IEP/Snapshots/Temp/IEP_Activity_20240430.QVD","no-sql-select","[IEP_Activity]:
SQL
SELECT DISTINCT
CONVERT(VARCHAR,P.ProjectId) + '|'
+ '30/04/2024'									AS [IEP Activity Key],
'30"
"ESS/IEP/Snapshots/Temp/IEP_Activity_20240531.QVD","no-sql-select","[IEP_Activity]:
SQL
SELECT DISTINCT
CONVERT(VARCHAR,P.ProjectId) + '|'
+ '31/05/2024'									AS [IEP Activity Key],
'31"
"ESS/IEP/Snapshots/Temp/IEP_Activity_20240630.QVD","no-sql-select","[IEP_Activity]:
SQL
SELECT DISTINCT
CONVERT(VARCHAR,P.ProjectId) + '|'
+ '30/06/2024'									AS [IEP Activity Key],
'30"
"ESS/IEP/Snapshots/Temp/IEP_Activity_20240731.QVD","no-sql-select","[IEP_Activity]:
SQL
SELECT DISTINCT
CONVERT(VARCHAR,P.ProjectId) + '|'
+ '31/07/2024'									AS [IEP Activity Key],
'31"
"ESS/IEP/Snapshots/Temp/IEP_Activity_20240831.QVD","no-sql-select","[IEP_Activity]:
SQL
SELECT DISTINCT
CONVERT(VARCHAR,P.ProjectId) + '|'
+ '31/08/2024'									AS [IEP Activity Key],
'31"
"ESS/IEP/Snapshots/Temp/IEP_Activity_20241031.QVD","no-sql-select","[IEP_Activity]:
SQL
SELECT DISTINCT
CONVERT(VARCHAR,P.ProjectId) + '|'
+ '31/10/2024'									AS [IEP Activity Key],
'31"
"ESS/IEP/Snapshots/Temp/IEP_Activity_20241130.QVD","no-sql-select","[IEP_Activity]:
SQL
SELECT DISTINCT
CONVERT(VARCHAR,P.ProjectId) + '|'
+ '30/11/2024'									AS [IEP Activity Key],
'30"
"ESS/IEP/Snapshots/Temp/IEP_Activity_20241231.QVD","no-sql-select","[IEP_Activity]:
SQL
SELECT DISTINCT
CONVERT(VARCHAR,P.ProjectId) + '|'
+ '31/12/2024'									AS [IEP Activity Key],
'31"
"ESS/IEP/Snapshots/Temp/IEP_Activity_20250131.QVD","no-sql-select","[IEP_Activity]:
SQL
SELECT DISTINCT
CONVERT(VARCHAR,P.ProjectId) + '|'
+ '31/01/2025'									AS [IEP Activity Key],
'31"
"ESS/IEP/Snapshots/Temp/IEP_Activity_20250228.QVD","no-sql-select","[IEP_Activity]:
SQL
SELECT DISTINCT
CONVERT(VARCHAR,P.ProjectId) + '|'
+ '28/02/2025'									AS [IEP Activity Key],
'28"
"ESS/IEP/Snapshots/Temp/IEP_Activity_20250331.QVD","no-sql-select","[IEP_Activity]:
SQL
SELECT DISTINCT
CONVERT(VARCHAR,P.ProjectId) + '|'
+ '31/03/2025'									AS [IEP Activity Key],
'31"
"ESS/IEP/Snapshots/Temp/IEP_Activity_20250430.QVD","no-sql-select","[IEP_Activity]:
SQL
SELECT DISTINCT
CONVERT(VARCHAR,P.ProjectId) + '|'
+ '30/04/2025'									AS [IEP Activity Key],
'30"
"ESS/IEP/Snapshots/Temp/IEP_Activity_20250531.QVD","no-sql-select","[IEP_Activity]:
SQL
SELECT DISTINCT
CONVERT(VARCHAR,P.ProjectId) + '|'
+ '31/05/2025'									AS [IEP Activity Key],
'31"
"ESS/IEP/Snapshots/Temp/IEP_Activity_20250630.QVD","no-sql-select","[IEP_Activity]:
SQL
SELECT DISTINCT
CONVERT(VARCHAR,P.ProjectId) + '|'
+ '30/06/2025'									AS [IEP Activity Key],
'30"
"ESS/IEP/Snapshots/Temp/IEP_Activity_20250731.QVD","no-sql-select","[IEP_Activity]:
SQL
SELECT DISTINCT
CONVERT(VARCHAR,P.ProjectId) + '|'
+ '31/07/2025'									AS [IEP Activity Key],
'31"
"ESS/IEP/Snapshots/Temp/IEP_Activity_20250831.QVD","no-sql-select","[IEP_Activity]:
SQL
SELECT DISTINCT
CONVERT(VARCHAR,P.ProjectId) + '|'
+ '31/08/2025'									AS [IEP Activity Key],
'31"
"ESS/IEP/Snapshots/Temp/IEP_Activity_20250930.QVD","no-sql-select","[IEP_Activity]:
SQL
SELECT DISTINCT
CONVERT(VARCHAR,P.ProjectId) + '|'
+ '30/09/2025'									AS [IEP Activity Key],
'30"
"ESS/IEP/Snapshots/Temp/IEP_Activity_20251231.QVD","no-sql-select","[IEP_Activity]:
SQL
SELECT DISTINCT
CONVERT(VARCHAR,P.ProjectId) + '|'
+ '31/12/2025'									AS [IEP Activity Key],
'31"
"ESS/IEP/Snapshots/Temp/IEP_Activity_20260228.QVD","no-sql-select","[IEP_Activity]:
SQL
SELECT DISTINCT
CONVERT(VARCHAR,P.ProjectId) + '|'
+ '28/02/2026'									AS [IEP Activity Key],
'28"
"ESS/IEP/Snapshots/Temp/IEP_Activity_20260430.QVD","no-sql-select","[IEP_Activity]:
SQL
SELECT DISTINCT
CONVERT(VARCHAR,P.ProjectId) + '|'
+ '30/04/2026'									AS [IEP Activity Key],
'30"
"ESS/IEP/Snapshots/Temp/IEP_Activity_20260531.QVD","no-sql-select","[IEP_Activity]:
SQL
SELECT DISTINCT
CONVERT(VARCHAR,P.ProjectId) + '|'
+ '31/05/2026'									AS [IEP Activity Key],
'31"
"ESS/IEP/Snapshots/Temp/IEP_Activity_20260630.QVD","no-sql-select","[IEP_Activity]:
SQL
SELECT DISTINCT
CONVERT(VARCHAR,P.ProjectId) + '|'
+ '30/06/2026'									AS [IEP Activity Key],
'30"
"ESS/IEP/Snapshots/Temp/IEP_Activity_Contact.QVD","from-no-dot","[IEP_Activity_Contact]:
SELECT DISTINCT  -- A PROVIDER CAN HAVE MULTIPLE PROJECTS. HERE WE ARE CAPTURING ONLY PROVIDER I"
"ESS/IEP/Snapshots/Temp/IEP_Activity_Contact_20200930.QVD","from-no-dot","[IEP_Activity_Contact]:
SELECT DISTINCT  -- A PROVIDER CAN HAVE MULTIPLE PROJECTS. HERE WE ARE CAPTURING ONLY PROVIDER I"
"ESS/IEP/Snapshots/Temp/IEP_Activity_Contact_20201031.QVD","from-no-dot","[IEP_Activity_Contact]:
SELECT DISTINCT  -- A PROVIDER CAN HAVE MULTIPLE PROJECTS. HERE WE ARE CAPTURING ONLY PROVIDER I"
"ESS/IEP/Snapshots/Temp/IEP_Activity_Contact_20201130.QVD","from-no-dot","[IEP_Activity_Contact]:
SELECT DISTINCT  -- A PROVIDER CAN HAVE MULTIPLE PROJECTS. HERE WE ARE CAPTURING ONLY PROVIDER I"
"ESS/IEP/Snapshots/Temp/IEP_Activity_Contact_20201231.QVD","from-no-dot","[IEP_Activity_Contact]:
SELECT DISTINCT  -- A PROVIDER CAN HAVE MULTIPLE PROJECTS. HERE WE ARE CAPTURING ONLY PROVIDER I"
"ESS/IEP/Snapshots/Temp/IEP_Activity_Contact_20210131.QVD","from-no-dot","[IEP_Activity_Contact]:
SELECT DISTINCT  -- A PROVIDER CAN HAVE MULTIPLE PROJECTS. HERE WE ARE CAPTURING ONLY PROVIDER I"
"ESS/IEP/Snapshots/Temp/IEP_Activity_Contact_20210228.QVD","from-no-dot","[IEP_Activity_Contact]:
SELECT DISTINCT  -- A PROVIDER CAN HAVE MULTIPLE PROJECTS. HERE WE ARE CAPTURING ONLY PROVIDER I"
"ESS/IEP/Snapshots/Temp/IEP_Activity_Contact_20210331.QVD","from-no-dot","[IEP_Activity_Contact]:
SELECT DISTINCT  -- A PROVIDER CAN HAVE MULTIPLE PROJECTS. HERE WE ARE CAPTURING ONLY PROVIDER I"
"ESS/IEP/Snapshots/Temp/IEP_Activity_Contact_20210430.QVD","from-no-dot","[IEP_Activity_Contact]:
SELECT DISTINCT  -- A PROVIDER CAN HAVE MULTIPLE PROJECTS. HERE WE ARE CAPTURING ONLY PROVIDER I"
"ESS/IEP/Snapshots/Temp/IEP_Activity_Contact_20210531.QVD","from-no-dot","[IEP_Activity_Contact]:
SELECT DISTINCT  -- A PROVIDER CAN HAVE MULTIPLE PROJECTS. HERE WE ARE CAPTURING ONLY PROVIDER I"
"ESS/IEP/Snapshots/Temp/IEP_Activity_Contact_20210630.QVD","from-no-dot","[IEP_Activity_Contact]:
SELECT DISTINCT  -- A PROVIDER CAN HAVE MULTIPLE PROJECTS. HERE WE ARE CAPTURING ONLY PROVIDER I"
"ESS/IEP/Snapshots/Temp/IEP_Activity_Contact_20210731.QVD","from-no-dot","[IEP_Activity_Contact]:
SELECT DISTINCT  -- A PROVIDER CAN HAVE MULTIPLE PROJECTS. HERE WE ARE CAPTURING ONLY PROVIDER I"
"ESS/IEP/Snapshots/Temp/IEP_Activity_Contact_20210831.QVD","from-no-dot","[IEP_Activity_Contact]:
SELECT DISTINCT  -- A PROVIDER CAN HAVE MULTIPLE PROJECTS. HERE WE ARE CAPTURING ONLY PROVIDER I"
"ESS/IEP/Snapshots/Temp/IEP_Activity_Contact_20210930.QVD","from-no-dot","[IEP_Activity_Contact]:
SELECT DISTINCT  -- A PROVIDER CAN HAVE MULTIPLE PROJECTS. HERE WE ARE CAPTURING ONLY PROVIDER I"
"ESS/IEP/Snapshots/Temp/IEP_Activity_Contact_20211031.QVD","from-no-dot","[IEP_Activity_Contact]:
SELECT DISTINCT  -- A PROVIDER CAN HAVE MULTIPLE PROJECTS. HERE WE ARE CAPTURING ONLY PROVIDER I"
"ESS/IEP/Snapshots/Temp/IEP_Activity_Contact_20211130.QVD","from-no-dot","[IEP_Activity_Contact]:
SELECT DISTINCT  -- A PROVIDER CAN HAVE MULTIPLE PROJECTS. HERE WE ARE CAPTURING ONLY PROVIDER I"
"ESS/IEP/Snapshots/Temp/IEP_Activity_Contact_20211231.QVD","from-no-dot","[IEP_Activity_Contact]:
SELECT DISTINCT  -- A PROVIDER CAN HAVE MULTIPLE PROJECTS. HERE WE ARE CAPTURING ONLY PROVIDER I"
"ESS/IEP/Snapshots/Temp/IEP_Activity_Contact_20220131.QVD","from-no-dot","[IEP_Activity_Contact]:
SELECT DISTINCT  -- A PROVIDER CAN HAVE MULTIPLE PROJECTS. HERE WE ARE CAPTURING ONLY PROVIDER I"
"ESS/IEP/Snapshots/Temp/IEP_Activity_Contact_20220228.QVD","from-no-dot","[IEP_Activity_Contact]:
SELECT DISTINCT  -- A PROVIDER CAN HAVE MULTIPLE PROJECTS. HERE WE ARE CAPTURING ONLY PROVIDER I"
"ESS/IEP/Snapshots/Temp/IEP_Activity_Contact_20220331.QVD","from-no-dot","[IEP_Activity_Contact]:
SELECT DISTINCT  -- A PROVIDER CAN HAVE MULTIPLE PROJECTS. HERE WE ARE CAPTURING ONLY PROVIDER I"
"ESS/IEP/Snapshots/Temp/IEP_Activity_Contact_20220430.QVD","from-no-dot","[IEP_Activity_Contact]:
SELECT DISTINCT  -- A PROVIDER CAN HAVE MULTIPLE PROJECTS. HERE WE ARE CAPTURING ONLY PROVIDER I"
"ESS/IEP/Snapshots/Temp/IEP_Activity_Contact_20220531.QVD","from-no-dot","[IEP_Activity_Contact]:
SELECT DISTINCT  -- A PROVIDER CAN HAVE MULTIPLE PROJECTS. HERE WE ARE CAPTURING ONLY PROVIDER I"
"ESS/IEP/Snapshots/Temp/IEP_Activity_Contact_20220630.QVD","from-no-dot","[IEP_Activity_Contact]:
SELECT DISTINCT  -- A PROVIDER CAN HAVE MULTIPLE PROJECTS. HERE WE ARE CAPTURING ONLY PROVIDER I"
"ESS/IEP/Snapshots/Temp/IEP_Activity_Contact_20220731.QVD","from-no-dot","[IEP_Activity_Contact]:
SELECT DISTINCT  -- A PROVIDER CAN HAVE MULTIPLE PROJECTS. HERE WE ARE CAPTURING ONLY PROVIDER I"
"ESS/IEP/Snapshots/Temp/IEP_Activity_Contact_20220831.QVD","from-no-dot","[IEP_Activity_Contact]:
SELECT DISTINCT  -- A PROVIDER CAN HAVE MULTIPLE PROJECTS. HERE WE ARE CAPTURING ONLY PROVIDER I"
"ESS/IEP/Snapshots/Temp/IEP_Activity_Contact_20220930.QVD","from-no-dot","[IEP_Activity_Contact]:
SELECT DISTINCT  -- A PROVIDER CAN HAVE MULTIPLE PROJECTS. HERE WE ARE CAPTURING ONLY PROVIDER I"
"ESS/IEP/Snapshots/Temp/IEP_Activity_Contact_20221031.QVD","from-no-dot","[IEP_Activity_Contact]:
SELECT DISTINCT  -- A PROVIDER CAN HAVE MULTIPLE PROJECTS. HERE WE ARE CAPTURING ONLY PROVIDER I"
"ESS/IEP/Snapshots/Temp/IEP_Activity_Contact_20221130.QVD","from-no-dot","[IEP_Activity_Contact]:
SELECT DISTINCT  -- A PROVIDER CAN HAVE MULTIPLE PROJECTS. HERE WE ARE CAPTURING ONLY PROVIDER I"
"ESS/IEP/Snapshots/Temp/IEP_Activity_Contact_20221231.QVD","from-no-dot","[IEP_Activity_Contact]:
SELECT DISTINCT  -- A PROVIDER CAN HAVE MULTIPLE PROJECTS. HERE WE ARE CAPTURING ONLY PROVIDER I"
"ESS/IEP/Snapshots/Temp/IEP_Activity_Contact_20230131.QVD","from-no-dot","[IEP_Activity_Contact]:
SELECT DISTINCT  -- A PROVIDER CAN HAVE MULTIPLE PROJECTS. HERE WE ARE CAPTURING ONLY PROVIDER I"
"ESS/IEP/Snapshots/Temp/IEP_Activity_Contact_20230228.QVD","from-no-dot","[IEP_Activity_Contact]:
SELECT DISTINCT  -- A PROVIDER CAN HAVE MULTIPLE PROJECTS. HERE WE ARE CAPTURING ONLY PROVIDER I"
"ESS/IEP/Snapshots/Temp/IEP_Activity_Contact_20230331.QVD","from-no-dot","[IEP_Activity_Contact]:
SELECT DISTINCT  -- A PROVIDER CAN HAVE MULTIPLE PROJECTS. HERE WE ARE CAPTURING ONLY PROVIDER I"
"ESS/IEP/Snapshots/Temp/IEP_Activity_Contact_20230430.QVD","from-no-dot","[IEP_Activity_Contact]:
SELECT DISTINCT  -- A PROVIDER CAN HAVE MULTIPLE PROJECTS. HERE WE ARE CAPTURING ONLY PROVIDER I"
"ESS/IEP/Snapshots/Temp/IEP_Activity_Contact_20230531.QVD","from-no-dot","[IEP_Activity_Contact]:
SELECT DISTINCT  -- A PROVIDER CAN HAVE MULTIPLE PROJECTS. HERE WE ARE CAPTURING ONLY PROVIDER I"
"ESS/IEP/Snapshots/Temp/IEP_Activity_Contact_20230630.QVD","from-no-dot","[IEP_Activity_Contact]:
SELECT DISTINCT  -- A PROVIDER CAN HAVE MULTIPLE PROJECTS. HERE WE ARE CAPTURING ONLY PROVIDER I"
"ESS/IEP/Snapshots/Temp/IEP_Activity_Contact_20230731.QVD","from-no-dot","[IEP_Activity_Contact]:
SELECT DISTINCT  -- A PROVIDER CAN HAVE MULTIPLE PROJECTS. HERE WE ARE CAPTURING ONLY PROVIDER I"
"ESS/IEP/Snapshots/Temp/IEP_Activity_Contact_20230831.QVD","from-no-dot","[IEP_Activity_Contact]:
SELECT DISTINCT  -- A PROVIDER CAN HAVE MULTIPLE PROJECTS. HERE WE ARE CAPTURING ONLY PROVIDER I"
"ESS/IEP/Snapshots/Temp/IEP_Activity_Contact_20230930.QVD","from-no-dot","[IEP_Activity_Contact]:
SELECT DISTINCT  -- A PROVIDER CAN HAVE MULTIPLE PROJECTS. HERE WE ARE CAPTURING ONLY PROVIDER I"
"ESS/IEP/Snapshots/Temp/IEP_Activity_Contact_20231031.QVD","from-no-dot","[IEP_Activity_Contact]:
SELECT DISTINCT  -- A PROVIDER CAN HAVE MULTIPLE PROJECTS. HERE WE ARE CAPTURING ONLY PROVIDER I"
"ESS/IEP/Snapshots/Temp/IEP_Activity_Contact_20231130.QVD","from-no-dot","[IEP_Activity_Contact]:
SELECT DISTINCT  -- A PROVIDER CAN HAVE MULTIPLE PROJECTS. HERE WE ARE CAPTURING ONLY PROVIDER I"
"ESS/IEP/Snapshots/Temp/IEP_Activity_Contact_20231231.QVD","from-no-dot","[IEP_Activity_Contact]:
SELECT DISTINCT  -- A PROVIDER CAN HAVE MULTIPLE PROJECTS. HERE WE ARE CAPTURING ONLY PROVIDER I"
"ESS/IEP/Snapshots/Temp/IEP_Activity_Contact_20240131.QVD","from-no-dot","[IEP_Activity_Contact]:
SELECT DISTINCT  -- A PROVIDER CAN HAVE MULTIPLE PROJECTS. HERE WE ARE CAPTURING ONLY PROVIDER I"
"ESS/IEP/Snapshots/Temp/IEP_Activity_Contact_20240229.QVD","from-no-dot","[IEP_Activity_Contact]:
SELECT DISTINCT  -- A PROVIDER CAN HAVE MULTIPLE PROJECTS. HERE WE ARE CAPTURING ONLY PROVIDER I"
"ESS/IEP/Snapshots/Temp/IEP_Activity_Contact_20240331.QVD","no-sql-select","[IEP_Activity_Contact]:
	SQL
	SELECT DISTINCT
		CONVERT(VARCHAR,CNTCT.ProjectId) + '|'
			+ '31/03/2024'										AS [IE"
"ESS/IEP/Snapshots/Temp/IEP_Activity_Contact_20240430.QVD","no-sql-select","[IEP_Activity_Contact]:
	SQL
	SELECT DISTINCT
		CONVERT(VARCHAR,CNTCT.ProjectId) + '|'
			+ '30/04/2024'										AS [IE"
"ESS/IEP/Snapshots/Temp/IEP_Activity_Contact_20240531.QVD","no-sql-select","[IEP_Activity_Contact]:
	SQL
	SELECT DISTINCT
		CONVERT(VARCHAR,CNTCT.ProjectId) + '|'
			+ '31/05/2024'										AS [IE"
"ESS/IEP/Snapshots/Temp/IEP_Activity_Contact_20240630.QVD","no-sql-select","[IEP_Activity_Contact]:
	SQL
	SELECT DISTINCT
		CONVERT(VARCHAR,CNTCT.ProjectId) + '|'
			+ '30/06/2024'										AS [IE"
"ESS/IEP/Snapshots/Temp/IEP_Activity_Contact_20240731.QVD","no-sql-select","[IEP_Activity_Contact]:
	SQL
	SELECT DISTINCT
		CONVERT(VARCHAR,CNTCT.ProjectId) + '|'
			+ '31/07/2024'										AS [IE"
"ESS/IEP/Snapshots/Temp/IEP_Activity_Contact_20240831.QVD","no-sql-select","[IEP_Activity_Contact]:
	SQL
	SELECT DISTINCT
		CONVERT(VARCHAR,CNTCT.ProjectId) + '|'
			+ '31/08/2024'										AS [IE"
"ESS/IEP/Snapshots/Temp/IEP_Activity_Contact_20241031.QVD","no-sql-select","[IEP_Activity_Contact]:
	SQL
	SELECT DISTINCT
		CONVERT(VARCHAR,CNTCT.ProjectId) + '|'
			+ '31/10/2024'										AS [IE"
"ESS/IEP/Snapshots/Temp/IEP_Activity_Contact_20241130.QVD","no-sql-select","[IEP_Activity_Contact]:
	SQL
	SELECT DISTINCT
		CONVERT(VARCHAR,CNTCT.ProjectId) + '|'
			+ '30/11/2024'										AS [IE"
"ESS/IEP/Snapshots/Temp/IEP_Activity_Contact_20241231.QVD","no-sql-select","[IEP_Activity_Contact]:
	SQL
	SELECT DISTINCT
		CONVERT(VARCHAR,CNTCT.ProjectId) + '|'
			+ '31/12/2024'										AS [IE"
"ESS/IEP/Snapshots/Temp/IEP_Activity_Contact_20250131.QVD","no-sql-select","[IEP_Activity_Contact]:
	SQL
	SELECT DISTINCT
		CONVERT(VARCHAR,CNTCT.ProjectId) + '|'
			+ '31/01/2025'										AS [IE"
"ESS/IEP/Snapshots/Temp/IEP_Activity_Contact_20250228.QVD","no-sql-select","[IEP_Activity_Contact]:
	SQL
	SELECT DISTINCT
		CONVERT(VARCHAR,CNTCT.ProjectId) + '|'
			+ '28/02/2025'										AS [IE"
"ESS/IEP/Snapshots/Temp/IEP_Activity_Contact_20250331.QVD","no-sql-select","[IEP_Activity_Contact]:
	SQL
	SELECT DISTINCT
		CONVERT(VARCHAR,CNTCT.ProjectId) + '|'
			+ '31/03/2025'										AS [IE"
"ESS/IEP/Snapshots/Temp/IEP_Activity_Contact_20250430.QVD","no-sql-select","[IEP_Activity_Contact]:
	SQL
	SELECT DISTINCT
		CONVERT(VARCHAR,CNTCT.ProjectId) + '|'
			+ '30/04/2025'										AS [IE"
"ESS/IEP/Snapshots/Temp/IEP_Activity_Contact_20250531.QVD","no-sql-select","[IEP_Activity_Contact]:
	SQL
	SELECT DISTINCT
		CONVERT(VARCHAR,CNTCT.ProjectId) + '|'
			+ '31/05/2025'										AS [IE"
"ESS/IEP/Snapshots/Temp/IEP_Activity_Contact_20250630.QVD","no-sql-select","[IEP_Activity_Contact]:
	SQL
	SELECT DISTINCT
		CONVERT(VARCHAR,CNTCT.ProjectId) + '|'
			+ '30/06/2025'										AS [IE"
"ESS/IEP/Snapshots/Temp/IEP_Activity_Contact_20250731.QVD","no-sql-select","[IEP_Activity_Contact]:
	SQL
	SELECT DISTINCT
		CONVERT(VARCHAR,CNTCT.ProjectId) + '|'
			+ '31/07/2025'										AS [IE"
"ESS/IEP/Snapshots/Temp/IEP_Activity_Contact_20250831.QVD","no-sql-select","[IEP_Activity_Contact]:
	SQL
	SELECT DISTINCT
		CONVERT(VARCHAR,CNTCT.ProjectId) + '|'
			+ '31/08/2025'										AS [IE"
"ESS/IEP/Snapshots/Temp/IEP_Activity_Contact_20250930.QVD","no-sql-select","[IEP_Activity_Contact]:
	SQL
	SELECT DISTINCT
		CONVERT(VARCHAR,CNTCT.ProjectId) + '|'
			+ '30/09/2025'										AS [IE"
"ESS/IEP/Snapshots/Temp/IEP_Activity_Contact_20251231.QVD","no-sql-select","[IEP_Activity_Contact]:
	SQL
	SELECT DISTINCT
		CONVERT(VARCHAR,CNTCT.ProjectId) + '|'
			+ '31/12/2025'										AS [IE"
"ESS/IEP/Snapshots/Temp/IEP_Activity_Contact_20260228.QVD","no-sql-select","[IEP_Activity_Contact]:
	SQL
	SELECT DISTINCT
		CONVERT(VARCHAR,CNTCT.ProjectId) + '|'
			+ '28/02/2026'										AS [IE"
"ESS/IEP/Snapshots/Temp/IEP_Activity_Contact_20260430.QVD","no-sql-select","[IEP_Activity_Contact]:
	SQL
	SELECT DISTINCT
		CONVERT(VARCHAR,CNTCT.ProjectId) + '|'
			+ '30/04/2026'										AS [IE"
"ESS/IEP/Snapshots/Temp/IEP_Activity_Contact_20260531.QVD","no-sql-select","[IEP_Activity_Contact]:
	SQL
	SELECT DISTINCT
		CONVERT(VARCHAR,CNTCT.ProjectId) + '|'
			+ '31/05/2026'										AS [IE"
"ESS/IEP/Snapshots/Temp/IEP_Activity_Contact_20260630.QVD","no-sql-select","[IEP_Activity_Contact]:
	SQL
	SELECT DISTINCT
		CONVERT(VARCHAR,CNTCT.ProjectId) + '|'
			+ '30/06/2026'										AS [IE"
"ESS/IEP/Snapshots/Temp/IEP_Activity_Expenditure.QVD","no-sql-select","[IEP_Activity_Expenditure]:
SQL
SELECT
	[IEP Activity Key],
	[IEP Activity Snapshot Date],
	[IEP Activity Extract Date],"
"ESS/IEP/Snapshots/Temp/IEP_Activity_Expenditure_20200930.QVD","no-sql-select","[IEP_Activity_Expenditure]:
SQL
SELECT
	[IEP Activity Key],
	[IEP Activity Snapshot Date],
	[IEP Activity Extract Date],"
"ESS/IEP/Snapshots/Temp/IEP_Activity_Expenditure_20201031.QVD","no-sql-select","[IEP_Activity_Expenditure]:
SQL
SELECT
	[IEP Activity Key],
	[IEP Activity Snapshot Date],
	[IEP Activity Extract Date],"
"ESS/IEP/Snapshots/Temp/IEP_Activity_Expenditure_20201130.QVD","no-sql-select","[IEP_Activity_Expenditure]:
SQL
SELECT
	[IEP Activity Key],
	[IEP Activity Snapshot Date],
	[IEP Activity Extract Date],"
"ESS/IEP/Snapshots/Temp/IEP_Activity_Expenditure_20201231.QVD","no-sql-select","[IEP_Activity_Expenditure]:
SQL
SELECT
	[IEP Activity Key],
	[IEP Activity Snapshot Date],
	[IEP Activity Extract Date],"
"ESS/IEP/Snapshots/Temp/IEP_Activity_Expenditure_20210131.QVD","no-sql-select","[IEP_Activity_Expenditure]:
SQL
SELECT
	[IEP Activity Key],
	[IEP Activity Snapshot Date],
	[IEP Activity Extract Date],"
"ESS/IEP/Snapshots/Temp/IEP_Activity_Expenditure_20210228.QVD","no-sql-select","[IEP_Activity_Expenditure]:
SQL
SELECT
	[IEP Activity Key],
	[IEP Activity Snapshot Date],
	[IEP Activity Extract Date],"
"ESS/IEP/Snapshots/Temp/IEP_Activity_Expenditure_20210331.QVD","no-sql-select","[IEP_Activity_Expenditure]:
SQL
SELECT
	[IEP Activity Key],
	[IEP Activity Snapshot Date],
	[IEP Activity Extract Date],"
"ESS/IEP/Snapshots/Temp/IEP_Activity_Expenditure_20210430.QVD","no-sql-select","[IEP_Activity_Expenditure]:
SQL
SELECT
	[IEP Activity Key],
	[IEP Activity Snapshot Date],
	[IEP Activity Extract Date],"
"ESS/IEP/Snapshots/Temp/IEP_Activity_Expenditure_20210531.QVD","no-sql-select","[IEP_Activity_Expenditure]:
SQL
SELECT
	[IEP Activity Key],
	[IEP Activity Snapshot Date],
	[IEP Activity Extract Date],"
"ESS/IEP/Snapshots/Temp/IEP_Activity_Expenditure_20210630.QVD","no-sql-select","[IEP_Activity_Expenditure]:
SQL
SELECT
	[IEP Activity Key],
	[IEP Activity Snapshot Date],
	[IEP Activity Extract Date],"
"ESS/IEP/Snapshots/Temp/IEP_Activity_Expenditure_20211130.QVD","no-sql-select","[IEP_Activity_Expenditure]:
SQL
SELECT
	[IEP Activity Key],
	[IEP Activity Snapshot Date],
	[IEP Activity Extract Date],"
"ESS/IEP/Snapshots/Temp/IEP_Activity_Expenditure_20211201.QVD","no-sql-select","[IEP_Activity_Expenditure]:
SQL
SELECT
	[IEP Activity Key],
	[IEP Activity Snapshot Date],
	[IEP Activity Extract Date],"
"ESS/IEP/Snapshots/Temp/IEP_Activity_Expenditure_20211231.QVD","no-sql-select","[IEP_Activity_Expenditure]:
SQL
SELECT
	[IEP Activity Key],
	[IEP Activity Snapshot Date],
	[IEP Activity Extract Date],"
"ESS/IEP/Snapshots/Temp/IEP_Activity_Expenditure_20220131.QVD","no-sql-select","[IEP_Activity_Expenditure]:
SQL
SELECT
	[IEP Activity Key],
	[IEP Activity Snapshot Date],
	[IEP Activity Extract Date],"
"ESS/IEP/Snapshots/Temp/IEP_Activity_Expenditure_20220228.QVD","no-sql-select","[IEP_Activity_Expenditure]:
SQL
SELECT
	[IEP Activity Key],
	[IEP Activity Snapshot Date],
	[IEP Activity Extract Date],"
"ESS/IEP/Snapshots/Temp/IEP_Activity_Expenditure_20220331.QVD","no-sql-select","[IEP_Activity_Expenditure]:
SQL
SELECT
	[IEP Activity Key],
	[IEP Activity Snapshot Date],
	[IEP Activity Extract Date],"
"ESS/IEP/Snapshots/Temp/IEP_Activity_Expenditure_20220430.QVD","no-sql-select","[IEP_Activity_Expenditure]:
SQL
SELECT
	[IEP Activity Key],
	[IEP Activity Snapshot Date],
	[IEP Activity Extract Date],"
"ESS/IEP/Snapshots/Temp/IEP_Activity_Expenditure_20220531.QVD","no-sql-select","[IEP_Activity_Expenditure]:
SQL
SELECT
	[IEP Activity Key],
	[IEP Activity Snapshot Date],
	[IEP Activity Extract Date],"
"ESS/IEP/Snapshots/Temp/IEP_Activity_Expenditure_20220630.QVD","no-sql-select","[IEP_Activity_Expenditure]:
SQL
SELECT
	[IEP Activity Key],
	[IEP Activity Snapshot Date],
	[IEP Activity Extract Date],"
"ESS/IEP/Snapshots/Temp/IEP_Activity_Expenditure_20220731.QVD","no-sql-select","[IEP_Activity_Expenditure]:
SQL
SELECT
	[IEP Activity Key],
	[IEP Activity Snapshot Date],
	[IEP Activity Extract Date],"
"ESS/IEP/Snapshots/Temp/IEP_Activity_Expenditure_20220831.QVD","no-sql-select","[IEP_Activity_Expenditure]:
SQL
SELECT
	[IEP Activity Key],
	[IEP Activity Snapshot Date],
	[IEP Activity Extract Date],"
"ESS/IEP/Snapshots/Temp/IEP_Activity_Expenditure_20220930.QVD","no-sql-select","[IEP_Activity_Expenditure]:
SQL
SELECT
	[IEP Activity Key],
	[IEP Activity Snapshot Date],
	[IEP Activity Extract Date],"
"ESS/IEP/Snapshots/Temp/IEP_Activity_Expenditure_20221031.QVD","no-sql-select","[IEP_Activity_Expenditure]:
SQL
SELECT
	[IEP Activity Key],
	[IEP Activity Snapshot Date],
	[IEP Activity Extract Date],"
"ESS/IEP/Snapshots/Temp/IEP_Activity_Expenditure_20221130.QVD","no-sql-select","[IEP_Activity_Expenditure]:
SQL
SELECT
	[IEP Activity Key],
	[IEP Activity Snapshot Date],
	[IEP Activity Extract Date],"
"ESS/IEP/Snapshots/Temp/IEP_Activity_Expenditure_20240331.QVD","from-no-dot","[IEP_Activity_Expenditure]:
SELECT
	[IEP Activity Key],
	[IEP Activity Snapshot Date],
	[IEP Activity Extract Date],
	[I"
"ESS/IEP/Snapshots/Temp/IEP_Activity_Expenditure_20240430.QVD","from-no-dot","[IEP_Activity_Expenditure]:
SELECT
	[IEP Activity Key],
	[IEP Activity Snapshot Date],
	[IEP Activity Extract Date],
	[I"
"ESS/IEP/Snapshots/Temp/IEP_Activity_Expenditure_20240531.QVD","from-no-dot","[IEP_Activity_Expenditure]:
SELECT
	[IEP Activity Key],
	[IEP Activity Snapshot Date],
	[IEP Activity Extract Date],
	[I"
"ESS/IEP/Snapshots/Temp/IEP_Activity_Expenditure_20240630.QVD","from-no-dot","[IEP_Activity_Expenditure]:
SELECT
	[IEP Activity Key],
	[IEP Activity Snapshot Date],
	[IEP Activity Extract Date],
	[I"
"ESS/IEP/Snapshots/Temp/IEP_Activity_Expenditure_20240731.QVD","from-no-dot","[IEP_Activity_Expenditure]:
SELECT
	[IEP Activity Key],
	[IEP Activity Snapshot Date],
	[IEP Activity Extract Date],
	[I"
"ESS/IEP/Snapshots/Temp/IEP_Activity_Expenditure_20240831.QVD","from-no-dot","[IEP_Activity_Expenditure]:
SELECT
	[IEP Activity Key],
	[IEP Activity Snapshot Date],
	[IEP Activity Extract Date],
	[I"
"ESS/IEP/Snapshots/Temp/IEP_Activity_Expenditure_20241031.QVD","from-no-dot","[IEP_Activity_Expenditure]:
SELECT
	[IEP Activity Key],
	[IEP Activity Snapshot Date],
	[IEP Activity Extract Date],
	[I"
"ESS/IEP/Snapshots/Temp/IEP_Activity_Expenditure_20241130.QVD","from-no-dot","[IEP_Activity_Expenditure]:
SELECT
	[IEP Activity Key],
	[IEP Activity Snapshot Date],
	[IEP Activity Extract Date],
	[I"
"ESS/IEP/Snapshots/Temp/IEP_Activity_Expenditure_20241231.QVD","from-no-dot","[IEP_Activity_Expenditure]:
SELECT
	[IEP Activity Key],
	[IEP Activity Snapshot Date],
	[IEP Activity Extract Date],
	[I"
"ESS/IEP/Snapshots/Temp/IEP_Activity_Expenditure_20250131.QVD","from-no-dot","[IEP_Activity_Expenditure]:
SELECT
	[IEP Activity Key],
	[IEP Activity Snapshot Date],
	[IEP Activity Extract Date],
	[I"
"ESS/IEP/Snapshots/Temp/IEP_Activity_Expenditure_20250228.QVD","from-no-dot","[IEP_Activity_Expenditure]:
SELECT
	[IEP Activity Key],
	[IEP Activity Snapshot Date],
	[IEP Activity Extract Date],
	[I"
"ESS/IEP/Snapshots/Temp/IEP_Activity_Expenditure_20250331.QVD","from-no-dot","[IEP_Activity_Expenditure]:
SELECT
	[IEP Activity Key],
	[IEP Activity Snapshot Date],
	[IEP Activity Extract Date],
	[I"
"ESS/IEP/Snapshots/Temp/IEP_Activity_Expenditure_20250430.QVD","from-no-dot","[IEP_Activity_Expenditure]:
SELECT
	[IEP Activity Key],
	[IEP Activity Snapshot Date],
	[IEP Activity Extract Date],
	[I"
"ESS/IEP/Snapshots/Temp/IEP_Activity_Expenditure_20250531.QVD","from-no-dot","[IEP_Activity_Expenditure]:
SELECT
	[IEP Activity Key],
	[IEP Activity Snapshot Date],
	[IEP Activity Extract Date],
	[I"
"ESS/IEP/Snapshots/Temp/IEP_Activity_Expenditure_20250630.QVD","from-no-dot","[IEP_Activity_Expenditure]:
SELECT
	[IEP Activity Key],
	[IEP Activity Snapshot Date],
	[IEP Activity Extract Date],
	[I"
"ESS/IEP/Snapshots/Temp/IEP_Activity_Expenditure_20250731.QVD","from-no-dot","[IEP_Activity_Expenditure]:
SELECT
	[IEP Activity Key],
	[IEP Activity Snapshot Date],
	[IEP Activity Extract Date],
	[I"
"ESS/IEP/Snapshots/Temp/IEP_Activity_Expenditure_20250831.QVD","from-no-dot","[IEP_Activity_Expenditure]:
SELECT
	[IEP Activity Key],
	[IEP Activity Snapshot Date],
	[IEP Activity Extract Date],
	[I"
"ESS/IEP/Snapshots/Temp/IEP_Activity_Expenditure_20250930.QVD","from-no-dot","[IEP_Activity_Expenditure]:
SELECT
	[IEP Activity Key],
	[IEP Activity Snapshot Date],
	[IEP Activity Extract Date],
	[I"
"ESS/IEP/Snapshots/Temp/IEP_Activity_Expenditure_20251231.QVD","from-no-dot","[IEP_Activity_Expenditure]:
SELECT
	[IEP Activity Key],
	[IEP Activity Snapshot Date],
	[IEP Activity Extract Date],
	[I"
"ESS/IEP/Snapshots/Temp/IEP_Activity_Expenditure_20260228.QVD","from-no-dot","[IEP_Activity_Expenditure]:
SELECT
	[IEP Activity Key],
	[IEP Activity Snapshot Date],
	[IEP Activity Extract Date],
	[I"
"ESS/IEP/Snapshots/Temp/IEP_Activity_Expenditure_20260430.QVD","from-no-dot","[IEP_Activity_Expenditure]:
SELECT
	[IEP Activity Key],
	[IEP Activity Snapshot Date],
	[IEP Activity Extract Date],
	[I"
"ESS/IEP/Snapshots/Temp/IEP_Activity_Expenditure_20260531.QVD","from-no-dot","[IEP_Activity_Expenditure]:
SELECT
	[IEP Activity Key],
	[IEP Activity Snapshot Date],
	[IEP Activity Extract Date],
	[I"
"ESS/IEP/Snapshots/Temp/IEP_Activity_Expenditure_20260630.QVD","from-no-dot","[IEP_Activity_Expenditure]:
SELECT
	[IEP Activity Key],
	[IEP Activity Snapshot Date],
	[IEP Activity Extract Date],
	[I"
"ESS/IEP/Snapshots/Temp/IEP_Claim_Payments.QVD","no-sql-select","IEP_Claim_Payments:
Load
    [IEP Activity Key],
    [IEP Activity Snapshot Date],
    [IEP Payment Extract Date],
    ["
"ESS/IEP/Snapshots/Temp/IEP_Claim_Payments_20200930.QVD","no-sql-select","IEP_Claim_Payments:
Load
    [IEP Activity Key],
    [IEP Activity Snapshot Date],
    [IEP Payment Extract Date],
    ["
"ESS/IEP/Snapshots/Temp/IEP_Claim_Payments_20201031.QVD","no-sql-select","IEP_Claim_Payments:
Load
    [IEP Activity Key],
    [IEP Activity Snapshot Date],
    [IEP Payment Extract Date],
    ["
"ESS/IEP/Snapshots/Temp/IEP_Claim_Payments_20201130.QVD","no-sql-select","IEP_Claim_Payments:
Load
    [IEP Activity Key],
    [IEP Activity Snapshot Date],
    [IEP Payment Extract Date],
    ["
"ESS/IEP/Snapshots/Temp/IEP_Claim_Payments_20201231.QVD","no-sql-select","IEP_Claim_Payments:
Load
    [IEP Activity Key],
    [IEP Activity Snapshot Date],
    [IEP Payment Extract Date],
    ["
"ESS/IEP/Snapshots/Temp/IEP_Claim_Payments_20210131.QVD","no-sql-select","IEP_Claim_Payments:
Load
    [IEP Activity Key],
    [IEP Activity Snapshot Date],
    [IEP Payment Extract Date],
    ["
"ESS/IEP/Snapshots/Temp/IEP_Claim_Payments_20210228.QVD","no-sql-select","IEP_Claim_Payments:
Load
    [IEP Activity Key],
    [IEP Activity Snapshot Date],
    [IEP Payment Extract Date],
    ["
"ESS/IEP/Snapshots/Temp/IEP_Claim_Payments_20210331.QVD","no-sql-select","IEP_Claim_Payments:
Load
    [IEP Activity Key],
    [IEP Activity Snapshot Date],
    [IEP Payment Extract Date],
    ["
"ESS/IEP/Snapshots/Temp/IEP_Claim_Payments_20210430.QVD","no-sql-select","IEP_Claim_Payments:
Load
    [IEP Activity Key],
    [IEP Activity Snapshot Date],
    [IEP Payment Extract Date],
    ["
"ESS/IEP/Snapshots/Temp/IEP_Claim_Payments_20211130.QVD","no-sql-select","IEP_Claim_Payments:
Load
    [IEP Activity Key],
    [IEP Activity Snapshot Date],
    [IEP Payment Extract Date],
    ["
"ESS/IEP/Snapshots/Temp/IEP_Claim_Payments_20211231.QVD","no-sql-select","IEP_Claim_Payments:
Load
    [IEP Activity Key],
    [IEP Activity Snapshot Date],
    [IEP Payment Extract Date],
    ["
"ESS/IEP/Snapshots/Temp/IEP_Claim_Payments_20220131.QVD","no-sql-select","IEP_Claim_Payments:
Load
    [IEP Activity Key],
    [IEP Activity Snapshot Date],
    [IEP Payment Extract Date],
    ["
"ESS/IEP/Snapshots/Temp/IEP_Claim_Payments_20220228.QVD","no-sql-select","IEP_Claim_Payments:
Load
    [IEP Activity Key],
    [IEP Activity Snapshot Date],
    [IEP Payment Extract Date],
    ["
"ESS/IEP/Snapshots/Temp/IEP_Claim_Payments_20220331.QVD","no-sql-select","IEP_Claim_Payments:
Load
    [IEP Activity Key],
    [IEP Activity Snapshot Date],
    [IEP Payment Extract Date],
    ["
"ESS/IEP/Snapshots/Temp/IEP_Claim_Payments_20220430.QVD","no-sql-select","IEP_Claim_Payments:
Load
    [IEP Activity Key],
    [IEP Activity Snapshot Date],
    [IEP Payment Extract Date],
    ["
"ESS/IEP/Snapshots/Temp/IEP_Claim_Payments_20220531.QVD","no-sql-select","IEP_Claim_Payments:
Load
    [IEP Activity Key],
    [IEP Activity Snapshot Date],
    [IEP Payment Extract Date],
    ["
"ESS/IEP/Snapshots/Temp/IEP_Claim_Payments_20220630.QVD","no-sql-select","IEP_Claim_Payments:
Load
    [IEP Activity Key],
    [IEP Activity Snapshot Date],
    [IEP Payment Extract Date],
    ["
"ESS/IEP/Snapshots/Temp/IEP_Claim_Payments_20220731.QVD","no-sql-select","IEP_Claim_Payments:
Load
    [IEP Activity Key],
    [IEP Activity Snapshot Date],
    [IEP Payment Extract Date],
    ["
"ESS/IEP/Snapshots/Temp/IEP_Claim_Payments_20220831.QVD","no-sql-select","IEP_Claim_Payments:
Load
    [IEP Activity Key],
    [IEP Activity Snapshot Date],
    [IEP Payment Extract Date],
    ["
"ESS/IEP/Snapshots/Temp/IEP_Claim_Payments_20220930.QVD","no-sql-select","IEP_Claim_Payments:
Load
    [IEP Activity Key],
    [IEP Activity Snapshot Date],
    [IEP Payment Extract Date],
    ["
"ESS/IEP/Snapshots/Temp/IEP_Claim_Payments_20240331.QVD","no-sql-select","tmp.IEP_Claim_Payments:
    SELECT
        CONVERT(VARCHAR,ProjectId) + '|' 
        	+ '31/03/2024' 			AS [IEP Activity"
"ESS/IEP/Snapshots/Temp/IEP_Claim_Payments_20240430.QVD","no-sql-select","tmp.IEP_Claim_Payments:
    SELECT
        CONVERT(VARCHAR,ProjectId) + '|' 
        	+ '30/04/2024' 			AS [IEP Activity"
"ESS/IEP/Snapshots/Temp/IEP_Claim_Payments_20240531.QVD","no-sql-select","tmp.IEP_Claim_Payments:
    SELECT
        CONVERT(VARCHAR,ProjectId) + '|' 
        	+ '31/05/2024' 			AS [IEP Activity"
"ESS/IEP/Snapshots/Temp/IEP_Claim_Payments_20240630.QVD","no-sql-select","tmp.IEP_Claim_Payments:
    SELECT
        CONVERT(VARCHAR,ProjectId) + '|' 
        	+ '30/06/2024' 			AS [IEP Activity"
"ESS/IEP/Snapshots/Temp/IEP_Claim_Payments_20240731.QVD","no-sql-select","tmp.IEP_Claim_Payments:
    SELECT
        CONVERT(VARCHAR,ProjectId) + '|' 
        	+ '31/07/2024' 			AS [IEP Activity"
"ESS/IEP/Snapshots/Temp/IEP_Claim_Payments_20240831.QVD","no-sql-select","tmp.IEP_Claim_Payments:
    SELECT
        CONVERT(VARCHAR,ProjectId) + '|' 
        	+ '31/08/2024' 			AS [IEP Activity"
"ESS/IEP/Snapshots/Temp/IEP_Claim_Payments_20241031.QVD","no-sql-select","tmp.IEP_Claim_Payments:
    SELECT
        CONVERT(VARCHAR,ProjectId) + '|' 
        	+ '31/10/2024' 			AS [IEP Activity"
"ESS/IEP/Snapshots/Temp/IEP_Claim_Payments_20241130.QVD","no-sql-select","tmp.IEP_Claim_Payments:
    SELECT
        CONVERT(VARCHAR,ProjectId) + '|' 
        	+ '30/11/2024' 			AS [IEP Activity"
"ESS/IEP/Snapshots/Temp/IEP_Claim_Payments_20241231.QVD","no-sql-select","tmp.IEP_Claim_Payments:
    SELECT
        CONVERT(VARCHAR,ProjectId) + '|' 
        	+ '31/12/2024' 			AS [IEP Activity"
"ESS/IEP/Snapshots/Temp/IEP_Claim_Payments_20250131.QVD","no-sql-select","tmp.IEP_Claim_Payments:
    SELECT
        CONVERT(VARCHAR,ProjectId) + '|' 
        	+ '31/01/2025' 			AS [IEP Activity"
"ESS/IEP/Snapshots/Temp/IEP_Claim_Payments_20250228.QVD","no-sql-select","tmp.IEP_Claim_Payments:
    SELECT
        CONVERT(VARCHAR,ProjectId) + '|' 
        	+ '28/02/2025' 			AS [IEP Activity"
"ESS/IEP/Snapshots/Temp/IEP_Claim_Payments_20250331.QVD","no-sql-select","tmp.IEP_Claim_Payments:
    SELECT
        CONVERT(VARCHAR,ProjectId) + '|' 
        	+ '31/03/2025' 			AS [IEP Activity"
"ESS/IEP/Snapshots/Temp/IEP_Claim_Payments_20250430.QVD","no-sql-select","tmp.IEP_Claim_Payments:
    SELECT
        CONVERT(VARCHAR,ProjectId) + '|' 
        	+ '30/04/2025' 			AS [IEP Activity"
"ESS/IEP/Snapshots/Temp/IEP_Claim_Payments_20250531.QVD","no-sql-select","tmp.IEP_Claim_Payments:
    SELECT
        CONVERT(VARCHAR,ProjectId) + '|' 
        	+ '31/05/2025' 			AS [IEP Activity"
"ESS/IEP/Snapshots/Temp/IEP_Claim_Payments_20250630.QVD","no-sql-select","tmp.IEP_Claim_Payments:
    SELECT
        CONVERT(VARCHAR,ProjectId) + '|' 
        	+ '30/06/2025' 			AS [IEP Activity"
"ESS/IEP/Snapshots/Temp/IEP_Claim_Payments_20250731.QVD","no-sql-select","tmp.IEP_Claim_Payments:
    SELECT
        CONVERT(VARCHAR,ProjectId) + '|' 
        	+ '31/07/2025' 			AS [IEP Activity"
"ESS/IEP/Snapshots/Temp/IEP_Claim_Payments_20250831.QVD","no-sql-select","tmp.IEP_Claim_Payments:
    SELECT
        CONVERT(VARCHAR,ProjectId) + '|' 
        	+ '31/08/2025' 			AS [IEP Activity"
"ESS/IEP/Snapshots/Temp/IEP_Claim_Payments_20250930.QVD","no-sql-select","tmp.IEP_Claim_Payments:
    SELECT
        CONVERT(VARCHAR,ProjectId) + '|' 
        	+ '30/09/2025' 			AS [IEP Activity"
"ESS/IEP/Snapshots/Temp/IEP_Claim_Payments_20251231.QVD","no-sql-select","tmp.IEP_Claim_Payments:
    SELECT
        CONVERT(VARCHAR,ProjectId) + '|' 
        	+ '31/12/2025' 			AS [IEP Activity"
"ESS/IEP/Snapshots/Temp/IEP_Claim_Payments_20260228.QVD","no-sql-select","tmp.IEP_Claim_Payments:
    SELECT
        CONVERT(VARCHAR,ProjectId) + '|' 
        	+ '28/02/2026' 			AS [IEP Activity"
"ESS/IEP/Snapshots/Temp/IEP_Claim_Payments_20260430.QVD","no-sql-select","tmp.IEP_Claim_Payments:
    SELECT
        CONVERT(VARCHAR,ProjectId) + '|' 
        	+ '30/04/2026' 			AS [IEP Activity"
"ESS/IEP/Snapshots/Temp/IEP_Claim_Payments_20260531.QVD","no-sql-select","tmp.IEP_Claim_Payments:
    SELECT
        CONVERT(VARCHAR,ProjectId) + '|' 
        	+ '31/05/2026' 			AS [IEP Activity"
"ESS/IEP/Snapshots/Temp/IEP_Claim_Payments_20260630.QVD","no-sql-select","tmp.IEP_Claim_Payments:
    SELECT
        CONVERT(VARCHAR,ProjectId) + '|' 
        	+ '30/06/2026' 			AS [IEP Activity"
"ESS/IEP/Snapshots/Temp/IEP_Job_Seeker.QVD","from-no-dot","[IEP_Job_Seeker]:
SELECT
    '20/11/2022'									AS [IEP Job Seeker Snapshot Date],
	EXTRACT_DATE											AS [IEP Job"
"ESS/IEP/Snapshots/Temp/IEP_Job_Seeker_20200930.QVD","from-no-dot","[IEP_Job_Seeker]:
SELECT
    '30/09/2020'									AS [IEP Job Seeker Snapshot Date],
	EXTRACT_DATE											AS [IEP Job"
"ESS/IEP/Snapshots/Temp/IEP_Job_Seeker_20201031.QVD","from-no-dot","[IEP_Job_Seeker]:
SELECT
    '30/09/2020'									AS [IEP Job Seeker Snapshot Date],
	EXTRACT_DATE											AS [IEP Job"
"ESS/IEP/Snapshots/Temp/IEP_Job_Seeker_20201130.QVD","from-no-dot","[IEP_Job_Seeker]:
SELECT
    '30/09/2020'									AS [IEP Job Seeker Snapshot Date],
	EXTRACT_DATE											AS [IEP Job"
"ESS/IEP/Snapshots/Temp/IEP_Job_Seeker_20201231.QVD","from-no-dot","[IEP_Job_Seeker]:
SELECT
    '30/09/2020'									AS [IEP Job Seeker Snapshot Date],
	EXTRACT_DATE											AS [IEP Job"
"ESS/IEP/Snapshots/Temp/IEP_Job_Seeker_20210131.QVD","from-no-dot","[IEP_Job_Seeker]:
SELECT
    '30/09/2020'									AS [IEP Job Seeker Snapshot Date],
	EXTRACT_DATE											AS [IEP Job"
"ESS/IEP/Snapshots/Temp/IEP_Job_Seeker_20210228.QVD","from-no-dot","[IEP_Job_Seeker]:
SELECT
    '28/02/2021'									AS [IEP Job Seeker Snapshot Date],
	EXTRACT_DATE											AS [IEP Job"
"ESS/IEP/Snapshots/Temp/IEP_Job_Seeker_20210331.QVD","from-no-dot","[IEP_Job_Seeker]:
SELECT
    '28/02/2021'									AS [IEP Job Seeker Snapshot Date],
	EXTRACT_DATE											AS [IEP Job"
"ESS/IEP/Snapshots/Temp/IEP_Job_Seeker_20210430.QVD","from-no-dot","[IEP_Job_Seeker]:
SELECT
    '28/02/2021'									AS [IEP Job Seeker Snapshot Date],
	EXTRACT_DATE											AS [IEP Job"
"ESS/IEP/Snapshots/Temp/IEP_Job_Seeker_20210531.QVD","from-no-dot","[IEP_Job_Seeker]:
SELECT
    '28/02/2021'									AS [IEP Job Seeker Snapshot Date],
	EXTRACT_DATE											AS [IEP Job"
"ESS/IEP/Snapshots/Temp/IEP_Job_Seeker_20210630.QVD","from-no-dot","[IEP_Job_Seeker]:
SELECT
    '28/02/2021'									AS [IEP Job Seeker Snapshot Date],
	EXTRACT_DATE											AS [IEP Job"
"ESS/IEP/Snapshots/Temp/IEP_Job_Seeker_20210731.QVD","from-no-dot","[IEP_Job_Seeker]:
SELECT
    '28/02/2021'									AS [IEP Job Seeker Snapshot Date],
	EXTRACT_DATE											AS [IEP Job"
"ESS/IEP/Snapshots/Temp/IEP_Job_Seeker_20210831.QVD","from-no-dot","[IEP_Job_Seeker]:
SELECT
    '28/02/2021'									AS [IEP Job Seeker Snapshot Date],
	EXTRACT_DATE											AS [IEP Job"
"ESS/IEP/Snapshots/Temp/IEP_Job_Seeker_20211130.QVD","from-no-dot","[IEP_Job_Seeker]:
SELECT
    '30/11/2021'									AS [IEP Job Seeker Snapshot Date],
	EXTRACT_DATE											AS [IEP Job"
"ESS/IEP/Snapshots/Temp/IEP_Job_Seeker_20211231.QVD","from-no-dot","[IEP_Job_Seeker]:
SELECT
    '31/12/2021'									AS [IEP Job Seeker Snapshot Date],
	EXTRACT_DATE											AS [IEP Job"
"ESS/IEP/Snapshots/Temp/IEP_Job_Seeker_20220131.QVD","from-no-dot","[IEP_Job_Seeker]:
SELECT
    '31/01/2022'									AS [IEP Job Seeker Snapshot Date],
	EXTRACT_DATE											AS [IEP Job"
"ESS/IEP/Snapshots/Temp/IEP_Job_Seeker_20220228.QVD","from-no-dot","[IEP_Job_Seeker]:
SELECT
    '28/02/2022'									AS [IEP Job Seeker Snapshot Date],
	EXTRACT_DATE											AS [IEP Job"
"ESS/IEP/Snapshots/Temp/IEP_Job_Seeker_20220331.QVD","from-no-dot","[IEP_Job_Seeker]:
SELECT
    '28/02/2022'									AS [IEP Job Seeker Snapshot Date],
	EXTRACT_DATE											AS [IEP Job"
"ESS/IEP/Snapshots/Temp/IEP_Job_Seeker_20220430.QVD","from-no-dot","[IEP_Job_Seeker]:
SELECT
    '28/02/2022'									AS [IEP Job Seeker Snapshot Date],
	EXTRACT_DATE											AS [IEP Job"
"ESS/IEP/Snapshots/Temp/IEP_Job_Seeker_20220531.QVD","from-no-dot","[IEP_Job_Seeker]:
SELECT
    '28/02/2022'									AS [IEP Job Seeker Snapshot Date],
	EXTRACT_DATE											AS [IEP Job"
"ESS/IEP/Snapshots/Temp/IEP_Job_Seeker_20220630.QVD","from-no-dot","[IEP_Job_Seeker]:
SELECT
    '28/02/2022'									AS [IEP Job Seeker Snapshot Date],
	EXTRACT_DATE											AS [IEP Job"
"ESS/IEP/Snapshots/Temp/IEP_Job_Seeker_20220731.QVD","from-no-dot","[IEP_Job_Seeker]:
SELECT
    '28/02/2022'									AS [IEP Job Seeker Snapshot Date],
	EXTRACT_DATE											AS [IEP Job"
"ESS/IEP/Snapshots/Temp/IEP_Job_Seeker_20220831.QVD","from-no-dot","[IEP_Job_Seeker]:
SELECT
    '28/02/2022'									AS [IEP Job Seeker Snapshot Date],
	EXTRACT_DATE											AS [IEP Job"
"ESS/IEP/Snapshots/Temp/IEP_Job_Seeker_20220930.QVD","from-no-dot","[IEP_Job_Seeker]:
SELECT
    '28/02/2022'									AS [IEP Job Seeker Snapshot Date],
	EXTRACT_DATE											AS [IEP Job"
"ESS/IEP/Snapshots/Temp/IEP_Job_Seeker_20221031.QVD","from-no-dot","[IEP_Job_Seeker]:
SELECT
    '28/02/2022'									AS [IEP Job Seeker Snapshot Date],
	EXTRACT_DATE											AS [IEP Job"
"ESS/IEP/Snapshots/Temp/IEP_Job_Seeker_20221130.QVD","from-no-dot","[IEP_Job_Seeker]:
SELECT
    '28/02/2022'									AS [IEP Job Seeker Snapshot Date],
	EXTRACT_DATE											AS [IEP Job"
"ESS/IEP/Snapshots/Temp/IEP_Job_Seeker_20221231.QVD","from-no-dot","[IEP_Job_Seeker]:
SELECT
    '28/02/2022'									AS [IEP Job Seeker Snapshot Date],
	EXTRACT_DATE											AS [IEP Job"
"ESS/IEP/Snapshots/Temp/IEP_Job_Seeker_20230131.QVD","from-no-dot","[IEP_Job_Seeker]:
SELECT
    '28/02/2022'									AS [IEP Job Seeker Snapshot Date],
	EXTRACT_DATE											AS [IEP Job"
"ESS/IEP/Snapshots/Temp/IEP_Job_Seeker_20240331.QVD","from-no-dot","[IEP_Job_Seeker]:
    SELECT
    	'31/03/2024'									as [IEP Job Seeker Snapshot Date],
        EXTRACT_DATE										"
"ESS/IEP/Snapshots/Temp/IEP_Job_Seeker_20240430.QVD","from-no-dot","[IEP_Job_Seeker]:
    SELECT
    	'30/04/2024'									as [IEP Job Seeker Snapshot Date],
        EXTRACT_DATE										"
"ESS/IEP/Snapshots/Temp/IEP_Job_Seeker_20240531.QVD","from-no-dot","[IEP_Job_Seeker]:
    SELECT
    	'31/05/2024'									as [IEP Job Seeker Snapshot Date],
        EXTRACT_DATE										"
"ESS/IEP/Snapshots/Temp/IEP_Job_Seeker_20240630.QVD","from-no-dot","[IEP_Job_Seeker]:
    SELECT
    	'30/06/2024'									as [IEP Job Seeker Snapshot Date],
        EXTRACT_DATE										"
"ESS/IEP/Snapshots/Temp/IEP_Job_Seeker_20240731.QVD","from-no-dot","[IEP_Job_Seeker]:
    SELECT
    	'31/07/2024'									as [IEP Job Seeker Snapshot Date],
        EXTRACT_DATE										"
"ESS/IEP/Snapshots/Temp/IEP_Job_Seeker_20240831.QVD","from-no-dot","[IEP_Job_Seeker]:
    SELECT
    	'31/08/2024'									as [IEP Job Seeker Snapshot Date],
        EXTRACT_DATE										"
"ESS/IEP/Snapshots/Temp/IEP_Job_Seeker_20241031.QVD","from-no-dot","[IEP_Job_Seeker]:
    SELECT
    	'31/10/2024'									as [IEP Job Seeker Snapshot Date],
        EXTRACT_DATE										"
"ESS/IEP/Snapshots/Temp/IEP_Job_Seeker_20241130.QVD","from-no-dot","[IEP_Job_Seeker]:
    SELECT
    	'30/11/2024'									as [IEP Job Seeker Snapshot Date],
        EXTRACT_DATE										"
"ESS/IEP/Snapshots/Temp/IEP_Job_Seeker_20241231.QVD","from-no-dot","[IEP_Job_Seeker]:
    SELECT
    	'31/12/2024'									as [IEP Job Seeker Snapshot Date],
        EXTRACT_DATE										"
"ESS/IEP/Snapshots/Temp/IEP_Job_Seeker_20250131.QVD","from-no-dot","[IEP_Job_Seeker]:
    SELECT
    	'31/01/2025'									as [IEP Job Seeker Snapshot Date],
        EXTRACT_DATE										"
"ESS/IEP/Snapshots/Temp/IEP_Job_Seeker_20250228.QVD","from-no-dot","[IEP_Job_Seeker]:
    SELECT
    	'28/02/2025'									as [IEP Job Seeker Snapshot Date],
        EXTRACT_DATE										"
"ESS/IEP/Snapshots/Temp/IEP_Job_Seeker_20250331.QVD","from-no-dot","[IEP_Job_Seeker]:
    SELECT
    	'31/03/2025'									as [IEP Job Seeker Snapshot Date],
        EXTRACT_DATE										"
"ESS/IEP/Snapshots/Temp/IEP_Job_Seeker_20250430.QVD","from-no-dot","[IEP_Job_Seeker]:
    SELECT
    	'30/04/2025'									as [IEP Job Seeker Snapshot Date],
        EXTRACT_DATE										"
"ESS/IEP/Snapshots/Temp/IEP_Job_Seeker_20250531.QVD","from-no-dot","[IEP_Job_Seeker]:
    SELECT
    	'31/05/2025'									as [IEP Job Seeker Snapshot Date],
        EXTRACT_DATE										"
"ESS/IEP/Snapshots/Temp/IEP_Job_Seeker_20250630.QVD","from-no-dot","[IEP_Job_Seeker]:
    SELECT
    	'30/06/2025'									as [IEP Job Seeker Snapshot Date],
        EXTRACT_DATE										"
"ESS/IEP/Snapshots/Temp/IEP_Job_Seeker_20250731.QVD","from-no-dot","[IEP_Job_Seeker]:
    SELECT
    	'31/07/2025'									as [IEP Job Seeker Snapshot Date],
        EXTRACT_DATE										"
"ESS/IEP/Snapshots/Temp/IEP_Job_Seeker_20250831.QVD","from-no-dot","[IEP_Job_Seeker]:
    SELECT
    	'31/08/2025'									as [IEP Job Seeker Snapshot Date],
        EXTRACT_DATE										"
"ESS/IEP/Snapshots/Temp/IEP_Job_Seeker_20250930.QVD","from-no-dot","[IEP_Job_Seeker]:
    SELECT
    	'30/09/2025'									as [IEP Job Seeker Snapshot Date],
        EXTRACT_DATE										"
"ESS/IEP/Snapshots/Temp/IEP_Job_Seeker_20251231.QVD","from-no-dot","[IEP_Job_Seeker]:
    SELECT
    	'31/12/2025'									as [IEP Job Seeker Snapshot Date],
        EXTRACT_DATE										"
"ESS/IEP/Snapshots/Temp/IEP_Job_Seeker_20260228.QVD","from-no-dot","[IEP_Job_Seeker]:
    SELECT
    	'28/02/2026'									as [IEP Job Seeker Snapshot Date],
        EXTRACT_DATE										"
"ESS/IEP/Snapshots/Temp/IEP_Job_Seeker_20260430.QVD","from-no-dot","[IEP_Job_Seeker]:
    SELECT
    	'30/04/2026'									as [IEP Job Seeker Snapshot Date],
        EXTRACT_DATE										"
"ESS/IEP/Snapshots/Temp/IEP_Job_Seeker_20260531.QVD","from-no-dot","[IEP_Job_Seeker]:
    SELECT
    	'31/05/2026'									as [IEP Job Seeker Snapshot Date],
        EXTRACT_DATE										"
"ESS/IEP/Snapshots/Temp/IEP_Job_Seeker_20260630.QVD","from-no-dot","[IEP_Job_Seeker]:
    SELECT
    	'30/06/2026'									as [IEP Job Seeker Snapshot Date],
        EXTRACT_DATE										"
"ESS/IEP/Snapshots/Temp/IEP_LOCATIONS.QVD","no-sql-select","[IEP_LOCATIONS]:
SQL
SELECT distinct
[IEP Activity Key]
,[IEP Activity Snapshot Date]
,[IEP Activity Extract Date]
,[IEP"
"ESS/IEP/Snapshots/Temp/IEP_LOCATIONS_20200930.QVD","no-sql-select","[IEP_LOCATIONS]:
SQL
SELECT distinct
[IEP Activity Key]
,[IEP Activity Snapshot Date]
,[IEP Activity Extract Date]
,[IEP"
"ESS/IEP/Snapshots/Temp/IEP_LOCATIONS_20201031.QVD","no-sql-select","[IEP_LOCATIONS]:
SQL
SELECT distinct
[IEP Activity Key]
,[IEP Activity Snapshot Date]
,[IEP Activity Extract Date]
,[IEP"
"ESS/IEP/Snapshots/Temp/IEP_LOCATIONS_20201130.QVD","no-sql-select","[IEP_LOCATIONS]:
SQL
SELECT distinct
[IEP Activity Key]
,[IEP Activity Snapshot Date]
,[IEP Activity Extract Date]
,[IEP"
"ESS/IEP/Snapshots/Temp/IEP_LOCATIONS_20201231.QVD","no-sql-select","[IEP_LOCATIONS]:
SQL
SELECT distinct
[IEP Activity Key]
,[IEP Activity Snapshot Date]
,[IEP Activity Extract Date]
,[IEP"
"ESS/IEP/Snapshots/Temp/IEP_LOCATIONS_20210131.QVD","no-sql-select","[IEP_LOCATIONS]:
SQL
SELECT distinct
[IEP Activity Key]
,[IEP Activity Snapshot Date]
,[IEP Activity Extract Date]
,[IEP"
"ESS/IEP/Snapshots/Temp/IEP_LOCATIONS_20210228.QVD","no-sql-select","[IEP_LOCATIONS]:
SQL
SELECT distinct
[IEP Activity Key]
,[IEP Activity Snapshot Date]
,[IEP Activity Extract Date]
,[IEP"
"ESS/IEP/Snapshots/Temp/IEP_LOCATIONS_20210331.QVD","no-sql-select","[IEP_LOCATIONS]:
SQL
SELECT distinct
[IEP Activity Key]
,[IEP Activity Snapshot Date]
,[IEP Activity Extract Date]
,[IEP"
"ESS/IEP/Snapshots/Temp/IEP_LOCATIONS_20210430.QVD","no-sql-select","[IEP_LOCATIONS]:
SQL
SELECT distinct
[IEP Activity Key]
,[IEP Activity Snapshot Date]
,[IEP Activity Extract Date]
,[IEP"
"ESS/IEP/Snapshots/Temp/IEP_LOCATIONS_20210531.QVD","no-sql-select","[IEP_LOCATIONS]:
SQL
SELECT distinct
[IEP Activity Key]
,[IEP Activity Snapshot Date]
,[IEP Activity Extract Date]
,[IEP"
"ESS/IEP/Snapshots/Temp/IEP_LOCATIONS_20210630.QVD","no-sql-select","[IEP_LOCATIONS]:
SQL
SELECT distinct
[IEP Activity Key]
,[IEP Activity Snapshot Date]
,[IEP Activity Extract Date]
,[IEP"
"ESS/IEP/Snapshots/Temp/IEP_LOCATIONS_20210731.QVD","no-sql-select","[IEP_LOCATIONS]:
SQL
SELECT distinct
[IEP Activity Key]
,[IEP Activity Snapshot Date]
,[IEP Activity Extract Date]
,[IEP"
"ESS/IEP/Snapshots/Temp/IEP_LOCATIONS_20210831.QVD","no-sql-select","[IEP_LOCATIONS]:
SQL
SELECT distinct
[IEP Activity Key]
,[IEP Activity Snapshot Date]
,[IEP Activity Extract Date]
,[IEP"
"ESS/IEP/Snapshots/Temp/IEP_LOCATIONS_20210930.QVD","no-sql-select","[IEP_LOCATIONS]:
SQL
SELECT distinct
[IEP Activity Key]
,[IEP Activity Snapshot Date]
,[IEP Activity Extract Date]
,[IEP"
"ESS/IEP/Snapshots/Temp/IEP_LOCATIONS_20211031.QVD","no-sql-select","[IEP_LOCATIONS]:
SQL
SELECT distinct
[IEP Activity Key]
,[IEP Activity Snapshot Date]
,[IEP Activity Extract Date]
,[IEP"
"ESS/IEP/Snapshots/Temp/IEP_LOCATIONS_20211130.QVD","no-sql-select","[IEP_LOCATIONS]:
SQL
SELECT distinct
[IEP Activity Key]
,[IEP Activity Snapshot Date]
,[IEP Activity Extract Date]
,[IEP"
"ESS/IEP/Snapshots/Temp/IEP_LOCATIONS_20211231.QVD","no-sql-select","[IEP_LOCATIONS]:
SQL
SELECT distinct
[IEP Activity Key]
,[IEP Activity Snapshot Date]
,[IEP Activity Extract Date]
,[IEP"
"ESS/IEP/Snapshots/Temp/IEP_LOCATIONS_20220131.QVD","no-sql-select","[IEP_LOCATIONS]:
SQL
SELECT distinct
[IEP Activity Key]
,[IEP Activity Snapshot Date]
,[IEP Activity Extract Date]
,[IEP"
"ESS/IEP/Snapshots/Temp/IEP_LOCATIONS_20220228.QVD","no-sql-select","[IEP_LOCATIONS]:
SQL
SELECT distinct
[IEP Activity Key]
,[IEP Activity Snapshot Date]
,[IEP Activity Extract Date]
,[IEP"
"ESS/IEP/Snapshots/Temp/IEP_LOCATIONS_20220331.QVD","no-sql-select","[IEP_LOCATIONS]:
SQL
SELECT distinct
[IEP Activity Key]
,[IEP Activity Snapshot Date]
,[IEP Activity Extract Date]
,[IEP"
"ESS/IEP/Snapshots/Temp/IEP_LOCATIONS_20220430.QVD","no-sql-select","[IEP_LOCATIONS]:
SQL
SELECT distinct
[IEP Activity Key]
,[IEP Activity Snapshot Date]
,[IEP Activity Extract Date]
,[IEP"
"ESS/IEP/Snapshots/Temp/IEP_LOCATIONS_20220531.QVD","no-sql-select","[IEP_LOCATIONS]:
SQL
SELECT distinct
[IEP Activity Key]
,[IEP Activity Snapshot Date]
,[IEP Activity Extract Date]
,[IEP"
"ESS/IEP/Snapshots/Temp/IEP_LOCATIONS_20220630.QVD","no-sql-select","[IEP_LOCATIONS]:
SQL
SELECT distinct
[IEP Activity Key]
,[IEP Activity Snapshot Date]
,[IEP Activity Extract Date]
,[IEP"
"ESS/IEP/Snapshots/Temp/IEP_LOCATIONS_20220731.QVD","no-sql-select","[IEP_LOCATIONS]:
SQL
SELECT distinct
[IEP Activity Key]
,[IEP Activity Snapshot Date]
,[IEP Activity Extract Date]
,[IEP"
"ESS/IEP/Snapshots/Temp/IEP_LOCATIONS_20220831.QVD","no-sql-select","[IEP_LOCATIONS]:
SQL
SELECT distinct
[IEP Activity Key]
,[IEP Activity Snapshot Date]
,[IEP Activity Extract Date]
,[IEP"
"ESS/IEP/Snapshots/Temp/IEP_LOCATIONS_20220930.QVD","no-sql-select","[IEP_LOCATIONS]:
SQL
SELECT distinct
[IEP Activity Key]
,[IEP Activity Snapshot Date]
,[IEP Activity Extract Date]
,[IEP"
"ESS/IEP/Snapshots/Temp/IEP_LOCATIONS_20221031.QVD","no-sql-select","[IEP_LOCATIONS]:
SQL
SELECT distinct
[IEP Activity Key]
,[IEP Activity Snapshot Date]
,[IEP Activity Extract Date]
,[IEP"
"ESS/IEP/Snapshots/Temp/IEP_LOCATIONS_20221130.QVD","no-sql-select","[IEP_LOCATIONS]:
SQL
SELECT distinct
[IEP Activity Key]
,[IEP Activity Snapshot Date]
,[IEP Activity Extract Date]
,[IEP"
"ESS/IEP/Snapshots/Temp/IEP_LOCATIONS_20221231.QVD","no-sql-select","[IEP_LOCATIONS]:
SQL
SELECT distinct
[IEP Activity Key]
,[IEP Activity Snapshot Date]
,[IEP Activity Extract Date]
,[IEP"
"ESS/IEP/Snapshots/Temp/IEP_LOCATIONS_20230131.QVD","no-sql-select","[IEP_LOCATIONS]:
SQL
SELECT distinct
[IEP Activity Key]
,[IEP Activity Snapshot Date]
,[IEP Activity Extract Date]
,[IEP"
"ESS/IEP/Snapshots/Temp/IEP_LOCATIONS_20230228.QVD","no-sql-select","[IEP_LOCATIONS]:
SQL
SELECT distinct
[IEP Activity Key]
,[IEP Activity Snapshot Date]
,[IEP Activity Extract Date]
,[IEP"
"ESS/IEP/Snapshots/Temp/IEP_LOCATIONS_20230331.QVD","no-sql-select","[IEP_LOCATIONS]:
SQL
SELECT distinct
[IEP Activity Key]
,[IEP Activity Snapshot Date]
,[IEP Activity Extract Date]
,[IEP"
"ESS/IEP/Snapshots/Temp/IEP_LOCATIONS_20230430.QVD","no-sql-select","[IEP_LOCATIONS]:
SQL
SELECT distinct
[IEP Activity Key]
,[IEP Activity Snapshot Date]
,[IEP Activity Extract Date]
,[IEP"
"ESS/IEP/Snapshots/Temp/IEP_LOCATIONS_20230531.QVD","no-sql-select","[IEP_LOCATIONS]:
SQL
SELECT distinct
[IEP Activity Key]
,[IEP Activity Snapshot Date]
,[IEP Activity Extract Date]
,[IEP"
"ESS/IEP/Snapshots/Temp/IEP_LOCATIONS_20230630.QVD","no-sql-select","[IEP_LOCATIONS]:
SQL
SELECT distinct
[IEP Activity Key]
,[IEP Activity Snapshot Date]
,[IEP Activity Extract Date]
,[IEP"
"ESS/IEP/Snapshots/Temp/IEP_LOCATIONS_20230731.QVD","no-sql-select","[IEP_LOCATIONS]:
SQL
SELECT distinct
[IEP Activity Key]
,[IEP Activity Snapshot Date]
,[IEP Activity Extract Date]
,[IEP"
"ESS/IEP/Snapshots/Temp/IEP_LOCATIONS_20230831.QVD","no-sql-select","[IEP_LOCATIONS]:
SQL
SELECT distinct
[IEP Activity Key]
,[IEP Activity Snapshot Date]
,[IEP Activity Extract Date]
,[IEP"
"ESS/IEP/Snapshots/Temp/IEP_LOCATIONS_20230930.QVD","no-sql-select","[IEP_LOCATIONS]:
SQL
SELECT distinct
[IEP Activity Key]
,[IEP Activity Snapshot Date]
,[IEP Activity Extract Date]
,[IEP"
"ESS/IEP/Snapshots/Temp/IEP_LOCATIONS_20231031.QVD","no-sql-select","[IEP_LOCATIONS]:
SQL
SELECT distinct
[IEP Activity Key]
,[IEP Activity Snapshot Date]
,[IEP Activity Extract Date]
,[IEP"
"ESS/IEP/Snapshots/Temp/IEP_LOCATIONS_20231130.QVD","no-sql-select","[IEP_LOCATIONS]:
SQL
SELECT distinct
[IEP Activity Key]
,[IEP Activity Snapshot Date]
,[IEP Activity Extract Date]
,[IEP"
"ESS/IEP/Snapshots/Temp/IEP_Locations_20240331.QVD","from-no-dot","[IEP_Locations]:
SELECT distinct
[IEP Activity Key]
,[IEP Activity Snapshot Date]
,[IEP Activity Extract Date]
,[IEP Act"
"ESS/IEP/Snapshots/Temp/IEP_Locations_20240430.QVD","from-no-dot","[IEP_Locations]:
SELECT distinct
[IEP Activity Key]
,[IEP Activity Snapshot Date]
,[IEP Activity Extract Date]
,[IEP Act"
"ESS/IEP/Snapshots/Temp/IEP_Locations_20240531.QVD","from-no-dot","[IEP_Locations]:
SELECT distinct
[IEP Activity Key]
,[IEP Activity Snapshot Date]
,[IEP Activity Extract Date]
,[IEP Act"
"ESS/IEP/Snapshots/Temp/IEP_Locations_20240630.QVD","from-no-dot","[IEP_Locations]:
SELECT distinct
[IEP Activity Key]
,[IEP Activity Snapshot Date]
,[IEP Activity Extract Date]
,[IEP Act"
"ESS/IEP/Snapshots/Temp/IEP_Locations_20240731.QVD","from-no-dot","[IEP_Locations]:
SELECT distinct
[IEP Activity Key]
,[IEP Activity Snapshot Date]
,[IEP Activity Extract Date]
,[IEP Act"
"ESS/IEP/Snapshots/Temp/IEP_Locations_20240831.QVD","from-no-dot","[IEP_Locations]:
SELECT distinct
[IEP Activity Key]
,[IEP Activity Snapshot Date]
,[IEP Activity Extract Date]
,[IEP Act"
"ESS/IEP/Snapshots/Temp/IEP_Locations_20241031.QVD","from-no-dot","[IEP_Locations]:
SELECT distinct
[IEP Activity Key]
,[IEP Activity Snapshot Date]
,[IEP Activity Extract Date]
,[IEP Act"
"ESS/IEP/Snapshots/Temp/IEP_Locations_20241130.QVD","from-no-dot","[IEP_Locations]:
SELECT distinct
[IEP Activity Key]
,[IEP Activity Snapshot Date]
,[IEP Activity Extract Date]
,[IEP Act"
"ESS/IEP/Snapshots/Temp/IEP_Locations_20241231.QVD","from-no-dot","[IEP_Locations]:
SELECT distinct
[IEP Activity Key]
,[IEP Activity Snapshot Date]
,[IEP Activity Extract Date]
,[IEP Act"
"ESS/IEP/Snapshots/Temp/IEP_Locations_20250131.QVD","from-no-dot","[IEP_Locations]:
SELECT distinct
[IEP Activity Key]
,[IEP Activity Snapshot Date]
,[IEP Activity Extract Date]
,[IEP Act"
"ESS/IEP/Snapshots/Temp/IEP_Locations_20250228.QVD","from-no-dot","[IEP_Locations]:
SELECT distinct
[IEP Activity Key]
,[IEP Activity Snapshot Date]
,[IEP Activity Extract Date]
,[IEP Act"
"ESS/IEP/Snapshots/Temp/IEP_Locations_20250331.QVD","from-no-dot","[IEP_Locations]:
SELECT distinct
[IEP Activity Key]
,[IEP Activity Snapshot Date]
,[IEP Activity Extract Date]
,[IEP Act"
"ESS/IEP/Snapshots/Temp/IEP_Locations_20250430.QVD","from-no-dot","[IEP_Locations]:
SELECT distinct
[IEP Activity Key]
,[IEP Activity Snapshot Date]
,[IEP Activity Extract Date]
,[IEP Act"
"ESS/IEP/Snapshots/Temp/IEP_Locations_20250531.QVD","from-no-dot","[IEP_Locations]:
SELECT distinct
[IEP Activity Key]
,[IEP Activity Snapshot Date]
,[IEP Activity Extract Date]
,[IEP Act"
"ESS/IEP/Snapshots/Temp/IEP_Locations_20250630.QVD","from-no-dot","[IEP_Locations]:
SELECT distinct
[IEP Activity Key]
,[IEP Activity Snapshot Date]
,[IEP Activity Extract Date]
,[IEP Act"
"ESS/IEP/Snapshots/Temp/IEP_Locations_20250731.QVD","from-no-dot","[IEP_Locations]:
SELECT distinct
[IEP Activity Key]
,[IEP Activity Snapshot Date]
,[IEP Activity Extract Date]
,[IEP Act"
"ESS/IEP/Snapshots/Temp/IEP_Locations_20250831.QVD","from-no-dot","[IEP_Locations]:
SELECT distinct
[IEP Activity Key]
,[IEP Activity Snapshot Date]
,[IEP Activity Extract Date]
,[IEP Act"
"ESS/IEP/Snapshots/Temp/IEP_Locations_20250930.QVD","from-no-dot","[IEP_Locations]:
SELECT distinct
[IEP Activity Key]
,[IEP Activity Snapshot Date]
,[IEP Activity Extract Date]
,[IEP Act"
"ESS/IEP/Snapshots/Temp/IEP_Locations_20251231.QVD","from-no-dot","[IEP_Locations]:
SELECT distinct
[IEP Activity Key]
,[IEP Activity Snapshot Date]
,[IEP Activity Extract Date]
,[IEP Act"
"ESS/IEP/Snapshots/Temp/IEP_Locations_20260228.QVD","from-no-dot","[IEP_Locations]:
SELECT distinct
[IEP Activity Key]
,[IEP Activity Snapshot Date]
,[IEP Activity Extract Date]
,[IEP Act"
"ESS/IEP/Snapshots/Temp/IEP_Locations_20260430.QVD","from-no-dot","[IEP_Locations]:
SELECT distinct
[IEP Activity Key]
,[IEP Activity Snapshot Date]
,[IEP Activity Extract Date]
,[IEP Act"
"ESS/IEP/Snapshots/Temp/IEP_Locations_20260531.QVD","from-no-dot","[IEP_Locations]:
SELECT distinct
[IEP Activity Key]
,[IEP Activity Snapshot Date]
,[IEP Activity Extract Date]
,[IEP Act"
"ESS/IEP/Snapshots/Temp/IEP_Locations_20260630.QVD","from-no-dot","[IEP_Locations]:
SELECT distinct
[IEP Activity Key]
,[IEP Activity Snapshot Date]
,[IEP Activity Extract Date]
,[IEP Act"
"ESS/IEP/Snapshots/Temp/IEP_Outcome.QVD","from-no-dot","[IEP_Outcome]:
SELECT
    '20/11/2022'								AS [IEP Outcome Snapshot Date],
	OC.EXTRACT_DATE										AS [IEP Outcome "
"ESS/IEP/Snapshots/Temp/IEP_Outcome_20200930.QVD","from-no-dot","[IEP_Outcome]:
SELECT
    '30/09/2020'								AS [IEP Outcome Snapshot Date],
	OC.EXTRACT_DATE										AS [IEP Outcome "
"ESS/IEP/Snapshots/Temp/IEP_Outcome_20201031.QVD","from-no-dot","[IEP_Outcome]:
SELECT
    '30/09/2020'								AS [IEP Outcome Snapshot Date],
	OC.EXTRACT_DATE										AS [IEP Outcome "
"ESS/IEP/Snapshots/Temp/IEP_Outcome_20201130.QVD","from-no-dot","[IEP_Outcome]:
SELECT
    '30/09/2020'								AS [IEP Outcome Snapshot Date],
	OC.EXTRACT_DATE										AS [IEP Outcome "
"ESS/IEP/Snapshots/Temp/IEP_Outcome_20201231.QVD","from-no-dot","[IEP_Outcome]:
SELECT
    '30/09/2020'								AS [IEP Outcome Snapshot Date],
	OC.EXTRACT_DATE										AS [IEP Outcome "
"ESS/IEP/Snapshots/Temp/IEP_Outcome_20210131.QVD","from-no-dot","[IEP_Outcome]:
SELECT
    '30/09/2020'								AS [IEP Outcome Snapshot Date],
	OC.EXTRACT_DATE										AS [IEP Outcome "
"ESS/IEP/Snapshots/Temp/IEP_Outcome_20210228.QVD","from-no-dot","[IEP_Outcome]:
SELECT
    '28/02/2021'								AS [IEP Outcome Snapshot Date],
	OC.EXTRACT_DATE										AS [IEP Outcome "
"ESS/IEP/Snapshots/Temp/IEP_Outcome_20210331.QVD","from-no-dot","[IEP_Outcome]:
SELECT
    '28/02/2021'								AS [IEP Outcome Snapshot Date],
	OC.EXTRACT_DATE										AS [IEP Outcome "
"ESS/IEP/Snapshots/Temp/IEP_Outcome_20210430.QVD","from-no-dot","[IEP_Outcome]:
SELECT
    '28/02/2021'								AS [IEP Outcome Snapshot Date],
	OC.EXTRACT_DATE										AS [IEP Outcome "
"ESS/IEP/Snapshots/Temp/IEP_Outcome_20210531.QVD","from-no-dot","[IEP_Outcome]:
SELECT
    '28/02/2021'								AS [IEP Outcome Snapshot Date],
	OC.EXTRACT_DATE										AS [IEP Outcome "
"ESS/IEP/Snapshots/Temp/IEP_Outcome_20210630.QVD","from-no-dot","[IEP_Outcome]:
SELECT
    '28/02/2021'								AS [IEP Outcome Snapshot Date],
	OC.EXTRACT_DATE										AS [IEP Outcome "
"ESS/IEP/Snapshots/Temp/IEP_Outcome_20210731.QVD","from-no-dot","[IEP_Outcome]:
SELECT
    '28/02/2021'								AS [IEP Outcome Snapshot Date],
	OC.EXTRACT_DATE										AS [IEP Outcome "
"ESS/IEP/Snapshots/Temp/IEP_Outcome_20210831.QVD","from-no-dot","[IEP_Outcome]:
SELECT
    '28/02/2021'								AS [IEP Outcome Snapshot Date],
	OC.EXTRACT_DATE										AS [IEP Outcome "
"ESS/IEP/Snapshots/Temp/IEP_Outcome_20210930.QVD","from-no-dot","[IEP_Outcome]:
SELECT
    '28/02/2021'								AS [IEP Outcome Snapshot Date],
	OC.EXTRACT_DATE										AS [IEP Outcome "
"ESS/IEP/Snapshots/Temp/IEP_Outcome_20211031.QVD","from-no-dot","[IEP_Outcome]:
SELECT
    '28/02/2021'								AS [IEP Outcome Snapshot Date],
	OC.EXTRACT_DATE										AS [IEP Outcome "
"ESS/IEP/Snapshots/Temp/IEP_Outcome_20211130.QVD","from-no-dot","[IEP_Outcome]:
SELECT
    '30/11/2021'								AS [IEP Outcome Snapshot Date],
	OC.EXTRACT_DATE										AS [IEP Outcome "
"ESS/IEP/Snapshots/Temp/IEP_Outcome_20211231.QVD","from-no-dot","[IEP_Outcome]:
SELECT
    '31/12/2021'								AS [IEP Outcome Snapshot Date],
	CONVERT(VARCHAR,OC.EXTRACT_DATE,103)					"
"ESS/IEP/Snapshots/Temp/IEP_Outcome_20220131.QVD","from-no-dot","[IEP_Outcome]:
SELECT
    '31/01/2022'								AS [IEP Outcome Snapshot Date],
	OC.EXTRACT_DATE										AS [IEP Outcome "
"ESS/IEP/Snapshots/Temp/IEP_Outcome_20220228.QVD","from-no-dot","[IEP_Outcome]:
SELECT
    '28/02/2022'								AS [IEP Outcome Snapshot Date],
	OC.EXTRACT_DATE										AS [IEP Outcome "
"ESS/IEP/Snapshots/Temp/IEP_Outcome_20220331.QVD","from-no-dot","[IEP_Outcome]:
SELECT
    '28/02/2022'								AS [IEP Outcome Snapshot Date],
	OC.EXTRACT_DATE										AS [IEP Outcome "
"ESS/IEP/Snapshots/Temp/IEP_Outcome_20220430.QVD","from-no-dot","[IEP_Outcome]:
SELECT
    '28/02/2022'								AS [IEP Outcome Snapshot Date],
	OC.EXTRACT_DATE										AS [IEP Outcome "
"ESS/IEP/Snapshots/Temp/IEP_Outcome_20220531.QVD","from-no-dot","[IEP_Outcome]:
SELECT
    '28/02/2022'								AS [IEP Outcome Snapshot Date],
	OC.EXTRACT_DATE										AS [IEP Outcome "
"ESS/IEP/Snapshots/Temp/IEP_Outcome_20220630.QVD","from-no-dot","[IEP_Outcome]:
SELECT
    '28/02/2022'								AS [IEP Outcome Snapshot Date],
	OC.EXTRACT_DATE										AS [IEP Outcome "
"ESS/IEP/Snapshots/Temp/IEP_Outcome_20220731.QVD","from-no-dot","[IEP_Outcome]:
SELECT
    '28/02/2022'								AS [IEP Outcome Snapshot Date],
	OC.EXTRACT_DATE										AS [IEP Outcome "
"ESS/IEP/Snapshots/Temp/IEP_Outcome_20220831.QVD","from-no-dot","[IEP_Outcome]:
SELECT
    '28/02/2022'								AS [IEP Outcome Snapshot Date],
	OC.EXTRACT_DATE										AS [IEP Outcome "
"ESS/IEP/Snapshots/Temp/IEP_Outcome_20220930.QVD","from-no-dot","[IEP_Outcome]:
SELECT
    '28/02/2022'								AS [IEP Outcome Snapshot Date],
	OC.EXTRACT_DATE										AS [IEP Outcome "
"ESS/IEP/Snapshots/Temp/IEP_Outcome_20221031.QVD","from-no-dot","[IEP_Outcome]:
SELECT
    '28/02/2022'								AS [IEP Outcome Snapshot Date],
	OC.EXTRACT_DATE										AS [IEP Outcome "
"ESS/IEP/Snapshots/Temp/IEP_Outcome_20221130.QVD","from-no-dot","[IEP_Outcome]:
SELECT
    '28/02/2022'								AS [IEP Outcome Snapshot Date],
	OC.EXTRACT_DATE										AS [IEP Outcome "
"ESS/IEP/Snapshots/Temp/IEP_Outcome_20221231.QVD","from-no-dot","[IEP_Outcome]:
SELECT
    '28/02/2022'								AS [IEP Outcome Snapshot Date],
	OC.EXTRACT_DATE										AS [IEP Outcome "
"ESS/IEP/Snapshots/Temp/IEP_Outcome_20230131.QVD","from-no-dot","[IEP_Outcome]:
SELECT
    '28/02/2022'								AS [IEP Outcome Snapshot Date],
	OC.EXTRACT_DATE										AS [IEP Outcome "
"ESS/IEP/Snapshots/Temp/IEP_Outcome_20230228.QVD","from-no-dot","[IEP_Outcome]:
SELECT
    '28/02/2022'								AS [IEP Outcome Snapshot Date],
	OC.EXTRACT_DATE										AS [IEP Outcome "
"ESS/IEP/Snapshots/Temp/IEP_Outcome_20230331.QVD","from-no-dot","[IEP_Outcome]:
SELECT
    '28/02/2022'								AS [IEP Outcome Snapshot Date],
	OC.EXTRACT_DATE										AS [IEP Outcome "
"ESS/IEP/Snapshots/Temp/IEP_Outcome_20230430.QVD","from-no-dot","[IEP_Outcome]:
SELECT
    '28/02/2022'								AS [IEP Outcome Snapshot Date],
	OC.EXTRACT_DATE										AS [IEP Outcome "
"ESS/IEP/Snapshots/Temp/IEP_Outcome_20230531.QVD","from-no-dot","[IEP_Outcome]:
SELECT
    '28/02/2022'								AS [IEP Outcome Snapshot Date],
	OC.EXTRACT_DATE										AS [IEP Outcome "
"ESS/IEP/Snapshots/Temp/IEP_Outcome_20230630.QVD","from-no-dot","[IEP_Outcome]:
SELECT
    '28/02/2022'								AS [IEP Outcome Snapshot Date],
	OC.EXTRACT_DATE										AS [IEP Outcome "
"ESS/IEP/Snapshots/Temp/IEP_Outcome_20230731.QVD","from-no-dot","[IEP_Outcome]:
SELECT
    '28/02/2022'								AS [IEP Outcome Snapshot Date],
	OC.EXTRACT_DATE										AS [IEP Outcome "
"ESS/IEP/Snapshots/Temp/IEP_Outcome_20230831.QVD","from-no-dot","[IEP_Outcome]:
SELECT
    '28/02/2022'								AS [IEP Outcome Snapshot Date],
	OC.EXTRACT_DATE										AS [IEP Outcome "
"ESS/IEP/Snapshots/Temp/IEP_Outcome_20230930.QVD","from-no-dot","[IEP_Outcome]:
SELECT
    '28/02/2022'								AS [IEP Outcome Snapshot Date],
	OC.EXTRACT_DATE										AS [IEP Outcome "
"ESS/IEP/Snapshots/Temp/IEP_Outcome_20240331.QVD","from-no-dot","[IEP_Outcome]:
SELECT
    '31/03/2024'										AS [IEP Outcome Snapshot Date],
	OC.EXTRACT_DATE											AS [IEP Outco"
"ESS/IEP/Snapshots/Temp/IEP_Outcome_20240430.QVD","from-no-dot","[IEP_Outcome]:
SELECT
    '30/04/2024'										AS [IEP Outcome Snapshot Date],
	OC.EXTRACT_DATE											AS [IEP Outco"
"ESS/IEP/Snapshots/Temp/IEP_Outcome_20240531.QVD","from-no-dot","[IEP_Outcome]:
SELECT
    '31/05/2024'										AS [IEP Outcome Snapshot Date],
	OC.EXTRACT_DATE											AS [IEP Outco"
"ESS/IEP/Snapshots/Temp/IEP_Outcome_20240630.QVD","from-no-dot","[IEP_Outcome]:
SELECT
    '30/06/2024'										AS [IEP Outcome Snapshot Date],
	OC.EXTRACT_DATE											AS [IEP Outco"
"ESS/IEP/Snapshots/Temp/IEP_Outcome_20240731.QVD","from-no-dot","[IEP_Outcome]:
SELECT
    '31/07/2024'										AS [IEP Outcome Snapshot Date],
	OC.EXTRACT_DATE											AS [IEP Outco"
"ESS/IEP/Snapshots/Temp/IEP_Outcome_20240831.QVD","from-no-dot","[IEP_Outcome]:
SELECT
    '31/08/2024'										AS [IEP Outcome Snapshot Date],
	OC.EXTRACT_DATE											AS [IEP Outco"
"ESS/IEP/Snapshots/Temp/IEP_Outcome_20241031.QVD","from-no-dot","[IEP_Outcome]:
SELECT
    '31/10/2024'										AS [IEP Outcome Snapshot Date],
	OC.EXTRACT_DATE											AS [IEP Outco"
"ESS/IEP/Snapshots/Temp/IEP_Outcome_20241130.QVD","from-no-dot","[IEP_Outcome]:
SELECT
    '30/11/2024'										AS [IEP Outcome Snapshot Date],
	OC.EXTRACT_DATE											AS [IEP Outco"
"ESS/IEP/Snapshots/Temp/IEP_Outcome_20241231.QVD","from-no-dot","[IEP_Outcome]:
SELECT
    '31/12/2024'										AS [IEP Outcome Snapshot Date],
	OC.EXTRACT_DATE											AS [IEP Outco"
"ESS/IEP/Snapshots/Temp/IEP_Outcome_20250131.QVD","from-no-dot","[IEP_Outcome]:
SELECT
    '31/01/2025'										AS [IEP Outcome Snapshot Date],
	OC.EXTRACT_DATE											AS [IEP Outco"
"ESS/IEP/Snapshots/Temp/IEP_Outcome_20250228.QVD","from-no-dot","[IEP_Outcome]:
SELECT
    '28/02/2025'										AS [IEP Outcome Snapshot Date],
	OC.EXTRACT_DATE											AS [IEP Outco"
"ESS/IEP/Snapshots/Temp/IEP_Outcome_20250331.QVD","from-no-dot","[IEP_Outcome]:
SELECT
    '31/03/2025'										AS [IEP Outcome Snapshot Date],
	OC.EXTRACT_DATE											AS [IEP Outco"
"ESS/IEP/Snapshots/Temp/IEP_Outcome_20250430.QVD","from-no-dot","[IEP_Outcome]:
SELECT
    '30/04/2025'										AS [IEP Outcome Snapshot Date],
	OC.EXTRACT_DATE											AS [IEP Outco"
"ESS/IEP/Snapshots/Temp/IEP_Outcome_20250531.QVD","from-no-dot","[IEP_Outcome]:
SELECT
    '31/05/2025'										AS [IEP Outcome Snapshot Date],
	OC.EXTRACT_DATE											AS [IEP Outco"
"ESS/IEP/Snapshots/Temp/IEP_Outcome_20250630.QVD","from-no-dot","[IEP_Outcome]:
SELECT
    '30/06/2025'										AS [IEP Outcome Snapshot Date],
	OC.EXTRACT_DATE											AS [IEP Outco"
"ESS/IEP/Snapshots/Temp/IEP_Outcome_20250731.QVD","from-no-dot","[IEP_Outcome]:
SELECT
    '31/07/2025'										AS [IEP Outcome Snapshot Date],
	OC.EXTRACT_DATE											AS [IEP Outco"
"ESS/IEP/Snapshots/Temp/IEP_Outcome_20250831.QVD","from-no-dot","[IEP_Outcome]:
SELECT
    '31/08/2025'										AS [IEP Outcome Snapshot Date],
	OC.EXTRACT_DATE											AS [IEP Outco"
"ESS/IEP/Snapshots/Temp/IEP_Outcome_20250930.QVD","from-no-dot","[IEP_Outcome]:
SELECT
    '30/09/2025'										AS [IEP Outcome Snapshot Date],
	OC.EXTRACT_DATE											AS [IEP Outco"
"ESS/IEP/Snapshots/Temp/IEP_Outcome_20251231.QVD","from-no-dot","[IEP_Outcome]:
SELECT
    '31/12/2025'										AS [IEP Outcome Snapshot Date],
	OC.EXTRACT_DATE											AS [IEP Outco"
"ESS/IEP/Snapshots/Temp/IEP_Outcome_20260228.QVD","from-no-dot","[IEP_Outcome]:
SELECT
    '28/02/2026'										AS [IEP Outcome Snapshot Date],
	OC.EXTRACT_DATE											AS [IEP Outco"
"ESS/IEP/Snapshots/Temp/IEP_Outcome_20260430.QVD","from-no-dot","[IEP_Outcome]:
SELECT
    '30/04/2026'										AS [IEP Outcome Snapshot Date],
	OC.EXTRACT_DATE											AS [IEP Outco"
"ESS/IEP/Snapshots/Temp/IEP_Outcome_20260531.QVD","from-no-dot","[IEP_Outcome]:
SELECT
    '31/05/2026'										AS [IEP Outcome Snapshot Date],
	OC.EXTRACT_DATE											AS [IEP Outco"
"ESS/IEP/Snapshots/Temp/IEP_Outcome_20260630.QVD","from-no-dot","[IEP_Outcome]:
SELECT
    '30/06/2026'										AS [IEP Outcome Snapshot Date],
	OC.EXTRACT_DATE											AS [IEP Outco"
"ESS/IEP/Snapshots/Temp/IEP_Placement.QVD","no-sql-select","LEFT JOIN ([IEP_Placement])
SQL
SELECT * 
FROM
(
	SELECT 
		[IEP Placement Key],
 		MAX(MilestoneDate) AS [Placement Fin"
"ESS/IEP/Snapshots/Temp/IEP_Placement_20200930.QVD","no-sql-select","LEFT JOIN ([IEP_Placement])
SQL
SELECT * 
FROM
(
	SELECT 
		[IEP Placement Key],
 		MAX(MilestoneDate) AS [Placement Fin"
"ESS/IEP/Snapshots/Temp/IEP_Placement_20201031.QVD","no-sql-select","LEFT JOIN ([IEP_Placement])
SQL
SELECT * 
FROM
(
	SELECT 
		[IEP Placement Key],
 		MAX(MilestoneDate) AS [Placement Fin"
"ESS/IEP/Snapshots/Temp/IEP_Placement_20201130.QVD","no-sql-select","LEFT JOIN ([IEP_Placement])
SQL
SELECT * 
FROM
(
	SELECT 
		[IEP Placement Key],
 		MAX(MilestoneDate) AS [Placement Fin"
"ESS/IEP/Snapshots/Temp/IEP_Placement_20211130.QVD","no-sql-select","LEFT JOIN ([IEP_Placement])
SQL
SELECT * 
FROM
(
	SELECT 
		[IEP Placement Key],
 		MAX(MilestoneDate) AS [Placement Fin"
"ESS/IEP/Snapshots/Temp/IEP_Placement_20211231.QVD","no-sql-select","LEFT JOIN ([IEP_Placement])
SQL
SELECT * 
FROM
(
	SELECT 
		[IEP Placement Key],
 		MAX(MilestoneDate) AS [Placement Fin"
"ESS/IEP/Snapshots/Temp/IEP_Placement_20220131.QVD","no-sql-select","LEFT JOIN ([IEP_Placement])
SQL
SELECT * 
FROM
(
	SELECT 
		[IEP Placement Key],
 		MAX(MilestoneDate) AS [Placement Fin"
"ESS/IEP/Snapshots/Temp/IEP_Placement_20220228.QVD","no-sql-select","LEFT JOIN ([IEP_Placement])
SQL
SELECT * 
FROM
(
	SELECT 
		[IEP Placement Key],
 		MAX(MilestoneDate) AS [Placement Fin"
"ESS/IEP/Snapshots/Temp/IEP_Placement_20220331.QVD","no-sql-select","LEFT JOIN ([IEP_Placement])
SQL
SELECT * 
FROM
(
	SELECT 
		[IEP Placement Key],
 		MAX(MilestoneDate) AS [Placement Fin"
"ESS/IEP/Snapshots/Temp/IEP_Placement_20220430.QVD","no-sql-select","LEFT JOIN ([IEP_Placement])
SQL
SELECT * 
FROM
(
	SELECT 
		[IEP Placement Key],
 		MAX(MilestoneDate) AS [Placement Fin"
"ESS/IEP/Snapshots/Temp/IEP_Placement_20240331.QVD","no-sql-select","LEFT JOIN([IEP_Placement])
SQL
SELECT
	[IEP Placement Key],
    [Placement Final Milestone Date],
	[Expected 13 Week Ach"
"ESS/IEP/Snapshots/Temp/IEP_Placement_20240430.QVD","no-sql-select","LEFT JOIN([IEP_Placement])
SQL
SELECT
	[IEP Placement Key],
    [Placement Final Milestone Date],
	[Expected 13 Week Ach"
"ESS/IEP/Snapshots/Temp/IEP_Placement_20240531.QVD","no-sql-select","LEFT JOIN([IEP_Placement])
SQL
SELECT
	[IEP Placement Key],
    [Placement Final Milestone Date],
	[Expected 13 Week Ach"
"ESS/IEP/Snapshots/Temp/IEP_Placement_20240630.QVD","no-sql-select","LEFT JOIN([IEP_Placement])
SQL
SELECT
	[IEP Placement Key],
    [Placement Final Milestone Date],
	[Expected 13 Week Ach"
"ESS/IEP/Snapshots/Temp/IEP_Placement_20240731.QVD","no-sql-select","LEFT JOIN([IEP_Placement])
SQL
SELECT
	[IEP Placement Key],
    [Placement Final Milestone Date],
	[Expected 13 Week Ach"
"ESS/IEP/Snapshots/Temp/IEP_Placement_20240831.QVD","no-sql-select","LEFT JOIN([IEP_Placement])
SQL
SELECT
	[IEP Placement Key],
    [Placement Final Milestone Date],
	[Expected 13 Week Ach"
"ESS/IEP/Snapshots/Temp/IEP_Placement_20241031.QVD","no-sql-select","LEFT JOIN([IEP_Placement])
SQL
SELECT
	[IEP Placement Key],
    [Placement Final Milestone Date],
	[Expected 13 Week Ach"
"ESS/IEP/Snapshots/Temp/IEP_Placement_20241130.QVD","no-sql-select","LEFT JOIN([IEP_Placement])
SQL
SELECT
	[IEP Placement Key],
    [Placement Final Milestone Date],
	[Expected 13 Week Ach"
"ESS/IEP/Snapshots/Temp/IEP_Placement_20241231.QVD","no-sql-select","LEFT JOIN([IEP_Placement])
SQL
SELECT
	[IEP Placement Key],
    [Placement Final Milestone Date],
	[Expected 13 Week Ach"
"ESS/IEP/Snapshots/Temp/IEP_Placement_20250131.QVD","no-sql-select","LEFT JOIN([IEP_Placement])
SQL
SELECT
	[IEP Placement Key],
    [Placement Final Milestone Date],
	[Expected 13 Week Ach"
"ESS/IEP/Snapshots/Temp/IEP_Placement_20250228.QVD","no-sql-select","LEFT JOIN([IEP_Placement])
SQL
SELECT
	[IEP Placement Key],
    [Placement Final Milestone Date],
	[Expected 13 Week Ach"
"ESS/IEP/Snapshots/Temp/IEP_Placement_20250331.QVD","no-sql-select","LEFT JOIN([IEP_Placement])
SQL
SELECT
	[IEP Placement Key],
    [Placement Final Milestone Date],
	[Expected 13 Week Ach"
"ESS/IEP/Snapshots/Temp/IEP_Placement_20250430.QVD","no-sql-select","LEFT JOIN([IEP_Placement])
SQL
SELECT
	[IEP Placement Key],
    [Placement Final Milestone Date],
	[Expected 13 Week Ach"
"ESS/IEP/Snapshots/Temp/IEP_Placement_20250531.QVD","no-sql-select","LEFT JOIN([IEP_Placement])
SQL
SELECT
	[IEP Placement Key],
    [Placement Final Milestone Date],
	[Expected 13 Week Ach"
"ESS/IEP/Snapshots/Temp/IEP_Placement_20250630.QVD","no-sql-select","LEFT JOIN([IEP_Placement])
SQL
SELECT
	[IEP Placement Key],
    [Placement Final Milestone Date],
	[Expected 13 Week Ach"
"ESS/IEP/Snapshots/Temp/IEP_Placement_20250731.QVD","no-sql-select","LEFT JOIN([IEP_Placement])
SQL
SELECT
	[IEP Placement Key],
    [Placement Final Milestone Date],
	[Expected 13 Week Ach"
"ESS/IEP/Snapshots/Temp/IEP_Placement_20250831.QVD","no-sql-select","LEFT JOIN([IEP_Placement])
SQL
SELECT
	[IEP Placement Key],
    [Placement Final Milestone Date],
	[Expected 13 Week Ach"
"ESS/IEP/Snapshots/Temp/IEP_Placement_20250930.QVD","no-sql-select","LEFT JOIN([IEP_Placement])
SQL
SELECT
	[IEP Placement Key],
    [Placement Final Milestone Date],
	[Expected 13 Week Ach"
"ESS/IEP/Snapshots/Temp/IEP_Placement_20251231.QVD","no-sql-select","LEFT JOIN([IEP_Placement])
SQL
SELECT
	[IEP Placement Key],
    [Placement Final Milestone Date],
	[Expected 13 Week Ach"
"ESS/IEP/Snapshots/Temp/IEP_Placement_20260228.QVD","no-sql-select","LEFT JOIN([IEP_Placement])
SQL
SELECT
	[IEP Placement Key],
    [Placement Final Milestone Date],
	[Expected 13 Week Ach"
"ESS/IEP/Snapshots/Temp/IEP_Placement_20260430.QVD","no-sql-select","LEFT JOIN([IEP_Placement])
SQL
SELECT
	[IEP Placement Key],
    [Placement Final Milestone Date],
	[Expected 13 Week Ach"
"ESS/IEP/Snapshots/Temp/IEP_Placement_20260531.QVD","no-sql-select","LEFT JOIN([IEP_Placement])
SQL
SELECT
	[IEP Placement Key],
    [Placement Final Milestone Date],
	[Expected 13 Week Ach"
"ESS/IEP/Snapshots/Temp/IEP_Placement_20260630.QVD","no-sql-select","LEFT JOIN([IEP_Placement])
SQL
SELECT
	[IEP Placement Key],
    [Placement Final Milestone Date],
	[Expected 13 Week Ach"
"ESS/IEP/Snapshots/Temp/IEP_Provider.QVD","from-no-dot","[IEP_Provider]:

select [IEP Provider Key],
    	[IEP Provider Snapshot Date],
    	[IEP Provider Extract Date],
       "
"ESS/IEP/Snapshots/Temp/IEP_Provider_20200930.QVD","from-no-dot","[IEP_Provider]:

select [IEP Provider Key],
    	[IEP Provider Snapshot Date],
    	[IEP Provider Extract Date],
       "
"ESS/IEP/Snapshots/Temp/IEP_Provider_20201031.QVD","from-no-dot","[IEP_Provider]:

select [IEP Provider Key],
    	[IEP Provider Snapshot Date],
    	[IEP Provider Extract Date],
       "
"ESS/IEP/Snapshots/Temp/IEP_Provider_20201130.QVD","from-no-dot","[IEP_Provider]:

select [IEP Provider Key],
    	[IEP Provider Snapshot Date],
    	[IEP Provider Extract Date],
       "
"ESS/IEP/Snapshots/Temp/IEP_Provider_20201231.QVD","from-no-dot","[IEP_Provider]:

select [IEP Provider Key],
    	[IEP Provider Snapshot Date],
    	[IEP Provider Extract Date],
       "
"ESS/IEP/Snapshots/Temp/IEP_Provider_20210131.QVD","from-no-dot","[IEP_Provider]:

select [IEP Provider Key],
    	[IEP Provider Snapshot Date],
    	[IEP Provider Extract Date],
       "
"ESS/IEP/Snapshots/Temp/IEP_Provider_20211130.QVD","from-no-dot","[IEP_Provider]:

select [IEP Provider Key],
    	[IEP Provider Snapshot Date],
    	[IEP Provider Extract Date],
       "
"ESS/IEP/Snapshots/Temp/IEP_Provider_20211231.QVD","from-no-dot","[IEP_Provider]:

select [IEP Provider Key],
    	[IEP Provider Snapshot Date],
    	[IEP Provider Extract Date],
       "
"ESS/IEP/Snapshots/Temp/IEP_Provider_20220131.QVD","from-no-dot","[IEP_Provider]:

select [IEP Provider Key],
    	[IEP Provider Snapshot Date],
    	[IEP Provider Extract Date],
       "
"ESS/IEP/Snapshots/Temp/IEP_Provider_20220228.QVD","from-no-dot","[IEP_Provider]:

select [IEP Provider Key],
    	[IEP Provider Snapshot Date],
    	[IEP Provider Extract Date],
       "
"ESS/IEP/Snapshots/Temp/IEP_Provider_20220331.QVD","from-no-dot","[IEP_Provider]:

select [IEP Provider Key],
    	[IEP Provider Snapshot Date],
    	[IEP Provider Extract Date],
       "
"ESS/IEP/Snapshots/Temp/IEP_Provider_20220430.QVD","from-no-dot","[IEP_Provider]:

select [IEP Provider Key],
    	[IEP Provider Snapshot Date],
    	[IEP Provider Extract Date],
       "
"ESS/IEP/Snapshots/Temp/IEP_Provider_20220531.QVD","from-no-dot","[IEP_Provider]:

select [IEP Provider Key],
    	[IEP Provider Snapshot Date],
    	[IEP Provider Extract Date],
       "
"ESS/IEP/Snapshots/Temp/IEP_Provider_20220630.QVD","from-no-dot","[IEP_Provider]:

select [IEP Provider Key],
    	[IEP Provider Snapshot Date],
    	[IEP Provider Extract Date],
       "
"ESS/IEP/Snapshots/Temp/IEP_Provider_20240331.QVD","from-no-dot","[IEP_Provider]:
select [IEP Provider Key],
       [IEP Provider Snapshot Date],
       [IEP Provider Extract Date],
    "
"ESS/IEP/Snapshots/Temp/IEP_Provider_20240430.QVD","from-no-dot","[IEP_Provider]:
select [IEP Provider Key],
       [IEP Provider Snapshot Date],
       [IEP Provider Extract Date],
    "
"ESS/IEP/Snapshots/Temp/IEP_Provider_20240531.QVD","from-no-dot","[IEP_Provider]:
select [IEP Provider Key],
       [IEP Provider Snapshot Date],
       [IEP Provider Extract Date],
    "
"ESS/IEP/Snapshots/Temp/IEP_Provider_20240630.QVD","from-no-dot","[IEP_Provider]:
select [IEP Provider Key],
       [IEP Provider Snapshot Date],
       [IEP Provider Extract Date],
    "
"ESS/IEP/Snapshots/Temp/IEP_Provider_20240731.QVD","from-no-dot","[IEP_Provider]:
select [IEP Provider Key],
       [IEP Provider Snapshot Date],
       [IEP Provider Extract Date],
    "
"ESS/IEP/Snapshots/Temp/IEP_Provider_20240831.QVD","from-no-dot","[IEP_Provider]:
select [IEP Provider Key],
       [IEP Provider Snapshot Date],
       [IEP Provider Extract Date],
    "
"ESS/IEP/Snapshots/Temp/IEP_Provider_20241031.QVD","from-no-dot","[IEP_Provider]:
select [IEP Provider Key],
       [IEP Provider Snapshot Date],
       [IEP Provider Extract Date],
    "
"ESS/IEP/Snapshots/Temp/IEP_Provider_20241130.QVD","from-no-dot","[IEP_Provider]:
select [IEP Provider Key],
       [IEP Provider Snapshot Date],
       [IEP Provider Extract Date],
    "
"ESS/IEP/Snapshots/Temp/IEP_Provider_20241231.QVD","from-no-dot","[IEP_Provider]:
select [IEP Provider Key],
       [IEP Provider Snapshot Date],
       [IEP Provider Extract Date],
    "
"ESS/IEP/Snapshots/Temp/IEP_Provider_20250131.QVD","from-no-dot","[IEP_Provider]:
select [IEP Provider Key],
       [IEP Provider Snapshot Date],
       [IEP Provider Extract Date],
    "
"ESS/IEP/Snapshots/Temp/IEP_Provider_20250228.QVD","from-no-dot","[IEP_Provider]:
select [IEP Provider Key],
       [IEP Provider Snapshot Date],
       [IEP Provider Extract Date],
    "
"ESS/IEP/Snapshots/Temp/IEP_Provider_20250331.QVD","from-no-dot","[IEP_Provider]:
select [IEP Provider Key],
       [IEP Provider Snapshot Date],
       [IEP Provider Extract Date],
    "
"ESS/IEP/Snapshots/Temp/IEP_Provider_20250430.QVD","from-no-dot","[IEP_Provider]:
select [IEP Provider Key],
       [IEP Provider Snapshot Date],
       [IEP Provider Extract Date],
    "
"ESS/IEP/Snapshots/Temp/IEP_Provider_20250531.QVD","from-no-dot","[IEP_Provider]:
select [IEP Provider Key],
       [IEP Provider Snapshot Date],
       [IEP Provider Extract Date],
    "
"ESS/IEP/Snapshots/Temp/IEP_Provider_20250630.QVD","from-no-dot","[IEP_Provider]:
select [IEP Provider Key],
       [IEP Provider Snapshot Date],
       [IEP Provider Extract Date],
    "
"ESS/IEP/Snapshots/Temp/IEP_Provider_20250731.QVD","from-no-dot","[IEP_Provider]:
select [IEP Provider Key],
       [IEP Provider Snapshot Date],
       [IEP Provider Extract Date],
    "
"ESS/IEP/Snapshots/Temp/IEP_Provider_20250831.QVD","from-no-dot","[IEP_Provider]:
select [IEP Provider Key],
       [IEP Provider Snapshot Date],
       [IEP Provider Extract Date],
    "
"ESS/IEP/Snapshots/Temp/IEP_Provider_20250930.QVD","from-no-dot","[IEP_Provider]:
select [IEP Provider Key],
       [IEP Provider Snapshot Date],
       [IEP Provider Extract Date],
    "
"ESS/IEP/Snapshots/Temp/IEP_Provider_20251231.QVD","from-no-dot","[IEP_Provider]:
select [IEP Provider Key],
       [IEP Provider Snapshot Date],
       [IEP Provider Extract Date],
    "
"ESS/IEP/Snapshots/Temp/IEP_Provider_20260228.QVD","from-no-dot","[IEP_Provider]:
select [IEP Provider Key],
       [IEP Provider Snapshot Date],
       [IEP Provider Extract Date],
    "
"ESS/IEP/Snapshots/Temp/IEP_Provider_20260430.QVD","from-no-dot","[IEP_Provider]:
select [IEP Provider Key],
       [IEP Provider Snapshot Date],
       [IEP Provider Extract Date],
    "
"ESS/IEP/Snapshots/Temp/IEP_Provider_20260531.QVD","from-no-dot","[IEP_Provider]:
select [IEP Provider Key],
       [IEP Provider Snapshot Date],
       [IEP Provider Extract Date],
    "
"ESS/IEP/Snapshots/Temp/IEP_Provider_20260630.QVD","from-no-dot","[IEP_Provider]:
select [IEP Provider Key],
       [IEP Provider Snapshot Date],
       [IEP Provider Extract Date],
    "
"ESS/IEP/Temp/CDP_Contract_Referral_Placement.QVD","from-no-dot","[CDP_Contract_Referral_Placement]:
LOAD
	[CDP Contract Referral Placement Snapshot Date],
    [_CDP Job Seeker to Contra"
"ESS/IEP/Temp/CDP_Job_Seeker.QVD","from-no-dot","[CDP_Job_Seeker]:
SELECT DISTINCT
	JS.[EXTRACT_DATE]						as [CDP Job Seeker Extract Date]
	,'17/08/2026'						as [CDP J"
"ESS/IEP/Temp/IEP_Activity.QVD","no-sql-select","[IEP_Activity]:
SQL
SELECT DISTINCT
CONVERT(VARCHAR,P.ProjectId) + '|'
+ '17/08/2026'									AS [IEP Activity Key],
'17"
"ESS/IEP/Temp/IEP_Activity_1000_Jobs.QVD","no-sql-select","[IEP_Activity_1000_Jobs]:

SQL
SELECT *
FROM ESS.[IEP Activity]
where ([IEP Program Element] = 'JOBP' or [Project Type C"
"ESS/IEP/Temp/IEP_Activity_Contact.QVD","no-sql-select","[IEP_Activity_Contact]:
	SQL
	SELECT DISTINCT
		CONVERT(VARCHAR,CNTCT.ProjectId) + '|'
			+ '17/08/2026'										AS [IE"
"ESS/IEP/Temp/IEP_Activity_Expenditure.QVD","from-no-dot","[IEP_Activity_Expenditure]:
SELECT
	[IEP Activity Key],
	[IEP Activity Snapshot Date],
	[IEP Activity Extract Date],
	[I"
"ESS/IEP/Temp/IEP_Claim_Payments.QVD","no-sql-select","tmp.IEP_Claim_Payments:
    SELECT
        CONVERT(VARCHAR,ProjectId) + '|' 
        	+ '17/08/2026' 			AS [IEP Activity"
"ESS/IEP/Temp/IEP_Job_Seeker.QVD","from-no-dot","[IEP_Job_Seeker]:
    SELECT
    	'17/08/2026'									as [IEP Job Seeker Snapshot Date],
        EXTRACT_DATE										"
"ESS/IEP/Temp/IEP_LOCATIONS.QVD","from-no-dot","[IEP_Locations]:
SELECT distinct
[IEP Activity Key]
,[IEP Activity Snapshot Date]
,[IEP Activity Extract Date]
,[IEP Act"
"ESS/IEP/Temp/IEP_Outcome.QVD","from-no-dot","[IEP_Outcome]:
SELECT
    '17/08/2026'										AS [IEP Outcome Snapshot Date],
	OC.EXTRACT_DATE											AS [IEP Outco"
"ESS/IEP/Temp/IEP_Placement.QVD","no-sql-select","LEFT JOIN([IEP_Placement])
SQL
SELECT
		[IEP Placement Key]
	   ,[Placement Max Paid Outcome Week]
	   ,[Placement Achie"
"ESS/IEP/Temp/IEP_Provider.QVD","from-no-dot","[IEP_Provider]:
select [IEP Provider Key],
       [IEP Provider Snapshot Date],
       [IEP Provider Extract Date],
    "
"ESS/NIAA/Grant Application Build.QVD","no-sql-select","[Application Build Tracker]:
	Load 
	   [Application Build Id]
      ,[Planned Activity Id]						as [Planned Activity]  "
"ESS/Subs/SUB801_CDP_CRP_HISTORY_NIAA.QVD","no-sql-select","[SUB801_CDP_CRP_HISTORY_NIAA]:
    SQL
    SELECT
    		*
    FROM ESS.""SUB801_CDP_CRP_HISTORY_NIAA"""
"ESS/Subs/SUB802_CDP_CR_HISTORY_NIAA.QVD","no-sql-select","[SUB802_CDP_CR_HISTORY_NIAA]:
    SQL
    SELECT
    		*
    FROM ESS.""SUB802_CDP_CR_HISTORY_NIAA"""
"ESS/Subs/SUB803_IEP_PAYMENTS_NIAA.QVD","no-sql-select","[SUB803_IEP_PAYMENTS_NIAA]:
    SQL
    SELECT
    		*
    FROM ESS.""SUB803_IEP_PAYMENTS_NIAA"""
"ESS/Subs/SUB804_IEP_PROJECT_HISTORY_NIAA.QVD","no-sql-select","[SUB804_IEP_PROJECT_HISTORY_NIAA]:
    SQL
    SELECT
    		*
    FROM ESS.""SUB804_IEP_PROJECT_HISTORY_NIAA"""
"ESS/Subs/SUB805_IEP_PROJECT_LOCATION_HISTORY_NIAA.QVD","no-sql-select","[SUB805_IEP_PROJECT_LOCATION_HISTORY_NIAA]:
    SQL
    SELECT
    		*
    FROM ESS.""SUB805_IEP_PROJECT_LOCATION_HISTORY"
"ESS/Subs/SUB806_IEP_PROJECT_PLACEMENT_HISTORY_NIAA.QVD","no-sql-select","[SUB806_IEP_PROJECT_PLACEMENT_HISTORY_NIAA]:
    SQL
    SELECT
    		*
    FROM ESS.""SUB806_IEP_PROJECT_PLACEMENT_HISTO"
"ESS/Subs/SUB807_IEP_EXITED_PLACEMENT_HISTORY_NIAA.QVD","no-sql-select","[SUB807_IEP_EXITED_PLACEMENT_HISTORY_NIAA]:
    SQL
    SELECT
    		*
    FROM ESS.""SUB807_IEP_EXITED_PLACEMENT_HISTORY"
"ESS/Subs/SUB808_IEP_PLACEMENT_GROUP_HISTORY_NIAA.QVD","no-sql-select","[SUB808_IEP_PLACEMENT_GROUP_HISTORY_NIAA]:
    SQL
    SELECT
    		*
    FROM ESS.""SUB808_IEP_PLACEMENT_GROUP_HISTORY_N"
"ESS/Subs/SUB809_IEP_MILESTONE_HISTORY_NIAA.QVD","no-sql-select","[SUB809_IEP_MILESTONE_HISTORY_NIAA]:
    SQL
    SELECT
    		*
    FROM ESS.""SUB809_IEP_MILESTONE_HISTORY_NIAA"""
"ESS/Subs/SUB810_IEP_OUTCOME_HISTORY_NIAA.QVD","no-sql-select","[SUB810_IEP_OUTCOME_HISTORY_NIAA]:
    SQL
    SELECT
    		*
    FROM ESS.""SUB810_IEP_OUTCOME_HISTORY_NIAA"""
"ESS/Subs/SUB811_LOOKUP_ADW_CODE_NIAA.QVD","no-sql-select","[SUB811_LOOKUP_ADW_CODE_NIAA]:
    SQL
    SELECT
    		*
    FROM ESS.""SUB811_LOOKUP_ADW_CODE_NIAA"""
"ESS/Subs/SUB812_PROVIDER_ADDRESS_NIAA.QVD","no-sql-select","[SUB812_PROVIDER_ADDRESS_NIAA]:
    SQL
    SELECT
    		*
    FROM ESS.""SUB812_PROVIDER_ADDRESS_NIAA"""
"ESS/Subs/SUB813_PROVIDER_ADDRESS_MAPPING_NIAA.QVD","no-sql-select","[SUB813_PROVIDER_ADDRESS_MAPPING_NIAA]:
    SQL
    SELECT
    		*
    FROM ESS.""SUB813_PROVIDER_ADDRESS_MAPPING_NIAA"""
"ESS/Subs/SUB814_JOBSEEKER_NIAA.QVD","no-sql-select","[SUB814_JOBSEEKER_NIAA]:
    SQL
    SELECT
    		*
    FROM ESS.""SUB814_JOBSEEKER_NIAA"""
"ESS/Subs/SUB815_PROVIDER_PRE_ESSWEB_NIAA.QVD","no-sql-select","[SUB815_PROVIDER_PRE_ESSWEB_NIAA]:
    SQL
    SELECT
    		*
    FROM ESS.""SUB815_PROVIDER_PRE_ESSWEB_NIAA"""
"ESS/Subs/SUB816_PROVIDER_NIAA.QVD","no-sql-select","[SUB816_PROVIDER_NIAA]:
    SQL
    SELECT
    		*
    FROM ESS.""SUB816_PROVIDER_NIAA"""
"ESS/Subs/SUB817_IEP_PROJECT_CONTACT_NIAA.QVD","no-sql-select","[SUB817_IEP_PROJECT_CONTACT_NIAA]:
    SQL
    SELECT
    		*
    FROM ESS.""SUB817_IEP_PROJECT_CONTACT_NIAA"""
"ESS/Subs/SUB818_LKP_DIM_SUBURB_GEOCODED_NIAA.QVD","no-sql-select","[SUB818_LKP_DIM_SUBURB_GEOCODED_NIAA]:
    SQL
    SELECT
    		*
    FROM ESS.""SUB818_LKP_DIM_SUBURB_GEOCODED_NIAA"""
"ESS/Subs/SUB819_CDP_ACTIVITY_REFERRAL_NIAA.QVD","no-sql-select","[SUB819_CDP_ACTIVITY_REFERRAL_NIAA]:
    SQL
    SELECT
    		*
    FROM ESS.""SUB819_CDP_ACTIVITY_REFERRAL_NIAA"""
"ESS/Subs/SUB820_CDP_TOWD_NIAA.QVD","no-sql-select","[SUB820_CDP_TOWD_NIAA]:
    SQL
    SELECT
    		*
    FROM ESS.""SUB820_CDP_TOWD_NIAA"""
"ESS/Subs/SUB821_JS_BARRIER_NIAA.QVD","no-sql-select","[SUB821_JS_BARRIER_NIAA]:
    SQL
    SELECT
    		*
    FROM ESS.""SUB821_JS_BARRIER_NIAA"""
"ESS/Subs/SUB826_SITE_CONTRACT_NIAA.QVD","no-sql-select","[SUB826_SITE_CONTRACT_NIAA]:
    SQL
    SELECT
    		*
    FROM ESS.""SUB826_SITE_CONTRACT_NIAA"""
"ESS/Subs/SUB827_VACANCY_NIAA.QVD","no-sql-select","[SUB827_VACANCY_NIAA]:
    SQL
    SELECT
    		*
    FROM ESS.""SUB827_VACANCY_NIAA"""
"ESS/Subs/SUB828_VACANCY_REFERRAL_NIAA.QVD","no-sql-select","[SUB828_VACANCY_REFERRAL_NIAA]:
    SQL
    SELECT
    		*
    FROM ESS.""SUB828_VACANCY_REFERRAL_NIAA"""
"ESS/Subs/SUB829_VACANCY_REFERRAL_END_DT_NIAA.QVD","no-sql-select","[SUB829_VACANCY_REFERRAL_END_DT_NIAA]:
    SQL
    SELECT
    		*
    FROM ESS.""SUB829_VACANCY_REFERRAL_END_DT_NIAA"""
"ESS/Subs/SUB830_VDEN_VACANCY_NIAA.QVD","no-sql-select","[SUB830_VDEN_VACANCY_NIAA]:
    SQL
    SELECT
    		*
    FROM ESS.""SUB830_VDEN_VACANCY_NIAA"""
"ESS/Subs/SUB831_EMPLOYER_NIAA.QVD","no-sql-select","[SUB831_EMPLOYER_NIAA]:
    SQL
    SELECT
    		*
    FROM ESS.""SUB831_EMPLOYER_NIAA"""
"ESS/Subs/SUB832_EMPLOYER_DEN_NIAA.QVD","no-sql-select","[SUB832_EMPLOYER_DEN_NIAA]:
    SQL
    SELECT
    		*
    FROM ESS.""SUB832_EMPLOYER_DEN_NIAA"""
"ESS/Subs/SUB833_CDP_ACTIVITY_NIAA.QVD","no-sql-select","[SUB833_CDP_ACTIVITY_NIAA]:
    SQL
    SELECT
    		*
    FROM ESS.""SUB833_CDP_ACTIVITY_NIAA"""
"ESS/Subs/SUB834_CDP_JSKALLOWANCE_NIAA.QVD","no-sql-select","[SUB834_CDP_JSKALLOWANCE_NIAA]:
    SQL
    SELECT
    		*
    FROM ESS.""SUB834_CDP_JSKALLOWANCE_NIAA"""
"ESS/Subs/SUB835_CDP_JSKRATE_NIAA.QVD","no-sql-select","[SUB835_CDP_JSKRATE_NIAA]:
    SQL
    SELECT
    		*
    FROM ESS.""SUB835_CDP_JSKRATE_NIAA"""
"ESS/Subs/SUB837_CDP_DEN_JS_CHARACTERISTICS_NIAA.QVD","no-sql-select","[SUB837_CDP_DEN_JS_CHARACTERISTICS_NIAA]:
    SQL
    SELECT
    		*
    FROM ESS.""SUB837_CDP_DEN_JS_CHARACTERISTICS_NIA"
"ESS/Subs/SUB838_CDP_VDEN_CLAIM_RJCP_NIAA.QVD","no-sql-select","[SUB838_CDP_VDEN_CLAIM_RJCP_NIAA]:
    SQL
    SELECT
    		*
    FROM ESS.""SUB838_CDP_VDEN_CLAIM_RJCP_NIAA"""
"ESS/Subs/SUB839_LKP_DIM_PROVIDER_GEOCODED_NIAA.QVD","no-sql-select","[SUB839_LKP_DIM_PROVIDER_GEOCODED_NIAA]:
    SQL
    SELECT
    		*
    FROM ESS.""SUB839_LKP_DIM_PROVIDER_GEOCODED_NIAA"""
"ESS/Subs/SUB840_JP_JOB_PLAN_ACTIVITY_NIAA.QVD","no-sql-select","[SUB840_JP_JOB_PLAN_ACTIVITY_NIAA]:
    SQL
    SELECT
    		*
    FROM ESS.""SUB840_JP_JOB_PLAN_ACTIVITY_NIAA"""
"ESS/Subs/SUB841_JP_JOB_PLAN_ASSISTANCE_NIAA.QVD","no-sql-select","[SUB841_JP_JOB_PLAN_ASSISTANCE_NIAA]:
    SQL
    SELECT
    		*
    FROM ESS.""SUB841_JP_JOB_PLAN_ASSISTANCE_NIAA"""
"ESS/Subs/SUB842_JP_ASSISTANCE_NIAA.QVD","no-sql-select","[SUB842_JP_ASSISTANCE_NIAA]:
    SQL
    SELECT
    		*
    FROM ESS.""SUB842_JP_ASSISTANCE_NIAA"""
"ESS/Subs/SUB843_vDEN_JS_JOB_PLAN_ACTIVITY_NIAA.QVD","no-sql-select","[SUB843_vDEN_JS_JOB_PLAN_ACTIVITY_NIAA]:
    SQL
    SELECT
    		*
    FROM ESS.""SUB843_vDEN_JS_JOB_PLAN_ACTIVITY_NIAA"""
"ESS/Subs/SUB844_JS_BARRIER_ASSISTANCE_LINK_NIAA.QVD","no-sql-select","[SUB844_JS_BARRIER_ASSISTANCE_LINK_NIAA]:
    SQL
    SELECT
    		*
    FROM ESS.""SUB844_JS_BARRIER_ASSISTANCE_LINK_NIA"
"ESS/Subs/SUB845_JS_BARRIER_ACTIVITY_LINK_NIAA.QVD","no-sql-select","[SUB845_JS_BARRIER_ACTIVITY_LINK_NIAA]:
    SQL
    SELECT
    		*
    FROM ESS.""SUB845_JS_BARRIER_ACTIVITY_LINK_NIAA"""
"ESS/Subs/SUB846_VAPPOINTMENT_NIAA.QVD","no-sql-select","[SUB846_VAPPOINTMENT_NIAA]:
    SQL
    SELECT
    		*
    FROM ESS.""SUB846_VAPPOINTMENT_NIAA"""
"ESS/Subs/SUB847_JCA_ASSESSMENT_NIAA.QVD","no-sql-select","[SUB847_JCA_ASSESSMENT_NIAA]:
    SQL
    SELECT
    		*
    FROM ESS.""SUB847_JCA_ASSESSMENT_NIAA"""
"ESS/Subs/SUB848_JCA_ASSESSMENT_VERSION_NIAA.QVD","no-sql-select","[SUB848_JCA_ASSESSMENT_VERSION_NIAA]:
    SQL
    SELECT
    		*
    FROM ESS.""SUB848_JCA_ASSESSMENT_VERSION_NIAA"""
"ESS/Subs/SUB849_JSCI_CLASSIFICATION_AIP_NIAA.QVD","no-sql-select","[SUB849_JSCI_CLASSIFICATION_AIP_NIAA]:
    SQL
    SELECT
    		*
    FROM ESS.""SUB849_JSCI_CLASSIFICATION_AIP_NIAA"""
"ESS/Subs/SUB850_JSCI_CLASSIFICATION_NIAA.QVD","no-sql-select","[SUB850_JSCI_CLASSIFICATION_NIAA]:
    SQL
    SELECT
    		*
    FROM ESS.""SUB850_JSCI_CLASSIFICATION_NIAA"""
"ESS/Subs/SUB851_JSCI_QUESTION_NIAA.QVD","no-sql-select","[SUB851_JSCI_QUESTION_NIAA]:
    SQL
    SELECT
    		*
    FROM ESS.""SUB851_JSCI_QUESTION_NIAA"""
"ESS/Subs/SUB852_JSCI_RESPONSE_NIAA.QVD","no-sql-select","[SUB852_JSCI_RESPONSE_NIAA]:
    SQL
    SELECT
    		*
    FROM ESS.""SUB852_JSCI_RESPONSE_NIAA"""
"ESS/Subs/SUB853_PTW5_TRANSITION_PLAN_NIAA.QVD","no-sql-select","[SUB853_PTW5_TRANSITION_PLAN_NIAA]:
    SQL
    SELECT
    		*
    FROM ESS.""SUB853_PTW5_TRANSITION_PLAN_NIAA"""
"ESS/Subs/SUB854_JOB_PLAN_NIAA.QVD","no-sql-select","[SUB854_JOB_PLAN_NIAA]:
    SQL
    SELECT
    		*
    FROM ESS.""SUB854_JOB_PLAN_NIAA"""
"ESS/Subs/SUB856_JP_ACTIVITY_NIAA.QVD","no-sql-select","[SUB856_JP_ACTIVITY_NIAA]:
    SQL
    SELECT
    		*
    FROM ESS.""SUB856_JP_ACTIVITY_NIAA"""
"ESS/Subs/SUB857_ACTIVITY_DETAIL_NIAA.QVD","no-sql-select","[SUB857_ACTIVITY_DETAIL_NIAA]:
    SQL
    SELECT
    		*
    FROM ESS.""SUB857_ACTIVITY_DETAIL_NIAA"""
"ESS/Subs/SUB858_CLAIM_NIAA.QVD","no-sql-select","[SUB858_CLAIM_NIAA]:
    SQL
    SELECT
    		*
    FROM ESS.""SUB858_CLAIM_NIAA"""
"ESS/Subs/SUB859_REFERRALLOCATION_NIAA.QVD","no-sql-select","[SUB859_REFERRALLOCATION_NIAA]:
    SQL
    SELECT
    		*
    FROM ESS.""SUB859_REFERRALLOCATION_NIAA"""
"ESS/Subs/SUB860_ATTENDANCE_NIAA.QVD","no-sql-select","[SUB860_ATTENDANCE_NIAA]:
    SQL
    SELECT
    		*
    FROM ESS.""SUB860_ATTENDANCE_NIAA"""
"ESS/Subs/SUB861_ATTENDANCERESULT_NIAA.QVD","no-sql-select","[SUB861_ATTENDANCERESULT_NIAA]:
    SQL
    SELECT
    		*
    FROM ESS.""SUB861_ATTENDANCERESULT_NIAA"""
"ESS/Subs/SUB862_SESSION_NIAA.QVD","no-sql-select","[SUB862_SESSION_NIAA]:
    SQL
    SELECT
    		*
    FROM ESS.""SUB862_SESSION_NIAA"""
"ESS/Subs/SUB863_EBIW_ESAM_USERS_NIAA.QVD","no-sql-select","[SUB863_EBIW_ESAM_USERS_NIAA]:
    SQL
    SELECT
    		*
    FROM ESS.""SUB863_EBIW_ESAM_USERS_NIAA"""
"ESS/Subs/SUB864_JS_EXEMPTION_NIAA.QVD","no-sql-select","[SUB864_JS_EXEMPTION_NIAA]:
    SQL
    SELECT
    		*
    FROM ESS.""SUB864_JS_EXEMPTION_NIAA"""
"ESS/Subs/SUB865_RECRUITMENT_SCHEDULE_NIAA.QVD","no-sql-select","[SUB865_RECRUITMENT_SCHEDULE_NIAA]:
    SQL
    SELECT
    		*
    FROM ESS.""SUB865_RECRUITMENT_SCHEDULE_NIAA"""
"ESS/Subs/SUB866_JS_SENSITIVE_IND_NIAA.QVD","no-sql-select","[SUB866_JS_SENSITIVE_IND_NIAA]:
    SQL
    SELECT
    		*
    FROM ESS.""SUB866_JS_SENSITIVE_IND_NIAA"""
"ESS/Subs/SUB867_JSK_RATE_HISTORY_NIAA.QVD","no-sql-select","[SUB867_JSK_RATE_HISTORY_NIAA]:
    SQL
    SELECT
    		*
    FROM ESS.""SUB867_JSK_RATE_HISTORY_NIAA"""
"ESS/Subs/SUB868_JCA_WORK_CAPACITY_NIAA.QVD","no-sql-select","[SUB868_JCA_WORK_CAPACITY_NIAA]:
    SQL
    SELECT
    		*
    FROM ESS.""SUB868_JCA_WORK_CAPACITY_NIAA"""
"ESS/Subs/SUB869_JSK_PARTICIPATION_PROFILE_NIAA.QVD","no-sql-select","[SUB869_JSK_PARTICIPATION_PROFILE_NIAA]:
    SQL
    SELECT
    		*
    FROM ESS.""SUB869_JSK_PARTICIPATION_PROFILE_NIAA"""
"ESS/Subs/SUB870_JSK_PARTICIPATION_PROFILE_HISTORY_NIAA.QVD","no-sql-select","[SUB870_JSK_PARTICIPATION_PROFILE_HISTORY_NIAA]:
    SQL
    SELECT
    		*
    FROM ESS.""SUB870_JSK_PARTICIPATION_PROFI"
"ESS/Subs/SUB871_CDP_CONTRACT_HISTORY_NIAA.QVD","no-sql-select","[SUB871_CDP_CONTRACT_HISTORY_NIAA]:
    SQL
    SELECT
    		*
    FROM ESS.""SUB871_CDP_CONTRACT_HISTORY_NIAA"""
"ESS/Subs/Temp/SUB801_CDP_CRP_HISTORY_NIAA.QVD","no-sql-select","[SUB801_CDP_CRP_HISTORY_NIAA]:
    SQL
    SELECT
    		*
    FROM ESS.""SUB801_CDP_CRP_HISTORY_NIAA"""
"ESS/Subs/Temp/SUB802_CDP_CR_HISTORY_NIAA.QVD","no-sql-select","[SUB802_CDP_CR_HISTORY_NIAA]:
    SQL
    SELECT
    		*
    FROM ESS.""SUB802_CDP_CR_HISTORY_NIAA"""
"ESS/Subs/Temp/SUB803_IEP_PAYMENTS_NIAA.QVD","no-sql-select","[SUB803_IEP_PAYMENTS_NIAA]:
    SQL
    SELECT
    		*
    FROM ESS.""SUB803_IEP_PAYMENTS_NIAA"""
"ESS/Subs/Temp/SUB804_IEP_PROJECT_HISTORY_NIAA.QVD","no-sql-select","[SUB804_IEP_PROJECT_HISTORY_NIAA]:
    SQL
    SELECT
    		*
    FROM ESS.""SUB804_IEP_PROJECT_HISTORY_NIAA"""
"ESS/Subs/Temp/SUB805_IEP_PROJECT_LOCATION_HISTORY_NIAA.QVD","no-sql-select","[SUB805_IEP_PROJECT_LOCATION_HISTORY_NIAA]:
    SQL
    SELECT
    		*
    FROM ESS.""SUB805_IEP_PROJECT_LOCATION_HISTORY"
"ESS/Subs/Temp/SUB806_IEP_PROJECT_PLACEMENT_HISTORY_NIAA.QVD","no-sql-select","[SUB806_IEP_PROJECT_PLACEMENT_HISTORY_NIAA]:
    SQL
    SELECT
    		*
    FROM ESS.""SUB806_IEP_PROJECT_PLACEMENT_HISTO"
"ESS/Subs/Temp/SUB807_IEP_EXITED_PLACEMENT_HISTORY_NIAA.QVD","no-sql-select","[SUB807_IEP_EXITED_PLACEMENT_HISTORY_NIAA]:
    SQL
    SELECT
    		*
    FROM ESS.""SUB807_IEP_EXITED_PLACEMENT_HISTORY"
"ESS/Subs/Temp/SUB808_IEP_PLACEMENT_GROUP_HISTORY_NIAA.QVD","no-sql-select","[SUB808_IEP_PLACEMENT_GROUP_HISTORY_NIAA]:
    SQL
    SELECT
    		*
    FROM ESS.""SUB808_IEP_PLACEMENT_GROUP_HISTORY_N"
"ESS/Subs/Temp/SUB809_IEP_MILESTONE_HISTORY_NIAA.QVD","no-sql-select","[SUB809_IEP_MILESTONE_HISTORY_NIAA]:
    SQL
    SELECT
    		*
    FROM ESS.""SUB809_IEP_MILESTONE_HISTORY_NIAA"""
"ESS/Subs/Temp/SUB810_IEP_OUTCOME_HISTORY_NIAA.QVD","no-sql-select","[SUB810_IEP_OUTCOME_HISTORY_NIAA]:
    SQL
    SELECT
    		*
    FROM ESS.""SUB810_IEP_OUTCOME_HISTORY_NIAA"""
"ESS/Subs/Temp/SUB811_LOOKUP_ADW_CODE_NIAA.QVD","no-sql-select","[SUB811_LOOKUP_ADW_CODE_NIAA]:
    SQL
    SELECT
    		*
    FROM ESS.""SUB811_LOOKUP_ADW_CODE_NIAA"""
"ESS/Subs/Temp/SUB812_PROVIDER_ADDRESS_NIAA.QVD","no-sql-select","[SUB812_PROVIDER_ADDRESS_NIAA]:
    SQL
    SELECT
    		*
    FROM ESS.""SUB812_PROVIDER_ADDRESS_NIAA"""
"ESS/Subs/Temp/SUB813_PROVIDER_ADDRESS_MAPPING_NIAA.QVD","no-sql-select","[SUB813_PROVIDER_ADDRESS_MAPPING_NIAA]:
    SQL
    SELECT
    		*
    FROM ESS.""SUB813_PROVIDER_ADDRESS_MAPPING_NIAA"""
"ESS/Subs/Temp/SUB814_JOBSEEKER_NIAA.QVD","no-sql-select","[SUB814_JOBSEEKER_NIAA]:
    SQL
    SELECT
    		*
    FROM ESS.""SUB814_JOBSEEKER_NIAA"""
"ESS/Subs/Temp/SUB815_PROVIDER_PRE_ESSWEB_NIAA.QVD","no-sql-select","[SUB815_PROVIDER_PRE_ESSWEB_NIAA]:
    SQL
    SELECT
    		*
    FROM ESS.""SUB815_PROVIDER_PRE_ESSWEB_NIAA"""
"ESS/Subs/Temp/SUB816_PROVIDER_NIAA.QVD","no-sql-select","[SUB816_PROVIDER_NIAA]:
    SQL
    SELECT
    		*
    FROM ESS.""SUB816_PROVIDER_NIAA"""
"ESS/Subs/Temp/SUB817_IEP_PROJECT_CONTACT_NIAA.QVD","no-sql-select","[SUB817_IEP_PROJECT_CONTACT_NIAA]:
    SQL
    SELECT
    		*
    FROM ESS.""SUB817_IEP_PROJECT_CONTACT_NIAA"""
"ESS/Subs/Temp/SUB818_LKP_DIM_SUBURB_GEOCODED_NIAA.QVD","no-sql-select","[SUB818_LKP_DIM_SUBURB_GEOCODED_NIAA]:
    SQL
    SELECT
    		*
    FROM ESS.""SUB818_LKP_DIM_SUBURB_GEOCODED_NIAA"""
"ESS/Subs/Temp/SUB819_CDP_ACTIVITY_REFERRAL_NIAA.QVD","no-sql-select","[SUB819_CDP_ACTIVITY_REFERRAL_NIAA]:
    SQL
    SELECT
    		*
    FROM ESS.""SUB819_CDP_ACTIVITY_REFERRAL_NIAA"""
"ESS/Subs/Temp/SUB820_CDP_TOWD_NIAA.QVD","no-sql-select","[SUB820_CDP_TOWD_NIAA]:
    SQL
    SELECT
    		*
    FROM ESS.""SUB820_CDP_TOWD_NIAA"""
"ESS/Subs/Temp/SUB821_JS_BARRIER_NIAA.QVD","no-sql-select","[SUB821_JS_BARRIER_NIAA]:
    SQL
    SELECT
    		*
    FROM ESS.""SUB821_JS_BARRIER_NIAA"""
"ESS/Subs/Temp/SUB826_SITE_CONTRACT_NIAA.QVD","no-sql-select","[SUB826_SITE_CONTRACT_NIAA]:
    SQL
    SELECT
    		*
    FROM ESS.""SUB826_SITE_CONTRACT_NIAA"""
"ESS/Subs/Temp/SUB827_VACANCY_NIAA.QVD","no-sql-select","[SUB827_VACANCY_NIAA]:
    SQL
    SELECT
    		*
    FROM ESS.""SUB827_VACANCY_NIAA"""
"ESS/Subs/Temp/SUB828_VACANCY_REFERRAL_NIAA.QVD","no-sql-select","[SUB828_VACANCY_REFERRAL_NIAA]:
    SQL
    SELECT
    		*
    FROM ESS.""SUB828_VACANCY_REFERRAL_NIAA"""
"ESS/Subs/Temp/SUB829_VACANCY_REFERRAL_END_DT_NIAA.QVD","no-sql-select","[SUB829_VACANCY_REFERRAL_END_DT_NIAA]:
    SQL
    SELECT
    		*
    FROM ESS.""SUB829_VACANCY_REFERRAL_END_DT_NIAA"""
"ESS/Subs/Temp/SUB830_VDEN_VACANCY_NIAA.QVD","no-sql-select","[SUB830_VDEN_VACANCY_NIAA]:
    SQL
    SELECT
    		*
    FROM ESS.""SUB830_VDEN_VACANCY_NIAA"""
"ESS/Subs/Temp/SUB831_EMPLOYER_NIAA.QVD","no-sql-select","[SUB831_EMPLOYER_NIAA]:
    SQL
    SELECT
    		*
    FROM ESS.""SUB831_EMPLOYER_NIAA"""
"ESS/Subs/Temp/SUB832_EMPLOYER_DEN_NIAA.QVD","no-sql-select","[SUB832_EMPLOYER_DEN_NIAA]:
    SQL
    SELECT
    		*
    FROM ESS.""SUB832_EMPLOYER_DEN_NIAA"""
"ESS/Subs/Temp/SUB833_CDP_ACTIVITY_NIAA.QVD","no-sql-select","[SUB833_CDP_ACTIVITY_NIAA]:
    SQL
    SELECT
    		*
    FROM ESS.""SUB833_CDP_ACTIVITY_NIAA"""
"ESS/Subs/Temp/SUB834_CDP_JSKALLOWANCE_NIAA.QVD","no-sql-select","[SUB834_CDP_JSKALLOWANCE_NIAA]:
    SQL
    SELECT
    		*
    FROM ESS.""SUB834_CDP_JSKALLOWANCE_NIAA"""
"ESS/Subs/Temp/SUB835_CDP_JSKRATE_NIAA.QVD","no-sql-select","[SUB835_CDP_JSKRATE_NIAA]:
    SQL
    SELECT
    		*
    FROM ESS.""SUB835_CDP_JSKRATE_NIAA"""
"ESS/Subs/Temp/SUB837_CDP_DEN_JS_CHARACTERISTICS_NIAA.QVD","no-sql-select","[SUB837_CDP_DEN_JS_CHARACTERISTICS_NIAA]:
    SQL
    SELECT
    		*
    FROM ESS.""SUB837_CDP_DEN_JS_CHARACTERISTICS_NIA"
"ESS/Subs/Temp/SUB838_CDP_VDEN_CLAIM_RJCP_NIAA.QVD","no-sql-select","[SUB838_CDP_VDEN_CLAIM_RJCP_NIAA]:
    SQL
    SELECT
    		*
    FROM ESS.""SUB838_CDP_VDEN_CLAIM_RJCP_NIAA"""
"ESS/Subs/Temp/SUB839_LKP_DIM_PROVIDER_GEOCODED_NIAA.QVD","no-sql-select","[SUB839_LKP_DIM_PROVIDER_GEOCODED_NIAA]:
    SQL
    SELECT
    		*
    FROM ESS.""SUB839_LKP_DIM_PROVIDER_GEOCODED_NIAA"""
"ESS/Subs/Temp/SUB840_JP_JOB_PLAN_ACTIVITY_NIAA.QVD","no-sql-select","[SUB840_JP_JOB_PLAN_ACTIVITY_NIAA]:
    SQL
    SELECT
    		*
    FROM ESS.""SUB840_JP_JOB_PLAN_ACTIVITY_NIAA"""
"ESS/Subs/Temp/SUB841_JP_JOB_PLAN_ASSISTANCE_NIAA.QVD","no-sql-select","[SUB841_JP_JOB_PLAN_ASSISTANCE_NIAA]:
    SQL
    SELECT
    		*
    FROM ESS.""SUB841_JP_JOB_PLAN_ASSISTANCE_NIAA"""
"ESS/Subs/Temp/SUB842_JP_ASSISTANCE_NIAA.QVD","no-sql-select","[SUB842_JP_ASSISTANCE_NIAA]:
    SQL
    SELECT
    		*
    FROM ESS.""SUB842_JP_ASSISTANCE_NIAA"""
"ESS/Subs/Temp/SUB843_vDEN_JS_JOB_PLAN_ACTIVITY_NIAA.QVD","no-sql-select","[SUB843_vDEN_JS_JOB_PLAN_ACTIVITY_NIAA]:
    SQL
    SELECT
    		*
    FROM ESS.""SUB843_vDEN_JS_JOB_PLAN_ACTIVITY_NIAA"""
"ESS/Subs/Temp/SUB844_JS_BARRIER_ASSISTANCE_LINK_NIAA.QVD","no-sql-select","[SUB844_JS_BARRIER_ASSISTANCE_LINK_NIAA]:
    SQL
    SELECT
    		*
    FROM ESS.""SUB844_JS_BARRIER_ASSISTANCE_LINK_NIA"
"ESS/Subs/Temp/SUB845_JS_BARRIER_ACTIVITY_LINK_NIAA.QVD","no-sql-select","[SUB845_JS_BARRIER_ACTIVITY_LINK_NIAA]:
    SQL
    SELECT
    		*
    FROM ESS.""SUB845_JS_BARRIER_ACTIVITY_LINK_NIAA"""
"ESS/Subs/Temp/SUB846_VAPPOINTMENT_NIAA.QVD","no-sql-select","[SUB846_VAPPOINTMENT_NIAA]:
    SQL
    SELECT
    		*
    FROM ESS.""SUB846_VAPPOINTMENT_NIAA"""
"ESS/Subs/Temp/SUB847_JCA_ASSESSMENT_NIAA.QVD","no-sql-select","[SUB847_JCA_ASSESSMENT_NIAA]:
    SQL
    SELECT
    		*
    FROM ESS.""SUB847_JCA_ASSESSMENT_NIAA"""
"ESS/Subs/Temp/SUB848_JCA_ASSESSMENT_VERSION_NIAA.QVD","no-sql-select","[SUB848_JCA_ASSESSMENT_VERSION_NIAA]:
    SQL
    SELECT
    		*
    FROM ESS.""SUB848_JCA_ASSESSMENT_VERSION_NIAA"""
"ESS/Subs/Temp/SUB849_JSCI_CLASSIFICATION_AIP_NIAA.QVD","no-sql-select","[SUB849_JSCI_CLASSIFICATION_AIP_NIAA]:
    SQL
    SELECT
    		*
    FROM ESS.""SUB849_JSCI_CLASSIFICATION_AIP_NIAA"""
"ESS/Subs/Temp/SUB850_JSCI_CLASSIFICATION_NIAA.QVD","no-sql-select","[SUB850_JSCI_CLASSIFICATION_NIAA]:
    SQL
    SELECT
    		*
    FROM ESS.""SUB850_JSCI_CLASSIFICATION_NIAA"""
"ESS/Subs/Temp/SUB851_JSCI_QUESTION_NIAA.QVD","no-sql-select","[SUB851_JSCI_QUESTION_NIAA]:
    SQL
    SELECT
    		*
    FROM ESS.""SUB851_JSCI_QUESTION_NIAA"""
"ESS/Subs/Temp/SUB852_JSCI_RESPONSE_NIAA.QVD","no-sql-select","[SUB852_JSCI_RESPONSE_NIAA]:
    SQL
    SELECT
    		*
    FROM ESS.""SUB852_JSCI_RESPONSE_NIAA"""
"ESS/Subs/Temp/SUB853_PTW5_TRANSITION_PLAN_NIAA.QVD","no-sql-select","[SUB853_PTW5_TRANSITION_PLAN_NIAA]:
    SQL
    SELECT
    		*
    FROM ESS.""SUB853_PTW5_TRANSITION_PLAN_NIAA"""
"ESS/Subs/Temp/SUB854_JOB_PLAN_NIAA.QVD","no-sql-select","[SUB854_JOB_PLAN_NIAA]:
    SQL
    SELECT
    		*
    FROM ESS.""SUB854_JOB_PLAN_NIAA"""
"ESS/Subs/Temp/SUB856_JP_ACTIVITY_NIAA.QVD","no-sql-select","[SUB856_JP_ACTIVITY_NIAA]:
    SQL
    SELECT
    		*
    FROM ESS.""SUB856_JP_ACTIVITY_NIAA"""
"ESS/Subs/Temp/SUB857_ACTIVITY_DETAIL_NIAA.QVD","no-sql-select","[SUB857_ACTIVITY_DETAIL_NIAA]:
    SQL
    SELECT
    		*
    FROM ESS.""SUB857_ACTIVITY_DETAIL_NIAA"""
"ESS/Subs/Temp/SUB858_CLAIM_NIAA.QVD","no-sql-select","[SUB858_CLAIM_NIAA]:
    SQL
    SELECT
    		*
    FROM ESS.""SUB858_CLAIM_NIAA"""
"ESS/Subs/Temp/SUB859_REFERRALLOCATION_NIAA.QVD","no-sql-select","[SUB859_REFERRALLOCATION_NIAA]:
    SQL
    SELECT
    		*
    FROM ESS.""SUB859_REFERRALLOCATION_NIAA"""
"ESS/Subs/Temp/SUB860_ATTENDANCE_NIAA.QVD","no-sql-select","[SUB860_ATTENDANCE_NIAA]:
    SQL
    SELECT
    		*
    FROM ESS.""SUB860_ATTENDANCE_NIAA"""
"ESS/Subs/Temp/SUB861_ATTENDANCERESULT_NIAA.QVD","no-sql-select","[SUB861_ATTENDANCERESULT_NIAA]:
    SQL
    SELECT
    		*
    FROM ESS.""SUB861_ATTENDANCERESULT_NIAA"""
"ESS/Subs/Temp/SUB862_SESSION_NIAA.QVD","no-sql-select","[SUB862_SESSION_NIAA]:
    SQL
    SELECT
    		*
    FROM ESS.""SUB862_SESSION_NIAA"""
"ESS/Subs/Temp/SUB863_EBIW_ESAM_USERS_NIAA.QVD","no-sql-select","[SUB863_EBIW_ESAM_USERS_NIAA]:
    SQL
    SELECT
    		*
    FROM ESS.""SUB863_EBIW_ESAM_USERS_NIAA"""
"ESS/Subs/Temp/SUB864_JS_EXEMPTION_NIAA.QVD","no-sql-select","[SUB864_JS_EXEMPTION_NIAA]:
    SQL
    SELECT
    		*
    FROM ESS.""SUB864_JS_EXEMPTION_NIAA"""
"ESS/Subs/Temp/SUB865_RECRUITMENT_SCHEDULE_NIAA.QVD","no-sql-select","[SUB865_RECRUITMENT_SCHEDULE_NIAA]:
    SQL
    SELECT
    		*
    FROM ESS.""SUB865_RECRUITMENT_SCHEDULE_NIAA"""
"ESS/Subs/Temp/SUB866_JS_SENSITIVE_IND_NIAA.QVD","no-sql-select","[SUB866_JS_SENSITIVE_IND_NIAA]:
    SQL
    SELECT
    		*
    FROM ESS.""SUB866_JS_SENSITIVE_IND_NIAA"""
"ESS/Subs/Temp/SUB867_JSK_RATE_HISTORY_NIAA.QVD","no-sql-select","[SUB867_JSK_RATE_HISTORY_NIAA]:
    SQL
    SELECT
    		*
    FROM ESS.""SUB867_JSK_RATE_HISTORY_NIAA"""
"ESS/Subs/Temp/SUB868_JCA_WORK_CAPACITY_NIAA.QVD","no-sql-select","[SUB868_JCA_WORK_CAPACITY_NIAA]:
    SQL
    SELECT
    		*
    FROM ESS.""SUB868_JCA_WORK_CAPACITY_NIAA"""
"ESS/Subs/Temp/SUB869_JSK_PARTICIPATION_PROFILE_NIAA.QVD","no-sql-select","[SUB869_JSK_PARTICIPATION_PROFILE_NIAA]:
    SQL
    SELECT
    		*
    FROM ESS.""SUB869_JSK_PARTICIPATION_PROFILE_NIAA"""
"ESS/Subs/Temp/SUB870_JSK_PARTICIPATION_PROFILE_HISTORY_NIAA.QVD","no-sql-select","[SUB870_JSK_PARTICIPATION_PROFILE_HISTORY_NIAA]:
    SQL
    SELECT
    		*
    FROM ESS.""SUB870_JSK_PARTICIPATION_PROFI"
"ESS/Subs/Temp/SUB871_CDP_CONTRACT_HISTORY_NIAA.QVD","no-sql-select","[SUB871_CDP_CONTRACT_HISTORY_NIAA]:
    SQL
    SELECT
    		*
    FROM ESS.""SUB871_CDP_CONTRACT_HISTORY_NIAA"""
"FUSION Temporal/Temporal Activity Tag.qvd","from-no-dot","LOAD [Temporal Activity Tag Id] AS [Temporal Activity Tag Id%], 
	 [Activity Tag Id]          AS [Activity Tag Id%], 
	 "
"FUSION Temporal/Temporal Grant Activity Coding - Activity Tag.qvd","from-no-dot","LOAD [Temporal Grant Activity Coding Id] as [Temporal Grant Activity Coding Id%], 
 	 [Temporal Activity Tag Id] as [Tem"
"FUSION Temporal/Temporal Grant Activity Coding.qvd","from-no-dot","LOAD [Temporal Grant Activity Coding Id] AS [Temporal Grant Activity Coding Id%], 
	 [Grant Activity Coding Id]         "
"FUSION/Activity Approval Verification.qvd","from-no-dot","LOAD [Activity Approval Verification Id] AS [Activity Approval Verification Id%], 
 	 [Application Id]                  "
"FUSION/Activity Linking Table.qvd","no-sql-select","[Activity Linking Table]:
      LOAD 
            [Activity Approval Verification Id] 	as [Activity Approval Verificatio"
"FUSION/Activity Risk Assessment.qvd","from-no-dot","LOAD [Activity Risk Assessment Id]   as [Activity Risk Assessment Id%], 
	[Grant Application Id]           as [Grant App"
"FUSION/Activity Risk History.qvd","from-no-dot","LOAD [Activity Risk History Id]  AS [Activity Risk History Id%], 
	[Activity Risk Assessment Id] AS [Activity Risk Asses"
"FUSION/Activity Tag.qvd","from-no-dot","LOAD [Activity Tag Id] as [Activity Tag Id%], 
 	 [Activity Tag];[Activity Tag]:
SELECT ""Activity Tag Id"", 
	   ""Activit"
"FUSION/Agency Region.qvd","from-no-dot","[Agency Region]:
LOAD [Agency Region Id], 
	[Agency Region], 
	Type, 
	Abbreviation, 
	State, 
	Group, 
	Status, 
	Latit"
"FUSION/Ancillary Code.qvd","from-no-dot","LOAD [Ancillary Code Id] as [Ancillary Code Id%], 
 	 [Ancillary Code];[Ancillary Code]:
SELECT ""Ancillary Code Id"", 
	 "
"FUSION/Application Assessment Criteria for Decision.qvd","from-no-dot","LOAD [Application Assessment Criteria For Decision Id] as [Application Assessment Criteria For Decision Id%], 
	[AAC Dec"
"FUSION/Application Assessment Criteria.qvd","from-no-dot","LOAD [Application Assessment Criteria For Decision Id] as [Application Assessment Criteria For Decision Id%], 
	[AAC Dec"
"FUSION/Approved Conflict Of Interest.qvd","from-no-dot","LOAD  [Approved Conflict Of Interest Id]		as [Approved Conflict Of Interest Id%], 
      [Approved Conflict Of Interest]"
"FUSION/Assessment for Decision.qvd","from-no-dot","LOAD [Application Assessment Criteria For Decision Id] as [Application Assessment Criteria For Decision Id%], 
	[AAC Dec"
"FUSION/Budget Measure.qvd","from-no-dot","LOAD [Budget Measure Id] as [Budget Measure Id%], 
	[Budget Measure], 
	[Budget Measure Title], 
	[Budget Measure Descri"
"FUSION/Case Assessment Action Item.qvd","from-no-dot","LOAD [Case Assessment Action Item Id] as [Case Assessment Action Item Id%], 
	[Case Assessment Id] as [Case Assessment I"
"FUSION/Case Assessment.qvd","from-no-dot","LOAD [Case Asessment Id]      AS [Case Asessment Id%], 
	[Case Assessment Number], 
	[Case Id]                 AS [Case "
"FUSION/Case Incident Category.qvd","from-no-dot","LOAD [Case Incident Category Id] AS [Case Incident Category Id%], 
	 [Case Incident Category], 
	 State, 
	 Status;[Case"
"FUSION/Case Incident.qvd","from-no-dot","LOAD [Case Incident Category Id] AS [Case Incident Category Id%], 
	 [Case Incident Category], 
	 State, 
	 Status;[Case"
"FUSION/Case Resolution.qvd","from-no-dot","LOAD [Case Id]    AS [Case Id%], 
	Case, 
	[Case Type], 
	[Activity Additional Params], 
	[Activity Id]  AS [Activity Id"
"FUSION/Case.qvd","from-no-dot","LOAD [Case Asessment Id]      AS [Case Asessment Id%], 
	[Case Assessment Number], 
	[Case Id]                 AS [Case "
"FUSION/Ceasing Activity Assessment Round.qvd","from-no-dot","LOAD [Ceasing Activity Assessment Round Id] as [Ceasing Activity Assessment Round Id%], 
	[CAA Round], 
	[CAA Round Titl"
"FUSION/Ceasing Activity Assessment Task.qvd","from-no-dot","LOAD [Ceasing Activity Assessment Task Id] as [Ceasing Activity Assessment Task Id%], 
 	 [Task Type], 
	 Subject, 
	 De"
"FUSION/Ceasing Activity Funding.qvd","from-no-dot","LOAD [Ceasing Activity Assessment Id] AS [Ceasing Activity Assessment Id%], 
	 [Financial Year Id]              AS [Fina"
"FUSION/Ceasing Activity Risk Assessment.qvd","from-no-dot","LOAD [Ceasing Activity Risk Assessment Id] AS [Ceasing Activity Risk Assessment Id%], 
	[Ceasing Activity Assessment Id]"
"FUSION/Ceasing Activity Risk History.qvd","from-no-dot","LOAD [Ceasing Activity Risk History Id]   AS [Ceasing Activity Risk History Id%], 
	[Ceasing Activity Risk Assessment Id"
"FUSION/Conflict Of Interest.qvd","from-no-dot","LOAD  [Approved Conflict Of Interest Id]		as [Approved Conflict Of Interest Id%], 
      [Approved Conflict Of Interest]"
"FUSION/Coverage Area.qvd","from-no-dot","LOAD [Coverage Area Id] as [Coverage Area Id%], 
	[Coverage Area], 
	[Grant Application Id] as [Grant Application Id%], "
"FUSION/CTG Outcome.qvd","from-no-dot","LOAD [CTG Outcome Id]  AS [CTG Outcome Id%], 
	 [Name], 
	 [Outcome Description], 
	 [Sort Order], 
	 [Target Descriptio"
"FUSION/Declaration Of Interest.qvd","from-no-dot","LOAD  [Approved Conflict Of Interest Id]		as [Approved Conflict Of Interest Id%], 
      [Approved Conflict Of Interest]"
"FUSION/Demographic Measure.qvd","from-no-dot","LOAD [Demographic Measure Id], 
	[Data Type], 
	Name, 
	Order, 
	[Report Location], 
	Title, 
	State, 
	Status;[Demograp"
"FUSION/Direct Approach Approval.qvd","from-no-dot","LOAD [Direct Approach Approval Id] as [Direct Approach Approval Id$], 
	[DAA Id], 
	[Date Approved], 
	[Delegate Id] as "
"FUSION/Elected Representative.qvd","from-no-dot","LOAD [Elected Representative Id], 
	[Electorate Id], 
	Chamber, 
	Honorific, 
	Name, 
	[Parliamentary Title], 
	Represen"
"FUSION/Electorate Activity Summary.qvd","from-no-dot","LOAD [Electorate Activity Summary Id], 
	[Activity Duration Months], 
	[Activity End Date], 
	[Activity Id], 
	[Activity"
"FUSION/Electorate Demographic.qvd","from-no-dot","LOAD [Electorate Demographic Id], 
	[Electorate Id], 
	Description, 
	[Include In Report], 
	[Measure Value], 
	Name, 
	"
"FUSION/Electorate Information.qvd","from-no-dot","LOAD [Electorate Information Id], 
	[Electorate Id], 
	[Electorate Group Id], 
	[Electorate Group], 
	[Issue Type], 
	De"
"FUSION/Electorate Organisation Summary.qvd","from-no-dot","LOAD [Electorate Organisation Summary Id], 
	[Electorate Id], 
	[Organisation Id], 
	Organisation, 
	ABN, 
	Indigeneity,"
"FUSION/Electorate PMC Region.qvd","from-no-dot","LOAD [Electorate PMC Region Id], 
	[Electorate Id], 
	[PMC Region Id], 
	[PMC Region], 
	Name, 
	[Regional Manager], 
	["
"FUSION/Electorate Programme.qvd","from-no-dot","LOAD [Electorate Activity Summary Id], 
	[Activity Duration Months], 
	[Activity End Date], 
	[Activity Id], 
	[Activity"
"FUSION/Electorate Reference.qvd","from-no-dot","LOAD [Electorate Reference Id], 
	[Allow Duplicates In Electorate Brief], 
	[Electorate Code Description], 
	[Electorate"
"FUSION/Electorate Stakeholder.qvd","from-no-dot","LOAD [Electorate Stakeholder Id], 
	[Electorate Group Id], 
	[Electorate Group], 
	[Electorate Id], 
	[Last Modified By]"
"FUSION/Electorate.qvd","from-no-dot","LOAD [Elected Representative Id], 
	[Electorate Id], 
	Chamber, 
	Honorific, 
	Name, 
	[Parliamentary Title], 
	Represen"
"FUSION/Empowered Community Process - Empowered Community.qvd","from-no-dot","LOAD [Empowered Community Process Id] as [Empowered Community Process Id%], 
	 [Empowered Community Id]         as [Empo"
"FUSION/Empowered Community Process.qvd","from-no-dot","LOAD [Empowered Community Process Id] as [Empowered Community Process Id%], 
	 [Check EC Details], 
	 [Commentary], 
	 ["
"FUSION/Empowered Community.qvd","from-no-dot","LOAD [Empowered Community Id] as [Empowered Community Id%], 
 	 [Empowered Community], 
	 [PMC Region Id] as [PMC Region"
"FUSION/Financial Year.qvd","from-no-dot","LOAD [Application Funding Id] as [Application Funding Id%], 
	 [Grant Application Id] as [Grant Application Id%], 
	 [Fi"
"FUSION/Framework Code.qvd","from-no-dot","LOAD [Framework Code Id]        as [Framework Code Id%],
     [Hierarchy Level],
     [Hierarchy], 
     [Framework Code"
"FUSION/Funding Appropriation.qvd","from-no-dot","LOAD [Funding Appropriation Id] as [Funding Appropriation Id%], 
	Description, 
	Name, 
	[Standard Obligations], 
	[Writ"
"FUSION/Funding Brief.qvd","from-no-dot","LOAD [Funding Brief Id] as [Funding Brief Id%], 
	[Funding Brief], 
	[ABP Approval], 
	[ABP Approver Id] as [ABP Approve"
"FUSION/Funding Decision Financial.qvd","from-no-dot","LOAD [Funding Decision Financial Id] as [Funding Decision Financial Id%], 
	[Funding Decision Financial], 
	[Funding Dec"
"FUSION/Funding Decision.qvd","from-no-dot","LOAD [Activity Approval Verification Id] AS [Activity Approval Verification Id%], 
 	 [Application Id]                  "
"FUSION/Fusion Location.qvd","from-no-dot","LOAD [Fusion Location Id] AS  [Fusion Location Id%], 
	[City Suburb], 
	[Empowered Community], 
	Latitude, 
	[Address Li"
"FUSION/Grant Acquittal Calculation.qvd","from-no-dot","LOAD [Grant Acquittal Calculation Id] as [Grant Acquittal Calculation Id%], 
	[Grant Acquittal Id] as [Grant Acquittal I"
"FUSION/Grant Acquittal Outcome Type.qvd","from-no-dot","LOAD [Grant Acquittal Id] as [Grant Acquittal Id%], 
	[Acquittal Id],
    [GPS Review Id],
	[Acceptance Comments], 
	[Ac"
"FUSION/Grant Acquittal Recommendation Type.qvd","from-no-dot","LOAD [Grant Acquittal Recommendation Id] as [Grant Acquittal Recommendation Id%], 
	[Grant Acquittal Recommendation Type"
"FUSION/Grant Acquittal Recommendation.qvd","from-no-dot","LOAD [Grant Acquittal Recommendation Id] as [Grant Acquittal Recommendation Id%], 
	[Grant Acquittal Recommendation Type"
"FUSION/Grant Acquittal Task.qvd","from-no-dot","LOAD [Grant Acquittal Task Id] as [Grant Acquittal Task Id%], 
	[Task Type], 
	Subject, 
	Description, 
	[Grant Acquitta"
"FUSION/Grant Acquittal.qvd","from-no-dot","LOAD [Grant Acquittal Calculation Id] as [Grant Acquittal Calculation Id%], 
	[Grant Acquittal Id] as [Grant Acquittal I"
"FUSION/Grant Activity Coding - Activity Tag.qvd","from-no-dot","LOAD [Grant Activity Coding Id] as [Grant Activity Coding Id%], 
	[Activity Tag Id] as [Activity Tag Id%];[Grant Activit"
"FUSION/Grant Activity Coding - Activity Target Group.qvd","from-no-dot","LOAD [Grant Activity Coding Id] as [Grant Activity Coding Id%], 
	 [Target Group Id] as [Target Group Id%];[Grant Activi"
"FUSION/Grant Activity Coding - Ancillary Code.qvd","from-no-dot","LOAD [Grant Activity Coding Id] as [Grant Activity Coding Id%], 
	 [Ancillary Code Id] as [Ancillary Code Id%];[Grant Ac"
"FUSION/Grant Activity Coding - Framework Code.qvd","from-no-dot","LOAD [Grant Activity Coding Id] as [Grant Activity Coding Id%], 
	 [Framework Code Id] as [Framework Code Id%], 
	 [Sele"
"FUSION/Grant Activity Coding - Summary.qvd","from-no-dot","[Grant Activity Coding - Summary]:
LOAD [Grant Activity Id]         					AS [Grant Activity Id%], 
	[Activity Coding Lev"
"FUSION/Grant Activity Coding - Target Age Demographic.qvd","from-no-dot","LOAD [Grant Activity Coding Id] as [Grant Activity Coding Id%], 
	[Target Age Demographic Id] as [Target Age Demographic"
"FUSION/Grant Activity Coding - Target Gender.qvd","from-no-dot","LOAD [Grant Activity Coding Id] as [Grant Activity Coding Id%], 
	[Target Gender Id] as [Target Gender Id%];[Grant Activ"
"FUSION/Grant Activity Coding Funding.qvd","from-no-dot","LOAD [Grant Activity Coding Funding Id] as [Grant Activity Year Funding Id%], 
	[Grant Activity Coding Id]          as ["
"FUSION/Grant Activity Coding.qvd","from-no-dot","LOAD [Grant Activity Coding Funding Id] as [Grant Activity Year Funding Id%], 
	[Grant Activity Coding Id]          as ["
"FUSION/Grant Activity Funding.qvd","from-no-dot","LOAD [Activity Approval Verification Id] AS [Activity Approval Verification Id%], 
 	 [Application Id]                  "
"FUSION/Grant Activity Indicative Risk.qvd","from-no-dot","LOAD [Grant Activity Id] as [Grant Activity Id%],
	[Annualised Funding Bin], 
	[Nature of Activity], 
	[Risk Likelihood]"
"FUSION/Grant Activity KPI Assessment.qvd","from-no-dot","LOAD [Grant Activity KPI Assessment Id] as [Grant Activity KPI Assessment Id%], 
	 [Performance Report Assessment Id] as"
"FUSION/Grant Activity KPI.qvd","from-no-dot","LOAD [Grant Activity KPI Assessment Id] as [Grant Activity KPI Assessment Id%], 
	 [Performance Report Assessment Id] as"
"FUSION/Grant Activity Location Attribution.qvd","from-no-dot","LOAD [Grant Activity Location Attribution Id] AS [Grant Activity Location Attribution Id%], 
	 [Financial Year Id]      "
"FUSION/Grant Activity Location.qvd","from-no-dot","LOAD [Grant Activity Location Attribution Id] AS [Grant Activity Location Attribution Id%], 
	 [Financial Year Id]      "
"FUSION/Grant Activity Milestone.qvd","from-no-dot","LOAD [Grant Activity Milestone Id] as [Grant Activity Milestone Id%], 
	 [Grant Activity Id]           as [Grant Activit"
"FUSION/Grant Activity Review Item.qvd","from-no-dot","LOAD [Grant Activity Review Item Id] AS [Grant Activity Review Item Id%], 
	 [Grant Activity Review Id]      AS [Grant A"
"FUSION/Grant Activity Review.qvd","from-no-dot","LOAD [Grant Acquittal Id] as [Grant Acquittal Id%], 
	[Acquittal Id],
    [GPS Review Id],
	[Acceptance Comments], 
	[Ac"
"FUSION/Grant Activity Task.qvd","from-no-dot","LOAD [Grant Activity Task Id] as [Grant Activity Task Id%], 
	[Task Type], 
	Subject, 
	Description, 
	[Grant Activity I"
"FUSION/Grant Application Funding Allocation.qvd","from-no-dot","LOAD [Grant Application Funding Allocation Id] as [Grant Application Funding Allocation Id%], 
	 [Grant Application Id] "
"FUSION/Grant Application Funding.qvd","from-no-dot","LOAD [Application Funding Id] as [Application Funding Id%], 
	 [Grant Application Id] as [Grant Application Id%], 
	 [Fi"
"FUSION/Grant Application Note.qvd","from-no-dot","LOAD [Grant Application Note Id] as [Grant Application Note Id%], 
	 [Grant Application Id]      as [Grant Application I"
"FUSION/Grant Application Process.qvd","from-no-dot","LOAD [Grant Application Process Id] as [Grant Application Process Id%], 
	 [Grant Application Id]         as [Grant Appl"
"FUSION/Grant Application Risk Assessment.qvd","from-no-dot","LOAD [Grant Application Risk Assessment Id] as [Grant Application Risk Assessment Id%], 
	[Grant Application Id] as [Gra"
"FUSION/Grant Application Risk History.qvd","from-no-dot","LOAD [Grant Application Risk History Id]   AS [Grant Application Risk History Id%], 
	[Grant Application Risk Assessment"
"FUSION/Grant Assessment.qvd","from-no-dot","LOAD [Grant Assessment Id] as [Grant Assessment Id%], 
	 [Grant Application Id] as [Grant Application Id%], 
	 [Appraise"
"FUSION/Grant Management Unit Alternate Name.qvd","from-no-dot","LOAD [Grant Management Unit Alternate Name Id] as [Grant Management Unit Alternate Name Id%], 
	 [Grant Management Unit "
"FUSION/Grant Management Unit.qvd","from-no-dot","LOAD [Grant Management Unit Alternate Name Id] as [Grant Management Unit Alternate Name Id%], 
	 [Grant Management Unit "
"FUSION/Grant Opportunity Guideline - CTG Outcome.qvd","from-no-dot","LOAD [Grant Opportunity Guideline Id] AS [Grant Opportunity Guideline Id%], 
	[CTG Outcome Id]                  AS [CTG "
"FUSION/Grant Opportunity Guideline.qvd","from-no-dot","LOAD [Grant Opportunity Guideline Id] AS [Grant Opportunity Guideline Id%], 
	[CTG Outcome Id]                  AS [CTG "
"FUSION/Grant Round.qvd","from-no-dot","LOAD [Activity Approval Verification Id] AS [Activity Approval Verification Id%], 
 	 [Application Id]                  "
"FUSION/KPI Code.qvd","from-no-dot","LOAD [Grant Activity KPI Assessment Id] as [Grant Activity KPI Assessment Id%], 
	 [Performance Report Assessment Id] as"
"FUSION/KPI Rating.qvd","from-no-dot","LOAD [KPI Rating Id] as [KPI Rating Id%], 
 	 [Rating Group], 
	 Rating, 
	 [Is Comment Required], 
	 [Comment Required]"
"FUSION/NIAA Region Alternate Name.qvd","from-no-dot","LOAD [NIAA Region Alternate Name Id] AS [NIAA Region Alternate Name Id%], 
	 [NIAA Region Id]                AS [NIAA Re"
"FUSION/NIAA Region.qvd","from-no-dot","LOAD [NIAA Region Alternate Name Id] AS [NIAA Region Alternate Name Id%], 
	 [NIAA Region Id]                AS [NIAA Re"
"FUSION/Opportunity - Framework Code.qvd","from-no-dot","LOAD [Opportunity Id] AS [Opportunity Id%], 
	[Framework Code Id] AS [Framework Code Id%];[Opportunity - Framework Code]"
"FUSION/Opportunity - Fusion Location.qvd","from-no-dot","LOAD [Fusion Location Id] AS [Fusion Location Id%], 
	[Opportunity Id] AS [Opportunity Id%];[Opportunity - Fusion Locati"
"FUSION/Opportunity - Grant Activity.qvd","from-no-dot","LOAD [Opportunity - Grant Activity Id] AS [Opportunity - Grant Activity Id%], 
 	 [Opportunity Id]                  AS ["
"FUSION/Opportunity - Grant Application.qvd","from-no-dot","LOAD [Opportunity - Grant Application Id] AS [Opportunity - Grant Application Id%], 
	 [Opportunity Id]                 "
"FUSION/Opportunity - PMC Region.qvd","from-no-dot","LOAD [Opportunity Id] AS [Opportunity Id%] , 
	[PMC Region Id] AS [PMC Region Id%];[Opportunity - PMC Region]:
SELECT ""O"
"FUSION/Opportunity - Target Group.qvd","from-no-dot","LOAD [Target Group Id] AS [Target Group Id%], 
	[Opportunity Id] AS [Opportunity Id%] ;[Opportunity - Target Group]:
SEL"
"FUSION/Opportunity Budget Item.qvd","from-no-dot","LOAD [Opportunity Budget Item Id] AS [Opportunity Budget Item Id%], 
	[Opportunity Id] AS [Opportunity Id%], 
	Cost, 
	D"
"FUSION/Opportunity Capture.qvd","from-no-dot","LOAD [Opportunity Capture Id] AS [Opportunity Capture Id%], 
	[Opportunity Id]  AS [Opportunity Id%], 
	[Active Stage Id"
"FUSION/Opportunity Expected Employment Outcome.qvd","from-no-dot","LOAD [Opportunity Expected Employment Outcome Id] AS [Opportunity Expected Employment Outcome Id%], 
	[Opportunity Id] A"
"FUSION/Opportunity Other Contribution.qvd","from-no-dot","LOAD [Opportunity Other Contribution Id] AS [Opportunity Other Contribution Id%], 
	[Opportunity Id] AS [Opportunity Id%"
"FUSION/Opportunity Potential Risk.qvd","from-no-dot","LOAD [Opportunity Potential Risk Id] AS [Opportunity Potential Risk Id%], 
	[Opportunity Id] AS [Opportunity Id%], 
	Nam"
"FUSION/Opportunity Programme Funding.qvd","from-no-dot","LOAD [Opportunity Programme Funding Id] AS [Opportunity Programme Funding Id%], 
	[Opportunity Id] AS [Opportunity Id%],"
"FUSION/Opportunity Stakeholder.qvd","from-no-dot","LOAD [Opportunity Stakeholder Id] AS [Opportunity Stakeholder Id%], 
	[Opportunity Id] AS [Opportunity Id%], 
	Name, 
	O"
"FUSION/Opportunity Task.qvd","from-no-dot","LOAD [Opportunity Task Id] as [Opportunity Task Id%], 
	[Task Type], 
	Subject, 
	Description, 
	[Opportunity Id] as [Op"
"FUSION/Opportunity.qvd","from-no-dot","LOAD [Fusion Location Id] AS [Fusion Location Id%], 
	[Opportunity Id] AS [Opportunity Id%];[Opportunity - Fusion Locati"
"FUSION/Organisation Additional Condition.qvd","from-no-dot","LOAD [Organisation Additional Condition Id] AS [Organisation Additional Condition Id%], 
	 [Organisation Id]            "
"FUSION/Organisation Current Risk Profile.qvd","from-no-dot","LOAD [Organisation Risk Profile Id]					as	[Organisation Risk Profile Id%], 
	[Risk Profile Number], 
	[Risk Rating], 
 "
"FUSION/Organisation Risk Profile Derived History.qvd","from-no-dot","LOAD [End of Month], 
	[Organisation Risk Profile Id] as [Organisation Risk Profile Id%], 
	[Days Overdue];[Organisation"
"FUSION/Organisation Risk Profile Task.qvd","from-no-dot","LOAD [Organisation Risk Profile Task Id]  as [Organisation Risk Profile Task Id%], 
	 [Task Type], 
	 Subject, 
	 Descri"
"FUSION/Organisation Risk Profile.qvd","from-no-dot","LOAD [End of Month], 
	[Organisation Risk Profile Id] as [Organisation Risk Profile Id%], 
	[Days Overdue];[Organisation"
"FUSION/Organisation Task.qvd","from-no-dot","LOAD [Organisation Task Id] as [Organisation Task Id%], 
 	 [Task Type], 
	 [Subject], 
	 [Description], 
	 [Organisatio"
"FUSION/Payment Milestone.qvd","from-no-dot","LOAD [Performance Report Assessment Id] AS [Performance Report Assessment Id%],
     [Grant Activity Review Id]         "
"FUSION/Performance Report Assessment.qvd","from-no-dot","LOAD [Grant Activity KPI Assessment Id] as [Grant Activity KPI Assessment Id%], 
	 [Performance Report Assessment Id] as"
"FUSION/Planned Investment Financial.qvd","from-no-dot","LOAD [Funding Decision Financial Id] as [Funding Decision Financial Id%], 
	[Funding Decision Financial], 
	[Funding Dec"
"FUSION/Planned Investment.qvd","from-no-dot","LOAD [Funding Decision Financial Id] as [Funding Decision Financial Id%], 
	[Funding Decision Financial], 
	[Funding Dec"
"FUSION/PMC Region.qvd","from-no-dot","LOAD [Ceasing Activity Assessment Task Id] as [Ceasing Activity Assessment Task Id%], 
 	 [Task Type], 
	 Subject, 
	 De"
"FUSION/Programme Alternate Name.qvd","from-no-dot","LOAD [Programme Alternate Name Id] AS [Programme Alternate Name Id%], 
	 [Programme Id]                AS [Programme Id%"
"FUSION/Programme Component Alternate Name.qvd","from-no-dot","LOAD [Programme Component Alternate Name Id] AS [Programme Component Alternate Name Id%], 
	 [Programme Component Id]   "
"FUSION/Programme Component.qvd","from-no-dot","LOAD [Grant Activity Id]                     AS [Grant Activity Id%], 
 	 [Source Organisation Id]                AS [So"
"FUSION/Programme Financial.qvd","from-no-dot","LOAD [Programme Financial Id] as [Programme Financial Id%], 
	[Programme Financial], 
	[Programme Id] as [Programme Id%]"
"FUSION/Programme Sub Component.qvd","from-no-dot","LOAD [Budget Measure Id] as [Budget Measure Id%], 
	[Budget Measure], 
	[Budget Measure Title], 
	[Budget Measure Descri"
"FUSION/Programme.qvd","from-no-dot","LOAD [Application Funding Id] as [Application Funding Id%], 
	 [Grant Application Id] as [Grant Application Id%], 
	 [Fi"
"FUSION/Questionnaire Question.qvd","from-no-dot","LOAD [Questionnaire Question Id]  AS [Questionnaire Question Id%], 
	 [Questionnaire Section Id]   AS [Questionnaire Sec"
"FUSION/Questionnaire Response.qvd","from-no-dot","LOAD [Questionnaire Response Id]          AS [Questionnaire Response Id%],               
	 [Questionnaire Question Id] "
"FUSION/Questionnaire Section.qvd","from-no-dot","LOAD [Questionnaire Question Id]  AS [Questionnaire Question Id%], 
	 [Questionnaire Section Id]   AS [Questionnaire Sec"
"FUSION/Reporting Milestone.qvd","from-no-dot","LOAD [Performance Report Assessment Id] AS [Performance Report Assessment Id%],
     [Grant Activity Review Id]         "
"FUSION/SA1-PMC Region.qvd","from-no-dot","LOAD [SA1 Main Code], 
	 [PMC Region Code];[SA1-PMC Region]:
SELECT ""SA1_MAINCODE""    AS [SA1 Main Code], 
   	   ""PMC_R"
"FUSION/Site Visit Assessment Action Item.qvd","from-no-dot","LOAD [Site Visit Assessment Action Item Id] as [Site Visit Assessment Action Item Id%], 
	[Site Visit Assessment Id]    "
"FUSION/Site Visit Assessment.qvd","from-no-dot","LOAD [Site Visit Assessment Action Item Id] as [Site Visit Assessment Action Item Id%], 
	[Site Visit Assessment Id]    "
"FUSION/Site Visit Location.qvd","from-no-dot","LOAD [Site Visit Location Id]    AS [Site Visit Location Id%], 
	 [Site Visit Location], 
	 [Name], 
	 [Site Visit Asses"
"FUSION/Source Organisation.qvd","from-no-dot","LOAD [Electorate Activity Summary Id], 
	[Activity Duration Months], 
	[Activity End Date], 
	[Activity Id], 
	[Activity"
"FUSION/Source System.qvd","from-no-dot","LOAD [Coverage Area Id] as [Coverage Area Id%], 
	[Coverage Area], 
	[Grant Application Id] as [Grant Application Id%], "
"FUSION/SSIS FUSION.qvd","from-no-dot","[SSIS FUSION]:
SELECT *
FROM   dbo.CheckSSISPackage('ExtractFusionCRM')"
"FUSION/Sub Programme.qvd","from-no-dot","LOAD [Grant Activity Id]                     AS [Grant Activity Id%], 
 	 [Source Organisation Id]                AS [So"
"FUSION/System Team.qvd","from-no-dot","LOAD [Team Id]			as [Team Id%], 
	Name, 
	Description;[System Team]:
SELECT ""Team Id"",
	Name,
	Description
FROM FUSION."""
"FUSION/System User.qvd","from-no-dot","LOAD [System User Id] as [System User Id%], 
	[Access Mode], 
	[Address Id] as [Address Id%], 
	[Address Type], 
	[Addre"
"FUSION/Target Age Demographic.qvd","from-no-dot","LOAD [Grant Activity Coding Id] as [Grant Activity Coding Id%], 
	[Target Age Demographic Id] as [Target Age Demographic"
"FUSION/Target Gender.qvd","from-no-dot","LOAD [Grant Activity Coding Id] as [Grant Activity Coding Id%], 
	[Target Gender Id] as [Target Gender Id%];[Grant Activ"
"FUSION/Target Group.qvd","from-no-dot","LOAD [Grant Activity Coding Id] as [Grant Activity Coding Id%], 
	 [Target Group Id] as [Target Group Id%];[Grant Activi"
"FUSION/Task.qvd","from-no-dot","LOAD [Ceasing Activity Assessment Task Id] as [Ceasing Activity Assessment Task Id%], 
 	 [Task Type], 
	 Subject, 
	 De"
"GAR/Grant Activity Indicative Risk.qvd","from-no-dot","LOAD [Grant Activity Id] as [Grant Activity Id%],
	[Annualised Funding Bin], 
	[Nature of Activity], 
	[Risk Likelihood]"
"GAR/Grant Activity Review Item.qvd","from-no-dot","LOAD [Grant Activity Review Id]     AS [Grant Activity Review Id%],
 	 [Grant Activity Id]            AS [Grant Activity"
"GAR/Grant Activity Review KPI.qvd","from-no-dot","LOAD [Grant Activity Review KPI Id] AS [Grant Activity Review KPI Id%], 
	 [Grant Activity Review Id]     AS [Grant Acti"
"GAR/Grant Activity Review.qvd","from-no-dot","LOAD [Grant Activity Review Id]     AS [Grant Activity Review Id%],
 	 [Grant Activity Id]            AS [Grant Activity"
"GPS/GPS Contact.qvd","from-no-dot","[GPS Contact]:
LOAD [Program Formal External Name], 
	[Service Provider Legal Name], 
	[Activity Id], 
	[Contact Id], 
	"
"GPS/GPS Data Warehouse Load Time.qvd","from-no-dot","[GPS Data Warehouse Load Time]:
LOAD [Data Source Code] , 
	[Siebel Cut Off Date Time], 
	[Warehouse Load Time];SELECT """
"GPS/Grant Activity Acquittal Derived History.qvd","from-no-dot","LOAD [End of Month] AS [Grant Activity Acquittal Derived History.End of Month], 
	[Review Id] 	AS [Grant Activity Acquit"
"GPS/Grant Activity Acquittal Error.qvd","from-no-dot","[Grant Activity Acquittal Error]:
LOAD [Review Id] as [Grant Activity Acquittal Error.Review Id] , 
	[Error] as [Grant A"
"GPS/Grant Activity Acquittal Item.qvd","from-no-dot","[Grant Activity Acquittal Item]:
LOAD [Review Id] as [Grant Activity Acquittal Item.Review Id] , 
	[Review Title] as [Gr"
"GPS/Grant Activity Acquittal.qvd","from-no-dot","[Grant Activity Acquittal]:
// Susan Colmenares 20231030 - update the Activity Acquittal table to include additional col"
"GPS/Grant Activity Contact.qvd","from-no-dot","[Grant Activity Contact]:

LOAD [Contact Id]							as [Grant Activity Contact.Contact Id], 
	[Activity Id]							as [Gra"
"GPS/Grant Activity Derived History.qvd","from-no-dot","[Grant Activity Derived History]:

LOAD [End of Month] AS [Grant Activity Derived History.End of Month], 
 	[Grant Activ"
"GPS/Grant Activity Milestone Derived History.qvd","from-no-dot","[Grant Activity Milestone Derived History]:

LOAD [End of Month] as [Grant Activity Milestone Derived History.End of Mon"
"GPS/Grant Activity Milestone.qvd","from-no-dot","[Grant Activity Milestone]:
LOAD [Milestone Id]  									AS [Grant Activity Milestone.Milestone Id], 
	  [Grant Activit"
"GPS/Grant Activity Missing Milestone Derived History.qvd","from-no-dot","[Grant Activity Missing Milestone Derived History]:

LOAD [End of Month] as [Grant Activity Missing Milestone Derived Hi"
"GPS/Grant Activity Missing Milestone.qvd","from-no-dot","[Grant Activity Missing Milestone]:
LOAD [Milestone Id]  					AS [Grant Activity Missing Milestone.Milestone Id], 
[Acti"
"GPS/Grant Activity Performance Derived History.qvd","from-no-dot","LOAD [End of Month] as [Grant Activity Performance Derived History.End of Month], 
	[Review Id] as [Grant Activity Perfo"
"GPS/Grant Activity Performance Indicator.qvd","from-no-dot","[Grant Activity Performance Indicator]:

LOAD [Activity Performance Indicator Id] as [Grant Activity Performance Indicat"
"GPS/Grant Activity Performance Item.qvd","from-no-dot","[Grant Activity Performance Item]:
LOAD [Activity Id] as [Grant Activity Performance Item.Activity Id],
	[Review Id] as "
"GPS/Grant Activity Performance.qvd","from-no-dot","[Grant Activity Performance]:

LOAD [Activity Id]					as [Grant Activity Performance.Activity Id], 
	[Milestone Id] 				"
"GPS/Grant Activity.qvd","from-no-dot","LOAD [End of Month] as [Grant Activity Performance Derived History.End of Month], 
	[Review Id] as [Grant Activity Perfo"
"GPS/Grant Application Assessment Details.qvd","from-no-dot","[Grant Application Assessment Details]:

LOAD [Application Id]       								AS 	[Grant Application Assessment Details.A"
"GPS/Grant Application Assessment Score.qvd","from-no-dot","[Grant Application Assessment Score]:


LOAD [Application Id]      						AS 	[Grant Application Assessment Score.Applica"
"GPS/Grant Application Attachment.qvd","from-no-dot","[Grant Application Attachment]:
LOAD [Application Id] as [Application Id%], 
	[Application Attachment Id], 
	[Applicatio"
"GPS/Grant Application Compliance Assessment.qvd","from-no-dot","[Grant Application Compliance Assessment]:

LOAD [Application Id]      								AS 	[Grant Application Compliance Assessm"
"GPS/Grant Application Contact.qvd","from-no-dot","[Grant Application Contact]:
LOAD [Application Id], 
	[Number of Application Contacts], 
	[Application Contact Email], 
"
"GPS/Grant Application Coverage Area.qvd","from-no-dot","[Grant Application Coverage Area]:
LOAD 
[Application Id]										as         [Grant Application Coverage Area.Applicati"
"GPS/Grant Application Delivery Locations.qvd","from-no-dot","[Grant Application Delivery Locations]:

LOAD [Application Id], 
	Suburb,
    [Total Amount],
	State;SELECT ""Application"
"GPS/Grant Application Derived History.qvd","from-no-dot","LOAD [End of Month] as [Grant Application Derived History.End of Month],
	[Grant Application Id] as [Grant Application D"
"GPS/Grant Application Eligibility Assessment.qvd","from-no-dot","[Grant Application Eligibility Assessment]:

LOAD [Application Id]      								AS 	[Grant Application Eligibility Asses"
"GPS/Grant Application Financial FY.qvd","from-no-dot","LOAD [Application Id]																			as [Grant Application Financial FY.Application Id], 
	[Application Financial Id]"
"GPS/Grant Application Information Detail.qvd","from-no-dot","[Grant Application Information Detail]:

LOAD [Application Id]      								AS 	[Grant Application Information Detail.Ap"
"GPS/Grant Application Service Area.qvd","from-no-dot","[Grant Application Service Area]:
LOAD [Application Id] as [Application Id%],
	[Application Service Area Id], 
	[Applica"
"GPS/Grant Application Status.qvd","no-sql-select","[Grant Application Status]:

LOAD 
	[Application Id], 
	[Agency Name], 
	[Application Status Id], 
	[Application Status]"
"GPS/Grant Application.qvd","from-no-dot","[Grant Application]:
SELECT ""Application Id"",
	""Application Received Date"",
	""Application Received Financial Year"",
	""Or"
"GPS/Grant Organisation.qvd","from-no-dot","[Grant Organisation]:
LOAD [Organisation Id] as [Organisation Id%], 
	[Organisation ABN], 
	[Organisation Org Test Recor"
"GPS/Organisaiton Indigeniety.qvd","from-no-dot","[Organisaiton Indigeniety]:

LOAD [Organisation ABN]											AS [Organisaiton Indigeniety.Organisation ABN], 
	[Organi"
"GPS/Organisation Bank Account.qvd","from-no-dot","[Organisation Bank Account]:
LOAD 	[Organisation Bank Account Id] 			as [Organisation Bank Account.Organisation Bank Acc"
"GPS/Program Schedule Variation.qvd","from-no-dot","[Program Schedule Variation]:
LOAD 	[Program Schedule Variation Id] 		as [Program Schedule Variation.Program Schedule Va"
"GPS/Program Schedule.qvd","from-no-dot","[Program Schedule]:
LOAD 	[Program Schedule Id]						as [Program Schedule.Program Schedule Id], 
		[Activity Id]								"
"Grant Connect/Grants Awarded.qvd","from-no-dot","[Grants Awarded]: 

LOAD 
Agency														as  [Grant Awarded.Agency],
[GA ID]														as  [Grant Awarded.GA ID]"
"IAM/GMU Director.QVD","no-sql-select","[GMU Director]:
          SQL
          SELECT 	*
          from	[IAM].[GMU Director]"
"IAM/NIAA Staff.QVD","no-sql-select","[NIAA Staff]:
          SQL
          SELECT 	*
          from	[IAM].[NIAA Staff]"
"IPP/SSIS IPP.qvd","from-no-dot","[SSIS IPP]:
SELECT *
FROM   dbo.CheckSSISPackage('ExtractIPPCRM')"
"NACCHO/Member Name Locations.qvd","from-no-dot","[Member Name Locations]:
LOAD [NACCHO Member Name], 
	Address, 
	[City/Suburb], 
	State, 
	Latitude, 
	Longitude, 
	[Add"
"NDIA/Disability Funding.qvd","from-no-dot","LOAD [Disability Funding Id], 
	[Person With Disability Id], 
	[Primary Disablity], 
	[Indigenous Status], 
	Age, 
	[Pla"
"NDIA/NDIS Providers.qvd","from-no-dot","LOAD [Provider Count], 
	[LGA Name], 
	Postcode, 
	Suburb, 
	[Snapshot Date], 
	[Snapshot Date SQL];[NDIS Providers]:
SE"
"NDIA/Temp/NDIS Funding by Individual.QVD","no-sql-select","[NDIS Funding by Individual]:
    SQL
    SELECT
    		*
    FROM ""NDIA"".""NDIS Funding by Individual"""
"NDIA/Temp/NDIS Funding by Location.QVD","no-sql-select","[NDIS Funding by Location]:
    SQL
    SELECT
    		*
    FROM ""NDIA"".""NDIS Funding by Location"""
"NIAA/ACNC Register.qvd","from-no-dot","LOAD ABN														as [ACNC Register.Activity ABN], 
	Charity_Legal_Name											as [ACNC Register.ACNC Name], 
	Ch"
"NIAA/AGIL_Connectivity.qvd","from-no-dot","[AGIL_Connectivity]:
LOAD LCODE as [AGIL Code], 
	NCODE as [Name Code], 
	NAME AS [AGIL Preferred Name], 
// 	NFLAG, 
//"
"NIAA/Commonwealth Hospital.qvd","from-no-dot","LOAD [Commonwealth Hospital Id], 
	[Facility Type], 
	[Facility Name], 
	[Provider Number], 
	[Street Address], 
	[Subur"
"NIAA/Fleet Detail.qvd","from-no-dot","[Fleet Detail]:
LOAD Trip_ID as [Fleet Trip Id], 
	Vehicle, 
	Registration, 
	VehicleGroup, 
	ActivityDate, 
	EventType,"
"NIAA/Fleet.qvd","from-no-dot","[Fleet Detail]:
LOAD Trip_ID as [Fleet Trip Id], 
	Vehicle, 
	Registration, 
	VehicleGroup, 
	ActivityDate, 
	EventType,"
"NIAA/Glossary Detail.QVD","no-sql-select","[Glossary Detail]:
          SQL
          SELECT 	*
          from	[NIAA].[Glossary Detail]"
"NIAA/Glossary.QVD","no-sql-select","[Glossary]:
        Load
        * ;SQL
        SELECT 
        
        	*

    FROM ""AZDB-ZEA-PRD-NIAADL01"".NIAA.""Glos"
"NIAA/Grant Application Build.QVD","no-sql-select","[Application Build Tracker]:
	Load 
	    [Application Build Id]
      , [Planned Investment Id]						as [Planned Investm"
"NIAA/NIAA Site 2023.qvd","from-no-dot","[NIAA Site 2023]:
LOAD NIAA_Site_Id as [Site Id], 
	Office_Name as [Office Name], 
	Region_Name as [Region Name], 
	Regi"
"NIAA/Organisation Debt.qvd","from-no-dot","[Organisation Debt]:
SELECT ""Debt Id"",
	""General Ledger"",
	Account,
//	""Source Organisation Id"",
//	""Activity Id"",
	Name"
"NIAA/ORIC Register.qvd","from-no-dot","[ORIC Register]:
SELECT ICN,
	Corporation,
	""Incorporation Date"",
	Status,
	""Status Date"",
	ABN,
	Registered
FROM DGOV."""
"NTLC/NTLC.qvd","no-sql-select","[NTLC]:
SQL SELECT *
    FROM Load(dataset='NTLC')
DATASOURCE NTLC GEOFILE url='file:\\\E:\QlikSenseShare\AppData\PROD\G"
"NTLC/NTLC_2026.qvd","no-sql-select","[NTLC]:
SQL SELECT *
    FROM Load(dataset='NTLC')
DATASOURCE NTLC GEOFILE url='file:\\\E:\QlikSenseShare\AppData\PROD\G"
"ORIC/ORIC Corporations.qvd","from-no-dot","[ORIC Corporations]:
LOAD _id as [ORIC ID], 
	ICN as [ICN], 
	Corporation as [ORIC Corporation], 
	[Incorporation Date] "
"PMC/University.qvd","from-no-dot","[University]:
SELECT ""University Id"", 
	   ""Campus Type"", 
	   ""University Group"", 
	   University, 
	   ""Short Name"", 
"
"Published Grants/Published Grants.qvd","from-no-dot","[Published Grants]:

LOAD internalGrantReference, 
	goID, 
	internalReferenceID, 
	isAdHoc, 
	isAggregateGrantAward, 
	a"
"RHS/LGA-SA1.qvd","from-no-dot","LOAD
    LGA_CODE        AS [LGA Code],
    SA1_MAINCODE    AS [SA1 Main Code]
    ;[LGA-SA1]:
SELECT DISTINCT
       ""L"
"RHS/Remote Community.qvd","from-no-dot","LOAD [Remote Community Id] as [Remote Community Id%], 
	Name as [Community Name], 
	Pronunciation, 
	[Alternate Name 1],"
"RHS/RHS Dwelling.qvd","from-no-dot","LOAD [Dwelling Guid] AS [RHS Dwelling Id%], 
	[Row Number], 
	Program, 
	//State, 
	Component, 
	[Sub-Component], 
	[Dwe"
"RHS/RHS Funding.qvd","from-no-dot","LOAD [RHS Funding Id%], 
	State, 
	[Financial Year], 
	Component, 
	[Auth Reference], 
	[Auth Date], 
	Allocation, 
	Pay"
"RHS/SA1-ABS.qvd","from-no-dot","LOAD
    SA1_MAINCODE    AS [SA1 Main Code], 
	SA1_7DIGITCODE  AS [SA1 7 Digit Code], 
	SA2_MAINCODE    AS [SA2 Main Cod"
"RHS/SA1-Empowered Community.qvd","from-no-dot","LOAD [SA1 Main Code], 
	 [Empowered Community];[SA1-Empowered Community]:
SELECT ""SA1_MAINCODE"" as [SA1 Main Code],  
	 "
"RHS/SA1-PMC Region.qvd","from-no-dot","LOAD [SA1 Main Code], 
	 [PMC Region Code];[SA1-PMC Region]:
SELECT ""SA1_MAINCODE""    AS [SA1 Main Code], 
   	   ""PMC_R"
"RHS/State.qvd","from-no-dot","LOAD
    SA1_MAINCODE    AS [SA1 Main Code], 
	SA1_7DIGITCODE  AS [SA1 7 Digit Code], 
	SA2_MAINCODE    AS [SA2 Main Cod"
"RSAS/ACARA School.qvd","from-no-dot","[ACARA School]:
SELECT ""ACARA School Id"", 
	""AGE Id"", 
	""School Name"", 
	Suburb, 
	State, 
	Postcode, 
	""School Sector"","
"RSAS/SSIS RSAS.qvd","from-no-dot","[SSIS RSAS]:
SELECT *
FROM   dbo.CheckSSISPackage('LoadRSASStage')"
"SSR/1000 Jobs Placements.qvd","no-sql-select","[Job_Placements]:
Load
		date(date#(""IEP Activity Snapshot Date"",'DD/MM/YYYY')) as ""IEP Activity Snapshot Date""

      ,"
"SSR/1000 Jobs Tracker.qvd","from-no-dot","[TBL_1000_Jobs_Tracker]:
LOAD 
	   [Application Id] 
      ,[Activity Id]
      ,Date(Date#([Application Received Date],"
"SSR/Activity Milestone Region.qvd","from-no-dot","LOAD Managing_Office      as [Activity Milestone Regions.Milestone Managing Office%], 
	 PMC_Region           as [Activi"
"SSR/Activity Purchase Order.qvd","from-no-dot","LOAD [Activity Id], 
 	 [Activity IMPACT PO Id];[Activity Purchase Order]:
SELECT ""Activity Id"", 
	   ""Activity IMPACT P"
"SSR/Adjustment Appraisals.qvd","from-no-dot","LOAD Ref_ID, 
	Org_ID, 
	Legal_Name, 
	Org_ABN, 
	ORP_Rating, 
	Activity_ID, 
	Start_Date, 
	End_Date, 
	Program, 
	ARA,"
"SSR/Adjustment Tracker.qvd","from-no-dot","LOAD Ref_No, 
	Date_Request_Received, 
	Organisation_Name, 
	Region, 
	Program, 
	Activity_ID, 
	Activity_Title, 
	Part_"
"SSR/Aged Debts.qvd","from-no-dot","[Aged Debts Temp]:
SELECT ""Debt Id"",
	""General Ledger"",
	Account,
	""Organisation Id"" as [Legal Entity Id],
	""Activity Id"
"SSR/archive/1000 Jobs Placements.qvd","no-sql-select","[Job_Placements]:
Load
		date(date#(""IEP Activity Snapshot Date"",'DD/MM/YYYY')) as ""IEP Activity Snapshot Date""

      ,"
"SSR/archive/1000 Jobs Tracker.qvd","from-no-dot","[TBL_1000_Jobs_Tracker]:
LOAD 
	   [Application Id] 
      ,[Activity Id]
      ,Date(Date#([Application Received Date],"
"SSR/archive/Activity Milestone Region.qvd","from-no-dot","LOAD Managing_Office      as [Activity Milestone Regions.Milestone Managing Office%], 
	 PMC_Region           as [Activi"
"SSR/archive/Activity Purchase Order.qvd","from-no-dot","LOAD [Activity Id], 
 	 [Activity IMPACT PO Id];[Activity Purchase Order]:
SELECT ""Activity Id"", 
	   ""Activity IMPACT P"
"SSR/archive/Adjustment Appraisals.qvd","from-no-dot","LOAD Ref_ID, 
	Org_ID, 
	Legal_Name, 
	Org_ABN, 
	ORP_Rating, 
	Activity_ID, 
	Start_Date, 
	End_Date, 
	Program, 
	ARA,"
"SSR/archive/Adjustment Tracker.qvd","from-no-dot","LOAD Ref_No, 
	Date_Request_Received, 
	Organisation_Name, 
	Region, 
	Program, 
	Activity_ID, 
	Activity_Title, 
	Part_"
"SSR/archive/Delivery Adjustment.qvd","from-no-dot","LOAD File_Name, 
	Org_ID, 
	Legal_Name, 
	ABN, 
	Percentage_revenue, 
	Percentage_staff, 
	Activity_Title, 
	Activity_ID"
"SSR/archive/Grant Activity Acquittal.qvd","from-no-dot","[Grant Activity Acquittal]:
LOAD [Activity Id], 
	[Milestone Id] as [Acquittal Milestone Id], 
	[Review Id], 
	[Review T"
"SSR/archive/Grant Activity Milestone.qvd","from-no-dot","LOAD [Number of Days Milestone Overdue], 
	[Activity PBS Outcome], 
	[Activity PBS Program], 
	[Program Formal External "
"SSR/archive/Milestone Overdue Month.qvd","from-no-dot","LOAD [Milestone Id], 
	[Milestone Payment Mode], 
	Outstanding;[Milestone Overdue Month]:
SELECT ""Milestone Id"", 
	""Mile"
"SSR/archive/Overdue Milestone Reason.qvd","from-no-dot","LOAD Activity_ID, 
	 Milestone_ID      as [Overdue Milestone Reason.Milestone Id],
	 Comments          as [Overdue Miles"
"SSR/archive/Published Grants.qvd","from-no-dot","LOAD internalGrantReference, 
	goID, 
	internalReferenceID, 
	isAdHoc, 
	isAggregateGrantAward, 
	approvalDate, 
	startD"
"SSR/archive/RGU Staff.qvd","from-no-dot","LOAD 

[First Name], 
	[Surname Name], 
	[Substantive Level], 
	[RGU Team / Section], 
	[RGU Location], 
	[Name in Grant"
"SSR/Delivery Adjustment.qvd","from-no-dot","LOAD File_Name, 
	Org_ID, 
	Legal_Name, 
	ABN, 
	Percentage_revenue, 
	Percentage_staff, 
	Activity_Title, 
	Activity_ID"
"SSR/Grant Activity Acquittal.qvd","from-no-dot","[Grant Activity Acquittal]:
LOAD [Activity Id], 
	[Milestone Id] as [Acquittal Milestone Id], 
	[Review Id], 
	[Review T"
"SSR/Grant Activity Milestone.qvd","from-no-dot","[Grant Activity Milestone]:
LOAD [Number of Days Milestone Overdue]							AS [Grant Activity Milestone.Number of Days Mi"
"SSR/Grant Activity Missing Milestone.qvd","from-no-dot","[Grant Activity Missing Milestone]:
LOAD [Milestone Id]  					AS [Grant Activity Missing Milestone.Milestone Id], 
[Acti"
"SSR/Milestone Overdue Month.qvd","from-no-dot","[Milestone Overdue Month]:
LOAD [Milestone Id], 
	[Milestone Payment Mode], 
	Outstanding;SELECT ""Milestone Id"", 
	""Mile"
"SSR/Overdue Milestone Reason.qvd","from-no-dot","LOAD Activity_ID, 
	 Milestone_ID      as [Overdue Milestone Reason.Milestone Id],
	 Comments          as [Overdue Miles"
"SSR/Published Grants.qvd","from-no-dot","LOAD internalGrantReference, 
	goID, 
	internalReferenceID, 
	isAdHoc, 
	isAggregateGrantAward, 
	approvalDate, 
	startD"
"SSR/RGU Staff.qvd","from-no-dot","LOAD 

[First Name], 
	[Surname Name], 
	[Substantive Level], 
	[RGU Team / Section], 
	[RGU Location], 
	[Name in Grant"
