"rel_path","qvd_name","creator_app","n_consumer_apps","source_object","sql_object_match","load_logic","multi_source","has_rename","verdict","view_schema","view_name","new_path","n_source_columns","n_view_columns","n_columns_dropped","decided_by"
"ESS/ESAM Users.QVD","ESAM Users.QVD","eSAM",NA,"AZDB-AUE-PRD-NIAADL01.ESS.ESAM Users","Exact","Simple",FALSE,TRUE,"needs-creating","","","",29,0,0,"auto"
"RHS/NT Community.qvd","NT Community.qvd","-",NA,"AZDB-AUE-PRD-NIAADL01.pmc.IC_GEO_INFO","Partial match","Missing lineage statement",TRUE,FALSE,"needs-creating","","","",7,0,0,"auto"
"ABS/MB 2021 - RA 2021.qvd","MB 2021 - RA 2021.qvd","Tactical",NA,"AZDB-AUE-PRD-NIAADL01.ASGS.MB 2016 - RA 2016","Likely subset","Simple",FALSE,TRUE,"needs-import","fusionload","grant activity location","",7,0,0,"auto"
"NTLC/NTLC_2026.qvd","NTLC_2026.qvd","Tactical",NA,"AZDB-AUE-PRD-NIAADL01.NIAA.SAL_Centroid","Partial match","Simple",FALSE,TRUE,"needs-creating","","","",14,0,0,"auto"
"NTLC/NTLC.qvd","NTLC.qvd","Tactical",NA,"AZDB-AUE-PRD-NIAADL01.NIAA.SAL_Centroid","Partial match","Simple",FALSE,TRUE,"needs-creating","","","",14,0,0,"auto"
"NIAA/BushTel.qvd","BushTel.qvd","NT Housing POC (with data model)(2)(1) | NT Housing POC (with data model)(Josh's Test)",NA,"-","No match","Missing lineage statement",FALSE,FALSE,"unmapped","","","",0,0,0,"auto"
"NIAA/Community Geo.qvd","Community Geo.qvd","NT Housing POC (with data model)(2)(1) | NT Housing POC (with data model)(Josh's Test)",NA,"AZDB-AUE-PRD-NIAADL01.ESS.CDP CCRJ Code Table","Partial match","Missing lineage statement",FALSE,FALSE,"needs-creating","","","",9,0,0,"auto"
"NIAA/Community.qvd","Community.qvd","NT Housing POC (with data model)(2)(1) | NT Housing POC (with data model)(Josh's Test)",NA,"AZDB-AUE-PRD-NIAADL01.LandRHS.Dwelling","Partial match","Missing lineage statement",FALSE,FALSE,"needs-creating","","","",53,0,0,"auto"
"NIAA/Housing Information.qvd","Housing Information.qvd","NT Housing POC (with data model)(2)(1) | NT Housing POC (with data model)(Josh's Test)",NA,"AZDB-AUE-PRD-NIAADL01.ESS.IEP Claim Payments","Partial match","Missing lineage statement",FALSE,FALSE,"needs-creating","","","",20,0,0,"auto"
"NIAA/New Housing Data.qvd","New Housing Data.qvd","NT Housing POC (with data model)(2)(1) | NT Housing POC (with data model)(Josh's Test)",NA,"AZDB-AUE-PRD-NIAADL01.FUSION.Case Resolution","Partial match","Missing lineage statement",FALSE,FALSE,"needs-creating","","","",63,0,0,"auto"
"NIAA/Planned Houses.qvd","Planned Houses.qvd","NT Housing POC (with data model)(2)(1) | NT Housing POC (with data model)(Josh's Test)",NA,"AZDB-AUE-PRD-NIAADL01.pmc.IC_GEO_INFO","Partial match","Missing lineage statement",FALSE,FALSE,"needs-creating","","","",7,0,0,"auto"
"ESS/CDP/CDP Appointment.QVD","CDP Appointment.QVD","-",NA,"AZDB-AUE-PRD-NIAADL01.ESS_DEV.CDP Appointment","Exact","Simple",FALSE,TRUE,"needs-creating","","","",7,0,0,"auto"
"ESS/CDP/CDP Job Seeker Diary.QVD","CDP Job Seeker Diary.QVD","-",NA,"AZDB-AUE-PRD-NIAADL01.FUSIONTestETL.a-oauth-json-otm","Likely subset","Missing lineage statement",TRUE,FALSE,"needs-creating","","","",45,0,0,"auto"
"RHS/LGA-SA1.qvd","LGA-SA1.qvd","RHS QVD Generator",NA,"AZDB-AUE-PRD-NIAADL01.RHS.Remote Community","Likely subset","Simple",FALSE,TRUE,"needs-creating","","","",41,0,0,"auto"
"RHS/RATSIB.qvd","RATSIB.qvd","RHS QVD Generator",NA,"AZDB-AUE-PRD-NIAADL01.NNTT.RATSIB_Nat","Partial match","Simple",FALSE,TRUE,"needs-creating","","","",14,0,0,"auto"
"RHS/Remote Community.qvd","Remote Community.qvd","RHS QVD Generator",NA,"AZDB-AUE-PRD-NIAADL01.RHS.Remote Community","Partial match","Simple",FALSE,TRUE,"needs-creating","","","",41,0,0,"auto"
"RHS/RHS Dwelling-RATSIB.qvd","RHS Dwelling-RATSIB.qvd","RHS QVD Generator",NA,"AZDB-AUE-PRD-NIAADL01.NNTT.MB_2021_RATSIB","Partial match","Simple",FALSE,TRUE,"needs-creating","","","",2,0,0,"auto"
"RHS/RHS Dwelling.qvd","RHS Dwelling.qvd","RHS QVD Generator",NA,"AZDB-AUE-PRD-NIAADL01.LandRHS.Dwelling","Partial match","Complex",FALSE,TRUE,"needs-creating","","","",53,0,0,"auto"
"RHS/RHS Funding.qvd","RHS Funding.qvd","RHS QVD Generator",NA,"AZDB-AUE-PRD-NIAADL01.RHS.Funding","Partial match","Simple",FALSE,TRUE,"needs-creating","","","",13,0,0,"auto"
"RHS/SA1-ABS.qvd","SA1-ABS.qvd","RHS QVD Generator",NA,"AZDB-AUE-PRD-NIAADL01.abs.SA1 2016","Partial match","Simple",FALSE,TRUE,"needs-import","nntt","sa1 - native title","",17,0,0,"auto"
"RHS/SA1-Empowered Community.qvd","SA1-Empowered Community.qvd","RHS QVD Generator",NA,"AZDB-AUE-PRD-NIAADL01.FUSION.Fusion Location","Likely subset","Simple",FALSE,TRUE,"needs-creating","","","",13,0,0,"auto"
"RHS/SA1-PMC Region.qvd","SA1-PMC Region.qvd","RHS QVD Generator",NA,"AZDB-AUE-PRD-NIAADL01.FUSION.PMC Region","Partial match","Simple",FALSE,TRUE,"retarget-incomplete","NIAA","Program Tracker","lib://Curated data Store:DataFiles/10 Landing Area/NIAA/Program Tracker.qvd",9,29,6,"auto"
"RHS/State.qvd","State.qvd","RHS QVD Generator",NA,"AZDB-AUE-PRD-NIAADL01.dbo.State","Likely subset","Simple",FALSE,TRUE,"needs-creating","","","",5,0,0,"auto"
"ABS/ATSIP Census Cell Descriptor.qvd","ATSIP Census Cell Descriptor.qvd","ABS Data Pack QVD Generator V1.3.0",NA,"AZDB-AUE-PRD-NIAADL01.ABSDataPack.ATSIP Census Cell Descriptor","Exact","Simple",FALSE,TRUE,"retarget-incomplete","ABSDataPack","ATSIP ILOC Demographic Census Cell Descriptor","lib://Curated data Store:DataFiles/10 Landing Area/ABSDataPack/ATSIP ILOC Demographic Census Cell Descriptor.qvd",33,23,10,"auto"
"ABS/ATSIP ILOC Census Cell 2011-1.qvd","ATSIP ILOC Census Cell 2011-1.qvd","ABS Data Pack QVD Generator V1.3.0",NA,"AZDB-AUE-PRD-NIAADL01.ABSDataPack.ATSIP ILOC Census Cell","Partial match","Complex",FALSE,TRUE,"retarget","ABSDataPack","ATSIP ILOC Demographic Census Cell","lib://Curated data Store:DataFiles/10 Landing Area/ABSDataPack/ATSIP ILOC Demographic Census Cell.qvd",5,6,0,"auto"
"ABS/ATSIP ILOC Census Cell 2011-2.qvd","ATSIP ILOC Census Cell 2011-2.qvd","ABS Data Pack QVD Generator V1.3.0",NA,"AZDB-AUE-PRD-NIAADL01.ABSDataPack.ATSIP ILOC Census Cell","Partial match","Complex",FALSE,TRUE,"retarget","ABSDataPack","ATSIP ILOC Demographic Census Cell","lib://Curated data Store:DataFiles/10 Landing Area/ABSDataPack/ATSIP ILOC Demographic Census Cell.qvd",5,6,0,"auto"
"ABS/ATSIP ILOC Census Cell 2011.qvd","ATSIP ILOC Census Cell 2011.qvd","ABS Data Pack QVD Generator V1.3.0",NA,"AZDB-AUE-PRD-NIAADL01.ABSDataPack.ATSIP ILOC Census Cell","Partial match","Complex",FALSE,TRUE,"retarget","ABSDataPack","ATSIP ILOC Demographic Census Cell","lib://Curated data Store:DataFiles/10 Landing Area/ABSDataPack/ATSIP ILOC Demographic Census Cell.qvd",5,6,0,"auto"
"ABS/ATSIP ILOC Census Cell 2016-1.qvd","ATSIP ILOC Census Cell 2016-1.qvd","ABS Data Pack QVD Generator V1.3.0",NA,"AZDB-AUE-PRD-NIAADL01.ABSDataPack.ATSIP ILOC Census Cell","Partial match","Complex",FALSE,TRUE,"retarget","ABSDataPack","ATSIP ILOC Demographic Census Cell","lib://Curated data Store:DataFiles/10 Landing Area/ABSDataPack/ATSIP ILOC Demographic Census Cell.qvd",5,6,0,"auto"
"ABS/ATSIP ILOC Census Cell 2016-2.qvd","ATSIP ILOC Census Cell 2016-2.qvd","ABS Data Pack QVD Generator V1.3.0",NA,"AZDB-AUE-PRD-NIAADL01.ABSDataPack.ATSIP ILOC Census Cell","Partial match","Complex",FALSE,TRUE,"retarget","ABSDataPack","ATSIP ILOC Demographic Census Cell","lib://Curated data Store:DataFiles/10 Landing Area/ABSDataPack/ATSIP ILOC Demographic Census Cell.qvd",5,6,0,"auto"
"ABS/ATSIP ILOC Census Cell 2016.qvd","ATSIP ILOC Census Cell 2016.qvd","ABS Data Pack QVD Generator V1.3.0",NA,"AZDB-AUE-PRD-NIAADL01.ABSDataPack.ATSIP ILOC Census Cell","Partial match","Complex",FALSE,TRUE,"retarget","ABSDataPack","ATSIP ILOC Demographic Census Cell","lib://Curated data Store:DataFiles/10 Landing Area/ABSDataPack/ATSIP ILOC Demographic Census Cell.qvd",5,6,0,"auto"
"ABS/ATSIP ILOC Census Cell Descriptor.qvd","ATSIP ILOC Census Cell Descriptor.qvd","ABS Data Pack QVD Generator V1.3.0",NA,"AZDB-AUE-PRD-NIAADL01.ABSDataPack.ATSIP Census Cell Descriptor","Partial match","Complex",FALSE,TRUE,"retarget-incomplete","ABSDataPack","ATSIP ILOC Demographic Census Cell Descriptor","lib://Curated data Store:DataFiles/10 Landing Area/ABSDataPack/ATSIP ILOC Demographic Census Cell Descriptor.qvd",33,23,10,"auto"
"ABS/ATSIP ILOC Census Cell.qvd","ATSIP ILOC Census Cell.qvd","ABS Data Pack QVD Generator V1.3.0",NA,"AZDB-AUE-PRD-NIAADL01.ABSDataPack.ATSIP ILOC Census Cell","Partial match","Complex",FALSE,TRUE,"retarget","ABSDataPack","ATSIP ILOC Demographic Census Cell","lib://Curated data Store:DataFiles/10 Landing Area/ABSDataPack/ATSIP ILOC Demographic Census Cell.qvd",5,6,0,"auto"
"ABS/ATSIP ILOC Demographic Census Cell Descriptor.qvd","ATSIP ILOC Demographic Census Cell Descriptor.qvd","ABS Data Pack QVD Generator V1.3.0",NA,"AZDB-AUE-PRD-NIAADL01.ABSDataPack.ATSIP ILOC Demographic Census Cell Descriptor","Exact","Simple",FALSE,TRUE,"retarget-incomplete","ABSDataPack","ATSIP ILOC Demographic Census Cell","lib://Curated data Store:DataFiles/10 Landing Area/ABSDataPack/ATSIP ILOC Demographic Census Cell.qvd",22,6,21,"auto"
"ABS/ATSIP ILOC Demographic Census Cell.qvd","ATSIP ILOC Demographic Census Cell.qvd","ABS Data Pack QVD Generator V1.3.0",NA,"AZDB-AUE-PRD-NIAADL01.ABSDataPack.ATSIP ILOC Demographic Census Cell","Exact","Simple",FALSE,TRUE,"needs-creating","","","",5,0,0,"auto"
"ABS/ATSIP ILOC Education Census Cell Descriptor.qvd","ATSIP ILOC Education Census Cell Descriptor.qvd","ABS Data Pack QVD Generator V1.3.0",NA,"AZDB-AUE-PRD-NIAADL01.ABSDataPack.ATSIP ILOC Education Census Cell Descriptor","Exact","Simple",FALSE,TRUE,"retarget-incomplete","ABSDataPack","ATSIP ILOC Education Census Cell","lib://Curated data Store:DataFiles/10 Landing Area/ABSDataPack/ATSIP ILOC Education Census Cell.qvd",19,6,18,"auto"
"ABS/ATSIP ILOC Education Census Cell.qvd","ATSIP ILOC Education Census Cell.qvd","ABS Data Pack QVD Generator V1.3.0",NA,"AZDB-AUE-PRD-NIAADL01.ABSDataPack.ATSIP ILOC Education Census Cell","Exact","Simple",FALSE,TRUE,"needs-creating","","","",5,0,0,"auto"
"ABS/ATSIP ILOC Income Census Cell Descriptor.qvd","ATSIP ILOC Income Census Cell Descriptor.qvd","ABS Data Pack QVD Generator V1.3.0",NA,"AZDB-AUE-PRD-NIAADL01.ABSDataPack.ATSIP ILOC Income Census Cell Descriptor","Exact","Simple",FALSE,TRUE,"retarget-incomplete","ABSDataPack","ATSIP ILOC Income Census Cell","lib://Curated data Store:DataFiles/10 Landing Area/ABSDataPack/ATSIP ILOC Income Census Cell.qvd",15,6,14,"auto"
"ABS/ATSIP ILOC Income Census Cell.qvd","ATSIP ILOC Income Census Cell.qvd","ABS Data Pack QVD Generator V1.3.0",NA,"AZDB-AUE-PRD-NIAADL01.ABSDataPack.ATSIP ILOC Income Census Cell","Exact","Simple",FALSE,TRUE,"needs-creating","","","",5,0,0,"auto"
"ABS/ATSIP ILOC Residency Census Cell Descriptor.qvd","ATSIP ILOC Residency Census Cell Descriptor.qvd","ABS Data Pack QVD Generator V1.3.0",NA,"AZDB-AUE-PRD-NIAADL01.ABSDataPack.ATSIP ILOC Residency Census Cell Descriptor","Exact","Simple",FALSE,TRUE,"retarget-incomplete","ABSDataPack","ATSIP ILOC Residency Census Cell","lib://Curated data Store:DataFiles/10 Landing Area/ABSDataPack/ATSIP ILOC Residency Census Cell.qvd",20,6,19,"auto"
"ABS/ATSIP ILOC Residency Census Cell.qvd","ATSIP ILOC Residency Census Cell.qvd","ABS Data Pack QVD Generator V1.3.0",NA,"AZDB-AUE-PRD-NIAADL01.ABSDataPack.ATSIP ILOC Residency Census Cell","Exact","Simple",FALSE,TRUE,"needs-creating","","","",5,0,0,"auto"
"ABS/ATSIP IREG Projected Population.qvd","ATSIP IREG Projected Population.qvd","ABS Data Pack QVD Generator V1.3.0",NA,"AZDB-AUE-PRD-NIAADL01.ABSDataPack.ATSIP IREG Projected Population","Exact","Simple",FALSE,TRUE,"needs-creating","","","",9,0,0,"auto"
"ABS/ATSIP SA2 Population.qvd","ATSIP SA2 Population.qvd","ABS Data Pack QVD Generator V1.3.0",NA,"AZDB-AUE-PRD-NIAADL01.ABSDataPack.ATSIP SA2 Population","Likely subset","Simple",FALSE,TRUE,"needs-creating","","","",15,0,0,"auto"
"ABS/Census Cell Descriptor.qvd","Census Cell Descriptor.qvd","ABS Data Pack QVD Generator V1.3.0",NA,"AZDB-AUE-PRD-NIAADL01.ABSDataPack.Census Cell Descriptor","Exact","Simple",FALSE,TRUE,"retarget","ABSDataPack","ATSIP Census Cell Descriptor","lib://Curated data Store:DataFiles/10 Landing Area/ABSDataPack/ATSIP Census Cell Descriptor.qvd",33,33,0,"auto"
"ABS/ILOC Census Cell.qvd","ILOC Census Cell.qvd","ABS Data Pack QVD Generator V1.3.0",NA,"AZDB-AUE-PRD-NIAADL01.ABSDataPack.ILOC Census Cell","Partial match","Simple",FALSE,TRUE,"retarget","ABSDataPack","ATSIP ILOC Census Cell","lib://Curated data Store:DataFiles/10 Landing Area/ABSDataPack/ATSIP ILOC Census Cell.qvd",5,6,0,"auto"
"ABS/SEIFA SA1 Summary.qvd","SEIFA SA1 Summary.qvd","ABS Data Pack QVD Generator V1.3.0",NA,"AZDB-AUE-PRD-NIAADL01.ABSDataPack.SEIFA SA1 Summary","Exact","Simple",FALSE,TRUE,"needs-creating","","","",13,0,0,"auto"
"ESS/IEP/Snapshots/Temp/IEP_Activity_Expenditure_20211201.QVD","IEP_Activity_Expenditure_20211201.QVD","-",NA,"AZDB-AUE-PRD-NIAADL01.ESS.IEP Activity Expenditure","Exact","Complex",TRUE,TRUE,"multi-source","ESS","FUSION IEP Activity","lib://Curated data Store:DataFiles/10 Landing Area/ESS/FUSION IEP Activity.qvd",11,68,9,"auto"
"ESS/IEP/Snapshots/Temp/IEP_Activity_Expenditure_20220131.QVD","IEP_Activity_Expenditure_20220131.QVD","-",NA,"AZDB-AUE-PRD-NIAADL01.ESS.IEP Activity Expenditure","Exact","Complex",TRUE,TRUE,"multi-source","ESS","FUSION IEP Activity","lib://Curated data Store:DataFiles/10 Landing Area/ESS/FUSION IEP Activity.qvd",11,68,9,"auto"
"ESS/CDP/Temp/QVD_List_TWES.QVD","QVD_List_TWES.QVD","01 ESS QVD Builder - TWES",NA,"AZDB-AUE-PRD-NIAADL01.Acorn.Content","Partial match","Missing lineage statement",FALSE,FALSE,"needs-creating","","","",15,0,0,"auto"
"ESS/CDP/Temp/TWES Claim.QVD","TWES Claim.QVD","01 ESS QVD Builder - TWES",1,"AZDB-AUE-PRD-NIAADL01.ESS.TWES Claim","Exact","Simple",FALSE,FALSE,"needs-creating","","","",25,0,0,"auto"
"ESS/CDP/Temp/TWES Commencement History.QVD","TWES Commencement History.QVD","01 ESS QVD Builder - TWES",1,"AZDB-AUE-PRD-NIAADL01.ESS.TWES Commencement History","Exact","Simple",FALSE,FALSE,"needs-creating","","","",6,0,0,"auto"
"ESS/CDP/Temp/TWES CRP.QVD","TWES CRP.QVD","01 ESS QVD Builder - TWES",1,"AZDB-AUE-PRD-NIAADL01.ESS.TWES CRP","Exact","Simple",FALSE,FALSE,"needs-creating","","","",14,0,0,"auto"
"ESS/CDP/Temp/TWES ESAT.QVD","TWES ESAT.QVD","01 ESS QVD Builder - TWES",1,"AZDB-AUE-PRD-NIAADL01.ESS.TWES ESAT","Exact","Simple",FALSE,FALSE,"needs-creating","","","",12,0,0,"auto"
"ESS/CDP/Temp/TWES Job Seeker.QVD","TWES Job Seeker.QVD","01 ESS QVD Builder - TWES",1,"AZDB-AUE-PRD-NIAADL01.ESS.TWES Job Seeker","Exact","Simple",FALSE,FALSE,"needs-creating","","","",4,0,0,"auto"
"ESS/CDP/Temp/TWES JSCI.QVD","TWES JSCI.QVD","01 ESS QVD Builder - TWES",1,"AZDB-AUE-PRD-NIAADL01.ESS.TWES JSCI","Exact","Simple",FALSE,FALSE,"needs-creating","","","",8,0,0,"auto"
"ESS/CDP/Temp/TWES Site Contract.QVD","TWES Site Contract.QVD","01 ESS QVD Builder - TWES",1,"AZDB-AUE-PRD-NIAADL01.ESS.TWES Site Contract","Exact","Simple",FALSE,FALSE,"needs-creating","","","",34,0,0,"auto"
"ESS/CDP/Temp/TWES Transition Plan.QVD","TWES Transition Plan.QVD","01 ESS QVD Builder - TWES",1,"AZDB-AUE-PRD-NIAADL01.ESS.TWES Transition Plan","Exact","Simple",FALSE,FALSE,"needs-creating","","","",22,0,0,"auto"
"ABS/2021 ABS Remoteness x ILOC.qvd","2021 ABS Remoteness x ILOC.qvd","ABS 2021 QVD Generator",NA,"AZDB-AUE-PRD-NIAADL01.ABSDataPack.ATSIP ILOC Census Cell","Partial match","Simple",FALSE,TRUE,"retarget","ABSDataPack","ATSIP ILOC Demographic Census Cell","lib://Curated data Store:DataFiles/10 Landing Area/ABSDataPack/ATSIP ILOC Demographic Census Cell.qvd",5,6,0,"auto"
"ABS/2021 Census Datapacks x ILOC.qvd","2021 Census Datapacks x ILOC.qvd","ABS 2021 QVD Generator",NA,"AZDB-AUE-PRD-NIAADL01.abs.2021Census_I20C_AUST_IARE","Partial match","Complex",TRUE,TRUE,"needs-creating","","","",201,0,0,"auto"
"ABS/2021 CtG Targets ABS Tablebuilder.qvd","2021 CtG Targets ABS Tablebuilder.qvd","ABS 2021 QVD Generator",NA,"AZDB-AUE-PRD-NIAADL01.abs.Tablebuilder CtG6 x ILOC","Partial match","Complex",FALSE,TRUE,"needs-creating","","","",41,0,0,"auto"
"ESS/CDP/BK/0.Sun/CDP Activity Attendance Key Data.QVD","CDP Activity Attendance Key Data.QVD","-",NA,"AZDB-AUE-PRD-NIAADL01.ESS_DEV.CDP Activity Attendance Key Data","Exact","Missing lineage statement",FALSE,FALSE,"needs-creating","","","",23,0,0,"auto"
"ESS/CDP/BK/1.Mon/CDP Activity Attendance Key Data.QVD","CDP Activity Attendance Key Data.QVD","-",NA,"AZDB-AUE-PRD-NIAADL01.ESS_DEV.CDP Activity Attendance Key Data","Exact","Missing lineage statement",FALSE,FALSE,"needs-creating","","","",23,0,0,"auto"
"ESS/CDP/BK/2.Tue/CDP Activity Attendance Key Data.QVD","CDP Activity Attendance Key Data.QVD","-",NA,"-","No match","Missing lineage statement",FALSE,FALSE,"unmapped","","","",0,0,0,"auto"
"ESS/CDP/BK/3.Wed/CDP Activity Attendance Key Data.QVD","CDP Activity Attendance Key Data.QVD","-",NA,"-","No match","Missing lineage statement",FALSE,FALSE,"unmapped","","","",0,0,0,"auto"
"ESS/CDP/BK/4.Thu/CDP Activity Attendance Key Data.QVD","CDP Activity Attendance Key Data.QVD","-",NA,"AZDB-AUE-PRD-NIAADL01.ESS_DEV.CDP Activity Attendance Key Data","Exact","Missing lineage statement",FALSE,FALSE,"needs-creating","","","",23,0,0,"auto"
"ESS/CDP/BK/5.Fri/CDP Activity Attendance Key Data.QVD","CDP Activity Attendance Key Data.QVD","-",NA,"AZDB-AUE-PRD-NIAADL01.ESS_DEV.CDP Activity Attendance Key Data","Exact","Missing lineage statement",FALSE,FALSE,"needs-creating","","","",23,0,0,"auto"
"ESS/CDP/BK/6.Sat/CDP Activity Attendance Key Data.QVD","CDP Activity Attendance Key Data.QVD","-",NA,"AZDB-AUE-PRD-NIAADL01.ESS_DEV.CDP Activity Attendance Key Data","Exact","Missing lineage statement",FALSE,FALSE,"needs-creating","","","",23,0,0,"auto"
"ESS/CDP/CDP Activity Attendance Key Data.QVD","CDP Activity Attendance Key Data.QVD","-",NA,"AZDB-AUE-PRD-NIAADL01.ESS_DEV.CDP Activity Attendance Key Data","Exact","Missing lineage statement",FALSE,FALSE,"needs-creating","","","",23,0,0,"auto"
"ESS/CDP/BK/0.Sun/CDP Activity Attendance Result.QVD","CDP Activity Attendance Result.QVD","-",NA,"AZDB-AUE-PRD-NIAADL01.ESS.CDP Activity Attendance Result","Likely subset","Missing lineage statement",FALSE,FALSE,"needs-creating","","","",14,0,0,"auto"
"ESS/CDP/BK/1.Mon/CDP Activity Attendance Result.QVD","CDP Activity Attendance Result.QVD","-",NA,"AZDB-AUE-PRD-NIAADL01.ESS.CDP Activity Attendance Result","Likely subset","Missing lineage statement",FALSE,FALSE,"needs-creating","","","",14,0,0,"auto"
"ESS/CDP/BK/2.Tue/CDP Activity Attendance Result.QVD","CDP Activity Attendance Result.QVD","-",NA,"AZDB-AUE-PRD-NIAADL01.ESS.CDP Activity Attendance Result","Exact","Missing lineage statement",FALSE,FALSE,"needs-creating","","","",14,0,0,"auto"
"ESS/CDP/BK/3.Wed/CDP Activity Attendance Result.QVD","CDP Activity Attendance Result.QVD","-",NA,"AZDB-AUE-PRD-NIAADL01.ESS.CDP Activity Attendance Result","Exact","Missing lineage statement",FALSE,FALSE,"needs-creating","","","",14,0,0,"auto"
"ESS/CDP/BK/4.Thu/CDP Activity Attendance Result.QVD","CDP Activity Attendance Result.QVD","-",NA,"AZDB-AUE-PRD-NIAADL01.ESS.CDP Activity Attendance Result","Likely subset","Missing lineage statement",FALSE,FALSE,"needs-creating","","","",14,0,0,"auto"
"ESS/CDP/BK/5.Fri/CDP Activity Attendance Result.QVD","CDP Activity Attendance Result.QVD","-",NA,"AZDB-AUE-PRD-NIAADL01.ESS.CDP Activity Attendance Result","Likely subset","Missing lineage statement",FALSE,FALSE,"needs-creating","","","",14,0,0,"auto"
"ESS/CDP/BK/6.Sat/CDP Activity Attendance Result.QVD","CDP Activity Attendance Result.QVD","-",NA,"AZDB-AUE-PRD-NIAADL01.ESS.CDP Activity Attendance Result","Likely subset","Missing lineage statement",FALSE,FALSE,"needs-creating","","","",14,0,0,"auto"
"ESS/CDP/BK/0.Sun/CDP Activity Attendance.QVD","CDP Activity Attendance.QVD","-",NA,"AZDB-AUE-PRD-NIAADL01.ESS.CDP Activity Attendance","Likely subset","Missing lineage statement",FALSE,FALSE,"needs-creating","","","",12,0,0,"auto"
"ESS/CDP/BK/1.Mon/CDP Activity Attendance.QVD","CDP Activity Attendance.QVD","-",NA,"AZDB-AUE-PRD-NIAADL01.ESS.CDP Activity Attendance","Exact","Missing lineage statement",FALSE,FALSE,"needs-creating","","","",12,0,0,"auto"
"ESS/CDP/BK/2.Tue/CDP Activity Attendance.QVD","CDP Activity Attendance.QVD","-",NA,"AZDB-AUE-PRD-NIAADL01.ESS.CDP Activity Attendance","Exact","Missing lineage statement",FALSE,FALSE,"needs-creating","","","",12,0,0,"auto"
"ESS/CDP/BK/3.Wed/CDP Activity Attendance.QVD","CDP Activity Attendance.QVD","-",NA,"AZDB-AUE-PRD-NIAADL01.ESS.CDP Activity Attendance","Exact","Missing lineage statement",FALSE,FALSE,"needs-creating","","","",12,0,0,"auto"
"ESS/CDP/BK/4.Thu/CDP Activity Attendance.QVD","CDP Activity Attendance.QVD","-",NA,"AZDB-AUE-PRD-NIAADL01.ESS.CDP Activity Attendance","Likely subset","Missing lineage statement",FALSE,FALSE,"needs-creating","","","",12,0,0,"auto"
"ESS/CDP/BK/5.Fri/CDP Activity Attendance.QVD","CDP Activity Attendance.QVD","-",NA,"AZDB-AUE-PRD-NIAADL01.ESS.CDP Activity Attendance","Likely subset","Missing lineage statement",FALSE,FALSE,"needs-creating","","","",12,0,0,"auto"
"ESS/CDP/BK/6.Sat/CDP Activity Attendance.QVD","CDP Activity Attendance.QVD","-",NA,"AZDB-AUE-PRD-NIAADL01.ESS.CDP Activity Attendance","Likely subset","Missing lineage statement",FALSE,FALSE,"needs-creating","","","",12,0,0,"auto"
"ESS/CDP/BK/0.Sun/CDP Activity Referral Placement.QVD","CDP Activity Referral Placement.QVD","-",NA,"AZDB-AUE-PRD-NIAADL01.ESS.CDP Activity Referral Placement","Likely subset","Missing lineage statement",FALSE,FALSE,"needs-creating","","","",25,0,0,"auto"
"ESS/CDP/BK/1.Mon/CDP Activity Referral Placement.QVD","CDP Activity Referral Placement.QVD","-",NA,"AZDB-AUE-PRD-NIAADL01.ESS.CDP Activity Referral Placement","Likely subset","Missing lineage statement",FALSE,FALSE,"needs-creating","","","",25,0,0,"auto"
"ESS/CDP/BK/2.Tue/CDP Activity Referral Placement.QVD","CDP Activity Referral Placement.QVD","-",NA,"AZDB-AUE-PRD-NIAADL01.ESS.CDP Activity Referral Placement","Likely subset","Missing lineage statement",FALSE,FALSE,"needs-creating","","","",25,0,0,"auto"
"ESS/CDP/BK/3.Wed/CDP Activity Referral Placement.QVD","CDP Activity Referral Placement.QVD","-",NA,"AZDB-AUE-PRD-NIAADL01.ESS.CDP Activity Referral Placement","Likely subset","Missing lineage statement",FALSE,FALSE,"needs-creating","","","",25,0,0,"auto"
"ESS/CDP/BK/4.Thu/CDP Activity Referral Placement.QVD","CDP Activity Referral Placement.QVD","-",NA,"AZDB-AUE-PRD-NIAADL01.ESS.CDP Activity Referral Placement","Likely subset","Missing lineage statement",FALSE,FALSE,"needs-creating","","","",25,0,0,"auto"
"ESS/CDP/BK/5.Fri/CDP Activity Referral Placement.QVD","CDP Activity Referral Placement.QVD","-",NA,"AZDB-AUE-PRD-NIAADL01.ESS.CDP Activity Referral Placement","Likely subset","Missing lineage statement",FALSE,FALSE,"needs-creating","","","",25,0,0,"auto"
"ESS/CDP/BK/6.Sat/CDP Activity Referral Placement.QVD","CDP Activity Referral Placement.QVD","-",NA,"AZDB-AUE-PRD-NIAADL01.ESS.CDP Activity Referral Placement","Likely subset","Missing lineage statement",FALSE,FALSE,"needs-creating","","","",25,0,0,"auto"
"ESS/CDP/Delete/CDP Activity Referral.QVD","CDP Activity Referral.QVD","-",NA,"AZDB-AUE-PRD-NIAADL01.ESS.CDP Activity Referral Placement","Partial match","Missing lineage statement",FALSE,FALSE,"needs-creating","","","",25,0,0,"auto"
"ESS/CDP/BK/0.Sun/CDP Activity.QVD","CDP Activity.QVD","-",NA,"AZDB-AUE-PRD-NIAADL01.ESS.CDP Activity","Likely subset","Missing lineage statement",FALSE,FALSE,"needs-creating","","","",24,0,0,"auto"
"ESS/CDP/BK/1.Mon/CDP Activity.QVD","CDP Activity.QVD","-",NA,"AZDB-AUE-PRD-NIAADL01.ESS.CDP Activity","Likely subset","Missing lineage statement",FALSE,FALSE,"needs-creating","","","",24,0,0,"auto"
"ESS/CDP/BK/2.Tue/CDP Activity.QVD","CDP Activity.QVD","-",NA,"AZDB-AUE-PRD-NIAADL01.ESS.CDP Activity","Likely subset","Missing lineage statement",FALSE,FALSE,"needs-creating","","","",24,0,0,"auto"
"ESS/CDP/BK/3.Wed/CDP Activity.QVD","CDP Activity.QVD","-",NA,"AZDB-AUE-PRD-NIAADL01.ESS.CDP Activity","Likely subset","Missing lineage statement",FALSE,FALSE,"needs-creating","","","",24,0,0,"auto"
"ESS/CDP/BK/4.Thu/CDP Activity.QVD","CDP Activity.QVD","-",NA,"AZDB-AUE-PRD-NIAADL01.ESS.CDP Activity","Likely subset","Missing lineage statement",FALSE,FALSE,"needs-creating","","","",24,0,0,"auto"
"ESS/CDP/BK/5.Fri/CDP Activity.QVD","CDP Activity.QVD","-",NA,"AZDB-AUE-PRD-NIAADL01.ESS.CDP Activity","Likely subset","Missing lineage statement",FALSE,FALSE,"needs-creating","","","",24,0,0,"auto"
"ESS/CDP/BK/6.Sat/CDP Activity.QVD","CDP Activity.QVD","-",NA,"AZDB-AUE-PRD-NIAADL01.ESS.CDP Activity","Likely subset","Missing lineage statement",FALSE,FALSE,"needs-creating","","","",24,0,0,"auto"
"ESS/CDP/BK/0.Sun/CDP Age Group.QVD","CDP Age Group.QVD","-",NA,"AZDB-AUE-PRD-NIAADL01.ESS.CDP Age Group","Exact","Missing lineage statement",FALSE,FALSE,"needs-creating","","","",4,0,0,"auto"
"ESS/CDP/BK/1.Mon/CDP Age Group.QVD","CDP Age Group.QVD","-",NA,"AZDB-AUE-PRD-NIAADL01.ESS.CDP Age Group","Exact","Missing lineage statement",FALSE,FALSE,"needs-creating","","","",4,0,0,"auto"
"ESS/CDP/BK/2.Tue/CDP Age Group.QVD","CDP Age Group.QVD","-",NA,"AZDB-AUE-PRD-NIAADL01.ESS.CDP Age Group","Exact","Missing lineage statement",FALSE,FALSE,"needs-creating","","","",4,0,0,"auto"
"ESS/CDP/BK/3.Wed/CDP Age Group.QVD","CDP Age Group.QVD","-",NA,"AZDB-AUE-PRD-NIAADL01.ESS.CDP Age Group","Exact","Missing lineage statement",FALSE,FALSE,"needs-creating","","","",4,0,0,"auto"
"ESS/CDP/BK/4.Thu/CDP Age Group.QVD","CDP Age Group.QVD","-",NA,"AZDB-AUE-PRD-NIAADL01.ESS.CDP Age Group","Exact","Missing lineage statement",FALSE,FALSE,"needs-creating","","","",4,0,0,"auto"
"ESS/CDP/BK/5.Fri/CDP Age Group.QVD","CDP Age Group.QVD","-",NA,"AZDB-AUE-PRD-NIAADL01.ESS.CDP Age Group","Exact","Missing lineage statement",FALSE,FALSE,"needs-creating","","","",4,0,0,"auto"
"ESS/CDP/BK/6.Sat/CDP Age Group.QVD","CDP Age Group.QVD","-",NA,"AZDB-AUE-PRD-NIAADL01.ESS.CDP Age Group","Exact","Missing lineage statement",FALSE,FALSE,"needs-creating","","","",4,0,0,"auto"
"ESS/CDP/BK/0.Sun/CDP API Subs Data Currency.QVD","CDP API Subs Data Currency.QVD","-",NA,"AZDB-AUE-PRD-NIAADL01.ESS.CDP API Subs Data Currency","Exact","Missing lineage statement",FALSE,FALSE,"needs-creating","","","",3,0,0,"auto"
"ESS/CDP/BK/1.Mon/CDP API Subs Data Currency.QVD","CDP API Subs Data Currency.QVD","-",NA,"AZDB-AUE-PRD-NIAADL01.ESS.CDP API Subs Data Currency","Exact","Missing lineage statement",FALSE,FALSE,"needs-creating","","","",3,0,0,"auto"
"ESS/CDP/BK/2.Tue/CDP API Subs Data Currency.QVD","CDP API Subs Data Currency.QVD","-",NA,"AZDB-AUE-PRD-NIAADL01.ESS.CDP API Subs Data Currency","Exact","Missing lineage statement",FALSE,FALSE,"needs-creating","","","",3,0,0,"auto"
"ESS/CDP/BK/3.Wed/CDP API Subs Data Currency.QVD","CDP API Subs Data Currency.QVD","-",NA,"AZDB-AUE-PRD-NIAADL01.ESS.CDP API Subs Data Currency","Exact","Missing lineage statement",FALSE,FALSE,"needs-creating","","","",3,0,0,"auto"
"ESS/CDP/BK/4.Thu/CDP API Subs Data Currency.QVD","CDP API Subs Data Currency.QVD","-",NA,"AZDB-AUE-PRD-NIAADL01.ESS.CDP API Subs Data Currency","Exact","Missing lineage statement",FALSE,FALSE,"needs-creating","","","",3,0,0,"auto"
"ESS/CDP/BK/5.Fri/CDP API Subs Data Currency.QVD","CDP API Subs Data Currency.QVD","-",NA,"AZDB-AUE-PRD-NIAADL01.ESS.CDP API Subs Data Currency","Exact","Missing lineage statement",FALSE,FALSE,"needs-creating","","","",3,0,0,"auto"
"ESS/CDP/BK/6.Sat/CDP API Subs Data Currency.QVD","CDP API Subs Data Currency.QVD","-",NA,"AZDB-AUE-PRD-NIAADL01.ESS.CDP API Subs Data Currency","Exact","Missing lineage statement",FALSE,FALSE,"needs-creating","","","",3,0,0,"auto"
"ESS/CDP/Delete/CDP Assistance.QVD","CDP Assistance.QVD","-",NA,"AZDB-AUE-PRD-NIAADL01.ESS.RAES Payment","Partial match","Missing lineage statement",FALSE,FALSE,"needs-creating","","","",42,0,0,"auto"
"ESS/CDP/BK/0.Sun/CDP Barrier Job Plan Activity Link.QVD","CDP Barrier Job Plan Activity Link.QVD","-",NA,"AZDB-AUE-PRD-NIAADL01.ESS.CDP Barrier Job Plan Activity Link","Exact","Missing lineage statement",FALSE,FALSE,"needs-creating","","","",3,0,0,"auto"
"ESS/CDP/BK/1.Mon/CDP Barrier Job Plan Activity Link.QVD","CDP Barrier Job Plan Activity Link.QVD","-",NA,"AZDB-AUE-PRD-NIAADL01.ESS.CDP Barrier Job Plan Activity Link","Exact","Missing lineage statement",FALSE,FALSE,"needs-creating","","","",3,0,0,"auto"
"ESS/CDP/BK/2.Tue/CDP Barrier Job Plan Activity Link.QVD","CDP Barrier Job Plan Activity Link.QVD","-",NA,"AZDB-AUE-PRD-NIAADL01.ESS.CDP Barrier Job Plan Activity Link","Exact","Missing lineage statement",FALSE,FALSE,"needs-creating","","","",3,0,0,"auto"
"ESS/CDP/BK/3.Wed/CDP Barrier Job Plan Activity Link.QVD","CDP Barrier Job Plan Activity Link.QVD","-",NA,"AZDB-AUE-PRD-NIAADL01.ESS.CDP Barrier Job Plan Activity Link","Exact","Missing lineage statement",FALSE,FALSE,"needs-creating","","","",3,0,0,"auto"
"ESS/CDP/BK/4.Thu/CDP Barrier Job Plan Activity Link.QVD","CDP Barrier Job Plan Activity Link.QVD","-",NA,"AZDB-AUE-PRD-NIAADL01.ESS.CDP Barrier Job Plan Activity Link","Exact","Missing lineage statement",FALSE,FALSE,"needs-creating","","","",3,0,0,"auto"
"ESS/CDP/BK/5.Fri/CDP Barrier Job Plan Activity Link.QVD","CDP Barrier Job Plan Activity Link.QVD","-",NA,"AZDB-AUE-PRD-NIAADL01.ESS.CDP Barrier Job Plan Activity Link","Exact","Missing lineage statement",FALSE,FALSE,"needs-creating","","","",3,0,0,"auto"
"ESS/CDP/BK/6.Sat/CDP Barrier Job Plan Activity Link.QVD","CDP Barrier Job Plan Activity Link.QVD","-",NA,"AZDB-AUE-PRD-NIAADL01.ESS.CDP Barrier Job Plan Activity Link","Exact","Missing lineage statement",FALSE,FALSE,"needs-creating","","","",3,0,0,"auto"
"ESS/CDP/BK/0.Sun/CDP Barrier Job Plan Assistance Link.QVD","CDP Barrier Job Plan Assistance Link.QVD","-",NA,"AZDB-AUE-PRD-NIAADL01.ESS.CDP Barrier Job Plan Assistance Link","Exact","Missing lineage statement",FALSE,FALSE,"needs-creating","","","",3,0,0,"auto"
"ESS/CDP/BK/1.Mon/CDP Barrier Job Plan Assistance Link.QVD","CDP Barrier Job Plan Assistance Link.QVD","-",NA,"AZDB-AUE-PRD-NIAADL01.ESS.CDP Barrier Job Plan Assistance Link","Exact","Missing lineage statement",FALSE,FALSE,"needs-creating","","","",3,0,0,"auto"
"ESS/CDP/BK/2.Tue/CDP Barrier Job Plan Assistance Link.QVD","CDP Barrier Job Plan Assistance Link.QVD","-",NA,"AZDB-AUE-PRD-NIAADL01.ESS.CDP Barrier Job Plan Assistance Link","Exact","Missing lineage statement",FALSE,FALSE,"needs-creating","","","",3,0,0,"auto"
"ESS/CDP/BK/3.Wed/CDP Barrier Job Plan Assistance Link.QVD","CDP Barrier Job Plan Assistance Link.QVD","-",NA,"AZDB-AUE-PRD-NIAADL01.ESS.CDP Barrier Job Plan Assistance Link","Exact","Missing lineage statement",FALSE,FALSE,"needs-creating","","","",3,0,0,"auto"
"ESS/CDP/BK/4.Thu/CDP Barrier Job Plan Assistance Link.QVD","CDP Barrier Job Plan Assistance Link.QVD","-",NA,"AZDB-AUE-PRD-NIAADL01.ESS.CDP Barrier Job Plan Assistance Link","Exact","Missing lineage statement",FALSE,FALSE,"needs-creating","","","",3,0,0,"auto"
"ESS/CDP/BK/5.Fri/CDP Barrier Job Plan Assistance Link.QVD","CDP Barrier Job Plan Assistance Link.QVD","-",NA,"AZDB-AUE-PRD-NIAADL01.ESS.CDP Barrier Job Plan Assistance Link","Exact","Missing lineage statement",FALSE,FALSE,"needs-creating","","","",3,0,0,"auto"
"ESS/CDP/BK/6.Sat/CDP Barrier Job Plan Assistance Link.QVD","CDP Barrier Job Plan Assistance Link.QVD","-",NA,"AZDB-AUE-PRD-NIAADL01.ESS.CDP Barrier Job Plan Assistance Link","Exact","Missing lineage statement",FALSE,FALSE,"needs-creating","","","",3,0,0,"auto"
"ESS/CDP/Delete/CDP Barrier_TO_BE_UPDATED.QVD","CDP Barrier_TO_BE_UPDATED.QVD","-",NA,"-","No match","Missing lineage statement",FALSE,FALSE,"unmapped","","","",0,0,0,"auto"
"ESS/CDP/BK/0.Sun/CDP Barrier.QVD","CDP Barrier.QVD","-",NA,"AZDB-AUE-PRD-NIAADL01.ESS.CDP Barrier","Exact","Missing lineage statement",FALSE,FALSE,"needs-creating","","","",18,0,0,"auto"
"ESS/CDP/BK/1.Mon/CDP Barrier.QVD","CDP Barrier.QVD","-",NA,"AZDB-AUE-PRD-NIAADL01.ESS.CDP Barrier","Exact","Missing lineage statement",FALSE,FALSE,"needs-creating","","","",18,0,0,"auto"
"ESS/CDP/BK/2.Tue/CDP Barrier.QVD","CDP Barrier.QVD","-",NA,"AZDB-AUE-PRD-NIAADL01.ESS.CDP Barrier","Exact","Missing lineage statement",FALSE,FALSE,"needs-creating","","","",18,0,0,"auto"
"ESS/CDP/BK/3.Wed/CDP Barrier.QVD","CDP Barrier.QVD","-",NA,"AZDB-AUE-PRD-NIAADL01.ESS.CDP Barrier","Exact","Missing lineage statement",FALSE,FALSE,"needs-creating","","","",18,0,0,"auto"
"ESS/CDP/BK/4.Thu/CDP Barrier.QVD","CDP Barrier.QVD","-",NA,"AZDB-AUE-PRD-NIAADL01.ESS.CDP Barrier","Exact","Missing lineage statement",FALSE,FALSE,"needs-creating","","","",18,0,0,"auto"
"ESS/CDP/BK/5.Fri/CDP Barrier.QVD","CDP Barrier.QVD","-",NA,"AZDB-AUE-PRD-NIAADL01.ESS.CDP Barrier","Exact","Missing lineage statement",FALSE,FALSE,"needs-creating","","","",18,0,0,"auto"
"ESS/CDP/BK/6.Sat/CDP Barrier.QVD","CDP Barrier.QVD","-",NA,"AZDB-AUE-PRD-NIAADL01.ESS.CDP Barrier","Exact","Missing lineage statement",FALSE,FALSE,"needs-creating","","","",18,0,0,"auto"
"ESS/CDP/Delete/CDP Caseload Current Status.QVD","CDP Caseload Current Status.QVD","-",NA,"AZDB-AUE-PRD-NIAADL01.ESS.CDP Caseload","Partial match","Missing lineage statement",FALSE,FALSE,"needs-creating","","","",23,0,0,"auto"
"ESS/CDP/Delete/CDP Caseload History Contract.QVD","CDP Caseload History Contract.QVD","-",NA,"-","No match","Missing lineage statement",FALSE,FALSE,"unmapped","","","",0,0,0,"auto"
"ESS/CDP/Delete/CDP Caseload History CR.QVD","CDP Caseload History CR.QVD","-",NA,"-","No match","Missing lineage statement",FALSE,FALSE,"unmapped","","","",0,0,0,"auto"
"ESS/CDP/Delete/CDP Caseload History JS.QVD","CDP Caseload History JS.QVD","-",NA,"-","No match","Missing lineage statement",FALSE,FALSE,"unmapped","","","",0,0,0,"auto"
"ESS/CDP/Delete/CDP Caseload History Site.QVD","CDP Caseload History Site.QVD","-",NA,"-","No match","Missing lineage statement",FALSE,FALSE,"unmapped","","","",0,0,0,"auto"
"ESS/CDP/BK/0.Sun/CDP Caseload.QVD","CDP Caseload.QVD","-",NA,"AZDB-AUE-PRD-NIAADL01.ESS.CDP Caseload","Exact","Missing lineage statement",FALSE,FALSE,"needs-creating","","","",23,0,0,"auto"
"ESS/CDP/BK/1.Mon/CDP Caseload.QVD","CDP Caseload.QVD","-",NA,"AZDB-AUE-PRD-NIAADL01.ESS.CDP Caseload","Exact","Missing lineage statement",FALSE,FALSE,"needs-creating","","","",23,0,0,"auto"
"ESS/CDP/BK/2.Tue/CDP Caseload.QVD","CDP Caseload.QVD","-",NA,"AZDB-AUE-PRD-NIAADL01.ESS.CDP Caseload","Exact","Missing lineage statement",FALSE,FALSE,"needs-creating","","","",23,0,0,"auto"
"ESS/CDP/BK/3.Wed/CDP Caseload.QVD","CDP Caseload.QVD","-",NA,"AZDB-AUE-PRD-NIAADL01.ESS.CDP Caseload","Exact","Missing lineage statement",FALSE,FALSE,"needs-creating","","","",23,0,0,"auto"
"ESS/CDP/BK/4.Thu/CDP Caseload.QVD","CDP Caseload.QVD","-",NA,"AZDB-AUE-PRD-NIAADL01.ESS.CDP Caseload","Exact","Missing lineage statement",FALSE,FALSE,"needs-creating","","","",23,0,0,"auto"
"ESS/CDP/BK/5.Fri/CDP Caseload.QVD","CDP Caseload.QVD","-",NA,"AZDB-AUE-PRD-NIAADL01.ESS.CDP Caseload","Exact","Missing lineage statement",FALSE,FALSE,"needs-creating","","","",23,0,0,"auto"
"ESS/CDP/BK/6.Sat/CDP Caseload.QVD","CDP Caseload.QVD","-",NA,"AZDB-AUE-PRD-NIAADL01.ESS.CDP Caseload","Exact","Missing lineage statement",FALSE,FALSE,"needs-creating","","","",23,0,0,"auto"
"ESS/CDP/BK/0.Sun/CDP Claim.QVD","CDP Claim.QVD","-",NA,"AZDB-AUE-PRD-NIAADL01.ESS.CDP Claim","Exact","Missing lineage statement",FALSE,FALSE,"needs-creating","","","",51,0,0,"auto"
"ESS/CDP/BK/1.Mon/CDP Claim.QVD","CDP Claim.QVD","-",NA,"AZDB-AUE-PRD-NIAADL01.ESS.CDP Claim","Exact","Missing lineage statement",FALSE,FALSE,"needs-creating","","","",51,0,0,"auto"
"ESS/CDP/BK/2.Tue/CDP Claim.QVD","CDP Claim.QVD","-",NA,"AZDB-AUE-PRD-NIAADL01.ESS.CDP Claim","Exact","Missing lineage statement",FALSE,FALSE,"needs-creating","","","",51,0,0,"auto"
"ESS/CDP/BK/3.Wed/CDP Claim.QVD","CDP Claim.QVD","-",NA,"AZDB-AUE-PRD-NIAADL01.ESS.CDP Claim","Exact","Missing lineage statement",FALSE,FALSE,"needs-creating","","","",51,0,0,"auto"
"ESS/CDP/BK/4.Thu/CDP Claim.QVD","CDP Claim.QVD","-",NA,"AZDB-AUE-PRD-NIAADL01.ESS.CDP Claim","Exact","Missing lineage statement",FALSE,FALSE,"needs-creating","","","",51,0,0,"auto"
"ESS/CDP/BK/5.Fri/CDP Claim.QVD","CDP Claim.QVD","-",NA,"AZDB-AUE-PRD-NIAADL01.ESS.CDP Claim","Exact","Missing lineage statement",FALSE,FALSE,"needs-creating","","","",51,0,0,"auto"
"ESS/CDP/BK/6.Sat/CDP Claim.QVD","CDP Claim.QVD","-",NA,"AZDB-AUE-PRD-NIAADL01.ESS.CDP Claim","Exact","Missing lineage statement",FALSE,FALSE,"needs-creating","","","",51,0,0,"auto"
"ESS/CDP/Delete/CDP Contract Current.QVD","CDP Contract Current.QVD","-",NA,"AZDB-AUE-PRD-NIAADL01.ESS.CDP Contract","Partial match","Missing lineage statement",FALSE,FALSE,"retarget-incomplete","ESS","CDP PPR Result History","lib://Curated data Store:DataFiles/10 Landing Area/ESS/CDP PPR Result History.qvd",13,13,7,"auto"
"ESS/CDP/CDP Contract Referral Placement.QVD","CDP Contract Referral Placement.QVD","-",NA,"AZDB-AUE-PRD-NIAADL01.ESS.NIAA_CDP_Contract_Referral_Placement","Partial match","Missing lineage statement",FALSE,FALSE,"needs-creating","","","",21,0,0,"auto"
"ESS/CDP/Delete/CDP Contract Referral.QVD","CDP Contract Referral.QVD","-",NA,"AZDB-AUE-PRD-NIAADL01.ESS.NIAA_CDP_Contract_Referral_Placement","Partial match","Missing lineage statement",FALSE,FALSE,"needs-creating","","","",21,0,0,"auto"
"ESS/CDP/BK/0.Sun/CDP Contract.QVD","CDP Contract.QVD","-",NA,"AZDB-AUE-PRD-NIAADL01.ESS.CDP Contract","Likely subset","Missing lineage statement",FALSE,FALSE,"retarget-incomplete","ESS","CDP PPR Result History","lib://Curated data Store:DataFiles/10 Landing Area/ESS/CDP PPR Result History.qvd",13,13,7,"auto"
"ESS/CDP/BK/1.Mon/CDP Contract.QVD","CDP Contract.QVD","-",NA,"AZDB-AUE-PRD-NIAADL01.ESS.CDP Contract","Likely subset","Missing lineage statement",FALSE,FALSE,"retarget-incomplete","ESS","CDP PPR Result History","lib://Curated data Store:DataFiles/10 Landing Area/ESS/CDP PPR Result History.qvd",13,13,7,"auto"
"ESS/CDP/BK/2.Tue/CDP Contract.QVD","CDP Contract.QVD","-",NA,"AZDB-AUE-PRD-NIAADL01.ESS.CDP Contract","Likely subset","Missing lineage statement",FALSE,FALSE,"retarget-incomplete","ESS","CDP PPR Result History","lib://Curated data Store:DataFiles/10 Landing Area/ESS/CDP PPR Result History.qvd",13,13,7,"auto"
"ESS/CDP/BK/3.Wed/CDP Contract.QVD","CDP Contract.QVD","-",NA,"AZDB-AUE-PRD-NIAADL01.ESS.CDP Contract","Likely subset","Missing lineage statement",FALSE,FALSE,"retarget-incomplete","ESS","CDP PPR Result History","lib://Curated data Store:DataFiles/10 Landing Area/ESS/CDP PPR Result History.qvd",13,13,7,"auto"
"ESS/CDP/BK/4.Thu/CDP Contract.QVD","CDP Contract.QVD","-",NA,"AZDB-AUE-PRD-NIAADL01.ESS.CDP Contract","Likely subset","Missing lineage statement",FALSE,FALSE,"retarget-incomplete","ESS","CDP PPR Result History","lib://Curated data Store:DataFiles/10 Landing Area/ESS/CDP PPR Result History.qvd",13,13,7,"auto"
"ESS/CDP/BK/5.Fri/CDP Contract.QVD","CDP Contract.QVD","-",NA,"AZDB-AUE-PRD-NIAADL01.ESS.CDP Contract","Likely subset","Missing lineage statement",FALSE,FALSE,"retarget-incomplete","ESS","CDP PPR Result History","lib://Curated data Store:DataFiles/10 Landing Area/ESS/CDP PPR Result History.qvd",13,13,7,"auto"
"ESS/CDP/BK/6.Sat/CDP Contract.QVD","CDP Contract.QVD","-",NA,"AZDB-AUE-PRD-NIAADL01.ESS.CDP Contract","Likely subset","Missing lineage statement",FALSE,FALSE,"retarget-incomplete","ESS","CDP PPR Result History","lib://Curated data Store:DataFiles/10 Landing Area/ESS/CDP PPR Result History.qvd",13,13,7,"auto"
"ESS/CDP/Delete/CDP CRP CURRENT.QVD","CDP CRP CURRENT.QVD","-",NA,"AZDB-AUE-PRD-NIAADL01.FUSIONTestETL.CRP_Filtered","Likely subset","Missing lineage statement",FALSE,FALSE,"needs-creating","","","",16,0,0,"auto"
"ESS/CDP/Delete/CDP DW Update Date.qvd","CDP DW Update Date.qvd","-",NA,"-","No match","Missing lineage statement",FALSE,FALSE,"unmapped","","","",0,0,0,"auto"
"ESS/CDP/BK/0.Sun/CDP Employment Placement History.QVD","CDP Employment Placement History.QVD","-",NA,"AZDB-AUE-PRD-NIAADL01.ESS_DEV.CDP Employment Placement History","Likely subset","Missing lineage statement",FALSE,FALSE,"needs-creating","","","",47,0,0,"auto"
"ESS/CDP/BK/1.Mon/CDP Employment Placement History.QVD","CDP Employment Placement History.QVD","-",NA,"AZDB-AUE-PRD-NIAADL01.ESS_DEV.CDP Employment Placement History","Likely subset","Missing lineage statement",FALSE,FALSE,"needs-creating","","","",47,0,0,"auto"
"ESS/CDP/BK/2.Tue/CDP Employment Placement History.QVD","CDP Employment Placement History.QVD","-",NA,"AZDB-AUE-PRD-NIAADL01.ESS.CDP Employment Placement History_obsolete","Exact","Missing lineage statement",FALSE,FALSE,"needs-creating","","","",32,0,0,"auto"
"ESS/CDP/BK/3.Wed/CDP Employment Placement History.QVD","CDP Employment Placement History.QVD","-",NA,"AZDB-AUE-PRD-NIAADL01.ESS.CDP Employment Placement History_obsolete","Exact","Missing lineage statement",FALSE,FALSE,"needs-creating","","","",32,0,0,"auto"
"ESS/CDP/BK/4.Thu/CDP Employment Placement History.QVD","CDP Employment Placement History.QVD","-",NA,"AZDB-AUE-PRD-NIAADL01.ESS_DEV.CDP Employment Placement History","Likely subset","Missing lineage statement",FALSE,FALSE,"needs-creating","","","",47,0,0,"auto"
"ESS/CDP/BK/5.Fri/CDP Employment Placement History.QVD","CDP Employment Placement History.QVD","-",NA,"AZDB-AUE-PRD-NIAADL01.ESS_DEV.CDP Employment Placement History","Likely subset","Missing lineage statement",FALSE,FALSE,"needs-creating","","","",47,0,0,"auto"
"ESS/CDP/BK/6.Sat/CDP Employment Placement History.QVD","CDP Employment Placement History.QVD","-",NA,"AZDB-AUE-PRD-NIAADL01.ESS_DEV.CDP Employment Placement History","Likely subset","Missing lineage statement",FALSE,FALSE,"needs-creating","","","",47,0,0,"auto"
"ESS/CDP/BK/0.Sun/CDP Employment Placement.QVD","CDP Employment Placement.QVD","-",NA,"AZDB-AUE-PRD-NIAADL01.ESS_DEV.CDP Employment Placement","Exact","Missing lineage statement",FALSE,FALSE,"needs-creating","","","",43,0,0,"auto"
"ESS/CDP/BK/1.Mon/CDP Employment Placement.QVD","CDP Employment Placement.QVD","-",NA,"AZDB-AUE-PRD-NIAADL01.ESS_DEV.CDP Employment Placement","Exact","Missing lineage statement",FALSE,FALSE,"needs-creating","","","",43,0,0,"auto"
"ESS/CDP/BK/2.Tue/CDP Employment Placement.QVD","CDP Employment Placement.QVD","-",NA,"AZDB-AUE-PRD-NIAADL01.ESS_DEV.CDP Employment Placement","Likely subset","Missing lineage statement",FALSE,FALSE,"needs-creating","","","",43,0,0,"auto"
"ESS/CDP/BK/3.Wed/CDP Employment Placement.QVD","CDP Employment Placement.QVD","-",NA,"AZDB-AUE-PRD-NIAADL01.ESS_DEV.CDP Employment Placement","Likely subset","Missing lineage statement",FALSE,FALSE,"needs-creating","","","",43,0,0,"auto"
"ESS/CDP/BK/4.Thu/CDP Employment Placement.QVD","CDP Employment Placement.QVD","-",NA,"AZDB-AUE-PRD-NIAADL01.ESS_DEV.CDP Employment Placement","Exact","Missing lineage statement",FALSE,FALSE,"needs-creating","","","",43,0,0,"auto"
"ESS/CDP/BK/5.Fri/CDP Employment Placement.QVD","CDP Employment Placement.QVD","-",NA,"AZDB-AUE-PRD-NIAADL01.ESS_DEV.CDP Employment Placement","Exact","Missing lineage statement",FALSE,FALSE,"needs-creating","","","",43,0,0,"auto"
"ESS/CDP/BK/6.Sat/CDP Employment Placement.QVD","CDP Employment Placement.QVD","-",NA,"AZDB-AUE-PRD-NIAADL01.ESS_DEV.CDP Employment Placement","Exact","Missing lineage statement",FALSE,FALSE,"needs-creating","","","",43,0,0,"auto"
"ESS/CDP/Delete/CDP Employment Placement.QVD","CDP Employment Placement.QVD","-",NA,"AZDB-AUE-PRD-NIAADL01.ESS.CDP Employment Placement History_obsolete","Partial match","Missing lineage statement",FALSE,FALSE,"needs-creating","","","",32,0,0,"auto"
"ESS/CDP/Delete/CDP Employment Placements.QVD","CDP Employment Placements.QVD","-",NA,"AZDB-AUE-PRD-NIAADL01.ESS.CDP Vacancy","Partial match","Missing lineage statement",FALSE,FALSE,"needs-creating","","","",37,0,0,"auto"
"ESS/CDP/BK/0.Sun/CDP Estimated Grant Value FY.QVD","CDP Estimated Grant Value FY.QVD","-",NA,"AZDB-AUE-PRD-NIAADL01.ESS.CDP Estimated Grant Value FY","Exact","Missing lineage statement",FALSE,FALSE,"needs-creating","","","",5,0,0,"auto"
"ESS/CDP/BK/1.Mon/CDP Estimated Grant Value FY.QVD","CDP Estimated Grant Value FY.QVD","-",NA,"AZDB-AUE-PRD-NIAADL01.ESS.CDP Estimated Grant Value FY","Exact","Missing lineage statement",FALSE,FALSE,"needs-creating","","","",5,0,0,"auto"
"ESS/CDP/BK/2.Tue/CDP Estimated Grant Value FY.QVD","CDP Estimated Grant Value FY.QVD","-",NA,"AZDB-AUE-PRD-NIAADL01.ESS.CDP Estimated Grant Value FY","Exact","Missing lineage statement",FALSE,FALSE,"needs-creating","","","",5,0,0,"auto"
"ESS/CDP/BK/3.Wed/CDP Estimated Grant Value FY.QVD","CDP Estimated Grant Value FY.QVD","-",NA,"AZDB-AUE-PRD-NIAADL01.ESS.CDP Estimated Grant Value FY","Exact","Missing lineage statement",FALSE,FALSE,"needs-creating","","","",5,0,0,"auto"
"ESS/CDP/BK/4.Thu/CDP Estimated Grant Value FY.QVD","CDP Estimated Grant Value FY.QVD","-",NA,"AZDB-AUE-PRD-NIAADL01.ESS.CDP Estimated Grant Value FY","Exact","Missing lineage statement",FALSE,FALSE,"needs-creating","","","",5,0,0,"auto"
"ESS/CDP/BK/5.Fri/CDP Estimated Grant Value FY.QVD","CDP Estimated Grant Value FY.QVD","-",NA,"AZDB-AUE-PRD-NIAADL01.ESS.CDP Estimated Grant Value FY","Exact","Missing lineage statement",FALSE,FALSE,"needs-creating","","","",5,0,0,"auto"
"ESS/CDP/BK/6.Sat/CDP Estimated Grant Value FY.QVD","CDP Estimated Grant Value FY.QVD","-",NA,"AZDB-AUE-PRD-NIAADL01.ESS.CDP Estimated Grant Value FY","Exact","Missing lineage statement",FALSE,FALSE,"needs-creating","","","",5,0,0,"auto"
"ESS/CDP/BK/0.Sun/CDP Grant Activity Site Location.QVD","CDP Grant Activity Site Location.QVD","-",NA,"AZDB-AUE-PRD-NIAADL01.ESS.CDP Grant Activity Site Location","Exact","Missing lineage statement",FALSE,FALSE,"needs-import","fusionload","grant activity location","",15,0,0,"auto"
"ESS/CDP/BK/1.Mon/CDP Grant Activity Site Location.QVD","CDP Grant Activity Site Location.QVD","-",NA,"AZDB-AUE-PRD-NIAADL01.ESS.CDP Grant Activity Site Location","Exact","Missing lineage statement",FALSE,FALSE,"needs-import","fusionload","grant activity location","",15,0,0,"auto"
"ESS/CDP/BK/2.Tue/CDP Grant Activity Site Location.QVD","CDP Grant Activity Site Location.QVD","-",NA,"AZDB-AUE-PRD-NIAADL01.ESS.CDP Grant Activity Site Location","Exact","Missing lineage statement",FALSE,FALSE,"needs-import","fusionload","grant activity location","",15,0,0,"auto"
"ESS/CDP/BK/3.Wed/CDP Grant Activity Site Location.QVD","CDP Grant Activity Site Location.QVD","-",NA,"AZDB-AUE-PRD-NIAADL01.ESS.CDP Grant Activity Site Location","Exact","Missing lineage statement",FALSE,FALSE,"needs-import","fusionload","grant activity location","",15,0,0,"auto"
"ESS/CDP/BK/4.Thu/CDP Grant Activity Site Location.QVD","CDP Grant Activity Site Location.QVD","-",NA,"AZDB-AUE-PRD-NIAADL01.ESS.CDP Grant Activity Site Location","Exact","Missing lineage statement",FALSE,FALSE,"needs-import","fusionload","grant activity location","",15,0,0,"auto"
"ESS/CDP/BK/5.Fri/CDP Grant Activity Site Location.QVD","CDP Grant Activity Site Location.QVD","-",NA,"AZDB-AUE-PRD-NIAADL01.ESS.CDP Grant Activity Site Location","Exact","Missing lineage statement",FALSE,FALSE,"needs-import","fusionload","grant activity location","",15,0,0,"auto"
"ESS/CDP/BK/6.Sat/CDP Grant Activity Site Location.QVD","CDP Grant Activity Site Location.QVD","-",NA,"AZDB-AUE-PRD-NIAADL01.ESS.CDP Grant Activity Site Location","Exact","Missing lineage statement",FALSE,FALSE,"needs-import","fusionload","grant activity location","",15,0,0,"auto"
"ESS/CDP/BK/0.Sun/CDP Grant Activity updated.QVD","CDP Grant Activity updated.QVD","-",NA,"AZDB-AUE-PRD-NIAADL01.ESS.CDP Grant Activity updated","Exact","Missing lineage statement",FALSE,FALSE,"needs-creating","","","",23,0,0,"auto"
"ESS/CDP/BK/1.Mon/CDP Grant Activity updated.QVD","CDP Grant Activity updated.QVD","-",NA,"AZDB-AUE-PRD-NIAADL01.ESS.CDP Grant Activity updated","Exact","Missing lineage statement",FALSE,FALSE,"needs-creating","","","",23,0,0,"auto"
"ESS/CDP/BK/2.Tue/CDP Grant Activity updated.QVD","CDP Grant Activity updated.QVD","-",NA,"AZDB-AUE-PRD-NIAADL01.ESS.CDP Grant Activity updated","Exact","Missing lineage statement",FALSE,FALSE,"needs-creating","","","",23,0,0,"auto"
"ESS/CDP/BK/3.Wed/CDP Grant Activity updated.QVD","CDP Grant Activity updated.QVD","-",NA,"AZDB-AUE-PRD-NIAADL01.ESS.CDP Grant Activity updated","Exact","Missing lineage statement",FALSE,FALSE,"needs-creating","","","",23,0,0,"auto"
"ESS/CDP/BK/4.Thu/CDP Grant Activity updated.QVD","CDP Grant Activity updated.QVD","-",NA,"AZDB-AUE-PRD-NIAADL01.ESS.CDP Grant Activity updated","Exact","Missing lineage statement",FALSE,FALSE,"needs-creating","","","",23,0,0,"auto"
"ESS/CDP/BK/5.Fri/CDP Grant Activity updated.QVD","CDP Grant Activity updated.QVD","-",NA,"AZDB-AUE-PRD-NIAADL01.ESS.CDP Grant Activity updated","Exact","Missing lineage statement",FALSE,FALSE,"needs-creating","","","",23,0,0,"auto"
"ESS/CDP/BK/6.Sat/CDP Grant Activity updated.QVD","CDP Grant Activity updated.QVD","-",NA,"AZDB-AUE-PRD-NIAADL01.ESS.CDP Grant Activity updated","Exact","Missing lineage statement",FALSE,FALSE,"needs-creating","","","",23,0,0,"auto"
"ESS/CDP/BK/0.Sun/CDP Grant Activity.QVD","CDP Grant Activity.QVD","-",NA,"AZDB-AUE-PRD-NIAADL01.ESS.CDP Grant Activity","Likely subset","Missing lineage statement",FALSE,FALSE,"retarget-incomplete","ESS","CDP Grant Activity Site Location","lib://Curated data Store:DataFiles/10 Landing Area/ESS/CDP Grant Activity Site Location.qvd",30,18,27,"auto"
"ESS/CDP/BK/1.Mon/CDP Grant Activity.QVD","CDP Grant Activity.QVD","-",NA,"AZDB-AUE-PRD-NIAADL01.ESS.CDP Grant Activity","Likely subset","Missing lineage statement",FALSE,FALSE,"retarget-incomplete","ESS","CDP Grant Activity Site Location","lib://Curated data Store:DataFiles/10 Landing Area/ESS/CDP Grant Activity Site Location.qvd",30,18,27,"auto"
"ESS/CDP/BK/2.Tue/CDP Grant Activity.QVD","CDP Grant Activity.QVD","-",NA,"AZDB-AUE-PRD-NIAADL01.ESS.CDP Grant Activity","Likely subset","Missing lineage statement",FALSE,FALSE,"retarget-incomplete","ESS","CDP Grant Activity Site Location","lib://Curated data Store:DataFiles/10 Landing Area/ESS/CDP Grant Activity Site Location.qvd",30,18,27,"auto"
"ESS/CDP/BK/3.Wed/CDP Grant Activity.QVD","CDP Grant Activity.QVD","-",NA,"AZDB-AUE-PRD-NIAADL01.ESS.CDP Grant Activity","Likely subset","Missing lineage statement",FALSE,FALSE,"retarget-incomplete","ESS","CDP Grant Activity Site Location","lib://Curated data Store:DataFiles/10 Landing Area/ESS/CDP Grant Activity Site Location.qvd",30,18,27,"auto"
"ESS/CDP/BK/4.Thu/CDP Grant Activity.QVD","CDP Grant Activity.QVD","-",NA,"AZDB-AUE-PRD-NIAADL01.ESS.CDP Grant Activity","Likely subset","Missing lineage statement",FALSE,FALSE,"retarget-incomplete","ESS","CDP Grant Activity Site Location","lib://Curated data Store:DataFiles/10 Landing Area/ESS/CDP Grant Activity Site Location.qvd",30,18,27,"auto"
"ESS/CDP/BK/5.Fri/CDP Grant Activity.QVD","CDP Grant Activity.QVD","-",NA,"AZDB-AUE-PRD-NIAADL01.ESS.CDP Grant Activity","Likely subset","Missing lineage statement",FALSE,FALSE,"retarget-incomplete","ESS","CDP Grant Activity Site Location","lib://Curated data Store:DataFiles/10 Landing Area/ESS/CDP Grant Activity Site Location.qvd",30,18,27,"auto"
"ESS/CDP/BK/6.Sat/CDP Grant Activity.QVD","CDP Grant Activity.QVD","-",NA,"AZDB-AUE-PRD-NIAADL01.ESS.CDP Grant Activity","Likely subset","Missing lineage statement",FALSE,FALSE,"retarget-incomplete","ESS","CDP Grant Activity Site Location","lib://Curated data Store:DataFiles/10 Landing Area/ESS/CDP Grant Activity Site Location.qvd",30,18,27,"auto"
"ESS/CDP/BK/0.Sun/CDP Grant Detail.QVD","CDP Grant Detail.QVD","-",NA,"AZDB-AUE-PRD-NIAADL01.ESS.CDP Grant Detail","Exact","Missing lineage statement",FALSE,FALSE,"needs-creating","","","",18,0,0,"auto"
"ESS/CDP/BK/1.Mon/CDP Grant Detail.QVD","CDP Grant Detail.QVD","-",NA,"AZDB-AUE-PRD-NIAADL01.ESS.CDP Grant Detail","Exact","Missing lineage statement",FALSE,FALSE,"needs-creating","","","",18,0,0,"auto"
"ESS/CDP/BK/2.Tue/CDP Grant Detail.QVD","CDP Grant Detail.QVD","-",NA,"AZDB-AUE-PRD-NIAADL01.ESS.CDP Grant Detail","Exact","Missing lineage statement",FALSE,FALSE,"needs-creating","","","",18,0,0,"auto"
"ESS/CDP/BK/3.Wed/CDP Grant Detail.QVD","CDP Grant Detail.QVD","-",NA,"AZDB-AUE-PRD-NIAADL01.ESS.CDP Grant Detail","Exact","Missing lineage statement",FALSE,FALSE,"needs-creating","","","",18,0,0,"auto"
"ESS/CDP/BK/4.Thu/CDP Grant Detail.QVD","CDP Grant Detail.QVD","-",NA,"AZDB-AUE-PRD-NIAADL01.ESS.CDP Grant Detail","Exact","Missing lineage statement",FALSE,FALSE,"needs-creating","","","",18,0,0,"auto"
"ESS/CDP/BK/5.Fri/CDP Grant Detail.QVD","CDP Grant Detail.QVD","-",NA,"AZDB-AUE-PRD-NIAADL01.ESS.CDP Grant Detail","Exact","Missing lineage statement",FALSE,FALSE,"needs-creating","","","",18,0,0,"auto"
"ESS/CDP/BK/6.Sat/CDP Grant Detail.QVD","CDP Grant Detail.QVD","-",NA,"AZDB-AUE-PRD-NIAADL01.ESS.CDP Grant Detail","Exact","Missing lineage statement",FALSE,FALSE,"needs-creating","","","",18,0,0,"auto"
"ESS/CDP/BK/0.Sun/CDP Grant Estimated Expenditure FY.QVD","CDP Grant Estimated Expenditure FY.QVD","-",NA,"AZDB-AUE-PRD-NIAADL01.ESS.CDP Grant Estimated Expenditure FY","Exact","Missing lineage statement",FALSE,FALSE,"retarget-incomplete","ESS","CDP Grant Activity Site Location","lib://Curated data Store:DataFiles/10 Landing Area/ESS/CDP Grant Activity Site Location.qvd",10,18,8,"auto"
"ESS/CDP/BK/1.Mon/CDP Grant Estimated Expenditure FY.QVD","CDP Grant Estimated Expenditure FY.QVD","-",NA,"AZDB-AUE-PRD-NIAADL01.ESS.CDP Grant Estimated Expenditure FY","Exact","Missing lineage statement",FALSE,FALSE,"retarget-incomplete","ESS","CDP Grant Activity Site Location","lib://Curated data Store:DataFiles/10 Landing Area/ESS/CDP Grant Activity Site Location.qvd",10,18,8,"auto"
"ESS/CDP/BK/2.Tue/CDP Grant Estimated Expenditure FY.QVD","CDP Grant Estimated Expenditure FY.QVD","-",NA,"AZDB-AUE-PRD-NIAADL01.ESS.CDP Grant Estimated Expenditure FY","Exact","Missing lineage statement",FALSE,FALSE,"retarget-incomplete","ESS","CDP Grant Activity Site Location","lib://Curated data Store:DataFiles/10 Landing Area/ESS/CDP Grant Activity Site Location.qvd",10,18,8,"auto"
"ESS/CDP/BK/3.Wed/CDP Grant Estimated Expenditure FY.QVD","CDP Grant Estimated Expenditure FY.QVD","-",NA,"AZDB-AUE-PRD-NIAADL01.ESS.CDP Grant Estimated Expenditure FY","Exact","Missing lineage statement",FALSE,FALSE,"retarget-incomplete","ESS","CDP Grant Activity Site Location","lib://Curated data Store:DataFiles/10 Landing Area/ESS/CDP Grant Activity Site Location.qvd",10,18,8,"auto"
"ESS/CDP/BK/4.Thu/CDP Grant Estimated Expenditure FY.QVD","CDP Grant Estimated Expenditure FY.QVD","-",NA,"AZDB-AUE-PRD-NIAADL01.ESS.CDP Grant Estimated Expenditure FY","Exact","Missing lineage statement",FALSE,FALSE,"retarget-incomplete","ESS","CDP Grant Activity Site Location","lib://Curated data Store:DataFiles/10 Landing Area/ESS/CDP Grant Activity Site Location.qvd",10,18,8,"auto"
"ESS/CDP/BK/5.Fri/CDP Grant Estimated Expenditure FY.QVD","CDP Grant Estimated Expenditure FY.QVD","-",NA,"AZDB-AUE-PRD-NIAADL01.ESS.CDP Grant Estimated Expenditure FY","Exact","Missing lineage statement",FALSE,FALSE,"retarget-incomplete","ESS","CDP Grant Activity Site Location","lib://Curated data Store:DataFiles/10 Landing Area/ESS/CDP Grant Activity Site Location.qvd",10,18,8,"auto"
"ESS/CDP/BK/6.Sat/CDP Grant Estimated Expenditure FY.QVD","CDP Grant Estimated Expenditure FY.QVD","-",NA,"AZDB-AUE-PRD-NIAADL01.ESS.CDP Grant Estimated Expenditure FY","Exact","Missing lineage statement",FALSE,FALSE,"retarget-incomplete","ESS","CDP Grant Activity Site Location","lib://Curated data Store:DataFiles/10 Landing Area/ESS/CDP Grant Activity Site Location.qvd",10,18,8,"auto"
"ESS/CDP/BK/0.Sun/CDP Grants List.QVD","CDP Grants List.QVD","-",NA,"AZDB-AUE-PRD-NIAADL01.ESS.CDP Grants List","Exact","Missing lineage statement",FALSE,FALSE,"retarget-incomplete","ESS","FUSION CDP Activity","lib://Curated data Store:DataFiles/10 Landing Area/ESS/FUSION CDP Activity.qvd",17,44,9,"auto"
"ESS/CDP/BK/1.Mon/CDP Grants List.QVD","CDP Grants List.QVD","-",NA,"AZDB-AUE-PRD-NIAADL01.ESS.CDP Grants List","Exact","Missing lineage statement",FALSE,FALSE,"retarget-incomplete","ESS","FUSION CDP Activity","lib://Curated data Store:DataFiles/10 Landing Area/ESS/FUSION CDP Activity.qvd",17,44,9,"auto"
"ESS/CDP/BK/2.Tue/CDP Grants List.QVD","CDP Grants List.QVD","-",NA,"AZDB-AUE-PRD-NIAADL01.ESS.CDP Grants List","Exact","Missing lineage statement",FALSE,FALSE,"retarget-incomplete","ESS","FUSION CDP Activity","lib://Curated data Store:DataFiles/10 Landing Area/ESS/FUSION CDP Activity.qvd",17,44,9,"auto"
"ESS/CDP/BK/3.Wed/CDP Grants List.QVD","CDP Grants List.QVD","-",NA,"AZDB-AUE-PRD-NIAADL01.ESS.CDP Grants List","Exact","Missing lineage statement",FALSE,FALSE,"retarget-incomplete","ESS","FUSION CDP Activity","lib://Curated data Store:DataFiles/10 Landing Area/ESS/FUSION CDP Activity.qvd",17,44,9,"auto"
"ESS/CDP/BK/4.Thu/CDP Grants List.QVD","CDP Grants List.QVD","-",NA,"AZDB-AUE-PRD-NIAADL01.ESS.CDP Grants List","Exact","Missing lineage statement",FALSE,FALSE,"retarget-incomplete","ESS","FUSION CDP Activity","lib://Curated data Store:DataFiles/10 Landing Area/ESS/FUSION CDP Activity.qvd",17,44,9,"auto"
"ESS/CDP/BK/5.Fri/CDP Grants List.QVD","CDP Grants List.QVD","-",NA,"AZDB-AUE-PRD-NIAADL01.ESS.CDP Grants List","Exact","Missing lineage statement",FALSE,FALSE,"retarget-incomplete","ESS","FUSION CDP Activity","lib://Curated data Store:DataFiles/10 Landing Area/ESS/FUSION CDP Activity.qvd",17,44,9,"auto"
"ESS/CDP/BK/6.Sat/CDP Grants List.QVD","CDP Grants List.QVD","-",NA,"AZDB-AUE-PRD-NIAADL01.ESS.CDP Grants List","Exact","Missing lineage statement",FALSE,FALSE,"retarget-incomplete","ESS","FUSION CDP Activity","lib://Curated data Store:DataFiles/10 Landing Area/ESS/FUSION CDP Activity.qvd",17,44,9,"auto"
"ESS/CDP/Delete/CDP JCA And ESAt Assessment.QVD","CDP JCA And ESAt Assessment.QVD","-",NA,"AZDB-AUE-PRD-NIAADL01.ESS.CDP Job Seeker Assessment","Partial match","Missing lineage statement",FALSE,FALSE,"needs-creating","","","",10,0,0,"auto"
"ESS/CDP/BK/0.Sun/CDP Job Plan Activity Detail.QVD","CDP Job Plan Activity Detail.QVD","-",NA,"AZDB-AUE-PRD-NIAADL01.ESS.CDP Job Plan Activity Detail","Exact","Missing lineage statement",FALSE,FALSE,"needs-creating","","","",7,0,0,"auto"
"ESS/CDP/BK/1.Mon/CDP Job Plan Activity Detail.QVD","CDP Job Plan Activity Detail.QVD","-",NA,"AZDB-AUE-PRD-NIAADL01.ESS.CDP Job Plan Activity Detail","Exact","Missing lineage statement",FALSE,FALSE,"needs-creating","","","",7,0,0,"auto"
"ESS/CDP/BK/2.Tue/CDP Job Plan Activity Detail.QVD","CDP Job Plan Activity Detail.QVD","-",NA,"AZDB-AUE-PRD-NIAADL01.ESS.CDP Job Plan Activity Detail","Exact","Missing lineage statement",FALSE,FALSE,"needs-creating","","","",7,0,0,"auto"
"ESS/CDP/BK/3.Wed/CDP Job Plan Activity Detail.QVD","CDP Job Plan Activity Detail.QVD","-",NA,"AZDB-AUE-PRD-NIAADL01.ESS.CDP Job Plan Activity Detail","Exact","Missing lineage statement",FALSE,FALSE,"needs-creating","","","",7,0,0,"auto"
"ESS/CDP/BK/4.Thu/CDP Job Plan Activity Detail.QVD","CDP Job Plan Activity Detail.QVD","-",NA,"AZDB-AUE-PRD-NIAADL01.ESS.CDP Job Plan Activity Detail","Exact","Missing lineage statement",FALSE,FALSE,"needs-creating","","","",7,0,0,"auto"
"ESS/CDP/BK/5.Fri/CDP Job Plan Activity Detail.QVD","CDP Job Plan Activity Detail.QVD","-",NA,"AZDB-AUE-PRD-NIAADL01.ESS.CDP Job Plan Activity Detail","Exact","Missing lineage statement",FALSE,FALSE,"needs-creating","","","",7,0,0,"auto"
"ESS/CDP/BK/6.Sat/CDP Job Plan Activity Detail.QVD","CDP Job Plan Activity Detail.QVD","-",NA,"AZDB-AUE-PRD-NIAADL01.ESS.CDP Job Plan Activity Detail","Exact","Missing lineage statement",FALSE,FALSE,"needs-creating","","","",7,0,0,"auto"
"ESS/CDP/Delete/CDP Job Plan Activity Link.QVD","CDP Job Plan Activity Link.QVD","-",NA,"AZDB-AUE-PRD-NIAADL01.ESS.RAES Payment","Partial match","Missing lineage statement",FALSE,FALSE,"needs-creating","","","",42,0,0,"auto"
"ESS/CDP/BK/0.Sun/CDP Job Plan Activity.QVD","CDP Job Plan Activity.QVD","-",NA,"AZDB-AUE-PRD-NIAADL01.ESS.CDP Job Plan Activity","Likely subset","Missing lineage statement",FALSE,FALSE,"needs-creating","","","",13,0,0,"auto"
"ESS/CDP/BK/1.Mon/CDP Job Plan Activity.QVD","CDP Job Plan Activity.QVD","-",NA,"AZDB-AUE-PRD-NIAADL01.ESS.CDP Job Plan Activity","Likely subset","Missing lineage statement",FALSE,FALSE,"needs-creating","","","",13,0,0,"auto"
"ESS/CDP/BK/2.Tue/CDP Job Plan Activity.QVD","CDP Job Plan Activity.QVD","-",NA,"AZDB-AUE-PRD-NIAADL01.ESS.CDP Job Plan Activity","Likely subset","Missing lineage statement",FALSE,FALSE,"needs-creating","","","",13,0,0,"auto"
"ESS/CDP/BK/3.Wed/CDP Job Plan Activity.QVD","CDP Job Plan Activity.QVD","-",NA,"AZDB-AUE-PRD-NIAADL01.ESS.CDP Job Plan Activity","Likely subset","Missing lineage statement",FALSE,FALSE,"needs-creating","","","",13,0,0,"auto"
"ESS/CDP/BK/4.Thu/CDP Job Plan Activity.QVD","CDP Job Plan Activity.QVD","-",NA,"AZDB-AUE-PRD-NIAADL01.ESS.CDP Job Plan Activity","Likely subset","Missing lineage statement",FALSE,FALSE,"needs-creating","","","",13,0,0,"auto"
"ESS/CDP/BK/5.Fri/CDP Job Plan Activity.QVD","CDP Job Plan Activity.QVD","-",NA,"AZDB-AUE-PRD-NIAADL01.ESS.CDP Job Plan Activity","Likely subset","Missing lineage statement",FALSE,FALSE,"needs-creating","","","",13,0,0,"auto"
"ESS/CDP/BK/6.Sat/CDP Job Plan Activity.QVD","CDP Job Plan Activity.QVD","-",NA,"AZDB-AUE-PRD-NIAADL01.ESS.CDP Job Plan Activity","Likely subset","Missing lineage statement",FALSE,FALSE,"needs-creating","","","",13,0,0,"auto"
"ESS/CDP/Delete/CDP Job Plan Assistance Link.QVD","CDP Job Plan Assistance Link.QVD","-",NA,"AZDB-AUE-PRD-NIAADL01.ESS.RAES Payment","Partial match","Missing lineage statement",FALSE,FALSE,"needs-creating","","","",42,0,0,"auto"
"ESS/CDP/BK/0.Sun/CDP Job Plan Assistance.QVD","CDP Job Plan Assistance.QVD","-",NA,"AZDB-AUE-PRD-NIAADL01.ESS.CDP Job Plan Assistance","Exact","Missing lineage statement",FALSE,FALSE,"needs-creating","","","",8,0,0,"auto"
"ESS/CDP/BK/1.Mon/CDP Job Plan Assistance.QVD","CDP Job Plan Assistance.QVD","-",NA,"AZDB-AUE-PRD-NIAADL01.ESS.CDP Job Plan Assistance","Exact","Missing lineage statement",FALSE,FALSE,"needs-creating","","","",8,0,0,"auto"
"ESS/CDP/BK/2.Tue/CDP Job Plan Assistance.QVD","CDP Job Plan Assistance.QVD","-",NA,"AZDB-AUE-PRD-NIAADL01.ESS.CDP Job Plan Assistance","Exact","Missing lineage statement",FALSE,FALSE,"needs-creating","","","",8,0,0,"auto"
"ESS/CDP/BK/3.Wed/CDP Job Plan Assistance.QVD","CDP Job Plan Assistance.QVD","-",NA,"AZDB-AUE-PRD-NIAADL01.ESS.CDP Job Plan Assistance","Exact","Missing lineage statement",FALSE,FALSE,"needs-creating","","","",8,0,0,"auto"
"ESS/CDP/BK/4.Thu/CDP Job Plan Assistance.QVD","CDP Job Plan Assistance.QVD","-",NA,"AZDB-AUE-PRD-NIAADL01.ESS.CDP Job Plan Assistance","Exact","Missing lineage statement",FALSE,FALSE,"needs-creating","","","",8,0,0,"auto"
"ESS/CDP/BK/5.Fri/CDP Job Plan Assistance.QVD","CDP Job Plan Assistance.QVD","-",NA,"AZDB-AUE-PRD-NIAADL01.ESS.CDP Job Plan Assistance","Exact","Missing lineage statement",FALSE,FALSE,"needs-creating","","","",8,0,0,"auto"
"ESS/CDP/BK/6.Sat/CDP Job Plan Assistance.QVD","CDP Job Plan Assistance.QVD","-",NA,"AZDB-AUE-PRD-NIAADL01.ESS.CDP Job Plan Assistance","Exact","Missing lineage statement",FALSE,FALSE,"needs-creating","","","",8,0,0,"auto"
"ESS/CDP/Delete/CDP Job Plan History_OBSOLETE.QVD","CDP Job Plan History_OBSOLETE.QVD","-",NA,"AZDB-AUE-PRD-NIAADL01.ESS.CDP_Job_Plan_History","Exact","Missing lineage statement",FALSE,FALSE,"needs-creating","","","",8,0,0,"auto"
"ESS/CDP/Delete/CDP Job Plan History.QVD","CDP Job Plan History.QVD","-",NA,"AZDB-AUE-PRD-NIAADL01.ESS.CDP_Job_Plan_History","Exact","Missing lineage statement",FALSE,FALSE,"needs-creating","","","",8,0,0,"auto"
"ESS/CDP/Delete/CDP Job Plan Item Detail_DELETE.QVD","CDP Job Plan Item Detail_DELETE.QVD","-",NA,"-","No match","Missing lineage statement",FALSE,FALSE,"unmapped","","","",0,0,0,"auto"
"ESS/CDP/Delete/CDP Job Plan Item Detail_OBSOLETE.QVD","CDP Job Plan Item Detail_OBSOLETE.QVD","-",NA,"-","No match","Missing lineage statement",FALSE,FALSE,"unmapped","","","",0,0,0,"auto"
"ESS/CDP/Delete/CDP Job Plan Item Detail.QVD","CDP Job Plan Item Detail.QVD","-",NA,"-","No match","Missing lineage statement",FALSE,FALSE,"unmapped","","","",0,0,0,"auto"
"ESS/CDP/Delete/CDP Job Plan Item_DELETE.QVD","CDP Job Plan Item_DELETE.QVD","-",NA,"-","No match","Missing lineage statement",FALSE,FALSE,"unmapped","","","",0,0,0,"auto"
"ESS/CDP/Delete/CDP Job Plan Item_OBSOLETE.QVD","CDP Job Plan Item_OBSOLETE.QVD","-",NA,"-","No match","Missing lineage statement",FALSE,FALSE,"unmapped","","","",0,0,0,"auto"
"ESS/CDP/Delete/CDP Job Plan Item.QVD","CDP Job Plan Item.QVD","-",NA,"-","No match","Missing lineage statement",FALSE,FALSE,"unmapped","","","",0,0,0,"auto"
"ESS/CDP/BK/0.Sun/CDP Job Plan.QVD","CDP Job Plan.QVD","-",NA,"AZDB-AUE-PRD-NIAADL01.ESS.CDP Job Plan","Exact","Missing lineage statement",FALSE,FALSE,"needs-creating","","","",10,0,0,"auto"
"ESS/CDP/BK/1.Mon/CDP Job Plan.QVD","CDP Job Plan.QVD","-",NA,"AZDB-AUE-PRD-NIAADL01.ESS.CDP Job Plan","Exact","Missing lineage statement",FALSE,FALSE,"needs-creating","","","",10,0,0,"auto"
"ESS/CDP/BK/2.Tue/CDP Job Plan.QVD","CDP Job Plan.QVD","-",NA,"AZDB-AUE-PRD-NIAADL01.ESS.CDP Job Plan","Exact","Missing lineage statement",FALSE,FALSE,"needs-creating","","","",10,0,0,"auto"
"ESS/CDP/BK/3.Wed/CDP Job Plan.QVD","CDP Job Plan.QVD","-",NA,"AZDB-AUE-PRD-NIAADL01.ESS.CDP Job Plan","Exact","Missing lineage statement",FALSE,FALSE,"needs-creating","","","",10,0,0,"auto"
"ESS/CDP/BK/4.Thu/CDP Job Plan.QVD","CDP Job Plan.QVD","-",NA,"AZDB-AUE-PRD-NIAADL01.ESS.CDP Job Plan","Exact","Missing lineage statement",FALSE,FALSE,"needs-creating","","","",10,0,0,"auto"
"ESS/CDP/BK/5.Fri/CDP Job Plan.QVD","CDP Job Plan.QVD","-",NA,"AZDB-AUE-PRD-NIAADL01.ESS.CDP Job Plan","Exact","Missing lineage statement",FALSE,FALSE,"needs-creating","","","",10,0,0,"auto"
"ESS/CDP/BK/6.Sat/CDP Job Plan.QVD","CDP Job Plan.QVD","-",NA,"AZDB-AUE-PRD-NIAADL01.ESS.CDP Job Plan","Exact","Missing lineage statement",FALSE,FALSE,"needs-creating","","","",10,0,0,"auto"
"ESS/CDP/BK/0.Sun/CDP Job Seeker Appointment.QVD","CDP Job Seeker Appointment.QVD","-",NA,"AZDB-AUE-PRD-NIAADL01.ESS.CDP Job Seeker Appointment","Exact","Missing lineage statement",FALSE,FALSE,"needs-creating","","","",19,0,0,"auto"
"ESS/CDP/BK/1.Mon/CDP Job Seeker Appointment.QVD","CDP Job Seeker Appointment.QVD","-",NA,"AZDB-AUE-PRD-NIAADL01.ESS.CDP Job Seeker Appointment","Exact","Missing lineage statement",FALSE,FALSE,"needs-creating","","","",19,0,0,"auto"
"ESS/CDP/BK/2.Tue/CDP Job Seeker Appointment.QVD","CDP Job Seeker Appointment.QVD","-",NA,"AZDB-AUE-PRD-NIAADL01.ESS.CDP Job Seeker Appointment","Exact","Missing lineage statement",FALSE,FALSE,"needs-creating","","","",19,0,0,"auto"
"ESS/CDP/BK/3.Wed/CDP Job Seeker Appointment.QVD","CDP Job Seeker Appointment.QVD","-",NA,"AZDB-AUE-PRD-NIAADL01.ESS.CDP Job Seeker Appointment","Exact","Missing lineage statement",FALSE,FALSE,"needs-creating","","","",19,0,0,"auto"
"ESS/CDP/BK/4.Thu/CDP Job Seeker Appointment.QVD","CDP Job Seeker Appointment.QVD","-",NA,"AZDB-AUE-PRD-NIAADL01.ESS.CDP Job Seeker Appointment","Exact","Missing lineage statement",FALSE,FALSE,"needs-creating","","","",19,0,0,"auto"
"ESS/CDP/BK/5.Fri/CDP Job Seeker Appointment.QVD","CDP Job Seeker Appointment.QVD","-",NA,"AZDB-AUE-PRD-NIAADL01.ESS.CDP Job Seeker Appointment","Exact","Missing lineage statement",FALSE,FALSE,"needs-creating","","","",19,0,0,"auto"
"ESS/CDP/BK/6.Sat/CDP Job Seeker Appointment.QVD","CDP Job Seeker Appointment.QVD","-",NA,"AZDB-AUE-PRD-NIAADL01.ESS.CDP Job Seeker Appointment","Exact","Missing lineage statement",FALSE,FALSE,"needs-creating","","","",19,0,0,"auto"
"ESS/CDP/BK/0.Sun/CDP Job Seeker Assessment.QVD","CDP Job Seeker Assessment.QVD","-",NA,"AZDB-AUE-PRD-NIAADL01.ESS.CDP Job Seeker Assessment","Exact","Missing lineage statement",FALSE,FALSE,"needs-creating","","","",10,0,0,"auto"
"ESS/CDP/BK/1.Mon/CDP Job Seeker Assessment.QVD","CDP Job Seeker Assessment.QVD","-",NA,"AZDB-AUE-PRD-NIAADL01.ESS.CDP Job Seeker Assessment","Exact","Missing lineage statement",FALSE,FALSE,"needs-creating","","","",10,0,0,"auto"
"ESS/CDP/BK/2.Tue/CDP Job Seeker Assessment.QVD","CDP Job Seeker Assessment.QVD","-",NA,"AZDB-AUE-PRD-NIAADL01.ESS.CDP Job Seeker Assessment","Exact","Missing lineage statement",FALSE,FALSE,"needs-creating","","","",10,0,0,"auto"
"ESS/CDP/BK/3.Wed/CDP Job Seeker Assessment.QVD","CDP Job Seeker Assessment.QVD","-",NA,"AZDB-AUE-PRD-NIAADL01.ESS.CDP Job Seeker Assessment","Exact","Missing lineage statement",FALSE,FALSE,"needs-creating","","","",10,0,0,"auto"
"ESS/CDP/BK/4.Thu/CDP Job Seeker Assessment.QVD","CDP Job Seeker Assessment.QVD","-",NA,"AZDB-AUE-PRD-NIAADL01.ESS.CDP Job Seeker Assessment","Exact","Missing lineage statement",FALSE,FALSE,"needs-creating","","","",10,0,0,"auto"
"ESS/CDP/BK/5.Fri/CDP Job Seeker Assessment.QVD","CDP Job Seeker Assessment.QVD","-",NA,"AZDB-AUE-PRD-NIAADL01.ESS.CDP Job Seeker Assessment","Exact","Missing lineage statement",FALSE,FALSE,"needs-creating","","","",10,0,0,"auto"
"ESS/CDP/BK/6.Sat/CDP Job Seeker Assessment.QVD","CDP Job Seeker Assessment.QVD","-",NA,"AZDB-AUE-PRD-NIAADL01.ESS.CDP Job Seeker Assessment","Exact","Missing lineage statement",FALSE,FALSE,"needs-creating","","","",10,0,0,"auto"
"ESS/CDP/BK/2.Tue/CDP Job Seeker At Event.QVD","CDP Job Seeker At Event.QVD","-",NA,"-","No match","Missing lineage statement",FALSE,FALSE,"unmapped","","","",0,0,0,"auto"
"ESS/CDP/BK/3.Wed/CDP Job Seeker At Event.QVD","CDP Job Seeker At Event.QVD","-",NA,"-","No match","Missing lineage statement",FALSE,FALSE,"unmapped","","","",0,0,0,"auto"
"ESS/CDP/BK/4.Thu/CDP Job Seeker At Event.QVD","CDP Job Seeker At Event.QVD","-",NA,"-","No match","Missing lineage statement",FALSE,FALSE,"unmapped","","","",0,0,0,"auto"
"ESS/CDP/CDP Job Seeker At Event.QVD","CDP Job Seeker At Event.QVD","-",NA,"AZDB-AUE-PRD-NIAADL01.ESS.CDP Job Seeker","Partial match","Missing lineage statement",FALSE,FALSE,"needs-creating","","","",30,0,0,"auto"
"ESS/CDP/Delete/CDP Job Seeker Characteristics Current.QVD","CDP Job Seeker Characteristics Current.QVD","-",NA,"AZDB-AUE-PRD-NIAADL01.ESS.CDP Job Seeker Characteristics","Partial match","Missing lineage statement",FALSE,FALSE,"needs-creating","","","",26,0,0,"auto"
"ESS/CDP/BK/0.Sun/CDP Job Seeker Characteristics.QVD","CDP Job Seeker Characteristics.QVD","-",NA,"AZDB-AUE-PRD-NIAADL01.ESS_DEV.CDP Job Seeker Characteristics","Likely subset","Missing lineage statement",FALSE,FALSE,"needs-creating","","","",19,0,0,"auto"
"ESS/CDP/BK/1.Mon/CDP Job Seeker Characteristics.QVD","CDP Job Seeker Characteristics.QVD","-",NA,"AZDB-AUE-PRD-NIAADL01.ESS_DEV.CDP Job Seeker Characteristics","Exact","Missing lineage statement",FALSE,FALSE,"needs-creating","","","",19,0,0,"auto"
"ESS/CDP/BK/2.Tue/CDP Job Seeker Characteristics.QVD","CDP Job Seeker Characteristics.QVD","-",NA,"AZDB-AUE-PRD-NIAADL01.ESS_DEV.CDP Job Seeker Characteristics","Exact","Missing lineage statement",FALSE,FALSE,"needs-creating","","","",19,0,0,"auto"
"ESS/CDP/BK/3.Wed/CDP Job Seeker Characteristics.QVD","CDP Job Seeker Characteristics.QVD","-",NA,"AZDB-AUE-PRD-NIAADL01.ESS_DEV.CDP Job Seeker Characteristics","Exact","Missing lineage statement",FALSE,FALSE,"needs-creating","","","",19,0,0,"auto"
"ESS/CDP/BK/4.Thu/CDP Job Seeker Characteristics.QVD","CDP Job Seeker Characteristics.QVD","-",NA,"AZDB-AUE-PRD-NIAADL01.ESS_DEV.CDP Job Seeker Characteristics","Exact","Missing lineage statement",FALSE,FALSE,"needs-creating","","","",19,0,0,"auto"
"ESS/CDP/BK/5.Fri/CDP Job Seeker Characteristics.QVD","CDP Job Seeker Characteristics.QVD","-",NA,"AZDB-AUE-PRD-NIAADL01.ESS_DEV.CDP Job Seeker Characteristics","Exact","Missing lineage statement",FALSE,FALSE,"needs-creating","","","",19,0,0,"auto"
"ESS/CDP/BK/6.Sat/CDP Job Seeker Characteristics.QVD","CDP Job Seeker Characteristics.QVD","-",NA,"AZDB-AUE-PRD-NIAADL01.ESS_DEV.CDP Job Seeker Characteristics","Likely subset","Missing lineage statement",FALSE,FALSE,"needs-creating","","","",19,0,0,"auto"
"ESS/CDP/Delete/CDP Job Seeker Current.QVD","CDP Job Seeker Current.QVD","-",NA,"AZDB-AUE-PRD-NIAADL01.ESS_DEV.CDP Job Seeker","Partial match","Missing lineage statement",FALSE,FALSE,"needs-creating","","","",25,0,0,"auto"
"ESS/CDP/BK/2.Tue/CDP Job Seeker Diary.QVD","CDP Job Seeker Diary.QVD","-",NA,"-","No match","Missing lineage statement",FALSE,FALSE,"unmapped","","","",0,0,0,"auto"
"ESS/CDP/BK/0.Sun/CDP Job Seeker Geocoded.QVD","CDP Job Seeker Geocoded.QVD","-",NA,"AZDB-AUE-PRD-NIAADL01.ESS.CDP Job Seeker Geocoded","Exact","Missing lineage statement",FALSE,FALSE,"needs-creating","","","",114,0,0,"auto"
"ESS/CDP/BK/1.Mon/CDP Job Seeker Geocoded.QVD","CDP Job Seeker Geocoded.QVD","-",NA,"AZDB-AUE-PRD-NIAADL01.ESS.CDP Job Seeker Geocoded","Exact","Missing lineage statement",FALSE,FALSE,"needs-creating","","","",114,0,0,"auto"
"ESS/CDP/BK/2.Tue/CDP Job Seeker Geocoded.QVD","CDP Job Seeker Geocoded.QVD","-",NA,"AZDB-AUE-PRD-NIAADL01.ESS.CDP Job Seeker Geocoded","Exact","Missing lineage statement",FALSE,FALSE,"needs-creating","","","",114,0,0,"auto"
"ESS/CDP/BK/3.Wed/CDP Job Seeker Geocoded.QVD","CDP Job Seeker Geocoded.QVD","-",NA,"AZDB-AUE-PRD-NIAADL01.ESS.CDP Job Seeker Geocoded","Exact","Missing lineage statement",FALSE,FALSE,"needs-creating","","","",114,0,0,"auto"
"ESS/CDP/BK/4.Thu/CDP Job Seeker Geocoded.QVD","CDP Job Seeker Geocoded.QVD","-",NA,"AZDB-AUE-PRD-NIAADL01.ESS.CDP Job Seeker Geocoded","Exact","Missing lineage statement",FALSE,FALSE,"needs-creating","","","",114,0,0,"auto"
"ESS/CDP/BK/5.Fri/CDP Job Seeker Geocoded.QVD","CDP Job Seeker Geocoded.QVD","-",NA,"AZDB-AUE-PRD-NIAADL01.ESS.CDP Job Seeker Geocoded","Exact","Missing lineage statement",FALSE,FALSE,"needs-creating","","","",114,0,0,"auto"
"ESS/CDP/BK/6.Sat/CDP Job Seeker Geocoded.QVD","CDP Job Seeker Geocoded.QVD","-",NA,"AZDB-AUE-PRD-NIAADL01.ESS.CDP Job Seeker Geocoded","Exact","Missing lineage statement",FALSE,FALSE,"needs-creating","","","",114,0,0,"auto"
"ESS/CDP/Delete/CDP Job Seeker Latest.QVD","CDP Job Seeker Latest.QVD","-",NA,"AZDB-AUE-PRD-NIAADL01.ESS_DEV.CDP Job Seeker","Partial match","Missing lineage statement",FALSE,FALSE,"needs-creating","","","",25,0,0,"auto"
"ESS/CDP/BK/0.Sun/CDP Job Seeker.QVD","CDP Job Seeker.QVD","-",NA,"AZDB-AUE-PRD-NIAADL01.ESS.CDP Job Seeker","Likely subset","Missing lineage statement",FALSE,FALSE,"needs-creating","","","",30,0,0,"auto"
"ESS/CDP/BK/1.Mon/CDP Job Seeker.QVD","CDP Job Seeker.QVD","-",NA,"AZDB-AUE-PRD-NIAADL01.ESS.CDP Job Seeker","Likely subset","Missing lineage statement",FALSE,FALSE,"needs-creating","","","",30,0,0,"auto"
"ESS/CDP/BK/2.Tue/CDP Job Seeker.QVD","CDP Job Seeker.QVD","-",NA,"AZDB-AUE-PRD-NIAADL01.ESS.CDP Job Seeker","Likely subset","Missing lineage statement",FALSE,FALSE,"needs-creating","","","",30,0,0,"auto"
"ESS/CDP/BK/3.Wed/CDP Job Seeker.QVD","CDP Job Seeker.QVD","-",NA,"AZDB-AUE-PRD-NIAADL01.ESS.CDP Job Seeker","Likely subset","Missing lineage statement",FALSE,FALSE,"needs-creating","","","",30,0,0,"auto"
"ESS/CDP/BK/4.Thu/CDP Job Seeker.QVD","CDP Job Seeker.QVD","-",NA,"AZDB-AUE-PRD-NIAADL01.ESS.CDP Job Seeker","Likely subset","Missing lineage statement",FALSE,FALSE,"needs-creating","","","",30,0,0,"auto"
"ESS/CDP/BK/5.Fri/CDP Job Seeker.QVD","CDP Job Seeker.QVD","-",NA,"AZDB-AUE-PRD-NIAADL01.ESS.CDP Job Seeker","Likely subset","Missing lineage statement",FALSE,FALSE,"needs-creating","","","",30,0,0,"auto"
"ESS/CDP/BK/6.Sat/CDP Job Seeker.QVD","CDP Job Seeker.QVD","-",NA,"AZDB-AUE-PRD-NIAADL01.ESS.CDP Job Seeker","Likely subset","Missing lineage statement",FALSE,FALSE,"needs-creating","","","",30,0,0,"auto"
"ESS/CDP/BK/0.Sun/CDP JSCI Classification Question & Response.QVD","CDP JSCI Classification Question & Response.QVD","-",NA,"AZDB-AUE-PRD-NIAADL01.ESS.CDP JSCI Classification Question & Response","Exact","Missing lineage statement",FALSE,FALSE,"needs-creating","","","",7,0,0,"auto"
"ESS/CDP/BK/1.Mon/CDP JSCI Classification Question & Response.QVD","CDP JSCI Classification Question & Response.QVD","-",NA,"AZDB-AUE-PRD-NIAADL01.ESS.CDP JSCI Classification Question & Response","Exact","Missing lineage statement",FALSE,FALSE,"needs-creating","","","",7,0,0,"auto"
"ESS/CDP/BK/2.Tue/CDP JSCI Classification Question & Response.QVD","CDP JSCI Classification Question & Response.QVD","-",NA,"AZDB-AUE-PRD-NIAADL01.ESS.CDP JSCI Classification Question & Response","Exact","Missing lineage statement",FALSE,FALSE,"needs-creating","","","",7,0,0,"auto"
"ESS/CDP/BK/3.Wed/CDP JSCI Classification Question & Response.QVD","CDP JSCI Classification Question & Response.QVD","-",NA,"AZDB-AUE-PRD-NIAADL01.ESS.CDP JSCI Classification Question & Response","Exact","Missing lineage statement",FALSE,FALSE,"needs-creating","","","",7,0,0,"auto"
"ESS/CDP/BK/4.Thu/CDP JSCI Classification Question & Response.QVD","CDP JSCI Classification Question & Response.QVD","-",NA,"AZDB-AUE-PRD-NIAADL01.ESS.CDP JSCI Classification Question & Response","Exact","Missing lineage statement",FALSE,FALSE,"needs-creating","","","",7,0,0,"auto"
"ESS/CDP/BK/5.Fri/CDP JSCI Classification Question & Response.QVD","CDP JSCI Classification Question & Response.QVD","-",NA,"AZDB-AUE-PRD-NIAADL01.ESS.CDP JSCI Classification Question & Response","Exact","Missing lineage statement",FALSE,FALSE,"needs-creating","","","",7,0,0,"auto"
"ESS/CDP/BK/6.Sat/CDP JSCI Classification Question & Response.QVD","CDP JSCI Classification Question & Response.QVD","-",NA,"AZDB-AUE-PRD-NIAADL01.ESS.CDP JSCI Classification Question & Response","Exact","Missing lineage statement",FALSE,FALSE,"needs-creating","","","",7,0,0,"auto"
"ESS/CDP/Delete/CDP JSCI Classification Question.QVD","CDP JSCI Classification Question.QVD","-",NA,"AZDB-AUE-PRD-NIAADL01.ESS.RAES Payment","Partial match","Missing lineage statement",FALSE,FALSE,"needs-creating","","","",42,0,0,"auto"
"ESS/CDP/Delete/CDP JSCI Classification Response.QVD","CDP JSCI Classification Response.QVD","-",NA,"AZDB-AUE-PRD-NIAADL01.ESS.RAES Payment","Partial match","Missing lineage statement",FALSE,FALSE,"needs-creating","","","",42,0,0,"auto"
"ESS/CDP/BK/0.Sun/CDP JSCI Classification.QVD","CDP JSCI Classification.QVD","-",NA,"AZDB-AUE-PRD-NIAADL01.ESS.CDP JSCI Classification","Exact","Missing lineage statement",FALSE,FALSE,"needs-creating","","","",10,0,0,"auto"
"ESS/CDP/BK/1.Mon/CDP JSCI Classification.QVD","CDP JSCI Classification.QVD","-",NA,"AZDB-AUE-PRD-NIAADL01.ESS.CDP JSCI Classification","Exact","Missing lineage statement",FALSE,FALSE,"needs-creating","","","",10,0,0,"auto"
"ESS/CDP/BK/2.Tue/CDP JSCI Classification.QVD","CDP JSCI Classification.QVD","-",NA,"AZDB-AUE-PRD-NIAADL01.ESS.CDP JSCI Classification","Exact","Missing lineage statement",FALSE,FALSE,"needs-creating","","","",10,0,0,"auto"
"ESS/CDP/BK/3.Wed/CDP JSCI Classification.QVD","CDP JSCI Classification.QVD","-",NA,"AZDB-AUE-PRD-NIAADL01.ESS.CDP JSCI Classification","Exact","Missing lineage statement",FALSE,FALSE,"needs-creating","","","",10,0,0,"auto"
"ESS/CDP/BK/4.Thu/CDP JSCI Classification.QVD","CDP JSCI Classification.QVD","-",NA,"AZDB-AUE-PRD-NIAADL01.ESS.CDP JSCI Classification","Exact","Missing lineage statement",FALSE,FALSE,"needs-creating","","","",10,0,0,"auto"
"ESS/CDP/BK/5.Fri/CDP JSCI Classification.QVD","CDP JSCI Classification.QVD","-",NA,"AZDB-AUE-PRD-NIAADL01.ESS.CDP JSCI Classification","Exact","Missing lineage statement",FALSE,FALSE,"needs-creating","","","",10,0,0,"auto"
"ESS/CDP/BK/6.Sat/CDP JSCI Classification.QVD","CDP JSCI Classification.QVD","-",NA,"AZDB-AUE-PRD-NIAADL01.ESS.CDP JSCI Classification","Exact","Missing lineage statement",FALSE,FALSE,"needs-creating","","","",10,0,0,"auto"
"ESS/CDP/Delete/CDP Organisation Current.QVD","CDP Organisation Current.QVD","-",NA,"AZDB-AUE-PRD-NIAADL01.ESS.CDP Organisation","Partial match","Missing lineage statement",FALSE,FALSE,"needs-creating","","","",19,0,0,"auto"
"ESS/CDP/BK/0.Sun/CDP Organisation.QVD","CDP Organisation.QVD","-",NA,"AZDB-AUE-PRD-NIAADL01.ESS.CDP Organisation","Exact","Missing lineage statement",FALSE,FALSE,"needs-creating","","","",19,0,0,"auto"
"ESS/CDP/BK/1.Mon/CDP Organisation.QVD","CDP Organisation.QVD","-",NA,"AZDB-AUE-PRD-NIAADL01.ESS.CDP Organisation","Exact","Missing lineage statement",FALSE,FALSE,"needs-creating","","","",19,0,0,"auto"
"ESS/CDP/BK/2.Tue/CDP Organisation.QVD","CDP Organisation.QVD","-",NA,"AZDB-AUE-PRD-NIAADL01.ESS.CDP Organisation","Exact","Missing lineage statement",FALSE,FALSE,"needs-creating","","","",19,0,0,"auto"
"ESS/CDP/BK/3.Wed/CDP Organisation.QVD","CDP Organisation.QVD","-",NA,"AZDB-AUE-PRD-NIAADL01.ESS.CDP Organisation","Exact","Missing lineage statement",FALSE,FALSE,"needs-creating","","","",19,0,0,"auto"
"ESS/CDP/BK/4.Thu/CDP Organisation.QVD","CDP Organisation.QVD","-",NA,"AZDB-AUE-PRD-NIAADL01.ESS.CDP Organisation","Exact","Missing lineage statement",FALSE,FALSE,"needs-creating","","","",19,0,0,"auto"
"ESS/CDP/BK/5.Fri/CDP Organisation.QVD","CDP Organisation.QVD","-",NA,"AZDB-AUE-PRD-NIAADL01.ESS.CDP Organisation","Exact","Missing lineage statement",FALSE,FALSE,"needs-creating","","","",19,0,0,"auto"
"ESS/CDP/BK/6.Sat/CDP Organisation.QVD","CDP Organisation.QVD","-",NA,"AZDB-AUE-PRD-NIAADL01.ESS.CDP Organisation","Exact","Missing lineage statement",FALSE,FALSE,"needs-creating","","","",19,0,0,"auto"
"ESS/CDP/BK/0.Sun/CDP PPR Result History.QVD","CDP PPR Result History.QVD","-",NA,"AZDB-AUE-PRD-NIAADL01.ESS.CDP PPR Result History","Exact","Missing lineage statement",FALSE,FALSE,"needs-creating","","","",12,0,0,"auto"
"ESS/CDP/BK/1.Mon/CDP PPR Result History.QVD","CDP PPR Result History.QVD","-",NA,"AZDB-AUE-PRD-NIAADL01.ESS.CDP PPR Result History","Exact","Missing lineage statement",FALSE,FALSE,"needs-creating","","","",12,0,0,"auto"
"ESS/CDP/BK/2.Tue/CDP PPR Result History.QVD","CDP PPR Result History.QVD","-",NA,"AZDB-AUE-PRD-NIAADL01.ESS.CDP PPR Result History","Exact","Missing lineage statement",FALSE,FALSE,"needs-creating","","","",12,0,0,"auto"
"ESS/CDP/BK/3.Wed/CDP PPR Result History.QVD","CDP PPR Result History.QVD","-",NA,"AZDB-AUE-PRD-NIAADL01.ESS.CDP PPR Result History","Exact","Missing lineage statement",FALSE,FALSE,"needs-creating","","","",12,0,0,"auto"
"ESS/CDP/BK/4.Thu/CDP PPR Result History.QVD","CDP PPR Result History.QVD","-",NA,"AZDB-AUE-PRD-NIAADL01.ESS.CDP PPR Result History","Exact","Missing lineage statement",FALSE,FALSE,"needs-creating","","","",12,0,0,"auto"
"ESS/CDP/BK/5.Fri/CDP PPR Result History.QVD","CDP PPR Result History.QVD","-",NA,"AZDB-AUE-PRD-NIAADL01.ESS.CDP PPR Result History","Exact","Missing lineage statement",FALSE,FALSE,"needs-creating","","","",12,0,0,"auto"
"ESS/CDP/BK/6.Sat/CDP PPR Result History.QVD","CDP PPR Result History.QVD","-",NA,"AZDB-AUE-PRD-NIAADL01.ESS.CDP PPR Result History","Exact","Missing lineage statement",FALSE,FALSE,"needs-creating","","","",12,0,0,"auto"
"ESS/CDP/BK/0.Sun/CDP Region.QVD","CDP Region.QVD","-",NA,"AZDB-AUE-PRD-NIAADL01.ESS.CDP Region","Exact","Missing lineage statement",FALSE,FALSE,"retarget-incomplete","ESS","TWES Site Contract","lib://Curated data Store:DataFiles/10 Landing Area/ESS/TWES Site Contract.qvd",8,38,3,"auto"
"ESS/CDP/BK/1.Mon/CDP Region.QVD","CDP Region.QVD","-",NA,"AZDB-AUE-PRD-NIAADL01.ESS.CDP Region","Exact","Missing lineage statement",FALSE,FALSE,"retarget-incomplete","ESS","TWES Site Contract","lib://Curated data Store:DataFiles/10 Landing Area/ESS/TWES Site Contract.qvd",8,38,3,"auto"
"ESS/CDP/BK/2.Tue/CDP Region.QVD","CDP Region.QVD","-",NA,"AZDB-AUE-PRD-NIAADL01.ESS.CDP Region","Exact","Missing lineage statement",FALSE,FALSE,"retarget-incomplete","ESS","TWES Site Contract","lib://Curated data Store:DataFiles/10 Landing Area/ESS/TWES Site Contract.qvd",8,38,3,"auto"
"ESS/CDP/BK/3.Wed/CDP Region.QVD","CDP Region.QVD","-",NA,"AZDB-AUE-PRD-NIAADL01.ESS.CDP Region","Exact","Missing lineage statement",FALSE,FALSE,"retarget-incomplete","ESS","TWES Site Contract","lib://Curated data Store:DataFiles/10 Landing Area/ESS/TWES Site Contract.qvd",8,38,3,"auto"
"ESS/CDP/BK/4.Thu/CDP Region.QVD","CDP Region.QVD","-",NA,"AZDB-AUE-PRD-NIAADL01.ESS.CDP Region","Exact","Missing lineage statement",FALSE,FALSE,"retarget-incomplete","ESS","TWES Site Contract","lib://Curated data Store:DataFiles/10 Landing Area/ESS/TWES Site Contract.qvd",8,38,3,"auto"
"ESS/CDP/BK/5.Fri/CDP Region.QVD","CDP Region.QVD","-",NA,"AZDB-AUE-PRD-NIAADL01.ESS.CDP Region","Exact","Missing lineage statement",FALSE,FALSE,"retarget-incomplete","ESS","TWES Site Contract","lib://Curated data Store:DataFiles/10 Landing Area/ESS/TWES Site Contract.qvd",8,38,3,"auto"
"ESS/CDP/BK/6.Sat/CDP Region.QVD","CDP Region.QVD","-",NA,"AZDB-AUE-PRD-NIAADL01.ESS.CDP Region","Exact","Missing lineage statement",FALSE,FALSE,"retarget-incomplete","ESS","TWES Site Contract","lib://Curated data Store:DataFiles/10 Landing Area/ESS/TWES Site Contract.qvd",8,38,3,"auto"
"ESS/CDP/Delete/CDP Site Contract Current.QVD","CDP Site Contract Current.QVD","-",NA,"AZDB-AUE-PRD-NIAADL01.ESS.CDP Site Contract","Partial match","Missing lineage statement",FALSE,FALSE,"retarget-incomplete","ESS","CDP Grant Activity Site Location","lib://Curated data Store:DataFiles/10 Landing Area/ESS/CDP Grant Activity Site Location.qvd",30,18,17,"auto"
"ESS/CDP/BK/0.Sun/CDP Site Contract.QVD","CDP Site Contract.QVD","-",NA,"AZDB-AUE-PRD-NIAADL01.ESS.CDP Site Contract","Exact","Missing lineage statement",FALSE,FALSE,"retarget-incomplete","ESS","CDP Grant Activity Site Location","lib://Curated data Store:DataFiles/10 Landing Area/ESS/CDP Grant Activity Site Location.qvd",30,18,17,"auto"
"ESS/CDP/BK/1.Mon/CDP Site Contract.QVD","CDP Site Contract.QVD","-",NA,"AZDB-AUE-PRD-NIAADL01.ESS.CDP Site Contract","Exact","Missing lineage statement",FALSE,FALSE,"retarget-incomplete","ESS","CDP Grant Activity Site Location","lib://Curated data Store:DataFiles/10 Landing Area/ESS/CDP Grant Activity Site Location.qvd",30,18,17,"auto"
"ESS/CDP/BK/2.Tue/CDP Site Contract.QVD","CDP Site Contract.QVD","-",NA,"AZDB-AUE-PRD-NIAADL01.ESS.CDP Site Contract","Exact","Missing lineage statement",FALSE,FALSE,"retarget-incomplete","ESS","CDP Grant Activity Site Location","lib://Curated data Store:DataFiles/10 Landing Area/ESS/CDP Grant Activity Site Location.qvd",30,18,17,"auto"
"ESS/CDP/BK/3.Wed/CDP Site Contract.QVD","CDP Site Contract.QVD","-",NA,"AZDB-AUE-PRD-NIAADL01.ESS.CDP Site Contract","Exact","Missing lineage statement",FALSE,FALSE,"retarget-incomplete","ESS","CDP Grant Activity Site Location","lib://Curated data Store:DataFiles/10 Landing Area/ESS/CDP Grant Activity Site Location.qvd",30,18,17,"auto"
"ESS/CDP/BK/4.Thu/CDP Site Contract.QVD","CDP Site Contract.QVD","-",NA,"AZDB-AUE-PRD-NIAADL01.ESS.CDP Site Contract","Exact","Missing lineage statement",FALSE,FALSE,"retarget-incomplete","ESS","CDP Grant Activity Site Location","lib://Curated data Store:DataFiles/10 Landing Area/ESS/CDP Grant Activity Site Location.qvd",30,18,17,"auto"
"ESS/CDP/BK/5.Fri/CDP Site Contract.QVD","CDP Site Contract.QVD","-",NA,"AZDB-AUE-PRD-NIAADL01.ESS.CDP Site Contract","Exact","Missing lineage statement",FALSE,FALSE,"retarget-incomplete","ESS","CDP Grant Activity Site Location","lib://Curated data Store:DataFiles/10 Landing Area/ESS/CDP Grant Activity Site Location.qvd",30,18,17,"auto"
"ESS/CDP/BK/6.Sat/CDP Site Contract.QVD","CDP Site Contract.QVD","-",NA,"AZDB-AUE-PRD-NIAADL01.ESS.CDP Site Contract","Exact","Missing lineage statement",FALSE,FALSE,"retarget-incomplete","ESS","CDP Grant Activity Site Location","lib://Curated data Store:DataFiles/10 Landing Area/ESS/CDP Grant Activity Site Location.qvd",30,18,17,"auto"
"ESS/CDP/Delete/CDP TOWD.QVD","CDP TOWD.QVD","-",NA,"-","No match","Missing lineage statement",FALSE,FALSE,"unmapped","","","",0,0,0,"auto"
"ESS/CDP/BK/0.Sun/CDP Vacancy Referral.QVD","CDP Vacancy Referral.QVD","-",NA,"AZDB-AUE-PRD-NIAADL01.ESS.CDP Vacancy Referral","Likely subset","Missing lineage statement",FALSE,FALSE,"needs-creating","","","",44,0,0,"auto"
"ESS/CDP/BK/1.Mon/CDP Vacancy Referral.QVD","CDP Vacancy Referral.QVD","-",NA,"AZDB-AUE-PRD-NIAADL01.ESS.CDP Vacancy Referral","Likely subset","Missing lineage statement",FALSE,FALSE,"needs-creating","","","",44,0,0,"auto"
"ESS/CDP/BK/2.Tue/CDP Vacancy Referral.QVD","CDP Vacancy Referral.QVD","-",NA,"AZDB-AUE-PRD-NIAADL01.ESS.CDP Vacancy Referral","Likely subset","Missing lineage statement",FALSE,FALSE,"needs-creating","","","",44,0,0,"auto"
"ESS/CDP/BK/3.Wed/CDP Vacancy Referral.QVD","CDP Vacancy Referral.QVD","-",NA,"AZDB-AUE-PRD-NIAADL01.ESS.CDP Vacancy Referral","Likely subset","Missing lineage statement",FALSE,FALSE,"needs-creating","","","",44,0,0,"auto"
"ESS/CDP/BK/4.Thu/CDP Vacancy Referral.QVD","CDP Vacancy Referral.QVD","-",NA,"AZDB-AUE-PRD-NIAADL01.ESS.CDP Vacancy Referral","Likely subset","Missing lineage statement",FALSE,FALSE,"needs-creating","","","",44,0,0,"auto"
"ESS/CDP/BK/5.Fri/CDP Vacancy Referral.QVD","CDP Vacancy Referral.QVD","-",NA,"AZDB-AUE-PRD-NIAADL01.ESS.CDP Vacancy Referral","Likely subset","Missing lineage statement",FALSE,FALSE,"needs-creating","","","",44,0,0,"auto"
"ESS/CDP/BK/6.Sat/CDP Vacancy Referral.QVD","CDP Vacancy Referral.QVD","-",NA,"AZDB-AUE-PRD-NIAADL01.ESS.CDP Vacancy Referral","Likely subset","Missing lineage statement",FALSE,FALSE,"needs-creating","","","",44,0,0,"auto"
"ESS/CDP/BK/0.Sun/CDP Vacancy.QVD","CDP Vacancy.QVD","-",NA,"AZDB-AUE-PRD-NIAADL01.ESS.CDP Vacancy","Exact","Missing lineage statement",FALSE,FALSE,"needs-creating","","","",37,0,0,"auto"
"ESS/CDP/BK/1.Mon/CDP Vacancy.QVD","CDP Vacancy.QVD","-",NA,"AZDB-AUE-PRD-NIAADL01.ESS.CDP Vacancy","Exact","Missing lineage statement",FALSE,FALSE,"needs-creating","","","",37,0,0,"auto"
"ESS/CDP/BK/2.Tue/CDP Vacancy.QVD","CDP Vacancy.QVD","-",NA,"AZDB-AUE-PRD-NIAADL01.ESS.CDP Vacancy","Exact","Missing lineage statement",FALSE,FALSE,"needs-creating","","","",37,0,0,"auto"
"ESS/CDP/BK/3.Wed/CDP Vacancy.QVD","CDP Vacancy.QVD","-",NA,"AZDB-AUE-PRD-NIAADL01.ESS.CDP Vacancy","Exact","Missing lineage statement",FALSE,FALSE,"needs-creating","","","",37,0,0,"auto"
"ESS/CDP/BK/4.Thu/CDP Vacancy.QVD","CDP Vacancy.QVD","-",NA,"AZDB-AUE-PRD-NIAADL01.ESS.CDP Vacancy","Exact","Missing lineage statement",FALSE,FALSE,"needs-creating","","","",37,0,0,"auto"
"ESS/CDP/BK/5.Fri/CDP Vacancy.QVD","CDP Vacancy.QVD","-",NA,"AZDB-AUE-PRD-NIAADL01.ESS.CDP Vacancy","Exact","Missing lineage statement",FALSE,FALSE,"needs-creating","","","",37,0,0,"auto"
"ESS/CDP/BK/6.Sat/CDP Vacancy.QVD","CDP Vacancy.QVD","-",NA,"AZDB-AUE-PRD-NIAADL01.ESS.CDP Vacancy","Exact","Missing lineage statement",FALSE,FALSE,"needs-creating","","","",37,0,0,"auto"
"ESS/IEP/Snapshots/CDP_Contract_Referral_Placement_20200930.QVD","CDP_Contract_Referral_Placement_20200930.QVD","-",NA,"AZDB-AUE-PRD-NIAADL01.ESS.NIAA_CDP_Contract_Referral_Placement","Partial match","Missing lineage statement",FALSE,FALSE,"needs-creating","","","",21,0,0,"auto"
"ESS/IEP/Snapshots/CDP_Contract_Referral_Placement_20201031.QVD","CDP_Contract_Referral_Placement_20201031.QVD","-",NA,"AZDB-AUE-PRD-NIAADL01.ESS.NIAA_CDP_Contract_Referral_Placement","Partial match","Missing lineage statement",FALSE,FALSE,"needs-creating","","","",21,0,0,"auto"
"ESS/IEP/Snapshots/CDP_Contract_Referral_Placement_20201130.QVD","CDP_Contract_Referral_Placement_20201130.QVD","-",NA,"AZDB-AUE-PRD-NIAADL01.ESS.NIAA_CDP_Contract_Referral_Placement","Partial match","Missing lineage statement",FALSE,FALSE,"needs-creating","","","",21,0,0,"auto"
"ESS/IEP/Snapshots/CDP_Contract_Referral_Placement_20201231.QVD","CDP_Contract_Referral_Placement_20201231.QVD","-",NA,"AZDB-AUE-PRD-NIAADL01.ESS.NIAA_CDP_Contract_Referral_Placement","Partial match","Missing lineage statement",FALSE,FALSE,"needs-creating","","","",21,0,0,"auto"
"ESS/IEP/Snapshots/CDP_Contract_Referral_Placement_20210131.QVD","CDP_Contract_Referral_Placement_20210131.QVD","-",NA,"AZDB-AUE-PRD-NIAADL01.ESS.NIAA_CDP_Contract_Referral_Placement","Partial match","Missing lineage statement",FALSE,FALSE,"needs-creating","","","",21,0,0,"auto"
"ESS/IEP/Snapshots/CDP_Contract_Referral_Placement_20210228.QVD","CDP_Contract_Referral_Placement_20210228.QVD","-",NA,"AZDB-AUE-PRD-NIAADL01.ESS.NIAA_CDP_Contract_Referral_Placement","Partial match","Missing lineage statement",FALSE,FALSE,"needs-creating","","","",21,0,0,"auto"
"ESS/IEP/Snapshots/CDP_Contract_Referral_Placement_20210331.QVD","CDP_Contract_Referral_Placement_20210331.QVD","-",NA,"AZDB-AUE-PRD-NIAADL01.ESS.NIAA_CDP_Contract_Referral_Placement","Partial match","Missing lineage statement",FALSE,FALSE,"needs-creating","","","",21,0,0,"auto"
"ESS/IEP/Snapshots/CDP_Contract_Referral_Placement_20210430.QVD","CDP_Contract_Referral_Placement_20210430.QVD","-",NA,"AZDB-AUE-PRD-NIAADL01.ESS.NIAA_CDP_Contract_Referral_Placement","Partial match","Missing lineage statement",FALSE,FALSE,"needs-creating","","","",21,0,0,"auto"
"ESS/IEP/Snapshots/CDP_Contract_Referral_Placement_20210531.QVD","CDP_Contract_Referral_Placement_20210531.QVD","-",NA,"AZDB-AUE-PRD-NIAADL01.ESS.NIAA_CDP_Contract_Referral_Placement","Partial match","Missing lineage statement",FALSE,FALSE,"needs-creating","","","",21,0,0,"auto"
"ESS/IEP/Snapshots/CDP_Contract_Referral_Placement_20210630.QVD","CDP_Contract_Referral_Placement_20210630.QVD","-",NA,"AZDB-AUE-PRD-NIAADL01.ESS.NIAA_CDP_Contract_Referral_Placement","Partial match","Missing lineage statement",FALSE,FALSE,"needs-creating","","","",21,0,0,"auto"
"ESS/IEP/Snapshots/CDP_Contract_Referral_Placement_20210731.QVD","CDP_Contract_Referral_Placement_20210731.QVD","-",NA,"AZDB-AUE-PRD-NIAADL01.ESS.NIAA_CDP_Contract_Referral_Placement","Partial match","Missing lineage statement",FALSE,FALSE,"needs-creating","","","",21,0,0,"auto"
"ESS/IEP/Snapshots/CDP_Contract_Referral_Placement_20210831.QVD","CDP_Contract_Referral_Placement_20210831.QVD","-",NA,"AZDB-AUE-PRD-NIAADL01.ESS.NIAA_CDP_Contract_Referral_Placement","Partial match","Missing lineage statement",FALSE,FALSE,"needs-creating","","","",21,0,0,"auto"
"ESS/IEP/Snapshots/CDP_Contract_Referral_Placement_20210930.QVD","CDP_Contract_Referral_Placement_20210930.QVD","-",NA,"AZDB-AUE-PRD-NIAADL01.ESS.NIAA_CDP_Contract_Referral_Placement","Partial match","Missing lineage statement",FALSE,FALSE,"needs-creating","","","",21,0,0,"auto"
"ESS/IEP/Snapshots/CDP_Contract_Referral_Placement_20211031.QVD","CDP_Contract_Referral_Placement_20211031.QVD","-",NA,"AZDB-AUE-PRD-NIAADL01.ESS.NIAA_CDP_Contract_Referral_Placement","Partial match","Missing lineage statement",FALSE,FALSE,"needs-creating","","","",21,0,0,"auto"
"ESS/IEP/Snapshots/CDP_Contract_Referral_Placement_20211130.QVD","CDP_Contract_Referral_Placement_20211130.QVD","-",NA,"AZDB-AUE-PRD-NIAADL01.ESS.NIAA_CDP_Contract_Referral_Placement","Partial match","Missing lineage statement",FALSE,FALSE,"needs-creating","","","",21,0,0,"auto"
"ESS/IEP/Snapshots/CDP_Contract_Referral_Placement_20220131.QVD","CDP_Contract_Referral_Placement_20220131.QVD","-",NA,"AZDB-AUE-PRD-NIAADL01.ESS.NIAA_CDP_Contract_Referral_Placement","Partial match","Missing lineage statement",FALSE,FALSE,"needs-creating","","","",21,0,0,"auto"
"ESS/IEP/Snapshots/CDP_Contract_Referral_Placement_20220228.QVD","CDP_Contract_Referral_Placement_20220228.QVD","-",NA,"AZDB-AUE-PRD-NIAADL01.ESS.NIAA_CDP_Contract_Referral_Placement","Partial match","Missing lineage statement",FALSE,FALSE,"needs-creating","","","",21,0,0,"auto"
"ESS/IEP/Snapshots/CDP_Contract_Referral_Placement_20220331.QVD","CDP_Contract_Referral_Placement_20220331.QVD","-",NA,"AZDB-AUE-PRD-NIAADL01.ESS.NIAA_CDP_Contract_Referral_Placement","Partial match","Missing lineage statement",FALSE,FALSE,"needs-creating","","","",21,0,0,"auto"
"ESS/IEP/Snapshots/CDP_Contract_Referral_Placement_20220430.QVD","CDP_Contract_Referral_Placement_20220430.QVD","-",NA,"AZDB-AUE-PRD-NIAADL01.ESS.NIAA_CDP_Contract_Referral_Placement","Partial match","Missing lineage statement",FALSE,FALSE,"needs-creating","","","",21,0,0,"auto"
"ESS/IEP/Snapshots/CDP_Contract_Referral_Placement_20220531.QVD","CDP_Contract_Referral_Placement_20220531.QVD","-",NA,"AZDB-AUE-PRD-NIAADL01.ESS.NIAA_CDP_Contract_Referral_Placement","Partial match","Missing lineage statement",FALSE,FALSE,"needs-creating","","","",21,0,0,"auto"
"ESS/IEP/Snapshots/CDP_Contract_Referral_Placement_20220630.QVD","CDP_Contract_Referral_Placement_20220630.QVD","-",NA,"AZDB-AUE-PRD-NIAADL01.ESS.NIAA_CDP_Contract_Referral_Placement","Partial match","Missing lineage statement",FALSE,FALSE,"needs-creating","","","",21,0,0,"auto"
"ESS/IEP/Snapshots/CDP_Contract_Referral_Placement_20220731.QVD","CDP_Contract_Referral_Placement_20220731.QVD","-",NA,"AZDB-AUE-PRD-NIAADL01.ESS.NIAA_CDP_Contract_Referral_Placement","Partial match","Missing lineage statement",FALSE,FALSE,"needs-creating","","","",21,0,0,"auto"
"ESS/IEP/Snapshots/CDP_Contract_Referral_Placement_20220831.QVD","CDP_Contract_Referral_Placement_20220831.QVD","-",NA,"AZDB-AUE-PRD-NIAADL01.ESS.NIAA_CDP_Contract_Referral_Placement","Partial match","Missing lineage statement",FALSE,FALSE,"needs-creating","","","",21,0,0,"auto"
"ESS/IEP/Snapshots/CDP_Contract_Referral_Placement_20220930.QVD","CDP_Contract_Referral_Placement_20220930.QVD","-",NA,"AZDB-AUE-PRD-NIAADL01.ESS.NIAA_CDP_Contract_Referral_Placement","Partial match","Missing lineage statement",FALSE,FALSE,"needs-creating","","","",21,0,0,"auto"
"ESS/IEP/Snapshots/CDP_Contract_Referral_Placement_20221031.QVD","CDP_Contract_Referral_Placement_20221031.QVD","-",NA,"AZDB-AUE-PRD-NIAADL01.ESS.NIAA_CDP_Contract_Referral_Placement","Partial match","Missing lineage statement",FALSE,FALSE,"needs-creating","","","",21,0,0,"auto"
"ESS/IEP/Snapshots/CDP_Contract_Referral_Placement_20221130.QVD","CDP_Contract_Referral_Placement_20221130.QVD","-",NA,"AZDB-AUE-PRD-NIAADL01.ESS.NIAA_CDP_Contract_Referral_Placement","Partial match","Missing lineage statement",FALSE,FALSE,"needs-creating","","","",21,0,0,"auto"
"ESS/IEP/Snapshots/CDP_Contract_Referral_Placement_20221231.QVD","CDP_Contract_Referral_Placement_20221231.QVD","-",NA,"AZDB-AUE-PRD-NIAADL01.ESS.NIAA_CDP_Contract_Referral_Placement","Partial match","Missing lineage statement",FALSE,FALSE,"needs-creating","","","",21,0,0,"auto"
"ESS/IEP/Snapshots/CDP_Contract_Referral_Placement_20230131.QVD","CDP_Contract_Referral_Placement_20230131.QVD","-",NA,"AZDB-AUE-PRD-NIAADL01.ESS.NIAA_CDP_Contract_Referral_Placement","Partial match","Missing lineage statement",FALSE,FALSE,"needs-creating","","","",21,0,0,"auto"
"ESS/IEP/Snapshots/CDP_Contract_Referral_Placement_20230228.QVD","CDP_Contract_Referral_Placement_20230228.QVD","-",NA,"AZDB-AUE-PRD-NIAADL01.ESS.NIAA_CDP_Contract_Referral_Placement","Partial match","Missing lineage statement",FALSE,FALSE,"needs-creating","","","",21,0,0,"auto"
"ESS/IEP/Snapshots/CDP_Contract_Referral_Placement_20230331.QVD","CDP_Contract_Referral_Placement_20230331.QVD","-",NA,"AZDB-AUE-PRD-NIAADL01.ESS.NIAA_CDP_Contract_Referral_Placement","Partial match","Missing lineage statement",FALSE,FALSE,"needs-creating","","","",21,0,0,"auto"
"ESS/IEP/Snapshots/CDP_Contract_Referral_Placement_20230430.QVD","CDP_Contract_Referral_Placement_20230430.QVD","-",NA,"AZDB-AUE-PRD-NIAADL01.ESS.NIAA_CDP_Contract_Referral_Placement","Partial match","Missing lineage statement",FALSE,FALSE,"needs-creating","","","",21,0,0,"auto"
"ESS/IEP/Snapshots/CDP_Contract_Referral_Placement_20230531.QVD","CDP_Contract_Referral_Placement_20230531.QVD","-",NA,"AZDB-AUE-PRD-NIAADL01.ESS.NIAA_CDP_Contract_Referral_Placement","Partial match","Missing lineage statement",FALSE,FALSE,"needs-creating","","","",21,0,0,"auto"
"ESS/IEP/Snapshots/CDP_Contract_Referral_Placement_20230630.QVD","CDP_Contract_Referral_Placement_20230630.QVD","-",NA,"AZDB-AUE-PRD-NIAADL01.ESS.NIAA_CDP_Contract_Referral_Placement","Partial match","Missing lineage statement",FALSE,FALSE,"needs-creating","","","",21,0,0,"auto"
"ESS/IEP/Snapshots/CDP_Contract_Referral_Placement_20230731.QVD","CDP_Contract_Referral_Placement_20230731.QVD","-",NA,"AZDB-AUE-PRD-NIAADL01.ESS.NIAA_CDP_Contract_Referral_Placement","Partial match","Missing lineage statement",FALSE,FALSE,"needs-creating","","","",21,0,0,"auto"
"ESS/IEP/Snapshots/CDP_Contract_Referral_Placement_20230831.QVD","CDP_Contract_Referral_Placement_20230831.QVD","-",NA,"AZDB-AUE-PRD-NIAADL01.ESS.NIAA_CDP_Contract_Referral_Placement","Partial match","Missing lineage statement",FALSE,FALSE,"needs-creating","","","",21,0,0,"auto"
"ESS/IEP/Snapshots/CDP_Contract_Referral_Placement_20230930.QVD","CDP_Contract_Referral_Placement_20230930.QVD","-",NA,"AZDB-AUE-PRD-NIAADL01.ESS.NIAA_CDP_Contract_Referral_Placement","Partial match","Missing lineage statement",FALSE,FALSE,"needs-creating","","","",21,0,0,"auto"
"ESS/IEP/Snapshots/CDP_Contract_Referral_Placement_20231031.QVD","CDP_Contract_Referral_Placement_20231031.QVD","-",NA,"AZDB-AUE-PRD-NIAADL01.ESS.NIAA_CDP_Contract_Referral_Placement","Partial match","Missing lineage statement",FALSE,FALSE,"needs-creating","","","",21,0,0,"auto"
"ESS/IEP/Snapshots/CDP_Contract_Referral_Placement_20231130.QVD","CDP_Contract_Referral_Placement_20231130.QVD","-",NA,"AZDB-AUE-PRD-NIAADL01.ESS.NIAA_CDP_Contract_Referral_Placement","Partial match","Missing lineage statement",FALSE,FALSE,"needs-creating","","","",21,0,0,"auto"
"ESS/IEP/Snapshots/CDP_Contract_Referral_Placement_20231231.QVD","CDP_Contract_Referral_Placement_20231231.QVD","-",NA,"AZDB-AUE-PRD-NIAADL01.ESS.NIAA_CDP_Contract_Referral_Placement","Partial match","Missing lineage statement",FALSE,FALSE,"needs-creating","","","",21,0,0,"auto"
"ESS/IEP/Snapshots/CDP_Contract_Referral_Placement_20240131.QVD","CDP_Contract_Referral_Placement_20240131.QVD","-",NA,"AZDB-AUE-PRD-NIAADL01.ESS.NIAA_CDP_Contract_Referral_Placement","Partial match","Missing lineage statement",FALSE,FALSE,"needs-creating","","","",21,0,0,"auto"
"ESS/IEP/Snapshots/CDP_Contract_Referral_Placement_20240229.QVD","CDP_Contract_Referral_Placement_20240229.QVD","-",NA,"AZDB-AUE-PRD-NIAADL01.ESS.NIAA_CDP_Contract_Referral_Placement","Partial match","Missing lineage statement",FALSE,FALSE,"needs-creating","","","",21,0,0,"auto"
"ESS/IEP/BK/0.Sun/CDP_Contract_Referral_Placement.QVD","CDP_Contract_Referral_Placement.QVD","-",NA,"AZDB-AUE-PRD-NIAADL01.ESS.NIAA_CDP_Contract_Referral_Placement","Partial match","Missing lineage statement",FALSE,FALSE,"needs-creating","","","",21,0,0,"auto"
"ESS/IEP/BK/1.Mon/CDP_Contract_Referral_Placement.QVD","CDP_Contract_Referral_Placement.QVD","-",NA,"AZDB-AUE-PRD-NIAADL01.ESS.NIAA_CDP_Contract_Referral_Placement","Partial match","Missing lineage statement",FALSE,FALSE,"needs-creating","","","",21,0,0,"auto"
"ESS/IEP/BK/2.Tue/CDP_Contract_Referral_Placement.QVD","CDP_Contract_Referral_Placement.QVD","-",NA,"AZDB-AUE-PRD-NIAADL01.ESS.NIAA_CDP_Contract_Referral_Placement","Partial match","Missing lineage statement",FALSE,FALSE,"needs-creating","","","",21,0,0,"auto"
"ESS/IEP/BK/3.Wed/CDP_Contract_Referral_Placement.QVD","CDP_Contract_Referral_Placement.QVD","-",NA,"AZDB-AUE-PRD-NIAADL01.ESS.NIAA_CDP_Contract_Referral_Placement","Partial match","Missing lineage statement",FALSE,FALSE,"needs-creating","","","",21,0,0,"auto"
"ESS/IEP/BK/4.Thu/CDP_Contract_Referral_Placement.QVD","CDP_Contract_Referral_Placement.QVD","-",NA,"AZDB-AUE-PRD-NIAADL01.ESS.NIAA_CDP_Contract_Referral_Placement","Partial match","Missing lineage statement",FALSE,FALSE,"needs-creating","","","",21,0,0,"auto"
"ESS/IEP/BK/5.Fri/CDP_Contract_Referral_Placement.QVD","CDP_Contract_Referral_Placement.QVD","-",NA,"AZDB-AUE-PRD-NIAADL01.ESS.NIAA_CDP_Contract_Referral_Placement","Partial match","Missing lineage statement",FALSE,FALSE,"needs-creating","","","",21,0,0,"auto"
"ESS/IEP/BK/6.Sat/CDP_Contract_Referral_Placement.QVD","CDP_Contract_Referral_Placement.QVD","-",NA,"AZDB-AUE-PRD-NIAADL01.ESS.NIAA_CDP_Contract_Referral_Placement","Partial match","Missing lineage statement",FALSE,FALSE,"needs-creating","","","",21,0,0,"auto"
"ESS/IEP/Snapshots/CDP_Job_Seeker_20200930.QVD","CDP_Job_Seeker_20200930.QVD","-",NA,"AZDB-AUE-PRD-NIAADL01.ESS.CDP Job Seeker","Partial match","Missing lineage statement",FALSE,FALSE,"needs-creating","","","",30,0,0,"auto"
"ESS/IEP/Snapshots/CDP_Job_Seeker_20201031.QVD","CDP_Job_Seeker_20201031.QVD","-",NA,"AZDB-AUE-PRD-NIAADL01.ESS.CDP Job Seeker","Partial match","Missing lineage statement",FALSE,FALSE,"needs-creating","","","",30,0,0,"auto"
"ESS/IEP/Snapshots/CDP_Job_Seeker_20201130.QVD","CDP_Job_Seeker_20201130.QVD","-",NA,"AZDB-AUE-PRD-NIAADL01.ESS.CDP Job Seeker","Partial match","Missing lineage statement",FALSE,FALSE,"needs-creating","","","",30,0,0,"auto"
"ESS/IEP/Snapshots/CDP_Job_Seeker_20201231.QVD","CDP_Job_Seeker_20201231.QVD","-",NA,"AZDB-AUE-PRD-NIAADL01.ESS.CDP Job Seeker","Partial match","Missing lineage statement",FALSE,FALSE,"needs-creating","","","",30,0,0,"auto"
"ESS/IEP/Snapshots/CDP_Job_Seeker_20210131.QVD","CDP_Job_Seeker_20210131.QVD","-",NA,"AZDB-AUE-PRD-NIAADL01.ESS.CDP Job Seeker","Partial match","Missing lineage statement",FALSE,FALSE,"needs-creating","","","",30,0,0,"auto"
"ESS/IEP/Snapshots/CDP_Job_Seeker_20210228.QVD","CDP_Job_Seeker_20210228.QVD","-",NA,"AZDB-AUE-PRD-NIAADL01.ESS.CDP Job Seeker","Partial match","Missing lineage statement",FALSE,FALSE,"needs-creating","","","",30,0,0,"auto"
"ESS/IEP/Snapshots/CDP_Job_Seeker_20210331.QVD","CDP_Job_Seeker_20210331.QVD","-",NA,"AZDB-AUE-PRD-NIAADL01.ESS.CDP Job Seeker","Partial match","Missing lineage statement",FALSE,FALSE,"needs-creating","","","",30,0,0,"auto"
"ESS/IEP/Snapshots/CDP_Job_Seeker_20210430.QVD","CDP_Job_Seeker_20210430.QVD","-",NA,"AZDB-AUE-PRD-NIAADL01.ESS.CDP Job Seeker","Partial match","Missing lineage statement",FALSE,FALSE,"needs-creating","","","",30,0,0,"auto"
"ESS/IEP/Snapshots/CDP_Job_Seeker_20210531.QVD","CDP_Job_Seeker_20210531.QVD","-",NA,"AZDB-AUE-PRD-NIAADL01.ESS.CDP Job Seeker","Partial match","Missing lineage statement",FALSE,FALSE,"needs-creating","","","",30,0,0,"auto"
"ESS/IEP/Snapshots/CDP_Job_Seeker_20210630.QVD","CDP_Job_Seeker_20210630.QVD","-",NA,"AZDB-AUE-PRD-NIAADL01.ESS.CDP Job Seeker","Partial match","Missing lineage statement",FALSE,FALSE,"needs-creating","","","",30,0,0,"auto"
"ESS/IEP/Snapshots/CDP_Job_Seeker_20210731.QVD","CDP_Job_Seeker_20210731.QVD","-",NA,"AZDB-AUE-PRD-NIAADL01.ESS.CDP Job Seeker","Partial match","Missing lineage statement",FALSE,FALSE,"needs-creating","","","",30,0,0,"auto"
"ESS/IEP/Snapshots/CDP_Job_Seeker_20210831.QVD","CDP_Job_Seeker_20210831.QVD","-",NA,"AZDB-AUE-PRD-NIAADL01.ESS.CDP Job Seeker","Partial match","Missing lineage statement",FALSE,FALSE,"needs-creating","","","",30,0,0,"auto"
"ESS/IEP/Snapshots/CDP_Job_Seeker_20210930.QVD","CDP_Job_Seeker_20210930.QVD","-",NA,"AZDB-AUE-PRD-NIAADL01.ESS.CDP Job Seeker","Partial match","Missing lineage statement",FALSE,FALSE,"needs-creating","","","",30,0,0,"auto"
"ESS/IEP/Snapshots/CDP_Job_Seeker_20211031.QVD","CDP_Job_Seeker_20211031.QVD","-",NA,"AZDB-AUE-PRD-NIAADL01.ESS.CDP Job Seeker","Partial match","Missing lineage statement",FALSE,FALSE,"needs-creating","","","",30,0,0,"auto"
"ESS/IEP/Snapshots/CDP_Job_Seeker_20211130.QVD","CDP_Job_Seeker_20211130.QVD","-",NA,"AZDB-AUE-PRD-NIAADL01.ESS.CDP Job Seeker","Partial match","Missing lineage statement",FALSE,FALSE,"needs-creating","","","",30,0,0,"auto"
"ESS/IEP/Snapshots/CDP_Job_Seeker_20220131.QVD","CDP_Job_Seeker_20220131.QVD","-",NA,"AZDB-AUE-PRD-NIAADL01.ESS.CDP Job Seeker","Partial match","Missing lineage statement",FALSE,FALSE,"needs-creating","","","",30,0,0,"auto"
"ESS/IEP/Snapshots/CDP_Job_Seeker_20220228.QVD","CDP_Job_Seeker_20220228.QVD","-",NA,"AZDB-AUE-PRD-NIAADL01.ESS.CDP Job Seeker","Partial match","Missing lineage statement",FALSE,FALSE,"needs-creating","","","",30,0,0,"auto"
"ESS/IEP/Snapshots/CDP_Job_Seeker_20220331.QVD","CDP_Job_Seeker_20220331.QVD","-",NA,"AZDB-AUE-PRD-NIAADL01.ESS.CDP Job Seeker","Partial match","Missing lineage statement",FALSE,FALSE,"needs-creating","","","",30,0,0,"auto"
"ESS/IEP/Snapshots/CDP_Job_Seeker_20220430.QVD","CDP_Job_Seeker_20220430.QVD","-",NA,"AZDB-AUE-PRD-NIAADL01.ESS.CDP Job Seeker","Partial match","Missing lineage statement",FALSE,FALSE,"needs-creating","","","",30,0,0,"auto"
"ESS/IEP/Snapshots/CDP_Job_Seeker_20220531.QVD","CDP_Job_Seeker_20220531.QVD","-",NA,"AZDB-AUE-PRD-NIAADL01.ESS.CDP Job Seeker","Partial match","Missing lineage statement",FALSE,FALSE,"needs-creating","","","",30,0,0,"auto"
"ESS/IEP/Snapshots/CDP_Job_Seeker_20220630.QVD","CDP_Job_Seeker_20220630.QVD","-",NA,"AZDB-AUE-PRD-NIAADL01.ESS.CDP Job Seeker","Partial match","Missing lineage statement",FALSE,FALSE,"needs-creating","","","",30,0,0,"auto"
"ESS/IEP/Snapshots/CDP_Job_Seeker_20220731.QVD","CDP_Job_Seeker_20220731.QVD","-",NA,"AZDB-AUE-PRD-NIAADL01.ESS.CDP Job Seeker","Partial match","Missing lineage statement",FALSE,FALSE,"needs-creating","","","",30,0,0,"auto"
"ESS/IEP/Snapshots/CDP_Job_Seeker_20220831.QVD","CDP_Job_Seeker_20220831.QVD","-",NA,"AZDB-AUE-PRD-NIAADL01.ESS.CDP Job Seeker","Partial match","Missing lineage statement",FALSE,FALSE,"needs-creating","","","",30,0,0,"auto"
"ESS/IEP/Snapshots/CDP_Job_Seeker_20220930.QVD","CDP_Job_Seeker_20220930.QVD","-",NA,"AZDB-AUE-PRD-NIAADL01.ESS.CDP Job Seeker","Partial match","Missing lineage statement",FALSE,FALSE,"needs-creating","","","",30,0,0,"auto"
"ESS/IEP/Snapshots/CDP_Job_Seeker_20221031.QVD","CDP_Job_Seeker_20221031.QVD","-",NA,"AZDB-AUE-PRD-NIAADL01.ESS.CDP Job Seeker","Partial match","Missing lineage statement",FALSE,FALSE,"needs-creating","","","",30,0,0,"auto"
"ESS/IEP/Snapshots/CDP_Job_Seeker_20221130.QVD","CDP_Job_Seeker_20221130.QVD","-",NA,"AZDB-AUE-PRD-NIAADL01.ESS.CDP Job Seeker","Partial match","Missing lineage statement",FALSE,FALSE,"needs-creating","","","",30,0,0,"auto"
"ESS/IEP/Snapshots/CDP_Job_Seeker_20221231.QVD","CDP_Job_Seeker_20221231.QVD","-",NA,"AZDB-AUE-PRD-NIAADL01.ESS.CDP Job Seeker","Partial match","Missing lineage statement",FALSE,FALSE,"needs-creating","","","",30,0,0,"auto"
"ESS/IEP/Snapshots/CDP_Job_Seeker_20230131.QVD","CDP_Job_Seeker_20230131.QVD","-",NA,"AZDB-AUE-PRD-NIAADL01.ESS.CDP Job Seeker","Partial match","Missing lineage statement",FALSE,FALSE,"needs-creating","","","",30,0,0,"auto"
"ESS/IEP/Snapshots/CDP_Job_Seeker_20230228.QVD","CDP_Job_Seeker_20230228.QVD","-",NA,"AZDB-AUE-PRD-NIAADL01.ESS.CDP Job Seeker","Partial match","Missing lineage statement",FALSE,FALSE,"needs-creating","","","",30,0,0,"auto"
"ESS/IEP/Snapshots/CDP_Job_Seeker_20230331.QVD","CDP_Job_Seeker_20230331.QVD","-",NA,"AZDB-AUE-PRD-NIAADL01.ESS.CDP Job Seeker","Partial match","Missing lineage statement",FALSE,FALSE,"needs-creating","","","",30,0,0,"auto"
"ESS/IEP/Snapshots/CDP_Job_Seeker_20230430.QVD","CDP_Job_Seeker_20230430.QVD","-",NA,"AZDB-AUE-PRD-NIAADL01.ESS.CDP Job Seeker","Partial match","Missing lineage statement",FALSE,FALSE,"needs-creating","","","",30,0,0,"auto"
"ESS/IEP/Snapshots/CDP_Job_Seeker_20230531.QVD","CDP_Job_Seeker_20230531.QVD","-",NA,"AZDB-AUE-PRD-NIAADL01.ESS.CDP Job Seeker","Partial match","Missing lineage statement",FALSE,FALSE,"needs-creating","","","",30,0,0,"auto"
"ESS/IEP/Snapshots/CDP_Job_Seeker_20230630.QVD","CDP_Job_Seeker_20230630.QVD","-",NA,"AZDB-AUE-PRD-NIAADL01.ESS.CDP Job Seeker","Partial match","Missing lineage statement",FALSE,FALSE,"needs-creating","","","",30,0,0,"auto"
"ESS/IEP/Snapshots/CDP_Job_Seeker_20230731.QVD","CDP_Job_Seeker_20230731.QVD","-",NA,"AZDB-AUE-PRD-NIAADL01.ESS.CDP Job Seeker","Partial match","Missing lineage statement",FALSE,FALSE,"needs-creating","","","",30,0,0,"auto"
"ESS/IEP/Snapshots/CDP_Job_Seeker_20230831.QVD","CDP_Job_Seeker_20230831.QVD","-",NA,"AZDB-AUE-PRD-NIAADL01.ESS.CDP Job Seeker","Partial match","Missing lineage statement",FALSE,FALSE,"needs-creating","","","",30,0,0,"auto"
"ESS/IEP/Snapshots/CDP_Job_Seeker_20230930.QVD","CDP_Job_Seeker_20230930.QVD","-",NA,"AZDB-AUE-PRD-NIAADL01.ESS.CDP Job Seeker","Partial match","Missing lineage statement",FALSE,FALSE,"needs-creating","","","",30,0,0,"auto"
"ESS/IEP/Snapshots/CDP_Job_Seeker_20231031.QVD","CDP_Job_Seeker_20231031.QVD","-",NA,"AZDB-AUE-PRD-NIAADL01.ESS.CDP Job Seeker","Partial match","Missing lineage statement",FALSE,FALSE,"needs-creating","","","",30,0,0,"auto"
"ESS/IEP/Snapshots/CDP_Job_Seeker_20231130.QVD","CDP_Job_Seeker_20231130.QVD","-",NA,"AZDB-AUE-PRD-NIAADL01.ESS.CDP Job Seeker","Partial match","Missing lineage statement",FALSE,FALSE,"needs-creating","","","",30,0,0,"auto"
"ESS/IEP/Snapshots/CDP_Job_Seeker_20231231.QVD","CDP_Job_Seeker_20231231.QVD","-",NA,"AZDB-AUE-PRD-NIAADL01.ESS.CDP Job Seeker","Partial match","Missing lineage statement",FALSE,FALSE,"needs-creating","","","",30,0,0,"auto"
"ESS/IEP/Snapshots/CDP_Job_Seeker_20240131.QVD","CDP_Job_Seeker_20240131.QVD","-",NA,"AZDB-AUE-PRD-NIAADL01.ESS.CDP Job Seeker","Partial match","Missing lineage statement",FALSE,FALSE,"needs-creating","","","",30,0,0,"auto"
"ESS/IEP/Snapshots/CDP_Job_Seeker_20240229.QVD","CDP_Job_Seeker_20240229.QVD","-",NA,"AZDB-AUE-PRD-NIAADL01.ESS.CDP Job Seeker","Partial match","Missing lineage statement",FALSE,FALSE,"needs-creating","","","",30,0,0,"auto"
"ESS/IEP/BK/0.Sun/CDP_Job_Seeker.QVD","CDP_Job_Seeker.QVD","-",NA,"AZDB-AUE-PRD-NIAADL01.ESS.CDP Job Seeker","Partial match","Missing lineage statement",FALSE,FALSE,"needs-creating","","","",30,0,0,"auto"
"ESS/IEP/BK/1.Mon/CDP_Job_Seeker.QVD","CDP_Job_Seeker.QVD","-",NA,"AZDB-AUE-PRD-NIAADL01.ESS.CDP Job Seeker","Partial match","Missing lineage statement",FALSE,FALSE,"needs-creating","","","",30,0,0,"auto"
"ESS/IEP/BK/2.Tue/CDP_Job_Seeker.QVD","CDP_Job_Seeker.QVD","-",NA,"AZDB-AUE-PRD-NIAADL01.ESS.CDP Job Seeker","Partial match","Missing lineage statement",FALSE,FALSE,"needs-creating","","","",30,0,0,"auto"
"ESS/IEP/BK/3.Wed/CDP_Job_Seeker.QVD","CDP_Job_Seeker.QVD","-",NA,"AZDB-AUE-PRD-NIAADL01.ESS.CDP Job Seeker","Partial match","Missing lineage statement",FALSE,FALSE,"needs-creating","","","",30,0,0,"auto"
"ESS/IEP/BK/4.Thu/CDP_Job_Seeker.QVD","CDP_Job_Seeker.QVD","-",NA,"AZDB-AUE-PRD-NIAADL01.ESS.CDP Job Seeker","Partial match","Missing lineage statement",FALSE,FALSE,"needs-creating","","","",30,0,0,"auto"
"ESS/IEP/BK/5.Fri/CDP_Job_Seeker.QVD","CDP_Job_Seeker.QVD","-",NA,"AZDB-AUE-PRD-NIAADL01.ESS.CDP Job Seeker","Partial match","Missing lineage statement",FALSE,FALSE,"needs-creating","","","",30,0,0,"auto"
"ESS/IEP/BK/6.Sat/CDP_Job_Seeker.QVD","CDP_Job_Seeker.QVD","-",NA,"AZDB-AUE-PRD-NIAADL01.ESS.CDP Job Seeker","Partial match","Missing lineage statement",FALSE,FALSE,"needs-creating","","","",30,0,0,"auto"
"ESS/IEP/Snapshots/IEP_Activity_20200930.QVD","IEP_Activity_20200930.QVD","-",NA,"AZDB-AUE-PRD-NIAADL01.ESS.IEP Activity","Likely subset","Missing lineage statement",FALSE,FALSE,"needs-creating","","","",39,0,0,"auto"
"ESS/IEP/Snapshots/IEP_Activity_20201031.QVD","IEP_Activity_20201031.QVD","-",NA,"AZDB-AUE-PRD-NIAADL01.ESS.IEP Activity","Likely subset","Missing lineage statement",FALSE,FALSE,"needs-creating","","","",39,0,0,"auto"
"ESS/IEP/Snapshots/IEP_Activity_20201130.QVD","IEP_Activity_20201130.QVD","-",NA,"AZDB-AUE-PRD-NIAADL01.ESS.IEP Activity","Likely subset","Missing lineage statement",FALSE,FALSE,"needs-creating","","","",39,0,0,"auto"
"ESS/IEP/Snapshots/IEP_Activity_20201231.QVD","IEP_Activity_20201231.QVD","-",NA,"AZDB-AUE-PRD-NIAADL01.ESS.IEP Activity","Likely subset","Missing lineage statement",FALSE,FALSE,"needs-creating","","","",39,0,0,"auto"
"ESS/IEP/Snapshots/IEP_Activity_20210131.QVD","IEP_Activity_20210131.QVD","-",NA,"AZDB-AUE-PRD-NIAADL01.ESS.IEP Activity","Likely subset","Missing lineage statement",FALSE,FALSE,"needs-creating","","","",39,0,0,"auto"
"ESS/IEP/Snapshots/IEP_Activity_20210228.QVD","IEP_Activity_20210228.QVD","-",NA,"AZDB-AUE-PRD-NIAADL01.ESS.IEP Activity","Likely subset","Missing lineage statement",FALSE,FALSE,"needs-creating","","","",39,0,0,"auto"
"ESS/IEP/Snapshots/IEP_Activity_20210331.QVD","IEP_Activity_20210331.QVD","-",NA,"AZDB-AUE-PRD-NIAADL01.ESS.IEP Activity","Likely subset","Missing lineage statement",FALSE,FALSE,"needs-creating","","","",39,0,0,"auto"
"ESS/IEP/Snapshots/IEP_Activity_20210430.QVD","IEP_Activity_20210430.QVD","-",NA,"AZDB-AUE-PRD-NIAADL01.ESS.IEP Activity","Likely subset","Missing lineage statement",FALSE,FALSE,"needs-creating","","","",39,0,0,"auto"
"ESS/IEP/Snapshots/IEP_Activity_20210531.QVD","IEP_Activity_20210531.QVD","-",NA,"AZDB-AUE-PRD-NIAADL01.ESS.IEP Activity","Likely subset","Missing lineage statement",FALSE,FALSE,"needs-creating","","","",39,0,0,"auto"
"ESS/IEP/Snapshots/IEP_Activity_20210630.QVD","IEP_Activity_20210630.QVD","-",NA,"AZDB-AUE-PRD-NIAADL01.ESS.IEP Activity","Likely subset","Missing lineage statement",FALSE,FALSE,"needs-creating","","","",39,0,0,"auto"
"ESS/IEP/Snapshots/IEP_Activity_20210731.QVD","IEP_Activity_20210731.QVD","-",NA,"AZDB-AUE-PRD-NIAADL01.ESS.IEP Activity","Likely subset","Missing lineage statement",FALSE,FALSE,"needs-creating","","","",39,0,0,"auto"
"ESS/IEP/Snapshots/IEP_Activity_20210831.QVD","IEP_Activity_20210831.QVD","-",NA,"AZDB-AUE-PRD-NIAADL01.ESS.IEP Activity","Likely subset","Missing lineage statement",FALSE,FALSE,"needs-creating","","","",39,0,0,"auto"
"ESS/IEP/Snapshots/IEP_Activity_20210930.QVD","IEP_Activity_20210930.QVD","-",NA,"AZDB-AUE-PRD-NIAADL01.ESS.IEP Activity","Likely subset","Missing lineage statement",FALSE,FALSE,"needs-creating","","","",39,0,0,"auto"
"ESS/IEP/Snapshots/IEP_Activity_20211031.QVD","IEP_Activity_20211031.QVD","-",NA,"AZDB-AUE-PRD-NIAADL01.ESS.IEP Activity","Likely subset","Missing lineage statement",FALSE,FALSE,"needs-creating","","","",39,0,0,"auto"
"ESS/IEP/Snapshots/IEP_Activity_20211130.QVD","IEP_Activity_20211130.QVD","-",NA,"AZDB-AUE-PRD-NIAADL01.ESS.IEP Activity","Likely subset","Missing lineage statement",FALSE,FALSE,"needs-creating","","","",39,0,0,"auto"
"ESS/IEP/Snapshots/IEP_Activity_20220131.QVD","IEP_Activity_20220131.QVD","-",NA,"AZDB-AUE-PRD-NIAADL01.ESS.IEP Activity","Likely subset","Missing lineage statement",FALSE,FALSE,"needs-creating","","","",39,0,0,"auto"
"ESS/IEP/Snapshots/IEP_Activity_20220228.QVD","IEP_Activity_20220228.QVD","-",NA,"AZDB-AUE-PRD-NIAADL01.ESS.IEP Activity","Likely subset","Missing lineage statement",FALSE,FALSE,"needs-creating","","","",39,0,0,"auto"
"ESS/IEP/Snapshots/IEP_Activity_20220331.QVD","IEP_Activity_20220331.QVD","-",NA,"AZDB-AUE-PRD-NIAADL01.ESS.IEP Activity","Likely subset","Missing lineage statement",FALSE,FALSE,"needs-creating","","","",39,0,0,"auto"
"ESS/IEP/Snapshots/IEP_Activity_20220430.QVD","IEP_Activity_20220430.QVD","-",NA,"AZDB-AUE-PRD-NIAADL01.ESS.IEP Activity","Likely subset","Missing lineage statement",FALSE,FALSE,"needs-creating","","","",39,0,0,"auto"
"ESS/IEP/Snapshots/IEP_Activity_20220531.QVD","IEP_Activity_20220531.QVD","-",NA,"AZDB-AUE-PRD-NIAADL01.ESS.IEP Activity","Likely subset","Missing lineage statement",FALSE,FALSE,"needs-creating","","","",39,0,0,"auto"
"ESS/IEP/Snapshots/IEP_Activity_20220630.QVD","IEP_Activity_20220630.QVD","-",NA,"AZDB-AUE-PRD-NIAADL01.ESS.IEP Activity","Likely subset","Missing lineage statement",FALSE,FALSE,"needs-creating","","","",39,0,0,"auto"
"ESS/IEP/Snapshots/IEP_Activity_20220731.QVD","IEP_Activity_20220731.QVD","-",NA,"AZDB-AUE-PRD-NIAADL01.ESS.IEP Activity","Likely subset","Missing lineage statement",FALSE,FALSE,"needs-creating","","","",39,0,0,"auto"
"ESS/IEP/Snapshots/IEP_Activity_20220831.QVD","IEP_Activity_20220831.QVD","-",NA,"AZDB-AUE-PRD-NIAADL01.ESS.IEP Activity","Likely subset","Missing lineage statement",FALSE,FALSE,"needs-creating","","","",39,0,0,"auto"
"ESS/IEP/Snapshots/IEP_Activity_20220930.QVD","IEP_Activity_20220930.QVD","-",NA,"AZDB-AUE-PRD-NIAADL01.ESS.IEP Activity","Likely subset","Missing lineage statement",FALSE,FALSE,"needs-creating","","","",39,0,0,"auto"
"ESS/IEP/Snapshots/IEP_Activity_20221031.QVD","IEP_Activity_20221031.QVD","-",NA,"AZDB-AUE-PRD-NIAADL01.ESS.IEP Activity","Likely subset","Missing lineage statement",FALSE,FALSE,"needs-creating","","","",39,0,0,"auto"
"ESS/IEP/Snapshots/IEP_Activity_20221130.QVD","IEP_Activity_20221130.QVD","-",NA,"AZDB-AUE-PRD-NIAADL01.ESS.IEP Activity","Likely subset","Missing lineage statement",FALSE,FALSE,"needs-creating","","","",39,0,0,"auto"
"ESS/IEP/Snapshots/IEP_Activity_20221231.QVD","IEP_Activity_20221231.QVD","-",NA,"AZDB-AUE-PRD-NIAADL01.ESS.IEP Activity","Likely subset","Missing lineage statement",FALSE,FALSE,"needs-creating","","","",39,0,0,"auto"
"ESS/IEP/Snapshots/IEP_Activity_20230131.QVD","IEP_Activity_20230131.QVD","-",NA,"AZDB-AUE-PRD-NIAADL01.ESS.IEP Activity","Likely subset","Missing lineage statement",FALSE,FALSE,"needs-creating","","","",39,0,0,"auto"
"ESS/IEP/Snapshots/IEP_Activity_20230228.QVD","IEP_Activity_20230228.QVD","-",NA,"AZDB-AUE-PRD-NIAADL01.ESS.IEP Activity","Likely subset","Missing lineage statement",FALSE,FALSE,"needs-creating","","","",39,0,0,"auto"
"ESS/IEP/Snapshots/IEP_Activity_20230331.QVD","IEP_Activity_20230331.QVD","-",NA,"AZDB-AUE-PRD-NIAADL01.ESS.IEP Activity","Likely subset","Missing lineage statement",FALSE,FALSE,"needs-creating","","","",39,0,0,"auto"
"ESS/IEP/Snapshots/IEP_Activity_20230430.QVD","IEP_Activity_20230430.QVD","-",NA,"AZDB-AUE-PRD-NIAADL01.ESS.IEP Activity","Likely subset","Missing lineage statement",FALSE,FALSE,"needs-creating","","","",39,0,0,"auto"
"ESS/IEP/Snapshots/IEP_Activity_20230531.QVD","IEP_Activity_20230531.QVD","-",NA,"AZDB-AUE-PRD-NIAADL01.ESS.IEP Activity","Likely subset","Missing lineage statement",FALSE,FALSE,"needs-creating","","","",39,0,0,"auto"
"ESS/IEP/Snapshots/IEP_Activity_20230630.QVD","IEP_Activity_20230630.QVD","-",NA,"AZDB-AUE-PRD-NIAADL01.ESS.IEP Activity","Likely subset","Missing lineage statement",FALSE,FALSE,"needs-creating","","","",39,0,0,"auto"
"ESS/IEP/Snapshots/IEP_Activity_20230731.QVD","IEP_Activity_20230731.QVD","-",NA,"AZDB-AUE-PRD-NIAADL01.ESS.IEP Activity","Likely subset","Missing lineage statement",FALSE,FALSE,"needs-creating","","","",39,0,0,"auto"
"ESS/IEP/Snapshots/IEP_Activity_20230831.QVD","IEP_Activity_20230831.QVD","-",NA,"AZDB-AUE-PRD-NIAADL01.ESS.IEP Activity","Likely subset","Missing lineage statement",FALSE,FALSE,"needs-creating","","","",39,0,0,"auto"
"ESS/IEP/Snapshots/IEP_Activity_20230930.QVD","IEP_Activity_20230930.QVD","-",NA,"AZDB-AUE-PRD-NIAADL01.ESS.IEP Activity","Likely subset","Missing lineage statement",FALSE,FALSE,"needs-creating","","","",39,0,0,"auto"
"ESS/IEP/Snapshots/IEP_Activity_20231031.QVD","IEP_Activity_20231031.QVD","-",NA,"AZDB-AUE-PRD-NIAADL01.ESS.IEP Activity","Likely subset","Missing lineage statement",FALSE,FALSE,"needs-creating","","","",39,0,0,"auto"
"ESS/IEP/Snapshots/IEP_Activity_20231130.QVD","IEP_Activity_20231130.QVD","-",NA,"AZDB-AUE-PRD-NIAADL01.ESS.IEP Activity","Likely subset","Missing lineage statement",FALSE,FALSE,"needs-creating","","","",39,0,0,"auto"
"ESS/IEP/Snapshots/IEP_Activity_20231231.QVD","IEP_Activity_20231231.QVD","-",NA,"AZDB-AUE-PRD-NIAADL01.ESS.IEP Activity","Likely subset","Missing lineage statement",FALSE,FALSE,"needs-creating","","","",39,0,0,"auto"
"ESS/IEP/Snapshots/IEP_Activity_20240131.QVD","IEP_Activity_20240131.QVD","-",NA,"AZDB-AUE-PRD-NIAADL01.ESS.IEP Activity","Likely subset","Missing lineage statement",FALSE,FALSE,"needs-creating","","","",39,0,0,"auto"
"ESS/IEP/Snapshots/IEP_Activity_20240229.QVD","IEP_Activity_20240229.QVD","-",NA,"AZDB-AUE-PRD-NIAADL01.ESS.IEP Activity","Likely subset","Missing lineage statement",FALSE,FALSE,"needs-creating","","","",39,0,0,"auto"
"ESS/IEP/Snapshots/IEP_Activity_Contact_20200930.QVD","IEP_Activity_Contact_20200930.QVD","-",NA,"AZDB-AUE-PRD-NIAADL01.ESS.IEP Activity Contact","Likely subset","Missing lineage statement",FALSE,FALSE,"needs-import","fusionload","grant activity","",11,0,0,"auto"
"ESS/IEP/Snapshots/IEP_Activity_Contact_20201031.QVD","IEP_Activity_Contact_20201031.QVD","-",NA,"AZDB-AUE-PRD-NIAADL01.ESS.IEP Activity Contact","Likely subset","Missing lineage statement",FALSE,FALSE,"needs-import","fusionload","grant activity","",11,0,0,"auto"
"ESS/IEP/Snapshots/IEP_Activity_Contact_20201130.QVD","IEP_Activity_Contact_20201130.QVD","-",NA,"AZDB-AUE-PRD-NIAADL01.ESS.IEP Activity Contact","Likely subset","Missing lineage statement",FALSE,FALSE,"needs-import","fusionload","grant activity","",11,0,0,"auto"
"ESS/IEP/Snapshots/IEP_Activity_Contact_20201231.QVD","IEP_Activity_Contact_20201231.QVD","-",NA,"AZDB-AUE-PRD-NIAADL01.ESS.IEP Activity Contact","Likely subset","Missing lineage statement",FALSE,FALSE,"needs-import","fusionload","grant activity","",11,0,0,"auto"
"ESS/IEP/Snapshots/IEP_Activity_Contact_20210131.QVD","IEP_Activity_Contact_20210131.QVD","-",NA,"AZDB-AUE-PRD-NIAADL01.ESS.IEP Activity Contact","Likely subset","Missing lineage statement",FALSE,FALSE,"needs-import","fusionload","grant activity","",11,0,0,"auto"
"ESS/IEP/Snapshots/IEP_Activity_Contact_20210228.QVD","IEP_Activity_Contact_20210228.QVD","-",NA,"AZDB-AUE-PRD-NIAADL01.ESS.IEP Activity Contact","Likely subset","Missing lineage statement",FALSE,FALSE,"needs-import","fusionload","grant activity","",11,0,0,"auto"
"ESS/IEP/Snapshots/IEP_Activity_Contact_20210331.QVD","IEP_Activity_Contact_20210331.QVD","-",NA,"AZDB-AUE-PRD-NIAADL01.ESS.IEP Activity Contact","Likely subset","Missing lineage statement",FALSE,FALSE,"needs-import","fusionload","grant activity","",11,0,0,"auto"
"ESS/IEP/Snapshots/IEP_Activity_Contact_20210430.QVD","IEP_Activity_Contact_20210430.QVD","-",NA,"AZDB-AUE-PRD-NIAADL01.ESS.IEP Activity Contact","Likely subset","Missing lineage statement",FALSE,FALSE,"needs-import","fusionload","grant activity","",11,0,0,"auto"
"ESS/IEP/Snapshots/IEP_Activity_Contact_20210531.QVD","IEP_Activity_Contact_20210531.QVD","-",NA,"AZDB-AUE-PRD-NIAADL01.ESS.IEP Activity Contact","Likely subset","Missing lineage statement",FALSE,FALSE,"needs-import","fusionload","grant activity","",11,0,0,"auto"
"ESS/IEP/Snapshots/IEP_Activity_Contact_20210630.QVD","IEP_Activity_Contact_20210630.QVD","-",NA,"AZDB-AUE-PRD-NIAADL01.ESS.IEP Activity Contact","Likely subset","Missing lineage statement",FALSE,FALSE,"needs-import","fusionload","grant activity","",11,0,0,"auto"
"ESS/IEP/Snapshots/IEP_Activity_Contact_20210731.QVD","IEP_Activity_Contact_20210731.QVD","-",NA,"AZDB-AUE-PRD-NIAADL01.ESS.IEP Activity Contact","Likely subset","Missing lineage statement",FALSE,FALSE,"needs-import","fusionload","grant activity","",11,0,0,"auto"
"ESS/IEP/Snapshots/IEP_Activity_Contact_20210831.QVD","IEP_Activity_Contact_20210831.QVD","-",NA,"AZDB-AUE-PRD-NIAADL01.ESS.IEP Activity Contact","Likely subset","Missing lineage statement",FALSE,FALSE,"needs-import","fusionload","grant activity","",11,0,0,"auto"
"ESS/IEP/Snapshots/IEP_Activity_Contact_20210930.QVD","IEP_Activity_Contact_20210930.QVD","-",NA,"AZDB-AUE-PRD-NIAADL01.ESS.IEP Activity Contact","Likely subset","Missing lineage statement",FALSE,FALSE,"needs-import","fusionload","grant activity","",11,0,0,"auto"
"ESS/IEP/Snapshots/IEP_Activity_Contact_20211031.QVD","IEP_Activity_Contact_20211031.QVD","-",NA,"AZDB-AUE-PRD-NIAADL01.ESS.IEP Activity Contact","Likely subset","Missing lineage statement",FALSE,FALSE,"needs-import","fusionload","grant activity","",11,0,0,"auto"
"ESS/IEP/Snapshots/IEP_Activity_Contact_20211130.QVD","IEP_Activity_Contact_20211130.QVD","-",NA,"AZDB-AUE-PRD-NIAADL01.ESS.IEP Activity Contact","Likely subset","Missing lineage statement",FALSE,FALSE,"needs-import","fusionload","grant activity","",11,0,0,"auto"
"ESS/IEP/Snapshots/IEP_Activity_Contact_20220131.QVD","IEP_Activity_Contact_20220131.QVD","-",NA,"AZDB-AUE-PRD-NIAADL01.ESS.IEP Activity Contact","Likely subset","Missing lineage statement",FALSE,FALSE,"needs-import","fusionload","grant activity","",11,0,0,"auto"
"ESS/IEP/Snapshots/IEP_Activity_Contact_20220228.QVD","IEP_Activity_Contact_20220228.QVD","-",NA,"AZDB-AUE-PRD-NIAADL01.ESS.IEP Activity Contact","Likely subset","Missing lineage statement",FALSE,FALSE,"needs-import","fusionload","grant activity","",11,0,0,"auto"
"ESS/IEP/Snapshots/IEP_Activity_Contact_20220331.QVD","IEP_Activity_Contact_20220331.QVD","-",NA,"AZDB-AUE-PRD-NIAADL01.ESS.IEP Activity Contact","Likely subset","Missing lineage statement",FALSE,FALSE,"needs-import","fusionload","grant activity","",11,0,0,"auto"
"ESS/IEP/Snapshots/IEP_Activity_Contact_20220430.QVD","IEP_Activity_Contact_20220430.QVD","-",NA,"AZDB-AUE-PRD-NIAADL01.ESS.IEP Activity Contact","Likely subset","Missing lineage statement",FALSE,FALSE,"needs-import","fusionload","grant activity","",11,0,0,"auto"
"ESS/IEP/Snapshots/IEP_Activity_Contact_20220531.QVD","IEP_Activity_Contact_20220531.QVD","-",NA,"AZDB-AUE-PRD-NIAADL01.ESS.IEP Activity Contact","Likely subset","Missing lineage statement",FALSE,FALSE,"needs-import","fusionload","grant activity","",11,0,0,"auto"
"ESS/IEP/Snapshots/IEP_Activity_Contact_20220630.QVD","IEP_Activity_Contact_20220630.QVD","-",NA,"AZDB-AUE-PRD-NIAADL01.ESS.IEP Activity Contact","Likely subset","Missing lineage statement",FALSE,FALSE,"needs-import","fusionload","grant activity","",11,0,0,"auto"
"ESS/IEP/Snapshots/IEP_Activity_Contact_20220731.QVD","IEP_Activity_Contact_20220731.QVD","-",NA,"AZDB-AUE-PRD-NIAADL01.ESS.IEP Activity Contact","Likely subset","Missing lineage statement",FALSE,FALSE,"needs-import","fusionload","grant activity","",11,0,0,"auto"
"ESS/IEP/Snapshots/IEP_Activity_Contact_20220831.QVD","IEP_Activity_Contact_20220831.QVD","-",NA,"AZDB-AUE-PRD-NIAADL01.ESS.IEP Activity Contact","Likely subset","Missing lineage statement",FALSE,FALSE,"needs-import","fusionload","grant activity","",11,0,0,"auto"
"ESS/IEP/Snapshots/IEP_Activity_Contact_20220930.QVD","IEP_Activity_Contact_20220930.QVD","-",NA,"AZDB-AUE-PRD-NIAADL01.ESS.IEP Activity Contact","Likely subset","Missing lineage statement",FALSE,FALSE,"needs-import","fusionload","grant activity","",11,0,0,"auto"
"ESS/IEP/Snapshots/IEP_Activity_Contact_20221031.QVD","IEP_Activity_Contact_20221031.QVD","-",NA,"AZDB-AUE-PRD-NIAADL01.ESS.IEP Activity Contact","Likely subset","Missing lineage statement",FALSE,FALSE,"needs-import","fusionload","grant activity","",11,0,0,"auto"
"ESS/IEP/Snapshots/IEP_Activity_Contact_20221130.QVD","IEP_Activity_Contact_20221130.QVD","-",NA,"AZDB-AUE-PRD-NIAADL01.ESS.IEP Activity Contact","Likely subset","Missing lineage statement",FALSE,FALSE,"needs-import","fusionload","grant activity","",11,0,0,"auto"
"ESS/IEP/Snapshots/IEP_Activity_Contact_20221231.QVD","IEP_Activity_Contact_20221231.QVD","-",NA,"AZDB-AUE-PRD-NIAADL01.ESS.IEP Activity Contact","Likely subset","Missing lineage statement",FALSE,FALSE,"needs-import","fusionload","grant activity","",11,0,0,"auto"
"ESS/IEP/Snapshots/IEP_Activity_Contact_20230131.QVD","IEP_Activity_Contact_20230131.QVD","-",NA,"AZDB-AUE-PRD-NIAADL01.ESS.IEP Activity Contact","Likely subset","Missing lineage statement",FALSE,FALSE,"needs-import","fusionload","grant activity","",11,0,0,"auto"
"ESS/IEP/Snapshots/IEP_Activity_Contact_20230228.QVD","IEP_Activity_Contact_20230228.QVD","-",NA,"AZDB-AUE-PRD-NIAADL01.ESS.IEP Activity Contact","Likely subset","Missing lineage statement",FALSE,FALSE,"needs-import","fusionload","grant activity","",11,0,0,"auto"
"ESS/IEP/Snapshots/IEP_Activity_Contact_20230331.QVD","IEP_Activity_Contact_20230331.QVD","-",NA,"AZDB-AUE-PRD-NIAADL01.ESS.IEP Activity Contact","Likely subset","Missing lineage statement",FALSE,FALSE,"needs-import","fusionload","grant activity","",11,0,0,"auto"
"ESS/IEP/Snapshots/IEP_Activity_Contact_20230430.QVD","IEP_Activity_Contact_20230430.QVD","-",NA,"AZDB-AUE-PRD-NIAADL01.ESS.IEP Activity Contact","Likely subset","Missing lineage statement",FALSE,FALSE,"needs-import","fusionload","grant activity","",11,0,0,"auto"
"ESS/IEP/Snapshots/IEP_Activity_Contact_20230531.QVD","IEP_Activity_Contact_20230531.QVD","-",NA,"AZDB-AUE-PRD-NIAADL01.ESS.IEP Activity Contact","Likely subset","Missing lineage statement",FALSE,FALSE,"needs-import","fusionload","grant activity","",11,0,0,"auto"
"ESS/IEP/Snapshots/IEP_Activity_Contact_20230630.QVD","IEP_Activity_Contact_20230630.QVD","-",NA,"AZDB-AUE-PRD-NIAADL01.ESS.IEP Activity Contact","Likely subset","Missing lineage statement",FALSE,FALSE,"needs-import","fusionload","grant activity","",11,0,0,"auto"
"ESS/IEP/Snapshots/IEP_Activity_Contact_20230731.QVD","IEP_Activity_Contact_20230731.QVD","-",NA,"AZDB-AUE-PRD-NIAADL01.ESS.IEP Activity Contact","Likely subset","Missing lineage statement",FALSE,FALSE,"needs-import","fusionload","grant activity","",11,0,0,"auto"
"ESS/IEP/Snapshots/IEP_Activity_Contact_20230831.QVD","IEP_Activity_Contact_20230831.QVD","-",NA,"AZDB-AUE-PRD-NIAADL01.ESS.IEP Activity Contact","Likely subset","Missing lineage statement",FALSE,FALSE,"needs-import","fusionload","grant activity","",11,0,0,"auto"
"ESS/IEP/Snapshots/IEP_Activity_Contact_20230930.QVD","IEP_Activity_Contact_20230930.QVD","-",NA,"AZDB-AUE-PRD-NIAADL01.ESS.IEP Activity Contact","Likely subset","Missing lineage statement",FALSE,FALSE,"needs-import","fusionload","grant activity","",11,0,0,"auto"
"ESS/IEP/Snapshots/IEP_Activity_Contact_20231031.QVD","IEP_Activity_Contact_20231031.QVD","-",NA,"AZDB-AUE-PRD-NIAADL01.ESS.IEP Activity Contact","Likely subset","Missing lineage statement",FALSE,FALSE,"needs-import","fusionload","grant activity","",11,0,0,"auto"
"ESS/IEP/Snapshots/IEP_Activity_Contact_20231130.QVD","IEP_Activity_Contact_20231130.QVD","-",NA,"AZDB-AUE-PRD-NIAADL01.ESS.IEP Activity Contact","Likely subset","Missing lineage statement",FALSE,FALSE,"needs-import","fusionload","grant activity","",11,0,0,"auto"
"ESS/IEP/Snapshots/IEP_Activity_Contact_20231231.QVD","IEP_Activity_Contact_20231231.QVD","-",NA,"AZDB-AUE-PRD-NIAADL01.ESS.IEP Activity Contact","Likely subset","Missing lineage statement",FALSE,FALSE,"needs-import","fusionload","grant activity","",11,0,0,"auto"
"ESS/IEP/Snapshots/IEP_Activity_Contact_20240131.QVD","IEP_Activity_Contact_20240131.QVD","-",NA,"AZDB-AUE-PRD-NIAADL01.ESS.IEP Activity Contact","Likely subset","Missing lineage statement",FALSE,FALSE,"needs-import","fusionload","grant activity","",11,0,0,"auto"
"ESS/IEP/Snapshots/IEP_Activity_Contact_20240229.QVD","IEP_Activity_Contact_20240229.QVD","-",NA,"AZDB-AUE-PRD-NIAADL01.ESS.IEP Activity Contact","Likely subset","Missing lineage statement",FALSE,FALSE,"needs-import","fusionload","grant activity","",11,0,0,"auto"
"ESS/IEP/BK/0.Sun/IEP_Activity_Contact.QVD","IEP_Activity_Contact.QVD","-",NA,"AZDB-AUE-PRD-NIAADL01.ESS.IEP Activity Contact","Likely subset","Missing lineage statement",FALSE,FALSE,"needs-import","fusionload","grant activity","",11,0,0,"auto"
"ESS/IEP/BK/1.Mon/IEP_Activity_Contact.QVD","IEP_Activity_Contact.QVD","-",NA,"AZDB-AUE-PRD-NIAADL01.ESS.IEP Activity Contact","Likely subset","Missing lineage statement",FALSE,FALSE,"needs-import","fusionload","grant activity","",11,0,0,"auto"
"ESS/IEP/BK/2.Tue/IEP_Activity_Contact.QVD","IEP_Activity_Contact.QVD","-",NA,"AZDB-AUE-PRD-NIAADL01.ESS.IEP Activity Contact","Likely subset","Missing lineage statement",FALSE,FALSE,"needs-import","fusionload","grant activity","",11,0,0,"auto"
"ESS/IEP/BK/3.Wed/IEP_Activity_Contact.QVD","IEP_Activity_Contact.QVD","-",NA,"AZDB-AUE-PRD-NIAADL01.ESS.IEP Activity Contact","Likely subset","Missing lineage statement",FALSE,FALSE,"needs-import","fusionload","grant activity","",11,0,0,"auto"
"ESS/IEP/BK/4.Thu/IEP_Activity_Contact.QVD","IEP_Activity_Contact.QVD","-",NA,"AZDB-AUE-PRD-NIAADL01.ESS.IEP Activity Contact","Likely subset","Missing lineage statement",FALSE,FALSE,"needs-import","fusionload","grant activity","",11,0,0,"auto"
"ESS/IEP/BK/5.Fri/IEP_Activity_Contact.QVD","IEP_Activity_Contact.QVD","-",NA,"AZDB-AUE-PRD-NIAADL01.ESS.IEP Activity Contact","Likely subset","Missing lineage statement",FALSE,FALSE,"needs-import","fusionload","grant activity","",11,0,0,"auto"
"ESS/IEP/BK/6.Sat/IEP_Activity_Contact.QVD","IEP_Activity_Contact.QVD","-",NA,"AZDB-AUE-PRD-NIAADL01.ESS.IEP Activity Contact","Likely subset","Missing lineage statement",FALSE,FALSE,"needs-import","fusionload","grant activity","",11,0,0,"auto"
"ESS/IEP/Snapshots/IEP_Activity_Expenditure_20200930.QVD","IEP_Activity_Expenditure_20200930.QVD","-",NA,"AZDB-AUE-PRD-NIAADL01.ESS.IEP Activity Expenditure","Exact","Missing lineage statement",FALSE,FALSE,"retarget-incomplete","ESS","FUSION IEP Activity","lib://Curated data Store:DataFiles/10 Landing Area/ESS/FUSION IEP Activity.qvd",11,68,9,"auto"
"ESS/IEP/Snapshots/IEP_Activity_Expenditure_20201031.QVD","IEP_Activity_Expenditure_20201031.QVD","-",NA,"AZDB-AUE-PRD-NIAADL01.ESS.IEP Activity Expenditure","Exact","Missing lineage statement",FALSE,FALSE,"retarget-incomplete","ESS","FUSION IEP Activity","lib://Curated data Store:DataFiles/10 Landing Area/ESS/FUSION IEP Activity.qvd",11,68,9,"auto"
"ESS/IEP/Snapshots/IEP_Activity_Expenditure_20201130.QVD","IEP_Activity_Expenditure_20201130.QVD","-",NA,"AZDB-AUE-PRD-NIAADL01.ESS.IEP Activity Expenditure","Exact","Missing lineage statement",FALSE,FALSE,"retarget-incomplete","ESS","FUSION IEP Activity","lib://Curated data Store:DataFiles/10 Landing Area/ESS/FUSION IEP Activity.qvd",11,68,9,"auto"
"ESS/IEP/Snapshots/IEP_Activity_Expenditure_20201231.QVD","IEP_Activity_Expenditure_20201231.QVD","-",NA,"AZDB-AUE-PRD-NIAADL01.ESS.IEP Activity Expenditure","Exact","Missing lineage statement",FALSE,FALSE,"retarget-incomplete","ESS","FUSION IEP Activity","lib://Curated data Store:DataFiles/10 Landing Area/ESS/FUSION IEP Activity.qvd",11,68,9,"auto"
"ESS/IEP/Snapshots/IEP_Activity_Expenditure_20210131.QVD","IEP_Activity_Expenditure_20210131.QVD","-",NA,"AZDB-AUE-PRD-NIAADL01.ESS.IEP Activity Expenditure","Exact","Missing lineage statement",FALSE,FALSE,"retarget-incomplete","ESS","FUSION IEP Activity","lib://Curated data Store:DataFiles/10 Landing Area/ESS/FUSION IEP Activity.qvd",11,68,9,"auto"
"ESS/IEP/Snapshots/IEP_Activity_Expenditure_20210228.QVD","IEP_Activity_Expenditure_20210228.QVD","-",NA,"AZDB-AUE-PRD-NIAADL01.ESS.IEP Activity Expenditure","Exact","Missing lineage statement",FALSE,FALSE,"retarget-incomplete","ESS","FUSION IEP Activity","lib://Curated data Store:DataFiles/10 Landing Area/ESS/FUSION IEP Activity.qvd",11,68,9,"auto"
"ESS/IEP/Snapshots/IEP_Activity_Expenditure_20210331.QVD","IEP_Activity_Expenditure_20210331.QVD","-",NA,"AZDB-AUE-PRD-NIAADL01.ESS.IEP Activity Expenditure","Exact","Missing lineage statement",FALSE,FALSE,"retarget-incomplete","ESS","FUSION IEP Activity","lib://Curated data Store:DataFiles/10 Landing Area/ESS/FUSION IEP Activity.qvd",11,68,9,"auto"
"ESS/IEP/Snapshots/IEP_Activity_Expenditure_20210430.QVD","IEP_Activity_Expenditure_20210430.QVD","-",NA,"AZDB-AUE-PRD-NIAADL01.ESS.IEP Activity Expenditure","Exact","Missing lineage statement",FALSE,FALSE,"retarget-incomplete","ESS","FUSION IEP Activity","lib://Curated data Store:DataFiles/10 Landing Area/ESS/FUSION IEP Activity.qvd",11,68,9,"auto"
"ESS/IEP/Snapshots/IEP_Activity_Expenditure_20210531.QVD","IEP_Activity_Expenditure_20210531.QVD","-",NA,"AZDB-AUE-PRD-NIAADL01.ESS.IEP Activity Expenditure","Exact","Missing lineage statement",FALSE,FALSE,"retarget-incomplete","ESS","FUSION IEP Activity","lib://Curated data Store:DataFiles/10 Landing Area/ESS/FUSION IEP Activity.qvd",11,68,9,"auto"
"ESS/IEP/Snapshots/IEP_Activity_Expenditure_20210630.QVD","IEP_Activity_Expenditure_20210630.QVD","-",NA,"AZDB-AUE-PRD-NIAADL01.ESS.IEP Activity Expenditure","Exact","Missing lineage statement",FALSE,FALSE,"retarget-incomplete","ESS","FUSION IEP Activity","lib://Curated data Store:DataFiles/10 Landing Area/ESS/FUSION IEP Activity.qvd",11,68,9,"auto"
"ESS/IEP/Snapshots/IEP_Activity_Expenditure_20210731.QVD","IEP_Activity_Expenditure_20210731.QVD","-",NA,"AZDB-AUE-PRD-NIAADL01.ESS.IEP Activity Expenditure","Exact","Missing lineage statement",FALSE,FALSE,"retarget-incomplete","ESS","FUSION IEP Activity","lib://Curated data Store:DataFiles/10 Landing Area/ESS/FUSION IEP Activity.qvd",11,68,9,"auto"
"ESS/IEP/Snapshots/IEP_Activity_Expenditure_20210831.QVD","IEP_Activity_Expenditure_20210831.QVD","-",NA,"AZDB-AUE-PRD-NIAADL01.ESS.IEP Activity Expenditure","Exact","Missing lineage statement",FALSE,FALSE,"retarget-incomplete","ESS","FUSION IEP Activity","lib://Curated data Store:DataFiles/10 Landing Area/ESS/FUSION IEP Activity.qvd",11,68,9,"auto"
"ESS/IEP/Snapshots/IEP_Activity_Expenditure_20210930.QVD","IEP_Activity_Expenditure_20210930.QVD","-",NA,"AZDB-AUE-PRD-NIAADL01.ESS.IEP Activity Expenditure","Exact","Missing lineage statement",FALSE,FALSE,"retarget-incomplete","ESS","FUSION IEP Activity","lib://Curated data Store:DataFiles/10 Landing Area/ESS/FUSION IEP Activity.qvd",11,68,9,"auto"
"ESS/IEP/Snapshots/IEP_Activity_Expenditure_20211031.QVD","IEP_Activity_Expenditure_20211031.QVD","-",NA,"AZDB-AUE-PRD-NIAADL01.ESS.IEP Activity Expenditure","Exact","Missing lineage statement",FALSE,FALSE,"retarget-incomplete","ESS","FUSION IEP Activity","lib://Curated data Store:DataFiles/10 Landing Area/ESS/FUSION IEP Activity.qvd",11,68,9,"auto"
"ESS/IEP/Snapshots/IEP_Activity_Expenditure_20211130.QVD","IEP_Activity_Expenditure_20211130.QVD","-",NA,"AZDB-AUE-PRD-NIAADL01.ESS.IEP Activity Expenditure","Exact","Missing lineage statement",FALSE,FALSE,"retarget-incomplete","ESS","FUSION IEP Activity","lib://Curated data Store:DataFiles/10 Landing Area/ESS/FUSION IEP Activity.qvd",11,68,9,"auto"
"ESS/IEP/Snapshots/IEP_Activity_Expenditure_20220131.QVD","IEP_Activity_Expenditure_20220131.QVD","-",NA,"AZDB-AUE-PRD-NIAADL01.ESS.IEP Activity Expenditure","Exact","Missing lineage statement",FALSE,FALSE,"retarget-incomplete","ESS","FUSION IEP Activity","lib://Curated data Store:DataFiles/10 Landing Area/ESS/FUSION IEP Activity.qvd",11,68,9,"auto"
"ESS/IEP/Snapshots/IEP_Activity_Expenditure_20220228.QVD","IEP_Activity_Expenditure_20220228.QVD","-",NA,"AZDB-AUE-PRD-NIAADL01.ESS.IEP Activity Expenditure","Exact","Missing lineage statement",FALSE,FALSE,"retarget-incomplete","ESS","FUSION IEP Activity","lib://Curated data Store:DataFiles/10 Landing Area/ESS/FUSION IEP Activity.qvd",11,68,9,"auto"
"ESS/IEP/Snapshots/IEP_Activity_Expenditure_20220331.QVD","IEP_Activity_Expenditure_20220331.QVD","-",NA,"AZDB-AUE-PRD-NIAADL01.ESS.IEP Activity Expenditure","Exact","Missing lineage statement",FALSE,FALSE,"retarget-incomplete","ESS","FUSION IEP Activity","lib://Curated data Store:DataFiles/10 Landing Area/ESS/FUSION IEP Activity.qvd",11,68,9,"auto"
"ESS/IEP/Snapshots/IEP_Activity_Expenditure_20220430.QVD","IEP_Activity_Expenditure_20220430.QVD","-",NA,"AZDB-AUE-PRD-NIAADL01.ESS.IEP Activity Expenditure","Exact","Missing lineage statement",FALSE,FALSE,"retarget-incomplete","ESS","FUSION IEP Activity","lib://Curated data Store:DataFiles/10 Landing Area/ESS/FUSION IEP Activity.qvd",11,68,9,"auto"
"ESS/IEP/Snapshots/IEP_Activity_Expenditure_20220531.QVD","IEP_Activity_Expenditure_20220531.QVD","-",NA,"AZDB-AUE-PRD-NIAADL01.ESS.IEP Activity Expenditure","Exact","Missing lineage statement",FALSE,FALSE,"retarget-incomplete","ESS","FUSION IEP Activity","lib://Curated data Store:DataFiles/10 Landing Area/ESS/FUSION IEP Activity.qvd",11,68,9,"auto"
"ESS/IEP/Snapshots/IEP_Activity_Expenditure_20220630.QVD","IEP_Activity_Expenditure_20220630.QVD","-",NA,"AZDB-AUE-PRD-NIAADL01.ESS.IEP Activity Expenditure","Exact","Missing lineage statement",FALSE,FALSE,"retarget-incomplete","ESS","FUSION IEP Activity","lib://Curated data Store:DataFiles/10 Landing Area/ESS/FUSION IEP Activity.qvd",11,68,9,"auto"
"ESS/IEP/Snapshots/IEP_Activity_Expenditure_20220731.QVD","IEP_Activity_Expenditure_20220731.QVD","-",NA,"AZDB-AUE-PRD-NIAADL01.ESS.IEP Activity Expenditure","Exact","Missing lineage statement",FALSE,FALSE,"retarget-incomplete","ESS","FUSION IEP Activity","lib://Curated data Store:DataFiles/10 Landing Area/ESS/FUSION IEP Activity.qvd",11,68,9,"auto"
"ESS/IEP/Snapshots/IEP_Activity_Expenditure_20220831.QVD","IEP_Activity_Expenditure_20220831.QVD","-",NA,"AZDB-AUE-PRD-NIAADL01.ESS.IEP Activity Expenditure","Exact","Missing lineage statement",FALSE,FALSE,"retarget-incomplete","ESS","FUSION IEP Activity","lib://Curated data Store:DataFiles/10 Landing Area/ESS/FUSION IEP Activity.qvd",11,68,9,"auto"
"ESS/IEP/Snapshots/IEP_Activity_Expenditure_20220930.QVD","IEP_Activity_Expenditure_20220930.QVD","-",NA,"AZDB-AUE-PRD-NIAADL01.ESS.IEP Activity Expenditure","Exact","Missing lineage statement",FALSE,FALSE,"retarget-incomplete","ESS","FUSION IEP Activity","lib://Curated data Store:DataFiles/10 Landing Area/ESS/FUSION IEP Activity.qvd",11,68,9,"auto"
"ESS/IEP/Snapshots/IEP_Activity_Expenditure_20221031.QVD","IEP_Activity_Expenditure_20221031.QVD","-",NA,"AZDB-AUE-PRD-NIAADL01.ESS.IEP Activity Expenditure","Exact","Missing lineage statement",FALSE,FALSE,"retarget-incomplete","ESS","FUSION IEP Activity","lib://Curated data Store:DataFiles/10 Landing Area/ESS/FUSION IEP Activity.qvd",11,68,9,"auto"
"ESS/IEP/Snapshots/IEP_Activity_Expenditure_20221130.QVD","IEP_Activity_Expenditure_20221130.QVD","-",NA,"AZDB-AUE-PRD-NIAADL01.ESS.IEP Activity Expenditure","Exact","Missing lineage statement",FALSE,FALSE,"retarget-incomplete","ESS","FUSION IEP Activity","lib://Curated data Store:DataFiles/10 Landing Area/ESS/FUSION IEP Activity.qvd",11,68,9,"auto"
"ESS/IEP/Snapshots/IEP_Activity_Expenditure_20221231.QVD","IEP_Activity_Expenditure_20221231.QVD","-",NA,"AZDB-AUE-PRD-NIAADL01.ESS.IEP Activity Expenditure","Exact","Missing lineage statement",FALSE,FALSE,"retarget-incomplete","ESS","FUSION IEP Activity","lib://Curated data Store:DataFiles/10 Landing Area/ESS/FUSION IEP Activity.qvd",11,68,9,"auto"
"ESS/IEP/Snapshots/IEP_Activity_Expenditure_20230131.QVD","IEP_Activity_Expenditure_20230131.QVD","-",NA,"AZDB-AUE-PRD-NIAADL01.ESS.IEP Activity Expenditure","Exact","Missing lineage statement",FALSE,FALSE,"retarget-incomplete","ESS","FUSION IEP Activity","lib://Curated data Store:DataFiles/10 Landing Area/ESS/FUSION IEP Activity.qvd",11,68,9,"auto"
"ESS/IEP/Snapshots/IEP_Activity_Expenditure_20230228.QVD","IEP_Activity_Expenditure_20230228.QVD","-",NA,"AZDB-AUE-PRD-NIAADL01.ESS.IEP Activity Expenditure","Exact","Missing lineage statement",FALSE,FALSE,"retarget-incomplete","ESS","FUSION IEP Activity","lib://Curated data Store:DataFiles/10 Landing Area/ESS/FUSION IEP Activity.qvd",11,68,9,"auto"
"ESS/IEP/Snapshots/IEP_Activity_Expenditure_20230331.QVD","IEP_Activity_Expenditure_20230331.QVD","-",NA,"AZDB-AUE-PRD-NIAADL01.ESS.IEP Activity Expenditure","Exact","Missing lineage statement",FALSE,FALSE,"retarget-incomplete","ESS","FUSION IEP Activity","lib://Curated data Store:DataFiles/10 Landing Area/ESS/FUSION IEP Activity.qvd",11,68,9,"auto"
"ESS/IEP/Snapshots/IEP_Activity_Expenditure_20230430.QVD","IEP_Activity_Expenditure_20230430.QVD","-",NA,"AZDB-AUE-PRD-NIAADL01.ESS.IEP Activity Expenditure","Exact","Missing lineage statement",FALSE,FALSE,"retarget-incomplete","ESS","FUSION IEP Activity","lib://Curated data Store:DataFiles/10 Landing Area/ESS/FUSION IEP Activity.qvd",11,68,9,"auto"
"ESS/IEP/Snapshots/IEP_Activity_Expenditure_20230531.QVD","IEP_Activity_Expenditure_20230531.QVD","-",NA,"AZDB-AUE-PRD-NIAADL01.ESS.IEP Activity Expenditure","Exact","Missing lineage statement",FALSE,FALSE,"retarget-incomplete","ESS","FUSION IEP Activity","lib://Curated data Store:DataFiles/10 Landing Area/ESS/FUSION IEP Activity.qvd",11,68,9,"auto"
"ESS/IEP/Snapshots/IEP_Activity_Expenditure_20230630.QVD","IEP_Activity_Expenditure_20230630.QVD","-",NA,"AZDB-AUE-PRD-NIAADL01.ESS.IEP Activity Expenditure","Exact","Missing lineage statement",FALSE,FALSE,"retarget-incomplete","ESS","FUSION IEP Activity","lib://Curated data Store:DataFiles/10 Landing Area/ESS/FUSION IEP Activity.qvd",11,68,9,"auto"
"ESS/IEP/Snapshots/IEP_Activity_Expenditure_20230731.QVD","IEP_Activity_Expenditure_20230731.QVD","-",NA,"AZDB-AUE-PRD-NIAADL01.ESS.IEP Activity Expenditure","Exact","Missing lineage statement",FALSE,FALSE,"retarget-incomplete","ESS","FUSION IEP Activity","lib://Curated data Store:DataFiles/10 Landing Area/ESS/FUSION IEP Activity.qvd",11,68,9,"auto"
"ESS/IEP/Snapshots/IEP_Activity_Expenditure_20230831.QVD","IEP_Activity_Expenditure_20230831.QVD","-",NA,"AZDB-AUE-PRD-NIAADL01.ESS.IEP Activity Expenditure","Exact","Missing lineage statement",FALSE,FALSE,"retarget-incomplete","ESS","FUSION IEP Activity","lib://Curated data Store:DataFiles/10 Landing Area/ESS/FUSION IEP Activity.qvd",11,68,9,"auto"
"ESS/IEP/Snapshots/IEP_Activity_Expenditure_20230930.QVD","IEP_Activity_Expenditure_20230930.QVD","-",NA,"AZDB-AUE-PRD-NIAADL01.ESS.IEP Activity Expenditure","Exact","Missing lineage statement",FALSE,FALSE,"retarget-incomplete","ESS","FUSION IEP Activity","lib://Curated data Store:DataFiles/10 Landing Area/ESS/FUSION IEP Activity.qvd",11,68,9,"auto"
"ESS/IEP/Snapshots/IEP_Activity_Expenditure_20231031.QVD","IEP_Activity_Expenditure_20231031.QVD","-",NA,"AZDB-AUE-PRD-NIAADL01.ESS.IEP Activity Expenditure","Exact","Missing lineage statement",FALSE,FALSE,"retarget-incomplete","ESS","FUSION IEP Activity","lib://Curated data Store:DataFiles/10 Landing Area/ESS/FUSION IEP Activity.qvd",11,68,9,"auto"
"ESS/IEP/Snapshots/IEP_Activity_Expenditure_20231130.QVD","IEP_Activity_Expenditure_20231130.QVD","-",NA,"AZDB-AUE-PRD-NIAADL01.ESS.IEP Activity Expenditure","Exact","Missing lineage statement",FALSE,FALSE,"retarget-incomplete","ESS","FUSION IEP Activity","lib://Curated data Store:DataFiles/10 Landing Area/ESS/FUSION IEP Activity.qvd",11,68,9,"auto"
"ESS/IEP/Snapshots/IEP_Activity_Expenditure_20231231.QVD","IEP_Activity_Expenditure_20231231.QVD","-",NA,"AZDB-AUE-PRD-NIAADL01.ESS.IEP Activity Expenditure","Exact","Missing lineage statement",FALSE,FALSE,"retarget-incomplete","ESS","FUSION IEP Activity","lib://Curated data Store:DataFiles/10 Landing Area/ESS/FUSION IEP Activity.qvd",11,68,9,"auto"
"ESS/IEP/Snapshots/IEP_Activity_Expenditure_20240131.QVD","IEP_Activity_Expenditure_20240131.QVD","-",NA,"AZDB-AUE-PRD-NIAADL01.ESS.IEP Activity Expenditure","Exact","Missing lineage statement",FALSE,FALSE,"retarget-incomplete","ESS","FUSION IEP Activity","lib://Curated data Store:DataFiles/10 Landing Area/ESS/FUSION IEP Activity.qvd",11,68,9,"auto"
"ESS/IEP/Snapshots/IEP_Activity_Expenditure_20240229.QVD","IEP_Activity_Expenditure_20240229.QVD","-",NA,"AZDB-AUE-PRD-NIAADL01.ESS.IEP Activity Expenditure","Exact","Missing lineage statement",FALSE,FALSE,"retarget-incomplete","ESS","FUSION IEP Activity","lib://Curated data Store:DataFiles/10 Landing Area/ESS/FUSION IEP Activity.qvd",11,68,9,"auto"
"ESS/IEP/BK/0.Sun/IEP_Activity_Expenditure.QVD","IEP_Activity_Expenditure.QVD","-",NA,"AZDB-AUE-PRD-NIAADL01.ESS.IEP Activity Expenditure","Exact","Missing lineage statement",FALSE,FALSE,"retarget-incomplete","ESS","FUSION IEP Activity","lib://Curated data Store:DataFiles/10 Landing Area/ESS/FUSION IEP Activity.qvd",11,68,9,"auto"
"ESS/IEP/BK/1.Mon/IEP_Activity_Expenditure.QVD","IEP_Activity_Expenditure.QVD","-",NA,"AZDB-AUE-PRD-NIAADL01.ESS.IEP Activity Expenditure","Exact","Missing lineage statement",FALSE,FALSE,"retarget-incomplete","ESS","FUSION IEP Activity","lib://Curated data Store:DataFiles/10 Landing Area/ESS/FUSION IEP Activity.qvd",11,68,9,"auto"
"ESS/IEP/BK/2.Tue/IEP_Activity_Expenditure.QVD","IEP_Activity_Expenditure.QVD","-",NA,"AZDB-AUE-PRD-NIAADL01.ESS.IEP Activity Expenditure","Exact","Missing lineage statement",FALSE,FALSE,"retarget-incomplete","ESS","FUSION IEP Activity","lib://Curated data Store:DataFiles/10 Landing Area/ESS/FUSION IEP Activity.qvd",11,68,9,"auto"
"ESS/IEP/BK/3.Wed/IEP_Activity_Expenditure.QVD","IEP_Activity_Expenditure.QVD","-",NA,"AZDB-AUE-PRD-NIAADL01.ESS.IEP Activity Expenditure","Exact","Missing lineage statement",FALSE,FALSE,"retarget-incomplete","ESS","FUSION IEP Activity","lib://Curated data Store:DataFiles/10 Landing Area/ESS/FUSION IEP Activity.qvd",11,68,9,"auto"
"ESS/IEP/BK/4.Thu/IEP_Activity_Expenditure.QVD","IEP_Activity_Expenditure.QVD","-",NA,"AZDB-AUE-PRD-NIAADL01.ESS.IEP Activity Expenditure","Exact","Missing lineage statement",FALSE,FALSE,"retarget-incomplete","ESS","FUSION IEP Activity","lib://Curated data Store:DataFiles/10 Landing Area/ESS/FUSION IEP Activity.qvd",11,68,9,"auto"
"ESS/IEP/BK/5.Fri/IEP_Activity_Expenditure.QVD","IEP_Activity_Expenditure.QVD","-",NA,"AZDB-AUE-PRD-NIAADL01.ESS.IEP Activity Expenditure","Exact","Missing lineage statement",FALSE,FALSE,"retarget-incomplete","ESS","FUSION IEP Activity","lib://Curated data Store:DataFiles/10 Landing Area/ESS/FUSION IEP Activity.qvd",11,68,9,"auto"
"ESS/IEP/BK/6.Sat/IEP_Activity_Expenditure.QVD","IEP_Activity_Expenditure.QVD","-",NA,"AZDB-AUE-PRD-NIAADL01.ESS.IEP Activity Expenditure","Exact","Missing lineage statement",FALSE,FALSE,"retarget-incomplete","ESS","FUSION IEP Activity","lib://Curated data Store:DataFiles/10 Landing Area/ESS/FUSION IEP Activity.qvd",11,68,9,"auto"
"ESS/IEP/BK/0.Sun/IEP_Activity.QVD","IEP_Activity.QVD","-",NA,"AZDB-AUE-PRD-NIAADL01.ESS.IEP Activity","Likely subset","Missing lineage statement",FALSE,FALSE,"needs-creating","","","",39,0,0,"auto"
"ESS/IEP/BK/1.Mon/IEP_Activity.QVD","IEP_Activity.QVD","-",NA,"AZDB-AUE-PRD-NIAADL01.ESS.IEP Activity","Likely subset","Missing lineage statement",FALSE,FALSE,"needs-creating","","","",39,0,0,"auto"
"ESS/IEP/BK/2.Tue/IEP_Activity.QVD","IEP_Activity.QVD","-",NA,"AZDB-AUE-PRD-NIAADL01.ESS.IEP Activity","Likely subset","Missing lineage statement",FALSE,FALSE,"needs-creating","","","",39,0,0,"auto"
"ESS/IEP/BK/3.Wed/IEP_Activity.QVD","IEP_Activity.QVD","-",NA,"AZDB-AUE-PRD-NIAADL01.ESS.IEP Activity","Likely subset","Missing lineage statement",FALSE,FALSE,"needs-creating","","","",39,0,0,"auto"
"ESS/IEP/BK/4.Thu/IEP_Activity.QVD","IEP_Activity.QVD","-",NA,"AZDB-AUE-PRD-NIAADL01.ESS.IEP Activity","Likely subset","Missing lineage statement",FALSE,FALSE,"needs-creating","","","",39,0,0,"auto"
"ESS/IEP/BK/5.Fri/IEP_Activity.QVD","IEP_Activity.QVD","-",NA,"AZDB-AUE-PRD-NIAADL01.ESS.IEP Activity","Likely subset","Missing lineage statement",FALSE,FALSE,"needs-creating","","","",39,0,0,"auto"
"ESS/IEP/BK/6.Sat/IEP_Activity.QVD","IEP_Activity.QVD","-",NA,"AZDB-AUE-PRD-NIAADL01.ESS.IEP Activity","Likely subset","Missing lineage statement",FALSE,FALSE,"needs-creating","","","",39,0,0,"auto"
"ESS/IEP/Snapshots/IEP_Claim_Payments_20200930.QVD","IEP_Claim_Payments_20200930.QVD","-",NA,"AZDB-AUE-PRD-NIAADL01.ESS.IEP Claim Payments","Partial match","Missing lineage statement",FALSE,FALSE,"needs-creating","","","",20,0,0,"auto"
"ESS/IEP/Snapshots/IEP_Claim_Payments_20201031.QVD","IEP_Claim_Payments_20201031.QVD","-",NA,"AZDB-AUE-PRD-NIAADL01.ESS.IEP Claim Payments","Partial match","Missing lineage statement",FALSE,FALSE,"needs-creating","","","",20,0,0,"auto"
"ESS/IEP/Snapshots/IEP_Claim_Payments_20201130.QVD","IEP_Claim_Payments_20201130.QVD","-",NA,"AZDB-AUE-PRD-NIAADL01.ESS.IEP Claim Payments","Partial match","Missing lineage statement",FALSE,FALSE,"needs-creating","","","",20,0,0,"auto"
"ESS/IEP/Snapshots/IEP_Claim_Payments_20201231.QVD","IEP_Claim_Payments_20201231.QVD","-",NA,"AZDB-AUE-PRD-NIAADL01.ESS.IEP Claim Payments","Partial match","Missing lineage statement",FALSE,FALSE,"needs-creating","","","",20,0,0,"auto"
"ESS/IEP/Snapshots/IEP_Claim_Payments_20210131.QVD","IEP_Claim_Payments_20210131.QVD","-",NA,"AZDB-AUE-PRD-NIAADL01.ESS.IEP Claim Payments","Partial match","Missing lineage statement",FALSE,FALSE,"needs-creating","","","",20,0,0,"auto"
"ESS/IEP/Snapshots/IEP_Claim_Payments_20210228.QVD","IEP_Claim_Payments_20210228.QVD","-",NA,"AZDB-AUE-PRD-NIAADL01.ESS.IEP Claim Payments","Partial match","Missing lineage statement",FALSE,FALSE,"needs-creating","","","",20,0,0,"auto"
"ESS/IEP/Snapshots/IEP_Claim_Payments_20210331.QVD","IEP_Claim_Payments_20210331.QVD","-",NA,"AZDB-AUE-PRD-NIAADL01.ESS.IEP Claim Payments","Partial match","Missing lineage statement",FALSE,FALSE,"needs-creating","","","",20,0,0,"auto"
"ESS/IEP/Snapshots/IEP_Claim_Payments_20210430.QVD","IEP_Claim_Payments_20210430.QVD","-",NA,"AZDB-AUE-PRD-NIAADL01.ESS.IEP Claim Payments","Partial match","Missing lineage statement",FALSE,FALSE,"needs-creating","","","",20,0,0,"auto"
"ESS/IEP/Snapshots/IEP_Claim_Payments_20210531.QVD","IEP_Claim_Payments_20210531.QVD","-",NA,"AZDB-AUE-PRD-NIAADL01.ESS.IEP Claim Payments","Partial match","Missing lineage statement",FALSE,FALSE,"needs-creating","","","",20,0,0,"auto"
"ESS/IEP/Snapshots/IEP_Claim_Payments_20210630.QVD","IEP_Claim_Payments_20210630.QVD","-",NA,"AZDB-AUE-PRD-NIAADL01.ESS.IEP Claim Payments","Partial match","Missing lineage statement",FALSE,FALSE,"needs-creating","","","",20,0,0,"auto"
"ESS/IEP/Snapshots/IEP_Claim_Payments_20210731.QVD","IEP_Claim_Payments_20210731.QVD","-",NA,"AZDB-AUE-PRD-NIAADL01.ESS.IEP Claim Payments","Partial match","Missing lineage statement",FALSE,FALSE,"needs-creating","","","",20,0,0,"auto"
"ESS/IEP/Snapshots/IEP_Claim_Payments_20210831.QVD","IEP_Claim_Payments_20210831.QVD","-",NA,"AZDB-AUE-PRD-NIAADL01.ESS.IEP Claim Payments","Partial match","Missing lineage statement",FALSE,FALSE,"needs-creating","","","",20,0,0,"auto"
"ESS/IEP/Snapshots/IEP_Claim_Payments_20210930.QVD","IEP_Claim_Payments_20210930.QVD","-",NA,"AZDB-AUE-PRD-NIAADL01.ESS.IEP Claim Payments","Partial match","Missing lineage statement",FALSE,FALSE,"needs-creating","","","",20,0,0,"auto"
"ESS/IEP/Snapshots/IEP_Claim_Payments_20211031.QVD","IEP_Claim_Payments_20211031.QVD","-",NA,"AZDB-AUE-PRD-NIAADL01.ESS.IEP Claim Payments","Partial match","Missing lineage statement",FALSE,FALSE,"needs-creating","","","",20,0,0,"auto"
"ESS/IEP/Snapshots/IEP_Claim_Payments_20211130.QVD","IEP_Claim_Payments_20211130.QVD","-",NA,"AZDB-AUE-PRD-NIAADL01.ESS.IEP Claim Payments","Partial match","Missing lineage statement",FALSE,FALSE,"needs-creating","","","",20,0,0,"auto"
"ESS/IEP/Snapshots/IEP_Claim_Payments_20220131.QVD","IEP_Claim_Payments_20220131.QVD","-",NA,"AZDB-AUE-PRD-NIAADL01.ESS.IEP Claim Payments","Partial match","Missing lineage statement",FALSE,FALSE,"needs-creating","","","",20,0,0,"auto"
"ESS/IEP/Snapshots/IEP_Claim_Payments_20220228.QVD","IEP_Claim_Payments_20220228.QVD","-",NA,"AZDB-AUE-PRD-NIAADL01.ESS.IEP Claim Payments","Partial match","Missing lineage statement",FALSE,FALSE,"needs-creating","","","",20,0,0,"auto"
"ESS/IEP/Snapshots/IEP_Claim_Payments_20220331.QVD","IEP_Claim_Payments_20220331.QVD","-",NA,"AZDB-AUE-PRD-NIAADL01.ESS.IEP Claim Payments","Partial match","Missing lineage statement",FALSE,FALSE,"needs-creating","","","",20,0,0,"auto"
"ESS/IEP/Snapshots/IEP_Claim_Payments_20220430.QVD","IEP_Claim_Payments_20220430.QVD","-",NA,"AZDB-AUE-PRD-NIAADL01.ESS.IEP Claim Payments","Partial match","Missing lineage statement",FALSE,FALSE,"needs-creating","","","",20,0,0,"auto"
"ESS/IEP/Snapshots/IEP_Claim_Payments_20220531.QVD","IEP_Claim_Payments_20220531.QVD","-",NA,"AZDB-AUE-PRD-NIAADL01.ESS.IEP Claim Payments","Partial match","Missing lineage statement",FALSE,FALSE,"needs-creating","","","",20,0,0,"auto"
"ESS/IEP/Snapshots/IEP_Claim_Payments_20220630.QVD","IEP_Claim_Payments_20220630.QVD","-",NA,"AZDB-AUE-PRD-NIAADL01.ESS.IEP Claim Payments","Partial match","Missing lineage statement",FALSE,FALSE,"needs-creating","","","",20,0,0,"auto"
"ESS/IEP/Snapshots/IEP_Claim_Payments_20220731.QVD","IEP_Claim_Payments_20220731.QVD","-",NA,"AZDB-AUE-PRD-NIAADL01.ESS.IEP Claim Payments","Partial match","Missing lineage statement",FALSE,FALSE,"needs-creating","","","",20,0,0,"auto"
"ESS/IEP/Snapshots/IEP_Claim_Payments_20220831.QVD","IEP_Claim_Payments_20220831.QVD","-",NA,"AZDB-AUE-PRD-NIAADL01.ESS.IEP Claim Payments","Partial match","Missing lineage statement",FALSE,FALSE,"needs-creating","","","",20,0,0,"auto"
"ESS/IEP/Snapshots/IEP_Claim_Payments_20220930.QVD","IEP_Claim_Payments_20220930.QVD","-",NA,"AZDB-AUE-PRD-NIAADL01.ESS.IEP Claim Payments","Partial match","Missing lineage statement",FALSE,FALSE,"needs-creating","","","",20,0,0,"auto"
"ESS/IEP/Snapshots/IEP_Claim_Payments_20221031.QVD","IEP_Claim_Payments_20221031.QVD","-",NA,"AZDB-AUE-PRD-NIAADL01.ESS.IEP Claim Payments","Partial match","Missing lineage statement",FALSE,FALSE,"needs-creating","","","",20,0,0,"auto"
"ESS/IEP/Snapshots/IEP_Claim_Payments_20221130.QVD","IEP_Claim_Payments_20221130.QVD","-",NA,"AZDB-AUE-PRD-NIAADL01.ESS.IEP Claim Payments","Partial match","Missing lineage statement",FALSE,FALSE,"needs-creating","","","",20,0,0,"auto"
"ESS/IEP/Snapshots/IEP_Claim_Payments_20221231.QVD","IEP_Claim_Payments_20221231.QVD","-",NA,"AZDB-AUE-PRD-NIAADL01.ESS.IEP Claim Payments","Partial match","Missing lineage statement",FALSE,FALSE,"needs-creating","","","",20,0,0,"auto"
"ESS/IEP/Snapshots/IEP_Claim_Payments_20230131.QVD","IEP_Claim_Payments_20230131.QVD","-",NA,"AZDB-AUE-PRD-NIAADL01.ESS.IEP Claim Payments","Partial match","Missing lineage statement",FALSE,FALSE,"needs-creating","","","",20,0,0,"auto"
"ESS/IEP/Snapshots/IEP_Claim_Payments_20230228.QVD","IEP_Claim_Payments_20230228.QVD","-",NA,"AZDB-AUE-PRD-NIAADL01.ESS.IEP Claim Payments","Partial match","Missing lineage statement",FALSE,FALSE,"needs-creating","","","",20,0,0,"auto"
"ESS/IEP/Snapshots/IEP_Claim_Payments_20230331.QVD","IEP_Claim_Payments_20230331.QVD","-",NA,"AZDB-AUE-PRD-NIAADL01.ESS.IEP Claim Payments","Partial match","Missing lineage statement",FALSE,FALSE,"needs-creating","","","",20,0,0,"auto"
"ESS/IEP/Snapshots/IEP_Claim_Payments_20230430.QVD","IEP_Claim_Payments_20230430.QVD","-",NA,"AZDB-AUE-PRD-NIAADL01.ESS.IEP Claim Payments","Partial match","Missing lineage statement",FALSE,FALSE,"needs-creating","","","",20,0,0,"auto"
"ESS/IEP/Snapshots/IEP_Claim_Payments_20230531.QVD","IEP_Claim_Payments_20230531.QVD","-",NA,"AZDB-AUE-PRD-NIAADL01.ESS.IEP Claim Payments","Partial match","Missing lineage statement",FALSE,FALSE,"needs-creating","","","",20,0,0,"auto"
"ESS/IEP/Snapshots/IEP_Claim_Payments_20230630.QVD","IEP_Claim_Payments_20230630.QVD","-",NA,"AZDB-AUE-PRD-NIAADL01.ESS.IEP Claim Payments","Partial match","Missing lineage statement",FALSE,FALSE,"needs-creating","","","",20,0,0,"auto"
"ESS/IEP/Snapshots/IEP_Claim_Payments_20230731.QVD","IEP_Claim_Payments_20230731.QVD","-",NA,"AZDB-AUE-PRD-NIAADL01.ESS.IEP Claim Payments","Partial match","Missing lineage statement",FALSE,FALSE,"needs-creating","","","",20,0,0,"auto"
"ESS/IEP/Snapshots/IEP_Claim_Payments_20230831.QVD","IEP_Claim_Payments_20230831.QVD","-",NA,"AZDB-AUE-PRD-NIAADL01.ESS.IEP Claim Payments","Partial match","Missing lineage statement",FALSE,FALSE,"needs-creating","","","",20,0,0,"auto"
"ESS/IEP/Snapshots/IEP_Claim_Payments_20230930.QVD","IEP_Claim_Payments_20230930.QVD","-",NA,"AZDB-AUE-PRD-NIAADL01.ESS.IEP Claim Payments","Partial match","Missing lineage statement",FALSE,FALSE,"needs-creating","","","",20,0,0,"auto"
"ESS/IEP/Snapshots/IEP_Claim_Payments_20231031.QVD","IEP_Claim_Payments_20231031.QVD","-",NA,"AZDB-AUE-PRD-NIAADL01.ESS.IEP Claim Payments","Partial match","Missing lineage statement",FALSE,FALSE,"needs-creating","","","",20,0,0,"auto"
"ESS/IEP/Snapshots/IEP_Claim_Payments_20231130.QVD","IEP_Claim_Payments_20231130.QVD","-",NA,"AZDB-AUE-PRD-NIAADL01.ESS.IEP Claim Payments","Partial match","Missing lineage statement",FALSE,FALSE,"needs-creating","","","",20,0,0,"auto"
"ESS/IEP/Snapshots/IEP_Claim_Payments_20231231.QVD","IEP_Claim_Payments_20231231.QVD","-",NA,"AZDB-AUE-PRD-NIAADL01.ESS.IEP Claim Payments","Partial match","Missing lineage statement",FALSE,FALSE,"needs-creating","","","",20,0,0,"auto"
"ESS/IEP/Snapshots/IEP_Claim_Payments_20240131.QVD","IEP_Claim_Payments_20240131.QVD","-",NA,"AZDB-AUE-PRD-NIAADL01.ESS.IEP Claim Payments","Partial match","Missing lineage statement",FALSE,FALSE,"needs-creating","","","",20,0,0,"auto"
"ESS/IEP/Snapshots/IEP_Claim_Payments_20240229.QVD","IEP_Claim_Payments_20240229.QVD","-",NA,"AZDB-AUE-PRD-NIAADL01.ESS.IEP Claim Payments","Partial match","Missing lineage statement",FALSE,FALSE,"needs-creating","","","",20,0,0,"auto"
"ESS/IEP/BK/0.Sun/IEP_Claim_Payments.QVD","IEP_Claim_Payments.QVD","-",NA,"AZDB-AUE-PRD-NIAADL01.ESS.IEP Claim Payments","Partial match","Missing lineage statement",FALSE,FALSE,"needs-creating","","","",20,0,0,"auto"
"ESS/IEP/BK/1.Mon/IEP_Claim_Payments.QVD","IEP_Claim_Payments.QVD","-",NA,"AZDB-AUE-PRD-NIAADL01.ESS.IEP Claim Payments","Partial match","Missing lineage statement",FALSE,FALSE,"needs-creating","","","",20,0,0,"auto"
"ESS/IEP/BK/2.Tue/IEP_Claim_Payments.QVD","IEP_Claim_Payments.QVD","-",NA,"AZDB-AUE-PRD-NIAADL01.ESS.IEP Claim Payments","Partial match","Missing lineage statement",FALSE,FALSE,"needs-creating","","","",20,0,0,"auto"
"ESS/IEP/BK/3.Wed/IEP_Claim_Payments.QVD","IEP_Claim_Payments.QVD","-",NA,"AZDB-AUE-PRD-NIAADL01.ESS.IEP Claim Payments","Partial match","Missing lineage statement",FALSE,FALSE,"needs-creating","","","",20,0,0,"auto"
"ESS/IEP/BK/4.Thu/IEP_Claim_Payments.QVD","IEP_Claim_Payments.QVD","-",NA,"AZDB-AUE-PRD-NIAADL01.ESS.IEP Claim Payments","Partial match","Missing lineage statement",FALSE,FALSE,"needs-creating","","","",20,0,0,"auto"
"ESS/IEP/BK/5.Fri/IEP_Claim_Payments.QVD","IEP_Claim_Payments.QVD","-",NA,"AZDB-AUE-PRD-NIAADL01.ESS.IEP Claim Payments","Partial match","Missing lineage statement",FALSE,FALSE,"needs-creating","","","",20,0,0,"auto"
"ESS/IEP/BK/6.Sat/IEP_Claim_Payments.QVD","IEP_Claim_Payments.QVD","-",NA,"AZDB-AUE-PRD-NIAADL01.ESS.IEP Claim Payments","Partial match","Missing lineage statement",FALSE,FALSE,"needs-creating","","","",20,0,0,"auto"
"ESS/IEP/Snapshots/IEP_Job_Seeker_20200930.QVD","IEP_Job_Seeker_20200930.QVD","-",NA,"AZDB-AUE-PRD-NIAADL01.ESS.IEP Job Seeker","Exact","Missing lineage statement",FALSE,FALSE,"needs-creating","","","",15,0,0,"auto"
"ESS/IEP/Snapshots/IEP_Job_Seeker_20201031.QVD","IEP_Job_Seeker_20201031.QVD","-",NA,"AZDB-AUE-PRD-NIAADL01.ESS.IEP Job Seeker","Exact","Missing lineage statement",FALSE,FALSE,"needs-creating","","","",15,0,0,"auto"
"ESS/IEP/Snapshots/IEP_Job_Seeker_20201130.QVD","IEP_Job_Seeker_20201130.QVD","-",NA,"AZDB-AUE-PRD-NIAADL01.ESS.IEP Job Seeker","Exact","Missing lineage statement",FALSE,FALSE,"needs-creating","","","",15,0,0,"auto"
"ESS/IEP/Snapshots/IEP_Job_Seeker_20201231.QVD","IEP_Job_Seeker_20201231.QVD","-",NA,"AZDB-AUE-PRD-NIAADL01.ESS.IEP Job Seeker","Exact","Missing lineage statement",FALSE,FALSE,"needs-creating","","","",15,0,0,"auto"
"ESS/IEP/Snapshots/IEP_Job_Seeker_20210131.QVD","IEP_Job_Seeker_20210131.QVD","-",NA,"AZDB-AUE-PRD-NIAADL01.ESS.IEP Job Seeker","Exact","Missing lineage statement",FALSE,FALSE,"needs-creating","","","",15,0,0,"auto"
"ESS/IEP/Snapshots/IEP_Job_Seeker_20210228.QVD","IEP_Job_Seeker_20210228.QVD","-",NA,"AZDB-AUE-PRD-NIAADL01.ESS.IEP Job Seeker","Exact","Missing lineage statement",FALSE,FALSE,"needs-creating","","","",15,0,0,"auto"
"ESS/IEP/Snapshots/IEP_Job_Seeker_20210331.QVD","IEP_Job_Seeker_20210331.QVD","-",NA,"AZDB-AUE-PRD-NIAADL01.ESS.IEP Job Seeker","Exact","Missing lineage statement",FALSE,FALSE,"needs-creating","","","",15,0,0,"auto"
"ESS/IEP/Snapshots/IEP_Job_Seeker_20210430.QVD","IEP_Job_Seeker_20210430.QVD","-",NA,"AZDB-AUE-PRD-NIAADL01.ESS.IEP Job Seeker","Exact","Missing lineage statement",FALSE,FALSE,"needs-creating","","","",15,0,0,"auto"
"ESS/IEP/Snapshots/IEP_Job_Seeker_20210531.QVD","IEP_Job_Seeker_20210531.QVD","-",NA,"AZDB-AUE-PRD-NIAADL01.ESS.IEP Job Seeker","Exact","Missing lineage statement",FALSE,FALSE,"needs-creating","","","",15,0,0,"auto"
"ESS/IEP/Snapshots/IEP_Job_Seeker_20210630.QVD","IEP_Job_Seeker_20210630.QVD","-",NA,"AZDB-AUE-PRD-NIAADL01.ESS.IEP Job Seeker","Exact","Missing lineage statement",FALSE,FALSE,"needs-creating","","","",15,0,0,"auto"
"ESS/IEP/Snapshots/IEP_Job_Seeker_20210731.QVD","IEP_Job_Seeker_20210731.QVD","-",NA,"AZDB-AUE-PRD-NIAADL01.ESS.IEP Job Seeker","Exact","Missing lineage statement",FALSE,FALSE,"needs-creating","","","",15,0,0,"auto"
"ESS/IEP/Snapshots/IEP_Job_Seeker_20210831.QVD","IEP_Job_Seeker_20210831.QVD","-",NA,"AZDB-AUE-PRD-NIAADL01.ESS.IEP Job Seeker","Exact","Missing lineage statement",FALSE,FALSE,"needs-creating","","","",15,0,0,"auto"
"ESS/IEP/Snapshots/IEP_Job_Seeker_20210930.QVD","IEP_Job_Seeker_20210930.QVD","-",NA,"AZDB-AUE-PRD-NIAADL01.ESS.IEP Job Seeker","Exact","Missing lineage statement",FALSE,FALSE,"needs-creating","","","",15,0,0,"auto"
"ESS/IEP/Snapshots/IEP_Job_Seeker_20211031.QVD","IEP_Job_Seeker_20211031.QVD","-",NA,"AZDB-AUE-PRD-NIAADL01.ESS.IEP Job Seeker","Exact","Missing lineage statement",FALSE,FALSE,"needs-creating","","","",15,0,0,"auto"
"ESS/IEP/Snapshots/IEP_Job_Seeker_20211130.QVD","IEP_Job_Seeker_20211130.QVD","-",NA,"AZDB-AUE-PRD-NIAADL01.ESS.IEP Job Seeker","Exact","Missing lineage statement",FALSE,FALSE,"needs-creating","","","",15,0,0,"auto"
"ESS/IEP/Snapshots/IEP_Job_Seeker_20220131.QVD","IEP_Job_Seeker_20220131.QVD","-",NA,"AZDB-AUE-PRD-NIAADL01.ESS.IEP Job Seeker","Exact","Missing lineage statement",FALSE,FALSE,"needs-creating","","","",15,0,0,"auto"
"ESS/IEP/Snapshots/IEP_Job_Seeker_20220228.QVD","IEP_Job_Seeker_20220228.QVD","-",NA,"AZDB-AUE-PRD-NIAADL01.ESS.IEP Job Seeker","Exact","Missing lineage statement",FALSE,FALSE,"needs-creating","","","",15,0,0,"auto"
"ESS/IEP/Snapshots/IEP_Job_Seeker_20220331.QVD","IEP_Job_Seeker_20220331.QVD","-",NA,"AZDB-AUE-PRD-NIAADL01.ESS.IEP Job Seeker","Exact","Missing lineage statement",FALSE,FALSE,"needs-creating","","","",15,0,0,"auto"
"ESS/IEP/Snapshots/IEP_Job_Seeker_20220430.QVD","IEP_Job_Seeker_20220430.QVD","-",NA,"AZDB-AUE-PRD-NIAADL01.ESS.IEP Job Seeker","Exact","Missing lineage statement",FALSE,FALSE,"needs-creating","","","",15,0,0,"auto"
"ESS/IEP/Snapshots/IEP_Job_Seeker_20220531.QVD","IEP_Job_Seeker_20220531.QVD","-",NA,"AZDB-AUE-PRD-NIAADL01.ESS.IEP Job Seeker","Exact","Missing lineage statement",FALSE,FALSE,"needs-creating","","","",15,0,0,"auto"
"ESS/IEP/Snapshots/IEP_Job_Seeker_20220630.QVD","IEP_Job_Seeker_20220630.QVD","-",NA,"AZDB-AUE-PRD-NIAADL01.ESS.IEP Job Seeker","Exact","Missing lineage statement",FALSE,FALSE,"needs-creating","","","",15,0,0,"auto"
"ESS/IEP/Snapshots/IEP_Job_Seeker_20220731.QVD","IEP_Job_Seeker_20220731.QVD","-",NA,"AZDB-AUE-PRD-NIAADL01.ESS.IEP Job Seeker","Exact","Missing lineage statement",FALSE,FALSE,"needs-creating","","","",15,0,0,"auto"
"ESS/IEP/Snapshots/IEP_Job_Seeker_20220831.QVD","IEP_Job_Seeker_20220831.QVD","-",NA,"AZDB-AUE-PRD-NIAADL01.ESS.IEP Job Seeker","Exact","Missing lineage statement",FALSE,FALSE,"needs-creating","","","",15,0,0,"auto"
"ESS/IEP/Snapshots/IEP_Job_Seeker_20220930.QVD","IEP_Job_Seeker_20220930.QVD","-",NA,"AZDB-AUE-PRD-NIAADL01.ESS.IEP Job Seeker","Exact","Missing lineage statement",FALSE,FALSE,"needs-creating","","","",15,0,0,"auto"
"ESS/IEP/Snapshots/IEP_Job_Seeker_20221031.QVD","IEP_Job_Seeker_20221031.QVD","-",NA,"AZDB-AUE-PRD-NIAADL01.ESS.IEP Job Seeker","Exact","Missing lineage statement",FALSE,FALSE,"needs-creating","","","",15,0,0,"auto"
"ESS/IEP/Snapshots/IEP_Job_Seeker_20221130.QVD","IEP_Job_Seeker_20221130.QVD","-",NA,"AZDB-AUE-PRD-NIAADL01.ESS.IEP Job Seeker","Exact","Missing lineage statement",FALSE,FALSE,"needs-creating","","","",15,0,0,"auto"
"ESS/IEP/Snapshots/IEP_Job_Seeker_20221231.QVD","IEP_Job_Seeker_20221231.QVD","-",NA,"AZDB-AUE-PRD-NIAADL01.ESS.IEP Job Seeker","Exact","Missing lineage statement",FALSE,FALSE,"needs-creating","","","",15,0,0,"auto"
"ESS/IEP/Snapshots/IEP_Job_Seeker_20230131.QVD","IEP_Job_Seeker_20230131.QVD","-",NA,"AZDB-AUE-PRD-NIAADL01.ESS.IEP Job Seeker","Exact","Missing lineage statement",FALSE,FALSE,"needs-creating","","","",15,0,0,"auto"
"ESS/IEP/Snapshots/IEP_Job_Seeker_20230228.QVD","IEP_Job_Seeker_20230228.QVD","-",NA,"AZDB-AUE-PRD-NIAADL01.ESS.IEP Job Seeker","Exact","Missing lineage statement",FALSE,FALSE,"needs-creating","","","",15,0,0,"auto"
"ESS/IEP/Snapshots/IEP_Job_Seeker_20230331.QVD","IEP_Job_Seeker_20230331.QVD","-",NA,"AZDB-AUE-PRD-NIAADL01.ESS.IEP Job Seeker","Exact","Missing lineage statement",FALSE,FALSE,"needs-creating","","","",15,0,0,"auto"
"ESS/IEP/Snapshots/IEP_Job_Seeker_20230430.QVD","IEP_Job_Seeker_20230430.QVD","-",NA,"AZDB-AUE-PRD-NIAADL01.ESS.IEP Job Seeker","Exact","Missing lineage statement",FALSE,FALSE,"needs-creating","","","",15,0,0,"auto"
"ESS/IEP/Snapshots/IEP_Job_Seeker_20230531.QVD","IEP_Job_Seeker_20230531.QVD","-",NA,"AZDB-AUE-PRD-NIAADL01.ESS.IEP Job Seeker","Exact","Missing lineage statement",FALSE,FALSE,"needs-creating","","","",15,0,0,"auto"
"ESS/IEP/Snapshots/IEP_Job_Seeker_20230630.QVD","IEP_Job_Seeker_20230630.QVD","-",NA,"AZDB-AUE-PRD-NIAADL01.ESS.IEP Job Seeker","Exact","Missing lineage statement",FALSE,FALSE,"needs-creating","","","",15,0,0,"auto"
"ESS/IEP/Snapshots/IEP_Job_Seeker_20230731.QVD","IEP_Job_Seeker_20230731.QVD","-",NA,"AZDB-AUE-PRD-NIAADL01.ESS.IEP Job Seeker","Exact","Missing lineage statement",FALSE,FALSE,"needs-creating","","","",15,0,0,"auto"
"ESS/IEP/Snapshots/IEP_Job_Seeker_20230831.QVD","IEP_Job_Seeker_20230831.QVD","-",NA,"AZDB-AUE-PRD-NIAADL01.ESS.IEP Job Seeker","Exact","Missing lineage statement",FALSE,FALSE,"needs-creating","","","",15,0,0,"auto"
"ESS/IEP/Snapshots/IEP_Job_Seeker_20230930.QVD","IEP_Job_Seeker_20230930.QVD","-",NA,"AZDB-AUE-PRD-NIAADL01.ESS.IEP Job Seeker","Exact","Missing lineage statement",FALSE,FALSE,"needs-creating","","","",15,0,0,"auto"
"ESS/IEP/Snapshots/IEP_Job_Seeker_20231031.QVD","IEP_Job_Seeker_20231031.QVD","-",NA,"AZDB-AUE-PRD-NIAADL01.ESS.IEP Job Seeker","Exact","Missing lineage statement",FALSE,FALSE,"needs-creating","","","",15,0,0,"auto"
"ESS/IEP/Snapshots/IEP_Job_Seeker_20231130.QVD","IEP_Job_Seeker_20231130.QVD","-",NA,"AZDB-AUE-PRD-NIAADL01.ESS.IEP Job Seeker","Exact","Missing lineage statement",FALSE,FALSE,"needs-creating","","","",15,0,0,"auto"
"ESS/IEP/Snapshots/IEP_Job_Seeker_20231231.QVD","IEP_Job_Seeker_20231231.QVD","-",NA,"AZDB-AUE-PRD-NIAADL01.ESS.IEP Job Seeker","Exact","Missing lineage statement",FALSE,FALSE,"needs-creating","","","",15,0,0,"auto"
"ESS/IEP/Snapshots/IEP_Job_Seeker_20240131.QVD","IEP_Job_Seeker_20240131.QVD","-",NA,"AZDB-AUE-PRD-NIAADL01.ESS.IEP Job Seeker","Exact","Missing lineage statement",FALSE,FALSE,"needs-creating","","","",15,0,0,"auto"
"ESS/IEP/Snapshots/IEP_Job_Seeker_20240229.QVD","IEP_Job_Seeker_20240229.QVD","-",NA,"AZDB-AUE-PRD-NIAADL01.ESS.IEP Job Seeker","Exact","Missing lineage statement",FALSE,FALSE,"needs-creating","","","",15,0,0,"auto"
"ESS/IEP/BK/0.Sun/IEP_Job_Seeker.QVD","IEP_Job_Seeker.QVD","-",NA,"AZDB-AUE-PRD-NIAADL01.ESS.IEP Job Seeker","Exact","Missing lineage statement",FALSE,FALSE,"needs-creating","","","",15,0,0,"auto"
"ESS/IEP/BK/1.Mon/IEP_Job_Seeker.QVD","IEP_Job_Seeker.QVD","-",NA,"AZDB-AUE-PRD-NIAADL01.ESS.IEP Job Seeker","Exact","Missing lineage statement",FALSE,FALSE,"needs-creating","","","",15,0,0,"auto"
"ESS/IEP/BK/2.Tue/IEP_Job_Seeker.QVD","IEP_Job_Seeker.QVD","-",NA,"AZDB-AUE-PRD-NIAADL01.ESS.IEP Job Seeker","Exact","Missing lineage statement",FALSE,FALSE,"needs-creating","","","",15,0,0,"auto"
"ESS/IEP/BK/3.Wed/IEP_Job_Seeker.QVD","IEP_Job_Seeker.QVD","-",NA,"AZDB-AUE-PRD-NIAADL01.ESS.IEP Job Seeker","Exact","Missing lineage statement",FALSE,FALSE,"needs-creating","","","",15,0,0,"auto"
"ESS/IEP/BK/4.Thu/IEP_Job_Seeker.QVD","IEP_Job_Seeker.QVD","-",NA,"AZDB-AUE-PRD-NIAADL01.ESS.IEP Job Seeker","Exact","Missing lineage statement",FALSE,FALSE,"needs-creating","","","",15,0,0,"auto"
"ESS/IEP/BK/5.Fri/IEP_Job_Seeker.QVD","IEP_Job_Seeker.QVD","-",NA,"AZDB-AUE-PRD-NIAADL01.ESS.IEP Job Seeker","Exact","Missing lineage statement",FALSE,FALSE,"needs-creating","","","",15,0,0,"auto"
"ESS/IEP/BK/6.Sat/IEP_Job_Seeker.QVD","IEP_Job_Seeker.QVD","-",NA,"AZDB-AUE-PRD-NIAADL01.ESS.IEP Job Seeker","Exact","Missing lineage statement",FALSE,FALSE,"needs-creating","","","",15,0,0,"auto"
"ESS/IEP/Snapshots/IEP_LOCATIONS_20200930.QVD","IEP_LOCATIONS_20200930.QVD","-",NA,"AZDB-AUE-PRD-NIAADL01.ESS.IEP Locations","Exact","Missing lineage statement",FALSE,FALSE,"needs-creating","","","",7,0,0,"auto"
"ESS/IEP/Snapshots/IEP_LOCATIONS_20201031.QVD","IEP_LOCATIONS_20201031.QVD","-",NA,"AZDB-AUE-PRD-NIAADL01.ESS.IEP Locations","Exact","Missing lineage statement",FALSE,FALSE,"needs-creating","","","",7,0,0,"auto"
"ESS/IEP/Snapshots/IEP_LOCATIONS_20201130.QVD","IEP_LOCATIONS_20201130.QVD","-",NA,"AZDB-AUE-PRD-NIAADL01.ESS.IEP Locations","Exact","Missing lineage statement",FALSE,FALSE,"needs-creating","","","",7,0,0,"auto"
"ESS/IEP/Snapshots/IEP_LOCATIONS_20201231.QVD","IEP_LOCATIONS_20201231.QVD","-",NA,"AZDB-AUE-PRD-NIAADL01.ESS.IEP Locations","Exact","Missing lineage statement",FALSE,FALSE,"needs-creating","","","",7,0,0,"auto"
"ESS/IEP/Snapshots/IEP_LOCATIONS_20210131.QVD","IEP_LOCATIONS_20210131.QVD","-",NA,"AZDB-AUE-PRD-NIAADL01.ESS.IEP Locations","Exact","Missing lineage statement",FALSE,FALSE,"needs-creating","","","",7,0,0,"auto"
"ESS/IEP/Snapshots/IEP_LOCATIONS_20210228.QVD","IEP_LOCATIONS_20210228.QVD","-",NA,"AZDB-AUE-PRD-NIAADL01.ESS.IEP Locations","Exact","Missing lineage statement",FALSE,FALSE,"needs-creating","","","",7,0,0,"auto"
"ESS/IEP/Snapshots/IEP_LOCATIONS_20210331.QVD","IEP_LOCATIONS_20210331.QVD","-",NA,"AZDB-AUE-PRD-NIAADL01.ESS.IEP Locations","Exact","Missing lineage statement",FALSE,FALSE,"needs-creating","","","",7,0,0,"auto"
"ESS/IEP/Snapshots/IEP_LOCATIONS_20210430.QVD","IEP_LOCATIONS_20210430.QVD","-",NA,"AZDB-AUE-PRD-NIAADL01.ESS.IEP Locations","Exact","Missing lineage statement",FALSE,FALSE,"needs-creating","","","",7,0,0,"auto"
"ESS/IEP/Snapshots/IEP_LOCATIONS_20210531.QVD","IEP_LOCATIONS_20210531.QVD","-",NA,"AZDB-AUE-PRD-NIAADL01.ESS.IEP Locations","Exact","Missing lineage statement",FALSE,FALSE,"needs-creating","","","",7,0,0,"auto"
"ESS/IEP/Snapshots/IEP_LOCATIONS_20210630.QVD","IEP_LOCATIONS_20210630.QVD","-",NA,"AZDB-AUE-PRD-NIAADL01.ESS.IEP Locations","Exact","Missing lineage statement",FALSE,FALSE,"needs-creating","","","",7,0,0,"auto"
"ESS/IEP/Snapshots/IEP_LOCATIONS_20210731.QVD","IEP_LOCATIONS_20210731.QVD","-",NA,"AZDB-AUE-PRD-NIAADL01.ESS.IEP Locations","Exact","Missing lineage statement",FALSE,FALSE,"needs-creating","","","",7,0,0,"auto"
"ESS/IEP/Snapshots/IEP_LOCATIONS_20210831.QVD","IEP_LOCATIONS_20210831.QVD","-",NA,"AZDB-AUE-PRD-NIAADL01.ESS.IEP Locations","Exact","Missing lineage statement",FALSE,FALSE,"needs-creating","","","",7,0,0,"auto"
"ESS/IEP/Snapshots/IEP_LOCATIONS_20210930.QVD","IEP_LOCATIONS_20210930.QVD","-",NA,"AZDB-AUE-PRD-NIAADL01.ESS.IEP Locations","Exact","Missing lineage statement",FALSE,FALSE,"needs-creating","","","",7,0,0,"auto"
"ESS/IEP/Snapshots/IEP_LOCATIONS_20211031.QVD","IEP_LOCATIONS_20211031.QVD","-",NA,"AZDB-AUE-PRD-NIAADL01.ESS.IEP Locations","Exact","Missing lineage statement",FALSE,FALSE,"needs-creating","","","",7,0,0,"auto"
"ESS/IEP/Snapshots/IEP_LOCATIONS_20211130.QVD","IEP_LOCATIONS_20211130.QVD","-",NA,"AZDB-AUE-PRD-NIAADL01.ESS.IEP Locations","Exact","Missing lineage statement",FALSE,FALSE,"needs-creating","","","",7,0,0,"auto"
"ESS/IEP/Snapshots/IEP_LOCATIONS_20220131.QVD","IEP_LOCATIONS_20220131.QVD","-",NA,"AZDB-AUE-PRD-NIAADL01.ESS.IEP Locations","Exact","Missing lineage statement",FALSE,FALSE,"needs-creating","","","",7,0,0,"auto"
"ESS/IEP/Snapshots/IEP_LOCATIONS_20220228.QVD","IEP_LOCATIONS_20220228.QVD","-",NA,"AZDB-AUE-PRD-NIAADL01.ESS.IEP Locations","Exact","Missing lineage statement",FALSE,FALSE,"needs-creating","","","",7,0,0,"auto"
"ESS/IEP/Snapshots/IEP_LOCATIONS_20220331.QVD","IEP_LOCATIONS_20220331.QVD","-",NA,"AZDB-AUE-PRD-NIAADL01.ESS.IEP Locations","Exact","Missing lineage statement",FALSE,FALSE,"needs-creating","","","",7,0,0,"auto"
"ESS/IEP/Snapshots/IEP_LOCATIONS_20220430.QVD","IEP_LOCATIONS_20220430.QVD","-",NA,"AZDB-AUE-PRD-NIAADL01.ESS.IEP Locations","Exact","Missing lineage statement",FALSE,FALSE,"needs-creating","","","",7,0,0,"auto"
"ESS/IEP/Snapshots/IEP_LOCATIONS_20220531.QVD","IEP_LOCATIONS_20220531.QVD","-",NA,"AZDB-AUE-PRD-NIAADL01.ESS.IEP Locations","Exact","Missing lineage statement",FALSE,FALSE,"needs-creating","","","",7,0,0,"auto"
"ESS/IEP/Snapshots/IEP_LOCATIONS_20220630.QVD","IEP_LOCATIONS_20220630.QVD","-",NA,"AZDB-AUE-PRD-NIAADL01.ESS.IEP Locations","Exact","Missing lineage statement",FALSE,FALSE,"needs-creating","","","",7,0,0,"auto"
"ESS/IEP/Snapshots/IEP_LOCATIONS_20220731.QVD","IEP_LOCATIONS_20220731.QVD","-",NA,"AZDB-AUE-PRD-NIAADL01.ESS.IEP Locations","Exact","Missing lineage statement",FALSE,FALSE,"needs-creating","","","",7,0,0,"auto"
"ESS/IEP/Snapshots/IEP_LOCATIONS_20220831.QVD","IEP_LOCATIONS_20220831.QVD","-",NA,"AZDB-AUE-PRD-NIAADL01.ESS.IEP Locations","Exact","Missing lineage statement",FALSE,FALSE,"needs-creating","","","",7,0,0,"auto"
"ESS/IEP/Snapshots/IEP_LOCATIONS_20220930.QVD","IEP_LOCATIONS_20220930.QVD","-",NA,"AZDB-AUE-PRD-NIAADL01.ESS.IEP Locations","Exact","Missing lineage statement",FALSE,FALSE,"needs-creating","","","",7,0,0,"auto"
"ESS/IEP/Snapshots/IEP_LOCATIONS_20221031.QVD","IEP_LOCATIONS_20221031.QVD","-",NA,"AZDB-AUE-PRD-NIAADL01.ESS.IEP Locations","Exact","Missing lineage statement",FALSE,FALSE,"needs-creating","","","",7,0,0,"auto"
"ESS/IEP/Snapshots/IEP_LOCATIONS_20221130.QVD","IEP_LOCATIONS_20221130.QVD","-",NA,"AZDB-AUE-PRD-NIAADL01.ESS.IEP Locations","Exact","Missing lineage statement",FALSE,FALSE,"needs-creating","","","",7,0,0,"auto"
"ESS/IEP/Snapshots/IEP_LOCATIONS_20221231.QVD","IEP_LOCATIONS_20221231.QVD","-",NA,"AZDB-AUE-PRD-NIAADL01.ESS.IEP Locations","Exact","Missing lineage statement",FALSE,FALSE,"needs-creating","","","",7,0,0,"auto"
"ESS/IEP/Snapshots/IEP_LOCATIONS_20230131.QVD","IEP_LOCATIONS_20230131.QVD","-",NA,"AZDB-AUE-PRD-NIAADL01.ESS.IEP Locations","Exact","Missing lineage statement",FALSE,FALSE,"needs-creating","","","",7,0,0,"auto"
"ESS/IEP/Snapshots/IEP_LOCATIONS_20230228.QVD","IEP_LOCATIONS_20230228.QVD","-",NA,"AZDB-AUE-PRD-NIAADL01.ESS.IEP Locations","Exact","Missing lineage statement",FALSE,FALSE,"needs-creating","","","",7,0,0,"auto"
"ESS/IEP/Snapshots/IEP_LOCATIONS_20230331.QVD","IEP_LOCATIONS_20230331.QVD","-",NA,"AZDB-AUE-PRD-NIAADL01.ESS.IEP Locations","Exact","Missing lineage statement",FALSE,FALSE,"needs-creating","","","",7,0,0,"auto"
"ESS/IEP/Snapshots/IEP_LOCATIONS_20230430.QVD","IEP_LOCATIONS_20230430.QVD","-",NA,"AZDB-AUE-PRD-NIAADL01.ESS.IEP Locations","Exact","Missing lineage statement",FALSE,FALSE,"needs-creating","","","",7,0,0,"auto"
"ESS/IEP/Snapshots/IEP_LOCATIONS_20230531.QVD","IEP_LOCATIONS_20230531.QVD","-",NA,"AZDB-AUE-PRD-NIAADL01.ESS.IEP Locations","Exact","Missing lineage statement",FALSE,FALSE,"needs-creating","","","",7,0,0,"auto"
"ESS/IEP/Snapshots/IEP_LOCATIONS_20230630.QVD","IEP_LOCATIONS_20230630.QVD","-",NA,"AZDB-AUE-PRD-NIAADL01.ESS.IEP Locations","Exact","Missing lineage statement",FALSE,FALSE,"needs-creating","","","",7,0,0,"auto"
"ESS/IEP/Snapshots/IEP_LOCATIONS_20230731.QVD","IEP_LOCATIONS_20230731.QVD","-",NA,"AZDB-AUE-PRD-NIAADL01.ESS.IEP Locations","Exact","Missing lineage statement",FALSE,FALSE,"needs-creating","","","",7,0,0,"auto"
"ESS/IEP/Snapshots/IEP_LOCATIONS_20230831.QVD","IEP_LOCATIONS_20230831.QVD","-",NA,"AZDB-AUE-PRD-NIAADL01.ESS.IEP Locations","Exact","Missing lineage statement",FALSE,FALSE,"needs-creating","","","",7,0,0,"auto"
"ESS/IEP/Snapshots/IEP_LOCATIONS_20230930.QVD","IEP_LOCATIONS_20230930.QVD","-",NA,"AZDB-AUE-PRD-NIAADL01.ESS.IEP Locations","Exact","Missing lineage statement",FALSE,FALSE,"needs-creating","","","",7,0,0,"auto"
"ESS/IEP/Snapshots/IEP_LOCATIONS_20231031.QVD","IEP_LOCATIONS_20231031.QVD","-",NA,"AZDB-AUE-PRD-NIAADL01.ESS.IEP Locations","Exact","Missing lineage statement",FALSE,FALSE,"needs-creating","","","",7,0,0,"auto"
"ESS/IEP/Snapshots/IEP_LOCATIONS_20231130.QVD","IEP_LOCATIONS_20231130.QVD","-",NA,"AZDB-AUE-PRD-NIAADL01.ESS.IEP Locations","Exact","Missing lineage statement",FALSE,FALSE,"needs-creating","","","",7,0,0,"auto"
"ESS/IEP/Snapshots/IEP_LOCATIONS_20231231.QVD","IEP_LOCATIONS_20231231.QVD","-",NA,"AZDB-AUE-PRD-NIAADL01.ESS.IEP Locations","Exact","Missing lineage statement",FALSE,FALSE,"needs-creating","","","",7,0,0,"auto"
"ESS/IEP/Snapshots/IEP_LOCATIONS_20240131.QVD","IEP_LOCATIONS_20240131.QVD","-",NA,"AZDB-AUE-PRD-NIAADL01.ESS.IEP Locations","Exact","Missing lineage statement",FALSE,FALSE,"needs-creating","","","",7,0,0,"auto"
"ESS/IEP/Snapshots/IEP_LOCATIONS_20240229.QVD","IEP_LOCATIONS_20240229.QVD","-",NA,"AZDB-AUE-PRD-NIAADL01.ESS.IEP Locations","Exact","Missing lineage statement",FALSE,FALSE,"needs-creating","","","",7,0,0,"auto"
"ESS/IEP/BK/0.Sun/IEP_LOCATIONS.QVD","IEP_LOCATIONS.QVD","-",NA,"AZDB-AUE-PRD-NIAADL01.ESS.IEP Locations","Exact","Missing lineage statement",FALSE,FALSE,"needs-creating","","","",7,0,0,"auto"
"ESS/IEP/BK/1.Mon/IEP_LOCATIONS.QVD","IEP_LOCATIONS.QVD","-",NA,"AZDB-AUE-PRD-NIAADL01.ESS.IEP Locations","Exact","Missing lineage statement",FALSE,FALSE,"needs-creating","","","",7,0,0,"auto"
"ESS/IEP/BK/2.Tue/IEP_LOCATIONS.QVD","IEP_LOCATIONS.QVD","-",NA,"AZDB-AUE-PRD-NIAADL01.ESS.IEP Locations","Exact","Missing lineage statement",FALSE,FALSE,"needs-creating","","","",7,0,0,"auto"
"ESS/IEP/BK/3.Wed/IEP_LOCATIONS.QVD","IEP_LOCATIONS.QVD","-",NA,"AZDB-AUE-PRD-NIAADL01.ESS.IEP Locations","Exact","Missing lineage statement",FALSE,FALSE,"needs-creating","","","",7,0,0,"auto"
"ESS/IEP/BK/4.Thu/IEP_LOCATIONS.QVD","IEP_LOCATIONS.QVD","-",NA,"AZDB-AUE-PRD-NIAADL01.ESS.IEP Locations","Exact","Missing lineage statement",FALSE,FALSE,"needs-creating","","","",7,0,0,"auto"
"ESS/IEP/BK/5.Fri/IEP_LOCATIONS.QVD","IEP_LOCATIONS.QVD","-",NA,"AZDB-AUE-PRD-NIAADL01.ESS.IEP Locations","Exact","Missing lineage statement",FALSE,FALSE,"needs-creating","","","",7,0,0,"auto"
"ESS/IEP/BK/6.Sat/IEP_LOCATIONS.QVD","IEP_LOCATIONS.QVD","-",NA,"AZDB-AUE-PRD-NIAADL01.ESS.IEP Locations","Exact","Missing lineage statement",FALSE,FALSE,"needs-creating","","","",7,0,0,"auto"
"ESS/IEP/Snapshots/IEP_Outcome_20200930.QVD","IEP_Outcome_20200930.QVD","-",NA,"AZDB-AUE-PRD-NIAADL01.ESS.IEP Outcome","Exact","Missing lineage statement",FALSE,FALSE,"retarget-incomplete","ESS","IEP Outcome Max Paid Week","lib://Curated data Store:DataFiles/10 Landing Area/ESS/IEP Outcome Max Paid Week.qvd",20,4,16,"auto"
"ESS/IEP/Snapshots/IEP_Outcome_20201031.QVD","IEP_Outcome_20201031.QVD","-",NA,"AZDB-AUE-PRD-NIAADL01.ESS.IEP Outcome","Exact","Missing lineage statement",FALSE,FALSE,"retarget-incomplete","ESS","IEP Outcome Max Paid Week","lib://Curated data Store:DataFiles/10 Landing Area/ESS/IEP Outcome Max Paid Week.qvd",20,4,16,"auto"
"ESS/IEP/Snapshots/IEP_Outcome_20201130.QVD","IEP_Outcome_20201130.QVD","-",NA,"AZDB-AUE-PRD-NIAADL01.ESS.IEP Outcome","Exact","Missing lineage statement",FALSE,FALSE,"retarget-incomplete","ESS","IEP Outcome Max Paid Week","lib://Curated data Store:DataFiles/10 Landing Area/ESS/IEP Outcome Max Paid Week.qvd",20,4,16,"auto"
"ESS/IEP/Snapshots/IEP_Outcome_20201231.QVD","IEP_Outcome_20201231.QVD","-",NA,"AZDB-AUE-PRD-NIAADL01.ESS.IEP Outcome","Exact","Missing lineage statement",FALSE,FALSE,"retarget-incomplete","ESS","IEP Outcome Max Paid Week","lib://Curated data Store:DataFiles/10 Landing Area/ESS/IEP Outcome Max Paid Week.qvd",20,4,16,"auto"
"ESS/IEP/Snapshots/IEP_Outcome_20210131.QVD","IEP_Outcome_20210131.QVD","-",NA,"AZDB-AUE-PRD-NIAADL01.ESS.IEP Outcome","Exact","Missing lineage statement",FALSE,FALSE,"retarget-incomplete","ESS","IEP Outcome Max Paid Week","lib://Curated data Store:DataFiles/10 Landing Area/ESS/IEP Outcome Max Paid Week.qvd",20,4,16,"auto"
"ESS/IEP/Snapshots/IEP_Outcome_20210228.QVD","IEP_Outcome_20210228.QVD","-",NA,"AZDB-AUE-PRD-NIAADL01.ESS.IEP Outcome","Exact","Missing lineage statement",FALSE,FALSE,"retarget-incomplete","ESS","IEP Outcome Max Paid Week","lib://Curated data Store:DataFiles/10 Landing Area/ESS/IEP Outcome Max Paid Week.qvd",20,4,16,"auto"
"ESS/IEP/Snapshots/IEP_Outcome_20210331.QVD","IEP_Outcome_20210331.QVD","-",NA,"AZDB-AUE-PRD-NIAADL01.ESS.IEP Outcome","Exact","Missing lineage statement",FALSE,FALSE,"retarget-incomplete","ESS","IEP Outcome Max Paid Week","lib://Curated data Store:DataFiles/10 Landing Area/ESS/IEP Outcome Max Paid Week.qvd",20,4,16,"auto"
"ESS/IEP/Snapshots/IEP_Outcome_20210430.QVD","IEP_Outcome_20210430.QVD","-",NA,"AZDB-AUE-PRD-NIAADL01.ESS.IEP Outcome","Exact","Missing lineage statement",FALSE,FALSE,"retarget-incomplete","ESS","IEP Outcome Max Paid Week","lib://Curated data Store:DataFiles/10 Landing Area/ESS/IEP Outcome Max Paid Week.qvd",20,4,16,"auto"
"ESS/IEP/Snapshots/IEP_Outcome_20210531.QVD","IEP_Outcome_20210531.QVD","-",NA,"AZDB-AUE-PRD-NIAADL01.ESS.IEP Outcome","Exact","Missing lineage statement",FALSE,FALSE,"retarget-incomplete","ESS","IEP Outcome Max Paid Week","lib://Curated data Store:DataFiles/10 Landing Area/ESS/IEP Outcome Max Paid Week.qvd",20,4,16,"auto"
"ESS/IEP/Snapshots/IEP_Outcome_20210630.QVD","IEP_Outcome_20210630.QVD","-",NA,"AZDB-AUE-PRD-NIAADL01.ESS.IEP Outcome","Exact","Missing lineage statement",FALSE,FALSE,"retarget-incomplete","ESS","IEP Outcome Max Paid Week","lib://Curated data Store:DataFiles/10 Landing Area/ESS/IEP Outcome Max Paid Week.qvd",20,4,16,"auto"
"ESS/IEP/Snapshots/IEP_Outcome_20210731.QVD","IEP_Outcome_20210731.QVD","-",NA,"AZDB-AUE-PRD-NIAADL01.ESS.IEP Outcome","Exact","Missing lineage statement",FALSE,FALSE,"retarget-incomplete","ESS","IEP Outcome Max Paid Week","lib://Curated data Store:DataFiles/10 Landing Area/ESS/IEP Outcome Max Paid Week.qvd",20,4,16,"auto"
"ESS/IEP/Snapshots/IEP_Outcome_20210831.QVD","IEP_Outcome_20210831.QVD","-",NA,"AZDB-AUE-PRD-NIAADL01.ESS.IEP Outcome","Exact","Missing lineage statement",FALSE,FALSE,"retarget-incomplete","ESS","IEP Outcome Max Paid Week","lib://Curated data Store:DataFiles/10 Landing Area/ESS/IEP Outcome Max Paid Week.qvd",20,4,16,"auto"
"ESS/IEP/Snapshots/IEP_Outcome_20210930.QVD","IEP_Outcome_20210930.QVD","-",NA,"AZDB-AUE-PRD-NIAADL01.ESS.IEP Outcome","Exact","Missing lineage statement",FALSE,FALSE,"retarget-incomplete","ESS","IEP Outcome Max Paid Week","lib://Curated data Store:DataFiles/10 Landing Area/ESS/IEP Outcome Max Paid Week.qvd",20,4,16,"auto"
"ESS/IEP/Snapshots/IEP_Outcome_20211031.QVD","IEP_Outcome_20211031.QVD","-",NA,"AZDB-AUE-PRD-NIAADL01.ESS.IEP Outcome","Exact","Missing lineage statement",FALSE,FALSE,"retarget-incomplete","ESS","IEP Outcome Max Paid Week","lib://Curated data Store:DataFiles/10 Landing Area/ESS/IEP Outcome Max Paid Week.qvd",20,4,16,"auto"
"ESS/IEP/Snapshots/IEP_Outcome_20211130.QVD","IEP_Outcome_20211130.QVD","-",NA,"AZDB-AUE-PRD-NIAADL01.ESS.IEP Outcome","Exact","Missing lineage statement",FALSE,FALSE,"retarget-incomplete","ESS","IEP Outcome Max Paid Week","lib://Curated data Store:DataFiles/10 Landing Area/ESS/IEP Outcome Max Paid Week.qvd",20,4,16,"auto"
"ESS/IEP/Snapshots/IEP_Outcome_20220131.QVD","IEP_Outcome_20220131.QVD","-",NA,"AZDB-AUE-PRD-NIAADL01.ESS.IEP Outcome","Exact","Missing lineage statement",FALSE,FALSE,"retarget-incomplete","ESS","IEP Outcome Max Paid Week","lib://Curated data Store:DataFiles/10 Landing Area/ESS/IEP Outcome Max Paid Week.qvd",20,4,16,"auto"
"ESS/IEP/Snapshots/IEP_Outcome_20220228.QVD","IEP_Outcome_20220228.QVD","-",NA,"AZDB-AUE-PRD-NIAADL01.ESS.IEP Outcome","Exact","Missing lineage statement",FALSE,FALSE,"retarget-incomplete","ESS","IEP Outcome Max Paid Week","lib://Curated data Store:DataFiles/10 Landing Area/ESS/IEP Outcome Max Paid Week.qvd",20,4,16,"auto"
"ESS/IEP/Snapshots/IEP_Outcome_20220331.QVD","IEP_Outcome_20220331.QVD","-",NA,"AZDB-AUE-PRD-NIAADL01.ESS.IEP Outcome","Exact","Missing lineage statement",FALSE,FALSE,"retarget-incomplete","ESS","IEP Outcome Max Paid Week","lib://Curated data Store:DataFiles/10 Landing Area/ESS/IEP Outcome Max Paid Week.qvd",20,4,16,"auto"
"ESS/IEP/Snapshots/IEP_Outcome_20220430.QVD","IEP_Outcome_20220430.QVD","-",NA,"AZDB-AUE-PRD-NIAADL01.ESS.IEP Outcome","Exact","Missing lineage statement",FALSE,FALSE,"retarget-incomplete","ESS","IEP Outcome Max Paid Week","lib://Curated data Store:DataFiles/10 Landing Area/ESS/IEP Outcome Max Paid Week.qvd",20,4,16,"auto"
"ESS/IEP/Snapshots/IEP_Outcome_20220531.QVD","IEP_Outcome_20220531.QVD","-",NA,"AZDB-AUE-PRD-NIAADL01.ESS.IEP Outcome","Exact","Missing lineage statement",FALSE,FALSE,"retarget-incomplete","ESS","IEP Outcome Max Paid Week","lib://Curated data Store:DataFiles/10 Landing Area/ESS/IEP Outcome Max Paid Week.qvd",20,4,16,"auto"
"ESS/IEP/Snapshots/IEP_Outcome_20220630.QVD","IEP_Outcome_20220630.QVD","-",NA,"AZDB-AUE-PRD-NIAADL01.ESS.IEP Outcome","Exact","Missing lineage statement",FALSE,FALSE,"retarget-incomplete","ESS","IEP Outcome Max Paid Week","lib://Curated data Store:DataFiles/10 Landing Area/ESS/IEP Outcome Max Paid Week.qvd",20,4,16,"auto"
"ESS/IEP/Snapshots/IEP_Outcome_20220731.QVD","IEP_Outcome_20220731.QVD","-",NA,"AZDB-AUE-PRD-NIAADL01.ESS.IEP Outcome","Exact","Missing lineage statement",FALSE,FALSE,"retarget-incomplete","ESS","IEP Outcome Max Paid Week","lib://Curated data Store:DataFiles/10 Landing Area/ESS/IEP Outcome Max Paid Week.qvd",20,4,16,"auto"
"ESS/IEP/Snapshots/IEP_Outcome_20220831.QVD","IEP_Outcome_20220831.QVD","-",NA,"AZDB-AUE-PRD-NIAADL01.ESS.IEP Outcome","Exact","Missing lineage statement",FALSE,FALSE,"retarget-incomplete","ESS","IEP Outcome Max Paid Week","lib://Curated data Store:DataFiles/10 Landing Area/ESS/IEP Outcome Max Paid Week.qvd",20,4,16,"auto"
"ESS/IEP/Snapshots/IEP_Outcome_20220930.QVD","IEP_Outcome_20220930.QVD","-",NA,"AZDB-AUE-PRD-NIAADL01.ESS.IEP Outcome","Exact","Missing lineage statement",FALSE,FALSE,"retarget-incomplete","ESS","IEP Outcome Max Paid Week","lib://Curated data Store:DataFiles/10 Landing Area/ESS/IEP Outcome Max Paid Week.qvd",20,4,16,"auto"
"ESS/IEP/Snapshots/IEP_Outcome_20221031.QVD","IEP_Outcome_20221031.QVD","-",NA,"AZDB-AUE-PRD-NIAADL01.ESS.IEP Outcome","Exact","Missing lineage statement",FALSE,FALSE,"retarget-incomplete","ESS","IEP Outcome Max Paid Week","lib://Curated data Store:DataFiles/10 Landing Area/ESS/IEP Outcome Max Paid Week.qvd",20,4,16,"auto"
"ESS/IEP/Snapshots/IEP_Outcome_20221130.QVD","IEP_Outcome_20221130.QVD","-",NA,"AZDB-AUE-PRD-NIAADL01.ESS.IEP Outcome","Exact","Missing lineage statement",FALSE,FALSE,"retarget-incomplete","ESS","IEP Outcome Max Paid Week","lib://Curated data Store:DataFiles/10 Landing Area/ESS/IEP Outcome Max Paid Week.qvd",20,4,16,"auto"
"ESS/IEP/Snapshots/IEP_Outcome_20221231.QVD","IEP_Outcome_20221231.QVD","-",NA,"AZDB-AUE-PRD-NIAADL01.ESS.IEP Outcome","Exact","Missing lineage statement",FALSE,FALSE,"retarget-incomplete","ESS","IEP Outcome Max Paid Week","lib://Curated data Store:DataFiles/10 Landing Area/ESS/IEP Outcome Max Paid Week.qvd",20,4,16,"auto"
"ESS/IEP/Snapshots/IEP_Outcome_20230131.QVD","IEP_Outcome_20230131.QVD","-",NA,"AZDB-AUE-PRD-NIAADL01.ESS.IEP Outcome","Exact","Missing lineage statement",FALSE,FALSE,"retarget-incomplete","ESS","IEP Outcome Max Paid Week","lib://Curated data Store:DataFiles/10 Landing Area/ESS/IEP Outcome Max Paid Week.qvd",20,4,16,"auto"
"ESS/IEP/Snapshots/IEP_Outcome_20230228.QVD","IEP_Outcome_20230228.QVD","-",NA,"AZDB-AUE-PRD-NIAADL01.ESS.IEP Outcome","Exact","Missing lineage statement",FALSE,FALSE,"retarget-incomplete","ESS","IEP Outcome Max Paid Week","lib://Curated data Store:DataFiles/10 Landing Area/ESS/IEP Outcome Max Paid Week.qvd",20,4,16,"auto"
"ESS/IEP/Snapshots/IEP_Outcome_20230331.QVD","IEP_Outcome_20230331.QVD","-",NA,"AZDB-AUE-PRD-NIAADL01.ESS.IEP Outcome","Exact","Missing lineage statement",FALSE,FALSE,"retarget-incomplete","ESS","IEP Outcome Max Paid Week","lib://Curated data Store:DataFiles/10 Landing Area/ESS/IEP Outcome Max Paid Week.qvd",20,4,16,"auto"
"ESS/IEP/Snapshots/IEP_Outcome_20230430.QVD","IEP_Outcome_20230430.QVD","-",NA,"AZDB-AUE-PRD-NIAADL01.ESS.IEP Outcome","Exact","Missing lineage statement",FALSE,FALSE,"retarget-incomplete","ESS","IEP Outcome Max Paid Week","lib://Curated data Store:DataFiles/10 Landing Area/ESS/IEP Outcome Max Paid Week.qvd",20,4,16,"auto"
"ESS/IEP/Snapshots/IEP_Outcome_20230531.QVD","IEP_Outcome_20230531.QVD","-",NA,"AZDB-AUE-PRD-NIAADL01.ESS.IEP Outcome","Exact","Missing lineage statement",FALSE,FALSE,"retarget-incomplete","ESS","IEP Outcome Max Paid Week","lib://Curated data Store:DataFiles/10 Landing Area/ESS/IEP Outcome Max Paid Week.qvd",20,4,16,"auto"
"ESS/IEP/Snapshots/IEP_Outcome_20230630.QVD","IEP_Outcome_20230630.QVD","-",NA,"AZDB-AUE-PRD-NIAADL01.ESS.IEP Outcome","Exact","Missing lineage statement",FALSE,FALSE,"retarget-incomplete","ESS","IEP Outcome Max Paid Week","lib://Curated data Store:DataFiles/10 Landing Area/ESS/IEP Outcome Max Paid Week.qvd",20,4,16,"auto"
"ESS/IEP/Snapshots/IEP_Outcome_20230731.QVD","IEP_Outcome_20230731.QVD","-",NA,"AZDB-AUE-PRD-NIAADL01.ESS.IEP Outcome","Exact","Missing lineage statement",FALSE,FALSE,"retarget-incomplete","ESS","IEP Outcome Max Paid Week","lib://Curated data Store:DataFiles/10 Landing Area/ESS/IEP Outcome Max Paid Week.qvd",20,4,16,"auto"
"ESS/IEP/Snapshots/IEP_Outcome_20230831.QVD","IEP_Outcome_20230831.QVD","-",NA,"AZDB-AUE-PRD-NIAADL01.ESS.IEP Outcome","Exact","Missing lineage statement",FALSE,FALSE,"retarget-incomplete","ESS","IEP Outcome Max Paid Week","lib://Curated data Store:DataFiles/10 Landing Area/ESS/IEP Outcome Max Paid Week.qvd",20,4,16,"auto"
"ESS/IEP/Snapshots/IEP_Outcome_20230930.QVD","IEP_Outcome_20230930.QVD","-",NA,"AZDB-AUE-PRD-NIAADL01.ESS.IEP Outcome","Exact","Missing lineage statement",FALSE,FALSE,"retarget-incomplete","ESS","IEP Outcome Max Paid Week","lib://Curated data Store:DataFiles/10 Landing Area/ESS/IEP Outcome Max Paid Week.qvd",20,4,16,"auto"
"ESS/IEP/Snapshots/IEP_Outcome_20231031.QVD","IEP_Outcome_20231031.QVD","-",NA,"AZDB-AUE-PRD-NIAADL01.ESS.IEP Outcome","Exact","Missing lineage statement",FALSE,FALSE,"retarget-incomplete","ESS","IEP Outcome Max Paid Week","lib://Curated data Store:DataFiles/10 Landing Area/ESS/IEP Outcome Max Paid Week.qvd",20,4,16,"auto"
"ESS/IEP/Snapshots/IEP_Outcome_20231130.QVD","IEP_Outcome_20231130.QVD","-",NA,"AZDB-AUE-PRD-NIAADL01.ESS.IEP Outcome","Exact","Missing lineage statement",FALSE,FALSE,"retarget-incomplete","ESS","IEP Outcome Max Paid Week","lib://Curated data Store:DataFiles/10 Landing Area/ESS/IEP Outcome Max Paid Week.qvd",20,4,16,"auto"
"ESS/IEP/Snapshots/IEP_Outcome_20231231.QVD","IEP_Outcome_20231231.QVD","-",NA,"AZDB-AUE-PRD-NIAADL01.ESS.IEP Outcome","Exact","Missing lineage statement",FALSE,FALSE,"retarget-incomplete","ESS","IEP Outcome Max Paid Week","lib://Curated data Store:DataFiles/10 Landing Area/ESS/IEP Outcome Max Paid Week.qvd",20,4,16,"auto"
"ESS/IEP/Snapshots/IEP_Outcome_20240131.QVD","IEP_Outcome_20240131.QVD","-",NA,"AZDB-AUE-PRD-NIAADL01.ESS.IEP Outcome","Exact","Missing lineage statement",FALSE,FALSE,"retarget-incomplete","ESS","IEP Outcome Max Paid Week","lib://Curated data Store:DataFiles/10 Landing Area/ESS/IEP Outcome Max Paid Week.qvd",20,4,16,"auto"
"ESS/IEP/Snapshots/IEP_Outcome_20240229.QVD","IEP_Outcome_20240229.QVD","-",NA,"AZDB-AUE-PRD-NIAADL01.ESS.IEP Outcome","Exact","Missing lineage statement",FALSE,FALSE,"retarget-incomplete","ESS","IEP Outcome Max Paid Week","lib://Curated data Store:DataFiles/10 Landing Area/ESS/IEP Outcome Max Paid Week.qvd",20,4,16,"auto"
"ESS/IEP/BK/0.Sun/IEP_Outcome.QVD","IEP_Outcome.QVD","-",NA,"AZDB-AUE-PRD-NIAADL01.ESS.IEP Outcome","Exact","Missing lineage statement",FALSE,FALSE,"retarget-incomplete","ESS","IEP Outcome Max Paid Week","lib://Curated data Store:DataFiles/10 Landing Area/ESS/IEP Outcome Max Paid Week.qvd",20,4,16,"auto"
"ESS/IEP/BK/1.Mon/IEP_Outcome.QVD","IEP_Outcome.QVD","-",NA,"AZDB-AUE-PRD-NIAADL01.ESS.IEP Outcome","Exact","Missing lineage statement",FALSE,FALSE,"retarget-incomplete","ESS","IEP Outcome Max Paid Week","lib://Curated data Store:DataFiles/10 Landing Area/ESS/IEP Outcome Max Paid Week.qvd",20,4,16,"auto"
"ESS/IEP/BK/2.Tue/IEP_Outcome.QVD","IEP_Outcome.QVD","-",NA,"AZDB-AUE-PRD-NIAADL01.ESS.IEP Outcome","Exact","Missing lineage statement",FALSE,FALSE,"retarget-incomplete","ESS","IEP Outcome Max Paid Week","lib://Curated data Store:DataFiles/10 Landing Area/ESS/IEP Outcome Max Paid Week.qvd",20,4,16,"auto"
"ESS/IEP/BK/3.Wed/IEP_Outcome.QVD","IEP_Outcome.QVD","-",NA,"AZDB-AUE-PRD-NIAADL01.ESS.IEP Outcome","Exact","Missing lineage statement",FALSE,FALSE,"retarget-incomplete","ESS","IEP Outcome Max Paid Week","lib://Curated data Store:DataFiles/10 Landing Area/ESS/IEP Outcome Max Paid Week.qvd",20,4,16,"auto"
"ESS/IEP/BK/4.Thu/IEP_Outcome.QVD","IEP_Outcome.QVD","-",NA,"AZDB-AUE-PRD-NIAADL01.ESS.IEP Outcome","Exact","Missing lineage statement",FALSE,FALSE,"retarget-incomplete","ESS","IEP Outcome Max Paid Week","lib://Curated data Store:DataFiles/10 Landing Area/ESS/IEP Outcome Max Paid Week.qvd",20,4,16,"auto"
"ESS/IEP/BK/5.Fri/IEP_Outcome.QVD","IEP_Outcome.QVD","-",NA,"AZDB-AUE-PRD-NIAADL01.ESS.IEP Outcome","Exact","Missing lineage statement",FALSE,FALSE,"retarget-incomplete","ESS","IEP Outcome Max Paid Week","lib://Curated data Store:DataFiles/10 Landing Area/ESS/IEP Outcome Max Paid Week.qvd",20,4,16,"auto"
"ESS/IEP/BK/6.Sat/IEP_Outcome.QVD","IEP_Outcome.QVD","-",NA,"AZDB-AUE-PRD-NIAADL01.ESS.IEP Outcome","Exact","Missing lineage statement",FALSE,FALSE,"retarget-incomplete","ESS","IEP Outcome Max Paid Week","lib://Curated data Store:DataFiles/10 Landing Area/ESS/IEP Outcome Max Paid Week.qvd",20,4,16,"auto"
"ESS/IEP/Snapshots/IEP_Placement_20200930.QVD","IEP_Placement_20200930.QVD","-",NA,"AZDB-AUE-PRD-NIAADL01.ESS.IEP Placement","Partial match","Missing lineage statement",FALSE,FALSE,"needs-creating","","","",44,0,0,"auto"
"ESS/IEP/Snapshots/IEP_Placement_20201031.QVD","IEP_Placement_20201031.QVD","-",NA,"AZDB-AUE-PRD-NIAADL01.ESS.IEP Placement","Partial match","Missing lineage statement",FALSE,FALSE,"needs-creating","","","",44,0,0,"auto"
"ESS/IEP/Snapshots/IEP_Placement_20201130.QVD","IEP_Placement_20201130.QVD","-",NA,"AZDB-AUE-PRD-NIAADL01.ESS.IEP Placement","Partial match","Missing lineage statement",FALSE,FALSE,"needs-creating","","","",44,0,0,"auto"
"ESS/IEP/Snapshots/IEP_Placement_20201231.QVD","IEP_Placement_20201231.QVD","-",NA,"AZDB-AUE-PRD-NIAADL01.ESS.IEP Placement","Partial match","Missing lineage statement",FALSE,FALSE,"needs-creating","","","",44,0,0,"auto"
"ESS/IEP/Snapshots/IEP_Placement_20210131.QVD","IEP_Placement_20210131.QVD","-",NA,"AZDB-AUE-PRD-NIAADL01.ESS.IEP Placement","Partial match","Missing lineage statement",FALSE,FALSE,"needs-creating","","","",44,0,0,"auto"
"ESS/IEP/Snapshots/IEP_Placement_20210228.QVD","IEP_Placement_20210228.QVD","-",NA,"AZDB-AUE-PRD-NIAADL01.ESS.IEP Placement","Partial match","Missing lineage statement",FALSE,FALSE,"needs-creating","","","",44,0,0,"auto"
"ESS/IEP/Snapshots/IEP_Placement_20210331.QVD","IEP_Placement_20210331.QVD","-",NA,"AZDB-AUE-PRD-NIAADL01.ESS.IEP Placement","Partial match","Missing lineage statement",FALSE,FALSE,"needs-creating","","","",44,0,0,"auto"
"ESS/IEP/Snapshots/IEP_Placement_20210430.QVD","IEP_Placement_20210430.QVD","-",NA,"AZDB-AUE-PRD-NIAADL01.ESS.IEP Placement","Partial match","Missing lineage statement",FALSE,FALSE,"needs-creating","","","",44,0,0,"auto"
"ESS/IEP/Snapshots/IEP_Placement_20210531.QVD","IEP_Placement_20210531.QVD","-",NA,"AZDB-AUE-PRD-NIAADL01.ESS.IEP Placement","Partial match","Missing lineage statement",FALSE,FALSE,"needs-creating","","","",44,0,0,"auto"
"ESS/IEP/Snapshots/IEP_Placement_20210630.QVD","IEP_Placement_20210630.QVD","-",NA,"AZDB-AUE-PRD-NIAADL01.ESS.IEP Placement","Partial match","Missing lineage statement",FALSE,FALSE,"needs-creating","","","",44,0,0,"auto"
"ESS/IEP/Snapshots/IEP_Placement_20210731.QVD","IEP_Placement_20210731.QVD","-",NA,"AZDB-AUE-PRD-NIAADL01.ESS.IEP Placement","Partial match","Missing lineage statement",FALSE,FALSE,"needs-creating","","","",44,0,0,"auto"
"ESS/IEP/Snapshots/IEP_Placement_20210831.QVD","IEP_Placement_20210831.QVD","-",NA,"AZDB-AUE-PRD-NIAADL01.ESS.IEP Placement","Partial match","Missing lineage statement",FALSE,FALSE,"needs-creating","","","",44,0,0,"auto"
"ESS/IEP/Snapshots/IEP_Placement_20210930.QVD","IEP_Placement_20210930.QVD","-",NA,"AZDB-AUE-PRD-NIAADL01.ESS.IEP Placement","Partial match","Missing lineage statement",FALSE,FALSE,"needs-creating","","","",44,0,0,"auto"
"ESS/IEP/Snapshots/IEP_Placement_20211031.QVD","IEP_Placement_20211031.QVD","-",NA,"AZDB-AUE-PRD-NIAADL01.ESS.IEP Placement","Partial match","Missing lineage statement",FALSE,FALSE,"needs-creating","","","",44,0,0,"auto"
"ESS/IEP/Snapshots/IEP_Placement_20211130.QVD","IEP_Placement_20211130.QVD","-",NA,"AZDB-AUE-PRD-NIAADL01.ESS.IEP Placement","Partial match","Missing lineage statement",FALSE,FALSE,"needs-creating","","","",44,0,0,"auto"
"ESS/IEP/Snapshots/IEP_Placement_20220131.QVD","IEP_Placement_20220131.QVD","-",NA,"AZDB-AUE-PRD-NIAADL01.ESS.IEP Placement","Partial match","Missing lineage statement",FALSE,FALSE,"needs-creating","","","",44,0,0,"auto"
"ESS/IEP/Snapshots/IEP_Placement_20220228.QVD","IEP_Placement_20220228.QVD","-",NA,"AZDB-AUE-PRD-NIAADL01.ESS.IEP Placement","Partial match","Missing lineage statement",FALSE,FALSE,"needs-creating","","","",44,0,0,"auto"
"ESS/IEP/Snapshots/IEP_Placement_20220331.QVD","IEP_Placement_20220331.QVD","-",NA,"AZDB-AUE-PRD-NIAADL01.ESS.IEP Placement","Partial match","Missing lineage statement",FALSE,FALSE,"needs-creating","","","",44,0,0,"auto"
"ESS/IEP/Snapshots/IEP_Placement_20220430.QVD","IEP_Placement_20220430.QVD","-",NA,"AZDB-AUE-PRD-NIAADL01.ESS.IEP Placement","Partial match","Missing lineage statement",FALSE,FALSE,"needs-creating","","","",44,0,0,"auto"
"ESS/IEP/Snapshots/IEP_Placement_20220531.QVD","IEP_Placement_20220531.QVD","-",NA,"AZDB-AUE-PRD-NIAADL01.ESS.IEP Placement","Partial match","Missing lineage statement",FALSE,FALSE,"needs-creating","","","",44,0,0,"auto"
"ESS/IEP/Snapshots/IEP_Placement_20220630.QVD","IEP_Placement_20220630.QVD","-",NA,"AZDB-AUE-PRD-NIAADL01.ESS.IEP Placement","Partial match","Missing lineage statement",FALSE,FALSE,"needs-creating","","","",44,0,0,"auto"
"ESS/IEP/Snapshots/IEP_Placement_20220731.QVD","IEP_Placement_20220731.QVD","-",NA,"AZDB-AUE-PRD-NIAADL01.ESS.IEP Placement","Partial match","Missing lineage statement",FALSE,FALSE,"needs-creating","","","",44,0,0,"auto"
"ESS/IEP/Snapshots/IEP_Placement_20220831.QVD","IEP_Placement_20220831.QVD","-",NA,"AZDB-AUE-PRD-NIAADL01.ESS.IEP Placement","Partial match","Missing lineage statement",FALSE,FALSE,"needs-creating","","","",44,0,0,"auto"
"ESS/IEP/Snapshots/IEP_Placement_20220930.QVD","IEP_Placement_20220930.QVD","-",NA,"AZDB-AUE-PRD-NIAADL01.ESS.IEP Placement","Partial match","Missing lineage statement",FALSE,FALSE,"needs-creating","","","",44,0,0,"auto"
"ESS/IEP/Snapshots/IEP_Placement_20221031.QVD","IEP_Placement_20221031.QVD","-",NA,"AZDB-AUE-PRD-NIAADL01.ESS.IEP Placement","Partial match","Missing lineage statement",FALSE,FALSE,"needs-creating","","","",44,0,0,"auto"
"ESS/IEP/Snapshots/IEP_Placement_20221130.QVD","IEP_Placement_20221130.QVD","-",NA,"AZDB-AUE-PRD-NIAADL01.ESS.IEP Placement","Partial match","Missing lineage statement",FALSE,FALSE,"needs-creating","","","",44,0,0,"auto"
"ESS/IEP/Snapshots/IEP_Placement_20221231.QVD","IEP_Placement_20221231.QVD","-",NA,"AZDB-AUE-PRD-NIAADL01.ESS.IEP Placement","Partial match","Missing lineage statement",FALSE,FALSE,"needs-creating","","","",44,0,0,"auto"
"ESS/IEP/Snapshots/IEP_Placement_20230131.QVD","IEP_Placement_20230131.QVD","-",NA,"AZDB-AUE-PRD-NIAADL01.ESS.IEP Placement","Partial match","Missing lineage statement",FALSE,FALSE,"needs-creating","","","",44,0,0,"auto"
"ESS/IEP/Snapshots/IEP_Placement_20230228.QVD","IEP_Placement_20230228.QVD","-",NA,"AZDB-AUE-PRD-NIAADL01.ESS.IEP Placement","Partial match","Missing lineage statement",FALSE,FALSE,"needs-creating","","","",44,0,0,"auto"
"ESS/IEP/Snapshots/IEP_Placement_20230331.QVD","IEP_Placement_20230331.QVD","-",NA,"AZDB-AUE-PRD-NIAADL01.ESS.IEP Placement","Partial match","Missing lineage statement",FALSE,FALSE,"needs-creating","","","",44,0,0,"auto"
"ESS/IEP/Snapshots/IEP_Placement_20230430.QVD","IEP_Placement_20230430.QVD","-",NA,"AZDB-AUE-PRD-NIAADL01.ESS.IEP Placement","Partial match","Missing lineage statement",FALSE,FALSE,"needs-creating","","","",44,0,0,"auto"
"ESS/IEP/Snapshots/IEP_Placement_20230531.QVD","IEP_Placement_20230531.QVD","-",NA,"AZDB-AUE-PRD-NIAADL01.ESS.IEP Placement","Partial match","Missing lineage statement",FALSE,FALSE,"needs-creating","","","",44,0,0,"auto"
"ESS/IEP/Snapshots/IEP_Placement_20230630.QVD","IEP_Placement_20230630.QVD","-",NA,"AZDB-AUE-PRD-NIAADL01.ESS.IEP Placement","Partial match","Missing lineage statement",FALSE,FALSE,"needs-creating","","","",44,0,0,"auto"
"ESS/IEP/Snapshots/IEP_Placement_20230731.QVD","IEP_Placement_20230731.QVD","-",NA,"AZDB-AUE-PRD-NIAADL01.ESS.IEP Placement","Partial match","Missing lineage statement",FALSE,FALSE,"needs-creating","","","",44,0,0,"auto"
"ESS/IEP/Snapshots/IEP_Placement_20230831.QVD","IEP_Placement_20230831.QVD","-",NA,"AZDB-AUE-PRD-NIAADL01.ESS.IEP Placement","Partial match","Missing lineage statement",FALSE,FALSE,"needs-creating","","","",44,0,0,"auto"
"ESS/IEP/Snapshots/IEP_Placement_20230930.QVD","IEP_Placement_20230930.QVD","-",NA,"AZDB-AUE-PRD-NIAADL01.ESS.IEP Placement","Partial match","Missing lineage statement",FALSE,FALSE,"needs-creating","","","",44,0,0,"auto"
"ESS/IEP/Snapshots/IEP_Placement_20231031.QVD","IEP_Placement_20231031.QVD","-",NA,"AZDB-AUE-PRD-NIAADL01.ESS.IEP Placement","Partial match","Missing lineage statement",FALSE,FALSE,"needs-creating","","","",44,0,0,"auto"
"ESS/IEP/Snapshots/IEP_Placement_20231130.QVD","IEP_Placement_20231130.QVD","-",NA,"AZDB-AUE-PRD-NIAADL01.ESS.IEP Placement","Partial match","Missing lineage statement",FALSE,FALSE,"needs-creating","","","",44,0,0,"auto"
"ESS/IEP/Snapshots/IEP_Placement_20231231.QVD","IEP_Placement_20231231.QVD","-",NA,"AZDB-AUE-PRD-NIAADL01.ESS.IEP Placement","Partial match","Missing lineage statement",FALSE,FALSE,"needs-creating","","","",44,0,0,"auto"
"ESS/IEP/Snapshots/IEP_Placement_20240131.QVD","IEP_Placement_20240131.QVD","-",NA,"AZDB-AUE-PRD-NIAADL01.ESS.IEP Placement","Partial match","Missing lineage statement",FALSE,FALSE,"needs-creating","","","",44,0,0,"auto"
"ESS/IEP/Snapshots/IEP_Placement_20240229.QVD","IEP_Placement_20240229.QVD","-",NA,"AZDB-AUE-PRD-NIAADL01.ESS.IEP Placement","Partial match","Missing lineage statement",FALSE,FALSE,"needs-creating","","","",44,0,0,"auto"
"ESS/IEP/BK/0.Sun/IEP_Placement.QVD","IEP_Placement.QVD","-",NA,"AZDB-AUE-PRD-NIAADL01.ESS.IEP Placement","Partial match","Missing lineage statement",FALSE,FALSE,"needs-creating","","","",44,0,0,"auto"
"ESS/IEP/BK/1.Mon/IEP_Placement.QVD","IEP_Placement.QVD","-",NA,"AZDB-AUE-PRD-NIAADL01.ESS.IEP Placement","Partial match","Missing lineage statement",FALSE,FALSE,"needs-creating","","","",44,0,0,"auto"
"ESS/IEP/BK/2.Tue/IEP_Placement.QVD","IEP_Placement.QVD","-",NA,"AZDB-AUE-PRD-NIAADL01.ESS.IEP Placement","Partial match","Missing lineage statement",FALSE,FALSE,"needs-creating","","","",44,0,0,"auto"
"ESS/IEP/BK/3.Wed/IEP_Placement.QVD","IEP_Placement.QVD","-",NA,"AZDB-AUE-PRD-NIAADL01.ESS.IEP Placement","Partial match","Missing lineage statement",FALSE,FALSE,"needs-creating","","","",44,0,0,"auto"
"ESS/IEP/BK/4.Thu/IEP_Placement.QVD","IEP_Placement.QVD","-",NA,"AZDB-AUE-PRD-NIAADL01.ESS.IEP Placement","Partial match","Missing lineage statement",FALSE,FALSE,"needs-creating","","","",44,0,0,"auto"
"ESS/IEP/BK/5.Fri/IEP_Placement.QVD","IEP_Placement.QVD","-",NA,"AZDB-AUE-PRD-NIAADL01.ESS.IEP Placement","Partial match","Missing lineage statement",FALSE,FALSE,"needs-creating","","","",44,0,0,"auto"
"ESS/IEP/BK/6.Sat/IEP_Placement.QVD","IEP_Placement.QVD","-",NA,"AZDB-AUE-PRD-NIAADL01.ESS.IEP Placement","Partial match","Missing lineage statement",FALSE,FALSE,"needs-creating","","","",44,0,0,"auto"
"ESS/IEP/Snapshots/IEP_Provider_20200930.QVD","IEP_Provider_20200930.QVD","-",NA,"AZDB-AUE-PRD-NIAADL01.ESS.IEP Provider","Exact","Missing lineage statement",FALSE,FALSE,"needs-import","fusionload","source organisation","",34,0,0,"auto"
"ESS/IEP/Snapshots/IEP_Provider_20201031.QVD","IEP_Provider_20201031.QVD","-",NA,"AZDB-AUE-PRD-NIAADL01.ESS.IEP Provider","Exact","Missing lineage statement",FALSE,FALSE,"needs-import","fusionload","source organisation","",34,0,0,"auto"
"ESS/IEP/Snapshots/IEP_Provider_20201130.QVD","IEP_Provider_20201130.QVD","-",NA,"AZDB-AUE-PRD-NIAADL01.ESS.IEP Provider","Exact","Missing lineage statement",FALSE,FALSE,"needs-import","fusionload","source organisation","",34,0,0,"auto"
"ESS/IEP/Snapshots/IEP_Provider_20201231.QVD","IEP_Provider_20201231.QVD","-",NA,"AZDB-AUE-PRD-NIAADL01.ESS.IEP Provider","Exact","Missing lineage statement",FALSE,FALSE,"needs-import","fusionload","source organisation","",34,0,0,"auto"
"ESS/IEP/Snapshots/IEP_Provider_20210131.QVD","IEP_Provider_20210131.QVD","-",NA,"AZDB-AUE-PRD-NIAADL01.ESS.IEP Provider","Exact","Missing lineage statement",FALSE,FALSE,"needs-import","fusionload","source organisation","",34,0,0,"auto"
"ESS/IEP/Snapshots/IEP_Provider_20210228.QVD","IEP_Provider_20210228.QVD","-",NA,"AZDB-AUE-PRD-NIAADL01.ESS.IEP Provider","Exact","Missing lineage statement",FALSE,FALSE,"needs-import","fusionload","source organisation","",34,0,0,"auto"
"ESS/IEP/Snapshots/IEP_Provider_20210331.QVD","IEP_Provider_20210331.QVD","-",NA,"AZDB-AUE-PRD-NIAADL01.ESS.IEP Provider","Exact","Missing lineage statement",FALSE,FALSE,"needs-import","fusionload","source organisation","",34,0,0,"auto"
"ESS/IEP/Snapshots/IEP_Provider_20210430.QVD","IEP_Provider_20210430.QVD","-",NA,"AZDB-AUE-PRD-NIAADL01.ESS.IEP Provider","Exact","Missing lineage statement",FALSE,FALSE,"needs-import","fusionload","source organisation","",34,0,0,"auto"
"ESS/IEP/Snapshots/IEP_Provider_20210531.QVD","IEP_Provider_20210531.QVD","-",NA,"AZDB-AUE-PRD-NIAADL01.ESS.IEP Provider","Exact","Missing lineage statement",FALSE,FALSE,"needs-import","fusionload","source organisation","",34,0,0,"auto"
"ESS/IEP/Snapshots/IEP_Provider_20210630.QVD","IEP_Provider_20210630.QVD","-",NA,"AZDB-AUE-PRD-NIAADL01.ESS.IEP Provider","Exact","Missing lineage statement",FALSE,FALSE,"needs-import","fusionload","source organisation","",34,0,0,"auto"
"ESS/IEP/Snapshots/IEP_Provider_20210731.QVD","IEP_Provider_20210731.QVD","-",NA,"AZDB-AUE-PRD-NIAADL01.ESS.IEP Provider","Exact","Missing lineage statement",FALSE,FALSE,"needs-import","fusionload","source organisation","",34,0,0,"auto"
"ESS/IEP/Snapshots/IEP_Provider_20210831.QVD","IEP_Provider_20210831.QVD","-",NA,"AZDB-AUE-PRD-NIAADL01.ESS.IEP Provider","Exact","Missing lineage statement",FALSE,FALSE,"needs-import","fusionload","source organisation","",34,0,0,"auto"
"ESS/IEP/Snapshots/IEP_Provider_20210930.QVD","IEP_Provider_20210930.QVD","-",NA,"AZDB-AUE-PRD-NIAADL01.ESS.IEP Provider","Exact","Missing lineage statement",FALSE,FALSE,"needs-import","fusionload","source organisation","",34,0,0,"auto"
"ESS/IEP/Snapshots/IEP_Provider_20211031.QVD","IEP_Provider_20211031.QVD","-",NA,"AZDB-AUE-PRD-NIAADL01.ESS.IEP Provider","Exact","Missing lineage statement",FALSE,FALSE,"needs-import","fusionload","source organisation","",34,0,0,"auto"
"ESS/IEP/Snapshots/IEP_Provider_20211130.QVD","IEP_Provider_20211130.QVD","-",NA,"AZDB-AUE-PRD-NIAADL01.ESS.IEP Provider","Exact","Missing lineage statement",FALSE,FALSE,"needs-import","fusionload","source organisation","",34,0,0,"auto"
"ESS/IEP/Snapshots/IEP_Provider_20220131.QVD","IEP_Provider_20220131.QVD","-",NA,"AZDB-AUE-PRD-NIAADL01.ESS.IEP Provider","Exact","Missing lineage statement",FALSE,FALSE,"needs-import","fusionload","source organisation","",34,0,0,"auto"
"ESS/IEP/Snapshots/IEP_Provider_20220228.QVD","IEP_Provider_20220228.QVD","-",NA,"AZDB-AUE-PRD-NIAADL01.ESS.IEP Provider","Partial match","Missing lineage statement",FALSE,FALSE,"needs-import","fusionload","source organisation","",34,0,0,"auto"
"ESS/IEP/Snapshots/IEP_Provider_20220331.QVD","IEP_Provider_20220331.QVD","-",NA,"AZDB-AUE-PRD-NIAADL01.ESS.IEP Provider","Partial match","Missing lineage statement",FALSE,FALSE,"needs-import","fusionload","source organisation","",34,0,0,"auto"
"ESS/IEP/Snapshots/IEP_Provider_20220430.QVD","IEP_Provider_20220430.QVD","-",NA,"AZDB-AUE-PRD-NIAADL01.ESS.IEP Provider","Partial match","Missing lineage statement",FALSE,FALSE,"needs-import","fusionload","source organisation","",34,0,0,"auto"
"ESS/IEP/Snapshots/IEP_Provider_20220531.QVD","IEP_Provider_20220531.QVD","-",NA,"AZDB-AUE-PRD-NIAADL01.ESS.IEP Provider","Partial match","Missing lineage statement",FALSE,FALSE,"needs-import","fusionload","source organisation","",34,0,0,"auto"
"ESS/IEP/Snapshots/IEP_Provider_20220630.QVD","IEP_Provider_20220630.QVD","-",NA,"AZDB-AUE-PRD-NIAADL01.ESS.IEP Provider","Partial match","Missing lineage statement",FALSE,FALSE,"needs-import","fusionload","source organisation","",34,0,0,"auto"
"ESS/IEP/Snapshots/IEP_Provider_20220731.QVD","IEP_Provider_20220731.QVD","-",NA,"AZDB-AUE-PRD-NIAADL01.ESS.IEP Provider","Partial match","Missing lineage statement",FALSE,FALSE,"needs-import","fusionload","source organisation","",34,0,0,"auto"
"ESS/IEP/Snapshots/IEP_Provider_20220831.QVD","IEP_Provider_20220831.QVD","-",NA,"AZDB-AUE-PRD-NIAADL01.ESS.IEP Provider","Partial match","Missing lineage statement",FALSE,FALSE,"needs-import","fusionload","source organisation","",34,0,0,"auto"
"ESS/IEP/Snapshots/IEP_Provider_20220930.QVD","IEP_Provider_20220930.QVD","-",NA,"AZDB-AUE-PRD-NIAADL01.ESS.IEP Provider","Partial match","Missing lineage statement",FALSE,FALSE,"needs-import","fusionload","source organisation","",34,0,0,"auto"
"ESS/IEP/Snapshots/IEP_Provider_20221031.QVD","IEP_Provider_20221031.QVD","-",NA,"AZDB-AUE-PRD-NIAADL01.ESS.IEP Provider","Partial match","Missing lineage statement",FALSE,FALSE,"needs-import","fusionload","source organisation","",34,0,0,"auto"
"ESS/IEP/Snapshots/IEP_Provider_20221130.QVD","IEP_Provider_20221130.QVD","-",NA,"AZDB-AUE-PRD-NIAADL01.ESS.IEP Provider","Partial match","Missing lineage statement",FALSE,FALSE,"needs-import","fusionload","source organisation","",34,0,0,"auto"
"ESS/IEP/Snapshots/IEP_Provider_20221231.QVD","IEP_Provider_20221231.QVD","-",NA,"AZDB-AUE-PRD-NIAADL01.ESS.IEP Provider","Partial match","Missing lineage statement",FALSE,FALSE,"needs-import","fusionload","source organisation","",34,0,0,"auto"
"ESS/IEP/Snapshots/IEP_Provider_20230131.QVD","IEP_Provider_20230131.QVD","-",NA,"AZDB-AUE-PRD-NIAADL01.ESS.IEP Provider","Partial match","Missing lineage statement",FALSE,FALSE,"needs-import","fusionload","source organisation","",34,0,0,"auto"
"ESS/IEP/Snapshots/IEP_Provider_20230228.QVD","IEP_Provider_20230228.QVD","-",NA,"AZDB-AUE-PRD-NIAADL01.ESS.IEP Provider","Partial match","Missing lineage statement",FALSE,FALSE,"needs-import","fusionload","source organisation","",34,0,0,"auto"
"ESS/IEP/Snapshots/IEP_Provider_20230331.QVD","IEP_Provider_20230331.QVD","-",NA,"AZDB-AUE-PRD-NIAADL01.ESS.IEP Provider","Partial match","Missing lineage statement",FALSE,FALSE,"needs-import","fusionload","source organisation","",34,0,0,"auto"
"ESS/IEP/Snapshots/IEP_Provider_20230430.QVD","IEP_Provider_20230430.QVD","-",NA,"AZDB-AUE-PRD-NIAADL01.ESS.IEP Provider","Partial match","Missing lineage statement",FALSE,FALSE,"needs-import","fusionload","source organisation","",34,0,0,"auto"
"ESS/IEP/Snapshots/IEP_Provider_20230531.QVD","IEP_Provider_20230531.QVD","-",NA,"AZDB-AUE-PRD-NIAADL01.ESS.IEP Provider","Partial match","Missing lineage statement",FALSE,FALSE,"needs-import","fusionload","source organisation","",34,0,0,"auto"
"ESS/IEP/Snapshots/IEP_Provider_20230630.QVD","IEP_Provider_20230630.QVD","-",NA,"AZDB-AUE-PRD-NIAADL01.ESS.IEP Provider","Partial match","Missing lineage statement",FALSE,FALSE,"needs-import","fusionload","source organisation","",34,0,0,"auto"
"ESS/IEP/Snapshots/IEP_Provider_20230731.QVD","IEP_Provider_20230731.QVD","-",NA,"AZDB-AUE-PRD-NIAADL01.ESS.IEP Provider","Partial match","Missing lineage statement",FALSE,FALSE,"needs-import","fusionload","source organisation","",34,0,0,"auto"
"ESS/IEP/Snapshots/IEP_Provider_20230831.QVD","IEP_Provider_20230831.QVD","-",NA,"AZDB-AUE-PRD-NIAADL01.ESS.IEP Provider","Partial match","Missing lineage statement",FALSE,FALSE,"needs-import","fusionload","source organisation","",34,0,0,"auto"
"ESS/IEP/Snapshots/IEP_Provider_20230930.QVD","IEP_Provider_20230930.QVD","-",NA,"AZDB-AUE-PRD-NIAADL01.ESS.IEP Provider","Partial match","Missing lineage statement",FALSE,FALSE,"needs-import","fusionload","source organisation","",34,0,0,"auto"
"ESS/IEP/Snapshots/IEP_Provider_20231031.QVD","IEP_Provider_20231031.QVD","-",NA,"AZDB-AUE-PRD-NIAADL01.ESS.IEP Provider","Partial match","Missing lineage statement",FALSE,FALSE,"needs-import","fusionload","source organisation","",34,0,0,"auto"
"ESS/IEP/Snapshots/IEP_Provider_20231130.QVD","IEP_Provider_20231130.QVD","-",NA,"AZDB-AUE-PRD-NIAADL01.ESS.IEP Provider","Partial match","Missing lineage statement",FALSE,FALSE,"needs-import","fusionload","source organisation","",34,0,0,"auto"
"ESS/IEP/Snapshots/IEP_Provider_20231231.QVD","IEP_Provider_20231231.QVD","-",NA,"AZDB-AUE-PRD-NIAADL01.ESS.IEP Provider","Partial match","Missing lineage statement",FALSE,FALSE,"needs-import","fusionload","source organisation","",34,0,0,"auto"
"ESS/IEP/Snapshots/IEP_Provider_20240131.QVD","IEP_Provider_20240131.QVD","-",NA,"AZDB-AUE-PRD-NIAADL01.ESS.IEP Provider","Partial match","Missing lineage statement",FALSE,FALSE,"needs-import","fusionload","source organisation","",34,0,0,"auto"
"ESS/IEP/Snapshots/IEP_Provider_20240229.QVD","IEP_Provider_20240229.QVD","-",NA,"AZDB-AUE-PRD-NIAADL01.ESS.IEP Provider","Partial match","Missing lineage statement",FALSE,FALSE,"needs-import","fusionload","source organisation","",34,0,0,"auto"
"ESS/IEP/BK/0.Sun/IEP_Provider.QVD","IEP_Provider.QVD","-",NA,"AZDB-AUE-PRD-NIAADL01.ESS.IEP Provider","Partial match","Missing lineage statement",FALSE,FALSE,"needs-import","fusionload","source organisation","",34,0,0,"auto"
"ESS/IEP/BK/1.Mon/IEP_Provider.QVD","IEP_Provider.QVD","-",NA,"AZDB-AUE-PRD-NIAADL01.ESS.IEP Provider","Partial match","Missing lineage statement",FALSE,FALSE,"needs-import","fusionload","source organisation","",34,0,0,"auto"
"ESS/IEP/BK/2.Tue/IEP_Provider.QVD","IEP_Provider.QVD","-",NA,"AZDB-AUE-PRD-NIAADL01.ESS.IEP Provider","Partial match","Missing lineage statement",FALSE,FALSE,"needs-import","fusionload","source organisation","",34,0,0,"auto"
"ESS/IEP/BK/3.Wed/IEP_Provider.QVD","IEP_Provider.QVD","-",NA,"AZDB-AUE-PRD-NIAADL01.ESS.IEP Provider","Partial match","Missing lineage statement",FALSE,FALSE,"needs-import","fusionload","source organisation","",34,0,0,"auto"
"ESS/IEP/BK/4.Thu/IEP_Provider.QVD","IEP_Provider.QVD","-",NA,"AZDB-AUE-PRD-NIAADL01.ESS.IEP Provider","Partial match","Missing lineage statement",FALSE,FALSE,"needs-import","fusionload","source organisation","",34,0,0,"auto"
"ESS/IEP/BK/5.Fri/IEP_Provider.QVD","IEP_Provider.QVD","-",NA,"AZDB-AUE-PRD-NIAADL01.ESS.IEP Provider","Partial match","Missing lineage statement",FALSE,FALSE,"needs-import","fusionload","source organisation","",34,0,0,"auto"
"ESS/IEP/BK/6.Sat/IEP_Provider.QVD","IEP_Provider.QVD","-",NA,"AZDB-AUE-PRD-NIAADL01.ESS.IEP Provider","Partial match","Missing lineage statement",FALSE,FALSE,"needs-import","fusionload","source organisation","",34,0,0,"auto"
"ESS/CDP/BK/0.Sun/NIAA Staff.QVD","NIAA Staff.QVD","-",NA,"-","No match","Missing lineage statement",FALSE,FALSE,"unmapped","","","",0,0,0,"auto"
"ESS/CDP/BK/1.Mon/NIAA Staff.QVD","NIAA Staff.QVD","-",NA,"-","No match","Missing lineage statement",FALSE,FALSE,"unmapped","","","",0,0,0,"auto"
"ESS/CDP/BK/2.Tue/NIAA Staff.QVD","NIAA Staff.QVD","-",NA,"-","No match","Missing lineage statement",FALSE,FALSE,"unmapped","","","",0,0,0,"auto"
"ESS/CDP/BK/3.Wed/NIAA Staff.QVD","NIAA Staff.QVD","-",NA,"-","No match","Missing lineage statement",FALSE,FALSE,"unmapped","","","",0,0,0,"auto"
"ESS/CDP/BK/4.Thu/NIAA Staff.QVD","NIAA Staff.QVD","-",NA,"-","No match","Missing lineage statement",FALSE,FALSE,"unmapped","","","",0,0,0,"auto"
"ESS/CDP/BK/5.Fri/NIAA Staff.QVD","NIAA Staff.QVD","-",NA,"-","No match","Missing lineage statement",FALSE,FALSE,"unmapped","","","",0,0,0,"auto"
"ESS/CDP/BK/6.Sat/NIAA Staff.QVD","NIAA Staff.QVD","-",NA,"-","No match","Missing lineage statement",FALSE,FALSE,"unmapped","","","",0,0,0,"auto"
"ESS/CDP/NIAA Staff.QVD","NIAA Staff.QVD","-",NA,"-","No match","Missing lineage statement",FALSE,FALSE,"unmapped","","","",0,0,0,"auto"
"ESS/CDP/BK/0.Sun/TWES Claim.QVD","TWES Claim.QVD","-",NA,"AZDB-AUE-PRD-NIAADL01.ESS.TWES Claim","Exact","Missing lineage statement",FALSE,FALSE,"needs-creating","","","",25,0,0,"auto"
"ESS/CDP/BK/1.Mon/TWES Claim.QVD","TWES Claim.QVD","-",NA,"AZDB-AUE-PRD-NIAADL01.ESS.TWES Claim","Exact","Missing lineage statement",FALSE,FALSE,"needs-creating","","","",25,0,0,"auto"
"ESS/CDP/BK/2.Tue/TWES Claim.QVD","TWES Claim.QVD","-",NA,"AZDB-AUE-PRD-NIAADL01.ESS.TWES Claim","Exact","Missing lineage statement",FALSE,FALSE,"needs-creating","","","",25,0,0,"auto"
"ESS/CDP/BK/3.Wed/TWES Claim.QVD","TWES Claim.QVD","-",NA,"AZDB-AUE-PRD-NIAADL01.ESS.TWES Claim","Exact","Missing lineage statement",FALSE,FALSE,"needs-creating","","","",25,0,0,"auto"
"ESS/CDP/BK/4.Thu/TWES Claim.QVD","TWES Claim.QVD","-",NA,"AZDB-AUE-PRD-NIAADL01.ESS.TWES Claim","Exact","Missing lineage statement",FALSE,FALSE,"needs-creating","","","",25,0,0,"auto"
"ESS/CDP/BK/5.Fri/TWES Claim.QVD","TWES Claim.QVD","-",NA,"AZDB-AUE-PRD-NIAADL01.ESS.TWES Claim","Exact","Missing lineage statement",FALSE,FALSE,"needs-creating","","","",25,0,0,"auto"
"ESS/CDP/BK/6.Sat/TWES Claim.QVD","TWES Claim.QVD","-",NA,"AZDB-AUE-PRD-NIAADL01.ESS.TWES Claim","Exact","Missing lineage statement",FALSE,FALSE,"needs-creating","","","",25,0,0,"auto"
"ESS/CDP/BK/0.Sun/TWES CRP.QVD","TWES CRP.QVD","-",NA,"AZDB-AUE-PRD-NIAADL01.ESS.TWES CRP","Partial match","Missing lineage statement",FALSE,FALSE,"needs-creating","","","",14,0,0,"auto"
"ESS/CDP/BK/1.Mon/TWES CRP.QVD","TWES CRP.QVD","-",NA,"AZDB-AUE-PRD-NIAADL01.ESS.TWES CRP","Partial match","Missing lineage statement",FALSE,FALSE,"needs-creating","","","",14,0,0,"auto"
"ESS/CDP/BK/2.Tue/TWES CRP.QVD","TWES CRP.QVD","-",NA,"AZDB-AUE-PRD-NIAADL01.ESS.TWES CRP","Partial match","Missing lineage statement",FALSE,FALSE,"needs-creating","","","",14,0,0,"auto"
"ESS/CDP/BK/3.Wed/TWES CRP.QVD","TWES CRP.QVD","-",NA,"AZDB-AUE-PRD-NIAADL01.ESS.TWES CRP","Partial match","Missing lineage statement",FALSE,FALSE,"needs-creating","","","",14,0,0,"auto"
"ESS/CDP/BK/4.Thu/TWES CRP.QVD","TWES CRP.QVD","-",NA,"AZDB-AUE-PRD-NIAADL01.ESS.TWES CRP","Partial match","Missing lineage statement",FALSE,FALSE,"needs-creating","","","",14,0,0,"auto"
"ESS/CDP/BK/5.Fri/TWES CRP.QVD","TWES CRP.QVD","-",NA,"AZDB-AUE-PRD-NIAADL01.ESS.TWES CRP","Partial match","Missing lineage statement",FALSE,FALSE,"needs-creating","","","",14,0,0,"auto"
"ESS/CDP/BK/6.Sat/TWES CRP.QVD","TWES CRP.QVD","-",NA,"AZDB-AUE-PRD-NIAADL01.ESS.TWES CRP","Partial match","Missing lineage statement",FALSE,FALSE,"needs-creating","","","",14,0,0,"auto"
"ESS/CDP/BK/0.Sun/TWES ESAT.QVD","TWES ESAT.QVD","-",NA,"AZDB-AUE-PRD-NIAADL01.ESS.TWES ESAT","Exact","Missing lineage statement",FALSE,FALSE,"needs-creating","","","",12,0,0,"auto"
"ESS/CDP/BK/1.Mon/TWES ESAT.QVD","TWES ESAT.QVD","-",NA,"AZDB-AUE-PRD-NIAADL01.ESS.TWES ESAT","Exact","Missing lineage statement",FALSE,FALSE,"needs-creating","","","",12,0,0,"auto"
"ESS/CDP/BK/2.Tue/TWES ESAT.QVD","TWES ESAT.QVD","-",NA,"AZDB-AUE-PRD-NIAADL01.ESS.TWES ESAT","Exact","Missing lineage statement",FALSE,FALSE,"needs-creating","","","",12,0,0,"auto"
"ESS/CDP/BK/3.Wed/TWES ESAT.QVD","TWES ESAT.QVD","-",NA,"AZDB-AUE-PRD-NIAADL01.ESS.TWES ESAT","Exact","Missing lineage statement",FALSE,FALSE,"needs-creating","","","",12,0,0,"auto"
"ESS/CDP/BK/4.Thu/TWES ESAT.QVD","TWES ESAT.QVD","-",NA,"AZDB-AUE-PRD-NIAADL01.ESS.TWES ESAT","Exact","Missing lineage statement",FALSE,FALSE,"needs-creating","","","",12,0,0,"auto"
"ESS/CDP/BK/5.Fri/TWES ESAT.QVD","TWES ESAT.QVD","-",NA,"AZDB-AUE-PRD-NIAADL01.ESS.TWES ESAT","Exact","Missing lineage statement",FALSE,FALSE,"needs-creating","","","",12,0,0,"auto"
"ESS/CDP/BK/6.Sat/TWES ESAT.QVD","TWES ESAT.QVD","-",NA,"AZDB-AUE-PRD-NIAADL01.ESS.TWES ESAT","Exact","Missing lineage statement",FALSE,FALSE,"needs-creating","","","",12,0,0,"auto"
"ESS/CDP/BK/0.Sun/TWES Job Seeker.QVD","TWES Job Seeker.QVD","-",NA,"AZDB-AUE-PRD-NIAADL01.ESS.TWES Job Seeker","Exact","Missing lineage statement",FALSE,FALSE,"needs-creating","","","",4,0,0,"auto"
"ESS/CDP/BK/1.Mon/TWES Job Seeker.QVD","TWES Job Seeker.QVD","-",NA,"AZDB-AUE-PRD-NIAADL01.ESS.TWES Job Seeker","Exact","Missing lineage statement",FALSE,FALSE,"needs-creating","","","",4,0,0,"auto"
"ESS/CDP/BK/2.Tue/TWES Job Seeker.QVD","TWES Job Seeker.QVD","-",NA,"AZDB-AUE-PRD-NIAADL01.ESS.TWES Job Seeker","Exact","Missing lineage statement",FALSE,FALSE,"needs-creating","","","",4,0,0,"auto"
"ESS/CDP/BK/3.Wed/TWES Job Seeker.QVD","TWES Job Seeker.QVD","-",NA,"AZDB-AUE-PRD-NIAADL01.ESS.TWES Job Seeker","Exact","Missing lineage statement",FALSE,FALSE,"needs-creating","","","",4,0,0,"auto"
"ESS/CDP/BK/4.Thu/TWES Job Seeker.QVD","TWES Job Seeker.QVD","-",NA,"AZDB-AUE-PRD-NIAADL01.ESS.TWES Job Seeker","Exact","Missing lineage statement",FALSE,FALSE,"needs-creating","","","",4,0,0,"auto"
"ESS/CDP/BK/5.Fri/TWES Job Seeker.QVD","TWES Job Seeker.QVD","-",NA,"AZDB-AUE-PRD-NIAADL01.ESS.TWES Job Seeker","Exact","Missing lineage statement",FALSE,FALSE,"needs-creating","","","",4,0,0,"auto"
"ESS/CDP/BK/6.Sat/TWES Job Seeker.QVD","TWES Job Seeker.QVD","-",NA,"AZDB-AUE-PRD-NIAADL01.ESS.TWES Job Seeker","Exact","Missing lineage statement",FALSE,FALSE,"needs-creating","","","",4,0,0,"auto"
"ESS/CDP/BK/0.Sun/TWES JSCI.QVD","TWES JSCI.QVD","-",NA,"AZDB-AUE-PRD-NIAADL01.ESS.TWES JSCI","Exact","Missing lineage statement",FALSE,FALSE,"needs-creating","","","",8,0,0,"auto"
"ESS/CDP/BK/1.Mon/TWES JSCI.QVD","TWES JSCI.QVD","-",NA,"AZDB-AUE-PRD-NIAADL01.ESS.TWES JSCI","Exact","Missing lineage statement",FALSE,FALSE,"needs-creating","","","",8,0,0,"auto"
"ESS/CDP/BK/2.Tue/TWES JSCI.QVD","TWES JSCI.QVD","-",NA,"AZDB-AUE-PRD-NIAADL01.ESS.TWES JSCI","Exact","Missing lineage statement",FALSE,FALSE,"needs-creating","","","",8,0,0,"auto"
"ESS/CDP/BK/3.Wed/TWES JSCI.QVD","TWES JSCI.QVD","-",NA,"AZDB-AUE-PRD-NIAADL01.ESS.TWES JSCI","Exact","Missing lineage statement",FALSE,FALSE,"needs-creating","","","",8,0,0,"auto"
"ESS/CDP/BK/4.Thu/TWES JSCI.QVD","TWES JSCI.QVD","-",NA,"AZDB-AUE-PRD-NIAADL01.ESS.TWES JSCI","Exact","Missing lineage statement",FALSE,FALSE,"needs-creating","","","",8,0,0,"auto"
"ESS/CDP/BK/5.Fri/TWES JSCI.QVD","TWES JSCI.QVD","-",NA,"AZDB-AUE-PRD-NIAADL01.ESS.TWES JSCI","Exact","Missing lineage statement",FALSE,FALSE,"needs-creating","","","",8,0,0,"auto"
"ESS/CDP/BK/6.Sat/TWES JSCI.QVD","TWES JSCI.QVD","-",NA,"AZDB-AUE-PRD-NIAADL01.ESS.TWES JSCI","Exact","Missing lineage statement",FALSE,FALSE,"needs-creating","","","",8,0,0,"auto"
"ESS/CDP/Delete/TWES JSK.QVD","TWES JSK.QVD","-",NA,"AZDB-AUE-PRD-NIAADL01.ESS.TWES Job Seeker","Exact","Missing lineage statement",FALSE,FALSE,"needs-creating","","","",4,0,0,"auto"
"ESS/CDP/BK/0.Sun/TWES Site Contract.QVD","TWES Site Contract.QVD","-",NA,"AZDB-AUE-PRD-NIAADL01.ESS.TWES Site Contract","Likely subset","Missing lineage statement",FALSE,FALSE,"needs-creating","","","",34,0,0,"auto"
"ESS/CDP/BK/1.Mon/TWES Site Contract.QVD","TWES Site Contract.QVD","-",NA,"AZDB-AUE-PRD-NIAADL01.ESS.TWES Site Contract","Likely subset","Missing lineage statement",FALSE,FALSE,"needs-creating","","","",34,0,0,"auto"
"ESS/CDP/BK/2.Tue/TWES Site Contract.QVD","TWES Site Contract.QVD","-",NA,"AZDB-AUE-PRD-NIAADL01.ESS.TWES Site Contract","Likely subset","Missing lineage statement",FALSE,FALSE,"needs-creating","","","",34,0,0,"auto"
"ESS/CDP/BK/3.Wed/TWES Site Contract.QVD","TWES Site Contract.QVD","-",NA,"AZDB-AUE-PRD-NIAADL01.ESS.TWES Site Contract","Likely subset","Missing lineage statement",FALSE,FALSE,"needs-creating","","","",34,0,0,"auto"
"ESS/CDP/BK/4.Thu/TWES Site Contract.QVD","TWES Site Contract.QVD","-",NA,"AZDB-AUE-PRD-NIAADL01.ESS.TWES Site Contract","Likely subset","Missing lineage statement",FALSE,FALSE,"needs-creating","","","",34,0,0,"auto"
"ESS/CDP/BK/5.Fri/TWES Site Contract.QVD","TWES Site Contract.QVD","-",NA,"AZDB-AUE-PRD-NIAADL01.ESS.TWES Site Contract","Likely subset","Missing lineage statement",FALSE,FALSE,"needs-creating","","","",34,0,0,"auto"
"ESS/CDP/BK/6.Sat/TWES Site Contract.QVD","TWES Site Contract.QVD","-",NA,"AZDB-AUE-PRD-NIAADL01.ESS.TWES Site Contract","Likely subset","Missing lineage statement",FALSE,FALSE,"needs-creating","","","",34,0,0,"auto"
"ESS/CDP/BK/0.Sun/TWES Transition Plan.QVD","TWES Transition Plan.QVD","-",NA,"AZDB-AUE-PRD-NIAADL01.ESS.TWES Transition Plan","Exact","Missing lineage statement",FALSE,FALSE,"needs-creating","","","",22,0,0,"auto"
"ESS/CDP/BK/1.Mon/TWES Transition Plan.QVD","TWES Transition Plan.QVD","-",NA,"AZDB-AUE-PRD-NIAADL01.ESS.TWES Transition Plan","Exact","Missing lineage statement",FALSE,FALSE,"needs-creating","","","",22,0,0,"auto"
"ESS/CDP/BK/2.Tue/TWES Transition Plan.QVD","TWES Transition Plan.QVD","-",NA,"AZDB-AUE-PRD-NIAADL01.ESS.TWES Transition Plan","Exact","Missing lineage statement",FALSE,FALSE,"needs-creating","","","",22,0,0,"auto"
"ESS/CDP/BK/3.Wed/TWES Transition Plan.QVD","TWES Transition Plan.QVD","-",NA,"AZDB-AUE-PRD-NIAADL01.ESS.TWES Transition Plan","Exact","Missing lineage statement",FALSE,FALSE,"needs-creating","","","",22,0,0,"auto"
"ESS/CDP/BK/4.Thu/TWES Transition Plan.QVD","TWES Transition Plan.QVD","-",NA,"AZDB-AUE-PRD-NIAADL01.ESS.TWES Transition Plan","Exact","Missing lineage statement",FALSE,FALSE,"needs-creating","","","",22,0,0,"auto"
"ESS/CDP/BK/5.Fri/TWES Transition Plan.QVD","TWES Transition Plan.QVD","-",NA,"AZDB-AUE-PRD-NIAADL01.ESS.TWES Transition Plan","Exact","Missing lineage statement",FALSE,FALSE,"needs-creating","","","",22,0,0,"auto"
"ESS/CDP/BK/6.Sat/TWES Transition Plan.QVD","TWES Transition Plan.QVD","-",NA,"AZDB-AUE-PRD-NIAADL01.ESS.TWES Transition Plan","Exact","Missing lineage statement",FALSE,FALSE,"needs-creating","","","",22,0,0,"auto"
"NACCHO/Member Name Locations.qvd","Member Name Locations.qvd","NACCHO QVD Generator",10,"AZDB-AUE-PRD-NIAADL01.NACCHO.Member Name Locations","Exact","Simple",FALSE,FALSE,"needs-creating","","","",9,0,0,"auto"
"SSR/archive/Adjustment Appraisals.qvd","Adjustment Appraisals.qvd","-",NA,"AZDB-AUE-PRD-NIAADL01.ESS_DEV.ACT_ATTENDANCE","Partial match","Simple",FALSE,TRUE,"needs-creating","","","",40,0,0,"auto"
"SSR/archive/Adjustment Tracker.qvd","Adjustment Tracker.qvd","-",NA,"AZDB-AUE-PRD-NIAADL01.SCSO.Activity","Partial match","Simple",FALSE,TRUE,"needs-creating","","","",9,0,0,"auto"
"SSR/archive/Delivery Adjustment.qvd","Delivery Adjustment.qvd","-",NA,"AZDB-AUE-PRD-NIAADL01.ESS.IEP_ACTIVITY_PRE_ESS_WEB","Partial match","Simple",FALSE,TRUE,"needs-creating","","","",130,0,0,"auto"
"SSR/archive/Grant Activity Milestone.qvd","Grant Activity Milestone.qvd","-",NA,"AZDB-AUE-PRD-NIAADL01.GPS.Grant Activity Milestone - Old","Exact","Simple",FALSE,TRUE,"retarget-incomplete","GPS","Milestone Overdue Month","lib://Curated data Store:DataFiles/10 Landing Area/GPS/Milestone Overdue Month.qvd",39,8,31,"auto"
"SSR/archive/Milestone Overdue Month.qvd","Milestone Overdue Month.qvd","-",NA,"AZDB-AUE-PRD-NIAADL01.GPS.Milestone Overdue Month","Exact","Simple",FALSE,FALSE,"needs-creating","","","",3,0,0,"auto"
"SSR/archive/Overdue Milestone Reason.qvd","Overdue Milestone Reason.qvd","-",NA,"AZDB-AUE-PRD-NIAADL01.GPS_Test.GPS_Milestone_A","Partial match","Simple",FALSE,TRUE,"needs-creating","","","",39,0,0,"auto"
"SSR/archive/Published Grants.qvd","Published Grants.qvd","-",NA,"AZDB-AUE-PRD-NIAADL01.GRANTS.Published Grants","Likely subset","Simple",FALSE,TRUE,"needs-creating","","","",45,0,0,"auto"
"SSR/archive/RGU Staff.qvd","RGU Staff.qvd","-",NA,"AZDB-AUE-PRD-NIAADL01.CRM.Contacts","Partial match","Simple",FALSE,FALSE,"retarget-incomplete","CRM","Linking Table","lib://Curated data Store:DataFiles/10 Landing Area/CRM/Linking Table.qvd",30,11,27,"auto"
"SSR/Activity Milestone Region.qvd","Activity Milestone Region.qvd","AZURE SSR QVD Generator",NA,"-","No match","Simple",FALSE,TRUE,"unmapped","","","",0,0,0,"auto"
"SSR/archive/Activity Milestone Region.qvd","Activity Milestone Region.qvd","AZURE SSR QVD Generator",NA,"-","No match","Simple",FALSE,TRUE,"unmapped","","","",0,0,0,"auto"
"SSR/Activity Purchase Order.qvd","Activity Purchase Order.qvd","AZURE SSR QVD Generator",NA,"AZDB-AUE-PRD-NIAADL01.GPS.Grant Activity Milestone","Likely subset","Simple",FALSE,TRUE,"retarget-incomplete","GPS","Grant Activity Missing Milestone","lib://Curated data Store:DataFiles/10 Landing Area/GPS/Grant Activity Missing Milestone.qvd",32,43,28,"auto"
"SSR/archive/Activity Purchase Order.qvd","Activity Purchase Order.qvd","AZURE SSR QVD Generator",NA,"AZDB-AUE-PRD-NIAADL01.GPS.Grant Activity Milestone","Likely subset","Simple",FALSE,TRUE,"retarget-incomplete","GPS","Grant Activity Missing Milestone","lib://Curated data Store:DataFiles/10 Landing Area/GPS/Grant Activity Missing Milestone.qvd",32,43,28,"auto"
"SSR/archive/Grant Activity Acquittal.qvd","Grant Activity Acquittal.qvd","AZURE SSR QVD Generator",NA,"AZDB-AUE-PRD-NIAADL01.GPS.Grant Activity Acquittal","Partial match","Complex",FALSE,TRUE,"needs-import","fusionload","grant activity review","",30,0,0,"auto"
"SSR/Grant Activity Acquittal.qvd","Grant Activity Acquittal.qvd","AZURE SSR QVD Generator",NA,"AZDB-AUE-PRD-NIAADL01.GPS.Grant Activity Acquittal","Partial match","Complex",FALSE,TRUE,"needs-import","fusionload","grant activity review","",30,0,0,"auto"
"SSR/Overdue Milestone Reason.qvd","Overdue Milestone Reason.qvd","AZURE SSR QVD Generator",NA,"AZDB-AUE-PRD-NIAADL01.GPS_Test.GPS_Milestone_A","Partial match","Simple",FALSE,TRUE,"needs-creating","","","",39,0,0,"auto"
"ESS/IEP/Snapshots/CDP_Contract_Referral_Placement_20211231.QVD","CDP_Contract_Referral_Placement_20211231.QVD","-",NA,"AZDB-AUE-PRD-NIAADL01.ESS.NIAA_CDP_Contract_Referral_Placement","Partial match","Missing lineage statement",FALSE,FALSE,"needs-creating","","","",21,0,0,"auto"
"ESS/IEP/Snapshots/CDP_Job_Seeker_20211231.QVD","CDP_Job_Seeker_20211231.QVD","-",NA,"AZDB-AUE-PRD-NIAADL01.ESS.CDP Job Seeker","Partial match","Missing lineage statement",FALSE,FALSE,"needs-creating","","","",30,0,0,"auto"
"ESS/IEP/Snapshots/IEP_Activity_20211231.QVD","IEP_Activity_20211231.QVD","-",NA,"AZDB-AUE-PRD-NIAADL01.ESS.IEP Activity","Likely subset","Missing lineage statement",FALSE,FALSE,"needs-creating","","","",39,0,0,"auto"
"ESS/IEP/Snapshots/IEP_Activity_Contact_20211231.QVD","IEP_Activity_Contact_20211231.QVD","-",NA,"AZDB-AUE-PRD-NIAADL01.ESS.IEP Activity Contact","Likely subset","Missing lineage statement",FALSE,FALSE,"needs-import","fusionload","grant activity","",11,0,0,"auto"
"ESS/IEP/Snapshots/IEP_Activity_Expenditure_20211231.QVD","IEP_Activity_Expenditure_20211231.QVD","-",NA,"AZDB-AUE-PRD-NIAADL01.ESS.IEP Activity Expenditure","Exact","Missing lineage statement",FALSE,FALSE,"retarget-incomplete","ESS","FUSION IEP Activity","lib://Curated data Store:DataFiles/10 Landing Area/ESS/FUSION IEP Activity.qvd",11,68,9,"auto"
"ESS/IEP/Snapshots/IEP_Claim_Payments_20211231.QVD","IEP_Claim_Payments_20211231.QVD","-",NA,"AZDB-AUE-PRD-NIAADL01.ESS.IEP Claim Payments","Partial match","Missing lineage statement",FALSE,FALSE,"needs-creating","","","",20,0,0,"auto"
"ESS/IEP/Snapshots/IEP_Job_Seeker_20211231.QVD","IEP_Job_Seeker_20211231.QVD","-",NA,"AZDB-AUE-PRD-NIAADL01.ESS.IEP Job Seeker","Exact","Missing lineage statement",FALSE,FALSE,"needs-creating","","","",15,0,0,"auto"
"ESS/IEP/Snapshots/IEP_LOCATIONS_20211231.QVD","IEP_LOCATIONS_20211231.QVD","-",NA,"AZDB-AUE-PRD-NIAADL01.ESS.IEP Locations","Exact","Missing lineage statement",FALSE,FALSE,"needs-creating","","","",7,0,0,"auto"
"ESS/IEP/Snapshots/IEP_Outcome_20211231.QVD","IEP_Outcome_20211231.QVD","-",NA,"AZDB-AUE-PRD-NIAADL01.ESS.IEP Outcome","Exact","Missing lineage statement",FALSE,FALSE,"retarget-incomplete","ESS","IEP Outcome Max Paid Week","lib://Curated data Store:DataFiles/10 Landing Area/ESS/IEP Outcome Max Paid Week.qvd",20,4,16,"auto"
"ESS/IEP/Snapshots/IEP_Placement_20211231.QVD","IEP_Placement_20211231.QVD","-",NA,"AZDB-AUE-PRD-NIAADL01.ESS.IEP Placement","Partial match","Missing lineage statement",FALSE,FALSE,"needs-creating","","","",44,0,0,"auto"
"ESS/IEP/Snapshots/IEP_Provider_20211231.QVD","IEP_Provider_20211231.QVD","-",NA,"AZDB-AUE-PRD-NIAADL01.ESS.IEP Provider","Exact","Missing lineage statement",FALSE,FALSE,"needs-import","fusionload","source organisation","",34,0,0,"auto"
"NIAA/Glossary.QVD","Glossary.QVD","-",NA,"AZDB-AUE-PRD-NIAADL01.NIAA.Glossary","Likely subset","Simple",FALSE,FALSE,"retarget-incomplete","NIAA","Glossary Detail","lib://Curated data Store:DataFiles/10 Landing Area/NIAA/Glossary Detail.qvd",28,24,4,"auto"
"ESS/CDP/Remote Employment Organisation Indigeneity.QVD","Remote Employment Organisation Indigeneity.QVD","Remote Employment(2)",13,"AZDB-AUE-PRD-NIAADL01.ESS.Remote Employment Organisation Indigeneity","Exact","Simple",FALSE,FALSE,"needs-creating","","","",10,0,0,"auto"
"ESS/CDP/CDP Activity Attendance Monthly Rollup.QVD","CDP Activity Attendance Monthly Rollup.QVD","02 ESS QVD Builder Finalisation CDP & IEP",13,"AZDB-AUE-PRD-NIAADL01.ESS.CDP Activity Attendance Monthly Rollup","Exact","Missing lineage statement",FALSE,FALSE,"needs-creating","","","",6,0,0,"auto"
"ESS/CDP/CDP Activity Attendance Result Monthly Rollup Pivoted.QVD","CDP Activity Attendance Result Monthly Rollup Pivoted.QVD","02 ESS QVD Builder Finalisation CDP & IEP",NA,"AZDB-AUE-PRD-NIAADL01.ESS.CDP Activity Attendance Result Monthly Rollup Pivoted","Exact","Missing lineage statement",FALSE,FALSE,"needs-creating","","","",8,0,0,"auto"
"ESS/CDP/CDP Activity Attendance Result Monthly Rollup.QVD","CDP Activity Attendance Result Monthly Rollup.QVD","02 ESS QVD Builder Finalisation CDP & IEP",NA,"-","No match","Missing lineage statement",FALSE,FALSE,"unmapped","","","",0,0,0,"auto"
"ESS/CDP/CDP Activity Attendance Result.QVD","CDP Activity Attendance Result.QVD","02 ESS QVD Builder Finalisation CDP & IEP",1,"AZDB-AUE-PRD-NIAADL01.ESS.CDP Activity Attendance Result","Exact","Missing lineage statement",FALSE,FALSE,"needs-creating","","","",14,0,0,"auto"
"ESS/CDP/CDP Activity Attendance.QVD","CDP Activity Attendance.QVD","02 ESS QVD Builder Finalisation CDP & IEP",1,"AZDB-AUE-PRD-NIAADL01.ESS.CDP Activity Attendance","Exact","Missing lineage statement",FALSE,FALSE,"needs-creating","","","",12,0,0,"auto"
"ESS/CDP/CDP Activity Referral Placement.QVD","CDP Activity Referral Placement.QVD","02 ESS QVD Builder Finalisation CDP & IEP",17,"AZDB-AUE-PRD-NIAADL01.ESS.CDP Activity Referral Placement","Exact","Missing lineage statement",FALSE,FALSE,"needs-creating","","","",25,0,0,"auto"
"ESS/CDP/CDP Activity.QVD","CDP Activity.QVD","02 ESS QVD Builder Finalisation CDP & IEP",1,"AZDB-AUE-PRD-NIAADL01.ESS.CDP Activity","Exact","Missing lineage statement",FALSE,FALSE,"needs-creating","","","",24,0,0,"auto"
"ESS/CDP/CDP Age Group.QVD","CDP Age Group.QVD","02 ESS QVD Builder Finalisation CDP & IEP",14,"AZDB-AUE-PRD-NIAADL01.ESS.CDP Age Group","Exact","Missing lineage statement",FALSE,FALSE,"needs-creating","","","",4,0,0,"auto"
"ESS/CDP/CDP API Subs Data Currency.QVD","CDP API Subs Data Currency.QVD","02 ESS QVD Builder Finalisation CDP & IEP",NA,"AZDB-AUE-PRD-NIAADL01.ESS.CDP API Subs Data Currency","Exact","Missing lineage statement",FALSE,FALSE,"needs-creating","","","",3,0,0,"auto"
"ESS/CDP/CDP Barrier Job Plan Activity Link.QVD","CDP Barrier Job Plan Activity Link.QVD","02 ESS QVD Builder Finalisation CDP & IEP",14,"AZDB-AUE-PRD-NIAADL01.ESS.CDP Barrier Job Plan Activity Link","Exact","Missing lineage statement",FALSE,FALSE,"needs-creating","","","",3,0,0,"auto"
"ESS/CDP/CDP Barrier Job Plan Assistance Link.QVD","CDP Barrier Job Plan Assistance Link.QVD","02 ESS QVD Builder Finalisation CDP & IEP",14,"AZDB-AUE-PRD-NIAADL01.ESS.CDP Barrier Job Plan Assistance Link","Exact","Missing lineage statement",FALSE,FALSE,"needs-creating","","","",3,0,0,"auto"
"ESS/CDP/CDP Barrier.QVD","CDP Barrier.QVD","02 ESS QVD Builder Finalisation CDP & IEP",14,"AZDB-AUE-PRD-NIAADL01.ESS.CDP Barrier","Exact","Missing lineage statement",FALSE,FALSE,"needs-creating","","","",18,0,0,"auto"
"ESS/CDP/CDP Caseload Last 7 Days.QVD","CDP Caseload Last 7 Days.QVD","02 ESS QVD Builder Finalisation CDP & IEP",10,"AZDB-AUE-PRD-NIAADL01.ESS.CDP Caseload Last 7 Days","Exact","Missing lineage statement",FALSE,FALSE,"needs-creating","","","",6,0,0,"auto"
"ESS/CDP/CDP Caseload Month End.QVD","CDP Caseload Month End.QVD","02 ESS QVD Builder Finalisation CDP & IEP",15,"AZDB-AUE-PRD-NIAADL01.ESS.CDP Caseload Month End","Exact","Missing lineage statement",FALSE,FALSE,"needs-creating","","","",8,0,0,"auto"
"ESS/CDP/CDP Caseload Tracking By Month & Age Group.QVD","CDP Caseload Tracking By Month & Age Group.QVD","02 ESS QVD Builder Finalisation CDP & IEP",NA,"AZDB-AUE-PRD-NIAADL01.ESS.CDP Caseload Tracking By Month & Age Group","Exact","Missing lineage statement",FALSE,FALSE,"needs-creating","","","",6,0,0,"auto"
"ESS/CDP/CDP Caseload Tracking By Month & CDP Region.QVD","CDP Caseload Tracking By Month & CDP Region.QVD","02 ESS QVD Builder Finalisation CDP & IEP",NA,"AZDB-AUE-PRD-NIAADL01.ESS.CDP Caseload Tracking By Month & CDP Region","Exact","Missing lineage statement",FALSE,FALSE,"needs-creating","","","",6,0,0,"auto"
"ESS/CDP/CDP Caseload Tracking By Month & Indigenous Status.QVD","CDP Caseload Tracking By Month & Indigenous Status.QVD","02 ESS QVD Builder Finalisation CDP & IEP",NA,"AZDB-AUE-PRD-NIAADL01.ESS.CDP Caseload Tracking By Month & Indigenous Status","Exact","Missing lineage statement",FALSE,FALSE,"needs-creating","","","",6,0,0,"auto"
"ESS/CDP/CDP Caseload Tracking By Month.QVD","CDP Caseload Tracking By Month.QVD","02 ESS QVD Builder Finalisation CDP & IEP",NA,"AZDB-AUE-PRD-NIAADL01.ESS.CDP Caseload Tracking By Month","Exact","Missing lineage statement",FALSE,FALSE,"needs-creating","","","",5,0,0,"auto"
"ESS/CDP/CDP Caseload.QVD","CDP Caseload.QVD","02 ESS QVD Builder Finalisation CDP & IEP",16,"AZDB-AUE-PRD-NIAADL01.ESS.CDP Caseload","Exact","Missing lineage statement",FALSE,FALSE,"needs-creating","","","",23,0,0,"auto"
"ESS/CDP/CDP CCRJ Code Table.QVD","CDP CCRJ Code Table.QVD","02 ESS QVD Builder Finalisation CDP & IEP",10,"AZDB-AUE-PRD-NIAADL01.ESS.CDP CCRJ Code Table","Exact","Missing lineage statement",FALSE,FALSE,"needs-creating","","","",9,0,0,"auto"
"ESS/CDP/CDP Claim.QVD","CDP Claim.QVD","02 ESS QVD Builder Finalisation CDP & IEP",NA,"AZDB-AUE-PRD-NIAADL01.ESS.CDP Claim","Exact","Missing lineage statement",FALSE,FALSE,"needs-creating","","","",51,0,0,"auto"
"ESS/CDP/CDP Contract.QVD","CDP Contract.QVD","02 ESS QVD Builder Finalisation CDP & IEP",NA,"AZDB-AUE-PRD-NIAADL01.ESS.CDP Contract","Exact","Missing lineage statement",FALSE,FALSE,"retarget-incomplete","ESS","CDP PPR Result History","lib://Curated data Store:DataFiles/10 Landing Area/ESS/CDP PPR Result History.qvd",13,13,7,"auto"
"ESS/CDP/CDP Employment Placement History.QVD","CDP Employment Placement History.QVD","02 ESS QVD Builder Finalisation CDP & IEP",NA,"AZDB-AUE-PRD-NIAADL01.ESS.CDP Employment Placement History_obsolete","Exact","Missing lineage statement",FALSE,FALSE,"needs-creating","","","",32,0,0,"auto"
"ESS/CDP/CDP Employment Placement.QVD","CDP Employment Placement.QVD","02 ESS QVD Builder Finalisation CDP & IEP",NA,"AZDB-AUE-PRD-NIAADL01.ESS_DEV.CDP Employment Placement","Likely subset","Missing lineage statement",FALSE,FALSE,"needs-creating","","","",43,0,0,"auto"
"ESS/CDP/CDP Estimated Grant Value FY.QVD","CDP Estimated Grant Value FY.QVD","02 ESS QVD Builder Finalisation CDP & IEP",NA,"AZDB-AUE-PRD-NIAADL01.ESS.CDP Estimated Grant Value FY","Exact","Missing lineage statement",FALSE,FALSE,"needs-creating","","","",5,0,0,"auto"
"ESS/CDP/CDP Grant Activity Site Location.QVD","CDP Grant Activity Site Location.QVD","02 ESS QVD Builder Finalisation CDP & IEP",NA,"AZDB-AUE-PRD-NIAADL01.ESS.CDP Grant Activity Site Location","Exact","Missing lineage statement",FALSE,FALSE,"needs-import","fusionload","grant activity location","",15,0,0,"auto"
"ESS/CDP/CDP Grant Activity updated.QVD","CDP Grant Activity updated.QVD","02 ESS QVD Builder Finalisation CDP & IEP",NA,"AZDB-AUE-PRD-NIAADL01.ESS.CDP Grant Activity updated","Exact","Missing lineage statement",FALSE,FALSE,"needs-creating","","","",23,0,0,"auto"
"ESS/CDP/CDP Grant Activity.QVD","CDP Grant Activity.QVD","02 ESS QVD Builder Finalisation CDP & IEP",NA,"AZDB-AUE-PRD-NIAADL01.ESS.CDP Grant Activity","Exact","Missing lineage statement",FALSE,FALSE,"retarget-incomplete","ESS","CDP Grant Activity Site Location","lib://Curated data Store:DataFiles/10 Landing Area/ESS/CDP Grant Activity Site Location.qvd",30,18,27,"auto"
"ESS/CDP/CDP Grant Detail.QVD","CDP Grant Detail.QVD","02 ESS QVD Builder Finalisation CDP & IEP",NA,"AZDB-AUE-PRD-NIAADL01.ESS.CDP Grant Detail","Exact","Missing lineage statement",FALSE,FALSE,"needs-creating","","","",18,0,0,"auto"
"ESS/CDP/CDP Grant Estimated Expenditure FY.QVD","CDP Grant Estimated Expenditure FY.QVD","02 ESS QVD Builder Finalisation CDP & IEP",NA,"AZDB-AUE-PRD-NIAADL01.ESS.CDP Grant Estimated Expenditure FY","Exact","Missing lineage statement",FALSE,FALSE,"retarget-incomplete","ESS","CDP Grant Activity Site Location","lib://Curated data Store:DataFiles/10 Landing Area/ESS/CDP Grant Activity Site Location.qvd",10,18,8,"auto"
"ESS/CDP/CDP Grants List.QVD","CDP Grants List.QVD","02 ESS QVD Builder Finalisation CDP & IEP",NA,"AZDB-AUE-PRD-NIAADL01.ESS.CDP Grants List","Exact","Missing lineage statement",FALSE,FALSE,"retarget-incomplete","ESS","FUSION CDP Activity","lib://Curated data Store:DataFiles/10 Landing Area/ESS/FUSION CDP Activity.qvd",17,44,9,"auto"
"ESS/CDP/CDP Income Support Payment Rate.QVD","CDP Income Support Payment Rate.QVD","02 ESS QVD Builder Finalisation CDP & IEP",NA,"AZDB-AUE-PRD-NIAADL01.ESS.CDP Income Support Payment Rate","Exact","Missing lineage statement",FALSE,FALSE,"needs-creating","","","",10,0,0,"auto"
"ESS/CDP/CDP Income Support Rate.QVD","CDP Income Support Rate.QVD","02 ESS QVD Builder Finalisation CDP & IEP",NA,"AZDB-AUE-PRD-NIAADL01.ESS.CDP Income Support Payment Rate","Partial match","Missing lineage statement",FALSE,FALSE,"needs-creating","","","",10,0,0,"auto"
"ESS/CDP/CDP Job Plan Activity Detail.QVD","CDP Job Plan Activity Detail.QVD","02 ESS QVD Builder Finalisation CDP & IEP",14,"AZDB-AUE-PRD-NIAADL01.ESS.CDP Job Plan Activity Detail","Exact","Missing lineage statement",FALSE,FALSE,"needs-creating","","","",7,0,0,"auto"
"ESS/CDP/CDP Job Plan Activity.QVD","CDP Job Plan Activity.QVD","02 ESS QVD Builder Finalisation CDP & IEP",14,"AZDB-AUE-PRD-NIAADL01.ESS.CDP Job Plan Activity","Exact","Missing lineage statement",FALSE,FALSE,"needs-creating","","","",13,0,0,"auto"
"ESS/CDP/CDP Job Plan Assistance.QVD","CDP Job Plan Assistance.QVD","02 ESS QVD Builder Finalisation CDP & IEP",14,"AZDB-AUE-PRD-NIAADL01.ESS.CDP Job Plan Assistance","Exact","Missing lineage statement",FALSE,FALSE,"needs-creating","","","",8,0,0,"auto"
"ESS/CDP/CDP Job Plan.QVD","CDP Job Plan.QVD","02 ESS QVD Builder Finalisation CDP & IEP",14,"AZDB-AUE-PRD-NIAADL01.ESS.CDP Job Plan","Exact","Missing lineage statement",FALSE,FALSE,"needs-creating","","","",10,0,0,"auto"
"ESS/CDP/CDP Job Seeker Appointment.QVD","CDP Job Seeker Appointment.QVD","02 ESS QVD Builder Finalisation CDP & IEP",14,"AZDB-AUE-PRD-NIAADL01.ESS.CDP Job Seeker Appointment","Exact","Missing lineage statement",FALSE,FALSE,"needs-creating","","","",19,0,0,"auto"
"ESS/CDP/CDP Job Seeker Assessment.QVD","CDP Job Seeker Assessment.QVD","02 ESS QVD Builder Finalisation CDP & IEP",14,"AZDB-AUE-PRD-NIAADL01.ESS.CDP Job Seeker Assessment","Exact","Missing lineage statement",FALSE,FALSE,"needs-creating","","","",10,0,0,"auto"
"ESS/CDP/CDP Job Seeker Characteristics Month End.QVD","CDP Job Seeker Characteristics Month End.QVD","02 ESS QVD Builder Finalisation CDP & IEP",NA,"AZDB-AUE-PRD-NIAADL01.ESS.CDP Job Seeker Characteristics Month End","Exact","Missing lineage statement",FALSE,FALSE,"needs-creating","","","",3,0,0,"auto"
"ESS/CDP/CDP Job Seeker Characteristics.QVD","CDP Job Seeker Characteristics.QVD","02 ESS QVD Builder Finalisation CDP & IEP",14,"AZDB-AUE-PRD-NIAADL01.ESS.CDP Job Seeker Characteristics","Exact","Missing lineage statement",FALSE,FALSE,"needs-creating","","","",26,0,0,"auto"
"ESS/CDP/CDP Job Seeker Geocoded.QVD","CDP Job Seeker Geocoded.QVD","02 ESS QVD Builder Finalisation CDP & IEP",1,"AZDB-AUE-PRD-NIAADL01.ESS.CDP Job Seeker Geocoded","Exact","Missing lineage statement",FALSE,FALSE,"needs-creating","","","",114,0,0,"auto"
"ESS/CDP/CDP Job Seeker History.QVD","CDP Job Seeker History.QVD","02 ESS QVD Builder Finalisation CDP & IEP",2,"AZDB-AUE-PRD-NIAADL01.ESS.CDP Job Seeker History","Exact","Missing lineage statement",FALSE,FALSE,"needs-creating","","","",7,0,0,"auto"
"ESS/CDP/CDP Job Seeker Month End.QVD","CDP Job Seeker Month End.QVD","02 ESS QVD Builder Finalisation CDP & IEP",2,"AZDB-AUE-PRD-NIAADL01.ESS.CDP Job Seeker Month End","Exact","Missing lineage statement",FALSE,FALSE,"needs-creating","","","",3,0,0,"auto"
"ESS/CDP/CDP Job Seeker.QVD","CDP Job Seeker.QVD","02 ESS QVD Builder Finalisation CDP & IEP",15,"AZDB-AUE-PRD-NIAADL01.ESS.CDP Job Seeker","Exact","Missing lineage statement",FALSE,FALSE,"needs-creating","","","",30,0,0,"auto"
"ESS/CDP/CDP JSCI Classification Question & Response.QVD","CDP JSCI Classification Question & Response.QVD","02 ESS QVD Builder Finalisation CDP & IEP",NA,"AZDB-AUE-PRD-NIAADL01.ESS.CDP JSCI Classification Question & Response","Exact","Missing lineage statement",FALSE,FALSE,"needs-creating","","","",7,0,0,"auto"
"ESS/CDP/CDP JSCI Classification.QVD","CDP JSCI Classification.QVD","02 ESS QVD Builder Finalisation CDP & IEP",14,"AZDB-AUE-PRD-NIAADL01.ESS.CDP JSCI Classification","Exact","Missing lineage statement",FALSE,FALSE,"needs-creating","","","",10,0,0,"auto"
"ESS/CDP/CDP NBRJ Code Table.QVD","CDP NBRJ Code Table.QVD","02 ESS QVD Builder Finalisation CDP & IEP",12,"AZDB-AUE-PRD-NIAADL01.ESS.CDP NBRJ Code Table","Exact","Missing lineage statement",FALSE,FALSE,"needs-creating","","","",13,0,0,"auto"
"ESS/CDP/CDP Organisation.QVD","CDP Organisation.QVD","02 ESS QVD Builder Finalisation CDP & IEP",NA,"AZDB-AUE-PRD-NIAADL01.ESS.CDP Organisation","Exact","Missing lineage statement",FALSE,FALSE,"needs-creating","","","",19,0,0,"auto"
"ESS/CDP/CDP PPR Result History.QVD","CDP PPR Result History.QVD","02 ESS QVD Builder Finalisation CDP & IEP",NA,"AZDB-AUE-PRD-NIAADL01.ESS.CDP PPR Result History","Exact","Missing lineage statement",FALSE,FALSE,"needs-creating","","","",12,0,0,"auto"
"ESS/CDP/CDP Region.QVD","CDP Region.QVD","02 ESS QVD Builder Finalisation CDP & IEP",NA,"AZDB-AUE-PRD-NIAADL01.ESS.CDP Region","Exact","Missing lineage statement",FALSE,FALSE,"retarget-incomplete","ESS","TWES Site Contract","lib://Curated data Store:DataFiles/10 Landing Area/ESS/TWES Site Contract.qvd",8,38,3,"auto"
"ESS/CDP/CDP Site Contract.QVD","CDP Site Contract.QVD","02 ESS QVD Builder Finalisation CDP & IEP",1,"AZDB-AUE-PRD-NIAADL01.ESS.CDP Site Contract","Exact","Missing lineage statement",FALSE,FALSE,"retarget-incomplete","ESS","CDP Grant Activity Site Location","lib://Curated data Store:DataFiles/10 Landing Area/ESS/CDP Grant Activity Site Location.qvd",30,18,17,"auto"
"ESS/CDP/CDP Vacancy Referral.QVD","CDP Vacancy Referral.QVD","02 ESS QVD Builder Finalisation CDP & IEP",NA,"AZDB-AUE-PRD-NIAADL01.ESS.CDP Vacancy Referral","Exact","Missing lineage statement",FALSE,FALSE,"needs-creating","","","",44,0,0,"auto"
"ESS/CDP/CDP Vacancy.QVD","CDP Vacancy.QVD","02 ESS QVD Builder Finalisation CDP & IEP",NA,"AZDB-AUE-PRD-NIAADL01.ESS.CDP Vacancy","Exact","Missing lineage statement",FALSE,FALSE,"needs-creating","","","",37,0,0,"auto"
"ESS/IEP/CDP_Contract_Referral_Placement.QVD","CDP_Contract_Referral_Placement.QVD","02 ESS QVD Builder Finalisation CDP & IEP",NA,"AZDB-AUE-PRD-NIAADL01.ESS.NIAA_CDP_Contract_Referral_Placement","Partial match","Missing lineage statement",FALSE,FALSE,"needs-creating","","","",21,0,0,"auto"
"ESS/IEP/CDP_Job_Seeker.QVD","CDP_Job_Seeker.QVD","02 ESS QVD Builder Finalisation CDP & IEP",NA,"AZDB-AUE-PRD-NIAADL01.ESS.CDP Job Seeker","Partial match","Missing lineage statement",FALSE,FALSE,"needs-creating","","","",30,0,0,"auto"
"ESS/CDP/Temp/Error.QVD","Error.QVD","02 ESS QVD Builder Finalisation CDP & IEP",NA,"AZDB-AUE-PRD-NIAADL01.dbo.Data Catalogue","Partial match","Missing lineage statement",FALSE,FALSE,"needs-creating","","","",4,0,0,"auto"
"ESS/CDP/ESAM Users.QVD","ESAM Users.QVD","02 ESS QVD Builder Finalisation CDP & IEP",NA,"AZDB-AUE-PRD-NIAADL01.ESS.ESAM Users","Exact","Missing lineage statement",FALSE,FALSE,"needs-creating","","","",29,0,0,"auto"
"ESS/IEP/IEP_Activity_1000_Jobs.QVD","IEP_Activity_1000_Jobs.QVD","02 ESS QVD Builder Finalisation CDP & IEP",NA,"AZDB-AUE-PRD-NIAADL01.ESS.IEP Activity","Exact","Missing lineage statement",FALSE,FALSE,"needs-creating","","","",39,0,0,"auto"
"ESS/IEP/IEP_Activity_Contact.QVD","IEP_Activity_Contact.QVD","02 ESS QVD Builder Finalisation CDP & IEP",NA,"AZDB-AUE-PRD-NIAADL01.ESS.IEP Activity Contact","Likely subset","Missing lineage statement",FALSE,FALSE,"needs-import","fusionload","grant activity","",11,0,0,"auto"
"ESS/IEP/IEP_Activity_Expenditure.QVD","IEP_Activity_Expenditure.QVD","02 ESS QVD Builder Finalisation CDP & IEP",NA,"AZDB-AUE-PRD-NIAADL01.ESS.IEP Activity Expenditure","Exact","Missing lineage statement",FALSE,FALSE,"retarget-incomplete","ESS","FUSION IEP Activity","lib://Curated data Store:DataFiles/10 Landing Area/ESS/FUSION IEP Activity.qvd",11,68,9,"auto"
"ESS/IEP/IEP_Activity.QVD","IEP_Activity.QVD","02 ESS QVD Builder Finalisation CDP & IEP",4,"AZDB-AUE-PRD-NIAADL01.ESS.IEP Activity","Likely subset","Missing lineage statement",FALSE,FALSE,"needs-creating","","","",39,0,0,"auto"
"ESS/IEP/IEP_Claim_Payments.QVD","IEP_Claim_Payments.QVD","02 ESS QVD Builder Finalisation CDP & IEP",2,"AZDB-AUE-PRD-NIAADL01.ESS.IEP Claim Payments","Partial match","Missing lineage statement",FALSE,FALSE,"needs-creating","","","",20,0,0,"auto"
"ESS/IEP/IEP_Job_Seeker.QVD","IEP_Job_Seeker.QVD","02 ESS QVD Builder Finalisation CDP & IEP",3,"AZDB-AUE-PRD-NIAADL01.ESS.IEP Job Seeker","Exact","Missing lineage statement",FALSE,FALSE,"needs-creating","","","",15,0,0,"auto"
"ESS/IEP/IEP_LOCATIONS.QVD","IEP_LOCATIONS.QVD","02 ESS QVD Builder Finalisation CDP & IEP",2,"AZDB-AUE-PRD-NIAADL01.ESS.IEP Locations","Exact","Missing lineage statement",FALSE,FALSE,"needs-creating","","","",7,0,0,"auto"
"ESS/IEP/IEP_Outcome.QVD","IEP_Outcome.QVD","02 ESS QVD Builder Finalisation CDP & IEP",2,"AZDB-AUE-PRD-NIAADL01.ESS.IEP Outcome","Exact","Missing lineage statement",FALSE,FALSE,"retarget-incomplete","ESS","IEP Outcome Max Paid Week","lib://Curated data Store:DataFiles/10 Landing Area/ESS/IEP Outcome Max Paid Week.qvd",20,4,16,"auto"
"ESS/IEP/IEP_Placement.QVD","IEP_Placement.QVD","02 ESS QVD Builder Finalisation CDP & IEP",3,"AZDB-AUE-PRD-NIAADL01.ESS.IEP Placement","Partial match","Missing lineage statement",FALSE,FALSE,"needs-creating","","","",44,0,0,"auto"
"ESS/IEP/IEP_Provider.QVD","IEP_Provider.QVD","02 ESS QVD Builder Finalisation CDP & IEP",2,"AZDB-AUE-PRD-NIAADL01.ESS.IEP Provider","Exact","Missing lineage statement",FALSE,FALSE,"needs-import","fusionload","source organisation","",34,0,0,"auto"
"ESS/CDP/RAES Payment.QVD","RAES Payment.QVD","02 ESS QVD Builder Finalisation CDP & IEP",6,"AZDB-AUE-PRD-NIAADL01.ESS.RAES Payment","Exact","Missing lineage statement",FALSE,FALSE,"needs-creating","","","",42,0,0,"auto"
"ESS/CDP/RAES Vacancy Referral.QVD","RAES Vacancy Referral.QVD","02 ESS QVD Builder Finalisation CDP & IEP",NA,"AZDB-AUE-PRD-NIAADL01.ESS.RAES Vacancy Referral","Exact","Missing lineage statement",FALSE,FALSE,"needs-creating","","","",45,0,0,"auto"
"ESS/CDP/TWES Claim.QVD","TWES Claim.QVD","02 ESS QVD Builder Finalisation CDP & IEP",1,"AZDB-AUE-PRD-NIAADL01.ESS.TWES Claim","Exact","Missing lineage statement",FALSE,FALSE,"needs-creating","","","",25,0,0,"auto"
"ESS/CDP/TWES Commencement History.QVD","TWES Commencement History.QVD","02 ESS QVD Builder Finalisation CDP & IEP",NA,"AZDB-AUE-PRD-NIAADL01.ESS.TWES Commencement History","Exact","Missing lineage statement",FALSE,FALSE,"needs-creating","","","",6,0,0,"auto"
"ESS/CDP/TWES CRP.QVD","TWES CRP.QVD","02 ESS QVD Builder Finalisation CDP & IEP",1,"AZDB-AUE-PRD-NIAADL01.ESS.TWES CRP","Exact","Missing lineage statement",FALSE,FALSE,"needs-creating","","","",14,0,0,"auto"
"ESS/CDP/TWES ESAT.QVD","TWES ESAT.QVD","02 ESS QVD Builder Finalisation CDP & IEP",1,"AZDB-AUE-PRD-NIAADL01.ESS.TWES ESAT","Exact","Missing lineage statement",FALSE,FALSE,"needs-creating","","","",12,0,0,"auto"
"ESS/CDP/TWES Job Seeker.QVD","TWES Job Seeker.QVD","02 ESS QVD Builder Finalisation CDP & IEP",1,"AZDB-AUE-PRD-NIAADL01.ESS.TWES Job Seeker","Exact","Missing lineage statement",FALSE,FALSE,"needs-creating","","","",4,0,0,"auto"
"ESS/CDP/TWES JSCI.QVD","TWES JSCI.QVD","02 ESS QVD Builder Finalisation CDP & IEP",1,"AZDB-AUE-PRD-NIAADL01.ESS.TWES JSCI","Exact","Missing lineage statement",FALSE,FALSE,"needs-creating","","","",8,0,0,"auto"
"ESS/CDP/TWES Site Contract.QVD","TWES Site Contract.QVD","02 ESS QVD Builder Finalisation CDP & IEP",1,"AZDB-AUE-PRD-NIAADL01.ESS.TWES Site Contract","Exact","Missing lineage statement",FALSE,FALSE,"needs-creating","","","",34,0,0,"auto"
"ESS/CDP/TWES Transition Plan.QVD","TWES Transition Plan.QVD","02 ESS QVD Builder Finalisation CDP & IEP",1,"AZDB-AUE-PRD-NIAADL01.ESS.TWES Transition Plan","Exact","Missing lineage statement",FALSE,FALSE,"needs-creating","","","",22,0,0,"auto"
"NIAA/Fleet Detail.qvd","Fleet Detail.qvd","NIAA Fleet QVD Generator DEV",NA,"AZDB-AUE-PRD-NIAADL01.NIAA.SA Fleet Detail","Partial match","Simple",FALSE,TRUE,"retarget","NIAA","Fleet Vehicle Test","lib://Curated data Store:DataFiles/10 Landing Area/NIAA/Fleet Vehicle Test.qvd",16,16,0,"auto"
"NIAA/Fleet.qvd","Fleet.qvd","NIAA Fleet QVD Generator DEV",NA,"AZDB-AUE-PRD-NIAADL01.NIAA.SA Fleet","Partial match","Complex",FALSE,TRUE,"needs-creating","","","",8,0,0,"auto"
"GAR/Grant Activity Indicative Risk.qvd","Grant Activity Indicative Risk.qvd","-",NA,"AZDB-AUE-PRD-NIAADL01.FUSION.Grant Activity Indicative Risk","Exact","Simple",FALSE,TRUE,"needs-import","waf","grant activity workload","",7,0,0,"auto"
"ESS/NIAA/Grant Application Build.QVD","Grant Application Build.QVD","-",NA,"AZDB-AUE-PRD-NIAADL01.NIAA.Grant Application Build","Partial match","Simple",FALSE,TRUE,"needs-creating","","","",38,0,0,"auto"
"ESS/CDP/Temp/CDP Activity Attendance Key Data.QVD","CDP Activity Attendance Key Data.QVD","-",NA,"AZDB-AUE-PRD-NIAADL01.ESS_DEV.CDP Activity Attendance Key Data","Exact","Simple",FALSE,FALSE,"needs-creating","","","",23,0,0,"auto"
"ESS/CDP/Temp/CDP Job Seeker At Event.QVD","CDP Job Seeker At Event.QVD","-",NA,"AZDB-AUE-PRD-NIAADL01.ESS.CDP Job Seeker","Partial match","Simple",FALSE,FALSE,"needs-creating","","","",30,0,0,"auto"
"ESS/CDP/Temp/CDP Job Seeker Diary.QVD","CDP Job Seeker Diary.QVD","-",NA,"AZDB-AUE-PRD-NIAADL01.ESS.CDP Job Seeker Appointment","Partial match","Simple",FALSE,FALSE,"needs-creating","","","",19,0,0,"auto"
"ESS/CDP/Temp/NIAA Staff.QVD","NIAA Staff.QVD","-",NA,"-","No match","Missing lineage statement",FALSE,FALSE,"unmapped","","","",0,0,0,"auto"
"ESS/CDP/CDP_Job_Plan_Assist_Comment_Topic_Models.qvd","CDP_Job_Plan_Assist_Comment_Topic_Models.qvd","-",NA,"AZDB-AUE-PRD-NIAADL01.ESS.jp_assist_topic_models_obsolete","Exact","Simple",FALSE,TRUE,"needs-creating","","","",5,0,0,"auto"
"ESS/IEP/Master_Calendar.qvd","Master_Calendar.qvd","Rods Test harness",NA,"AZDB-AUE-PRD-NIAADL01.ESS.Master_Calendar","Likely subset","Simple",FALSE,TRUE,"retarget-incomplete","ESS","CDP Grant Estimated Expenditure FY","lib://Curated data Store:DataFiles/10 Landing Area/ESS/CDP Grant Estimated Expenditure FY.qvd",25,39,23,"auto"
"FUSION/Activity Approval Verification.qvd","Activity Approval Verification.qvd","FUSION QVD Generator",1,"AZDB-AUE-PRD-NIAADL01.FUSION.Activity Approval Verification","Likely subset","Simple",FALSE,TRUE,"retarget-incomplete","FUSION","Activity Linking Table","lib://Curated data Store:DataFiles/10 Landing Area/FUSION/Activity Linking Table.qvd",43,73,32,"auto"
"FUSION/Activity Linking Table.qvd","Activity Linking Table.qvd","FUSION QVD Generator",NA,"AZDB-AUE-PRD-NIAADL01.FUSION.Activity Linking Table","Partial match","Simple",FALSE,TRUE,"retarget-incomplete","NIAA","vw_Rangers_Activity_Staging","lib://Curated data Store:DataFiles/10 Landing Area/NIAA/vw_Rangers_Activity_Staging.qvd",18,54,15,"auto"
"FUSION/Activity Risk Assessment.qvd","Activity Risk Assessment.qvd","FUSION QVD Generator",31,"AZDB-AUE-PRD-NIAADL01.FUSION.Activity Risk Assessment","Exact","Simple",FALSE,TRUE,"retarget-incomplete","FUSION","Grant Application Risk Assessment","lib://Curated data Store:DataFiles/10 Landing Area/FUSION/Grant Application Risk Assessment.qvd",49,47,2,"auto"
"FUSION/Activity Risk History.qvd","Activity Risk History.qvd","FUSION QVD Generator",1,"AZDB-AUE-PRD-NIAADL01.FUSION.Activity Risk History","Exact","Simple",FALSE,TRUE,"retarget","FUSION","Ceasing Activity Risk History","lib://Curated data Store:DataFiles/10 Landing Area/FUSION/Ceasing Activity Risk History.qvd",18,19,0,"auto"
"FUSION/Activity Tag.qvd","Activity Tag.qvd","FUSION QVD Generator",NA,"AZDB-AUE-PRD-NIAADL01.FUSION.Activity Tag","Exact","Simple",FALSE,TRUE,"needs-creating","","","",2,0,0,"auto"
"FUSION/Ancillary Code.qvd","Ancillary Code.qvd","FUSION QVD Generator",NA,"AZDB-AUE-PRD-NIAADL01.FUSION.Ancillary Code","Exact","Simple",FALSE,TRUE,"needs-creating","","","",2,0,0,"auto"
"FUSION/Application Assessment Criteria for Decision.qvd","Application Assessment Criteria for Decision.qvd","FUSION QVD Generator",NA,"AZDB-AUE-PRD-NIAADL01.FUSION.Application Assessment Criteria for Decision","Exact","Simple",FALSE,TRUE,"needs-creating","","","",12,0,0,"auto"
"FUSION/Application Assessment Criteria.qvd","Application Assessment Criteria.qvd","FUSION QVD Generator",NA,"AZDB-AUE-PRD-NIAADL01.FUSION.Application Assessment Criteria","Exact","Simple",FALSE,TRUE,"needs-creating","","","",14,0,0,"auto"
"FUSION/Approved Conflict Of Interest.qvd","Approved Conflict Of Interest.qvd","FUSION QVD Generator",NA,"AZDB-AUE-PRD-NIAADL01.FUSION.Approved Conflict Of Interest","Exact","Simple",FALSE,TRUE,"needs-creating","","","",16,0,0,"auto"
"FUSION/Assessment for Decision.qvd","Assessment for Decision.qvd","FUSION QVD Generator",NA,"AZDB-AUE-PRD-NIAADL01.FUSION.Assessment for Decision","Exact","Simple",FALSE,TRUE,"needs-creating","","","",14,0,0,"auto"
"FUSION/Budget Measure.qvd","Budget Measure.qvd","FUSION QVD Generator",NA,"AZDB-AUE-PRD-NIAADL01.FUSION.Budget Measure","Exact","Simple",FALSE,TRUE,"needs-creating","","","",16,0,0,"auto"
"FUSION/Case Assessment Action Item.qvd","Case Assessment Action Item.qvd","FUSION QVD Generator",NA,"AZDB-AUE-PRD-NIAADL01.FUSION.Case Assessment Action Item","Exact","Simple",FALSE,TRUE,"needs-creating","","","",65,0,0,"auto"
"FUSION/Case Assessment.qvd","Case Assessment.qvd","FUSION QVD Generator",NA,"AZDB-AUE-PRD-NIAADL01.FUSION.Case Assessment","Exact","Simple",FALSE,TRUE,"needs-creating","","","",28,0,0,"auto"
"FUSION/Case Incident Category.qvd","Case Incident Category.qvd","FUSION QVD Generator",NA,"AZDB-AUE-PRD-NIAADL01.FUSION.Case Incident Category","Exact","Simple",FALSE,TRUE,"needs-creating","","","",4,0,0,"auto"
"FUSION/Case Incident.qvd","Case Incident.qvd","FUSION QVD Generator",NA,"AZDB-AUE-PRD-NIAADL01.FUSION.Case Incident","Exact","Simple",FALSE,TRUE,"needs-creating","","","",31,0,0,"auto"
"FUSION/Case Resolution.qvd","Case Resolution.qvd","FUSION QVD Generator",NA,"AZDB-AUE-PRD-NIAADL01.FUSION.Case Resolution","Exact","Simple",FALSE,TRUE,"needs-creating","","","",63,0,0,"auto"
"FUSION/Case.qvd","Case.qvd","FUSION QVD Generator",NA,"AZDB-AUE-PRD-NIAADL01.FUSION.Case","Exact","Simple",FALSE,TRUE,"needs-creating","","","",117,0,0,"auto"
"FUSION/Ceasing Activity Assessment Round.qvd","Ceasing Activity Assessment Round.qvd","FUSION QVD Generator",NA,"AZDB-AUE-PRD-NIAADL01.FUSION.Ceasing Activity Assessment Round","Exact","Simple",FALSE,TRUE,"needs-creating","","","",9,0,0,"auto"
"FUSION/Ceasing Activity Assessment Task.qvd","Ceasing Activity Assessment Task.qvd","FUSION QVD Generator",NA,"AZDB-AUE-PRD-NIAADL01.FUSION.Ceasing Activity Assessment Task","Exact","Simple",FALSE,TRUE,"needs-creating","","","",24,0,0,"auto"
"FUSION/Ceasing Activity Assessment.qvd","Ceasing Activity Assessment.qvd","FUSION QVD Generator",38,"AZDB-AUE-PRD-NIAADL01.FUSION.Ceasing Activity Assessment","Likely subset","Simple",FALSE,TRUE,"retarget-incomplete","FUSION","Activity Linking Table","lib://Curated data Store:DataFiles/10 Landing Area/FUSION/Activity Linking Table.qvd",229,73,219,"auto"
"FUSION/Ceasing Activity Funding.qvd","Ceasing Activity Funding.qvd","FUSION QVD Generator",36,"AZDB-AUE-PRD-NIAADL01.FUSION.Ceasing Activity Funding","Exact","Simple",FALSE,TRUE,"needs-creating","","","",4,0,0,"auto"
"FUSION/Ceasing Activity Risk Assessment.qvd","Ceasing Activity Risk Assessment.qvd","FUSION QVD Generator",NA,"AZDB-AUE-PRD-NIAADL01.FUSION.Ceasing Activity Risk Assessment","Exact","Simple",FALSE,TRUE,"retarget-incomplete","FUSION","Ceasing Activity Risk History","lib://Curated data Store:DataFiles/10 Landing Area/FUSION/Ceasing Activity Risk History.qvd",38,19,25,"auto"
"FUSION/Ceasing Activity Risk History.qvd","Ceasing Activity Risk History.qvd","FUSION QVD Generator",NA,"AZDB-AUE-PRD-NIAADL01.FUSION.Ceasing Activity Risk History","Exact","Simple",FALSE,TRUE,"needs-creating","","","",18,0,0,"auto"
"FUSION/Conflict Of Interest.qvd","Conflict Of Interest.qvd","FUSION QVD Generator",NA,"AZDB-AUE-PRD-NIAADL01.FUSION.Conflict Of Interest","Exact","Simple",FALSE,TRUE,"needs-creating","","","",20,0,0,"auto"
"FUSION/Coverage Area.qvd","Coverage Area.qvd","FUSION QVD Generator",NA,"AZDB-AUE-PRD-NIAADL01.FUSION.Coverage Area","Exact","Simple",FALSE,TRUE,"needs-creating","","","",19,0,0,"auto"
"FUSION/CTG Outcome.qvd","CTG Outcome.qvd","FUSION QVD Generator",47,"AZDB-AUE-PRD-NIAADL01.FUSION.CTG Outcome","Exact","Simple",FALSE,TRUE,"needs-creating","","","",7,0,0,"auto"
"FUSION/Declaration Of Interest.qvd","Declaration Of Interest.qvd","FUSION QVD Generator",NA,"AZDB-AUE-PRD-NIAADL01.FUSION.Declaration Of Interest","Exact","Simple",FALSE,TRUE,"needs-creating","","","",39,0,0,"auto"
"FUSION/Demographic Measure.qvd","Demographic Measure.qvd","FUSION QVD Generator",NA,"AZDB-AUE-PRD-NIAADL01.FUSION.Demographic Measure","Exact","Simple",FALSE,TRUE,"needs-creating","","","",8,0,0,"auto"
"FUSION/Direct Approach Approval.qvd","Direct Approach Approval.qvd","FUSION QVD Generator",NA,"AZDB-AUE-PRD-NIAADL01.FUSION.Direct Approach Approval","Exact","Simple",FALSE,TRUE,"needs-creating","","","",19,0,0,"auto"
"FUSION/Elected Representative.qvd","Elected Representative.qvd","FUSION QVD Generator",NA,"AZDB-AUE-PRD-NIAADL01.FUSION.Elected Representative","Exact","Simple",FALSE,FALSE,"needs-creating","","","",13,0,0,"auto"
"FUSION/Electorate Activity Summary.qvd","Electorate Activity Summary.qvd","FUSION QVD Generator",NA,"AZDB-AUE-PRD-NIAADL01.FUSION.Electorate Activity Summary","Exact","Simple",FALSE,FALSE,"needs-creating","","","",23,0,0,"auto"
"FUSION/Electorate Demographic.qvd","Electorate Demographic.qvd","FUSION QVD Generator",NA,"AZDB-AUE-PRD-NIAADL01.FUSION.Electorate Demographic","Exact","Simple",FALSE,TRUE,"needs-creating","","","",19,0,0,"auto"
"FUSION/Electorate Information.qvd","Electorate Information.qvd","FUSION QVD Generator",NA,"AZDB-AUE-PRD-NIAADL01.FUSION.Electorate Information","Exact","Simple",FALSE,TRUE,"needs-creating","","","",17,0,0,"auto"
"FUSION/Electorate Organisation Summary.qvd","Electorate Organisation Summary.qvd","FUSION QVD Generator",NA,"AZDB-AUE-PRD-NIAADL01.FUSION.Electorate Organisation Summary","Exact","Simple",FALSE,TRUE,"needs-creating","","","",37,0,0,"auto"
"FUSION/Electorate PMC Region.qvd","Electorate PMC Region.qvd","FUSION QVD Generator",NA,"AZDB-AUE-PRD-NIAADL01.FUSION.Electorate PMC Region","Exact","Simple",FALSE,FALSE,"needs-creating","","","",9,0,0,"auto"
"FUSION/Electorate Programme.qvd","Electorate Programme.qvd","FUSION QVD Generator",NA,"AZDB-AUE-PRD-NIAADL01.FUSION.Electorate Programme","Exact","Simple",FALSE,TRUE,"needs-creating","","","",31,0,0,"auto"
"FUSION/Electorate Reference.qvd","Electorate Reference.qvd","FUSION QVD Generator",NA,"AZDB-AUE-PRD-NIAADL01.FUSION.Electorate Reference","Exact","Simple",FALSE,FALSE,"needs-creating","","","",8,0,0,"auto"
"FUSION/Electorate Stakeholder.qvd","Electorate Stakeholder.qvd","FUSION QVD Generator",NA,"AZDB-AUE-PRD-NIAADL01.FUSION.Electorate Stakeholder","Exact","Simple",FALSE,TRUE,"needs-creating","","","",12,0,0,"auto"
"FUSION/Electorate.qvd","Electorate.qvd","FUSION QVD Generator",NA,"AZDB-AUE-PRD-NIAADL01.FUSION.Electorate","Exact","Simple",FALSE,TRUE,"retarget-incomplete","FUSION","Elected Representative","lib://Curated data Store:DataFiles/10 Landing Area/FUSION/Elected Representative.qvd",40,14,39,"auto"
"FUSION/Empowered Community Process - Empowered Community.qvd","Empowered Community Process - Empowered Community.qvd","FUSION QVD Generator",NA,"AZDB-AUE-PRD-NIAADL01.FUSION.Empowered Community Process - Empowered Community","Exact","Simple",FALSE,TRUE,"needs-creating","","","",4,0,0,"auto"
"FUSION/Empowered Community Process.qvd","Empowered Community Process.qvd","FUSION QVD Generator",NA,"AZDB-AUE-PRD-NIAADL01.FUSION.Empowered Community Process","Likely subset","Simple",FALSE,TRUE,"retarget-incomplete","FUSION","Empowered Community Process - Empowered Community","lib://Curated data Store:DataFiles/10 Landing Area/FUSION/Empowered Community Process - Empowered Community.qvd",20,6,17,"auto"
"FUSION/Empowered Community.qvd","Empowered Community.qvd","FUSION QVD Generator",NA,"AZDB-AUE-PRD-NIAADL01.FUSION.Empowered Community","Likely subset","Simple",FALSE,TRUE,"retarget-incomplete","FUSION","Empowered Community Process - Empowered Community","lib://Curated data Store:DataFiles/10 Landing Area/FUSION/Empowered Community Process - Empowered Community.qvd",13,6,12,"auto"
"FUSION/Financial Year.qvd","Financial Year.qvd","FUSION QVD Generator",57,"AZDB-AUE-PRD-NIAADL01.FUSION.Financial Year","Exact","Complex",FALSE,TRUE,"retarget","FUSION","Ceasing Activity Funding","lib://Curated data Store:DataFiles/10 Landing Area/FUSION/Ceasing Activity Funding.qvd",4,12,0,"auto"
"FUSION/Framework Code.qvd","Framework Code.qvd","FUSION QVD Generator",6,"AZDB-AUE-PRD-NIAADL01.FUSION.Framework Code","Likely subset","Simple",FALSE,TRUE,"retarget-incomplete","CTG","Grant Activity - Closing the Gap","lib://Curated data Store:DataFiles/10 Landing Area/CTG/Grant Activity - Closing the Gap.qvd",9,17,5,"auto"
"FUSION/Funding Appropriation.qvd","Funding Appropriation.qvd","FUSION QVD Generator",NA,"AZDB-AUE-PRD-NIAADL01.FUSION.Funding Appropriation","Exact","Simple",FALSE,TRUE,"needs-creating","","","",9,0,0,"auto"
"FUSION/Funding Brief-25.qvd","Funding Brief-25.qvd","FUSION QVD Generator",NA,"AZDB-AUE-PRD-NIAADL01.FUSION.Funding Brief","Exact","Missing lineage statement",FALSE,FALSE,"retarget-incomplete","FUSION","Funding Brief Derived History","lib://Curated data Store:DataFiles/10 Landing Area/FUSION/Funding Brief Derived History.qvd",93,4,89,"auto"
"FUSION/Funding Brief-26.qvd","Funding Brief-26.qvd","FUSION QVD Generator",NA,"AZDB-AUE-PRD-NIAADL01.FUSION.Funding Brief","Exact","Missing lineage statement",FALSE,FALSE,"retarget-incomplete","FUSION","Funding Brief Derived History","lib://Curated data Store:DataFiles/10 Landing Area/FUSION/Funding Brief Derived History.qvd",93,4,89,"auto"
"FUSION/Funding Brief.qvd","Funding Brief.qvd","FUSION QVD Generator",NA,"AZDB-AUE-PRD-NIAADL01.FUSION.Funding Brief","Exact","Simple",FALSE,TRUE,"retarget-incomplete","FUSION","Funding Brief Derived History","lib://Curated data Store:DataFiles/10 Landing Area/FUSION/Funding Brief Derived History.qvd",93,4,89,"auto"
"FUSION/Funding Decision Financial.qvd","Funding Decision Financial.qvd","FUSION QVD Generator",NA,"AZDB-AUE-PRD-NIAADL01.FUSION.Funding Decision Financial","Exact","Simple",FALSE,TRUE,"needs-creating","","","",22,0,0,"auto"
"FUSION/Funding Decision.qvd","Funding Decision.qvd","FUSION QVD Generator",26,"AZDB-AUE-PRD-NIAADL01.FUSION.Funding Decision","Exact","Simple",FALSE,TRUE,"needs-import","susan_temp","calculate original risk consequence ","",183,0,0,"auto"
"FUSION/Fusion Location.qvd","Fusion Location.qvd","FUSION QVD Generator",23,"AZDB-AUE-PRD-NIAADL01.FUSION.Fusion Location","Exact","Simple",FALSE,TRUE,"needs-creating","","","",13,0,0,"auto"
"FUSION/Grant Acquittal Calculation.qvd","Grant Acquittal Calculation.qvd","FUSION QVD Generator",NA,"AZDB-AUE-PRD-NIAADL01.FUSION.Grant Acquittal Calculation","Exact","Simple",FALSE,TRUE,"needs-creating","","","",17,0,0,"auto"
"FUSION/Grant Acquittal Outcome Type.qvd","Grant Acquittal Outcome Type.qvd","FUSION QVD Generator",NA,"AZDB-AUE-PRD-NIAADL01.FUSION.Grant Acquittal Outcome Type","Exact","Simple",FALSE,TRUE,"needs-creating","","","",6,0,0,"auto"
"FUSION/Grant Acquittal Recommendation Type.qvd","Grant Acquittal Recommendation Type.qvd","FUSION QVD Generator",NA,"AZDB-AUE-PRD-NIAADL01.FUSION.Grant Acquittal Recommendation Type","Exact","Simple",FALSE,TRUE,"needs-creating","","","",11,0,0,"auto"
"FUSION/Grant Acquittal Recommendation.qvd","Grant Acquittal Recommendation.qvd","FUSION QVD Generator",39,"AZDB-AUE-PRD-NIAADL01.FUSION.Grant Acquittal Recommendation","Exact","Simple",FALSE,TRUE,"needs-creating","","","",28,0,0,"auto"
"FUSION/Grant Acquittal Task.qvd","Grant Acquittal Task.qvd","FUSION QVD Generator",NA,"AZDB-AUE-PRD-NIAADL01.FUSION.Grant Acquittal Task","Exact","Simple",FALSE,TRUE,"needs-creating","","","",24,0,0,"auto"
"FUSION/Grant Acquittal.qvd","Grant Acquittal.qvd","FUSION QVD Generator",42,"AZDB-AUE-PRD-NIAADL01.FUSION.Grant Acquittal","Likely subset","Simple",FALSE,TRUE,"needs-creating","","","",69,0,0,"auto"
"FUSION/Grant Activity Coding - Activity Tag.qvd","Grant Activity Coding - Activity Tag.qvd","FUSION QVD Generator",NA,"AZDB-AUE-PRD-NIAADL01.FUSION.Grant Activity Coding - Activity Tag","Exact","Simple",FALSE,TRUE,"needs-creating","","","",2,0,0,"auto"
"FUSION/Grant Activity Coding - Activity Target Group.qvd","Grant Activity Coding - Activity Target Group.qvd","FUSION QVD Generator",NA,"AZDB-AUE-PRD-NIAADL01.FUSION.Grant Activity Coding - Activity Target Group","Exact","Simple",FALSE,TRUE,"needs-creating","","","",2,0,0,"auto"
"FUSION/Grant Activity Coding - Ancillary Code.qvd","Grant Activity Coding - Ancillary Code.qvd","FUSION QVD Generator",NA,"AZDB-AUE-PRD-NIAADL01.FUSION.Grant Activity Coding - Ancillary Code","Exact","Simple",FALSE,TRUE,"needs-creating","","","",2,0,0,"auto"
"FUSION/Grant Activity Coding - Framework Code.qvd","Grant Activity Coding - Framework Code.qvd","FUSION QVD Generator",6,"AZDB-AUE-PRD-NIAADL01.FUSION.Grant Activity Coding - Framework Code","Exact","Simple",FALSE,TRUE,"retarget-incomplete","CTG","Grant Activity - Closing the Gap","lib://Curated data Store:DataFiles/10 Landing Area/CTG/Grant Activity - Closing the Gap.qvd",4,17,1,"auto"
"FUSION/Grant Activity Coding - Summary.qvd","Grant Activity Coding - Summary.qvd","FUSION QVD Generator",NA,"AZDB-AUE-PRD-NIAADL01.FUSION.Grant Activity Coding - Summary","Exact","Simple",FALSE,TRUE,"needs-creating","","","",6,0,0,"auto"
"FUSION/Grant Activity Coding - Target Age Demographic.qvd","Grant Activity Coding - Target Age Demographic.qvd","FUSION QVD Generator",NA,"AZDB-AUE-PRD-NIAADL01.FUSION.Grant Activity Coding - Target Age Demographic","Exact","Simple",FALSE,TRUE,"needs-creating","","","",2,0,0,"auto"
"FUSION/Grant Activity Coding - Target Gender.qvd","Grant Activity Coding - Target Gender.qvd","FUSION QVD Generator",NA,"AZDB-AUE-PRD-NIAADL01.FUSION.Grant Activity Coding - Target Gender","Exact","Simple",FALSE,TRUE,"needs-creating","","","",2,0,0,"auto"
"FUSION/Grant Activity Coding Funding.qvd","Grant Activity Coding Funding.qvd","FUSION QVD Generator",NA,"AZDB-AUE-PRD-NIAADL01.FUSION.Grant Activity Coding Funding","Partial match","Simple",FALSE,TRUE,"needs-creating","","","",9,0,0,"auto"
"FUSION/Grant Activity Coding.qvd","Grant Activity Coding.qvd","FUSION QVD Generator",6,"AZDB-AUE-PRD-NIAADL01.FUSION.Grant Activity Coding","Likely subset","Simple",FALSE,TRUE,"retarget-incomplete","CTG","Grant Activity - Closing the Gap","lib://Curated data Store:DataFiles/10 Landing Area/CTG/Grant Activity - Closing the Gap.qvd",30,17,28,"auto"
"FUSION/Grant Activity Funding.qvd","Grant Activity Funding.qvd","FUSION QVD Generator",112,"AZDB-AUE-PRD-NIAADL01.FUSION.Grant Activity Funding","Exact","Simple",FALSE,TRUE,"retarget-incomplete","FUSION","Grant Activity","lib://Curated data Store:DataFiles/10 Landing Area/FUSION/Grant Activity.qvd",9,76,6,"auto"
"FUSION/Grant Activity Indicative Risk.qvd","Grant Activity Indicative Risk.qvd","FUSION QVD Generator",9,"AZDB-AUE-PRD-NIAADL01.FUSION.Grant Activity Indicative Risk","Exact","Simple",FALSE,TRUE,"needs-import","waf","grant activity workload","",7,0,0,"auto"
"FUSION/Grant Activity KPI Assessment.qvd","Grant Activity KPI Assessment.qvd","FUSION QVD Generator",7,"AZDB-AUE-PRD-NIAADL01.FUSION.Grant Activity KPI Assessment","Likely subset","Simple",FALSE,TRUE,"needs-creating","","","",15,0,0,"auto"
"FUSION/Grant Activity KPI.qvd","Grant Activity KPI.qvd","FUSION QVD Generator",1,"AZDB-AUE-PRD-NIAADL01.FUSION.Grant Activity KPI","Exact","Simple",FALSE,TRUE,"needs-creating","","","",16,0,0,"auto"
"FUSION/Grant Activity Location Attribution.qvd","Grant Activity Location Attribution.qvd","FUSION QVD Generator",65,"AZDB-AUE-PRD-NIAADL01.FUSION.Grant Activity Location Attribution","Exact","Simple",FALSE,TRUE,"needs-import","arcgis","grant activity base dataset","",6,0,0,"auto"
"FUSION/Grant Activity Location.qvd","Grant Activity Location.qvd","FUSION QVD Generator",52,"AZDB-AUE-PRD-NIAADL01.FUSION.Grant Activity Location","Exact","Simple",FALSE,TRUE,"needs-import","arcgis","grant activity base dataset","",30,0,0,"auto"
"FUSION/Grant Activity Milestone.qvd","Grant Activity Milestone.qvd","FUSION QVD Generator",6,"AZDB-AUE-PRD-NIAADL01.FUSION.Grant Activity Milestone","Likely subset","Complex",FALSE,TRUE,"needs-creating","","","",37,0,0,"auto"
"FUSION/Grant Activity Review Item.qvd","Grant Activity Review Item.qvd","FUSION QVD Generator",NA,"AZDB-AUE-PRD-NIAADL01.FUSION.Grant Activity Review Item","Exact","Simple",FALSE,TRUE,"needs-creating","","","",11,0,0,"auto"
"GAR/Grant Activity Review Item.qvd","Grant Activity Review Item.qvd","FUSION QVD Generator",12,"AZDB-AUE-PRD-NIAADL01.GAR.Grant Activity Review Item","Exact","Simple",FALSE,TRUE,"needs-creating","","","",7,0,0,"auto"
"GAR/Grant Activity Review KPI.qvd","Grant Activity Review KPI.qvd","FUSION QVD Generator",12,"AZDB-AUE-PRD-NIAADL01.GAR.Grant Activity Review KPI","Exact","Simple",FALSE,TRUE,"needs-creating","","","",12,0,0,"auto"
"FUSION/Grant Activity Review.qvd","Grant Activity Review.qvd","FUSION QVD Generator",18,"AZDB-AUE-PRD-NIAADL01.FUSION.Grant Activity Review","Likely subset","Simple",FALSE,TRUE,"needs-creating","","","",28,0,0,"auto"
"GAR/Grant Activity Review.qvd","Grant Activity Review.qvd","FUSION QVD Generator",12,"AZDB-AUE-PRD-NIAADL01.GAR.Grant Activity Review","Exact","Simple",FALSE,TRUE,"needs-creating","","","",7,0,0,"auto"
"FUSION/Grant Activity Task.qvd","Grant Activity Task.qvd","FUSION QVD Generator",NA,"AZDB-AUE-PRD-NIAADL01.FUSION.Grant Activity Task","Exact","Simple",FALSE,TRUE,"needs-creating","","","",24,0,0,"auto"
"FUSION/Grant Activity.qvd","Grant Activity.qvd","FUSION QVD Generator",110,"AZDB-AUE-PRD-NIAADL01.FUSION.Grant Activity","Likely subset","Complex",FALSE,TRUE,"retarget-incomplete","NIAA","Program Tracker","lib://Curated data Store:DataFiles/10 Landing Area/NIAA/Program Tracker.qvd",62,29,55,"auto"
"FUSION/Grant Application Funding Allocation.qvd","Grant Application Funding Allocation.qvd","FUSION QVD Generator",1,"AZDB-AUE-PRD-NIAADL01.FUSION.Grant Application Funding Allocation","Exact","Simple",FALSE,TRUE,"needs-creating","","","",7,0,0,"auto"
"FUSION/Grant Application Funding.qvd","Grant Application Funding.qvd","FUSION QVD Generator",1,"AZDB-AUE-PRD-NIAADL01.FUSION.Grant Application Funding","Exact","Simple",FALSE,TRUE,"needs-creating","","","",9,0,0,"auto"
"FUSION/Grant Application Note.qvd","Grant Application Note.qvd","FUSION QVD Generator",15,"AZDB-AUE-PRD-NIAADL01.FUSION.Grant Application Note","Exact","Simple",FALSE,TRUE,"needs-creating","","","",6,0,0,"auto"
"FUSION/Grant Application Process.qvd","Grant Application Process.qvd","FUSION QVD Generator",7,"AZDB-AUE-PRD-NIAADL01.FUSION.Grant Application Process","Exact","Simple",FALSE,TRUE,"needs-creating","","","",6,0,0,"auto"
"FUSION/Grant Application Risk Assessment.qvd","Grant Application Risk Assessment.qvd","FUSION QVD Generator",NA,"AZDB-AUE-PRD-NIAADL01.FUSION.Grant Application Risk Assessment","Exact","Simple",FALSE,TRUE,"retarget-incomplete","FUSION","Grant Application Risk History","lib://Curated data Store:DataFiles/10 Landing Area/FUSION/Grant Application Risk History.qvd",46,19,32,"auto"
"FUSION/Grant Application Risk History.qvd","Grant Application Risk History.qvd","FUSION QVD Generator",NA,"AZDB-AUE-PRD-NIAADL01.FUSION.Grant Application Risk History","Exact","Simple",FALSE,TRUE,"needs-creating","","","",18,0,0,"auto"
"FUSION/Grant Application.qvd","Grant Application.qvd","FUSION QVD Generator",77,"AZDB-AUE-PRD-NIAADL01.FUSION.Grant Application","Exact","Simple",FALSE,TRUE,"retarget-incomplete","FUSION","Activity Approval Verification - not linked","lib://Curated data Store:DataFiles/10 Landing Area/FUSION/Activity Approval Verification - not linked.qvd",55,34,49,"auto"
"FUSION/Grant Assessment.qvd","Grant Assessment.qvd","FUSION QVD Generator",NA,"AZDB-AUE-PRD-NIAADL01.FUSION.Grant Assessment","Exact","Simple",FALSE,TRUE,"needs-creating","","","",8,0,0,"auto"
"FUSION/Grant Management Unit Alternate Name.qvd","Grant Management Unit Alternate Name.qvd","FUSION QVD Generator",NA,"AZDB-AUE-PRD-NIAADL01.FUSION.Grant Management Unit Alternate Name","Exact","Simple",FALSE,TRUE,"needs-creating","","","",3,0,0,"auto"
"FUSION/Grant Management Unit.qvd","Grant Management Unit.qvd","FUSION QVD Generator",41,"AZDB-AUE-PRD-NIAADL01.FUSION.Grant Management Unit","Exact","Simple",FALSE,TRUE,"retarget-incomplete","FUSION","Grant Management Unit Alternate Name","lib://Curated data Store:DataFiles/10 Landing Area/FUSION/Grant Management Unit Alternate Name.qvd",11,4,10,"auto"
"FUSION/Grant Opportunity Guideline - CTG Outcome.qvd","Grant Opportunity Guideline - CTG Outcome.qvd","FUSION QVD Generator",NA,"AZDB-AUE-PRD-NIAADL01.FUSION.Grant Opportunity Guideline - CTG Outcome","Likely subset","Simple",FALSE,TRUE,"needs-creating","","","",3,0,0,"auto"
"FUSION/Grant Opportunity Guideline.qvd","Grant Opportunity Guideline.qvd","FUSION QVD Generator",NA,"AZDB-AUE-PRD-NIAADL01.FUSION.Grant Opportunity Guideline","Exact","Simple",FALSE,TRUE,"needs-creating","","","",37,0,0,"auto"
"FUSION/Grant Round.qvd","Grant Round.qvd","FUSION QVD Generator",74,"AZDB-AUE-PRD-NIAADL01.FUSION.Grant Round","Exact","Simple",FALSE,TRUE,"needs-creating","","","",5,0,0,"auto"
"FUSION/KPI Code.qvd","KPI Code.qvd","FUSION QVD Generator",NA,"AZDB-AUE-PRD-NIAADL01.FUSION.KPI Code","Likely subset","Simple",FALSE,TRUE,"retarget-incomplete","PRA","KPI Assessment Legacy","lib://Curated data Store:DataFiles/10 Landing Area/PRA/KPI Assessment Legacy.qvd",29,32,25,"auto"
"FUSION/KPI Rating.qvd","KPI Rating.qvd","FUSION QVD Generator",NA,"AZDB-AUE-PRD-NIAADL01.FUSION.KPI Rating","Likely subset","Simple",FALSE,TRUE,"needs-creating","","","",8,0,0,"auto"
"FUSION/NIAA Region Alternate Name.qvd","NIAA Region Alternate Name.qvd","FUSION QVD Generator",NA,"AZDB-AUE-PRD-NIAADL01.FUSION.NIAA Region Alternate Name","Partial match","Simple",FALSE,TRUE,"needs-creating","","","",4,0,0,"auto"
"FUSION/NIAA Region.qvd","NIAA Region.qvd","FUSION QVD Generator",41,"AZDB-AUE-PRD-NIAADL01.FUSION.NIAA Region","Likely subset","Simple",FALSE,TRUE,"needs-creating","","","",13,0,0,"auto"
"FUSION/Opportunity - Framework Code.qvd","Opportunity - Framework Code.qvd","FUSION QVD Generator",NA,"AZDB-AUE-PRD-NIAADL01.FUSION.Opportunity - Framework Code","Exact","Simple",FALSE,TRUE,"needs-creating","","","",2,0,0,"auto"
"FUSION/Opportunity - Fusion Location.qvd","Opportunity - Fusion Location.qvd","FUSION QVD Generator",23,"AZDB-AUE-PRD-NIAADL01.FUSION.Opportunity - Fusion Location","Exact","Simple",FALSE,TRUE,"needs-creating","","","",2,0,0,"auto"
"FUSION/Opportunity - Grant Activity.qvd","Opportunity - Grant Activity.qvd","FUSION QVD Generator",NA,"AZDB-AUE-PRD-NIAADL01.FUSION.Opportunity - Grant Activity","Exact","Simple",FALSE,TRUE,"needs-creating","","","",4,0,0,"auto"
"FUSION/Opportunity - Grant Application.qvd","Opportunity - Grant Application.qvd","FUSION QVD Generator",NA,"AZDB-AUE-PRD-NIAADL01.FUSION.Opportunity - Grant Application","Exact","Simple",FALSE,TRUE,"retarget-incomplete","FUSION","Activity Approval Verification - not linked","lib://Curated data Store:DataFiles/10 Landing Area/FUSION/Activity Approval Verification - not linked.qvd",4,34,2,"auto"
"FUSION/Opportunity - PMC Region.qvd","Opportunity - PMC Region.qvd","FUSION QVD Generator",NA,"AZDB-AUE-PRD-NIAADL01.FUSION.Opportunity - PMC Region","Exact","Simple",FALSE,TRUE,"needs-creating","","","",2,0,0,"auto"
"FUSION/Opportunity - Target Group.qvd","Opportunity - Target Group.qvd","FUSION QVD Generator",22,"AZDB-AUE-PRD-NIAADL01.FUSION.Opportunity - Target Group","Exact","Simple",FALSE,TRUE,"needs-creating","","","",2,0,0,"auto"
"FUSION/Opportunity Budget Item.qvd","Opportunity Budget Item.qvd","FUSION QVD Generator",NA,"AZDB-AUE-PRD-NIAADL01.FUSION.Opportunity Budget Item","Exact","Simple",FALSE,TRUE,"needs-creating","","","",8,0,0,"auto"
"FUSION/Opportunity Capture.qvd","Opportunity Capture.qvd","FUSION QVD Generator",NA,"AZDB-AUE-PRD-NIAADL01.FUSION.Opportunity Capture","Exact","Simple",FALSE,TRUE,"needs-creating","","","",14,0,0,"auto"
"FUSION/Opportunity Expected Employment Outcome.qvd","Opportunity Expected Employment Outcome.qvd","FUSION QVD Generator",NA,"AZDB-AUE-PRD-NIAADL01.FUSION.Opportunity Expected Employment Outcome","Exact","Simple",FALSE,TRUE,"needs-creating","","","",9,0,0,"auto"
"FUSION/Opportunity Other Contribution.qvd","Opportunity Other Contribution.qvd","FUSION QVD Generator",NA,"AZDB-AUE-PRD-NIAADL01.FUSION.Opportunity Other Contribution","Exact","Simple",FALSE,TRUE,"needs-creating","","","",9,0,0,"auto"
"FUSION/Opportunity Potential Risk.qvd","Opportunity Potential Risk.qvd","FUSION QVD Generator",NA,"AZDB-AUE-PRD-NIAADL01.FUSION.Opportunity Potential Risk","Exact","Simple",FALSE,TRUE,"needs-creating","","","",9,0,0,"auto"
"FUSION/Opportunity Programme Funding.qvd","Opportunity Programme Funding.qvd","FUSION QVD Generator",34,"AZDB-AUE-PRD-NIAADL01.FUSION.Opportunity Programme Funding","Exact","Simple",FALSE,TRUE,"needs-creating","","","",9,0,0,"auto"
"FUSION/Opportunity Stakeholder.qvd","Opportunity Stakeholder.qvd","FUSION QVD Generator",NA,"AZDB-AUE-PRD-NIAADL01.FUSION.Opportunity Stakeholder","Exact","Simple",FALSE,TRUE,"needs-creating","","","",7,0,0,"auto"
"FUSION/Opportunity Task.qvd","Opportunity Task.qvd","FUSION QVD Generator",NA,"AZDB-AUE-PRD-NIAADL01.FUSION.Opportunity Task","Exact","Simple",FALSE,TRUE,"needs-creating","","","",24,0,0,"auto"
"FUSION/Opportunity.qvd","Opportunity.qvd","FUSION QVD Generator",1,"AZDB-AUE-PRD-NIAADL01.FUSION.Opportunity","Exact","Simple",FALSE,TRUE,"retarget-incomplete","FUSION","Activity Approval Verification - not linked","lib://Curated data Store:DataFiles/10 Landing Area/FUSION/Activity Approval Verification - not linked.qvd",129,34,127,"auto"
"FUSION/Organisation Additional Condition.qvd","Organisation Additional Condition.qvd","FUSION QVD Generator",NA,"AZDB-AUE-PRD-NIAADL01.FUSION.Organisation Additional Condition","Exact","Simple",FALSE,TRUE,"needs-creating","","","",16,0,0,"auto"
"FUSION/Organisation Current Risk Profile.qvd","Organisation Current Risk Profile.qvd","FUSION QVD Generator",NA,"AZDB-AUE-PRD-NIAADL01.FUSION.Organisation Current Risk Profile","Exact","Simple",FALSE,TRUE,"needs-creating","","","",13,0,0,"auto"
"FUSION/Organisation Risk Profile Derived History.qvd","Organisation Risk Profile Derived History.qvd","FUSION QVD Generator",39,"AZDB-AUE-PRD-NIAADL01.FUSION.Organisation Risk Profile Derived History","Exact","Simple",FALSE,TRUE,"needs-creating","","","",3,0,0,"auto"
"FUSION/Organisation Risk Profile Task.qvd","Organisation Risk Profile Task.qvd","FUSION QVD Generator",39,"AZDB-AUE-PRD-NIAADL01.FUSION.Organisation Risk Profile Task","Exact","Simple",FALSE,TRUE,"needs-creating","","","",24,0,0,"auto"
"FUSION/Organisation Risk Profile.qvd","Organisation Risk Profile.qvd","FUSION QVD Generator",39,"AZDB-AUE-PRD-NIAADL01.FUSION.Organisation Risk Profile","Likely subset","Simple",FALSE,TRUE,"retarget-incomplete","FUSION","Organisation Current Risk Profile","lib://Curated data Store:DataFiles/10 Landing Area/FUSION/Organisation Current Risk Profile.qvd",49,12,41,"auto"
"FUSION/Organisation Task.qvd","Organisation Task.qvd","FUSION QVD Generator",NA,"AZDB-AUE-PRD-NIAADL01.FUSION.Organisation Task","Exact","Simple",FALSE,TRUE,"needs-creating","","","",24,0,0,"auto"
"FUSION/Organisation.qvd","Organisation.qvd","FUSION QVD Generator",126,"AZDB-AUE-PRD-NIAADL01.FUSION.Organisation","Exact","Simple",FALSE,TRUE,"retarget-incomplete","NIAA","xOrganisation Debt","lib://Curated data Store:DataFiles/10 Landing Area/NIAA/xOrganisation Debt.qvd",30,63,27,"auto"
"FUSION/Payment Milestone.qvd","Payment Milestone.qvd","FUSION QVD Generator",NA,"AZDB-AUE-PRD-NIAADL01.FUSION.Grant Activity Milestone","Partial match","Complex",FALSE,TRUE,"needs-creating","","","",37,0,0,"auto"
"FUSION/Performance Report Assessment.qvd","Performance Report Assessment.qvd","FUSION QVD Generator",59,"AZDB-AUE-PRD-NIAADL01.FUSION.Performance Report Assessment","Likely subset","Simple",FALSE,TRUE,"needs-creating","","","",59,0,0,"auto"
"FUSION/Planned Investment Financial.qvd","Planned Investment Financial.qvd","FUSION QVD Generator",NA,"AZDB-AUE-PRD-NIAADL01.FUSION.Planned Investment Financial","Likely subset","Complex",FALSE,TRUE,"needs-creating","","","",22,0,0,"auto"
"FUSION/Planned Investment.qvd","Planned Investment.qvd","FUSION QVD Generator",NA,"AZDB-AUE-PRD-NIAADL01.FUSION.Planned Investment","Exact","Complex",FALSE,TRUE,"needs-creating","","","",60,0,0,"auto"
"FUSION/PMC Region.qvd","PMC Region.qvd","FUSION QVD Generator",39,"AZDB-AUE-PRD-NIAADL01.FUSION.PMC Region","Exact","Simple",FALSE,TRUE,"retarget-incomplete","NIAA","Program Tracker","lib://Curated data Store:DataFiles/10 Landing Area/NIAA/Program Tracker.qvd",9,29,6,"auto"
"FUSION/Programme Alternate Name.qvd","Programme Alternate Name.qvd","FUSION QVD Generator",NA,"AZDB-AUE-PRD-NIAADL01.FUSION.Programme Alternate Name","Exact","Simple",FALSE,TRUE,"needs-creating","","","",3,0,0,"auto"
"FUSION/Programme Component Alternate Name.qvd","Programme Component Alternate Name.qvd","FUSION QVD Generator",NA,"AZDB-AUE-PRD-NIAADL01.FUSION.Programme Component Alternate Name","Exact","Simple",FALSE,TRUE,"needs-creating","","","",3,0,0,"auto"
"FUSION/Programme Component.qvd","Programme Component.qvd","FUSION QVD Generator",24,"AZDB-AUE-PRD-NIAADL01.FUSION.Programme Component","Partial match","Simple",FALSE,TRUE,"retarget-incomplete","FUSION","Programme Component Alternate Name","lib://Curated data Store:DataFiles/10 Landing Area/FUSION/Programme Component Alternate Name.qvd",12,3,12,"auto"
"FUSION/Programme Financial.qvd","Programme Financial.qvd","FUSION QVD Generator",NA,"AZDB-AUE-PRD-NIAADL01.FUSION.Programme Financial","Likely subset","Simple",FALSE,TRUE,"needs-creating","","","",18,0,0,"auto"
"FUSION/Programme Sub Component.qvd","Programme Sub Component.qvd","FUSION QVD Generator",3,"AZDB-AUE-PRD-NIAADL01.FUSION.Programme Sub Component","Exact","Simple",FALSE,TRUE,"needs-creating","","","",15,0,0,"auto"
"FUSION/Programme.qvd","Programme.qvd","FUSION QVD Generator",26,"AZDB-AUE-PRD-NIAADL01.FUSION.Programme","Exact","Simple",FALSE,TRUE,"retarget-incomplete","NIAA","Program Tracker","lib://Curated data Store:DataFiles/10 Landing Area/NIAA/Program Tracker.qvd",4,29,1,"auto"
"FUSION/Questionnaire Question.qvd","Questionnaire Question.qvd","FUSION QVD Generator",NA,"AZDB-AUE-PRD-NIAADL01.FUSION.Questionnaire Question","Exact","Simple",FALSE,TRUE,"needs-creating","","","",12,0,0,"auto"
"FUSION/Questionnaire Response.qvd","Questionnaire Response.qvd","FUSION QVD Generator",NA,"AZDB-AUE-PRD-NIAADL01.FUSION.Questionnaire Response","Exact","Simple",FALSE,TRUE,"needs-creating","","","",11,0,0,"auto"
"FUSION/Questionnaire Section.qvd","Questionnaire Section.qvd","FUSION QVD Generator",NA,"AZDB-AUE-PRD-NIAADL01.FUSION.Questionnaire Section","Exact","Simple",FALSE,TRUE,"retarget-incomplete","FUSION","Organisation Current Risk Profile","lib://Curated data Store:DataFiles/10 Landing Area/FUSION/Organisation Current Risk Profile.qvd",14,12,7,"auto"
"FUSION/Reporting Milestone.qvd","Reporting Milestone.qvd","FUSION QVD Generator",NA,"AZDB-AUE-PRD-NIAADL01.FUSION.Grant Activity Milestone","Partial match","Complex",FALSE,TRUE,"needs-creating","","","",37,0,0,"auto"
"FUSION/SA1-PMC Region.qvd","SA1-PMC Region.qvd","FUSION QVD Generator",NA,"AZDB-AUE-PRD-NIAADL01.FUSION.PMC Region","Partial match","Simple",FALSE,TRUE,"retarget-incomplete","NIAA","Program Tracker","lib://Curated data Store:DataFiles/10 Landing Area/NIAA/Program Tracker.qvd",9,29,6,"auto"
"FUSION/Site Visit Assessment Action Item.qvd","Site Visit Assessment Action Item.qvd","FUSION QVD Generator",23,"AZDB-AUE-PRD-NIAADL01.FUSION.Site Visit Assessment Action Item","Exact","Simple",FALSE,TRUE,"needs-creating","","","",64,0,0,"auto"
"FUSION/Site Visit Assessment.qvd","Site Visit Assessment.qvd","FUSION QVD Generator",56,"AZDB-AUE-PRD-NIAADL01.FUSION.Site Visit Assessment","Exact","Simple",FALSE,TRUE,"needs-creating","","","",49,0,0,"auto"
"FUSION/Site Visit Location.qvd","Site Visit Location.qvd","FUSION QVD Generator",50,"AZDB-AUE-PRD-NIAADL01.FUSION.Site Visit Location","Exact","Simple",FALSE,TRUE,"needs-creating","","","",25,0,0,"auto"
"FUSION/Source Organisation.qvd","Source Organisation.qvd","FUSION QVD Generator",75,"AZDB-AUE-PRD-NIAADL01.FUSION.Source Organisation","Partial match","Simple",FALSE,TRUE,"retarget-incomplete","SCSO","Mail Merge","lib://Curated data Store:DataFiles/10 Landing Area/SCSO/Mail Merge.qvd",17,25,13,"auto"
"FUSION/Source System.qvd","Source System.qvd","FUSION QVD Generator",11,"AZDB-AUE-PRD-NIAADL01.FUSION.Source System","Partial match","Simple",FALSE,TRUE,"needs-creating","","","",4,0,0,"auto"
"FUSION/SSIS FUSION.qvd","SSIS FUSION.qvd","FUSION QVD Generator",NA,"AZDB-AUE-PRD-NIAADL01.FUSIONLoad.Load Summary","Partial match","Simple",FALSE,FALSE,"needs-creating","","","",12,0,0,"auto"
"FUSION/Sub Programme.qvd","Sub Programme.qvd","FUSION QVD Generator",NA,"AZDB-AUE-PRD-NIAADL01.FUSION.Sub Programme","Exact","Simple",FALSE,TRUE,"needs-creating","","","",14,0,0,"auto"
"FUSION/System Team.qvd","System Team.qvd","FUSION QVD Generator",NA,"AZDB-AUE-PRD-NIAADL01.FUSION.System Team","Exact","Simple",FALSE,TRUE,"needs-creating","","","",3,0,0,"auto"
"FUSION/System User.qvd","System User.qvd","FUSION QVD Generator",1,"AZDB-AUE-PRD-NIAADL01.FUSION.System User","Exact","Simple",FALSE,TRUE,"needs-creating","","","",116,0,0,"auto"
"FUSION/Target Age Demographic.qvd","Target Age Demographic.qvd","FUSION QVD Generator",NA,"AZDB-AUE-PRD-NIAADL01.FUSION.Target Age Demographic","Exact","Simple",FALSE,TRUE,"needs-creating","","","",4,0,0,"auto"
"FUSION/Target Gender.qvd","Target Gender.qvd","FUSION QVD Generator",NA,"AZDB-AUE-PRD-NIAADL01.FUSION.Target Gender","Exact","Simple",FALSE,TRUE,"needs-creating","","","",2,0,0,"auto"
"FUSION/Target Group.qvd","Target Group.qvd","FUSION QVD Generator",22,"AZDB-AUE-PRD-NIAADL01.FUSION.Target Group","Exact","Simple",FALSE,TRUE,"needs-creating","","","",6,0,0,"auto"
"FUSION/Task.qvd","Task.qvd","FUSION QVD Generator",NA,"AZDB-AUE-PRD-NIAADL01.FUSION.All Task","Exact","Simple",FALSE,TRUE,"retarget-incomplete","FUSION","Ceasing Activity Assessment Task","lib://Curated data Store:DataFiles/10 Landing Area/FUSION/Ceasing Activity Assessment Task.qvd",26,25,1,"auto"
"FUSION Temporal/Temporal Activity Tag.qvd","Temporal Activity Tag.qvd","FUSION QVD Generator",NA,"AZDB-AUE-PRD-NIAADL01.FUSIONTemporal.Temporal Activity Tag","Exact","Simple",FALSE,TRUE,"needs-import","fusiontemporal","temporal grant activity coding - activity tag","",8,0,0,"auto"
"FUSION Temporal/Temporal Grant Activity Coding - Activity Tag.qvd","Temporal Grant Activity Coding - Activity Tag.qvd","FUSION QVD Generator",NA,"AZDB-AUE-PRD-NIAADL01.FUSIONTemporal.Temporal Grant Activity Coding - Activity Tag","Exact","Simple",FALSE,TRUE,"needs-creating","","","",2,0,0,"auto"
"FUSION Temporal/Temporal Grant Activity Coding.qvd","Temporal Grant Activity Coding.qvd","FUSION QVD Generator",NA,"AZDB-AUE-PRD-NIAADL01.FUSIONTemporal.Temporal Grant Activity Coding","Exact","Simple",FALSE,TRUE,"needs-import","fusiontemporal","temporal grant activity coding - activity tag","",16,0,0,"auto"
"ESS/IEP/Snapshots/Temp/CDP_Contract_Referral_Placement_20241130.QVD","CDP_Contract_Referral_Placement_20241130.QVD","-",NA,"AZDB-AUE-PRD-NIAADL01.ESS.NIAA_CDP_Contract_Referral_Placement","Partial match","Complex",TRUE,TRUE,"needs-creating","","","",21,0,0,"auto"
"ESS/IEP/Snapshots/Temp/CDP_Job_Seeker_20241130.QVD","CDP_Job_Seeker_20241130.QVD","-",NA,"AZDB-AUE-PRD-NIAADL01.ESS.CDP Job Seeker","Partial match","Complex",TRUE,TRUE,"needs-creating","","","",30,0,0,"auto"
"ESS/IEP/Snapshots/Temp/IEP_Activity_20241130.QVD","IEP_Activity_20241130.QVD","-",NA,"AZDB-AUE-PRD-NIAADL01.ESS.IEP Activity","Likely subset","Complex",TRUE,TRUE,"needs-creating","","","",39,0,0,"auto"
"ESS/IEP/Snapshots/Temp/IEP_Activity_Contact_20241130.QVD","IEP_Activity_Contact_20241130.QVD","-",NA,"AZDB-AUE-PRD-NIAADL01.ESS.IEP Activity Contact","Likely subset","Complex",TRUE,TRUE,"needs-import","fusionload","grant activity","",11,0,0,"auto"
"ESS/IEP/Snapshots/Temp/IEP_Activity_Expenditure_20241130.QVD","IEP_Activity_Expenditure_20241130.QVD","-",NA,"AZDB-AUE-PRD-NIAADL01.ESS.IEP Activity Expenditure","Exact","Complex",TRUE,TRUE,"multi-source","ESS","FUSION IEP Activity","lib://Curated data Store:DataFiles/10 Landing Area/ESS/FUSION IEP Activity.qvd",11,68,9,"auto"
"ESS/IEP/Snapshots/Temp/IEP_Claim_Payments_20241130.QVD","IEP_Claim_Payments_20241130.QVD","-",NA,"AZDB-AUE-PRD-NIAADL01.ESS.IEP Claim Payments","Partial match","Complex",FALSE,TRUE,"needs-creating","","","",20,0,0,"auto"
"ESS/IEP/Snapshots/Temp/IEP_Job_Seeker_20241130.QVD","IEP_Job_Seeker_20241130.QVD","-",NA,"AZDB-AUE-PRD-NIAADL01.ESS.IEP Job Seeker","Exact","Complex",FALSE,TRUE,"needs-creating","","","",15,0,0,"auto"
"ESS/IEP/Snapshots/Temp/IEP_Locations_20241130.QVD","IEP_Locations_20241130.QVD","-",NA,"AZDB-AUE-PRD-NIAADL01.ESS.IEP Locations","Exact","Complex",TRUE,TRUE,"needs-creating","","","",7,0,0,"auto"
"ESS/IEP/Snapshots/Temp/IEP_Outcome_20241130.QVD","IEP_Outcome_20241130.QVD","-",NA,"AZDB-AUE-PRD-NIAADL01.ESS.IEP Outcome","Exact","Complex",TRUE,TRUE,"multi-source","ESS","IEP Outcome Max Paid Week","lib://Curated data Store:DataFiles/10 Landing Area/ESS/IEP Outcome Max Paid Week.qvd",20,4,16,"auto"
"ESS/IEP/Snapshots/Temp/IEP_Placement_20241130.QVD","IEP_Placement_20241130.QVD","-",NA,"AZDB-AUE-PRD-NIAADL01.ESS.IEP Placement","Partial match","Complex",TRUE,TRUE,"needs-creating","","","",44,0,0,"auto"
"ESS/IEP/Snapshots/Temp/IEP_Provider_20241130.QVD","IEP_Provider_20241130.QVD","-",NA,"AZDB-AUE-PRD-NIAADL01.ESS.IEP Provider","Exact","Complex",TRUE,TRUE,"needs-import","fusionload","source organisation","",34,0,0,"auto"
"ESS/CDP/Temp/CDP Activity Attendance Monthly Rollup.QVD","CDP Activity Attendance Monthly Rollup.QVD","01 ESS QVD Builder - CDP",NA,"AZDB-AUE-PRD-NIAADL01.ESS.CDP Activity Attendance Monthly Rollup","Exact","Simple",FALSE,FALSE,"needs-creating","","","",6,0,0,"auto"
"ESS/CDP/Temp/CDP Activity Attendance Result Monthly Rollup Pivoted.QVD","CDP Activity Attendance Result Monthly Rollup Pivoted.QVD","01 ESS QVD Builder - CDP",NA,"AZDB-AUE-PRD-NIAADL01.ESS.CDP Activity Attendance Result Monthly Rollup Pivoted","Exact","Simple",FALSE,FALSE,"needs-creating","","","",8,0,0,"auto"
"ESS/CDP/Temp/CDP Activity Attendance Result Monthly Rollup.QVD","CDP Activity Attendance Result Monthly Rollup.QVD","01 ESS QVD Builder - CDP",NA,"-","No match","Missing lineage statement",FALSE,FALSE,"unmapped","","","",0,0,0,"auto"
"ESS/CDP/Temp/CDP Activity Attendance Result.QVD","CDP Activity Attendance Result.QVD","01 ESS QVD Builder - CDP",NA,"AZDB-AUE-PRD-NIAADL01.ESS.CDP Activity Attendance Result","Exact","Simple",FALSE,FALSE,"needs-creating","","","",14,0,0,"auto"
"ESS/CDP/Temp/CDP Activity Attendance.QVD","CDP Activity Attendance.QVD","01 ESS QVD Builder - CDP",NA,"AZDB-AUE-PRD-NIAADL01.ESS.CDP Activity Attendance","Exact","Simple",FALSE,FALSE,"needs-creating","","","",12,0,0,"auto"
"ESS/CDP/Temp/CDP Activity Referral Placement.QVD","CDP Activity Referral Placement.QVD","01 ESS QVD Builder - CDP",NA,"AZDB-AUE-PRD-NIAADL01.ESS.CDP Activity Referral Placement","Exact","Simple",FALSE,FALSE,"needs-creating","","","",25,0,0,"auto"
"ESS/CDP/Temp/CDP Activity.QVD","CDP Activity.QVD","01 ESS QVD Builder - CDP",NA,"AZDB-AUE-PRD-NIAADL01.ESS.CDP Activity","Exact","Simple",FALSE,FALSE,"needs-creating","","","",24,0,0,"auto"
"ESS/CDP/Temp/CDP Age Group.QVD","CDP Age Group.QVD","01 ESS QVD Builder - CDP",NA,"AZDB-AUE-PRD-NIAADL01.ESS.CDP Age Group","Exact","Simple",FALSE,FALSE,"needs-creating","","","",4,0,0,"auto"
"ESS/CDP/Temp/CDP API Subs Data Currency.QVD","CDP API Subs Data Currency.QVD","01 ESS QVD Builder - CDP",NA,"AZDB-AUE-PRD-NIAADL01.ESS.CDP API Subs Data Currency","Exact","Simple",FALSE,FALSE,"needs-creating","","","",3,0,0,"auto"
"ESS/CDP/Temp/CDP Barrier Job Plan Activity Link.QVD","CDP Barrier Job Plan Activity Link.QVD","01 ESS QVD Builder - CDP",NA,"AZDB-AUE-PRD-NIAADL01.ESS.CDP Barrier Job Plan Activity Link","Exact","Simple",FALSE,FALSE,"needs-creating","","","",3,0,0,"auto"
"ESS/CDP/Temp/CDP Barrier Job Plan Assistance Link.QVD","CDP Barrier Job Plan Assistance Link.QVD","01 ESS QVD Builder - CDP",NA,"AZDB-AUE-PRD-NIAADL01.ESS.CDP Barrier Job Plan Assistance Link","Exact","Simple",FALSE,TRUE,"needs-creating","","","",3,0,0,"auto"
"ESS/CDP/Temp/CDP Barrier.QVD","CDP Barrier.QVD","01 ESS QVD Builder - CDP",NA,"AZDB-AUE-PRD-NIAADL01.ESS.CDP Barrier","Exact","Simple",FALSE,FALSE,"needs-creating","","","",18,0,0,"auto"
"ESS/CDP/Temp/CDP Caseload Last 7 Days.QVD","CDP Caseload Last 7 Days.QVD","01 ESS QVD Builder - CDP",NA,"AZDB-AUE-PRD-NIAADL01.ESS.CDP Caseload Last 7 Days","Exact","Simple",FALSE,TRUE,"needs-creating","","","",6,0,0,"auto"
"ESS/CDP/Temp/CDP Caseload Month End.QVD","CDP Caseload Month End.QVD","01 ESS QVD Builder - CDP",NA,"AZDB-AUE-PRD-NIAADL01.ESS.CDP Caseload Month End","Exact","Simple",FALSE,TRUE,"needs-creating","","","",8,0,0,"auto"
"ESS/CDP/Temp/CDP Caseload Tracking By Month & Age Group.QVD","CDP Caseload Tracking By Month & Age Group.QVD","01 ESS QVD Builder - CDP",NA,"AZDB-AUE-PRD-NIAADL01.ESS.CDP Caseload Tracking By Month & Age Group","Exact","Simple",FALSE,TRUE,"needs-creating","","","",6,0,0,"auto"
"ESS/CDP/Temp/CDP Caseload Tracking By Month & CDP Region.QVD","CDP Caseload Tracking By Month & CDP Region.QVD","01 ESS QVD Builder - CDP",NA,"AZDB-AUE-PRD-NIAADL01.ESS.CDP Caseload Tracking By Month & CDP Region","Exact","Simple",FALSE,TRUE,"needs-creating","","","",6,0,0,"auto"
"ESS/CDP/Temp/CDP Caseload Tracking By Month & Indigenous Status.QVD","CDP Caseload Tracking By Month & Indigenous Status.QVD","01 ESS QVD Builder - CDP",NA,"AZDB-AUE-PRD-NIAADL01.ESS.CDP Caseload Tracking By Month & Indigenous Status","Exact","Simple",FALSE,TRUE,"needs-creating","","","",6,0,0,"auto"
"ESS/CDP/Temp/CDP Caseload Tracking By Month.QVD","CDP Caseload Tracking By Month.QVD","01 ESS QVD Builder - CDP",NA,"AZDB-AUE-PRD-NIAADL01.ESS.CDP Caseload Tracking By Month","Exact","Simple",FALSE,TRUE,"needs-creating","","","",5,0,0,"auto"
"ESS/CDP/Temp/CDP Caseload.QVD","CDP Caseload.QVD","01 ESS QVD Builder - CDP",NA,"AZDB-AUE-PRD-NIAADL01.ESS.CDP Caseload","Exact","Simple",FALSE,TRUE,"needs-creating","","","",23,0,0,"auto"
"ESS/CDP/Temp/CDP CCRJ Code Table.QVD","CDP CCRJ Code Table.QVD","01 ESS QVD Builder - CDP",NA,"AZDB-AUE-PRD-NIAADL01.ESS.CDP CCRJ Code Table","Exact","Simple",FALSE,FALSE,"needs-creating","","","",9,0,0,"auto"
"ESS/CDP/Temp/CDP Claim.QVD","CDP Claim.QVD","01 ESS QVD Builder - CDP",NA,"AZDB-AUE-PRD-NIAADL01.ESS.CDP Claim","Exact","Simple",FALSE,FALSE,"needs-creating","","","",51,0,0,"auto"
"ESS/CDP/Temp/CDP Contract.QVD","CDP Contract.QVD","01 ESS QVD Builder - CDP",NA,"AZDB-AUE-PRD-NIAADL01.ESS.CDP Contract","Exact","Simple",FALSE,FALSE,"retarget-incomplete","ESS","CDP PPR Result History","lib://Curated data Store:DataFiles/10 Landing Area/ESS/CDP PPR Result History.qvd",13,13,7,"auto"
"ESS/CDP/Temp/CDP Employment Placement History.QVD","CDP Employment Placement History.QVD","01 ESS QVD Builder - CDP",NA,"AZDB-AUE-PRD-NIAADL01.ESS.CDP Employment Placement History_obsolete","Exact","Missing lineage statement",FALSE,FALSE,"needs-creating","","","",32,0,0,"auto"
"ESS/CDP/Temp/CDP Employment Placement.QVD","CDP Employment Placement.QVD","01 ESS QVD Builder - CDP",NA,"AZDB-AUE-PRD-NIAADL01.ESS_DEV.CDP Employment Placement","Likely subset","Missing lineage statement",FALSE,FALSE,"needs-creating","","","",43,0,0,"auto"
"ESS/CDP/Temp/CDP Estimated Grant Value FY.QVD","CDP Estimated Grant Value FY.QVD","01 ESS QVD Builder - CDP",NA,"AZDB-AUE-PRD-NIAADL01.ESS.CDP Estimated Grant Value FY","Exact","Simple",FALSE,FALSE,"needs-creating","","","",5,0,0,"auto"
"ESS/CDP/Temp/CDP Grant Activity Site Location.QVD","CDP Grant Activity Site Location.QVD","01 ESS QVD Builder - CDP",NA,"AZDB-AUE-PRD-NIAADL01.ESS.CDP Grant Activity Site Location","Exact","Simple",FALSE,FALSE,"needs-import","fusionload","grant activity location","",15,0,0,"auto"
"ESS/CDP/Temp/CDP Grant Activity updated.QVD","CDP Grant Activity updated.QVD","01 ESS QVD Builder - CDP",NA,"AZDB-AUE-PRD-NIAADL01.ESS.CDP Grant Activity updated","Exact","Simple",FALSE,FALSE,"needs-creating","","","",23,0,0,"auto"
"ESS/CDP/Temp/CDP Grant Activity.QVD","CDP Grant Activity.QVD","01 ESS QVD Builder - CDP",NA,"AZDB-AUE-PRD-NIAADL01.ESS.CDP Grant Activity","Exact","Simple",FALSE,FALSE,"retarget-incomplete","ESS","CDP Grant Activity Site Location","lib://Curated data Store:DataFiles/10 Landing Area/ESS/CDP Grant Activity Site Location.qvd",30,18,27,"auto"
"ESS/CDP/Temp/CDP Grant Detail.QVD","CDP Grant Detail.QVD","01 ESS QVD Builder - CDP",NA,"AZDB-AUE-PRD-NIAADL01.ESS.CDP Grant Detail","Exact","Simple",FALSE,FALSE,"needs-creating","","","",18,0,0,"auto"
"ESS/CDP/Temp/CDP Grant Estimated Expenditure FY.QVD","CDP Grant Estimated Expenditure FY.QVD","01 ESS QVD Builder - CDP",NA,"AZDB-AUE-PRD-NIAADL01.ESS.CDP Grant Estimated Expenditure FY","Exact","Simple",FALSE,FALSE,"retarget-incomplete","ESS","CDP Grant Activity Site Location","lib://Curated data Store:DataFiles/10 Landing Area/ESS/CDP Grant Activity Site Location.qvd",10,18,8,"auto"
"ESS/CDP/Temp/CDP Grants List.QVD","CDP Grants List.QVD","01 ESS QVD Builder - CDP",NA,"AZDB-AUE-PRD-NIAADL01.ESS.CDP Grants List","Exact","Simple",FALSE,FALSE,"retarget-incomplete","ESS","FUSION CDP Activity","lib://Curated data Store:DataFiles/10 Landing Area/ESS/FUSION CDP Activity.qvd",17,44,9,"auto"
"ESS/CDP/Temp/CDP Income Support Payment Rate.QVD","CDP Income Support Payment Rate.QVD","01 ESS QVD Builder - CDP",NA,"AZDB-AUE-PRD-NIAADL01.ESS.CDP Income Support Payment Rate","Exact","Simple",FALSE,FALSE,"needs-creating","","","",10,0,0,"auto"
"ESS/CDP/Temp/CDP Income Support Rate 1.QVD","CDP Income Support Rate 1.QVD","01 ESS QVD Builder - CDP",NA,"AZDB-AUE-PRD-NIAADL01.ESS.CDP Income Support Payment Rate","Partial match","Simple",FALSE,FALSE,"needs-creating","","","",10,0,0,"auto"
"ESS/CDP/Temp/CDP Income Support Rate 2.QVD","CDP Income Support Rate 2.QVD","01 ESS QVD Builder - CDP",NA,"AZDB-AUE-PRD-NIAADL01.ESS.CDP Income Support Payment Rate","Partial match","Simple",FALSE,FALSE,"needs-creating","","","",10,0,0,"auto"
"ESS/CDP/Temp/CDP Income Support Rate.QVD","CDP Income Support Rate.QVD","01 ESS QVD Builder - CDP",NA,"AZDB-AUE-PRD-NIAADL01.ESS.CDP Income Support Payment Rate","Partial match","Simple",FALSE,FALSE,"needs-creating","","","",10,0,0,"auto"
"ESS/CDP/Temp/CDP Job Plan Activity Detail.QVD","CDP Job Plan Activity Detail.QVD","01 ESS QVD Builder - CDP",NA,"AZDB-AUE-PRD-NIAADL01.ESS.CDP Job Plan Activity Detail","Exact","Simple",FALSE,FALSE,"needs-creating","","","",7,0,0,"auto"
"ESS/CDP/Temp/CDP Job Plan Activity.QVD","CDP Job Plan Activity.QVD","01 ESS QVD Builder - CDP",NA,"AZDB-AUE-PRD-NIAADL01.ESS.CDP Job Plan Activity","Exact","Simple",FALSE,FALSE,"needs-creating","","","",13,0,0,"auto"
"ESS/CDP/Temp/CDP Job Plan Assistance.QVD","CDP Job Plan Assistance.QVD","01 ESS QVD Builder - CDP",NA,"AZDB-AUE-PRD-NIAADL01.ESS.CDP Job Plan Assistance","Exact","Simple",FALSE,TRUE,"needs-creating","","","",8,0,0,"auto"
"ESS/CDP/Temp/CDP Job Plan.QVD","CDP Job Plan.QVD","01 ESS QVD Builder - CDP",NA,"AZDB-AUE-PRD-NIAADL01.ESS.CDP Job Plan","Exact","Simple",FALSE,FALSE,"needs-creating","","","",10,0,0,"auto"
"ESS/CDP/Temp/CDP Job Seeker Appointment.QVD","CDP Job Seeker Appointment.QVD","01 ESS QVD Builder - CDP",NA,"AZDB-AUE-PRD-NIAADL01.ESS.CDP Job Seeker Appointment","Exact","Simple",FALSE,FALSE,"needs-creating","","","",19,0,0,"auto"
"ESS/CDP/Temp/CDP Job Seeker Assessment.QVD","CDP Job Seeker Assessment.QVD","01 ESS QVD Builder - CDP",NA,"AZDB-AUE-PRD-NIAADL01.ESS.CDP Job Seeker Assessment","Exact","Simple",FALSE,TRUE,"needs-creating","","","",10,0,0,"auto"
"ESS/CDP/Temp/CDP Job Seeker Characteristics Month End.QVD","CDP Job Seeker Characteristics Month End.QVD","01 ESS QVD Builder - CDP",NA,"AZDB-AUE-PRD-NIAADL01.ESS.CDP Job Seeker Characteristics Month End","Exact","Simple",FALSE,FALSE,"needs-creating","","","",3,0,0,"auto"
"ESS/CDP/Temp/CDP Job Seeker Characteristics.QVD","CDP Job Seeker Characteristics.QVD","01 ESS QVD Builder - CDP",NA,"AZDB-AUE-PRD-NIAADL01.ESS.CDP Job Seeker Characteristics","Exact","Simple",FALSE,FALSE,"needs-creating","","","",26,0,0,"auto"
"ESS/CDP/Temp/CDP Job Seeker Geocoded.QVD","CDP Job Seeker Geocoded.QVD","01 ESS QVD Builder - CDP",NA,"AZDB-AUE-PRD-NIAADL01.ESS.CDP Job Seeker Geocoded","Exact","Simple",FALSE,FALSE,"needs-creating","","","",114,0,0,"auto"
"ESS/CDP/Temp/CDP Job Seeker History.QVD","CDP Job Seeker History.QVD","01 ESS QVD Builder - CDP",NA,"AZDB-AUE-PRD-NIAADL01.ESS.CDP Job Seeker History","Exact","Simple",FALSE,FALSE,"needs-creating","","","",7,0,0,"auto"
"ESS/CDP/Temp/CDP Job Seeker Month End.QVD","CDP Job Seeker Month End.QVD","01 ESS QVD Builder - CDP",NA,"AZDB-AUE-PRD-NIAADL01.ESS.CDP Job Seeker Month End","Exact","Simple",FALSE,FALSE,"needs-creating","","","",3,0,0,"auto"
"ESS/CDP/Temp/CDP Job Seeker.QVD","CDP Job Seeker.QVD","01 ESS QVD Builder - CDP",NA,"AZDB-AUE-PRD-NIAADL01.ESS.CDP Job Seeker","Exact","Simple",FALSE,FALSE,"needs-creating","","","",30,0,0,"auto"
"ESS/CDP/Temp/CDP JSCI Classification Question & Response.QVD","CDP JSCI Classification Question & Response.QVD","01 ESS QVD Builder - CDP",NA,"AZDB-AUE-PRD-NIAADL01.ESS.CDP JSCI Classification Question & Response","Exact","Simple",FALSE,TRUE,"needs-creating","","","",7,0,0,"auto"
"ESS/CDP/Temp/CDP JSCI Classification.QVD","CDP JSCI Classification.QVD","01 ESS QVD Builder - CDP",NA,"AZDB-AUE-PRD-NIAADL01.ESS.CDP JSCI Classification","Exact","Simple",FALSE,TRUE,"needs-creating","","","",10,0,0,"auto"
"ESS/CDP/Temp/CDP NBRJ Code Table.QVD","CDP NBRJ Code Table.QVD","01 ESS QVD Builder - CDP",NA,"AZDB-AUE-PRD-NIAADL01.ESS.CDP NBRJ Code Table","Exact","Simple",FALSE,FALSE,"needs-creating","","","",13,0,0,"auto"
"ESS/CDP/Temp/CDP Organisation.QVD","CDP Organisation.QVD","01 ESS QVD Builder - CDP",NA,"AZDB-AUE-PRD-NIAADL01.ESS.CDP Organisation","Exact","Simple",FALSE,FALSE,"needs-creating","","","",19,0,0,"auto"
"ESS/CDP/Temp/CDP PPR Result History.QVD","CDP PPR Result History.QVD","01 ESS QVD Builder - CDP",NA,"AZDB-AUE-PRD-NIAADL01.ESS.CDP PPR Result History","Exact","Simple",FALSE,FALSE,"needs-creating","","","",12,0,0,"auto"
"ESS/CDP/Temp/CDP Region.QVD","CDP Region.QVD","01 ESS QVD Builder - CDP",NA,"AZDB-AUE-PRD-NIAADL01.ESS.CDP Region","Exact","Simple",FALSE,FALSE,"retarget-incomplete","ESS","TWES Site Contract","lib://Curated data Store:DataFiles/10 Landing Area/ESS/TWES Site Contract.qvd",8,38,3,"auto"
"ESS/CDP/Temp/CDP Site Contract.QVD","CDP Site Contract.QVD","01 ESS QVD Builder - CDP",NA,"AZDB-AUE-PRD-NIAADL01.ESS.CDP Site Contract","Exact","Simple",FALSE,FALSE,"retarget-incomplete","ESS","CDP Grant Activity Site Location","lib://Curated data Store:DataFiles/10 Landing Area/ESS/CDP Grant Activity Site Location.qvd",30,18,17,"auto"
"ESS/CDP/Temp/CDP Vacancy Referral.QVD","CDP Vacancy Referral.QVD","01 ESS QVD Builder - CDP",NA,"AZDB-AUE-PRD-NIAADL01.ESS.CDP Vacancy Referral","Exact","Simple",FALSE,FALSE,"needs-creating","","","",44,0,0,"auto"
"ESS/CDP/Temp/CDP Vacancy.QVD","CDP Vacancy.QVD","01 ESS QVD Builder - CDP",NA,"AZDB-AUE-PRD-NIAADL01.ESS.CDP Vacancy","Exact","Simple",FALSE,FALSE,"needs-creating","","","",37,0,0,"auto"
"ESS/CDP/Temp/ESAM Users.QVD","ESAM Users.QVD","01 ESS QVD Builder - CDP",NA,"AZDB-AUE-PRD-NIAADL01.ESS.ESAM Users","Exact","Simple",FALSE,FALSE,"needs-creating","","","",29,0,0,"auto"
"ESS/CDP/Temp/QVD_List.QVD","QVD_List.QVD","01 ESS QVD Builder - CDP",NA,"AZDB-AUE-PRD-NIAADL01.Acorn.Content","Partial match","Missing lineage statement",FALSE,FALSE,"needs-creating","","","",15,0,0,"auto"
"ESS/CDP/Temp/RAES Payment.QVD","RAES Payment.QVD","01 ESS QVD Builder - CDP",NA,"AZDB-AUE-PRD-NIAADL01.ESS.RAES Payment","Exact","Simple",FALSE,FALSE,"needs-creating","","","",42,0,0,"auto"
"ESS/CDP/Temp/RAES Vacancy Referral.QVD","RAES Vacancy Referral.QVD","01 ESS QVD Builder - CDP",NA,"AZDB-AUE-PRD-NIAADL01.ESS.RAES Vacancy Referral","Exact","Simple",FALSE,FALSE,"needs-creating","","","",45,0,0,"auto"
"ESS/IEP/IEP_Payment.QVD","IEP_Payment.QVD","IEP Payment try 2",NA,"AZDB-AUE-PRD-NIAADL01.ESS.IEP Payment","Partial match","Simple",FALSE,TRUE,"needs-creating","","","",10,0,0,"auto"
"NIAA/AGIL_Connectivity.qvd","AGIL_Connectivity.qvd","AGIL Connectivity QVD Generator",NA,"-","No match","Complex",FALSE,TRUE,"unmapped","","","",0,0,0,"auto"
"NIAA/Commonwealth Hospital.qvd","Commonwealth Hospital.qvd","-",NA,"AZDB-AUE-PRD-NIAADL01.DoH.Commonwealth Hospital","Likely subset","Simple",FALSE,FALSE,"needs-creating","","","",19,0,0,"auto"
"ESS/IEP/Snapshots/CDP_Contract_Referral_Placement_20240331.QVD","CDP_Contract_Referral_Placement_20240331.QVD","02s ESS QVD Builder Finalisation - Snapshot",NA,"AZDB-AUE-PRD-NIAADL01.ESS.NIAA_CDP_Contract_Referral_Placement","Partial match","Missing lineage statement",FALSE,FALSE,"needs-creating","","","",21,0,0,"auto"
"ESS/IEP/Snapshots/CDP_Contract_Referral_Placement_20240430.QVD","CDP_Contract_Referral_Placement_20240430.QVD","02s ESS QVD Builder Finalisation - Snapshot",NA,"AZDB-AUE-PRD-NIAADL01.ESS.NIAA_CDP_Contract_Referral_Placement","Partial match","Missing lineage statement",FALSE,FALSE,"needs-creating","","","",21,0,0,"auto"
"ESS/IEP/Snapshots/CDP_Contract_Referral_Placement_20240531.QVD","CDP_Contract_Referral_Placement_20240531.QVD","02s ESS QVD Builder Finalisation - Snapshot",NA,"AZDB-AUE-PRD-NIAADL01.ESS.NIAA_CDP_Contract_Referral_Placement","Partial match","Missing lineage statement",FALSE,FALSE,"needs-creating","","","",21,0,0,"auto"
"ESS/IEP/Snapshots/CDP_Contract_Referral_Placement_20240630.QVD","CDP_Contract_Referral_Placement_20240630.QVD","02s ESS QVD Builder Finalisation - Snapshot",NA,"AZDB-AUE-PRD-NIAADL01.ESS.NIAA_CDP_Contract_Referral_Placement","Partial match","Missing lineage statement",FALSE,FALSE,"needs-creating","","","",21,0,0,"auto"
"ESS/IEP/Snapshots/CDP_Contract_Referral_Placement_20240731.QVD","CDP_Contract_Referral_Placement_20240731.QVD","02s ESS QVD Builder Finalisation - Snapshot",NA,"AZDB-AUE-PRD-NIAADL01.ESS.NIAA_CDP_Contract_Referral_Placement","Partial match","Missing lineage statement",FALSE,FALSE,"needs-creating","","","",21,0,0,"auto"
"ESS/IEP/Snapshots/CDP_Contract_Referral_Placement_20240831.QVD","CDP_Contract_Referral_Placement_20240831.QVD","02s ESS QVD Builder Finalisation - Snapshot",NA,"AZDB-AUE-PRD-NIAADL01.ESS.NIAA_CDP_Contract_Referral_Placement","Partial match","Missing lineage statement",FALSE,FALSE,"needs-creating","","","",21,0,0,"auto"
"ESS/IEP/Snapshots/CDP_Contract_Referral_Placement_20241031.QVD","CDP_Contract_Referral_Placement_20241031.QVD","02s ESS QVD Builder Finalisation - Snapshot",NA,"AZDB-AUE-PRD-NIAADL01.ESS.NIAA_CDP_Contract_Referral_Placement","Partial match","Missing lineage statement",FALSE,FALSE,"needs-creating","","","",21,0,0,"auto"
"ESS/IEP/Snapshots/CDP_Contract_Referral_Placement_20241130.QVD","CDP_Contract_Referral_Placement_20241130.QVD","02s ESS QVD Builder Finalisation - Snapshot",NA,"AZDB-AUE-PRD-NIAADL01.ESS.NIAA_CDP_Contract_Referral_Placement","Partial match","Missing lineage statement",FALSE,FALSE,"needs-creating","","","",21,0,0,"auto"
"ESS/IEP/Snapshots/CDP_Contract_Referral_Placement_20241231.QVD","CDP_Contract_Referral_Placement_20241231.QVD","02s ESS QVD Builder Finalisation - Snapshot",NA,"AZDB-AUE-PRD-NIAADL01.ESS.NIAA_CDP_Contract_Referral_Placement","Partial match","Missing lineage statement",FALSE,FALSE,"needs-creating","","","",21,0,0,"auto"
"ESS/IEP/Snapshots/CDP_Contract_Referral_Placement_20250131.QVD","CDP_Contract_Referral_Placement_20250131.QVD","02s ESS QVD Builder Finalisation - Snapshot",NA,"AZDB-AUE-PRD-NIAADL01.ESS.NIAA_CDP_Contract_Referral_Placement","Partial match","Missing lineage statement",FALSE,FALSE,"needs-creating","","","",21,0,0,"auto"
"ESS/IEP/Snapshots/CDP_Contract_Referral_Placement_20250228.QVD","CDP_Contract_Referral_Placement_20250228.QVD","02s ESS QVD Builder Finalisation - Snapshot",NA,"AZDB-AUE-PRD-NIAADL01.ESS.NIAA_CDP_Contract_Referral_Placement","Partial match","Missing lineage statement",FALSE,FALSE,"needs-creating","","","",21,0,0,"auto"
"ESS/IEP/Snapshots/CDP_Contract_Referral_Placement_20250331.QVD","CDP_Contract_Referral_Placement_20250331.QVD","02s ESS QVD Builder Finalisation - Snapshot",NA,"AZDB-AUE-PRD-NIAADL01.ESS.NIAA_CDP_Contract_Referral_Placement","Partial match","Missing lineage statement",FALSE,FALSE,"needs-creating","","","",21,0,0,"auto"
"ESS/IEP/Snapshots/CDP_Contract_Referral_Placement_20250430.QVD","CDP_Contract_Referral_Placement_20250430.QVD","02s ESS QVD Builder Finalisation - Snapshot",NA,"AZDB-AUE-PRD-NIAADL01.ESS.NIAA_CDP_Contract_Referral_Placement","Partial match","Missing lineage statement",FALSE,FALSE,"needs-creating","","","",21,0,0,"auto"
"ESS/IEP/Snapshots/CDP_Contract_Referral_Placement_20250531.QVD","CDP_Contract_Referral_Placement_20250531.QVD","02s ESS QVD Builder Finalisation - Snapshot",NA,"AZDB-AUE-PRD-NIAADL01.ESS.NIAA_CDP_Contract_Referral_Placement","Partial match","Missing lineage statement",FALSE,FALSE,"needs-creating","","","",21,0,0,"auto"
"ESS/IEP/Snapshots/CDP_Contract_Referral_Placement_20250630.QVD","CDP_Contract_Referral_Placement_20250630.QVD","02s ESS QVD Builder Finalisation - Snapshot",NA,"AZDB-AUE-PRD-NIAADL01.ESS.NIAA_CDP_Contract_Referral_Placement","Partial match","Missing lineage statement",FALSE,FALSE,"needs-creating","","","",21,0,0,"auto"
"ESS/IEP/Snapshots/CDP_Contract_Referral_Placement_20250731.QVD","CDP_Contract_Referral_Placement_20250731.QVD","02s ESS QVD Builder Finalisation - Snapshot",NA,"AZDB-AUE-PRD-NIAADL01.ESS.NIAA_CDP_Contract_Referral_Placement","Partial match","Missing lineage statement",FALSE,FALSE,"needs-creating","","","",21,0,0,"auto"
"ESS/IEP/Snapshots/CDP_Contract_Referral_Placement_20250831.QVD","CDP_Contract_Referral_Placement_20250831.QVD","02s ESS QVD Builder Finalisation - Snapshot",NA,"AZDB-AUE-PRD-NIAADL01.ESS.NIAA_CDP_Contract_Referral_Placement","Partial match","Missing lineage statement",FALSE,FALSE,"needs-creating","","","",21,0,0,"auto"
"ESS/IEP/Snapshots/CDP_Contract_Referral_Placement_20250930.QVD","CDP_Contract_Referral_Placement_20250930.QVD","02s ESS QVD Builder Finalisation - Snapshot",NA,"AZDB-AUE-PRD-NIAADL01.ESS.NIAA_CDP_Contract_Referral_Placement","Partial match","Missing lineage statement",FALSE,FALSE,"needs-creating","","","",21,0,0,"auto"
"ESS/IEP/Snapshots/CDP_Contract_Referral_Placement_20251231.QVD","CDP_Contract_Referral_Placement_20251231.QVD","02s ESS QVD Builder Finalisation - Snapshot",NA,"AZDB-AUE-PRD-NIAADL01.ESS.NIAA_CDP_Contract_Referral_Placement","Partial match","Missing lineage statement",FALSE,FALSE,"needs-creating","","","",21,0,0,"auto"
"ESS/IEP/Snapshots/CDP_Contract_Referral_Placement_20260228.QVD","CDP_Contract_Referral_Placement_20260228.QVD","02s ESS QVD Builder Finalisation - Snapshot",NA,"AZDB-AUE-PRD-NIAADL01.ESS.NIAA_CDP_Contract_Referral_Placement","Partial match","Missing lineage statement",FALSE,FALSE,"needs-creating","","","",21,0,0,"auto"
"ESS/IEP/Snapshots/CDP_Contract_Referral_Placement_20260430.QVD","CDP_Contract_Referral_Placement_20260430.QVD","02s ESS QVD Builder Finalisation - Snapshot",NA,"AZDB-AUE-PRD-NIAADL01.ESS.NIAA_CDP_Contract_Referral_Placement","Partial match","Missing lineage statement",FALSE,FALSE,"needs-creating","","","",21,0,0,"auto"
"ESS/IEP/Snapshots/CDP_Contract_Referral_Placement_20260531.QVD","CDP_Contract_Referral_Placement_20260531.QVD","02s ESS QVD Builder Finalisation - Snapshot",NA,"AZDB-AUE-PRD-NIAADL01.ESS.NIAA_CDP_Contract_Referral_Placement","Partial match","Missing lineage statement",FALSE,FALSE,"needs-creating","","","",21,0,0,"auto"
"ESS/IEP/Snapshots/CDP_Contract_Referral_Placement_20260630.QVD","CDP_Contract_Referral_Placement_20260630.QVD","02s ESS QVD Builder Finalisation - Snapshot",NA,"AZDB-AUE-PRD-NIAADL01.ESS.NIAA_CDP_Contract_Referral_Placement","Partial match","Missing lineage statement",FALSE,FALSE,"needs-creating","","","",21,0,0,"auto"
"ESS/IEP/Snapshots/CDP_Job_Seeker_20240331.QVD","CDP_Job_Seeker_20240331.QVD","02s ESS QVD Builder Finalisation - Snapshot",NA,"AZDB-AUE-PRD-NIAADL01.ESS.CDP Job Seeker","Partial match","Missing lineage statement",FALSE,FALSE,"needs-creating","","","",30,0,0,"auto"
"ESS/IEP/Snapshots/CDP_Job_Seeker_20240430.QVD","CDP_Job_Seeker_20240430.QVD","02s ESS QVD Builder Finalisation - Snapshot",NA,"AZDB-AUE-PRD-NIAADL01.ESS.CDP Job Seeker","Partial match","Missing lineage statement",FALSE,FALSE,"needs-creating","","","",30,0,0,"auto"
"ESS/IEP/Snapshots/CDP_Job_Seeker_20240531.QVD","CDP_Job_Seeker_20240531.QVD","02s ESS QVD Builder Finalisation - Snapshot",NA,"AZDB-AUE-PRD-NIAADL01.ESS.CDP Job Seeker","Partial match","Missing lineage statement",FALSE,FALSE,"needs-creating","","","",30,0,0,"auto"
"ESS/IEP/Snapshots/CDP_Job_Seeker_20240630.QVD","CDP_Job_Seeker_20240630.QVD","02s ESS QVD Builder Finalisation - Snapshot",NA,"AZDB-AUE-PRD-NIAADL01.ESS.CDP Job Seeker","Partial match","Missing lineage statement",FALSE,FALSE,"needs-creating","","","",30,0,0,"auto"
"ESS/IEP/Snapshots/CDP_Job_Seeker_20240731.QVD","CDP_Job_Seeker_20240731.QVD","02s ESS QVD Builder Finalisation - Snapshot",NA,"AZDB-AUE-PRD-NIAADL01.ESS.CDP Job Seeker","Partial match","Missing lineage statement",FALSE,FALSE,"needs-creating","","","",30,0,0,"auto"
"ESS/IEP/Snapshots/CDP_Job_Seeker_20240831.QVD","CDP_Job_Seeker_20240831.QVD","02s ESS QVD Builder Finalisation - Snapshot",NA,"AZDB-AUE-PRD-NIAADL01.ESS.CDP Job Seeker","Partial match","Missing lineage statement",FALSE,FALSE,"needs-creating","","","",30,0,0,"auto"
"ESS/IEP/Snapshots/CDP_Job_Seeker_20241031.QVD","CDP_Job_Seeker_20241031.QVD","02s ESS QVD Builder Finalisation - Snapshot",NA,"AZDB-AUE-PRD-NIAADL01.ESS.CDP Job Seeker","Partial match","Missing lineage statement",FALSE,FALSE,"needs-creating","","","",30,0,0,"auto"
"ESS/IEP/Snapshots/CDP_Job_Seeker_20241130.QVD","CDP_Job_Seeker_20241130.QVD","02s ESS QVD Builder Finalisation - Snapshot",NA,"AZDB-AUE-PRD-NIAADL01.ESS.CDP Job Seeker","Partial match","Missing lineage statement",FALSE,FALSE,"needs-creating","","","",30,0,0,"auto"
"ESS/IEP/Snapshots/CDP_Job_Seeker_20241231.QVD","CDP_Job_Seeker_20241231.QVD","02s ESS QVD Builder Finalisation - Snapshot",NA,"AZDB-AUE-PRD-NIAADL01.ESS.CDP Job Seeker","Partial match","Missing lineage statement",FALSE,FALSE,"needs-creating","","","",30,0,0,"auto"
"ESS/IEP/Snapshots/CDP_Job_Seeker_20250131.QVD","CDP_Job_Seeker_20250131.QVD","02s ESS QVD Builder Finalisation - Snapshot",NA,"AZDB-AUE-PRD-NIAADL01.ESS.CDP Job Seeker","Partial match","Missing lineage statement",FALSE,FALSE,"needs-creating","","","",30,0,0,"auto"
"ESS/IEP/Snapshots/CDP_Job_Seeker_20250228.QVD","CDP_Job_Seeker_20250228.QVD","02s ESS QVD Builder Finalisation - Snapshot",NA,"AZDB-AUE-PRD-NIAADL01.ESS.CDP Job Seeker","Partial match","Missing lineage statement",FALSE,FALSE,"needs-creating","","","",30,0,0,"auto"
"ESS/IEP/Snapshots/CDP_Job_Seeker_20250331.QVD","CDP_Job_Seeker_20250331.QVD","02s ESS QVD Builder Finalisation - Snapshot",NA,"AZDB-AUE-PRD-NIAADL01.ESS.CDP Job Seeker","Partial match","Missing lineage statement",FALSE,FALSE,"needs-creating","","","",30,0,0,"auto"
"ESS/IEP/Snapshots/CDP_Job_Seeker_20250430.QVD","CDP_Job_Seeker_20250430.QVD","02s ESS QVD Builder Finalisation - Snapshot",NA,"AZDB-AUE-PRD-NIAADL01.ESS.CDP Job Seeker","Partial match","Missing lineage statement",FALSE,FALSE,"needs-creating","","","",30,0,0,"auto"
"ESS/IEP/Snapshots/CDP_Job_Seeker_20250531.QVD","CDP_Job_Seeker_20250531.QVD","02s ESS QVD Builder Finalisation - Snapshot",NA,"AZDB-AUE-PRD-NIAADL01.ESS.CDP Job Seeker","Partial match","Missing lineage statement",FALSE,FALSE,"needs-creating","","","",30,0,0,"auto"
"ESS/IEP/Snapshots/CDP_Job_Seeker_20250630.QVD","CDP_Job_Seeker_20250630.QVD","02s ESS QVD Builder Finalisation - Snapshot",NA,"AZDB-AUE-PRD-NIAADL01.ESS.CDP Job Seeker","Partial match","Missing lineage statement",FALSE,FALSE,"needs-creating","","","",30,0,0,"auto"
"ESS/IEP/Snapshots/CDP_Job_Seeker_20250731.QVD","CDP_Job_Seeker_20250731.QVD","02s ESS QVD Builder Finalisation - Snapshot",NA,"AZDB-AUE-PRD-NIAADL01.ESS.CDP Job Seeker","Partial match","Missing lineage statement",FALSE,FALSE,"needs-creating","","","",30,0,0,"auto"
"ESS/IEP/Snapshots/CDP_Job_Seeker_20250831.QVD","CDP_Job_Seeker_20250831.QVD","02s ESS QVD Builder Finalisation - Snapshot",NA,"AZDB-AUE-PRD-NIAADL01.ESS.CDP Job Seeker","Partial match","Missing lineage statement",FALSE,FALSE,"needs-creating","","","",30,0,0,"auto"
"ESS/IEP/Snapshots/CDP_Job_Seeker_20250930.QVD","CDP_Job_Seeker_20250930.QVD","02s ESS QVD Builder Finalisation - Snapshot",NA,"AZDB-AUE-PRD-NIAADL01.ESS.CDP Job Seeker","Partial match","Missing lineage statement",FALSE,FALSE,"needs-creating","","","",30,0,0,"auto"
"ESS/IEP/Snapshots/CDP_Job_Seeker_20251231.QVD","CDP_Job_Seeker_20251231.QVD","02s ESS QVD Builder Finalisation - Snapshot",NA,"AZDB-AUE-PRD-NIAADL01.ESS.CDP Job Seeker","Partial match","Missing lineage statement",FALSE,FALSE,"needs-creating","","","",30,0,0,"auto"
"ESS/IEP/Snapshots/CDP_Job_Seeker_20260228.QVD","CDP_Job_Seeker_20260228.QVD","02s ESS QVD Builder Finalisation - Snapshot",NA,"AZDB-AUE-PRD-NIAADL01.ESS.CDP Job Seeker","Partial match","Missing lineage statement",FALSE,FALSE,"needs-creating","","","",30,0,0,"auto"
"ESS/IEP/Snapshots/CDP_Job_Seeker_20260430.QVD","CDP_Job_Seeker_20260430.QVD","02s ESS QVD Builder Finalisation - Snapshot",NA,"AZDB-AUE-PRD-NIAADL01.ESS.CDP Job Seeker","Partial match","Missing lineage statement",FALSE,FALSE,"needs-creating","","","",30,0,0,"auto"
"ESS/IEP/Snapshots/CDP_Job_Seeker_20260531.QVD","CDP_Job_Seeker_20260531.QVD","02s ESS QVD Builder Finalisation - Snapshot",NA,"AZDB-AUE-PRD-NIAADL01.ESS.CDP Job Seeker","Partial match","Missing lineage statement",FALSE,FALSE,"needs-creating","","","",30,0,0,"auto"
"ESS/IEP/Snapshots/CDP_Job_Seeker_20260630.QVD","CDP_Job_Seeker_20260630.QVD","02s ESS QVD Builder Finalisation - Snapshot",NA,"AZDB-AUE-PRD-NIAADL01.ESS.CDP Job Seeker","Partial match","Missing lineage statement",FALSE,FALSE,"needs-creating","","","",30,0,0,"auto"
"ESS/IEP/Snapshots/IEP_Activity_20240331.QVD","IEP_Activity_20240331.QVD","02s ESS QVD Builder Finalisation - Snapshot",NA,"AZDB-AUE-PRD-NIAADL01.ESS.IEP Activity","Likely subset","Missing lineage statement",FALSE,FALSE,"needs-creating","","","",39,0,0,"auto"
"ESS/IEP/Snapshots/IEP_Activity_20240430.QVD","IEP_Activity_20240430.QVD","02s ESS QVD Builder Finalisation - Snapshot",NA,"AZDB-AUE-PRD-NIAADL01.ESS.IEP Activity","Likely subset","Missing lineage statement",FALSE,FALSE,"needs-creating","","","",39,0,0,"auto"
"ESS/IEP/Snapshots/IEP_Activity_20240531.QVD","IEP_Activity_20240531.QVD","02s ESS QVD Builder Finalisation - Snapshot",NA,"AZDB-AUE-PRD-NIAADL01.ESS.IEP Activity","Likely subset","Missing lineage statement",FALSE,FALSE,"needs-creating","","","",39,0,0,"auto"
"ESS/IEP/Snapshots/IEP_Activity_20240630.QVD","IEP_Activity_20240630.QVD","02s ESS QVD Builder Finalisation - Snapshot",NA,"AZDB-AUE-PRD-NIAADL01.ESS.IEP Activity","Likely subset","Missing lineage statement",FALSE,FALSE,"needs-creating","","","",39,0,0,"auto"
"ESS/IEP/Snapshots/IEP_Activity_20240731.QVD","IEP_Activity_20240731.QVD","02s ESS QVD Builder Finalisation - Snapshot",NA,"AZDB-AUE-PRD-NIAADL01.ESS.IEP Activity","Likely subset","Missing lineage statement",FALSE,FALSE,"needs-creating","","","",39,0,0,"auto"
"ESS/IEP/Snapshots/IEP_Activity_20240831.QVD","IEP_Activity_20240831.QVD","02s ESS QVD Builder Finalisation - Snapshot",NA,"AZDB-AUE-PRD-NIAADL01.ESS.IEP Activity","Likely subset","Missing lineage statement",FALSE,FALSE,"needs-creating","","","",39,0,0,"auto"
"ESS/IEP/Snapshots/IEP_Activity_20241031.QVD","IEP_Activity_20241031.QVD","02s ESS QVD Builder Finalisation - Snapshot",NA,"AZDB-AUE-PRD-NIAADL01.ESS.IEP Activity","Likely subset","Missing lineage statement",FALSE,FALSE,"needs-creating","","","",39,0,0,"auto"
"ESS/IEP/Snapshots/IEP_Activity_20241130.QVD","IEP_Activity_20241130.QVD","02s ESS QVD Builder Finalisation - Snapshot",NA,"AZDB-AUE-PRD-NIAADL01.ESS.IEP Activity","Likely subset","Missing lineage statement",FALSE,FALSE,"needs-creating","","","",39,0,0,"auto"
"ESS/IEP/Snapshots/IEP_Activity_20241231.QVD","IEP_Activity_20241231.QVD","02s ESS QVD Builder Finalisation - Snapshot",NA,"AZDB-AUE-PRD-NIAADL01.ESS.IEP Activity","Likely subset","Missing lineage statement",FALSE,FALSE,"needs-creating","","","",39,0,0,"auto"
"ESS/IEP/Snapshots/IEP_Activity_20250131.QVD","IEP_Activity_20250131.QVD","02s ESS QVD Builder Finalisation - Snapshot",NA,"AZDB-AUE-PRD-NIAADL01.ESS.IEP Activity","Likely subset","Missing lineage statement",FALSE,FALSE,"needs-creating","","","",39,0,0,"auto"
"ESS/IEP/Snapshots/IEP_Activity_20250228.QVD","IEP_Activity_20250228.QVD","02s ESS QVD Builder Finalisation - Snapshot",NA,"AZDB-AUE-PRD-NIAADL01.ESS.IEP Activity","Likely subset","Missing lineage statement",FALSE,FALSE,"needs-creating","","","",39,0,0,"auto"
"ESS/IEP/Snapshots/IEP_Activity_20250331.QVD","IEP_Activity_20250331.QVD","02s ESS QVD Builder Finalisation - Snapshot",NA,"AZDB-AUE-PRD-NIAADL01.ESS.IEP Activity","Likely subset","Missing lineage statement",FALSE,FALSE,"needs-creating","","","",39,0,0,"auto"
"ESS/IEP/Snapshots/IEP_Activity_20250430.QVD","IEP_Activity_20250430.QVD","02s ESS QVD Builder Finalisation - Snapshot",NA,"AZDB-AUE-PRD-NIAADL01.ESS.IEP Activity","Likely subset","Missing lineage statement",FALSE,FALSE,"needs-creating","","","",39,0,0,"auto"
"ESS/IEP/Snapshots/IEP_Activity_20250531.QVD","IEP_Activity_20250531.QVD","02s ESS QVD Builder Finalisation - Snapshot",NA,"AZDB-AUE-PRD-NIAADL01.ESS.IEP Activity","Likely subset","Missing lineage statement",FALSE,FALSE,"needs-creating","","","",39,0,0,"auto"
"ESS/IEP/Snapshots/IEP_Activity_20250630.QVD","IEP_Activity_20250630.QVD","02s ESS QVD Builder Finalisation - Snapshot",NA,"AZDB-AUE-PRD-NIAADL01.ESS.IEP Activity","Likely subset","Missing lineage statement",FALSE,FALSE,"needs-creating","","","",39,0,0,"auto"
"ESS/IEP/Snapshots/IEP_Activity_20250731.QVD","IEP_Activity_20250731.QVD","02s ESS QVD Builder Finalisation - Snapshot",NA,"AZDB-AUE-PRD-NIAADL01.ESS.IEP Activity","Likely subset","Missing lineage statement",FALSE,FALSE,"needs-creating","","","",39,0,0,"auto"
"ESS/IEP/Snapshots/IEP_Activity_20250831.QVD","IEP_Activity_20250831.QVD","02s ESS QVD Builder Finalisation - Snapshot",NA,"AZDB-AUE-PRD-NIAADL01.ESS.IEP Activity","Likely subset","Missing lineage statement",FALSE,FALSE,"needs-creating","","","",39,0,0,"auto"
"ESS/IEP/Snapshots/IEP_Activity_20250930.QVD","IEP_Activity_20250930.QVD","02s ESS QVD Builder Finalisation - Snapshot",NA,"AZDB-AUE-PRD-NIAADL01.ESS.IEP Activity","Likely subset","Missing lineage statement",FALSE,FALSE,"needs-creating","","","",39,0,0,"auto"
"ESS/IEP/Snapshots/IEP_Activity_20251231.QVD","IEP_Activity_20251231.QVD","02s ESS QVD Builder Finalisation - Snapshot",NA,"AZDB-AUE-PRD-NIAADL01.ESS.IEP Activity","Likely subset","Missing lineage statement",FALSE,FALSE,"needs-creating","","","",39,0,0,"auto"
"ESS/IEP/Snapshots/IEP_Activity_20260228.QVD","IEP_Activity_20260228.QVD","02s ESS QVD Builder Finalisation - Snapshot",NA,"AZDB-AUE-PRD-NIAADL01.ESS.IEP Activity","Likely subset","Missing lineage statement",FALSE,FALSE,"needs-creating","","","",39,0,0,"auto"
"ESS/IEP/Snapshots/IEP_Activity_20260430.QVD","IEP_Activity_20260430.QVD","02s ESS QVD Builder Finalisation - Snapshot",NA,"AZDB-AUE-PRD-NIAADL01.ESS.IEP Activity","Likely subset","Missing lineage statement",FALSE,FALSE,"needs-creating","","","",39,0,0,"auto"
"ESS/IEP/Snapshots/IEP_Activity_20260531.QVD","IEP_Activity_20260531.QVD","02s ESS QVD Builder Finalisation - Snapshot",NA,"AZDB-AUE-PRD-NIAADL01.ESS.IEP Activity","Likely subset","Missing lineage statement",FALSE,FALSE,"needs-creating","","","",39,0,0,"auto"
"ESS/IEP/Snapshots/IEP_Activity_20260630.QVD","IEP_Activity_20260630.QVD","02s ESS QVD Builder Finalisation - Snapshot",NA,"AZDB-AUE-PRD-NIAADL01.ESS.IEP Activity","Likely subset","Missing lineage statement",FALSE,FALSE,"needs-creating","","","",39,0,0,"auto"
"ESS/IEP/Snapshots/IEP_Activity_Contact_20240331.QVD","IEP_Activity_Contact_20240331.QVD","02s ESS QVD Builder Finalisation - Snapshot",NA,"AZDB-AUE-PRD-NIAADL01.ESS.IEP Activity Contact","Likely subset","Missing lineage statement",FALSE,FALSE,"needs-import","fusionload","grant activity","",11,0,0,"auto"
"ESS/IEP/Snapshots/IEP_Activity_Contact_20240430.QVD","IEP_Activity_Contact_20240430.QVD","02s ESS QVD Builder Finalisation - Snapshot",NA,"AZDB-AUE-PRD-NIAADL01.ESS.IEP Activity Contact","Likely subset","Missing lineage statement",FALSE,FALSE,"needs-import","fusionload","grant activity","",11,0,0,"auto"
"ESS/IEP/Snapshots/IEP_Activity_Contact_20240531.QVD","IEP_Activity_Contact_20240531.QVD","02s ESS QVD Builder Finalisation - Snapshot",NA,"AZDB-AUE-PRD-NIAADL01.ESS.IEP Activity Contact","Likely subset","Missing lineage statement",FALSE,FALSE,"needs-import","fusionload","grant activity","",11,0,0,"auto"
"ESS/IEP/Snapshots/IEP_Activity_Contact_20240630.QVD","IEP_Activity_Contact_20240630.QVD","02s ESS QVD Builder Finalisation - Snapshot",NA,"AZDB-AUE-PRD-NIAADL01.ESS.IEP Activity Contact","Likely subset","Missing lineage statement",FALSE,FALSE,"needs-import","fusionload","grant activity","",11,0,0,"auto"
"ESS/IEP/Snapshots/IEP_Activity_Contact_20240731.QVD","IEP_Activity_Contact_20240731.QVD","02s ESS QVD Builder Finalisation - Snapshot",NA,"AZDB-AUE-PRD-NIAADL01.ESS.IEP Activity Contact","Likely subset","Missing lineage statement",FALSE,FALSE,"needs-import","fusionload","grant activity","",11,0,0,"auto"
"ESS/IEP/Snapshots/IEP_Activity_Contact_20240831.QVD","IEP_Activity_Contact_20240831.QVD","02s ESS QVD Builder Finalisation - Snapshot",NA,"AZDB-AUE-PRD-NIAADL01.ESS.IEP Activity Contact","Likely subset","Missing lineage statement",FALSE,FALSE,"needs-import","fusionload","grant activity","",11,0,0,"auto"
"ESS/IEP/Snapshots/IEP_Activity_Contact_20241031.QVD","IEP_Activity_Contact_20241031.QVD","02s ESS QVD Builder Finalisation - Snapshot",NA,"AZDB-AUE-PRD-NIAADL01.ESS.IEP Activity Contact","Likely subset","Missing lineage statement",FALSE,FALSE,"needs-import","fusionload","grant activity","",11,0,0,"auto"
"ESS/IEP/Snapshots/IEP_Activity_Contact_20241130.QVD","IEP_Activity_Contact_20241130.QVD","02s ESS QVD Builder Finalisation - Snapshot",NA,"AZDB-AUE-PRD-NIAADL01.ESS.IEP Activity Contact","Likely subset","Missing lineage statement",FALSE,FALSE,"needs-import","fusionload","grant activity","",11,0,0,"auto"
"ESS/IEP/Snapshots/IEP_Activity_Contact_20241231.QVD","IEP_Activity_Contact_20241231.QVD","02s ESS QVD Builder Finalisation - Snapshot",NA,"AZDB-AUE-PRD-NIAADL01.ESS.IEP Activity Contact","Likely subset","Missing lineage statement",FALSE,FALSE,"needs-import","fusionload","grant activity","",11,0,0,"auto"
"ESS/IEP/Snapshots/IEP_Activity_Contact_20250131.QVD","IEP_Activity_Contact_20250131.QVD","02s ESS QVD Builder Finalisation - Snapshot",NA,"AZDB-AUE-PRD-NIAADL01.ESS.IEP Activity Contact","Likely subset","Missing lineage statement",FALSE,FALSE,"needs-import","fusionload","grant activity","",11,0,0,"auto"
"ESS/IEP/Snapshots/IEP_Activity_Contact_20250228.QVD","IEP_Activity_Contact_20250228.QVD","02s ESS QVD Builder Finalisation - Snapshot",NA,"AZDB-AUE-PRD-NIAADL01.ESS.IEP Activity Contact","Likely subset","Missing lineage statement",FALSE,FALSE,"needs-import","fusionload","grant activity","",11,0,0,"auto"
"ESS/IEP/Snapshots/IEP_Activity_Contact_20250331.QVD","IEP_Activity_Contact_20250331.QVD","02s ESS QVD Builder Finalisation - Snapshot",NA,"AZDB-AUE-PRD-NIAADL01.ESS.IEP Activity Contact","Likely subset","Missing lineage statement",FALSE,FALSE,"needs-import","fusionload","grant activity","",11,0,0,"auto"
"ESS/IEP/Snapshots/IEP_Activity_Contact_20250430.QVD","IEP_Activity_Contact_20250430.QVD","02s ESS QVD Builder Finalisation - Snapshot",NA,"AZDB-AUE-PRD-NIAADL01.ESS.IEP Activity Contact","Likely subset","Missing lineage statement",FALSE,FALSE,"needs-import","fusionload","grant activity","",11,0,0,"auto"
"ESS/IEP/Snapshots/IEP_Activity_Contact_20250531.QVD","IEP_Activity_Contact_20250531.QVD","02s ESS QVD Builder Finalisation - Snapshot",NA,"AZDB-AUE-PRD-NIAADL01.ESS.IEP Activity Contact","Likely subset","Missing lineage statement",FALSE,FALSE,"needs-import","fusionload","grant activity","",11,0,0,"auto"
"ESS/IEP/Snapshots/IEP_Activity_Contact_20250630.QVD","IEP_Activity_Contact_20250630.QVD","02s ESS QVD Builder Finalisation - Snapshot",NA,"AZDB-AUE-PRD-NIAADL01.ESS.IEP Activity Contact","Likely subset","Missing lineage statement",FALSE,FALSE,"needs-import","fusionload","grant activity","",11,0,0,"auto"
"ESS/IEP/Snapshots/IEP_Activity_Contact_20250731.QVD","IEP_Activity_Contact_20250731.QVD","02s ESS QVD Builder Finalisation - Snapshot",NA,"AZDB-AUE-PRD-NIAADL01.ESS.IEP Activity Contact","Likely subset","Missing lineage statement",FALSE,FALSE,"needs-import","fusionload","grant activity","",11,0,0,"auto"
"ESS/IEP/Snapshots/IEP_Activity_Contact_20250831.QVD","IEP_Activity_Contact_20250831.QVD","02s ESS QVD Builder Finalisation - Snapshot",NA,"AZDB-AUE-PRD-NIAADL01.ESS.IEP Activity Contact","Likely subset","Missing lineage statement",FALSE,FALSE,"needs-import","fusionload","grant activity","",11,0,0,"auto"
"ESS/IEP/Snapshots/IEP_Activity_Contact_20250930.QVD","IEP_Activity_Contact_20250930.QVD","02s ESS QVD Builder Finalisation - Snapshot",NA,"AZDB-AUE-PRD-NIAADL01.ESS.IEP Activity Contact","Likely subset","Missing lineage statement",FALSE,FALSE,"needs-import","fusionload","grant activity","",11,0,0,"auto"
"ESS/IEP/Snapshots/IEP_Activity_Contact_20251231.QVD","IEP_Activity_Contact_20251231.QVD","02s ESS QVD Builder Finalisation - Snapshot",NA,"AZDB-AUE-PRD-NIAADL01.ESS.IEP Activity Contact","Likely subset","Missing lineage statement",FALSE,FALSE,"needs-import","fusionload","grant activity","",11,0,0,"auto"
"ESS/IEP/Snapshots/IEP_Activity_Contact_20260228.QVD","IEP_Activity_Contact_20260228.QVD","02s ESS QVD Builder Finalisation - Snapshot",NA,"AZDB-AUE-PRD-NIAADL01.ESS.IEP Activity Contact","Likely subset","Missing lineage statement",FALSE,FALSE,"needs-import","fusionload","grant activity","",11,0,0,"auto"
"ESS/IEP/Snapshots/IEP_Activity_Contact_20260430.QVD","IEP_Activity_Contact_20260430.QVD","02s ESS QVD Builder Finalisation - Snapshot",NA,"AZDB-AUE-PRD-NIAADL01.ESS.IEP Activity Contact","Likely subset","Missing lineage statement",FALSE,FALSE,"needs-import","fusionload","grant activity","",11,0,0,"auto"
"ESS/IEP/Snapshots/IEP_Activity_Contact_20260531.QVD","IEP_Activity_Contact_20260531.QVD","02s ESS QVD Builder Finalisation - Snapshot",NA,"AZDB-AUE-PRD-NIAADL01.ESS.IEP Activity Contact","Likely subset","Missing lineage statement",FALSE,FALSE,"needs-import","fusionload","grant activity","",11,0,0,"auto"
"ESS/IEP/Snapshots/IEP_Activity_Contact_20260630.QVD","IEP_Activity_Contact_20260630.QVD","02s ESS QVD Builder Finalisation - Snapshot",NA,"AZDB-AUE-PRD-NIAADL01.ESS.IEP Activity Contact","Likely subset","Missing lineage statement",FALSE,FALSE,"needs-import","fusionload","grant activity","",11,0,0,"auto"
"ESS/IEP/Snapshots/IEP_Activity_Expenditure_20240331.QVD","IEP_Activity_Expenditure_20240331.QVD","02s ESS QVD Builder Finalisation - Snapshot",NA,"AZDB-AUE-PRD-NIAADL01.ESS.IEP Activity Expenditure","Exact","Missing lineage statement",FALSE,FALSE,"retarget-incomplete","ESS","FUSION IEP Activity","lib://Curated data Store:DataFiles/10 Landing Area/ESS/FUSION IEP Activity.qvd",11,68,9,"auto"
"ESS/IEP/Snapshots/IEP_Activity_Expenditure_20240430.QVD","IEP_Activity_Expenditure_20240430.QVD","02s ESS QVD Builder Finalisation - Snapshot",NA,"AZDB-AUE-PRD-NIAADL01.ESS.IEP Activity Expenditure","Exact","Missing lineage statement",FALSE,FALSE,"retarget-incomplete","ESS","FUSION IEP Activity","lib://Curated data Store:DataFiles/10 Landing Area/ESS/FUSION IEP Activity.qvd",11,68,9,"auto"
"ESS/IEP/Snapshots/IEP_Activity_Expenditure_20240531.QVD","IEP_Activity_Expenditure_20240531.QVD","02s ESS QVD Builder Finalisation - Snapshot",NA,"AZDB-AUE-PRD-NIAADL01.ESS.IEP Activity Expenditure","Exact","Missing lineage statement",FALSE,FALSE,"retarget-incomplete","ESS","FUSION IEP Activity","lib://Curated data Store:DataFiles/10 Landing Area/ESS/FUSION IEP Activity.qvd",11,68,9,"auto"
"ESS/IEP/Snapshots/IEP_Activity_Expenditure_20240630.QVD","IEP_Activity_Expenditure_20240630.QVD","02s ESS QVD Builder Finalisation - Snapshot",NA,"AZDB-AUE-PRD-NIAADL01.ESS.IEP Activity Expenditure","Exact","Missing lineage statement",FALSE,FALSE,"retarget-incomplete","ESS","FUSION IEP Activity","lib://Curated data Store:DataFiles/10 Landing Area/ESS/FUSION IEP Activity.qvd",11,68,9,"auto"
"ESS/IEP/Snapshots/IEP_Activity_Expenditure_20240731.QVD","IEP_Activity_Expenditure_20240731.QVD","02s ESS QVD Builder Finalisation - Snapshot",NA,"AZDB-AUE-PRD-NIAADL01.ESS.IEP Activity Expenditure","Exact","Missing lineage statement",FALSE,FALSE,"retarget-incomplete","ESS","FUSION IEP Activity","lib://Curated data Store:DataFiles/10 Landing Area/ESS/FUSION IEP Activity.qvd",11,68,9,"auto"
"ESS/IEP/Snapshots/IEP_Activity_Expenditure_20240831.QVD","IEP_Activity_Expenditure_20240831.QVD","02s ESS QVD Builder Finalisation - Snapshot",NA,"AZDB-AUE-PRD-NIAADL01.ESS.IEP Activity Expenditure","Exact","Missing lineage statement",FALSE,FALSE,"retarget-incomplete","ESS","FUSION IEP Activity","lib://Curated data Store:DataFiles/10 Landing Area/ESS/FUSION IEP Activity.qvd",11,68,9,"auto"
"ESS/IEP/Snapshots/IEP_Activity_Expenditure_20241031.QVD","IEP_Activity_Expenditure_20241031.QVD","02s ESS QVD Builder Finalisation - Snapshot",NA,"AZDB-AUE-PRD-NIAADL01.ESS.IEP Activity Expenditure","Exact","Missing lineage statement",FALSE,FALSE,"retarget-incomplete","ESS","FUSION IEP Activity","lib://Curated data Store:DataFiles/10 Landing Area/ESS/FUSION IEP Activity.qvd",11,68,9,"auto"
"ESS/IEP/Snapshots/IEP_Activity_Expenditure_20241130.QVD","IEP_Activity_Expenditure_20241130.QVD","02s ESS QVD Builder Finalisation - Snapshot",NA,"AZDB-AUE-PRD-NIAADL01.ESS.IEP Activity Expenditure","Exact","Missing lineage statement",FALSE,FALSE,"retarget-incomplete","ESS","FUSION IEP Activity","lib://Curated data Store:DataFiles/10 Landing Area/ESS/FUSION IEP Activity.qvd",11,68,9,"auto"
"ESS/IEP/Snapshots/IEP_Activity_Expenditure_20241231.QVD","IEP_Activity_Expenditure_20241231.QVD","02s ESS QVD Builder Finalisation - Snapshot",NA,"AZDB-AUE-PRD-NIAADL01.ESS.IEP Activity Expenditure","Exact","Missing lineage statement",FALSE,FALSE,"retarget-incomplete","ESS","FUSION IEP Activity","lib://Curated data Store:DataFiles/10 Landing Area/ESS/FUSION IEP Activity.qvd",11,68,9,"auto"
"ESS/IEP/Snapshots/IEP_Activity_Expenditure_20250131.QVD","IEP_Activity_Expenditure_20250131.QVD","02s ESS QVD Builder Finalisation - Snapshot",NA,"AZDB-AUE-PRD-NIAADL01.ESS.IEP Activity Expenditure","Exact","Missing lineage statement",FALSE,FALSE,"retarget-incomplete","ESS","FUSION IEP Activity","lib://Curated data Store:DataFiles/10 Landing Area/ESS/FUSION IEP Activity.qvd",11,68,9,"auto"
"ESS/IEP/Snapshots/IEP_Activity_Expenditure_20250228.QVD","IEP_Activity_Expenditure_20250228.QVD","02s ESS QVD Builder Finalisation - Snapshot",NA,"AZDB-AUE-PRD-NIAADL01.ESS.IEP Activity Expenditure","Exact","Missing lineage statement",FALSE,FALSE,"retarget-incomplete","ESS","FUSION IEP Activity","lib://Curated data Store:DataFiles/10 Landing Area/ESS/FUSION IEP Activity.qvd",11,68,9,"auto"
"ESS/IEP/Snapshots/IEP_Activity_Expenditure_20250331.QVD","IEP_Activity_Expenditure_20250331.QVD","02s ESS QVD Builder Finalisation - Snapshot",NA,"AZDB-AUE-PRD-NIAADL01.ESS.IEP Activity Expenditure","Exact","Missing lineage statement",FALSE,FALSE,"retarget-incomplete","ESS","FUSION IEP Activity","lib://Curated data Store:DataFiles/10 Landing Area/ESS/FUSION IEP Activity.qvd",11,68,9,"auto"
"ESS/IEP/Snapshots/IEP_Activity_Expenditure_20250430.QVD","IEP_Activity_Expenditure_20250430.QVD","02s ESS QVD Builder Finalisation - Snapshot",NA,"AZDB-AUE-PRD-NIAADL01.ESS.IEP Activity Expenditure","Exact","Missing lineage statement",FALSE,FALSE,"retarget-incomplete","ESS","FUSION IEP Activity","lib://Curated data Store:DataFiles/10 Landing Area/ESS/FUSION IEP Activity.qvd",11,68,9,"auto"
"ESS/IEP/Snapshots/IEP_Activity_Expenditure_20250531.QVD","IEP_Activity_Expenditure_20250531.QVD","02s ESS QVD Builder Finalisation - Snapshot",NA,"AZDB-AUE-PRD-NIAADL01.ESS.IEP Activity Expenditure","Exact","Missing lineage statement",FALSE,FALSE,"retarget-incomplete","ESS","FUSION IEP Activity","lib://Curated data Store:DataFiles/10 Landing Area/ESS/FUSION IEP Activity.qvd",11,68,9,"auto"
"ESS/IEP/Snapshots/IEP_Activity_Expenditure_20250630.QVD","IEP_Activity_Expenditure_20250630.QVD","02s ESS QVD Builder Finalisation - Snapshot",NA,"AZDB-AUE-PRD-NIAADL01.ESS.IEP Activity Expenditure","Exact","Missing lineage statement",FALSE,FALSE,"retarget-incomplete","ESS","FUSION IEP Activity","lib://Curated data Store:DataFiles/10 Landing Area/ESS/FUSION IEP Activity.qvd",11,68,9,"auto"
"ESS/IEP/Snapshots/IEP_Activity_Expenditure_20250731.QVD","IEP_Activity_Expenditure_20250731.QVD","02s ESS QVD Builder Finalisation - Snapshot",NA,"AZDB-AUE-PRD-NIAADL01.ESS.IEP Activity Expenditure","Exact","Missing lineage statement",FALSE,FALSE,"retarget-incomplete","ESS","FUSION IEP Activity","lib://Curated data Store:DataFiles/10 Landing Area/ESS/FUSION IEP Activity.qvd",11,68,9,"auto"
"ESS/IEP/Snapshots/IEP_Activity_Expenditure_20250831.QVD","IEP_Activity_Expenditure_20250831.QVD","02s ESS QVD Builder Finalisation - Snapshot",NA,"AZDB-AUE-PRD-NIAADL01.ESS.IEP Activity Expenditure","Exact","Missing lineage statement",FALSE,FALSE,"retarget-incomplete","ESS","FUSION IEP Activity","lib://Curated data Store:DataFiles/10 Landing Area/ESS/FUSION IEP Activity.qvd",11,68,9,"auto"
"ESS/IEP/Snapshots/IEP_Activity_Expenditure_20250930.QVD","IEP_Activity_Expenditure_20250930.QVD","02s ESS QVD Builder Finalisation - Snapshot",NA,"AZDB-AUE-PRD-NIAADL01.ESS.IEP Activity Expenditure","Exact","Missing lineage statement",FALSE,FALSE,"retarget-incomplete","ESS","FUSION IEP Activity","lib://Curated data Store:DataFiles/10 Landing Area/ESS/FUSION IEP Activity.qvd",11,68,9,"auto"
"ESS/IEP/Snapshots/IEP_Activity_Expenditure_20251231.QVD","IEP_Activity_Expenditure_20251231.QVD","02s ESS QVD Builder Finalisation - Snapshot",NA,"AZDB-AUE-PRD-NIAADL01.ESS.IEP Activity Expenditure","Exact","Missing lineage statement",FALSE,FALSE,"retarget-incomplete","ESS","FUSION IEP Activity","lib://Curated data Store:DataFiles/10 Landing Area/ESS/FUSION IEP Activity.qvd",11,68,9,"auto"
"ESS/IEP/Snapshots/IEP_Activity_Expenditure_20260228.QVD","IEP_Activity_Expenditure_20260228.QVD","02s ESS QVD Builder Finalisation - Snapshot",NA,"AZDB-AUE-PRD-NIAADL01.ESS.IEP Activity Expenditure","Exact","Missing lineage statement",FALSE,FALSE,"retarget-incomplete","ESS","FUSION IEP Activity","lib://Curated data Store:DataFiles/10 Landing Area/ESS/FUSION IEP Activity.qvd",11,68,9,"auto"
"ESS/IEP/Snapshots/IEP_Activity_Expenditure_20260430.QVD","IEP_Activity_Expenditure_20260430.QVD","02s ESS QVD Builder Finalisation - Snapshot",NA,"AZDB-AUE-PRD-NIAADL01.ESS.IEP Activity Expenditure","Exact","Missing lineage statement",FALSE,FALSE,"retarget-incomplete","ESS","FUSION IEP Activity","lib://Curated data Store:DataFiles/10 Landing Area/ESS/FUSION IEP Activity.qvd",11,68,9,"auto"
"ESS/IEP/Snapshots/IEP_Activity_Expenditure_20260531.QVD","IEP_Activity_Expenditure_20260531.QVD","02s ESS QVD Builder Finalisation - Snapshot",NA,"AZDB-AUE-PRD-NIAADL01.ESS.IEP Activity Expenditure","Exact","Missing lineage statement",FALSE,FALSE,"retarget-incomplete","ESS","FUSION IEP Activity","lib://Curated data Store:DataFiles/10 Landing Area/ESS/FUSION IEP Activity.qvd",11,68,9,"auto"
"ESS/IEP/Snapshots/IEP_Activity_Expenditure_20260630.QVD","IEP_Activity_Expenditure_20260630.QVD","02s ESS QVD Builder Finalisation - Snapshot",NA,"AZDB-AUE-PRD-NIAADL01.ESS.IEP Activity Expenditure","Exact","Missing lineage statement",FALSE,FALSE,"retarget-incomplete","ESS","FUSION IEP Activity","lib://Curated data Store:DataFiles/10 Landing Area/ESS/FUSION IEP Activity.qvd",11,68,9,"auto"
"ESS/IEP/Snapshots/IEP_Claim_Payments_20240331.QVD","IEP_Claim_Payments_20240331.QVD","02s ESS QVD Builder Finalisation - Snapshot",NA,"AZDB-AUE-PRD-NIAADL01.ESS.IEP Claim Payments","Partial match","Missing lineage statement",FALSE,FALSE,"needs-creating","","","",20,0,0,"auto"
"ESS/IEP/Snapshots/IEP_Claim_Payments_20240430.QVD","IEP_Claim_Payments_20240430.QVD","02s ESS QVD Builder Finalisation - Snapshot",NA,"AZDB-AUE-PRD-NIAADL01.ESS.IEP Claim Payments","Partial match","Missing lineage statement",FALSE,FALSE,"needs-creating","","","",20,0,0,"auto"
"ESS/IEP/Snapshots/IEP_Claim_Payments_20240531.QVD","IEP_Claim_Payments_20240531.QVD","02s ESS QVD Builder Finalisation - Snapshot",NA,"AZDB-AUE-PRD-NIAADL01.ESS.IEP Claim Payments","Partial match","Missing lineage statement",FALSE,FALSE,"needs-creating","","","",20,0,0,"auto"
"ESS/IEP/Snapshots/IEP_Claim_Payments_20240630.QVD","IEP_Claim_Payments_20240630.QVD","02s ESS QVD Builder Finalisation - Snapshot",NA,"AZDB-AUE-PRD-NIAADL01.ESS.IEP Claim Payments","Partial match","Missing lineage statement",FALSE,FALSE,"needs-creating","","","",20,0,0,"auto"
"ESS/IEP/Snapshots/IEP_Claim_Payments_20240731.QVD","IEP_Claim_Payments_20240731.QVD","02s ESS QVD Builder Finalisation - Snapshot",NA,"AZDB-AUE-PRD-NIAADL01.ESS.IEP Claim Payments","Partial match","Missing lineage statement",FALSE,FALSE,"needs-creating","","","",20,0,0,"auto"
"ESS/IEP/Snapshots/IEP_Claim_Payments_20240831.QVD","IEP_Claim_Payments_20240831.QVD","02s ESS QVD Builder Finalisation - Snapshot",NA,"AZDB-AUE-PRD-NIAADL01.ESS.IEP Claim Payments","Partial match","Missing lineage statement",FALSE,FALSE,"needs-creating","","","",20,0,0,"auto"
"ESS/IEP/Snapshots/IEP_Claim_Payments_20241031.QVD","IEP_Claim_Payments_20241031.QVD","02s ESS QVD Builder Finalisation - Snapshot",NA,"AZDB-AUE-PRD-NIAADL01.ESS.IEP Claim Payments","Partial match","Missing lineage statement",FALSE,FALSE,"needs-creating","","","",20,0,0,"auto"
"ESS/IEP/Snapshots/IEP_Claim_Payments_20241130.QVD","IEP_Claim_Payments_20241130.QVD","02s ESS QVD Builder Finalisation - Snapshot",NA,"AZDB-AUE-PRD-NIAADL01.ESS.IEP Claim Payments","Partial match","Missing lineage statement",FALSE,FALSE,"needs-creating","","","",20,0,0,"auto"
"ESS/IEP/Snapshots/IEP_Claim_Payments_20241231.QVD","IEP_Claim_Payments_20241231.QVD","02s ESS QVD Builder Finalisation - Snapshot",NA,"AZDB-AUE-PRD-NIAADL01.ESS.IEP Claim Payments","Partial match","Missing lineage statement",FALSE,FALSE,"needs-creating","","","",20,0,0,"auto"
"ESS/IEP/Snapshots/IEP_Claim_Payments_20250131.QVD","IEP_Claim_Payments_20250131.QVD","02s ESS QVD Builder Finalisation - Snapshot",NA,"AZDB-AUE-PRD-NIAADL01.ESS.IEP Claim Payments","Partial match","Missing lineage statement",FALSE,FALSE,"needs-creating","","","",20,0,0,"auto"
"ESS/IEP/Snapshots/IEP_Claim_Payments_20250228.QVD","IEP_Claim_Payments_20250228.QVD","02s ESS QVD Builder Finalisation - Snapshot",NA,"AZDB-AUE-PRD-NIAADL01.ESS.IEP Claim Payments","Partial match","Missing lineage statement",FALSE,FALSE,"needs-creating","","","",20,0,0,"auto"
"ESS/IEP/Snapshots/IEP_Claim_Payments_20250331.QVD","IEP_Claim_Payments_20250331.QVD","02s ESS QVD Builder Finalisation - Snapshot",NA,"AZDB-AUE-PRD-NIAADL01.ESS.IEP Claim Payments","Partial match","Missing lineage statement",FALSE,FALSE,"needs-creating","","","",20,0,0,"auto"
"ESS/IEP/Snapshots/IEP_Claim_Payments_20250430.QVD","IEP_Claim_Payments_20250430.QVD","02s ESS QVD Builder Finalisation - Snapshot",NA,"AZDB-AUE-PRD-NIAADL01.ESS.IEP Claim Payments","Partial match","Missing lineage statement",FALSE,FALSE,"needs-creating","","","",20,0,0,"auto"
"ESS/IEP/Snapshots/IEP_Claim_Payments_20250531.QVD","IEP_Claim_Payments_20250531.QVD","02s ESS QVD Builder Finalisation - Snapshot",NA,"AZDB-AUE-PRD-NIAADL01.ESS.IEP Claim Payments","Partial match","Missing lineage statement",FALSE,FALSE,"needs-creating","","","",20,0,0,"auto"
"ESS/IEP/Snapshots/IEP_Claim_Payments_20250630.QVD","IEP_Claim_Payments_20250630.QVD","02s ESS QVD Builder Finalisation - Snapshot",NA,"AZDB-AUE-PRD-NIAADL01.ESS.IEP Claim Payments","Partial match","Missing lineage statement",FALSE,FALSE,"needs-creating","","","",20,0,0,"auto"
"ESS/IEP/Snapshots/IEP_Claim_Payments_20250731.QVD","IEP_Claim_Payments_20250731.QVD","02s ESS QVD Builder Finalisation - Snapshot",NA,"AZDB-AUE-PRD-NIAADL01.ESS.IEP Claim Payments","Partial match","Missing lineage statement",FALSE,FALSE,"needs-creating","","","",20,0,0,"auto"
"ESS/IEP/Snapshots/IEP_Claim_Payments_20250831.QVD","IEP_Claim_Payments_20250831.QVD","02s ESS QVD Builder Finalisation - Snapshot",NA,"AZDB-AUE-PRD-NIAADL01.ESS.IEP Claim Payments","Partial match","Missing lineage statement",FALSE,FALSE,"needs-creating","","","",20,0,0,"auto"
"ESS/IEP/Snapshots/IEP_Claim_Payments_20250930.QVD","IEP_Claim_Payments_20250930.QVD","02s ESS QVD Builder Finalisation - Snapshot",NA,"AZDB-AUE-PRD-NIAADL01.ESS.IEP Claim Payments","Partial match","Missing lineage statement",FALSE,FALSE,"needs-creating","","","",20,0,0,"auto"
"ESS/IEP/Snapshots/IEP_Claim_Payments_20251231.QVD","IEP_Claim_Payments_20251231.QVD","02s ESS QVD Builder Finalisation - Snapshot",NA,"AZDB-AUE-PRD-NIAADL01.ESS.IEP Claim Payments","Partial match","Missing lineage statement",FALSE,FALSE,"needs-creating","","","",20,0,0,"auto"
"ESS/IEP/Snapshots/IEP_Claim_Payments_20260228.QVD","IEP_Claim_Payments_20260228.QVD","02s ESS QVD Builder Finalisation - Snapshot",NA,"AZDB-AUE-PRD-NIAADL01.ESS.IEP Claim Payments","Partial match","Missing lineage statement",FALSE,FALSE,"needs-creating","","","",20,0,0,"auto"
"ESS/IEP/Snapshots/IEP_Claim_Payments_20260430.QVD","IEP_Claim_Payments_20260430.QVD","02s ESS QVD Builder Finalisation - Snapshot",NA,"AZDB-AUE-PRD-NIAADL01.ESS.IEP Claim Payments","Partial match","Missing lineage statement",FALSE,FALSE,"needs-creating","","","",20,0,0,"auto"
"ESS/IEP/Snapshots/IEP_Claim_Payments_20260531.QVD","IEP_Claim_Payments_20260531.QVD","02s ESS QVD Builder Finalisation - Snapshot",NA,"AZDB-AUE-PRD-NIAADL01.ESS.IEP Claim Payments","Partial match","Missing lineage statement",FALSE,FALSE,"needs-creating","","","",20,0,0,"auto"
"ESS/IEP/Snapshots/IEP_Claim_Payments_20260630.QVD","IEP_Claim_Payments_20260630.QVD","02s ESS QVD Builder Finalisation - Snapshot",NA,"AZDB-AUE-PRD-NIAADL01.ESS.IEP Claim Payments","Partial match","Missing lineage statement",FALSE,FALSE,"needs-creating","","","",20,0,0,"auto"
"ESS/IEP/Snapshots/IEP_Job_Seeker_20240331.QVD","IEP_Job_Seeker_20240331.QVD","02s ESS QVD Builder Finalisation - Snapshot",NA,"AZDB-AUE-PRD-NIAADL01.ESS.IEP Job Seeker","Exact","Missing lineage statement",FALSE,FALSE,"needs-creating","","","",15,0,0,"auto"
"ESS/IEP/Snapshots/IEP_Job_Seeker_20240430.QVD","IEP_Job_Seeker_20240430.QVD","02s ESS QVD Builder Finalisation - Snapshot",NA,"AZDB-AUE-PRD-NIAADL01.ESS.IEP Job Seeker","Exact","Missing lineage statement",FALSE,FALSE,"needs-creating","","","",15,0,0,"auto"
"ESS/IEP/Snapshots/IEP_Job_Seeker_20240531.QVD","IEP_Job_Seeker_20240531.QVD","02s ESS QVD Builder Finalisation - Snapshot",NA,"AZDB-AUE-PRD-NIAADL01.ESS.IEP Job Seeker","Exact","Missing lineage statement",FALSE,FALSE,"needs-creating","","","",15,0,0,"auto"
"ESS/IEP/Snapshots/IEP_Job_Seeker_20240630.QVD","IEP_Job_Seeker_20240630.QVD","02s ESS QVD Builder Finalisation - Snapshot",NA,"AZDB-AUE-PRD-NIAADL01.ESS.IEP Job Seeker","Exact","Missing lineage statement",FALSE,FALSE,"needs-creating","","","",15,0,0,"auto"
"ESS/IEP/Snapshots/IEP_Job_Seeker_20240731.QVD","IEP_Job_Seeker_20240731.QVD","02s ESS QVD Builder Finalisation - Snapshot",NA,"AZDB-AUE-PRD-NIAADL01.ESS.IEP Job Seeker","Exact","Missing lineage statement",FALSE,FALSE,"needs-creating","","","",15,0,0,"auto"
"ESS/IEP/Snapshots/IEP_Job_Seeker_20240831.QVD","IEP_Job_Seeker_20240831.QVD","02s ESS QVD Builder Finalisation - Snapshot",NA,"AZDB-AUE-PRD-NIAADL01.ESS.IEP Job Seeker","Exact","Missing lineage statement",FALSE,FALSE,"needs-creating","","","",15,0,0,"auto"
"ESS/IEP/Snapshots/IEP_Job_Seeker_20241031.QVD","IEP_Job_Seeker_20241031.QVD","02s ESS QVD Builder Finalisation - Snapshot",NA,"AZDB-AUE-PRD-NIAADL01.ESS.IEP Job Seeker","Exact","Missing lineage statement",FALSE,FALSE,"needs-creating","","","",15,0,0,"auto"
"ESS/IEP/Snapshots/IEP_Job_Seeker_20241130.QVD","IEP_Job_Seeker_20241130.QVD","02s ESS QVD Builder Finalisation - Snapshot",NA,"AZDB-AUE-PRD-NIAADL01.ESS.IEP Job Seeker","Exact","Missing lineage statement",FALSE,FALSE,"needs-creating","","","",15,0,0,"auto"
"ESS/IEP/Snapshots/IEP_Job_Seeker_20241231.QVD","IEP_Job_Seeker_20241231.QVD","02s ESS QVD Builder Finalisation - Snapshot",NA,"AZDB-AUE-PRD-NIAADL01.ESS.IEP Job Seeker","Exact","Missing lineage statement",FALSE,FALSE,"needs-creating","","","",15,0,0,"auto"
"ESS/IEP/Snapshots/IEP_Job_Seeker_20250131.QVD","IEP_Job_Seeker_20250131.QVD","02s ESS QVD Builder Finalisation - Snapshot",NA,"AZDB-AUE-PRD-NIAADL01.ESS.IEP Job Seeker","Exact","Missing lineage statement",FALSE,FALSE,"needs-creating","","","",15,0,0,"auto"
"ESS/IEP/Snapshots/IEP_Job_Seeker_20250228.QVD","IEP_Job_Seeker_20250228.QVD","02s ESS QVD Builder Finalisation - Snapshot",NA,"AZDB-AUE-PRD-NIAADL01.ESS.IEP Job Seeker","Exact","Missing lineage statement",FALSE,FALSE,"needs-creating","","","",15,0,0,"auto"
"ESS/IEP/Snapshots/IEP_Job_Seeker_20250331.QVD","IEP_Job_Seeker_20250331.QVD","02s ESS QVD Builder Finalisation - Snapshot",NA,"AZDB-AUE-PRD-NIAADL01.ESS.IEP Job Seeker","Exact","Missing lineage statement",FALSE,FALSE,"needs-creating","","","",15,0,0,"auto"
"ESS/IEP/Snapshots/IEP_Job_Seeker_20250430.QVD","IEP_Job_Seeker_20250430.QVD","02s ESS QVD Builder Finalisation - Snapshot",NA,"AZDB-AUE-PRD-NIAADL01.ESS.IEP Job Seeker","Exact","Missing lineage statement",FALSE,FALSE,"needs-creating","","","",15,0,0,"auto"
"ESS/IEP/Snapshots/IEP_Job_Seeker_20250531.QVD","IEP_Job_Seeker_20250531.QVD","02s ESS QVD Builder Finalisation - Snapshot",NA,"AZDB-AUE-PRD-NIAADL01.ESS.IEP Job Seeker","Exact","Missing lineage statement",FALSE,FALSE,"needs-creating","","","",15,0,0,"auto"
"ESS/IEP/Snapshots/IEP_Job_Seeker_20250630.QVD","IEP_Job_Seeker_20250630.QVD","02s ESS QVD Builder Finalisation - Snapshot",NA,"AZDB-AUE-PRD-NIAADL01.ESS.IEP Job Seeker","Exact","Missing lineage statement",FALSE,FALSE,"needs-creating","","","",15,0,0,"auto"
"ESS/IEP/Snapshots/IEP_Job_Seeker_20250731.QVD","IEP_Job_Seeker_20250731.QVD","02s ESS QVD Builder Finalisation - Snapshot",NA,"AZDB-AUE-PRD-NIAADL01.ESS.IEP Job Seeker","Exact","Missing lineage statement",FALSE,FALSE,"needs-creating","","","",15,0,0,"auto"
"ESS/IEP/Snapshots/IEP_Job_Seeker_20250831.QVD","IEP_Job_Seeker_20250831.QVD","02s ESS QVD Builder Finalisation - Snapshot",NA,"AZDB-AUE-PRD-NIAADL01.ESS.IEP Job Seeker","Exact","Missing lineage statement",FALSE,FALSE,"needs-creating","","","",15,0,0,"auto"
"ESS/IEP/Snapshots/IEP_Job_Seeker_20250930.QVD","IEP_Job_Seeker_20250930.QVD","02s ESS QVD Builder Finalisation - Snapshot",NA,"AZDB-AUE-PRD-NIAADL01.ESS.IEP Job Seeker","Exact","Missing lineage statement",FALSE,FALSE,"needs-creating","","","",15,0,0,"auto"
"ESS/IEP/Snapshots/IEP_Job_Seeker_20251231.QVD","IEP_Job_Seeker_20251231.QVD","02s ESS QVD Builder Finalisation - Snapshot",NA,"AZDB-AUE-PRD-NIAADL01.ESS.IEP Job Seeker","Exact","Missing lineage statement",FALSE,FALSE,"needs-creating","","","",15,0,0,"auto"
"ESS/IEP/Snapshots/IEP_Job_Seeker_20260228.QVD","IEP_Job_Seeker_20260228.QVD","02s ESS QVD Builder Finalisation - Snapshot",NA,"AZDB-AUE-PRD-NIAADL01.ESS.IEP Job Seeker","Exact","Missing lineage statement",FALSE,FALSE,"needs-creating","","","",15,0,0,"auto"
"ESS/IEP/Snapshots/IEP_Job_Seeker_20260430.QVD","IEP_Job_Seeker_20260430.QVD","02s ESS QVD Builder Finalisation - Snapshot",NA,"AZDB-AUE-PRD-NIAADL01.ESS.IEP Job Seeker","Exact","Missing lineage statement",FALSE,FALSE,"needs-creating","","","",15,0,0,"auto"
"ESS/IEP/Snapshots/IEP_Job_Seeker_20260531.QVD","IEP_Job_Seeker_20260531.QVD","02s ESS QVD Builder Finalisation - Snapshot",NA,"AZDB-AUE-PRD-NIAADL01.ESS.IEP Job Seeker","Exact","Missing lineage statement",FALSE,FALSE,"needs-creating","","","",15,0,0,"auto"
"ESS/IEP/Snapshots/IEP_Job_Seeker_20260630.QVD","IEP_Job_Seeker_20260630.QVD","02s ESS QVD Builder Finalisation - Snapshot",NA,"AZDB-AUE-PRD-NIAADL01.ESS.IEP Job Seeker","Exact","Missing lineage statement",FALSE,FALSE,"needs-creating","","","",15,0,0,"auto"
"ESS/IEP/Snapshots/IEP_Locations_20240331.QVD","IEP_Locations_20240331.QVD","02s ESS QVD Builder Finalisation - Snapshot",NA,"AZDB-AUE-PRD-NIAADL01.ESS.IEP Locations","Exact","Missing lineage statement",FALSE,FALSE,"needs-creating","","","",7,0,0,"auto"
"ESS/IEP/Snapshots/IEP_Locations_20240430.QVD","IEP_Locations_20240430.QVD","02s ESS QVD Builder Finalisation - Snapshot",NA,"AZDB-AUE-PRD-NIAADL01.ESS.IEP Locations","Exact","Missing lineage statement",FALSE,FALSE,"needs-creating","","","",7,0,0,"auto"
"ESS/IEP/Snapshots/IEP_Locations_20240531.QVD","IEP_Locations_20240531.QVD","02s ESS QVD Builder Finalisation - Snapshot",NA,"AZDB-AUE-PRD-NIAADL01.ESS.IEP Locations","Exact","Missing lineage statement",FALSE,FALSE,"needs-creating","","","",7,0,0,"auto"
"ESS/IEP/Snapshots/IEP_Locations_20240630.QVD","IEP_Locations_20240630.QVD","02s ESS QVD Builder Finalisation - Snapshot",NA,"AZDB-AUE-PRD-NIAADL01.ESS.IEP Locations","Exact","Missing lineage statement",FALSE,FALSE,"needs-creating","","","",7,0,0,"auto"
"ESS/IEP/Snapshots/IEP_Locations_20240731.QVD","IEP_Locations_20240731.QVD","02s ESS QVD Builder Finalisation - Snapshot",NA,"AZDB-AUE-PRD-NIAADL01.ESS.IEP Locations","Exact","Missing lineage statement",FALSE,FALSE,"needs-creating","","","",7,0,0,"auto"
"ESS/IEP/Snapshots/IEP_Locations_20240831.QVD","IEP_Locations_20240831.QVD","02s ESS QVD Builder Finalisation - Snapshot",NA,"AZDB-AUE-PRD-NIAADL01.ESS.IEP Locations","Exact","Missing lineage statement",FALSE,FALSE,"needs-creating","","","",7,0,0,"auto"
"ESS/IEP/Snapshots/IEP_Locations_20241031.QVD","IEP_Locations_20241031.QVD","02s ESS QVD Builder Finalisation - Snapshot",NA,"AZDB-AUE-PRD-NIAADL01.ESS.IEP Locations","Exact","Missing lineage statement",FALSE,FALSE,"needs-creating","","","",7,0,0,"auto"
"ESS/IEP/Snapshots/IEP_Locations_20241130.QVD","IEP_Locations_20241130.QVD","02s ESS QVD Builder Finalisation - Snapshot",NA,"AZDB-AUE-PRD-NIAADL01.ESS.IEP Locations","Exact","Missing lineage statement",FALSE,FALSE,"needs-creating","","","",7,0,0,"auto"
"ESS/IEP/Snapshots/IEP_Locations_20241231.QVD","IEP_Locations_20241231.QVD","02s ESS QVD Builder Finalisation - Snapshot",NA,"AZDB-AUE-PRD-NIAADL01.ESS.IEP Locations","Exact","Missing lineage statement",FALSE,FALSE,"needs-creating","","","",7,0,0,"auto"
"ESS/IEP/Snapshots/IEP_Locations_20250131.QVD","IEP_Locations_20250131.QVD","02s ESS QVD Builder Finalisation - Snapshot",NA,"AZDB-AUE-PRD-NIAADL01.ESS.IEP Locations","Exact","Missing lineage statement",FALSE,FALSE,"needs-creating","","","",7,0,0,"auto"
"ESS/IEP/Snapshots/IEP_Locations_20250228.QVD","IEP_Locations_20250228.QVD","02s ESS QVD Builder Finalisation - Snapshot",NA,"AZDB-AUE-PRD-NIAADL01.ESS.IEP Locations","Exact","Missing lineage statement",FALSE,FALSE,"needs-creating","","","",7,0,0,"auto"
"ESS/IEP/Snapshots/IEP_Locations_20250331.QVD","IEP_Locations_20250331.QVD","02s ESS QVD Builder Finalisation - Snapshot",NA,"AZDB-AUE-PRD-NIAADL01.ESS.IEP Locations","Exact","Missing lineage statement",FALSE,FALSE,"needs-creating","","","",7,0,0,"auto"
"ESS/IEP/Snapshots/IEP_Locations_20250430.QVD","IEP_Locations_20250430.QVD","02s ESS QVD Builder Finalisation - Snapshot",NA,"AZDB-AUE-PRD-NIAADL01.ESS.IEP Locations","Exact","Missing lineage statement",FALSE,FALSE,"needs-creating","","","",7,0,0,"auto"
"ESS/IEP/Snapshots/IEP_Locations_20250531.QVD","IEP_Locations_20250531.QVD","02s ESS QVD Builder Finalisation - Snapshot",NA,"AZDB-AUE-PRD-NIAADL01.ESS.IEP Locations","Exact","Missing lineage statement",FALSE,FALSE,"needs-creating","","","",7,0,0,"auto"
"ESS/IEP/Snapshots/IEP_Locations_20250630.QVD","IEP_Locations_20250630.QVD","02s ESS QVD Builder Finalisation - Snapshot",NA,"AZDB-AUE-PRD-NIAADL01.ESS.IEP Locations","Exact","Missing lineage statement",FALSE,FALSE,"needs-creating","","","",7,0,0,"auto"
"ESS/IEP/Snapshots/IEP_Locations_20250731.QVD","IEP_Locations_20250731.QVD","02s ESS QVD Builder Finalisation - Snapshot",NA,"AZDB-AUE-PRD-NIAADL01.ESS.IEP Locations","Exact","Missing lineage statement",FALSE,FALSE,"needs-creating","","","",7,0,0,"auto"
"ESS/IEP/Snapshots/IEP_Locations_20250831.QVD","IEP_Locations_20250831.QVD","02s ESS QVD Builder Finalisation - Snapshot",NA,"AZDB-AUE-PRD-NIAADL01.ESS.IEP Locations","Exact","Missing lineage statement",FALSE,FALSE,"needs-creating","","","",7,0,0,"auto"
"ESS/IEP/Snapshots/IEP_Locations_20250930.QVD","IEP_Locations_20250930.QVD","02s ESS QVD Builder Finalisation - Snapshot",NA,"AZDB-AUE-PRD-NIAADL01.ESS.IEP Locations","Exact","Missing lineage statement",FALSE,FALSE,"needs-creating","","","",7,0,0,"auto"
"ESS/IEP/Snapshots/IEP_Locations_20251231.QVD","IEP_Locations_20251231.QVD","02s ESS QVD Builder Finalisation - Snapshot",NA,"AZDB-AUE-PRD-NIAADL01.ESS.IEP Locations","Exact","Missing lineage statement",FALSE,FALSE,"needs-creating","","","",7,0,0,"auto"
"ESS/IEP/Snapshots/IEP_Locations_20260228.QVD","IEP_Locations_20260228.QVD","02s ESS QVD Builder Finalisation - Snapshot",NA,"AZDB-AUE-PRD-NIAADL01.ESS.IEP Locations","Exact","Missing lineage statement",FALSE,FALSE,"needs-creating","","","",7,0,0,"auto"
"ESS/IEP/Snapshots/IEP_Locations_20260430.QVD","IEP_Locations_20260430.QVD","02s ESS QVD Builder Finalisation - Snapshot",NA,"AZDB-AUE-PRD-NIAADL01.ESS.IEP Locations","Exact","Missing lineage statement",FALSE,FALSE,"needs-creating","","","",7,0,0,"auto"
"ESS/IEP/Snapshots/IEP_Locations_20260531.QVD","IEP_Locations_20260531.QVD","02s ESS QVD Builder Finalisation - Snapshot",NA,"AZDB-AUE-PRD-NIAADL01.ESS.IEP Locations","Exact","Missing lineage statement",FALSE,FALSE,"needs-creating","","","",7,0,0,"auto"
"ESS/IEP/Snapshots/IEP_Locations_20260630.QVD","IEP_Locations_20260630.QVD","02s ESS QVD Builder Finalisation - Snapshot",NA,"AZDB-AUE-PRD-NIAADL01.ESS.IEP Locations","Exact","Missing lineage statement",FALSE,FALSE,"needs-creating","","","",7,0,0,"auto"
"ESS/IEP/Snapshots/IEP_Outcome_20240331.QVD","IEP_Outcome_20240331.QVD","02s ESS QVD Builder Finalisation - Snapshot",NA,"AZDB-AUE-PRD-NIAADL01.ESS.IEP Outcome","Exact","Missing lineage statement",FALSE,FALSE,"retarget-incomplete","ESS","IEP Outcome Max Paid Week","lib://Curated data Store:DataFiles/10 Landing Area/ESS/IEP Outcome Max Paid Week.qvd",20,4,16,"auto"
"ESS/IEP/Snapshots/IEP_Outcome_20240430.QVD","IEP_Outcome_20240430.QVD","02s ESS QVD Builder Finalisation - Snapshot",NA,"AZDB-AUE-PRD-NIAADL01.ESS.IEP Outcome","Exact","Missing lineage statement",FALSE,FALSE,"retarget-incomplete","ESS","IEP Outcome Max Paid Week","lib://Curated data Store:DataFiles/10 Landing Area/ESS/IEP Outcome Max Paid Week.qvd",20,4,16,"auto"
"ESS/IEP/Snapshots/IEP_Outcome_20240531.QVD","IEP_Outcome_20240531.QVD","02s ESS QVD Builder Finalisation - Snapshot",NA,"AZDB-AUE-PRD-NIAADL01.ESS.IEP Outcome","Exact","Missing lineage statement",FALSE,FALSE,"retarget-incomplete","ESS","IEP Outcome Max Paid Week","lib://Curated data Store:DataFiles/10 Landing Area/ESS/IEP Outcome Max Paid Week.qvd",20,4,16,"auto"
"ESS/IEP/Snapshots/IEP_Outcome_20240630.QVD","IEP_Outcome_20240630.QVD","02s ESS QVD Builder Finalisation - Snapshot",NA,"AZDB-AUE-PRD-NIAADL01.ESS.IEP Outcome","Exact","Missing lineage statement",FALSE,FALSE,"retarget-incomplete","ESS","IEP Outcome Max Paid Week","lib://Curated data Store:DataFiles/10 Landing Area/ESS/IEP Outcome Max Paid Week.qvd",20,4,16,"auto"
"ESS/IEP/Snapshots/IEP_Outcome_20240731.QVD","IEP_Outcome_20240731.QVD","02s ESS QVD Builder Finalisation - Snapshot",NA,"AZDB-AUE-PRD-NIAADL01.ESS.IEP Outcome","Exact","Missing lineage statement",FALSE,FALSE,"retarget-incomplete","ESS","IEP Outcome Max Paid Week","lib://Curated data Store:DataFiles/10 Landing Area/ESS/IEP Outcome Max Paid Week.qvd",20,4,16,"auto"
"ESS/IEP/Snapshots/IEP_Outcome_20240831.QVD","IEP_Outcome_20240831.QVD","02s ESS QVD Builder Finalisation - Snapshot",NA,"AZDB-AUE-PRD-NIAADL01.ESS.IEP Outcome","Exact","Missing lineage statement",FALSE,FALSE,"retarget-incomplete","ESS","IEP Outcome Max Paid Week","lib://Curated data Store:DataFiles/10 Landing Area/ESS/IEP Outcome Max Paid Week.qvd",20,4,16,"auto"
"ESS/IEP/Snapshots/IEP_Outcome_20241031.QVD","IEP_Outcome_20241031.QVD","02s ESS QVD Builder Finalisation - Snapshot",NA,"AZDB-AUE-PRD-NIAADL01.ESS.IEP Outcome","Exact","Missing lineage statement",FALSE,FALSE,"retarget-incomplete","ESS","IEP Outcome Max Paid Week","lib://Curated data Store:DataFiles/10 Landing Area/ESS/IEP Outcome Max Paid Week.qvd",20,4,16,"auto"
"ESS/IEP/Snapshots/IEP_Outcome_20241130.QVD","IEP_Outcome_20241130.QVD","02s ESS QVD Builder Finalisation - Snapshot",NA,"AZDB-AUE-PRD-NIAADL01.ESS.IEP Outcome","Exact","Missing lineage statement",FALSE,FALSE,"retarget-incomplete","ESS","IEP Outcome Max Paid Week","lib://Curated data Store:DataFiles/10 Landing Area/ESS/IEP Outcome Max Paid Week.qvd",20,4,16,"auto"
"ESS/IEP/Snapshots/IEP_Outcome_20241231.QVD","IEP_Outcome_20241231.QVD","02s ESS QVD Builder Finalisation - Snapshot",NA,"AZDB-AUE-PRD-NIAADL01.ESS.IEP Outcome","Exact","Missing lineage statement",FALSE,FALSE,"retarget-incomplete","ESS","IEP Outcome Max Paid Week","lib://Curated data Store:DataFiles/10 Landing Area/ESS/IEP Outcome Max Paid Week.qvd",20,4,16,"auto"
"ESS/IEP/Snapshots/IEP_Outcome_20250131.QVD","IEP_Outcome_20250131.QVD","02s ESS QVD Builder Finalisation - Snapshot",NA,"AZDB-AUE-PRD-NIAADL01.ESS.IEP Outcome","Exact","Missing lineage statement",FALSE,FALSE,"retarget-incomplete","ESS","IEP Outcome Max Paid Week","lib://Curated data Store:DataFiles/10 Landing Area/ESS/IEP Outcome Max Paid Week.qvd",20,4,16,"auto"
"ESS/IEP/Snapshots/IEP_Outcome_20250228.QVD","IEP_Outcome_20250228.QVD","02s ESS QVD Builder Finalisation - Snapshot",NA,"AZDB-AUE-PRD-NIAADL01.ESS.IEP Outcome","Exact","Missing lineage statement",FALSE,FALSE,"retarget-incomplete","ESS","IEP Outcome Max Paid Week","lib://Curated data Store:DataFiles/10 Landing Area/ESS/IEP Outcome Max Paid Week.qvd",20,4,16,"auto"
"ESS/IEP/Snapshots/IEP_Outcome_20250331.QVD","IEP_Outcome_20250331.QVD","02s ESS QVD Builder Finalisation - Snapshot",NA,"AZDB-AUE-PRD-NIAADL01.ESS.IEP Outcome","Exact","Missing lineage statement",FALSE,FALSE,"retarget-incomplete","ESS","IEP Outcome Max Paid Week","lib://Curated data Store:DataFiles/10 Landing Area/ESS/IEP Outcome Max Paid Week.qvd",20,4,16,"auto"
"ESS/IEP/Snapshots/IEP_Outcome_20250430.QVD","IEP_Outcome_20250430.QVD","02s ESS QVD Builder Finalisation - Snapshot",NA,"AZDB-AUE-PRD-NIAADL01.ESS.IEP Outcome","Exact","Missing lineage statement",FALSE,FALSE,"retarget-incomplete","ESS","IEP Outcome Max Paid Week","lib://Curated data Store:DataFiles/10 Landing Area/ESS/IEP Outcome Max Paid Week.qvd",20,4,16,"auto"
"ESS/IEP/Snapshots/IEP_Outcome_20250531.QVD","IEP_Outcome_20250531.QVD","02s ESS QVD Builder Finalisation - Snapshot",NA,"AZDB-AUE-PRD-NIAADL01.ESS.IEP Outcome","Exact","Missing lineage statement",FALSE,FALSE,"retarget-incomplete","ESS","IEP Outcome Max Paid Week","lib://Curated data Store:DataFiles/10 Landing Area/ESS/IEP Outcome Max Paid Week.qvd",20,4,16,"auto"
"ESS/IEP/Snapshots/IEP_Outcome_20250630.QVD","IEP_Outcome_20250630.QVD","02s ESS QVD Builder Finalisation - Snapshot",NA,"AZDB-AUE-PRD-NIAADL01.ESS.IEP Outcome","Exact","Missing lineage statement",FALSE,FALSE,"retarget-incomplete","ESS","IEP Outcome Max Paid Week","lib://Curated data Store:DataFiles/10 Landing Area/ESS/IEP Outcome Max Paid Week.qvd",20,4,16,"auto"
"ESS/IEP/Snapshots/IEP_Outcome_20250731.QVD","IEP_Outcome_20250731.QVD","02s ESS QVD Builder Finalisation - Snapshot",NA,"AZDB-AUE-PRD-NIAADL01.ESS.IEP Outcome","Exact","Missing lineage statement",FALSE,FALSE,"retarget-incomplete","ESS","IEP Outcome Max Paid Week","lib://Curated data Store:DataFiles/10 Landing Area/ESS/IEP Outcome Max Paid Week.qvd",20,4,16,"auto"
"ESS/IEP/Snapshots/IEP_Outcome_20250831.QVD","IEP_Outcome_20250831.QVD","02s ESS QVD Builder Finalisation - Snapshot",NA,"AZDB-AUE-PRD-NIAADL01.ESS.IEP Outcome","Exact","Missing lineage statement",FALSE,FALSE,"retarget-incomplete","ESS","IEP Outcome Max Paid Week","lib://Curated data Store:DataFiles/10 Landing Area/ESS/IEP Outcome Max Paid Week.qvd",20,4,16,"auto"
"ESS/IEP/Snapshots/IEP_Outcome_20250930.QVD","IEP_Outcome_20250930.QVD","02s ESS QVD Builder Finalisation - Snapshot",NA,"AZDB-AUE-PRD-NIAADL01.ESS.IEP Outcome","Exact","Missing lineage statement",FALSE,FALSE,"retarget-incomplete","ESS","IEP Outcome Max Paid Week","lib://Curated data Store:DataFiles/10 Landing Area/ESS/IEP Outcome Max Paid Week.qvd",20,4,16,"auto"
"ESS/IEP/Snapshots/IEP_Outcome_20251231.QVD","IEP_Outcome_20251231.QVD","02s ESS QVD Builder Finalisation - Snapshot",NA,"AZDB-AUE-PRD-NIAADL01.ESS.IEP Outcome","Exact","Missing lineage statement",FALSE,FALSE,"retarget-incomplete","ESS","IEP Outcome Max Paid Week","lib://Curated data Store:DataFiles/10 Landing Area/ESS/IEP Outcome Max Paid Week.qvd",20,4,16,"auto"
"ESS/IEP/Snapshots/IEP_Outcome_20260228.QVD","IEP_Outcome_20260228.QVD","02s ESS QVD Builder Finalisation - Snapshot",NA,"AZDB-AUE-PRD-NIAADL01.ESS.IEP Outcome","Exact","Missing lineage statement",FALSE,FALSE,"retarget-incomplete","ESS","IEP Outcome Max Paid Week","lib://Curated data Store:DataFiles/10 Landing Area/ESS/IEP Outcome Max Paid Week.qvd",20,4,16,"auto"
"ESS/IEP/Snapshots/IEP_Outcome_20260430.QVD","IEP_Outcome_20260430.QVD","02s ESS QVD Builder Finalisation - Snapshot",NA,"AZDB-AUE-PRD-NIAADL01.ESS.IEP Outcome","Exact","Missing lineage statement",FALSE,FALSE,"retarget-incomplete","ESS","IEP Outcome Max Paid Week","lib://Curated data Store:DataFiles/10 Landing Area/ESS/IEP Outcome Max Paid Week.qvd",20,4,16,"auto"
"ESS/IEP/Snapshots/IEP_Outcome_20260531.QVD","IEP_Outcome_20260531.QVD","02s ESS QVD Builder Finalisation - Snapshot",NA,"AZDB-AUE-PRD-NIAADL01.ESS.IEP Outcome","Exact","Missing lineage statement",FALSE,FALSE,"retarget-incomplete","ESS","IEP Outcome Max Paid Week","lib://Curated data Store:DataFiles/10 Landing Area/ESS/IEP Outcome Max Paid Week.qvd",20,4,16,"auto"
"ESS/IEP/Snapshots/IEP_Outcome_20260630.QVD","IEP_Outcome_20260630.QVD","02s ESS QVD Builder Finalisation - Snapshot",NA,"AZDB-AUE-PRD-NIAADL01.ESS.IEP Outcome","Exact","Missing lineage statement",FALSE,FALSE,"retarget-incomplete","ESS","IEP Outcome Max Paid Week","lib://Curated data Store:DataFiles/10 Landing Area/ESS/IEP Outcome Max Paid Week.qvd",20,4,16,"auto"
"ESS/IEP/Snapshots/IEP_Placement_20240331.QVD","IEP_Placement_20240331.QVD","02s ESS QVD Builder Finalisation - Snapshot",NA,"AZDB-AUE-PRD-NIAADL01.ESS.IEP Placement","Partial match","Missing lineage statement",FALSE,FALSE,"needs-creating","","","",44,0,0,"auto"
"ESS/IEP/Snapshots/IEP_Placement_20240430.QVD","IEP_Placement_20240430.QVD","02s ESS QVD Builder Finalisation - Snapshot",NA,"AZDB-AUE-PRD-NIAADL01.ESS.IEP Placement","Partial match","Missing lineage statement",FALSE,FALSE,"needs-creating","","","",44,0,0,"auto"
"ESS/IEP/Snapshots/IEP_Placement_20240531.QVD","IEP_Placement_20240531.QVD","02s ESS QVD Builder Finalisation - Snapshot",NA,"AZDB-AUE-PRD-NIAADL01.ESS.IEP Placement","Partial match","Missing lineage statement",FALSE,FALSE,"needs-creating","","","",44,0,0,"auto"
"ESS/IEP/Snapshots/IEP_Placement_20240630.QVD","IEP_Placement_20240630.QVD","02s ESS QVD Builder Finalisation - Snapshot",NA,"AZDB-AUE-PRD-NIAADL01.ESS.IEP Placement","Partial match","Missing lineage statement",FALSE,FALSE,"needs-creating","","","",44,0,0,"auto"
"ESS/IEP/Snapshots/IEP_Placement_20240731.QVD","IEP_Placement_20240731.QVD","02s ESS QVD Builder Finalisation - Snapshot",NA,"AZDB-AUE-PRD-NIAADL01.ESS.IEP Placement","Partial match","Missing lineage statement",FALSE,FALSE,"needs-creating","","","",44,0,0,"auto"
"ESS/IEP/Snapshots/IEP_Placement_20240831.QVD","IEP_Placement_20240831.QVD","02s ESS QVD Builder Finalisation - Snapshot",NA,"AZDB-AUE-PRD-NIAADL01.ESS.IEP Placement","Partial match","Missing lineage statement",FALSE,FALSE,"needs-creating","","","",44,0,0,"auto"
"ESS/IEP/Snapshots/IEP_Placement_20241031.QVD","IEP_Placement_20241031.QVD","02s ESS QVD Builder Finalisation - Snapshot",NA,"AZDB-AUE-PRD-NIAADL01.ESS.IEP Placement","Partial match","Missing lineage statement",FALSE,FALSE,"needs-creating","","","",44,0,0,"auto"
"ESS/IEP/Snapshots/IEP_Placement_20241130.QVD","IEP_Placement_20241130.QVD","02s ESS QVD Builder Finalisation - Snapshot",NA,"AZDB-AUE-PRD-NIAADL01.ESS.IEP Placement","Partial match","Missing lineage statement",FALSE,FALSE,"needs-creating","","","",44,0,0,"auto"
"ESS/IEP/Snapshots/IEP_Placement_20241231.QVD","IEP_Placement_20241231.QVD","02s ESS QVD Builder Finalisation - Snapshot",NA,"AZDB-AUE-PRD-NIAADL01.ESS.IEP Placement","Partial match","Missing lineage statement",FALSE,FALSE,"needs-creating","","","",44,0,0,"auto"
"ESS/IEP/Snapshots/IEP_Placement_20250131.QVD","IEP_Placement_20250131.QVD","02s ESS QVD Builder Finalisation - Snapshot",NA,"AZDB-AUE-PRD-NIAADL01.ESS.IEP Placement","Partial match","Missing lineage statement",FALSE,FALSE,"needs-creating","","","",44,0,0,"auto"
"ESS/IEP/Snapshots/IEP_Placement_20250228.QVD","IEP_Placement_20250228.QVD","02s ESS QVD Builder Finalisation - Snapshot",NA,"AZDB-AUE-PRD-NIAADL01.ESS.IEP Placement","Partial match","Missing lineage statement",FALSE,FALSE,"needs-creating","","","",44,0,0,"auto"
"ESS/IEP/Snapshots/IEP_Placement_20250331.QVD","IEP_Placement_20250331.QVD","02s ESS QVD Builder Finalisation - Snapshot",NA,"AZDB-AUE-PRD-NIAADL01.ESS.IEP Placement","Partial match","Missing lineage statement",FALSE,FALSE,"needs-creating","","","",44,0,0,"auto"
"ESS/IEP/Snapshots/IEP_Placement_20250430.QVD","IEP_Placement_20250430.QVD","02s ESS QVD Builder Finalisation - Snapshot",NA,"AZDB-AUE-PRD-NIAADL01.ESS.IEP Placement","Partial match","Missing lineage statement",FALSE,FALSE,"needs-creating","","","",44,0,0,"auto"
"ESS/IEP/Snapshots/IEP_Placement_20250531.QVD","IEP_Placement_20250531.QVD","02s ESS QVD Builder Finalisation - Snapshot",NA,"AZDB-AUE-PRD-NIAADL01.ESS.IEP Placement","Partial match","Missing lineage statement",FALSE,FALSE,"needs-creating","","","",44,0,0,"auto"
"ESS/IEP/Snapshots/IEP_Placement_20250630.QVD","IEP_Placement_20250630.QVD","02s ESS QVD Builder Finalisation - Snapshot",NA,"AZDB-AUE-PRD-NIAADL01.ESS.IEP Placement","Partial match","Missing lineage statement",FALSE,FALSE,"needs-creating","","","",44,0,0,"auto"
"ESS/IEP/Snapshots/IEP_Placement_20250731.QVD","IEP_Placement_20250731.QVD","02s ESS QVD Builder Finalisation - Snapshot",NA,"AZDB-AUE-PRD-NIAADL01.ESS.IEP Placement","Partial match","Missing lineage statement",FALSE,FALSE,"needs-creating","","","",44,0,0,"auto"
"ESS/IEP/Snapshots/IEP_Placement_20250831.QVD","IEP_Placement_20250831.QVD","02s ESS QVD Builder Finalisation - Snapshot",NA,"AZDB-AUE-PRD-NIAADL01.ESS.IEP Placement","Partial match","Missing lineage statement",FALSE,FALSE,"needs-creating","","","",44,0,0,"auto"
"ESS/IEP/Snapshots/IEP_Placement_20250930.QVD","IEP_Placement_20250930.QVD","02s ESS QVD Builder Finalisation - Snapshot",NA,"AZDB-AUE-PRD-NIAADL01.ESS.IEP Placement","Partial match","Missing lineage statement",FALSE,FALSE,"needs-creating","","","",44,0,0,"auto"
"ESS/IEP/Snapshots/IEP_Placement_20251231.QVD","IEP_Placement_20251231.QVD","02s ESS QVD Builder Finalisation - Snapshot",NA,"AZDB-AUE-PRD-NIAADL01.ESS.IEP Placement","Partial match","Missing lineage statement",FALSE,FALSE,"needs-creating","","","",44,0,0,"auto"
"ESS/IEP/Snapshots/IEP_Placement_20260228.QVD","IEP_Placement_20260228.QVD","02s ESS QVD Builder Finalisation - Snapshot",NA,"AZDB-AUE-PRD-NIAADL01.ESS.IEP Placement","Partial match","Missing lineage statement",FALSE,FALSE,"needs-creating","","","",44,0,0,"auto"
"ESS/IEP/Snapshots/IEP_Placement_20260430.QVD","IEP_Placement_20260430.QVD","02s ESS QVD Builder Finalisation - Snapshot",NA,"AZDB-AUE-PRD-NIAADL01.ESS.IEP Placement","Partial match","Missing lineage statement",FALSE,FALSE,"needs-creating","","","",44,0,0,"auto"
"ESS/IEP/Snapshots/IEP_Placement_20260531.QVD","IEP_Placement_20260531.QVD","02s ESS QVD Builder Finalisation - Snapshot",NA,"AZDB-AUE-PRD-NIAADL01.ESS.IEP Placement","Partial match","Missing lineage statement",FALSE,FALSE,"needs-creating","","","",44,0,0,"auto"
"ESS/IEP/Snapshots/IEP_Placement_20260630.QVD","IEP_Placement_20260630.QVD","02s ESS QVD Builder Finalisation - Snapshot",NA,"AZDB-AUE-PRD-NIAADL01.ESS.IEP Placement","Partial match","Missing lineage statement",FALSE,FALSE,"needs-creating","","","",44,0,0,"auto"
"ESS/IEP/Snapshots/IEP_Provider_20240331.QVD","IEP_Provider_20240331.QVD","02s ESS QVD Builder Finalisation - Snapshot",NA,"AZDB-AUE-PRD-NIAADL01.ESS.IEP Provider","Exact","Missing lineage statement",FALSE,FALSE,"needs-import","fusionload","source organisation","",34,0,0,"auto"
"ESS/IEP/Snapshots/IEP_Provider_20240430.QVD","IEP_Provider_20240430.QVD","02s ESS QVD Builder Finalisation - Snapshot",NA,"AZDB-AUE-PRD-NIAADL01.ESS.IEP Provider","Exact","Missing lineage statement",FALSE,FALSE,"needs-import","fusionload","source organisation","",34,0,0,"auto"
"ESS/IEP/Snapshots/IEP_Provider_20240531.QVD","IEP_Provider_20240531.QVD","02s ESS QVD Builder Finalisation - Snapshot",NA,"AZDB-AUE-PRD-NIAADL01.ESS.IEP Provider","Exact","Missing lineage statement",FALSE,FALSE,"needs-import","fusionload","source organisation","",34,0,0,"auto"
"ESS/IEP/Snapshots/IEP_Provider_20240630.QVD","IEP_Provider_20240630.QVD","02s ESS QVD Builder Finalisation - Snapshot",NA,"AZDB-AUE-PRD-NIAADL01.ESS.IEP Provider","Exact","Missing lineage statement",FALSE,FALSE,"needs-import","fusionload","source organisation","",34,0,0,"auto"
"ESS/IEP/Snapshots/IEP_Provider_20240731.QVD","IEP_Provider_20240731.QVD","02s ESS QVD Builder Finalisation - Snapshot",NA,"AZDB-AUE-PRD-NIAADL01.ESS.IEP Provider","Exact","Missing lineage statement",FALSE,FALSE,"needs-import","fusionload","source organisation","",34,0,0,"auto"
"ESS/IEP/Snapshots/IEP_Provider_20240831.QVD","IEP_Provider_20240831.QVD","02s ESS QVD Builder Finalisation - Snapshot",NA,"AZDB-AUE-PRD-NIAADL01.ESS.IEP Provider","Exact","Missing lineage statement",FALSE,FALSE,"needs-import","fusionload","source organisation","",34,0,0,"auto"
"ESS/IEP/Snapshots/IEP_Provider_20241031.QVD","IEP_Provider_20241031.QVD","02s ESS QVD Builder Finalisation - Snapshot",NA,"AZDB-AUE-PRD-NIAADL01.ESS.IEP Provider","Exact","Missing lineage statement",FALSE,FALSE,"needs-import","fusionload","source organisation","",34,0,0,"auto"
"ESS/IEP/Snapshots/IEP_Provider_20241130.QVD","IEP_Provider_20241130.QVD","02s ESS QVD Builder Finalisation - Snapshot",NA,"AZDB-AUE-PRD-NIAADL01.ESS.IEP Provider","Exact","Missing lineage statement",FALSE,FALSE,"needs-import","fusionload","source organisation","",34,0,0,"auto"
"ESS/IEP/Snapshots/IEP_Provider_20241231.QVD","IEP_Provider_20241231.QVD","02s ESS QVD Builder Finalisation - Snapshot",NA,"AZDB-AUE-PRD-NIAADL01.ESS.IEP Provider","Exact","Missing lineage statement",FALSE,FALSE,"needs-import","fusionload","source organisation","",34,0,0,"auto"
"ESS/IEP/Snapshots/IEP_Provider_20250131.QVD","IEP_Provider_20250131.QVD","02s ESS QVD Builder Finalisation - Snapshot",NA,"AZDB-AUE-PRD-NIAADL01.ESS.IEP Provider","Exact","Missing lineage statement",FALSE,FALSE,"needs-import","fusionload","source organisation","",34,0,0,"auto"
"ESS/IEP/Snapshots/IEP_Provider_20250228.QVD","IEP_Provider_20250228.QVD","02s ESS QVD Builder Finalisation - Snapshot",NA,"AZDB-AUE-PRD-NIAADL01.ESS.IEP Provider","Exact","Missing lineage statement",FALSE,FALSE,"needs-import","fusionload","source organisation","",34,0,0,"auto"
"ESS/IEP/Snapshots/IEP_Provider_20250331.QVD","IEP_Provider_20250331.QVD","02s ESS QVD Builder Finalisation - Snapshot",NA,"AZDB-AUE-PRD-NIAADL01.ESS.IEP Provider","Exact","Missing lineage statement",FALSE,FALSE,"needs-import","fusionload","source organisation","",34,0,0,"auto"
"ESS/IEP/Snapshots/IEP_Provider_20250430.QVD","IEP_Provider_20250430.QVD","02s ESS QVD Builder Finalisation - Snapshot",NA,"AZDB-AUE-PRD-NIAADL01.ESS.IEP Provider","Exact","Missing lineage statement",FALSE,FALSE,"needs-import","fusionload","source organisation","",34,0,0,"auto"
"ESS/IEP/Snapshots/IEP_Provider_20250531.QVD","IEP_Provider_20250531.QVD","02s ESS QVD Builder Finalisation - Snapshot",NA,"AZDB-AUE-PRD-NIAADL01.ESS.IEP Provider","Exact","Missing lineage statement",FALSE,FALSE,"needs-import","fusionload","source organisation","",34,0,0,"auto"
"ESS/IEP/Snapshots/IEP_Provider_20250630.QVD","IEP_Provider_20250630.QVD","02s ESS QVD Builder Finalisation - Snapshot",NA,"AZDB-AUE-PRD-NIAADL01.ESS.IEP Provider","Exact","Missing lineage statement",FALSE,FALSE,"needs-import","fusionload","source organisation","",34,0,0,"auto"
"ESS/IEP/Snapshots/IEP_Provider_20250731.QVD","IEP_Provider_20250731.QVD","02s ESS QVD Builder Finalisation - Snapshot",NA,"AZDB-AUE-PRD-NIAADL01.ESS.IEP Provider","Exact","Missing lineage statement",FALSE,FALSE,"needs-import","fusionload","source organisation","",34,0,0,"auto"
"ESS/IEP/Snapshots/IEP_Provider_20250831.QVD","IEP_Provider_20250831.QVD","02s ESS QVD Builder Finalisation - Snapshot",NA,"AZDB-AUE-PRD-NIAADL01.ESS.IEP Provider","Exact","Missing lineage statement",FALSE,FALSE,"needs-import","fusionload","source organisation","",34,0,0,"auto"
"ESS/IEP/Snapshots/IEP_Provider_20250930.QVD","IEP_Provider_20250930.QVD","02s ESS QVD Builder Finalisation - Snapshot",NA,"AZDB-AUE-PRD-NIAADL01.ESS.IEP Provider","Exact","Missing lineage statement",FALSE,FALSE,"needs-import","fusionload","source organisation","",34,0,0,"auto"
"ESS/IEP/Snapshots/IEP_Provider_20251231.QVD","IEP_Provider_20251231.QVD","02s ESS QVD Builder Finalisation - Snapshot",NA,"AZDB-AUE-PRD-NIAADL01.ESS.IEP Provider","Exact","Missing lineage statement",FALSE,FALSE,"needs-import","fusionload","source organisation","",34,0,0,"auto"
"ESS/IEP/Snapshots/IEP_Provider_20260228.QVD","IEP_Provider_20260228.QVD","02s ESS QVD Builder Finalisation - Snapshot",NA,"AZDB-AUE-PRD-NIAADL01.ESS.IEP Provider","Exact","Missing lineage statement",FALSE,FALSE,"needs-import","fusionload","source organisation","",34,0,0,"auto"
"ESS/IEP/Snapshots/IEP_Provider_20260430.QVD","IEP_Provider_20260430.QVD","02s ESS QVD Builder Finalisation - Snapshot",NA,"AZDB-AUE-PRD-NIAADL01.ESS.IEP Provider","Exact","Missing lineage statement",FALSE,FALSE,"needs-import","fusionload","source organisation","",34,0,0,"auto"
"ESS/IEP/Snapshots/IEP_Provider_20260531.QVD","IEP_Provider_20260531.QVD","02s ESS QVD Builder Finalisation - Snapshot",NA,"AZDB-AUE-PRD-NIAADL01.ESS.IEP Provider","Exact","Missing lineage statement",FALSE,FALSE,"needs-import","fusionload","source organisation","",34,0,0,"auto"
"ESS/IEP/Snapshots/IEP_Provider_20260630.QVD","IEP_Provider_20260630.QVD","02s ESS QVD Builder Finalisation - Snapshot",NA,"AZDB-AUE-PRD-NIAADL01.ESS.IEP Provider","Exact","Missing lineage statement",FALSE,FALSE,"needs-import","fusionload","source organisation","",34,0,0,"auto"
"DataCatalogue/DLColumnDataTypes.QVD","DLColumnDataTypes.QVD","NIAA Data Lake SQL Tables",5,"AZDB-AUE-PRD-NIAADL01.DataCatalogue.Data Catalogue","Partial match","Simple",FALSE,TRUE,"needs-creating","","","",53,0,0,"auto"
"DataCatalogue/DLColumnPrimary&ForeignKeys.QVD","DLColumnPrimary&ForeignKeys.QVD","NIAA Data Lake SQL Tables",NA,"-","No match","Complex",TRUE,TRUE,"unmapped","","","",0,0,0,"auto"
"DataCatalogue/DLColumns.QVD","DLColumns.QVD","NIAA Data Lake SQL Tables",5,"AZDB-AUE-PRD-NIAADL01.DataCatalogue.Object Hierarchy","Partial match","Complex",TRUE,TRUE,"needs-creating","","","",14,0,0,"auto"
"DataCatalogue/DLSchemas.QVD","DLSchemas.QVD","NIAA Data Lake SQL Tables",5,"AZDB-AUE-PRD-NIAADL01.DataCatalogue.Object Hierarchy","Likely subset","Simple",FALSE,TRUE,"needs-creating","","","",14,0,0,"auto"
"DataCatalogue/DLTables&Views.QVD","DLTables&Views.QVD","NIAA Data Lake SQL Tables",NA,"AZDB-AUE-PRD-NIAADL01.DataCatalogue.Object Hierarchy","Partial match","Complex",FALSE,TRUE,"needs-creating","","","",14,0,0,"auto"
"SSR/Grant Activity Missing Milestone.qvd","Grant Activity Missing Milestone.qvd","-",NA,"AZDB-AUE-PRD-NIAADL01.GPS.Grant Activity Missing Milestone","Likely subset","Simple",FALSE,TRUE,"retarget-incomplete","GPS","Grant Activity Missing Milestone Derived History","lib://Curated data Store:DataFiles/10 Landing Area/GPS/Grant Activity Missing Milestone Derived History.qvd",27,7,23,"auto"
"IPP/Agency.qvd","Agency.qvd","IPP QVD Generator",NA,"AZDB-AUE-PRD-NIAADL01.CRM.Organisation","Partial match","Complex",FALSE,TRUE,"retarget-incomplete","SCSO","Mail Merge","lib://Curated data Store:DataFiles/10 Landing Area/SCSO/Mail Merge.qvd",46,25,44,"auto"
"IPP/Contract Notice.qvd","Contract Notice.qvd","IPP QVD Generator",NA,"AZDB-AUE-PRD-NIAADL01.FUSIONTestETL.IPP Data Lake - 20240318","Partial match","Complex",FALSE,TRUE,"needs-creating","","","",29,0,0,"auto"
"IPP/Contract.qvd","Contract.qvd","IPP QVD Generator",NA,"AZDB-AUE-PRD-NIAADL01.IPP.Reporting PIT Fact","Partial match","Complex",FALSE,TRUE,"retarget-incomplete","IPP","Contract Date Range","lib://Curated data Store:DataFiles/10 Landing Area/IPP/Contract Date Range.qvd",29,1,28,"auto"
"IPP/Financial Year.qvd","Financial Year.qvd","IPP QVD Generator",NA,"AZDB-AUE-PRD-NIAADL01.FUSION.Financial Year","Partial match","Complex",FALSE,TRUE,"retarget","FUSION","Ceasing Activity Funding","lib://Curated data Store:DataFiles/10 Landing Area/FUSION/Ceasing Activity Funding.qvd",4,12,0,"auto"
"IPP/Organisation.qvd","Organisation.qvd","IPP QVD Generator",NA,"AZDB-AUE-PRD-NIAADL01.FUSION.Source Organisation","Partial match","Simple",FALSE,TRUE,"retarget-incomplete","SCSO","Mail Merge","lib://Curated data Store:DataFiles/10 Landing Area/SCSO/Mail Merge.qvd",17,25,13,"auto"
"IPP/Portfolio.qvd","Portfolio.qvd","IPP QVD Generator",NA,"AZDB-AUE-PRD-NIAADL01.CRM.Organisation","Partial match","Complex",FALSE,TRUE,"retarget-incomplete","SCSO","Mail Merge","lib://Curated data Store:DataFiles/10 Landing Area/SCSO/Mail Merge.qvd",46,25,44,"auto"
"IPP/Purchase.qvd","Purchase.qvd","IPP QVD Generator",NA,"AZDB-AUE-PRD-NIAADL01.FUSION.Grant Acquittal","Partial match","Simple",FALSE,TRUE,"needs-creating","","","",69,0,0,"auto"
"IPP/SSIS IPP.qvd","SSIS IPP.qvd","IPP QVD Generator",NA,"AZDB-AUE-PRD-NIAADL01.FUSIONLoad.Load Summary","Partial match","Simple",FALSE,FALSE,"needs-creating","","","",12,0,0,"auto"
"IPP/UNSPSC Code.qvd","UNSPSC Code.qvd","IPP QVD Generator",NA,"AZDB-AUE-PRD-NIAADL01.GRANTS.Funding Brief","Partial match","Complex",FALSE,TRUE,"retarget-incomplete","GRANTS","Funding Decision","lib://Curated data Store:DataFiles/10 Landing Area/GRANTS/Funding Decision.qvd",92,26,88,"auto"
"FUSION/Agency Region.qvd","Agency Region.qvd","Master Grants Report - Program Nprint",NA,"AZDB-AUE-PRD-NIAADL01.FUSION.Agency Region","Exact","Simple",FALSE,FALSE,"needs-creating","","","",9,0,0,"auto"
"ABS/ILOC Census Cell Descriptor.qvd","ILOC Census Cell Descriptor.qvd","ABS ILOC Data Pack QVD Generator",NA,"AZDB-AUE-PRD-NIAADL01.ABSDataPack.ATSIP Census Cell Descriptor","Partial match","Simple",FALSE,TRUE,"retarget-incomplete","ABSDataPack","ATSIP ILOC Demographic Census Cell Descriptor","lib://Curated data Store:DataFiles/10 Landing Area/ABSDataPack/ATSIP ILOC Demographic Census Cell Descriptor.qvd",33,23,10,"auto"
"ABS/ILOC Demographic Census Cell Descriptor.qvd","ILOC Demographic Census Cell Descriptor.qvd","ABS ILOC Data Pack QVD Generator",NA,"AZDB-AUE-PRD-NIAADL01.ABSDataPack.ATSIP ILOC Demographic Census Cell Descriptor","Partial match","Simple",FALSE,TRUE,"retarget-incomplete","ABSDataPack","ATSIP ILOC Demographic Census Cell","lib://Curated data Store:DataFiles/10 Landing Area/ABSDataPack/ATSIP ILOC Demographic Census Cell.qvd",22,6,21,"auto"
"ABS/ILOC Demographic Census Cell.qvd","ILOC Demographic Census Cell.qvd","ABS ILOC Data Pack QVD Generator",NA,"AZDB-AUE-PRD-NIAADL01.ABSDataPack.ATSIP ILOC Demographic Census Cell","Partial match","Simple",FALSE,TRUE,"needs-creating","","","",5,0,0,"auto"
"ABS/ILOC Education Census Cell Descriptor.qvd","ILOC Education Census Cell Descriptor.qvd","ABS ILOC Data Pack QVD Generator",NA,"AZDB-AUE-PRD-NIAADL01.ABSDataPack.ATSIP ILOC Education Census Cell Descriptor","Partial match","Simple",FALSE,TRUE,"retarget-incomplete","ABSDataPack","ATSIP ILOC Education Census Cell","lib://Curated data Store:DataFiles/10 Landing Area/ABSDataPack/ATSIP ILOC Education Census Cell.qvd",19,6,18,"auto"
"ABS/ILOC Education Census Cell.qvd","ILOC Education Census Cell.qvd","ABS ILOC Data Pack QVD Generator",NA,"AZDB-AUE-PRD-NIAADL01.ABSDataPack.ATSIP ILOC Education Census Cell","Partial match","Simple",FALSE,TRUE,"needs-creating","","","",5,0,0,"auto"
"ABS/ILOC Income Census Cell Descriptor.qvd","ILOC Income Census Cell Descriptor.qvd","ABS ILOC Data Pack QVD Generator",NA,"AZDB-AUE-PRD-NIAADL01.ABSDataPack.ATSIP ILOC Income Census Cell Descriptor","Partial match","Simple",FALSE,TRUE,"retarget-incomplete","ABSDataPack","ATSIP ILOC Income Census Cell","lib://Curated data Store:DataFiles/10 Landing Area/ABSDataPack/ATSIP ILOC Income Census Cell.qvd",15,6,14,"auto"
"ABS/ILOC Income Census Cell.qvd","ILOC Income Census Cell.qvd","ABS ILOC Data Pack QVD Generator",NA,"AZDB-AUE-PRD-NIAADL01.ABSDataPack.ATSIP ILOC Income Census Cell","Partial match","Simple",FALSE,TRUE,"needs-creating","","","",5,0,0,"auto"
"ABS/ILOC Residency Census Cell Descriptor.qvd","ILOC Residency Census Cell Descriptor.qvd","ABS ILOC Data Pack QVD Generator",NA,"AZDB-AUE-PRD-NIAADL01.ABSDataPack.ATSIP ILOC Residency Census Cell Descriptor","Partial match","Simple",FALSE,TRUE,"retarget-incomplete","ABSDataPack","ATSIP ILOC Residency Census Cell","lib://Curated data Store:DataFiles/10 Landing Area/ABSDataPack/ATSIP ILOC Residency Census Cell.qvd",20,6,19,"auto"
"ABS/ILOC Residency Census Cell.qvd","ILOC Residency Census Cell.qvd","ABS ILOC Data Pack QVD Generator",NA,"AZDB-AUE-PRD-NIAADL01.ABSDataPack.ATSIP ILOC Residency Census Cell","Partial match","Simple",FALSE,TRUE,"needs-creating","","","",5,0,0,"auto"
"ESS/IEP/Snapshots/Temp/CDP_Contract_Referral_Placement_20241231.QVD","CDP_Contract_Referral_Placement_20241231.QVD","-",NA,"AZDB-AUE-PRD-NIAADL01.ESS.NIAA_CDP_Contract_Referral_Placement","Partial match","Complex",TRUE,TRUE,"needs-creating","","","",21,0,0,"auto"
"ESS/IEP/Snapshots/Temp/CDP_Job_Seeker_20241231.QVD","CDP_Job_Seeker_20241231.QVD","-",NA,"AZDB-AUE-PRD-NIAADL01.ESS.CDP Job Seeker","Partial match","Complex",TRUE,TRUE,"needs-creating","","","",30,0,0,"auto"
"ESS/IEP/Snapshots/Temp/IEP_Activity_20241231.QVD","IEP_Activity_20241231.QVD","-",NA,"AZDB-AUE-PRD-NIAADL01.ESS.IEP Activity","Likely subset","Complex",TRUE,TRUE,"needs-creating","","","",39,0,0,"auto"
"ESS/IEP/Snapshots/Temp/IEP_Activity_Contact_20241231.QVD","IEP_Activity_Contact_20241231.QVD","-",NA,"AZDB-AUE-PRD-NIAADL01.ESS.IEP Activity Contact","Likely subset","Complex",TRUE,TRUE,"needs-import","fusionload","grant activity","",11,0,0,"auto"
"ESS/IEP/Snapshots/Temp/IEP_Activity_Expenditure_20241231.QVD","IEP_Activity_Expenditure_20241231.QVD","-",NA,"AZDB-AUE-PRD-NIAADL01.ESS.IEP Activity Expenditure","Exact","Complex",TRUE,TRUE,"multi-source","ESS","FUSION IEP Activity","lib://Curated data Store:DataFiles/10 Landing Area/ESS/FUSION IEP Activity.qvd",11,68,9,"auto"
"ESS/IEP/Snapshots/Temp/IEP_Claim_Payments_20241231.QVD","IEP_Claim_Payments_20241231.QVD","-",NA,"AZDB-AUE-PRD-NIAADL01.ESS.IEP Claim Payments","Partial match","Complex",FALSE,TRUE,"needs-creating","","","",20,0,0,"auto"
"ESS/IEP/Snapshots/Temp/IEP_Job_Seeker_20241231.QVD","IEP_Job_Seeker_20241231.QVD","-",NA,"AZDB-AUE-PRD-NIAADL01.ESS.IEP Job Seeker","Exact","Complex",FALSE,TRUE,"needs-creating","","","",15,0,0,"auto"
"ESS/IEP/Snapshots/Temp/IEP_Locations_20241231.QVD","IEP_Locations_20241231.QVD","-",NA,"AZDB-AUE-PRD-NIAADL01.ESS.IEP Locations","Exact","Complex",TRUE,TRUE,"needs-creating","","","",7,0,0,"auto"
"ESS/IEP/Snapshots/Temp/IEP_Outcome_20241231.QVD","IEP_Outcome_20241231.QVD","-",NA,"AZDB-AUE-PRD-NIAADL01.ESS.IEP Outcome","Exact","Complex",TRUE,TRUE,"multi-source","ESS","IEP Outcome Max Paid Week","lib://Curated data Store:DataFiles/10 Landing Area/ESS/IEP Outcome Max Paid Week.qvd",20,4,16,"auto"
"ESS/IEP/Snapshots/Temp/IEP_Placement_20241231.QVD","IEP_Placement_20241231.QVD","-",NA,"AZDB-AUE-PRD-NIAADL01.ESS.IEP Placement","Partial match","Complex",TRUE,TRUE,"needs-creating","","","",44,0,0,"auto"
"ESS/IEP/Snapshots/Temp/IEP_Provider_20241231.QVD","IEP_Provider_20241231.QVD","-",NA,"AZDB-AUE-PRD-NIAADL01.ESS.IEP Provider","Exact","Complex",TRUE,TRUE,"needs-import","fusionload","source organisation","",34,0,0,"auto"
"ESS/CDP/CDP Payment Model Control Data.QVD","CDP Payment Model Control Data.QVD","CDP Service Provider (moved from UAT 20240626)",NA,"AZDB-AUE-PRD-NIAADL01.NIAA.CDP Payment Assessment Control Data","Exact","Simple",FALSE,TRUE,"needs-creating","","","",20,0,0,"auto"
"GRANTS/NJPT Activity Linking.qvd","NJPT Activity Linking.qvd","Remote Jobs and Economic Development (RJED) - drop in session",1,"AZDB-AUE-PRD-NIAADL01.FUSION.Activity Linking Table","Partial match","Missing lineage statement",TRUE,FALSE,"multi-source","NIAA","vw_Rangers_Activity_Staging","lib://Curated data Store:DataFiles/10 Landing Area/NIAA/vw_Rangers_Activity_Staging.qvd",18,54,15,"auto"
"DataCatalogue/Data Catalogue.QVD","Data Catalogue.QVD","-",NA,"AZDB-AUE-PRD-NIAADL01.DataCatalogue.Data Catalogue","Partial match","Simple",FALSE,FALSE,"needs-creating","","","",53,0,0,"auto"
"CAEPR/IRSEO PINIRSEO 2021.qvd","IRSEO PINIRSEO 2021.qvd","-",NA,"-","No match","Simple",FALSE,TRUE,"unmapped","","","",0,0,0,"auto"
"SSR/Adjustment Appraisals.qvd","Adjustment Appraisals.qvd","-",NA,"AZDB-AUE-PRD-NIAADL01.ESS_DEV.ACT_ATTENDANCE","Partial match","Simple",FALSE,TRUE,"needs-creating","","","",40,0,0,"auto"
"SSR/Adjustment Tracker.qvd","Adjustment Tracker.qvd","-",NA,"AZDB-AUE-PRD-NIAADL01.SCSO.Activity","Partial match","Simple",FALSE,TRUE,"needs-creating","","","",9,0,0,"auto"
"SSR/Delivery Adjustment.qvd","Delivery Adjustment.qvd","-",NA,"AZDB-AUE-PRD-NIAADL01.ESS.IEP_ACTIVITY_PRE_ESS_WEB","Partial match","Simple",FALSE,TRUE,"needs-creating","","","",130,0,0,"auto"
"SSR/Published Grants.qvd","Published Grants.qvd","-",NA,"AZDB-AUE-PRD-NIAADL01.GRANTS.Published Grants","Likely subset","Simple",FALSE,TRUE,"needs-creating","","","",45,0,0,"auto"
"SSR/RGU Staff.qvd","RGU Staff.qvd","-",NA,"AZDB-AUE-PRD-NIAADL01.CRM.Contacts","Partial match","Simple",FALSE,FALSE,"retarget-incomplete","CRM","Linking Table","lib://Curated data Store:DataFiles/10 Landing Area/CRM/Linking Table.qvd",30,11,27,"auto"
"AURION/NIAA Site Locations.qvd","NIAA Site Locations.qvd","AURION QVD Generator",11,"AZDB-AUE-PRD-NIAADL01.AURION.NIAA Site Locations","Partial match","Simple",FALSE,TRUE,"needs-creating","","","",21,0,0,"auto"
"AURION/Organisation Staff.qvd","Organisation Staff.qvd","AURION QVD Generator",5,"AZDB-AUE-PRD-NIAADL01.AURION.Organisation Staff","Partial match","Simple",FALSE,TRUE,"needs-creating","","","",28,0,0,"auto"
"AURION/Site Location.qvd","Site Location.qvd","AURION QVD Generator",NA,"AZDB-AUE-PRD-NIAADL01.Forms.SiteLocation","Partial match","Simple",FALSE,TRUE,"needs-creating","","","",46,0,0,"auto"
"CRM/Appointment.qvd","Appointment.qvd","CRM QVD Generator",NA,"AZDB-AUE-PRD-NIAADL01.CRM.Appointments","Exact","Simple",FALSE,TRUE,"needs-creating","","","",28,0,0,"auto"
"CRM/Contact Metatag.qvd","Contact Metatag.qvd","CRM QVD Generator",NA,"AZDB-AUE-PRD-NIAADL01.CRM.Contact Metatag","Exact","Simple",FALSE,TRUE,"needs-creating","","","",2,0,0,"auto"
"CRM/Contact.qvd","Contact.qvd","CRM QVD Generator",NA,"AZDB-AUE-PRD-NIAADL01.CRM.Contacts","Exact","Simple",FALSE,TRUE,"retarget-incomplete","CRM","Linking Table","lib://Curated data Store:DataFiles/10 Landing Area/CRM/Linking Table.qvd",30,11,27,"auto"
"CRM/CRM Communication Protocol.qvd","CRM Communication Protocol.qvd","CRM QVD Generator",NA,"AZDB-AUE-PRD-NIAADL01.CRM.Communication Protocol","Partial match","Simple",FALSE,TRUE,"needs-creating","","","",8,0,0,"auto"
"CRM/CRM Contacts.qvd","CRM Contacts.qvd","CRM QVD Generator",NA,"AZDB-AUE-PRD-NIAADL01.CRM.Contacts","Partial match","Simple",FALSE,TRUE,"retarget-incomplete","CRM","Linking Table","lib://Curated data Store:DataFiles/10 Landing Area/CRM/Linking Table.qvd",30,11,27,"auto"
"CRM/CRM Engagement.qvd","CRM Engagement.qvd","CRM QVD Generator",NA,"AZDB-AUE-PRD-NIAADL01.FUSIONTestETL.V - Engagement","Partial match","Simple",FALSE,TRUE,"needs-creating","","","",20,0,0,"auto"
"CRM/CRM Linking Table.qvd","CRM Linking Table.qvd","CRM QVD Generator",NA,"AZDB-AUE-PRD-NIAADL01.CRM.Linking Table","Exact","Simple",FALSE,TRUE,"needs-creating","","","",8,0,0,"auto"
"CRM/CRM Organisation.qvd","CRM Organisation.qvd","CRM QVD Generator",NA,"AZDB-AUE-PRD-NIAADL01.FUSION.Organisation","Partial match","Simple",FALSE,TRUE,"retarget-incomplete","NIAA","xOrganisation Debt","lib://Curated data Store:DataFiles/10 Landing Area/NIAA/xOrganisation Debt.qvd",30,63,27,"auto"
"CRM/Engagement Metatag.qvd","Engagement Metatag.qvd","CRM QVD Generator",NA,"AZDB-AUE-PRD-NIAADL01.CRM.Engagement Metatag","Exact","Simple",FALSE,TRUE,"needs-creating","","","",2,0,0,"auto"
"CRM/Engagement Outcome.qvd","Engagement Outcome.qvd","CRM QVD Generator",NA,"AZDB-AUE-PRD-NIAADL01.CRM.Engagement Outcome","Exact","Simple",FALSE,TRUE,"needs-creating","","","",10,0,0,"auto"
"CRM/Engagement.qvd","Engagement.qvd","CRM QVD Generator",NA,"AZDB-AUE-PRD-NIAADL01.CRM.Engagement","Partial match","Simple",FALSE,TRUE,"retarget-incomplete","CRM","Linking Table","lib://Curated data Store:DataFiles/10 Landing Area/CRM/Linking Table.qvd",22,11,18,"auto"
"CRM/Interaction Party.qvd","Interaction Party.qvd","CRM QVD Generator",2,"AZDB-AUE-PRD-NIAADL01.CRM.Interaction Party","Partial match","Simple",FALSE,TRUE,"retarget-incomplete","CRM","Linking Table","lib://Curated data Store:DataFiles/10 Landing Area/CRM/Linking Table.qvd",7,11,4,"auto"
"CRM/Interaction.qvd","Interaction.qvd","CRM QVD Generator",NA,"AZDB-AUE-PRD-NIAADL01.CRM.Interaction","Exact","Simple",FALSE,TRUE,"retarget-incomplete","CRM","Linking Table","lib://Curated data Store:DataFiles/10 Landing Area/CRM/Linking Table.qvd",20,11,16,"auto"
"CRM/Note.qvd","Note.qvd","CRM QVD Generator",NA,"AZDB-AUE-PRD-NIAADL01.CRM.Note","Exact","Simple",FALSE,TRUE,"needs-creating","","","",14,0,0,"auto"
"CRM/Organisation Metatag.qvd","Organisation Metatag.qvd","CRM QVD Generator",NA,"AZDB-AUE-PRD-NIAADL01.CRM.Organisation Metatag","Exact","Simple",FALSE,TRUE,"needs-creating","","","",2,0,0,"auto"
"CRM/Organisation.qvd","Organisation.qvd","CRM QVD Generator",NA,"AZDB-AUE-PRD-NIAADL01.CRM.Organisation","Partial match","Simple",FALSE,TRUE,"retarget-incomplete","SCSO","Mail Merge","lib://Curated data Store:DataFiles/10 Landing Area/SCSO/Mail Merge.qvd",46,25,44,"auto"
"CRM/Tag.qvd","Tag.qvd","CRM QVD Generator",NA,"AZDB-AUE-PRD-NIAADL01.CRM.Tag","Exact","Simple",FALSE,TRUE,"needs-creating","","","",3,0,0,"auto"
"CRM/User.qvd","User.qvd","CRM QVD Generator",NA,"AZDB-AUE-PRD-NIAADL01.CRM.User","Exact","Simple",FALSE,TRUE,"needs-creating","","","",11,0,0,"auto"
"NIAA/Grant Application Build.QVD","Grant Application Build.QVD","GOAT Tracker",NA,"AZDB-AUE-PRD-NIAADL01.NIAA.Grant Application Build","Partial match","Simple",FALSE,TRUE,"needs-creating","","","",38,0,0,"auto"
"ORIC/ORIC Corporations.qvd","ORIC Corporations.qvd","ORIC QVD Generator",1,"AZDB-AUE-PRD-NIAADL01.DGOV.ORIC Corporations","Partial match","Simple",FALSE,TRUE,"needs-creating","","","",7,0,0,"auto"
"ESS/IEP/Snapshots/Temp/CDP_Contract_Referral_Placement.QVD","CDP_Contract_Referral_Placement.QVD","-",NA,"AZDB-AUE-PRD-NIAADL01.ESS.NIAA_CDP_Contract_Referral_Placement","Partial match","Complex",TRUE,TRUE,"needs-creating","","","",21,0,0,"auto"
"ESS/IEP/Snapshots/Temp/CDP_Job_Seeker.QVD","CDP_Job_Seeker.QVD","-",NA,"AZDB-AUE-PRD-NIAADL01.ESS.CDP Job Seeker","Partial match","Complex",TRUE,TRUE,"needs-creating","","","",30,0,0,"auto"
"ESS/IEP/Snapshots/Temp/IEP_Activity_Contact.QVD","IEP_Activity_Contact.QVD","-",NA,"AZDB-AUE-PRD-NIAADL01.ESS.IEP Activity Contact","Likely subset","Complex",TRUE,TRUE,"needs-import","fusionload","grant activity","",11,0,0,"auto"
"ESS/IEP/Snapshots/Temp/IEP_Activity_Expenditure.QVD","IEP_Activity_Expenditure.QVD","-",NA,"AZDB-AUE-PRD-NIAADL01.ESS.IEP Activity Expenditure","Exact","Complex",TRUE,TRUE,"multi-source","ESS","FUSION IEP Activity","lib://Curated data Store:DataFiles/10 Landing Area/ESS/FUSION IEP Activity.qvd",11,68,9,"auto"
"ESS/IEP/Snapshots/Temp/IEP_Activity.QVD","IEP_Activity.QVD","-",NA,"AZDB-AUE-PRD-NIAADL01.ESS.IEP Activity","Likely subset","Complex",TRUE,TRUE,"needs-creating","","","",39,0,0,"auto"
"ESS/IEP/Snapshots/Temp/IEP_Claim_Payments.QVD","IEP_Claim_Payments.QVD","-",NA,"AZDB-AUE-PRD-NIAADL01.ESS.IEP Claim Payments","Partial match","Complex",TRUE,TRUE,"needs-creating","","","",20,0,0,"auto"
"ESS/IEP/Snapshots/Temp/IEP_Job_Seeker.QVD","IEP_Job_Seeker.QVD","-",NA,"AZDB-AUE-PRD-NIAADL01.ESS.IEP Job Seeker","Exact","Complex",TRUE,TRUE,"needs-creating","","","",15,0,0,"auto"
"ESS/IEP/Snapshots/Temp/IEP_LOCATIONS.QVD","IEP_LOCATIONS.QVD","-",NA,"AZDB-AUE-PRD-NIAADL01.ESS.IEP Locations","Exact","Complex",TRUE,TRUE,"needs-creating","","","",7,0,0,"auto"
"ESS/IEP/Snapshots/Temp/IEP_Outcome.QVD","IEP_Outcome.QVD","-",NA,"AZDB-AUE-PRD-NIAADL01.ESS.IEP Outcome","Exact","Complex",TRUE,TRUE,"multi-source","ESS","IEP Outcome Max Paid Week","lib://Curated data Store:DataFiles/10 Landing Area/ESS/IEP Outcome Max Paid Week.qvd",20,4,16,"auto"
"ESS/IEP/Snapshots/Temp/IEP_Placement.QVD","IEP_Placement.QVD","-",NA,"AZDB-AUE-PRD-NIAADL01.ESS.IEP Placement","Partial match","Complex",TRUE,TRUE,"needs-creating","","","",44,0,0,"auto"
"ESS/IEP/Snapshots/Temp/IEP_Provider.QVD","IEP_Provider.QVD","-",NA,"AZDB-AUE-PRD-NIAADL01.ESS.IEP Provider","Partial match","Complex",TRUE,TRUE,"needs-import","fusionload","source organisation","",34,0,0,"auto"
"NIAA/ACNC Register.qvd","ACNC Register.qvd","Grants QVD Generator",48,"-","No match","Simple",FALSE,TRUE,"unmapped","","","",0,0,0,"auto"
"Data Quality/Data Quality.qvd","Data Quality.qvd","Grants QVD Generator",36,"AZDB-AUE-PRD-NIAADL01.GRANTS.Data Quality","Likely subset","Simple",FALSE,TRUE,"needs-creating","","","",15,0,0,"auto"
"Grant Connect/Grants Awarded.qvd","Grants Awarded.qvd","Grants QVD Generator",NA,"AZDB-AUE-PRD-NIAADL01.GRANTS.GrantConnectGrantsAwarded","Exact","Simple",FALSE,TRUE,"retarget","GRANTS","GrantConnect Grants Awarded","lib://Curated data Store:DataFiles/10 Landing Area/GRANTS/GrantConnect Grants Awarded.qvd",38,40,0,"auto"
"NIAA/Organisation Debt.qvd","Organisation Debt.qvd","Grants QVD Generator",NA,"AZDB-AUE-PRD-NIAADL01.NIAA.Organisation Debt","Partial match","Simple",FALSE,TRUE,"needs-creating","","","",29,0,0,"auto"
"NIAA/ORIC Register.qvd","ORIC Register.qvd","Grants QVD Generator",49,"AZDB-AUE-PRD-NIAADL01.DGOV.ORIC Corporations","Partial match","Simple",FALSE,TRUE,"needs-creating","","","",7,0,0,"auto"
"Published Grants/Published Grants.qvd","Published Grants.qvd","Grants QVD Generator",1,"AZDB-AUE-PRD-NIAADL01.GRANTS.Published Grants","Likely subset","Simple",FALSE,TRUE,"needs-creating","","","",45,0,0,"auto"
"NIAA/AGIL Location.qvd","AGIL Location.qvd","AZURE QVD Generator",2,"AZDB-AUE-PRD-NIAADL01.AGIL.AGIL Location","Exact","Simple",FALSE,TRUE,"retarget-incomplete","AGIL","AGIL Name","lib://Curated data Store:DataFiles/10 Landing Area/AGIL/AGIL Name.qvd",11,7,9,"auto"
"NIAA/AGIL Name.qvd","AGIL Name.qvd","AZURE QVD Generator",NA,"AZDB-AUE-PRD-NIAADL01.AGIL.AGIL Name","Exact","Simple",FALSE,TRUE,"needs-creating","","","",5,0,0,"auto"
"NDIA/Disability Funding.qvd","Disability Funding.qvd","AZURE QVD Generator",NA,"AZDB-AUE-PRD-NIAADL01.NDIA.Disability Funding - obsolete","Likely subset","Simple",FALSE,FALSE,"needs-creating","","","",27,0,0,"auto"
"NIAA/Logistics Point.qvd","Logistics Point.qvd","AZURE QVD Generator",NA,"AZDB-AUE-PRD-NIAADL01.NIAA.Logistics Point","Exact","Simple",FALSE,TRUE,"needs-creating","","","",4,0,0,"auto"
"NDIA/NDIS Funding by Individual.QVD","NDIS Funding by Individual.QVD","AZURE QVD Generator",NA,"AZDB-AUE-PRD-NIAADL01.NDIA.NDIS Funding by Individual","Exact","Simple",FALSE,FALSE,"needs-creating","","","",26,0,0,"auto"
"NDIA/NDIS Funding by Location.QVD","NDIS Funding by Location.QVD","AZURE QVD Generator",NA,"AZDB-AUE-PRD-NIAADL01.NDIA.NDIS Funding by Location","Exact","Simple",FALSE,FALSE,"needs-creating","","","",15,0,0,"auto"
"NDIA/NDIS Providers.qvd","NDIS Providers.qvd","AZURE QVD Generator",NA,"AZDB-AUE-PRD-NIAADL01.NDIA.NDIS Providers - obsolete","Exact","Simple",FALSE,FALSE,"needs-creating","","","",6,0,0,"auto"
"NIAA/NIAA Site - Logistics Point.qvd","NIAA Site - Logistics Point.qvd","AZURE QVD Generator",NA,"AZDB-AUE-PRD-NIAADL01.NIAA.NIAA Site - Logistics Point","Exact","Simple",FALSE,FALSE,"needs-creating","","","",3,0,0,"auto"
"NIAA/NIAA Site.qvd","NIAA Site.qvd","AZURE QVD Generator",NA,"AZDB-AUE-PRD-NIAADL01.NIAA.NIAA Site","Exact","Simple",FALSE,TRUE,"needs-creating","","","",42,0,0,"auto"
"NIAA/University.qvd","University.qvd","AZURE QVD Generator",NA,"AZDB-AUE-PRD-NIAADL01.pmc.University","Exact","Simple",FALSE,FALSE,"needs-creating","","","",11,0,0,"auto"
"PMC/University.qvd","University.qvd","AZURE QVD Generator",NA,"AZDB-AUE-PRD-NIAADL01.pmc.University","Exact","Simple",FALSE,FALSE,"needs-creating","","","",11,0,0,"auto"
"ACARA/Finance Data.qvd","Finance Data.qvd","-",NA,"AZDB-AUE-PRD-NIAADL01.ACARA.Finance Data","Exact","Simple",FALSE,TRUE,"needs-creating","","","",37,0,0,"auto"
"ACARA/NAPLAN Result National.qvd","NAPLAN Result National.qvd","-",NA,"AZDB-AUE-PRD-NIAADL01.ACARA.NAPLAN Result National","Exact","Simple",FALSE,TRUE,"needs-creating","","","",20,0,0,"auto"
"ACARA/NAPLAN Result Similar School.qvd","NAPLAN Result Similar School.qvd","-",NA,"AZDB-AUE-PRD-NIAADL01.ACARA.NAPLAN Result Similar School","Exact","Simple",FALSE,TRUE,"needs-creating","","","",24,0,0,"auto"
"ACARA/Naplan Result.qvd","Naplan Result.qvd","-",NA,"AZDB-AUE-PRD-NIAADL01.ACARA.Naplan Result","Exact","Simple",FALSE,TRUE,"needs-creating","","","",46,0,0,"auto"
"ACARA/School Attendance.qvd","School Attendance.qvd","-",NA,"AZDB-AUE-PRD-NIAADL01.ACARA.School Attendance","Exact","Simple",FALSE,TRUE,"needs-creating","","","",11,0,0,"auto"
"ACARA/School Governing Body.qvd","School Governing Body.qvd","-",NA,"AZDB-AUE-PRD-NIAADL01.ACARA.School Governing Body","Exact","Simple",FALSE,TRUE,"needs-creating","","","",6,0,0,"auto"
"ACARA/School Location.qvd","School Location.qvd","-",NA,"AZDB-AUE-PRD-NIAADL01.ACARA.School Location","Exact","Simple",FALSE,TRUE,"needs-creating","","","",14,0,0,"auto"
"ACARA/School Profile.qvd","School Profile.qvd","-",NA,"AZDB-AUE-PRD-NIAADL01.ACARA.School Profile","Partial match","Simple",FALSE,TRUE,"needs-creating","","","",34,0,0,"auto"
"ACARA/Senior Secondary.qvd","Senior Secondary.qvd","-",NA,"AZDB-AUE-PRD-NIAADL01.ACARA.Senior Secondary","Exact","Simple",FALSE,TRUE,"needs-creating","","","",9,0,0,"auto"
"ACARA/Student Gain National.qvd","Student Gain National.qvd","-",NA,"AZDB-AUE-PRD-NIAADL01.ACARA.Student Gain National","Exact","Simple",FALSE,TRUE,"needs-creating","","","",8,0,0,"auto"
"ACARA/Student Gain Same Starting Score.qvd","Student Gain Same Starting Score.qvd","-",NA,"AZDB-AUE-PRD-NIAADL01.ACARA.Student Gain Same Starting Score","Exact","Simple",FALSE,TRUE,"needs-creating","","","",10,0,0,"auto"
"ACARA/Student Gain Similar School.qvd","Student Gain Similar School.qvd","-",NA,"AZDB-AUE-PRD-NIAADL01.ACARA.Student Gain Similar School","Exact","Simple",FALSE,TRUE,"needs-creating","","","",14,0,0,"auto"
"ACARA/Student Gain.qvd","Student Gain.qvd","-",NA,"AZDB-AUE-PRD-NIAADL01.ACARA.Student Gain","Exact","Simple",FALSE,TRUE,"needs-creating","","","",15,0,0,"auto"
"ACARA/VET School Data.qvd","VET School Data.qvd","-",NA,"AZDB-AUE-PRD-NIAADL01.ACARA.VET School Data","Exact","Simple",FALSE,TRUE,"needs-creating","","","",15,0,0,"auto"
"ESS/CDP/CDP_Region_Kml.QVD","CDP_Region_Kml.QVD","-",NA,"AZDB-AUE-PRD-NIAADL01.ESS.CDP Region","Partial match","Missing lineage statement",FALSE,FALSE,"retarget-incomplete","ESS","TWES Site Contract","lib://Curated data Store:DataFiles/10 Landing Area/ESS/TWES Site Contract.qvd",8,38,3,"auto"
"ESS/CDP/NIAA_Region_Kml.QVD","NIAA_Region_Kml.QVD","-",NA,"AZDB-AUE-PRD-NIAADL01.ESS.CDP Region","Partial match","Missing lineage statement",FALSE,FALSE,"retarget-incomplete","ESS","TWES Site Contract","lib://Curated data Store:DataFiles/10 Landing Area/ESS/TWES Site Contract.qvd",8,38,3,"auto"
"NDIA/Temp/NDIS Funding by Individual.QVD","NDIS Funding by Individual.QVD","-",NA,"AZDB-AUE-PRD-NIAADL01.NDIA.NDIS Funding by Individual","Exact","Simple",FALSE,FALSE,"needs-creating","","","",26,0,0,"auto"
"NDIA/Temp/NDIS Funding by Location.QVD","NDIS Funding by Location.QVD","-",NA,"AZDB-AUE-PRD-NIAADL01.NDIA.NDIS Funding by Location","Exact","Simple",FALSE,FALSE,"needs-creating","","","",15,0,0,"auto"
"AURION/Temp/Organisation Staff.QVD","Organisation Staff.QVD","-",NA,"AZDB-AUE-PRD-NIAADL01.AURION.Organisation Staff","Partial match","Simple",FALSE,FALSE,"needs-creating","","","",28,0,0,"auto"
"AURION/Temp/QVD_List.QVD","QVD_List.QVD","-",NA,"AZDB-AUE-PRD-NIAADL01.FUSIONTestETL.metadata","Partial match","Missing lineage statement",FALSE,FALSE,"needs-creating","","","",8,0,0,"auto"
"NDIA/QVD_List.QVD","QVD_List.QVD","-",NA,"AZDB-AUE-PRD-NIAADL01.FUSIONTestETL.metadata","Partial match","Missing lineage statement",FALSE,FALSE,"needs-creating","","","",8,0,0,"auto"
"NDIA/Temp/QVD_List.QVD","QVD_List.QVD","-",NA,"AZDB-AUE-PRD-NIAADL01.FUSIONTestETL.metadata","Partial match","Missing lineage statement",FALSE,FALSE,"needs-creating","","","",8,0,0,"auto"
"ESS/Subs/Temp/QVD_List.QVD","QVD_List.QVD","01 QVDs - ESS QVD Builder - Subs",NA,"AZDB-AUE-PRD-NIAADL01.FUSIONTestETL.metadata","Partial match","Missing lineage statement",FALSE,FALSE,"needs-creating","","","",8,0,0,"auto"
"ESS/Subs/SUB335_ESAM_Users_Report_NIAA.QVD","SUB335_ESAM_Users_Report_NIAA.QVD","01 QVDs - ESS QVD Builder - Subs",NA,"-","No match","Missing lineage statement",FALSE,FALSE,"unmapped","","","",0,0,0,"auto"
"ESS/Subs/Temp/SUB335_ESAM_Users_Report_NIAA.QVD","SUB335_ESAM_Users_Report_NIAA.QVD","01 QVDs - ESS QVD Builder - Subs",NA,"-","No match","Missing lineage statement",FALSE,FALSE,"unmapped","","","",0,0,0,"auto"
"ESS/Subs/SUB335_ESAM_Users_Report.QVD","SUB335_ESAM_Users_Report.QVD","01 QVDs - ESS QVD Builder - Subs",NA,"-","No match","Missing lineage statement",FALSE,FALSE,"unmapped","","","",0,0,0,"auto"
"ESS/Subs/Temp/SUB335_ESAM_Users_Report.QVD","SUB335_ESAM_Users_Report.QVD","01 QVDs - ESS QVD Builder - Subs",NA,"-","No match","Missing lineage statement",FALSE,FALSE,"unmapped","","","",0,0,0,"auto"
"ESS/Subs/SUB801_CDP_CRP_HISTORY_NIAA.QVD","SUB801_CDP_CRP_HISTORY_NIAA.QVD","01 QVDs - ESS QVD Builder - Subs",NA,"AZDB-AUE-PRD-NIAADL01.ESS.SUB801_CDP_CRP_HISTORY_NIAA","Exact","Simple",FALSE,FALSE,"retarget-incomplete","ESS","TWES CRP","lib://Curated data Store:DataFiles/10 Landing Area/ESS/TWES CRP.qvd",28,26,14,"auto"
"ESS/Subs/Temp/SUB801_CDP_CRP_HISTORY_NIAA.QVD","SUB801_CDP_CRP_HISTORY_NIAA.QVD","01 QVDs - ESS QVD Builder - Subs",NA,"AZDB-AUE-PRD-NIAADL01.ESS.SUB801_CDP_CRP_HISTORY_NIAA","Exact","Simple",FALSE,FALSE,"retarget-incomplete","ESS","TWES CRP","lib://Curated data Store:DataFiles/10 Landing Area/ESS/TWES CRP.qvd",28,26,14,"auto"
"ESS/Subs/SUB802_CDP_CR_HISTORY_NIAA.QVD","SUB802_CDP_CR_HISTORY_NIAA.QVD","01 QVDs - ESS QVD Builder - Subs",NA,"AZDB-AUE-PRD-NIAADL01.ESS.SUB802_CDP_CR_HISTORY_NIAA","Exact","Simple",FALSE,FALSE,"retarget-incomplete","ESS","TWES CRP","lib://Curated data Store:DataFiles/10 Landing Area/ESS/TWES CRP.qvd",19,26,11,"auto"
"ESS/Subs/Temp/SUB802_CDP_CR_HISTORY_NIAA.QVD","SUB802_CDP_CR_HISTORY_NIAA.QVD","01 QVDs - ESS QVD Builder - Subs",NA,"AZDB-AUE-PRD-NIAADL01.ESS.SUB802_CDP_CR_HISTORY_NIAA","Exact","Simple",FALSE,FALSE,"retarget-incomplete","ESS","TWES CRP","lib://Curated data Store:DataFiles/10 Landing Area/ESS/TWES CRP.qvd",19,26,11,"auto"
"ESS/Subs/SUB803_IEP_PAYMENTS_NIAA_MANUAL.QVD","SUB803_IEP_PAYMENTS_NIAA_MANUAL.QVD","01 QVDs - ESS QVD Builder - Subs",NA,"-","No match","Missing lineage statement",FALSE,FALSE,"unmapped","","","",0,0,0,"auto"
"ESS/Subs/Temp/SUB803_IEP_PAYMENTS_NIAA_MANUAL.QVD","SUB803_IEP_PAYMENTS_NIAA_MANUAL.QVD","01 QVDs - ESS QVD Builder - Subs",NA,"-","No match","Missing lineage statement",FALSE,FALSE,"unmapped","","","",0,0,0,"auto"
"ESS/Subs/SUB803_IEP_PAYMENTS_NIAA.QVD","SUB803_IEP_PAYMENTS_NIAA.QVD","01 QVDs - ESS QVD Builder - Subs",NA,"AZDB-AUE-PRD-NIAADL01.ESS.SUB803_IEP_PAYMENTS_NIAA","Exact","Simple",FALSE,FALSE,"retarget-incomplete","ESS","IEP Claim Payments","lib://Curated data Store:DataFiles/10 Landing Area/ESS/IEP Claim Payments.qvd",46,22,31,"auto"
"ESS/Subs/Temp/SUB803_IEP_PAYMENTS_NIAA.QVD","SUB803_IEP_PAYMENTS_NIAA.QVD","01 QVDs - ESS QVD Builder - Subs",NA,"AZDB-AUE-PRD-NIAADL01.ESS.SUB803_IEP_PAYMENTS_NIAA","Exact","Simple",FALSE,FALSE,"retarget-incomplete","ESS","IEP Claim Payments","lib://Curated data Store:DataFiles/10 Landing Area/ESS/IEP Claim Payments.qvd",46,22,31,"auto"
"ESS/Subs/SUB804_IEP_PROJECT_HISTORY_NIAA.QVD","SUB804_IEP_PROJECT_HISTORY_NIAA.QVD","01 QVDs - ESS QVD Builder - Subs",NA,"AZDB-AUE-PRD-NIAADL01.ESS.SUB804_IEP_PROJECT_HISTORY_NIAA","Exact","Simple",FALSE,FALSE,"retarget-incomplete","ESS","IEP Activity","lib://Curated data Store:DataFiles/10 Landing Area/ESS/IEP Activity.qvd",44,53,16,"auto"
"ESS/Subs/Temp/SUB804_IEP_PROJECT_HISTORY_NIAA.QVD","SUB804_IEP_PROJECT_HISTORY_NIAA.QVD","01 QVDs - ESS QVD Builder - Subs",NA,"AZDB-AUE-PRD-NIAADL01.ESS.SUB804_IEP_PROJECT_HISTORY_NIAA","Exact","Simple",FALSE,FALSE,"retarget-incomplete","ESS","IEP Activity","lib://Curated data Store:DataFiles/10 Landing Area/ESS/IEP Activity.qvd",44,53,16,"auto"
"ESS/Subs/SUB805_IEP_PROJECT_LOCATION_HISTORY_NIAA.QVD","SUB805_IEP_PROJECT_LOCATION_HISTORY_NIAA.QVD","01 QVDs - ESS QVD Builder - Subs",NA,"AZDB-AUE-PRD-NIAADL01.ESS.SUB805_IEP_PROJECT_LOCATION_HISTORY_NIAA","Exact","Simple",FALSE,FALSE,"needs-import","ess","iep locations","",17,0,0,"auto"
"ESS/Subs/Temp/SUB805_IEP_PROJECT_LOCATION_HISTORY_NIAA.QVD","SUB805_IEP_PROJECT_LOCATION_HISTORY_NIAA.QVD","01 QVDs - ESS QVD Builder - Subs",NA,"AZDB-AUE-PRD-NIAADL01.ESS.SUB805_IEP_PROJECT_LOCATION_HISTORY_NIAA","Exact","Simple",FALSE,FALSE,"needs-import","ess","iep locations","",17,0,0,"auto"
"ESS/Subs/SUB806_IEP_PROJECT_PLACEMENT_HISTORY_NIAA.QVD","SUB806_IEP_PROJECT_PLACEMENT_HISTORY_NIAA.QVD","01 QVDs - ESS QVD Builder - Subs",NA,"AZDB-AUE-PRD-NIAADL01.ESS.SUB806_IEP_PROJECT_PLACEMENT_HISTORY_NIAA","Exact","Simple",FALSE,FALSE,"retarget-incomplete","ESS","FUSION IEP Location","lib://Curated data Store:DataFiles/10 Landing Area/ESS/FUSION IEP Location.qvd",42,37,33,"auto"
"ESS/Subs/Temp/SUB806_IEP_PROJECT_PLACEMENT_HISTORY_NIAA.QVD","SUB806_IEP_PROJECT_PLACEMENT_HISTORY_NIAA.QVD","01 QVDs - ESS QVD Builder - Subs",NA,"AZDB-AUE-PRD-NIAADL01.ESS.SUB806_IEP_PROJECT_PLACEMENT_HISTORY_NIAA","Exact","Simple",FALSE,FALSE,"retarget-incomplete","ESS","FUSION IEP Location","lib://Curated data Store:DataFiles/10 Landing Area/ESS/FUSION IEP Location.qvd",42,37,33,"auto"
"ESS/Subs/SUB807_IEP_EXITED_PLACEMENT_HISTORY_NIAA.QVD","SUB807_IEP_EXITED_PLACEMENT_HISTORY_NIAA.QVD","01 QVDs - ESS QVD Builder - Subs",NA,"AZDB-AUE-PRD-NIAADL01.ESS.SUB807_IEP_EXITED_PLACEMENT_HISTORY_NIAA","Exact","Simple",FALSE,FALSE,"needs-creating","","","",14,0,0,"auto"
"ESS/Subs/Temp/SUB807_IEP_EXITED_PLACEMENT_HISTORY_NIAA.QVD","SUB807_IEP_EXITED_PLACEMENT_HISTORY_NIAA.QVD","01 QVDs - ESS QVD Builder - Subs",NA,"AZDB-AUE-PRD-NIAADL01.ESS.SUB807_IEP_EXITED_PLACEMENT_HISTORY_NIAA","Exact","Simple",FALSE,FALSE,"needs-creating","","","",14,0,0,"auto"
"ESS/Subs/SUB808_IEP_PLACEMENT_GROUP_HISTORY_NIAA.QVD","SUB808_IEP_PLACEMENT_GROUP_HISTORY_NIAA.QVD","01 QVDs - ESS QVD Builder - Subs",NA,"AZDB-AUE-PRD-NIAADL01.ESS.SUB808_IEP_PLACEMENT_GROUP_HISTORY_NIAA","Exact","Simple",FALSE,FALSE,"retarget-incomplete","ESS","IEP Grant Estimated Expenditure FY","lib://Curated data Store:DataFiles/10 Landing Area/ESS/IEP Grant Estimated Expenditure FY.qvd",17,55,11,"auto"
"ESS/Subs/Temp/SUB808_IEP_PLACEMENT_GROUP_HISTORY_NIAA.QVD","SUB808_IEP_PLACEMENT_GROUP_HISTORY_NIAA.QVD","01 QVDs - ESS QVD Builder - Subs",NA,"AZDB-AUE-PRD-NIAADL01.ESS.SUB808_IEP_PLACEMENT_GROUP_HISTORY_NIAA","Exact","Simple",FALSE,FALSE,"retarget-incomplete","ESS","IEP Grant Estimated Expenditure FY","lib://Curated data Store:DataFiles/10 Landing Area/ESS/IEP Grant Estimated Expenditure FY.qvd",17,55,11,"auto"
"ESS/Subs/SUB809_IEP_MILESTONE_HISTORY_NIAA.QVD","SUB809_IEP_MILESTONE_HISTORY_NIAA.QVD","01 QVDs - ESS QVD Builder - Subs",NA,"AZDB-AUE-PRD-NIAADL01.ESS.SUB809_IEP_MILESTONE_HISTORY_NIAA","Exact","Simple",FALSE,FALSE,"retarget-incomplete","ESS","IEP Milestone","lib://Curated data Store:DataFiles/10 Landing Area/ESS/IEP Milestone.qvd",18,31,9,"auto"
"ESS/Subs/Temp/SUB809_IEP_MILESTONE_HISTORY_NIAA.QVD","SUB809_IEP_MILESTONE_HISTORY_NIAA.QVD","01 QVDs - ESS QVD Builder - Subs",NA,"AZDB-AUE-PRD-NIAADL01.ESS.SUB809_IEP_MILESTONE_HISTORY_NIAA","Exact","Simple",FALSE,FALSE,"retarget-incomplete","ESS","IEP Milestone","lib://Curated data Store:DataFiles/10 Landing Area/ESS/IEP Milestone.qvd",18,31,9,"auto"
"ESS/Subs/SUB810_IEP_OUTCOME_HISTORY_NIAA.QVD","SUB810_IEP_OUTCOME_HISTORY_NIAA.QVD","01 QVDs - ESS QVD Builder - Subs",NA,"AZDB-AUE-PRD-NIAADL01.ESS.SUB810_IEP_OUTCOME_HISTORY_NIAA","Exact","Simple",FALSE,FALSE,"retarget-incomplete","ESS","IEP Claim Payments","lib://Curated data Store:DataFiles/10 Landing Area/ESS/IEP Claim Payments.qvd",23,22,14,"auto"
"ESS/Subs/Temp/SUB810_IEP_OUTCOME_HISTORY_NIAA.QVD","SUB810_IEP_OUTCOME_HISTORY_NIAA.QVD","01 QVDs - ESS QVD Builder - Subs",NA,"AZDB-AUE-PRD-NIAADL01.ESS.SUB810_IEP_OUTCOME_HISTORY_NIAA","Exact","Simple",FALSE,FALSE,"retarget-incomplete","ESS","IEP Claim Payments","lib://Curated data Store:DataFiles/10 Landing Area/ESS/IEP Claim Payments.qvd",23,22,14,"auto"
"ESS/Subs/SUB811_LOOKUP_ADW_CODE_NIAA.QVD","SUB811_LOOKUP_ADW_CODE_NIAA.QVD","01 QVDs - ESS QVD Builder - Subs",NA,"AZDB-AUE-PRD-NIAADL01.ESS.SUB811_LOOKUP_ADW_CODE_NIAA","Exact","Simple",FALSE,FALSE,"retarget","ESS","IEP Activity","lib://Curated data Store:DataFiles/10 Landing Area/ESS/IEP Activity.qvd",13,53,0,"auto"
"ESS/Subs/Temp/SUB811_LOOKUP_ADW_CODE_NIAA.QVD","SUB811_LOOKUP_ADW_CODE_NIAA.QVD","01 QVDs - ESS QVD Builder - Subs",NA,"AZDB-AUE-PRD-NIAADL01.ESS.SUB811_LOOKUP_ADW_CODE_NIAA","Exact","Simple",FALSE,FALSE,"retarget","ESS","IEP Activity","lib://Curated data Store:DataFiles/10 Landing Area/ESS/IEP Activity.qvd",13,53,0,"auto"
"ESS/Subs/SUB812_PROVIDER_ADDRESS_NIAA.QVD","SUB812_PROVIDER_ADDRESS_NIAA.QVD","01 QVDs - ESS QVD Builder - Subs",NA,"AZDB-AUE-PRD-NIAADL01.ESS.SUB812_PROVIDER_ADDRESS_NIAA","Exact","Simple",FALSE,FALSE,"retarget-incomplete","ESS","FUSION IEP Activity","lib://Curated data Store:DataFiles/10 Landing Area/ESS/FUSION IEP Activity.qvd",16,68,6,"auto"
"ESS/Subs/Temp/SUB812_PROVIDER_ADDRESS_NIAA.QVD","SUB812_PROVIDER_ADDRESS_NIAA.QVD","01 QVDs - ESS QVD Builder - Subs",NA,"AZDB-AUE-PRD-NIAADL01.ESS.SUB812_PROVIDER_ADDRESS_NIAA","Exact","Simple",FALSE,FALSE,"retarget-incomplete","ESS","FUSION IEP Activity","lib://Curated data Store:DataFiles/10 Landing Area/ESS/FUSION IEP Activity.qvd",16,68,6,"auto"
"ESS/Subs/SUB813_PROVIDER_ADDRESS_MAPPING_NIAA.QVD","SUB813_PROVIDER_ADDRESS_MAPPING_NIAA.QVD","01 QVDs - ESS QVD Builder - Subs",NA,"AZDB-AUE-PRD-NIAADL01.ESS.SUB813_PROVIDER_ADDRESS_MAPPING_NIAA","Exact","Simple",FALSE,FALSE,"retarget-incomplete","ESS","FUSION IEP Activity","lib://Curated data Store:DataFiles/10 Landing Area/ESS/FUSION IEP Activity.qvd",13,68,7,"auto"
"ESS/Subs/Temp/SUB813_PROVIDER_ADDRESS_MAPPING_NIAA.QVD","SUB813_PROVIDER_ADDRESS_MAPPING_NIAA.QVD","01 QVDs - ESS QVD Builder - Subs",NA,"AZDB-AUE-PRD-NIAADL01.ESS.SUB813_PROVIDER_ADDRESS_MAPPING_NIAA","Exact","Simple",FALSE,FALSE,"retarget-incomplete","ESS","FUSION IEP Activity","lib://Curated data Store:DataFiles/10 Landing Area/ESS/FUSION IEP Activity.qvd",13,68,7,"auto"
"ESS/Subs/SUB814_JOBSEEKER_NIAA_GEOCODE - Old.QVD","SUB814_JOBSEEKER_NIAA_GEOCODE - Old.QVD","01 QVDs - ESS QVD Builder - Subs",NA,"-","No match","Missing lineage statement",FALSE,FALSE,"unmapped","","","",0,0,0,"auto"
"ESS/Subs/Temp/SUB814_JOBSEEKER_NIAA_GEOCODE - Old.QVD","SUB814_JOBSEEKER_NIAA_GEOCODE - Old.QVD","01 QVDs - ESS QVD Builder - Subs",NA,"-","No match","Missing lineage statement",FALSE,FALSE,"unmapped","","","",0,0,0,"auto"
"ESS/Subs/SUB814_JOBSEEKER_NIAA_GEOCODE_20230127.QVD","SUB814_JOBSEEKER_NIAA_GEOCODE_20230127.QVD","01 QVDs - ESS QVD Builder - Subs",NA,"-","No match","Missing lineage statement",FALSE,FALSE,"unmapped","","","",0,0,0,"auto"
"ESS/Subs/Temp/SUB814_JOBSEEKER_NIAA_GEOCODE_20230127.QVD","SUB814_JOBSEEKER_NIAA_GEOCODE_20230127.QVD","01 QVDs - ESS QVD Builder - Subs",NA,"-","No match","Missing lineage statement",FALSE,FALSE,"unmapped","","","",0,0,0,"auto"
"ESS/Subs/SUB814_JOBSEEKER_NIAA_GEOCODE.QVD","SUB814_JOBSEEKER_NIAA_GEOCODE.QVD","01 QVDs - ESS QVD Builder - Subs",NA,"-","No match","Missing lineage statement",FALSE,FALSE,"unmapped","","","",0,0,0,"auto"
"ESS/Subs/Temp/SUB814_JOBSEEKER_NIAA_GEOCODE.QVD","SUB814_JOBSEEKER_NIAA_GEOCODE.QVD","01 QVDs - ESS QVD Builder - Subs",NA,"-","No match","Missing lineage statement",FALSE,FALSE,"unmapped","","","",0,0,0,"auto"
"ESS/Subs/SUB814_JOBSEEKER_NIAA.QVD","SUB814_JOBSEEKER_NIAA.QVD","01 QVDs - ESS QVD Builder - Subs",NA,"AZDB-AUE-PRD-NIAADL01.ESS.SUB814_JOBSEEKER_NIAA","Exact","Simple",FALSE,FALSE,"retarget-incomplete","ESS","CDP Job Seeker","lib://Curated data Store:DataFiles/10 Landing Area/ESS/CDP Job Seeker.qvd",49,51,27,"auto"
"ESS/Subs/Temp/SUB814_JOBSEEKER_NIAA.QVD","SUB814_JOBSEEKER_NIAA.QVD","01 QVDs - ESS QVD Builder - Subs",NA,"AZDB-AUE-PRD-NIAADL01.ESS.SUB814_JOBSEEKER_NIAA","Exact","Simple",FALSE,FALSE,"retarget-incomplete","ESS","CDP Job Seeker","lib://Curated data Store:DataFiles/10 Landing Area/ESS/CDP Job Seeker.qvd",49,51,27,"auto"
"ESS/Subs/SUB814S_JOBSEEKER_NIAA.QVD","SUB814S_JOBSEEKER_NIAA.QVD","01 QVDs - ESS QVD Builder - Subs",NA,"-","No match","Missing lineage statement",FALSE,FALSE,"unmapped","","","",0,0,0,"auto"
"ESS/Subs/Temp/SUB814S_JOBSEEKER_NIAA.QVD","SUB814S_JOBSEEKER_NIAA.QVD","01 QVDs - ESS QVD Builder - Subs",NA,"-","No match","Missing lineage statement",FALSE,FALSE,"unmapped","","","",0,0,0,"auto"
"ESS/Subs/SUB815_PROVIDER_PRE_ESSWEB_NIAA.QVD","SUB815_PROVIDER_PRE_ESSWEB_NIAA.QVD","01 QVDs - ESS QVD Builder - Subs",NA,"AZDB-AUE-PRD-NIAADL01.ESS.SUB815_PROVIDER_PRE_ESSWEB_NIAA","Exact","Simple",FALSE,FALSE,"retarget-incomplete","ESS","FUSION CDP Activity","lib://Curated data Store:DataFiles/10 Landing Area/ESS/FUSION CDP Activity.qvd",61,44,43,"auto"
"ESS/Subs/Temp/SUB815_PROVIDER_PRE_ESSWEB_NIAA.QVD","SUB815_PROVIDER_PRE_ESSWEB_NIAA.QVD","01 QVDs - ESS QVD Builder - Subs",NA,"AZDB-AUE-PRD-NIAADL01.ESS.SUB815_PROVIDER_PRE_ESSWEB_NIAA","Exact","Simple",FALSE,FALSE,"retarget-incomplete","ESS","FUSION CDP Activity","lib://Curated data Store:DataFiles/10 Landing Area/ESS/FUSION CDP Activity.qvd",61,44,43,"auto"
"ESS/Subs/SUB816_PROVIDER_NIAA.QVD","SUB816_PROVIDER_NIAA.QVD","01 QVDs - ESS QVD Builder - Subs",NA,"AZDB-AUE-PRD-NIAADL01.ESS.SUB816_PROVIDER_NIAA","Exact","Simple",FALSE,FALSE,"retarget-incomplete","ESS","CDP Organisation","lib://Curated data Store:DataFiles/10 Landing Area/ESS/CDP Organisation.qvd",42,36,30,"auto"
"ESS/Subs/Temp/SUB816_PROVIDER_NIAA.QVD","SUB816_PROVIDER_NIAA.QVD","01 QVDs - ESS QVD Builder - Subs",NA,"AZDB-AUE-PRD-NIAADL01.ESS.SUB816_PROVIDER_NIAA","Exact","Simple",FALSE,FALSE,"retarget-incomplete","ESS","CDP Organisation","lib://Curated data Store:DataFiles/10 Landing Area/ESS/CDP Organisation.qvd",42,36,30,"auto"
"ESS/Subs/SUB817_IEP_PROJECT_CONTACT_NIAA.QVD","SUB817_IEP_PROJECT_CONTACT_NIAA.QVD","01 QVDs - ESS QVD Builder - Subs",NA,"AZDB-AUE-PRD-NIAADL01.ESS.SUB817_IEP_PROJECT_CONTACT_NIAA","Exact","Simple",FALSE,FALSE,"retarget-incomplete","ESS","FUSION IEP Activity","lib://Curated data Store:DataFiles/10 Landing Area/ESS/FUSION IEP Activity.qvd",25,68,10,"auto"
"ESS/Subs/Temp/SUB817_IEP_PROJECT_CONTACT_NIAA.QVD","SUB817_IEP_PROJECT_CONTACT_NIAA.QVD","01 QVDs - ESS QVD Builder - Subs",NA,"AZDB-AUE-PRD-NIAADL01.ESS.SUB817_IEP_PROJECT_CONTACT_NIAA","Exact","Simple",FALSE,FALSE,"retarget-incomplete","ESS","FUSION IEP Activity","lib://Curated data Store:DataFiles/10 Landing Area/ESS/FUSION IEP Activity.qvd",25,68,10,"auto"
"ESS/Subs/SUB818_LKP_DIM_SUBURB_GEOCODED_NIAA.QVD","SUB818_LKP_DIM_SUBURB_GEOCODED_NIAA.QVD","01 QVDs - ESS QVD Builder - Subs",NA,"AZDB-AUE-PRD-NIAADL01.ESS.SUB818_LKP_DIM_SUBURB_GEOCODED_NIAA","Exact","Simple",FALSE,FALSE,"retarget-incomplete","ESS","Locality","lib://Curated data Store:DataFiles/10 Landing Area/ESS/Locality.qvd",77,7,70,"auto"
"ESS/Subs/Temp/SUB818_LKP_DIM_SUBURB_GEOCODED_NIAA.QVD","SUB818_LKP_DIM_SUBURB_GEOCODED_NIAA.QVD","01 QVDs - ESS QVD Builder - Subs",NA,"AZDB-AUE-PRD-NIAADL01.ESS.SUB818_LKP_DIM_SUBURB_GEOCODED_NIAA","Exact","Simple",FALSE,FALSE,"retarget-incomplete","ESS","Locality","lib://Curated data Store:DataFiles/10 Landing Area/ESS/Locality.qvd",77,7,70,"auto"
"ESS/Subs/SUB818_LKP_DIM_SUBURB_GEOCODED.QVD","SUB818_LKP_DIM_SUBURB_GEOCODED.QVD","01 QVDs - ESS QVD Builder - Subs",NA,"-","No match","Missing lineage statement",FALSE,FALSE,"unmapped","","","",0,0,0,"auto"
"ESS/Subs/Temp/SUB818_LKP_DIM_SUBURB_GEOCODED.QVD","SUB818_LKP_DIM_SUBURB_GEOCODED.QVD","01 QVDs - ESS QVD Builder - Subs",NA,"-","No match","Missing lineage statement",FALSE,FALSE,"unmapped","","","",0,0,0,"auto"
"ESS/Subs/SUB819_CDP_ACTIVITY_REFERRAL_NIAA.QVD","SUB819_CDP_ACTIVITY_REFERRAL_NIAA.QVD","01 QVDs - ESS QVD Builder - Subs",NA,"AZDB-AUE-PRD-NIAADL01.ESS.SUB819_CDP_ACTIVITY_REFERRAL_NIAA","Exact","Simple",FALSE,FALSE,"retarget-incomplete","ESS","CDP Activity Referral Placement","lib://Curated data Store:DataFiles/10 Landing Area/ESS/CDP Activity Referral Placement.qvd",42,24,21,"auto"
"ESS/Subs/Temp/SUB819_CDP_ACTIVITY_REFERRAL_NIAA.QVD","SUB819_CDP_ACTIVITY_REFERRAL_NIAA.QVD","01 QVDs - ESS QVD Builder - Subs",NA,"AZDB-AUE-PRD-NIAADL01.ESS.SUB819_CDP_ACTIVITY_REFERRAL_NIAA","Exact","Simple",FALSE,FALSE,"retarget-incomplete","ESS","CDP Activity Referral Placement","lib://Curated data Store:DataFiles/10 Landing Area/ESS/CDP Activity Referral Placement.qvd",42,24,21,"auto"
"ESS/Subs/SUB820_CDP_TOWD_NIAA.QVD","SUB820_CDP_TOWD_NIAA.QVD","01 QVDs - ESS QVD Builder - Subs",NA,"AZDB-AUE-PRD-NIAADL01.ESS.SUB820_CDP_TOWD_NIAA","Exact","Simple",FALSE,FALSE,"needs-creating","","","",19,0,0,"auto"
"ESS/Subs/Temp/SUB820_CDP_TOWD_NIAA.QVD","SUB820_CDP_TOWD_NIAA.QVD","01 QVDs - ESS QVD Builder - Subs",NA,"AZDB-AUE-PRD-NIAADL01.ESS.SUB820_CDP_TOWD_NIAA","Exact","Simple",FALSE,FALSE,"needs-creating","","","",19,0,0,"auto"
"ESS/Subs/SUB821_JS_BARRIER_NIAA.QVD","SUB821_JS_BARRIER_NIAA.QVD","01 QVDs - ESS QVD Builder - Subs",NA,"AZDB-AUE-PRD-NIAADL01.ESS.SUB821_JS_BARRIER_NIAA","Exact","Simple",FALSE,FALSE,"retarget-incomplete","ESS","For NLP CDP Barrier","lib://Curated data Store:DataFiles/10 Landing Area/ESS/For NLP CDP Barrier.qvd",34,38,21,"auto"
"ESS/Subs/Temp/SUB821_JS_BARRIER_NIAA.QVD","SUB821_JS_BARRIER_NIAA.QVD","01 QVDs - ESS QVD Builder - Subs",NA,"AZDB-AUE-PRD-NIAADL01.ESS.SUB821_JS_BARRIER_NIAA","Exact","Simple",FALSE,FALSE,"retarget-incomplete","ESS","For NLP CDP Barrier","lib://Curated data Store:DataFiles/10 Landing Area/ESS/For NLP CDP Barrier.qvd",34,38,21,"auto"
"ESS/Subs/SUB822_JS_PLN_ITM_BARRIER_NIAA.QVD","SUB822_JS_PLN_ITM_BARRIER_NIAA.QVD","01 QVDs - ESS QVD Builder - Subs",NA,"-","No match","Missing lineage statement",FALSE,FALSE,"unmapped","","","",0,0,0,"auto"
"ESS/Subs/Temp/SUB822_JS_PLN_ITM_BARRIER_NIAA.QVD","SUB822_JS_PLN_ITM_BARRIER_NIAA.QVD","01 QVDs - ESS QVD Builder - Subs",NA,"-","No match","Missing lineage statement",FALSE,FALSE,"unmapped","","","",0,0,0,"auto"
"ESS/Subs/SUB823_JOB_PLAN_NIAA.QVD","SUB823_JOB_PLAN_NIAA.QVD","01 QVDs - ESS QVD Builder - Subs",NA,"-","No match","Missing lineage statement",FALSE,FALSE,"unmapped","","","",0,0,0,"auto"
"ESS/Subs/Temp/SUB823_JOB_PLAN_NIAA.QVD","SUB823_JOB_PLAN_NIAA.QVD","01 QVDs - ESS QVD Builder - Subs",NA,"-","No match","Missing lineage statement",FALSE,FALSE,"unmapped","","","",0,0,0,"auto"
"ESS/Subs/SUB824_JOB_PLAN_ITEM_NIAA.QVD","SUB824_JOB_PLAN_ITEM_NIAA.QVD","01 QVDs - ESS QVD Builder - Subs",NA,"-","No match","Missing lineage statement",FALSE,FALSE,"unmapped","","","",0,0,0,"auto"
"ESS/Subs/Temp/SUB824_JOB_PLAN_ITEM_NIAA.QVD","SUB824_JOB_PLAN_ITEM_NIAA.QVD","01 QVDs - ESS QVD Builder - Subs",NA,"-","No match","Missing lineage statement",FALSE,FALSE,"unmapped","","","",0,0,0,"auto"
"ESS/Subs/SUB825_JOB_PLAN_ITEM_DTL_NIAA.QVD","SUB825_JOB_PLAN_ITEM_DTL_NIAA.QVD","01 QVDs - ESS QVD Builder - Subs",NA,"-","No match","Missing lineage statement",FALSE,FALSE,"unmapped","","","",0,0,0,"auto"
"ESS/Subs/Temp/SUB825_JOB_PLAN_ITEM_DTL_NIAA.QVD","SUB825_JOB_PLAN_ITEM_DTL_NIAA.QVD","01 QVDs - ESS QVD Builder - Subs",NA,"-","No match","Missing lineage statement",FALSE,FALSE,"unmapped","","","",0,0,0,"auto"
"ESS/Subs/SUB826_SITE_CONTRACT_NIAA.QVD","SUB826_SITE_CONTRACT_NIAA.QVD","01 QVDs - ESS QVD Builder - Subs",NA,"AZDB-AUE-PRD-NIAADL01.ESS.SUB826_SITE_CONTRACT_NIAA","Exact","Simple",FALSE,FALSE,"retarget-incomplete","ESS","CDP Site Contract","lib://Curated data Store:DataFiles/10 Landing Area/ESS/CDP Site Contract.qvd",30,39,12,"auto"
"ESS/Subs/Temp/SUB826_SITE_CONTRACT_NIAA.QVD","SUB826_SITE_CONTRACT_NIAA.QVD","01 QVDs - ESS QVD Builder - Subs",NA,"AZDB-AUE-PRD-NIAADL01.ESS.SUB826_SITE_CONTRACT_NIAA","Exact","Simple",FALSE,FALSE,"retarget-incomplete","ESS","CDP Site Contract","lib://Curated data Store:DataFiles/10 Landing Area/ESS/CDP Site Contract.qvd",30,39,12,"auto"
"ESS/Subs/SUB827_VACANCY_NIAA.QVD","SUB827_VACANCY_NIAA.QVD","01 QVDs - ESS QVD Builder - Subs",NA,"AZDB-AUE-PRD-NIAADL01.ESS.SUB827_VACANCY_NIAA","Exact","Simple",FALSE,FALSE,"retarget-incomplete","ESS","CDP Vacancy","lib://Curated data Store:DataFiles/10 Landing Area/ESS/CDP Vacancy.qvd",50,50,28,"auto"
"ESS/Subs/Temp/SUB827_VACANCY_NIAA.QVD","SUB827_VACANCY_NIAA.QVD","01 QVDs - ESS QVD Builder - Subs",NA,"AZDB-AUE-PRD-NIAADL01.ESS.SUB827_VACANCY_NIAA","Exact","Simple",FALSE,FALSE,"retarget-incomplete","ESS","CDP Vacancy","lib://Curated data Store:DataFiles/10 Landing Area/ESS/CDP Vacancy.qvd",50,50,28,"auto"
"ESS/Subs/SUB828_VACANCY_REFERRAL_NIAA.QVD","SUB828_VACANCY_REFERRAL_NIAA.QVD","01 QVDs - ESS QVD Builder - Subs",NA,"AZDB-AUE-PRD-NIAADL01.ESS.SUB828_VACANCY_REFERRAL_NIAA","Exact","Simple",FALSE,FALSE,"retarget-incomplete","ESS","CDP Employment Placement History_obsolete","lib://Curated data Store:DataFiles/10 Landing Area/ESS/CDP Employment Placement History_obsolete.qvd",45,34,28,"auto"
"ESS/Subs/Temp/SUB828_VACANCY_REFERRAL_NIAA.QVD","SUB828_VACANCY_REFERRAL_NIAA.QVD","01 QVDs - ESS QVD Builder - Subs",NA,"AZDB-AUE-PRD-NIAADL01.ESS.SUB828_VACANCY_REFERRAL_NIAA","Exact","Simple",FALSE,FALSE,"retarget-incomplete","ESS","CDP Employment Placement History_obsolete","lib://Curated data Store:DataFiles/10 Landing Area/ESS/CDP Employment Placement History_obsolete.qvd",45,34,28,"auto"
"ESS/Subs/SUB829_VACANCY_REFERRAL_END_DT_NIAA.QVD","SUB829_VACANCY_REFERRAL_END_DT_NIAA.QVD","01 QVDs - ESS QVD Builder - Subs",NA,"AZDB-AUE-PRD-NIAADL01.ESS.SUB829_VACANCY_REFERRAL_END_DT_NIAA","Exact","Simple",FALSE,FALSE,"retarget-incomplete","ESS","CDP Employment Placement History_obsolete","lib://Curated data Store:DataFiles/10 Landing Area/ESS/CDP Employment Placement History_obsolete.qvd",9,34,3,"auto"
"ESS/Subs/Temp/SUB829_VACANCY_REFERRAL_END_DT_NIAA.QVD","SUB829_VACANCY_REFERRAL_END_DT_NIAA.QVD","01 QVDs - ESS QVD Builder - Subs",NA,"AZDB-AUE-PRD-NIAADL01.ESS.SUB829_VACANCY_REFERRAL_END_DT_NIAA","Exact","Simple",FALSE,FALSE,"retarget-incomplete","ESS","CDP Employment Placement History_obsolete","lib://Curated data Store:DataFiles/10 Landing Area/ESS/CDP Employment Placement History_obsolete.qvd",9,34,3,"auto"
"ESS/Subs/SUB830_VDEN_VACANCY_NIAA.QVD","SUB830_VDEN_VACANCY_NIAA.QVD","01 QVDs - ESS QVD Builder - Subs",NA,"AZDB-AUE-PRD-NIAADL01.ESS.SUB830_VDEN_VACANCY_NIAA","Exact","Simple",FALSE,FALSE,"needs-creating","","","",48,0,0,"auto"
"ESS/Subs/Temp/SUB830_VDEN_VACANCY_NIAA.QVD","SUB830_VDEN_VACANCY_NIAA.QVD","01 QVDs - ESS QVD Builder - Subs",NA,"AZDB-AUE-PRD-NIAADL01.ESS.SUB830_VDEN_VACANCY_NIAA","Exact","Simple",FALSE,FALSE,"needs-creating","","","",48,0,0,"auto"
"ESS/Subs/SUB831_EMPLOYER_NIAA.QVD","SUB831_EMPLOYER_NIAA.QVD","01 QVDs - ESS QVD Builder - Subs",NA,"AZDB-AUE-PRD-NIAADL01.ESS.SUB831_EMPLOYER_NIAA","Exact","Simple",FALSE,FALSE,"retarget-incomplete","ESS","CDP Vacancy","lib://Curated data Store:DataFiles/10 Landing Area/ESS/CDP Vacancy.qvd",33,50,24,"auto"
"ESS/Subs/Temp/SUB831_EMPLOYER_NIAA.QVD","SUB831_EMPLOYER_NIAA.QVD","01 QVDs - ESS QVD Builder - Subs",NA,"AZDB-AUE-PRD-NIAADL01.ESS.SUB831_EMPLOYER_NIAA","Exact","Simple",FALSE,FALSE,"retarget-incomplete","ESS","CDP Vacancy","lib://Curated data Store:DataFiles/10 Landing Area/ESS/CDP Vacancy.qvd",33,50,24,"auto"
"ESS/Subs/SUB832_EMPLOYER_DEN_NIAA.QVD","SUB832_EMPLOYER_DEN_NIAA.QVD","01 QVDs - ESS QVD Builder - Subs",NA,"AZDB-AUE-PRD-NIAADL01.ESS.SUB832_EMPLOYER_DEN_NIAA","Exact","Simple",FALSE,FALSE,"needs-creating","","","",35,0,0,"auto"
"ESS/Subs/Temp/SUB832_EMPLOYER_DEN_NIAA.QVD","SUB832_EMPLOYER_DEN_NIAA.QVD","01 QVDs - ESS QVD Builder - Subs",NA,"AZDB-AUE-PRD-NIAADL01.ESS.SUB832_EMPLOYER_DEN_NIAA","Exact","Simple",FALSE,FALSE,"needs-creating","","","",35,0,0,"auto"
"ESS/Subs/SUB833_CDP_ACTIVITY_NIAA.QVD","SUB833_CDP_ACTIVITY_NIAA.QVD","01 QVDs - ESS QVD Builder - Subs",NA,"AZDB-AUE-PRD-NIAADL01.ESS.SUB833_CDP_ACTIVITY_NIAA","Exact","Simple",FALSE,FALSE,"retarget-incomplete","ESS","CDP Activity","lib://Curated data Store:DataFiles/10 Landing Area/ESS/CDP Activity.qvd",37,22,21,"auto"
"ESS/Subs/Temp/SUB833_CDP_ACTIVITY_NIAA.QVD","SUB833_CDP_ACTIVITY_NIAA.QVD","01 QVDs - ESS QVD Builder - Subs",NA,"AZDB-AUE-PRD-NIAADL01.ESS.SUB833_CDP_ACTIVITY_NIAA","Exact","Simple",FALSE,FALSE,"retarget-incomplete","ESS","CDP Activity","lib://Curated data Store:DataFiles/10 Landing Area/ESS/CDP Activity.qvd",37,22,21,"auto"
"ESS/Subs/SUB834_CDP_JSKALLOWANCE_NIAA.QVD","SUB834_CDP_JSKALLOWANCE_NIAA.QVD","01 QVDs - ESS QVD Builder - Subs",NA,"AZDB-AUE-PRD-NIAADL01.ESS.SUB834_CDP_JSKALLOWANCE_NIAA","Exact","Simple",FALSE,FALSE,"needs-creating","","","",17,0,0,"auto"
"ESS/Subs/Temp/SUB834_CDP_JSKALLOWANCE_NIAA.QVD","SUB834_CDP_JSKALLOWANCE_NIAA.QVD","01 QVDs - ESS QVD Builder - Subs",NA,"AZDB-AUE-PRD-NIAADL01.ESS.SUB834_CDP_JSKALLOWANCE_NIAA","Exact","Simple",FALSE,FALSE,"needs-creating","","","",17,0,0,"auto"
"ESS/Subs/SUB835_CDP_JSKRATE_NIAA.QVD","SUB835_CDP_JSKRATE_NIAA.QVD","01 QVDs - ESS QVD Builder - Subs",NA,"AZDB-AUE-PRD-NIAADL01.ESS.SUB835_CDP_JSKRATE_NIAA","Exact","Simple",FALSE,FALSE,"retarget-incomplete","ESS","CDP Income Support Payment Rate","lib://Curated data Store:DataFiles/10 Landing Area/ESS/CDP Income Support Payment Rate.qvd",14,18,7,"auto"
"ESS/Subs/Temp/SUB835_CDP_JSKRATE_NIAA.QVD","SUB835_CDP_JSKRATE_NIAA.QVD","01 QVDs - ESS QVD Builder - Subs",NA,"AZDB-AUE-PRD-NIAADL01.ESS.SUB835_CDP_JSKRATE_NIAA","Exact","Simple",FALSE,FALSE,"retarget-incomplete","ESS","CDP Income Support Payment Rate","lib://Curated data Store:DataFiles/10 Landing Area/ESS/CDP Income Support Payment Rate.qvd",14,18,7,"auto"
"ESS/Subs/SUB836_CDP_JS_BARRIER_NIAA.QVD","SUB836_CDP_JS_BARRIER_NIAA.QVD","01 QVDs - ESS QVD Builder - Subs",NA,"-","No match","Missing lineage statement",FALSE,FALSE,"unmapped","","","",0,0,0,"auto"
"ESS/Subs/Temp/SUB836_CDP_JS_BARRIER_NIAA.QVD","SUB836_CDP_JS_BARRIER_NIAA.QVD","01 QVDs - ESS QVD Builder - Subs",NA,"-","No match","Missing lineage statement",FALSE,FALSE,"unmapped","","","",0,0,0,"auto"
"ESS/Subs/SUB837_CDP_DEN_JS_CHARACTERISTICS_NIAA.QVD","SUB837_CDP_DEN_JS_CHARACTERISTICS_NIAA.QVD","01 QVDs - ESS QVD Builder - Subs",NA,"AZDB-AUE-PRD-NIAADL01.ESS.SUB837_CDP_DEN_JS_CHARACTERISTICS_NIAA","Exact","Simple",FALSE,FALSE,"needs-creating","","","",56,0,0,"auto"
"ESS/Subs/Temp/SUB837_CDP_DEN_JS_CHARACTERISTICS_NIAA.QVD","SUB837_CDP_DEN_JS_CHARACTERISTICS_NIAA.QVD","01 QVDs - ESS QVD Builder - Subs",NA,"AZDB-AUE-PRD-NIAADL01.ESS.SUB837_CDP_DEN_JS_CHARACTERISTICS_NIAA","Exact","Simple",FALSE,FALSE,"needs-creating","","","",56,0,0,"auto"
"ESS/Subs/SUB838_CDP_VDEN_CLAIM_RJCP_NIAA.QVD","SUB838_CDP_VDEN_CLAIM_RJCP_NIAA.QVD","01 QVDs - ESS QVD Builder - Subs",NA,"AZDB-AUE-PRD-NIAADL01.ESS.SUB838_CDP_VDEN_CLAIM_RJCP_NIAA","Exact","Simple",FALSE,FALSE,"retarget-incomplete","ESS","CDP Claim","lib://Curated data Store:DataFiles/10 Landing Area/ESS/CDP Claim.qvd",52,65,29,"auto"
"ESS/Subs/Temp/SUB838_CDP_VDEN_CLAIM_RJCP_NIAA.QVD","SUB838_CDP_VDEN_CLAIM_RJCP_NIAA.QVD","01 QVDs - ESS QVD Builder - Subs",NA,"AZDB-AUE-PRD-NIAADL01.ESS.SUB838_CDP_VDEN_CLAIM_RJCP_NIAA","Exact","Simple",FALSE,FALSE,"retarget-incomplete","ESS","CDP Claim","lib://Curated data Store:DataFiles/10 Landing Area/ESS/CDP Claim.qvd",52,65,29,"auto"
"ESS/Subs/SUB839_LKP_DIM_PROVIDER_GEOCODED_NIAA_GEOCODE_20230127.QVD","SUB839_LKP_DIM_PROVIDER_GEOCODED_NIAA_GEOCODE_20230127.QVD","01 QVDs - ESS QVD Builder - Subs",NA,"-","No match","Missing lineage statement",FALSE,FALSE,"unmapped","","","",0,0,0,"auto"
"ESS/Subs/Temp/SUB839_LKP_DIM_PROVIDER_GEOCODED_NIAA_GEOCODE_20230127.QVD","SUB839_LKP_DIM_PROVIDER_GEOCODED_NIAA_GEOCODE_20230127.QVD","01 QVDs - ESS QVD Builder - Subs",NA,"-","No match","Missing lineage statement",FALSE,FALSE,"unmapped","","","",0,0,0,"auto"
"ESS/Subs/SUB839_LKP_DIM_PROVIDER_GEOCODED_NIAA_GEOCODE.QVD","SUB839_LKP_DIM_PROVIDER_GEOCODED_NIAA_GEOCODE.QVD","01 QVDs - ESS QVD Builder - Subs",NA,"-","No match","Missing lineage statement",FALSE,FALSE,"unmapped","","","",0,0,0,"auto"
"ESS/Subs/Temp/SUB839_LKP_DIM_PROVIDER_GEOCODED_NIAA_GEOCODE.QVD","SUB839_LKP_DIM_PROVIDER_GEOCODED_NIAA_GEOCODE.QVD","01 QVDs - ESS QVD Builder - Subs",NA,"-","No match","Missing lineage statement",FALSE,FALSE,"unmapped","","","",0,0,0,"auto"
"ESS/Subs/SUB839_LKP_DIM_PROVIDER_GEOCODED_NIAA.QVD","SUB839_LKP_DIM_PROVIDER_GEOCODED_NIAA.QVD","01 QVDs - ESS QVD Builder - Subs",NA,"AZDB-AUE-PRD-NIAADL01.ESS.SUB839_LKP_DIM_PROVIDER_GEOCODED_NIAA","Exact","Simple",FALSE,FALSE,"retarget-incomplete","ESS","TWES Site Contract","lib://Curated data Store:DataFiles/10 Landing Area/ESS/TWES Site Contract.qvd",132,38,114,"auto"
"ESS/Subs/Temp/SUB839_LKP_DIM_PROVIDER_GEOCODED_NIAA.QVD","SUB839_LKP_DIM_PROVIDER_GEOCODED_NIAA.QVD","01 QVDs - ESS QVD Builder - Subs",NA,"AZDB-AUE-PRD-NIAADL01.ESS.SUB839_LKP_DIM_PROVIDER_GEOCODED_NIAA","Exact","Simple",FALSE,FALSE,"retarget-incomplete","ESS","TWES Site Contract","lib://Curated data Store:DataFiles/10 Landing Area/ESS/TWES Site Contract.qvd",132,38,114,"auto"
"ESS/Subs/SUB840_JP_JOB_PLAN_ACTIVITY_NIAA.QVD","SUB840_JP_JOB_PLAN_ACTIVITY_NIAA.QVD","01 QVDs - ESS QVD Builder - Subs",NA,"AZDB-AUE-PRD-NIAADL01.ESS.SUB840_JP_JOB_PLAN_ACTIVITY_NIAA","Exact","Simple",FALSE,FALSE,"retarget-incomplete","ESS","For NLP CDP Barrier","lib://Curated data Store:DataFiles/10 Landing Area/ESS/For NLP CDP Barrier.qvd",13,38,7,"auto"
"ESS/Subs/Temp/SUB840_JP_JOB_PLAN_ACTIVITY_NIAA.QVD","SUB840_JP_JOB_PLAN_ACTIVITY_NIAA.QVD","01 QVDs - ESS QVD Builder - Subs",NA,"AZDB-AUE-PRD-NIAADL01.ESS.SUB840_JP_JOB_PLAN_ACTIVITY_NIAA","Exact","Simple",FALSE,FALSE,"retarget-incomplete","ESS","For NLP CDP Barrier","lib://Curated data Store:DataFiles/10 Landing Area/ESS/For NLP CDP Barrier.qvd",13,38,7,"auto"
"ESS/Subs/SUB841_JP_JOB_PLAN_ASSISTANCE_NIAA.QVD","SUB841_JP_JOB_PLAN_ASSISTANCE_NIAA.QVD","01 QVDs - ESS QVD Builder - Subs",NA,"AZDB-AUE-PRD-NIAADL01.ESS.SUB841_JP_JOB_PLAN_ASSISTANCE_NIAA","Exact","Simple",FALSE,TRUE,"retarget-incomplete","ESS","For NLP CDP Barrier","lib://Curated data Store:DataFiles/10 Landing Area/ESS/For NLP CDP Barrier.qvd",13,38,7,"auto"
"ESS/Subs/Temp/SUB841_JP_JOB_PLAN_ASSISTANCE_NIAA.QVD","SUB841_JP_JOB_PLAN_ASSISTANCE_NIAA.QVD","01 QVDs - ESS QVD Builder - Subs",NA,"AZDB-AUE-PRD-NIAADL01.ESS.SUB841_JP_JOB_PLAN_ASSISTANCE_NIAA","Exact","Simple",FALSE,TRUE,"retarget-incomplete","ESS","For NLP CDP Barrier","lib://Curated data Store:DataFiles/10 Landing Area/ESS/For NLP CDP Barrier.qvd",13,38,7,"auto"
"ESS/Subs/SUB842_JP_ASSISTANCE_NIAA.QVD","SUB842_JP_ASSISTANCE_NIAA.QVD","01 QVDs - ESS QVD Builder - Subs",NA,"AZDB-AUE-PRD-NIAADL01.ESS.SUB842_JP_ASSISTANCE_NIAA","Exact","Simple",FALSE,TRUE,"retarget-incomplete","ESS","CDP Job Plan Assistance","lib://Curated data Store:DataFiles/10 Landing Area/ESS/CDP Job Plan Assistance.qvd",18,17,11,"auto"
"ESS/Subs/Temp/SUB842_JP_ASSISTANCE_NIAA.QVD","SUB842_JP_ASSISTANCE_NIAA.QVD","01 QVDs - ESS QVD Builder - Subs",NA,"AZDB-AUE-PRD-NIAADL01.ESS.SUB842_JP_ASSISTANCE_NIAA","Exact","Simple",FALSE,TRUE,"retarget-incomplete","ESS","CDP Job Plan Assistance","lib://Curated data Store:DataFiles/10 Landing Area/ESS/CDP Job Plan Assistance.qvd",18,17,11,"auto"
"ESS/Subs/SUB843_vDEN_JS_JOB_PLAN_ACTIVITY_NIAA.QVD","SUB843_vDEN_JS_JOB_PLAN_ACTIVITY_NIAA.QVD","01 QVDs - ESS QVD Builder - Subs",NA,"AZDB-AUE-PRD-NIAADL01.ESS.SUB843_vDEN_JS_JOB_PLAN_ACTIVITY_NIAA","Exact","Simple",FALSE,FALSE,"needs-creating","","","",29,0,0,"auto"
"ESS/Subs/Temp/SUB843_vDEN_JS_JOB_PLAN_ACTIVITY_NIAA.QVD","SUB843_vDEN_JS_JOB_PLAN_ACTIVITY_NIAA.QVD","01 QVDs - ESS QVD Builder - Subs",NA,"AZDB-AUE-PRD-NIAADL01.ESS.SUB843_vDEN_JS_JOB_PLAN_ACTIVITY_NIAA","Exact","Simple",FALSE,FALSE,"needs-creating","","","",29,0,0,"auto"
"ESS/Subs/SUB844_JS_BARRIER_ASSISTANCE_LINK_NIAA.QVD","SUB844_JS_BARRIER_ASSISTANCE_LINK_NIAA.QVD","01 QVDs - ESS QVD Builder - Subs",NA,"AZDB-AUE-PRD-NIAADL01.ESS.SUB844_JS_BARRIER_ASSISTANCE_LINK_NIAA","Exact","Simple",FALSE,TRUE,"retarget-incomplete","ESS","For NLP CDP Barrier","lib://Curated data Store:DataFiles/10 Landing Area/ESS/For NLP CDP Barrier.qvd",16,38,9,"auto"
"ESS/Subs/Temp/SUB844_JS_BARRIER_ASSISTANCE_LINK_NIAA.QVD","SUB844_JS_BARRIER_ASSISTANCE_LINK_NIAA.QVD","01 QVDs - ESS QVD Builder - Subs",NA,"AZDB-AUE-PRD-NIAADL01.ESS.SUB844_JS_BARRIER_ASSISTANCE_LINK_NIAA","Exact","Simple",FALSE,TRUE,"retarget-incomplete","ESS","For NLP CDP Barrier","lib://Curated data Store:DataFiles/10 Landing Area/ESS/For NLP CDP Barrier.qvd",16,38,9,"auto"
"ESS/Subs/SUB845_JS_BARRIER_ACTIVITY_LINK_NIAA.QVD","SUB845_JS_BARRIER_ACTIVITY_LINK_NIAA.QVD","01 QVDs - ESS QVD Builder - Subs",NA,"AZDB-AUE-PRD-NIAADL01.ESS.SUB845_JS_BARRIER_ACTIVITY_LINK_NIAA","Exact","Simple",FALSE,FALSE,"retarget-incomplete","ESS","For NLP CDP Barrier","lib://Curated data Store:DataFiles/10 Landing Area/ESS/For NLP CDP Barrier.qvd",17,38,10,"auto"
"ESS/Subs/Temp/SUB845_JS_BARRIER_ACTIVITY_LINK_NIAA.QVD","SUB845_JS_BARRIER_ACTIVITY_LINK_NIAA.QVD","01 QVDs - ESS QVD Builder - Subs",NA,"AZDB-AUE-PRD-NIAADL01.ESS.SUB845_JS_BARRIER_ACTIVITY_LINK_NIAA","Exact","Simple",FALSE,FALSE,"retarget-incomplete","ESS","For NLP CDP Barrier","lib://Curated data Store:DataFiles/10 Landing Area/ESS/For NLP CDP Barrier.qvd",17,38,10,"auto"
"ESS/Subs/SUB846_VAPPOINTMENT_NIAA.QVD","SUB846_VAPPOINTMENT_NIAA.QVD","01 QVDs - ESS QVD Builder - Subs",NA,"AZDB-AUE-PRD-NIAADL01.ESS.SUB846_VAPPOINTMENT_NIAA","Exact","Simple",FALSE,FALSE,"retarget-incomplete","ESS","CDP Job Seeker Appointment","lib://Curated data Store:DataFiles/10 Landing Area/ESS/CDP Job Seeker Appointment.qvd",65,13,55,"auto"
"ESS/Subs/Temp/SUB846_VAPPOINTMENT_NIAA.QVD","SUB846_VAPPOINTMENT_NIAA.QVD","01 QVDs - ESS QVD Builder - Subs",NA,"AZDB-AUE-PRD-NIAADL01.ESS.SUB846_VAPPOINTMENT_NIAA","Exact","Simple",FALSE,FALSE,"retarget-incomplete","ESS","CDP Job Seeker Appointment","lib://Curated data Store:DataFiles/10 Landing Area/ESS/CDP Job Seeker Appointment.qvd",65,13,55,"auto"
"ESS/Subs/SUB847_JCA_ASSESSMENT_NIAA.QVD","SUB847_JCA_ASSESSMENT_NIAA.QVD","01 QVDs - ESS QVD Builder - Subs",NA,"AZDB-AUE-PRD-NIAADL01.ESS.SUB847_JCA_ASSESSMENT_NIAA","Exact","Simple",FALSE,TRUE,"retarget-incomplete","ESS","TWES ESAT","lib://Curated data Store:DataFiles/10 Landing Area/ESS/TWES ESAT.qvd",12,27,5,"auto"
"ESS/Subs/Temp/SUB847_JCA_ASSESSMENT_NIAA.QVD","SUB847_JCA_ASSESSMENT_NIAA.QVD","01 QVDs - ESS QVD Builder - Subs",NA,"AZDB-AUE-PRD-NIAADL01.ESS.SUB847_JCA_ASSESSMENT_NIAA","Exact","Simple",FALSE,TRUE,"retarget-incomplete","ESS","TWES ESAT","lib://Curated data Store:DataFiles/10 Landing Area/ESS/TWES ESAT.qvd",12,27,5,"auto"
"ESS/Subs/SUB848_JCA_ASSESSMENT_VERSION_NIAA.QVD","SUB848_JCA_ASSESSMENT_VERSION_NIAA.QVD","01 QVDs - ESS QVD Builder - Subs",NA,"AZDB-AUE-PRD-NIAADL01.ESS.SUB848_JCA_ASSESSMENT_VERSION_NIAA","Exact","Simple",FALSE,TRUE,"retarget-incomplete","ESS","CDP Job Seeker Assessment","lib://Curated data Store:DataFiles/10 Landing Area/ESS/CDP Job Seeker Assessment.qvd",24,17,13,"auto"
"ESS/Subs/Temp/SUB848_JCA_ASSESSMENT_VERSION_NIAA.QVD","SUB848_JCA_ASSESSMENT_VERSION_NIAA.QVD","01 QVDs - ESS QVD Builder - Subs",NA,"AZDB-AUE-PRD-NIAADL01.ESS.SUB848_JCA_ASSESSMENT_VERSION_NIAA","Exact","Simple",FALSE,TRUE,"retarget-incomplete","ESS","CDP Job Seeker Assessment","lib://Curated data Store:DataFiles/10 Landing Area/ESS/CDP Job Seeker Assessment.qvd",24,17,13,"auto"
"ESS/Subs/SUB849_JSCI_CLASSIFICATION_AIP_NIAA.QVD","SUB849_JSCI_CLASSIFICATION_AIP_NIAA.QVD","01 QVDs - ESS QVD Builder - Subs",NA,"AZDB-AUE-PRD-NIAADL01.ESS.SUB849_JSCI_CLASSIFICATION_AIP_NIAA","Exact","Simple",FALSE,TRUE,"retarget-incomplete","ESS","CDP JSCI Classification","lib://Curated data Store:DataFiles/10 Landing Area/ESS/CDP JSCI Classification.qvd",10,16,4,"auto"
"ESS/Subs/Temp/SUB849_JSCI_CLASSIFICATION_AIP_NIAA.QVD","SUB849_JSCI_CLASSIFICATION_AIP_NIAA.QVD","01 QVDs - ESS QVD Builder - Subs",NA,"AZDB-AUE-PRD-NIAADL01.ESS.SUB849_JSCI_CLASSIFICATION_AIP_NIAA","Exact","Simple",FALSE,TRUE,"retarget-incomplete","ESS","CDP JSCI Classification","lib://Curated data Store:DataFiles/10 Landing Area/ESS/CDP JSCI Classification.qvd",10,16,4,"auto"
"ESS/Subs/SUB850_JSCI_CLASSIFICATION_NIAA.QVD","SUB850_JSCI_CLASSIFICATION_NIAA.QVD","01 QVDs - ESS QVD Builder - Subs",NA,"AZDB-AUE-PRD-NIAADL01.ESS.SUB850_JSCI_CLASSIFICATION_NIAA","Exact","Simple",FALSE,TRUE,"retarget-incomplete","ESS","CDP JSCI Classification","lib://Curated data Store:DataFiles/10 Landing Area/ESS/CDP JSCI Classification.qvd",62,16,52,"auto"
"ESS/Subs/Temp/SUB850_JSCI_CLASSIFICATION_NIAA.QVD","SUB850_JSCI_CLASSIFICATION_NIAA.QVD","01 QVDs - ESS QVD Builder - Subs",NA,"AZDB-AUE-PRD-NIAADL01.ESS.SUB850_JSCI_CLASSIFICATION_NIAA","Exact","Simple",FALSE,TRUE,"retarget-incomplete","ESS","CDP JSCI Classification","lib://Curated data Store:DataFiles/10 Landing Area/ESS/CDP JSCI Classification.qvd",62,16,52,"auto"
"ESS/Subs/SUB851_JSCI_QUESTION_NIAA.QVD","SUB851_JSCI_QUESTION_NIAA.QVD","01 QVDs - ESS QVD Builder - Subs",NA,"AZDB-AUE-PRD-NIAADL01.ESS.SUB851_JSCI_QUESTION_NIAA","Exact","Simple",FALSE,FALSE,"retarget-incomplete","ESS","CDP JSCI Classification Question & Response","lib://Curated data Store:DataFiles/10 Landing Area/ESS/CDP JSCI Classification Question & Response.qvd",13,14,9,"auto"
"ESS/Subs/Temp/SUB851_JSCI_QUESTION_NIAA.QVD","SUB851_JSCI_QUESTION_NIAA.QVD","01 QVDs - ESS QVD Builder - Subs",NA,"AZDB-AUE-PRD-NIAADL01.ESS.SUB851_JSCI_QUESTION_NIAA","Exact","Simple",FALSE,FALSE,"retarget-incomplete","ESS","CDP JSCI Classification Question & Response","lib://Curated data Store:DataFiles/10 Landing Area/ESS/CDP JSCI Classification Question & Response.qvd",13,14,9,"auto"
"ESS/Subs/SUB852_JSCI_RESPONSE_NIAA.QVD","SUB852_JSCI_RESPONSE_NIAA.QVD","01 QVDs - ESS QVD Builder - Subs",NA,"AZDB-AUE-PRD-NIAADL01.ESS.SUB852_JSCI_RESPONSE_NIAA","Exact","Simple",FALSE,FALSE,"retarget-incomplete","ESS","CDP JSCI Classification Question & Response","lib://Curated data Store:DataFiles/10 Landing Area/ESS/CDP JSCI Classification Question & Response.qvd",16,14,12,"auto"
"ESS/Subs/Temp/SUB852_JSCI_RESPONSE_NIAA.QVD","SUB852_JSCI_RESPONSE_NIAA.QVD","01 QVDs - ESS QVD Builder - Subs",NA,"AZDB-AUE-PRD-NIAADL01.ESS.SUB852_JSCI_RESPONSE_NIAA","Exact","Simple",FALSE,FALSE,"retarget-incomplete","ESS","CDP JSCI Classification Question & Response","lib://Curated data Store:DataFiles/10 Landing Area/ESS/CDP JSCI Classification Question & Response.qvd",16,14,12,"auto"
"ESS/Subs/SUB853_PTW5_TRANSITION_PLAN_NIAA.QVD","SUB853_PTW5_TRANSITION_PLAN_NIAA.QVD","01 QVDs - ESS QVD Builder - Subs",NA,"AZDB-AUE-PRD-NIAADL01.ESS.SUB853_PTW5_TRANSITION_PLAN_NIAA","Exact","Simple",FALSE,FALSE,"retarget-incomplete","ESS","TWES Transition Plan","lib://Curated data Store:DataFiles/10 Landing Area/ESS/TWES Transition Plan.qvd",24,24,3,"auto"
"ESS/Subs/Temp/SUB853_PTW5_TRANSITION_PLAN_NIAA.QVD","SUB853_PTW5_TRANSITION_PLAN_NIAA.QVD","01 QVDs - ESS QVD Builder - Subs",NA,"AZDB-AUE-PRD-NIAADL01.ESS.SUB853_PTW5_TRANSITION_PLAN_NIAA","Exact","Simple",FALSE,FALSE,"retarget-incomplete","ESS","TWES Transition Plan","lib://Curated data Store:DataFiles/10 Landing Area/ESS/TWES Transition Plan.qvd",24,24,3,"auto"
"ESS/Subs/SUB854_JOB_PLAN_NIAA.QVD","SUB854_JOB_PLAN_NIAA.QVD","01 QVDs - ESS QVD Builder - Subs",NA,"AZDB-AUE-PRD-NIAADL01.ESS.SUB854_JOB_PLAN_NIAA","Exact","Simple",FALSE,FALSE,"retarget-incomplete","ESS","For NLP CDP Job Plan","lib://Curated data Store:DataFiles/10 Landing Area/ESS/For NLP CDP Job Plan.qvd",39,14,28,"auto"
"ESS/Subs/Temp/SUB854_JOB_PLAN_NIAA.QVD","SUB854_JOB_PLAN_NIAA.QVD","01 QVDs - ESS QVD Builder - Subs",NA,"AZDB-AUE-PRD-NIAADL01.ESS.SUB854_JOB_PLAN_NIAA","Exact","Simple",FALSE,FALSE,"retarget-incomplete","ESS","For NLP CDP Job Plan","lib://Curated data Store:DataFiles/10 Landing Area/ESS/For NLP CDP Job Plan.qvd",39,14,28,"auto"
"ESS/Subs/SUB855_JOB_PLAN_ACTIVITY_NIAA.QVD","SUB855_JOB_PLAN_ACTIVITY_NIAA.QVD","01 QVDs - ESS QVD Builder - Subs",NA,"-","No match","Missing lineage statement",FALSE,FALSE,"unmapped","","","",0,0,0,"auto"
"ESS/Subs/Temp/SUB855_JOB_PLAN_ACTIVITY_NIAA.QVD","SUB855_JOB_PLAN_ACTIVITY_NIAA.QVD","01 QVDs - ESS QVD Builder - Subs",NA,"-","No match","Missing lineage statement",FALSE,FALSE,"unmapped","","","",0,0,0,"auto"
"ESS/Subs/SUB856_JP_ACTIVITY_NIAA.QVD","SUB856_JP_ACTIVITY_NIAA.QVD","01 QVDs - ESS QVD Builder - Subs",NA,"AZDB-AUE-PRD-NIAADL01.ESS.SUB856_JP_ACTIVITY_NIAA","Exact","Simple",FALSE,FALSE,"retarget-incomplete","ESS","CDP Job Plan Activity","lib://Curated data Store:DataFiles/10 Landing Area/ESS/CDP Job Plan Activity.qvd",22,20,11,"auto"
"ESS/Subs/Temp/SUB856_JP_ACTIVITY_NIAA.QVD","SUB856_JP_ACTIVITY_NIAA.QVD","01 QVDs - ESS QVD Builder - Subs",NA,"AZDB-AUE-PRD-NIAADL01.ESS.SUB856_JP_ACTIVITY_NIAA","Exact","Simple",FALSE,FALSE,"retarget-incomplete","ESS","CDP Job Plan Activity","lib://Curated data Store:DataFiles/10 Landing Area/ESS/CDP Job Plan Activity.qvd",22,20,11,"auto"
"ESS/Subs/SUB857_ACTIVITY_DETAIL_NIAA.QVD","SUB857_ACTIVITY_DETAIL_NIAA.QVD","01 QVDs - ESS QVD Builder - Subs",NA,"AZDB-AUE-PRD-NIAADL01.ESS.SUB857_ACTIVITY_DETAIL_NIAA","Exact","Simple",FALSE,FALSE,"retarget-incomplete","ESS","CDP Job Plan Activity Detail","lib://Curated data Store:DataFiles/10 Landing Area/ESS/CDP Job Plan Activity Detail.qvd",14,24,7,"auto"
"ESS/Subs/Temp/SUB857_ACTIVITY_DETAIL_NIAA.QVD","SUB857_ACTIVITY_DETAIL_NIAA.QVD","01 QVDs - ESS QVD Builder - Subs",NA,"AZDB-AUE-PRD-NIAADL01.ESS.SUB857_ACTIVITY_DETAIL_NIAA","Exact","Simple",FALSE,FALSE,"retarget-incomplete","ESS","CDP Job Plan Activity Detail","lib://Curated data Store:DataFiles/10 Landing Area/ESS/CDP Job Plan Activity Detail.qvd",14,24,7,"auto"
"ESS/Subs/SUB858_CLAIM_NIAA.QVD","SUB858_CLAIM_NIAA.QVD","01 QVDs - ESS QVD Builder - Subs",NA,"AZDB-AUE-PRD-NIAADL01.ESS.SUB858_CLAIM_NIAA","Exact","Simple",FALSE,FALSE,"retarget-incomplete","ESS","TWES Claim","lib://Curated data Store:DataFiles/10 Landing Area/ESS/TWES Claim.qvd",138,26,115,"auto"
"ESS/Subs/Temp/SUB858_CLAIM_NIAA.QVD","SUB858_CLAIM_NIAA.QVD","01 QVDs - ESS QVD Builder - Subs",NA,"AZDB-AUE-PRD-NIAADL01.ESS.SUB858_CLAIM_NIAA","Exact","Simple",FALSE,FALSE,"retarget-incomplete","ESS","TWES Claim","lib://Curated data Store:DataFiles/10 Landing Area/ESS/TWES Claim.qvd",138,26,115,"auto"
"ESS/Subs/SUB859_REFERRALLOCATION_NIAA.QVD","SUB859_REFERRALLOCATION_NIAA.QVD","01 QVDs - ESS QVD Builder - Subs",NA,"AZDB-AUE-PRD-NIAADL01.ESS.SUB859_REFERRALLOCATION_NIAA","Exact","Simple",FALSE,FALSE,"retarget-incomplete","ESS","CDP Activity Attendance","lib://Curated data Store:DataFiles/10 Landing Area/ESS/CDP Activity Attendance.qvd",12,22,9,"auto"
"ESS/Subs/Temp/SUB859_REFERRALLOCATION_NIAA.QVD","SUB859_REFERRALLOCATION_NIAA.QVD","01 QVDs - ESS QVD Builder - Subs",NA,"AZDB-AUE-PRD-NIAADL01.ESS.SUB859_REFERRALLOCATION_NIAA","Exact","Simple",FALSE,FALSE,"retarget-incomplete","ESS","CDP Activity Attendance","lib://Curated data Store:DataFiles/10 Landing Area/ESS/CDP Activity Attendance.qvd",12,22,9,"auto"
"ESS/Subs/SUB860_ATTENDANCE_NIAA.QVD","SUB860_ATTENDANCE_NIAA.QVD","01 QVDs - ESS QVD Builder - Subs",NA,"AZDB-AUE-PRD-NIAADL01.ESS.SUB860_ATTENDANCE_NIAA","Exact","Simple",FALSE,FALSE,"needs-creating","","","",22,0,0,"auto"
"ESS/Subs/Temp/SUB860_ATTENDANCE_NIAA.QVD","SUB860_ATTENDANCE_NIAA.QVD","01 QVDs - ESS QVD Builder - Subs",NA,"AZDB-AUE-PRD-NIAADL01.ESS.SUB860_ATTENDANCE_NIAA","Exact","Simple",FALSE,FALSE,"needs-creating","","","",22,0,0,"auto"
"ESS/Subs/SUB861_ATTENDANCERESULT_NIAA.QVD","SUB861_ATTENDANCERESULT_NIAA.QVD","01 QVDs - ESS QVD Builder - Subs",NA,"AZDB-AUE-PRD-NIAADL01.ESS.SUB861_ATTENDANCERESULT_NIAA","Exact","Simple",FALSE,FALSE,"needs-creating","","","",17,0,0,"auto"
"ESS/Subs/Temp/SUB861_ATTENDANCERESULT_NIAA.QVD","SUB861_ATTENDANCERESULT_NIAA.QVD","01 QVDs - ESS QVD Builder - Subs",NA,"AZDB-AUE-PRD-NIAADL01.ESS.SUB861_ATTENDANCERESULT_NIAA","Exact","Simple",FALSE,FALSE,"needs-creating","","","",17,0,0,"auto"
"ESS/Subs/SUB862_SESSION_NIAA.QVD","SUB862_SESSION_NIAA.QVD","01 QVDs - ESS QVD Builder - Subs",NA,"AZDB-AUE-PRD-NIAADL01.ESS.SUB862_SESSION_NIAA","Exact","Simple",FALSE,FALSE,"needs-creating","","","",35,0,0,"auto"
"ESS/Subs/Temp/SUB862_SESSION_NIAA.QVD","SUB862_SESSION_NIAA.QVD","01 QVDs - ESS QVD Builder - Subs",NA,"AZDB-AUE-PRD-NIAADL01.ESS.SUB862_SESSION_NIAA","Exact","Simple",FALSE,FALSE,"needs-creating","","","",35,0,0,"auto"
"ESS/Subs/SUB863_EBIW_ESAM_USERS_NIAA.QVD","SUB863_EBIW_ESAM_USERS_NIAA.QVD","01 QVDs - ESS QVD Builder - Subs",NA,"AZDB-AUE-PRD-NIAADL01.ESS.SUB863_EBIW_ESAM_USERS_NIAA","Exact","Simple",FALSE,FALSE,"retarget-incomplete","ESS","ESAM Users","lib://Curated data Store:DataFiles/10 Landing Area/ESS/ESAM Users.qvd",28,23,5,"auto"
"ESS/Subs/Temp/SUB863_EBIW_ESAM_USERS_NIAA.QVD","SUB863_EBIW_ESAM_USERS_NIAA.QVD","01 QVDs - ESS QVD Builder - Subs",NA,"AZDB-AUE-PRD-NIAADL01.ESS.SUB863_EBIW_ESAM_USERS_NIAA","Exact","Simple",FALSE,FALSE,"retarget-incomplete","ESS","ESAM Users","lib://Curated data Store:DataFiles/10 Landing Area/ESS/ESAM Users.qvd",28,23,5,"auto"
"ESS/Subs/SUB864_JS_EXEMPTION_NIAA.QVD","SUB864_JS_EXEMPTION_NIAA.QVD","01 QVDs - ESS QVD Builder - Subs",NA,"AZDB-AUE-PRD-NIAADL01.ESS.SUB864_JS_EXEMPTION_NIAA","Exact","Simple",FALSE,FALSE,"needs-creating","","","",22,0,0,"auto"
"ESS/Subs/Temp/SUB864_JS_EXEMPTION_NIAA.QVD","SUB864_JS_EXEMPTION_NIAA.QVD","01 QVDs - ESS QVD Builder - Subs",NA,"AZDB-AUE-PRD-NIAADL01.ESS.SUB864_JS_EXEMPTION_NIAA","Exact","Simple",FALSE,FALSE,"needs-creating","","","",22,0,0,"auto"
"ESS/Subs/SUB865_RECRUITMENT_SCHEDULE_NIAA.QVD","SUB865_RECRUITMENT_SCHEDULE_NIAA.QVD","01 QVDs - ESS QVD Builder - Subs",NA,"AZDB-AUE-PRD-NIAADL01.ESS.SUB865_RECRUITMENT_SCHEDULE_NIAA","Exact","Simple",FALSE,FALSE,"retarget-incomplete","ESS","IEP Grant Estimated Expenditure FY","lib://Curated data Store:DataFiles/10 Landing Area/ESS/IEP Grant Estimated Expenditure FY.qvd",13,55,7,"auto"
"ESS/Subs/Temp/SUB865_RECRUITMENT_SCHEDULE_NIAA.QVD","SUB865_RECRUITMENT_SCHEDULE_NIAA.QVD","01 QVDs - ESS QVD Builder - Subs",NA,"AZDB-AUE-PRD-NIAADL01.ESS.SUB865_RECRUITMENT_SCHEDULE_NIAA","Exact","Simple",FALSE,FALSE,"retarget-incomplete","ESS","IEP Grant Estimated Expenditure FY","lib://Curated data Store:DataFiles/10 Landing Area/ESS/IEP Grant Estimated Expenditure FY.qvd",13,55,7,"auto"
"ESS/Subs/SUB866_JS_SENSITIVE_IND_NIAA.QVD","SUB866_JS_SENSITIVE_IND_NIAA.QVD","01 QVDs - ESS QVD Builder - Subs",NA,"AZDB-AUE-PRD-NIAADL01.ESS.SUB866_JS_SENSITIVE_IND_NIAA","Exact","Simple",FALSE,FALSE,"needs-creating","","","",6,0,0,"auto"
"ESS/Subs/Temp/SUB866_JS_SENSITIVE_IND_NIAA.QVD","SUB866_JS_SENSITIVE_IND_NIAA.QVD","01 QVDs - ESS QVD Builder - Subs",NA,"AZDB-AUE-PRD-NIAADL01.ESS.SUB866_JS_SENSITIVE_IND_NIAA","Exact","Simple",FALSE,FALSE,"needs-creating","","","",6,0,0,"auto"
"ESS/Subs/SUB867_JSK_RATE_HISTORY_NIAA.QVD","SUB867_JSK_RATE_HISTORY_NIAA.QVD","01 QVDs - ESS QVD Builder - Subs",NA,"AZDB-AUE-PRD-NIAADL01.ESS.SUB867_JSK_RATE_HISTORY_NIAA","Exact","Simple",FALSE,FALSE,"needs-creating","","","",18,0,0,"auto"
"ESS/Subs/Temp/SUB867_JSK_RATE_HISTORY_NIAA.QVD","SUB867_JSK_RATE_HISTORY_NIAA.QVD","01 QVDs - ESS QVD Builder - Subs",NA,"AZDB-AUE-PRD-NIAADL01.ESS.SUB867_JSK_RATE_HISTORY_NIAA","Exact","Simple",FALSE,FALSE,"needs-creating","","","",18,0,0,"auto"
"ESS/Subs/SUB868_JCA_WORK_CAPACITY_NIAA.QVD","SUB868_JCA_WORK_CAPACITY_NIAA.QVD","01 QVDs - ESS QVD Builder - Subs",NA,"AZDB-AUE-PRD-NIAADL01.ESS.SUB868_JCA_WORK_CAPACITY_NIAA","Exact","Simple",FALSE,FALSE,"needs-creating","","","",18,0,0,"auto"
"ESS/Subs/Temp/SUB868_JCA_WORK_CAPACITY_NIAA.QVD","SUB868_JCA_WORK_CAPACITY_NIAA.QVD","01 QVDs - ESS QVD Builder - Subs",NA,"AZDB-AUE-PRD-NIAADL01.ESS.SUB868_JCA_WORK_CAPACITY_NIAA","Exact","Simple",FALSE,FALSE,"needs-creating","","","",18,0,0,"auto"
"ESS/Subs/SUB869_JSK_PARTICIPATION_PROFILE_NIAA.QVD","SUB869_JSK_PARTICIPATION_PROFILE_NIAA.QVD","01 QVDs - ESS QVD Builder - Subs",NA,"AZDB-AUE-PRD-NIAADL01.ESS.SUB869_JSK_PARTICIPATION_PROFILE_NIAA","Exact","Simple",FALSE,FALSE,"needs-creating","","","",17,0,0,"auto"
"ESS/Subs/Temp/SUB869_JSK_PARTICIPATION_PROFILE_NIAA.QVD","SUB869_JSK_PARTICIPATION_PROFILE_NIAA.QVD","01 QVDs - ESS QVD Builder - Subs",NA,"AZDB-AUE-PRD-NIAADL01.ESS.SUB869_JSK_PARTICIPATION_PROFILE_NIAA","Exact","Simple",FALSE,FALSE,"needs-creating","","","",17,0,0,"auto"
"ESS/Subs/SUB870_JSK_PARTICIPATION_PROFILE_HISTORY_NIAA.QVD","SUB870_JSK_PARTICIPATION_PROFILE_HISTORY_NIAA.QVD","01 QVDs - ESS QVD Builder - Subs",NA,"AZDB-AUE-PRD-NIAADL01.ESS.SUB870_JSK_PARTICIPATION_PROFILE_HISTORY_NIAA","Exact","Simple",FALSE,FALSE,"needs-creating","","","",21,0,0,"auto"
"ESS/Subs/Temp/SUB870_JSK_PARTICIPATION_PROFILE_HISTORY_NIAA.QVD","SUB870_JSK_PARTICIPATION_PROFILE_HISTORY_NIAA.QVD","01 QVDs - ESS QVD Builder - Subs",NA,"AZDB-AUE-PRD-NIAADL01.ESS.SUB870_JSK_PARTICIPATION_PROFILE_HISTORY_NIAA","Exact","Simple",FALSE,FALSE,"needs-creating","","","",21,0,0,"auto"
"ESS/Subs/SUB871_CDP_CONTRACT_HISTORY_NIAA.QVD","SUB871_CDP_CONTRACT_HISTORY_NIAA.QVD","01 QVDs - ESS QVD Builder - Subs",NA,"AZDB-AUE-PRD-NIAADL01.ESS.SUB871_CDP_CONTRACT_HISTORY_NIAA","Exact","Simple",FALSE,FALSE,"needs-creating","","","",99,0,0,"auto"
"ESS/Subs/Temp/SUB871_CDP_CONTRACT_HISTORY_NIAA.QVD","SUB871_CDP_CONTRACT_HISTORY_NIAA.QVD","01 QVDs - ESS QVD Builder - Subs",NA,"AZDB-AUE-PRD-NIAADL01.ESS.SUB871_CDP_CONTRACT_HISTORY_NIAA","Exact","Simple",FALSE,FALSE,"needs-creating","","","",99,0,0,"auto"
"ESS/Subs/SubscriptionFileDetail.QVD","SubscriptionFileDetail.QVD","01 QVDs - ESS QVD Builder - Subs",NA,"-","No match","Missing lineage statement",FALSE,FALSE,"unmapped","","","",0,0,0,"auto"
"ESS/Subs/Temp/SubscriptionFileDetail.QVD","SubscriptionFileDetail.QVD","01 QVDs - ESS QVD Builder - Subs",NA,"-","No match","Missing lineage statement",FALSE,FALSE,"unmapped","","","",0,0,0,"auto"
"Forms/1000 Jobs Tracker.QVD","1000 Jobs Tracker.QVD","01 ESS QVD Builder - CDP(9) | 01 QVD Builder - Inphinity Forms | 01 QVD Builder - Inphinity Forms and SnapForms | 01 QVD Generator - Inphinity Forms | 01 QVD Generator - Inphinity Forms and SnapForms",NA,"AZDB-AUE-PRD-NIAADL01.Forms.1000 Jobs Tracker","Exact","Simple",FALSE,FALSE,"needs-creating","","","",39,0,0,"auto"
"Forms_RJED/RJED Application Job Detail Tracker History.QVD","RJED Application Job Detail Tracker History.QVD","01 ESS QVD Builder - CDP(9) | 01 QVD Builder - Inphinity Forms | 01 QVD Builder - Inphinity Forms and SnapForms | 01 QVD Generator - Inphinity Forms | 01 QVD Generator - Inphinity Forms and SnapForms",1,"AZDB-AUE-PRD-NIAADL01.Forms_RJED.RJED Application Job Detail Tracker History","Exact","Simple",FALSE,FALSE,"needs-creating","","","",28,0,0,"auto"
"Forms_RJED/RJED Application Job Detail Tracker.QVD","RJED Application Job Detail Tracker.QVD","01 ESS QVD Builder - CDP(9) | 01 QVD Builder - Inphinity Forms | 01 QVD Builder - Inphinity Forms and SnapForms | 01 QVD Generator - Inphinity Forms | 01 QVD Generator - Inphinity Forms and SnapForms",NA,"AZDB-AUE-PRD-NIAADL01.Forms_RJED.RJED Application Job Detail Tracker","Exact","Simple",FALSE,FALSE,"needs-creating","","","",25,0,0,"auto"
"Forms_RJED/RJED Application Tracker History.QVD","RJED Application Tracker History.QVD","01 ESS QVD Builder - CDP(9) | 01 QVD Builder - Inphinity Forms | 01 QVD Builder - Inphinity Forms and SnapForms | 01 QVD Generator - Inphinity Forms | 01 QVD Generator - Inphinity Forms and SnapForms",1,"AZDB-AUE-PRD-NIAADL01.Forms_RJED.RJED Application Tracker History","Exact","Simple",FALSE,FALSE,"needs-creating","","","",61,0,0,"auto"
"Forms_RJED/RJED Application Tracker.QVD","RJED Application Tracker.QVD","01 ESS QVD Builder - CDP(9) | 01 QVD Builder - Inphinity Forms | 01 QVD Builder - Inphinity Forms and SnapForms | 01 QVD Generator - Inphinity Forms | 01 QVD Generator - Inphinity Forms and SnapForms",NA,"AZDB-AUE-PRD-NIAADL01.Forms_RJED.RJED Application Tracker","Exact","Simple",FALSE,FALSE,"needs-creating","","","",58,0,0,"auto"
"ESS/IEP/Snapshots/Temp/CDP_Contract_Referral_Placement_20240331.QVD","CDP_Contract_Referral_Placement_20240331.QVD","01s ESS QVD Builder - IEP",NA,"AZDB-AUE-PRD-NIAADL01.ESS.NIAA_CDP_Contract_Referral_Placement","Partial match","Complex",TRUE,TRUE,"needs-creating","","","",21,0,0,"auto"
"ESS/IEP/Snapshots/Temp/CDP_Contract_Referral_Placement_20240430.QVD","CDP_Contract_Referral_Placement_20240430.QVD","01s ESS QVD Builder - IEP",NA,"AZDB-AUE-PRD-NIAADL01.ESS.NIAA_CDP_Contract_Referral_Placement","Partial match","Complex",TRUE,TRUE,"needs-creating","","","",21,0,0,"auto"
"ESS/IEP/Snapshots/Temp/CDP_Contract_Referral_Placement_20240531.QVD","CDP_Contract_Referral_Placement_20240531.QVD","01s ESS QVD Builder - IEP",NA,"AZDB-AUE-PRD-NIAADL01.ESS.NIAA_CDP_Contract_Referral_Placement","Partial match","Complex",TRUE,TRUE,"needs-creating","","","",21,0,0,"auto"
"ESS/IEP/Snapshots/Temp/CDP_Contract_Referral_Placement_20240630.QVD","CDP_Contract_Referral_Placement_20240630.QVD","01s ESS QVD Builder - IEP",NA,"AZDB-AUE-PRD-NIAADL01.ESS.NIAA_CDP_Contract_Referral_Placement","Partial match","Complex",TRUE,TRUE,"needs-creating","","","",21,0,0,"auto"
"ESS/IEP/Snapshots/Temp/CDP_Contract_Referral_Placement_20240731.QVD","CDP_Contract_Referral_Placement_20240731.QVD","01s ESS QVD Builder - IEP",NA,"AZDB-AUE-PRD-NIAADL01.ESS.NIAA_CDP_Contract_Referral_Placement","Partial match","Complex",TRUE,TRUE,"needs-creating","","","",21,0,0,"auto"
"ESS/IEP/Snapshots/Temp/CDP_Contract_Referral_Placement_20240831.QVD","CDP_Contract_Referral_Placement_20240831.QVD","01s ESS QVD Builder - IEP",NA,"AZDB-AUE-PRD-NIAADL01.ESS.NIAA_CDP_Contract_Referral_Placement","Partial match","Complex",TRUE,TRUE,"needs-creating","","","",21,0,0,"auto"
"ESS/IEP/Snapshots/Temp/CDP_Contract_Referral_Placement_20241031.QVD","CDP_Contract_Referral_Placement_20241031.QVD","01s ESS QVD Builder - IEP",NA,"AZDB-AUE-PRD-NIAADL01.ESS.NIAA_CDP_Contract_Referral_Placement","Partial match","Complex",TRUE,TRUE,"needs-creating","","","",21,0,0,"auto"
"ESS/IEP/Snapshots/Temp/CDP_Contract_Referral_Placement_20250131.QVD","CDP_Contract_Referral_Placement_20250131.QVD","01s ESS QVD Builder - IEP",NA,"AZDB-AUE-PRD-NIAADL01.ESS.NIAA_CDP_Contract_Referral_Placement","Partial match","Complex",TRUE,TRUE,"needs-creating","","","",21,0,0,"auto"
"ESS/IEP/Snapshots/Temp/CDP_Contract_Referral_Placement_20250228.QVD","CDP_Contract_Referral_Placement_20250228.QVD","01s ESS QVD Builder - IEP",NA,"AZDB-AUE-PRD-NIAADL01.ESS.NIAA_CDP_Contract_Referral_Placement","Partial match","Complex",TRUE,TRUE,"needs-creating","","","",21,0,0,"auto"
"ESS/IEP/Snapshots/Temp/CDP_Contract_Referral_Placement_20250331.QVD","CDP_Contract_Referral_Placement_20250331.QVD","01s ESS QVD Builder - IEP",NA,"AZDB-AUE-PRD-NIAADL01.ESS.NIAA_CDP_Contract_Referral_Placement","Partial match","Complex",TRUE,TRUE,"needs-creating","","","",21,0,0,"auto"
"ESS/IEP/Snapshots/Temp/CDP_Contract_Referral_Placement_20250430.QVD","CDP_Contract_Referral_Placement_20250430.QVD","01s ESS QVD Builder - IEP",NA,"AZDB-AUE-PRD-NIAADL01.ESS.NIAA_CDP_Contract_Referral_Placement","Partial match","Complex",TRUE,TRUE,"needs-creating","","","",21,0,0,"auto"
"ESS/IEP/Snapshots/Temp/CDP_Contract_Referral_Placement_20250531.QVD","CDP_Contract_Referral_Placement_20250531.QVD","01s ESS QVD Builder - IEP",NA,"AZDB-AUE-PRD-NIAADL01.ESS.NIAA_CDP_Contract_Referral_Placement","Partial match","Complex",TRUE,TRUE,"needs-creating","","","",21,0,0,"auto"
"ESS/IEP/Snapshots/Temp/CDP_Contract_Referral_Placement_20250630.QVD","CDP_Contract_Referral_Placement_20250630.QVD","01s ESS QVD Builder - IEP",NA,"AZDB-AUE-PRD-NIAADL01.ESS.NIAA_CDP_Contract_Referral_Placement","Partial match","Complex",TRUE,TRUE,"needs-creating","","","",21,0,0,"auto"
"ESS/IEP/Snapshots/Temp/CDP_Contract_Referral_Placement_20250731.QVD","CDP_Contract_Referral_Placement_20250731.QVD","01s ESS QVD Builder - IEP",NA,"AZDB-AUE-PRD-NIAADL01.ESS.NIAA_CDP_Contract_Referral_Placement","Partial match","Complex",TRUE,TRUE,"needs-creating","","","",21,0,0,"auto"
"ESS/IEP/Snapshots/Temp/CDP_Contract_Referral_Placement_20250831.QVD","CDP_Contract_Referral_Placement_20250831.QVD","01s ESS QVD Builder - IEP",NA,"AZDB-AUE-PRD-NIAADL01.ESS.NIAA_CDP_Contract_Referral_Placement","Partial match","Complex",TRUE,TRUE,"needs-creating","","","",21,0,0,"auto"
"ESS/IEP/Snapshots/Temp/CDP_Contract_Referral_Placement_20250930.QVD","CDP_Contract_Referral_Placement_20250930.QVD","01s ESS QVD Builder - IEP",NA,"AZDB-AUE-PRD-NIAADL01.ESS.NIAA_CDP_Contract_Referral_Placement","Partial match","Complex",TRUE,TRUE,"needs-creating","","","",21,0,0,"auto"
"ESS/IEP/Snapshots/Temp/CDP_Contract_Referral_Placement_20251231.QVD","CDP_Contract_Referral_Placement_20251231.QVD","01s ESS QVD Builder - IEP",NA,"AZDB-AUE-PRD-NIAADL01.ESS.NIAA_CDP_Contract_Referral_Placement","Partial match","Complex",TRUE,TRUE,"needs-creating","","","",21,0,0,"auto"
"ESS/IEP/Snapshots/Temp/CDP_Contract_Referral_Placement_20260228.QVD","CDP_Contract_Referral_Placement_20260228.QVD","01s ESS QVD Builder - IEP",NA,"AZDB-AUE-PRD-NIAADL01.ESS.NIAA_CDP_Contract_Referral_Placement","Partial match","Complex",TRUE,TRUE,"needs-creating","","","",21,0,0,"auto"
"ESS/IEP/Snapshots/Temp/CDP_Contract_Referral_Placement_20260430.QVD","CDP_Contract_Referral_Placement_20260430.QVD","01s ESS QVD Builder - IEP",NA,"AZDB-AUE-PRD-NIAADL01.ESS.NIAA_CDP_Contract_Referral_Placement","Partial match","Complex",TRUE,TRUE,"needs-creating","","","",21,0,0,"auto"
"ESS/IEP/Snapshots/Temp/CDP_Contract_Referral_Placement_20260531.QVD","CDP_Contract_Referral_Placement_20260531.QVD","01s ESS QVD Builder - IEP",NA,"AZDB-AUE-PRD-NIAADL01.ESS.NIAA_CDP_Contract_Referral_Placement","Partial match","Complex",TRUE,TRUE,"needs-creating","","","",21,0,0,"auto"
"ESS/IEP/Snapshots/Temp/CDP_Contract_Referral_Placement_20260630.QVD","CDP_Contract_Referral_Placement_20260630.QVD","01s ESS QVD Builder - IEP",NA,"AZDB-AUE-PRD-NIAADL01.ESS.NIAA_CDP_Contract_Referral_Placement","Partial match","Complex",TRUE,TRUE,"needs-creating","","","",21,0,0,"auto"
"ESS/IEP/Snapshots/Temp/CDP_Job_Seeker_20240331.QVD","CDP_Job_Seeker_20240331.QVD","01s ESS QVD Builder - IEP",NA,"AZDB-AUE-PRD-NIAADL01.ESS.CDP Job Seeker","Partial match","Complex",TRUE,TRUE,"needs-creating","","","",30,0,0,"auto"
"ESS/IEP/Snapshots/Temp/CDP_Job_Seeker_20240430.QVD","CDP_Job_Seeker_20240430.QVD","01s ESS QVD Builder - IEP",NA,"AZDB-AUE-PRD-NIAADL01.ESS.CDP Job Seeker","Partial match","Complex",TRUE,TRUE,"needs-creating","","","",30,0,0,"auto"
"ESS/IEP/Snapshots/Temp/CDP_Job_Seeker_20240531.QVD","CDP_Job_Seeker_20240531.QVD","01s ESS QVD Builder - IEP",NA,"AZDB-AUE-PRD-NIAADL01.ESS.CDP Job Seeker","Partial match","Complex",TRUE,TRUE,"needs-creating","","","",30,0,0,"auto"
"ESS/IEP/Snapshots/Temp/CDP_Job_Seeker_20240630.QVD","CDP_Job_Seeker_20240630.QVD","01s ESS QVD Builder - IEP",NA,"AZDB-AUE-PRD-NIAADL01.ESS.CDP Job Seeker","Partial match","Complex",TRUE,TRUE,"needs-creating","","","",30,0,0,"auto"
"ESS/IEP/Snapshots/Temp/CDP_Job_Seeker_20240731.QVD","CDP_Job_Seeker_20240731.QVD","01s ESS QVD Builder - IEP",NA,"AZDB-AUE-PRD-NIAADL01.ESS.CDP Job Seeker","Partial match","Complex",TRUE,TRUE,"needs-creating","","","",30,0,0,"auto"
"ESS/IEP/Snapshots/Temp/CDP_Job_Seeker_20240831.QVD","CDP_Job_Seeker_20240831.QVD","01s ESS QVD Builder - IEP",NA,"AZDB-AUE-PRD-NIAADL01.ESS.CDP Job Seeker","Partial match","Complex",TRUE,TRUE,"needs-creating","","","",30,0,0,"auto"
"ESS/IEP/Snapshots/Temp/CDP_Job_Seeker_20241031.QVD","CDP_Job_Seeker_20241031.QVD","01s ESS QVD Builder - IEP",NA,"AZDB-AUE-PRD-NIAADL01.ESS.CDP Job Seeker","Partial match","Complex",TRUE,TRUE,"needs-creating","","","",30,0,0,"auto"
"ESS/IEP/Snapshots/Temp/CDP_Job_Seeker_20250131.QVD","CDP_Job_Seeker_20250131.QVD","01s ESS QVD Builder - IEP",NA,"AZDB-AUE-PRD-NIAADL01.ESS.CDP Job Seeker","Partial match","Complex",TRUE,TRUE,"needs-creating","","","",30,0,0,"auto"
"ESS/IEP/Snapshots/Temp/CDP_Job_Seeker_20250228.QVD","CDP_Job_Seeker_20250228.QVD","01s ESS QVD Builder - IEP",NA,"AZDB-AUE-PRD-NIAADL01.ESS.CDP Job Seeker","Partial match","Complex",TRUE,TRUE,"needs-creating","","","",30,0,0,"auto"
"ESS/IEP/Snapshots/Temp/CDP_Job_Seeker_20250331.QVD","CDP_Job_Seeker_20250331.QVD","01s ESS QVD Builder - IEP",NA,"AZDB-AUE-PRD-NIAADL01.ESS.CDP Job Seeker","Partial match","Complex",TRUE,TRUE,"needs-creating","","","",30,0,0,"auto"
"ESS/IEP/Snapshots/Temp/CDP_Job_Seeker_20250430.QVD","CDP_Job_Seeker_20250430.QVD","01s ESS QVD Builder - IEP",NA,"AZDB-AUE-PRD-NIAADL01.ESS.CDP Job Seeker","Partial match","Complex",TRUE,TRUE,"needs-creating","","","",30,0,0,"auto"
"ESS/IEP/Snapshots/Temp/CDP_Job_Seeker_20250531.QVD","CDP_Job_Seeker_20250531.QVD","01s ESS QVD Builder - IEP",NA,"AZDB-AUE-PRD-NIAADL01.ESS.CDP Job Seeker","Partial match","Complex",TRUE,TRUE,"needs-creating","","","",30,0,0,"auto"
"ESS/IEP/Snapshots/Temp/CDP_Job_Seeker_20250630.QVD","CDP_Job_Seeker_20250630.QVD","01s ESS QVD Builder - IEP",NA,"AZDB-AUE-PRD-NIAADL01.ESS.CDP Job Seeker","Partial match","Complex",TRUE,TRUE,"needs-creating","","","",30,0,0,"auto"
"ESS/IEP/Snapshots/Temp/CDP_Job_Seeker_20250731.QVD","CDP_Job_Seeker_20250731.QVD","01s ESS QVD Builder - IEP",NA,"AZDB-AUE-PRD-NIAADL01.ESS.CDP Job Seeker","Partial match","Complex",TRUE,TRUE,"needs-creating","","","",30,0,0,"auto"
"ESS/IEP/Snapshots/Temp/CDP_Job_Seeker_20250831.QVD","CDP_Job_Seeker_20250831.QVD","01s ESS QVD Builder - IEP",NA,"AZDB-AUE-PRD-NIAADL01.ESS.CDP Job Seeker","Partial match","Complex",TRUE,TRUE,"needs-creating","","","",30,0,0,"auto"
"ESS/IEP/Snapshots/Temp/CDP_Job_Seeker_20250930.QVD","CDP_Job_Seeker_20250930.QVD","01s ESS QVD Builder - IEP",NA,"AZDB-AUE-PRD-NIAADL01.ESS.CDP Job Seeker","Partial match","Complex",TRUE,TRUE,"needs-creating","","","",30,0,0,"auto"
"ESS/IEP/Snapshots/Temp/CDP_Job_Seeker_20251231.QVD","CDP_Job_Seeker_20251231.QVD","01s ESS QVD Builder - IEP",NA,"AZDB-AUE-PRD-NIAADL01.ESS.CDP Job Seeker","Partial match","Complex",TRUE,TRUE,"needs-creating","","","",30,0,0,"auto"
"ESS/IEP/Snapshots/Temp/CDP_Job_Seeker_20260228.QVD","CDP_Job_Seeker_20260228.QVD","01s ESS QVD Builder - IEP",NA,"AZDB-AUE-PRD-NIAADL01.ESS.CDP Job Seeker","Partial match","Complex",TRUE,TRUE,"needs-creating","","","",30,0,0,"auto"
"ESS/IEP/Snapshots/Temp/CDP_Job_Seeker_20260430.QVD","CDP_Job_Seeker_20260430.QVD","01s ESS QVD Builder - IEP",NA,"AZDB-AUE-PRD-NIAADL01.ESS.CDP Job Seeker","Partial match","Complex",TRUE,TRUE,"needs-creating","","","",30,0,0,"auto"
"ESS/IEP/Snapshots/Temp/CDP_Job_Seeker_20260531.QVD","CDP_Job_Seeker_20260531.QVD","01s ESS QVD Builder - IEP",NA,"AZDB-AUE-PRD-NIAADL01.ESS.CDP Job Seeker","Partial match","Complex",TRUE,TRUE,"needs-creating","","","",30,0,0,"auto"
"ESS/IEP/Snapshots/Temp/CDP_Job_Seeker_20260630.QVD","CDP_Job_Seeker_20260630.QVD","01s ESS QVD Builder - IEP",NA,"AZDB-AUE-PRD-NIAADL01.ESS.CDP Job Seeker","Partial match","Complex",TRUE,TRUE,"needs-creating","","","",30,0,0,"auto"
"ESS/IEP/Snapshots/Temp/IEP_Activity_20240331.QVD","IEP_Activity_20240331.QVD","01s ESS QVD Builder - IEP",NA,"AZDB-AUE-PRD-NIAADL01.ESS.IEP Activity","Likely subset","Complex",TRUE,TRUE,"needs-creating","","","",39,0,0,"auto"
"ESS/IEP/Snapshots/Temp/IEP_Activity_20240430.QVD","IEP_Activity_20240430.QVD","01s ESS QVD Builder - IEP",NA,"AZDB-AUE-PRD-NIAADL01.ESS.IEP Activity","Likely subset","Complex",TRUE,TRUE,"needs-creating","","","",39,0,0,"auto"
"ESS/IEP/Snapshots/Temp/IEP_Activity_20240531.QVD","IEP_Activity_20240531.QVD","01s ESS QVD Builder - IEP",NA,"AZDB-AUE-PRD-NIAADL01.ESS.IEP Activity","Likely subset","Complex",TRUE,TRUE,"needs-creating","","","",39,0,0,"auto"
"ESS/IEP/Snapshots/Temp/IEP_Activity_20240630.QVD","IEP_Activity_20240630.QVD","01s ESS QVD Builder - IEP",NA,"AZDB-AUE-PRD-NIAADL01.ESS.IEP Activity","Likely subset","Complex",TRUE,TRUE,"needs-creating","","","",39,0,0,"auto"
"ESS/IEP/Snapshots/Temp/IEP_Activity_20240731.QVD","IEP_Activity_20240731.QVD","01s ESS QVD Builder - IEP",NA,"AZDB-AUE-PRD-NIAADL01.ESS.IEP Activity","Likely subset","Complex",TRUE,TRUE,"needs-creating","","","",39,0,0,"auto"
"ESS/IEP/Snapshots/Temp/IEP_Activity_20240831.QVD","IEP_Activity_20240831.QVD","01s ESS QVD Builder - IEP",NA,"AZDB-AUE-PRD-NIAADL01.ESS.IEP Activity","Likely subset","Complex",TRUE,TRUE,"needs-creating","","","",39,0,0,"auto"
"ESS/IEP/Snapshots/Temp/IEP_Activity_20241031.QVD","IEP_Activity_20241031.QVD","01s ESS QVD Builder - IEP",NA,"AZDB-AUE-PRD-NIAADL01.ESS.IEP Activity","Likely subset","Complex",TRUE,TRUE,"needs-creating","","","",39,0,0,"auto"
"ESS/IEP/Snapshots/Temp/IEP_Activity_20250131.QVD","IEP_Activity_20250131.QVD","01s ESS QVD Builder - IEP",NA,"AZDB-AUE-PRD-NIAADL01.ESS.IEP Activity","Likely subset","Complex",TRUE,TRUE,"needs-creating","","","",39,0,0,"auto"
"ESS/IEP/Snapshots/Temp/IEP_Activity_20250228.QVD","IEP_Activity_20250228.QVD","01s ESS QVD Builder - IEP",NA,"AZDB-AUE-PRD-NIAADL01.ESS.IEP Activity","Likely subset","Complex",TRUE,TRUE,"needs-creating","","","",39,0,0,"auto"
"ESS/IEP/Snapshots/Temp/IEP_Activity_20250331.QVD","IEP_Activity_20250331.QVD","01s ESS QVD Builder - IEP",NA,"AZDB-AUE-PRD-NIAADL01.ESS.IEP Activity","Likely subset","Complex",TRUE,TRUE,"needs-creating","","","",39,0,0,"auto"
"ESS/IEP/Snapshots/Temp/IEP_Activity_20250430.QVD","IEP_Activity_20250430.QVD","01s ESS QVD Builder - IEP",NA,"AZDB-AUE-PRD-NIAADL01.ESS.IEP Activity","Likely subset","Complex",TRUE,TRUE,"needs-creating","","","",39,0,0,"auto"
"ESS/IEP/Snapshots/Temp/IEP_Activity_20250531.QVD","IEP_Activity_20250531.QVD","01s ESS QVD Builder - IEP",NA,"AZDB-AUE-PRD-NIAADL01.ESS.IEP Activity","Likely subset","Complex",TRUE,TRUE,"needs-creating","","","",39,0,0,"auto"
"ESS/IEP/Snapshots/Temp/IEP_Activity_20250630.QVD","IEP_Activity_20250630.QVD","01s ESS QVD Builder - IEP",NA,"AZDB-AUE-PRD-NIAADL01.ESS.IEP Activity","Likely subset","Complex",TRUE,TRUE,"needs-creating","","","",39,0,0,"auto"
"ESS/IEP/Snapshots/Temp/IEP_Activity_20250731.QVD","IEP_Activity_20250731.QVD","01s ESS QVD Builder - IEP",NA,"AZDB-AUE-PRD-NIAADL01.ESS.IEP Activity","Likely subset","Complex",TRUE,TRUE,"needs-creating","","","",39,0,0,"auto"
"ESS/IEP/Snapshots/Temp/IEP_Activity_20250831.QVD","IEP_Activity_20250831.QVD","01s ESS QVD Builder - IEP",NA,"AZDB-AUE-PRD-NIAADL01.ESS.IEP Activity","Likely subset","Complex",TRUE,TRUE,"needs-creating","","","",39,0,0,"auto"
"ESS/IEP/Snapshots/Temp/IEP_Activity_20250930.QVD","IEP_Activity_20250930.QVD","01s ESS QVD Builder - IEP",NA,"AZDB-AUE-PRD-NIAADL01.ESS.IEP Activity","Likely subset","Complex",TRUE,TRUE,"needs-creating","","","",39,0,0,"auto"
"ESS/IEP/Snapshots/Temp/IEP_Activity_20251231.QVD","IEP_Activity_20251231.QVD","01s ESS QVD Builder - IEP",NA,"AZDB-AUE-PRD-NIAADL01.ESS.IEP Activity","Likely subset","Complex",TRUE,TRUE,"needs-creating","","","",39,0,0,"auto"
"ESS/IEP/Snapshots/Temp/IEP_Activity_20260228.QVD","IEP_Activity_20260228.QVD","01s ESS QVD Builder - IEP",NA,"AZDB-AUE-PRD-NIAADL01.ESS.IEP Activity","Likely subset","Complex",TRUE,TRUE,"needs-creating","","","",39,0,0,"auto"
"ESS/IEP/Snapshots/Temp/IEP_Activity_20260430.QVD","IEP_Activity_20260430.QVD","01s ESS QVD Builder - IEP",NA,"AZDB-AUE-PRD-NIAADL01.ESS.IEP Activity","Likely subset","Complex",TRUE,TRUE,"needs-creating","","","",39,0,0,"auto"
"ESS/IEP/Snapshots/Temp/IEP_Activity_20260531.QVD","IEP_Activity_20260531.QVD","01s ESS QVD Builder - IEP",NA,"AZDB-AUE-PRD-NIAADL01.ESS.IEP Activity","Likely subset","Complex",TRUE,TRUE,"needs-creating","","","",39,0,0,"auto"
"ESS/IEP/Snapshots/Temp/IEP_Activity_20260630.QVD","IEP_Activity_20260630.QVD","01s ESS QVD Builder - IEP",NA,"AZDB-AUE-PRD-NIAADL01.ESS.IEP Activity","Likely subset","Complex",TRUE,TRUE,"needs-creating","","","",39,0,0,"auto"
"ESS/IEP/Snapshots/Temp/IEP_Activity_Contact_20240331.QVD","IEP_Activity_Contact_20240331.QVD","01s ESS QVD Builder - IEP",NA,"AZDB-AUE-PRD-NIAADL01.ESS.IEP Activity Contact","Likely subset","Complex",TRUE,TRUE,"needs-import","fusionload","grant activity","",11,0,0,"auto"
"ESS/IEP/Snapshots/Temp/IEP_Activity_Contact_20240430.QVD","IEP_Activity_Contact_20240430.QVD","01s ESS QVD Builder - IEP",NA,"AZDB-AUE-PRD-NIAADL01.ESS.IEP Activity Contact","Likely subset","Complex",TRUE,TRUE,"needs-import","fusionload","grant activity","",11,0,0,"auto"
"ESS/IEP/Snapshots/Temp/IEP_Activity_Contact_20240531.QVD","IEP_Activity_Contact_20240531.QVD","01s ESS QVD Builder - IEP",NA,"AZDB-AUE-PRD-NIAADL01.ESS.IEP Activity Contact","Likely subset","Complex",TRUE,TRUE,"needs-import","fusionload","grant activity","",11,0,0,"auto"
"ESS/IEP/Snapshots/Temp/IEP_Activity_Contact_20240630.QVD","IEP_Activity_Contact_20240630.QVD","01s ESS QVD Builder - IEP",NA,"AZDB-AUE-PRD-NIAADL01.ESS.IEP Activity Contact","Likely subset","Complex",TRUE,TRUE,"needs-import","fusionload","grant activity","",11,0,0,"auto"
"ESS/IEP/Snapshots/Temp/IEP_Activity_Contact_20240731.QVD","IEP_Activity_Contact_20240731.QVD","01s ESS QVD Builder - IEP",NA,"AZDB-AUE-PRD-NIAADL01.ESS.IEP Activity Contact","Likely subset","Complex",TRUE,TRUE,"needs-import","fusionload","grant activity","",11,0,0,"auto"
"ESS/IEP/Snapshots/Temp/IEP_Activity_Contact_20240831.QVD","IEP_Activity_Contact_20240831.QVD","01s ESS QVD Builder - IEP",NA,"AZDB-AUE-PRD-NIAADL01.ESS.IEP Activity Contact","Likely subset","Complex",TRUE,TRUE,"needs-import","fusionload","grant activity","",11,0,0,"auto"
"ESS/IEP/Snapshots/Temp/IEP_Activity_Contact_20241031.QVD","IEP_Activity_Contact_20241031.QVD","01s ESS QVD Builder - IEP",NA,"AZDB-AUE-PRD-NIAADL01.ESS.IEP Activity Contact","Likely subset","Complex",TRUE,TRUE,"needs-import","fusionload","grant activity","",11,0,0,"auto"
"ESS/IEP/Snapshots/Temp/IEP_Activity_Contact_20250131.QVD","IEP_Activity_Contact_20250131.QVD","01s ESS QVD Builder - IEP",NA,"AZDB-AUE-PRD-NIAADL01.ESS.IEP Activity Contact","Likely subset","Complex",TRUE,TRUE,"needs-import","fusionload","grant activity","",11,0,0,"auto"
"ESS/IEP/Snapshots/Temp/IEP_Activity_Contact_20250228.QVD","IEP_Activity_Contact_20250228.QVD","01s ESS QVD Builder - IEP",NA,"AZDB-AUE-PRD-NIAADL01.ESS.IEP Activity Contact","Likely subset","Complex",TRUE,TRUE,"needs-import","fusionload","grant activity","",11,0,0,"auto"
"ESS/IEP/Snapshots/Temp/IEP_Activity_Contact_20250331.QVD","IEP_Activity_Contact_20250331.QVD","01s ESS QVD Builder - IEP",NA,"AZDB-AUE-PRD-NIAADL01.ESS.IEP Activity Contact","Likely subset","Complex",TRUE,TRUE,"needs-import","fusionload","grant activity","",11,0,0,"auto"
"ESS/IEP/Snapshots/Temp/IEP_Activity_Contact_20250430.QVD","IEP_Activity_Contact_20250430.QVD","01s ESS QVD Builder - IEP",NA,"AZDB-AUE-PRD-NIAADL01.ESS.IEP Activity Contact","Likely subset","Complex",TRUE,TRUE,"needs-import","fusionload","grant activity","",11,0,0,"auto"
"ESS/IEP/Snapshots/Temp/IEP_Activity_Contact_20250531.QVD","IEP_Activity_Contact_20250531.QVD","01s ESS QVD Builder - IEP",NA,"AZDB-AUE-PRD-NIAADL01.ESS.IEP Activity Contact","Likely subset","Complex",TRUE,TRUE,"needs-import","fusionload","grant activity","",11,0,0,"auto"
"ESS/IEP/Snapshots/Temp/IEP_Activity_Contact_20250630.QVD","IEP_Activity_Contact_20250630.QVD","01s ESS QVD Builder - IEP",NA,"AZDB-AUE-PRD-NIAADL01.ESS.IEP Activity Contact","Likely subset","Complex",TRUE,TRUE,"needs-import","fusionload","grant activity","",11,0,0,"auto"
"ESS/IEP/Snapshots/Temp/IEP_Activity_Contact_20250731.QVD","IEP_Activity_Contact_20250731.QVD","01s ESS QVD Builder - IEP",NA,"AZDB-AUE-PRD-NIAADL01.ESS.IEP Activity Contact","Likely subset","Complex",TRUE,TRUE,"needs-import","fusionload","grant activity","",11,0,0,"auto"
"ESS/IEP/Snapshots/Temp/IEP_Activity_Contact_20250831.QVD","IEP_Activity_Contact_20250831.QVD","01s ESS QVD Builder - IEP",NA,"AZDB-AUE-PRD-NIAADL01.ESS.IEP Activity Contact","Likely subset","Complex",TRUE,TRUE,"needs-import","fusionload","grant activity","",11,0,0,"auto"
"ESS/IEP/Snapshots/Temp/IEP_Activity_Contact_20250930.QVD","IEP_Activity_Contact_20250930.QVD","01s ESS QVD Builder - IEP",NA,"AZDB-AUE-PRD-NIAADL01.ESS.IEP Activity Contact","Likely subset","Complex",TRUE,TRUE,"needs-import","fusionload","grant activity","",11,0,0,"auto"
"ESS/IEP/Snapshots/Temp/IEP_Activity_Contact_20251231.QVD","IEP_Activity_Contact_20251231.QVD","01s ESS QVD Builder - IEP",NA,"AZDB-AUE-PRD-NIAADL01.ESS.IEP Activity Contact","Likely subset","Complex",TRUE,TRUE,"needs-import","fusionload","grant activity","",11,0,0,"auto"
"ESS/IEP/Snapshots/Temp/IEP_Activity_Contact_20260228.QVD","IEP_Activity_Contact_20260228.QVD","01s ESS QVD Builder - IEP",NA,"AZDB-AUE-PRD-NIAADL01.ESS.IEP Activity Contact","Likely subset","Complex",TRUE,TRUE,"needs-import","fusionload","grant activity","",11,0,0,"auto"
"ESS/IEP/Snapshots/Temp/IEP_Activity_Contact_20260430.QVD","IEP_Activity_Contact_20260430.QVD","01s ESS QVD Builder - IEP",NA,"AZDB-AUE-PRD-NIAADL01.ESS.IEP Activity Contact","Likely subset","Complex",TRUE,TRUE,"needs-import","fusionload","grant activity","",11,0,0,"auto"
"ESS/IEP/Snapshots/Temp/IEP_Activity_Contact_20260531.QVD","IEP_Activity_Contact_20260531.QVD","01s ESS QVD Builder - IEP",NA,"AZDB-AUE-PRD-NIAADL01.ESS.IEP Activity Contact","Likely subset","Complex",TRUE,TRUE,"needs-import","fusionload","grant activity","",11,0,0,"auto"
"ESS/IEP/Snapshots/Temp/IEP_Activity_Contact_20260630.QVD","IEP_Activity_Contact_20260630.QVD","01s ESS QVD Builder - IEP",NA,"AZDB-AUE-PRD-NIAADL01.ESS.IEP Activity Contact","Likely subset","Complex",TRUE,TRUE,"needs-import","fusionload","grant activity","",11,0,0,"auto"
"ESS/IEP/Snapshots/Temp/IEP_Activity_Expenditure_20240331.QVD","IEP_Activity_Expenditure_20240331.QVD","01s ESS QVD Builder - IEP",NA,"AZDB-AUE-PRD-NIAADL01.ESS.IEP Activity Expenditure","Exact","Complex",TRUE,TRUE,"multi-source","ESS","FUSION IEP Activity","lib://Curated data Store:DataFiles/10 Landing Area/ESS/FUSION IEP Activity.qvd",11,68,9,"auto"
"ESS/IEP/Snapshots/Temp/IEP_Activity_Expenditure_20240430.QVD","IEP_Activity_Expenditure_20240430.QVD","01s ESS QVD Builder - IEP",NA,"AZDB-AUE-PRD-NIAADL01.ESS.IEP Activity Expenditure","Exact","Complex",TRUE,TRUE,"multi-source","ESS","FUSION IEP Activity","lib://Curated data Store:DataFiles/10 Landing Area/ESS/FUSION IEP Activity.qvd",11,68,9,"auto"
"ESS/IEP/Snapshots/Temp/IEP_Activity_Expenditure_20240531.QVD","IEP_Activity_Expenditure_20240531.QVD","01s ESS QVD Builder - IEP",NA,"AZDB-AUE-PRD-NIAADL01.ESS.IEP Activity Expenditure","Exact","Complex",TRUE,TRUE,"multi-source","ESS","FUSION IEP Activity","lib://Curated data Store:DataFiles/10 Landing Area/ESS/FUSION IEP Activity.qvd",11,68,9,"auto"
"ESS/IEP/Snapshots/Temp/IEP_Activity_Expenditure_20240630.QVD","IEP_Activity_Expenditure_20240630.QVD","01s ESS QVD Builder - IEP",NA,"AZDB-AUE-PRD-NIAADL01.ESS.IEP Activity Expenditure","Exact","Complex",TRUE,TRUE,"multi-source","ESS","FUSION IEP Activity","lib://Curated data Store:DataFiles/10 Landing Area/ESS/FUSION IEP Activity.qvd",11,68,9,"auto"
"ESS/IEP/Snapshots/Temp/IEP_Activity_Expenditure_20240731.QVD","IEP_Activity_Expenditure_20240731.QVD","01s ESS QVD Builder - IEP",NA,"AZDB-AUE-PRD-NIAADL01.ESS.IEP Activity Expenditure","Exact","Complex",TRUE,TRUE,"multi-source","ESS","FUSION IEP Activity","lib://Curated data Store:DataFiles/10 Landing Area/ESS/FUSION IEP Activity.qvd",11,68,9,"auto"
"ESS/IEP/Snapshots/Temp/IEP_Activity_Expenditure_20240831.QVD","IEP_Activity_Expenditure_20240831.QVD","01s ESS QVD Builder - IEP",NA,"AZDB-AUE-PRD-NIAADL01.ESS.IEP Activity Expenditure","Exact","Complex",TRUE,TRUE,"multi-source","ESS","FUSION IEP Activity","lib://Curated data Store:DataFiles/10 Landing Area/ESS/FUSION IEP Activity.qvd",11,68,9,"auto"
"ESS/IEP/Snapshots/Temp/IEP_Activity_Expenditure_20241031.QVD","IEP_Activity_Expenditure_20241031.QVD","01s ESS QVD Builder - IEP",NA,"AZDB-AUE-PRD-NIAADL01.ESS.IEP Activity Expenditure","Exact","Complex",TRUE,TRUE,"multi-source","ESS","FUSION IEP Activity","lib://Curated data Store:DataFiles/10 Landing Area/ESS/FUSION IEP Activity.qvd",11,68,9,"auto"
"ESS/IEP/Snapshots/Temp/IEP_Activity_Expenditure_20250131.QVD","IEP_Activity_Expenditure_20250131.QVD","01s ESS QVD Builder - IEP",NA,"AZDB-AUE-PRD-NIAADL01.ESS.IEP Activity Expenditure","Exact","Complex",TRUE,TRUE,"multi-source","ESS","FUSION IEP Activity","lib://Curated data Store:DataFiles/10 Landing Area/ESS/FUSION IEP Activity.qvd",11,68,9,"auto"
"ESS/IEP/Snapshots/Temp/IEP_Activity_Expenditure_20250228.QVD","IEP_Activity_Expenditure_20250228.QVD","01s ESS QVD Builder - IEP",NA,"AZDB-AUE-PRD-NIAADL01.ESS.IEP Activity Expenditure","Exact","Complex",TRUE,TRUE,"multi-source","ESS","FUSION IEP Activity","lib://Curated data Store:DataFiles/10 Landing Area/ESS/FUSION IEP Activity.qvd",11,68,9,"auto"
"ESS/IEP/Snapshots/Temp/IEP_Activity_Expenditure_20250331.QVD","IEP_Activity_Expenditure_20250331.QVD","01s ESS QVD Builder - IEP",NA,"AZDB-AUE-PRD-NIAADL01.ESS.IEP Activity Expenditure","Exact","Complex",TRUE,TRUE,"multi-source","ESS","FUSION IEP Activity","lib://Curated data Store:DataFiles/10 Landing Area/ESS/FUSION IEP Activity.qvd",11,68,9,"auto"
"ESS/IEP/Snapshots/Temp/IEP_Activity_Expenditure_20250430.QVD","IEP_Activity_Expenditure_20250430.QVD","01s ESS QVD Builder - IEP",NA,"AZDB-AUE-PRD-NIAADL01.ESS.IEP Activity Expenditure","Exact","Complex",TRUE,TRUE,"multi-source","ESS","FUSION IEP Activity","lib://Curated data Store:DataFiles/10 Landing Area/ESS/FUSION IEP Activity.qvd",11,68,9,"auto"
"ESS/IEP/Snapshots/Temp/IEP_Activity_Expenditure_20250531.QVD","IEP_Activity_Expenditure_20250531.QVD","01s ESS QVD Builder - IEP",NA,"AZDB-AUE-PRD-NIAADL01.ESS.IEP Activity Expenditure","Exact","Complex",TRUE,TRUE,"multi-source","ESS","FUSION IEP Activity","lib://Curated data Store:DataFiles/10 Landing Area/ESS/FUSION IEP Activity.qvd",11,68,9,"auto"
"ESS/IEP/Snapshots/Temp/IEP_Activity_Expenditure_20250630.QVD","IEP_Activity_Expenditure_20250630.QVD","01s ESS QVD Builder - IEP",NA,"AZDB-AUE-PRD-NIAADL01.ESS.IEP Activity Expenditure","Exact","Complex",TRUE,TRUE,"multi-source","ESS","FUSION IEP Activity","lib://Curated data Store:DataFiles/10 Landing Area/ESS/FUSION IEP Activity.qvd",11,68,9,"auto"
"ESS/IEP/Snapshots/Temp/IEP_Activity_Expenditure_20250731.QVD","IEP_Activity_Expenditure_20250731.QVD","01s ESS QVD Builder - IEP",NA,"AZDB-AUE-PRD-NIAADL01.ESS.IEP Activity Expenditure","Exact","Complex",TRUE,TRUE,"multi-source","ESS","FUSION IEP Activity","lib://Curated data Store:DataFiles/10 Landing Area/ESS/FUSION IEP Activity.qvd",11,68,9,"auto"
"ESS/IEP/Snapshots/Temp/IEP_Activity_Expenditure_20250831.QVD","IEP_Activity_Expenditure_20250831.QVD","01s ESS QVD Builder - IEP",NA,"AZDB-AUE-PRD-NIAADL01.ESS.IEP Activity Expenditure","Exact","Complex",TRUE,TRUE,"multi-source","ESS","FUSION IEP Activity","lib://Curated data Store:DataFiles/10 Landing Area/ESS/FUSION IEP Activity.qvd",11,68,9,"auto"
"ESS/IEP/Snapshots/Temp/IEP_Activity_Expenditure_20250930.QVD","IEP_Activity_Expenditure_20250930.QVD","01s ESS QVD Builder - IEP",NA,"AZDB-AUE-PRD-NIAADL01.ESS.IEP Activity Expenditure","Exact","Complex",TRUE,TRUE,"multi-source","ESS","FUSION IEP Activity","lib://Curated data Store:DataFiles/10 Landing Area/ESS/FUSION IEP Activity.qvd",11,68,9,"auto"
"ESS/IEP/Snapshots/Temp/IEP_Activity_Expenditure_20251231.QVD","IEP_Activity_Expenditure_20251231.QVD","01s ESS QVD Builder - IEP",NA,"AZDB-AUE-PRD-NIAADL01.ESS.IEP Activity Expenditure","Exact","Complex",TRUE,TRUE,"multi-source","ESS","FUSION IEP Activity","lib://Curated data Store:DataFiles/10 Landing Area/ESS/FUSION IEP Activity.qvd",11,68,9,"auto"
"ESS/IEP/Snapshots/Temp/IEP_Activity_Expenditure_20260228.QVD","IEP_Activity_Expenditure_20260228.QVD","01s ESS QVD Builder - IEP",NA,"AZDB-AUE-PRD-NIAADL01.ESS.IEP Activity Expenditure","Exact","Complex",TRUE,TRUE,"multi-source","ESS","FUSION IEP Activity","lib://Curated data Store:DataFiles/10 Landing Area/ESS/FUSION IEP Activity.qvd",11,68,9,"auto"
"ESS/IEP/Snapshots/Temp/IEP_Activity_Expenditure_20260430.QVD","IEP_Activity_Expenditure_20260430.QVD","01s ESS QVD Builder - IEP",NA,"AZDB-AUE-PRD-NIAADL01.ESS.IEP Activity Expenditure","Exact","Complex",TRUE,TRUE,"multi-source","ESS","FUSION IEP Activity","lib://Curated data Store:DataFiles/10 Landing Area/ESS/FUSION IEP Activity.qvd",11,68,9,"auto"
"ESS/IEP/Snapshots/Temp/IEP_Activity_Expenditure_20260531.QVD","IEP_Activity_Expenditure_20260531.QVD","01s ESS QVD Builder - IEP",NA,"AZDB-AUE-PRD-NIAADL01.ESS.IEP Activity Expenditure","Exact","Complex",TRUE,TRUE,"multi-source","ESS","FUSION IEP Activity","lib://Curated data Store:DataFiles/10 Landing Area/ESS/FUSION IEP Activity.qvd",11,68,9,"auto"
"ESS/IEP/Snapshots/Temp/IEP_Activity_Expenditure_20260630.QVD","IEP_Activity_Expenditure_20260630.QVD","01s ESS QVD Builder - IEP",NA,"AZDB-AUE-PRD-NIAADL01.ESS.IEP Activity Expenditure","Exact","Complex",TRUE,TRUE,"multi-source","ESS","FUSION IEP Activity","lib://Curated data Store:DataFiles/10 Landing Area/ESS/FUSION IEP Activity.qvd",11,68,9,"auto"
"ESS/IEP/Snapshots/Temp/IEP_Claim_Payments_20240331.QVD","IEP_Claim_Payments_20240331.QVD","01s ESS QVD Builder - IEP",NA,"AZDB-AUE-PRD-NIAADL01.ESS.IEP Claim Payments","Partial match","Complex",FALSE,TRUE,"needs-creating","","","",20,0,0,"auto"
"ESS/IEP/Snapshots/Temp/IEP_Claim_Payments_20240430.QVD","IEP_Claim_Payments_20240430.QVD","01s ESS QVD Builder - IEP",NA,"AZDB-AUE-PRD-NIAADL01.ESS.IEP Claim Payments","Partial match","Complex",FALSE,TRUE,"needs-creating","","","",20,0,0,"auto"
"ESS/IEP/Snapshots/Temp/IEP_Claim_Payments_20240531.QVD","IEP_Claim_Payments_20240531.QVD","01s ESS QVD Builder - IEP",NA,"AZDB-AUE-PRD-NIAADL01.ESS.IEP Claim Payments","Partial match","Complex",FALSE,TRUE,"needs-creating","","","",20,0,0,"auto"
"ESS/IEP/Snapshots/Temp/IEP_Claim_Payments_20240630.QVD","IEP_Claim_Payments_20240630.QVD","01s ESS QVD Builder - IEP",NA,"AZDB-AUE-PRD-NIAADL01.ESS.IEP Claim Payments","Partial match","Complex",FALSE,TRUE,"needs-creating","","","",20,0,0,"auto"
"ESS/IEP/Snapshots/Temp/IEP_Claim_Payments_20240731.QVD","IEP_Claim_Payments_20240731.QVD","01s ESS QVD Builder - IEP",NA,"AZDB-AUE-PRD-NIAADL01.ESS.IEP Claim Payments","Partial match","Complex",FALSE,TRUE,"needs-creating","","","",20,0,0,"auto"
"ESS/IEP/Snapshots/Temp/IEP_Claim_Payments_20240831.QVD","IEP_Claim_Payments_20240831.QVD","01s ESS QVD Builder - IEP",NA,"AZDB-AUE-PRD-NIAADL01.ESS.IEP Claim Payments","Partial match","Complex",FALSE,TRUE,"needs-creating","","","",20,0,0,"auto"
"ESS/IEP/Snapshots/Temp/IEP_Claim_Payments_20241031.QVD","IEP_Claim_Payments_20241031.QVD","01s ESS QVD Builder - IEP",NA,"AZDB-AUE-PRD-NIAADL01.ESS.IEP Claim Payments","Partial match","Complex",FALSE,TRUE,"needs-creating","","","",20,0,0,"auto"
"ESS/IEP/Snapshots/Temp/IEP_Claim_Payments_20250131.QVD","IEP_Claim_Payments_20250131.QVD","01s ESS QVD Builder - IEP",NA,"AZDB-AUE-PRD-NIAADL01.ESS.IEP Claim Payments","Partial match","Complex",FALSE,TRUE,"needs-creating","","","",20,0,0,"auto"
"ESS/IEP/Snapshots/Temp/IEP_Claim_Payments_20250228.QVD","IEP_Claim_Payments_20250228.QVD","01s ESS QVD Builder - IEP",NA,"AZDB-AUE-PRD-NIAADL01.ESS.IEP Claim Payments","Partial match","Complex",FALSE,TRUE,"needs-creating","","","",20,0,0,"auto"
"ESS/IEP/Snapshots/Temp/IEP_Claim_Payments_20250331.QVD","IEP_Claim_Payments_20250331.QVD","01s ESS QVD Builder - IEP",NA,"AZDB-AUE-PRD-NIAADL01.ESS.IEP Claim Payments","Partial match","Complex",FALSE,TRUE,"needs-creating","","","",20,0,0,"auto"
"ESS/IEP/Snapshots/Temp/IEP_Claim_Payments_20250430.QVD","IEP_Claim_Payments_20250430.QVD","01s ESS QVD Builder - IEP",NA,"AZDB-AUE-PRD-NIAADL01.ESS.IEP Claim Payments","Partial match","Complex",FALSE,TRUE,"needs-creating","","","",20,0,0,"auto"
"ESS/IEP/Snapshots/Temp/IEP_Claim_Payments_20250531.QVD","IEP_Claim_Payments_20250531.QVD","01s ESS QVD Builder - IEP",NA,"AZDB-AUE-PRD-NIAADL01.ESS.IEP Claim Payments","Partial match","Complex",FALSE,TRUE,"needs-creating","","","",20,0,0,"auto"
"ESS/IEP/Snapshots/Temp/IEP_Claim_Payments_20250630.QVD","IEP_Claim_Payments_20250630.QVD","01s ESS QVD Builder - IEP",NA,"AZDB-AUE-PRD-NIAADL01.ESS.IEP Claim Payments","Partial match","Complex",FALSE,TRUE,"needs-creating","","","",20,0,0,"auto"
"ESS/IEP/Snapshots/Temp/IEP_Claim_Payments_20250731.QVD","IEP_Claim_Payments_20250731.QVD","01s ESS QVD Builder - IEP",NA,"AZDB-AUE-PRD-NIAADL01.ESS.IEP Claim Payments","Partial match","Complex",FALSE,TRUE,"needs-creating","","","",20,0,0,"auto"
"ESS/IEP/Snapshots/Temp/IEP_Claim_Payments_20250831.QVD","IEP_Claim_Payments_20250831.QVD","01s ESS QVD Builder - IEP",NA,"AZDB-AUE-PRD-NIAADL01.ESS.IEP Claim Payments","Partial match","Complex",FALSE,TRUE,"needs-creating","","","",20,0,0,"auto"
"ESS/IEP/Snapshots/Temp/IEP_Claim_Payments_20250930.QVD","IEP_Claim_Payments_20250930.QVD","01s ESS QVD Builder - IEP",NA,"AZDB-AUE-PRD-NIAADL01.ESS.IEP Claim Payments","Partial match","Complex",FALSE,TRUE,"needs-creating","","","",20,0,0,"auto"
"ESS/IEP/Snapshots/Temp/IEP_Claim_Payments_20251231.QVD","IEP_Claim_Payments_20251231.QVD","01s ESS QVD Builder - IEP",NA,"AZDB-AUE-PRD-NIAADL01.ESS.IEP Claim Payments","Partial match","Complex",FALSE,TRUE,"needs-creating","","","",20,0,0,"auto"
"ESS/IEP/Snapshots/Temp/IEP_Claim_Payments_20260228.QVD","IEP_Claim_Payments_20260228.QVD","01s ESS QVD Builder - IEP",NA,"AZDB-AUE-PRD-NIAADL01.ESS.IEP Claim Payments","Partial match","Complex",FALSE,TRUE,"needs-creating","","","",20,0,0,"auto"
"ESS/IEP/Snapshots/Temp/IEP_Claim_Payments_20260430.QVD","IEP_Claim_Payments_20260430.QVD","01s ESS QVD Builder - IEP",NA,"AZDB-AUE-PRD-NIAADL01.ESS.IEP Claim Payments","Partial match","Complex",FALSE,TRUE,"needs-creating","","","",20,0,0,"auto"
"ESS/IEP/Snapshots/Temp/IEP_Claim_Payments_20260531.QVD","IEP_Claim_Payments_20260531.QVD","01s ESS QVD Builder - IEP",NA,"AZDB-AUE-PRD-NIAADL01.ESS.IEP Claim Payments","Partial match","Complex",FALSE,TRUE,"needs-creating","","","",20,0,0,"auto"
"ESS/IEP/Snapshots/Temp/IEP_Claim_Payments_20260630.QVD","IEP_Claim_Payments_20260630.QVD","01s ESS QVD Builder - IEP",NA,"AZDB-AUE-PRD-NIAADL01.ESS.IEP Claim Payments","Partial match","Complex",FALSE,TRUE,"needs-creating","","","",20,0,0,"auto"
"ESS/IEP/Snapshots/Temp/IEP_Job_Seeker_20240331.QVD","IEP_Job_Seeker_20240331.QVD","01s ESS QVD Builder - IEP",NA,"AZDB-AUE-PRD-NIAADL01.ESS.IEP Job Seeker","Exact","Complex",FALSE,TRUE,"needs-creating","","","",15,0,0,"auto"
"ESS/IEP/Snapshots/Temp/IEP_Job_Seeker_20240430.QVD","IEP_Job_Seeker_20240430.QVD","01s ESS QVD Builder - IEP",NA,"AZDB-AUE-PRD-NIAADL01.ESS.IEP Job Seeker","Exact","Complex",FALSE,TRUE,"needs-creating","","","",15,0,0,"auto"
"ESS/IEP/Snapshots/Temp/IEP_Job_Seeker_20240531.QVD","IEP_Job_Seeker_20240531.QVD","01s ESS QVD Builder - IEP",NA,"AZDB-AUE-PRD-NIAADL01.ESS.IEP Job Seeker","Exact","Complex",FALSE,TRUE,"needs-creating","","","",15,0,0,"auto"
"ESS/IEP/Snapshots/Temp/IEP_Job_Seeker_20240630.QVD","IEP_Job_Seeker_20240630.QVD","01s ESS QVD Builder - IEP",NA,"AZDB-AUE-PRD-NIAADL01.ESS.IEP Job Seeker","Exact","Complex",FALSE,TRUE,"needs-creating","","","",15,0,0,"auto"
"ESS/IEP/Snapshots/Temp/IEP_Job_Seeker_20240731.QVD","IEP_Job_Seeker_20240731.QVD","01s ESS QVD Builder - IEP",NA,"AZDB-AUE-PRD-NIAADL01.ESS.IEP Job Seeker","Exact","Complex",FALSE,TRUE,"needs-creating","","","",15,0,0,"auto"
"ESS/IEP/Snapshots/Temp/IEP_Job_Seeker_20240831.QVD","IEP_Job_Seeker_20240831.QVD","01s ESS QVD Builder - IEP",NA,"AZDB-AUE-PRD-NIAADL01.ESS.IEP Job Seeker","Exact","Complex",FALSE,TRUE,"needs-creating","","","",15,0,0,"auto"
"ESS/IEP/Snapshots/Temp/IEP_Job_Seeker_20241031.QVD","IEP_Job_Seeker_20241031.QVD","01s ESS QVD Builder - IEP",NA,"AZDB-AUE-PRD-NIAADL01.ESS.IEP Job Seeker","Exact","Complex",FALSE,TRUE,"needs-creating","","","",15,0,0,"auto"
"ESS/IEP/Snapshots/Temp/IEP_Job_Seeker_20250131.QVD","IEP_Job_Seeker_20250131.QVD","01s ESS QVD Builder - IEP",NA,"AZDB-AUE-PRD-NIAADL01.ESS.IEP Job Seeker","Exact","Complex",FALSE,TRUE,"needs-creating","","","",15,0,0,"auto"
"ESS/IEP/Snapshots/Temp/IEP_Job_Seeker_20250228.QVD","IEP_Job_Seeker_20250228.QVD","01s ESS QVD Builder - IEP",NA,"AZDB-AUE-PRD-NIAADL01.ESS.IEP Job Seeker","Exact","Complex",FALSE,TRUE,"needs-creating","","","",15,0,0,"auto"
"ESS/IEP/Snapshots/Temp/IEP_Job_Seeker_20250331.QVD","IEP_Job_Seeker_20250331.QVD","01s ESS QVD Builder - IEP",NA,"AZDB-AUE-PRD-NIAADL01.ESS.IEP Job Seeker","Exact","Complex",FALSE,TRUE,"needs-creating","","","",15,0,0,"auto"
"ESS/IEP/Snapshots/Temp/IEP_Job_Seeker_20250430.QVD","IEP_Job_Seeker_20250430.QVD","01s ESS QVD Builder - IEP",NA,"AZDB-AUE-PRD-NIAADL01.ESS.IEP Job Seeker","Exact","Complex",FALSE,TRUE,"needs-creating","","","",15,0,0,"auto"
"ESS/IEP/Snapshots/Temp/IEP_Job_Seeker_20250531.QVD","IEP_Job_Seeker_20250531.QVD","01s ESS QVD Builder - IEP",NA,"AZDB-AUE-PRD-NIAADL01.ESS.IEP Job Seeker","Exact","Complex",FALSE,TRUE,"needs-creating","","","",15,0,0,"auto"
"ESS/IEP/Snapshots/Temp/IEP_Job_Seeker_20250630.QVD","IEP_Job_Seeker_20250630.QVD","01s ESS QVD Builder - IEP",NA,"AZDB-AUE-PRD-NIAADL01.ESS.IEP Job Seeker","Exact","Complex",FALSE,TRUE,"needs-creating","","","",15,0,0,"auto"
"ESS/IEP/Snapshots/Temp/IEP_Job_Seeker_20250731.QVD","IEP_Job_Seeker_20250731.QVD","01s ESS QVD Builder - IEP",NA,"AZDB-AUE-PRD-NIAADL01.ESS.IEP Job Seeker","Exact","Complex",FALSE,TRUE,"needs-creating","","","",15,0,0,"auto"
"ESS/IEP/Snapshots/Temp/IEP_Job_Seeker_20250831.QVD","IEP_Job_Seeker_20250831.QVD","01s ESS QVD Builder - IEP",NA,"AZDB-AUE-PRD-NIAADL01.ESS.IEP Job Seeker","Exact","Complex",FALSE,TRUE,"needs-creating","","","",15,0,0,"auto"
"ESS/IEP/Snapshots/Temp/IEP_Job_Seeker_20250930.QVD","IEP_Job_Seeker_20250930.QVD","01s ESS QVD Builder - IEP",NA,"AZDB-AUE-PRD-NIAADL01.ESS.IEP Job Seeker","Exact","Complex",FALSE,TRUE,"needs-creating","","","",15,0,0,"auto"
"ESS/IEP/Snapshots/Temp/IEP_Job_Seeker_20251231.QVD","IEP_Job_Seeker_20251231.QVD","01s ESS QVD Builder - IEP",NA,"AZDB-AUE-PRD-NIAADL01.ESS.IEP Job Seeker","Exact","Complex",FALSE,TRUE,"needs-creating","","","",15,0,0,"auto"
"ESS/IEP/Snapshots/Temp/IEP_Job_Seeker_20260228.QVD","IEP_Job_Seeker_20260228.QVD","01s ESS QVD Builder - IEP",NA,"AZDB-AUE-PRD-NIAADL01.ESS.IEP Job Seeker","Exact","Complex",FALSE,TRUE,"needs-creating","","","",15,0,0,"auto"
"ESS/IEP/Snapshots/Temp/IEP_Job_Seeker_20260430.QVD","IEP_Job_Seeker_20260430.QVD","01s ESS QVD Builder - IEP",NA,"AZDB-AUE-PRD-NIAADL01.ESS.IEP Job Seeker","Exact","Complex",FALSE,TRUE,"needs-creating","","","",15,0,0,"auto"
"ESS/IEP/Snapshots/Temp/IEP_Job_Seeker_20260531.QVD","IEP_Job_Seeker_20260531.QVD","01s ESS QVD Builder - IEP",NA,"AZDB-AUE-PRD-NIAADL01.ESS.IEP Job Seeker","Exact","Complex",FALSE,TRUE,"needs-creating","","","",15,0,0,"auto"
"ESS/IEP/Snapshots/Temp/IEP_Job_Seeker_20260630.QVD","IEP_Job_Seeker_20260630.QVD","01s ESS QVD Builder - IEP",NA,"AZDB-AUE-PRD-NIAADL01.ESS.IEP Job Seeker","Exact","Complex",FALSE,TRUE,"needs-creating","","","",15,0,0,"auto"
"ESS/IEP/Snapshots/Temp/IEP_Locations_20240331.QVD","IEP_Locations_20240331.QVD","01s ESS QVD Builder - IEP",NA,"AZDB-AUE-PRD-NIAADL01.ESS.IEP Locations","Exact","Complex",TRUE,TRUE,"needs-creating","","","",7,0,0,"auto"
"ESS/IEP/Snapshots/Temp/IEP_Locations_20240430.QVD","IEP_Locations_20240430.QVD","01s ESS QVD Builder - IEP",NA,"AZDB-AUE-PRD-NIAADL01.ESS.IEP Locations","Exact","Complex",TRUE,TRUE,"needs-creating","","","",7,0,0,"auto"
"ESS/IEP/Snapshots/Temp/IEP_Locations_20240531.QVD","IEP_Locations_20240531.QVD","01s ESS QVD Builder - IEP",NA,"AZDB-AUE-PRD-NIAADL01.ESS.IEP Locations","Exact","Complex",TRUE,TRUE,"needs-creating","","","",7,0,0,"auto"
"ESS/IEP/Snapshots/Temp/IEP_Locations_20240630.QVD","IEP_Locations_20240630.QVD","01s ESS QVD Builder - IEP",NA,"AZDB-AUE-PRD-NIAADL01.ESS.IEP Locations","Exact","Complex",TRUE,TRUE,"needs-creating","","","",7,0,0,"auto"
"ESS/IEP/Snapshots/Temp/IEP_Locations_20240731.QVD","IEP_Locations_20240731.QVD","01s ESS QVD Builder - IEP",NA,"AZDB-AUE-PRD-NIAADL01.ESS.IEP Locations","Exact","Complex",TRUE,TRUE,"needs-creating","","","",7,0,0,"auto"
"ESS/IEP/Snapshots/Temp/IEP_Locations_20240831.QVD","IEP_Locations_20240831.QVD","01s ESS QVD Builder - IEP",NA,"AZDB-AUE-PRD-NIAADL01.ESS.IEP Locations","Exact","Complex",TRUE,TRUE,"needs-creating","","","",7,0,0,"auto"
"ESS/IEP/Snapshots/Temp/IEP_Locations_20241031.QVD","IEP_Locations_20241031.QVD","01s ESS QVD Builder - IEP",NA,"AZDB-AUE-PRD-NIAADL01.ESS.IEP Locations","Exact","Complex",TRUE,TRUE,"needs-creating","","","",7,0,0,"auto"
"ESS/IEP/Snapshots/Temp/IEP_Locations_20250131.QVD","IEP_Locations_20250131.QVD","01s ESS QVD Builder - IEP",NA,"AZDB-AUE-PRD-NIAADL01.ESS.IEP Locations","Exact","Complex",TRUE,TRUE,"needs-creating","","","",7,0,0,"auto"
"ESS/IEP/Snapshots/Temp/IEP_Locations_20250228.QVD","IEP_Locations_20250228.QVD","01s ESS QVD Builder - IEP",NA,"AZDB-AUE-PRD-NIAADL01.ESS.IEP Locations","Exact","Complex",TRUE,TRUE,"needs-creating","","","",7,0,0,"auto"
"ESS/IEP/Snapshots/Temp/IEP_Locations_20250331.QVD","IEP_Locations_20250331.QVD","01s ESS QVD Builder - IEP",NA,"AZDB-AUE-PRD-NIAADL01.ESS.IEP Locations","Exact","Complex",TRUE,TRUE,"needs-creating","","","",7,0,0,"auto"
"ESS/IEP/Snapshots/Temp/IEP_Locations_20250430.QVD","IEP_Locations_20250430.QVD","01s ESS QVD Builder - IEP",NA,"AZDB-AUE-PRD-NIAADL01.ESS.IEP Locations","Exact","Complex",TRUE,TRUE,"needs-creating","","","",7,0,0,"auto"
"ESS/IEP/Snapshots/Temp/IEP_Locations_20250531.QVD","IEP_Locations_20250531.QVD","01s ESS QVD Builder - IEP",NA,"AZDB-AUE-PRD-NIAADL01.ESS.IEP Locations","Exact","Complex",TRUE,TRUE,"needs-creating","","","",7,0,0,"auto"
"ESS/IEP/Snapshots/Temp/IEP_Locations_20250630.QVD","IEP_Locations_20250630.QVD","01s ESS QVD Builder - IEP",NA,"AZDB-AUE-PRD-NIAADL01.ESS.IEP Locations","Exact","Complex",TRUE,TRUE,"needs-creating","","","",7,0,0,"auto"
"ESS/IEP/Snapshots/Temp/IEP_Locations_20250731.QVD","IEP_Locations_20250731.QVD","01s ESS QVD Builder - IEP",NA,"AZDB-AUE-PRD-NIAADL01.ESS.IEP Locations","Exact","Complex",TRUE,TRUE,"needs-creating","","","",7,0,0,"auto"
"ESS/IEP/Snapshots/Temp/IEP_Locations_20250831.QVD","IEP_Locations_20250831.QVD","01s ESS QVD Builder - IEP",NA,"AZDB-AUE-PRD-NIAADL01.ESS.IEP Locations","Exact","Complex",TRUE,TRUE,"needs-creating","","","",7,0,0,"auto"
"ESS/IEP/Snapshots/Temp/IEP_Locations_20250930.QVD","IEP_Locations_20250930.QVD","01s ESS QVD Builder - IEP",NA,"AZDB-AUE-PRD-NIAADL01.ESS.IEP Locations","Exact","Complex",TRUE,TRUE,"needs-creating","","","",7,0,0,"auto"
"ESS/IEP/Snapshots/Temp/IEP_Locations_20251231.QVD","IEP_Locations_20251231.QVD","01s ESS QVD Builder - IEP",NA,"AZDB-AUE-PRD-NIAADL01.ESS.IEP Locations","Exact","Complex",TRUE,TRUE,"needs-creating","","","",7,0,0,"auto"
"ESS/IEP/Snapshots/Temp/IEP_Locations_20260228.QVD","IEP_Locations_20260228.QVD","01s ESS QVD Builder - IEP",NA,"AZDB-AUE-PRD-NIAADL01.ESS.IEP Locations","Exact","Complex",TRUE,TRUE,"needs-creating","","","",7,0,0,"auto"
"ESS/IEP/Snapshots/Temp/IEP_Locations_20260430.QVD","IEP_Locations_20260430.QVD","01s ESS QVD Builder - IEP",NA,"AZDB-AUE-PRD-NIAADL01.ESS.IEP Locations","Exact","Complex",TRUE,TRUE,"needs-creating","","","",7,0,0,"auto"
"ESS/IEP/Snapshots/Temp/IEP_Locations_20260531.QVD","IEP_Locations_20260531.QVD","01s ESS QVD Builder - IEP",NA,"AZDB-AUE-PRD-NIAADL01.ESS.IEP Locations","Exact","Complex",TRUE,TRUE,"needs-creating","","","",7,0,0,"auto"
"ESS/IEP/Snapshots/Temp/IEP_Locations_20260630.QVD","IEP_Locations_20260630.QVD","01s ESS QVD Builder - IEP",NA,"AZDB-AUE-PRD-NIAADL01.ESS.IEP Locations","Exact","Complex",TRUE,TRUE,"needs-creating","","","",7,0,0,"auto"
"ESS/IEP/Snapshots/Temp/IEP_Outcome_20240331.QVD","IEP_Outcome_20240331.QVD","01s ESS QVD Builder - IEP",NA,"AZDB-AUE-PRD-NIAADL01.ESS.IEP Outcome","Exact","Complex",TRUE,TRUE,"multi-source","ESS","IEP Outcome Max Paid Week","lib://Curated data Store:DataFiles/10 Landing Area/ESS/IEP Outcome Max Paid Week.qvd",20,4,16,"auto"
"ESS/IEP/Snapshots/Temp/IEP_Outcome_20240430.QVD","IEP_Outcome_20240430.QVD","01s ESS QVD Builder - IEP",NA,"AZDB-AUE-PRD-NIAADL01.ESS.IEP Outcome","Exact","Complex",TRUE,TRUE,"multi-source","ESS","IEP Outcome Max Paid Week","lib://Curated data Store:DataFiles/10 Landing Area/ESS/IEP Outcome Max Paid Week.qvd",20,4,16,"auto"
"ESS/IEP/Snapshots/Temp/IEP_Outcome_20240531.QVD","IEP_Outcome_20240531.QVD","01s ESS QVD Builder - IEP",NA,"AZDB-AUE-PRD-NIAADL01.ESS.IEP Outcome","Exact","Complex",TRUE,TRUE,"multi-source","ESS","IEP Outcome Max Paid Week","lib://Curated data Store:DataFiles/10 Landing Area/ESS/IEP Outcome Max Paid Week.qvd",20,4,16,"auto"
"ESS/IEP/Snapshots/Temp/IEP_Outcome_20240630.QVD","IEP_Outcome_20240630.QVD","01s ESS QVD Builder - IEP",NA,"AZDB-AUE-PRD-NIAADL01.ESS.IEP Outcome","Exact","Complex",TRUE,TRUE,"multi-source","ESS","IEP Outcome Max Paid Week","lib://Curated data Store:DataFiles/10 Landing Area/ESS/IEP Outcome Max Paid Week.qvd",20,4,16,"auto"
"ESS/IEP/Snapshots/Temp/IEP_Outcome_20240731.QVD","IEP_Outcome_20240731.QVD","01s ESS QVD Builder - IEP",NA,"AZDB-AUE-PRD-NIAADL01.ESS.IEP Outcome","Exact","Complex",TRUE,TRUE,"multi-source","ESS","IEP Outcome Max Paid Week","lib://Curated data Store:DataFiles/10 Landing Area/ESS/IEP Outcome Max Paid Week.qvd",20,4,16,"auto"
"ESS/IEP/Snapshots/Temp/IEP_Outcome_20240831.QVD","IEP_Outcome_20240831.QVD","01s ESS QVD Builder - IEP",NA,"AZDB-AUE-PRD-NIAADL01.ESS.IEP Outcome","Exact","Complex",TRUE,TRUE,"multi-source","ESS","IEP Outcome Max Paid Week","lib://Curated data Store:DataFiles/10 Landing Area/ESS/IEP Outcome Max Paid Week.qvd",20,4,16,"auto"
"ESS/IEP/Snapshots/Temp/IEP_Outcome_20241031.QVD","IEP_Outcome_20241031.QVD","01s ESS QVD Builder - IEP",NA,"AZDB-AUE-PRD-NIAADL01.ESS.IEP Outcome","Exact","Complex",TRUE,TRUE,"multi-source","ESS","IEP Outcome Max Paid Week","lib://Curated data Store:DataFiles/10 Landing Area/ESS/IEP Outcome Max Paid Week.qvd",20,4,16,"auto"
"ESS/IEP/Snapshots/Temp/IEP_Outcome_20250131.QVD","IEP_Outcome_20250131.QVD","01s ESS QVD Builder - IEP",NA,"AZDB-AUE-PRD-NIAADL01.ESS.IEP Outcome","Exact","Complex",TRUE,TRUE,"multi-source","ESS","IEP Outcome Max Paid Week","lib://Curated data Store:DataFiles/10 Landing Area/ESS/IEP Outcome Max Paid Week.qvd",20,4,16,"auto"
"ESS/IEP/Snapshots/Temp/IEP_Outcome_20250228.QVD","IEP_Outcome_20250228.QVD","01s ESS QVD Builder - IEP",NA,"AZDB-AUE-PRD-NIAADL01.ESS.IEP Outcome","Exact","Complex",TRUE,TRUE,"multi-source","ESS","IEP Outcome Max Paid Week","lib://Curated data Store:DataFiles/10 Landing Area/ESS/IEP Outcome Max Paid Week.qvd",20,4,16,"auto"
"ESS/IEP/Snapshots/Temp/IEP_Outcome_20250331.QVD","IEP_Outcome_20250331.QVD","01s ESS QVD Builder - IEP",NA,"AZDB-AUE-PRD-NIAADL01.ESS.IEP Outcome","Exact","Complex",TRUE,TRUE,"multi-source","ESS","IEP Outcome Max Paid Week","lib://Curated data Store:DataFiles/10 Landing Area/ESS/IEP Outcome Max Paid Week.qvd",20,4,16,"auto"
"ESS/IEP/Snapshots/Temp/IEP_Outcome_20250430.QVD","IEP_Outcome_20250430.QVD","01s ESS QVD Builder - IEP",NA,"AZDB-AUE-PRD-NIAADL01.ESS.IEP Outcome","Exact","Complex",TRUE,TRUE,"multi-source","ESS","IEP Outcome Max Paid Week","lib://Curated data Store:DataFiles/10 Landing Area/ESS/IEP Outcome Max Paid Week.qvd",20,4,16,"auto"
"ESS/IEP/Snapshots/Temp/IEP_Outcome_20250531.QVD","IEP_Outcome_20250531.QVD","01s ESS QVD Builder - IEP",NA,"AZDB-AUE-PRD-NIAADL01.ESS.IEP Outcome","Exact","Complex",TRUE,TRUE,"multi-source","ESS","IEP Outcome Max Paid Week","lib://Curated data Store:DataFiles/10 Landing Area/ESS/IEP Outcome Max Paid Week.qvd",20,4,16,"auto"
"ESS/IEP/Snapshots/Temp/IEP_Outcome_20250630.QVD","IEP_Outcome_20250630.QVD","01s ESS QVD Builder - IEP",NA,"AZDB-AUE-PRD-NIAADL01.ESS.IEP Outcome","Exact","Complex",TRUE,TRUE,"multi-source","ESS","IEP Outcome Max Paid Week","lib://Curated data Store:DataFiles/10 Landing Area/ESS/IEP Outcome Max Paid Week.qvd",20,4,16,"auto"
"ESS/IEP/Snapshots/Temp/IEP_Outcome_20250731.QVD","IEP_Outcome_20250731.QVD","01s ESS QVD Builder - IEP",NA,"AZDB-AUE-PRD-NIAADL01.ESS.IEP Outcome","Exact","Complex",TRUE,TRUE,"multi-source","ESS","IEP Outcome Max Paid Week","lib://Curated data Store:DataFiles/10 Landing Area/ESS/IEP Outcome Max Paid Week.qvd",20,4,16,"auto"
"ESS/IEP/Snapshots/Temp/IEP_Outcome_20250831.QVD","IEP_Outcome_20250831.QVD","01s ESS QVD Builder - IEP",NA,"AZDB-AUE-PRD-NIAADL01.ESS.IEP Outcome","Exact","Complex",TRUE,TRUE,"multi-source","ESS","IEP Outcome Max Paid Week","lib://Curated data Store:DataFiles/10 Landing Area/ESS/IEP Outcome Max Paid Week.qvd",20,4,16,"auto"
"ESS/IEP/Snapshots/Temp/IEP_Outcome_20250930.QVD","IEP_Outcome_20250930.QVD","01s ESS QVD Builder - IEP",NA,"AZDB-AUE-PRD-NIAADL01.ESS.IEP Outcome","Exact","Complex",TRUE,TRUE,"multi-source","ESS","IEP Outcome Max Paid Week","lib://Curated data Store:DataFiles/10 Landing Area/ESS/IEP Outcome Max Paid Week.qvd",20,4,16,"auto"
"ESS/IEP/Snapshots/Temp/IEP_Outcome_20251231.QVD","IEP_Outcome_20251231.QVD","01s ESS QVD Builder - IEP",NA,"AZDB-AUE-PRD-NIAADL01.ESS.IEP Outcome","Exact","Complex",TRUE,TRUE,"multi-source","ESS","IEP Outcome Max Paid Week","lib://Curated data Store:DataFiles/10 Landing Area/ESS/IEP Outcome Max Paid Week.qvd",20,4,16,"auto"
"ESS/IEP/Snapshots/Temp/IEP_Outcome_20260228.QVD","IEP_Outcome_20260228.QVD","01s ESS QVD Builder - IEP",NA,"AZDB-AUE-PRD-NIAADL01.ESS.IEP Outcome","Exact","Complex",TRUE,TRUE,"multi-source","ESS","IEP Outcome Max Paid Week","lib://Curated data Store:DataFiles/10 Landing Area/ESS/IEP Outcome Max Paid Week.qvd",20,4,16,"auto"
"ESS/IEP/Snapshots/Temp/IEP_Outcome_20260430.QVD","IEP_Outcome_20260430.QVD","01s ESS QVD Builder - IEP",NA,"AZDB-AUE-PRD-NIAADL01.ESS.IEP Outcome","Exact","Complex",TRUE,TRUE,"multi-source","ESS","IEP Outcome Max Paid Week","lib://Curated data Store:DataFiles/10 Landing Area/ESS/IEP Outcome Max Paid Week.qvd",20,4,16,"auto"
"ESS/IEP/Snapshots/Temp/IEP_Outcome_20260531.QVD","IEP_Outcome_20260531.QVD","01s ESS QVD Builder - IEP",NA,"AZDB-AUE-PRD-NIAADL01.ESS.IEP Outcome","Exact","Complex",TRUE,TRUE,"multi-source","ESS","IEP Outcome Max Paid Week","lib://Curated data Store:DataFiles/10 Landing Area/ESS/IEP Outcome Max Paid Week.qvd",20,4,16,"auto"
"ESS/IEP/Snapshots/Temp/IEP_Outcome_20260630.QVD","IEP_Outcome_20260630.QVD","01s ESS QVD Builder - IEP",NA,"AZDB-AUE-PRD-NIAADL01.ESS.IEP Outcome","Exact","Complex",TRUE,TRUE,"multi-source","ESS","IEP Outcome Max Paid Week","lib://Curated data Store:DataFiles/10 Landing Area/ESS/IEP Outcome Max Paid Week.qvd",20,4,16,"auto"
"ESS/IEP/Snapshots/Temp/IEP_Placement_20240331.QVD","IEP_Placement_20240331.QVD","01s ESS QVD Builder - IEP",NA,"AZDB-AUE-PRD-NIAADL01.ESS.IEP Placement","Partial match","Complex",TRUE,TRUE,"needs-creating","","","",44,0,0,"auto"
"ESS/IEP/Snapshots/Temp/IEP_Placement_20240430.QVD","IEP_Placement_20240430.QVD","01s ESS QVD Builder - IEP",NA,"AZDB-AUE-PRD-NIAADL01.ESS.IEP Placement","Partial match","Complex",TRUE,TRUE,"needs-creating","","","",44,0,0,"auto"
"ESS/IEP/Snapshots/Temp/IEP_Placement_20240531.QVD","IEP_Placement_20240531.QVD","01s ESS QVD Builder - IEP",NA,"AZDB-AUE-PRD-NIAADL01.ESS.IEP Placement","Partial match","Complex",TRUE,TRUE,"needs-creating","","","",44,0,0,"auto"
"ESS/IEP/Snapshots/Temp/IEP_Placement_20240630.QVD","IEP_Placement_20240630.QVD","01s ESS QVD Builder - IEP",NA,"AZDB-AUE-PRD-NIAADL01.ESS.IEP Placement","Partial match","Complex",TRUE,TRUE,"needs-creating","","","",44,0,0,"auto"
"ESS/IEP/Snapshots/Temp/IEP_Placement_20240731.QVD","IEP_Placement_20240731.QVD","01s ESS QVD Builder - IEP",NA,"AZDB-AUE-PRD-NIAADL01.ESS.IEP Placement","Partial match","Complex",TRUE,TRUE,"needs-creating","","","",44,0,0,"auto"
"ESS/IEP/Snapshots/Temp/IEP_Placement_20240831.QVD","IEP_Placement_20240831.QVD","01s ESS QVD Builder - IEP",NA,"AZDB-AUE-PRD-NIAADL01.ESS.IEP Placement","Partial match","Complex",TRUE,TRUE,"needs-creating","","","",44,0,0,"auto"
"ESS/IEP/Snapshots/Temp/IEP_Placement_20241031.QVD","IEP_Placement_20241031.QVD","01s ESS QVD Builder - IEP",NA,"AZDB-AUE-PRD-NIAADL01.ESS.IEP Placement","Partial match","Complex",TRUE,TRUE,"needs-creating","","","",44,0,0,"auto"
"ESS/IEP/Snapshots/Temp/IEP_Placement_20250131.QVD","IEP_Placement_20250131.QVD","01s ESS QVD Builder - IEP",NA,"AZDB-AUE-PRD-NIAADL01.ESS.IEP Placement","Partial match","Complex",TRUE,TRUE,"needs-creating","","","",44,0,0,"auto"
"ESS/IEP/Snapshots/Temp/IEP_Placement_20250228.QVD","IEP_Placement_20250228.QVD","01s ESS QVD Builder - IEP",NA,"AZDB-AUE-PRD-NIAADL01.ESS.IEP Placement","Partial match","Complex",TRUE,TRUE,"needs-creating","","","",44,0,0,"auto"
"ESS/IEP/Snapshots/Temp/IEP_Placement_20250331.QVD","IEP_Placement_20250331.QVD","01s ESS QVD Builder - IEP",NA,"AZDB-AUE-PRD-NIAADL01.ESS.IEP Placement","Partial match","Complex",TRUE,TRUE,"needs-creating","","","",44,0,0,"auto"
"ESS/IEP/Snapshots/Temp/IEP_Placement_20250430.QVD","IEP_Placement_20250430.QVD","01s ESS QVD Builder - IEP",NA,"AZDB-AUE-PRD-NIAADL01.ESS.IEP Placement","Partial match","Complex",TRUE,TRUE,"needs-creating","","","",44,0,0,"auto"
"ESS/IEP/Snapshots/Temp/IEP_Placement_20250531.QVD","IEP_Placement_20250531.QVD","01s ESS QVD Builder - IEP",NA,"AZDB-AUE-PRD-NIAADL01.ESS.IEP Placement","Partial match","Complex",TRUE,TRUE,"needs-creating","","","",44,0,0,"auto"
"ESS/IEP/Snapshots/Temp/IEP_Placement_20250630.QVD","IEP_Placement_20250630.QVD","01s ESS QVD Builder - IEP",NA,"AZDB-AUE-PRD-NIAADL01.ESS.IEP Placement","Partial match","Complex",TRUE,TRUE,"needs-creating","","","",44,0,0,"auto"
"ESS/IEP/Snapshots/Temp/IEP_Placement_20250731.QVD","IEP_Placement_20250731.QVD","01s ESS QVD Builder - IEP",NA,"AZDB-AUE-PRD-NIAADL01.ESS.IEP Placement","Partial match","Complex",TRUE,TRUE,"needs-creating","","","",44,0,0,"auto"
"ESS/IEP/Snapshots/Temp/IEP_Placement_20250831.QVD","IEP_Placement_20250831.QVD","01s ESS QVD Builder - IEP",NA,"AZDB-AUE-PRD-NIAADL01.ESS.IEP Placement","Partial match","Complex",TRUE,TRUE,"needs-creating","","","",44,0,0,"auto"
"ESS/IEP/Snapshots/Temp/IEP_Placement_20250930.QVD","IEP_Placement_20250930.QVD","01s ESS QVD Builder - IEP",NA,"AZDB-AUE-PRD-NIAADL01.ESS.IEP Placement","Partial match","Complex",TRUE,TRUE,"needs-creating","","","",44,0,0,"auto"
"ESS/IEP/Snapshots/Temp/IEP_Placement_20251231.QVD","IEP_Placement_20251231.QVD","01s ESS QVD Builder - IEP",NA,"AZDB-AUE-PRD-NIAADL01.ESS.IEP Placement","Partial match","Complex",TRUE,TRUE,"needs-creating","","","",44,0,0,"auto"
"ESS/IEP/Snapshots/Temp/IEP_Placement_20260228.QVD","IEP_Placement_20260228.QVD","01s ESS QVD Builder - IEP",NA,"AZDB-AUE-PRD-NIAADL01.ESS.IEP Placement","Partial match","Complex",TRUE,TRUE,"needs-creating","","","",44,0,0,"auto"
"ESS/IEP/Snapshots/Temp/IEP_Placement_20260430.QVD","IEP_Placement_20260430.QVD","01s ESS QVD Builder - IEP",NA,"AZDB-AUE-PRD-NIAADL01.ESS.IEP Placement","Partial match","Complex",TRUE,TRUE,"needs-creating","","","",44,0,0,"auto"
"ESS/IEP/Snapshots/Temp/IEP_Placement_20260531.QVD","IEP_Placement_20260531.QVD","01s ESS QVD Builder - IEP",NA,"AZDB-AUE-PRD-NIAADL01.ESS.IEP Placement","Partial match","Complex",TRUE,TRUE,"needs-creating","","","",44,0,0,"auto"
"ESS/IEP/Snapshots/Temp/IEP_Placement_20260630.QVD","IEP_Placement_20260630.QVD","01s ESS QVD Builder - IEP",NA,"AZDB-AUE-PRD-NIAADL01.ESS.IEP Placement","Partial match","Complex",TRUE,TRUE,"needs-creating","","","",44,0,0,"auto"
"ESS/IEP/Snapshots/Temp/IEP_Provider_20240331.QVD","IEP_Provider_20240331.QVD","01s ESS QVD Builder - IEP",NA,"AZDB-AUE-PRD-NIAADL01.ESS.IEP Provider","Exact","Complex",TRUE,TRUE,"needs-import","fusionload","source organisation","",34,0,0,"auto"
"ESS/IEP/Snapshots/Temp/IEP_Provider_20240430.QVD","IEP_Provider_20240430.QVD","01s ESS QVD Builder - IEP",NA,"AZDB-AUE-PRD-NIAADL01.ESS.IEP Provider","Exact","Complex",TRUE,TRUE,"needs-import","fusionload","source organisation","",34,0,0,"auto"
"ESS/IEP/Snapshots/Temp/IEP_Provider_20240531.QVD","IEP_Provider_20240531.QVD","01s ESS QVD Builder - IEP",NA,"AZDB-AUE-PRD-NIAADL01.ESS.IEP Provider","Exact","Complex",TRUE,TRUE,"needs-import","fusionload","source organisation","",34,0,0,"auto"
"ESS/IEP/Snapshots/Temp/IEP_Provider_20240630.QVD","IEP_Provider_20240630.QVD","01s ESS QVD Builder - IEP",NA,"AZDB-AUE-PRD-NIAADL01.ESS.IEP Provider","Exact","Complex",TRUE,TRUE,"needs-import","fusionload","source organisation","",34,0,0,"auto"
"ESS/IEP/Snapshots/Temp/IEP_Provider_20240731.QVD","IEP_Provider_20240731.QVD","01s ESS QVD Builder - IEP",NA,"AZDB-AUE-PRD-NIAADL01.ESS.IEP Provider","Exact","Complex",TRUE,TRUE,"needs-import","fusionload","source organisation","",34,0,0,"auto"
"ESS/IEP/Snapshots/Temp/IEP_Provider_20240831.QVD","IEP_Provider_20240831.QVD","01s ESS QVD Builder - IEP",NA,"AZDB-AUE-PRD-NIAADL01.ESS.IEP Provider","Exact","Complex",TRUE,TRUE,"needs-import","fusionload","source organisation","",34,0,0,"auto"
"ESS/IEP/Snapshots/Temp/IEP_Provider_20241031.QVD","IEP_Provider_20241031.QVD","01s ESS QVD Builder - IEP",NA,"AZDB-AUE-PRD-NIAADL01.ESS.IEP Provider","Exact","Complex",TRUE,TRUE,"needs-import","fusionload","source organisation","",34,0,0,"auto"
"ESS/IEP/Snapshots/Temp/IEP_Provider_20250131.QVD","IEP_Provider_20250131.QVD","01s ESS QVD Builder - IEP",NA,"AZDB-AUE-PRD-NIAADL01.ESS.IEP Provider","Exact","Complex",TRUE,TRUE,"needs-import","fusionload","source organisation","",34,0,0,"auto"
"ESS/IEP/Snapshots/Temp/IEP_Provider_20250228.QVD","IEP_Provider_20250228.QVD","01s ESS QVD Builder - IEP",NA,"AZDB-AUE-PRD-NIAADL01.ESS.IEP Provider","Exact","Complex",TRUE,TRUE,"needs-import","fusionload","source organisation","",34,0,0,"auto"
"ESS/IEP/Snapshots/Temp/IEP_Provider_20250331.QVD","IEP_Provider_20250331.QVD","01s ESS QVD Builder - IEP",NA,"AZDB-AUE-PRD-NIAADL01.ESS.IEP Provider","Exact","Complex",TRUE,TRUE,"needs-import","fusionload","source organisation","",34,0,0,"auto"
"ESS/IEP/Snapshots/Temp/IEP_Provider_20250430.QVD","IEP_Provider_20250430.QVD","01s ESS QVD Builder - IEP",NA,"AZDB-AUE-PRD-NIAADL01.ESS.IEP Provider","Exact","Complex",TRUE,TRUE,"needs-import","fusionload","source organisation","",34,0,0,"auto"
"ESS/IEP/Snapshots/Temp/IEP_Provider_20250531.QVD","IEP_Provider_20250531.QVD","01s ESS QVD Builder - IEP",NA,"AZDB-AUE-PRD-NIAADL01.ESS.IEP Provider","Exact","Complex",TRUE,TRUE,"needs-import","fusionload","source organisation","",34,0,0,"auto"
"ESS/IEP/Snapshots/Temp/IEP_Provider_20250630.QVD","IEP_Provider_20250630.QVD","01s ESS QVD Builder - IEP",NA,"AZDB-AUE-PRD-NIAADL01.ESS.IEP Provider","Exact","Complex",TRUE,TRUE,"needs-import","fusionload","source organisation","",34,0,0,"auto"
"ESS/IEP/Snapshots/Temp/IEP_Provider_20250731.QVD","IEP_Provider_20250731.QVD","01s ESS QVD Builder - IEP",NA,"AZDB-AUE-PRD-NIAADL01.ESS.IEP Provider","Exact","Complex",TRUE,TRUE,"needs-import","fusionload","source organisation","",34,0,0,"auto"
"ESS/IEP/Snapshots/Temp/IEP_Provider_20250831.QVD","IEP_Provider_20250831.QVD","01s ESS QVD Builder - IEP",NA,"AZDB-AUE-PRD-NIAADL01.ESS.IEP Provider","Exact","Complex",TRUE,TRUE,"needs-import","fusionload","source organisation","",34,0,0,"auto"
"ESS/IEP/Snapshots/Temp/IEP_Provider_20250930.QVD","IEP_Provider_20250930.QVD","01s ESS QVD Builder - IEP",NA,"AZDB-AUE-PRD-NIAADL01.ESS.IEP Provider","Exact","Complex",TRUE,TRUE,"needs-import","fusionload","source organisation","",34,0,0,"auto"
"ESS/IEP/Snapshots/Temp/IEP_Provider_20251231.QVD","IEP_Provider_20251231.QVD","01s ESS QVD Builder - IEP",NA,"AZDB-AUE-PRD-NIAADL01.ESS.IEP Provider","Exact","Complex",TRUE,TRUE,"needs-import","fusionload","source organisation","",34,0,0,"auto"
"ESS/IEP/Snapshots/Temp/IEP_Provider_20260228.QVD","IEP_Provider_20260228.QVD","01s ESS QVD Builder - IEP",NA,"AZDB-AUE-PRD-NIAADL01.ESS.IEP Provider","Exact","Complex",TRUE,TRUE,"needs-import","fusionload","source organisation","",34,0,0,"auto"
"ESS/IEP/Snapshots/Temp/IEP_Provider_20260430.QVD","IEP_Provider_20260430.QVD","01s ESS QVD Builder - IEP",NA,"AZDB-AUE-PRD-NIAADL01.ESS.IEP Provider","Exact","Complex",TRUE,TRUE,"needs-import","fusionload","source organisation","",34,0,0,"auto"
"ESS/IEP/Snapshots/Temp/IEP_Provider_20260531.QVD","IEP_Provider_20260531.QVD","01s ESS QVD Builder - IEP",NA,"AZDB-AUE-PRD-NIAADL01.ESS.IEP Provider","Exact","Complex",TRUE,TRUE,"needs-import","fusionload","source organisation","",34,0,0,"auto"
"ESS/IEP/Snapshots/Temp/IEP_Provider_20260630.QVD","IEP_Provider_20260630.QVD","01s ESS QVD Builder - IEP",NA,"AZDB-AUE-PRD-NIAADL01.ESS.IEP Provider","Exact","Complex",TRUE,TRUE,"needs-import","fusionload","source organisation","",34,0,0,"auto"
"ESS/IEP/Snapshots/Temp/QVD_List.QVD","QVD_List.QVD","01s ESS QVD Builder - IEP",NA,"AZDB-AUE-PRD-NIAADL01.FUSIONTestETL.metadata","Partial match","Missing lineage statement",FALSE,FALSE,"needs-creating","","","",8,0,0,"auto"
"ABS/ATSIP SA2 Census Cell.qvd","ATSIP SA2 Census Cell.qvd","ABS ILOC Data Pack QVD Generator 20191216",NA,"AZDB-AUE-PRD-NIAADL01.ABSDataPack.ATSIP SA2 Census Cell","Exact","Simple",FALSE,TRUE,"needs-creating","","","",4,0,0,"auto"
"ESS/Master Calendar.QVD","Master Calendar.QVD","-",NA,"AZDB-AUE-PRD-NIAADL01.ESS.Master_Calendar","Partial match","Missing lineage statement",FALSE,FALSE,"retarget-incomplete","ESS","CDP Grant Estimated Expenditure FY","lib://Curated data Store:DataFiles/10 Landing Area/ESS/CDP Grant Estimated Expenditure FY.qvd",25,39,23,"auto"
"SSR/1000 Jobs Placements.qvd","1000 Jobs Placements.qvd","-",NA,"AZDB-AUE-PRD-NIAADL01.ESS.IEP Placement","Partial match","Complex",FALSE,TRUE,"needs-creating","","","",44,0,0,"auto"
"SSR/archive/1000 Jobs Placements.qvd","1000 Jobs Placements.qvd","-",NA,"AZDB-AUE-PRD-NIAADL01.ESS.IEP Placement","Partial match","Complex",FALSE,TRUE,"needs-creating","","","",44,0,0,"auto"
"SSR/1000 Jobs Tracker.qvd","1000 Jobs Tracker.qvd","-",NA,"AZDB-AUE-PRD-NIAADL01.Forms.1000 Jobs Tracker","Partial match","Simple",FALSE,TRUE,"needs-creating","","","",39,0,0,"auto"
"SSR/archive/1000 Jobs Tracker.qvd","1000 Jobs Tracker.qvd","-",NA,"AZDB-AUE-PRD-NIAADL01.Forms.1000 Jobs Tracker","Partial match","Simple",FALSE,TRUE,"needs-creating","","","",39,0,0,"auto"
"ESS/IEP/Temp/CDP_Contract_Referral_Placement.QVD","CDP_Contract_Referral_Placement.QVD","01 ESS QVD Builder - IEP",1,"AZDB-AUE-PRD-NIAADL01.ESS.NIAA_CDP_Contract_Referral_Placement","Partial match","Complex",TRUE,TRUE,"needs-creating","","","",21,0,0,"auto"
"ESS/IEP/Temp/CDP_Job_Seeker.QVD","CDP_Job_Seeker.QVD","01 ESS QVD Builder - IEP",1,"AZDB-AUE-PRD-NIAADL01.ESS.CDP Job Seeker","Partial match","Complex",TRUE,TRUE,"needs-creating","","","",30,0,0,"auto"
"ESS/IEP/Temp/IEP_Activity_1000_Jobs.QVD","IEP_Activity_1000_Jobs.QVD","01 ESS QVD Builder - IEP",NA,"AZDB-AUE-PRD-NIAADL01.ESS.IEP Activity","Exact","Complex",FALSE,FALSE,"needs-creating","","","",39,0,0,"auto"
"ESS/IEP/Temp/IEP_Activity_Contact.QVD","IEP_Activity_Contact.QVD","01 ESS QVD Builder - IEP",1,"AZDB-AUE-PRD-NIAADL01.ESS.IEP Activity Contact","Likely subset","Complex",TRUE,TRUE,"needs-import","fusionload","grant activity","",11,0,0,"auto"
"ESS/IEP/Temp/IEP_Activity_Expenditure.QVD","IEP_Activity_Expenditure.QVD","01 ESS QVD Builder - IEP",1,"AZDB-AUE-PRD-NIAADL01.ESS.IEP Activity Expenditure","Exact","Complex",TRUE,TRUE,"multi-source","ESS","FUSION IEP Activity","lib://Curated data Store:DataFiles/10 Landing Area/ESS/FUSION IEP Activity.qvd",11,68,9,"auto"
"ESS/IEP/Temp/IEP_Activity.QVD","IEP_Activity.QVD","01 ESS QVD Builder - IEP",1,"AZDB-AUE-PRD-NIAADL01.ESS.IEP Activity","Likely subset","Complex",TRUE,TRUE,"needs-creating","","","",39,0,0,"auto"
"ESS/IEP/Temp/IEP_Claim_Payments.QVD","IEP_Claim_Payments.QVD","01 ESS QVD Builder - IEP",1,"AZDB-AUE-PRD-NIAADL01.ESS.IEP Claim Payments","Partial match","Complex",FALSE,TRUE,"needs-creating","","","",20,0,0,"auto"
"ESS/IEP/Temp/IEP_Job_Seeker.QVD","IEP_Job_Seeker.QVD","01 ESS QVD Builder - IEP",1,"AZDB-AUE-PRD-NIAADL01.ESS.IEP Job Seeker","Exact","Complex",FALSE,TRUE,"needs-creating","","","",15,0,0,"auto"
"ESS/IEP/Temp/IEP_LOCATIONS.QVD","IEP_LOCATIONS.QVD","01 ESS QVD Builder - IEP",1,"AZDB-AUE-PRD-NIAADL01.ESS.IEP Locations","Exact","Complex",TRUE,TRUE,"needs-creating","","","",7,0,0,"auto"
"ESS/IEP/Temp/IEP_Outcome.QVD","IEP_Outcome.QVD","01 ESS QVD Builder - IEP",1,"AZDB-AUE-PRD-NIAADL01.ESS.IEP Outcome","Exact","Complex",TRUE,TRUE,"multi-source","ESS","IEP Outcome Max Paid Week","lib://Curated data Store:DataFiles/10 Landing Area/ESS/IEP Outcome Max Paid Week.qvd",20,4,16,"auto"
"ESS/IEP/Temp/IEP_Placement.QVD","IEP_Placement.QVD","01 ESS QVD Builder - IEP",1,"AZDB-AUE-PRD-NIAADL01.ESS.IEP Placement","Partial match","Complex",TRUE,TRUE,"needs-creating","","","",44,0,0,"auto"
"ESS/IEP/Temp/IEP_Provider.QVD","IEP_Provider.QVD","01 ESS QVD Builder - IEP",1,"AZDB-AUE-PRD-NIAADL01.ESS.IEP Provider","Exact","Complex",TRUE,TRUE,"needs-import","fusionload","source organisation","",34,0,0,"auto"
"ESS/IEP/Temp/QVD_List.QVD","QVD_List.QVD","01 ESS QVD Builder - IEP",1,"AZDB-AUE-PRD-NIAADL01.FUSIONTestETL.metadata","Partial match","Missing lineage statement",FALSE,FALSE,"needs-creating","","","",8,0,0,"auto"
"ESS/IEP/Temp/QVD_List_2.QVD","QVD_List_2.QVD","-",NA,"-","No match","Missing lineage statement",FALSE,FALSE,"unmapped","","","",0,0,0,"auto"
"ESS/IEP/Snapshots/Temp/CDP_Contract_Referral_Placement_20211130.QVD","CDP_Contract_Referral_Placement_20211130.QVD","-",NA,"AZDB-AUE-PRD-NIAADL01.ESS.NIAA_CDP_Contract_Referral_Placement","Partial match","Complex",TRUE,TRUE,"needs-creating","","","",21,0,0,"auto"
"ESS/IEP/Snapshots/Temp/CDP_Job_Seeker_20211130.QVD","CDP_Job_Seeker_20211130.QVD","-",NA,"AZDB-AUE-PRD-NIAADL01.ESS.CDP Job Seeker","Partial match","Complex",TRUE,TRUE,"needs-creating","","","",30,0,0,"auto"
"ESS/IEP/Snapshots/Temp/IEP_Activity_20211130.QVD","IEP_Activity_20211130.QVD","-",NA,"AZDB-AUE-PRD-NIAADL01.ESS.IEP Activity","Likely subset","Complex",TRUE,TRUE,"needs-creating","","","",39,0,0,"auto"
"ESS/IEP/Snapshots/Temp/IEP_Activity_Contact_20211130.QVD","IEP_Activity_Contact_20211130.QVD","-",NA,"AZDB-AUE-PRD-NIAADL01.ESS.IEP Activity Contact","Likely subset","Complex",TRUE,TRUE,"needs-import","fusionload","grant activity","",11,0,0,"auto"
"ESS/IEP/Snapshots/Temp/IEP_Activity_Expenditure_20211130.QVD","IEP_Activity_Expenditure_20211130.QVD","-",NA,"AZDB-AUE-PRD-NIAADL01.ESS.IEP Activity Expenditure","Exact","Complex",TRUE,TRUE,"multi-source","ESS","FUSION IEP Activity","lib://Curated data Store:DataFiles/10 Landing Area/ESS/FUSION IEP Activity.qvd",11,68,9,"auto"
"ESS/IEP/Snapshots/Temp/IEP_Claim_Payments_20211130.QVD","IEP_Claim_Payments_20211130.QVD","-",NA,"AZDB-AUE-PRD-NIAADL01.ESS.IEP Claim Payments","Partial match","Complex",TRUE,TRUE,"needs-creating","","","",20,0,0,"auto"
"ESS/IEP/Snapshots/Temp/IEP_Job_Seeker_20211130.QVD","IEP_Job_Seeker_20211130.QVD","-",NA,"AZDB-AUE-PRD-NIAADL01.ESS.IEP Job Seeker","Exact","Complex",TRUE,TRUE,"needs-creating","","","",15,0,0,"auto"
"ESS/IEP/Snapshots/Temp/IEP_LOCATIONS_20211130.QVD","IEP_LOCATIONS_20211130.QVD","-",NA,"AZDB-AUE-PRD-NIAADL01.ESS.IEP Locations","Exact","Complex",TRUE,TRUE,"needs-creating","","","",7,0,0,"auto"
"ESS/IEP/Snapshots/Temp/IEP_Outcome_20211130.QVD","IEP_Outcome_20211130.QVD","-",NA,"AZDB-AUE-PRD-NIAADL01.ESS.IEP Outcome","Exact","Complex",TRUE,TRUE,"multi-source","ESS","IEP Outcome Max Paid Week","lib://Curated data Store:DataFiles/10 Landing Area/ESS/IEP Outcome Max Paid Week.qvd",20,4,16,"auto"
"ESS/IEP/Snapshots/Temp/IEP_Outcome_20211231.QVD","IEP_Outcome_20211231.QVD","-",NA,"AZDB-AUE-PRD-NIAADL01.ESS.IEP Outcome","Exact","Complex",TRUE,TRUE,"multi-source","ESS","IEP Outcome Max Paid Week","lib://Curated data Store:DataFiles/10 Landing Area/ESS/IEP Outcome Max Paid Week.qvd",20,4,16,"auto"
"ESS/IEP/Snapshots/Temp/IEP_Placement_20211130.QVD","IEP_Placement_20211130.QVD","-",NA,"AZDB-AUE-PRD-NIAADL01.ESS.IEP Placement","Partial match","Complex",TRUE,TRUE,"needs-creating","","","",44,0,0,"auto"
"ESS/IEP/Snapshots/Temp/IEP_Placement_20211231.QVD","IEP_Placement_20211231.QVD","-",NA,"AZDB-AUE-PRD-NIAADL01.ESS.IEP Placement","Partial match","Complex",TRUE,TRUE,"needs-creating","","","",44,0,0,"auto"
"ESS/IEP/Snapshots/Temp/IEP_Provider_20211130.QVD","IEP_Provider_20211130.QVD","-",NA,"AZDB-AUE-PRD-NIAADL01.ESS.IEP Provider","Exact","Complex",TRUE,TRUE,"needs-import","fusionload","source organisation","",34,0,0,"auto"
"RSAS/ACARA School.qvd","ACARA School.qvd","RSAS QVD Generator",NA,"AZDB-AUE-PRD-NIAADL01.RSAS.ACARA School","Exact","Simple",FALSE,TRUE,"needs-creating","","","",18,0,0,"auto"
"RSAS/Dim Calendar.qvd","Dim Calendar.qvd","RSAS QVD Generator",NA,"AZDB-AUE-PRD-NIAADL01.RSAS.School Attendance","Partial match","Missing lineage statement",TRUE,FALSE,"needs-creating","","","",17,0,0,"auto"
"RSAS/Dim Data Provider.qvd","Dim Data Provider.qvd","RSAS QVD Generator",NA,"AZDB-AUE-PRD-NIAADL01.RSAS.Data Provider","Partial match","Missing lineage statement",TRUE,FALSE,"needs-creating","","","",8,0,0,"auto"
"RSAS/Dim Group.qvd","Dim Group.qvd","RSAS QVD Generator",NA,"AZDB-AUE-PRD-NIAADL01.RSAS.School Attendance","Partial match","Missing lineage statement",TRUE,FALSE,"needs-creating","","","",17,0,0,"auto"
"RSAS/Dim School.qvd","Dim School.qvd","RSAS QVD Generator",NA,"AZDB-AUE-PRD-NIAADL01.RSAS.ACARA School","Partial match","Missing lineage statement",TRUE,FALSE,"needs-creating","","","",18,0,0,"auto"
"RSAS/Dim Year Level.qvd","Dim Year Level.qvd","RSAS QVD Generator",NA,"-","No match","Missing lineage statement",TRUE,FALSE,"unmapped","","","",0,0,0,"auto"
"RSAS/Fact Absentee.qvd","Fact Absentee.qvd","RSAS QVD Generator",NA,"AZDB-AUE-PRD-NIAADL01.RSAS.School Attendance","Partial match","Missing lineage statement",TRUE,FALSE,"needs-creating","","","",17,0,0,"auto"
"RSAS/MD School Attendance.qvd","MD School Attendance.qvd","RSAS QVD Generator",NA,"AZDB-AUE-PRD-NIAADL01.RSAS.MD School Attendance","Partial match","Missing lineage statement",TRUE,FALSE,"needs-creating","","","",24,0,0,"auto"
"RSAS/PMC Regions.qvd","PMC Regions.qvd","RSAS QVD Generator",NA,"AZDB-AUE-PRD-NIAADL01.RSAS.PMC Region","Partial match","Missing lineage statement",TRUE,FALSE,"needs-creating","","","",3,0,0,"auto"
"RSAS/SSIS RSAS.qvd","SSIS RSAS.qvd","RSAS QVD Generator",NA,"AZDB-AUE-PRD-NIAADL01.FUSIONLoad.Load Summary","Partial match","Simple",FALSE,TRUE,"needs-creating","","","",12,0,0,"auto"
"AEDC/AEDC_2021_Student.qvd","AEDC_2021_Student.qvd","AEDC QVD Generator - DEV",NA,"AZDB-AUE-PRD-NIAADL01.AEDC.AEDC_2021_Student","Partial match","Simple",FALSE,TRUE,"needs-creating","","","",436,0,0,"auto"
"GPS/GPS Contact.qvd","GPS Contact.qvd","GPS QVD Generator",1,"AZDB-AUE-PRD-NIAADL01.GPS.GPS Contact","Exact","Simple",FALSE,TRUE,"needs-import","fusiontestetl","gps - gps contact - data","",21,0,0,"auto"
"GPS/GPS Data Warehouse Load Time.qvd","GPS Data Warehouse Load Time.qvd","GPS QVD Generator",NA,"AZDB-AUE-PRD-NIAADL01.GPS.Data Warehouse Load Time","Exact","Simple",FALSE,FALSE,"needs-creating","","","",3,0,0,"auto"
"GPS/Grant Activity Acquittal Derived History.qvd","Grant Activity Acquittal Derived History.qvd","GPS QVD Generator",40,"AZDB-AUE-PRD-NIAADL01.GPS.Grant Activity Acquittal Derived History","Exact","Simple",FALSE,TRUE,"needs-creating","","","",3,0,0,"auto"
"GPS/Grant Activity Acquittal Error.qvd","Grant Activity Acquittal Error.qvd","GPS QVD Generator",3,"AZDB-AUE-PRD-NIAADL01.GPS.Grant Activity Acquittal Error","Exact","Simple",FALSE,TRUE,"needs-creating","","","",3,0,0,"auto"
"GPS/Grant Activity Acquittal Item.qvd","Grant Activity Acquittal Item.qvd","GPS QVD Generator",4,"AZDB-AUE-PRD-NIAADL01.GPS.Grant Activity Acquittal Item","Exact","Simple",FALSE,TRUE,"needs-creating","","","",6,0,0,"auto"
"GPS/Grant Activity Acquittal.qvd","Grant Activity Acquittal.qvd","GPS QVD Generator",52,"AZDB-AUE-PRD-NIAADL01.GPS.Grant Activity Acquittal","Likely subset","Simple",FALSE,TRUE,"needs-import","fusionload","grant activity review","",30,0,0,"auto"
"GPS/Grant Activity Contact.qvd","Grant Activity Contact.qvd","GPS QVD Generator",4,"AZDB-AUE-PRD-NIAADL01.GPS.Grant Activity Contact","Likely subset","Simple",FALSE,TRUE,"retarget","SCSO","Mail Merge","lib://Curated data Store:DataFiles/10 Landing Area/SCSO/Mail Merge.qvd",14,25,0,"auto"
"GPS/Grant Activity Derived History.qvd","Grant Activity Derived History.qvd","GPS QVD Generator",54,"AZDB-AUE-PRD-NIAADL01.GPS.Grant Activity Derived History","Likely subset","Simple",FALSE,TRUE,"needs-import","waf","grant activity workload","",5,0,0,"auto"
"GPS/Grant Activity Milestone Derived History.qvd","Grant Activity Milestone Derived History.qvd","GPS QVD Generator",42,"AZDB-AUE-PRD-NIAADL01.GPS.Grant Activity Milestone Derived History","Exact","Simple",FALSE,TRUE,"needs-creating","","","",2,0,0,"auto"
"GPS/Grant Activity Milestone.qvd","Grant Activity Milestone.qvd","GPS QVD Generator",81,"AZDB-AUE-PRD-NIAADL01.GPS.Grant Activity Milestone","Likely subset","Simple",FALSE,TRUE,"retarget-incomplete","GPS","Grant Activity Missing Milestone","lib://Curated data Store:DataFiles/10 Landing Area/GPS/Grant Activity Missing Milestone.qvd",32,43,28,"auto"
"SSR/Grant Activity Milestone.qvd","Grant Activity Milestone.qvd","GPS QVD Generator",15,"AZDB-AUE-PRD-NIAADL01.GPS.Grant Activity Milestone - Old","Exact","Simple",FALSE,TRUE,"retarget-incomplete","GPS","Milestone Overdue Month","lib://Curated data Store:DataFiles/10 Landing Area/GPS/Milestone Overdue Month.qvd",39,8,31,"auto"
"GPS/Grant Activity Missing Milestone Derived History.qvd","Grant Activity Missing Milestone Derived History.qvd","GPS QVD Generator",41,"AZDB-AUE-PRD-NIAADL01.GPS.Grant Activity Missing Milestone Derived History","Exact","Simple",FALSE,TRUE,"needs-creating","","","",2,0,0,"auto"
"GPS/Grant Activity Missing Milestone.qvd","Grant Activity Missing Milestone.qvd","GPS QVD Generator",56,"AZDB-AUE-PRD-NIAADL01.GPS.Grant Activity Missing Milestone","Likely subset","Simple",FALSE,TRUE,"retarget-incomplete","GPS","Grant Activity Missing Milestone Derived History","lib://Curated data Store:DataFiles/10 Landing Area/GPS/Grant Activity Missing Milestone Derived History.qvd",27,7,23,"auto"
"GPS/Grant Activity Performance Derived History.qvd","Grant Activity Performance Derived History.qvd","GPS QVD Generator",50,"AZDB-AUE-PRD-NIAADL01.GPS.Grant Activity Performance Derived History","Exact","Simple",FALSE,TRUE,"needs-creating","","","",2,0,0,"auto"
"GPS/Grant Activity Performance Indicator.qvd","Grant Activity Performance Indicator.qvd","GPS QVD Generator",6,"AZDB-AUE-PRD-NIAADL01.GPS.Grant Activity Performance Indicator","Likely subset","Simple",FALSE,TRUE,"needs-import","fusionload","grant activity kpi","",11,0,0,"auto"
"GPS/Grant Activity Performance Item.qvd","Grant Activity Performance Item.qvd","GPS QVD Generator",49,"AZDB-AUE-PRD-NIAADL01.GPS.Grant Activity Performance Item","Exact","Simple",FALSE,TRUE,"needs-creating","","","",9,0,0,"auto"
"GPS/Grant Activity Performance.qvd","Grant Activity Performance.qvd","GPS QVD Generator",66,"AZDB-AUE-PRD-NIAADL01.GPS.Grant Activity Performance","Likely subset","Simple",FALSE,TRUE,"needs-import","fusionload","grant activity review","",30,0,0,"auto"
"GPS/Grant Activity.qvd","Grant Activity.qvd","GPS QVD Generator",46,"AZDB-AUE-PRD-NIAADL01.GPS.Grant Activity","Likely subset","Simple",FALSE,TRUE,"retarget-incomplete","GRANTS","Activity Approval","lib://Curated data Store:DataFiles/10 Landing Area/GRANTS/Activity Approval.qvd",41,22,33,"auto"
"GPS/Grant Application Assessment Details.qvd","Grant Application Assessment Details.qvd","GPS QVD Generator",38,"AZDB-AUE-PRD-NIAADL01.GPS.Grant Application Assessment Details","Exact","Simple",FALSE,TRUE,"needs-import","fusionload","grant application assessment criteria","",14,0,0,"auto"
"GPS/Grant Application Assessment Score.qvd","Grant Application Assessment Score.qvd","GPS QVD Generator",37,"AZDB-AUE-PRD-NIAADL01.GPS.Grant Application Assessment Score","Exact","Simple",FALSE,TRUE,"needs-import","fusionload","grant application","",9,0,0,"auto"
"GPS/Grant Application Attachment.qvd","Grant Application Attachment.qvd","GPS QVD Generator",NA,"AZDB-AUE-PRD-NIAADL01.GPS.Grant Application Attachment","Exact","Simple",FALSE,TRUE,"needs-import","fusiontestetl","gps - grant application attachment - data","",8,0,0,"auto"
"GPS/Grant Application Compliance Assessment.qvd","Grant Application Compliance Assessment.qvd","GPS QVD Generator",35,"AZDB-AUE-PRD-NIAADL01.GPS.Grant Application Compliance Assessment","Exact","Simple",FALSE,TRUE,"needs-import","fusionload","grant application","",9,0,0,"auto"
"GPS/Grant Application Contact.qvd","Grant Application Contact.qvd","GPS QVD Generator",NA,"AZDB-AUE-PRD-NIAADL01.GPS.Grant Application Contact","Exact","Simple",FALSE,TRUE,"needs-import","fusionload","grant application","",11,0,0,"auto"
"GPS/Grant Application Coverage Area.qvd","Grant Application Coverage Area.qvd","GPS QVD Generator",NA,"AZDB-AUE-PRD-NIAADL01.GPS.Grant Application Coverage Area","Exact","Simple",FALSE,TRUE,"needs-import","fusionload","grant application coverage area","",13,0,0,"auto"
"GPS/Grant Application Delivery Locations.qvd","Grant Application Delivery Locations.qvd","GPS QVD Generator",35,"AZDB-AUE-PRD-NIAADL01.GPS.Grant Application Location","Likely subset","Simple",FALSE,FALSE,"needs-creating","","","",5,0,0,"auto"
"GPS/Grant Application Derived History.qvd","Grant Application Derived History.qvd","GPS QVD Generator",40,"AZDB-AUE-PRD-NIAADL01.GPS.Grant Application Derived History","Exact","Simple",FALSE,TRUE,"needs-creating","","","",4,0,0,"auto"
"GPS/Grant Application Eligibility Assessment.qvd","Grant Application Eligibility Assessment.qvd","GPS QVD Generator",2,"AZDB-AUE-PRD-NIAADL01.GPS.Grant Application Eligibility Assessment","Exact","Simple",FALSE,TRUE,"needs-creating","","","",9,0,0,"auto"
"GPS/Grant Application Financial FY.qvd","Grant Application Financial FY.qvd","GPS QVD Generator",NA,"AZDB-AUE-PRD-NIAADL01.GPS.Grant Application Financial","Exact","Simple",FALSE,TRUE,"needs-import","fusionload","grant application","",9,0,0,"auto"
"GPS/Grant Application Information Detail.qvd","Grant Application Information Detail.qvd","GPS QVD Generator",33,"AZDB-AUE-PRD-NIAADL01.GPS.Grant Application Information Detail","Exact","Simple",FALSE,TRUE,"retarget-incomplete","GPS","Grant Application Coverage Area","lib://Curated data Store:DataFiles/10 Landing Area/GPS/Grant Application Coverage Area.qvd",6,4,2,"auto"
"GPS/Grant Application Service Area.qvd","Grant Application Service Area.qvd","GPS QVD Generator",NA,"AZDB-AUE-PRD-NIAADL01.GPS.Grant Application Service Area","Exact","Simple",FALSE,TRUE,"needs-import","fusiontestetl","gps - grant application service area - data","",8,0,0,"auto"
"GPS/Grant Application Status.qvd","Grant Application Status.qvd","GPS QVD Generator",28,"AZDB-AUE-PRD-NIAADL01.GPS.Grant Application Status","Exact","Simple",FALSE,FALSE,"needs-import","fusionload","grant application status history","",11,0,0,"auto"
"GPS/Grant Application.qvd","Grant Application.qvd","GPS QVD Generator",68,"AZDB-AUE-PRD-NIAADL01.GPS.Grant Application","Partial match","Simple",FALSE,TRUE,"retarget-incomplete","GRANTS","Activity Approval","lib://Curated data Store:DataFiles/10 Landing Area/GRANTS/Activity Approval.qvd",35,22,29,"auto"
"GPS/Grant Managing Region.qvd","Grant Managing Region.qvd","GPS QVD Generator",21,"AZDB-AUE-PRD-NIAADL01.FUSION.Grant Activity","Partial match","Missing lineage statement",FALSE,FALSE,"retarget-incomplete","NIAA","Program Tracker","lib://Curated data Store:DataFiles/10 Landing Area/NIAA/Program Tracker.qvd",62,29,55,"auto"
"GPS/Grant Organisation.qvd","Grant Organisation.qvd","GPS QVD Generator",1,"AZDB-AUE-PRD-NIAADL01.GPS.Grant Organisation","Exact","Simple",FALSE,TRUE,"needs-import","fusionload","source organisation","",70,0,0,"auto"
"SSR/Milestone Overdue Month.qvd","Milestone Overdue Month.qvd","GPS QVD Generator",8,"AZDB-AUE-PRD-NIAADL01.GPS.Milestone Overdue Month","Exact","Simple",FALSE,FALSE,"needs-creating","","","",3,0,0,"auto"
"GPS/Organisaiton Indigeniety.qvd","Organisaiton Indigeniety.qvd","GPS QVD Generator",48,"AZDB-AUE-PRD-NIAADL01.GPS.Organisaiton Indigeniety","Exact","Simple",FALSE,TRUE,"needs-import","fusiontestetl","gps - organisaiton indigeniety - data","",7,0,0,"auto"
"GPS/Organisation Bank Account.qvd","Organisation Bank Account.qvd","GPS QVD Generator",NA,"AZDB-AUE-PRD-NIAADL01.GPS.Organisation Bank Account","Exact","Simple",FALSE,TRUE,"needs-import","fusiontestetl","gps - organisation bank account - data","",9,0,0,"auto"
"GPS/Program Schedule Variation.qvd","Program Schedule Variation.qvd","GPS QVD Generator",NA,"AZDB-AUE-PRD-NIAADL01.GPS.Program Schedule Variation","Exact","Simple",FALSE,TRUE,"needs-creating","","","",12,0,0,"auto"
"GPS/Program Schedule.qvd","Program Schedule.qvd","GPS QVD Generator",NA,"AZDB-AUE-PRD-NIAADL01.GPS.Program Schedule","Exact","Simple",FALSE,TRUE,"needs-creating","","","",8,0,0,"auto"
"ESS/CDP/Grant Activity KPI Assessment.QVD","Grant Activity KPI Assessment.QVD","Test",NA,"AZDB-AUE-PRD-NIAADL01.ESS.Grant Activity KPI Assessment","Exact","Simple",FALSE,TRUE,"needs-creating","","","",15,0,0,"auto"
"ESS/CDP/Grant Activity Performance.QVD","Grant Activity Performance.QVD","Test",NA,"AZDB-AUE-PRD-NIAADL01.ESS.Grant Activity Performance","Exact","Simple",FALSE,FALSE,"needs-creating","","","",30,0,0,"auto"
"ESS/IEP/IEP Milestone 1000 Jobs.QVD","IEP Milestone 1000 Jobs.QVD","Test",NA,"AZDB-AUE-PRD-NIAADL01.ESS_DEV.IEP Milestone 1000 Jobs","Exact","Simple",FALSE,FALSE,"needs-creating","","","",16,0,0,"auto"
"ESS/CDP/Performance Report Assessment.QVD","Performance Report Assessment.QVD","Test",NA,"AZDB-AUE-PRD-NIAADL01.ESS.Performance Report Assessment","Exact","Simple",FALSE,TRUE,"needs-creating","","","",24,0,0,"auto"
"ESS/CDP/Caseload Last 7 Days.QVD","Caseload Last 7 Days.QVD","-",NA,"AZDB-AUE-PRD-NIAADL01.ESS.CDP Caseload Last 7 Days","Partial match","Simple",FALSE,TRUE,"needs-creating","","","",6,0,0,"auto"
"ESS/CDP/CDP Income Support Payment Rate Month End Pre July 2018.QVD","CDP Income Support Payment Rate Month End Pre July 2018.QVD","-",NA,"AZDB-AUE-PRD-NIAADL01.ESS.CDP Income Support Payment Rate","Partial match","Missing lineage statement",FALSE,FALSE,"needs-creating","","","",10,0,0,"auto"
"ESS/CDP/CDP Income Support Rate 1.QVD","CDP Income Support Rate 1.QVD","-",NA,"AZDB-AUE-PRD-NIAADL01.ESS.CDP Income Support Payment Rate","Partial match","Simple",FALSE,FALSE,"needs-creating","","","",10,0,0,"auto"
"ESS/CDP/CDP Income Support Rate 2.QVD","CDP Income Support Rate 2.QVD","-",NA,"AZDB-AUE-PRD-NIAADL01.ESS.CDP Income Support Payment Rate","Partial match","Simple",FALSE,FALSE,"needs-creating","","","",10,0,0,"auto"
"ESS/CDP/CDP Income Support Rate Month End Pre July 2018.QVD","CDP Income Support Rate Month End Pre July 2018.QVD","-",NA,"AZDB-AUE-PRD-NIAADL01.ESS.CDP Caseload Month End","Partial match","Missing lineage statement",FALSE,FALSE,"needs-creating","","","",8,0,0,"auto"
"ESS/CDP/CDP_Caseload_Month_End.QVD","CDP_Caseload_Month_End.QVD","-",NA,"AZDB-AUE-PRD-NIAADL01.ESS.CDP Caseload Month End","Likely subset","Simple",FALSE,TRUE,"needs-creating","","","",8,0,0,"auto"
"ESS/CDP/Delete/CDP Update Date.qvd","CDP Update Date.qvd","-",NA,"-","No match","Simple",FALSE,FALSE,"unmapped","","","",0,0,0,"auto"
"ESS/RAES/Application Community Mapping 202509.QVD","Application Community Mapping 202509.QVD","RAES Community Mapping",3,"AZDB-AUE-PRD-NIAADL01.Forms_RAES.Community To Site Contract Mapping","Partial match","Missing lineage statement",FALSE,FALSE,"needs-creating","","","",18,0,0,"auto"
"ESS/IEP/Snapshots/Temp/CDP_Contract_Referral_Placement_20200930.QVD","CDP_Contract_Referral_Placement_20200930.QVD","-",NA,"AZDB-AUE-PRD-NIAADL01.ESS.NIAA_CDP_Contract_Referral_Placement","Partial match","Complex",TRUE,TRUE,"needs-creating","","","",21,0,0,"auto"
"ESS/IEP/Snapshots/Temp/CDP_Contract_Referral_Placement_20201031.QVD","CDP_Contract_Referral_Placement_20201031.QVD","-",NA,"AZDB-AUE-PRD-NIAADL01.ESS.NIAA_CDP_Contract_Referral_Placement","Partial match","Complex",TRUE,TRUE,"needs-creating","","","",21,0,0,"auto"
"ESS/IEP/Snapshots/Temp/CDP_Contract_Referral_Placement_20201130.QVD","CDP_Contract_Referral_Placement_20201130.QVD","-",NA,"AZDB-AUE-PRD-NIAADL01.ESS.NIAA_CDP_Contract_Referral_Placement","Partial match","Complex",TRUE,TRUE,"needs-creating","","","",21,0,0,"auto"
"ESS/IEP/Snapshots/Temp/CDP_Contract_Referral_Placement_20201231.QVD","CDP_Contract_Referral_Placement_20201231.QVD","-",NA,"AZDB-AUE-PRD-NIAADL01.ESS.NIAA_CDP_Contract_Referral_Placement","Partial match","Complex",TRUE,TRUE,"needs-creating","","","",21,0,0,"auto"
"ESS/IEP/Snapshots/Temp/CDP_Contract_Referral_Placement_20210131.QVD","CDP_Contract_Referral_Placement_20210131.QVD","-",NA,"AZDB-AUE-PRD-NIAADL01.ESS.NIAA_CDP_Contract_Referral_Placement","Partial match","Complex",TRUE,TRUE,"needs-creating","","","",21,0,0,"auto"
"ESS/IEP/Snapshots/Temp/CDP_Contract_Referral_Placement_20210228.QVD","CDP_Contract_Referral_Placement_20210228.QVD","-",NA,"AZDB-AUE-PRD-NIAADL01.ESS.NIAA_CDP_Contract_Referral_Placement","Partial match","Complex",TRUE,TRUE,"needs-creating","","","",21,0,0,"auto"
"ESS/IEP/Snapshots/Temp/CDP_Contract_Referral_Placement_20210331.QVD","CDP_Contract_Referral_Placement_20210331.QVD","-",NA,"AZDB-AUE-PRD-NIAADL01.ESS.NIAA_CDP_Contract_Referral_Placement","Partial match","Complex",TRUE,TRUE,"needs-creating","","","",21,0,0,"auto"
"ESS/IEP/Snapshots/Temp/CDP_Contract_Referral_Placement_20210430.QVD","CDP_Contract_Referral_Placement_20210430.QVD","-",NA,"AZDB-AUE-PRD-NIAADL01.ESS.NIAA_CDP_Contract_Referral_Placement","Partial match","Complex",TRUE,TRUE,"needs-creating","","","",21,0,0,"auto"
"ESS/IEP/Snapshots/Temp/CDP_Contract_Referral_Placement_20210531.QVD","CDP_Contract_Referral_Placement_20210531.QVD","-",NA,"AZDB-AUE-PRD-NIAADL01.ESS.NIAA_CDP_Contract_Referral_Placement","Partial match","Complex",TRUE,TRUE,"needs-creating","","","",21,0,0,"auto"
"ESS/IEP/Snapshots/Temp/CDP_Contract_Referral_Placement_20210630.QVD","CDP_Contract_Referral_Placement_20210630.QVD","-",NA,"AZDB-AUE-PRD-NIAADL01.ESS.NIAA_CDP_Contract_Referral_Placement","Partial match","Complex",TRUE,TRUE,"needs-creating","","","",21,0,0,"auto"
"ESS/IEP/Snapshots/Temp/CDP_Contract_Referral_Placement_20210731.QVD","CDP_Contract_Referral_Placement_20210731.QVD","-",NA,"AZDB-AUE-PRD-NIAADL01.ESS.NIAA_CDP_Contract_Referral_Placement","Partial match","Complex",TRUE,TRUE,"needs-creating","","","",21,0,0,"auto"
"ESS/IEP/Snapshots/Temp/CDP_Contract_Referral_Placement_20210831.QVD","CDP_Contract_Referral_Placement_20210831.QVD","-",NA,"AZDB-AUE-PRD-NIAADL01.ESS.NIAA_CDP_Contract_Referral_Placement","Partial match","Complex",TRUE,TRUE,"needs-creating","","","",21,0,0,"auto"
"ESS/IEP/Snapshots/Temp/CDP_Contract_Referral_Placement_20210930.QVD","CDP_Contract_Referral_Placement_20210930.QVD","-",NA,"AZDB-AUE-PRD-NIAADL01.ESS.NIAA_CDP_Contract_Referral_Placement","Partial match","Complex",TRUE,TRUE,"needs-creating","","","",21,0,0,"auto"
"ESS/IEP/Snapshots/Temp/CDP_Contract_Referral_Placement_20211031.QVD","CDP_Contract_Referral_Placement_20211031.QVD","-",NA,"AZDB-AUE-PRD-NIAADL01.ESS.NIAA_CDP_Contract_Referral_Placement","Partial match","Complex",TRUE,TRUE,"needs-creating","","","",21,0,0,"auto"
"ESS/IEP/Snapshots/Temp/CDP_Contract_Referral_Placement_20211231.QVD","CDP_Contract_Referral_Placement_20211231.QVD","-",NA,"AZDB-AUE-PRD-NIAADL01.ESS.NIAA_CDP_Contract_Referral_Placement","Partial match","Complex",TRUE,TRUE,"needs-creating","","","",21,0,0,"auto"
"ESS/IEP/Snapshots/Temp/CDP_Contract_Referral_Placement_20220131.QVD","CDP_Contract_Referral_Placement_20220131.QVD","-",NA,"AZDB-AUE-PRD-NIAADL01.ESS.NIAA_CDP_Contract_Referral_Placement","Partial match","Complex",TRUE,TRUE,"needs-creating","","","",21,0,0,"auto"
"ESS/IEP/Snapshots/Temp/CDP_Contract_Referral_Placement_20220228.QVD","CDP_Contract_Referral_Placement_20220228.QVD","-",NA,"AZDB-AUE-PRD-NIAADL01.ESS.NIAA_CDP_Contract_Referral_Placement","Partial match","Complex",TRUE,TRUE,"needs-creating","","","",21,0,0,"auto"
"ESS/IEP/Snapshots/Temp/CDP_Contract_Referral_Placement_20220331.QVD","CDP_Contract_Referral_Placement_20220331.QVD","-",NA,"AZDB-AUE-PRD-NIAADL01.ESS.NIAA_CDP_Contract_Referral_Placement","Partial match","Complex",TRUE,TRUE,"needs-creating","","","",21,0,0,"auto"
"ESS/IEP/Snapshots/Temp/CDP_Contract_Referral_Placement_20220430.QVD","CDP_Contract_Referral_Placement_20220430.QVD","-",NA,"AZDB-AUE-PRD-NIAADL01.ESS.NIAA_CDP_Contract_Referral_Placement","Partial match","Complex",TRUE,TRUE,"needs-creating","","","",21,0,0,"auto"
"ESS/IEP/Snapshots/Temp/CDP_Contract_Referral_Placement_20220531.QVD","CDP_Contract_Referral_Placement_20220531.QVD","-",NA,"AZDB-AUE-PRD-NIAADL01.ESS.NIAA_CDP_Contract_Referral_Placement","Partial match","Complex",TRUE,TRUE,"needs-creating","","","",21,0,0,"auto"
"ESS/IEP/Snapshots/Temp/CDP_Contract_Referral_Placement_20220630.QVD","CDP_Contract_Referral_Placement_20220630.QVD","-",NA,"AZDB-AUE-PRD-NIAADL01.ESS.NIAA_CDP_Contract_Referral_Placement","Partial match","Complex",TRUE,TRUE,"needs-creating","","","",21,0,0,"auto"
"ESS/IEP/Snapshots/Temp/CDP_Contract_Referral_Placement_20220731.QVD","CDP_Contract_Referral_Placement_20220731.QVD","-",NA,"AZDB-AUE-PRD-NIAADL01.ESS.NIAA_CDP_Contract_Referral_Placement","Partial match","Complex",TRUE,TRUE,"needs-creating","","","",21,0,0,"auto"
"ESS/IEP/Snapshots/Temp/CDP_Contract_Referral_Placement_20220831.QVD","CDP_Contract_Referral_Placement_20220831.QVD","-",NA,"AZDB-AUE-PRD-NIAADL01.ESS.NIAA_CDP_Contract_Referral_Placement","Partial match","Complex",TRUE,TRUE,"needs-creating","","","",21,0,0,"auto"
"ESS/IEP/Snapshots/Temp/CDP_Contract_Referral_Placement_20220930.QVD","CDP_Contract_Referral_Placement_20220930.QVD","-",NA,"AZDB-AUE-PRD-NIAADL01.ESS.NIAA_CDP_Contract_Referral_Placement","Partial match","Complex",TRUE,TRUE,"needs-creating","","","",21,0,0,"auto"
"ESS/IEP/Snapshots/Temp/CDP_Contract_Referral_Placement_20221031.QVD","CDP_Contract_Referral_Placement_20221031.QVD","-",NA,"AZDB-AUE-PRD-NIAADL01.ESS.NIAA_CDP_Contract_Referral_Placement","Partial match","Complex",TRUE,TRUE,"needs-creating","","","",21,0,0,"auto"
"ESS/IEP/Snapshots/Temp/CDP_Contract_Referral_Placement_20221130.QVD","CDP_Contract_Referral_Placement_20221130.QVD","-",NA,"AZDB-AUE-PRD-NIAADL01.ESS.NIAA_CDP_Contract_Referral_Placement","Partial match","Complex",TRUE,TRUE,"needs-creating","","","",21,0,0,"auto"
"ESS/IEP/Snapshots/Temp/CDP_Contract_Referral_Placement_20221231.QVD","CDP_Contract_Referral_Placement_20221231.QVD","-",NA,"AZDB-AUE-PRD-NIAADL01.ESS.NIAA_CDP_Contract_Referral_Placement","Partial match","Complex",TRUE,TRUE,"needs-creating","","","",21,0,0,"auto"
"ESS/IEP/Snapshots/Temp/CDP_Contract_Referral_Placement_20230131.QVD","CDP_Contract_Referral_Placement_20230131.QVD","-",NA,"AZDB-AUE-PRD-NIAADL01.ESS.NIAA_CDP_Contract_Referral_Placement","Partial match","Complex",TRUE,TRUE,"needs-creating","","","",21,0,0,"auto"
"ESS/IEP/Snapshots/Temp/CDP_Contract_Referral_Placement_20230228.QVD","CDP_Contract_Referral_Placement_20230228.QVD","-",NA,"AZDB-AUE-PRD-NIAADL01.ESS.NIAA_CDP_Contract_Referral_Placement","Partial match","Complex",TRUE,TRUE,"needs-creating","","","",21,0,0,"auto"
"ESS/IEP/Snapshots/Temp/CDP_Contract_Referral_Placement_20230331.QVD","CDP_Contract_Referral_Placement_20230331.QVD","-",NA,"AZDB-AUE-PRD-NIAADL01.ESS.NIAA_CDP_Contract_Referral_Placement","Partial match","Complex",TRUE,TRUE,"needs-creating","","","",21,0,0,"auto"
"ESS/IEP/Snapshots/Temp/CDP_Contract_Referral_Placement_20230430.QVD","CDP_Contract_Referral_Placement_20230430.QVD","-",NA,"AZDB-AUE-PRD-NIAADL01.ESS.NIAA_CDP_Contract_Referral_Placement","Partial match","Complex",TRUE,TRUE,"needs-creating","","","",21,0,0,"auto"
"ESS/IEP/Snapshots/Temp/CDP_Contract_Referral_Placement_20230531.QVD","CDP_Contract_Referral_Placement_20230531.QVD","-",NA,"AZDB-AUE-PRD-NIAADL01.ESS.NIAA_CDP_Contract_Referral_Placement","Partial match","Complex",TRUE,TRUE,"needs-creating","","","",21,0,0,"auto"
"ESS/IEP/Snapshots/Temp/CDP_Contract_Referral_Placement_20230630.QVD","CDP_Contract_Referral_Placement_20230630.QVD","-",NA,"AZDB-AUE-PRD-NIAADL01.ESS.NIAA_CDP_Contract_Referral_Placement","Partial match","Complex",TRUE,TRUE,"needs-creating","","","",21,0,0,"auto"
"ESS/IEP/Snapshots/Temp/CDP_Contract_Referral_Placement_20230731.QVD","CDP_Contract_Referral_Placement_20230731.QVD","-",NA,"AZDB-AUE-PRD-NIAADL01.ESS.NIAA_CDP_Contract_Referral_Placement","Partial match","Complex",TRUE,TRUE,"needs-creating","","","",21,0,0,"auto"
"ESS/IEP/Snapshots/Temp/CDP_Contract_Referral_Placement_20230831.QVD","CDP_Contract_Referral_Placement_20230831.QVD","-",NA,"AZDB-AUE-PRD-NIAADL01.ESS.NIAA_CDP_Contract_Referral_Placement","Partial match","Complex",TRUE,TRUE,"needs-creating","","","",21,0,0,"auto"
"ESS/IEP/Snapshots/Temp/CDP_Contract_Referral_Placement_20230930.QVD","CDP_Contract_Referral_Placement_20230930.QVD","-",NA,"AZDB-AUE-PRD-NIAADL01.ESS.NIAA_CDP_Contract_Referral_Placement","Partial match","Complex",TRUE,TRUE,"needs-creating","","","",21,0,0,"auto"
"ESS/IEP/Snapshots/Temp/CDP_Contract_Referral_Placement_20231031.QVD","CDP_Contract_Referral_Placement_20231031.QVD","-",NA,"AZDB-AUE-PRD-NIAADL01.ESS.NIAA_CDP_Contract_Referral_Placement","Partial match","Complex",TRUE,TRUE,"needs-creating","","","",21,0,0,"auto"
"ESS/IEP/Snapshots/Temp/CDP_Contract_Referral_Placement_20231130.QVD","CDP_Contract_Referral_Placement_20231130.QVD","-",NA,"AZDB-AUE-PRD-NIAADL01.ESS.NIAA_CDP_Contract_Referral_Placement","Partial match","Complex",TRUE,TRUE,"needs-creating","","","",21,0,0,"auto"
"ESS/IEP/Snapshots/Temp/CDP_Contract_Referral_Placement_20231231.QVD","CDP_Contract_Referral_Placement_20231231.QVD","-",NA,"AZDB-AUE-PRD-NIAADL01.ESS.NIAA_CDP_Contract_Referral_Placement","Partial match","Complex",TRUE,TRUE,"needs-creating","","","",21,0,0,"auto"
"ESS/IEP/Snapshots/Temp/CDP_Contract_Referral_Placement_20240131.QVD","CDP_Contract_Referral_Placement_20240131.QVD","-",NA,"AZDB-AUE-PRD-NIAADL01.ESS.NIAA_CDP_Contract_Referral_Placement","Partial match","Complex",TRUE,TRUE,"needs-creating","","","",21,0,0,"auto"
"ESS/IEP/Snapshots/Temp/CDP_Contract_Referral_Placement_20240229.QVD","CDP_Contract_Referral_Placement_20240229.QVD","-",NA,"AZDB-AUE-PRD-NIAADL01.ESS.NIAA_CDP_Contract_Referral_Placement","Partial match","Complex",TRUE,TRUE,"needs-creating","","","",21,0,0,"auto"
"ESS/IEP/Snapshots/Temp/CDP_Job_Seeker_20200930.QVD","CDP_Job_Seeker_20200930.QVD","-",NA,"AZDB-AUE-PRD-NIAADL01.ESS.CDP Job Seeker","Partial match","Complex",TRUE,TRUE,"needs-creating","","","",30,0,0,"auto"
"ESS/IEP/Snapshots/Temp/CDP_Job_Seeker_20201031.QVD","CDP_Job_Seeker_20201031.QVD","-",NA,"AZDB-AUE-PRD-NIAADL01.ESS.CDP Job Seeker","Partial match","Complex",TRUE,TRUE,"needs-creating","","","",30,0,0,"auto"
"ESS/IEP/Snapshots/Temp/CDP_Job_Seeker_20201130.QVD","CDP_Job_Seeker_20201130.QVD","-",NA,"AZDB-AUE-PRD-NIAADL01.ESS.CDP Job Seeker","Partial match","Complex",TRUE,TRUE,"needs-creating","","","",30,0,0,"auto"
"ESS/IEP/Snapshots/Temp/CDP_Job_Seeker_20201231.QVD","CDP_Job_Seeker_20201231.QVD","-",NA,"AZDB-AUE-PRD-NIAADL01.ESS.CDP Job Seeker","Partial match","Complex",TRUE,TRUE,"needs-creating","","","",30,0,0,"auto"
"ESS/IEP/Snapshots/Temp/CDP_Job_Seeker_20210131.QVD","CDP_Job_Seeker_20210131.QVD","-",NA,"AZDB-AUE-PRD-NIAADL01.ESS.CDP Job Seeker","Partial match","Complex",TRUE,TRUE,"needs-creating","","","",30,0,0,"auto"
"ESS/IEP/Snapshots/Temp/CDP_Job_Seeker_20210228.QVD","CDP_Job_Seeker_20210228.QVD","-",NA,"AZDB-AUE-PRD-NIAADL01.ESS.CDP Job Seeker","Partial match","Complex",TRUE,TRUE,"needs-creating","","","",30,0,0,"auto"
"ESS/IEP/Snapshots/Temp/CDP_Job_Seeker_20210331.QVD","CDP_Job_Seeker_20210331.QVD","-",NA,"AZDB-AUE-PRD-NIAADL01.ESS.CDP Job Seeker","Partial match","Complex",TRUE,TRUE,"needs-creating","","","",30,0,0,"auto"
"ESS/IEP/Snapshots/Temp/CDP_Job_Seeker_20210430.QVD","CDP_Job_Seeker_20210430.QVD","-",NA,"AZDB-AUE-PRD-NIAADL01.ESS.CDP Job Seeker","Partial match","Complex",TRUE,TRUE,"needs-creating","","","",30,0,0,"auto"
"ESS/IEP/Snapshots/Temp/CDP_Job_Seeker_20210531.QVD","CDP_Job_Seeker_20210531.QVD","-",NA,"AZDB-AUE-PRD-NIAADL01.ESS.CDP Job Seeker","Partial match","Complex",TRUE,TRUE,"needs-creating","","","",30,0,0,"auto"
"ESS/IEP/Snapshots/Temp/CDP_Job_Seeker_20210630.QVD","CDP_Job_Seeker_20210630.QVD","-",NA,"AZDB-AUE-PRD-NIAADL01.ESS.CDP Job Seeker","Partial match","Complex",TRUE,TRUE,"needs-creating","","","",30,0,0,"auto"
"ESS/IEP/Snapshots/Temp/CDP_Job_Seeker_20210731.QVD","CDP_Job_Seeker_20210731.QVD","-",NA,"AZDB-AUE-PRD-NIAADL01.ESS.CDP Job Seeker","Partial match","Complex",TRUE,TRUE,"needs-creating","","","",30,0,0,"auto"
"ESS/IEP/Snapshots/Temp/CDP_Job_Seeker_20210831.QVD","CDP_Job_Seeker_20210831.QVD","-",NA,"AZDB-AUE-PRD-NIAADL01.ESS.CDP Job Seeker","Partial match","Complex",TRUE,TRUE,"needs-creating","","","",30,0,0,"auto"
"ESS/IEP/Snapshots/Temp/CDP_Job_Seeker_20210930.QVD","CDP_Job_Seeker_20210930.QVD","-",NA,"AZDB-AUE-PRD-NIAADL01.ESS.CDP Job Seeker","Partial match","Complex",TRUE,TRUE,"needs-creating","","","",30,0,0,"auto"
"ESS/IEP/Snapshots/Temp/CDP_Job_Seeker_20211031.QVD","CDP_Job_Seeker_20211031.QVD","-",NA,"AZDB-AUE-PRD-NIAADL01.ESS.CDP Job Seeker","Partial match","Complex",TRUE,TRUE,"needs-creating","","","",30,0,0,"auto"
"ESS/IEP/Snapshots/Temp/CDP_Job_Seeker_20211231.QVD","CDP_Job_Seeker_20211231.QVD","-",NA,"AZDB-AUE-PRD-NIAADL01.ESS.CDP Job Seeker","Partial match","Complex",TRUE,TRUE,"needs-creating","","","",30,0,0,"auto"
"ESS/IEP/Snapshots/Temp/CDP_Job_Seeker_20220131.QVD","CDP_Job_Seeker_20220131.QVD","-",NA,"AZDB-AUE-PRD-NIAADL01.ESS.CDP Job Seeker","Partial match","Complex",TRUE,TRUE,"needs-creating","","","",30,0,0,"auto"
"ESS/IEP/Snapshots/Temp/CDP_Job_Seeker_20220228.QVD","CDP_Job_Seeker_20220228.QVD","-",NA,"AZDB-AUE-PRD-NIAADL01.ESS.CDP Job Seeker","Partial match","Complex",TRUE,TRUE,"needs-creating","","","",30,0,0,"auto"
"ESS/IEP/Snapshots/Temp/CDP_Job_Seeker_20220331.QVD","CDP_Job_Seeker_20220331.QVD","-",NA,"AZDB-AUE-PRD-NIAADL01.ESS.CDP Job Seeker","Partial match","Complex",TRUE,TRUE,"needs-creating","","","",30,0,0,"auto"
"ESS/IEP/Snapshots/Temp/CDP_Job_Seeker_20220430.QVD","CDP_Job_Seeker_20220430.QVD","-",NA,"AZDB-AUE-PRD-NIAADL01.ESS.CDP Job Seeker","Partial match","Complex",TRUE,TRUE,"needs-creating","","","",30,0,0,"auto"
"ESS/IEP/Snapshots/Temp/CDP_Job_Seeker_20220531.QVD","CDP_Job_Seeker_20220531.QVD","-",NA,"AZDB-AUE-PRD-NIAADL01.ESS.CDP Job Seeker","Partial match","Complex",TRUE,TRUE,"needs-creating","","","",30,0,0,"auto"
"ESS/IEP/Snapshots/Temp/CDP_Job_Seeker_20220630.QVD","CDP_Job_Seeker_20220630.QVD","-",NA,"AZDB-AUE-PRD-NIAADL01.ESS.CDP Job Seeker","Partial match","Complex",TRUE,TRUE,"needs-creating","","","",30,0,0,"auto"
"ESS/IEP/Snapshots/Temp/CDP_Job_Seeker_20220731.QVD","CDP_Job_Seeker_20220731.QVD","-",NA,"AZDB-AUE-PRD-NIAADL01.ESS.CDP Job Seeker","Partial match","Complex",TRUE,TRUE,"needs-creating","","","",30,0,0,"auto"
"ESS/IEP/Snapshots/Temp/CDP_Job_Seeker_20220831.QVD","CDP_Job_Seeker_20220831.QVD","-",NA,"AZDB-AUE-PRD-NIAADL01.ESS.CDP Job Seeker","Partial match","Complex",TRUE,TRUE,"needs-creating","","","",30,0,0,"auto"
"ESS/IEP/Snapshots/Temp/CDP_Job_Seeker_20220930.QVD","CDP_Job_Seeker_20220930.QVD","-",NA,"AZDB-AUE-PRD-NIAADL01.ESS.CDP Job Seeker","Partial match","Complex",TRUE,TRUE,"needs-creating","","","",30,0,0,"auto"
"ESS/IEP/Snapshots/Temp/CDP_Job_Seeker_20221031.QVD","CDP_Job_Seeker_20221031.QVD","-",NA,"AZDB-AUE-PRD-NIAADL01.ESS.CDP Job Seeker","Partial match","Complex",TRUE,TRUE,"needs-creating","","","",30,0,0,"auto"
"ESS/IEP/Snapshots/Temp/CDP_Job_Seeker_20221130.QVD","CDP_Job_Seeker_20221130.QVD","-",NA,"AZDB-AUE-PRD-NIAADL01.ESS.CDP Job Seeker","Partial match","Complex",TRUE,TRUE,"needs-creating","","","",30,0,0,"auto"
"ESS/IEP/Snapshots/Temp/CDP_Job_Seeker_20221231.QVD","CDP_Job_Seeker_20221231.QVD","-",NA,"AZDB-AUE-PRD-NIAADL01.ESS.CDP Job Seeker","Partial match","Complex",TRUE,TRUE,"needs-creating","","","",30,0,0,"auto"
"ESS/IEP/Snapshots/Temp/CDP_Job_Seeker_20230131.QVD","CDP_Job_Seeker_20230131.QVD","-",NA,"AZDB-AUE-PRD-NIAADL01.ESS.CDP Job Seeker","Partial match","Complex",TRUE,TRUE,"needs-creating","","","",30,0,0,"auto"
"ESS/IEP/Snapshots/Temp/CDP_Job_Seeker_20230228.QVD","CDP_Job_Seeker_20230228.QVD","-",NA,"AZDB-AUE-PRD-NIAADL01.ESS.CDP Job Seeker","Partial match","Complex",TRUE,TRUE,"needs-creating","","","",30,0,0,"auto"
"ESS/IEP/Snapshots/Temp/CDP_Job_Seeker_20230331.QVD","CDP_Job_Seeker_20230331.QVD","-",NA,"AZDB-AUE-PRD-NIAADL01.ESS.CDP Job Seeker","Partial match","Complex",TRUE,TRUE,"needs-creating","","","",30,0,0,"auto"
"ESS/IEP/Snapshots/Temp/CDP_Job_Seeker_20230430.QVD","CDP_Job_Seeker_20230430.QVD","-",NA,"AZDB-AUE-PRD-NIAADL01.ESS.CDP Job Seeker","Partial match","Complex",TRUE,TRUE,"needs-creating","","","",30,0,0,"auto"
"ESS/IEP/Snapshots/Temp/CDP_Job_Seeker_20230531.QVD","CDP_Job_Seeker_20230531.QVD","-",NA,"AZDB-AUE-PRD-NIAADL01.ESS.CDP Job Seeker","Partial match","Complex",TRUE,TRUE,"needs-creating","","","",30,0,0,"auto"
"ESS/IEP/Snapshots/Temp/CDP_Job_Seeker_20230630.QVD","CDP_Job_Seeker_20230630.QVD","-",NA,"AZDB-AUE-PRD-NIAADL01.ESS.CDP Job Seeker","Partial match","Complex",TRUE,TRUE,"needs-creating","","","",30,0,0,"auto"
"ESS/IEP/Snapshots/Temp/CDP_Job_Seeker_20230731.QVD","CDP_Job_Seeker_20230731.QVD","-",NA,"AZDB-AUE-PRD-NIAADL01.ESS.CDP Job Seeker","Partial match","Complex",TRUE,TRUE,"needs-creating","","","",30,0,0,"auto"
"ESS/IEP/Snapshots/Temp/CDP_Job_Seeker_20230831.QVD","CDP_Job_Seeker_20230831.QVD","-",NA,"AZDB-AUE-PRD-NIAADL01.ESS.CDP Job Seeker","Partial match","Complex",TRUE,TRUE,"needs-creating","","","",30,0,0,"auto"
"ESS/IEP/Snapshots/Temp/CDP_Job_Seeker_20230930.QVD","CDP_Job_Seeker_20230930.QVD","-",NA,"AZDB-AUE-PRD-NIAADL01.ESS.CDP Job Seeker","Partial match","Complex",TRUE,TRUE,"needs-creating","","","",30,0,0,"auto"
"ESS/IEP/Snapshots/Temp/CDP_Job_Seeker_20231031.QVD","CDP_Job_Seeker_20231031.QVD","-",NA,"AZDB-AUE-PRD-NIAADL01.ESS.CDP Job Seeker","Partial match","Complex",TRUE,TRUE,"needs-creating","","","",30,0,0,"auto"
"ESS/IEP/Snapshots/Temp/CDP_Job_Seeker_20231130.QVD","CDP_Job_Seeker_20231130.QVD","-",NA,"AZDB-AUE-PRD-NIAADL01.ESS.CDP Job Seeker","Partial match","Complex",TRUE,TRUE,"needs-creating","","","",30,0,0,"auto"
"ESS/IEP/Snapshots/Temp/CDP_Job_Seeker_20231231.QVD","CDP_Job_Seeker_20231231.QVD","-",NA,"AZDB-AUE-PRD-NIAADL01.ESS.CDP Job Seeker","Partial match","Complex",TRUE,TRUE,"needs-creating","","","",30,0,0,"auto"
"ESS/IEP/Snapshots/Temp/CDP_Job_Seeker_20240131.QVD","CDP_Job_Seeker_20240131.QVD","-",NA,"AZDB-AUE-PRD-NIAADL01.ESS.CDP Job Seeker","Partial match","Complex",TRUE,TRUE,"needs-creating","","","",30,0,0,"auto"
"ESS/IEP/Snapshots/Temp/CDP_Job_Seeker_20240229.QVD","CDP_Job_Seeker_20240229.QVD","-",NA,"AZDB-AUE-PRD-NIAADL01.ESS.CDP Job Seeker","Partial match","Complex",TRUE,TRUE,"needs-creating","","","",30,0,0,"auto"
"ESS/IEP/Snapshots/Temp/IEP_Activity_20200930.QVD","IEP_Activity_20200930.QVD","-",NA,"AZDB-AUE-PRD-NIAADL01.ESS.IEP Activity","Likely subset","Complex",TRUE,TRUE,"needs-creating","","","",39,0,0,"auto"
"ESS/IEP/Snapshots/Temp/IEP_Activity_20201031.QVD","IEP_Activity_20201031.QVD","-",NA,"AZDB-AUE-PRD-NIAADL01.ESS.IEP Activity","Likely subset","Complex",TRUE,TRUE,"needs-creating","","","",39,0,0,"auto"
"ESS/IEP/Snapshots/Temp/IEP_Activity_20201130.QVD","IEP_Activity_20201130.QVD","-",NA,"AZDB-AUE-PRD-NIAADL01.ESS.IEP Activity","Likely subset","Complex",TRUE,TRUE,"needs-creating","","","",39,0,0,"auto"
"ESS/IEP/Snapshots/Temp/IEP_Activity_20201231.QVD","IEP_Activity_20201231.QVD","-",NA,"AZDB-AUE-PRD-NIAADL01.ESS.IEP Activity","Likely subset","Complex",TRUE,TRUE,"needs-creating","","","",39,0,0,"auto"
"ESS/IEP/Snapshots/Temp/IEP_Activity_20210131.QVD","IEP_Activity_20210131.QVD","-",NA,"AZDB-AUE-PRD-NIAADL01.ESS.IEP Activity","Likely subset","Complex",TRUE,TRUE,"needs-creating","","","",39,0,0,"auto"
"ESS/IEP/Snapshots/Temp/IEP_Activity_20210228.QVD","IEP_Activity_20210228.QVD","-",NA,"AZDB-AUE-PRD-NIAADL01.ESS.IEP Activity","Likely subset","Complex",TRUE,TRUE,"needs-creating","","","",39,0,0,"auto"
"ESS/IEP/Snapshots/Temp/IEP_Activity_20210331.QVD","IEP_Activity_20210331.QVD","-",NA,"AZDB-AUE-PRD-NIAADL01.ESS.IEP Activity","Likely subset","Complex",TRUE,TRUE,"needs-creating","","","",39,0,0,"auto"
"ESS/IEP/Snapshots/Temp/IEP_Activity_20210430.QVD","IEP_Activity_20210430.QVD","-",NA,"AZDB-AUE-PRD-NIAADL01.ESS.IEP Activity","Likely subset","Complex",TRUE,TRUE,"needs-creating","","","",39,0,0,"auto"
"ESS/IEP/Snapshots/Temp/IEP_Activity_20210531.QVD","IEP_Activity_20210531.QVD","-",NA,"AZDB-AUE-PRD-NIAADL01.ESS.IEP Activity","Likely subset","Complex",TRUE,TRUE,"needs-creating","","","",39,0,0,"auto"
"ESS/IEP/Snapshots/Temp/IEP_Activity_20210630.QVD","IEP_Activity_20210630.QVD","-",NA,"AZDB-AUE-PRD-NIAADL01.ESS.IEP Activity","Likely subset","Complex",TRUE,TRUE,"needs-creating","","","",39,0,0,"auto"
"ESS/IEP/Snapshots/Temp/IEP_Activity_20210731.QVD","IEP_Activity_20210731.QVD","-",NA,"AZDB-AUE-PRD-NIAADL01.ESS.IEP Activity","Likely subset","Complex",TRUE,TRUE,"needs-creating","","","",39,0,0,"auto"
"ESS/IEP/Snapshots/Temp/IEP_Activity_20210831.QVD","IEP_Activity_20210831.QVD","-",NA,"AZDB-AUE-PRD-NIAADL01.ESS.IEP Activity","Likely subset","Complex",TRUE,TRUE,"needs-creating","","","",39,0,0,"auto"
"ESS/IEP/Snapshots/Temp/IEP_Activity_20210930.QVD","IEP_Activity_20210930.QVD","-",NA,"AZDB-AUE-PRD-NIAADL01.ESS.IEP Activity","Likely subset","Complex",TRUE,TRUE,"needs-creating","","","",39,0,0,"auto"
"ESS/IEP/Snapshots/Temp/IEP_Activity_20211031.QVD","IEP_Activity_20211031.QVD","-",NA,"AZDB-AUE-PRD-NIAADL01.ESS.IEP Activity","Likely subset","Complex",TRUE,TRUE,"needs-creating","","","",39,0,0,"auto"
"ESS/IEP/Snapshots/Temp/IEP_Activity_20211231.QVD","IEP_Activity_20211231.QVD","-",NA,"AZDB-AUE-PRD-NIAADL01.ESS.IEP Activity","Likely subset","Complex",TRUE,TRUE,"needs-creating","","","",39,0,0,"auto"
"ESS/IEP/Snapshots/Temp/IEP_Activity_20220131.QVD","IEP_Activity_20220131.QVD","-",NA,"AZDB-AUE-PRD-NIAADL01.ESS.IEP Activity","Likely subset","Complex",TRUE,TRUE,"needs-creating","","","",39,0,0,"auto"
"ESS/IEP/Snapshots/Temp/IEP_Activity_20220228.QVD","IEP_Activity_20220228.QVD","-",NA,"AZDB-AUE-PRD-NIAADL01.ESS.IEP Activity","Likely subset","Complex",TRUE,TRUE,"needs-creating","","","",39,0,0,"auto"
"ESS/IEP/Snapshots/Temp/IEP_Activity_20220331.QVD","IEP_Activity_20220331.QVD","-",NA,"AZDB-AUE-PRD-NIAADL01.ESS.IEP Activity","Likely subset","Complex",TRUE,TRUE,"needs-creating","","","",39,0,0,"auto"
"ESS/IEP/Snapshots/Temp/IEP_Activity_20220430.QVD","IEP_Activity_20220430.QVD","-",NA,"AZDB-AUE-PRD-NIAADL01.ESS.IEP Activity","Likely subset","Complex",TRUE,TRUE,"needs-creating","","","",39,0,0,"auto"
"ESS/IEP/Snapshots/Temp/IEP_Activity_20220531.QVD","IEP_Activity_20220531.QVD","-",NA,"AZDB-AUE-PRD-NIAADL01.ESS.IEP Activity","Likely subset","Complex",TRUE,TRUE,"needs-creating","","","",39,0,0,"auto"
"ESS/IEP/Snapshots/Temp/IEP_Activity_20220630.QVD","IEP_Activity_20220630.QVD","-",NA,"AZDB-AUE-PRD-NIAADL01.ESS.IEP Activity","Likely subset","Complex",TRUE,TRUE,"needs-creating","","","",39,0,0,"auto"
"ESS/IEP/Snapshots/Temp/IEP_Activity_20220731.QVD","IEP_Activity_20220731.QVD","-",NA,"AZDB-AUE-PRD-NIAADL01.ESS.IEP Activity","Likely subset","Complex",TRUE,TRUE,"needs-creating","","","",39,0,0,"auto"
"ESS/IEP/Snapshots/Temp/IEP_Activity_20220831.QVD","IEP_Activity_20220831.QVD","-",NA,"AZDB-AUE-PRD-NIAADL01.ESS.IEP Activity","Likely subset","Complex",TRUE,TRUE,"needs-creating","","","",39,0,0,"auto"
"ESS/IEP/Snapshots/Temp/IEP_Activity_20220930.QVD","IEP_Activity_20220930.QVD","-",NA,"AZDB-AUE-PRD-NIAADL01.ESS.IEP Activity","Likely subset","Complex",TRUE,TRUE,"needs-creating","","","",39,0,0,"auto"
"ESS/IEP/Snapshots/Temp/IEP_Activity_20221031.QVD","IEP_Activity_20221031.QVD","-",NA,"AZDB-AUE-PRD-NIAADL01.ESS.IEP Activity","Likely subset","Complex",TRUE,TRUE,"needs-creating","","","",39,0,0,"auto"
"ESS/IEP/Snapshots/Temp/IEP_Activity_20221130.QVD","IEP_Activity_20221130.QVD","-",NA,"AZDB-AUE-PRD-NIAADL01.ESS.IEP Activity","Likely subset","Complex",TRUE,TRUE,"needs-creating","","","",39,0,0,"auto"
"ESS/IEP/Snapshots/Temp/IEP_Activity_20221231.QVD","IEP_Activity_20221231.QVD","-",NA,"AZDB-AUE-PRD-NIAADL01.ESS.IEP Activity","Likely subset","Complex",TRUE,TRUE,"needs-creating","","","",39,0,0,"auto"
"ESS/IEP/Snapshots/Temp/IEP_Activity_20230131.QVD","IEP_Activity_20230131.QVD","-",NA,"AZDB-AUE-PRD-NIAADL01.ESS.IEP Activity","Likely subset","Complex",TRUE,TRUE,"needs-creating","","","",39,0,0,"auto"
"ESS/IEP/Snapshots/Temp/IEP_Activity_20230228.QVD","IEP_Activity_20230228.QVD","-",NA,"AZDB-AUE-PRD-NIAADL01.ESS.IEP Activity","Likely subset","Complex",TRUE,TRUE,"needs-creating","","","",39,0,0,"auto"
"ESS/IEP/Snapshots/Temp/IEP_Activity_20230331.QVD","IEP_Activity_20230331.QVD","-",NA,"AZDB-AUE-PRD-NIAADL01.ESS.IEP Activity","Likely subset","Complex",TRUE,TRUE,"needs-creating","","","",39,0,0,"auto"
"ESS/IEP/Snapshots/Temp/IEP_Activity_20230430.QVD","IEP_Activity_20230430.QVD","-",NA,"AZDB-AUE-PRD-NIAADL01.ESS.IEP Activity","Likely subset","Complex",TRUE,TRUE,"needs-creating","","","",39,0,0,"auto"
"ESS/IEP/Snapshots/Temp/IEP_Activity_20230531.QVD","IEP_Activity_20230531.QVD","-",NA,"AZDB-AUE-PRD-NIAADL01.ESS.IEP Activity","Likely subset","Complex",TRUE,TRUE,"needs-creating","","","",39,0,0,"auto"
"ESS/IEP/Snapshots/Temp/IEP_Activity_20230630.QVD","IEP_Activity_20230630.QVD","-",NA,"AZDB-AUE-PRD-NIAADL01.ESS.IEP Activity","Likely subset","Complex",TRUE,TRUE,"needs-creating","","","",39,0,0,"auto"
"ESS/IEP/Snapshots/Temp/IEP_Activity_20230731.QVD","IEP_Activity_20230731.QVD","-",NA,"AZDB-AUE-PRD-NIAADL01.ESS.IEP Activity","Likely subset","Complex",TRUE,TRUE,"needs-creating","","","",39,0,0,"auto"
"ESS/IEP/Snapshots/Temp/IEP_Activity_20230831.QVD","IEP_Activity_20230831.QVD","-",NA,"AZDB-AUE-PRD-NIAADL01.ESS.IEP Activity","Likely subset","Complex",TRUE,TRUE,"needs-creating","","","",39,0,0,"auto"
"ESS/IEP/Snapshots/Temp/IEP_Activity_20230930.QVD","IEP_Activity_20230930.QVD","-",NA,"AZDB-AUE-PRD-NIAADL01.ESS.IEP Activity","Likely subset","Complex",TRUE,TRUE,"needs-creating","","","",39,0,0,"auto"
"ESS/IEP/Snapshots/Temp/IEP_Activity_20231031.QVD","IEP_Activity_20231031.QVD","-",NA,"AZDB-AUE-PRD-NIAADL01.ESS.IEP Activity","Likely subset","Complex",TRUE,TRUE,"needs-creating","","","",39,0,0,"auto"
"ESS/IEP/Snapshots/Temp/IEP_Activity_20231130.QVD","IEP_Activity_20231130.QVD","-",NA,"AZDB-AUE-PRD-NIAADL01.ESS.IEP Activity","Likely subset","Complex",TRUE,TRUE,"needs-creating","","","",39,0,0,"auto"
"ESS/IEP/Snapshots/Temp/IEP_Activity_20231231.QVD","IEP_Activity_20231231.QVD","-",NA,"AZDB-AUE-PRD-NIAADL01.ESS.IEP Activity","Likely subset","Complex",TRUE,TRUE,"needs-creating","","","",39,0,0,"auto"
"ESS/IEP/Snapshots/Temp/IEP_Activity_20240131.QVD","IEP_Activity_20240131.QVD","-",NA,"AZDB-AUE-PRD-NIAADL01.ESS.IEP Activity","Likely subset","Complex",TRUE,TRUE,"needs-creating","","","",39,0,0,"auto"
"ESS/IEP/Snapshots/Temp/IEP_Activity_20240229.QVD","IEP_Activity_20240229.QVD","-",NA,"AZDB-AUE-PRD-NIAADL01.ESS.IEP Activity","Likely subset","Complex",TRUE,TRUE,"needs-creating","","","",39,0,0,"auto"
"ESS/IEP/Snapshots/Temp/IEP_Activity_Contact_20200930.QVD","IEP_Activity_Contact_20200930.QVD","-",NA,"AZDB-AUE-PRD-NIAADL01.ESS.IEP Activity Contact","Likely subset","Complex",TRUE,TRUE,"needs-import","fusionload","grant activity","",11,0,0,"auto"
"ESS/IEP/Snapshots/Temp/IEP_Activity_Contact_20201031.QVD","IEP_Activity_Contact_20201031.QVD","-",NA,"AZDB-AUE-PRD-NIAADL01.ESS.IEP Activity Contact","Likely subset","Complex",TRUE,TRUE,"needs-import","fusionload","grant activity","",11,0,0,"auto"
"ESS/IEP/Snapshots/Temp/IEP_Activity_Contact_20201130.QVD","IEP_Activity_Contact_20201130.QVD","-",NA,"AZDB-AUE-PRD-NIAADL01.ESS.IEP Activity Contact","Likely subset","Complex",TRUE,TRUE,"needs-import","fusionload","grant activity","",11,0,0,"auto"
"ESS/IEP/Snapshots/Temp/IEP_Activity_Contact_20201231.QVD","IEP_Activity_Contact_20201231.QVD","-",NA,"AZDB-AUE-PRD-NIAADL01.ESS.IEP Activity Contact","Likely subset","Complex",TRUE,TRUE,"needs-import","fusionload","grant activity","",11,0,0,"auto"
"ESS/IEP/Snapshots/Temp/IEP_Activity_Contact_20210131.QVD","IEP_Activity_Contact_20210131.QVD","-",NA,"AZDB-AUE-PRD-NIAADL01.ESS.IEP Activity Contact","Likely subset","Complex",TRUE,TRUE,"needs-import","fusionload","grant activity","",11,0,0,"auto"
"ESS/IEP/Snapshots/Temp/IEP_Activity_Contact_20210228.QVD","IEP_Activity_Contact_20210228.QVD","-",NA,"AZDB-AUE-PRD-NIAADL01.ESS.IEP Activity Contact","Likely subset","Complex",TRUE,TRUE,"needs-import","fusionload","grant activity","",11,0,0,"auto"
"ESS/IEP/Snapshots/Temp/IEP_Activity_Contact_20210331.QVD","IEP_Activity_Contact_20210331.QVD","-",NA,"AZDB-AUE-PRD-NIAADL01.ESS.IEP Activity Contact","Likely subset","Complex",TRUE,TRUE,"needs-import","fusionload","grant activity","",11,0,0,"auto"
"ESS/IEP/Snapshots/Temp/IEP_Activity_Contact_20210430.QVD","IEP_Activity_Contact_20210430.QVD","-",NA,"AZDB-AUE-PRD-NIAADL01.ESS.IEP Activity Contact","Likely subset","Complex",TRUE,TRUE,"needs-import","fusionload","grant activity","",11,0,0,"auto"
"ESS/IEP/Snapshots/Temp/IEP_Activity_Contact_20210531.QVD","IEP_Activity_Contact_20210531.QVD","-",NA,"AZDB-AUE-PRD-NIAADL01.ESS.IEP Activity Contact","Likely subset","Complex",TRUE,TRUE,"needs-import","fusionload","grant activity","",11,0,0,"auto"
"ESS/IEP/Snapshots/Temp/IEP_Activity_Contact_20210630.QVD","IEP_Activity_Contact_20210630.QVD","-",NA,"AZDB-AUE-PRD-NIAADL01.ESS.IEP Activity Contact","Likely subset","Complex",TRUE,TRUE,"needs-import","fusionload","grant activity","",11,0,0,"auto"
"ESS/IEP/Snapshots/Temp/IEP_Activity_Contact_20210731.QVD","IEP_Activity_Contact_20210731.QVD","-",NA,"AZDB-AUE-PRD-NIAADL01.ESS.IEP Activity Contact","Likely subset","Complex",TRUE,TRUE,"needs-import","fusionload","grant activity","",11,0,0,"auto"
"ESS/IEP/Snapshots/Temp/IEP_Activity_Contact_20210831.QVD","IEP_Activity_Contact_20210831.QVD","-",NA,"AZDB-AUE-PRD-NIAADL01.ESS.IEP Activity Contact","Likely subset","Complex",TRUE,TRUE,"needs-import","fusionload","grant activity","",11,0,0,"auto"
"ESS/IEP/Snapshots/Temp/IEP_Activity_Contact_20210930.QVD","IEP_Activity_Contact_20210930.QVD","-",NA,"AZDB-AUE-PRD-NIAADL01.ESS.IEP Activity Contact","Likely subset","Complex",TRUE,TRUE,"needs-import","fusionload","grant activity","",11,0,0,"auto"
"ESS/IEP/Snapshots/Temp/IEP_Activity_Contact_20211031.QVD","IEP_Activity_Contact_20211031.QVD","-",NA,"AZDB-AUE-PRD-NIAADL01.ESS.IEP Activity Contact","Likely subset","Complex",TRUE,TRUE,"needs-import","fusionload","grant activity","",11,0,0,"auto"
"ESS/IEP/Snapshots/Temp/IEP_Activity_Contact_20211231.QVD","IEP_Activity_Contact_20211231.QVD","-",NA,"AZDB-AUE-PRD-NIAADL01.ESS.IEP Activity Contact","Likely subset","Complex",TRUE,TRUE,"needs-import","fusionload","grant activity","",11,0,0,"auto"
"ESS/IEP/Snapshots/Temp/IEP_Activity_Contact_20220131.QVD","IEP_Activity_Contact_20220131.QVD","-",NA,"AZDB-AUE-PRD-NIAADL01.ESS.IEP Activity Contact","Likely subset","Complex",TRUE,TRUE,"needs-import","fusionload","grant activity","",11,0,0,"auto"
"ESS/IEP/Snapshots/Temp/IEP_Activity_Contact_20220228.QVD","IEP_Activity_Contact_20220228.QVD","-",NA,"AZDB-AUE-PRD-NIAADL01.ESS.IEP Activity Contact","Likely subset","Complex",TRUE,TRUE,"needs-import","fusionload","grant activity","",11,0,0,"auto"
"ESS/IEP/Snapshots/Temp/IEP_Activity_Contact_20220331.QVD","IEP_Activity_Contact_20220331.QVD","-",NA,"AZDB-AUE-PRD-NIAADL01.ESS.IEP Activity Contact","Likely subset","Complex",TRUE,TRUE,"needs-import","fusionload","grant activity","",11,0,0,"auto"
"ESS/IEP/Snapshots/Temp/IEP_Activity_Contact_20220430.QVD","IEP_Activity_Contact_20220430.QVD","-",NA,"AZDB-AUE-PRD-NIAADL01.ESS.IEP Activity Contact","Likely subset","Complex",TRUE,TRUE,"needs-import","fusionload","grant activity","",11,0,0,"auto"
"ESS/IEP/Snapshots/Temp/IEP_Activity_Contact_20220531.QVD","IEP_Activity_Contact_20220531.QVD","-",NA,"AZDB-AUE-PRD-NIAADL01.ESS.IEP Activity Contact","Likely subset","Complex",TRUE,TRUE,"needs-import","fusionload","grant activity","",11,0,0,"auto"
"ESS/IEP/Snapshots/Temp/IEP_Activity_Contact_20220630.QVD","IEP_Activity_Contact_20220630.QVD","-",NA,"AZDB-AUE-PRD-NIAADL01.ESS.IEP Activity Contact","Likely subset","Complex",TRUE,TRUE,"needs-import","fusionload","grant activity","",11,0,0,"auto"
"ESS/IEP/Snapshots/Temp/IEP_Activity_Contact_20220731.QVD","IEP_Activity_Contact_20220731.QVD","-",NA,"AZDB-AUE-PRD-NIAADL01.ESS.IEP Activity Contact","Likely subset","Complex",TRUE,TRUE,"needs-import","fusionload","grant activity","",11,0,0,"auto"
"ESS/IEP/Snapshots/Temp/IEP_Activity_Contact_20220831.QVD","IEP_Activity_Contact_20220831.QVD","-",NA,"AZDB-AUE-PRD-NIAADL01.ESS.IEP Activity Contact","Likely subset","Complex",TRUE,TRUE,"needs-import","fusionload","grant activity","",11,0,0,"auto"
"ESS/IEP/Snapshots/Temp/IEP_Activity_Contact_20220930.QVD","IEP_Activity_Contact_20220930.QVD","-",NA,"AZDB-AUE-PRD-NIAADL01.ESS.IEP Activity Contact","Likely subset","Complex",TRUE,TRUE,"needs-import","fusionload","grant activity","",11,0,0,"auto"
"ESS/IEP/Snapshots/Temp/IEP_Activity_Contact_20221031.QVD","IEP_Activity_Contact_20221031.QVD","-",NA,"AZDB-AUE-PRD-NIAADL01.ESS.IEP Activity Contact","Likely subset","Complex",TRUE,TRUE,"needs-import","fusionload","grant activity","",11,0,0,"auto"
"ESS/IEP/Snapshots/Temp/IEP_Activity_Contact_20221130.QVD","IEP_Activity_Contact_20221130.QVD","-",NA,"AZDB-AUE-PRD-NIAADL01.ESS.IEP Activity Contact","Likely subset","Complex",TRUE,TRUE,"needs-import","fusionload","grant activity","",11,0,0,"auto"
"ESS/IEP/Snapshots/Temp/IEP_Activity_Contact_20221231.QVD","IEP_Activity_Contact_20221231.QVD","-",NA,"AZDB-AUE-PRD-NIAADL01.ESS.IEP Activity Contact","Likely subset","Complex",TRUE,TRUE,"needs-import","fusionload","grant activity","",11,0,0,"auto"
"ESS/IEP/Snapshots/Temp/IEP_Activity_Contact_20230131.QVD","IEP_Activity_Contact_20230131.QVD","-",NA,"AZDB-AUE-PRD-NIAADL01.ESS.IEP Activity Contact","Likely subset","Complex",TRUE,TRUE,"needs-import","fusionload","grant activity","",11,0,0,"auto"
"ESS/IEP/Snapshots/Temp/IEP_Activity_Contact_20230228.QVD","IEP_Activity_Contact_20230228.QVD","-",NA,"AZDB-AUE-PRD-NIAADL01.ESS.IEP Activity Contact","Likely subset","Complex",TRUE,TRUE,"needs-import","fusionload","grant activity","",11,0,0,"auto"
"ESS/IEP/Snapshots/Temp/IEP_Activity_Contact_20230331.QVD","IEP_Activity_Contact_20230331.QVD","-",NA,"AZDB-AUE-PRD-NIAADL01.ESS.IEP Activity Contact","Likely subset","Complex",TRUE,TRUE,"needs-import","fusionload","grant activity","",11,0,0,"auto"
"ESS/IEP/Snapshots/Temp/IEP_Activity_Contact_20230430.QVD","IEP_Activity_Contact_20230430.QVD","-",NA,"AZDB-AUE-PRD-NIAADL01.ESS.IEP Activity Contact","Likely subset","Complex",TRUE,TRUE,"needs-import","fusionload","grant activity","",11,0,0,"auto"
"ESS/IEP/Snapshots/Temp/IEP_Activity_Contact_20230531.QVD","IEP_Activity_Contact_20230531.QVD","-",NA,"AZDB-AUE-PRD-NIAADL01.ESS.IEP Activity Contact","Likely subset","Complex",TRUE,TRUE,"needs-import","fusionload","grant activity","",11,0,0,"auto"
"ESS/IEP/Snapshots/Temp/IEP_Activity_Contact_20230630.QVD","IEP_Activity_Contact_20230630.QVD","-",NA,"AZDB-AUE-PRD-NIAADL01.ESS.IEP Activity Contact","Likely subset","Complex",TRUE,TRUE,"needs-import","fusionload","grant activity","",11,0,0,"auto"
"ESS/IEP/Snapshots/Temp/IEP_Activity_Contact_20230731.QVD","IEP_Activity_Contact_20230731.QVD","-",NA,"AZDB-AUE-PRD-NIAADL01.ESS.IEP Activity Contact","Likely subset","Complex",TRUE,TRUE,"needs-import","fusionload","grant activity","",11,0,0,"auto"
"ESS/IEP/Snapshots/Temp/IEP_Activity_Contact_20230831.QVD","IEP_Activity_Contact_20230831.QVD","-",NA,"AZDB-AUE-PRD-NIAADL01.ESS.IEP Activity Contact","Likely subset","Complex",TRUE,TRUE,"needs-import","fusionload","grant activity","",11,0,0,"auto"
"ESS/IEP/Snapshots/Temp/IEP_Activity_Contact_20230930.QVD","IEP_Activity_Contact_20230930.QVD","-",NA,"AZDB-AUE-PRD-NIAADL01.ESS.IEP Activity Contact","Likely subset","Complex",TRUE,TRUE,"needs-import","fusionload","grant activity","",11,0,0,"auto"
"ESS/IEP/Snapshots/Temp/IEP_Activity_Contact_20231031.QVD","IEP_Activity_Contact_20231031.QVD","-",NA,"AZDB-AUE-PRD-NIAADL01.ESS.IEP Activity Contact","Likely subset","Complex",TRUE,TRUE,"needs-import","fusionload","grant activity","",11,0,0,"auto"
"ESS/IEP/Snapshots/Temp/IEP_Activity_Contact_20231130.QVD","IEP_Activity_Contact_20231130.QVD","-",NA,"AZDB-AUE-PRD-NIAADL01.ESS.IEP Activity Contact","Likely subset","Complex",TRUE,TRUE,"needs-import","fusionload","grant activity","",11,0,0,"auto"
"ESS/IEP/Snapshots/Temp/IEP_Activity_Contact_20231231.QVD","IEP_Activity_Contact_20231231.QVD","-",NA,"AZDB-AUE-PRD-NIAADL01.ESS.IEP Activity Contact","Likely subset","Complex",TRUE,TRUE,"needs-import","fusionload","grant activity","",11,0,0,"auto"
"ESS/IEP/Snapshots/Temp/IEP_Activity_Contact_20240131.QVD","IEP_Activity_Contact_20240131.QVD","-",NA,"AZDB-AUE-PRD-NIAADL01.ESS.IEP Activity Contact","Likely subset","Complex",TRUE,TRUE,"needs-import","fusionload","grant activity","",11,0,0,"auto"
"ESS/IEP/Snapshots/Temp/IEP_Activity_Contact_20240229.QVD","IEP_Activity_Contact_20240229.QVD","-",NA,"AZDB-AUE-PRD-NIAADL01.ESS.IEP Activity Contact","Likely subset","Complex",TRUE,TRUE,"needs-import","fusionload","grant activity","",11,0,0,"auto"
"ESS/IEP/Snapshots/Temp/IEP_Activity_Expenditure_20200930.QVD","IEP_Activity_Expenditure_20200930.QVD","-",NA,"AZDB-AUE-PRD-NIAADL01.ESS.IEP Activity Expenditure","Exact","Complex",TRUE,TRUE,"multi-source","ESS","FUSION IEP Activity","lib://Curated data Store:DataFiles/10 Landing Area/ESS/FUSION IEP Activity.qvd",11,68,9,"auto"
"ESS/IEP/Snapshots/Temp/IEP_Activity_Expenditure_20201031.QVD","IEP_Activity_Expenditure_20201031.QVD","-",NA,"AZDB-AUE-PRD-NIAADL01.ESS.IEP Activity Expenditure","Exact","Complex",TRUE,TRUE,"multi-source","ESS","FUSION IEP Activity","lib://Curated data Store:DataFiles/10 Landing Area/ESS/FUSION IEP Activity.qvd",11,68,9,"auto"
"ESS/IEP/Snapshots/Temp/IEP_Activity_Expenditure_20201130.QVD","IEP_Activity_Expenditure_20201130.QVD","-",NA,"AZDB-AUE-PRD-NIAADL01.ESS.IEP Activity Expenditure","Exact","Complex",TRUE,TRUE,"multi-source","ESS","FUSION IEP Activity","lib://Curated data Store:DataFiles/10 Landing Area/ESS/FUSION IEP Activity.qvd",11,68,9,"auto"
"ESS/IEP/Snapshots/Temp/IEP_Activity_Expenditure_20201231.QVD","IEP_Activity_Expenditure_20201231.QVD","-",NA,"AZDB-AUE-PRD-NIAADL01.ESS.IEP Activity Expenditure","Exact","Complex",TRUE,TRUE,"multi-source","ESS","FUSION IEP Activity","lib://Curated data Store:DataFiles/10 Landing Area/ESS/FUSION IEP Activity.qvd",11,68,9,"auto"
"ESS/IEP/Snapshots/Temp/IEP_Activity_Expenditure_20210131.QVD","IEP_Activity_Expenditure_20210131.QVD","-",NA,"AZDB-AUE-PRD-NIAADL01.ESS.IEP Activity Expenditure","Exact","Complex",TRUE,TRUE,"multi-source","ESS","FUSION IEP Activity","lib://Curated data Store:DataFiles/10 Landing Area/ESS/FUSION IEP Activity.qvd",11,68,9,"auto"
"ESS/IEP/Snapshots/Temp/IEP_Activity_Expenditure_20210228.QVD","IEP_Activity_Expenditure_20210228.QVD","-",NA,"AZDB-AUE-PRD-NIAADL01.ESS.IEP Activity Expenditure","Exact","Complex",TRUE,TRUE,"multi-source","ESS","FUSION IEP Activity","lib://Curated data Store:DataFiles/10 Landing Area/ESS/FUSION IEP Activity.qvd",11,68,9,"auto"
"ESS/IEP/Snapshots/Temp/IEP_Activity_Expenditure_20210331.QVD","IEP_Activity_Expenditure_20210331.QVD","-",NA,"AZDB-AUE-PRD-NIAADL01.ESS.IEP Activity Expenditure","Exact","Complex",TRUE,TRUE,"multi-source","ESS","FUSION IEP Activity","lib://Curated data Store:DataFiles/10 Landing Area/ESS/FUSION IEP Activity.qvd",11,68,9,"auto"
"ESS/IEP/Snapshots/Temp/IEP_Activity_Expenditure_20210430.QVD","IEP_Activity_Expenditure_20210430.QVD","-",NA,"AZDB-AUE-PRD-NIAADL01.ESS.IEP Activity Expenditure","Exact","Complex",TRUE,TRUE,"multi-source","ESS","FUSION IEP Activity","lib://Curated data Store:DataFiles/10 Landing Area/ESS/FUSION IEP Activity.qvd",11,68,9,"auto"
"ESS/IEP/Snapshots/Temp/IEP_Activity_Expenditure_20210531.QVD","IEP_Activity_Expenditure_20210531.QVD","-",NA,"AZDB-AUE-PRD-NIAADL01.ESS.IEP Activity Expenditure","Exact","Complex",TRUE,TRUE,"multi-source","ESS","FUSION IEP Activity","lib://Curated data Store:DataFiles/10 Landing Area/ESS/FUSION IEP Activity.qvd",11,68,9,"auto"
"ESS/IEP/Snapshots/Temp/IEP_Activity_Expenditure_20210630.QVD","IEP_Activity_Expenditure_20210630.QVD","-",NA,"AZDB-AUE-PRD-NIAADL01.ESS.IEP Activity Expenditure","Exact","Complex",TRUE,TRUE,"multi-source","ESS","FUSION IEP Activity","lib://Curated data Store:DataFiles/10 Landing Area/ESS/FUSION IEP Activity.qvd",11,68,9,"auto"
"ESS/IEP/Snapshots/Temp/IEP_Activity_Expenditure_20210731.QVD","IEP_Activity_Expenditure_20210731.QVD","-",NA,"AZDB-AUE-PRD-NIAADL01.ESS.IEP Activity Expenditure","Exact","Complex",TRUE,TRUE,"multi-source","ESS","FUSION IEP Activity","lib://Curated data Store:DataFiles/10 Landing Area/ESS/FUSION IEP Activity.qvd",11,68,9,"auto"
"ESS/IEP/Snapshots/Temp/IEP_Activity_Expenditure_20210831.QVD","IEP_Activity_Expenditure_20210831.QVD","-",NA,"AZDB-AUE-PRD-NIAADL01.ESS.IEP Activity Expenditure","Exact","Complex",TRUE,TRUE,"multi-source","ESS","FUSION IEP Activity","lib://Curated data Store:DataFiles/10 Landing Area/ESS/FUSION IEP Activity.qvd",11,68,9,"auto"
"ESS/IEP/Snapshots/Temp/IEP_Activity_Expenditure_20210930.QVD","IEP_Activity_Expenditure_20210930.QVD","-",NA,"AZDB-AUE-PRD-NIAADL01.ESS.IEP Activity Expenditure","Exact","Complex",TRUE,TRUE,"multi-source","ESS","FUSION IEP Activity","lib://Curated data Store:DataFiles/10 Landing Area/ESS/FUSION IEP Activity.qvd",11,68,9,"auto"
"ESS/IEP/Snapshots/Temp/IEP_Activity_Expenditure_20211031.QVD","IEP_Activity_Expenditure_20211031.QVD","-",NA,"AZDB-AUE-PRD-NIAADL01.ESS.IEP Activity Expenditure","Exact","Complex",TRUE,TRUE,"multi-source","ESS","FUSION IEP Activity","lib://Curated data Store:DataFiles/10 Landing Area/ESS/FUSION IEP Activity.qvd",11,68,9,"auto"
"ESS/IEP/Snapshots/Temp/IEP_Activity_Expenditure_20211231.QVD","IEP_Activity_Expenditure_20211231.QVD","-",NA,"AZDB-AUE-PRD-NIAADL01.ESS.IEP Activity Expenditure","Exact","Complex",TRUE,TRUE,"multi-source","ESS","FUSION IEP Activity","lib://Curated data Store:DataFiles/10 Landing Area/ESS/FUSION IEP Activity.qvd",11,68,9,"auto"
"ESS/IEP/Snapshots/Temp/IEP_Activity_Expenditure_20220228.QVD","IEP_Activity_Expenditure_20220228.QVD","-",NA,"AZDB-AUE-PRD-NIAADL01.ESS.IEP Activity Expenditure","Exact","Complex",TRUE,TRUE,"multi-source","ESS","FUSION IEP Activity","lib://Curated data Store:DataFiles/10 Landing Area/ESS/FUSION IEP Activity.qvd",11,68,9,"auto"
"ESS/IEP/Snapshots/Temp/IEP_Activity_Expenditure_20220331.QVD","IEP_Activity_Expenditure_20220331.QVD","-",NA,"AZDB-AUE-PRD-NIAADL01.ESS.IEP Activity Expenditure","Exact","Complex",TRUE,TRUE,"multi-source","ESS","FUSION IEP Activity","lib://Curated data Store:DataFiles/10 Landing Area/ESS/FUSION IEP Activity.qvd",11,68,9,"auto"
"ESS/IEP/Snapshots/Temp/IEP_Activity_Expenditure_20220430.QVD","IEP_Activity_Expenditure_20220430.QVD","-",NA,"AZDB-AUE-PRD-NIAADL01.ESS.IEP Activity Expenditure","Exact","Complex",TRUE,TRUE,"multi-source","ESS","FUSION IEP Activity","lib://Curated data Store:DataFiles/10 Landing Area/ESS/FUSION IEP Activity.qvd",11,68,9,"auto"
"ESS/IEP/Snapshots/Temp/IEP_Activity_Expenditure_20220531.QVD","IEP_Activity_Expenditure_20220531.QVD","-",NA,"AZDB-AUE-PRD-NIAADL01.ESS.IEP Activity Expenditure","Exact","Complex",TRUE,TRUE,"multi-source","ESS","FUSION IEP Activity","lib://Curated data Store:DataFiles/10 Landing Area/ESS/FUSION IEP Activity.qvd",11,68,9,"auto"
"ESS/IEP/Snapshots/Temp/IEP_Activity_Expenditure_20220630.QVD","IEP_Activity_Expenditure_20220630.QVD","-",NA,"AZDB-AUE-PRD-NIAADL01.ESS.IEP Activity Expenditure","Exact","Complex",TRUE,TRUE,"multi-source","ESS","FUSION IEP Activity","lib://Curated data Store:DataFiles/10 Landing Area/ESS/FUSION IEP Activity.qvd",11,68,9,"auto"
"ESS/IEP/Snapshots/Temp/IEP_Activity_Expenditure_20220731.QVD","IEP_Activity_Expenditure_20220731.QVD","-",NA,"AZDB-AUE-PRD-NIAADL01.ESS.IEP Activity Expenditure","Exact","Complex",TRUE,TRUE,"multi-source","ESS","FUSION IEP Activity","lib://Curated data Store:DataFiles/10 Landing Area/ESS/FUSION IEP Activity.qvd",11,68,9,"auto"
"ESS/IEP/Snapshots/Temp/IEP_Activity_Expenditure_20220831.QVD","IEP_Activity_Expenditure_20220831.QVD","-",NA,"AZDB-AUE-PRD-NIAADL01.ESS.IEP Activity Expenditure","Exact","Complex",TRUE,TRUE,"multi-source","ESS","FUSION IEP Activity","lib://Curated data Store:DataFiles/10 Landing Area/ESS/FUSION IEP Activity.qvd",11,68,9,"auto"
"ESS/IEP/Snapshots/Temp/IEP_Activity_Expenditure_20220930.QVD","IEP_Activity_Expenditure_20220930.QVD","-",NA,"AZDB-AUE-PRD-NIAADL01.ESS.IEP Activity Expenditure","Exact","Complex",TRUE,TRUE,"multi-source","ESS","FUSION IEP Activity","lib://Curated data Store:DataFiles/10 Landing Area/ESS/FUSION IEP Activity.qvd",11,68,9,"auto"
"ESS/IEP/Snapshots/Temp/IEP_Activity_Expenditure_20221031.QVD","IEP_Activity_Expenditure_20221031.QVD","-",NA,"AZDB-AUE-PRD-NIAADL01.ESS.IEP Activity Expenditure","Exact","Complex",TRUE,TRUE,"multi-source","ESS","FUSION IEP Activity","lib://Curated data Store:DataFiles/10 Landing Area/ESS/FUSION IEP Activity.qvd",11,68,9,"auto"
"ESS/IEP/Snapshots/Temp/IEP_Activity_Expenditure_20221130.QVD","IEP_Activity_Expenditure_20221130.QVD","-",NA,"AZDB-AUE-PRD-NIAADL01.ESS.IEP Activity Expenditure","Exact","Complex",TRUE,TRUE,"multi-source","ESS","FUSION IEP Activity","lib://Curated data Store:DataFiles/10 Landing Area/ESS/FUSION IEP Activity.qvd",11,68,9,"auto"
"ESS/IEP/Snapshots/Temp/IEP_Activity_Expenditure_20221231.QVD","IEP_Activity_Expenditure_20221231.QVD","-",NA,"AZDB-AUE-PRD-NIAADL01.ESS.IEP Activity Expenditure","Exact","Complex",TRUE,TRUE,"multi-source","ESS","FUSION IEP Activity","lib://Curated data Store:DataFiles/10 Landing Area/ESS/FUSION IEP Activity.qvd",11,68,9,"auto"
"ESS/IEP/Snapshots/Temp/IEP_Activity_Expenditure_20230131.QVD","IEP_Activity_Expenditure_20230131.QVD","-",NA,"AZDB-AUE-PRD-NIAADL01.ESS.IEP Activity Expenditure","Exact","Complex",TRUE,TRUE,"multi-source","ESS","FUSION IEP Activity","lib://Curated data Store:DataFiles/10 Landing Area/ESS/FUSION IEP Activity.qvd",11,68,9,"auto"
"ESS/IEP/Snapshots/Temp/IEP_Activity_Expenditure_20230228.QVD","IEP_Activity_Expenditure_20230228.QVD","-",NA,"AZDB-AUE-PRD-NIAADL01.ESS.IEP Activity Expenditure","Exact","Complex",TRUE,TRUE,"multi-source","ESS","FUSION IEP Activity","lib://Curated data Store:DataFiles/10 Landing Area/ESS/FUSION IEP Activity.qvd",11,68,9,"auto"
"ESS/IEP/Snapshots/Temp/IEP_Activity_Expenditure_20230331.QVD","IEP_Activity_Expenditure_20230331.QVD","-",NA,"AZDB-AUE-PRD-NIAADL01.ESS.IEP Activity Expenditure","Exact","Complex",TRUE,TRUE,"multi-source","ESS","FUSION IEP Activity","lib://Curated data Store:DataFiles/10 Landing Area/ESS/FUSION IEP Activity.qvd",11,68,9,"auto"
"ESS/IEP/Snapshots/Temp/IEP_Activity_Expenditure_20230430.QVD","IEP_Activity_Expenditure_20230430.QVD","-",NA,"AZDB-AUE-PRD-NIAADL01.ESS.IEP Activity Expenditure","Exact","Complex",TRUE,TRUE,"multi-source","ESS","FUSION IEP Activity","lib://Curated data Store:DataFiles/10 Landing Area/ESS/FUSION IEP Activity.qvd",11,68,9,"auto"
"ESS/IEP/Snapshots/Temp/IEP_Activity_Expenditure_20230531.QVD","IEP_Activity_Expenditure_20230531.QVD","-",NA,"AZDB-AUE-PRD-NIAADL01.ESS.IEP Activity Expenditure","Exact","Complex",TRUE,TRUE,"multi-source","ESS","FUSION IEP Activity","lib://Curated data Store:DataFiles/10 Landing Area/ESS/FUSION IEP Activity.qvd",11,68,9,"auto"
"ESS/IEP/Snapshots/Temp/IEP_Activity_Expenditure_20230630.QVD","IEP_Activity_Expenditure_20230630.QVD","-",NA,"AZDB-AUE-PRD-NIAADL01.ESS.IEP Activity Expenditure","Exact","Complex",TRUE,TRUE,"multi-source","ESS","FUSION IEP Activity","lib://Curated data Store:DataFiles/10 Landing Area/ESS/FUSION IEP Activity.qvd",11,68,9,"auto"
"ESS/IEP/Snapshots/Temp/IEP_Activity_Expenditure_20230731.QVD","IEP_Activity_Expenditure_20230731.QVD","-",NA,"AZDB-AUE-PRD-NIAADL01.ESS.IEP Activity Expenditure","Exact","Complex",TRUE,TRUE,"multi-source","ESS","FUSION IEP Activity","lib://Curated data Store:DataFiles/10 Landing Area/ESS/FUSION IEP Activity.qvd",11,68,9,"auto"
"ESS/IEP/Snapshots/Temp/IEP_Activity_Expenditure_20230831.QVD","IEP_Activity_Expenditure_20230831.QVD","-",NA,"AZDB-AUE-PRD-NIAADL01.ESS.IEP Activity Expenditure","Exact","Complex",TRUE,TRUE,"multi-source","ESS","FUSION IEP Activity","lib://Curated data Store:DataFiles/10 Landing Area/ESS/FUSION IEP Activity.qvd",11,68,9,"auto"
"ESS/IEP/Snapshots/Temp/IEP_Activity_Expenditure_20230930.QVD","IEP_Activity_Expenditure_20230930.QVD","-",NA,"AZDB-AUE-PRD-NIAADL01.ESS.IEP Activity Expenditure","Exact","Complex",TRUE,TRUE,"multi-source","ESS","FUSION IEP Activity","lib://Curated data Store:DataFiles/10 Landing Area/ESS/FUSION IEP Activity.qvd",11,68,9,"auto"
"ESS/IEP/Snapshots/Temp/IEP_Activity_Expenditure_20231031.QVD","IEP_Activity_Expenditure_20231031.QVD","-",NA,"AZDB-AUE-PRD-NIAADL01.ESS.IEP Activity Expenditure","Exact","Complex",TRUE,TRUE,"multi-source","ESS","FUSION IEP Activity","lib://Curated data Store:DataFiles/10 Landing Area/ESS/FUSION IEP Activity.qvd",11,68,9,"auto"
"ESS/IEP/Snapshots/Temp/IEP_Activity_Expenditure_20231130.QVD","IEP_Activity_Expenditure_20231130.QVD","-",NA,"AZDB-AUE-PRD-NIAADL01.ESS.IEP Activity Expenditure","Exact","Complex",TRUE,TRUE,"multi-source","ESS","FUSION IEP Activity","lib://Curated data Store:DataFiles/10 Landing Area/ESS/FUSION IEP Activity.qvd",11,68,9,"auto"
"ESS/IEP/Snapshots/Temp/IEP_Activity_Expenditure_20231231.QVD","IEP_Activity_Expenditure_20231231.QVD","-",NA,"AZDB-AUE-PRD-NIAADL01.ESS.IEP Activity Expenditure","Exact","Complex",TRUE,TRUE,"multi-source","ESS","FUSION IEP Activity","lib://Curated data Store:DataFiles/10 Landing Area/ESS/FUSION IEP Activity.qvd",11,68,9,"auto"
"ESS/IEP/Snapshots/Temp/IEP_Activity_Expenditure_20240131.QVD","IEP_Activity_Expenditure_20240131.QVD","-",NA,"AZDB-AUE-PRD-NIAADL01.ESS.IEP Activity Expenditure","Exact","Complex",TRUE,TRUE,"multi-source","ESS","FUSION IEP Activity","lib://Curated data Store:DataFiles/10 Landing Area/ESS/FUSION IEP Activity.qvd",11,68,9,"auto"
"ESS/IEP/Snapshots/Temp/IEP_Activity_Expenditure_20240229.QVD","IEP_Activity_Expenditure_20240229.QVD","-",NA,"AZDB-AUE-PRD-NIAADL01.ESS.IEP Activity Expenditure","Exact","Complex",TRUE,TRUE,"multi-source","ESS","FUSION IEP Activity","lib://Curated data Store:DataFiles/10 Landing Area/ESS/FUSION IEP Activity.qvd",11,68,9,"auto"
"ESS/IEP/Snapshots/Temp/IEP_Claim_Payments_20200930.QVD","IEP_Claim_Payments_20200930.QVD","-",NA,"AZDB-AUE-PRD-NIAADL01.ESS.IEP Claim Payments","Partial match","Complex",TRUE,TRUE,"needs-creating","","","",20,0,0,"auto"
"ESS/IEP/Snapshots/Temp/IEP_Claim_Payments_20201031.QVD","IEP_Claim_Payments_20201031.QVD","-",NA,"AZDB-AUE-PRD-NIAADL01.ESS.IEP Claim Payments","Partial match","Complex",TRUE,TRUE,"needs-creating","","","",20,0,0,"auto"
"ESS/IEP/Snapshots/Temp/IEP_Claim_Payments_20201130.QVD","IEP_Claim_Payments_20201130.QVD","-",NA,"AZDB-AUE-PRD-NIAADL01.ESS.IEP Claim Payments","Partial match","Complex",TRUE,TRUE,"needs-creating","","","",20,0,0,"auto"
"ESS/IEP/Snapshots/Temp/IEP_Claim_Payments_20201231.QVD","IEP_Claim_Payments_20201231.QVD","-",NA,"AZDB-AUE-PRD-NIAADL01.ESS.IEP Claim Payments","Partial match","Complex",TRUE,TRUE,"needs-creating","","","",20,0,0,"auto"
"ESS/IEP/Snapshots/Temp/IEP_Claim_Payments_20210131.QVD","IEP_Claim_Payments_20210131.QVD","-",NA,"AZDB-AUE-PRD-NIAADL01.ESS.IEP Claim Payments","Partial match","Complex",TRUE,TRUE,"needs-creating","","","",20,0,0,"auto"
"ESS/IEP/Snapshots/Temp/IEP_Claim_Payments_20210228.QVD","IEP_Claim_Payments_20210228.QVD","-",NA,"AZDB-AUE-PRD-NIAADL01.ESS.IEP Claim Payments","Partial match","Complex",TRUE,TRUE,"needs-creating","","","",20,0,0,"auto"
"ESS/IEP/Snapshots/Temp/IEP_Claim_Payments_20210331.QVD","IEP_Claim_Payments_20210331.QVD","-",NA,"AZDB-AUE-PRD-NIAADL01.ESS.IEP Claim Payments","Partial match","Complex",TRUE,TRUE,"needs-creating","","","",20,0,0,"auto"
"ESS/IEP/Snapshots/Temp/IEP_Claim_Payments_20210430.QVD","IEP_Claim_Payments_20210430.QVD","-",NA,"AZDB-AUE-PRD-NIAADL01.ESS.IEP Claim Payments","Partial match","Complex",TRUE,TRUE,"needs-creating","","","",20,0,0,"auto"
"ESS/IEP/Snapshots/Temp/IEP_Claim_Payments_20210531.QVD","IEP_Claim_Payments_20210531.QVD","-",NA,"AZDB-AUE-PRD-NIAADL01.ESS.IEP Claim Payments","Partial match","Complex",TRUE,TRUE,"needs-creating","","","",20,0,0,"auto"
"ESS/IEP/Snapshots/Temp/IEP_Claim_Payments_20210630.QVD","IEP_Claim_Payments_20210630.QVD","-",NA,"AZDB-AUE-PRD-NIAADL01.ESS.IEP Claim Payments","Partial match","Complex",TRUE,TRUE,"needs-creating","","","",20,0,0,"auto"
"ESS/IEP/Snapshots/Temp/IEP_Claim_Payments_20210731.QVD","IEP_Claim_Payments_20210731.QVD","-",NA,"AZDB-AUE-PRD-NIAADL01.ESS.IEP Claim Payments","Partial match","Complex",TRUE,TRUE,"needs-creating","","","",20,0,0,"auto"
"ESS/IEP/Snapshots/Temp/IEP_Claim_Payments_20210831.QVD","IEP_Claim_Payments_20210831.QVD","-",NA,"AZDB-AUE-PRD-NIAADL01.ESS.IEP Claim Payments","Partial match","Complex",TRUE,TRUE,"needs-creating","","","",20,0,0,"auto"
"ESS/IEP/Snapshots/Temp/IEP_Claim_Payments_20210930.QVD","IEP_Claim_Payments_20210930.QVD","-",NA,"AZDB-AUE-PRD-NIAADL01.ESS.IEP Claim Payments","Partial match","Complex",TRUE,TRUE,"needs-creating","","","",20,0,0,"auto"
"ESS/IEP/Snapshots/Temp/IEP_Claim_Payments_20211031.QVD","IEP_Claim_Payments_20211031.QVD","-",NA,"AZDB-AUE-PRD-NIAADL01.ESS.IEP Claim Payments","Partial match","Complex",TRUE,TRUE,"needs-creating","","","",20,0,0,"auto"
"ESS/IEP/Snapshots/Temp/IEP_Claim_Payments_20211231.QVD","IEP_Claim_Payments_20211231.QVD","-",NA,"AZDB-AUE-PRD-NIAADL01.ESS.IEP Claim Payments","Partial match","Complex",TRUE,TRUE,"needs-creating","","","",20,0,0,"auto"
"ESS/IEP/Snapshots/Temp/IEP_Claim_Payments_20220131.QVD","IEP_Claim_Payments_20220131.QVD","-",NA,"AZDB-AUE-PRD-NIAADL01.ESS.IEP Claim Payments","Partial match","Complex",TRUE,TRUE,"needs-creating","","","",20,0,0,"auto"
"ESS/IEP/Snapshots/Temp/IEP_Claim_Payments_20220228.QVD","IEP_Claim_Payments_20220228.QVD","-",NA,"AZDB-AUE-PRD-NIAADL01.ESS.IEP Claim Payments","Partial match","Complex",TRUE,TRUE,"needs-creating","","","",20,0,0,"auto"
"ESS/IEP/Snapshots/Temp/IEP_Claim_Payments_20220331.QVD","IEP_Claim_Payments_20220331.QVD","-",NA,"AZDB-AUE-PRD-NIAADL01.ESS.IEP Claim Payments","Partial match","Complex",TRUE,TRUE,"needs-creating","","","",20,0,0,"auto"
"ESS/IEP/Snapshots/Temp/IEP_Claim_Payments_20220430.QVD","IEP_Claim_Payments_20220430.QVD","-",NA,"AZDB-AUE-PRD-NIAADL01.ESS.IEP Claim Payments","Partial match","Complex",TRUE,TRUE,"needs-creating","","","",20,0,0,"auto"
"ESS/IEP/Snapshots/Temp/IEP_Claim_Payments_20220531.QVD","IEP_Claim_Payments_20220531.QVD","-",NA,"AZDB-AUE-PRD-NIAADL01.ESS.IEP Claim Payments","Partial match","Complex",TRUE,TRUE,"needs-creating","","","",20,0,0,"auto"
"ESS/IEP/Snapshots/Temp/IEP_Claim_Payments_20220630.QVD","IEP_Claim_Payments_20220630.QVD","-",NA,"AZDB-AUE-PRD-NIAADL01.ESS.IEP Claim Payments","Partial match","Complex",TRUE,TRUE,"needs-creating","","","",20,0,0,"auto"
"ESS/IEP/Snapshots/Temp/IEP_Claim_Payments_20220731.QVD","IEP_Claim_Payments_20220731.QVD","-",NA,"AZDB-AUE-PRD-NIAADL01.ESS.IEP Claim Payments","Partial match","Complex",TRUE,TRUE,"needs-creating","","","",20,0,0,"auto"
"ESS/IEP/Snapshots/Temp/IEP_Claim_Payments_20220831.QVD","IEP_Claim_Payments_20220831.QVD","-",NA,"AZDB-AUE-PRD-NIAADL01.ESS.IEP Claim Payments","Partial match","Complex",TRUE,TRUE,"needs-creating","","","",20,0,0,"auto"
"ESS/IEP/Snapshots/Temp/IEP_Claim_Payments_20220930.QVD","IEP_Claim_Payments_20220930.QVD","-",NA,"AZDB-AUE-PRD-NIAADL01.ESS.IEP Claim Payments","Partial match","Complex",TRUE,TRUE,"needs-creating","","","",20,0,0,"auto"
"ESS/IEP/Snapshots/Temp/IEP_Claim_Payments_20221031.QVD","IEP_Claim_Payments_20221031.QVD","-",NA,"AZDB-AUE-PRD-NIAADL01.ESS.IEP Claim Payments","Partial match","Complex",TRUE,TRUE,"needs-creating","","","",20,0,0,"auto"
"ESS/IEP/Snapshots/Temp/IEP_Claim_Payments_20221130.QVD","IEP_Claim_Payments_20221130.QVD","-",NA,"AZDB-AUE-PRD-NIAADL01.ESS.IEP Claim Payments","Partial match","Complex",TRUE,TRUE,"needs-creating","","","",20,0,0,"auto"
"ESS/IEP/Snapshots/Temp/IEP_Claim_Payments_20221231.QVD","IEP_Claim_Payments_20221231.QVD","-",NA,"AZDB-AUE-PRD-NIAADL01.ESS.IEP Claim Payments","Partial match","Complex",TRUE,TRUE,"needs-creating","","","",20,0,0,"auto"
"ESS/IEP/Snapshots/Temp/IEP_Claim_Payments_20230131.QVD","IEP_Claim_Payments_20230131.QVD","-",NA,"AZDB-AUE-PRD-NIAADL01.ESS.IEP Claim Payments","Partial match","Complex",TRUE,TRUE,"needs-creating","","","",20,0,0,"auto"
"ESS/IEP/Snapshots/Temp/IEP_Claim_Payments_20230228.QVD","IEP_Claim_Payments_20230228.QVD","-",NA,"AZDB-AUE-PRD-NIAADL01.ESS.IEP Claim Payments","Partial match","Complex",TRUE,TRUE,"needs-creating","","","",20,0,0,"auto"
"ESS/IEP/Snapshots/Temp/IEP_Claim_Payments_20230331.QVD","IEP_Claim_Payments_20230331.QVD","-",NA,"AZDB-AUE-PRD-NIAADL01.ESS.IEP Claim Payments","Partial match","Complex",TRUE,TRUE,"needs-creating","","","",20,0,0,"auto"
"ESS/IEP/Snapshots/Temp/IEP_Claim_Payments_20230430.QVD","IEP_Claim_Payments_20230430.QVD","-",NA,"AZDB-AUE-PRD-NIAADL01.ESS.IEP Claim Payments","Partial match","Complex",TRUE,TRUE,"needs-creating","","","",20,0,0,"auto"
"ESS/IEP/Snapshots/Temp/IEP_Claim_Payments_20230531.QVD","IEP_Claim_Payments_20230531.QVD","-",NA,"AZDB-AUE-PRD-NIAADL01.ESS.IEP Claim Payments","Partial match","Complex",TRUE,TRUE,"needs-creating","","","",20,0,0,"auto"
"ESS/IEP/Snapshots/Temp/IEP_Claim_Payments_20230630.QVD","IEP_Claim_Payments_20230630.QVD","-",NA,"AZDB-AUE-PRD-NIAADL01.ESS.IEP Claim Payments","Partial match","Complex",TRUE,TRUE,"needs-creating","","","",20,0,0,"auto"
"ESS/IEP/Snapshots/Temp/IEP_Claim_Payments_20230731.QVD","IEP_Claim_Payments_20230731.QVD","-",NA,"AZDB-AUE-PRD-NIAADL01.ESS.IEP Claim Payments","Partial match","Complex",TRUE,TRUE,"needs-creating","","","",20,0,0,"auto"
"ESS/IEP/Snapshots/Temp/IEP_Claim_Payments_20230831.QVD","IEP_Claim_Payments_20230831.QVD","-",NA,"AZDB-AUE-PRD-NIAADL01.ESS.IEP Claim Payments","Partial match","Complex",TRUE,TRUE,"needs-creating","","","",20,0,0,"auto"
"ESS/IEP/Snapshots/Temp/IEP_Claim_Payments_20230930.QVD","IEP_Claim_Payments_20230930.QVD","-",NA,"AZDB-AUE-PRD-NIAADL01.ESS.IEP Claim Payments","Partial match","Complex",TRUE,TRUE,"needs-creating","","","",20,0,0,"auto"
"ESS/IEP/Snapshots/Temp/IEP_Claim_Payments_20231031.QVD","IEP_Claim_Payments_20231031.QVD","-",NA,"AZDB-AUE-PRD-NIAADL01.ESS.IEP Claim Payments","Partial match","Complex",TRUE,TRUE,"needs-creating","","","",20,0,0,"auto"
"ESS/IEP/Snapshots/Temp/IEP_Claim_Payments_20231130.QVD","IEP_Claim_Payments_20231130.QVD","-",NA,"AZDB-AUE-PRD-NIAADL01.ESS.IEP Claim Payments","Partial match","Complex",TRUE,TRUE,"needs-creating","","","",20,0,0,"auto"
"ESS/IEP/Snapshots/Temp/IEP_Claim_Payments_20231231.QVD","IEP_Claim_Payments_20231231.QVD","-",NA,"AZDB-AUE-PRD-NIAADL01.ESS.IEP Claim Payments","Partial match","Complex",TRUE,TRUE,"needs-creating","","","",20,0,0,"auto"
"ESS/IEP/Snapshots/Temp/IEP_Claim_Payments_20240131.QVD","IEP_Claim_Payments_20240131.QVD","-",NA,"AZDB-AUE-PRD-NIAADL01.ESS.IEP Claim Payments","Partial match","Complex",TRUE,TRUE,"needs-creating","","","",20,0,0,"auto"
"ESS/IEP/Snapshots/Temp/IEP_Claim_Payments_20240229.QVD","IEP_Claim_Payments_20240229.QVD","-",NA,"AZDB-AUE-PRD-NIAADL01.ESS.IEP Claim Payments","Partial match","Complex",TRUE,TRUE,"needs-creating","","","",20,0,0,"auto"
"ESS/IEP/Snapshots/Temp/IEP_Job_Seeker_20200930.QVD","IEP_Job_Seeker_20200930.QVD","-",NA,"AZDB-AUE-PRD-NIAADL01.ESS.IEP Job Seeker","Exact","Complex",TRUE,TRUE,"needs-creating","","","",15,0,0,"auto"
"ESS/IEP/Snapshots/Temp/IEP_Job_Seeker_20201031.QVD","IEP_Job_Seeker_20201031.QVD","-",NA,"AZDB-AUE-PRD-NIAADL01.ESS.IEP Job Seeker","Exact","Complex",TRUE,TRUE,"needs-creating","","","",15,0,0,"auto"
"ESS/IEP/Snapshots/Temp/IEP_Job_Seeker_20201130.QVD","IEP_Job_Seeker_20201130.QVD","-",NA,"AZDB-AUE-PRD-NIAADL01.ESS.IEP Job Seeker","Exact","Complex",TRUE,TRUE,"needs-creating","","","",15,0,0,"auto"
"ESS/IEP/Snapshots/Temp/IEP_Job_Seeker_20201231.QVD","IEP_Job_Seeker_20201231.QVD","-",NA,"AZDB-AUE-PRD-NIAADL01.ESS.IEP Job Seeker","Exact","Complex",TRUE,TRUE,"needs-creating","","","",15,0,0,"auto"
"ESS/IEP/Snapshots/Temp/IEP_Job_Seeker_20210131.QVD","IEP_Job_Seeker_20210131.QVD","-",NA,"AZDB-AUE-PRD-NIAADL01.ESS.IEP Job Seeker","Exact","Complex",TRUE,TRUE,"needs-creating","","","",15,0,0,"auto"
"ESS/IEP/Snapshots/Temp/IEP_Job_Seeker_20210228.QVD","IEP_Job_Seeker_20210228.QVD","-",NA,"AZDB-AUE-PRD-NIAADL01.ESS.IEP Job Seeker","Exact","Complex",TRUE,TRUE,"needs-creating","","","",15,0,0,"auto"
"ESS/IEP/Snapshots/Temp/IEP_Job_Seeker_20210331.QVD","IEP_Job_Seeker_20210331.QVD","-",NA,"AZDB-AUE-PRD-NIAADL01.ESS.IEP Job Seeker","Exact","Complex",TRUE,TRUE,"needs-creating","","","",15,0,0,"auto"
"ESS/IEP/Snapshots/Temp/IEP_Job_Seeker_20210430.QVD","IEP_Job_Seeker_20210430.QVD","-",NA,"AZDB-AUE-PRD-NIAADL01.ESS.IEP Job Seeker","Exact","Complex",TRUE,TRUE,"needs-creating","","","",15,0,0,"auto"
"ESS/IEP/Snapshots/Temp/IEP_Job_Seeker_20210531.QVD","IEP_Job_Seeker_20210531.QVD","-",NA,"AZDB-AUE-PRD-NIAADL01.ESS.IEP Job Seeker","Exact","Complex",TRUE,TRUE,"needs-creating","","","",15,0,0,"auto"
"ESS/IEP/Snapshots/Temp/IEP_Job_Seeker_20210630.QVD","IEP_Job_Seeker_20210630.QVD","-",NA,"AZDB-AUE-PRD-NIAADL01.ESS.IEP Job Seeker","Exact","Complex",TRUE,TRUE,"needs-creating","","","",15,0,0,"auto"
"ESS/IEP/Snapshots/Temp/IEP_Job_Seeker_20210731.QVD","IEP_Job_Seeker_20210731.QVD","-",NA,"AZDB-AUE-PRD-NIAADL01.ESS.IEP Job Seeker","Exact","Complex",TRUE,TRUE,"needs-creating","","","",15,0,0,"auto"
"ESS/IEP/Snapshots/Temp/IEP_Job_Seeker_20210831.QVD","IEP_Job_Seeker_20210831.QVD","-",NA,"AZDB-AUE-PRD-NIAADL01.ESS.IEP Job Seeker","Exact","Complex",TRUE,TRUE,"needs-creating","","","",15,0,0,"auto"
"ESS/IEP/Snapshots/Temp/IEP_Job_Seeker_20210930.QVD","IEP_Job_Seeker_20210930.QVD","-",NA,"AZDB-AUE-PRD-NIAADL01.ESS.IEP Job Seeker","Exact","Complex",TRUE,TRUE,"needs-creating","","","",15,0,0,"auto"
"ESS/IEP/Snapshots/Temp/IEP_Job_Seeker_20211031.QVD","IEP_Job_Seeker_20211031.QVD","-",NA,"AZDB-AUE-PRD-NIAADL01.ESS.IEP Job Seeker","Exact","Complex",TRUE,TRUE,"needs-creating","","","",15,0,0,"auto"
"ESS/IEP/Snapshots/Temp/IEP_Job_Seeker_20211231.QVD","IEP_Job_Seeker_20211231.QVD","-",NA,"AZDB-AUE-PRD-NIAADL01.ESS.IEP Job Seeker","Exact","Complex",TRUE,TRUE,"needs-creating","","","",15,0,0,"auto"
"ESS/IEP/Snapshots/Temp/IEP_Job_Seeker_20220131.QVD","IEP_Job_Seeker_20220131.QVD","-",NA,"AZDB-AUE-PRD-NIAADL01.ESS.IEP Job Seeker","Exact","Complex",TRUE,TRUE,"needs-creating","","","",15,0,0,"auto"
"ESS/IEP/Snapshots/Temp/IEP_Job_Seeker_20220228.QVD","IEP_Job_Seeker_20220228.QVD","-",NA,"AZDB-AUE-PRD-NIAADL01.ESS.IEP Job Seeker","Exact","Complex",TRUE,TRUE,"needs-creating","","","",15,0,0,"auto"
"ESS/IEP/Snapshots/Temp/IEP_Job_Seeker_20220331.QVD","IEP_Job_Seeker_20220331.QVD","-",NA,"AZDB-AUE-PRD-NIAADL01.ESS.IEP Job Seeker","Exact","Complex",TRUE,TRUE,"needs-creating","","","",15,0,0,"auto"
"ESS/IEP/Snapshots/Temp/IEP_Job_Seeker_20220430.QVD","IEP_Job_Seeker_20220430.QVD","-",NA,"AZDB-AUE-PRD-NIAADL01.ESS.IEP Job Seeker","Exact","Complex",TRUE,TRUE,"needs-creating","","","",15,0,0,"auto"
"ESS/IEP/Snapshots/Temp/IEP_Job_Seeker_20220531.QVD","IEP_Job_Seeker_20220531.QVD","-",NA,"AZDB-AUE-PRD-NIAADL01.ESS.IEP Job Seeker","Exact","Complex",TRUE,TRUE,"needs-creating","","","",15,0,0,"auto"
"ESS/IEP/Snapshots/Temp/IEP_Job_Seeker_20220630.QVD","IEP_Job_Seeker_20220630.QVD","-",NA,"AZDB-AUE-PRD-NIAADL01.ESS.IEP Job Seeker","Exact","Complex",TRUE,TRUE,"needs-creating","","","",15,0,0,"auto"
"ESS/IEP/Snapshots/Temp/IEP_Job_Seeker_20220731.QVD","IEP_Job_Seeker_20220731.QVD","-",NA,"AZDB-AUE-PRD-NIAADL01.ESS.IEP Job Seeker","Exact","Complex",TRUE,TRUE,"needs-creating","","","",15,0,0,"auto"
"ESS/IEP/Snapshots/Temp/IEP_Job_Seeker_20220831.QVD","IEP_Job_Seeker_20220831.QVD","-",NA,"AZDB-AUE-PRD-NIAADL01.ESS.IEP Job Seeker","Exact","Complex",TRUE,TRUE,"needs-creating","","","",15,0,0,"auto"
"ESS/IEP/Snapshots/Temp/IEP_Job_Seeker_20220930.QVD","IEP_Job_Seeker_20220930.QVD","-",NA,"AZDB-AUE-PRD-NIAADL01.ESS.IEP Job Seeker","Exact","Complex",TRUE,TRUE,"needs-creating","","","",15,0,0,"auto"
"ESS/IEP/Snapshots/Temp/IEP_Job_Seeker_20221031.QVD","IEP_Job_Seeker_20221031.QVD","-",NA,"AZDB-AUE-PRD-NIAADL01.ESS.IEP Job Seeker","Exact","Complex",TRUE,TRUE,"needs-creating","","","",15,0,0,"auto"
"ESS/IEP/Snapshots/Temp/IEP_Job_Seeker_20221130.QVD","IEP_Job_Seeker_20221130.QVD","-",NA,"AZDB-AUE-PRD-NIAADL01.ESS.IEP Job Seeker","Exact","Complex",TRUE,TRUE,"needs-creating","","","",15,0,0,"auto"
"ESS/IEP/Snapshots/Temp/IEP_Job_Seeker_20221231.QVD","IEP_Job_Seeker_20221231.QVD","-",NA,"AZDB-AUE-PRD-NIAADL01.ESS.IEP Job Seeker","Exact","Complex",TRUE,TRUE,"needs-creating","","","",15,0,0,"auto"
"ESS/IEP/Snapshots/Temp/IEP_Job_Seeker_20230131.QVD","IEP_Job_Seeker_20230131.QVD","-",NA,"AZDB-AUE-PRD-NIAADL01.ESS.IEP Job Seeker","Exact","Complex",TRUE,TRUE,"needs-creating","","","",15,0,0,"auto"
"ESS/IEP/Snapshots/Temp/IEP_Job_Seeker_20230228.QVD","IEP_Job_Seeker_20230228.QVD","-",NA,"AZDB-AUE-PRD-NIAADL01.ESS.IEP Job Seeker","Exact","Complex",TRUE,TRUE,"needs-creating","","","",15,0,0,"auto"
"ESS/IEP/Snapshots/Temp/IEP_Job_Seeker_20230331.QVD","IEP_Job_Seeker_20230331.QVD","-",NA,"AZDB-AUE-PRD-NIAADL01.ESS.IEP Job Seeker","Exact","Complex",TRUE,TRUE,"needs-creating","","","",15,0,0,"auto"
"ESS/IEP/Snapshots/Temp/IEP_Job_Seeker_20230430.QVD","IEP_Job_Seeker_20230430.QVD","-",NA,"AZDB-AUE-PRD-NIAADL01.ESS.IEP Job Seeker","Exact","Complex",TRUE,TRUE,"needs-creating","","","",15,0,0,"auto"
"ESS/IEP/Snapshots/Temp/IEP_Job_Seeker_20230531.QVD","IEP_Job_Seeker_20230531.QVD","-",NA,"AZDB-AUE-PRD-NIAADL01.ESS.IEP Job Seeker","Exact","Complex",TRUE,TRUE,"needs-creating","","","",15,0,0,"auto"
"ESS/IEP/Snapshots/Temp/IEP_Job_Seeker_20230630.QVD","IEP_Job_Seeker_20230630.QVD","-",NA,"AZDB-AUE-PRD-NIAADL01.ESS.IEP Job Seeker","Exact","Complex",TRUE,TRUE,"needs-creating","","","",15,0,0,"auto"
"ESS/IEP/Snapshots/Temp/IEP_Job_Seeker_20230731.QVD","IEP_Job_Seeker_20230731.QVD","-",NA,"AZDB-AUE-PRD-NIAADL01.ESS.IEP Job Seeker","Exact","Complex",TRUE,TRUE,"needs-creating","","","",15,0,0,"auto"
"ESS/IEP/Snapshots/Temp/IEP_Job_Seeker_20230831.QVD","IEP_Job_Seeker_20230831.QVD","-",NA,"AZDB-AUE-PRD-NIAADL01.ESS.IEP Job Seeker","Exact","Complex",TRUE,TRUE,"needs-creating","","","",15,0,0,"auto"
"ESS/IEP/Snapshots/Temp/IEP_Job_Seeker_20230930.QVD","IEP_Job_Seeker_20230930.QVD","-",NA,"AZDB-AUE-PRD-NIAADL01.ESS.IEP Job Seeker","Exact","Complex",TRUE,TRUE,"needs-creating","","","",15,0,0,"auto"
"ESS/IEP/Snapshots/Temp/IEP_Job_Seeker_20231031.QVD","IEP_Job_Seeker_20231031.QVD","-",NA,"AZDB-AUE-PRD-NIAADL01.ESS.IEP Job Seeker","Exact","Complex",TRUE,TRUE,"needs-creating","","","",15,0,0,"auto"
"ESS/IEP/Snapshots/Temp/IEP_Job_Seeker_20231130.QVD","IEP_Job_Seeker_20231130.QVD","-",NA,"AZDB-AUE-PRD-NIAADL01.ESS.IEP Job Seeker","Exact","Complex",TRUE,TRUE,"needs-creating","","","",15,0,0,"auto"
"ESS/IEP/Snapshots/Temp/IEP_Job_Seeker_20231231.QVD","IEP_Job_Seeker_20231231.QVD","-",NA,"AZDB-AUE-PRD-NIAADL01.ESS.IEP Job Seeker","Exact","Complex",TRUE,TRUE,"needs-creating","","","",15,0,0,"auto"
"ESS/IEP/Snapshots/Temp/IEP_Job_Seeker_20240131.QVD","IEP_Job_Seeker_20240131.QVD","-",NA,"AZDB-AUE-PRD-NIAADL01.ESS.IEP Job Seeker","Exact","Complex",TRUE,TRUE,"needs-creating","","","",15,0,0,"auto"
"ESS/IEP/Snapshots/Temp/IEP_Job_Seeker_20240229.QVD","IEP_Job_Seeker_20240229.QVD","-",NA,"AZDB-AUE-PRD-NIAADL01.ESS.IEP Job Seeker","Exact","Complex",TRUE,TRUE,"needs-creating","","","",15,0,0,"auto"
"ESS/IEP/Snapshots/Temp/IEP_LOCATIONS_20200930.QVD","IEP_LOCATIONS_20200930.QVD","-",NA,"AZDB-AUE-PRD-NIAADL01.ESS.IEP Locations","Exact","Complex",TRUE,TRUE,"needs-creating","","","",7,0,0,"auto"
"ESS/IEP/Snapshots/Temp/IEP_LOCATIONS_20201031.QVD","IEP_LOCATIONS_20201031.QVD","-",NA,"AZDB-AUE-PRD-NIAADL01.ESS.IEP Locations","Exact","Complex",TRUE,TRUE,"needs-creating","","","",7,0,0,"auto"
"ESS/IEP/Snapshots/Temp/IEP_LOCATIONS_20201130.QVD","IEP_LOCATIONS_20201130.QVD","-",NA,"AZDB-AUE-PRD-NIAADL01.ESS.IEP Locations","Exact","Complex",TRUE,TRUE,"needs-creating","","","",7,0,0,"auto"
"ESS/IEP/Snapshots/Temp/IEP_LOCATIONS_20201231.QVD","IEP_LOCATIONS_20201231.QVD","-",NA,"AZDB-AUE-PRD-NIAADL01.ESS.IEP Locations","Exact","Complex",TRUE,TRUE,"needs-creating","","","",7,0,0,"auto"
"ESS/IEP/Snapshots/Temp/IEP_LOCATIONS_20210131.QVD","IEP_LOCATIONS_20210131.QVD","-",NA,"AZDB-AUE-PRD-NIAADL01.ESS.IEP Locations","Exact","Complex",TRUE,TRUE,"needs-creating","","","",7,0,0,"auto"
"ESS/IEP/Snapshots/Temp/IEP_LOCATIONS_20210228.QVD","IEP_LOCATIONS_20210228.QVD","-",NA,"AZDB-AUE-PRD-NIAADL01.ESS.IEP Locations","Exact","Complex",TRUE,TRUE,"needs-creating","","","",7,0,0,"auto"
"ESS/IEP/Snapshots/Temp/IEP_LOCATIONS_20210331.QVD","IEP_LOCATIONS_20210331.QVD","-",NA,"AZDB-AUE-PRD-NIAADL01.ESS.IEP Locations","Exact","Complex",TRUE,TRUE,"needs-creating","","","",7,0,0,"auto"
"ESS/IEP/Snapshots/Temp/IEP_LOCATIONS_20210430.QVD","IEP_LOCATIONS_20210430.QVD","-",NA,"AZDB-AUE-PRD-NIAADL01.ESS.IEP Locations","Exact","Complex",TRUE,TRUE,"needs-creating","","","",7,0,0,"auto"
"ESS/IEP/Snapshots/Temp/IEP_LOCATIONS_20210531.QVD","IEP_LOCATIONS_20210531.QVD","-",NA,"AZDB-AUE-PRD-NIAADL01.ESS.IEP Locations","Exact","Complex",TRUE,TRUE,"needs-creating","","","",7,0,0,"auto"
"ESS/IEP/Snapshots/Temp/IEP_LOCATIONS_20210630.QVD","IEP_LOCATIONS_20210630.QVD","-",NA,"AZDB-AUE-PRD-NIAADL01.ESS.IEP Locations","Exact","Complex",TRUE,TRUE,"needs-creating","","","",7,0,0,"auto"
"ESS/IEP/Snapshots/Temp/IEP_LOCATIONS_20210731.QVD","IEP_LOCATIONS_20210731.QVD","-",NA,"AZDB-AUE-PRD-NIAADL01.ESS.IEP Locations","Exact","Complex",TRUE,TRUE,"needs-creating","","","",7,0,0,"auto"
"ESS/IEP/Snapshots/Temp/IEP_LOCATIONS_20210831.QVD","IEP_LOCATIONS_20210831.QVD","-",NA,"AZDB-AUE-PRD-NIAADL01.ESS.IEP Locations","Exact","Complex",TRUE,TRUE,"needs-creating","","","",7,0,0,"auto"
"ESS/IEP/Snapshots/Temp/IEP_LOCATIONS_20210930.QVD","IEP_LOCATIONS_20210930.QVD","-",NA,"AZDB-AUE-PRD-NIAADL01.ESS.IEP Locations","Exact","Complex",TRUE,TRUE,"needs-creating","","","",7,0,0,"auto"
"ESS/IEP/Snapshots/Temp/IEP_LOCATIONS_20211031.QVD","IEP_LOCATIONS_20211031.QVD","-",NA,"AZDB-AUE-PRD-NIAADL01.ESS.IEP Locations","Exact","Complex",TRUE,TRUE,"needs-creating","","","",7,0,0,"auto"
"ESS/IEP/Snapshots/Temp/IEP_LOCATIONS_20211231.QVD","IEP_LOCATIONS_20211231.QVD","-",NA,"AZDB-AUE-PRD-NIAADL01.ESS.IEP Locations","Exact","Complex",TRUE,TRUE,"needs-creating","","","",7,0,0,"auto"
"ESS/IEP/Snapshots/Temp/IEP_LOCATIONS_20220131.QVD","IEP_LOCATIONS_20220131.QVD","-",NA,"AZDB-AUE-PRD-NIAADL01.ESS.IEP Locations","Exact","Complex",TRUE,TRUE,"needs-creating","","","",7,0,0,"auto"
"ESS/IEP/Snapshots/Temp/IEP_LOCATIONS_20220228.QVD","IEP_LOCATIONS_20220228.QVD","-",NA,"AZDB-AUE-PRD-NIAADL01.ESS.IEP Locations","Exact","Complex",TRUE,TRUE,"needs-creating","","","",7,0,0,"auto"
"ESS/IEP/Snapshots/Temp/IEP_LOCATIONS_20220331.QVD","IEP_LOCATIONS_20220331.QVD","-",NA,"AZDB-AUE-PRD-NIAADL01.ESS.IEP Locations","Exact","Complex",TRUE,TRUE,"needs-creating","","","",7,0,0,"auto"
"ESS/IEP/Snapshots/Temp/IEP_LOCATIONS_20220430.QVD","IEP_LOCATIONS_20220430.QVD","-",NA,"AZDB-AUE-PRD-NIAADL01.ESS.IEP Locations","Exact","Complex",TRUE,TRUE,"needs-creating","","","",7,0,0,"auto"
"ESS/IEP/Snapshots/Temp/IEP_LOCATIONS_20220531.QVD","IEP_LOCATIONS_20220531.QVD","-",NA,"AZDB-AUE-PRD-NIAADL01.ESS.IEP Locations","Exact","Complex",TRUE,TRUE,"needs-creating","","","",7,0,0,"auto"
"ESS/IEP/Snapshots/Temp/IEP_LOCATIONS_20220630.QVD","IEP_LOCATIONS_20220630.QVD","-",NA,"AZDB-AUE-PRD-NIAADL01.ESS.IEP Locations","Exact","Complex",TRUE,TRUE,"needs-creating","","","",7,0,0,"auto"
"ESS/IEP/Snapshots/Temp/IEP_LOCATIONS_20220731.QVD","IEP_LOCATIONS_20220731.QVD","-",NA,"AZDB-AUE-PRD-NIAADL01.ESS.IEP Locations","Exact","Complex",TRUE,TRUE,"needs-creating","","","",7,0,0,"auto"
"ESS/IEP/Snapshots/Temp/IEP_LOCATIONS_20220831.QVD","IEP_LOCATIONS_20220831.QVD","-",NA,"AZDB-AUE-PRD-NIAADL01.ESS.IEP Locations","Exact","Complex",TRUE,TRUE,"needs-creating","","","",7,0,0,"auto"
"ESS/IEP/Snapshots/Temp/IEP_LOCATIONS_20220930.QVD","IEP_LOCATIONS_20220930.QVD","-",NA,"AZDB-AUE-PRD-NIAADL01.ESS.IEP Locations","Exact","Complex",TRUE,TRUE,"needs-creating","","","",7,0,0,"auto"
"ESS/IEP/Snapshots/Temp/IEP_LOCATIONS_20221031.QVD","IEP_LOCATIONS_20221031.QVD","-",NA,"AZDB-AUE-PRD-NIAADL01.ESS.IEP Locations","Exact","Complex",TRUE,TRUE,"needs-creating","","","",7,0,0,"auto"
"ESS/IEP/Snapshots/Temp/IEP_LOCATIONS_20221130.QVD","IEP_LOCATIONS_20221130.QVD","-",NA,"AZDB-AUE-PRD-NIAADL01.ESS.IEP Locations","Exact","Complex",TRUE,TRUE,"needs-creating","","","",7,0,0,"auto"
"ESS/IEP/Snapshots/Temp/IEP_LOCATIONS_20221231.QVD","IEP_LOCATIONS_20221231.QVD","-",NA,"AZDB-AUE-PRD-NIAADL01.ESS.IEP Locations","Exact","Complex",TRUE,TRUE,"needs-creating","","","",7,0,0,"auto"
"ESS/IEP/Snapshots/Temp/IEP_LOCATIONS_20230131.QVD","IEP_LOCATIONS_20230131.QVD","-",NA,"AZDB-AUE-PRD-NIAADL01.ESS.IEP Locations","Exact","Complex",TRUE,TRUE,"needs-creating","","","",7,0,0,"auto"
"ESS/IEP/Snapshots/Temp/IEP_LOCATIONS_20230228.QVD","IEP_LOCATIONS_20230228.QVD","-",NA,"AZDB-AUE-PRD-NIAADL01.ESS.IEP Locations","Exact","Complex",TRUE,TRUE,"needs-creating","","","",7,0,0,"auto"
"ESS/IEP/Snapshots/Temp/IEP_LOCATIONS_20230331.QVD","IEP_LOCATIONS_20230331.QVD","-",NA,"AZDB-AUE-PRD-NIAADL01.ESS.IEP Locations","Exact","Complex",TRUE,TRUE,"needs-creating","","","",7,0,0,"auto"
"ESS/IEP/Snapshots/Temp/IEP_LOCATIONS_20230430.QVD","IEP_LOCATIONS_20230430.QVD","-",NA,"AZDB-AUE-PRD-NIAADL01.ESS.IEP Locations","Exact","Complex",TRUE,TRUE,"needs-creating","","","",7,0,0,"auto"
"ESS/IEP/Snapshots/Temp/IEP_LOCATIONS_20230531.QVD","IEP_LOCATIONS_20230531.QVD","-",NA,"AZDB-AUE-PRD-NIAADL01.ESS.IEP Locations","Exact","Complex",TRUE,TRUE,"needs-creating","","","",7,0,0,"auto"
"ESS/IEP/Snapshots/Temp/IEP_LOCATIONS_20230630.QVD","IEP_LOCATIONS_20230630.QVD","-",NA,"AZDB-AUE-PRD-NIAADL01.ESS.IEP Locations","Exact","Complex",TRUE,TRUE,"needs-creating","","","",7,0,0,"auto"
"ESS/IEP/Snapshots/Temp/IEP_LOCATIONS_20230731.QVD","IEP_LOCATIONS_20230731.QVD","-",NA,"AZDB-AUE-PRD-NIAADL01.ESS.IEP Locations","Exact","Complex",TRUE,TRUE,"needs-creating","","","",7,0,0,"auto"
"ESS/IEP/Snapshots/Temp/IEP_LOCATIONS_20230831.QVD","IEP_LOCATIONS_20230831.QVD","-",NA,"AZDB-AUE-PRD-NIAADL01.ESS.IEP Locations","Exact","Complex",TRUE,TRUE,"needs-creating","","","",7,0,0,"auto"
"ESS/IEP/Snapshots/Temp/IEP_LOCATIONS_20230930.QVD","IEP_LOCATIONS_20230930.QVD","-",NA,"AZDB-AUE-PRD-NIAADL01.ESS.IEP Locations","Exact","Complex",TRUE,TRUE,"needs-creating","","","",7,0,0,"auto"
"ESS/IEP/Snapshots/Temp/IEP_LOCATIONS_20231031.QVD","IEP_LOCATIONS_20231031.QVD","-",NA,"AZDB-AUE-PRD-NIAADL01.ESS.IEP Locations","Exact","Complex",TRUE,TRUE,"needs-creating","","","",7,0,0,"auto"
"ESS/IEP/Snapshots/Temp/IEP_LOCATIONS_20231130.QVD","IEP_LOCATIONS_20231130.QVD","-",NA,"AZDB-AUE-PRD-NIAADL01.ESS.IEP Locations","Exact","Complex",TRUE,TRUE,"needs-creating","","","",7,0,0,"auto"
"ESS/IEP/Snapshots/Temp/IEP_LOCATIONS_20231231.QVD","IEP_LOCATIONS_20231231.QVD","-",NA,"AZDB-AUE-PRD-NIAADL01.ESS.IEP Locations","Exact","Complex",TRUE,TRUE,"needs-creating","","","",7,0,0,"auto"
"ESS/IEP/Snapshots/Temp/IEP_LOCATIONS_20240131.QVD","IEP_LOCATIONS_20240131.QVD","-",NA,"AZDB-AUE-PRD-NIAADL01.ESS.IEP Locations","Exact","Complex",TRUE,TRUE,"needs-creating","","","",7,0,0,"auto"
"ESS/IEP/Snapshots/Temp/IEP_LOCATIONS_20240229.QVD","IEP_LOCATIONS_20240229.QVD","-",NA,"AZDB-AUE-PRD-NIAADL01.ESS.IEP Locations","Exact","Complex",TRUE,TRUE,"needs-creating","","","",7,0,0,"auto"
"ESS/IEP/Snapshots/Temp/IEP_Outcome_20200930.QVD","IEP_Outcome_20200930.QVD","-",NA,"AZDB-AUE-PRD-NIAADL01.ESS.IEP Outcome","Exact","Complex",TRUE,TRUE,"multi-source","ESS","IEP Outcome Max Paid Week","lib://Curated data Store:DataFiles/10 Landing Area/ESS/IEP Outcome Max Paid Week.qvd",20,4,16,"auto"
"ESS/IEP/Snapshots/Temp/IEP_Outcome_20201031.QVD","IEP_Outcome_20201031.QVD","-",NA,"AZDB-AUE-PRD-NIAADL01.ESS.IEP Outcome","Exact","Complex",TRUE,TRUE,"multi-source","ESS","IEP Outcome Max Paid Week","lib://Curated data Store:DataFiles/10 Landing Area/ESS/IEP Outcome Max Paid Week.qvd",20,4,16,"auto"
"ESS/IEP/Snapshots/Temp/IEP_Outcome_20201130.QVD","IEP_Outcome_20201130.QVD","-",NA,"AZDB-AUE-PRD-NIAADL01.ESS.IEP Outcome","Exact","Complex",TRUE,TRUE,"multi-source","ESS","IEP Outcome Max Paid Week","lib://Curated data Store:DataFiles/10 Landing Area/ESS/IEP Outcome Max Paid Week.qvd",20,4,16,"auto"
"ESS/IEP/Snapshots/Temp/IEP_Outcome_20201231.QVD","IEP_Outcome_20201231.QVD","-",NA,"AZDB-AUE-PRD-NIAADL01.ESS.IEP Outcome","Exact","Complex",TRUE,TRUE,"multi-source","ESS","IEP Outcome Max Paid Week","lib://Curated data Store:DataFiles/10 Landing Area/ESS/IEP Outcome Max Paid Week.qvd",20,4,16,"auto"
"ESS/IEP/Snapshots/Temp/IEP_Outcome_20210131.QVD","IEP_Outcome_20210131.QVD","-",NA,"AZDB-AUE-PRD-NIAADL01.ESS.IEP Outcome","Exact","Complex",TRUE,TRUE,"multi-source","ESS","IEP Outcome Max Paid Week","lib://Curated data Store:DataFiles/10 Landing Area/ESS/IEP Outcome Max Paid Week.qvd",20,4,16,"auto"
"ESS/IEP/Snapshots/Temp/IEP_Outcome_20210228.QVD","IEP_Outcome_20210228.QVD","-",NA,"AZDB-AUE-PRD-NIAADL01.ESS.IEP Outcome","Exact","Complex",TRUE,TRUE,"multi-source","ESS","IEP Outcome Max Paid Week","lib://Curated data Store:DataFiles/10 Landing Area/ESS/IEP Outcome Max Paid Week.qvd",20,4,16,"auto"
"ESS/IEP/Snapshots/Temp/IEP_Outcome_20210331.QVD","IEP_Outcome_20210331.QVD","-",NA,"AZDB-AUE-PRD-NIAADL01.ESS.IEP Outcome","Exact","Complex",TRUE,TRUE,"multi-source","ESS","IEP Outcome Max Paid Week","lib://Curated data Store:DataFiles/10 Landing Area/ESS/IEP Outcome Max Paid Week.qvd",20,4,16,"auto"
"ESS/IEP/Snapshots/Temp/IEP_Outcome_20210430.QVD","IEP_Outcome_20210430.QVD","-",NA,"AZDB-AUE-PRD-NIAADL01.ESS.IEP Outcome","Exact","Complex",TRUE,TRUE,"multi-source","ESS","IEP Outcome Max Paid Week","lib://Curated data Store:DataFiles/10 Landing Area/ESS/IEP Outcome Max Paid Week.qvd",20,4,16,"auto"
"ESS/IEP/Snapshots/Temp/IEP_Outcome_20210531.QVD","IEP_Outcome_20210531.QVD","-",NA,"AZDB-AUE-PRD-NIAADL01.ESS.IEP Outcome","Exact","Complex",TRUE,TRUE,"multi-source","ESS","IEP Outcome Max Paid Week","lib://Curated data Store:DataFiles/10 Landing Area/ESS/IEP Outcome Max Paid Week.qvd",20,4,16,"auto"
"ESS/IEP/Snapshots/Temp/IEP_Outcome_20210630.QVD","IEP_Outcome_20210630.QVD","-",NA,"AZDB-AUE-PRD-NIAADL01.ESS.IEP Outcome","Exact","Complex",TRUE,TRUE,"multi-source","ESS","IEP Outcome Max Paid Week","lib://Curated data Store:DataFiles/10 Landing Area/ESS/IEP Outcome Max Paid Week.qvd",20,4,16,"auto"
"ESS/IEP/Snapshots/Temp/IEP_Outcome_20210731.QVD","IEP_Outcome_20210731.QVD","-",NA,"AZDB-AUE-PRD-NIAADL01.ESS.IEP Outcome","Exact","Complex",TRUE,TRUE,"multi-source","ESS","IEP Outcome Max Paid Week","lib://Curated data Store:DataFiles/10 Landing Area/ESS/IEP Outcome Max Paid Week.qvd",20,4,16,"auto"
"ESS/IEP/Snapshots/Temp/IEP_Outcome_20210831.QVD","IEP_Outcome_20210831.QVD","-",NA,"AZDB-AUE-PRD-NIAADL01.ESS.IEP Outcome","Exact","Complex",TRUE,TRUE,"multi-source","ESS","IEP Outcome Max Paid Week","lib://Curated data Store:DataFiles/10 Landing Area/ESS/IEP Outcome Max Paid Week.qvd",20,4,16,"auto"
"ESS/IEP/Snapshots/Temp/IEP_Outcome_20210930.QVD","IEP_Outcome_20210930.QVD","-",NA,"AZDB-AUE-PRD-NIAADL01.ESS.IEP Outcome","Exact","Complex",TRUE,TRUE,"multi-source","ESS","IEP Outcome Max Paid Week","lib://Curated data Store:DataFiles/10 Landing Area/ESS/IEP Outcome Max Paid Week.qvd",20,4,16,"auto"
"ESS/IEP/Snapshots/Temp/IEP_Outcome_20211031.QVD","IEP_Outcome_20211031.QVD","-",NA,"AZDB-AUE-PRD-NIAADL01.ESS.IEP Outcome","Exact","Complex",TRUE,TRUE,"multi-source","ESS","IEP Outcome Max Paid Week","lib://Curated data Store:DataFiles/10 Landing Area/ESS/IEP Outcome Max Paid Week.qvd",20,4,16,"auto"
"ESS/IEP/Snapshots/Temp/IEP_Outcome_20220131.QVD","IEP_Outcome_20220131.QVD","-",NA,"AZDB-AUE-PRD-NIAADL01.ESS.IEP Outcome","Exact","Complex",TRUE,TRUE,"multi-source","ESS","IEP Outcome Max Paid Week","lib://Curated data Store:DataFiles/10 Landing Area/ESS/IEP Outcome Max Paid Week.qvd",20,4,16,"auto"
"ESS/IEP/Snapshots/Temp/IEP_Outcome_20220228.QVD","IEP_Outcome_20220228.QVD","-",NA,"AZDB-AUE-PRD-NIAADL01.ESS.IEP Outcome","Exact","Complex",TRUE,TRUE,"multi-source","ESS","IEP Outcome Max Paid Week","lib://Curated data Store:DataFiles/10 Landing Area/ESS/IEP Outcome Max Paid Week.qvd",20,4,16,"auto"
"ESS/IEP/Snapshots/Temp/IEP_Outcome_20220331.QVD","IEP_Outcome_20220331.QVD","-",NA,"AZDB-AUE-PRD-NIAADL01.ESS.IEP Outcome","Exact","Complex",TRUE,TRUE,"multi-source","ESS","IEP Outcome Max Paid Week","lib://Curated data Store:DataFiles/10 Landing Area/ESS/IEP Outcome Max Paid Week.qvd",20,4,16,"auto"
"ESS/IEP/Snapshots/Temp/IEP_Outcome_20220430.QVD","IEP_Outcome_20220430.QVD","-",NA,"AZDB-AUE-PRD-NIAADL01.ESS.IEP Outcome","Exact","Complex",TRUE,TRUE,"multi-source","ESS","IEP Outcome Max Paid Week","lib://Curated data Store:DataFiles/10 Landing Area/ESS/IEP Outcome Max Paid Week.qvd",20,4,16,"auto"
"ESS/IEP/Snapshots/Temp/IEP_Outcome_20220531.QVD","IEP_Outcome_20220531.QVD","-",NA,"AZDB-AUE-PRD-NIAADL01.ESS.IEP Outcome","Exact","Complex",TRUE,TRUE,"multi-source","ESS","IEP Outcome Max Paid Week","lib://Curated data Store:DataFiles/10 Landing Area/ESS/IEP Outcome Max Paid Week.qvd",20,4,16,"auto"
"ESS/IEP/Snapshots/Temp/IEP_Outcome_20220630.QVD","IEP_Outcome_20220630.QVD","-",NA,"AZDB-AUE-PRD-NIAADL01.ESS.IEP Outcome","Exact","Complex",TRUE,TRUE,"multi-source","ESS","IEP Outcome Max Paid Week","lib://Curated data Store:DataFiles/10 Landing Area/ESS/IEP Outcome Max Paid Week.qvd",20,4,16,"auto"
"ESS/IEP/Snapshots/Temp/IEP_Outcome_20220731.QVD","IEP_Outcome_20220731.QVD","-",NA,"AZDB-AUE-PRD-NIAADL01.ESS.IEP Outcome","Exact","Complex",TRUE,TRUE,"multi-source","ESS","IEP Outcome Max Paid Week","lib://Curated data Store:DataFiles/10 Landing Area/ESS/IEP Outcome Max Paid Week.qvd",20,4,16,"auto"
"ESS/IEP/Snapshots/Temp/IEP_Outcome_20220831.QVD","IEP_Outcome_20220831.QVD","-",NA,"AZDB-AUE-PRD-NIAADL01.ESS.IEP Outcome","Exact","Complex",TRUE,TRUE,"multi-source","ESS","IEP Outcome Max Paid Week","lib://Curated data Store:DataFiles/10 Landing Area/ESS/IEP Outcome Max Paid Week.qvd",20,4,16,"auto"
"ESS/IEP/Snapshots/Temp/IEP_Outcome_20220930.QVD","IEP_Outcome_20220930.QVD","-",NA,"AZDB-AUE-PRD-NIAADL01.ESS.IEP Outcome","Exact","Complex",TRUE,TRUE,"multi-source","ESS","IEP Outcome Max Paid Week","lib://Curated data Store:DataFiles/10 Landing Area/ESS/IEP Outcome Max Paid Week.qvd",20,4,16,"auto"
"ESS/IEP/Snapshots/Temp/IEP_Outcome_20221031.QVD","IEP_Outcome_20221031.QVD","-",NA,"AZDB-AUE-PRD-NIAADL01.ESS.IEP Outcome","Exact","Complex",TRUE,TRUE,"multi-source","ESS","IEP Outcome Max Paid Week","lib://Curated data Store:DataFiles/10 Landing Area/ESS/IEP Outcome Max Paid Week.qvd",20,4,16,"auto"
"ESS/IEP/Snapshots/Temp/IEP_Outcome_20221130.QVD","IEP_Outcome_20221130.QVD","-",NA,"AZDB-AUE-PRD-NIAADL01.ESS.IEP Outcome","Exact","Complex",TRUE,TRUE,"multi-source","ESS","IEP Outcome Max Paid Week","lib://Curated data Store:DataFiles/10 Landing Area/ESS/IEP Outcome Max Paid Week.qvd",20,4,16,"auto"
"ESS/IEP/Snapshots/Temp/IEP_Outcome_20221231.QVD","IEP_Outcome_20221231.QVD","-",NA,"AZDB-AUE-PRD-NIAADL01.ESS.IEP Outcome","Exact","Complex",TRUE,TRUE,"multi-source","ESS","IEP Outcome Max Paid Week","lib://Curated data Store:DataFiles/10 Landing Area/ESS/IEP Outcome Max Paid Week.qvd",20,4,16,"auto"
"ESS/IEP/Snapshots/Temp/IEP_Outcome_20230131.QVD","IEP_Outcome_20230131.QVD","-",NA,"AZDB-AUE-PRD-NIAADL01.ESS.IEP Outcome","Exact","Complex",TRUE,TRUE,"multi-source","ESS","IEP Outcome Max Paid Week","lib://Curated data Store:DataFiles/10 Landing Area/ESS/IEP Outcome Max Paid Week.qvd",20,4,16,"auto"
"ESS/IEP/Snapshots/Temp/IEP_Outcome_20230228.QVD","IEP_Outcome_20230228.QVD","-",NA,"AZDB-AUE-PRD-NIAADL01.ESS.IEP Outcome","Exact","Complex",TRUE,TRUE,"multi-source","ESS","IEP Outcome Max Paid Week","lib://Curated data Store:DataFiles/10 Landing Area/ESS/IEP Outcome Max Paid Week.qvd",20,4,16,"auto"
"ESS/IEP/Snapshots/Temp/IEP_Outcome_20230331.QVD","IEP_Outcome_20230331.QVD","-",NA,"AZDB-AUE-PRD-NIAADL01.ESS.IEP Outcome","Exact","Complex",TRUE,TRUE,"multi-source","ESS","IEP Outcome Max Paid Week","lib://Curated data Store:DataFiles/10 Landing Area/ESS/IEP Outcome Max Paid Week.qvd",20,4,16,"auto"
"ESS/IEP/Snapshots/Temp/IEP_Outcome_20230430.QVD","IEP_Outcome_20230430.QVD","-",NA,"AZDB-AUE-PRD-NIAADL01.ESS.IEP Outcome","Exact","Complex",TRUE,TRUE,"multi-source","ESS","IEP Outcome Max Paid Week","lib://Curated data Store:DataFiles/10 Landing Area/ESS/IEP Outcome Max Paid Week.qvd",20,4,16,"auto"
"ESS/IEP/Snapshots/Temp/IEP_Outcome_20230531.QVD","IEP_Outcome_20230531.QVD","-",NA,"AZDB-AUE-PRD-NIAADL01.ESS.IEP Outcome","Exact","Complex",TRUE,TRUE,"multi-source","ESS","IEP Outcome Max Paid Week","lib://Curated data Store:DataFiles/10 Landing Area/ESS/IEP Outcome Max Paid Week.qvd",20,4,16,"auto"
"ESS/IEP/Snapshots/Temp/IEP_Outcome_20230630.QVD","IEP_Outcome_20230630.QVD","-",NA,"AZDB-AUE-PRD-NIAADL01.ESS.IEP Outcome","Exact","Complex",TRUE,TRUE,"multi-source","ESS","IEP Outcome Max Paid Week","lib://Curated data Store:DataFiles/10 Landing Area/ESS/IEP Outcome Max Paid Week.qvd",20,4,16,"auto"
"ESS/IEP/Snapshots/Temp/IEP_Outcome_20230731.QVD","IEP_Outcome_20230731.QVD","-",NA,"AZDB-AUE-PRD-NIAADL01.ESS.IEP Outcome","Exact","Complex",TRUE,TRUE,"multi-source","ESS","IEP Outcome Max Paid Week","lib://Curated data Store:DataFiles/10 Landing Area/ESS/IEP Outcome Max Paid Week.qvd",20,4,16,"auto"
"ESS/IEP/Snapshots/Temp/IEP_Outcome_20230831.QVD","IEP_Outcome_20230831.QVD","-",NA,"AZDB-AUE-PRD-NIAADL01.ESS.IEP Outcome","Exact","Complex",TRUE,TRUE,"multi-source","ESS","IEP Outcome Max Paid Week","lib://Curated data Store:DataFiles/10 Landing Area/ESS/IEP Outcome Max Paid Week.qvd",20,4,16,"auto"
"ESS/IEP/Snapshots/Temp/IEP_Outcome_20230930.QVD","IEP_Outcome_20230930.QVD","-",NA,"AZDB-AUE-PRD-NIAADL01.ESS.IEP Outcome","Exact","Complex",TRUE,TRUE,"multi-source","ESS","IEP Outcome Max Paid Week","lib://Curated data Store:DataFiles/10 Landing Area/ESS/IEP Outcome Max Paid Week.qvd",20,4,16,"auto"
"ESS/IEP/Snapshots/Temp/IEP_Outcome_20231031.QVD","IEP_Outcome_20231031.QVD","-",NA,"AZDB-AUE-PRD-NIAADL01.ESS.IEP Outcome","Exact","Complex",TRUE,TRUE,"multi-source","ESS","IEP Outcome Max Paid Week","lib://Curated data Store:DataFiles/10 Landing Area/ESS/IEP Outcome Max Paid Week.qvd",20,4,16,"auto"
"ESS/IEP/Snapshots/Temp/IEP_Outcome_20231130.QVD","IEP_Outcome_20231130.QVD","-",NA,"AZDB-AUE-PRD-NIAADL01.ESS.IEP Outcome","Exact","Complex",TRUE,TRUE,"multi-source","ESS","IEP Outcome Max Paid Week","lib://Curated data Store:DataFiles/10 Landing Area/ESS/IEP Outcome Max Paid Week.qvd",20,4,16,"auto"
"ESS/IEP/Snapshots/Temp/IEP_Outcome_20231231.QVD","IEP_Outcome_20231231.QVD","-",NA,"AZDB-AUE-PRD-NIAADL01.ESS.IEP Outcome","Exact","Complex",TRUE,TRUE,"multi-source","ESS","IEP Outcome Max Paid Week","lib://Curated data Store:DataFiles/10 Landing Area/ESS/IEP Outcome Max Paid Week.qvd",20,4,16,"auto"
"ESS/IEP/Snapshots/Temp/IEP_Outcome_20240131.QVD","IEP_Outcome_20240131.QVD","-",NA,"AZDB-AUE-PRD-NIAADL01.ESS.IEP Outcome","Exact","Complex",TRUE,TRUE,"multi-source","ESS","IEP Outcome Max Paid Week","lib://Curated data Store:DataFiles/10 Landing Area/ESS/IEP Outcome Max Paid Week.qvd",20,4,16,"auto"
"ESS/IEP/Snapshots/Temp/IEP_Outcome_20240229.QVD","IEP_Outcome_20240229.QVD","-",NA,"AZDB-AUE-PRD-NIAADL01.ESS.IEP Outcome","Exact","Complex",TRUE,TRUE,"multi-source","ESS","IEP Outcome Max Paid Week","lib://Curated data Store:DataFiles/10 Landing Area/ESS/IEP Outcome Max Paid Week.qvd",20,4,16,"auto"
"ESS/IEP/Snapshots/Temp/IEP_Placement_20200930.QVD","IEP_Placement_20200930.QVD","-",NA,"AZDB-AUE-PRD-NIAADL01.ESS.IEP Placement","Partial match","Complex",TRUE,TRUE,"needs-creating","","","",44,0,0,"auto"
"ESS/IEP/Snapshots/Temp/IEP_Placement_20201031.QVD","IEP_Placement_20201031.QVD","-",NA,"AZDB-AUE-PRD-NIAADL01.ESS.IEP Placement","Partial match","Complex",TRUE,TRUE,"needs-creating","","","",44,0,0,"auto"
"ESS/IEP/Snapshots/Temp/IEP_Placement_20201130.QVD","IEP_Placement_20201130.QVD","-",NA,"AZDB-AUE-PRD-NIAADL01.ESS.IEP Placement","Partial match","Complex",TRUE,TRUE,"needs-creating","","","",44,0,0,"auto"
"ESS/IEP/Snapshots/Temp/IEP_Placement_20201231.QVD","IEP_Placement_20201231.QVD","-",NA,"AZDB-AUE-PRD-NIAADL01.ESS.IEP Placement","Partial match","Complex",TRUE,TRUE,"needs-creating","","","",44,0,0,"auto"
"ESS/IEP/Snapshots/Temp/IEP_Placement_20210131.QVD","IEP_Placement_20210131.QVD","-",NA,"AZDB-AUE-PRD-NIAADL01.ESS.IEP Placement","Partial match","Complex",TRUE,TRUE,"needs-creating","","","",44,0,0,"auto"
"ESS/IEP/Snapshots/Temp/IEP_Placement_20210228.QVD","IEP_Placement_20210228.QVD","-",NA,"AZDB-AUE-PRD-NIAADL01.ESS.IEP Placement","Partial match","Complex",TRUE,TRUE,"needs-creating","","","",44,0,0,"auto"
"ESS/IEP/Snapshots/Temp/IEP_Placement_20210331.QVD","IEP_Placement_20210331.QVD","-",NA,"AZDB-AUE-PRD-NIAADL01.ESS.IEP Placement","Partial match","Complex",TRUE,TRUE,"needs-creating","","","",44,0,0,"auto"
"ESS/IEP/Snapshots/Temp/IEP_Placement_20210430.QVD","IEP_Placement_20210430.QVD","-",NA,"AZDB-AUE-PRD-NIAADL01.ESS.IEP Placement","Partial match","Complex",TRUE,TRUE,"needs-creating","","","",44,0,0,"auto"
"ESS/IEP/Snapshots/Temp/IEP_Placement_20210531.QVD","IEP_Placement_20210531.QVD","-",NA,"AZDB-AUE-PRD-NIAADL01.ESS.IEP Placement","Partial match","Complex",TRUE,TRUE,"needs-creating","","","",44,0,0,"auto"
"ESS/IEP/Snapshots/Temp/IEP_Placement_20210630.QVD","IEP_Placement_20210630.QVD","-",NA,"AZDB-AUE-PRD-NIAADL01.ESS.IEP Placement","Partial match","Complex",TRUE,TRUE,"needs-creating","","","",44,0,0,"auto"
"ESS/IEP/Snapshots/Temp/IEP_Placement_20210731.QVD","IEP_Placement_20210731.QVD","-",NA,"AZDB-AUE-PRD-NIAADL01.ESS.IEP Placement","Partial match","Complex",TRUE,TRUE,"needs-creating","","","",44,0,0,"auto"
"ESS/IEP/Snapshots/Temp/IEP_Placement_20210831.QVD","IEP_Placement_20210831.QVD","-",NA,"AZDB-AUE-PRD-NIAADL01.ESS.IEP Placement","Partial match","Complex",TRUE,TRUE,"needs-creating","","","",44,0,0,"auto"
"ESS/IEP/Snapshots/Temp/IEP_Placement_20210930.QVD","IEP_Placement_20210930.QVD","-",NA,"AZDB-AUE-PRD-NIAADL01.ESS.IEP Placement","Partial match","Complex",TRUE,TRUE,"needs-creating","","","",44,0,0,"auto"
"ESS/IEP/Snapshots/Temp/IEP_Placement_20211031.QVD","IEP_Placement_20211031.QVD","-",NA,"AZDB-AUE-PRD-NIAADL01.ESS.IEP Placement","Partial match","Complex",TRUE,TRUE,"needs-creating","","","",44,0,0,"auto"
"ESS/IEP/Snapshots/Temp/IEP_Placement_20220131.QVD","IEP_Placement_20220131.QVD","-",NA,"AZDB-AUE-PRD-NIAADL01.ESS.IEP Placement","Partial match","Complex",TRUE,TRUE,"needs-creating","","","",44,0,0,"auto"
"ESS/IEP/Snapshots/Temp/IEP_Placement_20220228.QVD","IEP_Placement_20220228.QVD","-",NA,"AZDB-AUE-PRD-NIAADL01.ESS.IEP Placement","Partial match","Complex",TRUE,TRUE,"needs-creating","","","",44,0,0,"auto"
"ESS/IEP/Snapshots/Temp/IEP_Placement_20220331.QVD","IEP_Placement_20220331.QVD","-",NA,"AZDB-AUE-PRD-NIAADL01.ESS.IEP Placement","Partial match","Complex",TRUE,TRUE,"needs-creating","","","",44,0,0,"auto"
"ESS/IEP/Snapshots/Temp/IEP_Placement_20220430.QVD","IEP_Placement_20220430.QVD","-",NA,"AZDB-AUE-PRD-NIAADL01.ESS.IEP Placement","Partial match","Complex",TRUE,TRUE,"needs-creating","","","",44,0,0,"auto"
"ESS/IEP/Snapshots/Temp/IEP_Placement_20220531.QVD","IEP_Placement_20220531.QVD","-",NA,"AZDB-AUE-PRD-NIAADL01.ESS.IEP Placement","Partial match","Complex",TRUE,TRUE,"needs-creating","","","",44,0,0,"auto"
"ESS/IEP/Snapshots/Temp/IEP_Placement_20220630.QVD","IEP_Placement_20220630.QVD","-",NA,"AZDB-AUE-PRD-NIAADL01.ESS.IEP Placement","Partial match","Complex",TRUE,TRUE,"needs-creating","","","",44,0,0,"auto"
"ESS/IEP/Snapshots/Temp/IEP_Placement_20220731.QVD","IEP_Placement_20220731.QVD","-",NA,"AZDB-AUE-PRD-NIAADL01.ESS.IEP Placement","Partial match","Complex",TRUE,TRUE,"needs-creating","","","",44,0,0,"auto"
"ESS/IEP/Snapshots/Temp/IEP_Placement_20220831.QVD","IEP_Placement_20220831.QVD","-",NA,"AZDB-AUE-PRD-NIAADL01.ESS.IEP Placement","Partial match","Complex",TRUE,TRUE,"needs-creating","","","",44,0,0,"auto"
"ESS/IEP/Snapshots/Temp/IEP_Placement_20220930.QVD","IEP_Placement_20220930.QVD","-",NA,"AZDB-AUE-PRD-NIAADL01.ESS.IEP Placement","Partial match","Complex",TRUE,TRUE,"needs-creating","","","",44,0,0,"auto"
"ESS/IEP/Snapshots/Temp/IEP_Placement_20221031.QVD","IEP_Placement_20221031.QVD","-",NA,"AZDB-AUE-PRD-NIAADL01.ESS.IEP Placement","Partial match","Complex",TRUE,TRUE,"needs-creating","","","",44,0,0,"auto"
"ESS/IEP/Snapshots/Temp/IEP_Placement_20221130.QVD","IEP_Placement_20221130.QVD","-",NA,"AZDB-AUE-PRD-NIAADL01.ESS.IEP Placement","Partial match","Complex",TRUE,TRUE,"needs-creating","","","",44,0,0,"auto"
"ESS/IEP/Snapshots/Temp/IEP_Placement_20221231.QVD","IEP_Placement_20221231.QVD","-",NA,"AZDB-AUE-PRD-NIAADL01.ESS.IEP Placement","Partial match","Complex",TRUE,TRUE,"needs-creating","","","",44,0,0,"auto"
"ESS/IEP/Snapshots/Temp/IEP_Placement_20230131.QVD","IEP_Placement_20230131.QVD","-",NA,"AZDB-AUE-PRD-NIAADL01.ESS.IEP Placement","Partial match","Complex",TRUE,TRUE,"needs-creating","","","",44,0,0,"auto"
"ESS/IEP/Snapshots/Temp/IEP_Placement_20230228.QVD","IEP_Placement_20230228.QVD","-",NA,"AZDB-AUE-PRD-NIAADL01.ESS.IEP Placement","Partial match","Complex",TRUE,TRUE,"needs-creating","","","",44,0,0,"auto"
"ESS/IEP/Snapshots/Temp/IEP_Placement_20230331.QVD","IEP_Placement_20230331.QVD","-",NA,"AZDB-AUE-PRD-NIAADL01.ESS.IEP Placement","Partial match","Complex",TRUE,TRUE,"needs-creating","","","",44,0,0,"auto"
"ESS/IEP/Snapshots/Temp/IEP_Placement_20230430.QVD","IEP_Placement_20230430.QVD","-",NA,"AZDB-AUE-PRD-NIAADL01.ESS.IEP Placement","Partial match","Complex",TRUE,TRUE,"needs-creating","","","",44,0,0,"auto"
"ESS/IEP/Snapshots/Temp/IEP_Placement_20230531.QVD","IEP_Placement_20230531.QVD","-",NA,"AZDB-AUE-PRD-NIAADL01.ESS.IEP Placement","Partial match","Complex",TRUE,TRUE,"needs-creating","","","",44,0,0,"auto"
"ESS/IEP/Snapshots/Temp/IEP_Placement_20230630.QVD","IEP_Placement_20230630.QVD","-",NA,"AZDB-AUE-PRD-NIAADL01.ESS.IEP Placement","Partial match","Complex",TRUE,TRUE,"needs-creating","","","",44,0,0,"auto"
"ESS/IEP/Snapshots/Temp/IEP_Placement_20230731.QVD","IEP_Placement_20230731.QVD","-",NA,"AZDB-AUE-PRD-NIAADL01.ESS.IEP Placement","Partial match","Complex",TRUE,TRUE,"needs-creating","","","",44,0,0,"auto"
"ESS/IEP/Snapshots/Temp/IEP_Placement_20230831.QVD","IEP_Placement_20230831.QVD","-",NA,"AZDB-AUE-PRD-NIAADL01.ESS.IEP Placement","Partial match","Complex",TRUE,TRUE,"needs-creating","","","",44,0,0,"auto"
"ESS/IEP/Snapshots/Temp/IEP_Placement_20230930.QVD","IEP_Placement_20230930.QVD","-",NA,"AZDB-AUE-PRD-NIAADL01.ESS.IEP Placement","Partial match","Complex",TRUE,TRUE,"needs-creating","","","",44,0,0,"auto"
"ESS/IEP/Snapshots/Temp/IEP_Placement_20231031.QVD","IEP_Placement_20231031.QVD","-",NA,"AZDB-AUE-PRD-NIAADL01.ESS.IEP Placement","Partial match","Complex",TRUE,TRUE,"needs-creating","","","",44,0,0,"auto"
"ESS/IEP/Snapshots/Temp/IEP_Placement_20231130.QVD","IEP_Placement_20231130.QVD","-",NA,"AZDB-AUE-PRD-NIAADL01.ESS.IEP Placement","Partial match","Complex",TRUE,TRUE,"needs-creating","","","",44,0,0,"auto"
"ESS/IEP/Snapshots/Temp/IEP_Placement_20231231.QVD","IEP_Placement_20231231.QVD","-",NA,"AZDB-AUE-PRD-NIAADL01.ESS.IEP Placement","Partial match","Complex",TRUE,TRUE,"needs-creating","","","",44,0,0,"auto"
"ESS/IEP/Snapshots/Temp/IEP_Placement_20240131.QVD","IEP_Placement_20240131.QVD","-",NA,"AZDB-AUE-PRD-NIAADL01.ESS.IEP Placement","Partial match","Complex",TRUE,TRUE,"needs-creating","","","",44,0,0,"auto"
"ESS/IEP/Snapshots/Temp/IEP_Placement_20240229.QVD","IEP_Placement_20240229.QVD","-",NA,"AZDB-AUE-PRD-NIAADL01.ESS.IEP Placement","Partial match","Complex",TRUE,TRUE,"needs-creating","","","",44,0,0,"auto"
"ESS/IEP/Snapshots/Temp/IEP_Provider_20200930.QVD","IEP_Provider_20200930.QVD","-",NA,"AZDB-AUE-PRD-NIAADL01.ESS.IEP Provider","Exact","Complex",TRUE,TRUE,"needs-import","fusionload","source organisation","",34,0,0,"auto"
"ESS/IEP/Snapshots/Temp/IEP_Provider_20201031.QVD","IEP_Provider_20201031.QVD","-",NA,"AZDB-AUE-PRD-NIAADL01.ESS.IEP Provider","Exact","Complex",TRUE,TRUE,"needs-import","fusionload","source organisation","",34,0,0,"auto"
"ESS/IEP/Snapshots/Temp/IEP_Provider_20201130.QVD","IEP_Provider_20201130.QVD","-",NA,"AZDB-AUE-PRD-NIAADL01.ESS.IEP Provider","Exact","Complex",TRUE,TRUE,"needs-import","fusionload","source organisation","",34,0,0,"auto"
"ESS/IEP/Snapshots/Temp/IEP_Provider_20201231.QVD","IEP_Provider_20201231.QVD","-",NA,"AZDB-AUE-PRD-NIAADL01.ESS.IEP Provider","Exact","Complex",TRUE,TRUE,"needs-import","fusionload","source organisation","",34,0,0,"auto"
"ESS/IEP/Snapshots/Temp/IEP_Provider_20210131.QVD","IEP_Provider_20210131.QVD","-",NA,"AZDB-AUE-PRD-NIAADL01.ESS.IEP Provider","Exact","Complex",TRUE,TRUE,"needs-import","fusionload","source organisation","",34,0,0,"auto"
"ESS/IEP/Snapshots/Temp/IEP_Provider_20210228.QVD","IEP_Provider_20210228.QVD","-",NA,"AZDB-AUE-PRD-NIAADL01.ESS.IEP Provider","Exact","Complex",TRUE,TRUE,"needs-import","fusionload","source organisation","",34,0,0,"auto"
"ESS/IEP/Snapshots/Temp/IEP_Provider_20210331.QVD","IEP_Provider_20210331.QVD","-",NA,"AZDB-AUE-PRD-NIAADL01.ESS.IEP Provider","Exact","Complex",TRUE,TRUE,"needs-import","fusionload","source organisation","",34,0,0,"auto"
"ESS/IEP/Snapshots/Temp/IEP_Provider_20210430.QVD","IEP_Provider_20210430.QVD","-",NA,"AZDB-AUE-PRD-NIAADL01.ESS.IEP Provider","Exact","Complex",TRUE,TRUE,"needs-import","fusionload","source organisation","",34,0,0,"auto"
"ESS/IEP/Snapshots/Temp/IEP_Provider_20210531.QVD","IEP_Provider_20210531.QVD","-",NA,"AZDB-AUE-PRD-NIAADL01.ESS.IEP Provider","Exact","Complex",TRUE,TRUE,"needs-import","fusionload","source organisation","",34,0,0,"auto"
"ESS/IEP/Snapshots/Temp/IEP_Provider_20210630.QVD","IEP_Provider_20210630.QVD","-",NA,"AZDB-AUE-PRD-NIAADL01.ESS.IEP Provider","Exact","Complex",TRUE,TRUE,"needs-import","fusionload","source organisation","",34,0,0,"auto"
"ESS/IEP/Snapshots/Temp/IEP_Provider_20210731.QVD","IEP_Provider_20210731.QVD","-",NA,"AZDB-AUE-PRD-NIAADL01.ESS.IEP Provider","Exact","Complex",TRUE,TRUE,"needs-import","fusionload","source organisation","",34,0,0,"auto"
"ESS/IEP/Snapshots/Temp/IEP_Provider_20210831.QVD","IEP_Provider_20210831.QVD","-",NA,"AZDB-AUE-PRD-NIAADL01.ESS.IEP Provider","Exact","Complex",TRUE,TRUE,"needs-import","fusionload","source organisation","",34,0,0,"auto"
"ESS/IEP/Snapshots/Temp/IEP_Provider_20210930.QVD","IEP_Provider_20210930.QVD","-",NA,"AZDB-AUE-PRD-NIAADL01.ESS.IEP Provider","Exact","Complex",TRUE,TRUE,"needs-import","fusionload","source organisation","",34,0,0,"auto"
"ESS/IEP/Snapshots/Temp/IEP_Provider_20211031.QVD","IEP_Provider_20211031.QVD","-",NA,"AZDB-AUE-PRD-NIAADL01.ESS.IEP Provider","Exact","Complex",TRUE,TRUE,"needs-import","fusionload","source organisation","",34,0,0,"auto"
"ESS/IEP/Snapshots/Temp/IEP_Provider_20211231.QVD","IEP_Provider_20211231.QVD","-",NA,"AZDB-AUE-PRD-NIAADL01.ESS.IEP Provider","Exact","Complex",TRUE,TRUE,"needs-import","fusionload","source organisation","",34,0,0,"auto"
"ESS/IEP/Snapshots/Temp/IEP_Provider_20220131.QVD","IEP_Provider_20220131.QVD","-",NA,"AZDB-AUE-PRD-NIAADL01.ESS.IEP Provider","Exact","Complex",TRUE,TRUE,"needs-import","fusionload","source organisation","",34,0,0,"auto"
"ESS/IEP/Snapshots/Temp/IEP_Provider_20220228.QVD","IEP_Provider_20220228.QVD","-",NA,"AZDB-AUE-PRD-NIAADL01.ESS.IEP Provider","Partial match","Complex",TRUE,TRUE,"needs-import","fusionload","source organisation","",34,0,0,"auto"
"ESS/IEP/Snapshots/Temp/IEP_Provider_20220331.QVD","IEP_Provider_20220331.QVD","-",NA,"AZDB-AUE-PRD-NIAADL01.ESS.IEP Provider","Partial match","Complex",TRUE,TRUE,"needs-import","fusionload","source organisation","",34,0,0,"auto"
"ESS/IEP/Snapshots/Temp/IEP_Provider_20220430.QVD","IEP_Provider_20220430.QVD","-",NA,"AZDB-AUE-PRD-NIAADL01.ESS.IEP Provider","Partial match","Complex",TRUE,TRUE,"needs-import","fusionload","source organisation","",34,0,0,"auto"
"ESS/IEP/Snapshots/Temp/IEP_Provider_20220531.QVD","IEP_Provider_20220531.QVD","-",NA,"AZDB-AUE-PRD-NIAADL01.ESS.IEP Provider","Partial match","Complex",TRUE,TRUE,"needs-import","fusionload","source organisation","",34,0,0,"auto"
"ESS/IEP/Snapshots/Temp/IEP_Provider_20220630.QVD","IEP_Provider_20220630.QVD","-",NA,"AZDB-AUE-PRD-NIAADL01.ESS.IEP Provider","Partial match","Complex",TRUE,TRUE,"needs-import","fusionload","source organisation","",34,0,0,"auto"
"ESS/IEP/Snapshots/Temp/IEP_Provider_20220731.QVD","IEP_Provider_20220731.QVD","-",NA,"AZDB-AUE-PRD-NIAADL01.ESS.IEP Provider","Partial match","Complex",TRUE,TRUE,"needs-import","fusionload","source organisation","",34,0,0,"auto"
"ESS/IEP/Snapshots/Temp/IEP_Provider_20220831.QVD","IEP_Provider_20220831.QVD","-",NA,"AZDB-AUE-PRD-NIAADL01.ESS.IEP Provider","Partial match","Complex",TRUE,TRUE,"needs-import","fusionload","source organisation","",34,0,0,"auto"
"ESS/IEP/Snapshots/Temp/IEP_Provider_20220930.QVD","IEP_Provider_20220930.QVD","-",NA,"AZDB-AUE-PRD-NIAADL01.ESS.IEP Provider","Partial match","Complex",TRUE,TRUE,"needs-import","fusionload","source organisation","",34,0,0,"auto"
"ESS/IEP/Snapshots/Temp/IEP_Provider_20221031.QVD","IEP_Provider_20221031.QVD","-",NA,"AZDB-AUE-PRD-NIAADL01.ESS.IEP Provider","Partial match","Complex",TRUE,TRUE,"needs-import","fusionload","source organisation","",34,0,0,"auto"
"ESS/IEP/Snapshots/Temp/IEP_Provider_20221130.QVD","IEP_Provider_20221130.QVD","-",NA,"AZDB-AUE-PRD-NIAADL01.ESS.IEP Provider","Partial match","Complex",TRUE,TRUE,"needs-import","fusionload","source organisation","",34,0,0,"auto"
"ESS/IEP/Snapshots/Temp/IEP_Provider_20221231.QVD","IEP_Provider_20221231.QVD","-",NA,"AZDB-AUE-PRD-NIAADL01.ESS.IEP Provider","Partial match","Complex",TRUE,TRUE,"needs-import","fusionload","source organisation","",34,0,0,"auto"
"ESS/IEP/Snapshots/Temp/IEP_Provider_20230131.QVD","IEP_Provider_20230131.QVD","-",NA,"AZDB-AUE-PRD-NIAADL01.ESS.IEP Provider","Partial match","Complex",TRUE,TRUE,"needs-import","fusionload","source organisation","",34,0,0,"auto"
"ESS/IEP/Snapshots/Temp/IEP_Provider_20230228.QVD","IEP_Provider_20230228.QVD","-",NA,"AZDB-AUE-PRD-NIAADL01.ESS.IEP Provider","Partial match","Complex",TRUE,TRUE,"needs-import","fusionload","source organisation","",34,0,0,"auto"
"ESS/IEP/Snapshots/Temp/IEP_Provider_20230331.QVD","IEP_Provider_20230331.QVD","-",NA,"AZDB-AUE-PRD-NIAADL01.ESS.IEP Provider","Partial match","Complex",TRUE,TRUE,"needs-import","fusionload","source organisation","",34,0,0,"auto"
"ESS/IEP/Snapshots/Temp/IEP_Provider_20230430.QVD","IEP_Provider_20230430.QVD","-",NA,"AZDB-AUE-PRD-NIAADL01.ESS.IEP Provider","Partial match","Complex",TRUE,TRUE,"needs-import","fusionload","source organisation","",34,0,0,"auto"
"ESS/IEP/Snapshots/Temp/IEP_Provider_20230531.QVD","IEP_Provider_20230531.QVD","-",NA,"AZDB-AUE-PRD-NIAADL01.ESS.IEP Provider","Partial match","Complex",TRUE,TRUE,"needs-import","fusionload","source organisation","",34,0,0,"auto"
"ESS/IEP/Snapshots/Temp/IEP_Provider_20230630.QVD","IEP_Provider_20230630.QVD","-",NA,"AZDB-AUE-PRD-NIAADL01.ESS.IEP Provider","Partial match","Complex",TRUE,TRUE,"needs-import","fusionload","source organisation","",34,0,0,"auto"
"ESS/IEP/Snapshots/Temp/IEP_Provider_20230731.QVD","IEP_Provider_20230731.QVD","-",NA,"AZDB-AUE-PRD-NIAADL01.ESS.IEP Provider","Partial match","Complex",TRUE,TRUE,"needs-import","fusionload","source organisation","",34,0,0,"auto"
"ESS/IEP/Snapshots/Temp/IEP_Provider_20230831.QVD","IEP_Provider_20230831.QVD","-",NA,"AZDB-AUE-PRD-NIAADL01.ESS.IEP Provider","Partial match","Complex",TRUE,TRUE,"needs-import","fusionload","source organisation","",34,0,0,"auto"
"ESS/IEP/Snapshots/Temp/IEP_Provider_20230930.QVD","IEP_Provider_20230930.QVD","-",NA,"AZDB-AUE-PRD-NIAADL01.ESS.IEP Provider","Partial match","Complex",TRUE,TRUE,"needs-import","fusionload","source organisation","",34,0,0,"auto"
"ESS/IEP/Snapshots/Temp/IEP_Provider_20231031.QVD","IEP_Provider_20231031.QVD","-",NA,"AZDB-AUE-PRD-NIAADL01.ESS.IEP Provider","Partial match","Complex",TRUE,TRUE,"needs-import","fusionload","source organisation","",34,0,0,"auto"
"ESS/IEP/Snapshots/Temp/IEP_Provider_20231130.QVD","IEP_Provider_20231130.QVD","-",NA,"AZDB-AUE-PRD-NIAADL01.ESS.IEP Provider","Partial match","Complex",TRUE,TRUE,"needs-import","fusionload","source organisation","",34,0,0,"auto"
"ESS/IEP/Snapshots/Temp/IEP_Provider_20231231.QVD","IEP_Provider_20231231.QVD","-",NA,"AZDB-AUE-PRD-NIAADL01.ESS.IEP Provider","Partial match","Complex",TRUE,TRUE,"needs-import","fusionload","source organisation","",34,0,0,"auto"
"ESS/IEP/Snapshots/Temp/IEP_Provider_20240131.QVD","IEP_Provider_20240131.QVD","-",NA,"AZDB-AUE-PRD-NIAADL01.ESS.IEP Provider","Partial match","Complex",TRUE,TRUE,"needs-import","fusionload","source organisation","",34,0,0,"auto"
"ESS/IEP/Snapshots/Temp/IEP_Provider_20240229.QVD","IEP_Provider_20240229.QVD","-",NA,"AZDB-AUE-PRD-NIAADL01.ESS.IEP Provider","Partial match","Complex",TRUE,TRUE,"needs-import","fusionload","source organisation","",34,0,0,"auto"
"ESS/IEP/Snapshots/Temp/QVD_BUILDER_TASK_LOG.QVD","QVD_BUILDER_TASK_LOG.QVD","-",NA,"AZDB-AUE-PRD-NIAADL01.FUSIONTestETL.V - Interaction","Partial match","Missing lineage statement",TRUE,FALSE,"needs-creating","","","",20,0,0,"auto"
"ESS/IEP/Temp/QVD_BUILDER_TASK_LOG.QVD","QVD_BUILDER_TASK_LOG.QVD","-",NA,"AZDB-AUE-PRD-NIAADL01.FUSIONTestETL.V - Interaction","Partial match","Missing lineage statement",TRUE,FALSE,"needs-creating","","","",20,0,0,"auto"
"SSR/Aged Debts.qvd","Aged Debts.qvd","-",NA,"AZDB-AUE-PRD-NIAADL01.NIAA.xOrganisation Debt","Partial match","Complex",FALSE,TRUE,"needs-creating","","","",31,0,0,"auto"
"NIAA/NIAA Site 2023.qvd","NIAA Site 2023.qvd","NIAA Site Location QVD Generator - DEV",1,"AZDB-AUE-PRD-NIAADL01.NIAA.NIAA Site 2023","Partial match","Simple",FALSE,TRUE,"needs-creating","","","",15,0,0,"auto"
"DGOV/ACNC Charities.QVD","ACNC Charities.QVD","IAM QVD Builder",NA,"AZDB-AUE-PRD-NIAADL01.DGOV.ACNC Charities","Exact","Simple",FALSE,FALSE,"needs-creating","","","",4,0,0,"auto"
"DGOV/ASIC Companies.QVD","ASIC Companies.QVD","IAM QVD Builder",NA,"AZDB-AUE-PRD-NIAADL01.DGOV.ASIC_Companies","Exact","Simple",FALSE,TRUE,"retarget-incomplete","DGOV","Funded ASIC Companies","lib://Curated data Store:DataFiles/10 Landing Area/DGOV/Funded ASIC Companies.qvd",15,1,15,"auto"
"DataCatalogue/Data Lake Inventory.QVD","Data Lake Inventory.QVD","IAM QVD Builder",NA,"AZDB-AUE-PRD-NIAADL01.DataCatalogue.Data Catalogue History","Partial match","Simple",FALSE,FALSE,"needs-creating","","","",53,0,0,"auto"
"DGOV/Funded ASIC Companies.QVD","Funded ASIC Companies.QVD","IAM QVD Builder",NA,"AZDB-AUE-PRD-NIAADL01.DGOV.Funded ASIC Companies","Exact","Simple",FALSE,TRUE,"needs-creating","","","",15,0,0,"auto"
"NIAA/Glossary Detail.QVD","Glossary Detail.QVD","IAM QVD Builder",NA,"AZDB-AUE-PRD-NIAADL01.NIAA.Glossary Detail","Exact","Simple",FALSE,FALSE,"needs-creating","","","",24,0,0,"auto"
"IAM/GMU Director.QVD","GMU Director.QVD","IAM QVD Builder",NA,"AZDB-AUE-PRD-NIAADL01.IAM.GMU Director","Exact","Simple",FALSE,FALSE,"needs-creating","","","",9,0,0,"auto"
"IAM/NIAA Staff.QVD","NIAA Staff.QVD","IAM QVD Builder",65,"AZDB-AUE-PRD-NIAADL01.IAM.NIAA Staff","Exact","Simple",FALSE,FALSE,"retarget-incomplete","IAM","GMU Director","lib://Curated data Store:DataFiles/10 Landing Area/IAM/GMU Director.qvd",20,13,10,"auto"
"DataCatalogue/Object Hierarchy test.QVD","Object Hierarchy test.QVD","IAM QVD Builder",NA,"AZDB-AUE-PRD-NIAADL01.DataCatalogue.Object Hierarchy test","Exact","Simple",FALSE,FALSE,"needs-creating","","","",9,0,0,"auto"
"DataCatalogue/Object Hierarchy.QVD","Object Hierarchy.QVD","IAM QVD Builder",5,"AZDB-AUE-PRD-NIAADL01.DataCatalogue.Object Hierarchy","Exact","Simple",FALSE,FALSE,"needs-creating","","","",14,0,0,"auto"
"DGOV/ORIC Corporations - 20251223.QVD","ORIC Corporations - 20251223.QVD","IAM QVD Builder",NA,"AZDB-AUE-PRD-NIAADL01.DGOV.ORIC Corporations","Exact","Simple",FALSE,FALSE,"needs-creating","","","",7,0,0,"auto"
"DGOV/ORIC Corporations.QVD","ORIC Corporations.QVD","IAM QVD Builder",NA,"AZDB-AUE-PRD-NIAADL01.DGOV.ORIC Corporations","Exact","Simple",FALSE,FALSE,"needs-creating","","","",7,0,0,"auto"
"DGOV/Services Australia Offices.qvd","Services Australia Offices.qvd","IAM QVD Builder",NA,"AZDB-AUE-PRD-NIAADL01.DGOV.Services Australia Offices","Exact","Simple",FALSE,FALSE,"needs-creating","","","",41,0,0,"auto"
"ESS/IEP/LKP_DIM_JOB_SEEKER_GEOCODED.QVD","LKP_DIM_JOB_SEEKER_GEOCODED.QVD","-",NA,"AZDB-AUE-PRD-NIAADL01.ESS.LKP_DIM_JOB_SEEKER_GEOCODED","Exact","Simple",FALSE,TRUE,"retarget-incomplete","ESS","CDP Job Seeker Geocoded","lib://Curated data Store:DataFiles/10 Landing Area/ESS/CDP Job Seeker Geocoded.qvd",115,114,1,"auto"
"ESS/CDP/CDP_Job_Plan_Goal_Comment_Topic_Models.qvd","CDP_Job_Plan_Goal_Comment_Topic_Models.qvd","-",NA,"AZDB-AUE-PRD-NIAADL01.ESS.CDP_DRVR_JOB_PLAN_ID","Partial match","Simple",FALSE,TRUE,"needs-creating","","","",4,0,0,"auto"
