"RelPath","QvdName","CreatorAppName","CreatorAppId","CreateUtcTime","age_days","n_consumers","consumer_apps","creator_stream","stale_1y","zero_consumers","retired_candidate","joined_consumers_scan"
"ESS/ESAM Users.QVD","ESAM Users.QVD","eSAM","0c924a53-c268-4ccf-9fd0-782404f4b15f","2026-02-12 09:16:33",194,0,"","-",FALSE,TRUE,FALSE,TRUE
"RHS/NT Community.qvd","NT Community.qvd","-","0dc87cfc-ada1-4ff1-ad37-c501971679b3","2018-10-23 05:44:42",2863,0,"",NA,TRUE,TRUE,TRUE,FALSE
"ABS/MB 2021 - RA 2021.qvd","MB 2021 - RA 2021.qvd","Tactical","00ed1a6f-9103-48f1-80d7-7feed3438ea6","2025-04-01 03:18:11",511,0,"","-",TRUE,TRUE,TRUE,TRUE
"NTLC/NTLC_2026.qvd","NTLC_2026.qvd","Tactical","00ed1a6f-9103-48f1-80d7-7feed3438ea6","2026-08-18 07:11:19",7,0,"","-",FALSE,TRUE,FALSE,FALSE
"NTLC/NTLC.qvd","NTLC.qvd","Tactical","00ed1a6f-9103-48f1-80d7-7feed3438ea6","2026-08-18 07:08:30",7,0,"","-",FALSE,TRUE,FALSE,TRUE
"NIAA/BushTel.qvd","BushTel.qvd","NT Housing POC (with data model)(2)(1)","2a01a71e-d4c7-4993-806b-43666de924d8","2026-06-30 00:06:32",56,0,"","-",FALSE,TRUE,FALSE,TRUE
"NIAA/BushTel.qvd","BushTel.qvd","NT Housing POC (with data model)(Josh's Test)","2a01a71e-d4c7-4993-806b-43666de924d8","2026-06-30 00:06:32",56,0,"","-",FALSE,TRUE,FALSE,TRUE
"NIAA/Community Geo.qvd","Community Geo.qvd","NT Housing POC (with data model)(2)(1)","2a01a71e-d4c7-4993-806b-43666de924d8","2026-06-30 00:09:54",56,0,"","-",FALSE,TRUE,FALSE,TRUE
"NIAA/Community Geo.qvd","Community Geo.qvd","NT Housing POC (with data model)(Josh's Test)","2a01a71e-d4c7-4993-806b-43666de924d8","2026-06-30 00:09:54",56,0,"","-",FALSE,TRUE,FALSE,TRUE
"NIAA/Community.qvd","Community.qvd","NT Housing POC (with data model)(2)(1)","2a01a71e-d4c7-4993-806b-43666de924d8","2026-06-30 04:45:53",56,0,"","-",FALSE,TRUE,FALSE,TRUE
"NIAA/Community.qvd","Community.qvd","NT Housing POC (with data model)(Josh's Test)","2a01a71e-d4c7-4993-806b-43666de924d8","2026-06-30 04:45:53",56,0,"","-",FALSE,TRUE,FALSE,TRUE
"NIAA/Housing Information.qvd","Housing Information.qvd","NT Housing POC (with data model)(2)(1)","2a01a71e-d4c7-4993-806b-43666de924d8","2026-07-29 05:40:21",27,0,"","-",FALSE,TRUE,FALSE,TRUE
"NIAA/Housing Information.qvd","Housing Information.qvd","NT Housing POC (with data model)(Josh's Test)","2a01a71e-d4c7-4993-806b-43666de924d8","2026-07-29 05:40:21",27,0,"","-",FALSE,TRUE,FALSE,TRUE
"NIAA/New Housing Data.qvd","New Housing Data.qvd","NT Housing POC (with data model)(2)(1)","2a01a71e-d4c7-4993-806b-43666de924d8","2026-08-14 01:03:42",11,0,"","-",FALSE,TRUE,FALSE,FALSE
"NIAA/New Housing Data.qvd","New Housing Data.qvd","NT Housing POC (with data model)(Josh's Test)","2a01a71e-d4c7-4993-806b-43666de924d8","2026-08-14 01:03:42",11,0,"","-",FALSE,TRUE,FALSE,FALSE
"NIAA/Planned Houses.qvd","Planned Houses.qvd","NT Housing POC (with data model)(2)(1)","2a01a71e-d4c7-4993-806b-43666de924d8","2026-08-07 02:59:14",18,0,"","-",FALSE,TRUE,FALSE,FALSE
"NIAA/Planned Houses.qvd","Planned Houses.qvd","NT Housing POC (with data model)(Josh's Test)","2a01a71e-d4c7-4993-806b-43666de924d8","2026-08-07 02:59:14",18,0,"","-",FALSE,TRUE,FALSE,FALSE
"ESS/CDP/CDP Appointment.QVD","CDP Appointment.QVD","-","2a7420e0-db01-4a3c-89db-254021d10387","2023-07-20 01:49:21",1132,0,"",NA,TRUE,TRUE,TRUE,FALSE
"ESS/CDP/CDP Job Seeker Diary.QVD","CDP Job Seeker Diary.QVD","-","2a7420e0-db01-4a3c-89db-254021d10387","2023-09-20 05:26:29",1070,0,"",NA,TRUE,TRUE,TRUE,FALSE
"RHS/LGA-SA1.qvd","LGA-SA1.qvd","RHS QVD Generator","2ad574ee-fb76-4210-9810-e93b13fd212d","2019-03-15 00:20:07",2720,0,"","-",TRUE,TRUE,TRUE,FALSE
"RHS/RATSIB.qvd","RATSIB.qvd","RHS QVD Generator","2ad574ee-fb76-4210-9810-e93b13fd212d","2019-03-15 00:20:05",2720,0,"","-",TRUE,TRUE,TRUE,FALSE
"RHS/Remote Community.qvd","Remote Community.qvd","RHS QVD Generator","2ad574ee-fb76-4210-9810-e93b13fd212d","2019-03-17 05:27:17",2718,0,"","-",TRUE,TRUE,TRUE,FALSE
"RHS/RHS Dwelling-RATSIB.qvd","RHS Dwelling-RATSIB.qvd","RHS QVD Generator","2ad574ee-fb76-4210-9810-e93b13fd212d","2019-03-15 00:20:05",2720,0,"","-",TRUE,TRUE,TRUE,FALSE
"RHS/RHS Dwelling.qvd","RHS Dwelling.qvd","RHS QVD Generator","2ad574ee-fb76-4210-9810-e93b13fd212d","2019-03-17 05:27:16",2718,0,"","-",TRUE,TRUE,TRUE,FALSE
"RHS/RHS Funding.qvd","RHS Funding.qvd","RHS QVD Generator","2ad574ee-fb76-4210-9810-e93b13fd212d","2019-03-15 00:20:06",2720,0,"","-",TRUE,TRUE,TRUE,FALSE
"RHS/SA1-ABS.qvd","SA1-ABS.qvd","RHS QVD Generator","2ad574ee-fb76-4210-9810-e93b13fd212d","2019-03-15 00:20:06",2720,0,"","-",TRUE,TRUE,TRUE,FALSE
"RHS/SA1-Empowered Community.qvd","SA1-Empowered Community.qvd","RHS QVD Generator","2ad574ee-fb76-4210-9810-e93b13fd212d","2019-03-15 00:20:07",2720,0,"","-",TRUE,TRUE,TRUE,FALSE
"RHS/SA1-PMC Region.qvd","SA1-PMC Region.qvd","RHS QVD Generator","2ad574ee-fb76-4210-9810-e93b13fd212d","2019-03-15 00:20:07",2720,0,"","-",TRUE,TRUE,TRUE,FALSE
"RHS/State.qvd","State.qvd","RHS QVD Generator","2ad574ee-fb76-4210-9810-e93b13fd212d","2019-03-15 00:20:06",2720,0,"","-",TRUE,TRUE,TRUE,FALSE
"ABS/ATSIP Census Cell Descriptor.qvd","ATSIP Census Cell Descriptor.qvd","ABS Data Pack QVD Generator V1.3.0","2b2dd121-1582-497f-9090-99066ffcb79f","2021-08-03 03:20:08",1848,0,"","-",TRUE,TRUE,TRUE,FALSE
"ABS/ATSIP ILOC Census Cell 2011-1.qvd","ATSIP ILOC Census Cell 2011-1.qvd","ABS Data Pack QVD Generator V1.3.0","2b2dd121-1582-497f-9090-99066ffcb79f","2021-10-15 06:35:12",1775,0,"","-",TRUE,TRUE,TRUE,FALSE
"ABS/ATSIP ILOC Census Cell 2011-2.qvd","ATSIP ILOC Census Cell 2011-2.qvd","ABS Data Pack QVD Generator V1.3.0","2b2dd121-1582-497f-9090-99066ffcb79f","2021-10-15 06:35:17",1775,0,"","-",TRUE,TRUE,TRUE,FALSE
"ABS/ATSIP ILOC Census Cell 2011.qvd","ATSIP ILOC Census Cell 2011.qvd","ABS Data Pack QVD Generator V1.3.0","2b2dd121-1582-497f-9090-99066ffcb79f","2021-09-26 00:53:47",1794,0,"","-",TRUE,TRUE,TRUE,FALSE
"ABS/ATSIP ILOC Census Cell 2016-1.qvd","ATSIP ILOC Census Cell 2016-1.qvd","ABS Data Pack QVD Generator V1.3.0","2b2dd121-1582-497f-9090-99066ffcb79f","2021-10-15 06:35:03",1775,0,"","-",TRUE,TRUE,TRUE,FALSE
"ABS/ATSIP ILOC Census Cell 2016-2.qvd","ATSIP ILOC Census Cell 2016-2.qvd","ABS Data Pack QVD Generator V1.3.0","2b2dd121-1582-497f-9090-99066ffcb79f","2021-10-15 06:35:08",1775,0,"","-",TRUE,TRUE,TRUE,FALSE
"ABS/ATSIP ILOC Census Cell 2016.qvd","ATSIP ILOC Census Cell 2016.qvd","ABS Data Pack QVD Generator V1.3.0","2b2dd121-1582-497f-9090-99066ffcb79f","2021-09-26 00:53:40",1794,0,"","-",TRUE,TRUE,TRUE,FALSE
"ABS/ATSIP ILOC Census Cell Descriptor.qvd","ATSIP ILOC Census Cell Descriptor.qvd","ABS Data Pack QVD Generator V1.3.0","2b2dd121-1582-497f-9090-99066ffcb79f","2021-10-15 06:35:22",1775,0,"","-",TRUE,TRUE,TRUE,FALSE
"ABS/ATSIP ILOC Census Cell.qvd","ATSIP ILOC Census Cell.qvd","ABS Data Pack QVD Generator V1.3.0","2b2dd121-1582-497f-9090-99066ffcb79f","2021-10-15 06:34:57",1775,0,"","-",TRUE,TRUE,TRUE,FALSE
"ABS/ATSIP ILOC Demographic Census Cell Descriptor.qvd","ATSIP ILOC Demographic Census Cell Descriptor.qvd","ABS Data Pack QVD Generator V1.3.0","2b2dd121-1582-497f-9090-99066ffcb79f","2021-09-26 00:54:03",1794,0,"","-",TRUE,TRUE,TRUE,FALSE
"ABS/ATSIP ILOC Demographic Census Cell.qvd","ATSIP ILOC Demographic Census Cell.qvd","ABS Data Pack QVD Generator V1.3.0","2b2dd121-1582-497f-9090-99066ffcb79f","2021-09-26 00:53:58",1794,0,"","-",TRUE,TRUE,TRUE,FALSE
"ABS/ATSIP ILOC Education Census Cell Descriptor.qvd","ATSIP ILOC Education Census Cell Descriptor.qvd","ABS Data Pack QVD Generator V1.3.0","2b2dd121-1582-497f-9090-99066ffcb79f","2021-09-26 00:54:14",1794,0,"","-",TRUE,TRUE,TRUE,FALSE
"ABS/ATSIP ILOC Education Census Cell.qvd","ATSIP ILOC Education Census Cell.qvd","ABS Data Pack QVD Generator V1.3.0","2b2dd121-1582-497f-9090-99066ffcb79f","2021-09-26 00:54:09",1794,0,"","-",TRUE,TRUE,TRUE,FALSE
"ABS/ATSIP ILOC Income Census Cell Descriptor.qvd","ATSIP ILOC Income Census Cell Descriptor.qvd","ABS Data Pack QVD Generator V1.3.0","2b2dd121-1582-497f-9090-99066ffcb79f","2021-09-26 00:54:35",1794,0,"","-",TRUE,TRUE,TRUE,FALSE
"ABS/ATSIP ILOC Income Census Cell.qvd","ATSIP ILOC Income Census Cell.qvd","ABS Data Pack QVD Generator V1.3.0","2b2dd121-1582-497f-9090-99066ffcb79f","2021-09-26 00:54:30",1794,0,"","-",TRUE,TRUE,TRUE,FALSE
"ABS/ATSIP ILOC Residency Census Cell Descriptor.qvd","ATSIP ILOC Residency Census Cell Descriptor.qvd","ABS Data Pack QVD Generator V1.3.0","2b2dd121-1582-497f-9090-99066ffcb79f","2021-09-26 00:54:24",1794,0,"","-",TRUE,TRUE,TRUE,FALSE
"ABS/ATSIP ILOC Residency Census Cell.qvd","ATSIP ILOC Residency Census Cell.qvd","ABS Data Pack QVD Generator V1.3.0","2b2dd121-1582-497f-9090-99066ffcb79f","2021-09-26 00:54:19",1794,0,"","-",TRUE,TRUE,TRUE,FALSE
"ABS/ATSIP IREG Projected Population.qvd","ATSIP IREG Projected Population.qvd","ABS Data Pack QVD Generator V1.3.0","2b2dd121-1582-497f-9090-99066ffcb79f","2021-09-26 00:54:40",1794,0,"","-",TRUE,TRUE,TRUE,FALSE
"ABS/ATSIP SA2 Population.qvd","ATSIP SA2 Population.qvd","ABS Data Pack QVD Generator V1.3.0","2b2dd121-1582-497f-9090-99066ffcb79f","2021-09-26 00:54:45",1794,0,"","-",TRUE,TRUE,TRUE,TRUE
"ABS/Census Cell Descriptor.qvd","Census Cell Descriptor.qvd","ABS Data Pack QVD Generator V1.3.0","2b2dd121-1582-497f-9090-99066ffcb79f","2021-04-01 03:31:40",1972,0,"","-",TRUE,TRUE,TRUE,FALSE
"ABS/ILOC Census Cell.qvd","ILOC Census Cell.qvd","ABS Data Pack QVD Generator V1.3.0","2b2dd121-1582-497f-9090-99066ffcb79f","2021-04-01 03:31:34",1972,0,"","-",TRUE,TRUE,TRUE,FALSE
"ABS/SEIFA SA1 Summary.qvd","SEIFA SA1 Summary.qvd","ABS Data Pack QVD Generator V1.3.0","2b2dd121-1582-497f-9090-99066ffcb79f","2021-09-26 00:54:50",1794,0,"","-",TRUE,TRUE,TRUE,TRUE
"ESS/IEP/Snapshots/Temp/IEP_Activity_Expenditure_20211201.QVD","IEP_Activity_Expenditure_20211201.QVD","-","2b3d72e2-46d6-4071-88f8-7409e7a65d5b","2022-07-26 09:17:28",1491,0,"",NA,TRUE,TRUE,TRUE,FALSE
"ESS/IEP/Snapshots/Temp/IEP_Activity_Expenditure_20220131.QVD","IEP_Activity_Expenditure_20220131.QVD","-","2b3d72e2-46d6-4071-88f8-7409e7a65d5b","2022-07-26 09:17:28",1491,0,"",NA,TRUE,TRUE,TRUE,FALSE
"ESS/CDP/Temp/QVD_List_TWES.QVD","QVD_List_TWES.QVD","01 ESS QVD Builder - TWES","2e092249-e0f6-4198-8ede-dcfda4c9c81d","2026-08-18 07:30:57",7,0,"","99 - QVD Tasks",FALSE,TRUE,FALSE,TRUE
"ESS/CDP/Temp/TWES Claim.QVD","TWES Claim.QVD","01 ESS QVD Builder - TWES","2e092249-e0f6-4198-8ede-dcfda4c9c81d","2026-08-18 07:30:08",7,1,"02 ESS QVD Builder Finalisation CDP & IEP","99 - QVD Tasks",FALSE,FALSE,FALSE,TRUE
"ESS/CDP/Temp/TWES Commencement History.QVD","TWES Commencement History.QVD","01 ESS QVD Builder - TWES","2e092249-e0f6-4198-8ede-dcfda4c9c81d","2026-08-18 07:30:14",7,1,"02 ESS QVD Builder Finalisation CDP & IEP","99 - QVD Tasks",FALSE,FALSE,FALSE,TRUE
"ESS/CDP/Temp/TWES CRP.QVD","TWES CRP.QVD","01 ESS QVD Builder - TWES","2e092249-e0f6-4198-8ede-dcfda4c9c81d","2026-08-18 07:30:34",7,1,"02 ESS QVD Builder Finalisation CDP & IEP","99 - QVD Tasks",FALSE,FALSE,FALSE,TRUE
"ESS/CDP/Temp/TWES ESAT.QVD","TWES ESAT.QVD","01 ESS QVD Builder - TWES","2e092249-e0f6-4198-8ede-dcfda4c9c81d","2026-08-18 07:30:38",7,1,"02 ESS QVD Builder Finalisation CDP & IEP","99 - QVD Tasks",FALSE,FALSE,FALSE,TRUE
"ESS/CDP/Temp/TWES Job Seeker.QVD","TWES Job Seeker.QVD","01 ESS QVD Builder - TWES","2e092249-e0f6-4198-8ede-dcfda4c9c81d","2026-08-18 07:30:44",7,1,"02 ESS QVD Builder Finalisation CDP & IEP","99 - QVD Tasks",FALSE,FALSE,FALSE,TRUE
"ESS/CDP/Temp/TWES JSCI.QVD","TWES JSCI.QVD","01 ESS QVD Builder - TWES","2e092249-e0f6-4198-8ede-dcfda4c9c81d","2026-08-18 07:30:52",7,1,"02 ESS QVD Builder Finalisation CDP & IEP","99 - QVD Tasks",FALSE,FALSE,FALSE,TRUE
"ESS/CDP/Temp/TWES Site Contract.QVD","TWES Site Contract.QVD","01 ESS QVD Builder - TWES","2e092249-e0f6-4198-8ede-dcfda4c9c81d","2026-08-18 07:30:53",7,1,"02 ESS QVD Builder Finalisation CDP & IEP","99 - QVD Tasks",FALSE,FALSE,FALSE,TRUE
"ESS/CDP/Temp/TWES Transition Plan.QVD","TWES Transition Plan.QVD","01 ESS QVD Builder - TWES","2e092249-e0f6-4198-8ede-dcfda4c9c81d","2026-08-18 07:30:55",7,1,"02 ESS QVD Builder Finalisation CDP & IEP","99 - QVD Tasks",FALSE,FALSE,FALSE,TRUE
"ABS/2021 ABS Remoteness x ILOC.qvd","2021 ABS Remoteness x ILOC.qvd","ABS 2021 QVD Generator","3a98064b-fd7c-49a0-8c0b-b7a23bb9fbb3","2024-08-15 03:25:21",740,0,"","99 - QVD Tasks",TRUE,TRUE,TRUE,TRUE
"ABS/2021 Census Datapacks x ILOC.qvd","2021 Census Datapacks x ILOC.qvd","ABS 2021 QVD Generator","3a98064b-fd7c-49a0-8c0b-b7a23bb9fbb3","2024-08-15 03:25:21",740,0,"","99 - QVD Tasks",TRUE,TRUE,TRUE,TRUE
"ABS/2021 CtG Targets ABS Tablebuilder.qvd","2021 CtG Targets ABS Tablebuilder.qvd","ABS 2021 QVD Generator","3a98064b-fd7c-49a0-8c0b-b7a23bb9fbb3","2024-08-15 03:25:21",740,0,"","99 - QVD Tasks",TRUE,TRUE,TRUE,TRUE
"ESS/CDP/BK/0.Sun/CDP Activity Attendance Key Data.QVD","CDP Activity Attendance Key Data.QVD","-","3c6c1dc7-e49b-4798-ba49-69fabc04fc51","2024-02-25 08:05:33",912,0,"",NA,TRUE,TRUE,TRUE,FALSE
"ESS/CDP/BK/1.Mon/CDP Activity Attendance Key Data.QVD","CDP Activity Attendance Key Data.QVD","-","3c6c1dc7-e49b-4798-ba49-69fabc04fc51","2024-03-04 08:54:15",904,0,"",NA,TRUE,TRUE,TRUE,FALSE
"ESS/CDP/BK/2.Tue/CDP Activity Attendance Key Data.QVD","CDP Activity Attendance Key Data.QVD","-","3c6c1dc7-e49b-4798-ba49-69fabc04fc51","2024-03-12 07:58:44",896,0,"",NA,TRUE,TRUE,TRUE,FALSE
"ESS/CDP/BK/3.Wed/CDP Activity Attendance Key Data.QVD","CDP Activity Attendance Key Data.QVD","-","3c6c1dc7-e49b-4798-ba49-69fabc04fc51","2024-03-12 23:51:26",896,0,"",NA,TRUE,TRUE,TRUE,FALSE
"ESS/CDP/BK/4.Thu/CDP Activity Attendance Key Data.QVD","CDP Activity Attendance Key Data.QVD","-","3c6c1dc7-e49b-4798-ba49-69fabc04fc51","2024-02-29 08:02:31",908,0,"",NA,TRUE,TRUE,TRUE,FALSE
"ESS/CDP/BK/5.Fri/CDP Activity Attendance Key Data.QVD","CDP Activity Attendance Key Data.QVD","-","3c6c1dc7-e49b-4798-ba49-69fabc04fc51","2024-03-01 00:18:02",907,0,"",NA,TRUE,TRUE,TRUE,FALSE
"ESS/CDP/BK/6.Sat/CDP Activity Attendance Key Data.QVD","CDP Activity Attendance Key Data.QVD","-","3c6c1dc7-e49b-4798-ba49-69fabc04fc51","2024-02-24 08:18:39",913,0,"",NA,TRUE,TRUE,TRUE,FALSE
"ESS/CDP/CDP Activity Attendance Key Data.QVD","CDP Activity Attendance Key Data.QVD","-","3c6c1dc7-e49b-4798-ba49-69fabc04fc51","2024-03-05 00:38:47",903,0,"",NA,TRUE,TRUE,TRUE,FALSE
"ESS/CDP/BK/0.Sun/CDP Activity Attendance Result.QVD","CDP Activity Attendance Result.QVD","-","3c6c1dc7-e49b-4798-ba49-69fabc04fc51","2024-02-25 08:05:49",912,0,"",NA,TRUE,TRUE,TRUE,FALSE
"ESS/CDP/BK/1.Mon/CDP Activity Attendance Result.QVD","CDP Activity Attendance Result.QVD","-","3c6c1dc7-e49b-4798-ba49-69fabc04fc51","2024-03-04 08:54:30",904,0,"",NA,TRUE,TRUE,TRUE,FALSE
"ESS/CDP/BK/2.Tue/CDP Activity Attendance Result.QVD","CDP Activity Attendance Result.QVD","-","3c6c1dc7-e49b-4798-ba49-69fabc04fc51","2024-03-12 07:59:15",896,0,"",NA,TRUE,TRUE,TRUE,FALSE
"ESS/CDP/BK/3.Wed/CDP Activity Attendance Result.QVD","CDP Activity Attendance Result.QVD","-","3c6c1dc7-e49b-4798-ba49-69fabc04fc51","2024-03-12 23:51:57",896,0,"",NA,TRUE,TRUE,TRUE,FALSE
"ESS/CDP/BK/4.Thu/CDP Activity Attendance Result.QVD","CDP Activity Attendance Result.QVD","-","3c6c1dc7-e49b-4798-ba49-69fabc04fc51","2024-02-29 08:02:47",908,0,"",NA,TRUE,TRUE,TRUE,FALSE
"ESS/CDP/BK/5.Fri/CDP Activity Attendance Result.QVD","CDP Activity Attendance Result.QVD","-","3c6c1dc7-e49b-4798-ba49-69fabc04fc51","2024-03-01 00:18:18",907,0,"",NA,TRUE,TRUE,TRUE,FALSE
"ESS/CDP/BK/6.Sat/CDP Activity Attendance Result.QVD","CDP Activity Attendance Result.QVD","-","3c6c1dc7-e49b-4798-ba49-69fabc04fc51","2024-02-24 08:18:55",913,0,"",NA,TRUE,TRUE,TRUE,FALSE
"ESS/CDP/BK/0.Sun/CDP Activity Attendance.QVD","CDP Activity Attendance.QVD","-","3c6c1dc7-e49b-4798-ba49-69fabc04fc51","2024-02-25 08:05:13",912,0,"",NA,TRUE,TRUE,TRUE,FALSE
"ESS/CDP/BK/1.Mon/CDP Activity Attendance.QVD","CDP Activity Attendance.QVD","-","3c6c1dc7-e49b-4798-ba49-69fabc04fc51","2024-03-04 08:53:55",904,0,"",NA,TRUE,TRUE,TRUE,FALSE
"ESS/CDP/BK/2.Tue/CDP Activity Attendance.QVD","CDP Activity Attendance.QVD","-","3c6c1dc7-e49b-4798-ba49-69fabc04fc51","2024-03-12 07:58:59",896,0,"",NA,TRUE,TRUE,TRUE,FALSE
"ESS/CDP/BK/3.Wed/CDP Activity Attendance.QVD","CDP Activity Attendance.QVD","-","3c6c1dc7-e49b-4798-ba49-69fabc04fc51","2024-03-12 23:51:41",896,0,"",NA,TRUE,TRUE,TRUE,FALSE
"ESS/CDP/BK/4.Thu/CDP Activity Attendance.QVD","CDP Activity Attendance.QVD","-","3c6c1dc7-e49b-4798-ba49-69fabc04fc51","2024-02-29 08:02:11",908,0,"",NA,TRUE,TRUE,TRUE,FALSE
"ESS/CDP/BK/5.Fri/CDP Activity Attendance.QVD","CDP Activity Attendance.QVD","-","3c6c1dc7-e49b-4798-ba49-69fabc04fc51","2024-03-01 00:17:42",907,0,"",NA,TRUE,TRUE,TRUE,FALSE
"ESS/CDP/BK/6.Sat/CDP Activity Attendance.QVD","CDP Activity Attendance.QVD","-","3c6c1dc7-e49b-4798-ba49-69fabc04fc51","2024-02-24 08:18:18",913,0,"",NA,TRUE,TRUE,TRUE,FALSE
"ESS/CDP/BK/0.Sun/CDP Activity Referral Placement.QVD","CDP Activity Referral Placement.QVD","-","3c6c1dc7-e49b-4798-ba49-69fabc04fc51","2024-02-25 08:05:50",912,0,"",NA,TRUE,TRUE,TRUE,FALSE
"ESS/CDP/BK/1.Mon/CDP Activity Referral Placement.QVD","CDP Activity Referral Placement.QVD","-","3c6c1dc7-e49b-4798-ba49-69fabc04fc51","2024-03-04 08:54:32",904,0,"",NA,TRUE,TRUE,TRUE,FALSE
"ESS/CDP/BK/2.Tue/CDP Activity Referral Placement.QVD","CDP Activity Referral Placement.QVD","-","3c6c1dc7-e49b-4798-ba49-69fabc04fc51","2024-03-12 07:59:16",896,0,"",NA,TRUE,TRUE,TRUE,FALSE
"ESS/CDP/BK/3.Wed/CDP Activity Referral Placement.QVD","CDP Activity Referral Placement.QVD","-","3c6c1dc7-e49b-4798-ba49-69fabc04fc51","2024-03-12 23:51:58",896,0,"",NA,TRUE,TRUE,TRUE,FALSE
"ESS/CDP/BK/4.Thu/CDP Activity Referral Placement.QVD","CDP Activity Referral Placement.QVD","-","3c6c1dc7-e49b-4798-ba49-69fabc04fc51","2024-02-29 08:02:48",908,0,"",NA,TRUE,TRUE,TRUE,FALSE
"ESS/CDP/BK/5.Fri/CDP Activity Referral Placement.QVD","CDP Activity Referral Placement.QVD","-","3c6c1dc7-e49b-4798-ba49-69fabc04fc51","2024-03-01 00:18:19",907,0,"",NA,TRUE,TRUE,TRUE,FALSE
"ESS/CDP/BK/6.Sat/CDP Activity Referral Placement.QVD","CDP Activity Referral Placement.QVD","-","3c6c1dc7-e49b-4798-ba49-69fabc04fc51","2024-02-24 08:18:57",913,0,"",NA,TRUE,TRUE,TRUE,FALSE
"ESS/CDP/Delete/CDP Activity Referral.QVD","CDP Activity Referral.QVD","-","3c6c1dc7-e49b-4798-ba49-69fabc04fc51","2023-03-22 23:29:27",1252,0,"",NA,TRUE,TRUE,TRUE,FALSE
"ESS/CDP/BK/0.Sun/CDP Activity.QVD","CDP Activity.QVD","-","3c6c1dc7-e49b-4798-ba49-69fabc04fc51","2024-02-25 08:04:53",912,0,"",NA,TRUE,TRUE,TRUE,FALSE
"ESS/CDP/BK/1.Mon/CDP Activity.QVD","CDP Activity.QVD","-","3c6c1dc7-e49b-4798-ba49-69fabc04fc51","2024-03-04 08:53:41",904,0,"",NA,TRUE,TRUE,TRUE,FALSE
"ESS/CDP/BK/2.Tue/CDP Activity.QVD","CDP Activity.QVD","-","3c6c1dc7-e49b-4798-ba49-69fabc04fc51","2024-03-12 07:58:45",896,0,"",NA,TRUE,TRUE,TRUE,FALSE
"ESS/CDP/BK/3.Wed/CDP Activity.QVD","CDP Activity.QVD","-","3c6c1dc7-e49b-4798-ba49-69fabc04fc51","2024-03-12 23:51:27",896,0,"",NA,TRUE,TRUE,TRUE,FALSE
"ESS/CDP/BK/4.Thu/CDP Activity.QVD","CDP Activity.QVD","-","3c6c1dc7-e49b-4798-ba49-69fabc04fc51","2024-02-29 08:01:52",908,0,"",NA,TRUE,TRUE,TRUE,FALSE
"ESS/CDP/BK/5.Fri/CDP Activity.QVD","CDP Activity.QVD","-","3c6c1dc7-e49b-4798-ba49-69fabc04fc51","2024-03-01 00:17:22",907,0,"",NA,TRUE,TRUE,TRUE,FALSE
"ESS/CDP/BK/6.Sat/CDP Activity.QVD","CDP Activity.QVD","-","3c6c1dc7-e49b-4798-ba49-69fabc04fc51","2024-02-24 08:17:59",913,0,"",NA,TRUE,TRUE,TRUE,FALSE
"ESS/CDP/BK/0.Sun/CDP Age Group.QVD","CDP Age Group.QVD","-","3c6c1dc7-e49b-4798-ba49-69fabc04fc51","2024-02-25 08:05:51",912,0,"",NA,TRUE,TRUE,TRUE,FALSE
"ESS/CDP/BK/1.Mon/CDP Age Group.QVD","CDP Age Group.QVD","-","3c6c1dc7-e49b-4798-ba49-69fabc04fc51","2024-03-04 08:54:32",904,0,"",NA,TRUE,TRUE,TRUE,FALSE
"ESS/CDP/BK/2.Tue/CDP Age Group.QVD","CDP Age Group.QVD","-","3c6c1dc7-e49b-4798-ba49-69fabc04fc51","2024-03-12 07:59:16",896,0,"",NA,TRUE,TRUE,TRUE,FALSE
"ESS/CDP/BK/3.Wed/CDP Age Group.QVD","CDP Age Group.QVD","-","3c6c1dc7-e49b-4798-ba49-69fabc04fc51","2024-03-12 23:51:58",896,0,"",NA,TRUE,TRUE,TRUE,FALSE
"ESS/CDP/BK/4.Thu/CDP Age Group.QVD","CDP Age Group.QVD","-","3c6c1dc7-e49b-4798-ba49-69fabc04fc51","2024-02-29 08:02:48",908,0,"",NA,TRUE,TRUE,TRUE,FALSE
"ESS/CDP/BK/5.Fri/CDP Age Group.QVD","CDP Age Group.QVD","-","3c6c1dc7-e49b-4798-ba49-69fabc04fc51","2024-03-01 00:18:19",907,0,"",NA,TRUE,TRUE,TRUE,FALSE
"ESS/CDP/BK/6.Sat/CDP Age Group.QVD","CDP Age Group.QVD","-","3c6c1dc7-e49b-4798-ba49-69fabc04fc51","2024-02-24 08:18:57",913,0,"",NA,TRUE,TRUE,TRUE,FALSE
"ESS/CDP/BK/0.Sun/CDP API Subs Data Currency.QVD","CDP API Subs Data Currency.QVD","-","3c6c1dc7-e49b-4798-ba49-69fabc04fc51","2024-02-25 08:05:51",912,0,"",NA,TRUE,TRUE,TRUE,FALSE
"ESS/CDP/BK/1.Mon/CDP API Subs Data Currency.QVD","CDP API Subs Data Currency.QVD","-","3c6c1dc7-e49b-4798-ba49-69fabc04fc51","2024-03-04 08:54:32",904,0,"",NA,TRUE,TRUE,TRUE,FALSE
"ESS/CDP/BK/2.Tue/CDP API Subs Data Currency.QVD","CDP API Subs Data Currency.QVD","-","3c6c1dc7-e49b-4798-ba49-69fabc04fc51","2024-03-12 07:59:16",896,0,"",NA,TRUE,TRUE,TRUE,FALSE
"ESS/CDP/BK/3.Wed/CDP API Subs Data Currency.QVD","CDP API Subs Data Currency.QVD","-","3c6c1dc7-e49b-4798-ba49-69fabc04fc51","2024-03-12 23:51:59",896,0,"",NA,TRUE,TRUE,TRUE,FALSE
"ESS/CDP/BK/4.Thu/CDP API Subs Data Currency.QVD","CDP API Subs Data Currency.QVD","-","3c6c1dc7-e49b-4798-ba49-69fabc04fc51","2024-02-29 08:02:48",908,0,"",NA,TRUE,TRUE,TRUE,FALSE
"ESS/CDP/BK/5.Fri/CDP API Subs Data Currency.QVD","CDP API Subs Data Currency.QVD","-","3c6c1dc7-e49b-4798-ba49-69fabc04fc51","2024-03-01 00:18:19",907,0,"",NA,TRUE,TRUE,TRUE,FALSE
"ESS/CDP/BK/6.Sat/CDP API Subs Data Currency.QVD","CDP API Subs Data Currency.QVD","-","3c6c1dc7-e49b-4798-ba49-69fabc04fc51","2024-02-24 08:18:57",913,0,"",NA,TRUE,TRUE,TRUE,FALSE
"ESS/CDP/Delete/CDP Assistance.QVD","CDP Assistance.QVD","-","3c6c1dc7-e49b-4798-ba49-69fabc04fc51","2023-03-20 21:38:45",1254,0,"",NA,TRUE,TRUE,TRUE,FALSE
"ESS/CDP/BK/0.Sun/CDP Barrier Job Plan Activity Link.QVD","CDP Barrier Job Plan Activity Link.QVD","-","3c6c1dc7-e49b-4798-ba49-69fabc04fc51","2024-02-25 08:05:51",912,0,"",NA,TRUE,TRUE,TRUE,FALSE
"ESS/CDP/BK/1.Mon/CDP Barrier Job Plan Activity Link.QVD","CDP Barrier Job Plan Activity Link.QVD","-","3c6c1dc7-e49b-4798-ba49-69fabc04fc51","2024-03-04 08:54:32",904,0,"",NA,TRUE,TRUE,TRUE,FALSE
"ESS/CDP/BK/2.Tue/CDP Barrier Job Plan Activity Link.QVD","CDP Barrier Job Plan Activity Link.QVD","-","3c6c1dc7-e49b-4798-ba49-69fabc04fc51","2024-03-12 07:59:17",896,0,"",NA,TRUE,TRUE,TRUE,FALSE
"ESS/CDP/BK/3.Wed/CDP Barrier Job Plan Activity Link.QVD","CDP Barrier Job Plan Activity Link.QVD","-","3c6c1dc7-e49b-4798-ba49-69fabc04fc51","2024-03-12 23:51:59",896,0,"",NA,TRUE,TRUE,TRUE,FALSE
"ESS/CDP/BK/4.Thu/CDP Barrier Job Plan Activity Link.QVD","CDP Barrier Job Plan Activity Link.QVD","-","3c6c1dc7-e49b-4798-ba49-69fabc04fc51","2024-02-29 08:02:49",908,0,"",NA,TRUE,TRUE,TRUE,FALSE
"ESS/CDP/BK/5.Fri/CDP Barrier Job Plan Activity Link.QVD","CDP Barrier Job Plan Activity Link.QVD","-","3c6c1dc7-e49b-4798-ba49-69fabc04fc51","2024-03-01 00:18:20",907,0,"",NA,TRUE,TRUE,TRUE,FALSE
"ESS/CDP/BK/6.Sat/CDP Barrier Job Plan Activity Link.QVD","CDP Barrier Job Plan Activity Link.QVD","-","3c6c1dc7-e49b-4798-ba49-69fabc04fc51","2024-02-24 08:18:57",913,0,"",NA,TRUE,TRUE,TRUE,FALSE
"ESS/CDP/BK/0.Sun/CDP Barrier Job Plan Assistance Link.QVD","CDP Barrier Job Plan Assistance Link.QVD","-","3c6c1dc7-e49b-4798-ba49-69fabc04fc51","2024-02-25 08:05:52",912,0,"",NA,TRUE,TRUE,TRUE,FALSE
"ESS/CDP/BK/1.Mon/CDP Barrier Job Plan Assistance Link.QVD","CDP Barrier Job Plan Assistance Link.QVD","-","3c6c1dc7-e49b-4798-ba49-69fabc04fc51","2024-03-04 08:54:33",904,0,"",NA,TRUE,TRUE,TRUE,FALSE
"ESS/CDP/BK/2.Tue/CDP Barrier Job Plan Assistance Link.QVD","CDP Barrier Job Plan Assistance Link.QVD","-","3c6c1dc7-e49b-4798-ba49-69fabc04fc51","2024-03-12 07:59:18",896,0,"",NA,TRUE,TRUE,TRUE,FALSE
"ESS/CDP/BK/3.Wed/CDP Barrier Job Plan Assistance Link.QVD","CDP Barrier Job Plan Assistance Link.QVD","-","3c6c1dc7-e49b-4798-ba49-69fabc04fc51","2024-03-12 23:52:00",896,0,"",NA,TRUE,TRUE,TRUE,FALSE
"ESS/CDP/BK/4.Thu/CDP Barrier Job Plan Assistance Link.QVD","CDP Barrier Job Plan Assistance Link.QVD","-","3c6c1dc7-e49b-4798-ba49-69fabc04fc51","2024-02-29 08:02:49",908,0,"",NA,TRUE,TRUE,TRUE,FALSE
"ESS/CDP/BK/5.Fri/CDP Barrier Job Plan Assistance Link.QVD","CDP Barrier Job Plan Assistance Link.QVD","-","3c6c1dc7-e49b-4798-ba49-69fabc04fc51","2024-03-01 00:18:20",907,0,"",NA,TRUE,TRUE,TRUE,FALSE
"ESS/CDP/BK/6.Sat/CDP Barrier Job Plan Assistance Link.QVD","CDP Barrier Job Plan Assistance Link.QVD","-","3c6c1dc7-e49b-4798-ba49-69fabc04fc51","2024-02-24 08:18:58",913,0,"",NA,TRUE,TRUE,TRUE,FALSE
"ESS/CDP/Delete/CDP Barrier_TO_BE_UPDATED.QVD","CDP Barrier_TO_BE_UPDATED.QVD","-","3c6c1dc7-e49b-4798-ba49-69fabc04fc51","2023-05-10 07:37:15",1203,0,"",NA,TRUE,TRUE,TRUE,FALSE
"ESS/CDP/BK/0.Sun/CDP Barrier.QVD","CDP Barrier.QVD","-","3c6c1dc7-e49b-4798-ba49-69fabc04fc51","2024-02-25 08:05:51",912,0,"",NA,TRUE,TRUE,TRUE,FALSE
"ESS/CDP/BK/1.Mon/CDP Barrier.QVD","CDP Barrier.QVD","-","3c6c1dc7-e49b-4798-ba49-69fabc04fc51","2024-03-04 08:54:32",904,0,"",NA,TRUE,TRUE,TRUE,FALSE
"ESS/CDP/BK/2.Tue/CDP Barrier.QVD","CDP Barrier.QVD","-","3c6c1dc7-e49b-4798-ba49-69fabc04fc51","2024-03-12 07:59:17",896,0,"",NA,TRUE,TRUE,TRUE,FALSE
"ESS/CDP/BK/3.Wed/CDP Barrier.QVD","CDP Barrier.QVD","-","3c6c1dc7-e49b-4798-ba49-69fabc04fc51","2024-03-12 23:51:59",896,0,"",NA,TRUE,TRUE,TRUE,FALSE
"ESS/CDP/BK/4.Thu/CDP Barrier.QVD","CDP Barrier.QVD","-","3c6c1dc7-e49b-4798-ba49-69fabc04fc51","2024-02-29 08:02:49",908,0,"",NA,TRUE,TRUE,TRUE,FALSE
"ESS/CDP/BK/5.Fri/CDP Barrier.QVD","CDP Barrier.QVD","-","3c6c1dc7-e49b-4798-ba49-69fabc04fc51","2024-03-01 00:18:20",907,0,"",NA,TRUE,TRUE,TRUE,FALSE
"ESS/CDP/BK/6.Sat/CDP Barrier.QVD","CDP Barrier.QVD","-","3c6c1dc7-e49b-4798-ba49-69fabc04fc51","2024-02-24 08:18:57",913,0,"",NA,TRUE,TRUE,TRUE,FALSE
"ESS/CDP/Delete/CDP Caseload Current Status.QVD","CDP Caseload Current Status.QVD","-","3c6c1dc7-e49b-4798-ba49-69fabc04fc51","2023-03-22 23:29:30",1252,0,"",NA,TRUE,TRUE,TRUE,FALSE
"ESS/CDP/Delete/CDP Caseload History Contract.QVD","CDP Caseload History Contract.QVD","-","3c6c1dc7-e49b-4798-ba49-69fabc04fc51","2023-03-22 23:29:31",1252,0,"",NA,TRUE,TRUE,TRUE,FALSE
"ESS/CDP/Delete/CDP Caseload History CR.QVD","CDP Caseload History CR.QVD","-","3c6c1dc7-e49b-4798-ba49-69fabc04fc51","2023-03-22 23:29:31",1252,0,"",NA,TRUE,TRUE,TRUE,FALSE
"ESS/CDP/Delete/CDP Caseload History JS.QVD","CDP Caseload History JS.QVD","-","3c6c1dc7-e49b-4798-ba49-69fabc04fc51","2023-03-22 23:29:31",1252,0,"",NA,TRUE,TRUE,TRUE,FALSE
"ESS/CDP/Delete/CDP Caseload History Site.QVD","CDP Caseload History Site.QVD","-","3c6c1dc7-e49b-4798-ba49-69fabc04fc51","2023-03-22 23:29:32",1252,0,"",NA,TRUE,TRUE,TRUE,FALSE
"ESS/CDP/BK/0.Sun/CDP Caseload.QVD","CDP Caseload.QVD","-","3c6c1dc7-e49b-4798-ba49-69fabc04fc51","2024-02-25 08:05:52",912,0,"",NA,TRUE,TRUE,TRUE,FALSE
"ESS/CDP/BK/1.Mon/CDP Caseload.QVD","CDP Caseload.QVD","-","3c6c1dc7-e49b-4798-ba49-69fabc04fc51","2024-03-04 08:54:33",904,0,"",NA,TRUE,TRUE,TRUE,FALSE
"ESS/CDP/BK/2.Tue/CDP Caseload.QVD","CDP Caseload.QVD","-","3c6c1dc7-e49b-4798-ba49-69fabc04fc51","2024-03-12 07:59:18",896,0,"",NA,TRUE,TRUE,TRUE,FALSE
"ESS/CDP/BK/3.Wed/CDP Caseload.QVD","CDP Caseload.QVD","-","3c6c1dc7-e49b-4798-ba49-69fabc04fc51","2024-03-12 23:52:00",896,0,"",NA,TRUE,TRUE,TRUE,FALSE
"ESS/CDP/BK/4.Thu/CDP Caseload.QVD","CDP Caseload.QVD","-","3c6c1dc7-e49b-4798-ba49-69fabc04fc51","2024-02-29 08:02:50",908,0,"",NA,TRUE,TRUE,TRUE,FALSE
"ESS/CDP/BK/5.Fri/CDP Caseload.QVD","CDP Caseload.QVD","-","3c6c1dc7-e49b-4798-ba49-69fabc04fc51","2024-03-01 00:18:21",907,0,"",NA,TRUE,TRUE,TRUE,FALSE
"ESS/CDP/BK/6.Sat/CDP Caseload.QVD","CDP Caseload.QVD","-","3c6c1dc7-e49b-4798-ba49-69fabc04fc51","2024-02-24 08:18:58",913,0,"",NA,TRUE,TRUE,TRUE,FALSE
"ESS/CDP/BK/0.Sun/CDP Claim.QVD","CDP Claim.QVD","-","3c6c1dc7-e49b-4798-ba49-69fabc04fc51","2024-02-25 08:05:53",912,0,"",NA,TRUE,TRUE,TRUE,FALSE
"ESS/CDP/BK/1.Mon/CDP Claim.QVD","CDP Claim.QVD","-","3c6c1dc7-e49b-4798-ba49-69fabc04fc51","2024-03-04 08:54:34",904,0,"",NA,TRUE,TRUE,TRUE,FALSE
"ESS/CDP/BK/2.Tue/CDP Claim.QVD","CDP Claim.QVD","-","3c6c1dc7-e49b-4798-ba49-69fabc04fc51","2024-03-12 07:59:19",896,0,"",NA,TRUE,TRUE,TRUE,FALSE
"ESS/CDP/BK/3.Wed/CDP Claim.QVD","CDP Claim.QVD","-","3c6c1dc7-e49b-4798-ba49-69fabc04fc51","2024-03-12 23:52:01",896,0,"",NA,TRUE,TRUE,TRUE,FALSE
"ESS/CDP/BK/4.Thu/CDP Claim.QVD","CDP Claim.QVD","-","3c6c1dc7-e49b-4798-ba49-69fabc04fc51","2024-02-29 08:02:51",908,0,"",NA,TRUE,TRUE,TRUE,FALSE
"ESS/CDP/BK/5.Fri/CDP Claim.QVD","CDP Claim.QVD","-","3c6c1dc7-e49b-4798-ba49-69fabc04fc51","2024-03-01 00:18:21",907,0,"",NA,TRUE,TRUE,TRUE,FALSE
"ESS/CDP/BK/6.Sat/CDP Claim.QVD","CDP Claim.QVD","-","3c6c1dc7-e49b-4798-ba49-69fabc04fc51","2024-02-24 08:18:59",913,0,"",NA,TRUE,TRUE,TRUE,FALSE
"ESS/CDP/Delete/CDP Contract Current.QVD","CDP Contract Current.QVD","-","3c6c1dc7-e49b-4798-ba49-69fabc04fc51","2023-03-22 23:29:33",1252,0,"",NA,TRUE,TRUE,TRUE,FALSE
"ESS/CDP/CDP Contract Referral Placement.QVD","CDP Contract Referral Placement.QVD","-","3c6c1dc7-e49b-4798-ba49-69fabc04fc51","2023-03-22 23:29:34",1252,0,"",NA,TRUE,TRUE,TRUE,FALSE
"ESS/CDP/Delete/CDP Contract Referral.QVD","CDP Contract Referral.QVD","-","3c6c1dc7-e49b-4798-ba49-69fabc04fc51","2023-03-22 23:29:33",1252,0,"",NA,TRUE,TRUE,TRUE,FALSE
"ESS/CDP/BK/0.Sun/CDP Contract.QVD","CDP Contract.QVD","-","3c6c1dc7-e49b-4798-ba49-69fabc04fc51","2024-02-25 08:05:53",912,0,"",NA,TRUE,TRUE,TRUE,FALSE
"ESS/CDP/BK/1.Mon/CDP Contract.QVD","CDP Contract.QVD","-","3c6c1dc7-e49b-4798-ba49-69fabc04fc51","2024-03-04 08:54:34",904,0,"",NA,TRUE,TRUE,TRUE,FALSE
"ESS/CDP/BK/2.Tue/CDP Contract.QVD","CDP Contract.QVD","-","3c6c1dc7-e49b-4798-ba49-69fabc04fc51","2024-03-12 07:59:19",896,0,"",NA,TRUE,TRUE,TRUE,FALSE
"ESS/CDP/BK/3.Wed/CDP Contract.QVD","CDP Contract.QVD","-","3c6c1dc7-e49b-4798-ba49-69fabc04fc51","2024-03-12 23:52:01",896,0,"",NA,TRUE,TRUE,TRUE,FALSE
"ESS/CDP/BK/4.Thu/CDP Contract.QVD","CDP Contract.QVD","-","3c6c1dc7-e49b-4798-ba49-69fabc04fc51","2024-02-29 08:02:51",908,0,"",NA,TRUE,TRUE,TRUE,FALSE
"ESS/CDP/BK/5.Fri/CDP Contract.QVD","CDP Contract.QVD","-","3c6c1dc7-e49b-4798-ba49-69fabc04fc51","2024-03-01 00:18:21",907,0,"",NA,TRUE,TRUE,TRUE,FALSE
"ESS/CDP/BK/6.Sat/CDP Contract.QVD","CDP Contract.QVD","-","3c6c1dc7-e49b-4798-ba49-69fabc04fc51","2024-02-24 08:18:59",913,0,"",NA,TRUE,TRUE,TRUE,FALSE
"ESS/CDP/Delete/CDP CRP CURRENT.QVD","CDP CRP CURRENT.QVD","-","3c6c1dc7-e49b-4798-ba49-69fabc04fc51","2023-03-22 23:29:35",1252,0,"",NA,TRUE,TRUE,TRUE,FALSE
"ESS/CDP/Delete/CDP DW Update Date.qvd","CDP DW Update Date.qvd","-","3c6c1dc7-e49b-4798-ba49-69fabc04fc51","2023-05-25 23:21:35",1188,0,"",NA,TRUE,TRUE,TRUE,FALSE
"ESS/CDP/BK/0.Sun/CDP Employment Placement History.QVD","CDP Employment Placement History.QVD","-","3c6c1dc7-e49b-4798-ba49-69fabc04fc51","2024-02-25 08:05:57",912,0,"",NA,TRUE,TRUE,TRUE,FALSE
"ESS/CDP/BK/1.Mon/CDP Employment Placement History.QVD","CDP Employment Placement History.QVD","-","3c6c1dc7-e49b-4798-ba49-69fabc04fc51","2024-03-04 08:54:38",904,0,"",NA,TRUE,TRUE,TRUE,FALSE
"ESS/CDP/BK/2.Tue/CDP Employment Placement History.QVD","CDP Employment Placement History.QVD","-","3c6c1dc7-e49b-4798-ba49-69fabc04fc51","2024-03-12 07:59:21",896,0,"",NA,TRUE,TRUE,TRUE,FALSE
"ESS/CDP/BK/3.Wed/CDP Employment Placement History.QVD","CDP Employment Placement History.QVD","-","3c6c1dc7-e49b-4798-ba49-69fabc04fc51","2024-03-12 23:52:03",896,0,"",NA,TRUE,TRUE,TRUE,FALSE
"ESS/CDP/BK/4.Thu/CDP Employment Placement History.QVD","CDP Employment Placement History.QVD","-","3c6c1dc7-e49b-4798-ba49-69fabc04fc51","2024-02-29 08:02:54",908,0,"",NA,TRUE,TRUE,TRUE,FALSE
"ESS/CDP/BK/5.Fri/CDP Employment Placement History.QVD","CDP Employment Placement History.QVD","-","3c6c1dc7-e49b-4798-ba49-69fabc04fc51","2024-03-01 00:18:25",907,0,"",NA,TRUE,TRUE,TRUE,FALSE
"ESS/CDP/BK/6.Sat/CDP Employment Placement History.QVD","CDP Employment Placement History.QVD","-","3c6c1dc7-e49b-4798-ba49-69fabc04fc51","2024-02-24 08:19:03",913,0,"",NA,TRUE,TRUE,TRUE,FALSE
"ESS/CDP/BK/0.Sun/CDP Employment Placement.QVD","CDP Employment Placement.QVD","-","3c6c1dc7-e49b-4798-ba49-69fabc04fc51","2024-02-25 08:05:55",912,0,"",NA,TRUE,TRUE,TRUE,FALSE
"ESS/CDP/BK/1.Mon/CDP Employment Placement.QVD","CDP Employment Placement.QVD","-","3c6c1dc7-e49b-4798-ba49-69fabc04fc51","2024-03-04 08:54:36",904,0,"",NA,TRUE,TRUE,TRUE,FALSE
"ESS/CDP/BK/2.Tue/CDP Employment Placement.QVD","CDP Employment Placement.QVD","-","3c6c1dc7-e49b-4798-ba49-69fabc04fc51","2024-03-12 07:59:19",896,0,"",NA,TRUE,TRUE,TRUE,FALSE
"ESS/CDP/BK/3.Wed/CDP Employment Placement.QVD","CDP Employment Placement.QVD","-","3c6c1dc7-e49b-4798-ba49-69fabc04fc51","2024-03-12 23:52:02",896,0,"",NA,TRUE,TRUE,TRUE,FALSE
"ESS/CDP/BK/4.Thu/CDP Employment Placement.QVD","CDP Employment Placement.QVD","-","3c6c1dc7-e49b-4798-ba49-69fabc04fc51","2024-02-29 08:02:53",908,0,"",NA,TRUE,TRUE,TRUE,FALSE
"ESS/CDP/BK/5.Fri/CDP Employment Placement.QVD","CDP Employment Placement.QVD","-","3c6c1dc7-e49b-4798-ba49-69fabc04fc51","2024-03-01 00:18:23",907,0,"",NA,TRUE,TRUE,TRUE,FALSE
"ESS/CDP/BK/6.Sat/CDP Employment Placement.QVD","CDP Employment Placement.QVD","-","3c6c1dc7-e49b-4798-ba49-69fabc04fc51","2024-02-24 08:19:01",913,0,"",NA,TRUE,TRUE,TRUE,FALSE
"ESS/CDP/Delete/CDP Employment Placement.QVD","CDP Employment Placement.QVD","-","3c6c1dc7-e49b-4798-ba49-69fabc04fc51","2023-03-22 23:29:35",1252,0,"",NA,TRUE,TRUE,TRUE,FALSE
"ESS/CDP/Delete/CDP Employment Placements.QVD","CDP Employment Placements.QVD","-","3c6c1dc7-e49b-4798-ba49-69fabc04fc51","2023-05-14 23:06:31",1199,0,"",NA,TRUE,TRUE,TRUE,FALSE
"ESS/CDP/BK/0.Sun/CDP Estimated Grant Value FY.QVD","CDP Estimated Grant Value FY.QVD","-","3c6c1dc7-e49b-4798-ba49-69fabc04fc51","2024-02-25 08:05:57",912,0,"",NA,TRUE,TRUE,TRUE,FALSE
"ESS/CDP/BK/1.Mon/CDP Estimated Grant Value FY.QVD","CDP Estimated Grant Value FY.QVD","-","3c6c1dc7-e49b-4798-ba49-69fabc04fc51","2024-03-04 08:54:38",904,0,"",NA,TRUE,TRUE,TRUE,FALSE
"ESS/CDP/BK/2.Tue/CDP Estimated Grant Value FY.QVD","CDP Estimated Grant Value FY.QVD","-","3c6c1dc7-e49b-4798-ba49-69fabc04fc51","2024-03-12 07:59:21",896,0,"",NA,TRUE,TRUE,TRUE,FALSE
"ESS/CDP/BK/3.Wed/CDP Estimated Grant Value FY.QVD","CDP Estimated Grant Value FY.QVD","-","3c6c1dc7-e49b-4798-ba49-69fabc04fc51","2024-03-12 23:52:03",896,0,"",NA,TRUE,TRUE,TRUE,FALSE
"ESS/CDP/BK/4.Thu/CDP Estimated Grant Value FY.QVD","CDP Estimated Grant Value FY.QVD","-","3c6c1dc7-e49b-4798-ba49-69fabc04fc51","2024-02-29 08:02:55",908,0,"",NA,TRUE,TRUE,TRUE,FALSE
"ESS/CDP/BK/5.Fri/CDP Estimated Grant Value FY.QVD","CDP Estimated Grant Value FY.QVD","-","3c6c1dc7-e49b-4798-ba49-69fabc04fc51","2024-03-01 00:18:25",907,0,"",NA,TRUE,TRUE,TRUE,FALSE
"ESS/CDP/BK/6.Sat/CDP Estimated Grant Value FY.QVD","CDP Estimated Grant Value FY.QVD","-","3c6c1dc7-e49b-4798-ba49-69fabc04fc51","2024-02-24 08:19:03",913,0,"",NA,TRUE,TRUE,TRUE,FALSE
"ESS/CDP/BK/0.Sun/CDP Grant Activity Site Location.QVD","CDP Grant Activity Site Location.QVD","-","3c6c1dc7-e49b-4798-ba49-69fabc04fc51","2024-02-25 08:05:57",912,0,"",NA,TRUE,TRUE,TRUE,FALSE
"ESS/CDP/BK/1.Mon/CDP Grant Activity Site Location.QVD","CDP Grant Activity Site Location.QVD","-","3c6c1dc7-e49b-4798-ba49-69fabc04fc51","2024-03-04 08:54:38",904,0,"",NA,TRUE,TRUE,TRUE,FALSE
"ESS/CDP/BK/2.Tue/CDP Grant Activity Site Location.QVD","CDP Grant Activity Site Location.QVD","-","3c6c1dc7-e49b-4798-ba49-69fabc04fc51","2024-03-12 07:59:21",896,0,"",NA,TRUE,TRUE,TRUE,FALSE
"ESS/CDP/BK/3.Wed/CDP Grant Activity Site Location.QVD","CDP Grant Activity Site Location.QVD","-","3c6c1dc7-e49b-4798-ba49-69fabc04fc51","2024-03-12 23:52:03",896,0,"",NA,TRUE,TRUE,TRUE,FALSE
"ESS/CDP/BK/4.Thu/CDP Grant Activity Site Location.QVD","CDP Grant Activity Site Location.QVD","-","3c6c1dc7-e49b-4798-ba49-69fabc04fc51","2024-02-29 08:02:55",908,0,"",NA,TRUE,TRUE,TRUE,FALSE
"ESS/CDP/BK/5.Fri/CDP Grant Activity Site Location.QVD","CDP Grant Activity Site Location.QVD","-","3c6c1dc7-e49b-4798-ba49-69fabc04fc51","2024-03-01 00:18:26",907,0,"",NA,TRUE,TRUE,TRUE,FALSE
"ESS/CDP/BK/6.Sat/CDP Grant Activity Site Location.QVD","CDP Grant Activity Site Location.QVD","-","3c6c1dc7-e49b-4798-ba49-69fabc04fc51","2024-02-24 08:19:03",913,0,"",NA,TRUE,TRUE,TRUE,FALSE
"ESS/CDP/BK/0.Sun/CDP Grant Activity updated.QVD","CDP Grant Activity updated.QVD","-","3c6c1dc7-e49b-4798-ba49-69fabc04fc51","2024-02-25 08:05:58",912,0,"",NA,TRUE,TRUE,TRUE,FALSE
"ESS/CDP/BK/1.Mon/CDP Grant Activity updated.QVD","CDP Grant Activity updated.QVD","-","3c6c1dc7-e49b-4798-ba49-69fabc04fc51","2024-03-04 08:54:38",904,0,"",NA,TRUE,TRUE,TRUE,FALSE
"ESS/CDP/BK/2.Tue/CDP Grant Activity updated.QVD","CDP Grant Activity updated.QVD","-","3c6c1dc7-e49b-4798-ba49-69fabc04fc51","2024-03-12 07:59:21",896,0,"",NA,TRUE,TRUE,TRUE,FALSE
"ESS/CDP/BK/3.Wed/CDP Grant Activity updated.QVD","CDP Grant Activity updated.QVD","-","3c6c1dc7-e49b-4798-ba49-69fabc04fc51","2024-03-12 23:52:03",896,0,"",NA,TRUE,TRUE,TRUE,FALSE
"ESS/CDP/BK/4.Thu/CDP Grant Activity updated.QVD","CDP Grant Activity updated.QVD","-","3c6c1dc7-e49b-4798-ba49-69fabc04fc51","2024-02-29 08:02:55",908,0,"",NA,TRUE,TRUE,TRUE,FALSE
"ESS/CDP/BK/5.Fri/CDP Grant Activity updated.QVD","CDP Grant Activity updated.QVD","-","3c6c1dc7-e49b-4798-ba49-69fabc04fc51","2024-03-01 00:18:26",907,0,"",NA,TRUE,TRUE,TRUE,FALSE
"ESS/CDP/BK/6.Sat/CDP Grant Activity updated.QVD","CDP Grant Activity updated.QVD","-","3c6c1dc7-e49b-4798-ba49-69fabc04fc51","2024-02-24 08:19:03",913,0,"",NA,TRUE,TRUE,TRUE,FALSE
"ESS/CDP/BK/0.Sun/CDP Grant Activity.QVD","CDP Grant Activity.QVD","-","3c6c1dc7-e49b-4798-ba49-69fabc04fc51","2024-02-25 08:05:57",912,0,"",NA,TRUE,TRUE,TRUE,FALSE
"ESS/CDP/BK/1.Mon/CDP Grant Activity.QVD","CDP Grant Activity.QVD","-","3c6c1dc7-e49b-4798-ba49-69fabc04fc51","2024-03-04 08:54:38",904,0,"",NA,TRUE,TRUE,TRUE,FALSE
"ESS/CDP/BK/2.Tue/CDP Grant Activity.QVD","CDP Grant Activity.QVD","-","3c6c1dc7-e49b-4798-ba49-69fabc04fc51","2024-03-12 07:59:21",896,0,"",NA,TRUE,TRUE,TRUE,FALSE
"ESS/CDP/BK/3.Wed/CDP Grant Activity.QVD","CDP Grant Activity.QVD","-","3c6c1dc7-e49b-4798-ba49-69fabc04fc51","2024-03-12 23:52:03",896,0,"",NA,TRUE,TRUE,TRUE,FALSE
"ESS/CDP/BK/4.Thu/CDP Grant Activity.QVD","CDP Grant Activity.QVD","-","3c6c1dc7-e49b-4798-ba49-69fabc04fc51","2024-02-29 08:02:55",908,0,"",NA,TRUE,TRUE,TRUE,FALSE
"ESS/CDP/BK/5.Fri/CDP Grant Activity.QVD","CDP Grant Activity.QVD","-","3c6c1dc7-e49b-4798-ba49-69fabc04fc51","2024-03-01 00:18:26",907,0,"",NA,TRUE,TRUE,TRUE,FALSE
"ESS/CDP/BK/6.Sat/CDP Grant Activity.QVD","CDP Grant Activity.QVD","-","3c6c1dc7-e49b-4798-ba49-69fabc04fc51","2024-02-24 08:19:03",913,0,"",NA,TRUE,TRUE,TRUE,FALSE
"ESS/CDP/BK/0.Sun/CDP Grant Detail.QVD","CDP Grant Detail.QVD","-","3c6c1dc7-e49b-4798-ba49-69fabc04fc51","2024-02-25 08:05:58",912,0,"",NA,TRUE,TRUE,TRUE,FALSE
"ESS/CDP/BK/1.Mon/CDP Grant Detail.QVD","CDP Grant Detail.QVD","-","3c6c1dc7-e49b-4798-ba49-69fabc04fc51","2024-03-04 08:54:38",904,0,"",NA,TRUE,TRUE,TRUE,FALSE
"ESS/CDP/BK/2.Tue/CDP Grant Detail.QVD","CDP Grant Detail.QVD","-","3c6c1dc7-e49b-4798-ba49-69fabc04fc51","2024-03-12 07:59:21",896,0,"",NA,TRUE,TRUE,TRUE,FALSE
"ESS/CDP/BK/3.Wed/CDP Grant Detail.QVD","CDP Grant Detail.QVD","-","3c6c1dc7-e49b-4798-ba49-69fabc04fc51","2024-03-12 23:52:03",896,0,"",NA,TRUE,TRUE,TRUE,FALSE
"ESS/CDP/BK/4.Thu/CDP Grant Detail.QVD","CDP Grant Detail.QVD","-","3c6c1dc7-e49b-4798-ba49-69fabc04fc51","2024-02-29 08:02:55",908,0,"",NA,TRUE,TRUE,TRUE,FALSE
"ESS/CDP/BK/5.Fri/CDP Grant Detail.QVD","CDP Grant Detail.QVD","-","3c6c1dc7-e49b-4798-ba49-69fabc04fc51","2024-03-01 00:18:26",907,0,"",NA,TRUE,TRUE,TRUE,FALSE
"ESS/CDP/BK/6.Sat/CDP Grant Detail.QVD","CDP Grant Detail.QVD","-","3c6c1dc7-e49b-4798-ba49-69fabc04fc51","2024-02-24 08:19:03",913,0,"",NA,TRUE,TRUE,TRUE,FALSE
"ESS/CDP/BK/0.Sun/CDP Grant Estimated Expenditure FY.QVD","CDP Grant Estimated Expenditure FY.QVD","-","3c6c1dc7-e49b-4798-ba49-69fabc04fc51","2024-02-25 08:05:58",912,0,"",NA,TRUE,TRUE,TRUE,FALSE
"ESS/CDP/BK/1.Mon/CDP Grant Estimated Expenditure FY.QVD","CDP Grant Estimated Expenditure FY.QVD","-","3c6c1dc7-e49b-4798-ba49-69fabc04fc51","2024-03-04 08:54:38",904,0,"",NA,TRUE,TRUE,TRUE,FALSE
"ESS/CDP/BK/2.Tue/CDP Grant Estimated Expenditure FY.QVD","CDP Grant Estimated Expenditure FY.QVD","-","3c6c1dc7-e49b-4798-ba49-69fabc04fc51","2024-03-12 07:59:21",896,0,"",NA,TRUE,TRUE,TRUE,FALSE
"ESS/CDP/BK/3.Wed/CDP Grant Estimated Expenditure FY.QVD","CDP Grant Estimated Expenditure FY.QVD","-","3c6c1dc7-e49b-4798-ba49-69fabc04fc51","2024-03-12 23:52:03",896,0,"",NA,TRUE,TRUE,TRUE,FALSE
"ESS/CDP/BK/4.Thu/CDP Grant Estimated Expenditure FY.QVD","CDP Grant Estimated Expenditure FY.QVD","-","3c6c1dc7-e49b-4798-ba49-69fabc04fc51","2024-02-29 08:02:55",908,0,"",NA,TRUE,TRUE,TRUE,FALSE
"ESS/CDP/BK/5.Fri/CDP Grant Estimated Expenditure FY.QVD","CDP Grant Estimated Expenditure FY.QVD","-","3c6c1dc7-e49b-4798-ba49-69fabc04fc51","2024-03-01 00:18:26",907,0,"",NA,TRUE,TRUE,TRUE,FALSE
"ESS/CDP/BK/6.Sat/CDP Grant Estimated Expenditure FY.QVD","CDP Grant Estimated Expenditure FY.QVD","-","3c6c1dc7-e49b-4798-ba49-69fabc04fc51","2024-02-24 08:19:03",913,0,"",NA,TRUE,TRUE,TRUE,FALSE
"ESS/CDP/BK/0.Sun/CDP Grants List.QVD","CDP Grants List.QVD","-","3c6c1dc7-e49b-4798-ba49-69fabc04fc51","2024-02-25 08:05:58",912,0,"",NA,TRUE,TRUE,TRUE,FALSE
"ESS/CDP/BK/1.Mon/CDP Grants List.QVD","CDP Grants List.QVD","-","3c6c1dc7-e49b-4798-ba49-69fabc04fc51","2024-03-04 08:54:38",904,0,"",NA,TRUE,TRUE,TRUE,FALSE
"ESS/CDP/BK/2.Tue/CDP Grants List.QVD","CDP Grants List.QVD","-","3c6c1dc7-e49b-4798-ba49-69fabc04fc51","2024-03-12 07:59:21",896,0,"",NA,TRUE,TRUE,TRUE,FALSE
"ESS/CDP/BK/3.Wed/CDP Grants List.QVD","CDP Grants List.QVD","-","3c6c1dc7-e49b-4798-ba49-69fabc04fc51","2024-03-12 23:52:03",896,0,"",NA,TRUE,TRUE,TRUE,FALSE
"ESS/CDP/BK/4.Thu/CDP Grants List.QVD","CDP Grants List.QVD","-","3c6c1dc7-e49b-4798-ba49-69fabc04fc51","2024-02-29 08:02:55",908,0,"",NA,TRUE,TRUE,TRUE,FALSE
"ESS/CDP/BK/5.Fri/CDP Grants List.QVD","CDP Grants List.QVD","-","3c6c1dc7-e49b-4798-ba49-69fabc04fc51","2024-03-01 00:18:26",907,0,"",NA,TRUE,TRUE,TRUE,FALSE
"ESS/CDP/BK/6.Sat/CDP Grants List.QVD","CDP Grants List.QVD","-","3c6c1dc7-e49b-4798-ba49-69fabc04fc51","2024-02-24 08:19:03",913,0,"",NA,TRUE,TRUE,TRUE,FALSE
"ESS/CDP/Delete/CDP JCA And ESAt Assessment.QVD","CDP JCA And ESAt Assessment.QVD","-","3c6c1dc7-e49b-4798-ba49-69fabc04fc51","2023-05-07 23:07:37",1206,0,"",NA,TRUE,TRUE,TRUE,FALSE
"ESS/CDP/BK/0.Sun/CDP Job Plan Activity Detail.QVD","CDP Job Plan Activity Detail.QVD","-","3c6c1dc7-e49b-4798-ba49-69fabc04fc51","2024-02-25 08:05:59",912,0,"",NA,TRUE,TRUE,TRUE,FALSE
"ESS/CDP/BK/1.Mon/CDP Job Plan Activity Detail.QVD","CDP Job Plan Activity Detail.QVD","-","3c6c1dc7-e49b-4798-ba49-69fabc04fc51","2024-03-04 08:54:39",904,0,"",NA,TRUE,TRUE,TRUE,FALSE
"ESS/CDP/BK/2.Tue/CDP Job Plan Activity Detail.QVD","CDP Job Plan Activity Detail.QVD","-","3c6c1dc7-e49b-4798-ba49-69fabc04fc51","2024-03-12 07:59:22",896,0,"",NA,TRUE,TRUE,TRUE,FALSE
"ESS/CDP/BK/3.Wed/CDP Job Plan Activity Detail.QVD","CDP Job Plan Activity Detail.QVD","-","3c6c1dc7-e49b-4798-ba49-69fabc04fc51","2024-03-12 23:52:05",896,0,"",NA,TRUE,TRUE,TRUE,FALSE
"ESS/CDP/BK/4.Thu/CDP Job Plan Activity Detail.QVD","CDP Job Plan Activity Detail.QVD","-","3c6c1dc7-e49b-4798-ba49-69fabc04fc51","2024-02-29 08:02:56",908,0,"",NA,TRUE,TRUE,TRUE,FALSE
"ESS/CDP/BK/5.Fri/CDP Job Plan Activity Detail.QVD","CDP Job Plan Activity Detail.QVD","-","3c6c1dc7-e49b-4798-ba49-69fabc04fc51","2024-03-01 00:18:27",907,0,"",NA,TRUE,TRUE,TRUE,FALSE
"ESS/CDP/BK/6.Sat/CDP Job Plan Activity Detail.QVD","CDP Job Plan Activity Detail.QVD","-","3c6c1dc7-e49b-4798-ba49-69fabc04fc51","2024-02-24 08:19:04",913,0,"",NA,TRUE,TRUE,TRUE,FALSE
"ESS/CDP/Delete/CDP Job Plan Activity Link.QVD","CDP Job Plan Activity Link.QVD","-","3c6c1dc7-e49b-4798-ba49-69fabc04fc51","2023-03-20 21:39:01",1254,0,"",NA,TRUE,TRUE,TRUE,FALSE
"ESS/CDP/BK/0.Sun/CDP Job Plan Activity.QVD","CDP Job Plan Activity.QVD","-","3c6c1dc7-e49b-4798-ba49-69fabc04fc51","2024-02-25 08:05:59",912,0,"",NA,TRUE,TRUE,TRUE,FALSE
"ESS/CDP/BK/1.Mon/CDP Job Plan Activity.QVD","CDP Job Plan Activity.QVD","-","3c6c1dc7-e49b-4798-ba49-69fabc04fc51","2024-03-04 08:54:39",904,0,"",NA,TRUE,TRUE,TRUE,FALSE
"ESS/CDP/BK/2.Tue/CDP Job Plan Activity.QVD","CDP Job Plan Activity.QVD","-","3c6c1dc7-e49b-4798-ba49-69fabc04fc51","2024-03-12 07:59:22",896,0,"",NA,TRUE,TRUE,TRUE,FALSE
"ESS/CDP/BK/3.Wed/CDP Job Plan Activity.QVD","CDP Job Plan Activity.QVD","-","3c6c1dc7-e49b-4798-ba49-69fabc04fc51","2024-03-12 23:52:04",896,0,"",NA,TRUE,TRUE,TRUE,FALSE
"ESS/CDP/BK/4.Thu/CDP Job Plan Activity.QVD","CDP Job Plan Activity.QVD","-","3c6c1dc7-e49b-4798-ba49-69fabc04fc51","2024-02-29 08:02:56",908,0,"",NA,TRUE,TRUE,TRUE,FALSE
"ESS/CDP/BK/5.Fri/CDP Job Plan Activity.QVD","CDP Job Plan Activity.QVD","-","3c6c1dc7-e49b-4798-ba49-69fabc04fc51","2024-03-01 00:18:26",907,0,"",NA,TRUE,TRUE,TRUE,FALSE
"ESS/CDP/BK/6.Sat/CDP Job Plan Activity.QVD","CDP Job Plan Activity.QVD","-","3c6c1dc7-e49b-4798-ba49-69fabc04fc51","2024-02-24 08:19:04",913,0,"",NA,TRUE,TRUE,TRUE,FALSE
"ESS/CDP/Delete/CDP Job Plan Assistance Link.QVD","CDP Job Plan Assistance Link.QVD","-","3c6c1dc7-e49b-4798-ba49-69fabc04fc51","2023-03-20 21:39:05",1254,0,"",NA,TRUE,TRUE,TRUE,FALSE
"ESS/CDP/BK/0.Sun/CDP Job Plan Assistance.QVD","CDP Job Plan Assistance.QVD","-","3c6c1dc7-e49b-4798-ba49-69fabc04fc51","2024-02-25 08:05:59",912,0,"",NA,TRUE,TRUE,TRUE,FALSE
"ESS/CDP/BK/1.Mon/CDP Job Plan Assistance.QVD","CDP Job Plan Assistance.QVD","-","3c6c1dc7-e49b-4798-ba49-69fabc04fc51","2024-03-04 08:54:40",904,0,"",NA,TRUE,TRUE,TRUE,FALSE
"ESS/CDP/BK/2.Tue/CDP Job Plan Assistance.QVD","CDP Job Plan Assistance.QVD","-","3c6c1dc7-e49b-4798-ba49-69fabc04fc51","2024-03-12 07:59:23",896,0,"",NA,TRUE,TRUE,TRUE,FALSE
"ESS/CDP/BK/3.Wed/CDP Job Plan Assistance.QVD","CDP Job Plan Assistance.QVD","-","3c6c1dc7-e49b-4798-ba49-69fabc04fc51","2024-03-12 23:52:06",896,0,"",NA,TRUE,TRUE,TRUE,FALSE
"ESS/CDP/BK/4.Thu/CDP Job Plan Assistance.QVD","CDP Job Plan Assistance.QVD","-","3c6c1dc7-e49b-4798-ba49-69fabc04fc51","2024-02-29 08:02:56",908,0,"",NA,TRUE,TRUE,TRUE,FALSE
"ESS/CDP/BK/5.Fri/CDP Job Plan Assistance.QVD","CDP Job Plan Assistance.QVD","-","3c6c1dc7-e49b-4798-ba49-69fabc04fc51","2024-03-01 00:18:27",907,0,"",NA,TRUE,TRUE,TRUE,FALSE
"ESS/CDP/BK/6.Sat/CDP Job Plan Assistance.QVD","CDP Job Plan Assistance.QVD","-","3c6c1dc7-e49b-4798-ba49-69fabc04fc51","2024-02-24 08:19:05",913,0,"",NA,TRUE,TRUE,TRUE,FALSE
"ESS/CDP/Delete/CDP Job Plan History_OBSOLETE.QVD","CDP Job Plan History_OBSOLETE.QVD","-","3c6c1dc7-e49b-4798-ba49-69fabc04fc51","2023-05-25 23:21:38",1188,0,"",NA,TRUE,TRUE,TRUE,FALSE
"ESS/CDP/Delete/CDP Job Plan History.QVD","CDP Job Plan History.QVD","-","3c6c1dc7-e49b-4798-ba49-69fabc04fc51","2023-05-01 23:07:41",1212,0,"",NA,TRUE,TRUE,TRUE,FALSE
"ESS/CDP/Delete/CDP Job Plan Item Detail_DELETE.QVD","CDP Job Plan Item Detail_DELETE.QVD","-","3c6c1dc7-e49b-4798-ba49-69fabc04fc51","2023-05-01 23:07:41",1212,0,"",NA,TRUE,TRUE,TRUE,FALSE
"ESS/CDP/Delete/CDP Job Plan Item Detail_OBSOLETE.QVD","CDP Job Plan Item Detail_OBSOLETE.QVD","-","3c6c1dc7-e49b-4798-ba49-69fabc04fc51","2023-05-05 06:36:05",1208,0,"",NA,TRUE,TRUE,TRUE,FALSE
"ESS/CDP/Delete/CDP Job Plan Item Detail.QVD","CDP Job Plan Item Detail.QVD","-","3c6c1dc7-e49b-4798-ba49-69fabc04fc51","2023-04-30 23:14:00",1213,0,"",NA,TRUE,TRUE,TRUE,FALSE
"ESS/CDP/Delete/CDP Job Plan Item_DELETE.QVD","CDP Job Plan Item_DELETE.QVD","-","3c6c1dc7-e49b-4798-ba49-69fabc04fc51","2023-05-01 23:07:41",1212,0,"",NA,TRUE,TRUE,TRUE,FALSE
"ESS/CDP/Delete/CDP Job Plan Item_OBSOLETE.QVD","CDP Job Plan Item_OBSOLETE.QVD","-","3c6c1dc7-e49b-4798-ba49-69fabc04fc51","2023-05-05 06:36:05",1208,0,"",NA,TRUE,TRUE,TRUE,FALSE
"ESS/CDP/Delete/CDP Job Plan Item.QVD","CDP Job Plan Item.QVD","-","3c6c1dc7-e49b-4798-ba49-69fabc04fc51","2023-04-30 23:14:00",1213,0,"",NA,TRUE,TRUE,TRUE,FALSE
"ESS/CDP/BK/0.Sun/CDP Job Plan.QVD","CDP Job Plan.QVD","-","3c6c1dc7-e49b-4798-ba49-69fabc04fc51","2024-02-25 08:05:58",912,0,"",NA,TRUE,TRUE,TRUE,FALSE
"ESS/CDP/BK/1.Mon/CDP Job Plan.QVD","CDP Job Plan.QVD","-","3c6c1dc7-e49b-4798-ba49-69fabc04fc51","2024-03-04 08:54:39",904,0,"",NA,TRUE,TRUE,TRUE,FALSE
"ESS/CDP/BK/2.Tue/CDP Job Plan.QVD","CDP Job Plan.QVD","-","3c6c1dc7-e49b-4798-ba49-69fabc04fc51","2024-03-12 07:59:22",896,0,"",NA,TRUE,TRUE,TRUE,FALSE
"ESS/CDP/BK/3.Wed/CDP Job Plan.QVD","CDP Job Plan.QVD","-","3c6c1dc7-e49b-4798-ba49-69fabc04fc51","2024-03-12 23:52:04",896,0,"",NA,TRUE,TRUE,TRUE,FALSE
"ESS/CDP/BK/4.Thu/CDP Job Plan.QVD","CDP Job Plan.QVD","-","3c6c1dc7-e49b-4798-ba49-69fabc04fc51","2024-02-29 08:02:55",908,0,"",NA,TRUE,TRUE,TRUE,FALSE
"ESS/CDP/BK/5.Fri/CDP Job Plan.QVD","CDP Job Plan.QVD","-","3c6c1dc7-e49b-4798-ba49-69fabc04fc51","2024-03-01 00:18:26",907,0,"",NA,TRUE,TRUE,TRUE,FALSE
"ESS/CDP/BK/6.Sat/CDP Job Plan.QVD","CDP Job Plan.QVD","-","3c6c1dc7-e49b-4798-ba49-69fabc04fc51","2024-02-24 08:19:04",913,0,"",NA,TRUE,TRUE,TRUE,FALSE
"ESS/CDP/BK/0.Sun/CDP Job Seeker Appointment.QVD","CDP Job Seeker Appointment.QVD","-","3c6c1dc7-e49b-4798-ba49-69fabc04fc51","2024-02-25 08:06:00",912,0,"",NA,TRUE,TRUE,TRUE,FALSE
"ESS/CDP/BK/1.Mon/CDP Job Seeker Appointment.QVD","CDP Job Seeker Appointment.QVD","-","3c6c1dc7-e49b-4798-ba49-69fabc04fc51","2024-03-04 08:54:40",904,0,"",NA,TRUE,TRUE,TRUE,FALSE
"ESS/CDP/BK/2.Tue/CDP Job Seeker Appointment.QVD","CDP Job Seeker Appointment.QVD","-","3c6c1dc7-e49b-4798-ba49-69fabc04fc51","2024-03-12 07:59:24",896,0,"",NA,TRUE,TRUE,TRUE,FALSE
"ESS/CDP/BK/3.Wed/CDP Job Seeker Appointment.QVD","CDP Job Seeker Appointment.QVD","-","3c6c1dc7-e49b-4798-ba49-69fabc04fc51","2024-03-12 23:52:06",896,0,"",NA,TRUE,TRUE,TRUE,FALSE
"ESS/CDP/BK/4.Thu/CDP Job Seeker Appointment.QVD","CDP Job Seeker Appointment.QVD","-","3c6c1dc7-e49b-4798-ba49-69fabc04fc51","2024-02-29 08:02:57",908,0,"",NA,TRUE,TRUE,TRUE,FALSE
"ESS/CDP/BK/5.Fri/CDP Job Seeker Appointment.QVD","CDP Job Seeker Appointment.QVD","-","3c6c1dc7-e49b-4798-ba49-69fabc04fc51","2024-03-01 00:18:28",907,0,"",NA,TRUE,TRUE,TRUE,FALSE
"ESS/CDP/BK/6.Sat/CDP Job Seeker Appointment.QVD","CDP Job Seeker Appointment.QVD","-","3c6c1dc7-e49b-4798-ba49-69fabc04fc51","2024-02-24 08:19:06",913,0,"",NA,TRUE,TRUE,TRUE,FALSE
"ESS/CDP/BK/0.Sun/CDP Job Seeker Assessment.QVD","CDP Job Seeker Assessment.QVD","-","3c6c1dc7-e49b-4798-ba49-69fabc04fc51","2024-02-25 08:06:00",912,0,"",NA,TRUE,TRUE,TRUE,FALSE
"ESS/CDP/BK/1.Mon/CDP Job Seeker Assessment.QVD","CDP Job Seeker Assessment.QVD","-","3c6c1dc7-e49b-4798-ba49-69fabc04fc51","2024-03-04 08:54:41",904,0,"",NA,TRUE,TRUE,TRUE,FALSE
"ESS/CDP/BK/2.Tue/CDP Job Seeker Assessment.QVD","CDP Job Seeker Assessment.QVD","-","3c6c1dc7-e49b-4798-ba49-69fabc04fc51","2024-03-12 07:59:24",896,0,"",NA,TRUE,TRUE,TRUE,FALSE
"ESS/CDP/BK/3.Wed/CDP Job Seeker Assessment.QVD","CDP Job Seeker Assessment.QVD","-","3c6c1dc7-e49b-4798-ba49-69fabc04fc51","2024-03-12 23:52:06",896,0,"",NA,TRUE,TRUE,TRUE,FALSE
"ESS/CDP/BK/4.Thu/CDP Job Seeker Assessment.QVD","CDP Job Seeker Assessment.QVD","-","3c6c1dc7-e49b-4798-ba49-69fabc04fc51","2024-02-29 08:02:58",908,0,"",NA,TRUE,TRUE,TRUE,FALSE
"ESS/CDP/BK/5.Fri/CDP Job Seeker Assessment.QVD","CDP Job Seeker Assessment.QVD","-","3c6c1dc7-e49b-4798-ba49-69fabc04fc51","2024-03-01 00:18:29",907,0,"",NA,TRUE,TRUE,TRUE,FALSE
"ESS/CDP/BK/6.Sat/CDP Job Seeker Assessment.QVD","CDP Job Seeker Assessment.QVD","-","3c6c1dc7-e49b-4798-ba49-69fabc04fc51","2024-02-24 08:19:06",913,0,"",NA,TRUE,TRUE,TRUE,FALSE
"ESS/CDP/BK/2.Tue/CDP Job Seeker At Event.QVD","CDP Job Seeker At Event.QVD","-","3c6c1dc7-e49b-4798-ba49-69fabc04fc51","2024-03-12 07:58:44",896,0,"",NA,TRUE,TRUE,TRUE,FALSE
"ESS/CDP/BK/3.Wed/CDP Job Seeker At Event.QVD","CDP Job Seeker At Event.QVD","-","3c6c1dc7-e49b-4798-ba49-69fabc04fc51","2024-03-12 23:51:27",896,0,"",NA,TRUE,TRUE,TRUE,FALSE
"ESS/CDP/BK/4.Thu/CDP Job Seeker At Event.QVD","CDP Job Seeker At Event.QVD","-","3c6c1dc7-e49b-4798-ba49-69fabc04fc51","2024-02-29 08:01:51",908,0,"",NA,TRUE,TRUE,TRUE,FALSE
"ESS/CDP/CDP Job Seeker At Event.QVD","CDP Job Seeker At Event.QVD","-","3c6c1dc7-e49b-4798-ba49-69fabc04fc51","2023-07-12 23:37:17",1140,0,"",NA,TRUE,TRUE,TRUE,FALSE
"ESS/CDP/Delete/CDP Job Seeker Characteristics Current.QVD","CDP Job Seeker Characteristics Current.QVD","-","3c6c1dc7-e49b-4798-ba49-69fabc04fc51","2023-03-22 23:30:02",1252,0,"",NA,TRUE,TRUE,TRUE,FALSE
"ESS/CDP/BK/0.Sun/CDP Job Seeker Characteristics.QVD","CDP Job Seeker Characteristics.QVD","-","3c6c1dc7-e49b-4798-ba49-69fabc04fc51","2024-02-25 08:06:01",912,0,"",NA,TRUE,TRUE,TRUE,FALSE
"ESS/CDP/BK/1.Mon/CDP Job Seeker Characteristics.QVD","CDP Job Seeker Characteristics.QVD","-","3c6c1dc7-e49b-4798-ba49-69fabc04fc51","2024-03-04 08:54:41",904,0,"",NA,TRUE,TRUE,TRUE,FALSE
"ESS/CDP/BK/2.Tue/CDP Job Seeker Characteristics.QVD","CDP Job Seeker Characteristics.QVD","-","3c6c1dc7-e49b-4798-ba49-69fabc04fc51","2024-03-12 07:59:24",896,0,"",NA,TRUE,TRUE,TRUE,FALSE
"ESS/CDP/BK/3.Wed/CDP Job Seeker Characteristics.QVD","CDP Job Seeker Characteristics.QVD","-","3c6c1dc7-e49b-4798-ba49-69fabc04fc51","2024-03-12 23:52:07",896,0,"",NA,TRUE,TRUE,TRUE,FALSE
"ESS/CDP/BK/4.Thu/CDP Job Seeker Characteristics.QVD","CDP Job Seeker Characteristics.QVD","-","3c6c1dc7-e49b-4798-ba49-69fabc04fc51","2024-02-29 08:02:58",908,0,"",NA,TRUE,TRUE,TRUE,FALSE
"ESS/CDP/BK/5.Fri/CDP Job Seeker Characteristics.QVD","CDP Job Seeker Characteristics.QVD","-","3c6c1dc7-e49b-4798-ba49-69fabc04fc51","2024-03-01 00:18:29",907,0,"",NA,TRUE,TRUE,TRUE,FALSE
"ESS/CDP/BK/6.Sat/CDP Job Seeker Characteristics.QVD","CDP Job Seeker Characteristics.QVD","-","3c6c1dc7-e49b-4798-ba49-69fabc04fc51","2024-02-24 08:19:06",913,0,"",NA,TRUE,TRUE,TRUE,FALSE
"ESS/CDP/Delete/CDP Job Seeker Current.QVD","CDP Job Seeker Current.QVD","-","3c6c1dc7-e49b-4798-ba49-69fabc04fc51","2023-03-22 23:30:02",1252,0,"",NA,TRUE,TRUE,TRUE,FALSE
"ESS/CDP/BK/2.Tue/CDP Job Seeker Diary.QVD","CDP Job Seeker Diary.QVD","-","3c6c1dc7-e49b-4798-ba49-69fabc04fc51","2024-03-12 07:58:44",896,0,"",NA,TRUE,TRUE,TRUE,FALSE
"ESS/CDP/BK/0.Sun/CDP Job Seeker Geocoded.QVD","CDP Job Seeker Geocoded.QVD","-","3c6c1dc7-e49b-4798-ba49-69fabc04fc51","2024-02-25 08:06:01",912,0,"",NA,TRUE,TRUE,TRUE,FALSE
"ESS/CDP/BK/1.Mon/CDP Job Seeker Geocoded.QVD","CDP Job Seeker Geocoded.QVD","-","3c6c1dc7-e49b-4798-ba49-69fabc04fc51","2024-03-04 08:54:42",904,0,"",NA,TRUE,TRUE,TRUE,FALSE
"ESS/CDP/BK/2.Tue/CDP Job Seeker Geocoded.QVD","CDP Job Seeker Geocoded.QVD","-","3c6c1dc7-e49b-4798-ba49-69fabc04fc51","2024-03-12 07:59:25",896,0,"",NA,TRUE,TRUE,TRUE,FALSE
"ESS/CDP/BK/3.Wed/CDP Job Seeker Geocoded.QVD","CDP Job Seeker Geocoded.QVD","-","3c6c1dc7-e49b-4798-ba49-69fabc04fc51","2024-03-12 23:52:08",896,0,"",NA,TRUE,TRUE,TRUE,FALSE
"ESS/CDP/BK/4.Thu/CDP Job Seeker Geocoded.QVD","CDP Job Seeker Geocoded.QVD","-","3c6c1dc7-e49b-4798-ba49-69fabc04fc51","2024-02-29 08:02:59",908,0,"",NA,TRUE,TRUE,TRUE,FALSE
"ESS/CDP/BK/5.Fri/CDP Job Seeker Geocoded.QVD","CDP Job Seeker Geocoded.QVD","-","3c6c1dc7-e49b-4798-ba49-69fabc04fc51","2024-03-01 00:18:30",907,0,"",NA,TRUE,TRUE,TRUE,FALSE
"ESS/CDP/BK/6.Sat/CDP Job Seeker Geocoded.QVD","CDP Job Seeker Geocoded.QVD","-","3c6c1dc7-e49b-4798-ba49-69fabc04fc51","2024-02-24 08:19:07",913,0,"",NA,TRUE,TRUE,TRUE,FALSE
"ESS/CDP/Delete/CDP Job Seeker Latest.QVD","CDP Job Seeker Latest.QVD","-","3c6c1dc7-e49b-4798-ba49-69fabc04fc51","2022-09-08 22:55:10",1447,0,"",NA,TRUE,TRUE,TRUE,FALSE
"ESS/CDP/BK/0.Sun/CDP Job Seeker.QVD","CDP Job Seeker.QVD","-","3c6c1dc7-e49b-4798-ba49-69fabc04fc51","2024-02-25 08:06:00",912,0,"",NA,TRUE,TRUE,TRUE,FALSE
"ESS/CDP/BK/1.Mon/CDP Job Seeker.QVD","CDP Job Seeker.QVD","-","3c6c1dc7-e49b-4798-ba49-69fabc04fc51","2024-03-04 08:54:40",904,0,"",NA,TRUE,TRUE,TRUE,FALSE
"ESS/CDP/BK/2.Tue/CDP Job Seeker.QVD","CDP Job Seeker.QVD","-","3c6c1dc7-e49b-4798-ba49-69fabc04fc51","2024-03-12 07:59:23",896,0,"",NA,TRUE,TRUE,TRUE,FALSE
"ESS/CDP/BK/3.Wed/CDP Job Seeker.QVD","CDP Job Seeker.QVD","-","3c6c1dc7-e49b-4798-ba49-69fabc04fc51","2024-03-12 23:52:06",896,0,"",NA,TRUE,TRUE,TRUE,FALSE
"ESS/CDP/BK/4.Thu/CDP Job Seeker.QVD","CDP Job Seeker.QVD","-","3c6c1dc7-e49b-4798-ba49-69fabc04fc51","2024-02-29 08:02:57",908,0,"",NA,TRUE,TRUE,TRUE,FALSE
"ESS/CDP/BK/5.Fri/CDP Job Seeker.QVD","CDP Job Seeker.QVD","-","3c6c1dc7-e49b-4798-ba49-69fabc04fc51","2024-03-01 00:18:28",907,0,"",NA,TRUE,TRUE,TRUE,FALSE
"ESS/CDP/BK/6.Sat/CDP Job Seeker.QVD","CDP Job Seeker.QVD","-","3c6c1dc7-e49b-4798-ba49-69fabc04fc51","2024-02-24 08:19:05",913,0,"",NA,TRUE,TRUE,TRUE,FALSE
"ESS/CDP/BK/0.Sun/CDP JSCI Classification Question & Response.QVD","CDP JSCI Classification Question & Response.QVD","-","3c6c1dc7-e49b-4798-ba49-69fabc04fc51","2024-02-25 08:06:07",912,0,"",NA,TRUE,TRUE,TRUE,FALSE
"ESS/CDP/BK/1.Mon/CDP JSCI Classification Question & Response.QVD","CDP JSCI Classification Question & Response.QVD","-","3c6c1dc7-e49b-4798-ba49-69fabc04fc51","2024-03-04 08:54:46",904,0,"",NA,TRUE,TRUE,TRUE,FALSE
"ESS/CDP/BK/2.Tue/CDP JSCI Classification Question & Response.QVD","CDP JSCI Classification Question & Response.QVD","-","3c6c1dc7-e49b-4798-ba49-69fabc04fc51","2024-03-12 07:59:29",896,0,"",NA,TRUE,TRUE,TRUE,FALSE
"ESS/CDP/BK/3.Wed/CDP JSCI Classification Question & Response.QVD","CDP JSCI Classification Question & Response.QVD","-","3c6c1dc7-e49b-4798-ba49-69fabc04fc51","2024-03-12 23:52:13",896,0,"",NA,TRUE,TRUE,TRUE,FALSE
"ESS/CDP/BK/4.Thu/CDP JSCI Classification Question & Response.QVD","CDP JSCI Classification Question & Response.QVD","-","3c6c1dc7-e49b-4798-ba49-69fabc04fc51","2024-02-29 08:03:03",908,0,"",NA,TRUE,TRUE,TRUE,FALSE
"ESS/CDP/BK/5.Fri/CDP JSCI Classification Question & Response.QVD","CDP JSCI Classification Question & Response.QVD","-","3c6c1dc7-e49b-4798-ba49-69fabc04fc51","2024-03-01 00:18:34",907,0,"",NA,TRUE,TRUE,TRUE,FALSE
"ESS/CDP/BK/6.Sat/CDP JSCI Classification Question & Response.QVD","CDP JSCI Classification Question & Response.QVD","-","3c6c1dc7-e49b-4798-ba49-69fabc04fc51","2024-02-24 08:19:11",913,0,"",NA,TRUE,TRUE,TRUE,FALSE
"ESS/CDP/Delete/CDP JSCI Classification Question.QVD","CDP JSCI Classification Question.QVD","-","3c6c1dc7-e49b-4798-ba49-69fabc04fc51","2023-04-18 23:28:30",1225,0,"",NA,TRUE,TRUE,TRUE,FALSE
"ESS/CDP/Delete/CDP JSCI Classification Response.QVD","CDP JSCI Classification Response.QVD","-","3c6c1dc7-e49b-4798-ba49-69fabc04fc51","2023-04-18 23:28:38",1225,0,"",NA,TRUE,TRUE,TRUE,FALSE
"ESS/CDP/BK/0.Sun/CDP JSCI Classification.QVD","CDP JSCI Classification.QVD","-","3c6c1dc7-e49b-4798-ba49-69fabc04fc51","2024-02-25 08:06:02",912,0,"",NA,TRUE,TRUE,TRUE,FALSE
"ESS/CDP/BK/1.Mon/CDP JSCI Classification.QVD","CDP JSCI Classification.QVD","-","3c6c1dc7-e49b-4798-ba49-69fabc04fc51","2024-03-04 08:54:42",904,0,"",NA,TRUE,TRUE,TRUE,FALSE
"ESS/CDP/BK/2.Tue/CDP JSCI Classification.QVD","CDP JSCI Classification.QVD","-","3c6c1dc7-e49b-4798-ba49-69fabc04fc51","2024-03-12 07:59:25",896,0,"",NA,TRUE,TRUE,TRUE,FALSE
"ESS/CDP/BK/3.Wed/CDP JSCI Classification.QVD","CDP JSCI Classification.QVD","-","3c6c1dc7-e49b-4798-ba49-69fabc04fc51","2024-03-12 23:52:08",896,0,"",NA,TRUE,TRUE,TRUE,FALSE
"ESS/CDP/BK/4.Thu/CDP JSCI Classification.QVD","CDP JSCI Classification.QVD","-","3c6c1dc7-e49b-4798-ba49-69fabc04fc51","2024-02-29 08:02:59",908,0,"",NA,TRUE,TRUE,TRUE,FALSE
"ESS/CDP/BK/5.Fri/CDP JSCI Classification.QVD","CDP JSCI Classification.QVD","-","3c6c1dc7-e49b-4798-ba49-69fabc04fc51","2024-03-01 00:18:30",907,0,"",NA,TRUE,TRUE,TRUE,FALSE
"ESS/CDP/BK/6.Sat/CDP JSCI Classification.QVD","CDP JSCI Classification.QVD","-","3c6c1dc7-e49b-4798-ba49-69fabc04fc51","2024-02-24 08:19:07",913,0,"",NA,TRUE,TRUE,TRUE,FALSE
"ESS/CDP/Delete/CDP Organisation Current.QVD","CDP Organisation Current.QVD","-","3c6c1dc7-e49b-4798-ba49-69fabc04fc51","2023-03-22 23:30:02",1252,0,"",NA,TRUE,TRUE,TRUE,FALSE
"ESS/CDP/BK/0.Sun/CDP Organisation.QVD","CDP Organisation.QVD","-","3c6c1dc7-e49b-4798-ba49-69fabc04fc51","2024-02-25 08:06:08",912,0,"",NA,TRUE,TRUE,TRUE,FALSE
"ESS/CDP/BK/1.Mon/CDP Organisation.QVD","CDP Organisation.QVD","-","3c6c1dc7-e49b-4798-ba49-69fabc04fc51","2024-03-04 08:54:47",904,0,"",NA,TRUE,TRUE,TRUE,FALSE
"ESS/CDP/BK/2.Tue/CDP Organisation.QVD","CDP Organisation.QVD","-","3c6c1dc7-e49b-4798-ba49-69fabc04fc51","2024-03-12 07:59:30",896,0,"",NA,TRUE,TRUE,TRUE,FALSE
"ESS/CDP/BK/3.Wed/CDP Organisation.QVD","CDP Organisation.QVD","-","3c6c1dc7-e49b-4798-ba49-69fabc04fc51","2024-03-12 23:52:14",896,0,"",NA,TRUE,TRUE,TRUE,FALSE
"ESS/CDP/BK/4.Thu/CDP Organisation.QVD","CDP Organisation.QVD","-","3c6c1dc7-e49b-4798-ba49-69fabc04fc51","2024-02-29 08:03:04",908,0,"",NA,TRUE,TRUE,TRUE,FALSE
"ESS/CDP/BK/5.Fri/CDP Organisation.QVD","CDP Organisation.QVD","-","3c6c1dc7-e49b-4798-ba49-69fabc04fc51","2024-03-01 00:18:35",907,0,"",NA,TRUE,TRUE,TRUE,FALSE
"ESS/CDP/BK/6.Sat/CDP Organisation.QVD","CDP Organisation.QVD","-","3c6c1dc7-e49b-4798-ba49-69fabc04fc51","2024-02-24 08:19:12",913,0,"",NA,TRUE,TRUE,TRUE,FALSE
"ESS/CDP/BK/0.Sun/CDP PPR Result History.QVD","CDP PPR Result History.QVD","-","3c6c1dc7-e49b-4798-ba49-69fabc04fc51","2024-02-25 08:06:08",912,0,"",NA,TRUE,TRUE,TRUE,FALSE
"ESS/CDP/BK/1.Mon/CDP PPR Result History.QVD","CDP PPR Result History.QVD","-","3c6c1dc7-e49b-4798-ba49-69fabc04fc51","2024-03-04 08:54:47",904,0,"",NA,TRUE,TRUE,TRUE,FALSE
"ESS/CDP/BK/2.Tue/CDP PPR Result History.QVD","CDP PPR Result History.QVD","-","3c6c1dc7-e49b-4798-ba49-69fabc04fc51","2024-03-12 07:59:30",896,0,"",NA,TRUE,TRUE,TRUE,FALSE
"ESS/CDP/BK/3.Wed/CDP PPR Result History.QVD","CDP PPR Result History.QVD","-","3c6c1dc7-e49b-4798-ba49-69fabc04fc51","2024-03-12 23:52:14",896,0,"",NA,TRUE,TRUE,TRUE,FALSE
"ESS/CDP/BK/4.Thu/CDP PPR Result History.QVD","CDP PPR Result History.QVD","-","3c6c1dc7-e49b-4798-ba49-69fabc04fc51","2024-02-29 08:03:04",908,0,"",NA,TRUE,TRUE,TRUE,FALSE
"ESS/CDP/BK/5.Fri/CDP PPR Result History.QVD","CDP PPR Result History.QVD","-","3c6c1dc7-e49b-4798-ba49-69fabc04fc51","2024-03-01 00:18:35",907,0,"",NA,TRUE,TRUE,TRUE,FALSE
"ESS/CDP/BK/6.Sat/CDP PPR Result History.QVD","CDP PPR Result History.QVD","-","3c6c1dc7-e49b-4798-ba49-69fabc04fc51","2024-02-24 08:19:12",913,0,"",NA,TRUE,TRUE,TRUE,FALSE
"ESS/CDP/BK/0.Sun/CDP Region.QVD","CDP Region.QVD","-","3c6c1dc7-e49b-4798-ba49-69fabc04fc51","2024-02-25 08:06:08",912,0,"",NA,TRUE,TRUE,TRUE,FALSE
"ESS/CDP/BK/1.Mon/CDP Region.QVD","CDP Region.QVD","-","3c6c1dc7-e49b-4798-ba49-69fabc04fc51","2024-03-04 08:54:47",904,0,"",NA,TRUE,TRUE,TRUE,FALSE
"ESS/CDP/BK/2.Tue/CDP Region.QVD","CDP Region.QVD","-","3c6c1dc7-e49b-4798-ba49-69fabc04fc51","2024-03-12 07:59:30",896,0,"",NA,TRUE,TRUE,TRUE,FALSE
"ESS/CDP/BK/3.Wed/CDP Region.QVD","CDP Region.QVD","-","3c6c1dc7-e49b-4798-ba49-69fabc04fc51","2024-03-12 23:52:14",896,0,"",NA,TRUE,TRUE,TRUE,FALSE
"ESS/CDP/BK/4.Thu/CDP Region.QVD","CDP Region.QVD","-","3c6c1dc7-e49b-4798-ba49-69fabc04fc51","2024-02-29 08:03:04",908,0,"",NA,TRUE,TRUE,TRUE,FALSE
"ESS/CDP/BK/5.Fri/CDP Region.QVD","CDP Region.QVD","-","3c6c1dc7-e49b-4798-ba49-69fabc04fc51","2024-03-01 00:18:35",907,0,"",NA,TRUE,TRUE,TRUE,FALSE
"ESS/CDP/BK/6.Sat/CDP Region.QVD","CDP Region.QVD","-","3c6c1dc7-e49b-4798-ba49-69fabc04fc51","2024-02-24 08:19:12",913,0,"",NA,TRUE,TRUE,TRUE,FALSE
"ESS/CDP/Delete/CDP Site Contract Current.QVD","CDP Site Contract Current.QVD","-","3c6c1dc7-e49b-4798-ba49-69fabc04fc51","2023-03-22 23:30:02",1252,0,"",NA,TRUE,TRUE,TRUE,FALSE
"ESS/CDP/BK/0.Sun/CDP Site Contract.QVD","CDP Site Contract.QVD","-","3c6c1dc7-e49b-4798-ba49-69fabc04fc51","2024-02-25 08:06:08",912,0,"",NA,TRUE,TRUE,TRUE,FALSE
"ESS/CDP/BK/1.Mon/CDP Site Contract.QVD","CDP Site Contract.QVD","-","3c6c1dc7-e49b-4798-ba49-69fabc04fc51","2024-03-04 08:54:47",904,0,"",NA,TRUE,TRUE,TRUE,FALSE
"ESS/CDP/BK/2.Tue/CDP Site Contract.QVD","CDP Site Contract.QVD","-","3c6c1dc7-e49b-4798-ba49-69fabc04fc51","2024-03-12 07:59:30",896,0,"",NA,TRUE,TRUE,TRUE,FALSE
"ESS/CDP/BK/3.Wed/CDP Site Contract.QVD","CDP Site Contract.QVD","-","3c6c1dc7-e49b-4798-ba49-69fabc04fc51","2024-03-12 23:52:14",896,0,"",NA,TRUE,TRUE,TRUE,FALSE
"ESS/CDP/BK/4.Thu/CDP Site Contract.QVD","CDP Site Contract.QVD","-","3c6c1dc7-e49b-4798-ba49-69fabc04fc51","2024-02-29 08:03:04",908,0,"",NA,TRUE,TRUE,TRUE,FALSE
"ESS/CDP/BK/5.Fri/CDP Site Contract.QVD","CDP Site Contract.QVD","-","3c6c1dc7-e49b-4798-ba49-69fabc04fc51","2024-03-01 00:18:35",907,0,"",NA,TRUE,TRUE,TRUE,FALSE
"ESS/CDP/BK/6.Sat/CDP Site Contract.QVD","CDP Site Contract.QVD","-","3c6c1dc7-e49b-4798-ba49-69fabc04fc51","2024-02-24 08:19:12",913,0,"",NA,TRUE,TRUE,TRUE,FALSE
"ESS/CDP/Delete/CDP TOWD.QVD","CDP TOWD.QVD","-","3c6c1dc7-e49b-4798-ba49-69fabc04fc51","2023-05-11 06:35:10",1202,0,"",NA,TRUE,TRUE,TRUE,FALSE
"ESS/CDP/BK/0.Sun/CDP Vacancy Referral.QVD","CDP Vacancy Referral.QVD","-","3c6c1dc7-e49b-4798-ba49-69fabc04fc51","2024-02-25 08:06:08",912,0,"",NA,TRUE,TRUE,TRUE,FALSE
"ESS/CDP/BK/1.Mon/CDP Vacancy Referral.QVD","CDP Vacancy Referral.QVD","-","3c6c1dc7-e49b-4798-ba49-69fabc04fc51","2024-03-04 08:54:48",904,0,"",NA,TRUE,TRUE,TRUE,FALSE
"ESS/CDP/BK/2.Tue/CDP Vacancy Referral.QVD","CDP Vacancy Referral.QVD","-","3c6c1dc7-e49b-4798-ba49-69fabc04fc51","2024-03-12 07:59:31",896,0,"",NA,TRUE,TRUE,TRUE,FALSE
"ESS/CDP/BK/3.Wed/CDP Vacancy Referral.QVD","CDP Vacancy Referral.QVD","-","3c6c1dc7-e49b-4798-ba49-69fabc04fc51","2024-03-12 23:52:15",896,0,"",NA,TRUE,TRUE,TRUE,FALSE
"ESS/CDP/BK/4.Thu/CDP Vacancy Referral.QVD","CDP Vacancy Referral.QVD","-","3c6c1dc7-e49b-4798-ba49-69fabc04fc51","2024-02-29 08:03:05",908,0,"",NA,TRUE,TRUE,TRUE,FALSE
"ESS/CDP/BK/5.Fri/CDP Vacancy Referral.QVD","CDP Vacancy Referral.QVD","-","3c6c1dc7-e49b-4798-ba49-69fabc04fc51","2024-03-01 00:18:36",907,0,"",NA,TRUE,TRUE,TRUE,FALSE
"ESS/CDP/BK/6.Sat/CDP Vacancy Referral.QVD","CDP Vacancy Referral.QVD","-","3c6c1dc7-e49b-4798-ba49-69fabc04fc51","2024-02-24 08:19:13",913,0,"",NA,TRUE,TRUE,TRUE,FALSE
"ESS/CDP/BK/0.Sun/CDP Vacancy.QVD","CDP Vacancy.QVD","-","3c6c1dc7-e49b-4798-ba49-69fabc04fc51","2024-02-25 08:06:08",912,0,"",NA,TRUE,TRUE,TRUE,FALSE
"ESS/CDP/BK/1.Mon/CDP Vacancy.QVD","CDP Vacancy.QVD","-","3c6c1dc7-e49b-4798-ba49-69fabc04fc51","2024-03-04 08:54:47",904,0,"",NA,TRUE,TRUE,TRUE,FALSE
"ESS/CDP/BK/2.Tue/CDP Vacancy.QVD","CDP Vacancy.QVD","-","3c6c1dc7-e49b-4798-ba49-69fabc04fc51","2024-03-12 07:59:31",896,0,"",NA,TRUE,TRUE,TRUE,FALSE
"ESS/CDP/BK/3.Wed/CDP Vacancy.QVD","CDP Vacancy.QVD","-","3c6c1dc7-e49b-4798-ba49-69fabc04fc51","2024-03-12 23:52:14",896,0,"",NA,TRUE,TRUE,TRUE,FALSE
"ESS/CDP/BK/4.Thu/CDP Vacancy.QVD","CDP Vacancy.QVD","-","3c6c1dc7-e49b-4798-ba49-69fabc04fc51","2024-02-29 08:03:04",908,0,"",NA,TRUE,TRUE,TRUE,FALSE
"ESS/CDP/BK/5.Fri/CDP Vacancy.QVD","CDP Vacancy.QVD","-","3c6c1dc7-e49b-4798-ba49-69fabc04fc51","2024-03-01 00:18:36",907,0,"",NA,TRUE,TRUE,TRUE,FALSE
"ESS/CDP/BK/6.Sat/CDP Vacancy.QVD","CDP Vacancy.QVD","-","3c6c1dc7-e49b-4798-ba49-69fabc04fc51","2024-02-24 08:19:13",913,0,"",NA,TRUE,TRUE,TRUE,FALSE
"ESS/IEP/Snapshots/CDP_Contract_Referral_Placement_20200930.QVD","CDP_Contract_Referral_Placement_20200930.QVD","-","3c6c1dc7-e49b-4798-ba49-69fabc04fc51","2021-11-02 22:30:58",1757,0,"",NA,TRUE,TRUE,TRUE,FALSE
"ESS/IEP/Snapshots/CDP_Contract_Referral_Placement_20201031.QVD","CDP_Contract_Referral_Placement_20201031.QVD","-","3c6c1dc7-e49b-4798-ba49-69fabc04fc51","2021-11-02 22:30:52",1757,0,"",NA,TRUE,TRUE,TRUE,FALSE
"ESS/IEP/Snapshots/CDP_Contract_Referral_Placement_20201130.QVD","CDP_Contract_Referral_Placement_20201130.QVD","-","3c6c1dc7-e49b-4798-ba49-69fabc04fc51","2021-11-02 22:30:47",1757,0,"",NA,TRUE,TRUE,TRUE,FALSE
"ESS/IEP/Snapshots/CDP_Contract_Referral_Placement_20201231.QVD","CDP_Contract_Referral_Placement_20201231.QVD","-","3c6c1dc7-e49b-4798-ba49-69fabc04fc51","2021-11-02 22:30:41",1757,0,"",NA,TRUE,TRUE,TRUE,FALSE
"ESS/IEP/Snapshots/CDP_Contract_Referral_Placement_20210131.QVD","CDP_Contract_Referral_Placement_20210131.QVD","-","3c6c1dc7-e49b-4798-ba49-69fabc04fc51","2021-11-02 22:30:36",1757,0,"",NA,TRUE,TRUE,TRUE,FALSE
"ESS/IEP/Snapshots/CDP_Contract_Referral_Placement_20210228.QVD","CDP_Contract_Referral_Placement_20210228.QVD","-","3c6c1dc7-e49b-4798-ba49-69fabc04fc51","2021-11-02 22:30:30",1757,0,"",NA,TRUE,TRUE,TRUE,FALSE
"ESS/IEP/Snapshots/CDP_Contract_Referral_Placement_20210331.QVD","CDP_Contract_Referral_Placement_20210331.QVD","-","3c6c1dc7-e49b-4798-ba49-69fabc04fc51","2021-11-02 22:30:24",1757,0,"",NA,TRUE,TRUE,TRUE,FALSE
"ESS/IEP/Snapshots/CDP_Contract_Referral_Placement_20210430.QVD","CDP_Contract_Referral_Placement_20210430.QVD","-","3c6c1dc7-e49b-4798-ba49-69fabc04fc51","2021-11-02 22:30:18",1757,0,"",NA,TRUE,TRUE,TRUE,FALSE
"ESS/IEP/Snapshots/CDP_Contract_Referral_Placement_20210531.QVD","CDP_Contract_Referral_Placement_20210531.QVD","-","3c6c1dc7-e49b-4798-ba49-69fabc04fc51","2021-11-02 22:30:12",1757,0,"",NA,TRUE,TRUE,TRUE,FALSE
"ESS/IEP/Snapshots/CDP_Contract_Referral_Placement_20210630.QVD","CDP_Contract_Referral_Placement_20210630.QVD","-","3c6c1dc7-e49b-4798-ba49-69fabc04fc51","2021-11-02 22:30:06",1757,0,"",NA,TRUE,TRUE,TRUE,FALSE
"ESS/IEP/Snapshots/CDP_Contract_Referral_Placement_20210731.QVD","CDP_Contract_Referral_Placement_20210731.QVD","-","3c6c1dc7-e49b-4798-ba49-69fabc04fc51","2021-11-02 22:29:58",1757,0,"",NA,TRUE,TRUE,TRUE,FALSE
"ESS/IEP/Snapshots/CDP_Contract_Referral_Placement_20210831.QVD","CDP_Contract_Referral_Placement_20210831.QVD","-","3c6c1dc7-e49b-4798-ba49-69fabc04fc51","2021-11-02 22:29:53",1757,0,"",NA,TRUE,TRUE,TRUE,FALSE
"ESS/IEP/Snapshots/CDP_Contract_Referral_Placement_20210930.QVD","CDP_Contract_Referral_Placement_20210930.QVD","-","3c6c1dc7-e49b-4798-ba49-69fabc04fc51","2021-11-02 22:29:47",1757,0,"",NA,TRUE,TRUE,TRUE,FALSE
"ESS/IEP/Snapshots/CDP_Contract_Referral_Placement_20211031.QVD","CDP_Contract_Referral_Placement_20211031.QVD","-","3c6c1dc7-e49b-4798-ba49-69fabc04fc51","2021-11-02 22:29:41",1757,0,"",NA,TRUE,TRUE,TRUE,FALSE
"ESS/IEP/Snapshots/CDP_Contract_Referral_Placement_20211130.QVD","CDP_Contract_Referral_Placement_20211130.QVD","-","3c6c1dc7-e49b-4798-ba49-69fabc04fc51","2021-12-01 07:12:47",1728,0,"",NA,TRUE,TRUE,TRUE,FALSE
"ESS/IEP/Snapshots/CDP_Contract_Referral_Placement_20220131.QVD","CDP_Contract_Referral_Placement_20220131.QVD","-","3c6c1dc7-e49b-4798-ba49-69fabc04fc51","2022-02-01 06:57:25",1666,0,"",NA,TRUE,TRUE,TRUE,FALSE
"ESS/IEP/Snapshots/CDP_Contract_Referral_Placement_20220228.QVD","CDP_Contract_Referral_Placement_20220228.QVD","-","3c6c1dc7-e49b-4798-ba49-69fabc04fc51","2024-03-04 04:57:50",904,0,"",NA,TRUE,TRUE,TRUE,FALSE
"ESS/IEP/Snapshots/CDP_Contract_Referral_Placement_20220331.QVD","CDP_Contract_Referral_Placement_20220331.QVD","-","3c6c1dc7-e49b-4798-ba49-69fabc04fc51","2024-03-04 04:57:46",904,0,"",NA,TRUE,TRUE,TRUE,FALSE
"ESS/IEP/Snapshots/CDP_Contract_Referral_Placement_20220430.QVD","CDP_Contract_Referral_Placement_20220430.QVD","-","3c6c1dc7-e49b-4798-ba49-69fabc04fc51","2024-03-04 04:57:43",904,0,"",NA,TRUE,TRUE,TRUE,FALSE
"ESS/IEP/Snapshots/CDP_Contract_Referral_Placement_20220531.QVD","CDP_Contract_Referral_Placement_20220531.QVD","-","3c6c1dc7-e49b-4798-ba49-69fabc04fc51","2024-03-04 04:57:40",904,0,"",NA,TRUE,TRUE,TRUE,FALSE
"ESS/IEP/Snapshots/CDP_Contract_Referral_Placement_20220630.QVD","CDP_Contract_Referral_Placement_20220630.QVD","-","3c6c1dc7-e49b-4798-ba49-69fabc04fc51","2024-03-04 04:57:36",904,0,"",NA,TRUE,TRUE,TRUE,FALSE
"ESS/IEP/Snapshots/CDP_Contract_Referral_Placement_20220731.QVD","CDP_Contract_Referral_Placement_20220731.QVD","-","3c6c1dc7-e49b-4798-ba49-69fabc04fc51","2024-03-04 04:57:33",904,0,"",NA,TRUE,TRUE,TRUE,FALSE
"ESS/IEP/Snapshots/CDP_Contract_Referral_Placement_20220831.QVD","CDP_Contract_Referral_Placement_20220831.QVD","-","3c6c1dc7-e49b-4798-ba49-69fabc04fc51","2024-03-04 04:57:30",904,0,"",NA,TRUE,TRUE,TRUE,FALSE
"ESS/IEP/Snapshots/CDP_Contract_Referral_Placement_20220930.QVD","CDP_Contract_Referral_Placement_20220930.QVD","-","3c6c1dc7-e49b-4798-ba49-69fabc04fc51","2024-03-04 04:57:26",904,0,"",NA,TRUE,TRUE,TRUE,FALSE
"ESS/IEP/Snapshots/CDP_Contract_Referral_Placement_20221031.QVD","CDP_Contract_Referral_Placement_20221031.QVD","-","3c6c1dc7-e49b-4798-ba49-69fabc04fc51","2024-03-04 04:57:23",904,0,"",NA,TRUE,TRUE,TRUE,FALSE
"ESS/IEP/Snapshots/CDP_Contract_Referral_Placement_20221130.QVD","CDP_Contract_Referral_Placement_20221130.QVD","-","3c6c1dc7-e49b-4798-ba49-69fabc04fc51","2024-03-04 04:57:19",904,0,"",NA,TRUE,TRUE,TRUE,FALSE
"ESS/IEP/Snapshots/CDP_Contract_Referral_Placement_20221231.QVD","CDP_Contract_Referral_Placement_20221231.QVD","-","3c6c1dc7-e49b-4798-ba49-69fabc04fc51","2024-03-04 04:57:16",904,0,"",NA,TRUE,TRUE,TRUE,FALSE
"ESS/IEP/Snapshots/CDP_Contract_Referral_Placement_20230131.QVD","CDP_Contract_Referral_Placement_20230131.QVD","-","3c6c1dc7-e49b-4798-ba49-69fabc04fc51","2024-03-04 04:57:12",904,0,"",NA,TRUE,TRUE,TRUE,FALSE
"ESS/IEP/Snapshots/CDP_Contract_Referral_Placement_20230228.QVD","CDP_Contract_Referral_Placement_20230228.QVD","-","3c6c1dc7-e49b-4798-ba49-69fabc04fc51","2024-03-04 04:57:09",904,0,"",NA,TRUE,TRUE,TRUE,FALSE
"ESS/IEP/Snapshots/CDP_Contract_Referral_Placement_20230331.QVD","CDP_Contract_Referral_Placement_20230331.QVD","-","3c6c1dc7-e49b-4798-ba49-69fabc04fc51","2024-03-04 04:57:05",904,0,"",NA,TRUE,TRUE,TRUE,FALSE
"ESS/IEP/Snapshots/CDP_Contract_Referral_Placement_20230430.QVD","CDP_Contract_Referral_Placement_20230430.QVD","-","3c6c1dc7-e49b-4798-ba49-69fabc04fc51","2024-03-04 04:57:01",904,0,"",NA,TRUE,TRUE,TRUE,FALSE
"ESS/IEP/Snapshots/CDP_Contract_Referral_Placement_20230531.QVD","CDP_Contract_Referral_Placement_20230531.QVD","-","3c6c1dc7-e49b-4798-ba49-69fabc04fc51","2024-03-04 04:56:57",904,0,"",NA,TRUE,TRUE,TRUE,FALSE
"ESS/IEP/Snapshots/CDP_Contract_Referral_Placement_20230630.QVD","CDP_Contract_Referral_Placement_20230630.QVD","-","3c6c1dc7-e49b-4798-ba49-69fabc04fc51","2024-03-04 04:56:54",904,0,"",NA,TRUE,TRUE,TRUE,FALSE
"ESS/IEP/Snapshots/CDP_Contract_Referral_Placement_20230731.QVD","CDP_Contract_Referral_Placement_20230731.QVD","-","3c6c1dc7-e49b-4798-ba49-69fabc04fc51","2024-03-04 04:56:50",904,0,"",NA,TRUE,TRUE,TRUE,FALSE
"ESS/IEP/Snapshots/CDP_Contract_Referral_Placement_20230831.QVD","CDP_Contract_Referral_Placement_20230831.QVD","-","3c6c1dc7-e49b-4798-ba49-69fabc04fc51","2024-03-04 04:56:46",904,0,"",NA,TRUE,TRUE,TRUE,FALSE
"ESS/IEP/Snapshots/CDP_Contract_Referral_Placement_20230930.QVD","CDP_Contract_Referral_Placement_20230930.QVD","-","3c6c1dc7-e49b-4798-ba49-69fabc04fc51","2024-03-04 04:56:42",904,0,"",NA,TRUE,TRUE,TRUE,FALSE
"ESS/IEP/Snapshots/CDP_Contract_Referral_Placement_20231031.QVD","CDP_Contract_Referral_Placement_20231031.QVD","-","3c6c1dc7-e49b-4798-ba49-69fabc04fc51","2024-03-04 04:56:39",904,0,"",NA,TRUE,TRUE,TRUE,FALSE
"ESS/IEP/Snapshots/CDP_Contract_Referral_Placement_20231130.QVD","CDP_Contract_Referral_Placement_20231130.QVD","-","3c6c1dc7-e49b-4798-ba49-69fabc04fc51","2024-03-04 04:56:36",904,0,"",NA,TRUE,TRUE,TRUE,FALSE
"ESS/IEP/Snapshots/CDP_Contract_Referral_Placement_20231231.QVD","CDP_Contract_Referral_Placement_20231231.QVD","-","3c6c1dc7-e49b-4798-ba49-69fabc04fc51","2024-03-04 04:56:33",904,0,"",NA,TRUE,TRUE,TRUE,FALSE
"ESS/IEP/Snapshots/CDP_Contract_Referral_Placement_20240131.QVD","CDP_Contract_Referral_Placement_20240131.QVD","-","3c6c1dc7-e49b-4798-ba49-69fabc04fc51","2024-03-04 04:56:29",904,0,"",NA,TRUE,TRUE,TRUE,FALSE
"ESS/IEP/Snapshots/CDP_Contract_Referral_Placement_20240229.QVD","CDP_Contract_Referral_Placement_20240229.QVD","-","3c6c1dc7-e49b-4798-ba49-69fabc04fc51","2024-03-04 04:56:26",904,0,"",NA,TRUE,TRUE,TRUE,FALSE
"ESS/IEP/BK/0.Sun/CDP_Contract_Referral_Placement.QVD","CDP_Contract_Referral_Placement.QVD","-","3c6c1dc7-e49b-4798-ba49-69fabc04fc51","2024-02-25 08:06:10",912,0,"",NA,TRUE,TRUE,TRUE,FALSE
"ESS/IEP/BK/1.Mon/CDP_Contract_Referral_Placement.QVD","CDP_Contract_Referral_Placement.QVD","-","3c6c1dc7-e49b-4798-ba49-69fabc04fc51","2024-03-04 08:54:49",904,0,"",NA,TRUE,TRUE,TRUE,FALSE
"ESS/IEP/BK/2.Tue/CDP_Contract_Referral_Placement.QVD","CDP_Contract_Referral_Placement.QVD","-","3c6c1dc7-e49b-4798-ba49-69fabc04fc51","2024-03-12 07:59:33",896,0,"",NA,TRUE,TRUE,TRUE,FALSE
"ESS/IEP/BK/3.Wed/CDP_Contract_Referral_Placement.QVD","CDP_Contract_Referral_Placement.QVD","-","3c6c1dc7-e49b-4798-ba49-69fabc04fc51","2024-03-12 23:52:16",896,0,"",NA,TRUE,TRUE,TRUE,FALSE
"ESS/IEP/BK/4.Thu/CDP_Contract_Referral_Placement.QVD","CDP_Contract_Referral_Placement.QVD","-","3c6c1dc7-e49b-4798-ba49-69fabc04fc51","2024-02-29 08:03:07",908,0,"",NA,TRUE,TRUE,TRUE,FALSE
"ESS/IEP/BK/5.Fri/CDP_Contract_Referral_Placement.QVD","CDP_Contract_Referral_Placement.QVD","-","3c6c1dc7-e49b-4798-ba49-69fabc04fc51","2024-03-01 00:18:38",907,0,"",NA,TRUE,TRUE,TRUE,FALSE
"ESS/IEP/BK/6.Sat/CDP_Contract_Referral_Placement.QVD","CDP_Contract_Referral_Placement.QVD","-","3c6c1dc7-e49b-4798-ba49-69fabc04fc51","2024-02-24 08:19:15",913,0,"",NA,TRUE,TRUE,TRUE,FALSE
"ESS/IEP/Snapshots/CDP_Job_Seeker_20200930.QVD","CDP_Job_Seeker_20200930.QVD","-","3c6c1dc7-e49b-4798-ba49-69fabc04fc51","2021-12-01 06:20:32",1728,0,"",NA,TRUE,TRUE,TRUE,FALSE
"ESS/IEP/Snapshots/CDP_Job_Seeker_20201031.QVD","CDP_Job_Seeker_20201031.QVD","-","3c6c1dc7-e49b-4798-ba49-69fabc04fc51","2021-12-01 06:20:32",1728,0,"",NA,TRUE,TRUE,TRUE,FALSE
"ESS/IEP/Snapshots/CDP_Job_Seeker_20201130.QVD","CDP_Job_Seeker_20201130.QVD","-","3c6c1dc7-e49b-4798-ba49-69fabc04fc51","2021-12-01 06:20:31",1728,0,"",NA,TRUE,TRUE,TRUE,FALSE
"ESS/IEP/Snapshots/CDP_Job_Seeker_20201231.QVD","CDP_Job_Seeker_20201231.QVD","-","3c6c1dc7-e49b-4798-ba49-69fabc04fc51","2021-12-01 06:20:30",1728,0,"",NA,TRUE,TRUE,TRUE,FALSE
"ESS/IEP/Snapshots/CDP_Job_Seeker_20210131.QVD","CDP_Job_Seeker_20210131.QVD","-","3c6c1dc7-e49b-4798-ba49-69fabc04fc51","2021-12-01 06:20:30",1728,0,"",NA,TRUE,TRUE,TRUE,FALSE
"ESS/IEP/Snapshots/CDP_Job_Seeker_20210228.QVD","CDP_Job_Seeker_20210228.QVD","-","3c6c1dc7-e49b-4798-ba49-69fabc04fc51","2021-12-01 06:20:29",1728,0,"",NA,TRUE,TRUE,TRUE,FALSE
"ESS/IEP/Snapshots/CDP_Job_Seeker_20210331.QVD","CDP_Job_Seeker_20210331.QVD","-","3c6c1dc7-e49b-4798-ba49-69fabc04fc51","2021-12-01 06:20:28",1728,0,"",NA,TRUE,TRUE,TRUE,FALSE
"ESS/IEP/Snapshots/CDP_Job_Seeker_20210430.QVD","CDP_Job_Seeker_20210430.QVD","-","3c6c1dc7-e49b-4798-ba49-69fabc04fc51","2021-12-01 06:20:27",1728,0,"",NA,TRUE,TRUE,TRUE,FALSE
"ESS/IEP/Snapshots/CDP_Job_Seeker_20210531.QVD","CDP_Job_Seeker_20210531.QVD","-","3c6c1dc7-e49b-4798-ba49-69fabc04fc51","2021-12-01 06:20:27",1728,0,"",NA,TRUE,TRUE,TRUE,FALSE
"ESS/IEP/Snapshots/CDP_Job_Seeker_20210630.QVD","CDP_Job_Seeker_20210630.QVD","-","3c6c1dc7-e49b-4798-ba49-69fabc04fc51","2021-12-01 06:20:26",1728,0,"",NA,TRUE,TRUE,TRUE,FALSE
"ESS/IEP/Snapshots/CDP_Job_Seeker_20210731.QVD","CDP_Job_Seeker_20210731.QVD","-","3c6c1dc7-e49b-4798-ba49-69fabc04fc51","2021-12-01 06:20:25",1728,0,"",NA,TRUE,TRUE,TRUE,FALSE
"ESS/IEP/Snapshots/CDP_Job_Seeker_20210831.QVD","CDP_Job_Seeker_20210831.QVD","-","3c6c1dc7-e49b-4798-ba49-69fabc04fc51","2021-12-01 06:20:24",1728,0,"",NA,TRUE,TRUE,TRUE,FALSE
"ESS/IEP/Snapshots/CDP_Job_Seeker_20210930.QVD","CDP_Job_Seeker_20210930.QVD","-","3c6c1dc7-e49b-4798-ba49-69fabc04fc51","2021-12-01 06:20:24",1728,0,"",NA,TRUE,TRUE,TRUE,FALSE
"ESS/IEP/Snapshots/CDP_Job_Seeker_20211031.QVD","CDP_Job_Seeker_20211031.QVD","-","3c6c1dc7-e49b-4798-ba49-69fabc04fc51","2021-12-01 06:20:23",1728,0,"",NA,TRUE,TRUE,TRUE,FALSE
"ESS/IEP/Snapshots/CDP_Job_Seeker_20211130.QVD","CDP_Job_Seeker_20211130.QVD","-","3c6c1dc7-e49b-4798-ba49-69fabc04fc51","2021-12-01 07:12:48",1728,0,"",NA,TRUE,TRUE,TRUE,FALSE
"ESS/IEP/Snapshots/CDP_Job_Seeker_20220131.QVD","CDP_Job_Seeker_20220131.QVD","-","3c6c1dc7-e49b-4798-ba49-69fabc04fc51","2022-02-01 06:57:25",1666,0,"",NA,TRUE,TRUE,TRUE,FALSE
"ESS/IEP/Snapshots/CDP_Job_Seeker_20220228.QVD","CDP_Job_Seeker_20220228.QVD","-","3c6c1dc7-e49b-4798-ba49-69fabc04fc51","2024-03-04 04:57:50",904,0,"",NA,TRUE,TRUE,TRUE,FALSE
"ESS/IEP/Snapshots/CDP_Job_Seeker_20220331.QVD","CDP_Job_Seeker_20220331.QVD","-","3c6c1dc7-e49b-4798-ba49-69fabc04fc51","2024-03-04 04:57:47",904,0,"",NA,TRUE,TRUE,TRUE,FALSE
"ESS/IEP/Snapshots/CDP_Job_Seeker_20220430.QVD","CDP_Job_Seeker_20220430.QVD","-","3c6c1dc7-e49b-4798-ba49-69fabc04fc51","2024-03-04 04:57:43",904,0,"",NA,TRUE,TRUE,TRUE,FALSE
"ESS/IEP/Snapshots/CDP_Job_Seeker_20220531.QVD","CDP_Job_Seeker_20220531.QVD","-","3c6c1dc7-e49b-4798-ba49-69fabc04fc51","2024-03-04 04:57:40",904,0,"",NA,TRUE,TRUE,TRUE,FALSE
"ESS/IEP/Snapshots/CDP_Job_Seeker_20220630.QVD","CDP_Job_Seeker_20220630.QVD","-","3c6c1dc7-e49b-4798-ba49-69fabc04fc51","2024-03-04 04:57:37",904,0,"",NA,TRUE,TRUE,TRUE,FALSE
"ESS/IEP/Snapshots/CDP_Job_Seeker_20220731.QVD","CDP_Job_Seeker_20220731.QVD","-","3c6c1dc7-e49b-4798-ba49-69fabc04fc51","2024-03-04 04:57:33",904,0,"",NA,TRUE,TRUE,TRUE,FALSE
"ESS/IEP/Snapshots/CDP_Job_Seeker_20220831.QVD","CDP_Job_Seeker_20220831.QVD","-","3c6c1dc7-e49b-4798-ba49-69fabc04fc51","2024-03-04 04:57:30",904,0,"",NA,TRUE,TRUE,TRUE,FALSE
"ESS/IEP/Snapshots/CDP_Job_Seeker_20220930.QVD","CDP_Job_Seeker_20220930.QVD","-","3c6c1dc7-e49b-4798-ba49-69fabc04fc51","2024-03-04 04:57:27",904,0,"",NA,TRUE,TRUE,TRUE,FALSE
"ESS/IEP/Snapshots/CDP_Job_Seeker_20221031.QVD","CDP_Job_Seeker_20221031.QVD","-","3c6c1dc7-e49b-4798-ba49-69fabc04fc51","2024-03-04 04:57:23",904,0,"",NA,TRUE,TRUE,TRUE,FALSE
"ESS/IEP/Snapshots/CDP_Job_Seeker_20221130.QVD","CDP_Job_Seeker_20221130.QVD","-","3c6c1dc7-e49b-4798-ba49-69fabc04fc51","2024-03-04 04:57:20",904,0,"",NA,TRUE,TRUE,TRUE,FALSE
"ESS/IEP/Snapshots/CDP_Job_Seeker_20221231.QVD","CDP_Job_Seeker_20221231.QVD","-","3c6c1dc7-e49b-4798-ba49-69fabc04fc51","2024-03-04 04:57:16",904,0,"",NA,TRUE,TRUE,TRUE,FALSE
"ESS/IEP/Snapshots/CDP_Job_Seeker_20230131.QVD","CDP_Job_Seeker_20230131.QVD","-","3c6c1dc7-e49b-4798-ba49-69fabc04fc51","2024-03-04 04:57:13",904,0,"",NA,TRUE,TRUE,TRUE,FALSE
"ESS/IEP/Snapshots/CDP_Job_Seeker_20230228.QVD","CDP_Job_Seeker_20230228.QVD","-","3c6c1dc7-e49b-4798-ba49-69fabc04fc51","2024-03-04 04:57:09",904,0,"",NA,TRUE,TRUE,TRUE,FALSE
"ESS/IEP/Snapshots/CDP_Job_Seeker_20230331.QVD","CDP_Job_Seeker_20230331.QVD","-","3c6c1dc7-e49b-4798-ba49-69fabc04fc51","2024-03-04 04:57:05",904,0,"",NA,TRUE,TRUE,TRUE,FALSE
"ESS/IEP/Snapshots/CDP_Job_Seeker_20230430.QVD","CDP_Job_Seeker_20230430.QVD","-","3c6c1dc7-e49b-4798-ba49-69fabc04fc51","2024-03-04 04:57:02",904,0,"",NA,TRUE,TRUE,TRUE,FALSE
"ESS/IEP/Snapshots/CDP_Job_Seeker_20230531.QVD","CDP_Job_Seeker_20230531.QVD","-","3c6c1dc7-e49b-4798-ba49-69fabc04fc51","2024-03-04 04:56:58",904,0,"",NA,TRUE,TRUE,TRUE,FALSE
"ESS/IEP/Snapshots/CDP_Job_Seeker_20230630.QVD","CDP_Job_Seeker_20230630.QVD","-","3c6c1dc7-e49b-4798-ba49-69fabc04fc51","2024-03-04 04:56:54",904,0,"",NA,TRUE,TRUE,TRUE,FALSE
"ESS/IEP/Snapshots/CDP_Job_Seeker_20230731.QVD","CDP_Job_Seeker_20230731.QVD","-","3c6c1dc7-e49b-4798-ba49-69fabc04fc51","2024-03-04 04:56:50",904,0,"",NA,TRUE,TRUE,TRUE,FALSE
"ESS/IEP/Snapshots/CDP_Job_Seeker_20230831.QVD","CDP_Job_Seeker_20230831.QVD","-","3c6c1dc7-e49b-4798-ba49-69fabc04fc51","2024-03-04 04:56:46",904,0,"",NA,TRUE,TRUE,TRUE,FALSE
"ESS/IEP/Snapshots/CDP_Job_Seeker_20230930.QVD","CDP_Job_Seeker_20230930.QVD","-","3c6c1dc7-e49b-4798-ba49-69fabc04fc51","2024-03-04 04:56:43",904,0,"",NA,TRUE,TRUE,TRUE,FALSE
"ESS/IEP/Snapshots/CDP_Job_Seeker_20231031.QVD","CDP_Job_Seeker_20231031.QVD","-","3c6c1dc7-e49b-4798-ba49-69fabc04fc51","2024-03-04 04:56:39",904,0,"",NA,TRUE,TRUE,TRUE,FALSE
"ESS/IEP/Snapshots/CDP_Job_Seeker_20231130.QVD","CDP_Job_Seeker_20231130.QVD","-","3c6c1dc7-e49b-4798-ba49-69fabc04fc51","2024-03-04 04:56:36",904,0,"",NA,TRUE,TRUE,TRUE,FALSE
"ESS/IEP/Snapshots/CDP_Job_Seeker_20231231.QVD","CDP_Job_Seeker_20231231.QVD","-","3c6c1dc7-e49b-4798-ba49-69fabc04fc51","2024-03-04 04:56:33",904,0,"",NA,TRUE,TRUE,TRUE,FALSE
"ESS/IEP/Snapshots/CDP_Job_Seeker_20240131.QVD","CDP_Job_Seeker_20240131.QVD","-","3c6c1dc7-e49b-4798-ba49-69fabc04fc51","2024-03-04 04:56:30",904,0,"",NA,TRUE,TRUE,TRUE,FALSE
"ESS/IEP/Snapshots/CDP_Job_Seeker_20240229.QVD","CDP_Job_Seeker_20240229.QVD","-","3c6c1dc7-e49b-4798-ba49-69fabc04fc51","2024-03-04 04:56:27",904,0,"",NA,TRUE,TRUE,TRUE,FALSE
"ESS/IEP/BK/0.Sun/CDP_Job_Seeker.QVD","CDP_Job_Seeker.QVD","-","3c6c1dc7-e49b-4798-ba49-69fabc04fc51","2024-02-25 08:06:11",912,0,"",NA,TRUE,TRUE,TRUE,FALSE
"ESS/IEP/BK/1.Mon/CDP_Job_Seeker.QVD","CDP_Job_Seeker.QVD","-","3c6c1dc7-e49b-4798-ba49-69fabc04fc51","2024-03-04 08:54:50",904,0,"",NA,TRUE,TRUE,TRUE,FALSE
"ESS/IEP/BK/2.Tue/CDP_Job_Seeker.QVD","CDP_Job_Seeker.QVD","-","3c6c1dc7-e49b-4798-ba49-69fabc04fc51","2024-03-12 07:59:33",896,0,"",NA,TRUE,TRUE,TRUE,FALSE
"ESS/IEP/BK/3.Wed/CDP_Job_Seeker.QVD","CDP_Job_Seeker.QVD","-","3c6c1dc7-e49b-4798-ba49-69fabc04fc51","2024-03-12 23:52:17",896,0,"",NA,TRUE,TRUE,TRUE,FALSE
"ESS/IEP/BK/4.Thu/CDP_Job_Seeker.QVD","CDP_Job_Seeker.QVD","-","3c6c1dc7-e49b-4798-ba49-69fabc04fc51","2024-02-29 08:03:07",908,0,"",NA,TRUE,TRUE,TRUE,FALSE
"ESS/IEP/BK/5.Fri/CDP_Job_Seeker.QVD","CDP_Job_Seeker.QVD","-","3c6c1dc7-e49b-4798-ba49-69fabc04fc51","2024-03-01 00:18:38",907,0,"",NA,TRUE,TRUE,TRUE,FALSE
"ESS/IEP/BK/6.Sat/CDP_Job_Seeker.QVD","CDP_Job_Seeker.QVD","-","3c6c1dc7-e49b-4798-ba49-69fabc04fc51","2024-02-24 08:19:15",913,0,"",NA,TRUE,TRUE,TRUE,FALSE
"ESS/IEP/Snapshots/IEP_Activity_20200930.QVD","IEP_Activity_20200930.QVD","-","3c6c1dc7-e49b-4798-ba49-69fabc04fc51","2021-11-02 22:31:03",1757,0,"",NA,TRUE,TRUE,TRUE,FALSE
"ESS/IEP/Snapshots/IEP_Activity_20201031.QVD","IEP_Activity_20201031.QVD","-","3c6c1dc7-e49b-4798-ba49-69fabc04fc51","2021-11-02 22:30:58",1757,0,"",NA,TRUE,TRUE,TRUE,FALSE
"ESS/IEP/Snapshots/IEP_Activity_20201130.QVD","IEP_Activity_20201130.QVD","-","3c6c1dc7-e49b-4798-ba49-69fabc04fc51","2021-11-02 22:30:52",1757,0,"",NA,TRUE,TRUE,TRUE,FALSE
"ESS/IEP/Snapshots/IEP_Activity_20201231.QVD","IEP_Activity_20201231.QVD","-","3c6c1dc7-e49b-4798-ba49-69fabc04fc51","2021-11-02 22:30:47",1757,0,"",NA,TRUE,TRUE,TRUE,FALSE
"ESS/IEP/Snapshots/IEP_Activity_20210131.QVD","IEP_Activity_20210131.QVD","-","3c6c1dc7-e49b-4798-ba49-69fabc04fc51","2021-11-02 22:30:41",1757,0,"",NA,TRUE,TRUE,TRUE,FALSE
"ESS/IEP/Snapshots/IEP_Activity_20210228.QVD","IEP_Activity_20210228.QVD","-","3c6c1dc7-e49b-4798-ba49-69fabc04fc51","2021-11-02 22:30:35",1757,0,"",NA,TRUE,TRUE,TRUE,FALSE
"ESS/IEP/Snapshots/IEP_Activity_20210331.QVD","IEP_Activity_20210331.QVD","-","3c6c1dc7-e49b-4798-ba49-69fabc04fc51","2021-11-02 22:30:29",1757,0,"",NA,TRUE,TRUE,TRUE,FALSE
"ESS/IEP/Snapshots/IEP_Activity_20210430.QVD","IEP_Activity_20210430.QVD","-","3c6c1dc7-e49b-4798-ba49-69fabc04fc51","2021-11-02 22:30:24",1757,0,"",NA,TRUE,TRUE,TRUE,FALSE
"ESS/IEP/Snapshots/IEP_Activity_20210531.QVD","IEP_Activity_20210531.QVD","-","3c6c1dc7-e49b-4798-ba49-69fabc04fc51","2021-11-02 22:30:17",1757,0,"",NA,TRUE,TRUE,TRUE,FALSE
"ESS/IEP/Snapshots/IEP_Activity_20210630.QVD","IEP_Activity_20210630.QVD","-","3c6c1dc7-e49b-4798-ba49-69fabc04fc51","2021-11-02 22:30:11",1757,0,"",NA,TRUE,TRUE,TRUE,FALSE
"ESS/IEP/Snapshots/IEP_Activity_20210731.QVD","IEP_Activity_20210731.QVD","-","3c6c1dc7-e49b-4798-ba49-69fabc04fc51","2021-11-02 22:30:05",1757,0,"",NA,TRUE,TRUE,TRUE,FALSE
"ESS/IEP/Snapshots/IEP_Activity_20210831.QVD","IEP_Activity_20210831.QVD","-","3c6c1dc7-e49b-4798-ba49-69fabc04fc51","2021-11-02 22:29:58",1757,0,"",NA,TRUE,TRUE,TRUE,FALSE
"ESS/IEP/Snapshots/IEP_Activity_20210930.QVD","IEP_Activity_20210930.QVD","-","3c6c1dc7-e49b-4798-ba49-69fabc04fc51","2021-11-02 22:29:52",1757,0,"",NA,TRUE,TRUE,TRUE,FALSE
"ESS/IEP/Snapshots/IEP_Activity_20211031.QVD","IEP_Activity_20211031.QVD","-","3c6c1dc7-e49b-4798-ba49-69fabc04fc51","2021-11-02 22:29:46",1757,0,"",NA,TRUE,TRUE,TRUE,FALSE
"ESS/IEP/Snapshots/IEP_Activity_20211130.QVD","IEP_Activity_20211130.QVD","-","3c6c1dc7-e49b-4798-ba49-69fabc04fc51","2021-12-01 07:12:53",1728,0,"",NA,TRUE,TRUE,TRUE,FALSE
"ESS/IEP/Snapshots/IEP_Activity_20220131.QVD","IEP_Activity_20220131.QVD","-","3c6c1dc7-e49b-4798-ba49-69fabc04fc51","2022-02-01 06:57:31",1666,0,"",NA,TRUE,TRUE,TRUE,FALSE
"ESS/IEP/Snapshots/IEP_Activity_20220228.QVD","IEP_Activity_20220228.QVD","-","3c6c1dc7-e49b-4798-ba49-69fabc04fc51","2024-03-04 04:57:52",904,0,"",NA,TRUE,TRUE,TRUE,FALSE
"ESS/IEP/Snapshots/IEP_Activity_20220331.QVD","IEP_Activity_20220331.QVD","-","3c6c1dc7-e49b-4798-ba49-69fabc04fc51","2024-03-04 04:57:49",904,0,"",NA,TRUE,TRUE,TRUE,FALSE
"ESS/IEP/Snapshots/IEP_Activity_20220430.QVD","IEP_Activity_20220430.QVD","-","3c6c1dc7-e49b-4798-ba49-69fabc04fc51","2024-03-04 04:57:46",904,0,"",NA,TRUE,TRUE,TRUE,FALSE
"ESS/IEP/Snapshots/IEP_Activity_20220531.QVD","IEP_Activity_20220531.QVD","-","3c6c1dc7-e49b-4798-ba49-69fabc04fc51","2024-03-04 04:57:43",904,0,"",NA,TRUE,TRUE,TRUE,FALSE
"ESS/IEP/Snapshots/IEP_Activity_20220630.QVD","IEP_Activity_20220630.QVD","-","3c6c1dc7-e49b-4798-ba49-69fabc04fc51","2024-03-04 04:57:39",904,0,"",NA,TRUE,TRUE,TRUE,FALSE
"ESS/IEP/Snapshots/IEP_Activity_20220731.QVD","IEP_Activity_20220731.QVD","-","3c6c1dc7-e49b-4798-ba49-69fabc04fc51","2024-03-04 04:57:36",904,0,"",NA,TRUE,TRUE,TRUE,FALSE
"ESS/IEP/Snapshots/IEP_Activity_20220831.QVD","IEP_Activity_20220831.QVD","-","3c6c1dc7-e49b-4798-ba49-69fabc04fc51","2024-03-04 04:57:33",904,0,"",NA,TRUE,TRUE,TRUE,FALSE
"ESS/IEP/Snapshots/IEP_Activity_20220930.QVD","IEP_Activity_20220930.QVD","-","3c6c1dc7-e49b-4798-ba49-69fabc04fc51","2024-03-04 04:57:29",904,0,"",NA,TRUE,TRUE,TRUE,FALSE
"ESS/IEP/Snapshots/IEP_Activity_20221031.QVD","IEP_Activity_20221031.QVD","-","3c6c1dc7-e49b-4798-ba49-69fabc04fc51","2024-03-04 04:57:26",904,0,"",NA,TRUE,TRUE,TRUE,FALSE
"ESS/IEP/Snapshots/IEP_Activity_20221130.QVD","IEP_Activity_20221130.QVD","-","3c6c1dc7-e49b-4798-ba49-69fabc04fc51","2024-03-04 04:57:23",904,0,"",NA,TRUE,TRUE,TRUE,FALSE
"ESS/IEP/Snapshots/IEP_Activity_20221231.QVD","IEP_Activity_20221231.QVD","-","3c6c1dc7-e49b-4798-ba49-69fabc04fc51","2024-03-04 04:57:19",904,0,"",NA,TRUE,TRUE,TRUE,FALSE
"ESS/IEP/Snapshots/IEP_Activity_20230131.QVD","IEP_Activity_20230131.QVD","-","3c6c1dc7-e49b-4798-ba49-69fabc04fc51","2024-03-04 04:57:16",904,0,"",NA,TRUE,TRUE,TRUE,FALSE
"ESS/IEP/Snapshots/IEP_Activity_20230228.QVD","IEP_Activity_20230228.QVD","-","3c6c1dc7-e49b-4798-ba49-69fabc04fc51","2024-03-04 04:57:12",904,0,"",NA,TRUE,TRUE,TRUE,FALSE
"ESS/IEP/Snapshots/IEP_Activity_20230331.QVD","IEP_Activity_20230331.QVD","-","3c6c1dc7-e49b-4798-ba49-69fabc04fc51","2024-03-04 04:57:08",904,0,"",NA,TRUE,TRUE,TRUE,FALSE
"ESS/IEP/Snapshots/IEP_Activity_20230430.QVD","IEP_Activity_20230430.QVD","-","3c6c1dc7-e49b-4798-ba49-69fabc04fc51","2024-03-04 04:57:05",904,0,"",NA,TRUE,TRUE,TRUE,TRUE
"ESS/IEP/Snapshots/IEP_Activity_20230531.QVD","IEP_Activity_20230531.QVD","-","3c6c1dc7-e49b-4798-ba49-69fabc04fc51","2024-03-04 04:57:01",904,0,"",NA,TRUE,TRUE,TRUE,TRUE
"ESS/IEP/Snapshots/IEP_Activity_20230630.QVD","IEP_Activity_20230630.QVD","-","3c6c1dc7-e49b-4798-ba49-69fabc04fc51","2024-03-04 04:56:57",904,0,"",NA,TRUE,TRUE,TRUE,TRUE
"ESS/IEP/Snapshots/IEP_Activity_20230731.QVD","IEP_Activity_20230731.QVD","-","3c6c1dc7-e49b-4798-ba49-69fabc04fc51","2024-03-04 04:56:53",904,0,"",NA,TRUE,TRUE,TRUE,TRUE
"ESS/IEP/Snapshots/IEP_Activity_20230831.QVD","IEP_Activity_20230831.QVD","-","3c6c1dc7-e49b-4798-ba49-69fabc04fc51","2024-03-04 04:56:49",904,0,"",NA,TRUE,TRUE,TRUE,TRUE
"ESS/IEP/Snapshots/IEP_Activity_20230930.QVD","IEP_Activity_20230930.QVD","-","3c6c1dc7-e49b-4798-ba49-69fabc04fc51","2024-03-04 04:56:46",904,0,"",NA,TRUE,TRUE,TRUE,TRUE
"ESS/IEP/Snapshots/IEP_Activity_20231031.QVD","IEP_Activity_20231031.QVD","-","3c6c1dc7-e49b-4798-ba49-69fabc04fc51","2024-03-04 04:56:42",904,0,"",NA,TRUE,TRUE,TRUE,TRUE
"ESS/IEP/Snapshots/IEP_Activity_20231130.QVD","IEP_Activity_20231130.QVD","-","3c6c1dc7-e49b-4798-ba49-69fabc04fc51","2024-03-04 04:56:39",904,0,"",NA,TRUE,TRUE,TRUE,TRUE
"ESS/IEP/Snapshots/IEP_Activity_20231231.QVD","IEP_Activity_20231231.QVD","-","3c6c1dc7-e49b-4798-ba49-69fabc04fc51","2024-03-04 04:56:35",904,0,"",NA,TRUE,TRUE,TRUE,TRUE
"ESS/IEP/Snapshots/IEP_Activity_20240131.QVD","IEP_Activity_20240131.QVD","-","3c6c1dc7-e49b-4798-ba49-69fabc04fc51","2024-03-04 04:56:32",904,0,"",NA,TRUE,TRUE,TRUE,TRUE
"ESS/IEP/Snapshots/IEP_Activity_20240229.QVD","IEP_Activity_20240229.QVD","-","3c6c1dc7-e49b-4798-ba49-69fabc04fc51","2024-03-04 04:56:29",904,0,"",NA,TRUE,TRUE,TRUE,TRUE
"ESS/IEP/Snapshots/IEP_Activity_Contact_20200930.QVD","IEP_Activity_Contact_20200930.QVD","-","3c6c1dc7-e49b-4798-ba49-69fabc04fc51","2021-11-02 22:31:02",1757,0,"",NA,TRUE,TRUE,TRUE,FALSE
"ESS/IEP/Snapshots/IEP_Activity_Contact_20201031.QVD","IEP_Activity_Contact_20201031.QVD","-","3c6c1dc7-e49b-4798-ba49-69fabc04fc51","2021-11-02 22:30:57",1757,0,"",NA,TRUE,TRUE,TRUE,FALSE
"ESS/IEP/Snapshots/IEP_Activity_Contact_20201130.QVD","IEP_Activity_Contact_20201130.QVD","-","3c6c1dc7-e49b-4798-ba49-69fabc04fc51","2021-11-02 22:30:51",1757,0,"",NA,TRUE,TRUE,TRUE,FALSE
"ESS/IEP/Snapshots/IEP_Activity_Contact_20201231.QVD","IEP_Activity_Contact_20201231.QVD","-","3c6c1dc7-e49b-4798-ba49-69fabc04fc51","2021-11-02 22:30:46",1757,0,"",NA,TRUE,TRUE,TRUE,FALSE
"ESS/IEP/Snapshots/IEP_Activity_Contact_20210131.QVD","IEP_Activity_Contact_20210131.QVD","-","3c6c1dc7-e49b-4798-ba49-69fabc04fc51","2021-11-02 22:30:40",1757,0,"",NA,TRUE,TRUE,TRUE,FALSE
"ESS/IEP/Snapshots/IEP_Activity_Contact_20210228.QVD","IEP_Activity_Contact_20210228.QVD","-","3c6c1dc7-e49b-4798-ba49-69fabc04fc51","2021-11-02 22:30:34",1757,0,"",NA,TRUE,TRUE,TRUE,FALSE
"ESS/IEP/Snapshots/IEP_Activity_Contact_20210331.QVD","IEP_Activity_Contact_20210331.QVD","-","3c6c1dc7-e49b-4798-ba49-69fabc04fc51","2021-11-02 22:30:28",1757,0,"",NA,TRUE,TRUE,TRUE,FALSE
"ESS/IEP/Snapshots/IEP_Activity_Contact_20210430.QVD","IEP_Activity_Contact_20210430.QVD","-","3c6c1dc7-e49b-4798-ba49-69fabc04fc51","2021-11-02 22:30:23",1757,0,"",NA,TRUE,TRUE,TRUE,FALSE
"ESS/IEP/Snapshots/IEP_Activity_Contact_20210531.QVD","IEP_Activity_Contact_20210531.QVD","-","3c6c1dc7-e49b-4798-ba49-69fabc04fc51","2021-11-02 22:30:16",1757,0,"",NA,TRUE,TRUE,TRUE,FALSE
"ESS/IEP/Snapshots/IEP_Activity_Contact_20210630.QVD","IEP_Activity_Contact_20210630.QVD","-","3c6c1dc7-e49b-4798-ba49-69fabc04fc51","2021-11-02 22:30:10",1757,0,"",NA,TRUE,TRUE,TRUE,FALSE
"ESS/IEP/Snapshots/IEP_Activity_Contact_20210731.QVD","IEP_Activity_Contact_20210731.QVD","-","3c6c1dc7-e49b-4798-ba49-69fabc04fc51","2021-11-02 22:30:04",1757,0,"",NA,TRUE,TRUE,TRUE,FALSE
"ESS/IEP/Snapshots/IEP_Activity_Contact_20210831.QVD","IEP_Activity_Contact_20210831.QVD","-","3c6c1dc7-e49b-4798-ba49-69fabc04fc51","2021-11-02 22:29:57",1757,0,"",NA,TRUE,TRUE,TRUE,FALSE
"ESS/IEP/Snapshots/IEP_Activity_Contact_20210930.QVD","IEP_Activity_Contact_20210930.QVD","-","3c6c1dc7-e49b-4798-ba49-69fabc04fc51","2021-11-02 22:29:51",1757,0,"",NA,TRUE,TRUE,TRUE,FALSE
"ESS/IEP/Snapshots/IEP_Activity_Contact_20211031.QVD","IEP_Activity_Contact_20211031.QVD","-","3c6c1dc7-e49b-4798-ba49-69fabc04fc51","2021-11-02 22:29:45",1757,0,"",NA,TRUE,TRUE,TRUE,FALSE
"ESS/IEP/Snapshots/IEP_Activity_Contact_20211130.QVD","IEP_Activity_Contact_20211130.QVD","-","3c6c1dc7-e49b-4798-ba49-69fabc04fc51","2021-12-01 07:12:51",1728,0,"",NA,TRUE,TRUE,TRUE,FALSE
"ESS/IEP/Snapshots/IEP_Activity_Contact_20220131.QVD","IEP_Activity_Contact_20220131.QVD","-","3c6c1dc7-e49b-4798-ba49-69fabc04fc51","2022-02-01 06:57:29",1666,0,"",NA,TRUE,TRUE,TRUE,FALSE
"ESS/IEP/Snapshots/IEP_Activity_Contact_20220228.QVD","IEP_Activity_Contact_20220228.QVD","-","3c6c1dc7-e49b-4798-ba49-69fabc04fc51","2024-03-04 04:57:52",904,0,"",NA,TRUE,TRUE,TRUE,FALSE
"ESS/IEP/Snapshots/IEP_Activity_Contact_20220331.QVD","IEP_Activity_Contact_20220331.QVD","-","3c6c1dc7-e49b-4798-ba49-69fabc04fc51","2024-03-04 04:57:48",904,0,"",NA,TRUE,TRUE,TRUE,FALSE
"ESS/IEP/Snapshots/IEP_Activity_Contact_20220430.QVD","IEP_Activity_Contact_20220430.QVD","-","3c6c1dc7-e49b-4798-ba49-69fabc04fc51","2024-03-04 04:57:45",904,0,"",NA,TRUE,TRUE,TRUE,FALSE
"ESS/IEP/Snapshots/IEP_Activity_Contact_20220531.QVD","IEP_Activity_Contact_20220531.QVD","-","3c6c1dc7-e49b-4798-ba49-69fabc04fc51","2024-03-04 04:57:42",904,0,"",NA,TRUE,TRUE,TRUE,FALSE
"ESS/IEP/Snapshots/IEP_Activity_Contact_20220630.QVD","IEP_Activity_Contact_20220630.QVD","-","3c6c1dc7-e49b-4798-ba49-69fabc04fc51","2024-03-04 04:57:39",904,0,"",NA,TRUE,TRUE,TRUE,FALSE
"ESS/IEP/Snapshots/IEP_Activity_Contact_20220731.QVD","IEP_Activity_Contact_20220731.QVD","-","3c6c1dc7-e49b-4798-ba49-69fabc04fc51","2024-03-04 04:57:35",904,0,"",NA,TRUE,TRUE,TRUE,FALSE
"ESS/IEP/Snapshots/IEP_Activity_Contact_20220831.QVD","IEP_Activity_Contact_20220831.QVD","-","3c6c1dc7-e49b-4798-ba49-69fabc04fc51","2024-03-04 04:57:32",904,0,"",NA,TRUE,TRUE,TRUE,FALSE
"ESS/IEP/Snapshots/IEP_Activity_Contact_20220930.QVD","IEP_Activity_Contact_20220930.QVD","-","3c6c1dc7-e49b-4798-ba49-69fabc04fc51","2024-03-04 04:57:29",904,0,"",NA,TRUE,TRUE,TRUE,FALSE
"ESS/IEP/Snapshots/IEP_Activity_Contact_20221031.QVD","IEP_Activity_Contact_20221031.QVD","-","3c6c1dc7-e49b-4798-ba49-69fabc04fc51","2024-03-04 04:57:25",904,0,"",NA,TRUE,TRUE,TRUE,FALSE
"ESS/IEP/Snapshots/IEP_Activity_Contact_20221130.QVD","IEP_Activity_Contact_20221130.QVD","-","3c6c1dc7-e49b-4798-ba49-69fabc04fc51","2024-03-04 04:57:22",904,0,"",NA,TRUE,TRUE,TRUE,FALSE
"ESS/IEP/Snapshots/IEP_Activity_Contact_20221231.QVD","IEP_Activity_Contact_20221231.QVD","-","3c6c1dc7-e49b-4798-ba49-69fabc04fc51","2024-03-04 04:57:18",904,0,"",NA,TRUE,TRUE,TRUE,FALSE
"ESS/IEP/Snapshots/IEP_Activity_Contact_20230131.QVD","IEP_Activity_Contact_20230131.QVD","-","3c6c1dc7-e49b-4798-ba49-69fabc04fc51","2024-03-04 04:57:15",904,0,"",NA,TRUE,TRUE,TRUE,FALSE
"ESS/IEP/Snapshots/IEP_Activity_Contact_20230228.QVD","IEP_Activity_Contact_20230228.QVD","-","3c6c1dc7-e49b-4798-ba49-69fabc04fc51","2024-03-04 04:57:11",904,0,"",NA,TRUE,TRUE,TRUE,FALSE
"ESS/IEP/Snapshots/IEP_Activity_Contact_20230331.QVD","IEP_Activity_Contact_20230331.QVD","-","3c6c1dc7-e49b-4798-ba49-69fabc04fc51","2024-03-04 04:57:07",904,0,"",NA,TRUE,TRUE,TRUE,FALSE
"ESS/IEP/Snapshots/IEP_Activity_Contact_20230430.QVD","IEP_Activity_Contact_20230430.QVD","-","3c6c1dc7-e49b-4798-ba49-69fabc04fc51","2024-03-04 04:57:04",904,0,"",NA,TRUE,TRUE,TRUE,FALSE
"ESS/IEP/Snapshots/IEP_Activity_Contact_20230531.QVD","IEP_Activity_Contact_20230531.QVD","-","3c6c1dc7-e49b-4798-ba49-69fabc04fc51","2024-03-04 04:57:00",904,0,"",NA,TRUE,TRUE,TRUE,FALSE
"ESS/IEP/Snapshots/IEP_Activity_Contact_20230630.QVD","IEP_Activity_Contact_20230630.QVD","-","3c6c1dc7-e49b-4798-ba49-69fabc04fc51","2024-03-04 04:56:56",904,0,"",NA,TRUE,TRUE,TRUE,FALSE
"ESS/IEP/Snapshots/IEP_Activity_Contact_20230731.QVD","IEP_Activity_Contact_20230731.QVD","-","3c6c1dc7-e49b-4798-ba49-69fabc04fc51","2024-03-04 04:56:52",904,0,"",NA,TRUE,TRUE,TRUE,FALSE
"ESS/IEP/Snapshots/IEP_Activity_Contact_20230831.QVD","IEP_Activity_Contact_20230831.QVD","-","3c6c1dc7-e49b-4798-ba49-69fabc04fc51","2024-03-04 04:56:49",904,0,"",NA,TRUE,TRUE,TRUE,FALSE
"ESS/IEP/Snapshots/IEP_Activity_Contact_20230930.QVD","IEP_Activity_Contact_20230930.QVD","-","3c6c1dc7-e49b-4798-ba49-69fabc04fc51","2024-03-04 04:56:45",904,0,"",NA,TRUE,TRUE,TRUE,FALSE
"ESS/IEP/Snapshots/IEP_Activity_Contact_20231031.QVD","IEP_Activity_Contact_20231031.QVD","-","3c6c1dc7-e49b-4798-ba49-69fabc04fc51","2024-03-04 04:56:41",904,0,"",NA,TRUE,TRUE,TRUE,FALSE
"ESS/IEP/Snapshots/IEP_Activity_Contact_20231130.QVD","IEP_Activity_Contact_20231130.QVD","-","3c6c1dc7-e49b-4798-ba49-69fabc04fc51","2024-03-04 04:56:38",904,0,"",NA,TRUE,TRUE,TRUE,FALSE
"ESS/IEP/Snapshots/IEP_Activity_Contact_20231231.QVD","IEP_Activity_Contact_20231231.QVD","-","3c6c1dc7-e49b-4798-ba49-69fabc04fc51","2024-03-04 04:56:35",904,0,"",NA,TRUE,TRUE,TRUE,FALSE
"ESS/IEP/Snapshots/IEP_Activity_Contact_20240131.QVD","IEP_Activity_Contact_20240131.QVD","-","3c6c1dc7-e49b-4798-ba49-69fabc04fc51","2024-03-04 04:56:32",904,0,"",NA,TRUE,TRUE,TRUE,FALSE
"ESS/IEP/Snapshots/IEP_Activity_Contact_20240229.QVD","IEP_Activity_Contact_20240229.QVD","-","3c6c1dc7-e49b-4798-ba49-69fabc04fc51","2024-03-04 04:56:28",904,0,"",NA,TRUE,TRUE,TRUE,FALSE
"ESS/IEP/BK/0.Sun/IEP_Activity_Contact.QVD","IEP_Activity_Contact.QVD","-","3c6c1dc7-e49b-4798-ba49-69fabc04fc51","2024-02-25 08:06:13",912,0,"",NA,TRUE,TRUE,TRUE,FALSE
"ESS/IEP/BK/1.Mon/IEP_Activity_Contact.QVD","IEP_Activity_Contact.QVD","-","3c6c1dc7-e49b-4798-ba49-69fabc04fc51","2024-03-04 08:54:52",904,0,"",NA,TRUE,TRUE,TRUE,FALSE
"ESS/IEP/BK/2.Tue/IEP_Activity_Contact.QVD","IEP_Activity_Contact.QVD","-","3c6c1dc7-e49b-4798-ba49-69fabc04fc51","2024-03-12 07:59:36",896,0,"",NA,TRUE,TRUE,TRUE,FALSE
"ESS/IEP/BK/3.Wed/IEP_Activity_Contact.QVD","IEP_Activity_Contact.QVD","-","3c6c1dc7-e49b-4798-ba49-69fabc04fc51","2024-03-12 23:52:19",896,0,"",NA,TRUE,TRUE,TRUE,FALSE
"ESS/IEP/BK/4.Thu/IEP_Activity_Contact.QVD","IEP_Activity_Contact.QVD","-","3c6c1dc7-e49b-4798-ba49-69fabc04fc51","2024-02-29 08:03:10",908,0,"",NA,TRUE,TRUE,TRUE,FALSE
"ESS/IEP/BK/5.Fri/IEP_Activity_Contact.QVD","IEP_Activity_Contact.QVD","-","3c6c1dc7-e49b-4798-ba49-69fabc04fc51","2024-03-01 00:18:41",907,0,"",NA,TRUE,TRUE,TRUE,FALSE
"ESS/IEP/BK/6.Sat/IEP_Activity_Contact.QVD","IEP_Activity_Contact.QVD","-","3c6c1dc7-e49b-4798-ba49-69fabc04fc51","2024-02-24 08:19:18",913,0,"",NA,TRUE,TRUE,TRUE,FALSE
"ESS/IEP/Snapshots/IEP_Activity_Expenditure_20200930.QVD","IEP_Activity_Expenditure_20200930.QVD","-","3c6c1dc7-e49b-4798-ba49-69fabc04fc51","2021-11-02 22:31:00",1757,0,"",NA,TRUE,TRUE,TRUE,FALSE
"ESS/IEP/Snapshots/IEP_Activity_Expenditure_20201031.QVD","IEP_Activity_Expenditure_20201031.QVD","-","3c6c1dc7-e49b-4798-ba49-69fabc04fc51","2021-11-02 22:30:54",1757,0,"",NA,TRUE,TRUE,TRUE,FALSE
"ESS/IEP/Snapshots/IEP_Activity_Expenditure_20201130.QVD","IEP_Activity_Expenditure_20201130.QVD","-","3c6c1dc7-e49b-4798-ba49-69fabc04fc51","2021-11-02 22:30:49",1757,0,"",NA,TRUE,TRUE,TRUE,FALSE
"ESS/IEP/Snapshots/IEP_Activity_Expenditure_20201231.QVD","IEP_Activity_Expenditure_20201231.QVD","-","3c6c1dc7-e49b-4798-ba49-69fabc04fc51","2021-11-02 22:30:43",1757,0,"",NA,TRUE,TRUE,TRUE,FALSE
"ESS/IEP/Snapshots/IEP_Activity_Expenditure_20210131.QVD","IEP_Activity_Expenditure_20210131.QVD","-","3c6c1dc7-e49b-4798-ba49-69fabc04fc51","2021-11-02 22:30:37",1757,0,"",NA,TRUE,TRUE,TRUE,FALSE
"ESS/IEP/Snapshots/IEP_Activity_Expenditure_20210228.QVD","IEP_Activity_Expenditure_20210228.QVD","-","3c6c1dc7-e49b-4798-ba49-69fabc04fc51","2021-11-02 22:30:32",1757,0,"",NA,TRUE,TRUE,TRUE,FALSE
"ESS/IEP/Snapshots/IEP_Activity_Expenditure_20210331.QVD","IEP_Activity_Expenditure_20210331.QVD","-","3c6c1dc7-e49b-4798-ba49-69fabc04fc51","2021-11-02 22:30:26",1757,0,"",NA,TRUE,TRUE,TRUE,FALSE
"ESS/IEP/Snapshots/IEP_Activity_Expenditure_20210430.QVD","IEP_Activity_Expenditure_20210430.QVD","-","3c6c1dc7-e49b-4798-ba49-69fabc04fc51","2021-11-02 22:30:20",1757,0,"",NA,TRUE,TRUE,TRUE,FALSE
"ESS/IEP/Snapshots/IEP_Activity_Expenditure_20210531.QVD","IEP_Activity_Expenditure_20210531.QVD","-","3c6c1dc7-e49b-4798-ba49-69fabc04fc51","2021-11-02 22:30:14",1757,0,"",NA,TRUE,TRUE,TRUE,FALSE
"ESS/IEP/Snapshots/IEP_Activity_Expenditure_20210630.QVD","IEP_Activity_Expenditure_20210630.QVD","-","3c6c1dc7-e49b-4798-ba49-69fabc04fc51","2021-11-02 22:30:08",1757,0,"",NA,TRUE,TRUE,TRUE,FALSE
"ESS/IEP/Snapshots/IEP_Activity_Expenditure_20210731.QVD","IEP_Activity_Expenditure_20210731.QVD","-","3c6c1dc7-e49b-4798-ba49-69fabc04fc51","2021-11-02 22:30:01",1757,0,"",NA,TRUE,TRUE,TRUE,FALSE
"ESS/IEP/Snapshots/IEP_Activity_Expenditure_20210831.QVD","IEP_Activity_Expenditure_20210831.QVD","-","3c6c1dc7-e49b-4798-ba49-69fabc04fc51","2021-11-02 22:29:55",1757,0,"",NA,TRUE,TRUE,TRUE,FALSE
"ESS/IEP/Snapshots/IEP_Activity_Expenditure_20210930.QVD","IEP_Activity_Expenditure_20210930.QVD","-","3c6c1dc7-e49b-4798-ba49-69fabc04fc51","2021-11-02 22:29:49",1757,0,"",NA,TRUE,TRUE,TRUE,FALSE
"ESS/IEP/Snapshots/IEP_Activity_Expenditure_20211031.QVD","IEP_Activity_Expenditure_20211031.QVD","-","3c6c1dc7-e49b-4798-ba49-69fabc04fc51","2021-11-02 22:29:43",1757,0,"",NA,TRUE,TRUE,TRUE,FALSE
"ESS/IEP/Snapshots/IEP_Activity_Expenditure_20211130.QVD","IEP_Activity_Expenditure_20211130.QVD","-","3c6c1dc7-e49b-4798-ba49-69fabc04fc51","2021-12-01 07:12:49",1728,0,"",NA,TRUE,TRUE,TRUE,FALSE
"ESS/IEP/Snapshots/IEP_Activity_Expenditure_20220131.QVD","IEP_Activity_Expenditure_20220131.QVD","-","3c6c1dc7-e49b-4798-ba49-69fabc04fc51","2022-02-01 06:57:27",1666,0,"",NA,TRUE,TRUE,TRUE,FALSE
"ESS/IEP/Snapshots/IEP_Activity_Expenditure_20220228.QVD","IEP_Activity_Expenditure_20220228.QVD","-","3c6c1dc7-e49b-4798-ba49-69fabc04fc51","2024-03-04 04:57:50",904,0,"",NA,TRUE,TRUE,TRUE,FALSE
"ESS/IEP/Snapshots/IEP_Activity_Expenditure_20220331.QVD","IEP_Activity_Expenditure_20220331.QVD","-","3c6c1dc7-e49b-4798-ba49-69fabc04fc51","2024-03-04 04:57:47",904,0,"",NA,TRUE,TRUE,TRUE,FALSE
"ESS/IEP/Snapshots/IEP_Activity_Expenditure_20220430.QVD","IEP_Activity_Expenditure_20220430.QVD","-","3c6c1dc7-e49b-4798-ba49-69fabc04fc51","2024-03-04 04:57:44",904,0,"",NA,TRUE,TRUE,TRUE,FALSE
"ESS/IEP/Snapshots/IEP_Activity_Expenditure_20220531.QVD","IEP_Activity_Expenditure_20220531.QVD","-","3c6c1dc7-e49b-4798-ba49-69fabc04fc51","2024-03-04 04:57:41",904,0,"",NA,TRUE,TRUE,TRUE,FALSE
"ESS/IEP/Snapshots/IEP_Activity_Expenditure_20220630.QVD","IEP_Activity_Expenditure_20220630.QVD","-","3c6c1dc7-e49b-4798-ba49-69fabc04fc51","2024-03-04 04:57:37",904,0,"",NA,TRUE,TRUE,TRUE,FALSE
"ESS/IEP/Snapshots/IEP_Activity_Expenditure_20220731.QVD","IEP_Activity_Expenditure_20220731.QVD","-","3c6c1dc7-e49b-4798-ba49-69fabc04fc51","2024-03-04 04:57:34",904,0,"",NA,TRUE,TRUE,TRUE,FALSE
"ESS/IEP/Snapshots/IEP_Activity_Expenditure_20220831.QVD","IEP_Activity_Expenditure_20220831.QVD","-","3c6c1dc7-e49b-4798-ba49-69fabc04fc51","2024-03-04 04:57:31",904,0,"",NA,TRUE,TRUE,TRUE,FALSE
"ESS/IEP/Snapshots/IEP_Activity_Expenditure_20220930.QVD","IEP_Activity_Expenditure_20220930.QVD","-","3c6c1dc7-e49b-4798-ba49-69fabc04fc51","2024-03-04 04:57:27",904,0,"",NA,TRUE,TRUE,TRUE,FALSE
"ESS/IEP/Snapshots/IEP_Activity_Expenditure_20221031.QVD","IEP_Activity_Expenditure_20221031.QVD","-","3c6c1dc7-e49b-4798-ba49-69fabc04fc51","2024-03-04 04:57:24",904,0,"",NA,TRUE,TRUE,TRUE,FALSE
"ESS/IEP/Snapshots/IEP_Activity_Expenditure_20221130.QVD","IEP_Activity_Expenditure_20221130.QVD","-","3c6c1dc7-e49b-4798-ba49-69fabc04fc51","2024-03-04 04:57:20",904,0,"",NA,TRUE,TRUE,TRUE,FALSE
"ESS/IEP/Snapshots/IEP_Activity_Expenditure_20221231.QVD","IEP_Activity_Expenditure_20221231.QVD","-","3c6c1dc7-e49b-4798-ba49-69fabc04fc51","2024-03-04 04:57:17",904,0,"",NA,TRUE,TRUE,TRUE,FALSE
"ESS/IEP/Snapshots/IEP_Activity_Expenditure_20230131.QVD","IEP_Activity_Expenditure_20230131.QVD","-","3c6c1dc7-e49b-4798-ba49-69fabc04fc51","2024-03-04 04:57:13",904,0,"",NA,TRUE,TRUE,TRUE,FALSE
"ESS/IEP/Snapshots/IEP_Activity_Expenditure_20230228.QVD","IEP_Activity_Expenditure_20230228.QVD","-","3c6c1dc7-e49b-4798-ba49-69fabc04fc51","2024-03-04 04:57:10",904,0,"",NA,TRUE,TRUE,TRUE,FALSE
"ESS/IEP/Snapshots/IEP_Activity_Expenditure_20230331.QVD","IEP_Activity_Expenditure_20230331.QVD","-","3c6c1dc7-e49b-4798-ba49-69fabc04fc51","2024-03-04 04:57:06",904,0,"",NA,TRUE,TRUE,TRUE,FALSE
"ESS/IEP/Snapshots/IEP_Activity_Expenditure_20230430.QVD","IEP_Activity_Expenditure_20230430.QVD","-","3c6c1dc7-e49b-4798-ba49-69fabc04fc51","2024-03-04 04:57:02",904,0,"",NA,TRUE,TRUE,TRUE,FALSE
"ESS/IEP/Snapshots/IEP_Activity_Expenditure_20230531.QVD","IEP_Activity_Expenditure_20230531.QVD","-","3c6c1dc7-e49b-4798-ba49-69fabc04fc51","2024-03-04 04:56:59",904,0,"",NA,TRUE,TRUE,TRUE,FALSE
"ESS/IEP/Snapshots/IEP_Activity_Expenditure_20230630.QVD","IEP_Activity_Expenditure_20230630.QVD","-","3c6c1dc7-e49b-4798-ba49-69fabc04fc51","2024-03-04 04:56:55",904,0,"",NA,TRUE,TRUE,TRUE,FALSE
"ESS/IEP/Snapshots/IEP_Activity_Expenditure_20230731.QVD","IEP_Activity_Expenditure_20230731.QVD","-","3c6c1dc7-e49b-4798-ba49-69fabc04fc51","2024-03-04 04:56:51",904,0,"",NA,TRUE,TRUE,TRUE,FALSE
"ESS/IEP/Snapshots/IEP_Activity_Expenditure_20230831.QVD","IEP_Activity_Expenditure_20230831.QVD","-","3c6c1dc7-e49b-4798-ba49-69fabc04fc51","2024-03-04 04:56:47",904,0,"",NA,TRUE,TRUE,TRUE,FALSE
"ESS/IEP/Snapshots/IEP_Activity_Expenditure_20230930.QVD","IEP_Activity_Expenditure_20230930.QVD","-","3c6c1dc7-e49b-4798-ba49-69fabc04fc51","2024-03-04 04:56:43",904,0,"",NA,TRUE,TRUE,TRUE,FALSE
"ESS/IEP/Snapshots/IEP_Activity_Expenditure_20231031.QVD","IEP_Activity_Expenditure_20231031.QVD","-","3c6c1dc7-e49b-4798-ba49-69fabc04fc51","2024-03-04 04:56:40",904,0,"",NA,TRUE,TRUE,TRUE,FALSE
"ESS/IEP/Snapshots/IEP_Activity_Expenditure_20231130.QVD","IEP_Activity_Expenditure_20231130.QVD","-","3c6c1dc7-e49b-4798-ba49-69fabc04fc51","2024-03-04 04:56:37",904,0,"",NA,TRUE,TRUE,TRUE,FALSE
"ESS/IEP/Snapshots/IEP_Activity_Expenditure_20231231.QVD","IEP_Activity_Expenditure_20231231.QVD","-","3c6c1dc7-e49b-4798-ba49-69fabc04fc51","2024-03-04 04:56:34",904,0,"",NA,TRUE,TRUE,TRUE,FALSE
"ESS/IEP/Snapshots/IEP_Activity_Expenditure_20240131.QVD","IEP_Activity_Expenditure_20240131.QVD","-","3c6c1dc7-e49b-4798-ba49-69fabc04fc51","2024-03-04 04:56:30",904,0,"",NA,TRUE,TRUE,TRUE,FALSE
"ESS/IEP/Snapshots/IEP_Activity_Expenditure_20240229.QVD","IEP_Activity_Expenditure_20240229.QVD","-","3c6c1dc7-e49b-4798-ba49-69fabc04fc51","2024-03-04 04:56:27",904,0,"",NA,TRUE,TRUE,TRUE,FALSE
"ESS/IEP/BK/0.Sun/IEP_Activity_Expenditure.QVD","IEP_Activity_Expenditure.QVD","-","3c6c1dc7-e49b-4798-ba49-69fabc04fc51","2024-02-25 08:06:12",912,0,"",NA,TRUE,TRUE,TRUE,FALSE
"ESS/IEP/BK/1.Mon/IEP_Activity_Expenditure.QVD","IEP_Activity_Expenditure.QVD","-","3c6c1dc7-e49b-4798-ba49-69fabc04fc51","2024-03-04 08:54:51",904,0,"",NA,TRUE,TRUE,TRUE,FALSE
"ESS/IEP/BK/2.Tue/IEP_Activity_Expenditure.QVD","IEP_Activity_Expenditure.QVD","-","3c6c1dc7-e49b-4798-ba49-69fabc04fc51","2024-03-12 07:59:34",896,0,"",NA,TRUE,TRUE,TRUE,FALSE
"ESS/IEP/BK/3.Wed/IEP_Activity_Expenditure.QVD","IEP_Activity_Expenditure.QVD","-","3c6c1dc7-e49b-4798-ba49-69fabc04fc51","2024-03-12 23:52:18",896,0,"",NA,TRUE,TRUE,TRUE,FALSE
"ESS/IEP/BK/4.Thu/IEP_Activity_Expenditure.QVD","IEP_Activity_Expenditure.QVD","-","3c6c1dc7-e49b-4798-ba49-69fabc04fc51","2024-02-29 08:03:08",908,0,"",NA,TRUE,TRUE,TRUE,FALSE
"ESS/IEP/BK/5.Fri/IEP_Activity_Expenditure.QVD","IEP_Activity_Expenditure.QVD","-","3c6c1dc7-e49b-4798-ba49-69fabc04fc51","2024-03-01 00:18:39",907,0,"",NA,TRUE,TRUE,TRUE,FALSE
"ESS/IEP/BK/6.Sat/IEP_Activity_Expenditure.QVD","IEP_Activity_Expenditure.QVD","-","3c6c1dc7-e49b-4798-ba49-69fabc04fc51","2024-02-24 08:19:16",913,0,"",NA,TRUE,TRUE,TRUE,FALSE
"ESS/IEP/BK/0.Sun/IEP_Activity.QVD","IEP_Activity.QVD","-","3c6c1dc7-e49b-4798-ba49-69fabc04fc51","2024-02-25 08:06:14",912,0,"",NA,TRUE,TRUE,TRUE,FALSE
"ESS/IEP/BK/1.Mon/IEP_Activity.QVD","IEP_Activity.QVD","-","3c6c1dc7-e49b-4798-ba49-69fabc04fc51","2024-03-04 08:54:54",904,0,"",NA,TRUE,TRUE,TRUE,FALSE
"ESS/IEP/BK/2.Tue/IEP_Activity.QVD","IEP_Activity.QVD","-","3c6c1dc7-e49b-4798-ba49-69fabc04fc51","2024-03-12 07:59:37",896,0,"",NA,TRUE,TRUE,TRUE,FALSE
"ESS/IEP/BK/3.Wed/IEP_Activity.QVD","IEP_Activity.QVD","-","3c6c1dc7-e49b-4798-ba49-69fabc04fc51","2024-03-12 23:52:20",896,0,"",NA,TRUE,TRUE,TRUE,FALSE
"ESS/IEP/BK/4.Thu/IEP_Activity.QVD","IEP_Activity.QVD","-","3c6c1dc7-e49b-4798-ba49-69fabc04fc51","2024-02-29 08:03:11",908,0,"",NA,TRUE,TRUE,TRUE,FALSE
"ESS/IEP/BK/5.Fri/IEP_Activity.QVD","IEP_Activity.QVD","-","3c6c1dc7-e49b-4798-ba49-69fabc04fc51","2024-03-01 00:18:42",907,0,"",NA,TRUE,TRUE,TRUE,FALSE
"ESS/IEP/BK/6.Sat/IEP_Activity.QVD","IEP_Activity.QVD","-","3c6c1dc7-e49b-4798-ba49-69fabc04fc51","2024-02-24 08:19:19",913,0,"",NA,TRUE,TRUE,TRUE,FALSE
"ESS/IEP/Snapshots/IEP_Claim_Payments_20200930.QVD","IEP_Claim_Payments_20200930.QVD","-","3c6c1dc7-e49b-4798-ba49-69fabc04fc51","2021-11-02 22:30:59",1757,0,"",NA,TRUE,TRUE,TRUE,FALSE
"ESS/IEP/Snapshots/IEP_Claim_Payments_20201031.QVD","IEP_Claim_Payments_20201031.QVD","-","3c6c1dc7-e49b-4798-ba49-69fabc04fc51","2021-11-02 22:30:54",1757,0,"",NA,TRUE,TRUE,TRUE,FALSE
"ESS/IEP/Snapshots/IEP_Claim_Payments_20201130.QVD","IEP_Claim_Payments_20201130.QVD","-","3c6c1dc7-e49b-4798-ba49-69fabc04fc51","2021-11-02 22:30:48",1757,0,"",NA,TRUE,TRUE,TRUE,FALSE
"ESS/IEP/Snapshots/IEP_Claim_Payments_20201231.QVD","IEP_Claim_Payments_20201231.QVD","-","3c6c1dc7-e49b-4798-ba49-69fabc04fc51","2021-11-02 22:30:43",1757,0,"",NA,TRUE,TRUE,TRUE,FALSE
"ESS/IEP/Snapshots/IEP_Claim_Payments_20210131.QVD","IEP_Claim_Payments_20210131.QVD","-","3c6c1dc7-e49b-4798-ba49-69fabc04fc51","2021-11-02 22:30:37",1757,0,"",NA,TRUE,TRUE,TRUE,FALSE
"ESS/IEP/Snapshots/IEP_Claim_Payments_20210228.QVD","IEP_Claim_Payments_20210228.QVD","-","3c6c1dc7-e49b-4798-ba49-69fabc04fc51","2021-11-02 22:30:31",1757,0,"",NA,TRUE,TRUE,TRUE,FALSE
"ESS/IEP/Snapshots/IEP_Claim_Payments_20210331.QVD","IEP_Claim_Payments_20210331.QVD","-","3c6c1dc7-e49b-4798-ba49-69fabc04fc51","2021-11-02 22:30:26",1757,0,"",NA,TRUE,TRUE,TRUE,FALSE
"ESS/IEP/Snapshots/IEP_Claim_Payments_20210430.QVD","IEP_Claim_Payments_20210430.QVD","-","3c6c1dc7-e49b-4798-ba49-69fabc04fc51","2021-11-02 22:30:19",1757,0,"",NA,TRUE,TRUE,TRUE,FALSE
"ESS/IEP/Snapshots/IEP_Claim_Payments_20210531.QVD","IEP_Claim_Payments_20210531.QVD","-","3c6c1dc7-e49b-4798-ba49-69fabc04fc51","2021-11-02 22:30:13",1757,0,"",NA,TRUE,TRUE,TRUE,FALSE
"ESS/IEP/Snapshots/IEP_Claim_Payments_20210630.QVD","IEP_Claim_Payments_20210630.QVD","-","3c6c1dc7-e49b-4798-ba49-69fabc04fc51","2021-11-02 22:30:07",1757,0,"",NA,TRUE,TRUE,TRUE,FALSE
"ESS/IEP/Snapshots/IEP_Claim_Payments_20210731.QVD","IEP_Claim_Payments_20210731.QVD","-","3c6c1dc7-e49b-4798-ba49-69fabc04fc51","2021-11-02 22:30:00",1757,0,"",NA,TRUE,TRUE,TRUE,FALSE
"ESS/IEP/Snapshots/IEP_Claim_Payments_20210831.QVD","IEP_Claim_Payments_20210831.QVD","-","3c6c1dc7-e49b-4798-ba49-69fabc04fc51","2021-11-02 22:29:54",1757,0,"",NA,TRUE,TRUE,TRUE,FALSE
"ESS/IEP/Snapshots/IEP_Claim_Payments_20210930.QVD","IEP_Claim_Payments_20210930.QVD","-","3c6c1dc7-e49b-4798-ba49-69fabc04fc51","2021-11-02 22:29:48",1757,0,"",NA,TRUE,TRUE,TRUE,FALSE
"ESS/IEP/Snapshots/IEP_Claim_Payments_20211031.QVD","IEP_Claim_Payments_20211031.QVD","-","3c6c1dc7-e49b-4798-ba49-69fabc04fc51","2021-11-02 22:29:42",1757,0,"",NA,TRUE,TRUE,TRUE,FALSE
"ESS/IEP/Snapshots/IEP_Claim_Payments_20211130.QVD","IEP_Claim_Payments_20211130.QVD","-","3c6c1dc7-e49b-4798-ba49-69fabc04fc51","2021-12-01 07:12:48",1728,0,"",NA,TRUE,TRUE,TRUE,FALSE
"ESS/IEP/Snapshots/IEP_Claim_Payments_20220131.QVD","IEP_Claim_Payments_20220131.QVD","-","3c6c1dc7-e49b-4798-ba49-69fabc04fc51","2022-02-01 06:57:26",1666,0,"",NA,TRUE,TRUE,TRUE,FALSE
"ESS/IEP/Snapshots/IEP_Claim_Payments_20220228.QVD","IEP_Claim_Payments_20220228.QVD","-","3c6c1dc7-e49b-4798-ba49-69fabc04fc51","2024-03-04 04:57:50",904,0,"",NA,TRUE,TRUE,TRUE,FALSE
"ESS/IEP/Snapshots/IEP_Claim_Payments_20220331.QVD","IEP_Claim_Payments_20220331.QVD","-","3c6c1dc7-e49b-4798-ba49-69fabc04fc51","2024-03-04 04:57:47",904,0,"",NA,TRUE,TRUE,TRUE,FALSE
"ESS/IEP/Snapshots/IEP_Claim_Payments_20220430.QVD","IEP_Claim_Payments_20220430.QVD","-","3c6c1dc7-e49b-4798-ba49-69fabc04fc51","2024-03-04 04:57:44",904,0,"",NA,TRUE,TRUE,TRUE,FALSE
"ESS/IEP/Snapshots/IEP_Claim_Payments_20220531.QVD","IEP_Claim_Payments_20220531.QVD","-","3c6c1dc7-e49b-4798-ba49-69fabc04fc51","2024-03-04 04:57:40",904,0,"",NA,TRUE,TRUE,TRUE,FALSE
"ESS/IEP/Snapshots/IEP_Claim_Payments_20220630.QVD","IEP_Claim_Payments_20220630.QVD","-","3c6c1dc7-e49b-4798-ba49-69fabc04fc51","2024-03-04 04:57:37",904,0,"",NA,TRUE,TRUE,TRUE,FALSE
"ESS/IEP/Snapshots/IEP_Claim_Payments_20220731.QVD","IEP_Claim_Payments_20220731.QVD","-","3c6c1dc7-e49b-4798-ba49-69fabc04fc51","2024-03-04 04:57:34",904,0,"",NA,TRUE,TRUE,TRUE,FALSE
"ESS/IEP/Snapshots/IEP_Claim_Payments_20220831.QVD","IEP_Claim_Payments_20220831.QVD","-","3c6c1dc7-e49b-4798-ba49-69fabc04fc51","2024-03-04 04:57:30",904,0,"",NA,TRUE,TRUE,TRUE,FALSE
"ESS/IEP/Snapshots/IEP_Claim_Payments_20220930.QVD","IEP_Claim_Payments_20220930.QVD","-","3c6c1dc7-e49b-4798-ba49-69fabc04fc51","2024-03-04 04:57:27",904,0,"",NA,TRUE,TRUE,TRUE,FALSE
"ESS/IEP/Snapshots/IEP_Claim_Payments_20221031.QVD","IEP_Claim_Payments_20221031.QVD","-","3c6c1dc7-e49b-4798-ba49-69fabc04fc51","2024-03-04 04:57:24",904,0,"",NA,TRUE,TRUE,TRUE,FALSE
"ESS/IEP/Snapshots/IEP_Claim_Payments_20221130.QVD","IEP_Claim_Payments_20221130.QVD","-","3c6c1dc7-e49b-4798-ba49-69fabc04fc51","2024-03-04 04:57:20",904,0,"",NA,TRUE,TRUE,TRUE,FALSE
"ESS/IEP/Snapshots/IEP_Claim_Payments_20221231.QVD","IEP_Claim_Payments_20221231.QVD","-","3c6c1dc7-e49b-4798-ba49-69fabc04fc51","2024-03-04 04:57:17",904,0,"",NA,TRUE,TRUE,TRUE,FALSE
"ESS/IEP/Snapshots/IEP_Claim_Payments_20230131.QVD","IEP_Claim_Payments_20230131.QVD","-","3c6c1dc7-e49b-4798-ba49-69fabc04fc51","2024-03-04 04:57:13",904,0,"",NA,TRUE,TRUE,TRUE,FALSE
"ESS/IEP/Snapshots/IEP_Claim_Payments_20230228.QVD","IEP_Claim_Payments_20230228.QVD","-","3c6c1dc7-e49b-4798-ba49-69fabc04fc51","2024-03-04 04:57:10",904,0,"",NA,TRUE,TRUE,TRUE,FALSE
"ESS/IEP/Snapshots/IEP_Claim_Payments_20230331.QVD","IEP_Claim_Payments_20230331.QVD","-","3c6c1dc7-e49b-4798-ba49-69fabc04fc51","2024-03-04 04:57:06",904,0,"",NA,TRUE,TRUE,TRUE,FALSE
"ESS/IEP/Snapshots/IEP_Claim_Payments_20230430.QVD","IEP_Claim_Payments_20230430.QVD","-","3c6c1dc7-e49b-4798-ba49-69fabc04fc51","2024-03-04 04:57:02",904,0,"",NA,TRUE,TRUE,TRUE,FALSE
"ESS/IEP/Snapshots/IEP_Claim_Payments_20230531.QVD","IEP_Claim_Payments_20230531.QVD","-","3c6c1dc7-e49b-4798-ba49-69fabc04fc51","2024-03-04 04:56:58",904,0,"",NA,TRUE,TRUE,TRUE,FALSE
"ESS/IEP/Snapshots/IEP_Claim_Payments_20230630.QVD","IEP_Claim_Payments_20230630.QVD","-","3c6c1dc7-e49b-4798-ba49-69fabc04fc51","2024-03-04 04:56:54",904,0,"",NA,TRUE,TRUE,TRUE,FALSE
"ESS/IEP/Snapshots/IEP_Claim_Payments_20230731.QVD","IEP_Claim_Payments_20230731.QVD","-","3c6c1dc7-e49b-4798-ba49-69fabc04fc51","2024-03-04 04:56:51",904,0,"",NA,TRUE,TRUE,TRUE,FALSE
"ESS/IEP/Snapshots/IEP_Claim_Payments_20230831.QVD","IEP_Claim_Payments_20230831.QVD","-","3c6c1dc7-e49b-4798-ba49-69fabc04fc51","2024-03-04 04:56:47",904,0,"",NA,TRUE,TRUE,TRUE,TRUE
"ESS/IEP/Snapshots/IEP_Claim_Payments_20230930.QVD","IEP_Claim_Payments_20230930.QVD","-","3c6c1dc7-e49b-4798-ba49-69fabc04fc51","2024-03-04 04:56:43",904,0,"",NA,TRUE,TRUE,TRUE,TRUE
"ESS/IEP/Snapshots/IEP_Claim_Payments_20231031.QVD","IEP_Claim_Payments_20231031.QVD","-","3c6c1dc7-e49b-4798-ba49-69fabc04fc51","2024-03-04 04:56:40",904,0,"",NA,TRUE,TRUE,TRUE,TRUE
"ESS/IEP/Snapshots/IEP_Claim_Payments_20231130.QVD","IEP_Claim_Payments_20231130.QVD","-","3c6c1dc7-e49b-4798-ba49-69fabc04fc51","2024-03-04 04:56:36",904,0,"",NA,TRUE,TRUE,TRUE,TRUE
"ESS/IEP/Snapshots/IEP_Claim_Payments_20231231.QVD","IEP_Claim_Payments_20231231.QVD","-","3c6c1dc7-e49b-4798-ba49-69fabc04fc51","2024-03-04 04:56:33",904,0,"",NA,TRUE,TRUE,TRUE,TRUE
"ESS/IEP/Snapshots/IEP_Claim_Payments_20240131.QVD","IEP_Claim_Payments_20240131.QVD","-","3c6c1dc7-e49b-4798-ba49-69fabc04fc51","2024-03-04 04:56:30",904,0,"",NA,TRUE,TRUE,TRUE,TRUE
"ESS/IEP/Snapshots/IEP_Claim_Payments_20240229.QVD","IEP_Claim_Payments_20240229.QVD","-","3c6c1dc7-e49b-4798-ba49-69fabc04fc51","2024-03-04 04:56:27",904,0,"",NA,TRUE,TRUE,TRUE,TRUE
"ESS/IEP/BK/0.Sun/IEP_Claim_Payments.QVD","IEP_Claim_Payments.QVD","-","3c6c1dc7-e49b-4798-ba49-69fabc04fc51","2024-02-25 08:06:11",912,0,"",NA,TRUE,TRUE,TRUE,FALSE
"ESS/IEP/BK/1.Mon/IEP_Claim_Payments.QVD","IEP_Claim_Payments.QVD","-","3c6c1dc7-e49b-4798-ba49-69fabc04fc51","2024-03-04 08:54:50",904,0,"",NA,TRUE,TRUE,TRUE,FALSE
"ESS/IEP/BK/2.Tue/IEP_Claim_Payments.QVD","IEP_Claim_Payments.QVD","-","3c6c1dc7-e49b-4798-ba49-69fabc04fc51","2024-03-12 07:59:34",896,0,"",NA,TRUE,TRUE,TRUE,FALSE
"ESS/IEP/BK/3.Wed/IEP_Claim_Payments.QVD","IEP_Claim_Payments.QVD","-","3c6c1dc7-e49b-4798-ba49-69fabc04fc51","2024-03-12 23:52:17",896,0,"",NA,TRUE,TRUE,TRUE,FALSE
"ESS/IEP/BK/4.Thu/IEP_Claim_Payments.QVD","IEP_Claim_Payments.QVD","-","3c6c1dc7-e49b-4798-ba49-69fabc04fc51","2024-02-29 08:03:08",908,0,"",NA,TRUE,TRUE,TRUE,FALSE
"ESS/IEP/BK/5.Fri/IEP_Claim_Payments.QVD","IEP_Claim_Payments.QVD","-","3c6c1dc7-e49b-4798-ba49-69fabc04fc51","2024-03-01 00:18:39",907,0,"",NA,TRUE,TRUE,TRUE,FALSE
"ESS/IEP/BK/6.Sat/IEP_Claim_Payments.QVD","IEP_Claim_Payments.QVD","-","3c6c1dc7-e49b-4798-ba49-69fabc04fc51","2024-02-24 08:19:16",913,0,"",NA,TRUE,TRUE,TRUE,FALSE
"ESS/IEP/Snapshots/IEP_Job_Seeker_20200930.QVD","IEP_Job_Seeker_20200930.QVD","-","3c6c1dc7-e49b-4798-ba49-69fabc04fc51","2021-11-02 22:31:02",1757,0,"",NA,TRUE,TRUE,TRUE,FALSE
"ESS/IEP/Snapshots/IEP_Job_Seeker_20201031.QVD","IEP_Job_Seeker_20201031.QVD","-","3c6c1dc7-e49b-4798-ba49-69fabc04fc51","2021-11-02 22:30:57",1757,0,"",NA,TRUE,TRUE,TRUE,FALSE
"ESS/IEP/Snapshots/IEP_Job_Seeker_20201130.QVD","IEP_Job_Seeker_20201130.QVD","-","3c6c1dc7-e49b-4798-ba49-69fabc04fc51","2021-11-02 22:30:51",1757,0,"",NA,TRUE,TRUE,TRUE,FALSE
"ESS/IEP/Snapshots/IEP_Job_Seeker_20201231.QVD","IEP_Job_Seeker_20201231.QVD","-","3c6c1dc7-e49b-4798-ba49-69fabc04fc51","2021-11-02 22:30:46",1757,0,"",NA,TRUE,TRUE,TRUE,FALSE
"ESS/IEP/Snapshots/IEP_Job_Seeker_20210131.QVD","IEP_Job_Seeker_20210131.QVD","-","3c6c1dc7-e49b-4798-ba49-69fabc04fc51","2021-11-02 22:30:40",1757,0,"",NA,TRUE,TRUE,TRUE,FALSE
"ESS/IEP/Snapshots/IEP_Job_Seeker_20210228.QVD","IEP_Job_Seeker_20210228.QVD","-","3c6c1dc7-e49b-4798-ba49-69fabc04fc51","2021-11-02 22:30:34",1757,0,"",NA,TRUE,TRUE,TRUE,FALSE
"ESS/IEP/Snapshots/IEP_Job_Seeker_20210331.QVD","IEP_Job_Seeker_20210331.QVD","-","3c6c1dc7-e49b-4798-ba49-69fabc04fc51","2021-11-02 22:30:29",1757,0,"",NA,TRUE,TRUE,TRUE,FALSE
"ESS/IEP/Snapshots/IEP_Job_Seeker_20210430.QVD","IEP_Job_Seeker_20210430.QVD","-","3c6c1dc7-e49b-4798-ba49-69fabc04fc51","2021-11-02 22:30:23",1757,0,"",NA,TRUE,TRUE,TRUE,FALSE
"ESS/IEP/Snapshots/IEP_Job_Seeker_20210531.QVD","IEP_Job_Seeker_20210531.QVD","-","3c6c1dc7-e49b-4798-ba49-69fabc04fc51","2021-11-02 22:30:17",1757,0,"",NA,TRUE,TRUE,TRUE,FALSE
"ESS/IEP/Snapshots/IEP_Job_Seeker_20210630.QVD","IEP_Job_Seeker_20210630.QVD","-","3c6c1dc7-e49b-4798-ba49-69fabc04fc51","2021-11-02 22:30:11",1757,0,"",NA,TRUE,TRUE,TRUE,FALSE
"ESS/IEP/Snapshots/IEP_Job_Seeker_20210731.QVD","IEP_Job_Seeker_20210731.QVD","-","3c6c1dc7-e49b-4798-ba49-69fabc04fc51","2021-11-02 22:30:04",1757,0,"",NA,TRUE,TRUE,TRUE,FALSE
"ESS/IEP/Snapshots/IEP_Job_Seeker_20210831.QVD","IEP_Job_Seeker_20210831.QVD","-","3c6c1dc7-e49b-4798-ba49-69fabc04fc51","2021-11-02 22:29:57",1757,0,"",NA,TRUE,TRUE,TRUE,FALSE
"ESS/IEP/Snapshots/IEP_Job_Seeker_20210930.QVD","IEP_Job_Seeker_20210930.QVD","-","3c6c1dc7-e49b-4798-ba49-69fabc04fc51","2021-11-02 22:29:52",1757,0,"",NA,TRUE,TRUE,TRUE,FALSE
"ESS/IEP/Snapshots/IEP_Job_Seeker_20211031.QVD","IEP_Job_Seeker_20211031.QVD","-","3c6c1dc7-e49b-4798-ba49-69fabc04fc51","2021-11-02 22:29:46",1757,0,"",NA,TRUE,TRUE,TRUE,FALSE
"ESS/IEP/Snapshots/IEP_Job_Seeker_20211130.QVD","IEP_Job_Seeker_20211130.QVD","-","3c6c1dc7-e49b-4798-ba49-69fabc04fc51","2021-12-01 07:12:52",1728,0,"",NA,TRUE,TRUE,TRUE,FALSE
"ESS/IEP/Snapshots/IEP_Job_Seeker_20220131.QVD","IEP_Job_Seeker_20220131.QVD","-","3c6c1dc7-e49b-4798-ba49-69fabc04fc51","2022-02-01 06:57:30",1666,0,"",NA,TRUE,TRUE,TRUE,FALSE
"ESS/IEP/Snapshots/IEP_Job_Seeker_20220228.QVD","IEP_Job_Seeker_20220228.QVD","-","3c6c1dc7-e49b-4798-ba49-69fabc04fc51","2024-03-04 04:57:52",904,0,"",NA,TRUE,TRUE,TRUE,FALSE
"ESS/IEP/Snapshots/IEP_Job_Seeker_20220331.QVD","IEP_Job_Seeker_20220331.QVD","-","3c6c1dc7-e49b-4798-ba49-69fabc04fc51","2024-03-04 04:57:49",904,0,"",NA,TRUE,TRUE,TRUE,FALSE
"ESS/IEP/Snapshots/IEP_Job_Seeker_20220430.QVD","IEP_Job_Seeker_20220430.QVD","-","3c6c1dc7-e49b-4798-ba49-69fabc04fc51","2024-03-04 04:57:46",904,0,"",NA,TRUE,TRUE,TRUE,FALSE
"ESS/IEP/Snapshots/IEP_Job_Seeker_20220531.QVD","IEP_Job_Seeker_20220531.QVD","-","3c6c1dc7-e49b-4798-ba49-69fabc04fc51","2024-03-04 04:57:42",904,0,"",NA,TRUE,TRUE,TRUE,FALSE
"ESS/IEP/Snapshots/IEP_Job_Seeker_20220630.QVD","IEP_Job_Seeker_20220630.QVD","-","3c6c1dc7-e49b-4798-ba49-69fabc04fc51","2024-03-04 04:57:39",904,0,"",NA,TRUE,TRUE,TRUE,FALSE
"ESS/IEP/Snapshots/IEP_Job_Seeker_20220731.QVD","IEP_Job_Seeker_20220731.QVD","-","3c6c1dc7-e49b-4798-ba49-69fabc04fc51","2024-03-04 04:57:36",904,0,"",NA,TRUE,TRUE,TRUE,FALSE
"ESS/IEP/Snapshots/IEP_Job_Seeker_20220831.QVD","IEP_Job_Seeker_20220831.QVD","-","3c6c1dc7-e49b-4798-ba49-69fabc04fc51","2024-03-04 04:57:32",904,0,"",NA,TRUE,TRUE,TRUE,FALSE
"ESS/IEP/Snapshots/IEP_Job_Seeker_20220930.QVD","IEP_Job_Seeker_20220930.QVD","-","3c6c1dc7-e49b-4798-ba49-69fabc04fc51","2024-03-04 04:57:29",904,0,"",NA,TRUE,TRUE,TRUE,FALSE
"ESS/IEP/Snapshots/IEP_Job_Seeker_20221031.QVD","IEP_Job_Seeker_20221031.QVD","-","3c6c1dc7-e49b-4798-ba49-69fabc04fc51","2024-03-04 04:57:25",904,0,"",NA,TRUE,TRUE,TRUE,FALSE
"ESS/IEP/Snapshots/IEP_Job_Seeker_20221130.QVD","IEP_Job_Seeker_20221130.QVD","-","3c6c1dc7-e49b-4798-ba49-69fabc04fc51","2024-03-04 04:57:22",904,0,"",NA,TRUE,TRUE,TRUE,FALSE
"ESS/IEP/Snapshots/IEP_Job_Seeker_20221231.QVD","IEP_Job_Seeker_20221231.QVD","-","3c6c1dc7-e49b-4798-ba49-69fabc04fc51","2024-03-04 04:57:19",904,0,"",NA,TRUE,TRUE,TRUE,FALSE
"ESS/IEP/Snapshots/IEP_Job_Seeker_20230131.QVD","IEP_Job_Seeker_20230131.QVD","-","3c6c1dc7-e49b-4798-ba49-69fabc04fc51","2024-03-04 04:57:15",904,0,"",NA,TRUE,TRUE,TRUE,FALSE
"ESS/IEP/Snapshots/IEP_Job_Seeker_20230228.QVD","IEP_Job_Seeker_20230228.QVD","-","3c6c1dc7-e49b-4798-ba49-69fabc04fc51","2024-03-04 04:57:12",904,0,"",NA,TRUE,TRUE,TRUE,FALSE
"ESS/IEP/Snapshots/IEP_Job_Seeker_20230331.QVD","IEP_Job_Seeker_20230331.QVD","-","3c6c1dc7-e49b-4798-ba49-69fabc04fc51","2024-03-04 04:57:08",904,0,"",NA,TRUE,TRUE,TRUE,FALSE
"ESS/IEP/Snapshots/IEP_Job_Seeker_20230430.QVD","IEP_Job_Seeker_20230430.QVD","-","3c6c1dc7-e49b-4798-ba49-69fabc04fc51","2024-03-04 04:57:04",904,0,"",NA,TRUE,TRUE,TRUE,TRUE
"ESS/IEP/Snapshots/IEP_Job_Seeker_20230531.QVD","IEP_Job_Seeker_20230531.QVD","-","3c6c1dc7-e49b-4798-ba49-69fabc04fc51","2024-03-04 04:57:00",904,0,"",NA,TRUE,TRUE,TRUE,TRUE
"ESS/IEP/Snapshots/IEP_Job_Seeker_20230630.QVD","IEP_Job_Seeker_20230630.QVD","-","3c6c1dc7-e49b-4798-ba49-69fabc04fc51","2024-03-04 04:56:56",904,0,"",NA,TRUE,TRUE,TRUE,TRUE
"ESS/IEP/Snapshots/IEP_Job_Seeker_20230731.QVD","IEP_Job_Seeker_20230731.QVD","-","3c6c1dc7-e49b-4798-ba49-69fabc04fc51","2024-03-04 04:56:53",904,0,"",NA,TRUE,TRUE,TRUE,TRUE
"ESS/IEP/Snapshots/IEP_Job_Seeker_20230831.QVD","IEP_Job_Seeker_20230831.QVD","-","3c6c1dc7-e49b-4798-ba49-69fabc04fc51","2024-03-04 04:56:49",904,0,"",NA,TRUE,TRUE,TRUE,TRUE
"ESS/IEP/Snapshots/IEP_Job_Seeker_20230930.QVD","IEP_Job_Seeker_20230930.QVD","-","3c6c1dc7-e49b-4798-ba49-69fabc04fc51","2024-03-04 04:56:45",904,0,"",NA,TRUE,TRUE,TRUE,TRUE
"ESS/IEP/Snapshots/IEP_Job_Seeker_20231031.QVD","IEP_Job_Seeker_20231031.QVD","-","3c6c1dc7-e49b-4798-ba49-69fabc04fc51","2024-03-04 04:56:41",904,0,"",NA,TRUE,TRUE,TRUE,TRUE
"ESS/IEP/Snapshots/IEP_Job_Seeker_20231130.QVD","IEP_Job_Seeker_20231130.QVD","-","3c6c1dc7-e49b-4798-ba49-69fabc04fc51","2024-03-04 04:56:38",904,0,"",NA,TRUE,TRUE,TRUE,TRUE
"ESS/IEP/Snapshots/IEP_Job_Seeker_20231231.QVD","IEP_Job_Seeker_20231231.QVD","-","3c6c1dc7-e49b-4798-ba49-69fabc04fc51","2024-03-04 04:56:35",904,0,"",NA,TRUE,TRUE,TRUE,TRUE
"ESS/IEP/Snapshots/IEP_Job_Seeker_20240131.QVD","IEP_Job_Seeker_20240131.QVD","-","3c6c1dc7-e49b-4798-ba49-69fabc04fc51","2024-03-04 04:56:32",904,0,"",NA,TRUE,TRUE,TRUE,TRUE
"ESS/IEP/Snapshots/IEP_Job_Seeker_20240229.QVD","IEP_Job_Seeker_20240229.QVD","-","3c6c1dc7-e49b-4798-ba49-69fabc04fc51","2024-03-04 04:56:29",904,0,"",NA,TRUE,TRUE,TRUE,TRUE
"ESS/IEP/BK/0.Sun/IEP_Job_Seeker.QVD","IEP_Job_Seeker.QVD","-","3c6c1dc7-e49b-4798-ba49-69fabc04fc51","2024-02-25 08:06:14",912,0,"",NA,TRUE,TRUE,TRUE,FALSE
"ESS/IEP/BK/1.Mon/IEP_Job_Seeker.QVD","IEP_Job_Seeker.QVD","-","3c6c1dc7-e49b-4798-ba49-69fabc04fc51","2024-03-04 08:54:53",904,0,"",NA,TRUE,TRUE,TRUE,FALSE
"ESS/IEP/BK/2.Tue/IEP_Job_Seeker.QVD","IEP_Job_Seeker.QVD","-","3c6c1dc7-e49b-4798-ba49-69fabc04fc51","2024-03-12 07:59:36",896,0,"",NA,TRUE,TRUE,TRUE,FALSE
"ESS/IEP/BK/3.Wed/IEP_Job_Seeker.QVD","IEP_Job_Seeker.QVD","-","3c6c1dc7-e49b-4798-ba49-69fabc04fc51","2024-03-12 23:52:20",896,0,"",NA,TRUE,TRUE,TRUE,FALSE
"ESS/IEP/BK/4.Thu/IEP_Job_Seeker.QVD","IEP_Job_Seeker.QVD","-","3c6c1dc7-e49b-4798-ba49-69fabc04fc51","2024-02-29 08:03:10",908,0,"",NA,TRUE,TRUE,TRUE,FALSE
"ESS/IEP/BK/5.Fri/IEP_Job_Seeker.QVD","IEP_Job_Seeker.QVD","-","3c6c1dc7-e49b-4798-ba49-69fabc04fc51","2024-03-01 00:18:41",907,0,"",NA,TRUE,TRUE,TRUE,FALSE
"ESS/IEP/BK/6.Sat/IEP_Job_Seeker.QVD","IEP_Job_Seeker.QVD","-","3c6c1dc7-e49b-4798-ba49-69fabc04fc51","2024-02-24 08:19:18",913,0,"",NA,TRUE,TRUE,TRUE,FALSE
"ESS/IEP/Snapshots/IEP_LOCATIONS_20200930.QVD","IEP_LOCATIONS_20200930.QVD","-","3c6c1dc7-e49b-4798-ba49-69fabc04fc51","2021-11-02 22:30:59",1757,0,"",NA,TRUE,TRUE,TRUE,FALSE
"ESS/IEP/Snapshots/IEP_LOCATIONS_20201031.QVD","IEP_LOCATIONS_20201031.QVD","-","3c6c1dc7-e49b-4798-ba49-69fabc04fc51","2021-11-02 22:30:54",1757,0,"",NA,TRUE,TRUE,TRUE,FALSE
"ESS/IEP/Snapshots/IEP_LOCATIONS_20201130.QVD","IEP_LOCATIONS_20201130.QVD","-","3c6c1dc7-e49b-4798-ba49-69fabc04fc51","2021-11-02 22:30:49",1757,0,"",NA,TRUE,TRUE,TRUE,FALSE
"ESS/IEP/Snapshots/IEP_LOCATIONS_20201231.QVD","IEP_LOCATIONS_20201231.QVD","-","3c6c1dc7-e49b-4798-ba49-69fabc04fc51","2021-11-02 22:30:43",1757,0,"",NA,TRUE,TRUE,TRUE,FALSE
"ESS/IEP/Snapshots/IEP_LOCATIONS_20210131.QVD","IEP_LOCATIONS_20210131.QVD","-","3c6c1dc7-e49b-4798-ba49-69fabc04fc51","2021-11-02 22:30:37",1757,0,"",NA,TRUE,TRUE,TRUE,FALSE
"ESS/IEP/Snapshots/IEP_LOCATIONS_20210228.QVD","IEP_LOCATIONS_20210228.QVD","-","3c6c1dc7-e49b-4798-ba49-69fabc04fc51","2021-11-02 22:30:31",1757,0,"",NA,TRUE,TRUE,TRUE,FALSE
"ESS/IEP/Snapshots/IEP_LOCATIONS_20210331.QVD","IEP_LOCATIONS_20210331.QVD","-","3c6c1dc7-e49b-4798-ba49-69fabc04fc51","2021-11-02 22:30:26",1757,0,"",NA,TRUE,TRUE,TRUE,FALSE
"ESS/IEP/Snapshots/IEP_LOCATIONS_20210430.QVD","IEP_LOCATIONS_20210430.QVD","-","3c6c1dc7-e49b-4798-ba49-69fabc04fc51","2021-11-02 22:30:20",1757,0,"",NA,TRUE,TRUE,TRUE,FALSE
"ESS/IEP/Snapshots/IEP_LOCATIONS_20210531.QVD","IEP_LOCATIONS_20210531.QVD","-","3c6c1dc7-e49b-4798-ba49-69fabc04fc51","2021-11-02 22:30:13",1757,0,"",NA,TRUE,TRUE,TRUE,FALSE
"ESS/IEP/Snapshots/IEP_LOCATIONS_20210630.QVD","IEP_LOCATIONS_20210630.QVD","-","3c6c1dc7-e49b-4798-ba49-69fabc04fc51","2021-11-02 22:30:07",1757,0,"",NA,TRUE,TRUE,TRUE,FALSE
"ESS/IEP/Snapshots/IEP_LOCATIONS_20210731.QVD","IEP_LOCATIONS_20210731.QVD","-","3c6c1dc7-e49b-4798-ba49-69fabc04fc51","2021-11-02 22:30:01",1757,0,"",NA,TRUE,TRUE,TRUE,FALSE
"ESS/IEP/Snapshots/IEP_LOCATIONS_20210831.QVD","IEP_LOCATIONS_20210831.QVD","-","3c6c1dc7-e49b-4798-ba49-69fabc04fc51","2021-11-02 22:29:54",1757,0,"",NA,TRUE,TRUE,TRUE,FALSE
"ESS/IEP/Snapshots/IEP_LOCATIONS_20210930.QVD","IEP_LOCATIONS_20210930.QVD","-","3c6c1dc7-e49b-4798-ba49-69fabc04fc51","2021-11-02 22:29:48",1757,0,"",NA,TRUE,TRUE,TRUE,FALSE
"ESS/IEP/Snapshots/IEP_LOCATIONS_20211031.QVD","IEP_LOCATIONS_20211031.QVD","-","3c6c1dc7-e49b-4798-ba49-69fabc04fc51","2021-11-02 22:29:42",1757,0,"",NA,TRUE,TRUE,TRUE,FALSE
"ESS/IEP/Snapshots/IEP_LOCATIONS_20211130.QVD","IEP_LOCATIONS_20211130.QVD","-","3c6c1dc7-e49b-4798-ba49-69fabc04fc51","2021-12-01 07:12:49",1728,0,"",NA,TRUE,TRUE,TRUE,FALSE
"ESS/IEP/Snapshots/IEP_LOCATIONS_20220131.QVD","IEP_LOCATIONS_20220131.QVD","-","3c6c1dc7-e49b-4798-ba49-69fabc04fc51","2022-02-01 06:57:26",1666,0,"",NA,TRUE,TRUE,TRUE,FALSE
"ESS/IEP/Snapshots/IEP_LOCATIONS_20220228.QVD","IEP_LOCATIONS_20220228.QVD","-","3c6c1dc7-e49b-4798-ba49-69fabc04fc51","2024-03-04 04:57:50",904,0,"",NA,TRUE,TRUE,TRUE,FALSE
"ESS/IEP/Snapshots/IEP_LOCATIONS_20220331.QVD","IEP_LOCATIONS_20220331.QVD","-","3c6c1dc7-e49b-4798-ba49-69fabc04fc51","2024-03-04 04:57:47",904,0,"",NA,TRUE,TRUE,TRUE,FALSE
"ESS/IEP/Snapshots/IEP_LOCATIONS_20220430.QVD","IEP_LOCATIONS_20220430.QVD","-","3c6c1dc7-e49b-4798-ba49-69fabc04fc51","2024-03-04 04:57:44",904,0,"",NA,TRUE,TRUE,TRUE,FALSE
"ESS/IEP/Snapshots/IEP_LOCATIONS_20220531.QVD","IEP_LOCATIONS_20220531.QVD","-","3c6c1dc7-e49b-4798-ba49-69fabc04fc51","2024-03-04 04:57:41",904,0,"",NA,TRUE,TRUE,TRUE,FALSE
"ESS/IEP/Snapshots/IEP_LOCATIONS_20220630.QVD","IEP_LOCATIONS_20220630.QVD","-","3c6c1dc7-e49b-4798-ba49-69fabc04fc51","2024-03-04 04:57:37",904,0,"",NA,TRUE,TRUE,TRUE,FALSE
"ESS/IEP/Snapshots/IEP_LOCATIONS_20220731.QVD","IEP_LOCATIONS_20220731.QVD","-","3c6c1dc7-e49b-4798-ba49-69fabc04fc51","2024-03-04 04:57:34",904,0,"",NA,TRUE,TRUE,TRUE,FALSE
"ESS/IEP/Snapshots/IEP_LOCATIONS_20220831.QVD","IEP_LOCATIONS_20220831.QVD","-","3c6c1dc7-e49b-4798-ba49-69fabc04fc51","2024-03-04 04:57:31",904,0,"",NA,TRUE,TRUE,TRUE,FALSE
"ESS/IEP/Snapshots/IEP_LOCATIONS_20220930.QVD","IEP_LOCATIONS_20220930.QVD","-","3c6c1dc7-e49b-4798-ba49-69fabc04fc51","2024-03-04 04:57:27",904,0,"",NA,TRUE,TRUE,TRUE,FALSE
"ESS/IEP/Snapshots/IEP_LOCATIONS_20221031.QVD","IEP_LOCATIONS_20221031.QVD","-","3c6c1dc7-e49b-4798-ba49-69fabc04fc51","2024-03-04 04:57:24",904,0,"",NA,TRUE,TRUE,TRUE,FALSE
"ESS/IEP/Snapshots/IEP_LOCATIONS_20221130.QVD","IEP_LOCATIONS_20221130.QVD","-","3c6c1dc7-e49b-4798-ba49-69fabc04fc51","2024-03-04 04:57:20",904,0,"",NA,TRUE,TRUE,TRUE,FALSE
"ESS/IEP/Snapshots/IEP_LOCATIONS_20221231.QVD","IEP_LOCATIONS_20221231.QVD","-","3c6c1dc7-e49b-4798-ba49-69fabc04fc51","2024-03-04 04:57:17",904,0,"",NA,TRUE,TRUE,TRUE,FALSE
"ESS/IEP/Snapshots/IEP_LOCATIONS_20230131.QVD","IEP_LOCATIONS_20230131.QVD","-","3c6c1dc7-e49b-4798-ba49-69fabc04fc51","2024-03-04 04:57:13",904,0,"",NA,TRUE,TRUE,TRUE,FALSE
"ESS/IEP/Snapshots/IEP_LOCATIONS_20230228.QVD","IEP_LOCATIONS_20230228.QVD","-","3c6c1dc7-e49b-4798-ba49-69fabc04fc51","2024-03-04 04:57:10",904,0,"",NA,TRUE,TRUE,TRUE,FALSE
"ESS/IEP/Snapshots/IEP_LOCATIONS_20230331.QVD","IEP_LOCATIONS_20230331.QVD","-","3c6c1dc7-e49b-4798-ba49-69fabc04fc51","2024-03-04 04:57:06",904,0,"",NA,TRUE,TRUE,TRUE,FALSE
"ESS/IEP/Snapshots/IEP_LOCATIONS_20230430.QVD","IEP_LOCATIONS_20230430.QVD","-","3c6c1dc7-e49b-4798-ba49-69fabc04fc51","2024-03-04 04:57:02",904,0,"",NA,TRUE,TRUE,TRUE,FALSE
"ESS/IEP/Snapshots/IEP_LOCATIONS_20230531.QVD","IEP_LOCATIONS_20230531.QVD","-","3c6c1dc7-e49b-4798-ba49-69fabc04fc51","2024-03-04 04:56:58",904,0,"",NA,TRUE,TRUE,TRUE,FALSE
"ESS/IEP/Snapshots/IEP_LOCATIONS_20230630.QVD","IEP_LOCATIONS_20230630.QVD","-","3c6c1dc7-e49b-4798-ba49-69fabc04fc51","2024-03-04 04:56:55",904,0,"",NA,TRUE,TRUE,TRUE,FALSE
"ESS/IEP/Snapshots/IEP_LOCATIONS_20230731.QVD","IEP_LOCATIONS_20230731.QVD","-","3c6c1dc7-e49b-4798-ba49-69fabc04fc51","2024-03-04 04:56:51",904,0,"",NA,TRUE,TRUE,TRUE,FALSE
"ESS/IEP/Snapshots/IEP_LOCATIONS_20230831.QVD","IEP_LOCATIONS_20230831.QVD","-","3c6c1dc7-e49b-4798-ba49-69fabc04fc51","2024-03-04 04:56:47",904,0,"",NA,TRUE,TRUE,TRUE,TRUE
"ESS/IEP/Snapshots/IEP_LOCATIONS_20230930.QVD","IEP_LOCATIONS_20230930.QVD","-","3c6c1dc7-e49b-4798-ba49-69fabc04fc51","2024-03-04 04:56:43",904,0,"",NA,TRUE,TRUE,TRUE,TRUE
"ESS/IEP/Snapshots/IEP_LOCATIONS_20231031.QVD","IEP_LOCATIONS_20231031.QVD","-","3c6c1dc7-e49b-4798-ba49-69fabc04fc51","2024-03-04 04:56:40",904,0,"",NA,TRUE,TRUE,TRUE,TRUE
"ESS/IEP/Snapshots/IEP_LOCATIONS_20231130.QVD","IEP_LOCATIONS_20231130.QVD","-","3c6c1dc7-e49b-4798-ba49-69fabc04fc51","2024-03-04 04:56:37",904,0,"",NA,TRUE,TRUE,TRUE,TRUE
"ESS/IEP/Snapshots/IEP_LOCATIONS_20231231.QVD","IEP_LOCATIONS_20231231.QVD","-","3c6c1dc7-e49b-4798-ba49-69fabc04fc51","2024-03-04 04:56:33",904,0,"",NA,TRUE,TRUE,TRUE,TRUE
"ESS/IEP/Snapshots/IEP_LOCATIONS_20240131.QVD","IEP_LOCATIONS_20240131.QVD","-","3c6c1dc7-e49b-4798-ba49-69fabc04fc51","2024-03-04 04:56:30",904,0,"",NA,TRUE,TRUE,TRUE,TRUE
"ESS/IEP/Snapshots/IEP_LOCATIONS_20240229.QVD","IEP_LOCATIONS_20240229.QVD","-","3c6c1dc7-e49b-4798-ba49-69fabc04fc51","2024-03-04 04:56:27",904,0,"",NA,TRUE,TRUE,TRUE,TRUE
"ESS/IEP/BK/0.Sun/IEP_LOCATIONS.QVD","IEP_LOCATIONS.QVD","-","3c6c1dc7-e49b-4798-ba49-69fabc04fc51","2024-02-25 08:06:11",912,0,"",NA,TRUE,TRUE,TRUE,FALSE
"ESS/IEP/BK/1.Mon/IEP_LOCATIONS.QVD","IEP_LOCATIONS.QVD","-","3c6c1dc7-e49b-4798-ba49-69fabc04fc51","2024-03-04 08:54:51",904,0,"",NA,TRUE,TRUE,TRUE,FALSE
"ESS/IEP/BK/2.Tue/IEP_LOCATIONS.QVD","IEP_LOCATIONS.QVD","-","3c6c1dc7-e49b-4798-ba49-69fabc04fc51","2024-03-12 07:59:34",896,0,"",NA,TRUE,TRUE,TRUE,FALSE
"ESS/IEP/BK/3.Wed/IEP_LOCATIONS.QVD","IEP_LOCATIONS.QVD","-","3c6c1dc7-e49b-4798-ba49-69fabc04fc51","2024-03-12 23:52:18",896,0,"",NA,TRUE,TRUE,TRUE,FALSE
"ESS/IEP/BK/4.Thu/IEP_LOCATIONS.QVD","IEP_LOCATIONS.QVD","-","3c6c1dc7-e49b-4798-ba49-69fabc04fc51","2024-02-29 08:03:08",908,0,"",NA,TRUE,TRUE,TRUE,FALSE
"ESS/IEP/BK/5.Fri/IEP_LOCATIONS.QVD","IEP_LOCATIONS.QVD","-","3c6c1dc7-e49b-4798-ba49-69fabc04fc51","2024-03-01 00:18:39",907,0,"",NA,TRUE,TRUE,TRUE,FALSE
"ESS/IEP/BK/6.Sat/IEP_LOCATIONS.QVD","IEP_LOCATIONS.QVD","-","3c6c1dc7-e49b-4798-ba49-69fabc04fc51","2024-02-24 08:19:16",913,0,"",NA,TRUE,TRUE,TRUE,FALSE
"ESS/IEP/Snapshots/IEP_Outcome_20200930.QVD","IEP_Outcome_20200930.QVD","-","3c6c1dc7-e49b-4798-ba49-69fabc04fc51","2021-11-02 22:31:02",1757,0,"",NA,TRUE,TRUE,TRUE,FALSE
"ESS/IEP/Snapshots/IEP_Outcome_20201031.QVD","IEP_Outcome_20201031.QVD","-","3c6c1dc7-e49b-4798-ba49-69fabc04fc51","2021-11-02 22:30:56",1757,0,"",NA,TRUE,TRUE,TRUE,FALSE
"ESS/IEP/Snapshots/IEP_Outcome_20201130.QVD","IEP_Outcome_20201130.QVD","-","3c6c1dc7-e49b-4798-ba49-69fabc04fc51","2021-11-02 22:30:51",1757,0,"",NA,TRUE,TRUE,TRUE,FALSE
"ESS/IEP/Snapshots/IEP_Outcome_20201231.QVD","IEP_Outcome_20201231.QVD","-","3c6c1dc7-e49b-4798-ba49-69fabc04fc51","2021-11-02 22:30:45",1757,0,"",NA,TRUE,TRUE,TRUE,FALSE
"ESS/IEP/Snapshots/IEP_Outcome_20210131.QVD","IEP_Outcome_20210131.QVD","-","3c6c1dc7-e49b-4798-ba49-69fabc04fc51","2021-11-02 22:30:40",1757,0,"",NA,TRUE,TRUE,TRUE,FALSE
"ESS/IEP/Snapshots/IEP_Outcome_20210228.QVD","IEP_Outcome_20210228.QVD","-","3c6c1dc7-e49b-4798-ba49-69fabc04fc51","2021-11-02 22:30:34",1757,0,"",NA,TRUE,TRUE,TRUE,FALSE
"ESS/IEP/Snapshots/IEP_Outcome_20210331.QVD","IEP_Outcome_20210331.QVD","-","3c6c1dc7-e49b-4798-ba49-69fabc04fc51","2021-11-02 22:30:28",1757,0,"",NA,TRUE,TRUE,TRUE,FALSE
"ESS/IEP/Snapshots/IEP_Outcome_20210430.QVD","IEP_Outcome_20210430.QVD","-","3c6c1dc7-e49b-4798-ba49-69fabc04fc51","2021-11-02 22:30:22",1757,0,"",NA,TRUE,TRUE,TRUE,FALSE
"ESS/IEP/Snapshots/IEP_Outcome_20210531.QVD","IEP_Outcome_20210531.QVD","-","3c6c1dc7-e49b-4798-ba49-69fabc04fc51","2021-11-02 22:30:16",1757,0,"",NA,TRUE,TRUE,TRUE,FALSE
"ESS/IEP/Snapshots/IEP_Outcome_20210630.QVD","IEP_Outcome_20210630.QVD","-","3c6c1dc7-e49b-4798-ba49-69fabc04fc51","2021-11-02 22:30:10",1757,0,"",NA,TRUE,TRUE,TRUE,FALSE
"ESS/IEP/Snapshots/IEP_Outcome_20210731.QVD","IEP_Outcome_20210731.QVD","-","3c6c1dc7-e49b-4798-ba49-69fabc04fc51","2021-11-02 22:30:03",1757,0,"",NA,TRUE,TRUE,TRUE,FALSE
"ESS/IEP/Snapshots/IEP_Outcome_20210831.QVD","IEP_Outcome_20210831.QVD","-","3c6c1dc7-e49b-4798-ba49-69fabc04fc51","2021-11-02 22:29:57",1757,0,"",NA,TRUE,TRUE,TRUE,FALSE
"ESS/IEP/Snapshots/IEP_Outcome_20210930.QVD","IEP_Outcome_20210930.QVD","-","3c6c1dc7-e49b-4798-ba49-69fabc04fc51","2021-11-02 22:29:51",1757,0,"",NA,TRUE,TRUE,TRUE,FALSE
"ESS/IEP/Snapshots/IEP_Outcome_20211031.QVD","IEP_Outcome_20211031.QVD","-","3c6c1dc7-e49b-4798-ba49-69fabc04fc51","2021-11-02 22:29:45",1757,0,"",NA,TRUE,TRUE,TRUE,FALSE
"ESS/IEP/Snapshots/IEP_Outcome_20211130.QVD","IEP_Outcome_20211130.QVD","-","3c6c1dc7-e49b-4798-ba49-69fabc04fc51","2021-12-01 07:12:51",1728,0,"",NA,TRUE,TRUE,TRUE,FALSE
"ESS/IEP/Snapshots/IEP_Outcome_20220131.QVD","IEP_Outcome_20220131.QVD","-","3c6c1dc7-e49b-4798-ba49-69fabc04fc51","2022-02-01 06:57:29",1666,0,"",NA,TRUE,TRUE,TRUE,FALSE
"ESS/IEP/Snapshots/IEP_Outcome_20220228.QVD","IEP_Outcome_20220228.QVD","-","3c6c1dc7-e49b-4798-ba49-69fabc04fc51","2024-03-04 04:57:51",904,0,"",NA,TRUE,TRUE,TRUE,FALSE
"ESS/IEP/Snapshots/IEP_Outcome_20220331.QVD","IEP_Outcome_20220331.QVD","-","3c6c1dc7-e49b-4798-ba49-69fabc04fc51","2024-03-04 04:57:48",904,0,"",NA,TRUE,TRUE,TRUE,FALSE
"ESS/IEP/Snapshots/IEP_Outcome_20220430.QVD","IEP_Outcome_20220430.QVD","-","3c6c1dc7-e49b-4798-ba49-69fabc04fc51","2024-03-04 04:57:45",904,0,"",NA,TRUE,TRUE,TRUE,FALSE
"ESS/IEP/Snapshots/IEP_Outcome_20220531.QVD","IEP_Outcome_20220531.QVD","-","3c6c1dc7-e49b-4798-ba49-69fabc04fc51","2024-03-04 04:57:42",904,0,"",NA,TRUE,TRUE,TRUE,FALSE
"ESS/IEP/Snapshots/IEP_Outcome_20220630.QVD","IEP_Outcome_20220630.QVD","-","3c6c1dc7-e49b-4798-ba49-69fabc04fc51","2024-03-04 04:57:39",904,0,"",NA,TRUE,TRUE,TRUE,FALSE
"ESS/IEP/Snapshots/IEP_Outcome_20220731.QVD","IEP_Outcome_20220731.QVD","-","3c6c1dc7-e49b-4798-ba49-69fabc04fc51","2024-03-04 04:57:35",904,0,"",NA,TRUE,TRUE,TRUE,FALSE
"ESS/IEP/Snapshots/IEP_Outcome_20220831.QVD","IEP_Outcome_20220831.QVD","-","3c6c1dc7-e49b-4798-ba49-69fabc04fc51","2024-03-04 04:57:32",904,0,"",NA,TRUE,TRUE,TRUE,FALSE
"ESS/IEP/Snapshots/IEP_Outcome_20220930.QVD","IEP_Outcome_20220930.QVD","-","3c6c1dc7-e49b-4798-ba49-69fabc04fc51","2024-03-04 04:57:28",904,0,"",NA,TRUE,TRUE,TRUE,FALSE
"ESS/IEP/Snapshots/IEP_Outcome_20221031.QVD","IEP_Outcome_20221031.QVD","-","3c6c1dc7-e49b-4798-ba49-69fabc04fc51","2024-03-04 04:57:25",904,0,"",NA,TRUE,TRUE,TRUE,FALSE
"ESS/IEP/Snapshots/IEP_Outcome_20221130.QVD","IEP_Outcome_20221130.QVD","-","3c6c1dc7-e49b-4798-ba49-69fabc04fc51","2024-03-04 04:57:22",904,0,"",NA,TRUE,TRUE,TRUE,FALSE
"ESS/IEP/Snapshots/IEP_Outcome_20221231.QVD","IEP_Outcome_20221231.QVD","-","3c6c1dc7-e49b-4798-ba49-69fabc04fc51","2024-03-04 04:57:18",904,0,"",NA,TRUE,TRUE,TRUE,FALSE
"ESS/IEP/Snapshots/IEP_Outcome_20230131.QVD","IEP_Outcome_20230131.QVD","-","3c6c1dc7-e49b-4798-ba49-69fabc04fc51","2024-03-04 04:57:15",904,0,"",NA,TRUE,TRUE,TRUE,FALSE
"ESS/IEP/Snapshots/IEP_Outcome_20230228.QVD","IEP_Outcome_20230228.QVD","-","3c6c1dc7-e49b-4798-ba49-69fabc04fc51","2024-03-04 04:57:11",904,0,"",NA,TRUE,TRUE,TRUE,FALSE
"ESS/IEP/Snapshots/IEP_Outcome_20230331.QVD","IEP_Outcome_20230331.QVD","-","3c6c1dc7-e49b-4798-ba49-69fabc04fc51","2024-03-04 04:57:07",904,0,"",NA,TRUE,TRUE,TRUE,FALSE
"ESS/IEP/Snapshots/IEP_Outcome_20230430.QVD","IEP_Outcome_20230430.QVD","-","3c6c1dc7-e49b-4798-ba49-69fabc04fc51","2024-03-04 04:57:03",904,0,"",NA,TRUE,TRUE,TRUE,FALSE
"ESS/IEP/Snapshots/IEP_Outcome_20230531.QVD","IEP_Outcome_20230531.QVD","-","3c6c1dc7-e49b-4798-ba49-69fabc04fc51","2024-03-04 04:57:00",904,0,"",NA,TRUE,TRUE,TRUE,FALSE
"ESS/IEP/Snapshots/IEP_Outcome_20230630.QVD","IEP_Outcome_20230630.QVD","-","3c6c1dc7-e49b-4798-ba49-69fabc04fc51","2024-03-04 04:56:56",904,0,"",NA,TRUE,TRUE,TRUE,FALSE
"ESS/IEP/Snapshots/IEP_Outcome_20230731.QVD","IEP_Outcome_20230731.QVD","-","3c6c1dc7-e49b-4798-ba49-69fabc04fc51","2024-03-04 04:56:52",904,0,"",NA,TRUE,TRUE,TRUE,FALSE
"ESS/IEP/Snapshots/IEP_Outcome_20230831.QVD","IEP_Outcome_20230831.QVD","-","3c6c1dc7-e49b-4798-ba49-69fabc04fc51","2024-03-04 04:56:48",904,0,"",NA,TRUE,TRUE,TRUE,TRUE
"ESS/IEP/Snapshots/IEP_Outcome_20230930.QVD","IEP_Outcome_20230930.QVD","-","3c6c1dc7-e49b-4798-ba49-69fabc04fc51","2024-03-04 04:56:44",904,0,"",NA,TRUE,TRUE,TRUE,TRUE
"ESS/IEP/Snapshots/IEP_Outcome_20231031.QVD","IEP_Outcome_20231031.QVD","-","3c6c1dc7-e49b-4798-ba49-69fabc04fc51","2024-03-04 04:56:41",904,0,"",NA,TRUE,TRUE,TRUE,TRUE
"ESS/IEP/Snapshots/IEP_Outcome_20231130.QVD","IEP_Outcome_20231130.QVD","-","3c6c1dc7-e49b-4798-ba49-69fabc04fc51","2024-03-04 04:56:38",904,0,"",NA,TRUE,TRUE,TRUE,TRUE
"ESS/IEP/Snapshots/IEP_Outcome_20231231.QVD","IEP_Outcome_20231231.QVD","-","3c6c1dc7-e49b-4798-ba49-69fabc04fc51","2024-03-04 04:56:35",904,0,"",NA,TRUE,TRUE,TRUE,TRUE
"ESS/IEP/Snapshots/IEP_Outcome_20240131.QVD","IEP_Outcome_20240131.QVD","-","3c6c1dc7-e49b-4798-ba49-69fabc04fc51","2024-03-04 04:56:31",904,0,"",NA,TRUE,TRUE,TRUE,TRUE
"ESS/IEP/Snapshots/IEP_Outcome_20240229.QVD","IEP_Outcome_20240229.QVD","-","3c6c1dc7-e49b-4798-ba49-69fabc04fc51","2024-03-04 04:56:28",904,0,"",NA,TRUE,TRUE,TRUE,TRUE
"ESS/IEP/BK/0.Sun/IEP_Outcome.QVD","IEP_Outcome.QVD","-","3c6c1dc7-e49b-4798-ba49-69fabc04fc51","2024-02-25 08:06:13",912,0,"",NA,TRUE,TRUE,TRUE,FALSE
"ESS/IEP/BK/1.Mon/IEP_Outcome.QVD","IEP_Outcome.QVD","-","3c6c1dc7-e49b-4798-ba49-69fabc04fc51","2024-03-04 08:54:52",904,0,"",NA,TRUE,TRUE,TRUE,FALSE
"ESS/IEP/BK/2.Tue/IEP_Outcome.QVD","IEP_Outcome.QVD","-","3c6c1dc7-e49b-4798-ba49-69fabc04fc51","2024-03-12 07:59:36",896,0,"",NA,TRUE,TRUE,TRUE,FALSE
"ESS/IEP/BK/3.Wed/IEP_Outcome.QVD","IEP_Outcome.QVD","-","3c6c1dc7-e49b-4798-ba49-69fabc04fc51","2024-03-12 23:52:19",896,0,"",NA,TRUE,TRUE,TRUE,FALSE
"ESS/IEP/BK/4.Thu/IEP_Outcome.QVD","IEP_Outcome.QVD","-","3c6c1dc7-e49b-4798-ba49-69fabc04fc51","2024-02-29 08:03:10",908,0,"",NA,TRUE,TRUE,TRUE,FALSE
"ESS/IEP/BK/5.Fri/IEP_Outcome.QVD","IEP_Outcome.QVD","-","3c6c1dc7-e49b-4798-ba49-69fabc04fc51","2024-03-01 00:18:41",907,0,"",NA,TRUE,TRUE,TRUE,FALSE
"ESS/IEP/BK/6.Sat/IEP_Outcome.QVD","IEP_Outcome.QVD","-","3c6c1dc7-e49b-4798-ba49-69fabc04fc51","2024-02-24 08:19:18",913,0,"",NA,TRUE,TRUE,TRUE,FALSE
"ESS/IEP/Snapshots/IEP_Placement_20200930.QVD","IEP_Placement_20200930.QVD","-","3c6c1dc7-e49b-4798-ba49-69fabc04fc51","2021-11-02 22:31:00",1757,0,"",NA,TRUE,TRUE,TRUE,FALSE
"ESS/IEP/Snapshots/IEP_Placement_20201031.QVD","IEP_Placement_20201031.QVD","-","3c6c1dc7-e49b-4798-ba49-69fabc04fc51","2021-11-02 22:30:55",1757,0,"",NA,TRUE,TRUE,TRUE,FALSE
"ESS/IEP/Snapshots/IEP_Placement_20201130.QVD","IEP_Placement_20201130.QVD","-","3c6c1dc7-e49b-4798-ba49-69fabc04fc51","2021-11-02 22:30:49",1757,0,"",NA,TRUE,TRUE,TRUE,FALSE
"ESS/IEP/Snapshots/IEP_Placement_20201231.QVD","IEP_Placement_20201231.QVD","-","3c6c1dc7-e49b-4798-ba49-69fabc04fc51","2021-11-02 22:30:44",1757,0,"",NA,TRUE,TRUE,TRUE,FALSE
"ESS/IEP/Snapshots/IEP_Placement_20210131.QVD","IEP_Placement_20210131.QVD","-","3c6c1dc7-e49b-4798-ba49-69fabc04fc51","2021-11-02 22:30:38",1757,0,"",NA,TRUE,TRUE,TRUE,FALSE
"ESS/IEP/Snapshots/IEP_Placement_20210228.QVD","IEP_Placement_20210228.QVD","-","3c6c1dc7-e49b-4798-ba49-69fabc04fc51","2021-11-02 22:30:32",1757,0,"",NA,TRUE,TRUE,TRUE,FALSE
"ESS/IEP/Snapshots/IEP_Placement_20210331.QVD","IEP_Placement_20210331.QVD","-","3c6c1dc7-e49b-4798-ba49-69fabc04fc51","2021-11-02 22:30:27",1757,0,"",NA,TRUE,TRUE,TRUE,FALSE
"ESS/IEP/Snapshots/IEP_Placement_20210430.QVD","IEP_Placement_20210430.QVD","-","3c6c1dc7-e49b-4798-ba49-69fabc04fc51","2021-11-02 22:30:21",1757,0,"",NA,TRUE,TRUE,TRUE,FALSE
"ESS/IEP/Snapshots/IEP_Placement_20210531.QVD","IEP_Placement_20210531.QVD","-","3c6c1dc7-e49b-4798-ba49-69fabc04fc51","2021-11-02 22:30:14",1757,0,"",NA,TRUE,TRUE,TRUE,FALSE
"ESS/IEP/Snapshots/IEP_Placement_20210630.QVD","IEP_Placement_20210630.QVD","-","3c6c1dc7-e49b-4798-ba49-69fabc04fc51","2021-11-02 22:30:08",1757,0,"",NA,TRUE,TRUE,TRUE,FALSE
"ESS/IEP/Snapshots/IEP_Placement_20210731.QVD","IEP_Placement_20210731.QVD","-","3c6c1dc7-e49b-4798-ba49-69fabc04fc51","2021-11-02 22:30:01",1757,0,"",NA,TRUE,TRUE,TRUE,FALSE
"ESS/IEP/Snapshots/IEP_Placement_20210831.QVD","IEP_Placement_20210831.QVD","-","3c6c1dc7-e49b-4798-ba49-69fabc04fc51","2021-11-02 22:29:55",1757,0,"",NA,TRUE,TRUE,TRUE,FALSE
"ESS/IEP/Snapshots/IEP_Placement_20210930.QVD","IEP_Placement_20210930.QVD","-","3c6c1dc7-e49b-4798-ba49-69fabc04fc51","2021-11-02 22:29:49",1757,0,"",NA,TRUE,TRUE,TRUE,FALSE
"ESS/IEP/Snapshots/IEP_Placement_20211031.QVD","IEP_Placement_20211031.QVD","-","3c6c1dc7-e49b-4798-ba49-69fabc04fc51","2021-11-02 22:29:43",1757,0,"",NA,TRUE,TRUE,TRUE,FALSE
"ESS/IEP/Snapshots/IEP_Placement_20211130.QVD","IEP_Placement_20211130.QVD","-","3c6c1dc7-e49b-4798-ba49-69fabc04fc51","2021-12-01 07:12:50",1728,0,"",NA,TRUE,TRUE,TRUE,FALSE
"ESS/IEP/Snapshots/IEP_Placement_20220131.QVD","IEP_Placement_20220131.QVD","-","3c6c1dc7-e49b-4798-ba49-69fabc04fc51","2022-02-01 06:57:28",1666,0,"",NA,TRUE,TRUE,TRUE,FALSE
"ESS/IEP/Snapshots/IEP_Placement_20220228.QVD","IEP_Placement_20220228.QVD","-","3c6c1dc7-e49b-4798-ba49-69fabc04fc51","2024-03-04 04:57:51",904,0,"",NA,TRUE,TRUE,TRUE,FALSE
"ESS/IEP/Snapshots/IEP_Placement_20220331.QVD","IEP_Placement_20220331.QVD","-","3c6c1dc7-e49b-4798-ba49-69fabc04fc51","2024-03-04 04:57:48",904,0,"",NA,TRUE,TRUE,TRUE,FALSE
"ESS/IEP/Snapshots/IEP_Placement_20220430.QVD","IEP_Placement_20220430.QVD","-","3c6c1dc7-e49b-4798-ba49-69fabc04fc51","2024-03-04 04:57:44",904,0,"",NA,TRUE,TRUE,TRUE,FALSE
"ESS/IEP/Snapshots/IEP_Placement_20220531.QVD","IEP_Placement_20220531.QVD","-","3c6c1dc7-e49b-4798-ba49-69fabc04fc51","2024-03-04 04:57:41",904,0,"",NA,TRUE,TRUE,TRUE,FALSE
"ESS/IEP/Snapshots/IEP_Placement_20220630.QVD","IEP_Placement_20220630.QVD","-","3c6c1dc7-e49b-4798-ba49-69fabc04fc51","2024-03-04 04:57:38",904,0,"",NA,TRUE,TRUE,TRUE,FALSE
"ESS/IEP/Snapshots/IEP_Placement_20220731.QVD","IEP_Placement_20220731.QVD","-","3c6c1dc7-e49b-4798-ba49-69fabc04fc51","2024-03-04 04:57:35",904,0,"",NA,TRUE,TRUE,TRUE,FALSE
"ESS/IEP/Snapshots/IEP_Placement_20220831.QVD","IEP_Placement_20220831.QVD","-","3c6c1dc7-e49b-4798-ba49-69fabc04fc51","2024-03-04 04:57:31",904,0,"",NA,TRUE,TRUE,TRUE,FALSE
"ESS/IEP/Snapshots/IEP_Placement_20220930.QVD","IEP_Placement_20220930.QVD","-","3c6c1dc7-e49b-4798-ba49-69fabc04fc51","2024-03-04 04:57:28",904,0,"",NA,TRUE,TRUE,TRUE,FALSE
"ESS/IEP/Snapshots/IEP_Placement_20221031.QVD","IEP_Placement_20221031.QVD","-","3c6c1dc7-e49b-4798-ba49-69fabc04fc51","2024-03-04 04:57:24",904,0,"",NA,TRUE,TRUE,TRUE,FALSE
"ESS/IEP/Snapshots/IEP_Placement_20221130.QVD","IEP_Placement_20221130.QVD","-","3c6c1dc7-e49b-4798-ba49-69fabc04fc51","2024-03-04 04:57:21",904,0,"",NA,TRUE,TRUE,TRUE,FALSE
"ESS/IEP/Snapshots/IEP_Placement_20221231.QVD","IEP_Placement_20221231.QVD","-","3c6c1dc7-e49b-4798-ba49-69fabc04fc51","2024-03-04 04:57:17",904,0,"",NA,TRUE,TRUE,TRUE,FALSE
"ESS/IEP/Snapshots/IEP_Placement_20230131.QVD","IEP_Placement_20230131.QVD","-","3c6c1dc7-e49b-4798-ba49-69fabc04fc51","2024-03-04 04:57:14",904,0,"",NA,TRUE,TRUE,TRUE,FALSE
"ESS/IEP/Snapshots/IEP_Placement_20230228.QVD","IEP_Placement_20230228.QVD","-","3c6c1dc7-e49b-4798-ba49-69fabc04fc51","2024-03-04 04:57:10",904,0,"",NA,TRUE,TRUE,TRUE,FALSE
"ESS/IEP/Snapshots/IEP_Placement_20230331.QVD","IEP_Placement_20230331.QVD","-","3c6c1dc7-e49b-4798-ba49-69fabc04fc51","2024-03-04 04:57:07",904,0,"",NA,TRUE,TRUE,TRUE,FALSE
"ESS/IEP/Snapshots/IEP_Placement_20230430.QVD","IEP_Placement_20230430.QVD","-","3c6c1dc7-e49b-4798-ba49-69fabc04fc51","2024-03-04 04:57:03",904,0,"",NA,TRUE,TRUE,TRUE,TRUE
"ESS/IEP/Snapshots/IEP_Placement_20230531.QVD","IEP_Placement_20230531.QVD","-","3c6c1dc7-e49b-4798-ba49-69fabc04fc51","2024-03-04 04:56:59",904,0,"",NA,TRUE,TRUE,TRUE,TRUE
"ESS/IEP/Snapshots/IEP_Placement_20230630.QVD","IEP_Placement_20230630.QVD","-","3c6c1dc7-e49b-4798-ba49-69fabc04fc51","2024-03-04 04:56:55",904,0,"",NA,TRUE,TRUE,TRUE,TRUE
"ESS/IEP/Snapshots/IEP_Placement_20230731.QVD","IEP_Placement_20230731.QVD","-","3c6c1dc7-e49b-4798-ba49-69fabc04fc51","2024-03-04 04:56:51",904,0,"",NA,TRUE,TRUE,TRUE,TRUE
"ESS/IEP/Snapshots/IEP_Placement_20230831.QVD","IEP_Placement_20230831.QVD","-","3c6c1dc7-e49b-4798-ba49-69fabc04fc51","2024-03-04 04:56:48",904,0,"",NA,TRUE,TRUE,TRUE,TRUE
"ESS/IEP/Snapshots/IEP_Placement_20230930.QVD","IEP_Placement_20230930.QVD","-","3c6c1dc7-e49b-4798-ba49-69fabc04fc51","2024-03-04 04:56:44",904,0,"",NA,TRUE,TRUE,TRUE,TRUE
"ESS/IEP/Snapshots/IEP_Placement_20231031.QVD","IEP_Placement_20231031.QVD","-","3c6c1dc7-e49b-4798-ba49-69fabc04fc51","2024-03-04 04:56:40",904,0,"",NA,TRUE,TRUE,TRUE,TRUE
"ESS/IEP/Snapshots/IEP_Placement_20231130.QVD","IEP_Placement_20231130.QVD","-","3c6c1dc7-e49b-4798-ba49-69fabc04fc51","2024-03-04 04:56:37",904,0,"",NA,TRUE,TRUE,TRUE,TRUE
"ESS/IEP/Snapshots/IEP_Placement_20231231.QVD","IEP_Placement_20231231.QVD","-","3c6c1dc7-e49b-4798-ba49-69fabc04fc51","2024-03-04 04:56:34",904,0,"",NA,TRUE,TRUE,TRUE,TRUE
"ESS/IEP/Snapshots/IEP_Placement_20240131.QVD","IEP_Placement_20240131.QVD","-","3c6c1dc7-e49b-4798-ba49-69fabc04fc51","2024-03-04 04:56:31",904,0,"",NA,TRUE,TRUE,TRUE,TRUE
"ESS/IEP/Snapshots/IEP_Placement_20240229.QVD","IEP_Placement_20240229.QVD","-","3c6c1dc7-e49b-4798-ba49-69fabc04fc51","2024-03-04 04:56:28",904,0,"",NA,TRUE,TRUE,TRUE,TRUE
"ESS/IEP/BK/0.Sun/IEP_Placement.QVD","IEP_Placement.QVD","-","3c6c1dc7-e49b-4798-ba49-69fabc04fc51","2024-02-25 08:06:12",912,0,"",NA,TRUE,TRUE,TRUE,FALSE
"ESS/IEP/BK/1.Mon/IEP_Placement.QVD","IEP_Placement.QVD","-","3c6c1dc7-e49b-4798-ba49-69fabc04fc51","2024-03-04 08:54:51",904,0,"",NA,TRUE,TRUE,TRUE,FALSE
"ESS/IEP/BK/2.Tue/IEP_Placement.QVD","IEP_Placement.QVD","-","3c6c1dc7-e49b-4798-ba49-69fabc04fc51","2024-03-12 07:59:35",896,0,"",NA,TRUE,TRUE,TRUE,FALSE
"ESS/IEP/BK/3.Wed/IEP_Placement.QVD","IEP_Placement.QVD","-","3c6c1dc7-e49b-4798-ba49-69fabc04fc51","2024-03-12 23:52:18",896,0,"",NA,TRUE,TRUE,TRUE,FALSE
"ESS/IEP/BK/4.Thu/IEP_Placement.QVD","IEP_Placement.QVD","-","3c6c1dc7-e49b-4798-ba49-69fabc04fc51","2024-02-29 08:03:09",908,0,"",NA,TRUE,TRUE,TRUE,FALSE
"ESS/IEP/BK/5.Fri/IEP_Placement.QVD","IEP_Placement.QVD","-","3c6c1dc7-e49b-4798-ba49-69fabc04fc51","2024-03-01 00:18:40",907,0,"",NA,TRUE,TRUE,TRUE,FALSE
"ESS/IEP/BK/6.Sat/IEP_Placement.QVD","IEP_Placement.QVD","-","3c6c1dc7-e49b-4798-ba49-69fabc04fc51","2024-02-24 08:19:17",913,0,"",NA,TRUE,TRUE,TRUE,FALSE
"ESS/IEP/Snapshots/IEP_Provider_20200930.QVD","IEP_Provider_20200930.QVD","-","3c6c1dc7-e49b-4798-ba49-69fabc04fc51","2021-11-02 22:31:03",1757,0,"",NA,TRUE,TRUE,TRUE,FALSE
"ESS/IEP/Snapshots/IEP_Provider_20201031.QVD","IEP_Provider_20201031.QVD","-","3c6c1dc7-e49b-4798-ba49-69fabc04fc51","2021-11-02 22:30:57",1757,0,"",NA,TRUE,TRUE,TRUE,FALSE
"ESS/IEP/Snapshots/IEP_Provider_20201130.QVD","IEP_Provider_20201130.QVD","-","3c6c1dc7-e49b-4798-ba49-69fabc04fc51","2021-11-02 22:30:52",1757,0,"",NA,TRUE,TRUE,TRUE,FALSE
"ESS/IEP/Snapshots/IEP_Provider_20201231.QVD","IEP_Provider_20201231.QVD","-","3c6c1dc7-e49b-4798-ba49-69fabc04fc51","2021-11-02 22:30:46",1757,0,"",NA,TRUE,TRUE,TRUE,FALSE
"ESS/IEP/Snapshots/IEP_Provider_20210131.QVD","IEP_Provider_20210131.QVD","-","3c6c1dc7-e49b-4798-ba49-69fabc04fc51","2021-11-02 22:30:41",1757,0,"",NA,TRUE,TRUE,TRUE,FALSE
"ESS/IEP/Snapshots/IEP_Provider_20210228.QVD","IEP_Provider_20210228.QVD","-","3c6c1dc7-e49b-4798-ba49-69fabc04fc51","2021-11-02 22:30:35",1757,0,"",NA,TRUE,TRUE,TRUE,FALSE
"ESS/IEP/Snapshots/IEP_Provider_20210331.QVD","IEP_Provider_20210331.QVD","-","3c6c1dc7-e49b-4798-ba49-69fabc04fc51","2021-11-02 22:30:29",1757,0,"",NA,TRUE,TRUE,TRUE,FALSE
"ESS/IEP/Snapshots/IEP_Provider_20210430.QVD","IEP_Provider_20210430.QVD","-","3c6c1dc7-e49b-4798-ba49-69fabc04fc51","2021-11-02 22:30:23",1757,0,"",NA,TRUE,TRUE,TRUE,FALSE
"ESS/IEP/Snapshots/IEP_Provider_20210531.QVD","IEP_Provider_20210531.QVD","-","3c6c1dc7-e49b-4798-ba49-69fabc04fc51","2021-11-02 22:30:17",1757,0,"",NA,TRUE,TRUE,TRUE,FALSE
"ESS/IEP/Snapshots/IEP_Provider_20210630.QVD","IEP_Provider_20210630.QVD","-","3c6c1dc7-e49b-4798-ba49-69fabc04fc51","2021-11-02 22:30:11",1757,0,"",NA,TRUE,TRUE,TRUE,FALSE
"ESS/IEP/Snapshots/IEP_Provider_20210731.QVD","IEP_Provider_20210731.QVD","-","3c6c1dc7-e49b-4798-ba49-69fabc04fc51","2021-11-02 22:30:05",1757,0,"",NA,TRUE,TRUE,TRUE,FALSE
"ESS/IEP/Snapshots/IEP_Provider_20210831.QVD","IEP_Provider_20210831.QVD","-","3c6c1dc7-e49b-4798-ba49-69fabc04fc51","2021-11-02 22:29:58",1757,0,"",NA,TRUE,TRUE,TRUE,FALSE
"ESS/IEP/Snapshots/IEP_Provider_20210930.QVD","IEP_Provider_20210930.QVD","-","3c6c1dc7-e49b-4798-ba49-69fabc04fc51","2021-11-02 22:29:52",1757,0,"",NA,TRUE,TRUE,TRUE,FALSE
"ESS/IEP/Snapshots/IEP_Provider_20211031.QVD","IEP_Provider_20211031.QVD","-","3c6c1dc7-e49b-4798-ba49-69fabc04fc51","2021-11-02 22:29:46",1757,0,"",NA,TRUE,TRUE,TRUE,FALSE
"ESS/IEP/Snapshots/IEP_Provider_20211130.QVD","IEP_Provider_20211130.QVD","-","3c6c1dc7-e49b-4798-ba49-69fabc04fc51","2021-12-01 07:12:52",1728,0,"",NA,TRUE,TRUE,TRUE,FALSE
"ESS/IEP/Snapshots/IEP_Provider_20220131.QVD","IEP_Provider_20220131.QVD","-","3c6c1dc7-e49b-4798-ba49-69fabc04fc51","2022-02-01 06:57:30",1666,0,"",NA,TRUE,TRUE,TRUE,FALSE
"ESS/IEP/Snapshots/IEP_Provider_20220228.QVD","IEP_Provider_20220228.QVD","-","3c6c1dc7-e49b-4798-ba49-69fabc04fc51","2024-03-04 04:57:52",904,0,"",NA,TRUE,TRUE,TRUE,FALSE
"ESS/IEP/Snapshots/IEP_Provider_20220331.QVD","IEP_Provider_20220331.QVD","-","3c6c1dc7-e49b-4798-ba49-69fabc04fc51","2024-03-04 04:57:49",904,0,"",NA,TRUE,TRUE,TRUE,FALSE
"ESS/IEP/Snapshots/IEP_Provider_20220430.QVD","IEP_Provider_20220430.QVD","-","3c6c1dc7-e49b-4798-ba49-69fabc04fc51","2024-03-04 04:57:46",904,0,"",NA,TRUE,TRUE,TRUE,FALSE
"ESS/IEP/Snapshots/IEP_Provider_20220531.QVD","IEP_Provider_20220531.QVD","-","3c6c1dc7-e49b-4798-ba49-69fabc04fc51","2024-03-04 04:57:43",904,0,"",NA,TRUE,TRUE,TRUE,FALSE
"ESS/IEP/Snapshots/IEP_Provider_20220630.QVD","IEP_Provider_20220630.QVD","-","3c6c1dc7-e49b-4798-ba49-69fabc04fc51","2024-03-04 04:57:39",904,0,"",NA,TRUE,TRUE,TRUE,FALSE
"ESS/IEP/Snapshots/IEP_Provider_20220731.QVD","IEP_Provider_20220731.QVD","-","3c6c1dc7-e49b-4798-ba49-69fabc04fc51","2024-03-04 04:57:36",904,0,"",NA,TRUE,TRUE,TRUE,FALSE
"ESS/IEP/Snapshots/IEP_Provider_20220831.QVD","IEP_Provider_20220831.QVD","-","3c6c1dc7-e49b-4798-ba49-69fabc04fc51","2024-03-04 04:57:32",904,0,"",NA,TRUE,TRUE,TRUE,FALSE
"ESS/IEP/Snapshots/IEP_Provider_20220930.QVD","IEP_Provider_20220930.QVD","-","3c6c1dc7-e49b-4798-ba49-69fabc04fc51","2024-03-04 04:57:29",904,0,"",NA,TRUE,TRUE,TRUE,FALSE
"ESS/IEP/Snapshots/IEP_Provider_20221031.QVD","IEP_Provider_20221031.QVD","-","3c6c1dc7-e49b-4798-ba49-69fabc04fc51","2024-03-04 04:57:26",904,0,"",NA,TRUE,TRUE,TRUE,FALSE
"ESS/IEP/Snapshots/IEP_Provider_20221130.QVD","IEP_Provider_20221130.QVD","-","3c6c1dc7-e49b-4798-ba49-69fabc04fc51","2024-03-04 04:57:22",904,0,"",NA,TRUE,TRUE,TRUE,FALSE
"ESS/IEP/Snapshots/IEP_Provider_20221231.QVD","IEP_Provider_20221231.QVD","-","3c6c1dc7-e49b-4798-ba49-69fabc04fc51","2024-03-04 04:57:19",904,0,"",NA,TRUE,TRUE,TRUE,FALSE
"ESS/IEP/Snapshots/IEP_Provider_20230131.QVD","IEP_Provider_20230131.QVD","-","3c6c1dc7-e49b-4798-ba49-69fabc04fc51","2024-03-04 04:57:15",904,0,"",NA,TRUE,TRUE,TRUE,FALSE
"ESS/IEP/Snapshots/IEP_Provider_20230228.QVD","IEP_Provider_20230228.QVD","-","3c6c1dc7-e49b-4798-ba49-69fabc04fc51","2024-03-04 04:57:12",904,0,"",NA,TRUE,TRUE,TRUE,FALSE
"ESS/IEP/Snapshots/IEP_Provider_20230331.QVD","IEP_Provider_20230331.QVD","-","3c6c1dc7-e49b-4798-ba49-69fabc04fc51","2024-03-04 04:57:08",904,0,"",NA,TRUE,TRUE,TRUE,FALSE
"ESS/IEP/Snapshots/IEP_Provider_20230430.QVD","IEP_Provider_20230430.QVD","-","3c6c1dc7-e49b-4798-ba49-69fabc04fc51","2024-03-04 04:57:04",904,0,"",NA,TRUE,TRUE,TRUE,FALSE
"ESS/IEP/Snapshots/IEP_Provider_20230531.QVD","IEP_Provider_20230531.QVD","-","3c6c1dc7-e49b-4798-ba49-69fabc04fc51","2024-03-04 04:57:01",904,0,"",NA,TRUE,TRUE,TRUE,FALSE
"ESS/IEP/Snapshots/IEP_Provider_20230630.QVD","IEP_Provider_20230630.QVD","-","3c6c1dc7-e49b-4798-ba49-69fabc04fc51","2024-03-04 04:56:57",904,0,"",NA,TRUE,TRUE,TRUE,FALSE
"ESS/IEP/Snapshots/IEP_Provider_20230731.QVD","IEP_Provider_20230731.QVD","-","3c6c1dc7-e49b-4798-ba49-69fabc04fc51","2024-03-04 04:56:53",904,0,"",NA,TRUE,TRUE,TRUE,FALSE
"ESS/IEP/Snapshots/IEP_Provider_20230831.QVD","IEP_Provider_20230831.QVD","-","3c6c1dc7-e49b-4798-ba49-69fabc04fc51","2024-03-04 04:56:49",904,0,"",NA,TRUE,TRUE,TRUE,TRUE
"ESS/IEP/Snapshots/IEP_Provider_20230930.QVD","IEP_Provider_20230930.QVD","-","3c6c1dc7-e49b-4798-ba49-69fabc04fc51","2024-03-04 04:56:45",904,0,"",NA,TRUE,TRUE,TRUE,TRUE
"ESS/IEP/Snapshots/IEP_Provider_20231031.QVD","IEP_Provider_20231031.QVD","-","3c6c1dc7-e49b-4798-ba49-69fabc04fc51","2024-03-04 04:56:42",904,0,"",NA,TRUE,TRUE,TRUE,TRUE
"ESS/IEP/Snapshots/IEP_Provider_20231130.QVD","IEP_Provider_20231130.QVD","-","3c6c1dc7-e49b-4798-ba49-69fabc04fc51","2024-03-04 04:56:38",904,0,"",NA,TRUE,TRUE,TRUE,TRUE
"ESS/IEP/Snapshots/IEP_Provider_20231231.QVD","IEP_Provider_20231231.QVD","-","3c6c1dc7-e49b-4798-ba49-69fabc04fc51","2024-03-04 04:56:35",904,0,"",NA,TRUE,TRUE,TRUE,TRUE
"ESS/IEP/Snapshots/IEP_Provider_20240131.QVD","IEP_Provider_20240131.QVD","-","3c6c1dc7-e49b-4798-ba49-69fabc04fc51","2024-03-04 04:56:32",904,0,"",NA,TRUE,TRUE,TRUE,TRUE
"ESS/IEP/Snapshots/IEP_Provider_20240229.QVD","IEP_Provider_20240229.QVD","-","3c6c1dc7-e49b-4798-ba49-69fabc04fc51","2024-03-04 04:56:29",904,0,"",NA,TRUE,TRUE,TRUE,TRUE
"ESS/IEP/BK/0.Sun/IEP_Provider.QVD","IEP_Provider.QVD","-","3c6c1dc7-e49b-4798-ba49-69fabc04fc51","2024-02-25 08:06:14",912,0,"",NA,TRUE,TRUE,TRUE,FALSE
"ESS/IEP/BK/1.Mon/IEP_Provider.QVD","IEP_Provider.QVD","-","3c6c1dc7-e49b-4798-ba49-69fabc04fc51","2024-03-04 08:54:53",904,0,"",NA,TRUE,TRUE,TRUE,FALSE
"ESS/IEP/BK/2.Tue/IEP_Provider.QVD","IEP_Provider.QVD","-","3c6c1dc7-e49b-4798-ba49-69fabc04fc51","2024-03-12 07:59:37",896,0,"",NA,TRUE,TRUE,TRUE,FALSE
"ESS/IEP/BK/3.Wed/IEP_Provider.QVD","IEP_Provider.QVD","-","3c6c1dc7-e49b-4798-ba49-69fabc04fc51","2024-03-12 23:52:20",896,0,"",NA,TRUE,TRUE,TRUE,FALSE
"ESS/IEP/BK/4.Thu/IEP_Provider.QVD","IEP_Provider.QVD","-","3c6c1dc7-e49b-4798-ba49-69fabc04fc51","2024-02-29 08:03:10",908,0,"",NA,TRUE,TRUE,TRUE,FALSE
"ESS/IEP/BK/5.Fri/IEP_Provider.QVD","IEP_Provider.QVD","-","3c6c1dc7-e49b-4798-ba49-69fabc04fc51","2024-03-01 00:18:41",907,0,"",NA,TRUE,TRUE,TRUE,FALSE
"ESS/IEP/BK/6.Sat/IEP_Provider.QVD","IEP_Provider.QVD","-","3c6c1dc7-e49b-4798-ba49-69fabc04fc51","2024-02-24 08:19:19",913,0,"",NA,TRUE,TRUE,TRUE,FALSE
"ESS/CDP/BK/0.Sun/NIAA Staff.QVD","NIAA Staff.QVD","-","3c6c1dc7-e49b-4798-ba49-69fabc04fc51","2024-02-25 08:04:53",912,0,"",NA,TRUE,TRUE,TRUE,FALSE
"ESS/CDP/BK/1.Mon/NIAA Staff.QVD","NIAA Staff.QVD","-","3c6c1dc7-e49b-4798-ba49-69fabc04fc51","2024-03-04 08:53:41",904,0,"",NA,TRUE,TRUE,TRUE,FALSE
"ESS/CDP/BK/2.Tue/NIAA Staff.QVD","NIAA Staff.QVD","-","3c6c1dc7-e49b-4798-ba49-69fabc04fc51","2024-03-12 07:58:45",896,0,"",NA,TRUE,TRUE,TRUE,FALSE
"ESS/CDP/BK/3.Wed/NIAA Staff.QVD","NIAA Staff.QVD","-","3c6c1dc7-e49b-4798-ba49-69fabc04fc51","2024-03-12 23:51:27",896,0,"",NA,TRUE,TRUE,TRUE,FALSE
"ESS/CDP/BK/4.Thu/NIAA Staff.QVD","NIAA Staff.QVD","-","3c6c1dc7-e49b-4798-ba49-69fabc04fc51","2024-02-29 08:01:51",908,0,"",NA,TRUE,TRUE,TRUE,FALSE
"ESS/CDP/BK/5.Fri/NIAA Staff.QVD","NIAA Staff.QVD","-","3c6c1dc7-e49b-4798-ba49-69fabc04fc51","2024-03-01 00:17:22",907,0,"",NA,TRUE,TRUE,TRUE,FALSE
"ESS/CDP/BK/6.Sat/NIAA Staff.QVD","NIAA Staff.QVD","-","3c6c1dc7-e49b-4798-ba49-69fabc04fc51","2024-02-24 08:17:58",913,0,"",NA,TRUE,TRUE,TRUE,FALSE
"ESS/CDP/NIAA Staff.QVD","NIAA Staff.QVD","-","3c6c1dc7-e49b-4798-ba49-69fabc04fc51","2023-09-01 00:00:36",1089,0,"",NA,TRUE,TRUE,TRUE,FALSE
"ESS/CDP/BK/0.Sun/TWES Claim.QVD","TWES Claim.QVD","-","3c6c1dc7-e49b-4798-ba49-69fabc04fc51","2024-02-25 08:06:09",912,0,"",NA,TRUE,TRUE,TRUE,FALSE
"ESS/CDP/BK/1.Mon/TWES Claim.QVD","TWES Claim.QVD","-","3c6c1dc7-e49b-4798-ba49-69fabc04fc51","2024-03-04 08:54:48",904,0,"",NA,TRUE,TRUE,TRUE,FALSE
"ESS/CDP/BK/2.Tue/TWES Claim.QVD","TWES Claim.QVD","-","3c6c1dc7-e49b-4798-ba49-69fabc04fc51","2024-03-12 07:59:31",896,0,"",NA,TRUE,TRUE,TRUE,FALSE
"ESS/CDP/BK/3.Wed/TWES Claim.QVD","TWES Claim.QVD","-","3c6c1dc7-e49b-4798-ba49-69fabc04fc51","2024-03-12 23:52:15",896,0,"",NA,TRUE,TRUE,TRUE,FALSE
"ESS/CDP/BK/4.Thu/TWES Claim.QVD","TWES Claim.QVD","-","3c6c1dc7-e49b-4798-ba49-69fabc04fc51","2024-02-29 08:03:05",908,0,"",NA,TRUE,TRUE,TRUE,FALSE
"ESS/CDP/BK/5.Fri/TWES Claim.QVD","TWES Claim.QVD","-","3c6c1dc7-e49b-4798-ba49-69fabc04fc51","2024-03-01 00:18:36",907,0,"",NA,TRUE,TRUE,TRUE,FALSE
"ESS/CDP/BK/6.Sat/TWES Claim.QVD","TWES Claim.QVD","-","3c6c1dc7-e49b-4798-ba49-69fabc04fc51","2024-02-24 08:19:13",913,0,"",NA,TRUE,TRUE,TRUE,FALSE
"ESS/CDP/BK/0.Sun/TWES CRP.QVD","TWES CRP.QVD","-","3c6c1dc7-e49b-4798-ba49-69fabc04fc51","2024-02-25 08:06:09",912,0,"",NA,TRUE,TRUE,TRUE,FALSE
"ESS/CDP/BK/1.Mon/TWES CRP.QVD","TWES CRP.QVD","-","3c6c1dc7-e49b-4798-ba49-69fabc04fc51","2024-03-04 08:54:48",904,0,"",NA,TRUE,TRUE,TRUE,FALSE
"ESS/CDP/BK/2.Tue/TWES CRP.QVD","TWES CRP.QVD","-","3c6c1dc7-e49b-4798-ba49-69fabc04fc51","2024-03-12 07:59:31",896,0,"",NA,TRUE,TRUE,TRUE,FALSE
"ESS/CDP/BK/3.Wed/TWES CRP.QVD","TWES CRP.QVD","-","3c6c1dc7-e49b-4798-ba49-69fabc04fc51","2024-03-12 23:52:15",896,0,"",NA,TRUE,TRUE,TRUE,FALSE
"ESS/CDP/BK/4.Thu/TWES CRP.QVD","TWES CRP.QVD","-","3c6c1dc7-e49b-4798-ba49-69fabc04fc51","2024-02-29 08:03:05",908,0,"",NA,TRUE,TRUE,TRUE,FALSE
"ESS/CDP/BK/5.Fri/TWES CRP.QVD","TWES CRP.QVD","-","3c6c1dc7-e49b-4798-ba49-69fabc04fc51","2024-03-01 00:18:36",907,0,"",NA,TRUE,TRUE,TRUE,FALSE
"ESS/CDP/BK/6.Sat/TWES CRP.QVD","TWES CRP.QVD","-","3c6c1dc7-e49b-4798-ba49-69fabc04fc51","2024-02-24 08:19:13",913,0,"",NA,TRUE,TRUE,TRUE,FALSE
"ESS/CDP/BK/0.Sun/TWES ESAT.QVD","TWES ESAT.QVD","-","3c6c1dc7-e49b-4798-ba49-69fabc04fc51","2024-02-25 08:06:09",912,0,"",NA,TRUE,TRUE,TRUE,FALSE
"ESS/CDP/BK/1.Mon/TWES ESAT.QVD","TWES ESAT.QVD","-","3c6c1dc7-e49b-4798-ba49-69fabc04fc51","2024-03-04 08:54:48",904,0,"",NA,TRUE,TRUE,TRUE,FALSE
"ESS/CDP/BK/2.Tue/TWES ESAT.QVD","TWES ESAT.QVD","-","3c6c1dc7-e49b-4798-ba49-69fabc04fc51","2024-03-12 07:59:31",896,0,"",NA,TRUE,TRUE,TRUE,FALSE
"ESS/CDP/BK/3.Wed/TWES ESAT.QVD","TWES ESAT.QVD","-","3c6c1dc7-e49b-4798-ba49-69fabc04fc51","2024-03-12 23:52:15",896,0,"",NA,TRUE,TRUE,TRUE,FALSE
"ESS/CDP/BK/4.Thu/TWES ESAT.QVD","TWES ESAT.QVD","-","3c6c1dc7-e49b-4798-ba49-69fabc04fc51","2024-02-29 08:03:05",908,0,"",NA,TRUE,TRUE,TRUE,FALSE
"ESS/CDP/BK/5.Fri/TWES ESAT.QVD","TWES ESAT.QVD","-","3c6c1dc7-e49b-4798-ba49-69fabc04fc51","2024-03-01 00:18:36",907,0,"",NA,TRUE,TRUE,TRUE,FALSE
"ESS/CDP/BK/6.Sat/TWES ESAT.QVD","TWES ESAT.QVD","-","3c6c1dc7-e49b-4798-ba49-69fabc04fc51","2024-02-24 08:19:13",913,0,"",NA,TRUE,TRUE,TRUE,FALSE
"ESS/CDP/BK/0.Sun/TWES Job Seeker.QVD","TWES Job Seeker.QVD","-","3c6c1dc7-e49b-4798-ba49-69fabc04fc51","2024-02-25 08:06:09",912,0,"",NA,TRUE,TRUE,TRUE,FALSE
"ESS/CDP/BK/1.Mon/TWES Job Seeker.QVD","TWES Job Seeker.QVD","-","3c6c1dc7-e49b-4798-ba49-69fabc04fc51","2024-03-04 08:54:48",904,0,"",NA,TRUE,TRUE,TRUE,FALSE
"ESS/CDP/BK/2.Tue/TWES Job Seeker.QVD","TWES Job Seeker.QVD","-","3c6c1dc7-e49b-4798-ba49-69fabc04fc51","2024-03-12 07:59:32",896,0,"",NA,TRUE,TRUE,TRUE,FALSE
"ESS/CDP/BK/3.Wed/TWES Job Seeker.QVD","TWES Job Seeker.QVD","-","3c6c1dc7-e49b-4798-ba49-69fabc04fc51","2024-03-12 23:52:15",896,0,"",NA,TRUE,TRUE,TRUE,FALSE
"ESS/CDP/BK/4.Thu/TWES Job Seeker.QVD","TWES Job Seeker.QVD","-","3c6c1dc7-e49b-4798-ba49-69fabc04fc51","2024-02-29 08:03:05",908,0,"",NA,TRUE,TRUE,TRUE,FALSE
"ESS/CDP/BK/5.Fri/TWES Job Seeker.QVD","TWES Job Seeker.QVD","-","3c6c1dc7-e49b-4798-ba49-69fabc04fc51","2024-03-01 00:18:36",907,0,"",NA,TRUE,TRUE,TRUE,FALSE
"ESS/CDP/BK/6.Sat/TWES Job Seeker.QVD","TWES Job Seeker.QVD","-","3c6c1dc7-e49b-4798-ba49-69fabc04fc51","2024-02-24 08:19:13",913,0,"",NA,TRUE,TRUE,TRUE,FALSE
"ESS/CDP/BK/0.Sun/TWES JSCI.QVD","TWES JSCI.QVD","-","3c6c1dc7-e49b-4798-ba49-69fabc04fc51","2024-02-25 08:06:09",912,0,"",NA,TRUE,TRUE,TRUE,FALSE
"ESS/CDP/BK/1.Mon/TWES JSCI.QVD","TWES JSCI.QVD","-","3c6c1dc7-e49b-4798-ba49-69fabc04fc51","2024-03-04 08:54:48",904,0,"",NA,TRUE,TRUE,TRUE,FALSE
"ESS/CDP/BK/2.Tue/TWES JSCI.QVD","TWES JSCI.QVD","-","3c6c1dc7-e49b-4798-ba49-69fabc04fc51","2024-03-12 07:59:32",896,0,"",NA,TRUE,TRUE,TRUE,FALSE
"ESS/CDP/BK/3.Wed/TWES JSCI.QVD","TWES JSCI.QVD","-","3c6c1dc7-e49b-4798-ba49-69fabc04fc51","2024-03-12 23:52:15",896,0,"",NA,TRUE,TRUE,TRUE,FALSE
"ESS/CDP/BK/4.Thu/TWES JSCI.QVD","TWES JSCI.QVD","-","3c6c1dc7-e49b-4798-ba49-69fabc04fc51","2024-02-29 08:03:05",908,0,"",NA,TRUE,TRUE,TRUE,FALSE
"ESS/CDP/BK/5.Fri/TWES JSCI.QVD","TWES JSCI.QVD","-","3c6c1dc7-e49b-4798-ba49-69fabc04fc51","2024-03-01 00:18:37",907,0,"",NA,TRUE,TRUE,TRUE,FALSE
"ESS/CDP/BK/6.Sat/TWES JSCI.QVD","TWES JSCI.QVD","-","3c6c1dc7-e49b-4798-ba49-69fabc04fc51","2024-02-24 08:19:13",913,0,"",NA,TRUE,TRUE,TRUE,FALSE
"ESS/CDP/Delete/TWES JSK.QVD","TWES JSK.QVD","-","3c6c1dc7-e49b-4798-ba49-69fabc04fc51","2023-04-26 23:24:39",1217,0,"",NA,TRUE,TRUE,TRUE,FALSE
"ESS/CDP/BK/0.Sun/TWES Site Contract.QVD","TWES Site Contract.QVD","-","3c6c1dc7-e49b-4798-ba49-69fabc04fc51","2024-02-25 08:06:09",912,0,"",NA,TRUE,TRUE,TRUE,FALSE
"ESS/CDP/BK/1.Mon/TWES Site Contract.QVD","TWES Site Contract.QVD","-","3c6c1dc7-e49b-4798-ba49-69fabc04fc51","2024-03-04 08:54:48",904,0,"",NA,TRUE,TRUE,TRUE,FALSE
"ESS/CDP/BK/2.Tue/TWES Site Contract.QVD","TWES Site Contract.QVD","-","3c6c1dc7-e49b-4798-ba49-69fabc04fc51","2024-03-12 07:59:32",896,0,"",NA,TRUE,TRUE,TRUE,FALSE
"ESS/CDP/BK/3.Wed/TWES Site Contract.QVD","TWES Site Contract.QVD","-","3c6c1dc7-e49b-4798-ba49-69fabc04fc51","2024-03-12 23:52:15",896,0,"",NA,TRUE,TRUE,TRUE,FALSE
"ESS/CDP/BK/4.Thu/TWES Site Contract.QVD","TWES Site Contract.QVD","-","3c6c1dc7-e49b-4798-ba49-69fabc04fc51","2024-02-29 08:03:05",908,0,"",NA,TRUE,TRUE,TRUE,FALSE
"ESS/CDP/BK/5.Fri/TWES Site Contract.QVD","TWES Site Contract.QVD","-","3c6c1dc7-e49b-4798-ba49-69fabc04fc51","2024-03-01 00:18:37",907,0,"",NA,TRUE,TRUE,TRUE,FALSE
"ESS/CDP/BK/6.Sat/TWES Site Contract.QVD","TWES Site Contract.QVD","-","3c6c1dc7-e49b-4798-ba49-69fabc04fc51","2024-02-24 08:19:14",913,0,"",NA,TRUE,TRUE,TRUE,FALSE
"ESS/CDP/BK/0.Sun/TWES Transition Plan.QVD","TWES Transition Plan.QVD","-","3c6c1dc7-e49b-4798-ba49-69fabc04fc51","2024-02-25 08:06:10",912,0,"",NA,TRUE,TRUE,TRUE,FALSE
"ESS/CDP/BK/1.Mon/TWES Transition Plan.QVD","TWES Transition Plan.QVD","-","3c6c1dc7-e49b-4798-ba49-69fabc04fc51","2024-03-04 08:54:49",904,0,"",NA,TRUE,TRUE,TRUE,FALSE
"ESS/CDP/BK/2.Tue/TWES Transition Plan.QVD","TWES Transition Plan.QVD","-","3c6c1dc7-e49b-4798-ba49-69fabc04fc51","2024-03-12 07:59:32",896,0,"",NA,TRUE,TRUE,TRUE,FALSE
"ESS/CDP/BK/3.Wed/TWES Transition Plan.QVD","TWES Transition Plan.QVD","-","3c6c1dc7-e49b-4798-ba49-69fabc04fc51","2024-03-12 23:52:16",896,0,"",NA,TRUE,TRUE,TRUE,FALSE
"ESS/CDP/BK/4.Thu/TWES Transition Plan.QVD","TWES Transition Plan.QVD","-","3c6c1dc7-e49b-4798-ba49-69fabc04fc51","2024-02-29 08:03:06",908,0,"",NA,TRUE,TRUE,TRUE,FALSE
"ESS/CDP/BK/5.Fri/TWES Transition Plan.QVD","TWES Transition Plan.QVD","-","3c6c1dc7-e49b-4798-ba49-69fabc04fc51","2024-03-01 00:18:37",907,0,"",NA,TRUE,TRUE,TRUE,FALSE
"ESS/CDP/BK/6.Sat/TWES Transition Plan.QVD","TWES Transition Plan.QVD","-","3c6c1dc7-e49b-4798-ba49-69fabc04fc51","2024-02-24 08:19:14",913,0,"",NA,TRUE,TRUE,TRUE,FALSE
"NACCHO/Member Name Locations.qvd","Member Name Locations.qvd","NACCHO QVD Generator","3ede61aa-0e32-44fb-92c3-a6543f0a97b0","2024-06-04 23:25:05",812,10,"Operational Dashboard 2.0(1);Test Investment MappingBackup20241203;Operational Dashboard 2.0 - PreProd;Operational Dashboard 2.0 V1.2.0;Operational Dashboard 2.0(4)","99 - QVD Tasks",TRUE,FALSE,FALSE,TRUE
"SSR/archive/Adjustment Appraisals.qvd","Adjustment Appraisals.qvd","-","4b1525d0-424c-46e3-813a-cc4d0f8842f6","2021-05-04 22:25:47",1939,0,"",NA,TRUE,TRUE,TRUE,FALSE
"SSR/archive/Adjustment Tracker.qvd","Adjustment Tracker.qvd","-","4b1525d0-424c-46e3-813a-cc4d0f8842f6","2021-05-04 22:25:47",1939,0,"",NA,TRUE,TRUE,TRUE,FALSE
"SSR/archive/Delivery Adjustment.qvd","Delivery Adjustment.qvd","-","4b1525d0-424c-46e3-813a-cc4d0f8842f6","2021-05-04 22:25:47",1939,0,"",NA,TRUE,TRUE,TRUE,FALSE
"SSR/archive/Grant Activity Milestone.qvd","Grant Activity Milestone.qvd","-","4b1525d0-424c-46e3-813a-cc4d0f8842f6","2021-05-04 22:26:10",1939,0,"",NA,TRUE,TRUE,TRUE,FALSE
"SSR/archive/Milestone Overdue Month.qvd","Milestone Overdue Month.qvd","-","4b1525d0-424c-46e3-813a-cc4d0f8842f6","2021-05-04 22:26:10",1939,0,"",NA,TRUE,TRUE,TRUE,FALSE
"SSR/archive/Overdue Milestone Reason.qvd","Overdue Milestone Reason.qvd","-","4b1525d0-424c-46e3-813a-cc4d0f8842f6","2021-05-04 22:26:10",1939,0,"",NA,TRUE,TRUE,TRUE,FALSE
"SSR/archive/Published Grants.qvd","Published Grants.qvd","-","4b1525d0-424c-46e3-813a-cc4d0f8842f6","2021-05-04 22:25:48",1939,0,"",NA,TRUE,TRUE,TRUE,FALSE
"SSR/archive/RGU Staff.qvd","RGU Staff.qvd","-","4b1525d0-424c-46e3-813a-cc4d0f8842f6","2021-05-04 22:25:46",1939,0,"",NA,TRUE,TRUE,TRUE,FALSE
"SSR/Activity Milestone Region.qvd","Activity Milestone Region.qvd","AZURE SSR QVD Generator","4d441b15-937b-4f11-bf0e-d89ebe6cb8cd","2021-11-22 23:31:36",1737,0,"","99 - QVD Tasks",TRUE,TRUE,TRUE,FALSE
"SSR/archive/Activity Milestone Region.qvd","Activity Milestone Region.qvd","AZURE SSR QVD Generator","4d441b15-937b-4f11-bf0e-d89ebe6cb8cd","2021-05-01 22:01:17",1942,0,"","99 - QVD Tasks",TRUE,TRUE,TRUE,FALSE
"SSR/Activity Purchase Order.qvd","Activity Purchase Order.qvd","AZURE SSR QVD Generator","4d441b15-937b-4f11-bf0e-d89ebe6cb8cd","2021-05-20 04:00:51",1923,0,"","99 - QVD Tasks",TRUE,TRUE,TRUE,TRUE
"SSR/archive/Activity Purchase Order.qvd","Activity Purchase Order.qvd","AZURE SSR QVD Generator","4d441b15-937b-4f11-bf0e-d89ebe6cb8cd","2021-05-01 22:01:19",1942,0,"","99 - QVD Tasks",TRUE,TRUE,TRUE,FALSE
"SSR/archive/Grant Activity Acquittal.qvd","Grant Activity Acquittal.qvd","AZURE SSR QVD Generator","4d441b15-937b-4f11-bf0e-d89ebe6cb8cd","2020-10-19 03:00:18",2136,0,"","99 - QVD Tasks",TRUE,TRUE,TRUE,FALSE
"SSR/Grant Activity Acquittal.qvd","Grant Activity Acquittal.qvd","AZURE SSR QVD Generator","4d441b15-937b-4f11-bf0e-d89ebe6cb8cd","2020-10-19 03:00:18",2136,0,"","99 - QVD Tasks",TRUE,TRUE,TRUE,FALSE
"SSR/Overdue Milestone Reason.qvd","Overdue Milestone Reason.qvd","AZURE SSR QVD Generator","4d441b15-937b-4f11-bf0e-d89ebe6cb8cd","2021-11-22 23:31:36",1737,0,"","99 - QVD Tasks",TRUE,TRUE,TRUE,TRUE
"ESS/IEP/Snapshots/CDP_Contract_Referral_Placement_20211231.QVD","CDP_Contract_Referral_Placement_20211231.QVD","-","4fac3db6-d1e9-435b-a087-44983302d423","2022-01-06 09:25:54",1692,0,"",NA,TRUE,TRUE,TRUE,FALSE
"ESS/IEP/Snapshots/CDP_Job_Seeker_20211231.QVD","CDP_Job_Seeker_20211231.QVD","-","4fac3db6-d1e9-435b-a087-44983302d423","2022-01-06 09:25:55",1692,0,"",NA,TRUE,TRUE,TRUE,FALSE
"ESS/IEP/Snapshots/IEP_Activity_20211231.QVD","IEP_Activity_20211231.QVD","-","4fac3db6-d1e9-435b-a087-44983302d423","2022-01-06 09:25:56",1692,0,"",NA,TRUE,TRUE,TRUE,FALSE
"ESS/IEP/Snapshots/IEP_Activity_Contact_20211231.QVD","IEP_Activity_Contact_20211231.QVD","-","4fac3db6-d1e9-435b-a087-44983302d423","2022-01-06 09:25:56",1692,0,"",NA,TRUE,TRUE,TRUE,FALSE
"ESS/IEP/Snapshots/IEP_Activity_Expenditure_20211231.QVD","IEP_Activity_Expenditure_20211231.QVD","-","4fac3db6-d1e9-435b-a087-44983302d423","2022-01-06 09:25:57",1692,0,"",NA,TRUE,TRUE,TRUE,FALSE
"ESS/IEP/Snapshots/IEP_Claim_Payments_20211231.QVD","IEP_Claim_Payments_20211231.QVD","-","4fac3db6-d1e9-435b-a087-44983302d423","2022-01-06 09:25:57",1692,0,"",NA,TRUE,TRUE,TRUE,FALSE
"ESS/IEP/Snapshots/IEP_Job_Seeker_20211231.QVD","IEP_Job_Seeker_20211231.QVD","-","4fac3db6-d1e9-435b-a087-44983302d423","2022-01-06 09:25:58",1692,0,"",NA,TRUE,TRUE,TRUE,FALSE
"ESS/IEP/Snapshots/IEP_LOCATIONS_20211231.QVD","IEP_LOCATIONS_20211231.QVD","-","4fac3db6-d1e9-435b-a087-44983302d423","2022-01-06 09:25:59",1692,0,"",NA,TRUE,TRUE,TRUE,FALSE
"ESS/IEP/Snapshots/IEP_Outcome_20211231.QVD","IEP_Outcome_20211231.QVD","-","4fac3db6-d1e9-435b-a087-44983302d423","2022-01-06 09:26:00",1692,0,"",NA,TRUE,TRUE,TRUE,FALSE
"ESS/IEP/Snapshots/IEP_Placement_20211231.QVD","IEP_Placement_20211231.QVD","-","4fac3db6-d1e9-435b-a087-44983302d423","2022-01-06 09:26:01",1692,0,"",NA,TRUE,TRUE,TRUE,FALSE
"ESS/IEP/Snapshots/IEP_Provider_20211231.QVD","IEP_Provider_20211231.QVD","-","4fac3db6-d1e9-435b-a087-44983302d423","2022-01-06 09:26:02",1692,0,"",NA,TRUE,TRUE,TRUE,FALSE
"NIAA/Glossary.QVD","Glossary.QVD","-","5cb7f770-f897-4451-b34a-18291ca513fb","2024-05-23 02:41:49",824,0,"",NA,TRUE,TRUE,TRUE,TRUE
"ESS/CDP/Remote Employment Organisation Indigeneity.QVD","Remote Employment Organisation Indigeneity.QVD","Remote Employment(2)","5da8d164-c162-4849-85bf-fbad7557373e","2024-11-25 02:46:59",638,13,"Remote Employment(10);Remote Employment(2)(1);Remote Employment(2);Remote Employment(9);Remote Employment(with caseload tracking)(1)","-",TRUE,FALSE,FALSE,TRUE
"ESS/CDP/CDP Activity Attendance Monthly Rollup.QVD","CDP Activity Attendance Monthly Rollup.QVD","02 ESS QVD Builder Finalisation CDP & IEP","6adc665f-89d7-4883-9d9a-0c4bb2801e1e","2026-08-18 07:50:59",7,13,"Remote Employment(10);UAT_Remote Employment;Remote Employment(2)(1);Remote Employment(2);Remote Employment(9)","99 - QVD Tasks",FALSE,FALSE,FALSE,TRUE
"ESS/CDP/CDP Activity Attendance Result Monthly Rollup Pivoted.QVD","CDP Activity Attendance Result Monthly Rollup Pivoted.QVD","02 ESS QVD Builder Finalisation CDP & IEP","6adc665f-89d7-4883-9d9a-0c4bb2801e1e","2026-08-18 07:51:10",7,0,"","99 - QVD Tasks",FALSE,TRUE,FALSE,TRUE
"ESS/CDP/CDP Activity Attendance Result Monthly Rollup.QVD","CDP Activity Attendance Result Monthly Rollup.QVD","02 ESS QVD Builder Finalisation CDP & IEP","6adc665f-89d7-4883-9d9a-0c4bb2801e1e","2024-06-25 07:40:09",791,0,"","99 - QVD Tasks",TRUE,TRUE,TRUE,FALSE
"ESS/CDP/CDP Activity Attendance Result.QVD","CDP Activity Attendance Result.QVD","02 ESS QVD Builder Finalisation CDP & IEP","6adc665f-89d7-4883-9d9a-0c4bb2801e1e","2026-08-18 07:51:09",7,1,"CDP Participants (moved from UAT 20240626)","99 - QVD Tasks",FALSE,FALSE,FALSE,TRUE
"ESS/CDP/CDP Activity Attendance.QVD","CDP Activity Attendance.QVD","02 ESS QVD Builder Finalisation CDP & IEP","6adc665f-89d7-4883-9d9a-0c4bb2801e1e","2026-08-18 07:50:57",7,1,"CDP Participants (moved from UAT 20240626)","99 - QVD Tasks",FALSE,FALSE,FALSE,TRUE
"ESS/CDP/CDP Activity Referral Placement.QVD","CDP Activity Referral Placement.QVD","02 ESS QVD Builder Finalisation CDP & IEP","6adc665f-89d7-4883-9d9a-0c4bb2801e1e","2026-08-18 07:51:11",7,17,"Remote Employment(10);UAT_Remote Employment;Remote Employment(2)(1);Remote Employment(2);Remote Employment(9)","99 - QVD Tasks",FALSE,FALSE,FALSE,TRUE
"ESS/CDP/CDP Activity.QVD","CDP Activity.QVD","02 ESS QVD Builder Finalisation CDP & IEP","6adc665f-89d7-4883-9d9a-0c4bb2801e1e","2026-08-18 07:50:44",7,1,"Activity Contact V1.2.0","99 - QVD Tasks",FALSE,FALSE,FALSE,TRUE
"ESS/CDP/CDP Age Group.QVD","CDP Age Group.QVD","02 ESS QVD Builder Finalisation CDP & IEP","6adc665f-89d7-4883-9d9a-0c4bb2801e1e","2026-08-18 07:51:11",7,14,"Remote Employment(10);UAT_Remote Employment;Remote Employment(2)(1);Remote Employment(2);Remote Employment(9)","99 - QVD Tasks",FALSE,FALSE,FALSE,TRUE
"ESS/CDP/CDP API Subs Data Currency.QVD","CDP API Subs Data Currency.QVD","02 ESS QVD Builder Finalisation CDP & IEP","6adc665f-89d7-4883-9d9a-0c4bb2801e1e","2026-08-18 07:51:11",7,0,"","99 - QVD Tasks",FALSE,TRUE,FALSE,TRUE
"ESS/CDP/CDP Barrier Job Plan Activity Link.QVD","CDP Barrier Job Plan Activity Link.QVD","02 ESS QVD Builder Finalisation CDP & IEP","6adc665f-89d7-4883-9d9a-0c4bb2801e1e","2026-08-18 07:51:12",7,14,"Remote Employment(10);UAT_Remote Employment;Remote Employment(2)(1);Remote Employment(2);Remote Employment(9)","99 - QVD Tasks",FALSE,FALSE,FALSE,TRUE
"ESS/CDP/CDP Barrier Job Plan Assistance Link.QVD","CDP Barrier Job Plan Assistance Link.QVD","02 ESS QVD Builder Finalisation CDP & IEP","6adc665f-89d7-4883-9d9a-0c4bb2801e1e","2026-08-18 07:51:12",7,14,"Remote Employment(10);UAT_Remote Employment;Remote Employment(2)(1);Remote Employment(2);Remote Employment(9)","99 - QVD Tasks",FALSE,FALSE,FALSE,TRUE
"ESS/CDP/CDP Barrier.QVD","CDP Barrier.QVD","02 ESS QVD Builder Finalisation CDP & IEP","6adc665f-89d7-4883-9d9a-0c4bb2801e1e","2026-08-18 07:51:11",7,14,"Remote Employment(10);UAT_Remote Employment;Remote Employment(2)(1);Remote Employment(2);Remote Employment(9)","99 - QVD Tasks",FALSE,FALSE,FALSE,TRUE
"ESS/CDP/CDP Caseload Last 7 Days.QVD","CDP Caseload Last 7 Days.QVD","02 ESS QVD Builder Finalisation CDP & IEP","6adc665f-89d7-4883-9d9a-0c4bb2801e1e","2026-08-18 07:51:13",7,10,"Remote Employment(10);UAT_Remote Employment;Remote Employment(2)(1);Remote Employment(2);Remote Employment(9)","99 - QVD Tasks",FALSE,FALSE,FALSE,TRUE
"ESS/CDP/CDP Caseload Month End.QVD","CDP Caseload Month End.QVD","02 ESS QVD Builder Finalisation CDP & IEP","6adc665f-89d7-4883-9d9a-0c4bb2801e1e","2026-08-18 07:51:14",7,15,"Remote Employment(10);UAT_Remote Employment;Remote Employment(2)(1);Remote Employment(2);Remote Employment(9)","99 - QVD Tasks",FALSE,FALSE,FALSE,TRUE
"ESS/CDP/CDP Caseload Tracking By Month & Age Group.QVD","CDP Caseload Tracking By Month & Age Group.QVD","02 ESS QVD Builder Finalisation CDP & IEP","6adc665f-89d7-4883-9d9a-0c4bb2801e1e","2026-08-18 07:51:14",7,0,"","99 - QVD Tasks",FALSE,TRUE,FALSE,TRUE
"ESS/CDP/CDP Caseload Tracking By Month & CDP Region.QVD","CDP Caseload Tracking By Month & CDP Region.QVD","02 ESS QVD Builder Finalisation CDP & IEP","6adc665f-89d7-4883-9d9a-0c4bb2801e1e","2026-08-18 07:51:14",7,0,"","99 - QVD Tasks",FALSE,TRUE,FALSE,TRUE
"ESS/CDP/CDP Caseload Tracking By Month & Indigenous Status.QVD","CDP Caseload Tracking By Month & Indigenous Status.QVD","02 ESS QVD Builder Finalisation CDP & IEP","6adc665f-89d7-4883-9d9a-0c4bb2801e1e","2026-08-18 07:51:14",7,0,"","99 - QVD Tasks",FALSE,TRUE,FALSE,TRUE
"ESS/CDP/CDP Caseload Tracking By Month.QVD","CDP Caseload Tracking By Month.QVD","02 ESS QVD Builder Finalisation CDP & IEP","6adc665f-89d7-4883-9d9a-0c4bb2801e1e","2026-08-18 07:51:14",7,0,"","99 - QVD Tasks",FALSE,TRUE,FALSE,TRUE
"ESS/CDP/CDP Caseload.QVD","CDP Caseload.QVD","02 ESS QVD Builder Finalisation CDP & IEP","6adc665f-89d7-4883-9d9a-0c4bb2801e1e","2026-08-18 07:51:13",7,16,"Remote Employment(10);UAT_Remote Employment;Remote Employment(2)(1);Remote Employment(2);Remote Employment(9)","99 - QVD Tasks",FALSE,FALSE,FALSE,TRUE
"ESS/CDP/CDP CCRJ Code Table.QVD","CDP CCRJ Code Table.QVD","02 ESS QVD Builder Finalisation CDP & IEP","6adc665f-89d7-4883-9d9a-0c4bb2801e1e","2026-08-18 07:51:14",7,10,"Remote Employment(10);UAT_Remote Employment;Remote Employment(2)(1);Remote Employment(2);Remote Employment(9)","99 - QVD Tasks",FALSE,FALSE,FALSE,TRUE
"ESS/CDP/CDP Claim.QVD","CDP Claim.QVD","02 ESS QVD Builder Finalisation CDP & IEP","6adc665f-89d7-4883-9d9a-0c4bb2801e1e","2026-08-18 07:51:15",7,0,"","99 - QVD Tasks",FALSE,TRUE,FALSE,TRUE
"ESS/CDP/CDP Contract.QVD","CDP Contract.QVD","02 ESS QVD Builder Finalisation CDP & IEP","6adc665f-89d7-4883-9d9a-0c4bb2801e1e","2026-08-18 07:51:15",7,0,"","99 - QVD Tasks",FALSE,TRUE,FALSE,TRUE
"ESS/CDP/CDP Employment Placement History.QVD","CDP Employment Placement History.QVD","02 ESS QVD Builder Finalisation CDP & IEP","6adc665f-89d7-4883-9d9a-0c4bb2801e1e","2024-07-19 04:41:00",767,0,"","99 - QVD Tasks",TRUE,TRUE,TRUE,FALSE
"ESS/CDP/CDP Employment Placement.QVD","CDP Employment Placement.QVD","02 ESS QVD Builder Finalisation CDP & IEP","6adc665f-89d7-4883-9d9a-0c4bb2801e1e","2024-07-19 04:40:59",767,0,"","99 - QVD Tasks",TRUE,TRUE,TRUE,FALSE
"ESS/CDP/CDP Estimated Grant Value FY.QVD","CDP Estimated Grant Value FY.QVD","02 ESS QVD Builder Finalisation CDP & IEP","6adc665f-89d7-4883-9d9a-0c4bb2801e1e","2026-08-18 07:51:15",7,0,"","99 - QVD Tasks",FALSE,TRUE,FALSE,TRUE
"ESS/CDP/CDP Grant Activity Site Location.QVD","CDP Grant Activity Site Location.QVD","02 ESS QVD Builder Finalisation CDP & IEP","6adc665f-89d7-4883-9d9a-0c4bb2801e1e","2026-08-18 07:51:15",7,0,"","99 - QVD Tasks",FALSE,TRUE,FALSE,TRUE
"ESS/CDP/CDP Grant Activity updated.QVD","CDP Grant Activity updated.QVD","02 ESS QVD Builder Finalisation CDP & IEP","6adc665f-89d7-4883-9d9a-0c4bb2801e1e","2026-08-18 07:51:15",7,0,"","99 - QVD Tasks",FALSE,TRUE,FALSE,TRUE
"ESS/CDP/CDP Grant Activity.QVD","CDP Grant Activity.QVD","02 ESS QVD Builder Finalisation CDP & IEP","6adc665f-89d7-4883-9d9a-0c4bb2801e1e","2026-08-18 07:51:15",7,0,"","99 - QVD Tasks",FALSE,TRUE,FALSE,TRUE
"ESS/CDP/CDP Grant Detail.QVD","CDP Grant Detail.QVD","02 ESS QVD Builder Finalisation CDP & IEP","6adc665f-89d7-4883-9d9a-0c4bb2801e1e","2026-08-18 07:51:15",7,0,"","99 - QVD Tasks",FALSE,TRUE,FALSE,TRUE
"ESS/CDP/CDP Grant Estimated Expenditure FY.QVD","CDP Grant Estimated Expenditure FY.QVD","02 ESS QVD Builder Finalisation CDP & IEP","6adc665f-89d7-4883-9d9a-0c4bb2801e1e","2026-08-18 07:51:15",7,0,"","99 - QVD Tasks",FALSE,TRUE,FALSE,TRUE
"ESS/CDP/CDP Grants List.QVD","CDP Grants List.QVD","02 ESS QVD Builder Finalisation CDP & IEP","6adc665f-89d7-4883-9d9a-0c4bb2801e1e","2026-08-18 07:51:15",7,0,"","99 - QVD Tasks",FALSE,TRUE,FALSE,TRUE
"ESS/CDP/CDP Income Support Payment Rate.QVD","CDP Income Support Payment Rate.QVD","02 ESS QVD Builder Finalisation CDP & IEP","6adc665f-89d7-4883-9d9a-0c4bb2801e1e","2026-08-18 07:51:16",7,0,"","99 - QVD Tasks",FALSE,TRUE,FALSE,TRUE
"ESS/CDP/CDP Income Support Rate.QVD","CDP Income Support Rate.QVD","02 ESS QVD Builder Finalisation CDP & IEP","6adc665f-89d7-4883-9d9a-0c4bb2801e1e","2024-05-21 09:11:15",826,0,"","99 - QVD Tasks",TRUE,TRUE,TRUE,FALSE
"ESS/CDP/CDP Job Plan Activity Detail.QVD","CDP Job Plan Activity Detail.QVD","02 ESS QVD Builder Finalisation CDP & IEP","6adc665f-89d7-4883-9d9a-0c4bb2801e1e","2026-08-18 07:51:18",7,14,"Remote Employment(10);UAT_Remote Employment;Remote Employment(2)(1);Remote Employment(2);Remote Employment(9)","99 - QVD Tasks",FALSE,FALSE,FALSE,TRUE
"ESS/CDP/CDP Job Plan Activity.QVD","CDP Job Plan Activity.QVD","02 ESS QVD Builder Finalisation CDP & IEP","6adc665f-89d7-4883-9d9a-0c4bb2801e1e","2026-08-18 07:51:17",7,14,"Remote Employment(10);UAT_Remote Employment;Remote Employment(2)(1);Remote Employment(2);Remote Employment(9)","99 - QVD Tasks",FALSE,FALSE,FALSE,TRUE
"ESS/CDP/CDP Job Plan Assistance.QVD","CDP Job Plan Assistance.QVD","02 ESS QVD Builder Finalisation CDP & IEP","6adc665f-89d7-4883-9d9a-0c4bb2801e1e","2026-08-18 07:51:18",7,14,"Remote Employment(10);UAT_Remote Employment;Remote Employment(2)(1);Remote Employment(2);Remote Employment(9)","99 - QVD Tasks",FALSE,FALSE,FALSE,TRUE
"ESS/CDP/CDP Job Plan.QVD","CDP Job Plan.QVD","02 ESS QVD Builder Finalisation CDP & IEP","6adc665f-89d7-4883-9d9a-0c4bb2801e1e","2026-08-18 07:51:16",7,14,"Remote Employment(10);UAT_Remote Employment;Remote Employment(2)(1);Remote Employment(2);Remote Employment(9)","99 - QVD Tasks",FALSE,FALSE,FALSE,TRUE
"ESS/CDP/CDP Job Seeker Appointment.QVD","CDP Job Seeker Appointment.QVD","02 ESS QVD Builder Finalisation CDP & IEP","6adc665f-89d7-4883-9d9a-0c4bb2801e1e","2026-08-18 07:51:20",7,14,"Remote Employment(10);UAT_Remote Employment;Remote Employment(2)(1);Remote Employment(2);Remote Employment(9)","99 - QVD Tasks",FALSE,FALSE,FALSE,TRUE
"ESS/CDP/CDP Job Seeker Assessment.QVD","CDP Job Seeker Assessment.QVD","02 ESS QVD Builder Finalisation CDP & IEP","6adc665f-89d7-4883-9d9a-0c4bb2801e1e","2026-08-18 07:51:20",7,14,"Remote Employment(10);UAT_Remote Employment;Remote Employment(2)(1);Remote Employment(2);Remote Employment(9)","99 - QVD Tasks",FALSE,FALSE,FALSE,TRUE
"ESS/CDP/CDP Job Seeker Characteristics Month End.QVD","CDP Job Seeker Characteristics Month End.QVD","02 ESS QVD Builder Finalisation CDP & IEP","6adc665f-89d7-4883-9d9a-0c4bb2801e1e","2026-08-18 07:51:22",7,0,"","99 - QVD Tasks",FALSE,TRUE,FALSE,TRUE
"ESS/CDP/CDP Job Seeker Characteristics.QVD","CDP Job Seeker Characteristics.QVD","02 ESS QVD Builder Finalisation CDP & IEP","6adc665f-89d7-4883-9d9a-0c4bb2801e1e","2026-08-18 07:51:21",7,14,"Remote Employment(10);UAT_Remote Employment;Remote Employment(2)(1);Remote Employment(2);Remote Employment(9)","99 - QVD Tasks",FALSE,FALSE,FALSE,TRUE
"ESS/CDP/CDP Job Seeker Geocoded.QVD","CDP Job Seeker Geocoded.QVD","02 ESS QVD Builder Finalisation CDP & IEP","6adc665f-89d7-4883-9d9a-0c4bb2801e1e","2026-08-18 07:51:23",7,1,"training","99 - QVD Tasks",FALSE,FALSE,FALSE,TRUE
"ESS/CDP/CDP Job Seeker History.QVD","CDP Job Seeker History.QVD","02 ESS QVD Builder Finalisation CDP & IEP","6adc665f-89d7-4883-9d9a-0c4bb2801e1e","2026-08-18 07:51:23",7,2,"UAT_Remote Employment;Remote Employment(2)(1)","99 - QVD Tasks",FALSE,FALSE,FALSE,TRUE
"ESS/CDP/CDP Job Seeker Month End.QVD","CDP Job Seeker Month End.QVD","02 ESS QVD Builder Finalisation CDP & IEP","6adc665f-89d7-4883-9d9a-0c4bb2801e1e","2026-08-18 07:51:24",7,2,"UAT_Remote Employment;Remote Employment(2)(1)","99 - QVD Tasks",FALSE,FALSE,FALSE,TRUE
"ESS/CDP/CDP Job Seeker.QVD","CDP Job Seeker.QVD","02 ESS QVD Builder Finalisation CDP & IEP","6adc665f-89d7-4883-9d9a-0c4bb2801e1e","2026-08-18 07:51:19",7,15,"Remote Employment(10);UAT_Remote Employment;Remote Employment(2)(1);Remote Employment(2);Remote Employment(9)","99 - QVD Tasks",FALSE,FALSE,FALSE,TRUE
"ESS/CDP/CDP JSCI Classification Question & Response.QVD","CDP JSCI Classification Question & Response.QVD","02 ESS QVD Builder Finalisation CDP & IEP","6adc665f-89d7-4883-9d9a-0c4bb2801e1e","2026-08-18 07:51:28",7,0,"","99 - QVD Tasks",FALSE,TRUE,FALSE,TRUE
"ESS/CDP/CDP JSCI Classification.QVD","CDP JSCI Classification.QVD","02 ESS QVD Builder Finalisation CDP & IEP","6adc665f-89d7-4883-9d9a-0c4bb2801e1e","2026-08-18 07:51:24",7,14,"Remote Employment(10);UAT_Remote Employment;Remote Employment(2)(1);Remote Employment(2);Remote Employment(9)","99 - QVD Tasks",FALSE,FALSE,FALSE,TRUE
"ESS/CDP/CDP NBRJ Code Table.QVD","CDP NBRJ Code Table.QVD","02 ESS QVD Builder Finalisation CDP & IEP","6adc665f-89d7-4883-9d9a-0c4bb2801e1e","2026-08-18 07:51:29",7,12,"Remote Employment(10);UAT_Remote Employment;Remote Employment(2)(1);Remote Employment(2);Remote Employment(9)","99 - QVD Tasks",FALSE,FALSE,FALSE,TRUE
"ESS/CDP/CDP Organisation.QVD","CDP Organisation.QVD","02 ESS QVD Builder Finalisation CDP & IEP","6adc665f-89d7-4883-9d9a-0c4bb2801e1e","2026-08-18 07:51:30",7,0,"","99 - QVD Tasks",FALSE,TRUE,FALSE,TRUE
"ESS/CDP/CDP PPR Result History.QVD","CDP PPR Result History.QVD","02 ESS QVD Builder Finalisation CDP & IEP","6adc665f-89d7-4883-9d9a-0c4bb2801e1e","2026-08-18 07:51:30",7,0,"","99 - QVD Tasks",FALSE,TRUE,FALSE,TRUE
"ESS/CDP/CDP Region.QVD","CDP Region.QVD","02 ESS QVD Builder Finalisation CDP & IEP","6adc665f-89d7-4883-9d9a-0c4bb2801e1e","2026-08-18 07:51:30",7,0,"","99 - QVD Tasks",FALSE,TRUE,FALSE,TRUE
"ESS/CDP/CDP Site Contract.QVD","CDP Site Contract.QVD","02 ESS QVD Builder Finalisation CDP & IEP","6adc665f-89d7-4883-9d9a-0c4bb2801e1e","2026-08-18 07:51:30",7,1,"CDP Participants (moved from UAT 20240626)","99 - QVD Tasks",FALSE,FALSE,FALSE,TRUE
"ESS/CDP/CDP Vacancy Referral.QVD","CDP Vacancy Referral.QVD","02 ESS QVD Builder Finalisation CDP & IEP","6adc665f-89d7-4883-9d9a-0c4bb2801e1e","2026-08-18 07:51:30",7,0,"","99 - QVD Tasks",FALSE,TRUE,FALSE,TRUE
"ESS/CDP/CDP Vacancy.QVD","CDP Vacancy.QVD","02 ESS QVD Builder Finalisation CDP & IEP","6adc665f-89d7-4883-9d9a-0c4bb2801e1e","2026-08-18 07:51:30",7,0,"","99 - QVD Tasks",FALSE,TRUE,FALSE,TRUE
"ESS/IEP/CDP_Contract_Referral_Placement.QVD","CDP_Contract_Referral_Placement.QVD","02 ESS QVD Builder Finalisation CDP & IEP","6adc665f-89d7-4883-9d9a-0c4bb2801e1e","2026-08-18 07:50:43",7,0,"","99 - QVD Tasks",FALSE,TRUE,FALSE,TRUE
"ESS/IEP/CDP_Job_Seeker.QVD","CDP_Job_Seeker.QVD","02 ESS QVD Builder Finalisation CDP & IEP","6adc665f-89d7-4883-9d9a-0c4bb2801e1e","2026-08-18 07:50:43",7,0,"","99 - QVD Tasks",FALSE,TRUE,FALSE,TRUE
"ESS/CDP/Temp/Error.QVD","Error.QVD","02 ESS QVD Builder Finalisation CDP & IEP","6adc665f-89d7-4883-9d9a-0c4bb2801e1e","2026-08-18 07:51:32",7,0,"","99 - QVD Tasks",FALSE,TRUE,FALSE,TRUE
"ESS/CDP/ESAM Users.QVD","ESAM Users.QVD","02 ESS QVD Builder Finalisation CDP & IEP","6adc665f-89d7-4883-9d9a-0c4bb2801e1e","2026-08-18 07:51:30",7,0,"","99 - QVD Tasks",FALSE,TRUE,FALSE,FALSE
"ESS/IEP/IEP_Activity_1000_Jobs.QVD","IEP_Activity_1000_Jobs.QVD","02 ESS QVD Builder Finalisation CDP & IEP","6adc665f-89d7-4883-9d9a-0c4bb2801e1e","2026-08-18 07:50:40",7,0,"","99 - QVD Tasks",FALSE,TRUE,FALSE,TRUE
"ESS/IEP/IEP_Activity_Contact.QVD","IEP_Activity_Contact.QVD","02 ESS QVD Builder Finalisation CDP & IEP","6adc665f-89d7-4883-9d9a-0c4bb2801e1e","2026-08-18 07:50:40",7,0,"","99 - QVD Tasks",FALSE,TRUE,FALSE,TRUE
"ESS/IEP/IEP_Activity_Expenditure.QVD","IEP_Activity_Expenditure.QVD","02 ESS QVD Builder Finalisation CDP & IEP","6adc665f-89d7-4883-9d9a-0c4bb2801e1e","2026-08-18 07:50:40",7,0,"","99 - QVD Tasks",FALSE,TRUE,FALSE,TRUE
"ESS/IEP/IEP_Activity.QVD","IEP_Activity.QVD","02 ESS QVD Builder Finalisation CDP & IEP","6adc665f-89d7-4883-9d9a-0c4bb2801e1e","2026-08-18 07:50:40",7,4,"IEP Dashboards and Analysis V2 V1.2.0;IEP General(3);IEP Location check;IEP General","99 - QVD Tasks",FALSE,FALSE,FALSE,TRUE
"ESS/IEP/IEP_Claim_Payments.QVD","IEP_Claim_Payments.QVD","02 ESS QVD Builder Finalisation CDP & IEP","6adc665f-89d7-4883-9d9a-0c4bb2801e1e","2026-08-18 07:50:41",7,2,"IEP Dashboards and Analysis V2 V1.2.0;IEP General(3)","99 - QVD Tasks",FALSE,FALSE,FALSE,TRUE
"ESS/IEP/IEP_Job_Seeker.QVD","IEP_Job_Seeker.QVD","02 ESS QVD Builder Finalisation CDP & IEP","6adc665f-89d7-4883-9d9a-0c4bb2801e1e","2026-08-18 07:50:41",7,3,"IEP Dashboards and Analysis V2 V1.2.0;IEP General(3);IEP General","99 - QVD Tasks",FALSE,FALSE,FALSE,TRUE
"ESS/IEP/IEP_LOCATIONS.QVD","IEP_LOCATIONS.QVD","02 ESS QVD Builder Finalisation CDP & IEP","6adc665f-89d7-4883-9d9a-0c4bb2801e1e","2026-08-18 07:50:41",7,2,"IEP Dashboards and Analysis V2 V1.2.0;IEP General(3)","99 - QVD Tasks",FALSE,FALSE,FALSE,TRUE
"ESS/IEP/IEP_Outcome.QVD","IEP_Outcome.QVD","02 ESS QVD Builder Finalisation CDP & IEP","6adc665f-89d7-4883-9d9a-0c4bb2801e1e","2026-08-18 07:50:42",7,2,"IEP Dashboards and Analysis V2 V1.2.0;IEP General(3)","99 - QVD Tasks",FALSE,FALSE,FALSE,TRUE
"ESS/IEP/IEP_Placement.QVD","IEP_Placement.QVD","02 ESS QVD Builder Finalisation CDP & IEP","6adc665f-89d7-4883-9d9a-0c4bb2801e1e","2026-08-18 07:50:42",7,3,"IEP Dashboards and Analysis V2 V1.2.0;IEP General(3);IEP General","99 - QVD Tasks",FALSE,FALSE,FALSE,TRUE
"ESS/IEP/IEP_Provider.QVD","IEP_Provider.QVD","02 ESS QVD Builder Finalisation CDP & IEP","6adc665f-89d7-4883-9d9a-0c4bb2801e1e","2026-08-18 07:50:43",7,2,"IEP Dashboards and Analysis V2 V1.2.0;IEP General(3)","99 - QVD Tasks",FALSE,FALSE,FALSE,TRUE
"ESS/CDP/RAES Payment.QVD","RAES Payment.QVD","02 ESS QVD Builder Finalisation CDP & IEP","6adc665f-89d7-4883-9d9a-0c4bb2801e1e","2026-08-18 07:51:31",7,6,"Remote Employment(10);Remote Employment(9);_BASELINE;Remote Employment(14);Remote Employment(12)","99 - QVD Tasks",FALSE,FALSE,FALSE,TRUE
"ESS/CDP/RAES Vacancy Referral.QVD","RAES Vacancy Referral.QVD","02 ESS QVD Builder Finalisation CDP & IEP","6adc665f-89d7-4883-9d9a-0c4bb2801e1e","2026-08-18 07:51:31",7,0,"","99 - QVD Tasks",FALSE,TRUE,FALSE,FALSE
"ESS/CDP/TWES Claim.QVD","TWES Claim.QVD","02 ESS QVD Builder Finalisation CDP & IEP","6adc665f-89d7-4883-9d9a-0c4bb2801e1e","2026-08-18 07:51:31",7,1,"IEP Time To Work","99 - QVD Tasks",FALSE,FALSE,FALSE,TRUE
"ESS/CDP/TWES Commencement History.QVD","TWES Commencement History.QVD","02 ESS QVD Builder Finalisation CDP & IEP","6adc665f-89d7-4883-9d9a-0c4bb2801e1e","2026-08-18 07:51:31",7,0,"","99 - QVD Tasks",FALSE,TRUE,FALSE,TRUE
"ESS/CDP/TWES CRP.QVD","TWES CRP.QVD","02 ESS QVD Builder Finalisation CDP & IEP","6adc665f-89d7-4883-9d9a-0c4bb2801e1e","2026-08-18 07:51:31",7,1,"IEP Time To Work","99 - QVD Tasks",FALSE,FALSE,FALSE,TRUE
"ESS/CDP/TWES ESAT.QVD","TWES ESAT.QVD","02 ESS QVD Builder Finalisation CDP & IEP","6adc665f-89d7-4883-9d9a-0c4bb2801e1e","2026-08-18 07:51:31",7,1,"IEP Time To Work","99 - QVD Tasks",FALSE,FALSE,FALSE,TRUE
"ESS/CDP/TWES Job Seeker.QVD","TWES Job Seeker.QVD","02 ESS QVD Builder Finalisation CDP & IEP","6adc665f-89d7-4883-9d9a-0c4bb2801e1e","2026-08-18 07:51:31",7,1,"IEP Time To Work","99 - QVD Tasks",FALSE,FALSE,FALSE,TRUE
"ESS/CDP/TWES JSCI.QVD","TWES JSCI.QVD","02 ESS QVD Builder Finalisation CDP & IEP","6adc665f-89d7-4883-9d9a-0c4bb2801e1e","2026-08-18 07:51:31",7,1,"IEP Time To Work","99 - QVD Tasks",FALSE,FALSE,FALSE,TRUE
"ESS/CDP/TWES Site Contract.QVD","TWES Site Contract.QVD","02 ESS QVD Builder Finalisation CDP & IEP","6adc665f-89d7-4883-9d9a-0c4bb2801e1e","2026-08-18 07:51:31",7,1,"IEP Time To Work","99 - QVD Tasks",FALSE,FALSE,FALSE,TRUE
"ESS/CDP/TWES Transition Plan.QVD","TWES Transition Plan.QVD","02 ESS QVD Builder Finalisation CDP & IEP","6adc665f-89d7-4883-9d9a-0c4bb2801e1e","2026-08-18 07:51:32",7,1,"IEP Time To Work","99 - QVD Tasks",FALSE,FALSE,FALSE,TRUE
"NIAA/Fleet Detail.qvd","Fleet Detail.qvd","NIAA Fleet QVD Generator DEV","6c506807-9b46-420b-8a6f-9ecfb774395f","2026-05-05 03:04:53",112,0,"","-",FALSE,TRUE,FALSE,TRUE
"NIAA/Fleet.qvd","Fleet.qvd","NIAA Fleet QVD Generator DEV","6c506807-9b46-420b-8a6f-9ecfb774395f","2026-05-05 03:04:53",112,0,"","-",FALSE,TRUE,FALSE,TRUE
"GAR/Grant Activity Indicative Risk.qvd","Grant Activity Indicative Risk.qvd","-","7a65e162-b1af-439e-81e7-aa3fcdef7071","2021-09-10 01:00:21",1810,0,"",NA,TRUE,TRUE,TRUE,TRUE
"ESS/NIAA/Grant Application Build.QVD","Grant Application Build.QVD","-","7d2093ac-2344-4edc-9a77-679c1aec976b","2023-07-24 22:52:37",1128,0,"",NA,TRUE,TRUE,TRUE,FALSE
"ESS/CDP/Temp/CDP Activity Attendance Key Data.QVD","CDP Activity Attendance Key Data.QVD","-","8de3bd90-788c-4417-bbfe-52d332f9f4da","2024-03-04 23:32:02",904,0,"",NA,TRUE,TRUE,TRUE,FALSE
"ESS/CDP/Temp/CDP Job Seeker At Event.QVD","CDP Job Seeker At Event.QVD","-","8de3bd90-788c-4417-bbfe-52d332f9f4da","2023-07-12 23:35:38",1140,0,"",NA,TRUE,TRUE,TRUE,FALSE
"ESS/CDP/Temp/CDP Job Seeker Diary.QVD","CDP Job Seeker Diary.QVD","-","8de3bd90-788c-4417-bbfe-52d332f9f4da","2023-09-19 06:51:56",1071,0,"",NA,TRUE,TRUE,TRUE,FALSE
"ESS/CDP/Temp/NIAA Staff.QVD","NIAA Staff.QVD","-","8de3bd90-788c-4417-bbfe-52d332f9f4da","2023-08-31 23:59:53",1090,0,"",NA,TRUE,TRUE,TRUE,FALSE
"ESS/CDP/CDP_Job_Plan_Assist_Comment_Topic_Models.qvd","CDP_Job_Plan_Assist_Comment_Topic_Models.qvd","-","9aec3643-8846-4074-82d0-a4089da4481d","2023-11-27 05:26:57",1002,0,"",NA,TRUE,TRUE,TRUE,FALSE
"ESS/IEP/Master_Calendar.qvd","Master_Calendar.qvd","Rods Test harness","9e9657f3-160d-4ab2-ab92-da697d17e87b","2021-08-26 05:10:25",1825,0,"","-",TRUE,TRUE,TRUE,FALSE
"FUSION/Activity Approval Verification.qvd","Activity Approval Verification.qvd","FUSION QVD Generator","19b5a3ca-9ff1-4b75-bf21-5152f1230b55","2026-08-18 08:08:46",7,1,"01 - NIAA Grants(3)","99 - QVD Tasks",FALSE,FALSE,FALSE,TRUE
"FUSION/Activity Linking Table.qvd","Activity Linking Table.qvd","FUSION QVD Generator","19b5a3ca-9ff1-4b75-bf21-5152f1230b55","2026-08-18 08:09:57",7,0,"","99 - QVD Tasks",FALSE,TRUE,FALSE,TRUE
"FUSION/Activity Risk Assessment.qvd","Activity Risk Assessment.qvd","FUSION QVD Generator","19b5a3ca-9ff1-4b75-bf21-5152f1230b55","2026-08-18 08:10:54",7,31,"00 - The Grants App(43);00 - Organisation Performance Profile;00 - The Grants App(21);00 - The Grants App(45);00 - The Grants App(8)","99 - QVD Tasks",FALSE,FALSE,FALSE,TRUE
"FUSION/Activity Risk History.qvd","Activity Risk History.qvd","FUSION QVD Generator","19b5a3ca-9ff1-4b75-bf21-5152f1230b55","2026-08-18 08:10:54",7,1,"00 - IAS Funding Decision and Tracking(8)","99 - QVD Tasks",FALSE,FALSE,FALSE,TRUE
"FUSION/Activity Tag.qvd","Activity Tag.qvd","FUSION QVD Generator","19b5a3ca-9ff1-4b75-bf21-5152f1230b55","2026-08-18 08:10:11",7,0,"","99 - QVD Tasks",FALSE,TRUE,FALSE,TRUE
"FUSION/Ancillary Code.qvd","Ancillary Code.qvd","FUSION QVD Generator","19b5a3ca-9ff1-4b75-bf21-5152f1230b55","2026-08-18 08:10:09",7,0,"","99 - QVD Tasks",FALSE,TRUE,FALSE,TRUE
"FUSION/Application Assessment Criteria for Decision.qvd","Application Assessment Criteria for Decision.qvd","FUSION QVD Generator","19b5a3ca-9ff1-4b75-bf21-5152f1230b55","2026-08-18 08:10:52",7,0,"","99 - QVD Tasks",FALSE,TRUE,FALSE,TRUE
"FUSION/Application Assessment Criteria.qvd","Application Assessment Criteria.qvd","FUSION QVD Generator","19b5a3ca-9ff1-4b75-bf21-5152f1230b55","2026-08-18 08:10:52",7,0,"","99 - QVD Tasks",FALSE,TRUE,FALSE,TRUE
"FUSION/Approved Conflict Of Interest.qvd","Approved Conflict Of Interest.qvd","FUSION QVD Generator","19b5a3ca-9ff1-4b75-bf21-5152f1230b55","2026-08-18 08:08:09",7,0,"","99 - QVD Tasks",FALSE,TRUE,FALSE,TRUE
"FUSION/Assessment for Decision.qvd","Assessment for Decision.qvd","FUSION QVD Generator","19b5a3ca-9ff1-4b75-bf21-5152f1230b55","2026-08-18 08:10:51",7,0,"","99 - QVD Tasks",FALSE,TRUE,FALSE,TRUE
"FUSION/Budget Measure.qvd","Budget Measure.qvd","FUSION QVD Generator","19b5a3ca-9ff1-4b75-bf21-5152f1230b55","2026-08-18 08:10:51",7,0,"","99 - QVD Tasks",FALSE,TRUE,FALSE,TRUE
"FUSION/Case Assessment Action Item.qvd","Case Assessment Action Item.qvd","FUSION QVD Generator","19b5a3ca-9ff1-4b75-bf21-5152f1230b55","2026-08-18 08:08:24",7,0,"","99 - QVD Tasks",FALSE,TRUE,FALSE,TRUE
"FUSION/Case Assessment.qvd","Case Assessment.qvd","FUSION QVD Generator","19b5a3ca-9ff1-4b75-bf21-5152f1230b55","2026-08-18 08:08:26",7,0,"","99 - QVD Tasks",FALSE,TRUE,FALSE,TRUE
"FUSION/Case Incident Category.qvd","Case Incident Category.qvd","FUSION QVD Generator","19b5a3ca-9ff1-4b75-bf21-5152f1230b55","2026-08-18 08:08:21",7,0,"","99 - QVD Tasks",FALSE,TRUE,FALSE,TRUE
"FUSION/Case Incident.qvd","Case Incident.qvd","FUSION QVD Generator","19b5a3ca-9ff1-4b75-bf21-5152f1230b55","2026-08-18 08:08:23",7,0,"","99 - QVD Tasks",FALSE,TRUE,FALSE,TRUE
"FUSION/Case Resolution.qvd","Case Resolution.qvd","FUSION QVD Generator","19b5a3ca-9ff1-4b75-bf21-5152f1230b55","2026-08-18 08:08:19",7,0,"","99 - QVD Tasks",FALSE,TRUE,FALSE,TRUE
"FUSION/Case.qvd","Case.qvd","FUSION QVD Generator","19b5a3ca-9ff1-4b75-bf21-5152f1230b55","2026-08-18 08:08:27",7,0,"","99 - QVD Tasks",FALSE,TRUE,FALSE,TRUE
"FUSION/Ceasing Activity Assessment Round.qvd","Ceasing Activity Assessment Round.qvd","FUSION QVD Generator","19b5a3ca-9ff1-4b75-bf21-5152f1230b55","2026-08-18 08:10:50",7,0,"","99 - QVD Tasks",FALSE,TRUE,FALSE,TRUE
"FUSION/Ceasing Activity Assessment Task.qvd","Ceasing Activity Assessment Task.qvd","FUSION QVD Generator","19b5a3ca-9ff1-4b75-bf21-5152f1230b55","2026-08-18 08:08:54",7,0,"","99 - QVD Tasks",FALSE,TRUE,FALSE,TRUE
"FUSION/Ceasing Activity Assessment.qvd","Ceasing Activity Assessment.qvd","FUSION QVD Generator","19b5a3ca-9ff1-4b75-bf21-5152f1230b55","2026-08-18 08:09:18",7,38,"00 - The Grants App(43);00 - Organisation Performance Profile;00 - The Grants App(21);00 - The Grants App(45);00 - The Grants App(8)","99 - QVD Tasks",FALSE,FALSE,FALSE,TRUE
"FUSION/Ceasing Activity Funding.qvd","Ceasing Activity Funding.qvd","FUSION QVD Generator","19b5a3ca-9ff1-4b75-bf21-5152f1230b55","2026-08-18 08:09:08",7,36,"00 - The Grants App(43);00 - Organisation Performance Profile;00 - The Grants App(21);00 - The Grants App(45);00 - The Grants App(8)","99 - QVD Tasks",FALSE,FALSE,FALSE,TRUE
"FUSION/Ceasing Activity Risk Assessment.qvd","Ceasing Activity Risk Assessment.qvd","FUSION QVD Generator","19b5a3ca-9ff1-4b75-bf21-5152f1230b55","2026-08-18 08:10:54",7,0,"","99 - QVD Tasks",FALSE,TRUE,FALSE,TRUE
"FUSION/Ceasing Activity Risk History.qvd","Ceasing Activity Risk History.qvd","FUSION QVD Generator","19b5a3ca-9ff1-4b75-bf21-5152f1230b55","2026-08-18 08:10:53",7,0,"","99 - QVD Tasks",FALSE,TRUE,FALSE,TRUE
"FUSION/Conflict Of Interest.qvd","Conflict Of Interest.qvd","FUSION QVD Generator","19b5a3ca-9ff1-4b75-bf21-5152f1230b55","2026-08-18 08:08:11",7,0,"","99 - QVD Tasks",FALSE,TRUE,FALSE,TRUE
"FUSION/Coverage Area.qvd","Coverage Area.qvd","FUSION QVD Generator","19b5a3ca-9ff1-4b75-bf21-5152f1230b55","2026-08-18 08:10:50",7,0,"","99 - QVD Tasks",FALSE,TRUE,FALSE,TRUE
"FUSION/CTG Outcome.qvd","CTG Outcome.qvd","FUSION QVD Generator","19b5a3ca-9ff1-4b75-bf21-5152f1230b55","2026-08-18 08:10:49",7,47,"00 - IAS Funding Decision and Tracking(4);00 - The Grants App(43);00 - Organisation Performance Profile;00 - The Grants App(21);11 - Provider (Organisation) Performance Profile with Assessment","99 - QVD Tasks",FALSE,FALSE,FALSE,TRUE
"FUSION/Declaration Of Interest.qvd","Declaration Of Interest.qvd","FUSION QVD Generator","19b5a3ca-9ff1-4b75-bf21-5152f1230b55","2026-08-18 08:08:13",7,0,"","99 - QVD Tasks",FALSE,TRUE,FALSE,TRUE
"FUSION/Demographic Measure.qvd","Demographic Measure.qvd","FUSION QVD Generator","19b5a3ca-9ff1-4b75-bf21-5152f1230b55","2026-08-18 08:08:31",7,0,"","99 - QVD Tasks",FALSE,TRUE,FALSE,TRUE
"FUSION/Direct Approach Approval.qvd","Direct Approach Approval.qvd","FUSION QVD Generator","19b5a3ca-9ff1-4b75-bf21-5152f1230b55","2026-08-18 08:10:48",7,0,"","99 - QVD Tasks",FALSE,TRUE,FALSE,TRUE
"FUSION/Elected Representative.qvd","Elected Representative.qvd","FUSION QVD Generator","19b5a3ca-9ff1-4b75-bf21-5152f1230b55","2026-08-18 08:08:29",7,0,"","99 - QVD Tasks",FALSE,TRUE,FALSE,TRUE
"FUSION/Electorate Activity Summary.qvd","Electorate Activity Summary.qvd","FUSION QVD Generator","19b5a3ca-9ff1-4b75-bf21-5152f1230b55","2026-08-18 08:08:43",7,0,"","99 - QVD Tasks",FALSE,TRUE,FALSE,TRUE
"FUSION/Electorate Demographic.qvd","Electorate Demographic.qvd","FUSION QVD Generator","19b5a3ca-9ff1-4b75-bf21-5152f1230b55","2026-08-18 08:08:42",7,0,"","99 - QVD Tasks",FALSE,TRUE,FALSE,TRUE
"FUSION/Electorate Information.qvd","Electorate Information.qvd","FUSION QVD Generator","19b5a3ca-9ff1-4b75-bf21-5152f1230b55","2026-08-18 08:08:40",7,0,"","99 - QVD Tasks",FALSE,TRUE,FALSE,TRUE
"FUSION/Electorate Organisation Summary.qvd","Electorate Organisation Summary.qvd","FUSION QVD Generator","19b5a3ca-9ff1-4b75-bf21-5152f1230b55","2026-08-18 08:08:38",7,0,"","99 - QVD Tasks",FALSE,TRUE,FALSE,TRUE
"FUSION/Electorate PMC Region.qvd","Electorate PMC Region.qvd","FUSION QVD Generator","19b5a3ca-9ff1-4b75-bf21-5152f1230b55","2026-08-18 08:08:37",7,0,"","99 - QVD Tasks",FALSE,TRUE,FALSE,TRUE
"FUSION/Electorate Programme.qvd","Electorate Programme.qvd","FUSION QVD Generator","19b5a3ca-9ff1-4b75-bf21-5152f1230b55","2026-08-18 08:08:35",7,0,"","99 - QVD Tasks",FALSE,TRUE,FALSE,TRUE
"FUSION/Electorate Reference.qvd","Electorate Reference.qvd","FUSION QVD Generator","19b5a3ca-9ff1-4b75-bf21-5152f1230b55","2026-08-18 08:08:34",7,0,"","99 - QVD Tasks",FALSE,TRUE,FALSE,TRUE
"FUSION/Electorate Stakeholder.qvd","Electorate Stakeholder.qvd","FUSION QVD Generator","19b5a3ca-9ff1-4b75-bf21-5152f1230b55","2026-08-18 08:08:32",7,0,"","99 - QVD Tasks",FALSE,TRUE,FALSE,TRUE
"FUSION/Electorate.qvd","Electorate.qvd","FUSION QVD Generator","19b5a3ca-9ff1-4b75-bf21-5152f1230b55","2026-08-18 08:08:45",7,0,"","99 - QVD Tasks",FALSE,TRUE,FALSE,TRUE
"FUSION/Empowered Community Process - Empowered Community.qvd","Empowered Community Process - Empowered Community.qvd","FUSION QVD Generator","19b5a3ca-9ff1-4b75-bf21-5152f1230b55","2026-08-18 08:10:38",7,0,"","99 - QVD Tasks",FALSE,TRUE,FALSE,TRUE
"FUSION/Empowered Community Process.qvd","Empowered Community Process.qvd","FUSION QVD Generator","19b5a3ca-9ff1-4b75-bf21-5152f1230b55","2026-08-18 08:10:39",7,0,"","99 - QVD Tasks",FALSE,TRUE,FALSE,TRUE
"FUSION/Empowered Community.qvd","Empowered Community.qvd","FUSION QVD Generator","19b5a3ca-9ff1-4b75-bf21-5152f1230b55","2026-08-18 08:10:40",7,0,"","99 - QVD Tasks",FALSE,TRUE,FALSE,TRUE
"FUSION/Financial Year.qvd","Financial Year.qvd","FUSION QVD Generator","19b5a3ca-9ff1-4b75-bf21-5152f1230b55","2026-08-18 08:09:46",7,57,"00 - The Grants App(43);00 - Organisation Performance Profile;00 - The Grants App(21);11 - Provider (Organisation) Performance Profile with Assessment;00 - The Grants App(45)","99 - QVD Tasks",FALSE,FALSE,FALSE,TRUE
"FUSION/Framework Code.qvd","Framework Code.qvd","FUSION QVD Generator","19b5a3ca-9ff1-4b75-bf21-5152f1230b55","2026-08-18 08:10:12",7,6,"00 - The Grants App - NPrint V.1.2.0;01 - NIAA Grants(3);08 - Performance Summary V1.2.0;08 - Performance Summary(2);08 - Performance Summary(3)","99 - QVD Tasks",FALSE,FALSE,FALSE,TRUE
"FUSION/Funding Appropriation.qvd","Funding Appropriation.qvd","FUSION QVD Generator","19b5a3ca-9ff1-4b75-bf21-5152f1230b55","2026-08-18 08:10:48",7,0,"","99 - QVD Tasks",FALSE,TRUE,FALSE,TRUE
"FUSION/Funding Brief-25.qvd","Funding Brief-25.qvd","FUSION QVD Generator","19b5a3ca-9ff1-4b75-bf21-5152f1230b55","2026-08-18 08:10:42",7,0,"","99 - QVD Tasks",FALSE,TRUE,FALSE,TRUE
"FUSION/Funding Brief-26.qvd","Funding Brief-26.qvd","FUSION QVD Generator","19b5a3ca-9ff1-4b75-bf21-5152f1230b55","2025-08-21 22:37:19",369,0,"","99 - QVD Tasks",TRUE,TRUE,TRUE,TRUE
"FUSION/Funding Brief.qvd","Funding Brief.qvd","FUSION QVD Generator","19b5a3ca-9ff1-4b75-bf21-5152f1230b55","2026-08-18 08:10:47",7,0,"","99 - QVD Tasks",FALSE,TRUE,FALSE,TRUE
"FUSION/Funding Decision Financial.qvd","Funding Decision Financial.qvd","FUSION QVD Generator","19b5a3ca-9ff1-4b75-bf21-5152f1230b55","2026-08-18 08:10:49",7,0,"","99 - QVD Tasks",FALSE,TRUE,FALSE,TRUE
"FUSION/Funding Decision.qvd","Funding Decision.qvd","FUSION QVD Generator","19b5a3ca-9ff1-4b75-bf21-5152f1230b55","2026-08-18 08:10:40",7,26,"00 - IAS Funding Decision and Tracking(4);CAP Investing in Youth Grant Applications nPrint(1);DRAFT CAP Funding Round;Healing for Strong Families;CAP Investing in Youth Grant Applications","99 - QVD Tasks",FALSE,FALSE,FALSE,TRUE
"FUSION/Fusion Location.qvd","Fusion Location.qvd","FUSION QVD Generator","19b5a3ca-9ff1-4b75-bf21-5152f1230b55","2026-08-18 08:10:17",7,23,"00 - The Grants App(43);00 - The Grants App(21);00 - The Grants App(45);00 - The Grants App(8);00 - The Grants App(38)","99 - QVD Tasks",FALSE,FALSE,FALSE,TRUE
"FUSION/Grant Acquittal Calculation.qvd","Grant Acquittal Calculation.qvd","FUSION QVD Generator","19b5a3ca-9ff1-4b75-bf21-5152f1230b55","2026-08-18 08:09:04",7,0,"","99 - QVD Tasks",FALSE,TRUE,FALSE,TRUE
"FUSION/Grant Acquittal Outcome Type.qvd","Grant Acquittal Outcome Type.qvd","FUSION QVD Generator","19b5a3ca-9ff1-4b75-bf21-5152f1230b55","2026-08-18 08:09:03",7,0,"","99 - QVD Tasks",FALSE,TRUE,FALSE,TRUE
"FUSION/Grant Acquittal Recommendation Type.qvd","Grant Acquittal Recommendation Type.qvd","FUSION QVD Generator","19b5a3ca-9ff1-4b75-bf21-5152f1230b55","2026-08-18 08:08:59",7,0,"","99 - QVD Tasks",FALSE,TRUE,FALSE,TRUE
"FUSION/Grant Acquittal Recommendation.qvd","Grant Acquittal Recommendation.qvd","FUSION QVD Generator","19b5a3ca-9ff1-4b75-bf21-5152f1230b55","2026-08-18 08:09:01",7,39,"00 - The Grants App(43);00 - Organisation Performance Profile;00 - The Grants App(21);11 - Provider (Organisation) Performance Profile with Assessment;00 - The Grants App(45)","99 - QVD Tasks",FALSE,FALSE,FALSE,TRUE
"FUSION/Grant Acquittal Task.qvd","Grant Acquittal Task.qvd","FUSION QVD Generator","19b5a3ca-9ff1-4b75-bf21-5152f1230b55","2026-08-18 08:08:58",7,0,"","99 - QVD Tasks",FALSE,TRUE,FALSE,TRUE
"FUSION/Grant Acquittal.qvd","Grant Acquittal.qvd","FUSION QVD Generator","19b5a3ca-9ff1-4b75-bf21-5152f1230b55","2026-08-18 08:09:06",7,42,"00 - The Grants App(43);00 - Organisation Performance Profile;00 - The Grants App(21);11 - Provider (Organisation) Performance Profile with Assessment;00 - The Grants App(45)","99 - QVD Tasks",FALSE,FALSE,FALSE,TRUE
"FUSION/Grant Activity Coding - Activity Tag.qvd","Grant Activity Coding - Activity Tag.qvd","FUSION QVD Generator","19b5a3ca-9ff1-4b75-bf21-5152f1230b55","2026-08-18 08:10:03",7,0,"","99 - QVD Tasks",FALSE,TRUE,FALSE,TRUE
"FUSION/Grant Activity Coding - Activity Target Group.qvd","Grant Activity Coding - Activity Target Group.qvd","FUSION QVD Generator","19b5a3ca-9ff1-4b75-bf21-5152f1230b55","2026-08-18 08:10:02",7,0,"","99 - QVD Tasks",FALSE,TRUE,FALSE,TRUE
"FUSION/Grant Activity Coding - Ancillary Code.qvd","Grant Activity Coding - Ancillary Code.qvd","FUSION QVD Generator","19b5a3ca-9ff1-4b75-bf21-5152f1230b55","2026-08-18 08:10:01",7,0,"","99 - QVD Tasks",FALSE,TRUE,FALSE,TRUE
"FUSION/Grant Activity Coding - Framework Code.qvd","Grant Activity Coding - Framework Code.qvd","FUSION QVD Generator","19b5a3ca-9ff1-4b75-bf21-5152f1230b55","2026-08-18 08:10:05",7,6,"00 - The Grants App - NPrint V.1.2.0;01 - NIAA Grants(3);08 - Performance Summary V1.2.0;08 - Performance Summary(2);08 - Performance Summary(3)","99 - QVD Tasks",FALSE,FALSE,FALSE,TRUE
"FUSION/Grant Activity Coding - Summary.qvd","Grant Activity Coding - Summary.qvd","FUSION QVD Generator","19b5a3ca-9ff1-4b75-bf21-5152f1230b55","2026-08-18 08:10:04",7,0,"","99 - QVD Tasks",FALSE,TRUE,FALSE,TRUE
"FUSION/Grant Activity Coding - Target Age Demographic.qvd","Grant Activity Coding - Target Age Demographic.qvd","FUSION QVD Generator","19b5a3ca-9ff1-4b75-bf21-5152f1230b55","2026-08-18 08:09:59",7,0,"","99 - QVD Tasks",FALSE,TRUE,FALSE,TRUE
"FUSION/Grant Activity Coding - Target Gender.qvd","Grant Activity Coding - Target Gender.qvd","FUSION QVD Generator","19b5a3ca-9ff1-4b75-bf21-5152f1230b55","2026-08-18 08:09:58",7,0,"","99 - QVD Tasks",FALSE,TRUE,FALSE,TRUE
"FUSION/Grant Activity Coding Funding.qvd","Grant Activity Coding Funding.qvd","FUSION QVD Generator","19b5a3ca-9ff1-4b75-bf21-5152f1230b55","2026-08-18 08:10:13",7,0,"","99 - QVD Tasks",FALSE,TRUE,FALSE,TRUE
"FUSION/Grant Activity Coding.qvd","Grant Activity Coding.qvd","FUSION QVD Generator","19b5a3ca-9ff1-4b75-bf21-5152f1230b55","2026-08-18 08:10:06",7,6,"00 - The Grants App - NPrint V.1.2.0;01 - NIAA Grants(3);08 - Performance Summary V1.2.0;08 - Performance Summary(2);08 - Performance Summary(3)","99 - QVD Tasks",FALSE,FALSE,FALSE,TRUE
"FUSION/Grant Activity Funding.qvd","Grant Activity Funding.qvd","FUSION QVD Generator","19b5a3ca-9ff1-4b75-bf21-5152f1230b55","2026-08-18 08:09:13",7,112,"00 - The Grants App(43);00 - Organisation Performance Profile;00 - The Grants App(21);Remote Jobs and Economic Development (RJED) - Code fix(1);Remote Jobs and Economic Development (RJED)(2)","99 - QVD Tasks",FALSE,FALSE,FALSE,TRUE
"FUSION/Grant Activity Indicative Risk.qvd","Grant Activity Indicative Risk.qvd","FUSION QVD Generator","19b5a3ca-9ff1-4b75-bf21-5152f1230b55","2026-08-18 08:09:20",7,9,"Master Grants Report - Program Nprint(4);08 - Performance Summary V1.2.0;Master Grants Report Nprint(3);Master Grants Report - Program Nprint(2);Master Grants Report - Program Nprint(5)","99 - QVD Tasks",FALSE,FALSE,FALSE,TRUE
"FUSION/Grant Activity KPI Assessment.qvd","Grant Activity KPI Assessment.qvd","FUSION QVD Generator","19b5a3ca-9ff1-4b75-bf21-5152f1230b55","2026-08-18 08:10:30",7,7,"PRA MKPI.M1 and MKPI.M2 results;07 - Performance Reviews (link to grant round);08 - Performance Summary V1.2.0;07 - Performance Reviews V1.2.0;08 - Performance Summary(2)","99 - QVD Tasks",FALSE,FALSE,FALSE,TRUE
"FUSION/Grant Activity KPI.qvd","Grant Activity KPI.qvd","FUSION QVD Generator","19b5a3ca-9ff1-4b75-bf21-5152f1230b55","2026-08-18 08:10:31",7,1,"KPI Fusion extract","99 - QVD Tasks",FALSE,FALSE,FALSE,TRUE
"FUSION/Grant Activity Location Attribution.qvd","Grant Activity Location Attribution.qvd","FUSION QVD Generator","19b5a3ca-9ff1-4b75-bf21-5152f1230b55","2026-08-18 08:09:14",7,65,"Community Profile Nprint - DEV;00 - The Grants App(43);00 - Organisation Performance Profile;00 - The Grants App(21);Remote Jobs and Economic Development (RJED) - Code fix(1)","99 - QVD Tasks",FALSE,FALSE,FALSE,TRUE
"FUSION/Grant Activity Location.qvd","Grant Activity Location.qvd","FUSION QVD Generator","19b5a3ca-9ff1-4b75-bf21-5152f1230b55","2026-08-18 08:09:16",7,52,"00 - The Grants App(43);00 - Organisation Performance Profile;00 - The Grants App(21);Remote Jobs and Economic Development (RJED) - Code fix(1);00 - The Grants App(45)","99 - QVD Tasks",FALSE,FALSE,FALSE,TRUE
"FUSION/Grant Activity Milestone.qvd","Grant Activity Milestone.qvd","FUSION QVD Generator","19b5a3ca-9ff1-4b75-bf21-5152f1230b55","2026-08-18 08:10:36",7,6,"00 - The Grants App - NPrint(1);00 - The Grants App - NPrint V.1.2.0;09 - Provider Funding Characteristics(3);Master Grants Report Nprint(3);00 - The Grants App - BETA(5)","99 - QVD Tasks",FALSE,FALSE,FALSE,TRUE
"FUSION/Grant Activity Review Item.qvd","Grant Activity Review Item.qvd","FUSION QVD Generator","19b5a3ca-9ff1-4b75-bf21-5152f1230b55","2026-08-18 08:10:37",7,0,"","99 - QVD Tasks",FALSE,TRUE,FALSE,TRUE
"GAR/Grant Activity Review Item.qvd","Grant Activity Review Item.qvd","FUSION QVD Generator","19b5a3ca-9ff1-4b75-bf21-5152f1230b55","2026-08-18 08:10:58",7,12,"Operational Dashboard 2.0(1);Test Investment MappingBackup20241203;Operational Dashboard 2.0 - PreProd;Operational Dashboard Version 2.0Backup20240419;Operational Dashboard 2.0 V1.2.0","99 - QVD Tasks",FALSE,FALSE,FALSE,TRUE
"GAR/Grant Activity Review KPI.qvd","Grant Activity Review KPI.qvd","FUSION QVD Generator","19b5a3ca-9ff1-4b75-bf21-5152f1230b55","2026-08-18 08:10:58",7,12,"Operational Dashboard 2.0(1);Test Investment MappingBackup20241203;Operational Dashboard 2.0 - PreProd;Operational Dashboard Version 2.0Backup20240419;Operational Dashboard 2.0 V1.2.0","99 - QVD Tasks",FALSE,FALSE,FALSE,TRUE
"FUSION/Grant Activity Review.qvd","Grant Activity Review.qvd","FUSION QVD Generator","19b5a3ca-9ff1-4b75-bf21-5152f1230b55","2026-08-18 08:10:38",7,18,"Operational Dashboard 2.0(1);Test Investment MappingBackup20241203;Operational Dashboard 2.0 - PreProd;Operational Dashboard Version 2.0Backup20240419;09 - Provider Funding Characteristics(3)","99 - QVD Tasks",FALSE,FALSE,FALSE,TRUE
"GAR/Grant Activity Review.qvd","Grant Activity Review.qvd","FUSION QVD Generator","19b5a3ca-9ff1-4b75-bf21-5152f1230b55","2026-08-18 08:10:58",7,12,"Operational Dashboard 2.0(1);Test Investment MappingBackup20241203;Operational Dashboard 2.0 - PreProd;Operational Dashboard Version 2.0Backup20240419;Operational Dashboard 2.0 V1.2.0","99 - QVD Tasks",FALSE,FALSE,FALSE,TRUE
"FUSION/Grant Activity Task.qvd","Grant Activity Task.qvd","FUSION QVD Generator","19b5a3ca-9ff1-4b75-bf21-5152f1230b55","2026-08-18 08:08:53",7,0,"","99 - QVD Tasks",FALSE,TRUE,FALSE,TRUE
"FUSION/Grant Activity.qvd","Grant Activity.qvd","FUSION QVD Generator","19b5a3ca-9ff1-4b75-bf21-5152f1230b55","2026-08-18 08:09:22",7,110,"00 - The Grants App(43);00 - Organisation Performance Profile;00 - The Grants App(21);Remote Jobs and Economic Development (RJED) - Code fix(1);Remote Jobs and Economic Development (RJED)(2)","99 - QVD Tasks",FALSE,FALSE,FALSE,TRUE
"FUSION/Grant Application Funding Allocation.qvd","Grant Application Funding Allocation.qvd","FUSION QVD Generator","19b5a3ca-9ff1-4b75-bf21-5152f1230b55","2026-08-18 08:09:43",7,1,"01 - NIAA Grants(3)","99 - QVD Tasks",FALSE,FALSE,FALSE,TRUE
"FUSION/Grant Application Funding.qvd","Grant Application Funding.qvd","FUSION QVD Generator","19b5a3ca-9ff1-4b75-bf21-5152f1230b55","2026-08-18 08:09:45",7,1,"01 - NIAA Grants(3)","99 - QVD Tasks",FALSE,FALSE,FALSE,TRUE
"FUSION/Grant Application Note.qvd","Grant Application Note.qvd","FUSION QVD Generator","19b5a3ca-9ff1-4b75-bf21-5152f1230b55","2026-08-18 08:09:42",7,15,"Healing for Strong Families;2025 NAIDOC;Nprint - Expansion Indigenous Boarding Measure(1);Funding Round - NAIDOC 2023;ISEP - Round 2","99 - QVD Tasks",FALSE,FALSE,FALSE,TRUE
"FUSION/Grant Application Process.qvd","Grant Application Process.qvd","FUSION QVD Generator","19b5a3ca-9ff1-4b75-bf21-5152f1230b55","2026-08-18 08:09:47",7,7,"Master Grants Report - Program Nprint(4);Master Grants Report Nprint(3);Master Grants Report - Program Nprint(2);Master Grants Report - Program Nprint(5);00 - The Grants App - BETA(5)","99 - QVD Tasks",FALSE,FALSE,FALSE,TRUE
"FUSION/Grant Application Risk Assessment.qvd","Grant Application Risk Assessment.qvd","FUSION QVD Generator","19b5a3ca-9ff1-4b75-bf21-5152f1230b55","2026-08-18 08:10:53",7,0,"","99 - QVD Tasks",FALSE,TRUE,FALSE,TRUE
"FUSION/Grant Application Risk History.qvd","Grant Application Risk History.qvd","FUSION QVD Generator","19b5a3ca-9ff1-4b75-bf21-5152f1230b55","2026-08-18 08:10:53",7,0,"","99 - QVD Tasks",FALSE,TRUE,FALSE,TRUE
"FUSION/Grant Application.qvd","Grant Application.qvd","FUSION QVD Generator","19b5a3ca-9ff1-4b75-bf21-5152f1230b55","2026-08-18 08:09:50",7,77,"CAP Investing in Youth Grant Applications nPrint(1);DRAFT CAP Funding Round;Healing for Strong Families;Remote Jobs and Economic Development (RJED) - Code fix(1);CAP Investing in Youth Grant Applications","99 - QVD Tasks",FALSE,FALSE,FALSE,TRUE
"FUSION/Grant Assessment.qvd","Grant Assessment.qvd","FUSION QVD Generator","19b5a3ca-9ff1-4b75-bf21-5152f1230b55","2026-08-18 08:09:48",7,0,"","99 - QVD Tasks",FALSE,TRUE,FALSE,TRUE
"FUSION/Grant Management Unit Alternate Name.qvd","Grant Management Unit Alternate Name.qvd","FUSION QVD Generator","19b5a3ca-9ff1-4b75-bf21-5152f1230b55","2026-08-18 08:09:09",7,0,"","99 - QVD Tasks",FALSE,TRUE,FALSE,TRUE
"FUSION/Grant Management Unit.qvd","Grant Management Unit.qvd","FUSION QVD Generator","19b5a3ca-9ff1-4b75-bf21-5152f1230b55","2026-08-18 08:09:11",7,41,"00 - The Grants App(43);00 - The Grants App(21);Remote Jobs and Economic Development (RJED) - Code fix(1);Remote Jobs and Economic Development (RJED)(2);00 - The Grants App(45)","99 - QVD Tasks",FALSE,FALSE,FALSE,TRUE
"FUSION/Grant Opportunity Guideline - CTG Outcome.qvd","Grant Opportunity Guideline - CTG Outcome.qvd","FUSION QVD Generator","19b5a3ca-9ff1-4b75-bf21-5152f1230b55","2026-08-18 08:10:49",7,0,"","99 - QVD Tasks",FALSE,TRUE,FALSE,TRUE
"FUSION/Grant Opportunity Guideline.qvd","Grant Opportunity Guideline.qvd","FUSION QVD Generator","19b5a3ca-9ff1-4b75-bf21-5152f1230b55","2026-08-18 08:10:46",7,0,"","99 - QVD Tasks",FALSE,TRUE,FALSE,TRUE
"FUSION/Grant Round.qvd","Grant Round.qvd","FUSION QVD Generator","19b5a3ca-9ff1-4b75-bf21-5152f1230b55","2026-08-18 08:09:51",7,74,"CAP Investing in Youth Grant Applications nPrint(1);DRAFT CAP Funding Round;Healing for Strong Families;Remote Jobs and Economic Development (RJED) - Code fix(1);CAP Investing in Youth Grant Applications","99 - QVD Tasks",FALSE,FALSE,FALSE,TRUE
"FUSION/KPI Code.qvd","KPI Code.qvd","FUSION QVD Generator","19b5a3ca-9ff1-4b75-bf21-5152f1230b55","2026-08-18 08:10:33",7,0,"","99 - QVD Tasks",FALSE,TRUE,FALSE,TRUE
"FUSION/KPI Rating.qvd","KPI Rating.qvd","FUSION QVD Generator","19b5a3ca-9ff1-4b75-bf21-5152f1230b55","2026-08-18 08:10:32",7,0,"","99 - QVD Tasks",FALSE,TRUE,FALSE,TRUE
"FUSION/NIAA Region Alternate Name.qvd","NIAA Region Alternate Name.qvd","FUSION QVD Generator","19b5a3ca-9ff1-4b75-bf21-5152f1230b55","2026-08-18 08:09:23",7,0,"","99 - QVD Tasks",FALSE,TRUE,FALSE,TRUE
"FUSION/NIAA Region.qvd","NIAA Region.qvd","FUSION QVD Generator","19b5a3ca-9ff1-4b75-bf21-5152f1230b55","2026-08-18 08:09:25",7,41,"00 - The Grants App(43);00 - The Grants App(21);Remote Jobs and Economic Development (RJED) - Code fix(1);Remote Jobs and Economic Development (RJED)(2);00 - The Grants App(45)","99 - QVD Tasks",FALSE,FALSE,FALSE,TRUE
"FUSION/Opportunity - Framework Code.qvd","Opportunity - Framework Code.qvd","FUSION QVD Generator","19b5a3ca-9ff1-4b75-bf21-5152f1230b55","2026-08-18 08:10:28",7,0,"","99 - QVD Tasks",FALSE,TRUE,FALSE,TRUE
"FUSION/Opportunity - Fusion Location.qvd","Opportunity - Fusion Location.qvd","FUSION QVD Generator","19b5a3ca-9ff1-4b75-bf21-5152f1230b55","2026-08-18 08:10:27",7,23,"00 - The Grants App(43);00 - The Grants App(21);00 - The Grants App(45);00 - The Grants App(8);00 - The Grants App(38)","99 - QVD Tasks",FALSE,FALSE,FALSE,TRUE
"FUSION/Opportunity - Grant Activity.qvd","Opportunity - Grant Activity.qvd","FUSION QVD Generator","19b5a3ca-9ff1-4b75-bf21-5152f1230b55","2026-08-18 08:10:15",7,0,"","99 - QVD Tasks",FALSE,TRUE,FALSE,TRUE
"FUSION/Opportunity - Grant Application.qvd","Opportunity - Grant Application.qvd","FUSION QVD Generator","19b5a3ca-9ff1-4b75-bf21-5152f1230b55","2026-08-18 08:10:15",7,0,"","99 - QVD Tasks",FALSE,TRUE,FALSE,TRUE
"FUSION/Opportunity - PMC Region.qvd","Opportunity - PMC Region.qvd","FUSION QVD Generator","19b5a3ca-9ff1-4b75-bf21-5152f1230b55","2026-08-18 08:10:26",7,0,"","99 - QVD Tasks",FALSE,TRUE,FALSE,TRUE
"FUSION/Opportunity - Target Group.qvd","Opportunity - Target Group.qvd","FUSION QVD Generator","19b5a3ca-9ff1-4b75-bf21-5152f1230b55","2026-08-18 08:10:25",7,22,"00 - The Grants App(43);00 - The Grants App(21);00 - The Grants App(45);00 - The Grants App(8);00 - The Grants App(38)","99 - QVD Tasks",FALSE,FALSE,FALSE,TRUE
"FUSION/Opportunity Budget Item.qvd","Opportunity Budget Item.qvd","FUSION QVD Generator","19b5a3ca-9ff1-4b75-bf21-5152f1230b55","2026-08-18 08:10:24",7,0,"","99 - QVD Tasks",FALSE,TRUE,FALSE,TRUE
"FUSION/Opportunity Capture.qvd","Opportunity Capture.qvd","FUSION QVD Generator","19b5a3ca-9ff1-4b75-bf21-5152f1230b55","2026-08-18 08:10:23",7,0,"","99 - QVD Tasks",FALSE,TRUE,FALSE,TRUE
"FUSION/Opportunity Expected Employment Outcome.qvd","Opportunity Expected Employment Outcome.qvd","FUSION QVD Generator","19b5a3ca-9ff1-4b75-bf21-5152f1230b55","2026-08-18 08:10:22",7,0,"","99 - QVD Tasks",FALSE,TRUE,FALSE,TRUE
"FUSION/Opportunity Other Contribution.qvd","Opportunity Other Contribution.qvd","FUSION QVD Generator","19b5a3ca-9ff1-4b75-bf21-5152f1230b55","2026-08-18 08:10:21",7,0,"","99 - QVD Tasks",FALSE,TRUE,FALSE,TRUE
"FUSION/Opportunity Potential Risk.qvd","Opportunity Potential Risk.qvd","FUSION QVD Generator","19b5a3ca-9ff1-4b75-bf21-5152f1230b55","2026-08-18 08:10:20",7,0,"","99 - QVD Tasks",FALSE,TRUE,FALSE,TRUE
"FUSION/Opportunity Programme Funding.qvd","Opportunity Programme Funding.qvd","FUSION QVD Generator","19b5a3ca-9ff1-4b75-bf21-5152f1230b55","2026-08-18 08:10:19",7,34,"00 - The Grants App(43);00 - Organisation Performance Profile;00 - The Grants App(21);11 - Provider (Organisation) Performance Profile with Assessment;00 - The Grants App(45)","99 - QVD Tasks",FALSE,FALSE,FALSE,TRUE
"FUSION/Opportunity Stakeholder.qvd","Opportunity Stakeholder.qvd","FUSION QVD Generator","19b5a3ca-9ff1-4b75-bf21-5152f1230b55","2026-08-18 08:10:18",7,0,"","99 - QVD Tasks",FALSE,TRUE,FALSE,TRUE
"FUSION/Opportunity Task.qvd","Opportunity Task.qvd","FUSION QVD Generator","19b5a3ca-9ff1-4b75-bf21-5152f1230b55","2026-08-18 08:08:48",7,0,"","99 - QVD Tasks",FALSE,TRUE,FALSE,TRUE
"FUSION/Opportunity.qvd","Opportunity.qvd","FUSION QVD Generator","19b5a3ca-9ff1-4b75-bf21-5152f1230b55","2026-08-18 08:10:29",7,1,"NIAA - Aurion Org Chart","99 - QVD Tasks",FALSE,FALSE,FALSE,TRUE
"FUSION/Organisation Additional Condition.qvd","Organisation Additional Condition.qvd","FUSION QVD Generator","19b5a3ca-9ff1-4b75-bf21-5152f1230b55","2026-08-18 08:09:35",7,0,"","99 - QVD Tasks",FALSE,TRUE,FALSE,TRUE
"FUSION/Organisation Current Risk Profile.qvd","Organisation Current Risk Profile.qvd","FUSION QVD Generator","19b5a3ca-9ff1-4b75-bf21-5152f1230b55","2026-08-18 08:09:34",7,0,"","99 - QVD Tasks",FALSE,TRUE,FALSE,TRUE
"FUSION/Organisation Risk Profile Derived History.qvd","Organisation Risk Profile Derived History.qvd","FUSION QVD Generator","19b5a3ca-9ff1-4b75-bf21-5152f1230b55","2026-08-18 08:09:36",7,39,"00 - The Grants App(43);00 - Organisation Performance Profile;00 - The Grants App(21);11 - Provider (Organisation) Performance Profile with Assessment;00 - The Grants App(45)","99 - QVD Tasks",FALSE,FALSE,FALSE,TRUE
"FUSION/Organisation Risk Profile Task.qvd","Organisation Risk Profile Task.qvd","FUSION QVD Generator","19b5a3ca-9ff1-4b75-bf21-5152f1230b55","2026-08-18 08:08:51",7,39,"00 - The Grants App(43);00 - Organisation Performance Profile;00 - The Grants App(21);11 - Provider (Organisation) Performance Profile with Assessment;00 - The Grants App(45)","99 - QVD Tasks",FALSE,FALSE,FALSE,TRUE
"FUSION/Organisation Risk Profile.qvd","Organisation Risk Profile.qvd","FUSION QVD Generator","19b5a3ca-9ff1-4b75-bf21-5152f1230b55","2026-08-18 08:09:37",7,39,"00 - The Grants App(43);00 - Organisation Performance Profile;00 - The Grants App(21);11 - Provider (Organisation) Performance Profile with Assessment;00 - The Grants App(45)","99 - QVD Tasks",FALSE,FALSE,FALSE,TRUE
"FUSION/Organisation Task.qvd","Organisation Task.qvd","FUSION QVD Generator","19b5a3ca-9ff1-4b75-bf21-5152f1230b55","2026-08-18 08:08:50",7,0,"","99 - QVD Tasks",FALSE,TRUE,FALSE,TRUE
"FUSION/Organisation.qvd","Organisation.qvd","FUSION QVD Generator","19b5a3ca-9ff1-4b75-bf21-5152f1230b55","2026-08-18 08:09:39",7,126,"CAP Investing in Youth Grant Applications nPrint(1);DRAFT CAP Funding Round;Healing for Strong Families;00 - The Grants App(43);00 - Organisation Performance Profile","99 - QVD Tasks",FALSE,FALSE,FALSE,TRUE
"FUSION/Payment Milestone.qvd","Payment Milestone.qvd","FUSION QVD Generator","19b5a3ca-9ff1-4b75-bf21-5152f1230b55","2026-08-18 08:10:35",7,0,"","99 - QVD Tasks",FALSE,TRUE,FALSE,TRUE
"FUSION/Performance Report Assessment.qvd","Performance Report Assessment.qvd","FUSION QVD Generator","19b5a3ca-9ff1-4b75-bf21-5152f1230b55","2026-08-18 08:10:33",7,59,"00 - The Grants App(43);00 - Organisation Performance Profile;00 - The Grants App(21);11 - Provider (Organisation) Performance Profile with Assessment;00 - The Grants App(45)","99 - QVD Tasks",FALSE,FALSE,FALSE,TRUE
"FUSION/Planned Investment Financial.qvd","Planned Investment Financial.qvd","FUSION QVD Generator","19b5a3ca-9ff1-4b75-bf21-5152f1230b55","2026-08-18 08:10:45",7,0,"","99 - QVD Tasks",FALSE,TRUE,FALSE,TRUE
"FUSION/Planned Investment.qvd","Planned Investment.qvd","FUSION QVD Generator","19b5a3ca-9ff1-4b75-bf21-5152f1230b55","2026-08-18 08:10:46",7,0,"","99 - QVD Tasks",FALSE,TRUE,FALSE,TRUE
"FUSION/PMC Region.qvd","PMC Region.qvd","FUSION QVD Generator","19b5a3ca-9ff1-4b75-bf21-5152f1230b55","2026-08-18 08:09:27",7,39,"00 - Organisation Performance Profile;11 - Provider (Organisation) Performance Profile with Assessment;Operational Dashboard 2.0(1);00 - The Grants App - Dev(1);Test Investment MappingBackup20241203","99 - QVD Tasks",FALSE,FALSE,FALSE,TRUE
"FUSION/Programme Alternate Name.qvd","Programme Alternate Name.qvd","FUSION QVD Generator","19b5a3ca-9ff1-4b75-bf21-5152f1230b55","2026-08-18 08:09:55",7,0,"","99 - QVD Tasks",FALSE,TRUE,FALSE,TRUE
"FUSION/Programme Component Alternate Name.qvd","Programme Component Alternate Name.qvd","FUSION QVD Generator","19b5a3ca-9ff1-4b75-bf21-5152f1230b55","2026-08-18 08:09:52",7,0,"","99 - QVD Tasks",FALSE,TRUE,FALSE,TRUE
"FUSION/Programme Component.qvd","Programme Component.qvd","FUSION QVD Generator","19b5a3ca-9ff1-4b75-bf21-5152f1230b55","2026-08-18 08:09:53",7,24,"Master Grants Report - Program Nprint(4);00 - The Grants App - NPrint(1);00 - The Grants App - NPrint V.1.2.0;Funding Round - NAIDOC 2023;09 - Provider Funding Characteristics(3)","99 - QVD Tasks",FALSE,FALSE,FALSE,TRUE
"FUSION/Programme Financial.qvd","Programme Financial.qvd","FUSION QVD Generator","19b5a3ca-9ff1-4b75-bf21-5152f1230b55","2026-08-18 08:09:54",7,0,"","99 - QVD Tasks",FALSE,TRUE,FALSE,TRUE
"FUSION/Programme Sub Component.qvd","Programme Sub Component.qvd","FUSION QVD Generator","19b5a3ca-9ff1-4b75-bf21-5152f1230b55","2026-08-18 08:10:45",7,3,"D2E - Finance Reports;Decision to Execution (D2E) - Finance Reports(1);Decision to Execution (D2E) - Finance Reports(2)","99 - QVD Tasks",FALSE,FALSE,FALSE,TRUE
"FUSION/Programme.qvd","Programme.qvd","FUSION QVD Generator","19b5a3ca-9ff1-4b75-bf21-5152f1230b55","2026-08-18 08:09:56",7,26,"Master Grants Report - Program Nprint(4);00 - The Grants App - NPrint(1);00 - The Grants App - NPrint V.1.2.0;NIAA Operational Dashboard - DEV;Funding Round - NAIDOC 2023","99 - QVD Tasks",FALSE,FALSE,FALSE,TRUE
"FUSION/Questionnaire Question.qvd","Questionnaire Question.qvd","FUSION QVD Generator","19b5a3ca-9ff1-4b75-bf21-5152f1230b55","2026-08-18 08:09:32",7,0,"","99 - QVD Tasks",FALSE,TRUE,FALSE,TRUE
"FUSION/Questionnaire Response.qvd","Questionnaire Response.qvd","FUSION QVD Generator","19b5a3ca-9ff1-4b75-bf21-5152f1230b55","2026-08-18 08:09:30",7,0,"","99 - QVD Tasks",FALSE,TRUE,FALSE,TRUE
"FUSION/Questionnaire Section.qvd","Questionnaire Section.qvd","FUSION QVD Generator","19b5a3ca-9ff1-4b75-bf21-5152f1230b55","2026-08-18 08:09:29",7,0,"","99 - QVD Tasks",FALSE,TRUE,FALSE,TRUE
"FUSION/Reporting Milestone.qvd","Reporting Milestone.qvd","FUSION QVD Generator","19b5a3ca-9ff1-4b75-bf21-5152f1230b55","2026-08-18 08:10:36",7,0,"","99 - QVD Tasks",FALSE,TRUE,FALSE,TRUE
"FUSION/SA1-PMC Region.qvd","SA1-PMC Region.qvd","FUSION QVD Generator","19b5a3ca-9ff1-4b75-bf21-5152f1230b55","2026-08-18 08:09:26",7,0,"","99 - QVD Tasks",FALSE,TRUE,FALSE,TRUE
"FUSION/Site Visit Assessment Action Item.qvd","Site Visit Assessment Action Item.qvd","FUSION QVD Generator","19b5a3ca-9ff1-4b75-bf21-5152f1230b55","2026-08-18 08:08:16",7,23,"00 - The Grants App(43);00 - The Grants App(21);00 - The Grants App(45);00 - The Grants App(8);00 - The Grants App(38)","99 - QVD Tasks",FALSE,FALSE,FALSE,TRUE
"FUSION/Site Visit Assessment.qvd","Site Visit Assessment.qvd","FUSION QVD Generator","19b5a3ca-9ff1-4b75-bf21-5152f1230b55","2026-08-18 08:08:18",7,56,"00 - The Grants App(43);00 - Organisation Performance Profile;00 - The Grants App(21);11 - Provider (Organisation) Performance Profile with Assessment;00 - The Grants App(45)","99 - QVD Tasks",FALSE,FALSE,FALSE,TRUE
"FUSION/Site Visit Location.qvd","Site Visit Location.qvd","FUSION QVD Generator","19b5a3ca-9ff1-4b75-bf21-5152f1230b55","2026-08-18 08:08:14",7,50,"00 - The Grants App(43);00 - Organisation Performance Profile;00 - The Grants App(21);11 - Provider (Organisation) Performance Profile with Assessment;00 - The Grants App(45)","99 - QVD Tasks",FALSE,FALSE,FALSE,TRUE
"FUSION/Source Organisation.qvd","Source Organisation.qvd","FUSION QVD Generator","19b5a3ca-9ff1-4b75-bf21-5152f1230b55","2026-08-18 08:09:40",7,75,"CAP Investing in Youth Grant Applications nPrint(1);DRAFT CAP Funding Round;Healing for Strong Families;Community Profile Nprint - DEV;CAP Investing in Youth Grant Applications","99 - QVD Tasks",FALSE,FALSE,FALSE,TRUE
"FUSION/Source System.qvd","Source System.qvd","FUSION QVD Generator","19b5a3ca-9ff1-4b75-bf21-5152f1230b55","2026-08-18 08:09:41",7,11,"GPS Grants QVD Generator V1.1.3;00 - The Grants App - NPrint(1);00 - The Grants App - NPrint V.1.2.0;09 - Provider Funding Characteristics(3);01 - NIAA Grants(3)","99 - QVD Tasks",FALSE,FALSE,FALSE,TRUE
"FUSION/SSIS FUSION.qvd","SSIS FUSION.qvd","FUSION QVD Generator","19b5a3ca-9ff1-4b75-bf21-5152f1230b55","2026-08-18 08:10:54",7,0,"","99 - QVD Tasks",FALSE,TRUE,FALSE,TRUE
"FUSION/Sub Programme.qvd","Sub Programme.qvd","FUSION QVD Generator","19b5a3ca-9ff1-4b75-bf21-5152f1230b55","2026-08-18 08:10:44",7,0,"","99 - QVD Tasks",FALSE,TRUE,FALSE,TRUE
"FUSION/System Team.qvd","System Team.qvd","FUSION QVD Generator","19b5a3ca-9ff1-4b75-bf21-5152f1230b55","2026-08-18 08:10:42",7,0,"","99 - QVD Tasks",FALSE,TRUE,FALSE,TRUE
"FUSION/System User.qvd","System User.qvd","FUSION QVD Generator","19b5a3ca-9ff1-4b75-bf21-5152f1230b55","2026-08-18 08:10:44",7,1,"D2E Users","99 - QVD Tasks",FALSE,FALSE,FALSE,TRUE
"FUSION/Target Age Demographic.qvd","Target Age Demographic.qvd","FUSION QVD Generator","19b5a3ca-9ff1-4b75-bf21-5152f1230b55","2026-08-18 08:10:07",7,0,"","99 - QVD Tasks",FALSE,TRUE,FALSE,TRUE
"FUSION/Target Gender.qvd","Target Gender.qvd","FUSION QVD Generator","19b5a3ca-9ff1-4b75-bf21-5152f1230b55","2026-08-18 08:10:08",7,0,"","99 - QVD Tasks",FALSE,TRUE,FALSE,TRUE
"FUSION/Target Group.qvd","Target Group.qvd","FUSION QVD Generator","19b5a3ca-9ff1-4b75-bf21-5152f1230b55","2026-08-18 08:10:10",7,22,"00 - The Grants App(43);00 - The Grants App(21);00 - The Grants App(45);00 - The Grants App(8);00 - The Grants App(38)","99 - QVD Tasks",FALSE,FALSE,FALSE,TRUE
"FUSION/Task.qvd","Task.qvd","FUSION QVD Generator","19b5a3ca-9ff1-4b75-bf21-5152f1230b55","2026-08-18 08:08:56",7,0,"","99 - QVD Tasks",FALSE,TRUE,FALSE,TRUE
"FUSION Temporal/Temporal Activity Tag.qvd","Temporal Activity Tag.qvd","FUSION QVD Generator","19b5a3ca-9ff1-4b75-bf21-5152f1230b55","2026-08-18 08:10:55",7,0,"","99 - QVD Tasks",FALSE,TRUE,FALSE,TRUE
"FUSION Temporal/Temporal Grant Activity Coding - Activity Tag.qvd","Temporal Grant Activity Coding - Activity Tag.qvd","FUSION QVD Generator","19b5a3ca-9ff1-4b75-bf21-5152f1230b55","2026-08-18 08:10:55",7,0,"","99 - QVD Tasks",FALSE,TRUE,FALSE,TRUE
"FUSION Temporal/Temporal Grant Activity Coding.qvd","Temporal Grant Activity Coding.qvd","FUSION QVD Generator","19b5a3ca-9ff1-4b75-bf21-5152f1230b55","2026-08-18 08:10:55",7,0,"","99 - QVD Tasks",FALSE,TRUE,FALSE,TRUE
"ESS/IEP/Snapshots/Temp/CDP_Contract_Referral_Placement_20241130.QVD","CDP_Contract_Referral_Placement_20241130.QVD","-","29ba94c7-acd2-4667-a976-8231d51c9399","2025-01-01 23:58:38",601,0,"",NA,TRUE,TRUE,TRUE,FALSE
"ESS/IEP/Snapshots/Temp/CDP_Job_Seeker_20241130.QVD","CDP_Job_Seeker_20241130.QVD","-","29ba94c7-acd2-4667-a976-8231d51c9399","2025-01-01 23:58:47",601,0,"",NA,TRUE,TRUE,TRUE,FALSE
"ESS/IEP/Snapshots/Temp/IEP_Activity_20241130.QVD","IEP_Activity_20241130.QVD","-","29ba94c7-acd2-4667-a976-8231d51c9399","2025-01-01 23:58:20",601,0,"",NA,TRUE,TRUE,TRUE,FALSE
"ESS/IEP/Snapshots/Temp/IEP_Activity_Contact_20241130.QVD","IEP_Activity_Contact_20241130.QVD","-","29ba94c7-acd2-4667-a976-8231d51c9399","2025-01-01 23:58:20",601,0,"",NA,TRUE,TRUE,TRUE,FALSE
"ESS/IEP/Snapshots/Temp/IEP_Activity_Expenditure_20241130.QVD","IEP_Activity_Expenditure_20241130.QVD","-","29ba94c7-acd2-4667-a976-8231d51c9399","2025-01-01 23:58:21",601,0,"",NA,TRUE,TRUE,TRUE,FALSE
"ESS/IEP/Snapshots/Temp/IEP_Claim_Payments_20241130.QVD","IEP_Claim_Payments_20241130.QVD","-","29ba94c7-acd2-4667-a976-8231d51c9399","2025-01-01 23:58:23",601,0,"",NA,TRUE,TRUE,TRUE,FALSE
"ESS/IEP/Snapshots/Temp/IEP_Job_Seeker_20241130.QVD","IEP_Job_Seeker_20241130.QVD","-","29ba94c7-acd2-4667-a976-8231d51c9399","2025-01-01 23:58:24",601,0,"",NA,TRUE,TRUE,TRUE,FALSE
"ESS/IEP/Snapshots/Temp/IEP_Locations_20241130.QVD","IEP_Locations_20241130.QVD","-","29ba94c7-acd2-4667-a976-8231d51c9399","2025-01-01 23:58:25",601,0,"",NA,TRUE,TRUE,TRUE,FALSE
"ESS/IEP/Snapshots/Temp/IEP_Outcome_20241130.QVD","IEP_Outcome_20241130.QVD","-","29ba94c7-acd2-4667-a976-8231d51c9399","2025-01-01 23:58:28",601,0,"",NA,TRUE,TRUE,TRUE,FALSE
"ESS/IEP/Snapshots/Temp/IEP_Placement_20241130.QVD","IEP_Placement_20241130.QVD","-","29ba94c7-acd2-4667-a976-8231d51c9399","2025-01-01 23:58:35",601,0,"",NA,TRUE,TRUE,TRUE,FALSE
"ESS/IEP/Snapshots/Temp/IEP_Provider_20241130.QVD","IEP_Provider_20241130.QVD","-","29ba94c7-acd2-4667-a976-8231d51c9399","2025-01-01 23:58:36",601,0,"",NA,TRUE,TRUE,TRUE,FALSE
"ESS/CDP/Temp/CDP Activity Attendance Monthly Rollup.QVD","CDP Activity Attendance Monthly Rollup.QVD","01 ESS QVD Builder - CDP","41d9f543-62d3-494d-b418-7d61c301b92c","2026-08-18 07:30:15",7,0,"","99 - QVD Tasks",FALSE,TRUE,FALSE,TRUE
"ESS/CDP/Temp/CDP Activity Attendance Result Monthly Rollup Pivoted.QVD","CDP Activity Attendance Result Monthly Rollup Pivoted.QVD","01 ESS QVD Builder - CDP","41d9f543-62d3-494d-b418-7d61c301b92c","2026-08-18 07:30:20",7,0,"","99 - QVD Tasks",FALSE,TRUE,FALSE,TRUE
"ESS/CDP/Temp/CDP Activity Attendance Result Monthly Rollup.QVD","CDP Activity Attendance Result Monthly Rollup.QVD","01 ESS QVD Builder - CDP","41d9f543-62d3-494d-b418-7d61c301b92c","2026-08-18 07:30:18",7,0,"","99 - QVD Tasks",FALSE,TRUE,FALSE,TRUE
"ESS/CDP/Temp/CDP Activity Attendance Result.QVD","CDP Activity Attendance Result.QVD","01 ESS QVD Builder - CDP","41d9f543-62d3-494d-b418-7d61c301b92c","2024-07-20 01:03:39",766,0,"","99 - QVD Tasks",TRUE,TRUE,TRUE,TRUE
"ESS/CDP/Temp/CDP Activity Attendance.QVD","CDP Activity Attendance.QVD","01 ESS QVD Builder - CDP","41d9f543-62d3-494d-b418-7d61c301b92c","2024-07-20 00:50:28",766,0,"","99 - QVD Tasks",TRUE,TRUE,TRUE,TRUE
"ESS/CDP/Temp/CDP Activity Referral Placement.QVD","CDP Activity Referral Placement.QVD","01 ESS QVD Builder - CDP","41d9f543-62d3-494d-b418-7d61c301b92c","2026-08-18 07:30:34",7,0,"","99 - QVD Tasks",FALSE,TRUE,FALSE,TRUE
"ESS/CDP/Temp/CDP Activity.QVD","CDP Activity.QVD","01 ESS QVD Builder - CDP","41d9f543-62d3-494d-b418-7d61c301b92c","2026-08-18 07:30:11",7,0,"","99 - QVD Tasks",FALSE,TRUE,FALSE,TRUE
"ESS/CDP/Temp/CDP Age Group.QVD","CDP Age Group.QVD","01 ESS QVD Builder - CDP","41d9f543-62d3-494d-b418-7d61c301b92c","2026-08-18 07:30:36",7,0,"","99 - QVD Tasks",FALSE,TRUE,FALSE,TRUE
"ESS/CDP/Temp/CDP API Subs Data Currency.QVD","CDP API Subs Data Currency.QVD","01 ESS QVD Builder - CDP","41d9f543-62d3-494d-b418-7d61c301b92c","2026-08-18 07:30:38",7,0,"","99 - QVD Tasks",FALSE,TRUE,FALSE,TRUE
"ESS/CDP/Temp/CDP Barrier Job Plan Activity Link.QVD","CDP Barrier Job Plan Activity Link.QVD","01 ESS QVD Builder - CDP","41d9f543-62d3-494d-b418-7d61c301b92c","2026-08-18 07:32:17",7,0,"","99 - QVD Tasks",FALSE,TRUE,FALSE,TRUE
"ESS/CDP/Temp/CDP Barrier Job Plan Assistance Link.QVD","CDP Barrier Job Plan Assistance Link.QVD","01 ESS QVD Builder - CDP","41d9f543-62d3-494d-b418-7d61c301b92c","2026-08-18 07:32:27",7,0,"","99 - QVD Tasks",FALSE,TRUE,FALSE,TRUE
"ESS/CDP/Temp/CDP Barrier.QVD","CDP Barrier.QVD","01 ESS QVD Builder - CDP","41d9f543-62d3-494d-b418-7d61c301b92c","2026-08-18 07:32:05",7,0,"","99 - QVD Tasks",FALSE,TRUE,FALSE,TRUE
"ESS/CDP/Temp/CDP Caseload Last 7 Days.QVD","CDP Caseload Last 7 Days.QVD","01 ESS QVD Builder - CDP","41d9f543-62d3-494d-b418-7d61c301b92c","2026-08-18 07:32:43",7,0,"","99 - QVD Tasks",FALSE,TRUE,FALSE,TRUE
"ESS/CDP/Temp/CDP Caseload Month End.QVD","CDP Caseload Month End.QVD","01 ESS QVD Builder - CDP","41d9f543-62d3-494d-b418-7d61c301b92c","2026-08-18 07:32:55",7,0,"","99 - QVD Tasks",FALSE,TRUE,FALSE,TRUE
"ESS/CDP/Temp/CDP Caseload Tracking By Month & Age Group.QVD","CDP Caseload Tracking By Month & Age Group.QVD","01 ESS QVD Builder - CDP","41d9f543-62d3-494d-b418-7d61c301b92c","2026-08-18 07:32:59",7,0,"","99 - QVD Tasks",FALSE,TRUE,FALSE,FALSE
"ESS/CDP/Temp/CDP Caseload Tracking By Month & CDP Region.QVD","CDP Caseload Tracking By Month & CDP Region.QVD","01 ESS QVD Builder - CDP","41d9f543-62d3-494d-b418-7d61c301b92c","2026-08-18 07:33:01",7,0,"","99 - QVD Tasks",FALSE,TRUE,FALSE,FALSE
"ESS/CDP/Temp/CDP Caseload Tracking By Month & Indigenous Status.QVD","CDP Caseload Tracking By Month & Indigenous Status.QVD","01 ESS QVD Builder - CDP","41d9f543-62d3-494d-b418-7d61c301b92c","2026-08-18 07:33:03",7,0,"","99 - QVD Tasks",FALSE,TRUE,FALSE,FALSE
"ESS/CDP/Temp/CDP Caseload Tracking By Month.QVD","CDP Caseload Tracking By Month.QVD","01 ESS QVD Builder - CDP","41d9f543-62d3-494d-b418-7d61c301b92c","2026-08-18 07:32:57",7,0,"","99 - QVD Tasks",FALSE,TRUE,FALSE,FALSE
"ESS/CDP/Temp/CDP Caseload.QVD","CDP Caseload.QVD","01 ESS QVD Builder - CDP","41d9f543-62d3-494d-b418-7d61c301b92c","2026-08-18 07:32:40",7,0,"","99 - QVD Tasks",FALSE,TRUE,FALSE,TRUE
"ESS/CDP/Temp/CDP CCRJ Code Table.QVD","CDP CCRJ Code Table.QVD","01 ESS QVD Builder - CDP","41d9f543-62d3-494d-b418-7d61c301b92c","2026-08-18 07:33:04",7,0,"","99 - QVD Tasks",FALSE,TRUE,FALSE,TRUE
"ESS/CDP/Temp/CDP Claim.QVD","CDP Claim.QVD","01 ESS QVD Builder - CDP","41d9f543-62d3-494d-b418-7d61c301b92c","2026-08-18 07:34:24",7,0,"","99 - QVD Tasks",FALSE,TRUE,FALSE,TRUE
"ESS/CDP/Temp/CDP Contract.QVD","CDP Contract.QVD","01 ESS QVD Builder - CDP","41d9f543-62d3-494d-b418-7d61c301b92c","2026-08-18 07:34:27",7,0,"","99 - QVD Tasks",FALSE,TRUE,FALSE,TRUE
"ESS/CDP/Temp/CDP Employment Placement History.QVD","CDP Employment Placement History.QVD","01 ESS QVD Builder - CDP","41d9f543-62d3-494d-b418-7d61c301b92c","2024-07-20 07:52:43",766,0,"","99 - QVD Tasks",TRUE,TRUE,TRUE,FALSE
"ESS/CDP/Temp/CDP Employment Placement.QVD","CDP Employment Placement.QVD","01 ESS QVD Builder - CDP","41d9f543-62d3-494d-b418-7d61c301b92c","2024-07-20 07:40:00",766,0,"","99 - QVD Tasks",TRUE,TRUE,TRUE,FALSE
"ESS/CDP/Temp/CDP Estimated Grant Value FY.QVD","CDP Estimated Grant Value FY.QVD","01 ESS QVD Builder - CDP","41d9f543-62d3-494d-b418-7d61c301b92c","2026-08-18 07:34:29",7,0,"","99 - QVD Tasks",FALSE,TRUE,FALSE,TRUE
"ESS/CDP/Temp/CDP Grant Activity Site Location.QVD","CDP Grant Activity Site Location.QVD","01 ESS QVD Builder - CDP","41d9f543-62d3-494d-b418-7d61c301b92c","2026-08-18 07:34:51",7,0,"","99 - QVD Tasks",FALSE,TRUE,FALSE,TRUE
"ESS/CDP/Temp/CDP Grant Activity updated.QVD","CDP Grant Activity updated.QVD","01 ESS QVD Builder - CDP","41d9f543-62d3-494d-b418-7d61c301b92c","2026-08-18 07:34:53",7,0,"","99 - QVD Tasks",FALSE,TRUE,FALSE,TRUE
"ESS/CDP/Temp/CDP Grant Activity.QVD","CDP Grant Activity.QVD","01 ESS QVD Builder - CDP","41d9f543-62d3-494d-b418-7d61c301b92c","2026-08-18 07:34:31",7,0,"","99 - QVD Tasks",FALSE,TRUE,FALSE,TRUE
"ESS/CDP/Temp/CDP Grant Detail.QVD","CDP Grant Detail.QVD","01 ESS QVD Builder - CDP","41d9f543-62d3-494d-b418-7d61c301b92c","2026-08-18 07:34:54",7,0,"","99 - QVD Tasks",FALSE,TRUE,FALSE,TRUE
"ESS/CDP/Temp/CDP Grant Estimated Expenditure FY.QVD","CDP Grant Estimated Expenditure FY.QVD","01 ESS QVD Builder - CDP","41d9f543-62d3-494d-b418-7d61c301b92c","2026-08-18 07:34:58",7,0,"","99 - QVD Tasks",FALSE,TRUE,FALSE,TRUE
"ESS/CDP/Temp/CDP Grants List.QVD","CDP Grants List.QVD","01 ESS QVD Builder - CDP","41d9f543-62d3-494d-b418-7d61c301b92c","2026-08-18 07:35:00",7,0,"","99 - QVD Tasks",FALSE,TRUE,FALSE,TRUE
"ESS/CDP/Temp/CDP Income Support Payment Rate.QVD","CDP Income Support Payment Rate.QVD","01 ESS QVD Builder - CDP","41d9f543-62d3-494d-b418-7d61c301b92c","2026-08-18 07:37:33",7,0,"","99 - QVD Tasks",FALSE,TRUE,FALSE,TRUE
"ESS/CDP/Temp/CDP Income Support Rate 1.QVD","CDP Income Support Rate 1.QVD","01 ESS QVD Builder - CDP","41d9f543-62d3-494d-b418-7d61c301b92c","2024-05-20 09:01:14",827,0,"","99 - QVD Tasks",TRUE,TRUE,TRUE,FALSE
"ESS/CDP/Temp/CDP Income Support Rate 2.QVD","CDP Income Support Rate 2.QVD","01 ESS QVD Builder - CDP","41d9f543-62d3-494d-b418-7d61c301b92c","2024-05-20 09:01:14",827,0,"","99 - QVD Tasks",TRUE,TRUE,TRUE,FALSE
"ESS/CDP/Temp/CDP Income Support Rate.QVD","CDP Income Support Rate.QVD","01 ESS QVD Builder - CDP","41d9f543-62d3-494d-b418-7d61c301b92c","2024-05-21 09:01:34",826,0,"","99 - QVD Tasks",TRUE,TRUE,TRUE,FALSE
"ESS/CDP/Temp/CDP Job Plan Activity Detail.QVD","CDP Job Plan Activity Detail.QVD","01 ESS QVD Builder - CDP","41d9f543-62d3-494d-b418-7d61c301b92c","2026-08-18 07:38:01",7,0,"","99 - QVD Tasks",FALSE,TRUE,FALSE,TRUE
"ESS/CDP/Temp/CDP Job Plan Activity.QVD","CDP Job Plan Activity.QVD","01 ESS QVD Builder - CDP","41d9f543-62d3-494d-b418-7d61c301b92c","2026-08-18 07:37:48",7,0,"","99 - QVD Tasks",FALSE,TRUE,FALSE,TRUE
"ESS/CDP/Temp/CDP Job Plan Assistance.QVD","CDP Job Plan Assistance.QVD","01 ESS QVD Builder - CDP","41d9f543-62d3-494d-b418-7d61c301b92c","2026-08-18 07:38:12",7,0,"","99 - QVD Tasks",FALSE,TRUE,FALSE,TRUE
"ESS/CDP/Temp/CDP Job Plan.QVD","CDP Job Plan.QVD","01 ESS QVD Builder - CDP","41d9f543-62d3-494d-b418-7d61c301b92c","2026-08-18 07:37:37",7,0,"","99 - QVD Tasks",FALSE,TRUE,FALSE,TRUE
"ESS/CDP/Temp/CDP Job Seeker Appointment.QVD","CDP Job Seeker Appointment.QVD","01 ESS QVD Builder - CDP","41d9f543-62d3-494d-b418-7d61c301b92c","2026-08-18 07:38:43",7,0,"","99 - QVD Tasks",FALSE,TRUE,FALSE,TRUE
"ESS/CDP/Temp/CDP Job Seeker Assessment.QVD","CDP Job Seeker Assessment.QVD","01 ESS QVD Builder - CDP","41d9f543-62d3-494d-b418-7d61c301b92c","2026-08-18 07:38:46",7,0,"","99 - QVD Tasks",FALSE,TRUE,FALSE,TRUE
"ESS/CDP/Temp/CDP Job Seeker Characteristics Month End.QVD","CDP Job Seeker Characteristics Month End.QVD","01 ESS QVD Builder - CDP","41d9f543-62d3-494d-b418-7d61c301b92c","2026-08-18 07:42:43",7,0,"","99 - QVD Tasks",FALSE,TRUE,FALSE,TRUE
"ESS/CDP/Temp/CDP Job Seeker Characteristics.QVD","CDP Job Seeker Characteristics.QVD","01 ESS QVD Builder - CDP","41d9f543-62d3-494d-b418-7d61c301b92c","2026-08-18 07:42:22",7,0,"","99 - QVD Tasks",FALSE,TRUE,FALSE,TRUE
"ESS/CDP/Temp/CDP Job Seeker Geocoded.QVD","CDP Job Seeker Geocoded.QVD","01 ESS QVD Builder - CDP","41d9f543-62d3-494d-b418-7d61c301b92c","2026-08-18 07:44:32",7,0,"","99 - QVD Tasks",FALSE,TRUE,FALSE,TRUE
"ESS/CDP/Temp/CDP Job Seeker History.QVD","CDP Job Seeker History.QVD","01 ESS QVD Builder - CDP","41d9f543-62d3-494d-b418-7d61c301b92c","2026-08-18 07:45:40",7,0,"","99 - QVD Tasks",FALSE,TRUE,FALSE,TRUE
"ESS/CDP/Temp/CDP Job Seeker Month End.QVD","CDP Job Seeker Month End.QVD","01 ESS QVD Builder - CDP","41d9f543-62d3-494d-b418-7d61c301b92c","2026-08-18 07:45:49",7,0,"","99 - QVD Tasks",FALSE,TRUE,FALSE,TRUE
"ESS/CDP/Temp/CDP Job Seeker.QVD","CDP Job Seeker.QVD","01 ESS QVD Builder - CDP","41d9f543-62d3-494d-b418-7d61c301b92c","2026-08-18 07:38:31",7,0,"","99 - QVD Tasks",FALSE,TRUE,FALSE,TRUE
"ESS/CDP/Temp/CDP JSCI Classification Question & Response.QVD","CDP JSCI Classification Question & Response.QVD","01 ESS QVD Builder - CDP","41d9f543-62d3-494d-b418-7d61c301b92c","2026-08-18 07:46:29",7,0,"","99 - QVD Tasks",FALSE,TRUE,FALSE,TRUE
"ESS/CDP/Temp/CDP JSCI Classification.QVD","CDP JSCI Classification.QVD","01 ESS QVD Builder - CDP","41d9f543-62d3-494d-b418-7d61c301b92c","2026-08-18 07:45:55",7,0,"","99 - QVD Tasks",FALSE,TRUE,FALSE,TRUE
"ESS/CDP/Temp/CDP NBRJ Code Table.QVD","CDP NBRJ Code Table.QVD","01 ESS QVD Builder - CDP","41d9f543-62d3-494d-b418-7d61c301b92c","2026-08-18 07:46:32",7,0,"","99 - QVD Tasks",FALSE,TRUE,FALSE,TRUE
"ESS/CDP/Temp/CDP Organisation.QVD","CDP Organisation.QVD","01 ESS QVD Builder - CDP","41d9f543-62d3-494d-b418-7d61c301b92c","2026-08-18 07:46:34",7,0,"","99 - QVD Tasks",FALSE,TRUE,FALSE,TRUE
"ESS/CDP/Temp/CDP PPR Result History.QVD","CDP PPR Result History.QVD","01 ESS QVD Builder - CDP","41d9f543-62d3-494d-b418-7d61c301b92c","2026-08-18 07:46:36",7,0,"","99 - QVD Tasks",FALSE,TRUE,FALSE,TRUE
"ESS/CDP/Temp/CDP Region.QVD","CDP Region.QVD","01 ESS QVD Builder - CDP","41d9f543-62d3-494d-b418-7d61c301b92c","2026-08-18 07:46:38",7,0,"","99 - QVD Tasks",FALSE,TRUE,FALSE,TRUE
"ESS/CDP/Temp/CDP Site Contract.QVD","CDP Site Contract.QVD","01 ESS QVD Builder - CDP","41d9f543-62d3-494d-b418-7d61c301b92c","2026-08-18 07:46:48",7,0,"","99 - QVD Tasks",FALSE,TRUE,FALSE,TRUE
"ESS/CDP/Temp/CDP Vacancy Referral.QVD","CDP Vacancy Referral.QVD","01 ESS QVD Builder - CDP","41d9f543-62d3-494d-b418-7d61c301b92c","2026-08-18 07:49:35",7,0,"","99 - QVD Tasks",FALSE,TRUE,FALSE,TRUE
"ESS/CDP/Temp/CDP Vacancy.QVD","CDP Vacancy.QVD","01 ESS QVD Builder - CDP","41d9f543-62d3-494d-b418-7d61c301b92c","2026-08-18 07:47:30",7,0,"","99 - QVD Tasks",FALSE,TRUE,FALSE,TRUE
"ESS/CDP/Temp/ESAM Users.QVD","ESAM Users.QVD","01 ESS QVD Builder - CDP","41d9f543-62d3-494d-b418-7d61c301b92c","2026-08-18 07:49:39",7,0,"","99 - QVD Tasks",FALSE,TRUE,FALSE,FALSE
"ESS/CDP/Temp/QVD_List.QVD","QVD_List.QVD","01 ESS QVD Builder - CDP","41d9f543-62d3-494d-b418-7d61c301b92c","2026-08-18 07:50:38",7,0,"","99 - QVD Tasks",FALSE,TRUE,FALSE,FALSE
"ESS/CDP/Temp/RAES Payment.QVD","RAES Payment.QVD","01 ESS QVD Builder - CDP","41d9f543-62d3-494d-b418-7d61c301b92c","2026-08-18 07:49:41",7,0,"","99 - QVD Tasks",FALSE,TRUE,FALSE,FALSE
"ESS/CDP/Temp/RAES Vacancy Referral.QVD","RAES Vacancy Referral.QVD","01 ESS QVD Builder - CDP","41d9f543-62d3-494d-b418-7d61c301b92c","2026-08-18 07:50:37",7,0,"","99 - QVD Tasks",FALSE,TRUE,FALSE,FALSE
"ESS/IEP/IEP_Payment.QVD","IEP_Payment.QVD","IEP Payment try 2","63c674c0-ee69-4ee4-b294-35e52a266eb7","2026-01-14 01:06:21",223,0,"","-",FALSE,TRUE,FALSE,TRUE
"NIAA/AGIL_Connectivity.qvd","AGIL_Connectivity.qvd","AGIL Connectivity QVD Generator","74a25c39-2b52-44c5-ac85-b41078175685","2023-06-14 03:02:07",1168,0,"","-",TRUE,TRUE,TRUE,TRUE
"NIAA/Commonwealth Hospital.qvd","Commonwealth Hospital.qvd","-","74d472b9-faa4-4114-8795-2fa886a5fdc7","2020-05-19 02:52:18",2289,0,"",NA,TRUE,TRUE,TRUE,FALSE
"ESS/IEP/Snapshots/CDP_Contract_Referral_Placement_20240331.QVD","CDP_Contract_Referral_Placement_20240331.QVD","02s ESS QVD Builder Finalisation - Snapshot","89ca35f8-f096-47eb-bbba-8f062ddecd3b","2024-04-16 01:13:33",861,0,"","99 - QVD Tasks",TRUE,TRUE,TRUE,FALSE
"ESS/IEP/Snapshots/CDP_Contract_Referral_Placement_20240430.QVD","CDP_Contract_Referral_Placement_20240430.QVD","02s ESS QVD Builder Finalisation - Snapshot","89ca35f8-f096-47eb-bbba-8f062ddecd3b","2024-05-01 05:28:39",846,0,"","99 - QVD Tasks",TRUE,TRUE,TRUE,FALSE
"ESS/IEP/Snapshots/CDP_Contract_Referral_Placement_20240531.QVD","CDP_Contract_Referral_Placement_20240531.QVD","02s ESS QVD Builder Finalisation - Snapshot","89ca35f8-f096-47eb-bbba-8f062ddecd3b","2024-06-01 10:29:16",815,0,"","99 - QVD Tasks",TRUE,TRUE,TRUE,FALSE
"ESS/IEP/Snapshots/CDP_Contract_Referral_Placement_20240630.QVD","CDP_Contract_Referral_Placement_20240630.QVD","02s ESS QVD Builder Finalisation - Snapshot","89ca35f8-f096-47eb-bbba-8f062ddecd3b","2024-07-08 01:53:24",778,0,"","99 - QVD Tasks",TRUE,TRUE,TRUE,FALSE
"ESS/IEP/Snapshots/CDP_Contract_Referral_Placement_20240731.QVD","CDP_Contract_Referral_Placement_20240731.QVD","02s ESS QVD Builder Finalisation - Snapshot","89ca35f8-f096-47eb-bbba-8f062ddecd3b","2024-08-01 04:48:37",754,0,"","99 - QVD Tasks",TRUE,TRUE,TRUE,FALSE
"ESS/IEP/Snapshots/CDP_Contract_Referral_Placement_20240831.QVD","CDP_Contract_Referral_Placement_20240831.QVD","02s ESS QVD Builder Finalisation - Snapshot","89ca35f8-f096-47eb-bbba-8f062ddecd3b","2024-09-04 00:34:02",720,0,"","99 - QVD Tasks",TRUE,TRUE,TRUE,FALSE
"ESS/IEP/Snapshots/CDP_Contract_Referral_Placement_20241031.QVD","CDP_Contract_Referral_Placement_20241031.QVD","02s ESS QVD Builder Finalisation - Snapshot","89ca35f8-f096-47eb-bbba-8f062ddecd3b","2024-11-03 22:27:04",660,0,"","99 - QVD Tasks",TRUE,TRUE,TRUE,FALSE
"ESS/IEP/Snapshots/CDP_Contract_Referral_Placement_20241130.QVD","CDP_Contract_Referral_Placement_20241130.QVD","02s ESS QVD Builder Finalisation - Snapshot","89ca35f8-f096-47eb-bbba-8f062ddecd3b","2024-12-02 23:11:13",631,0,"","99 - QVD Tasks",TRUE,TRUE,TRUE,FALSE
"ESS/IEP/Snapshots/CDP_Contract_Referral_Placement_20241231.QVD","CDP_Contract_Referral_Placement_20241231.QVD","02s ESS QVD Builder Finalisation - Snapshot","89ca35f8-f096-47eb-bbba-8f062ddecd3b","2025-01-01 23:31:22",601,0,"","99 - QVD Tasks",TRUE,TRUE,TRUE,FALSE
"ESS/IEP/Snapshots/CDP_Contract_Referral_Placement_20250131.QVD","CDP_Contract_Referral_Placement_20250131.QVD","02s ESS QVD Builder Finalisation - Snapshot","89ca35f8-f096-47eb-bbba-8f062ddecd3b","2025-02-05 22:33:41",566,0,"","99 - QVD Tasks",TRUE,TRUE,TRUE,FALSE
"ESS/IEP/Snapshots/CDP_Contract_Referral_Placement_20250228.QVD","CDP_Contract_Referral_Placement_20250228.QVD","02s ESS QVD Builder Finalisation - Snapshot","89ca35f8-f096-47eb-bbba-8f062ddecd3b","2025-03-03 07:07:54",540,0,"","99 - QVD Tasks",TRUE,TRUE,TRUE,FALSE
"ESS/IEP/Snapshots/CDP_Contract_Referral_Placement_20250331.QVD","CDP_Contract_Referral_Placement_20250331.QVD","02s ESS QVD Builder Finalisation - Snapshot","89ca35f8-f096-47eb-bbba-8f062ddecd3b","2025-03-31 23:57:18",512,0,"","99 - QVD Tasks",TRUE,TRUE,TRUE,FALSE
"ESS/IEP/Snapshots/CDP_Contract_Referral_Placement_20250430.QVD","CDP_Contract_Referral_Placement_20250430.QVD","02s ESS QVD Builder Finalisation - Snapshot","89ca35f8-f096-47eb-bbba-8f062ddecd3b","2025-05-01 00:09:32",481,0,"","99 - QVD Tasks",TRUE,TRUE,TRUE,FALSE
"ESS/IEP/Snapshots/CDP_Contract_Referral_Placement_20250531.QVD","CDP_Contract_Referral_Placement_20250531.QVD","02s ESS QVD Builder Finalisation - Snapshot","89ca35f8-f096-47eb-bbba-8f062ddecd3b","2025-06-03 00:49:24",448,0,"","99 - QVD Tasks",TRUE,TRUE,TRUE,FALSE
"ESS/IEP/Snapshots/CDP_Contract_Referral_Placement_20250630.QVD","CDP_Contract_Referral_Placement_20250630.QVD","02s ESS QVD Builder Finalisation - Snapshot","89ca35f8-f096-47eb-bbba-8f062ddecd3b","2025-07-01 02:14:02",420,0,"","99 - QVD Tasks",TRUE,TRUE,TRUE,FALSE
"ESS/IEP/Snapshots/CDP_Contract_Referral_Placement_20250731.QVD","CDP_Contract_Referral_Placement_20250731.QVD","02s ESS QVD Builder Finalisation - Snapshot","89ca35f8-f096-47eb-bbba-8f062ddecd3b","2025-08-01 05:01:43",389,0,"","99 - QVD Tasks",TRUE,TRUE,TRUE,FALSE
"ESS/IEP/Snapshots/CDP_Contract_Referral_Placement_20250831.QVD","CDP_Contract_Referral_Placement_20250831.QVD","02s ESS QVD Builder Finalisation - Snapshot","89ca35f8-f096-47eb-bbba-8f062ddecd3b","2025-09-01 00:43:54",358,0,"","99 - QVD Tasks",FALSE,TRUE,FALSE,FALSE
"ESS/IEP/Snapshots/CDP_Contract_Referral_Placement_20250930.QVD","CDP_Contract_Referral_Placement_20250930.QVD","02s ESS QVD Builder Finalisation - Snapshot","89ca35f8-f096-47eb-bbba-8f062ddecd3b","2025-10-01 00:37:08",328,0,"","99 - QVD Tasks",FALSE,TRUE,FALSE,FALSE
"ESS/IEP/Snapshots/CDP_Contract_Referral_Placement_20251231.QVD","CDP_Contract_Referral_Placement_20251231.QVD","02s ESS QVD Builder Finalisation - Snapshot","89ca35f8-f096-47eb-bbba-8f062ddecd3b","2026-01-01 21:17:10",236,0,"","99 - QVD Tasks",FALSE,TRUE,FALSE,FALSE
"ESS/IEP/Snapshots/CDP_Contract_Referral_Placement_20260228.QVD","CDP_Contract_Referral_Placement_20260228.QVD","02s ESS QVD Builder Finalisation - Snapshot","89ca35f8-f096-47eb-bbba-8f062ddecd3b","2026-03-02 21:57:34",176,0,"","99 - QVD Tasks",FALSE,TRUE,FALSE,FALSE
"ESS/IEP/Snapshots/CDP_Contract_Referral_Placement_20260430.QVD","CDP_Contract_Referral_Placement_20260430.QVD","02s ESS QVD Builder Finalisation - Snapshot","89ca35f8-f096-47eb-bbba-8f062ddecd3b","2026-05-01 03:47:20",116,0,"","99 - QVD Tasks",FALSE,TRUE,FALSE,FALSE
"ESS/IEP/Snapshots/CDP_Contract_Referral_Placement_20260531.QVD","CDP_Contract_Referral_Placement_20260531.QVD","02s ESS QVD Builder Finalisation - Snapshot","89ca35f8-f096-47eb-bbba-8f062ddecd3b","2026-06-03 01:07:24",83,0,"","99 - QVD Tasks",FALSE,TRUE,FALSE,FALSE
"ESS/IEP/Snapshots/CDP_Contract_Referral_Placement_20260630.QVD","CDP_Contract_Referral_Placement_20260630.QVD","02s ESS QVD Builder Finalisation - Snapshot","89ca35f8-f096-47eb-bbba-8f062ddecd3b","2026-07-01 01:38:29",55,0,"","99 - QVD Tasks",FALSE,TRUE,FALSE,FALSE
"ESS/IEP/Snapshots/CDP_Job_Seeker_20240331.QVD","CDP_Job_Seeker_20240331.QVD","02s ESS QVD Builder Finalisation - Snapshot","89ca35f8-f096-47eb-bbba-8f062ddecd3b","2024-04-16 01:13:33",861,0,"","99 - QVD Tasks",TRUE,TRUE,TRUE,FALSE
"ESS/IEP/Snapshots/CDP_Job_Seeker_20240430.QVD","CDP_Job_Seeker_20240430.QVD","02s ESS QVD Builder Finalisation - Snapshot","89ca35f8-f096-47eb-bbba-8f062ddecd3b","2024-05-01 05:28:39",846,0,"","99 - QVD Tasks",TRUE,TRUE,TRUE,FALSE
"ESS/IEP/Snapshots/CDP_Job_Seeker_20240531.QVD","CDP_Job_Seeker_20240531.QVD","02s ESS QVD Builder Finalisation - Snapshot","89ca35f8-f096-47eb-bbba-8f062ddecd3b","2024-06-01 10:29:16",815,0,"","99 - QVD Tasks",TRUE,TRUE,TRUE,FALSE
"ESS/IEP/Snapshots/CDP_Job_Seeker_20240630.QVD","CDP_Job_Seeker_20240630.QVD","02s ESS QVD Builder Finalisation - Snapshot","89ca35f8-f096-47eb-bbba-8f062ddecd3b","2024-07-08 01:53:24",778,0,"","99 - QVD Tasks",TRUE,TRUE,TRUE,FALSE
"ESS/IEP/Snapshots/CDP_Job_Seeker_20240731.QVD","CDP_Job_Seeker_20240731.QVD","02s ESS QVD Builder Finalisation - Snapshot","89ca35f8-f096-47eb-bbba-8f062ddecd3b","2024-08-01 04:48:38",754,0,"","99 - QVD Tasks",TRUE,TRUE,TRUE,FALSE
"ESS/IEP/Snapshots/CDP_Job_Seeker_20240831.QVD","CDP_Job_Seeker_20240831.QVD","02s ESS QVD Builder Finalisation - Snapshot","89ca35f8-f096-47eb-bbba-8f062ddecd3b","2024-09-04 00:34:03",720,0,"","99 - QVD Tasks",TRUE,TRUE,TRUE,FALSE
"ESS/IEP/Snapshots/CDP_Job_Seeker_20241031.QVD","CDP_Job_Seeker_20241031.QVD","02s ESS QVD Builder Finalisation - Snapshot","89ca35f8-f096-47eb-bbba-8f062ddecd3b","2024-11-03 22:27:05",660,0,"","99 - QVD Tasks",TRUE,TRUE,TRUE,FALSE
"ESS/IEP/Snapshots/CDP_Job_Seeker_20241130.QVD","CDP_Job_Seeker_20241130.QVD","02s ESS QVD Builder Finalisation - Snapshot","89ca35f8-f096-47eb-bbba-8f062ddecd3b","2024-12-02 23:11:13",631,0,"","99 - QVD Tasks",TRUE,TRUE,TRUE,FALSE
"ESS/IEP/Snapshots/CDP_Job_Seeker_20241231.QVD","CDP_Job_Seeker_20241231.QVD","02s ESS QVD Builder Finalisation - Snapshot","89ca35f8-f096-47eb-bbba-8f062ddecd3b","2025-01-01 23:31:22",601,0,"","99 - QVD Tasks",TRUE,TRUE,TRUE,FALSE
"ESS/IEP/Snapshots/CDP_Job_Seeker_20250131.QVD","CDP_Job_Seeker_20250131.QVD","02s ESS QVD Builder Finalisation - Snapshot","89ca35f8-f096-47eb-bbba-8f062ddecd3b","2025-02-05 22:33:41",566,0,"","99 - QVD Tasks",TRUE,TRUE,TRUE,FALSE
"ESS/IEP/Snapshots/CDP_Job_Seeker_20250228.QVD","CDP_Job_Seeker_20250228.QVD","02s ESS QVD Builder Finalisation - Snapshot","89ca35f8-f096-47eb-bbba-8f062ddecd3b","2025-03-03 07:07:55",540,0,"","99 - QVD Tasks",TRUE,TRUE,TRUE,FALSE
"ESS/IEP/Snapshots/CDP_Job_Seeker_20250331.QVD","CDP_Job_Seeker_20250331.QVD","02s ESS QVD Builder Finalisation - Snapshot","89ca35f8-f096-47eb-bbba-8f062ddecd3b","2025-03-31 23:57:18",512,0,"","99 - QVD Tasks",TRUE,TRUE,TRUE,FALSE
"ESS/IEP/Snapshots/CDP_Job_Seeker_20250430.QVD","CDP_Job_Seeker_20250430.QVD","02s ESS QVD Builder Finalisation - Snapshot","89ca35f8-f096-47eb-bbba-8f062ddecd3b","2025-05-01 00:09:32",481,0,"","99 - QVD Tasks",TRUE,TRUE,TRUE,FALSE
"ESS/IEP/Snapshots/CDP_Job_Seeker_20250531.QVD","CDP_Job_Seeker_20250531.QVD","02s ESS QVD Builder Finalisation - Snapshot","89ca35f8-f096-47eb-bbba-8f062ddecd3b","2025-06-03 00:49:24",448,0,"","99 - QVD Tasks",TRUE,TRUE,TRUE,FALSE
"ESS/IEP/Snapshots/CDP_Job_Seeker_20250630.QVD","CDP_Job_Seeker_20250630.QVD","02s ESS QVD Builder Finalisation - Snapshot","89ca35f8-f096-47eb-bbba-8f062ddecd3b","2025-07-01 02:14:03",420,0,"","99 - QVD Tasks",TRUE,TRUE,TRUE,FALSE
"ESS/IEP/Snapshots/CDP_Job_Seeker_20250731.QVD","CDP_Job_Seeker_20250731.QVD","02s ESS QVD Builder Finalisation - Snapshot","89ca35f8-f096-47eb-bbba-8f062ddecd3b","2025-08-01 05:01:43",389,0,"","99 - QVD Tasks",TRUE,TRUE,TRUE,FALSE
"ESS/IEP/Snapshots/CDP_Job_Seeker_20250831.QVD","CDP_Job_Seeker_20250831.QVD","02s ESS QVD Builder Finalisation - Snapshot","89ca35f8-f096-47eb-bbba-8f062ddecd3b","2025-09-01 00:43:54",358,0,"","99 - QVD Tasks",FALSE,TRUE,FALSE,FALSE
"ESS/IEP/Snapshots/CDP_Job_Seeker_20250930.QVD","CDP_Job_Seeker_20250930.QVD","02s ESS QVD Builder Finalisation - Snapshot","89ca35f8-f096-47eb-bbba-8f062ddecd3b","2025-10-01 00:37:08",328,0,"","99 - QVD Tasks",FALSE,TRUE,FALSE,FALSE
"ESS/IEP/Snapshots/CDP_Job_Seeker_20251231.QVD","CDP_Job_Seeker_20251231.QVD","02s ESS QVD Builder Finalisation - Snapshot","89ca35f8-f096-47eb-bbba-8f062ddecd3b","2026-01-01 21:17:10",236,0,"","99 - QVD Tasks",FALSE,TRUE,FALSE,FALSE
"ESS/IEP/Snapshots/CDP_Job_Seeker_20260228.QVD","CDP_Job_Seeker_20260228.QVD","02s ESS QVD Builder Finalisation - Snapshot","89ca35f8-f096-47eb-bbba-8f062ddecd3b","2026-03-02 21:57:34",176,0,"","99 - QVD Tasks",FALSE,TRUE,FALSE,FALSE
"ESS/IEP/Snapshots/CDP_Job_Seeker_20260430.QVD","CDP_Job_Seeker_20260430.QVD","02s ESS QVD Builder Finalisation - Snapshot","89ca35f8-f096-47eb-bbba-8f062ddecd3b","2026-05-01 03:47:20",116,0,"","99 - QVD Tasks",FALSE,TRUE,FALSE,FALSE
"ESS/IEP/Snapshots/CDP_Job_Seeker_20260531.QVD","CDP_Job_Seeker_20260531.QVD","02s ESS QVD Builder Finalisation - Snapshot","89ca35f8-f096-47eb-bbba-8f062ddecd3b","2026-06-03 01:07:24",83,0,"","99 - QVD Tasks",FALSE,TRUE,FALSE,FALSE
"ESS/IEP/Snapshots/CDP_Job_Seeker_20260630.QVD","CDP_Job_Seeker_20260630.QVD","02s ESS QVD Builder Finalisation - Snapshot","89ca35f8-f096-47eb-bbba-8f062ddecd3b","2026-07-01 01:38:29",55,0,"","99 - QVD Tasks",FALSE,TRUE,FALSE,FALSE
"ESS/IEP/Snapshots/IEP_Activity_20240331.QVD","IEP_Activity_20240331.QVD","02s ESS QVD Builder Finalisation - Snapshot","89ca35f8-f096-47eb-bbba-8f062ddecd3b","2024-04-16 01:13:30",861,0,"","99 - QVD Tasks",TRUE,TRUE,TRUE,TRUE
"ESS/IEP/Snapshots/IEP_Activity_20240430.QVD","IEP_Activity_20240430.QVD","02s ESS QVD Builder Finalisation - Snapshot","89ca35f8-f096-47eb-bbba-8f062ddecd3b","2024-05-01 05:28:37",846,0,"","99 - QVD Tasks",TRUE,TRUE,TRUE,TRUE
"ESS/IEP/Snapshots/IEP_Activity_20240531.QVD","IEP_Activity_20240531.QVD","02s ESS QVD Builder Finalisation - Snapshot","89ca35f8-f096-47eb-bbba-8f062ddecd3b","2024-06-01 10:29:14",815,0,"","99 - QVD Tasks",TRUE,TRUE,TRUE,TRUE
"ESS/IEP/Snapshots/IEP_Activity_20240630.QVD","IEP_Activity_20240630.QVD","02s ESS QVD Builder Finalisation - Snapshot","89ca35f8-f096-47eb-bbba-8f062ddecd3b","2024-07-08 01:53:22",778,0,"","99 - QVD Tasks",TRUE,TRUE,TRUE,TRUE
"ESS/IEP/Snapshots/IEP_Activity_20240731.QVD","IEP_Activity_20240731.QVD","02s ESS QVD Builder Finalisation - Snapshot","89ca35f8-f096-47eb-bbba-8f062ddecd3b","2024-08-01 04:48:35",754,0,"","99 - QVD Tasks",TRUE,TRUE,TRUE,TRUE
"ESS/IEP/Snapshots/IEP_Activity_20240831.QVD","IEP_Activity_20240831.QVD","02s ESS QVD Builder Finalisation - Snapshot","89ca35f8-f096-47eb-bbba-8f062ddecd3b","2024-09-04 00:34:00",720,0,"","99 - QVD Tasks",TRUE,TRUE,TRUE,TRUE
"ESS/IEP/Snapshots/IEP_Activity_20241031.QVD","IEP_Activity_20241031.QVD","02s ESS QVD Builder Finalisation - Snapshot","89ca35f8-f096-47eb-bbba-8f062ddecd3b","2024-11-03 22:27:02",660,0,"","99 - QVD Tasks",TRUE,TRUE,TRUE,TRUE
"ESS/IEP/Snapshots/IEP_Activity_20241130.QVD","IEP_Activity_20241130.QVD","02s ESS QVD Builder Finalisation - Snapshot","89ca35f8-f096-47eb-bbba-8f062ddecd3b","2024-12-02 23:11:11",631,0,"","99 - QVD Tasks",TRUE,TRUE,TRUE,TRUE
"ESS/IEP/Snapshots/IEP_Activity_20241231.QVD","IEP_Activity_20241231.QVD","02s ESS QVD Builder Finalisation - Snapshot","89ca35f8-f096-47eb-bbba-8f062ddecd3b","2025-01-01 23:31:20",601,0,"","99 - QVD Tasks",TRUE,TRUE,TRUE,TRUE
"ESS/IEP/Snapshots/IEP_Activity_20250131.QVD","IEP_Activity_20250131.QVD","02s ESS QVD Builder Finalisation - Snapshot","89ca35f8-f096-47eb-bbba-8f062ddecd3b","2025-02-05 22:33:39",566,0,"","99 - QVD Tasks",TRUE,TRUE,TRUE,TRUE
"ESS/IEP/Snapshots/IEP_Activity_20250228.QVD","IEP_Activity_20250228.QVD","02s ESS QVD Builder Finalisation - Snapshot","89ca35f8-f096-47eb-bbba-8f062ddecd3b","2025-03-03 07:07:52",540,0,"","99 - QVD Tasks",TRUE,TRUE,TRUE,TRUE
"ESS/IEP/Snapshots/IEP_Activity_20250331.QVD","IEP_Activity_20250331.QVD","02s ESS QVD Builder Finalisation - Snapshot","89ca35f8-f096-47eb-bbba-8f062ddecd3b","2025-03-31 23:57:16",512,0,"","99 - QVD Tasks",TRUE,TRUE,TRUE,TRUE
"ESS/IEP/Snapshots/IEP_Activity_20250430.QVD","IEP_Activity_20250430.QVD","02s ESS QVD Builder Finalisation - Snapshot","89ca35f8-f096-47eb-bbba-8f062ddecd3b","2025-05-01 00:09:29",481,0,"","99 - QVD Tasks",TRUE,TRUE,TRUE,TRUE
"ESS/IEP/Snapshots/IEP_Activity_20250531.QVD","IEP_Activity_20250531.QVD","02s ESS QVD Builder Finalisation - Snapshot","89ca35f8-f096-47eb-bbba-8f062ddecd3b","2025-06-03 00:49:21",448,0,"","99 - QVD Tasks",TRUE,TRUE,TRUE,TRUE
"ESS/IEP/Snapshots/IEP_Activity_20250630.QVD","IEP_Activity_20250630.QVD","02s ESS QVD Builder Finalisation - Snapshot","89ca35f8-f096-47eb-bbba-8f062ddecd3b","2025-07-01 02:14:00",420,0,"","99 - QVD Tasks",TRUE,TRUE,TRUE,TRUE
"ESS/IEP/Snapshots/IEP_Activity_20250731.QVD","IEP_Activity_20250731.QVD","02s ESS QVD Builder Finalisation - Snapshot","89ca35f8-f096-47eb-bbba-8f062ddecd3b","2025-08-01 05:01:41",389,0,"","99 - QVD Tasks",TRUE,TRUE,TRUE,TRUE
"ESS/IEP/Snapshots/IEP_Activity_20250831.QVD","IEP_Activity_20250831.QVD","02s ESS QVD Builder Finalisation - Snapshot","89ca35f8-f096-47eb-bbba-8f062ddecd3b","2025-09-01 00:43:51",358,0,"","99 - QVD Tasks",FALSE,TRUE,FALSE,TRUE
"ESS/IEP/Snapshots/IEP_Activity_20250930.QVD","IEP_Activity_20250930.QVD","02s ESS QVD Builder Finalisation - Snapshot","89ca35f8-f096-47eb-bbba-8f062ddecd3b","2025-10-01 00:37:06",328,0,"","99 - QVD Tasks",FALSE,TRUE,FALSE,TRUE
"ESS/IEP/Snapshots/IEP_Activity_20251231.QVD","IEP_Activity_20251231.QVD","02s ESS QVD Builder Finalisation - Snapshot","89ca35f8-f096-47eb-bbba-8f062ddecd3b","2026-01-01 21:17:07",236,0,"","99 - QVD Tasks",FALSE,TRUE,FALSE,TRUE
"ESS/IEP/Snapshots/IEP_Activity_20260228.QVD","IEP_Activity_20260228.QVD","02s ESS QVD Builder Finalisation - Snapshot","89ca35f8-f096-47eb-bbba-8f062ddecd3b","2026-03-02 21:57:32",176,0,"","99 - QVD Tasks",FALSE,TRUE,FALSE,TRUE
"ESS/IEP/Snapshots/IEP_Activity_20260430.QVD","IEP_Activity_20260430.QVD","02s ESS QVD Builder Finalisation - Snapshot","89ca35f8-f096-47eb-bbba-8f062ddecd3b","2026-05-01 03:47:18",116,0,"","99 - QVD Tasks",FALSE,TRUE,FALSE,FALSE
"ESS/IEP/Snapshots/IEP_Activity_20260531.QVD","IEP_Activity_20260531.QVD","02s ESS QVD Builder Finalisation - Snapshot","89ca35f8-f096-47eb-bbba-8f062ddecd3b","2026-06-03 01:07:21",83,0,"","99 - QVD Tasks",FALSE,TRUE,FALSE,FALSE
"ESS/IEP/Snapshots/IEP_Activity_20260630.QVD","IEP_Activity_20260630.QVD","02s ESS QVD Builder Finalisation - Snapshot","89ca35f8-f096-47eb-bbba-8f062ddecd3b","2026-07-01 01:38:26",55,0,"","99 - QVD Tasks",FALSE,TRUE,FALSE,FALSE
"ESS/IEP/Snapshots/IEP_Activity_Contact_20240331.QVD","IEP_Activity_Contact_20240331.QVD","02s ESS QVD Builder Finalisation - Snapshot","89ca35f8-f096-47eb-bbba-8f062ddecd3b","2024-04-16 01:13:31",861,0,"","99 - QVD Tasks",TRUE,TRUE,TRUE,FALSE
"ESS/IEP/Snapshots/IEP_Activity_Contact_20240430.QVD","IEP_Activity_Contact_20240430.QVD","02s ESS QVD Builder Finalisation - Snapshot","89ca35f8-f096-47eb-bbba-8f062ddecd3b","2024-05-01 05:28:37",846,0,"","99 - QVD Tasks",TRUE,TRUE,TRUE,FALSE
"ESS/IEP/Snapshots/IEP_Activity_Contact_20240531.QVD","IEP_Activity_Contact_20240531.QVD","02s ESS QVD Builder Finalisation - Snapshot","89ca35f8-f096-47eb-bbba-8f062ddecd3b","2024-06-01 10:29:14",815,0,"","99 - QVD Tasks",TRUE,TRUE,TRUE,FALSE
"ESS/IEP/Snapshots/IEP_Activity_Contact_20240630.QVD","IEP_Activity_Contact_20240630.QVD","02s ESS QVD Builder Finalisation - Snapshot","89ca35f8-f096-47eb-bbba-8f062ddecd3b","2024-07-08 01:53:22",778,0,"","99 - QVD Tasks",TRUE,TRUE,TRUE,FALSE
"ESS/IEP/Snapshots/IEP_Activity_Contact_20240731.QVD","IEP_Activity_Contact_20240731.QVD","02s ESS QVD Builder Finalisation - Snapshot","89ca35f8-f096-47eb-bbba-8f062ddecd3b","2024-08-01 04:48:35",754,0,"","99 - QVD Tasks",TRUE,TRUE,TRUE,FALSE
"ESS/IEP/Snapshots/IEP_Activity_Contact_20240831.QVD","IEP_Activity_Contact_20240831.QVD","02s ESS QVD Builder Finalisation - Snapshot","89ca35f8-f096-47eb-bbba-8f062ddecd3b","2024-09-04 00:34:00",720,0,"","99 - QVD Tasks",TRUE,TRUE,TRUE,FALSE
"ESS/IEP/Snapshots/IEP_Activity_Contact_20241031.QVD","IEP_Activity_Contact_20241031.QVD","02s ESS QVD Builder Finalisation - Snapshot","89ca35f8-f096-47eb-bbba-8f062ddecd3b","2024-11-03 22:27:02",660,0,"","99 - QVD Tasks",TRUE,TRUE,TRUE,FALSE
"ESS/IEP/Snapshots/IEP_Activity_Contact_20241130.QVD","IEP_Activity_Contact_20241130.QVD","02s ESS QVD Builder Finalisation - Snapshot","89ca35f8-f096-47eb-bbba-8f062ddecd3b","2024-12-02 23:11:11",631,0,"","99 - QVD Tasks",TRUE,TRUE,TRUE,FALSE
"ESS/IEP/Snapshots/IEP_Activity_Contact_20241231.QVD","IEP_Activity_Contact_20241231.QVD","02s ESS QVD Builder Finalisation - Snapshot","89ca35f8-f096-47eb-bbba-8f062ddecd3b","2025-01-01 23:31:20",601,0,"","99 - QVD Tasks",TRUE,TRUE,TRUE,FALSE
"ESS/IEP/Snapshots/IEP_Activity_Contact_20250131.QVD","IEP_Activity_Contact_20250131.QVD","02s ESS QVD Builder Finalisation - Snapshot","89ca35f8-f096-47eb-bbba-8f062ddecd3b","2025-02-05 22:33:39",566,0,"","99 - QVD Tasks",TRUE,TRUE,TRUE,FALSE
"ESS/IEP/Snapshots/IEP_Activity_Contact_20250228.QVD","IEP_Activity_Contact_20250228.QVD","02s ESS QVD Builder Finalisation - Snapshot","89ca35f8-f096-47eb-bbba-8f062ddecd3b","2025-03-03 07:07:52",540,0,"","99 - QVD Tasks",TRUE,TRUE,TRUE,FALSE
"ESS/IEP/Snapshots/IEP_Activity_Contact_20250331.QVD","IEP_Activity_Contact_20250331.QVD","02s ESS QVD Builder Finalisation - Snapshot","89ca35f8-f096-47eb-bbba-8f062ddecd3b","2025-03-31 23:57:16",512,0,"","99 - QVD Tasks",TRUE,TRUE,TRUE,FALSE
"ESS/IEP/Snapshots/IEP_Activity_Contact_20250430.QVD","IEP_Activity_Contact_20250430.QVD","02s ESS QVD Builder Finalisation - Snapshot","89ca35f8-f096-47eb-bbba-8f062ddecd3b","2025-05-01 00:09:30",481,0,"","99 - QVD Tasks",TRUE,TRUE,TRUE,FALSE
"ESS/IEP/Snapshots/IEP_Activity_Contact_20250531.QVD","IEP_Activity_Contact_20250531.QVD","02s ESS QVD Builder Finalisation - Snapshot","89ca35f8-f096-47eb-bbba-8f062ddecd3b","2025-06-03 00:49:22",448,0,"","99 - QVD Tasks",TRUE,TRUE,TRUE,FALSE
"ESS/IEP/Snapshots/IEP_Activity_Contact_20250630.QVD","IEP_Activity_Contact_20250630.QVD","02s ESS QVD Builder Finalisation - Snapshot","89ca35f8-f096-47eb-bbba-8f062ddecd3b","2025-07-01 02:14:00",420,0,"","99 - QVD Tasks",TRUE,TRUE,TRUE,FALSE
"ESS/IEP/Snapshots/IEP_Activity_Contact_20250731.QVD","IEP_Activity_Contact_20250731.QVD","02s ESS QVD Builder Finalisation - Snapshot","89ca35f8-f096-47eb-bbba-8f062ddecd3b","2025-08-01 05:01:41",389,0,"","99 - QVD Tasks",TRUE,TRUE,TRUE,FALSE
"ESS/IEP/Snapshots/IEP_Activity_Contact_20250831.QVD","IEP_Activity_Contact_20250831.QVD","02s ESS QVD Builder Finalisation - Snapshot","89ca35f8-f096-47eb-bbba-8f062ddecd3b","2025-09-01 00:43:52",358,0,"","99 - QVD Tasks",FALSE,TRUE,FALSE,FALSE
"ESS/IEP/Snapshots/IEP_Activity_Contact_20250930.QVD","IEP_Activity_Contact_20250930.QVD","02s ESS QVD Builder Finalisation - Snapshot","89ca35f8-f096-47eb-bbba-8f062ddecd3b","2025-10-01 00:37:06",328,0,"","99 - QVD Tasks",FALSE,TRUE,FALSE,FALSE
"ESS/IEP/Snapshots/IEP_Activity_Contact_20251231.QVD","IEP_Activity_Contact_20251231.QVD","02s ESS QVD Builder Finalisation - Snapshot","89ca35f8-f096-47eb-bbba-8f062ddecd3b","2026-01-01 21:17:08",236,0,"","99 - QVD Tasks",FALSE,TRUE,FALSE,FALSE
"ESS/IEP/Snapshots/IEP_Activity_Contact_20260228.QVD","IEP_Activity_Contact_20260228.QVD","02s ESS QVD Builder Finalisation - Snapshot","89ca35f8-f096-47eb-bbba-8f062ddecd3b","2026-03-02 21:57:32",176,0,"","99 - QVD Tasks",FALSE,TRUE,FALSE,FALSE
"ESS/IEP/Snapshots/IEP_Activity_Contact_20260430.QVD","IEP_Activity_Contact_20260430.QVD","02s ESS QVD Builder Finalisation - Snapshot","89ca35f8-f096-47eb-bbba-8f062ddecd3b","2026-05-01 03:47:18",116,0,"","99 - QVD Tasks",FALSE,TRUE,FALSE,FALSE
"ESS/IEP/Snapshots/IEP_Activity_Contact_20260531.QVD","IEP_Activity_Contact_20260531.QVD","02s ESS QVD Builder Finalisation - Snapshot","89ca35f8-f096-47eb-bbba-8f062ddecd3b","2026-06-03 01:07:21",83,0,"","99 - QVD Tasks",FALSE,TRUE,FALSE,FALSE
"ESS/IEP/Snapshots/IEP_Activity_Contact_20260630.QVD","IEP_Activity_Contact_20260630.QVD","02s ESS QVD Builder Finalisation - Snapshot","89ca35f8-f096-47eb-bbba-8f062ddecd3b","2026-07-01 01:38:26",55,0,"","99 - QVD Tasks",FALSE,TRUE,FALSE,FALSE
"ESS/IEP/Snapshots/IEP_Activity_Expenditure_20240331.QVD","IEP_Activity_Expenditure_20240331.QVD","02s ESS QVD Builder Finalisation - Snapshot","89ca35f8-f096-47eb-bbba-8f062ddecd3b","2024-04-16 01:13:31",861,0,"","99 - QVD Tasks",TRUE,TRUE,TRUE,FALSE
"ESS/IEP/Snapshots/IEP_Activity_Expenditure_20240430.QVD","IEP_Activity_Expenditure_20240430.QVD","02s ESS QVD Builder Finalisation - Snapshot","89ca35f8-f096-47eb-bbba-8f062ddecd3b","2024-05-01 05:28:37",846,0,"","99 - QVD Tasks",TRUE,TRUE,TRUE,FALSE
"ESS/IEP/Snapshots/IEP_Activity_Expenditure_20240531.QVD","IEP_Activity_Expenditure_20240531.QVD","02s ESS QVD Builder Finalisation - Snapshot","89ca35f8-f096-47eb-bbba-8f062ddecd3b","2024-06-01 10:29:14",815,0,"","99 - QVD Tasks",TRUE,TRUE,TRUE,FALSE
"ESS/IEP/Snapshots/IEP_Activity_Expenditure_20240630.QVD","IEP_Activity_Expenditure_20240630.QVD","02s ESS QVD Builder Finalisation - Snapshot","89ca35f8-f096-47eb-bbba-8f062ddecd3b","2024-07-08 01:53:22",778,0,"","99 - QVD Tasks",TRUE,TRUE,TRUE,FALSE
"ESS/IEP/Snapshots/IEP_Activity_Expenditure_20240731.QVD","IEP_Activity_Expenditure_20240731.QVD","02s ESS QVD Builder Finalisation - Snapshot","89ca35f8-f096-47eb-bbba-8f062ddecd3b","2024-08-01 04:48:35",754,0,"","99 - QVD Tasks",TRUE,TRUE,TRUE,FALSE
"ESS/IEP/Snapshots/IEP_Activity_Expenditure_20240831.QVD","IEP_Activity_Expenditure_20240831.QVD","02s ESS QVD Builder Finalisation - Snapshot","89ca35f8-f096-47eb-bbba-8f062ddecd3b","2024-09-04 00:34:00",720,0,"","99 - QVD Tasks",TRUE,TRUE,TRUE,FALSE
"ESS/IEP/Snapshots/IEP_Activity_Expenditure_20241031.QVD","IEP_Activity_Expenditure_20241031.QVD","02s ESS QVD Builder Finalisation - Snapshot","89ca35f8-f096-47eb-bbba-8f062ddecd3b","2024-11-03 22:27:02",660,0,"","99 - QVD Tasks",TRUE,TRUE,TRUE,FALSE
"ESS/IEP/Snapshots/IEP_Activity_Expenditure_20241130.QVD","IEP_Activity_Expenditure_20241130.QVD","02s ESS QVD Builder Finalisation - Snapshot","89ca35f8-f096-47eb-bbba-8f062ddecd3b","2024-12-02 23:11:11",631,0,"","99 - QVD Tasks",TRUE,TRUE,TRUE,FALSE
"ESS/IEP/Snapshots/IEP_Activity_Expenditure_20241231.QVD","IEP_Activity_Expenditure_20241231.QVD","02s ESS QVD Builder Finalisation - Snapshot","89ca35f8-f096-47eb-bbba-8f062ddecd3b","2025-01-01 23:31:20",601,0,"","99 - QVD Tasks",TRUE,TRUE,TRUE,FALSE
"ESS/IEP/Snapshots/IEP_Activity_Expenditure_20250131.QVD","IEP_Activity_Expenditure_20250131.QVD","02s ESS QVD Builder Finalisation - Snapshot","89ca35f8-f096-47eb-bbba-8f062ddecd3b","2025-02-05 22:33:39",566,0,"","99 - QVD Tasks",TRUE,TRUE,TRUE,FALSE
"ESS/IEP/Snapshots/IEP_Activity_Expenditure_20250228.QVD","IEP_Activity_Expenditure_20250228.QVD","02s ESS QVD Builder Finalisation - Snapshot","89ca35f8-f096-47eb-bbba-8f062ddecd3b","2025-03-03 07:07:52",540,0,"","99 - QVD Tasks",TRUE,TRUE,TRUE,FALSE
"ESS/IEP/Snapshots/IEP_Activity_Expenditure_20250331.QVD","IEP_Activity_Expenditure_20250331.QVD","02s ESS QVD Builder Finalisation - Snapshot","89ca35f8-f096-47eb-bbba-8f062ddecd3b","2025-03-31 23:57:16",512,0,"","99 - QVD Tasks",TRUE,TRUE,TRUE,FALSE
"ESS/IEP/Snapshots/IEP_Activity_Expenditure_20250430.QVD","IEP_Activity_Expenditure_20250430.QVD","02s ESS QVD Builder Finalisation - Snapshot","89ca35f8-f096-47eb-bbba-8f062ddecd3b","2025-05-01 00:09:30",481,0,"","99 - QVD Tasks",TRUE,TRUE,TRUE,FALSE
"ESS/IEP/Snapshots/IEP_Activity_Expenditure_20250531.QVD","IEP_Activity_Expenditure_20250531.QVD","02s ESS QVD Builder Finalisation - Snapshot","89ca35f8-f096-47eb-bbba-8f062ddecd3b","2025-06-03 00:49:22",448,0,"","99 - QVD Tasks",TRUE,TRUE,TRUE,FALSE
"ESS/IEP/Snapshots/IEP_Activity_Expenditure_20250630.QVD","IEP_Activity_Expenditure_20250630.QVD","02s ESS QVD Builder Finalisation - Snapshot","89ca35f8-f096-47eb-bbba-8f062ddecd3b","2025-07-01 02:14:00",420,0,"","99 - QVD Tasks",TRUE,TRUE,TRUE,FALSE
"ESS/IEP/Snapshots/IEP_Activity_Expenditure_20250731.QVD","IEP_Activity_Expenditure_20250731.QVD","02s ESS QVD Builder Finalisation - Snapshot","89ca35f8-f096-47eb-bbba-8f062ddecd3b","2025-08-01 05:01:41",389,0,"","99 - QVD Tasks",TRUE,TRUE,TRUE,FALSE
"ESS/IEP/Snapshots/IEP_Activity_Expenditure_20250831.QVD","IEP_Activity_Expenditure_20250831.QVD","02s ESS QVD Builder Finalisation - Snapshot","89ca35f8-f096-47eb-bbba-8f062ddecd3b","2025-09-01 00:43:52",358,0,"","99 - QVD Tasks",FALSE,TRUE,FALSE,FALSE
"ESS/IEP/Snapshots/IEP_Activity_Expenditure_20250930.QVD","IEP_Activity_Expenditure_20250930.QVD","02s ESS QVD Builder Finalisation - Snapshot","89ca35f8-f096-47eb-bbba-8f062ddecd3b","2025-10-01 00:37:06",328,0,"","99 - QVD Tasks",FALSE,TRUE,FALSE,FALSE
"ESS/IEP/Snapshots/IEP_Activity_Expenditure_20251231.QVD","IEP_Activity_Expenditure_20251231.QVD","02s ESS QVD Builder Finalisation - Snapshot","89ca35f8-f096-47eb-bbba-8f062ddecd3b","2026-01-01 21:17:08",236,0,"","99 - QVD Tasks",FALSE,TRUE,FALSE,FALSE
"ESS/IEP/Snapshots/IEP_Activity_Expenditure_20260228.QVD","IEP_Activity_Expenditure_20260228.QVD","02s ESS QVD Builder Finalisation - Snapshot","89ca35f8-f096-47eb-bbba-8f062ddecd3b","2026-03-02 21:57:32",176,0,"","99 - QVD Tasks",FALSE,TRUE,FALSE,FALSE
"ESS/IEP/Snapshots/IEP_Activity_Expenditure_20260430.QVD","IEP_Activity_Expenditure_20260430.QVD","02s ESS QVD Builder Finalisation - Snapshot","89ca35f8-f096-47eb-bbba-8f062ddecd3b","2026-05-01 03:47:18",116,0,"","99 - QVD Tasks",FALSE,TRUE,FALSE,FALSE
"ESS/IEP/Snapshots/IEP_Activity_Expenditure_20260531.QVD","IEP_Activity_Expenditure_20260531.QVD","02s ESS QVD Builder Finalisation - Snapshot","89ca35f8-f096-47eb-bbba-8f062ddecd3b","2026-06-03 01:07:21",83,0,"","99 - QVD Tasks",FALSE,TRUE,FALSE,FALSE
"ESS/IEP/Snapshots/IEP_Activity_Expenditure_20260630.QVD","IEP_Activity_Expenditure_20260630.QVD","02s ESS QVD Builder Finalisation - Snapshot","89ca35f8-f096-47eb-bbba-8f062ddecd3b","2026-07-01 01:38:27",55,0,"","99 - QVD Tasks",FALSE,TRUE,FALSE,FALSE
"ESS/IEP/Snapshots/IEP_Claim_Payments_20240331.QVD","IEP_Claim_Payments_20240331.QVD","02s ESS QVD Builder Finalisation - Snapshot","89ca35f8-f096-47eb-bbba-8f062ddecd3b","2024-04-16 01:13:31",861,0,"","99 - QVD Tasks",TRUE,TRUE,TRUE,TRUE
"ESS/IEP/Snapshots/IEP_Claim_Payments_20240430.QVD","IEP_Claim_Payments_20240430.QVD","02s ESS QVD Builder Finalisation - Snapshot","89ca35f8-f096-47eb-bbba-8f062ddecd3b","2024-05-01 05:28:37",846,0,"","99 - QVD Tasks",TRUE,TRUE,TRUE,TRUE
"ESS/IEP/Snapshots/IEP_Claim_Payments_20240531.QVD","IEP_Claim_Payments_20240531.QVD","02s ESS QVD Builder Finalisation - Snapshot","89ca35f8-f096-47eb-bbba-8f062ddecd3b","2024-06-01 10:29:14",815,0,"","99 - QVD Tasks",TRUE,TRUE,TRUE,TRUE
"ESS/IEP/Snapshots/IEP_Claim_Payments_20240630.QVD","IEP_Claim_Payments_20240630.QVD","02s ESS QVD Builder Finalisation - Snapshot","89ca35f8-f096-47eb-bbba-8f062ddecd3b","2024-07-08 01:53:22",778,0,"","99 - QVD Tasks",TRUE,TRUE,TRUE,TRUE
"ESS/IEP/Snapshots/IEP_Claim_Payments_20240731.QVD","IEP_Claim_Payments_20240731.QVD","02s ESS QVD Builder Finalisation - Snapshot","89ca35f8-f096-47eb-bbba-8f062ddecd3b","2024-08-01 04:48:35",754,0,"","99 - QVD Tasks",TRUE,TRUE,TRUE,TRUE
"ESS/IEP/Snapshots/IEP_Claim_Payments_20240831.QVD","IEP_Claim_Payments_20240831.QVD","02s ESS QVD Builder Finalisation - Snapshot","89ca35f8-f096-47eb-bbba-8f062ddecd3b","2024-09-04 00:34:01",720,0,"","99 - QVD Tasks",TRUE,TRUE,TRUE,TRUE
"ESS/IEP/Snapshots/IEP_Claim_Payments_20241031.QVD","IEP_Claim_Payments_20241031.QVD","02s ESS QVD Builder Finalisation - Snapshot","89ca35f8-f096-47eb-bbba-8f062ddecd3b","2024-11-03 22:27:03",660,0,"","99 - QVD Tasks",TRUE,TRUE,TRUE,TRUE
"ESS/IEP/Snapshots/IEP_Claim_Payments_20241130.QVD","IEP_Claim_Payments_20241130.QVD","02s ESS QVD Builder Finalisation - Snapshot","89ca35f8-f096-47eb-bbba-8f062ddecd3b","2024-12-02 23:11:11",631,0,"","99 - QVD Tasks",TRUE,TRUE,TRUE,TRUE
"ESS/IEP/Snapshots/IEP_Claim_Payments_20241231.QVD","IEP_Claim_Payments_20241231.QVD","02s ESS QVD Builder Finalisation - Snapshot","89ca35f8-f096-47eb-bbba-8f062ddecd3b","2025-01-01 23:31:20",601,0,"","99 - QVD Tasks",TRUE,TRUE,TRUE,TRUE
"ESS/IEP/Snapshots/IEP_Claim_Payments_20250131.QVD","IEP_Claim_Payments_20250131.QVD","02s ESS QVD Builder Finalisation - Snapshot","89ca35f8-f096-47eb-bbba-8f062ddecd3b","2025-02-05 22:33:39",566,0,"","99 - QVD Tasks",TRUE,TRUE,TRUE,TRUE
"ESS/IEP/Snapshots/IEP_Claim_Payments_20250228.QVD","IEP_Claim_Payments_20250228.QVD","02s ESS QVD Builder Finalisation - Snapshot","89ca35f8-f096-47eb-bbba-8f062ddecd3b","2025-03-03 07:07:53",540,0,"","99 - QVD Tasks",TRUE,TRUE,TRUE,TRUE
"ESS/IEP/Snapshots/IEP_Claim_Payments_20250331.QVD","IEP_Claim_Payments_20250331.QVD","02s ESS QVD Builder Finalisation - Snapshot","89ca35f8-f096-47eb-bbba-8f062ddecd3b","2025-03-31 23:57:16",512,0,"","99 - QVD Tasks",TRUE,TRUE,TRUE,TRUE
"ESS/IEP/Snapshots/IEP_Claim_Payments_20250430.QVD","IEP_Claim_Payments_20250430.QVD","02s ESS QVD Builder Finalisation - Snapshot","89ca35f8-f096-47eb-bbba-8f062ddecd3b","2025-05-01 00:09:30",481,0,"","99 - QVD Tasks",TRUE,TRUE,TRUE,TRUE
"ESS/IEP/Snapshots/IEP_Claim_Payments_20250531.QVD","IEP_Claim_Payments_20250531.QVD","02s ESS QVD Builder Finalisation - Snapshot","89ca35f8-f096-47eb-bbba-8f062ddecd3b","2025-06-03 00:49:22",448,0,"","99 - QVD Tasks",TRUE,TRUE,TRUE,TRUE
"ESS/IEP/Snapshots/IEP_Claim_Payments_20250630.QVD","IEP_Claim_Payments_20250630.QVD","02s ESS QVD Builder Finalisation - Snapshot","89ca35f8-f096-47eb-bbba-8f062ddecd3b","2025-07-01 02:14:01",420,0,"","99 - QVD Tasks",TRUE,TRUE,TRUE,TRUE
"ESS/IEP/Snapshots/IEP_Claim_Payments_20250731.QVD","IEP_Claim_Payments_20250731.QVD","02s ESS QVD Builder Finalisation - Snapshot","89ca35f8-f096-47eb-bbba-8f062ddecd3b","2025-08-01 05:01:41",389,0,"","99 - QVD Tasks",TRUE,TRUE,TRUE,TRUE
"ESS/IEP/Snapshots/IEP_Claim_Payments_20250831.QVD","IEP_Claim_Payments_20250831.QVD","02s ESS QVD Builder Finalisation - Snapshot","89ca35f8-f096-47eb-bbba-8f062ddecd3b","2025-09-01 00:43:52",358,0,"","99 - QVD Tasks",FALSE,TRUE,FALSE,TRUE
"ESS/IEP/Snapshots/IEP_Claim_Payments_20250930.QVD","IEP_Claim_Payments_20250930.QVD","02s ESS QVD Builder Finalisation - Snapshot","89ca35f8-f096-47eb-bbba-8f062ddecd3b","2025-10-01 00:37:06",328,0,"","99 - QVD Tasks",FALSE,TRUE,FALSE,TRUE
"ESS/IEP/Snapshots/IEP_Claim_Payments_20251231.QVD","IEP_Claim_Payments_20251231.QVD","02s ESS QVD Builder Finalisation - Snapshot","89ca35f8-f096-47eb-bbba-8f062ddecd3b","2026-01-01 21:17:08",236,0,"","99 - QVD Tasks",FALSE,TRUE,FALSE,TRUE
"ESS/IEP/Snapshots/IEP_Claim_Payments_20260228.QVD","IEP_Claim_Payments_20260228.QVD","02s ESS QVD Builder Finalisation - Snapshot","89ca35f8-f096-47eb-bbba-8f062ddecd3b","2026-03-02 21:57:32",176,0,"","99 - QVD Tasks",FALSE,TRUE,FALSE,TRUE
"ESS/IEP/Snapshots/IEP_Claim_Payments_20260430.QVD","IEP_Claim_Payments_20260430.QVD","02s ESS QVD Builder Finalisation - Snapshot","89ca35f8-f096-47eb-bbba-8f062ddecd3b","2026-05-01 03:47:18",116,0,"","99 - QVD Tasks",FALSE,TRUE,FALSE,FALSE
"ESS/IEP/Snapshots/IEP_Claim_Payments_20260531.QVD","IEP_Claim_Payments_20260531.QVD","02s ESS QVD Builder Finalisation - Snapshot","89ca35f8-f096-47eb-bbba-8f062ddecd3b","2026-06-03 01:07:22",83,0,"","99 - QVD Tasks",FALSE,TRUE,FALSE,FALSE
"ESS/IEP/Snapshots/IEP_Claim_Payments_20260630.QVD","IEP_Claim_Payments_20260630.QVD","02s ESS QVD Builder Finalisation - Snapshot","89ca35f8-f096-47eb-bbba-8f062ddecd3b","2026-07-01 01:38:27",55,0,"","99 - QVD Tasks",FALSE,TRUE,FALSE,FALSE
"ESS/IEP/Snapshots/IEP_Job_Seeker_20240331.QVD","IEP_Job_Seeker_20240331.QVD","02s ESS QVD Builder Finalisation - Snapshot","89ca35f8-f096-47eb-bbba-8f062ddecd3b","2024-04-16 01:13:31",861,0,"","99 - QVD Tasks",TRUE,TRUE,TRUE,TRUE
"ESS/IEP/Snapshots/IEP_Job_Seeker_20240430.QVD","IEP_Job_Seeker_20240430.QVD","02s ESS QVD Builder Finalisation - Snapshot","89ca35f8-f096-47eb-bbba-8f062ddecd3b","2024-05-01 05:28:37",846,0,"","99 - QVD Tasks",TRUE,TRUE,TRUE,TRUE
"ESS/IEP/Snapshots/IEP_Job_Seeker_20240531.QVD","IEP_Job_Seeker_20240531.QVD","02s ESS QVD Builder Finalisation - Snapshot","89ca35f8-f096-47eb-bbba-8f062ddecd3b","2024-06-01 10:29:15",815,0,"","99 - QVD Tasks",TRUE,TRUE,TRUE,TRUE
"ESS/IEP/Snapshots/IEP_Job_Seeker_20240630.QVD","IEP_Job_Seeker_20240630.QVD","02s ESS QVD Builder Finalisation - Snapshot","89ca35f8-f096-47eb-bbba-8f062ddecd3b","2024-07-08 01:53:23",778,0,"","99 - QVD Tasks",TRUE,TRUE,TRUE,TRUE
"ESS/IEP/Snapshots/IEP_Job_Seeker_20240731.QVD","IEP_Job_Seeker_20240731.QVD","02s ESS QVD Builder Finalisation - Snapshot","89ca35f8-f096-47eb-bbba-8f062ddecd3b","2024-08-01 04:48:36",754,0,"","99 - QVD Tasks",TRUE,TRUE,TRUE,TRUE
"ESS/IEP/Snapshots/IEP_Job_Seeker_20240831.QVD","IEP_Job_Seeker_20240831.QVD","02s ESS QVD Builder Finalisation - Snapshot","89ca35f8-f096-47eb-bbba-8f062ddecd3b","2024-09-04 00:34:01",720,0,"","99 - QVD Tasks",TRUE,TRUE,TRUE,TRUE
"ESS/IEP/Snapshots/IEP_Job_Seeker_20241031.QVD","IEP_Job_Seeker_20241031.QVD","02s ESS QVD Builder Finalisation - Snapshot","89ca35f8-f096-47eb-bbba-8f062ddecd3b","2024-11-03 22:27:03",660,0,"","99 - QVD Tasks",TRUE,TRUE,TRUE,TRUE
"ESS/IEP/Snapshots/IEP_Job_Seeker_20241130.QVD","IEP_Job_Seeker_20241130.QVD","02s ESS QVD Builder Finalisation - Snapshot","89ca35f8-f096-47eb-bbba-8f062ddecd3b","2024-12-02 23:11:11",631,0,"","99 - QVD Tasks",TRUE,TRUE,TRUE,TRUE
"ESS/IEP/Snapshots/IEP_Job_Seeker_20241231.QVD","IEP_Job_Seeker_20241231.QVD","02s ESS QVD Builder Finalisation - Snapshot","89ca35f8-f096-47eb-bbba-8f062ddecd3b","2025-01-01 23:31:21",601,0,"","99 - QVD Tasks",TRUE,TRUE,TRUE,TRUE
"ESS/IEP/Snapshots/IEP_Job_Seeker_20250131.QVD","IEP_Job_Seeker_20250131.QVD","02s ESS QVD Builder Finalisation - Snapshot","89ca35f8-f096-47eb-bbba-8f062ddecd3b","2025-02-05 22:33:39",566,0,"","99 - QVD Tasks",TRUE,TRUE,TRUE,TRUE
"ESS/IEP/Snapshots/IEP_Job_Seeker_20250228.QVD","IEP_Job_Seeker_20250228.QVD","02s ESS QVD Builder Finalisation - Snapshot","89ca35f8-f096-47eb-bbba-8f062ddecd3b","2025-03-03 07:07:53",540,0,"","99 - QVD Tasks",TRUE,TRUE,TRUE,TRUE
"ESS/IEP/Snapshots/IEP_Job_Seeker_20250331.QVD","IEP_Job_Seeker_20250331.QVD","02s ESS QVD Builder Finalisation - Snapshot","89ca35f8-f096-47eb-bbba-8f062ddecd3b","2025-03-31 23:57:17",512,0,"","99 - QVD Tasks",TRUE,TRUE,TRUE,TRUE
"ESS/IEP/Snapshots/IEP_Job_Seeker_20250430.QVD","IEP_Job_Seeker_20250430.QVD","02s ESS QVD Builder Finalisation - Snapshot","89ca35f8-f096-47eb-bbba-8f062ddecd3b","2025-05-01 00:09:30",481,0,"","99 - QVD Tasks",TRUE,TRUE,TRUE,TRUE
"ESS/IEP/Snapshots/IEP_Job_Seeker_20250531.QVD","IEP_Job_Seeker_20250531.QVD","02s ESS QVD Builder Finalisation - Snapshot","89ca35f8-f096-47eb-bbba-8f062ddecd3b","2025-06-03 00:49:22",448,0,"","99 - QVD Tasks",TRUE,TRUE,TRUE,TRUE
"ESS/IEP/Snapshots/IEP_Job_Seeker_20250630.QVD","IEP_Job_Seeker_20250630.QVD","02s ESS QVD Builder Finalisation - Snapshot","89ca35f8-f096-47eb-bbba-8f062ddecd3b","2025-07-01 02:14:01",420,0,"","99 - QVD Tasks",TRUE,TRUE,TRUE,TRUE
"ESS/IEP/Snapshots/IEP_Job_Seeker_20250731.QVD","IEP_Job_Seeker_20250731.QVD","02s ESS QVD Builder Finalisation - Snapshot","89ca35f8-f096-47eb-bbba-8f062ddecd3b","2025-08-01 05:01:41",389,0,"","99 - QVD Tasks",TRUE,TRUE,TRUE,TRUE
"ESS/IEP/Snapshots/IEP_Job_Seeker_20250831.QVD","IEP_Job_Seeker_20250831.QVD","02s ESS QVD Builder Finalisation - Snapshot","89ca35f8-f096-47eb-bbba-8f062ddecd3b","2025-09-01 00:43:52",358,0,"","99 - QVD Tasks",FALSE,TRUE,FALSE,TRUE
"ESS/IEP/Snapshots/IEP_Job_Seeker_20250930.QVD","IEP_Job_Seeker_20250930.QVD","02s ESS QVD Builder Finalisation - Snapshot","89ca35f8-f096-47eb-bbba-8f062ddecd3b","2025-10-01 00:37:06",328,0,"","99 - QVD Tasks",FALSE,TRUE,FALSE,TRUE
"ESS/IEP/Snapshots/IEP_Job_Seeker_20251231.QVD","IEP_Job_Seeker_20251231.QVD","02s ESS QVD Builder Finalisation - Snapshot","89ca35f8-f096-47eb-bbba-8f062ddecd3b","2026-01-01 21:17:08",236,0,"","99 - QVD Tasks",FALSE,TRUE,FALSE,TRUE
"ESS/IEP/Snapshots/IEP_Job_Seeker_20260228.QVD","IEP_Job_Seeker_20260228.QVD","02s ESS QVD Builder Finalisation - Snapshot","89ca35f8-f096-47eb-bbba-8f062ddecd3b","2026-03-02 21:57:33",176,0,"","99 - QVD Tasks",FALSE,TRUE,FALSE,TRUE
"ESS/IEP/Snapshots/IEP_Job_Seeker_20260430.QVD","IEP_Job_Seeker_20260430.QVD","02s ESS QVD Builder Finalisation - Snapshot","89ca35f8-f096-47eb-bbba-8f062ddecd3b","2026-05-01 03:47:18",116,0,"","99 - QVD Tasks",FALSE,TRUE,FALSE,FALSE
"ESS/IEP/Snapshots/IEP_Job_Seeker_20260531.QVD","IEP_Job_Seeker_20260531.QVD","02s ESS QVD Builder Finalisation - Snapshot","89ca35f8-f096-47eb-bbba-8f062ddecd3b","2026-06-03 01:07:22",83,0,"","99 - QVD Tasks",FALSE,TRUE,FALSE,FALSE
"ESS/IEP/Snapshots/IEP_Job_Seeker_20260630.QVD","IEP_Job_Seeker_20260630.QVD","02s ESS QVD Builder Finalisation - Snapshot","89ca35f8-f096-47eb-bbba-8f062ddecd3b","2026-07-01 01:38:27",55,0,"","99 - QVD Tasks",FALSE,TRUE,FALSE,FALSE
"ESS/IEP/Snapshots/IEP_Locations_20240331.QVD","IEP_Locations_20240331.QVD","02s ESS QVD Builder Finalisation - Snapshot","89ca35f8-f096-47eb-bbba-8f062ddecd3b","2024-04-16 01:13:31",861,0,"","99 - QVD Tasks",TRUE,TRUE,TRUE,TRUE
"ESS/IEP/Snapshots/IEP_Locations_20240430.QVD","IEP_Locations_20240430.QVD","02s ESS QVD Builder Finalisation - Snapshot","89ca35f8-f096-47eb-bbba-8f062ddecd3b","2024-05-01 05:28:37",846,0,"","99 - QVD Tasks",TRUE,TRUE,TRUE,TRUE
"ESS/IEP/Snapshots/IEP_Locations_20240531.QVD","IEP_Locations_20240531.QVD","02s ESS QVD Builder Finalisation - Snapshot","89ca35f8-f096-47eb-bbba-8f062ddecd3b","2024-06-01 10:29:15",815,0,"","99 - QVD Tasks",TRUE,TRUE,TRUE,TRUE
"ESS/IEP/Snapshots/IEP_Locations_20240630.QVD","IEP_Locations_20240630.QVD","02s ESS QVD Builder Finalisation - Snapshot","89ca35f8-f096-47eb-bbba-8f062ddecd3b","2024-07-08 01:53:23",778,0,"","99 - QVD Tasks",TRUE,TRUE,TRUE,TRUE
"ESS/IEP/Snapshots/IEP_Locations_20240731.QVD","IEP_Locations_20240731.QVD","02s ESS QVD Builder Finalisation - Snapshot","89ca35f8-f096-47eb-bbba-8f062ddecd3b","2024-08-01 04:48:36",754,0,"","99 - QVD Tasks",TRUE,TRUE,TRUE,TRUE
"ESS/IEP/Snapshots/IEP_Locations_20240831.QVD","IEP_Locations_20240831.QVD","02s ESS QVD Builder Finalisation - Snapshot","89ca35f8-f096-47eb-bbba-8f062ddecd3b","2024-09-04 00:34:01",720,0,"","99 - QVD Tasks",TRUE,TRUE,TRUE,TRUE
"ESS/IEP/Snapshots/IEP_Locations_20241031.QVD","IEP_Locations_20241031.QVD","02s ESS QVD Builder Finalisation - Snapshot","89ca35f8-f096-47eb-bbba-8f062ddecd3b","2024-11-03 22:27:03",660,0,"","99 - QVD Tasks",TRUE,TRUE,TRUE,TRUE
"ESS/IEP/Snapshots/IEP_Locations_20241130.QVD","IEP_Locations_20241130.QVD","02s ESS QVD Builder Finalisation - Snapshot","89ca35f8-f096-47eb-bbba-8f062ddecd3b","2024-12-02 23:11:12",631,0,"","99 - QVD Tasks",TRUE,TRUE,TRUE,TRUE
"ESS/IEP/Snapshots/IEP_Locations_20241231.QVD","IEP_Locations_20241231.QVD","02s ESS QVD Builder Finalisation - Snapshot","89ca35f8-f096-47eb-bbba-8f062ddecd3b","2025-01-01 23:31:21",601,0,"","99 - QVD Tasks",TRUE,TRUE,TRUE,TRUE
"ESS/IEP/Snapshots/IEP_Locations_20250131.QVD","IEP_Locations_20250131.QVD","02s ESS QVD Builder Finalisation - Snapshot","89ca35f8-f096-47eb-bbba-8f062ddecd3b","2025-02-05 22:33:40",566,0,"","99 - QVD Tasks",TRUE,TRUE,TRUE,TRUE
"ESS/IEP/Snapshots/IEP_Locations_20250228.QVD","IEP_Locations_20250228.QVD","02s ESS QVD Builder Finalisation - Snapshot","89ca35f8-f096-47eb-bbba-8f062ddecd3b","2025-03-03 07:07:53",540,0,"","99 - QVD Tasks",TRUE,TRUE,TRUE,TRUE
"ESS/IEP/Snapshots/IEP_Locations_20250331.QVD","IEP_Locations_20250331.QVD","02s ESS QVD Builder Finalisation - Snapshot","89ca35f8-f096-47eb-bbba-8f062ddecd3b","2025-03-31 23:57:17",512,0,"","99 - QVD Tasks",TRUE,TRUE,TRUE,TRUE
"ESS/IEP/Snapshots/IEP_Locations_20250430.QVD","IEP_Locations_20250430.QVD","02s ESS QVD Builder Finalisation - Snapshot","89ca35f8-f096-47eb-bbba-8f062ddecd3b","2025-05-01 00:09:30",481,0,"","99 - QVD Tasks",TRUE,TRUE,TRUE,TRUE
"ESS/IEP/Snapshots/IEP_Locations_20250531.QVD","IEP_Locations_20250531.QVD","02s ESS QVD Builder Finalisation - Snapshot","89ca35f8-f096-47eb-bbba-8f062ddecd3b","2025-06-03 00:49:22",448,0,"","99 - QVD Tasks",TRUE,TRUE,TRUE,TRUE
"ESS/IEP/Snapshots/IEP_Locations_20250630.QVD","IEP_Locations_20250630.QVD","02s ESS QVD Builder Finalisation - Snapshot","89ca35f8-f096-47eb-bbba-8f062ddecd3b","2025-07-01 02:14:01",420,0,"","99 - QVD Tasks",TRUE,TRUE,TRUE,TRUE
"ESS/IEP/Snapshots/IEP_Locations_20250731.QVD","IEP_Locations_20250731.QVD","02s ESS QVD Builder Finalisation - Snapshot","89ca35f8-f096-47eb-bbba-8f062ddecd3b","2025-08-01 05:01:41",389,0,"","99 - QVD Tasks",TRUE,TRUE,TRUE,TRUE
"ESS/IEP/Snapshots/IEP_Locations_20250831.QVD","IEP_Locations_20250831.QVD","02s ESS QVD Builder Finalisation - Snapshot","89ca35f8-f096-47eb-bbba-8f062ddecd3b","2025-09-01 00:43:52",358,0,"","99 - QVD Tasks",FALSE,TRUE,FALSE,TRUE
"ESS/IEP/Snapshots/IEP_Locations_20250930.QVD","IEP_Locations_20250930.QVD","02s ESS QVD Builder Finalisation - Snapshot","89ca35f8-f096-47eb-bbba-8f062ddecd3b","2025-10-01 00:37:07",328,0,"","99 - QVD Tasks",FALSE,TRUE,FALSE,TRUE
"ESS/IEP/Snapshots/IEP_Locations_20251231.QVD","IEP_Locations_20251231.QVD","02s ESS QVD Builder Finalisation - Snapshot","89ca35f8-f096-47eb-bbba-8f062ddecd3b","2026-01-01 21:17:08",236,0,"","99 - QVD Tasks",FALSE,TRUE,FALSE,TRUE
"ESS/IEP/Snapshots/IEP_Locations_20260228.QVD","IEP_Locations_20260228.QVD","02s ESS QVD Builder Finalisation - Snapshot","89ca35f8-f096-47eb-bbba-8f062ddecd3b","2026-03-02 21:57:33",176,0,"","99 - QVD Tasks",FALSE,TRUE,FALSE,TRUE
"ESS/IEP/Snapshots/IEP_Locations_20260430.QVD","IEP_Locations_20260430.QVD","02s ESS QVD Builder Finalisation - Snapshot","89ca35f8-f096-47eb-bbba-8f062ddecd3b","2026-05-01 03:47:18",116,0,"","99 - QVD Tasks",FALSE,TRUE,FALSE,FALSE
"ESS/IEP/Snapshots/IEP_Locations_20260531.QVD","IEP_Locations_20260531.QVD","02s ESS QVD Builder Finalisation - Snapshot","89ca35f8-f096-47eb-bbba-8f062ddecd3b","2026-06-03 01:07:22",83,0,"","99 - QVD Tasks",FALSE,TRUE,FALSE,FALSE
"ESS/IEP/Snapshots/IEP_Locations_20260630.QVD","IEP_Locations_20260630.QVD","02s ESS QVD Builder Finalisation - Snapshot","89ca35f8-f096-47eb-bbba-8f062ddecd3b","2026-07-01 01:38:27",55,0,"","99 - QVD Tasks",FALSE,TRUE,FALSE,FALSE
"ESS/IEP/Snapshots/IEP_Outcome_20240331.QVD","IEP_Outcome_20240331.QVD","02s ESS QVD Builder Finalisation - Snapshot","89ca35f8-f096-47eb-bbba-8f062ddecd3b","2024-04-16 01:13:32",861,0,"","99 - QVD Tasks",TRUE,TRUE,TRUE,TRUE
"ESS/IEP/Snapshots/IEP_Outcome_20240430.QVD","IEP_Outcome_20240430.QVD","02s ESS QVD Builder Finalisation - Snapshot","89ca35f8-f096-47eb-bbba-8f062ddecd3b","2024-05-01 05:28:38",846,0,"","99 - QVD Tasks",TRUE,TRUE,TRUE,TRUE
"ESS/IEP/Snapshots/IEP_Outcome_20240531.QVD","IEP_Outcome_20240531.QVD","02s ESS QVD Builder Finalisation - Snapshot","89ca35f8-f096-47eb-bbba-8f062ddecd3b","2024-06-01 10:29:15",815,0,"","99 - QVD Tasks",TRUE,TRUE,TRUE,TRUE
"ESS/IEP/Snapshots/IEP_Outcome_20240630.QVD","IEP_Outcome_20240630.QVD","02s ESS QVD Builder Finalisation - Snapshot","89ca35f8-f096-47eb-bbba-8f062ddecd3b","2024-07-08 01:53:23",778,0,"","99 - QVD Tasks",TRUE,TRUE,TRUE,TRUE
"ESS/IEP/Snapshots/IEP_Outcome_20240731.QVD","IEP_Outcome_20240731.QVD","02s ESS QVD Builder Finalisation - Snapshot","89ca35f8-f096-47eb-bbba-8f062ddecd3b","2024-08-01 04:48:36",754,0,"","99 - QVD Tasks",TRUE,TRUE,TRUE,TRUE
"ESS/IEP/Snapshots/IEP_Outcome_20240831.QVD","IEP_Outcome_20240831.QVD","02s ESS QVD Builder Finalisation - Snapshot","89ca35f8-f096-47eb-bbba-8f062ddecd3b","2024-09-04 00:34:01",720,0,"","99 - QVD Tasks",TRUE,TRUE,TRUE,TRUE
"ESS/IEP/Snapshots/IEP_Outcome_20241031.QVD","IEP_Outcome_20241031.QVD","02s ESS QVD Builder Finalisation - Snapshot","89ca35f8-f096-47eb-bbba-8f062ddecd3b","2024-11-03 22:27:03",660,0,"","99 - QVD Tasks",TRUE,TRUE,TRUE,TRUE
"ESS/IEP/Snapshots/IEP_Outcome_20241130.QVD","IEP_Outcome_20241130.QVD","02s ESS QVD Builder Finalisation - Snapshot","89ca35f8-f096-47eb-bbba-8f062ddecd3b","2024-12-02 23:11:12",631,0,"","99 - QVD Tasks",TRUE,TRUE,TRUE,TRUE
"ESS/IEP/Snapshots/IEP_Outcome_20241231.QVD","IEP_Outcome_20241231.QVD","02s ESS QVD Builder Finalisation - Snapshot","89ca35f8-f096-47eb-bbba-8f062ddecd3b","2025-01-01 23:31:21",601,0,"","99 - QVD Tasks",TRUE,TRUE,TRUE,TRUE
"ESS/IEP/Snapshots/IEP_Outcome_20250131.QVD","IEP_Outcome_20250131.QVD","02s ESS QVD Builder Finalisation - Snapshot","89ca35f8-f096-47eb-bbba-8f062ddecd3b","2025-02-05 22:33:40",566,0,"","99 - QVD Tasks",TRUE,TRUE,TRUE,TRUE
"ESS/IEP/Snapshots/IEP_Outcome_20250228.QVD","IEP_Outcome_20250228.QVD","02s ESS QVD Builder Finalisation - Snapshot","89ca35f8-f096-47eb-bbba-8f062ddecd3b","2025-03-03 07:07:54",540,0,"","99 - QVD Tasks",TRUE,TRUE,TRUE,TRUE
"ESS/IEP/Snapshots/IEP_Outcome_20250331.QVD","IEP_Outcome_20250331.QVD","02s ESS QVD Builder Finalisation - Snapshot","89ca35f8-f096-47eb-bbba-8f062ddecd3b","2025-03-31 23:57:17",512,0,"","99 - QVD Tasks",TRUE,TRUE,TRUE,TRUE
"ESS/IEP/Snapshots/IEP_Outcome_20250430.QVD","IEP_Outcome_20250430.QVD","02s ESS QVD Builder Finalisation - Snapshot","89ca35f8-f096-47eb-bbba-8f062ddecd3b","2025-05-01 00:09:31",481,0,"","99 - QVD Tasks",TRUE,TRUE,TRUE,TRUE
"ESS/IEP/Snapshots/IEP_Outcome_20250531.QVD","IEP_Outcome_20250531.QVD","02s ESS QVD Builder Finalisation - Snapshot","89ca35f8-f096-47eb-bbba-8f062ddecd3b","2025-06-03 00:49:23",448,0,"","99 - QVD Tasks",TRUE,TRUE,TRUE,TRUE
"ESS/IEP/Snapshots/IEP_Outcome_20250630.QVD","IEP_Outcome_20250630.QVD","02s ESS QVD Builder Finalisation - Snapshot","89ca35f8-f096-47eb-bbba-8f062ddecd3b","2025-07-01 02:14:02",420,0,"","99 - QVD Tasks",TRUE,TRUE,TRUE,TRUE
"ESS/IEP/Snapshots/IEP_Outcome_20250731.QVD","IEP_Outcome_20250731.QVD","02s ESS QVD Builder Finalisation - Snapshot","89ca35f8-f096-47eb-bbba-8f062ddecd3b","2025-08-01 05:01:42",389,0,"","99 - QVD Tasks",TRUE,TRUE,TRUE,TRUE
"ESS/IEP/Snapshots/IEP_Outcome_20250831.QVD","IEP_Outcome_20250831.QVD","02s ESS QVD Builder Finalisation - Snapshot","89ca35f8-f096-47eb-bbba-8f062ddecd3b","2025-09-01 00:43:53",358,0,"","99 - QVD Tasks",FALSE,TRUE,FALSE,TRUE
"ESS/IEP/Snapshots/IEP_Outcome_20250930.QVD","IEP_Outcome_20250930.QVD","02s ESS QVD Builder Finalisation - Snapshot","89ca35f8-f096-47eb-bbba-8f062ddecd3b","2025-10-01 00:37:07",328,0,"","99 - QVD Tasks",FALSE,TRUE,FALSE,TRUE
"ESS/IEP/Snapshots/IEP_Outcome_20251231.QVD","IEP_Outcome_20251231.QVD","02s ESS QVD Builder Finalisation - Snapshot","89ca35f8-f096-47eb-bbba-8f062ddecd3b","2026-01-01 21:17:09",236,0,"","99 - QVD Tasks",FALSE,TRUE,FALSE,TRUE
"ESS/IEP/Snapshots/IEP_Outcome_20260228.QVD","IEP_Outcome_20260228.QVD","02s ESS QVD Builder Finalisation - Snapshot","89ca35f8-f096-47eb-bbba-8f062ddecd3b","2026-03-02 21:57:33",176,0,"","99 - QVD Tasks",FALSE,TRUE,FALSE,TRUE
"ESS/IEP/Snapshots/IEP_Outcome_20260430.QVD","IEP_Outcome_20260430.QVD","02s ESS QVD Builder Finalisation - Snapshot","89ca35f8-f096-47eb-bbba-8f062ddecd3b","2026-05-01 03:47:19",116,0,"","99 - QVD Tasks",FALSE,TRUE,FALSE,FALSE
"ESS/IEP/Snapshots/IEP_Outcome_20260531.QVD","IEP_Outcome_20260531.QVD","02s ESS QVD Builder Finalisation - Snapshot","89ca35f8-f096-47eb-bbba-8f062ddecd3b","2026-06-03 01:07:23",83,0,"","99 - QVD Tasks",FALSE,TRUE,FALSE,FALSE
"ESS/IEP/Snapshots/IEP_Outcome_20260630.QVD","IEP_Outcome_20260630.QVD","02s ESS QVD Builder Finalisation - Snapshot","89ca35f8-f096-47eb-bbba-8f062ddecd3b","2026-07-01 01:38:28",55,0,"","99 - QVD Tasks",FALSE,TRUE,FALSE,FALSE
"ESS/IEP/Snapshots/IEP_Placement_20240331.QVD","IEP_Placement_20240331.QVD","02s ESS QVD Builder Finalisation - Snapshot","89ca35f8-f096-47eb-bbba-8f062ddecd3b","2024-04-16 01:13:32",861,0,"","99 - QVD Tasks",TRUE,TRUE,TRUE,TRUE
"ESS/IEP/Snapshots/IEP_Placement_20240430.QVD","IEP_Placement_20240430.QVD","02s ESS QVD Builder Finalisation - Snapshot","89ca35f8-f096-47eb-bbba-8f062ddecd3b","2024-05-01 05:28:38",846,0,"","99 - QVD Tasks",TRUE,TRUE,TRUE,TRUE
"ESS/IEP/Snapshots/IEP_Placement_20240531.QVD","IEP_Placement_20240531.QVD","02s ESS QVD Builder Finalisation - Snapshot","89ca35f8-f096-47eb-bbba-8f062ddecd3b","2024-06-01 10:29:16",815,0,"","99 - QVD Tasks",TRUE,TRUE,TRUE,TRUE
"ESS/IEP/Snapshots/IEP_Placement_20240630.QVD","IEP_Placement_20240630.QVD","02s ESS QVD Builder Finalisation - Snapshot","89ca35f8-f096-47eb-bbba-8f062ddecd3b","2024-07-08 01:53:24",778,0,"","99 - QVD Tasks",TRUE,TRUE,TRUE,TRUE
"ESS/IEP/Snapshots/IEP_Placement_20240731.QVD","IEP_Placement_20240731.QVD","02s ESS QVD Builder Finalisation - Snapshot","89ca35f8-f096-47eb-bbba-8f062ddecd3b","2024-08-01 04:48:37",754,0,"","99 - QVD Tasks",TRUE,TRUE,TRUE,TRUE
"ESS/IEP/Snapshots/IEP_Placement_20240831.QVD","IEP_Placement_20240831.QVD","02s ESS QVD Builder Finalisation - Snapshot","89ca35f8-f096-47eb-bbba-8f062ddecd3b","2024-09-04 00:34:02",720,0,"","99 - QVD Tasks",TRUE,TRUE,TRUE,TRUE
"ESS/IEP/Snapshots/IEP_Placement_20241031.QVD","IEP_Placement_20241031.QVD","02s ESS QVD Builder Finalisation - Snapshot","89ca35f8-f096-47eb-bbba-8f062ddecd3b","2024-11-03 22:27:04",660,0,"","99 - QVD Tasks",TRUE,TRUE,TRUE,TRUE
"ESS/IEP/Snapshots/IEP_Placement_20241130.QVD","IEP_Placement_20241130.QVD","02s ESS QVD Builder Finalisation - Snapshot","89ca35f8-f096-47eb-bbba-8f062ddecd3b","2024-12-02 23:11:12",631,0,"","99 - QVD Tasks",TRUE,TRUE,TRUE,TRUE
"ESS/IEP/Snapshots/IEP_Placement_20241231.QVD","IEP_Placement_20241231.QVD","02s ESS QVD Builder Finalisation - Snapshot","89ca35f8-f096-47eb-bbba-8f062ddecd3b","2025-01-01 23:31:22",601,0,"","99 - QVD Tasks",TRUE,TRUE,TRUE,TRUE
"ESS/IEP/Snapshots/IEP_Placement_20250131.QVD","IEP_Placement_20250131.QVD","02s ESS QVD Builder Finalisation - Snapshot","89ca35f8-f096-47eb-bbba-8f062ddecd3b","2025-02-05 22:33:41",566,0,"","99 - QVD Tasks",TRUE,TRUE,TRUE,TRUE
"ESS/IEP/Snapshots/IEP_Placement_20250228.QVD","IEP_Placement_20250228.QVD","02s ESS QVD Builder Finalisation - Snapshot","89ca35f8-f096-47eb-bbba-8f062ddecd3b","2025-03-03 07:07:54",540,0,"","99 - QVD Tasks",TRUE,TRUE,TRUE,TRUE
"ESS/IEP/Snapshots/IEP_Placement_20250331.QVD","IEP_Placement_20250331.QVD","02s ESS QVD Builder Finalisation - Snapshot","89ca35f8-f096-47eb-bbba-8f062ddecd3b","2025-03-31 23:57:18",512,0,"","99 - QVD Tasks",TRUE,TRUE,TRUE,TRUE
"ESS/IEP/Snapshots/IEP_Placement_20250430.QVD","IEP_Placement_20250430.QVD","02s ESS QVD Builder Finalisation - Snapshot","89ca35f8-f096-47eb-bbba-8f062ddecd3b","2025-05-01 00:09:31",481,0,"","99 - QVD Tasks",TRUE,TRUE,TRUE,TRUE
"ESS/IEP/Snapshots/IEP_Placement_20250531.QVD","IEP_Placement_20250531.QVD","02s ESS QVD Builder Finalisation - Snapshot","89ca35f8-f096-47eb-bbba-8f062ddecd3b","2025-06-03 00:49:23",448,0,"","99 - QVD Tasks",TRUE,TRUE,TRUE,TRUE
"ESS/IEP/Snapshots/IEP_Placement_20250630.QVD","IEP_Placement_20250630.QVD","02s ESS QVD Builder Finalisation - Snapshot","89ca35f8-f096-47eb-bbba-8f062ddecd3b","2025-07-01 02:14:02",420,0,"","99 - QVD Tasks",TRUE,TRUE,TRUE,TRUE
"ESS/IEP/Snapshots/IEP_Placement_20250731.QVD","IEP_Placement_20250731.QVD","02s ESS QVD Builder Finalisation - Snapshot","89ca35f8-f096-47eb-bbba-8f062ddecd3b","2025-08-01 05:01:42",389,0,"","99 - QVD Tasks",TRUE,TRUE,TRUE,TRUE
"ESS/IEP/Snapshots/IEP_Placement_20250831.QVD","IEP_Placement_20250831.QVD","02s ESS QVD Builder Finalisation - Snapshot","89ca35f8-f096-47eb-bbba-8f062ddecd3b","2025-09-01 00:43:53",358,0,"","99 - QVD Tasks",FALSE,TRUE,FALSE,TRUE
"ESS/IEP/Snapshots/IEP_Placement_20250930.QVD","IEP_Placement_20250930.QVD","02s ESS QVD Builder Finalisation - Snapshot","89ca35f8-f096-47eb-bbba-8f062ddecd3b","2025-10-01 00:37:07",328,0,"","99 - QVD Tasks",FALSE,TRUE,FALSE,TRUE
"ESS/IEP/Snapshots/IEP_Placement_20251231.QVD","IEP_Placement_20251231.QVD","02s ESS QVD Builder Finalisation - Snapshot","89ca35f8-f096-47eb-bbba-8f062ddecd3b","2026-01-01 21:17:09",236,0,"","99 - QVD Tasks",FALSE,TRUE,FALSE,TRUE
"ESS/IEP/Snapshots/IEP_Placement_20260228.QVD","IEP_Placement_20260228.QVD","02s ESS QVD Builder Finalisation - Snapshot","89ca35f8-f096-47eb-bbba-8f062ddecd3b","2026-03-02 21:57:34",176,0,"","99 - QVD Tasks",FALSE,TRUE,FALSE,TRUE
"ESS/IEP/Snapshots/IEP_Placement_20260430.QVD","IEP_Placement_20260430.QVD","02s ESS QVD Builder Finalisation - Snapshot","89ca35f8-f096-47eb-bbba-8f062ddecd3b","2026-05-01 03:47:19",116,0,"","99 - QVD Tasks",FALSE,TRUE,FALSE,FALSE
"ESS/IEP/Snapshots/IEP_Placement_20260531.QVD","IEP_Placement_20260531.QVD","02s ESS QVD Builder Finalisation - Snapshot","89ca35f8-f096-47eb-bbba-8f062ddecd3b","2026-06-03 01:07:23",83,0,"","99 - QVD Tasks",FALSE,TRUE,FALSE,FALSE
"ESS/IEP/Snapshots/IEP_Placement_20260630.QVD","IEP_Placement_20260630.QVD","02s ESS QVD Builder Finalisation - Snapshot","89ca35f8-f096-47eb-bbba-8f062ddecd3b","2026-07-01 01:38:28",55,0,"","99 - QVD Tasks",FALSE,TRUE,FALSE,FALSE
"ESS/IEP/Snapshots/IEP_Provider_20240331.QVD","IEP_Provider_20240331.QVD","02s ESS QVD Builder Finalisation - Snapshot","89ca35f8-f096-47eb-bbba-8f062ddecd3b","2024-04-16 01:13:32",861,0,"","99 - QVD Tasks",TRUE,TRUE,TRUE,TRUE
"ESS/IEP/Snapshots/IEP_Provider_20240430.QVD","IEP_Provider_20240430.QVD","02s ESS QVD Builder Finalisation - Snapshot","89ca35f8-f096-47eb-bbba-8f062ddecd3b","2024-05-01 05:28:38",846,0,"","99 - QVD Tasks",TRUE,TRUE,TRUE,TRUE
"ESS/IEP/Snapshots/IEP_Provider_20240531.QVD","IEP_Provider_20240531.QVD","02s ESS QVD Builder Finalisation - Snapshot","89ca35f8-f096-47eb-bbba-8f062ddecd3b","2024-06-01 10:29:16",815,0,"","99 - QVD Tasks",TRUE,TRUE,TRUE,TRUE
"ESS/IEP/Snapshots/IEP_Provider_20240630.QVD","IEP_Provider_20240630.QVD","02s ESS QVD Builder Finalisation - Snapshot","89ca35f8-f096-47eb-bbba-8f062ddecd3b","2024-07-08 01:53:24",778,0,"","99 - QVD Tasks",TRUE,TRUE,TRUE,TRUE
"ESS/IEP/Snapshots/IEP_Provider_20240731.QVD","IEP_Provider_20240731.QVD","02s ESS QVD Builder Finalisation - Snapshot","89ca35f8-f096-47eb-bbba-8f062ddecd3b","2024-08-01 04:48:37",754,0,"","99 - QVD Tasks",TRUE,TRUE,TRUE,TRUE
"ESS/IEP/Snapshots/IEP_Provider_20240831.QVD","IEP_Provider_20240831.QVD","02s ESS QVD Builder Finalisation - Snapshot","89ca35f8-f096-47eb-bbba-8f062ddecd3b","2024-09-04 00:34:02",720,0,"","99 - QVD Tasks",TRUE,TRUE,TRUE,TRUE
"ESS/IEP/Snapshots/IEP_Provider_20241031.QVD","IEP_Provider_20241031.QVD","02s ESS QVD Builder Finalisation - Snapshot","89ca35f8-f096-47eb-bbba-8f062ddecd3b","2024-11-03 22:27:04",660,0,"","99 - QVD Tasks",TRUE,TRUE,TRUE,TRUE
"ESS/IEP/Snapshots/IEP_Provider_20241130.QVD","IEP_Provider_20241130.QVD","02s ESS QVD Builder Finalisation - Snapshot","89ca35f8-f096-47eb-bbba-8f062ddecd3b","2024-12-02 23:11:13",631,0,"","99 - QVD Tasks",TRUE,TRUE,TRUE,TRUE
"ESS/IEP/Snapshots/IEP_Provider_20241231.QVD","IEP_Provider_20241231.QVD","02s ESS QVD Builder Finalisation - Snapshot","89ca35f8-f096-47eb-bbba-8f062ddecd3b","2025-01-01 23:31:22",601,0,"","99 - QVD Tasks",TRUE,TRUE,TRUE,TRUE
"ESS/IEP/Snapshots/IEP_Provider_20250131.QVD","IEP_Provider_20250131.QVD","02s ESS QVD Builder Finalisation - Snapshot","89ca35f8-f096-47eb-bbba-8f062ddecd3b","2025-02-05 22:33:41",566,0,"","99 - QVD Tasks",TRUE,TRUE,TRUE,TRUE
"ESS/IEP/Snapshots/IEP_Provider_20250228.QVD","IEP_Provider_20250228.QVD","02s ESS QVD Builder Finalisation - Snapshot","89ca35f8-f096-47eb-bbba-8f062ddecd3b","2025-03-03 07:07:54",540,0,"","99 - QVD Tasks",TRUE,TRUE,TRUE,TRUE
"ESS/IEP/Snapshots/IEP_Provider_20250331.QVD","IEP_Provider_20250331.QVD","02s ESS QVD Builder Finalisation - Snapshot","89ca35f8-f096-47eb-bbba-8f062ddecd3b","2025-03-31 23:57:18",512,0,"","99 - QVD Tasks",TRUE,TRUE,TRUE,TRUE
"ESS/IEP/Snapshots/IEP_Provider_20250430.QVD","IEP_Provider_20250430.QVD","02s ESS QVD Builder Finalisation - Snapshot","89ca35f8-f096-47eb-bbba-8f062ddecd3b","2025-05-01 00:09:31",481,0,"","99 - QVD Tasks",TRUE,TRUE,TRUE,TRUE
"ESS/IEP/Snapshots/IEP_Provider_20250531.QVD","IEP_Provider_20250531.QVD","02s ESS QVD Builder Finalisation - Snapshot","89ca35f8-f096-47eb-bbba-8f062ddecd3b","2025-06-03 00:49:23",448,0,"","99 - QVD Tasks",TRUE,TRUE,TRUE,TRUE
"ESS/IEP/Snapshots/IEP_Provider_20250630.QVD","IEP_Provider_20250630.QVD","02s ESS QVD Builder Finalisation - Snapshot","89ca35f8-f096-47eb-bbba-8f062ddecd3b","2025-07-01 02:14:02",420,0,"","99 - QVD Tasks",TRUE,TRUE,TRUE,TRUE
"ESS/IEP/Snapshots/IEP_Provider_20250731.QVD","IEP_Provider_20250731.QVD","02s ESS QVD Builder Finalisation - Snapshot","89ca35f8-f096-47eb-bbba-8f062ddecd3b","2025-08-01 05:01:43",389,0,"","99 - QVD Tasks",TRUE,TRUE,TRUE,TRUE
"ESS/IEP/Snapshots/IEP_Provider_20250831.QVD","IEP_Provider_20250831.QVD","02s ESS QVD Builder Finalisation - Snapshot","89ca35f8-f096-47eb-bbba-8f062ddecd3b","2025-09-01 00:43:54",358,0,"","99 - QVD Tasks",FALSE,TRUE,FALSE,TRUE
"ESS/IEP/Snapshots/IEP_Provider_20250930.QVD","IEP_Provider_20250930.QVD","02s ESS QVD Builder Finalisation - Snapshot","89ca35f8-f096-47eb-bbba-8f062ddecd3b","2025-10-01 00:37:08",328,0,"","99 - QVD Tasks",FALSE,TRUE,FALSE,TRUE
"ESS/IEP/Snapshots/IEP_Provider_20251231.QVD","IEP_Provider_20251231.QVD","02s ESS QVD Builder Finalisation - Snapshot","89ca35f8-f096-47eb-bbba-8f062ddecd3b","2026-01-01 21:17:09",236,0,"","99 - QVD Tasks",FALSE,TRUE,FALSE,TRUE
"ESS/IEP/Snapshots/IEP_Provider_20260228.QVD","IEP_Provider_20260228.QVD","02s ESS QVD Builder Finalisation - Snapshot","89ca35f8-f096-47eb-bbba-8f062ddecd3b","2026-03-02 21:57:34",176,0,"","99 - QVD Tasks",FALSE,TRUE,FALSE,TRUE
"ESS/IEP/Snapshots/IEP_Provider_20260430.QVD","IEP_Provider_20260430.QVD","02s ESS QVD Builder Finalisation - Snapshot","89ca35f8-f096-47eb-bbba-8f062ddecd3b","2026-05-01 03:47:19",116,0,"","99 - QVD Tasks",FALSE,TRUE,FALSE,FALSE
"ESS/IEP/Snapshots/IEP_Provider_20260531.QVD","IEP_Provider_20260531.QVD","02s ESS QVD Builder Finalisation - Snapshot","89ca35f8-f096-47eb-bbba-8f062ddecd3b","2026-06-03 01:07:23",83,0,"","99 - QVD Tasks",FALSE,TRUE,FALSE,FALSE
"ESS/IEP/Snapshots/IEP_Provider_20260630.QVD","IEP_Provider_20260630.QVD","02s ESS QVD Builder Finalisation - Snapshot","89ca35f8-f096-47eb-bbba-8f062ddecd3b","2026-07-01 01:38:28",55,0,"","99 - QVD Tasks",FALSE,TRUE,FALSE,FALSE
"DataCatalogue/DLColumnDataTypes.QVD","DLColumnDataTypes.QVD","NIAA Data Lake SQL Tables","090bc599-bc46-4eb9-8f1d-6f3a12c0fedc","2026-08-17 22:00:44",8,5,"NIAA Qlik Report Catalogue;NIAA Qlik Report Catalogue (with lineage)(backup before delete from UAT);NIAA Qlik Report Catalogue - Dave Work(1);UAT_App Metadata Tracking(2);NIAA Qlik Report Catalogue(3)","99 - Internal Reporting",FALSE,FALSE,FALSE,TRUE
"DataCatalogue/DLColumnPrimary&ForeignKeys.QVD","DLColumnPrimary&ForeignKeys.QVD","NIAA Data Lake SQL Tables","090bc599-bc46-4eb9-8f1d-6f3a12c0fedc","2026-08-17 22:00:44",8,0,"","99 - Internal Reporting",FALSE,TRUE,FALSE,TRUE
"DataCatalogue/DLColumns.QVD","DLColumns.QVD","NIAA Data Lake SQL Tables","090bc599-bc46-4eb9-8f1d-6f3a12c0fedc","2026-08-17 22:00:44",8,5,"NIAA Qlik Report Catalogue;NIAA Qlik Report Catalogue (with lineage)(backup before delete from UAT);NIAA Qlik Report Catalogue - Dave Work(1);UAT_App Metadata Tracking(2);NIAA Qlik Report Catalogue(3)","99 - Internal Reporting",FALSE,FALSE,FALSE,TRUE
"DataCatalogue/DLSchemas.QVD","DLSchemas.QVD","NIAA Data Lake SQL Tables","090bc599-bc46-4eb9-8f1d-6f3a12c0fedc","2026-08-17 22:00:44",8,5,"NIAA Qlik Report Catalogue;NIAA Qlik Report Catalogue (with lineage)(backup before delete from UAT);NIAA Qlik Report Catalogue - Dave Work(1);UAT_App Metadata Tracking(2);NIAA Qlik Report Catalogue(3)","99 - Internal Reporting",FALSE,FALSE,FALSE,TRUE
"DataCatalogue/DLTables&Views.QVD","DLTables&Views.QVD","NIAA Data Lake SQL Tables","090bc599-bc46-4eb9-8f1d-6f3a12c0fedc","2026-08-17 22:00:44",8,0,"","99 - Internal Reporting",FALSE,TRUE,FALSE,TRUE
"SSR/Grant Activity Missing Milestone.qvd","Grant Activity Missing Milestone.qvd","-","278f4764-7ee5-45b4-99e3-1907c14bb767","2022-10-21 04:04:46",1404,0,"",NA,TRUE,TRUE,TRUE,FALSE
"IPP/Agency.qvd","Agency.qvd","IPP QVD Generator","330ec418-2c49-4957-81d9-af23440760ea","2023-08-06 04:33:18",1115,0,"","99 - QVD Tasks",TRUE,TRUE,TRUE,FALSE
"IPP/Contract Notice.qvd","Contract Notice.qvd","IPP QVD Generator","330ec418-2c49-4957-81d9-af23440760ea","2023-08-06 04:33:21",1115,0,"","99 - QVD Tasks",TRUE,TRUE,TRUE,FALSE
"IPP/Contract.qvd","Contract.qvd","IPP QVD Generator","330ec418-2c49-4957-81d9-af23440760ea","2023-08-06 04:33:19",1115,0,"","99 - QVD Tasks",TRUE,TRUE,TRUE,FALSE
"IPP/Financial Year.qvd","Financial Year.qvd","IPP QVD Generator","330ec418-2c49-4957-81d9-af23440760ea","2023-08-06 04:33:17",1115,0,"","99 - QVD Tasks",TRUE,TRUE,TRUE,FALSE
"IPP/Organisation.qvd","Organisation.qvd","IPP QVD Generator","330ec418-2c49-4957-81d9-af23440760ea","2023-08-06 04:33:18",1115,0,"","99 - QVD Tasks",TRUE,TRUE,TRUE,FALSE
"IPP/Portfolio.qvd","Portfolio.qvd","IPP QVD Generator","330ec418-2c49-4957-81d9-af23440760ea","2023-08-06 04:33:19",1115,0,"","99 - QVD Tasks",TRUE,TRUE,TRUE,FALSE
"IPP/Purchase.qvd","Purchase.qvd","IPP QVD Generator","330ec418-2c49-4957-81d9-af23440760ea","2023-08-06 04:33:22",1115,0,"","99 - QVD Tasks",TRUE,TRUE,TRUE,FALSE
"IPP/SSIS IPP.qvd","SSIS IPP.qvd","IPP QVD Generator","330ec418-2c49-4957-81d9-af23440760ea","2023-08-06 04:33:16",1115,0,"","99 - QVD Tasks",TRUE,TRUE,TRUE,FALSE
"IPP/UNSPSC Code.qvd","UNSPSC Code.qvd","IPP QVD Generator","330ec418-2c49-4957-81d9-af23440760ea","2023-08-06 04:33:16",1115,0,"","99 - QVD Tasks",TRUE,TRUE,TRUE,FALSE
"FUSION/Agency Region.qvd","Agency Region.qvd","Master Grants Report - Program Nprint","363f51b7-f929-404e-b90c-565c836acb0b","2026-08-18 08:11:48",7,0,"","99 - NPrint Support",FALSE,TRUE,FALSE,TRUE
"ABS/ILOC Census Cell Descriptor.qvd","ILOC Census Cell Descriptor.qvd","ABS ILOC Data Pack QVD Generator","375fe550-fa35-4692-ba81-c168d96c9a50","2019-10-24 06:09:35",2497,0,"","99 - QVD Tasks",TRUE,TRUE,TRUE,FALSE
"ABS/ILOC Demographic Census Cell Descriptor.qvd","ILOC Demographic Census Cell Descriptor.qvd","ABS ILOC Data Pack QVD Generator","375fe550-fa35-4692-ba81-c168d96c9a50","2019-10-24 06:09:38",2497,0,"","99 - QVD Tasks",TRUE,TRUE,TRUE,FALSE
"ABS/ILOC Demographic Census Cell.qvd","ILOC Demographic Census Cell.qvd","ABS ILOC Data Pack QVD Generator","375fe550-fa35-4692-ba81-c168d96c9a50","2019-10-24 06:09:37",2497,0,"","99 - QVD Tasks",TRUE,TRUE,TRUE,FALSE
"ABS/ILOC Education Census Cell Descriptor.qvd","ILOC Education Census Cell Descriptor.qvd","ABS ILOC Data Pack QVD Generator","375fe550-fa35-4692-ba81-c168d96c9a50","2019-10-24 06:09:42",2497,0,"","99 - QVD Tasks",TRUE,TRUE,TRUE,FALSE
"ABS/ILOC Education Census Cell.qvd","ILOC Education Census Cell.qvd","ABS ILOC Data Pack QVD Generator","375fe550-fa35-4692-ba81-c168d96c9a50","2019-10-24 06:09:40",2497,0,"","99 - QVD Tasks",TRUE,TRUE,TRUE,FALSE
"ABS/ILOC Income Census Cell Descriptor.qvd","ILOC Income Census Cell Descriptor.qvd","ABS ILOC Data Pack QVD Generator","375fe550-fa35-4692-ba81-c168d96c9a50","2019-10-24 06:09:48",2497,0,"","99 - QVD Tasks",TRUE,TRUE,TRUE,FALSE
"ABS/ILOC Income Census Cell.qvd","ILOC Income Census Cell.qvd","ABS ILOC Data Pack QVD Generator","375fe550-fa35-4692-ba81-c168d96c9a50","2019-10-24 06:09:47",2497,0,"","99 - QVD Tasks",TRUE,TRUE,TRUE,FALSE
"ABS/ILOC Residency Census Cell Descriptor.qvd","ILOC Residency Census Cell Descriptor.qvd","ABS ILOC Data Pack QVD Generator","375fe550-fa35-4692-ba81-c168d96c9a50","2019-10-24 06:09:45",2497,0,"","99 - QVD Tasks",TRUE,TRUE,TRUE,FALSE
"ABS/ILOC Residency Census Cell.qvd","ILOC Residency Census Cell.qvd","ABS ILOC Data Pack QVD Generator","375fe550-fa35-4692-ba81-c168d96c9a50","2019-10-24 06:09:43",2497,0,"","99 - QVD Tasks",TRUE,TRUE,TRUE,FALSE
"ESS/IEP/Snapshots/Temp/CDP_Contract_Referral_Placement_20241231.QVD","CDP_Contract_Referral_Placement_20241231.QVD","-","436cf1bf-119f-4864-a4c0-c5c5c35067c4","2025-01-30 09:28:33",572,0,"",NA,TRUE,TRUE,TRUE,FALSE
"ESS/IEP/Snapshots/Temp/CDP_Job_Seeker_20241231.QVD","CDP_Job_Seeker_20241231.QVD","-","436cf1bf-119f-4864-a4c0-c5c5c35067c4","2025-01-30 09:28:42",572,0,"",NA,TRUE,TRUE,TRUE,FALSE
"ESS/IEP/Snapshots/Temp/IEP_Activity_20241231.QVD","IEP_Activity_20241231.QVD","-","436cf1bf-119f-4864-a4c0-c5c5c35067c4","2025-01-30 09:28:14",572,0,"",NA,TRUE,TRUE,TRUE,FALSE
"ESS/IEP/Snapshots/Temp/IEP_Activity_Contact_20241231.QVD","IEP_Activity_Contact_20241231.QVD","-","436cf1bf-119f-4864-a4c0-c5c5c35067c4","2025-01-30 09:28:14",572,0,"",NA,TRUE,TRUE,TRUE,FALSE
"ESS/IEP/Snapshots/Temp/IEP_Activity_Expenditure_20241231.QVD","IEP_Activity_Expenditure_20241231.QVD","-","436cf1bf-119f-4864-a4c0-c5c5c35067c4","2025-01-30 09:28:15",572,0,"",NA,TRUE,TRUE,TRUE,FALSE
"ESS/IEP/Snapshots/Temp/IEP_Claim_Payments_20241231.QVD","IEP_Claim_Payments_20241231.QVD","-","436cf1bf-119f-4864-a4c0-c5c5c35067c4","2025-01-30 09:28:17",572,0,"",NA,TRUE,TRUE,TRUE,FALSE
"ESS/IEP/Snapshots/Temp/IEP_Job_Seeker_20241231.QVD","IEP_Job_Seeker_20241231.QVD","-","436cf1bf-119f-4864-a4c0-c5c5c35067c4","2025-01-30 09:28:18",572,0,"",NA,TRUE,TRUE,TRUE,FALSE
"ESS/IEP/Snapshots/Temp/IEP_Locations_20241231.QVD","IEP_Locations_20241231.QVD","-","436cf1bf-119f-4864-a4c0-c5c5c35067c4","2025-01-30 09:28:19",572,0,"",NA,TRUE,TRUE,TRUE,FALSE
"ESS/IEP/Snapshots/Temp/IEP_Outcome_20241231.QVD","IEP_Outcome_20241231.QVD","-","436cf1bf-119f-4864-a4c0-c5c5c35067c4","2025-01-30 09:28:22",572,0,"",NA,TRUE,TRUE,TRUE,FALSE
"ESS/IEP/Snapshots/Temp/IEP_Placement_20241231.QVD","IEP_Placement_20241231.QVD","-","436cf1bf-119f-4864-a4c0-c5c5c35067c4","2025-01-30 09:28:30",572,0,"",NA,TRUE,TRUE,TRUE,FALSE
"ESS/IEP/Snapshots/Temp/IEP_Provider_20241231.QVD","IEP_Provider_20241231.QVD","-","436cf1bf-119f-4864-a4c0-c5c5c35067c4","2025-01-30 09:28:31",572,0,"",NA,TRUE,TRUE,TRUE,FALSE
"ESS/CDP/CDP Payment Model Control Data.QVD","CDP Payment Model Control Data.QVD","CDP Service Provider (moved from UAT 20240626)","449c2e3f-c9d7-4494-bade-ed8d30d35ef6","2024-06-10 23:21:22",806,0,"","99 - Archive",TRUE,TRUE,TRUE,TRUE
"GRANTS/NJPT Activity Linking.qvd","NJPT Activity Linking.qvd","Remote Jobs and Economic Development (RJED) - drop in session","687b0995-a0ab-49cb-8974-dbd6f9e50674","2026-04-27 10:30:36",120,1,"01_RJED_Employment_Report","99 - Archive",FALSE,FALSE,FALSE,TRUE
"DataCatalogue/Data Catalogue.QVD","Data Catalogue.QVD","-","869d3360-ea2c-4ae2-a23e-8bd78e2bcdd6","2023-11-21 03:57:06",1008,0,"",NA,TRUE,TRUE,TRUE,FALSE
"CAEPR/IRSEO PINIRSEO 2021.qvd","IRSEO PINIRSEO 2021.qvd","-","922c205c-db88-4005-a4d3-8f813e9e8235","2024-08-15 04:34:44",740,0,"",NA,TRUE,TRUE,TRUE,TRUE
"SSR/Adjustment Appraisals.qvd","Adjustment Appraisals.qvd","-","4518d533-482e-4858-a1cd-2456886359e7","2022-10-04 05:01:56",1421,0,"",NA,TRUE,TRUE,TRUE,FALSE
"SSR/Adjustment Tracker.qvd","Adjustment Tracker.qvd","-","4518d533-482e-4858-a1cd-2456886359e7","2022-10-04 05:01:56",1421,0,"",NA,TRUE,TRUE,TRUE,FALSE
"SSR/Delivery Adjustment.qvd","Delivery Adjustment.qvd","-","4518d533-482e-4858-a1cd-2456886359e7","2022-10-04 05:01:55",1421,0,"",NA,TRUE,TRUE,TRUE,FALSE
"SSR/Published Grants.qvd","Published Grants.qvd","-","4518d533-482e-4858-a1cd-2456886359e7","2022-10-04 05:01:57",1421,0,"",NA,TRUE,TRUE,TRUE,FALSE
"SSR/RGU Staff.qvd","RGU Staff.qvd","-","4518d533-482e-4858-a1cd-2456886359e7","2022-10-04 05:01:55",1421,0,"",NA,TRUE,TRUE,TRUE,TRUE
"AURION/NIAA Site Locations.qvd","NIAA Site Locations.qvd","AURION QVD Generator","4745cb08-b6f0-42d2-aa8a-c30dd0cbae37","2026-08-18 02:30:19",7,11,"Acorn Test - DEV;Operational Dashboard 2.0(1);Test Investment MappingBackup20241203;Operational Dashboard 2.0 - PreProd;Operational Dashboard 2.0 V1.2.0","99 - QVD Tasks",FALSE,FALSE,FALSE,TRUE
"AURION/Organisation Staff.qvd","Organisation Staff.qvd","AURION QVD Generator","4745cb08-b6f0-42d2-aa8a-c30dd0cbae37","2026-08-18 02:30:19",7,5,"CDP User Tracking;training;Position;Org staff check;DEV_Grant_CDP User Tracking VOrig_V0.01","99 - QVD Tasks",FALSE,FALSE,FALSE,TRUE
"AURION/Site Location.qvd","Site Location.qvd","AURION QVD Generator","4745cb08-b6f0-42d2-aa8a-c30dd0cbae37","2024-05-09 02:30:21",838,0,"","99 - QVD Tasks",TRUE,TRUE,TRUE,TRUE
"CRM/Appointment.qvd","Appointment.qvd","CRM QVD Generator","4903df10-0a09-4c2a-a7b6-ef45802ce43b","2026-08-18 05:02:56",7,0,"","99 - QVD Tasks",FALSE,TRUE,FALSE,TRUE
"CRM/Contact Metatag.qvd","Contact Metatag.qvd","CRM QVD Generator","4903df10-0a09-4c2a-a7b6-ef45802ce43b","2026-08-18 05:02:46",7,0,"","99 - QVD Tasks",FALSE,TRUE,FALSE,TRUE
"CRM/Contact.qvd","Contact.qvd","CRM QVD Generator","4903df10-0a09-4c2a-a7b6-ef45802ce43b","2026-08-18 05:01:44",7,0,"","99 - QVD Tasks",FALSE,TRUE,FALSE,TRUE
"CRM/CRM Communication Protocol.qvd","CRM Communication Protocol.qvd","CRM QVD Generator","4903df10-0a09-4c2a-a7b6-ef45802ce43b","2023-03-27 21:14:50",1247,0,"","99 - QVD Tasks",TRUE,TRUE,TRUE,TRUE
"CRM/CRM Contacts.qvd","CRM Contacts.qvd","CRM QVD Generator","4903df10-0a09-4c2a-a7b6-ef45802ce43b","2023-03-27 21:14:52",1247,0,"","99 - QVD Tasks",TRUE,TRUE,TRUE,TRUE
"CRM/CRM Engagement.qvd","CRM Engagement.qvd","CRM QVD Generator","4903df10-0a09-4c2a-a7b6-ef45802ce43b","2023-03-27 21:14:52",1247,0,"","99 - QVD Tasks",TRUE,TRUE,TRUE,FALSE
"CRM/CRM Linking Table.qvd","CRM Linking Table.qvd","CRM QVD Generator","4903df10-0a09-4c2a-a7b6-ef45802ce43b","2026-08-18 05:01:27",7,0,"","99 - QVD Tasks",FALSE,TRUE,FALSE,TRUE
"CRM/CRM Organisation.qvd","CRM Organisation.qvd","CRM QVD Generator","4903df10-0a09-4c2a-a7b6-ef45802ce43b","2023-03-27 21:14:53",1247,0,"","99 - QVD Tasks",TRUE,TRUE,TRUE,TRUE
"CRM/Engagement Metatag.qvd","Engagement Metatag.qvd","CRM QVD Generator","4903df10-0a09-4c2a-a7b6-ef45802ce43b","2026-08-18 05:01:30",7,0,"","99 - QVD Tasks",FALSE,TRUE,FALSE,TRUE
"CRM/Engagement Outcome.qvd","Engagement Outcome.qvd","CRM QVD Generator","4903df10-0a09-4c2a-a7b6-ef45802ce43b","2026-08-18 05:01:30",7,0,"","99 - QVD Tasks",FALSE,TRUE,FALSE,TRUE
"CRM/Engagement.qvd","Engagement.qvd","CRM QVD Generator","4903df10-0a09-4c2a-a7b6-ef45802ce43b","2026-08-18 05:01:29",7,0,"","99 - QVD Tasks",FALSE,TRUE,FALSE,TRUE
"CRM/Interaction Party.qvd","Interaction Party.qvd","CRM QVD Generator","4903df10-0a09-4c2a-a7b6-ef45802ce43b","2026-08-18 05:02:55",7,2,"CRM App;CRM - Interactions Centre","99 - QVD Tasks",FALSE,FALSE,FALSE,TRUE
"CRM/Interaction.qvd","Interaction.qvd","CRM QVD Generator","4903df10-0a09-4c2a-a7b6-ef45802ce43b","2026-08-18 05:02:46",7,0,"","99 - QVD Tasks",FALSE,TRUE,FALSE,TRUE
"CRM/Note.qvd","Note.qvd","CRM QVD Generator","4903df10-0a09-4c2a-a7b6-ef45802ce43b","2026-08-18 05:01:43",7,0,"","99 - QVD Tasks",FALSE,TRUE,FALSE,TRUE
"CRM/Organisation Metatag.qvd","Organisation Metatag.qvd","CRM QVD Generator","4903df10-0a09-4c2a-a7b6-ef45802ce43b","2026-08-18 05:01:31",7,0,"","99 - QVD Tasks",FALSE,TRUE,FALSE,TRUE
"CRM/Organisation.qvd","Organisation.qvd","CRM QVD Generator","4903df10-0a09-4c2a-a7b6-ef45802ce43b","2026-08-18 05:01:30",7,0,"","99 - QVD Tasks",FALSE,TRUE,FALSE,TRUE
"CRM/Tag.qvd","Tag.qvd","CRM QVD Generator","4903df10-0a09-4c2a-a7b6-ef45802ce43b","2026-08-18 05:01:31",7,0,"","99 - QVD Tasks",FALSE,TRUE,FALSE,TRUE
"CRM/User.qvd","User.qvd","CRM QVD Generator","4903df10-0a09-4c2a-a7b6-ef45802ce43b","2026-08-18 05:02:46",7,0,"","99 - QVD Tasks",FALSE,TRUE,FALSE,TRUE
"NIAA/Grant Application Build.QVD","Grant Application Build.QVD","GOAT Tracker","7722e495-fcdc-4ab8-a352-6bfa5e4927f5","2026-08-18 09:00:31",7,0,"","99 - Internal Reporting",FALSE,TRUE,FALSE,FALSE
"ORIC/ORIC Corporations.qvd","ORIC Corporations.qvd","ORIC QVD Generator","39308fba-c1d6-477c-9225-51e8e1f1920c","2024-08-15 04:18:57",740,1,"ORIC data extract","99 - QVD Tasks",TRUE,FALSE,FALSE,TRUE
"ESS/IEP/Snapshots/Temp/CDP_Contract_Referral_Placement.QVD","CDP_Contract_Referral_Placement.QVD","-","50373b3f-014c-43c5-8c27-b8c8c87d8702","2022-11-20 21:19:39",1374,0,"",NA,TRUE,TRUE,TRUE,FALSE
"ESS/IEP/Snapshots/Temp/CDP_Job_Seeker.QVD","CDP_Job_Seeker.QVD","-","50373b3f-014c-43c5-8c27-b8c8c87d8702","2022-11-20 21:19:38",1374,0,"",NA,TRUE,TRUE,TRUE,FALSE
"ESS/IEP/Snapshots/Temp/IEP_Activity_Contact.QVD","IEP_Activity_Contact.QVD","-","50373b3f-014c-43c5-8c27-b8c8c87d8702","2022-11-20 21:19:35",1374,0,"",NA,TRUE,TRUE,TRUE,FALSE
"ESS/IEP/Snapshots/Temp/IEP_Activity_Expenditure.QVD","IEP_Activity_Expenditure.QVD","-","50373b3f-014c-43c5-8c27-b8c8c87d8702","2022-11-20 21:19:37",1374,0,"",NA,TRUE,TRUE,TRUE,FALSE
"ESS/IEP/Snapshots/Temp/IEP_Activity.QVD","IEP_Activity.QVD","-","50373b3f-014c-43c5-8c27-b8c8c87d8702","2022-11-20 21:19:33",1374,0,"",NA,TRUE,TRUE,TRUE,FALSE
"ESS/IEP/Snapshots/Temp/IEP_Claim_Payments.QVD","IEP_Claim_Payments.QVD","-","50373b3f-014c-43c5-8c27-b8c8c87d8702","2022-11-20 21:19:38",1374,0,"",NA,TRUE,TRUE,TRUE,FALSE
"ESS/IEP/Snapshots/Temp/IEP_Job_Seeker.QVD","IEP_Job_Seeker.QVD","-","50373b3f-014c-43c5-8c27-b8c8c87d8702","2022-11-20 21:19:35",1374,0,"",NA,TRUE,TRUE,TRUE,FALSE
"ESS/IEP/Snapshots/Temp/IEP_LOCATIONS.QVD","IEP_LOCATIONS.QVD","-","50373b3f-014c-43c5-8c27-b8c8c87d8702","2022-11-20 21:19:38",1374,0,"",NA,TRUE,TRUE,TRUE,FALSE
"ESS/IEP/Snapshots/Temp/IEP_Outcome.QVD","IEP_Outcome.QVD","-","50373b3f-014c-43c5-8c27-b8c8c87d8702","2022-11-20 21:19:36",1374,0,"",NA,TRUE,TRUE,TRUE,FALSE
"ESS/IEP/Snapshots/Temp/IEP_Placement.QVD","IEP_Placement.QVD","-","50373b3f-014c-43c5-8c27-b8c8c87d8702","2022-11-20 21:19:37",1374,0,"",NA,TRUE,TRUE,TRUE,FALSE
"ESS/IEP/Snapshots/Temp/IEP_Provider.QVD","IEP_Provider.QVD","-","50373b3f-014c-43c5-8c27-b8c8c87d8702","2022-11-20 21:19:34",1374,0,"",NA,TRUE,TRUE,TRUE,FALSE
"NIAA/ACNC Register.qvd","ACNC Register.qvd","Grants QVD Generator","68744b2a-3f6e-47f0-a94e-84a4b2fa3bdb","2026-08-17 21:30:33",8,48,"00 - The Grants App(43);00 - Organisation Performance Profile;00 - The Grants App(21);11 - Provider (Organisation) Performance Profile with Assessment;00 - The Grants App(45)","99 - QVD Tasks",FALSE,FALSE,FALSE,TRUE
"Data Quality/Data Quality.qvd","Data Quality.qvd","Grants QVD Generator","68744b2a-3f6e-47f0-a94e-84a4b2fa3bdb","2026-08-17 21:30:24",8,36,"00 - The Grants App(43);00 - Organisation Performance Profile;00 - The Grants App(21);00 - The Grants App(45);00 - The Grants App(8)","99 - QVD Tasks",FALSE,FALSE,FALSE,TRUE
"Grant Connect/Grants Awarded.qvd","Grants Awarded.qvd","Grants QVD Generator","68744b2a-3f6e-47f0-a94e-84a4b2fa3bdb","2026-08-17 21:30:31",8,0,"","99 - QVD Tasks",FALSE,TRUE,FALSE,TRUE
"NIAA/Organisation Debt.qvd","Organisation Debt.qvd","Grants QVD Generator","68744b2a-3f6e-47f0-a94e-84a4b2fa3bdb","2026-08-17 21:30:33",8,0,"","99 - QVD Tasks",FALSE,TRUE,FALSE,TRUE
"NIAA/ORIC Register.qvd","ORIC Register.qvd","Grants QVD Generator","68744b2a-3f6e-47f0-a94e-84a4b2fa3bdb","2026-08-17 21:30:33",8,49,"00 - The Grants App(43);00 - Organisation Performance Profile;00 - The Grants App(21);11 - Provider (Organisation) Performance Profile with Assessment;00 - The Grants App(45)","99 - QVD Tasks",FALSE,FALSE,FALSE,TRUE
"Published Grants/Published Grants.qvd","Published Grants.qvd","Grants QVD Generator","68744b2a-3f6e-47f0-a94e-84a4b2fa3bdb","2026-08-17 21:30:25",8,1,"01 - NIAA Grants(3)","99 - QVD Tasks",FALSE,FALSE,FALSE,TRUE
"NIAA/AGIL Location.qvd","AGIL Location.qvd","AZURE QVD Generator","77302a87-b7bc-4686-9304-b09d17d0ba26","2026-08-18 08:11:34",7,2,"NIAA Operational Dashboard - DEV;NIAA - Aurion Org Chart","99 - QVD Tasks",FALSE,FALSE,FALSE,TRUE
"NIAA/AGIL Name.qvd","AGIL Name.qvd","AZURE QVD Generator","77302a87-b7bc-4686-9304-b09d17d0ba26","2026-08-18 08:11:34",7,0,"","99 - QVD Tasks",FALSE,TRUE,FALSE,TRUE
"NDIA/Disability Funding.qvd","Disability Funding.qvd","AZURE QVD Generator","77302a87-b7bc-4686-9304-b09d17d0ba26","2024-01-30 21:51:04",938,0,"","99 - QVD Tasks",TRUE,TRUE,TRUE,TRUE
"NIAA/Logistics Point.qvd","Logistics Point.qvd","AZURE QVD Generator","77302a87-b7bc-4686-9304-b09d17d0ba26","2026-08-18 08:11:34",7,0,"","99 - QVD Tasks",FALSE,TRUE,FALSE,TRUE
"NDIA/NDIS Funding by Individual.QVD","NDIS Funding by Individual.QVD","AZURE QVD Generator","77302a87-b7bc-4686-9304-b09d17d0ba26","2026-08-18 08:11:37",7,0,"","99 - QVD Tasks",FALSE,TRUE,FALSE,TRUE
"NDIA/NDIS Funding by Location.QVD","NDIS Funding by Location.QVD","AZURE QVD Generator","77302a87-b7bc-4686-9304-b09d17d0ba26","2026-08-18 08:11:37",7,0,"","99 - QVD Tasks",FALSE,TRUE,FALSE,TRUE
"NDIA/NDIS Providers.qvd","NDIS Providers.qvd","AZURE QVD Generator","77302a87-b7bc-4686-9304-b09d17d0ba26","2024-01-30 21:51:04",938,0,"","99 - QVD Tasks",TRUE,TRUE,TRUE,TRUE
"NIAA/NIAA Site - Logistics Point.qvd","NIAA Site - Logistics Point.qvd","AZURE QVD Generator","77302a87-b7bc-4686-9304-b09d17d0ba26","2026-08-18 08:11:34",7,0,"","99 - QVD Tasks",FALSE,TRUE,FALSE,TRUE
"NIAA/NIAA Site.qvd","NIAA Site.qvd","AZURE QVD Generator","77302a87-b7bc-4686-9304-b09d17d0ba26","2026-08-18 08:11:34",7,0,"","99 - QVD Tasks",FALSE,TRUE,FALSE,TRUE
"NIAA/University.qvd","University.qvd","AZURE QVD Generator","77302a87-b7bc-4686-9304-b09d17d0ba26","2026-08-18 08:11:35",7,0,"","99 - QVD Tasks",FALSE,TRUE,FALSE,TRUE
"PMC/University.qvd","University.qvd","AZURE QVD Generator","77302a87-b7bc-4686-9304-b09d17d0ba26","2022-11-14 03:03:59",1380,0,"","99 - QVD Tasks",TRUE,TRUE,TRUE,FALSE
"ACARA/Finance Data.qvd","Finance Data.qvd","-","79404c7c-184e-4821-b7ce-cf1f46699dcd","2019-11-18 00:36:45",2472,0,"",NA,TRUE,TRUE,TRUE,FALSE
"ACARA/NAPLAN Result National.qvd","NAPLAN Result National.qvd","-","79404c7c-184e-4821-b7ce-cf1f46699dcd","2019-11-18 00:36:48",2472,0,"",NA,TRUE,TRUE,TRUE,FALSE
"ACARA/NAPLAN Result Similar School.qvd","NAPLAN Result Similar School.qvd","-","79404c7c-184e-4821-b7ce-cf1f46699dcd","2019-11-18 00:36:49",2472,0,"",NA,TRUE,TRUE,TRUE,FALSE
"ACARA/Naplan Result.qvd","Naplan Result.qvd","-","79404c7c-184e-4821-b7ce-cf1f46699dcd","2019-11-18 00:36:46",2472,0,"",NA,TRUE,TRUE,TRUE,FALSE
"ACARA/School Attendance.qvd","School Attendance.qvd","-","79404c7c-184e-4821-b7ce-cf1f46699dcd","2019-11-18 00:36:50",2472,0,"",NA,TRUE,TRUE,TRUE,FALSE
"ACARA/School Governing Body.qvd","School Governing Body.qvd","-","79404c7c-184e-4821-b7ce-cf1f46699dcd","2019-11-18 00:36:52",2472,0,"",NA,TRUE,TRUE,TRUE,FALSE
"ACARA/School Location.qvd","School Location.qvd","-","79404c7c-184e-4821-b7ce-cf1f46699dcd","2019-11-18 00:36:53",2472,0,"",NA,TRUE,TRUE,TRUE,FALSE
"ACARA/School Profile.qvd","School Profile.qvd","-","79404c7c-184e-4821-b7ce-cf1f46699dcd","2019-11-18 00:36:44",2472,0,"",NA,TRUE,TRUE,TRUE,FALSE
"ACARA/Senior Secondary.qvd","Senior Secondary.qvd","-","79404c7c-184e-4821-b7ce-cf1f46699dcd","2019-11-18 00:36:53",2472,0,"",NA,TRUE,TRUE,TRUE,FALSE
"ACARA/Student Gain National.qvd","Student Gain National.qvd","-","79404c7c-184e-4821-b7ce-cf1f46699dcd","2019-11-18 00:36:55",2472,0,"",NA,TRUE,TRUE,TRUE,FALSE
"ACARA/Student Gain Same Starting Score.qvd","Student Gain Same Starting Score.qvd","-","79404c7c-184e-4821-b7ce-cf1f46699dcd","2019-11-18 00:36:56",2472,0,"",NA,TRUE,TRUE,TRUE,FALSE
"ACARA/Student Gain Similar School.qvd","Student Gain Similar School.qvd","-","79404c7c-184e-4821-b7ce-cf1f46699dcd","2019-11-18 00:36:57",2472,0,"",NA,TRUE,TRUE,TRUE,FALSE
"ACARA/Student Gain.qvd","Student Gain.qvd","-","79404c7c-184e-4821-b7ce-cf1f46699dcd","2019-11-18 00:36:54",2472,0,"",NA,TRUE,TRUE,TRUE,FALSE
"ACARA/VET School Data.qvd","VET School Data.qvd","-","79404c7c-184e-4821-b7ce-cf1f46699dcd","2019-11-18 00:36:58",2472,0,"",NA,TRUE,TRUE,TRUE,FALSE
"ESS/CDP/CDP_Region_Kml.QVD","CDP_Region_Kml.QVD","-","92928b88-1693-4dfa-988f-b9220c70a073","2023-10-15 22:51:26",1045,0,"",NA,TRUE,TRUE,TRUE,FALSE
"ESS/CDP/NIAA_Region_Kml.QVD","NIAA_Region_Kml.QVD","-","92928b88-1693-4dfa-988f-b9220c70a073","2023-10-15 22:51:26",1045,0,"",NA,TRUE,TRUE,TRUE,FALSE
"NDIA/Temp/NDIS Funding by Individual.QVD","NDIS Funding by Individual.QVD","-","8392840e-6a1b-4d5e-b477-6f6a4f7fe1f2","2024-03-12 20:00:19",896,0,"",NA,TRUE,TRUE,TRUE,FALSE
"NDIA/Temp/NDIS Funding by Location.QVD","NDIS Funding by Location.QVD","-","8392840e-6a1b-4d5e-b477-6f6a4f7fe1f2","2024-03-12 20:00:20",896,0,"",NA,TRUE,TRUE,TRUE,FALSE
"AURION/Temp/Organisation Staff.QVD","Organisation Staff.QVD","-","8392840e-6a1b-4d5e-b477-6f6a4f7fe1f2","2024-01-31 03:51:05",937,0,"",NA,TRUE,TRUE,TRUE,FALSE
"AURION/Temp/QVD_List.QVD","QVD_List.QVD","-","8392840e-6a1b-4d5e-b477-6f6a4f7fe1f2","2024-01-31 03:51:05",937,0,"",NA,TRUE,TRUE,TRUE,FALSE
"NDIA/QVD_List.QVD","QVD_List.QVD","-","8392840e-6a1b-4d5e-b477-6f6a4f7fe1f2","2024-01-31 03:43:24",937,0,"",NA,TRUE,TRUE,TRUE,FALSE
"NDIA/Temp/QVD_List.QVD","QVD_List.QVD","-","8392840e-6a1b-4d5e-b477-6f6a4f7fe1f2","2024-03-12 20:00:20",896,0,"",NA,TRUE,TRUE,TRUE,FALSE
"ESS/Subs/Temp/QVD_List.QVD","QVD_List.QVD","01 QVDs - ESS QVD Builder - Subs","a97dac56-914c-4ac6-ad7d-296cde6f5aac","2026-08-18 08:01:56",7,0,"","99 - QVD Tasks",FALSE,TRUE,FALSE,TRUE
"ESS/Subs/SUB335_ESAM_Users_Report_NIAA.QVD","SUB335_ESAM_Users_Report_NIAA.QVD","01 QVDs - ESS QVD Builder - Subs","a97dac56-914c-4ac6-ad7d-296cde6f5aac","2026-08-18 08:01:56",7,0,"","99 - QVD Tasks",FALSE,TRUE,FALSE,FALSE
"ESS/Subs/Temp/SUB335_ESAM_Users_Report_NIAA.QVD","SUB335_ESAM_Users_Report_NIAA.QVD","01 QVDs - ESS QVD Builder - Subs","a97dac56-914c-4ac6-ad7d-296cde6f5aac","2026-08-18 07:51:35",7,0,"","99 - QVD Tasks",FALSE,TRUE,FALSE,TRUE
"ESS/Subs/SUB335_ESAM_Users_Report.QVD","SUB335_ESAM_Users_Report.QVD","01 QVDs - ESS QVD Builder - Subs","a97dac56-914c-4ac6-ad7d-296cde6f5aac","2026-08-18 08:01:56",7,0,"","99 - QVD Tasks",FALSE,TRUE,FALSE,FALSE
"ESS/Subs/Temp/SUB335_ESAM_Users_Report.QVD","SUB335_ESAM_Users_Report.QVD","01 QVDs - ESS QVD Builder - Subs","a97dac56-914c-4ac6-ad7d-296cde6f5aac","2026-08-18 07:51:35",7,0,"","99 - QVD Tasks",FALSE,TRUE,FALSE,TRUE
"ESS/Subs/SUB801_CDP_CRP_HISTORY_NIAA.QVD","SUB801_CDP_CRP_HISTORY_NIAA.QVD","01 QVDs - ESS QVD Builder - Subs","a97dac56-914c-4ac6-ad7d-296cde6f5aac","2026-08-18 08:02:01",7,0,"","99 - QVD Tasks",FALSE,TRUE,FALSE,TRUE
"ESS/Subs/Temp/SUB801_CDP_CRP_HISTORY_NIAA.QVD","SUB801_CDP_CRP_HISTORY_NIAA.QVD","01 QVDs - ESS QVD Builder - Subs","a97dac56-914c-4ac6-ad7d-296cde6f5aac","2026-08-18 07:52:31",7,0,"","99 - QVD Tasks",FALSE,TRUE,FALSE,TRUE
"ESS/Subs/SUB802_CDP_CR_HISTORY_NIAA.QVD","SUB802_CDP_CR_HISTORY_NIAA.QVD","01 QVDs - ESS QVD Builder - Subs","a97dac56-914c-4ac6-ad7d-296cde6f5aac","2026-08-18 08:02:02",7,0,"","99 - QVD Tasks",FALSE,TRUE,FALSE,FALSE
"ESS/Subs/Temp/SUB802_CDP_CR_HISTORY_NIAA.QVD","SUB802_CDP_CR_HISTORY_NIAA.QVD","01 QVDs - ESS QVD Builder - Subs","a97dac56-914c-4ac6-ad7d-296cde6f5aac","2026-08-18 07:53:01",7,0,"","99 - QVD Tasks",FALSE,TRUE,FALSE,TRUE
"ESS/Subs/SUB803_IEP_PAYMENTS_NIAA_MANUAL.QVD","SUB803_IEP_PAYMENTS_NIAA_MANUAL.QVD","01 QVDs - ESS QVD Builder - Subs","a97dac56-914c-4ac6-ad7d-296cde6f5aac","2026-08-18 08:01:57",7,0,"","99 - QVD Tasks",FALSE,TRUE,FALSE,FALSE
"ESS/Subs/Temp/SUB803_IEP_PAYMENTS_NIAA_MANUAL.QVD","SUB803_IEP_PAYMENTS_NIAA_MANUAL.QVD","01 QVDs - ESS QVD Builder - Subs","a97dac56-914c-4ac6-ad7d-296cde6f5aac","2026-08-18 07:51:35",7,0,"","99 - QVD Tasks",FALSE,TRUE,FALSE,TRUE
"ESS/Subs/SUB803_IEP_PAYMENTS_NIAA.QVD","SUB803_IEP_PAYMENTS_NIAA.QVD","01 QVDs - ESS QVD Builder - Subs","a97dac56-914c-4ac6-ad7d-296cde6f5aac","2026-08-18 08:02:03",7,0,"","99 - QVD Tasks",FALSE,TRUE,FALSE,TRUE
"ESS/Subs/Temp/SUB803_IEP_PAYMENTS_NIAA.QVD","SUB803_IEP_PAYMENTS_NIAA.QVD","01 QVDs - ESS QVD Builder - Subs","a97dac56-914c-4ac6-ad7d-296cde6f5aac","2026-08-18 07:53:15",7,0,"","99 - QVD Tasks",FALSE,TRUE,FALSE,TRUE
"ESS/Subs/SUB804_IEP_PROJECT_HISTORY_NIAA.QVD","SUB804_IEP_PROJECT_HISTORY_NIAA.QVD","01 QVDs - ESS QVD Builder - Subs","a97dac56-914c-4ac6-ad7d-296cde6f5aac","2026-08-18 08:02:03",7,0,"","99 - QVD Tasks",FALSE,TRUE,FALSE,FALSE
"ESS/Subs/Temp/SUB804_IEP_PROJECT_HISTORY_NIAA.QVD","SUB804_IEP_PROJECT_HISTORY_NIAA.QVD","01 QVDs - ESS QVD Builder - Subs","a97dac56-914c-4ac6-ad7d-296cde6f5aac","2026-08-18 07:53:15",7,0,"","99 - QVD Tasks",FALSE,TRUE,FALSE,TRUE
"ESS/Subs/SUB805_IEP_PROJECT_LOCATION_HISTORY_NIAA.QVD","SUB805_IEP_PROJECT_LOCATION_HISTORY_NIAA.QVD","01 QVDs - ESS QVD Builder - Subs","a97dac56-914c-4ac6-ad7d-296cde6f5aac","2026-08-18 08:02:03",7,0,"","99 - QVD Tasks",FALSE,TRUE,FALSE,FALSE
"ESS/Subs/Temp/SUB805_IEP_PROJECT_LOCATION_HISTORY_NIAA.QVD","SUB805_IEP_PROJECT_LOCATION_HISTORY_NIAA.QVD","01 QVDs - ESS QVD Builder - Subs","a97dac56-914c-4ac6-ad7d-296cde6f5aac","2026-08-18 07:53:15",7,0,"","99 - QVD Tasks",FALSE,TRUE,FALSE,TRUE
"ESS/Subs/SUB806_IEP_PROJECT_PLACEMENT_HISTORY_NIAA.QVD","SUB806_IEP_PROJECT_PLACEMENT_HISTORY_NIAA.QVD","01 QVDs - ESS QVD Builder - Subs","a97dac56-914c-4ac6-ad7d-296cde6f5aac","2026-08-18 08:02:04",7,0,"","99 - QVD Tasks",FALSE,TRUE,FALSE,FALSE
"ESS/Subs/Temp/SUB806_IEP_PROJECT_PLACEMENT_HISTORY_NIAA.QVD","SUB806_IEP_PROJECT_PLACEMENT_HISTORY_NIAA.QVD","01 QVDs - ESS QVD Builder - Subs","a97dac56-914c-4ac6-ad7d-296cde6f5aac","2026-08-18 07:53:17",7,0,"","99 - QVD Tasks",FALSE,TRUE,FALSE,TRUE
"ESS/Subs/SUB807_IEP_EXITED_PLACEMENT_HISTORY_NIAA.QVD","SUB807_IEP_EXITED_PLACEMENT_HISTORY_NIAA.QVD","01 QVDs - ESS QVD Builder - Subs","a97dac56-914c-4ac6-ad7d-296cde6f5aac","2026-08-18 08:02:04",7,0,"","99 - QVD Tasks",FALSE,TRUE,FALSE,FALSE
"ESS/Subs/Temp/SUB807_IEP_EXITED_PLACEMENT_HISTORY_NIAA.QVD","SUB807_IEP_EXITED_PLACEMENT_HISTORY_NIAA.QVD","01 QVDs - ESS QVD Builder - Subs","a97dac56-914c-4ac6-ad7d-296cde6f5aac","2026-08-18 07:53:18",7,0,"","99 - QVD Tasks",FALSE,TRUE,FALSE,TRUE
"ESS/Subs/SUB808_IEP_PLACEMENT_GROUP_HISTORY_NIAA.QVD","SUB808_IEP_PLACEMENT_GROUP_HISTORY_NIAA.QVD","01 QVDs - ESS QVD Builder - Subs","a97dac56-914c-4ac6-ad7d-296cde6f5aac","2026-08-18 08:02:04",7,0,"","99 - QVD Tasks",FALSE,TRUE,FALSE,FALSE
"ESS/Subs/Temp/SUB808_IEP_PLACEMENT_GROUP_HISTORY_NIAA.QVD","SUB808_IEP_PLACEMENT_GROUP_HISTORY_NIAA.QVD","01 QVDs - ESS QVD Builder - Subs","a97dac56-914c-4ac6-ad7d-296cde6f5aac","2026-08-18 07:53:18",7,0,"","99 - QVD Tasks",FALSE,TRUE,FALSE,TRUE
"ESS/Subs/SUB809_IEP_MILESTONE_HISTORY_NIAA.QVD","SUB809_IEP_MILESTONE_HISTORY_NIAA.QVD","01 QVDs - ESS QVD Builder - Subs","a97dac56-914c-4ac6-ad7d-296cde6f5aac","2026-08-18 08:02:04",7,0,"","99 - QVD Tasks",FALSE,TRUE,FALSE,FALSE
"ESS/Subs/Temp/SUB809_IEP_MILESTONE_HISTORY_NIAA.QVD","SUB809_IEP_MILESTONE_HISTORY_NIAA.QVD","01 QVDs - ESS QVD Builder - Subs","a97dac56-914c-4ac6-ad7d-296cde6f5aac","2026-08-18 07:53:18",7,0,"","99 - QVD Tasks",FALSE,TRUE,FALSE,TRUE
"ESS/Subs/SUB810_IEP_OUTCOME_HISTORY_NIAA.QVD","SUB810_IEP_OUTCOME_HISTORY_NIAA.QVD","01 QVDs - ESS QVD Builder - Subs","a97dac56-914c-4ac6-ad7d-296cde6f5aac","2026-08-18 08:02:04",7,0,"","99 - QVD Tasks",FALSE,TRUE,FALSE,FALSE
"ESS/Subs/Temp/SUB810_IEP_OUTCOME_HISTORY_NIAA.QVD","SUB810_IEP_OUTCOME_HISTORY_NIAA.QVD","01 QVDs - ESS QVD Builder - Subs","a97dac56-914c-4ac6-ad7d-296cde6f5aac","2026-08-18 07:53:23",7,0,"","99 - QVD Tasks",FALSE,TRUE,FALSE,TRUE
"ESS/Subs/SUB811_LOOKUP_ADW_CODE_NIAA.QVD","SUB811_LOOKUP_ADW_CODE_NIAA.QVD","01 QVDs - ESS QVD Builder - Subs","a97dac56-914c-4ac6-ad7d-296cde6f5aac","2026-08-18 08:02:05",7,0,"","99 - QVD Tasks",FALSE,TRUE,FALSE,FALSE
"ESS/Subs/Temp/SUB811_LOOKUP_ADW_CODE_NIAA.QVD","SUB811_LOOKUP_ADW_CODE_NIAA.QVD","01 QVDs - ESS QVD Builder - Subs","a97dac56-914c-4ac6-ad7d-296cde6f5aac","2026-08-18 07:53:26",7,0,"","99 - QVD Tasks",FALSE,TRUE,FALSE,TRUE
"ESS/Subs/SUB812_PROVIDER_ADDRESS_NIAA.QVD","SUB812_PROVIDER_ADDRESS_NIAA.QVD","01 QVDs - ESS QVD Builder - Subs","a97dac56-914c-4ac6-ad7d-296cde6f5aac","2026-08-18 08:02:05",7,0,"","99 - QVD Tasks",FALSE,TRUE,FALSE,FALSE
"ESS/Subs/Temp/SUB812_PROVIDER_ADDRESS_NIAA.QVD","SUB812_PROVIDER_ADDRESS_NIAA.QVD","01 QVDs - ESS QVD Builder - Subs","a97dac56-914c-4ac6-ad7d-296cde6f5aac","2026-08-18 07:53:26",7,0,"","99 - QVD Tasks",FALSE,TRUE,FALSE,TRUE
"ESS/Subs/SUB813_PROVIDER_ADDRESS_MAPPING_NIAA.QVD","SUB813_PROVIDER_ADDRESS_MAPPING_NIAA.QVD","01 QVDs - ESS QVD Builder - Subs","a97dac56-914c-4ac6-ad7d-296cde6f5aac","2026-08-18 08:02:05",7,0,"","99 - QVD Tasks",FALSE,TRUE,FALSE,FALSE
"ESS/Subs/Temp/SUB813_PROVIDER_ADDRESS_MAPPING_NIAA.QVD","SUB813_PROVIDER_ADDRESS_MAPPING_NIAA.QVD","01 QVDs - ESS QVD Builder - Subs","a97dac56-914c-4ac6-ad7d-296cde6f5aac","2026-08-18 07:53:26",7,0,"","99 - QVD Tasks",FALSE,TRUE,FALSE,TRUE
"ESS/Subs/SUB814_JOBSEEKER_NIAA_GEOCODE - Old.QVD","SUB814_JOBSEEKER_NIAA_GEOCODE - Old.QVD","01 QVDs - ESS QVD Builder - Subs","a97dac56-914c-4ac6-ad7d-296cde6f5aac","2026-08-18 08:01:57",7,0,"","99 - QVD Tasks",FALSE,TRUE,FALSE,FALSE
"ESS/Subs/Temp/SUB814_JOBSEEKER_NIAA_GEOCODE - Old.QVD","SUB814_JOBSEEKER_NIAA_GEOCODE - Old.QVD","01 QVDs - ESS QVD Builder - Subs","a97dac56-914c-4ac6-ad7d-296cde6f5aac","2026-08-18 07:51:35",7,0,"","99 - QVD Tasks",FALSE,TRUE,FALSE,TRUE
"ESS/Subs/SUB814_JOBSEEKER_NIAA_GEOCODE_20230127.QVD","SUB814_JOBSEEKER_NIAA_GEOCODE_20230127.QVD","01 QVDs - ESS QVD Builder - Subs","a97dac56-914c-4ac6-ad7d-296cde6f5aac","2026-08-18 08:01:57",7,0,"","99 - QVD Tasks",FALSE,TRUE,FALSE,FALSE
"ESS/Subs/Temp/SUB814_JOBSEEKER_NIAA_GEOCODE_20230127.QVD","SUB814_JOBSEEKER_NIAA_GEOCODE_20230127.QVD","01 QVDs - ESS QVD Builder - Subs","a97dac56-914c-4ac6-ad7d-296cde6f5aac","2026-08-18 07:51:35",7,0,"","99 - QVD Tasks",FALSE,TRUE,FALSE,TRUE
"ESS/Subs/SUB814_JOBSEEKER_NIAA_GEOCODE.QVD","SUB814_JOBSEEKER_NIAA_GEOCODE.QVD","01 QVDs - ESS QVD Builder - Subs","a97dac56-914c-4ac6-ad7d-296cde6f5aac","2026-08-18 08:01:57",7,0,"","99 - QVD Tasks",FALSE,TRUE,FALSE,FALSE
"ESS/Subs/Temp/SUB814_JOBSEEKER_NIAA_GEOCODE.QVD","SUB814_JOBSEEKER_NIAA_GEOCODE.QVD","01 QVDs - ESS QVD Builder - Subs","a97dac56-914c-4ac6-ad7d-296cde6f5aac","2026-08-18 07:51:35",7,0,"","99 - QVD Tasks",FALSE,TRUE,FALSE,TRUE
"ESS/Subs/SUB814_JOBSEEKER_NIAA.QVD","SUB814_JOBSEEKER_NIAA.QVD","01 QVDs - ESS QVD Builder - Subs","a97dac56-914c-4ac6-ad7d-296cde6f5aac","2026-08-18 08:02:06",7,0,"","99 - QVD Tasks",FALSE,TRUE,FALSE,FALSE
"ESS/Subs/Temp/SUB814_JOBSEEKER_NIAA.QVD","SUB814_JOBSEEKER_NIAA.QVD","01 QVDs - ESS QVD Builder - Subs","a97dac56-914c-4ac6-ad7d-296cde6f5aac","2026-08-18 07:53:38",7,0,"","99 - QVD Tasks",FALSE,TRUE,FALSE,TRUE
"ESS/Subs/SUB814S_JOBSEEKER_NIAA.QVD","SUB814S_JOBSEEKER_NIAA.QVD","01 QVDs - ESS QVD Builder - Subs","a97dac56-914c-4ac6-ad7d-296cde6f5aac","2026-08-18 08:01:57",7,0,"","99 - QVD Tasks",FALSE,TRUE,FALSE,FALSE
"ESS/Subs/Temp/SUB814S_JOBSEEKER_NIAA.QVD","SUB814S_JOBSEEKER_NIAA.QVD","01 QVDs - ESS QVD Builder - Subs","a97dac56-914c-4ac6-ad7d-296cde6f5aac","2026-08-18 07:51:35",7,0,"","99 - QVD Tasks",FALSE,TRUE,FALSE,TRUE
"ESS/Subs/SUB815_PROVIDER_PRE_ESSWEB_NIAA.QVD","SUB815_PROVIDER_PRE_ESSWEB_NIAA.QVD","01 QVDs - ESS QVD Builder - Subs","a97dac56-914c-4ac6-ad7d-296cde6f5aac","2026-08-18 08:02:06",7,0,"","99 - QVD Tasks",FALSE,TRUE,FALSE,FALSE
"ESS/Subs/Temp/SUB815_PROVIDER_PRE_ESSWEB_NIAA.QVD","SUB815_PROVIDER_PRE_ESSWEB_NIAA.QVD","01 QVDs - ESS QVD Builder - Subs","a97dac56-914c-4ac6-ad7d-296cde6f5aac","2026-08-18 07:53:38",7,0,"","99 - QVD Tasks",FALSE,TRUE,FALSE,TRUE
"ESS/Subs/SUB816_PROVIDER_NIAA.QVD","SUB816_PROVIDER_NIAA.QVD","01 QVDs - ESS QVD Builder - Subs","a97dac56-914c-4ac6-ad7d-296cde6f5aac","2026-08-18 08:02:06",7,0,"","99 - QVD Tasks",FALSE,TRUE,FALSE,FALSE
"ESS/Subs/Temp/SUB816_PROVIDER_NIAA.QVD","SUB816_PROVIDER_NIAA.QVD","01 QVDs - ESS QVD Builder - Subs","a97dac56-914c-4ac6-ad7d-296cde6f5aac","2026-08-18 07:53:38",7,0,"","99 - QVD Tasks",FALSE,TRUE,FALSE,TRUE
"ESS/Subs/SUB817_IEP_PROJECT_CONTACT_NIAA.QVD","SUB817_IEP_PROJECT_CONTACT_NIAA.QVD","01 QVDs - ESS QVD Builder - Subs","a97dac56-914c-4ac6-ad7d-296cde6f5aac","2026-08-18 08:02:07",7,0,"","99 - QVD Tasks",FALSE,TRUE,FALSE,FALSE
"ESS/Subs/Temp/SUB817_IEP_PROJECT_CONTACT_NIAA.QVD","SUB817_IEP_PROJECT_CONTACT_NIAA.QVD","01 QVDs - ESS QVD Builder - Subs","a97dac56-914c-4ac6-ad7d-296cde6f5aac","2026-08-18 07:53:38",7,0,"","99 - QVD Tasks",FALSE,TRUE,FALSE,TRUE
"ESS/Subs/SUB818_LKP_DIM_SUBURB_GEOCODED_NIAA.QVD","SUB818_LKP_DIM_SUBURB_GEOCODED_NIAA.QVD","01 QVDs - ESS QVD Builder - Subs","a97dac56-914c-4ac6-ad7d-296cde6f5aac","2026-08-18 08:02:07",7,0,"","99 - QVD Tasks",FALSE,TRUE,FALSE,FALSE
"ESS/Subs/Temp/SUB818_LKP_DIM_SUBURB_GEOCODED_NIAA.QVD","SUB818_LKP_DIM_SUBURB_GEOCODED_NIAA.QVD","01 QVDs - ESS QVD Builder - Subs","a97dac56-914c-4ac6-ad7d-296cde6f5aac","2026-08-18 07:53:39",7,0,"","99 - QVD Tasks",FALSE,TRUE,FALSE,TRUE
"ESS/Subs/SUB818_LKP_DIM_SUBURB_GEOCODED.QVD","SUB818_LKP_DIM_SUBURB_GEOCODED.QVD","01 QVDs - ESS QVD Builder - Subs","a97dac56-914c-4ac6-ad7d-296cde6f5aac","2026-08-18 08:01:57",7,0,"","99 - QVD Tasks",FALSE,TRUE,FALSE,FALSE
"ESS/Subs/Temp/SUB818_LKP_DIM_SUBURB_GEOCODED.QVD","SUB818_LKP_DIM_SUBURB_GEOCODED.QVD","01 QVDs - ESS QVD Builder - Subs","a97dac56-914c-4ac6-ad7d-296cde6f5aac","2026-08-18 07:51:35",7,0,"","99 - QVD Tasks",FALSE,TRUE,FALSE,TRUE
"ESS/Subs/SUB819_CDP_ACTIVITY_REFERRAL_NIAA.QVD","SUB819_CDP_ACTIVITY_REFERRAL_NIAA.QVD","01 QVDs - ESS QVD Builder - Subs","a97dac56-914c-4ac6-ad7d-296cde6f5aac","2026-08-18 08:02:07",7,0,"","99 - QVD Tasks",FALSE,TRUE,FALSE,TRUE
"ESS/Subs/Temp/SUB819_CDP_ACTIVITY_REFERRAL_NIAA.QVD","SUB819_CDP_ACTIVITY_REFERRAL_NIAA.QVD","01 QVDs - ESS QVD Builder - Subs","a97dac56-914c-4ac6-ad7d-296cde6f5aac","2026-08-18 07:53:47",7,0,"","99 - QVD Tasks",FALSE,TRUE,FALSE,TRUE
"ESS/Subs/SUB820_CDP_TOWD_NIAA.QVD","SUB820_CDP_TOWD_NIAA.QVD","01 QVDs - ESS QVD Builder - Subs","a97dac56-914c-4ac6-ad7d-296cde6f5aac","2026-08-18 08:02:08",7,0,"","99 - QVD Tasks",FALSE,TRUE,FALSE,FALSE
"ESS/Subs/Temp/SUB820_CDP_TOWD_NIAA.QVD","SUB820_CDP_TOWD_NIAA.QVD","01 QVDs - ESS QVD Builder - Subs","a97dac56-914c-4ac6-ad7d-296cde6f5aac","2026-08-18 07:53:47",7,0,"","99 - QVD Tasks",FALSE,TRUE,FALSE,TRUE
"ESS/Subs/SUB821_JS_BARRIER_NIAA.QVD","SUB821_JS_BARRIER_NIAA.QVD","01 QVDs - ESS QVD Builder - Subs","a97dac56-914c-4ac6-ad7d-296cde6f5aac","2026-08-18 08:02:10",7,0,"","99 - QVD Tasks",FALSE,TRUE,FALSE,FALSE
"ESS/Subs/Temp/SUB821_JS_BARRIER_NIAA.QVD","SUB821_JS_BARRIER_NIAA.QVD","01 QVDs - ESS QVD Builder - Subs","a97dac56-914c-4ac6-ad7d-296cde6f5aac","2026-08-18 07:54:02",7,0,"","99 - QVD Tasks",FALSE,TRUE,FALSE,TRUE
"ESS/Subs/SUB822_JS_PLN_ITM_BARRIER_NIAA.QVD","SUB822_JS_PLN_ITM_BARRIER_NIAA.QVD","01 QVDs - ESS QVD Builder - Subs","a97dac56-914c-4ac6-ad7d-296cde6f5aac","2026-08-18 08:01:57",7,0,"","99 - QVD Tasks",FALSE,TRUE,FALSE,FALSE
"ESS/Subs/Temp/SUB822_JS_PLN_ITM_BARRIER_NIAA.QVD","SUB822_JS_PLN_ITM_BARRIER_NIAA.QVD","01 QVDs - ESS QVD Builder - Subs","a97dac56-914c-4ac6-ad7d-296cde6f5aac","2026-08-18 07:51:36",7,0,"","99 - QVD Tasks",FALSE,TRUE,FALSE,TRUE
"ESS/Subs/SUB823_JOB_PLAN_NIAA.QVD","SUB823_JOB_PLAN_NIAA.QVD","01 QVDs - ESS QVD Builder - Subs","a97dac56-914c-4ac6-ad7d-296cde6f5aac","2026-08-18 08:01:58",7,0,"","99 - QVD Tasks",FALSE,TRUE,FALSE,FALSE
"ESS/Subs/Temp/SUB823_JOB_PLAN_NIAA.QVD","SUB823_JOB_PLAN_NIAA.QVD","01 QVDs - ESS QVD Builder - Subs","a97dac56-914c-4ac6-ad7d-296cde6f5aac","2026-08-18 07:51:36",7,0,"","99 - QVD Tasks",FALSE,TRUE,FALSE,TRUE
"ESS/Subs/SUB824_JOB_PLAN_ITEM_NIAA.QVD","SUB824_JOB_PLAN_ITEM_NIAA.QVD","01 QVDs - ESS QVD Builder - Subs","a97dac56-914c-4ac6-ad7d-296cde6f5aac","2026-08-18 08:01:58",7,0,"","99 - QVD Tasks",FALSE,TRUE,FALSE,FALSE
"ESS/Subs/Temp/SUB824_JOB_PLAN_ITEM_NIAA.QVD","SUB824_JOB_PLAN_ITEM_NIAA.QVD","01 QVDs - ESS QVD Builder - Subs","a97dac56-914c-4ac6-ad7d-296cde6f5aac","2026-08-18 07:51:36",7,0,"","99 - QVD Tasks",FALSE,TRUE,FALSE,TRUE
"ESS/Subs/SUB825_JOB_PLAN_ITEM_DTL_NIAA.QVD","SUB825_JOB_PLAN_ITEM_DTL_NIAA.QVD","01 QVDs - ESS QVD Builder - Subs","a97dac56-914c-4ac6-ad7d-296cde6f5aac","2026-08-18 08:01:58",7,0,"","99 - QVD Tasks",FALSE,TRUE,FALSE,FALSE
"ESS/Subs/Temp/SUB825_JOB_PLAN_ITEM_DTL_NIAA.QVD","SUB825_JOB_PLAN_ITEM_DTL_NIAA.QVD","01 QVDs - ESS QVD Builder - Subs","a97dac56-914c-4ac6-ad7d-296cde6f5aac","2026-08-18 07:51:36",7,0,"","99 - QVD Tasks",FALSE,TRUE,FALSE,TRUE
"ESS/Subs/SUB826_SITE_CONTRACT_NIAA.QVD","SUB826_SITE_CONTRACT_NIAA.QVD","01 QVDs - ESS QVD Builder - Subs","a97dac56-914c-4ac6-ad7d-296cde6f5aac","2026-08-18 08:02:10",7,0,"","99 - QVD Tasks",FALSE,TRUE,FALSE,FALSE
"ESS/Subs/Temp/SUB826_SITE_CONTRACT_NIAA.QVD","SUB826_SITE_CONTRACT_NIAA.QVD","01 QVDs - ESS QVD Builder - Subs","a97dac56-914c-4ac6-ad7d-296cde6f5aac","2026-08-18 07:54:03",7,0,"","99 - QVD Tasks",FALSE,TRUE,FALSE,TRUE
"ESS/Subs/SUB827_VACANCY_NIAA.QVD","SUB827_VACANCY_NIAA.QVD","01 QVDs - ESS QVD Builder - Subs","a97dac56-914c-4ac6-ad7d-296cde6f5aac","2026-08-18 08:02:11",7,0,"","99 - QVD Tasks",FALSE,TRUE,FALSE,FALSE
"ESS/Subs/Temp/SUB827_VACANCY_NIAA.QVD","SUB827_VACANCY_NIAA.QVD","01 QVDs - ESS QVD Builder - Subs","a97dac56-914c-4ac6-ad7d-296cde6f5aac","2026-08-18 07:54:09",7,0,"","99 - QVD Tasks",FALSE,TRUE,FALSE,TRUE
"ESS/Subs/SUB828_VACANCY_REFERRAL_NIAA.QVD","SUB828_VACANCY_REFERRAL_NIAA.QVD","01 QVDs - ESS QVD Builder - Subs","a97dac56-914c-4ac6-ad7d-296cde6f5aac","2026-08-18 08:02:12",7,0,"","99 - QVD Tasks",FALSE,TRUE,FALSE,FALSE
"ESS/Subs/Temp/SUB828_VACANCY_REFERRAL_NIAA.QVD","SUB828_VACANCY_REFERRAL_NIAA.QVD","01 QVDs - ESS QVD Builder - Subs","a97dac56-914c-4ac6-ad7d-296cde6f5aac","2026-08-18 07:54:14",7,0,"","99 - QVD Tasks",FALSE,TRUE,FALSE,TRUE
"ESS/Subs/SUB829_VACANCY_REFERRAL_END_DT_NIAA.QVD","SUB829_VACANCY_REFERRAL_END_DT_NIAA.QVD","01 QVDs - ESS QVD Builder - Subs","a97dac56-914c-4ac6-ad7d-296cde6f5aac","2026-08-18 08:02:12",7,0,"","99 - QVD Tasks",FALSE,TRUE,FALSE,FALSE
"ESS/Subs/Temp/SUB829_VACANCY_REFERRAL_END_DT_NIAA.QVD","SUB829_VACANCY_REFERRAL_END_DT_NIAA.QVD","01 QVDs - ESS QVD Builder - Subs","a97dac56-914c-4ac6-ad7d-296cde6f5aac","2026-08-18 07:54:15",7,0,"","99 - QVD Tasks",FALSE,TRUE,FALSE,TRUE
"ESS/Subs/SUB830_VDEN_VACANCY_NIAA.QVD","SUB830_VDEN_VACANCY_NIAA.QVD","01 QVDs - ESS QVD Builder - Subs","a97dac56-914c-4ac6-ad7d-296cde6f5aac","2026-08-18 08:02:13",7,0,"","99 - QVD Tasks",FALSE,TRUE,FALSE,FALSE
"ESS/Subs/Temp/SUB830_VDEN_VACANCY_NIAA.QVD","SUB830_VDEN_VACANCY_NIAA.QVD","01 QVDs - ESS QVD Builder - Subs","a97dac56-914c-4ac6-ad7d-296cde6f5aac","2026-08-18 07:54:25",7,0,"","99 - QVD Tasks",FALSE,TRUE,FALSE,TRUE
"ESS/Subs/SUB831_EMPLOYER_NIAA.QVD","SUB831_EMPLOYER_NIAA.QVD","01 QVDs - ESS QVD Builder - Subs","a97dac56-914c-4ac6-ad7d-296cde6f5aac","2026-08-18 08:02:14",7,0,"","99 - QVD Tasks",FALSE,TRUE,FALSE,FALSE
"ESS/Subs/Temp/SUB831_EMPLOYER_NIAA.QVD","SUB831_EMPLOYER_NIAA.QVD","01 QVDs - ESS QVD Builder - Subs","a97dac56-914c-4ac6-ad7d-296cde6f5aac","2026-08-18 07:54:27",7,0,"","99 - QVD Tasks",FALSE,TRUE,FALSE,TRUE
"ESS/Subs/SUB832_EMPLOYER_DEN_NIAA.QVD","SUB832_EMPLOYER_DEN_NIAA.QVD","01 QVDs - ESS QVD Builder - Subs","a97dac56-914c-4ac6-ad7d-296cde6f5aac","2026-08-18 08:02:14",7,0,"","99 - QVD Tasks",FALSE,TRUE,FALSE,FALSE
"ESS/Subs/Temp/SUB832_EMPLOYER_DEN_NIAA.QVD","SUB832_EMPLOYER_DEN_NIAA.QVD","01 QVDs - ESS QVD Builder - Subs","a97dac56-914c-4ac6-ad7d-296cde6f5aac","2026-08-18 07:54:28",7,0,"","99 - QVD Tasks",FALSE,TRUE,FALSE,TRUE
"ESS/Subs/SUB833_CDP_ACTIVITY_NIAA.QVD","SUB833_CDP_ACTIVITY_NIAA.QVD","01 QVDs - ESS QVD Builder - Subs","a97dac56-914c-4ac6-ad7d-296cde6f5aac","2026-08-18 08:02:14",7,0,"","99 - QVD Tasks",FALSE,TRUE,FALSE,TRUE
"ESS/Subs/Temp/SUB833_CDP_ACTIVITY_NIAA.QVD","SUB833_CDP_ACTIVITY_NIAA.QVD","01 QVDs - ESS QVD Builder - Subs","a97dac56-914c-4ac6-ad7d-296cde6f5aac","2026-08-18 07:54:29",7,0,"","99 - QVD Tasks",FALSE,TRUE,FALSE,TRUE
"ESS/Subs/SUB834_CDP_JSKALLOWANCE_NIAA.QVD","SUB834_CDP_JSKALLOWANCE_NIAA.QVD","01 QVDs - ESS QVD Builder - Subs","a97dac56-914c-4ac6-ad7d-296cde6f5aac","2026-08-18 08:02:15",7,0,"","99 - QVD Tasks",FALSE,TRUE,FALSE,FALSE
"ESS/Subs/Temp/SUB834_CDP_JSKALLOWANCE_NIAA.QVD","SUB834_CDP_JSKALLOWANCE_NIAA.QVD","01 QVDs - ESS QVD Builder - Subs","a97dac56-914c-4ac6-ad7d-296cde6f5aac","2026-08-18 07:54:40",7,0,"","99 - QVD Tasks",FALSE,TRUE,FALSE,TRUE
"ESS/Subs/SUB835_CDP_JSKRATE_NIAA.QVD","SUB835_CDP_JSKRATE_NIAA.QVD","01 QVDs - ESS QVD Builder - Subs","a97dac56-914c-4ac6-ad7d-296cde6f5aac","2026-08-18 08:02:16",7,0,"","99 - QVD Tasks",FALSE,TRUE,FALSE,FALSE
"ESS/Subs/Temp/SUB835_CDP_JSKRATE_NIAA.QVD","SUB835_CDP_JSKRATE_NIAA.QVD","01 QVDs - ESS QVD Builder - Subs","a97dac56-914c-4ac6-ad7d-296cde6f5aac","2026-08-18 07:55:06",7,0,"","99 - QVD Tasks",FALSE,TRUE,FALSE,TRUE
"ESS/Subs/SUB836_CDP_JS_BARRIER_NIAA.QVD","SUB836_CDP_JS_BARRIER_NIAA.QVD","01 QVDs - ESS QVD Builder - Subs","a97dac56-914c-4ac6-ad7d-296cde6f5aac","2026-08-18 08:01:58",7,0,"","99 - QVD Tasks",FALSE,TRUE,FALSE,FALSE
"ESS/Subs/Temp/SUB836_CDP_JS_BARRIER_NIAA.QVD","SUB836_CDP_JS_BARRIER_NIAA.QVD","01 QVDs - ESS QVD Builder - Subs","a97dac56-914c-4ac6-ad7d-296cde6f5aac","2026-08-18 07:51:36",7,0,"","99 - QVD Tasks",FALSE,TRUE,FALSE,TRUE
"ESS/Subs/SUB837_CDP_DEN_JS_CHARACTERISTICS_NIAA.QVD","SUB837_CDP_DEN_JS_CHARACTERISTICS_NIAA.QVD","01 QVDs - ESS QVD Builder - Subs","a97dac56-914c-4ac6-ad7d-296cde6f5aac","2026-08-18 08:02:16",7,0,"","99 - QVD Tasks",FALSE,TRUE,FALSE,FALSE
"ESS/Subs/Temp/SUB837_CDP_DEN_JS_CHARACTERISTICS_NIAA.QVD","SUB837_CDP_DEN_JS_CHARACTERISTICS_NIAA.QVD","01 QVDs - ESS QVD Builder - Subs","a97dac56-914c-4ac6-ad7d-296cde6f5aac","2026-08-18 07:55:12",7,0,"","99 - QVD Tasks",FALSE,TRUE,FALSE,TRUE
"ESS/Subs/SUB838_CDP_VDEN_CLAIM_RJCP_NIAA.QVD","SUB838_CDP_VDEN_CLAIM_RJCP_NIAA.QVD","01 QVDs - ESS QVD Builder - Subs","a97dac56-914c-4ac6-ad7d-296cde6f5aac","2026-08-18 08:02:17",7,0,"","99 - QVD Tasks",FALSE,TRUE,FALSE,FALSE
"ESS/Subs/Temp/SUB838_CDP_VDEN_CLAIM_RJCP_NIAA.QVD","SUB838_CDP_VDEN_CLAIM_RJCP_NIAA.QVD","01 QVDs - ESS QVD Builder - Subs","a97dac56-914c-4ac6-ad7d-296cde6f5aac","2026-08-18 07:55:22",7,0,"","99 - QVD Tasks",FALSE,TRUE,FALSE,TRUE
"ESS/Subs/SUB839_LKP_DIM_PROVIDER_GEOCODED_NIAA_GEOCODE_20230127.QVD","SUB839_LKP_DIM_PROVIDER_GEOCODED_NIAA_GEOCODE_20230127.QVD","01 QVDs - ESS QVD Builder - Subs","a97dac56-914c-4ac6-ad7d-296cde6f5aac","2026-08-18 08:01:58",7,0,"","99 - QVD Tasks",FALSE,TRUE,FALSE,FALSE
"ESS/Subs/Temp/SUB839_LKP_DIM_PROVIDER_GEOCODED_NIAA_GEOCODE_20230127.QVD","SUB839_LKP_DIM_PROVIDER_GEOCODED_NIAA_GEOCODE_20230127.QVD","01 QVDs - ESS QVD Builder - Subs","a97dac56-914c-4ac6-ad7d-296cde6f5aac","2026-08-18 07:51:36",7,0,"","99 - QVD Tasks",FALSE,TRUE,FALSE,TRUE
"ESS/Subs/SUB839_LKP_DIM_PROVIDER_GEOCODED_NIAA_GEOCODE.QVD","SUB839_LKP_DIM_PROVIDER_GEOCODED_NIAA_GEOCODE.QVD","01 QVDs - ESS QVD Builder - Subs","a97dac56-914c-4ac6-ad7d-296cde6f5aac","2026-08-18 08:01:58",7,0,"","99 - QVD Tasks",FALSE,TRUE,FALSE,FALSE
"ESS/Subs/Temp/SUB839_LKP_DIM_PROVIDER_GEOCODED_NIAA_GEOCODE.QVD","SUB839_LKP_DIM_PROVIDER_GEOCODED_NIAA_GEOCODE.QVD","01 QVDs - ESS QVD Builder - Subs","a97dac56-914c-4ac6-ad7d-296cde6f5aac","2026-08-18 07:51:36",7,0,"","99 - QVD Tasks",FALSE,TRUE,FALSE,TRUE
"ESS/Subs/SUB839_LKP_DIM_PROVIDER_GEOCODED_NIAA.QVD","SUB839_LKP_DIM_PROVIDER_GEOCODED_NIAA.QVD","01 QVDs - ESS QVD Builder - Subs","a97dac56-914c-4ac6-ad7d-296cde6f5aac","2026-08-18 08:02:17",7,0,"","99 - QVD Tasks",FALSE,TRUE,FALSE,FALSE
"ESS/Subs/Temp/SUB839_LKP_DIM_PROVIDER_GEOCODED_NIAA.QVD","SUB839_LKP_DIM_PROVIDER_GEOCODED_NIAA.QVD","01 QVDs - ESS QVD Builder - Subs","a97dac56-914c-4ac6-ad7d-296cde6f5aac","2026-08-18 07:55:22",7,0,"","99 - QVD Tasks",FALSE,TRUE,FALSE,TRUE
"ESS/Subs/SUB840_JP_JOB_PLAN_ACTIVITY_NIAA.QVD","SUB840_JP_JOB_PLAN_ACTIVITY_NIAA.QVD","01 QVDs - ESS QVD Builder - Subs","a97dac56-914c-4ac6-ad7d-296cde6f5aac","2026-08-18 08:02:20",7,0,"","99 - QVD Tasks",FALSE,TRUE,FALSE,FALSE
"ESS/Subs/Temp/SUB840_JP_JOB_PLAN_ACTIVITY_NIAA.QVD","SUB840_JP_JOB_PLAN_ACTIVITY_NIAA.QVD","01 QVDs - ESS QVD Builder - Subs","a97dac56-914c-4ac6-ad7d-296cde6f5aac","2026-08-18 07:55:40",7,0,"","99 - QVD Tasks",FALSE,TRUE,FALSE,TRUE
"ESS/Subs/SUB841_JP_JOB_PLAN_ASSISTANCE_NIAA.QVD","SUB841_JP_JOB_PLAN_ASSISTANCE_NIAA.QVD","01 QVDs - ESS QVD Builder - Subs","a97dac56-914c-4ac6-ad7d-296cde6f5aac","2026-08-18 08:02:22",7,0,"","99 - QVD Tasks",FALSE,TRUE,FALSE,FALSE
"ESS/Subs/Temp/SUB841_JP_JOB_PLAN_ASSISTANCE_NIAA.QVD","SUB841_JP_JOB_PLAN_ASSISTANCE_NIAA.QVD","01 QVDs - ESS QVD Builder - Subs","a97dac56-914c-4ac6-ad7d-296cde6f5aac","2026-08-18 07:55:55",7,0,"","99 - QVD Tasks",FALSE,TRUE,FALSE,TRUE
"ESS/Subs/SUB842_JP_ASSISTANCE_NIAA.QVD","SUB842_JP_ASSISTANCE_NIAA.QVD","01 QVDs - ESS QVD Builder - Subs","a97dac56-914c-4ac6-ad7d-296cde6f5aac","2026-08-18 08:02:23",7,0,"","99 - QVD Tasks",FALSE,TRUE,FALSE,FALSE
"ESS/Subs/Temp/SUB842_JP_ASSISTANCE_NIAA.QVD","SUB842_JP_ASSISTANCE_NIAA.QVD","01 QVDs - ESS QVD Builder - Subs","a97dac56-914c-4ac6-ad7d-296cde6f5aac","2026-08-18 07:56:04",7,0,"","99 - QVD Tasks",FALSE,TRUE,FALSE,TRUE
"ESS/Subs/SUB843_vDEN_JS_JOB_PLAN_ACTIVITY_NIAA.QVD","SUB843_vDEN_JS_JOB_PLAN_ACTIVITY_NIAA.QVD","01 QVDs - ESS QVD Builder - Subs","a97dac56-914c-4ac6-ad7d-296cde6f5aac","2026-08-18 08:02:27",7,0,"","99 - QVD Tasks",FALSE,TRUE,FALSE,FALSE
"ESS/Subs/Temp/SUB843_vDEN_JS_JOB_PLAN_ACTIVITY_NIAA.QVD","SUB843_vDEN_JS_JOB_PLAN_ACTIVITY_NIAA.QVD","01 QVDs - ESS QVD Builder - Subs","a97dac56-914c-4ac6-ad7d-296cde6f5aac","2026-08-18 07:57:03",7,0,"","99 - QVD Tasks",FALSE,TRUE,FALSE,TRUE
"ESS/Subs/SUB844_JS_BARRIER_ASSISTANCE_LINK_NIAA.QVD","SUB844_JS_BARRIER_ASSISTANCE_LINK_NIAA.QVD","01 QVDs - ESS QVD Builder - Subs","a97dac56-914c-4ac6-ad7d-296cde6f5aac","2026-08-18 08:02:27",7,0,"","99 - QVD Tasks",FALSE,TRUE,FALSE,FALSE
"ESS/Subs/Temp/SUB844_JS_BARRIER_ASSISTANCE_LINK_NIAA.QVD","SUB844_JS_BARRIER_ASSISTANCE_LINK_NIAA.QVD","01 QVDs - ESS QVD Builder - Subs","a97dac56-914c-4ac6-ad7d-296cde6f5aac","2026-08-18 07:57:05",7,0,"","99 - QVD Tasks",FALSE,TRUE,FALSE,TRUE
"ESS/Subs/SUB845_JS_BARRIER_ACTIVITY_LINK_NIAA.QVD","SUB845_JS_BARRIER_ACTIVITY_LINK_NIAA.QVD","01 QVDs - ESS QVD Builder - Subs","a97dac56-914c-4ac6-ad7d-296cde6f5aac","2026-08-18 08:02:28",7,0,"","99 - QVD Tasks",FALSE,TRUE,FALSE,FALSE
"ESS/Subs/Temp/SUB845_JS_BARRIER_ACTIVITY_LINK_NIAA.QVD","SUB845_JS_BARRIER_ACTIVITY_LINK_NIAA.QVD","01 QVDs - ESS QVD Builder - Subs","a97dac56-914c-4ac6-ad7d-296cde6f5aac","2026-08-18 07:57:07",7,0,"","99 - QVD Tasks",FALSE,TRUE,FALSE,TRUE
"ESS/Subs/SUB846_VAPPOINTMENT_NIAA.QVD","SUB846_VAPPOINTMENT_NIAA.QVD","01 QVDs - ESS QVD Builder - Subs","a97dac56-914c-4ac6-ad7d-296cde6f5aac","2026-08-18 08:02:29",7,0,"","99 - QVD Tasks",FALSE,TRUE,FALSE,FALSE
"ESS/Subs/Temp/SUB846_VAPPOINTMENT_NIAA.QVD","SUB846_VAPPOINTMENT_NIAA.QVD","01 QVDs - ESS QVD Builder - Subs","a97dac56-914c-4ac6-ad7d-296cde6f5aac","2026-08-18 07:57:16",7,0,"","99 - QVD Tasks",FALSE,TRUE,FALSE,TRUE
"ESS/Subs/SUB847_JCA_ASSESSMENT_NIAA.QVD","SUB847_JCA_ASSESSMENT_NIAA.QVD","01 QVDs - ESS QVD Builder - Subs","a97dac56-914c-4ac6-ad7d-296cde6f5aac","2026-08-18 08:02:30",7,0,"","99 - QVD Tasks",FALSE,TRUE,FALSE,FALSE
"ESS/Subs/Temp/SUB847_JCA_ASSESSMENT_NIAA.QVD","SUB847_JCA_ASSESSMENT_NIAA.QVD","01 QVDs - ESS QVD Builder - Subs","a97dac56-914c-4ac6-ad7d-296cde6f5aac","2026-08-18 07:57:17",7,0,"","99 - QVD Tasks",FALSE,TRUE,FALSE,TRUE
"ESS/Subs/SUB848_JCA_ASSESSMENT_VERSION_NIAA.QVD","SUB848_JCA_ASSESSMENT_VERSION_NIAA.QVD","01 QVDs - ESS QVD Builder - Subs","a97dac56-914c-4ac6-ad7d-296cde6f5aac","2026-08-18 08:02:30",7,0,"","99 - QVD Tasks",FALSE,TRUE,FALSE,FALSE
"ESS/Subs/Temp/SUB848_JCA_ASSESSMENT_VERSION_NIAA.QVD","SUB848_JCA_ASSESSMENT_VERSION_NIAA.QVD","01 QVDs - ESS QVD Builder - Subs","a97dac56-914c-4ac6-ad7d-296cde6f5aac","2026-08-18 07:57:21",7,0,"","99 - QVD Tasks",FALSE,TRUE,FALSE,TRUE
"ESS/Subs/SUB849_JSCI_CLASSIFICATION_AIP_NIAA.QVD","SUB849_JSCI_CLASSIFICATION_AIP_NIAA.QVD","01 QVDs - ESS QVD Builder - Subs","a97dac56-914c-4ac6-ad7d-296cde6f5aac","2026-08-18 08:02:31",7,0,"","99 - QVD Tasks",FALSE,TRUE,FALSE,FALSE
"ESS/Subs/Temp/SUB849_JSCI_CLASSIFICATION_AIP_NIAA.QVD","SUB849_JSCI_CLASSIFICATION_AIP_NIAA.QVD","01 QVDs - ESS QVD Builder - Subs","a97dac56-914c-4ac6-ad7d-296cde6f5aac","2026-08-18 07:57:25",7,0,"","99 - QVD Tasks",FALSE,TRUE,FALSE,TRUE
"ESS/Subs/SUB850_JSCI_CLASSIFICATION_NIAA.QVD","SUB850_JSCI_CLASSIFICATION_NIAA.QVD","01 QVDs - ESS QVD Builder - Subs","a97dac56-914c-4ac6-ad7d-296cde6f5aac","2026-08-18 08:02:34",7,0,"","99 - QVD Tasks",FALSE,TRUE,FALSE,FALSE
"ESS/Subs/Temp/SUB850_JSCI_CLASSIFICATION_NIAA.QVD","SUB850_JSCI_CLASSIFICATION_NIAA.QVD","01 QVDs - ESS QVD Builder - Subs","a97dac56-914c-4ac6-ad7d-296cde6f5aac","2026-08-18 07:58:15",7,0,"","99 - QVD Tasks",FALSE,TRUE,FALSE,TRUE
"ESS/Subs/SUB851_JSCI_QUESTION_NIAA.QVD","SUB851_JSCI_QUESTION_NIAA.QVD","01 QVDs - ESS QVD Builder - Subs","a97dac56-914c-4ac6-ad7d-296cde6f5aac","2026-08-18 08:02:38",7,0,"","99 - QVD Tasks",FALSE,TRUE,FALSE,FALSE
"ESS/Subs/Temp/SUB851_JSCI_QUESTION_NIAA.QVD","SUB851_JSCI_QUESTION_NIAA.QVD","01 QVDs - ESS QVD Builder - Subs","a97dac56-914c-4ac6-ad7d-296cde6f5aac","2026-08-18 07:58:34",7,0,"","99 - QVD Tasks",FALSE,TRUE,FALSE,TRUE
"ESS/Subs/SUB852_JSCI_RESPONSE_NIAA.QVD","SUB852_JSCI_RESPONSE_NIAA.QVD","01 QVDs - ESS QVD Builder - Subs","a97dac56-914c-4ac6-ad7d-296cde6f5aac","2026-08-18 08:02:46",7,0,"","99 - QVD Tasks",FALSE,TRUE,FALSE,FALSE
"ESS/Subs/Temp/SUB852_JSCI_RESPONSE_NIAA.QVD","SUB852_JSCI_RESPONSE_NIAA.QVD","01 QVDs - ESS QVD Builder - Subs","a97dac56-914c-4ac6-ad7d-296cde6f5aac","2026-08-18 07:59:12",7,0,"","99 - QVD Tasks",FALSE,TRUE,FALSE,TRUE
"ESS/Subs/SUB853_PTW5_TRANSITION_PLAN_NIAA.QVD","SUB853_PTW5_TRANSITION_PLAN_NIAA.QVD","01 QVDs - ESS QVD Builder - Subs","a97dac56-914c-4ac6-ad7d-296cde6f5aac","2026-08-18 08:02:47",7,0,"","99 - QVD Tasks",FALSE,TRUE,FALSE,FALSE
"ESS/Subs/Temp/SUB853_PTW5_TRANSITION_PLAN_NIAA.QVD","SUB853_PTW5_TRANSITION_PLAN_NIAA.QVD","01 QVDs - ESS QVD Builder - Subs","a97dac56-914c-4ac6-ad7d-296cde6f5aac","2026-08-18 07:59:15",7,0,"","99 - QVD Tasks",FALSE,TRUE,FALSE,TRUE
"ESS/Subs/SUB854_JOB_PLAN_NIAA.QVD","SUB854_JOB_PLAN_NIAA.QVD","01 QVDs - ESS QVD Builder - Subs","a97dac56-914c-4ac6-ad7d-296cde6f5aac","2026-08-18 08:02:41",7,0,"","99 - QVD Tasks",FALSE,TRUE,FALSE,FALSE
"ESS/Subs/Temp/SUB854_JOB_PLAN_NIAA.QVD","SUB854_JOB_PLAN_NIAA.QVD","01 QVDs - ESS QVD Builder - Subs","a97dac56-914c-4ac6-ad7d-296cde6f5aac","2026-08-18 07:58:50",7,0,"","99 - QVD Tasks",FALSE,TRUE,FALSE,TRUE
"ESS/Subs/SUB855_JOB_PLAN_ACTIVITY_NIAA.QVD","SUB855_JOB_PLAN_ACTIVITY_NIAA.QVD","01 QVDs - ESS QVD Builder - Subs","a97dac56-914c-4ac6-ad7d-296cde6f5aac","2026-08-18 08:01:59",7,0,"","99 - QVD Tasks",FALSE,TRUE,FALSE,FALSE
"ESS/Subs/Temp/SUB855_JOB_PLAN_ACTIVITY_NIAA.QVD","SUB855_JOB_PLAN_ACTIVITY_NIAA.QVD","01 QVDs - ESS QVD Builder - Subs","a97dac56-914c-4ac6-ad7d-296cde6f5aac","2026-08-18 07:51:36",7,0,"","99 - QVD Tasks",FALSE,TRUE,FALSE,TRUE
"ESS/Subs/SUB856_JP_ACTIVITY_NIAA.QVD","SUB856_JP_ACTIVITY_NIAA.QVD","01 QVDs - ESS QVD Builder - Subs","a97dac56-914c-4ac6-ad7d-296cde6f5aac","2026-08-18 08:02:49",7,0,"","99 - QVD Tasks",FALSE,TRUE,FALSE,FALSE
"ESS/Subs/Temp/SUB856_JP_ACTIVITY_NIAA.QVD","SUB856_JP_ACTIVITY_NIAA.QVD","01 QVDs - ESS QVD Builder - Subs","a97dac56-914c-4ac6-ad7d-296cde6f5aac","2026-08-18 07:59:27",7,0,"","99 - QVD Tasks",FALSE,TRUE,FALSE,TRUE
"ESS/Subs/SUB857_ACTIVITY_DETAIL_NIAA.QVD","SUB857_ACTIVITY_DETAIL_NIAA.QVD","01 QVDs - ESS QVD Builder - Subs","a97dac56-914c-4ac6-ad7d-296cde6f5aac","2026-08-18 08:02:51",7,0,"","99 - QVD Tasks",FALSE,TRUE,FALSE,FALSE
"ESS/Subs/Temp/SUB857_ACTIVITY_DETAIL_NIAA.QVD","SUB857_ACTIVITY_DETAIL_NIAA.QVD","01 QVDs - ESS QVD Builder - Subs","a97dac56-914c-4ac6-ad7d-296cde6f5aac","2026-08-18 07:59:33",7,0,"","99 - QVD Tasks",FALSE,TRUE,FALSE,TRUE
"ESS/Subs/SUB858_CLAIM_NIAA.QVD","SUB858_CLAIM_NIAA.QVD","01 QVDs - ESS QVD Builder - Subs","a97dac56-914c-4ac6-ad7d-296cde6f5aac","2026-08-18 08:02:52",7,0,"","99 - QVD Tasks",FALSE,TRUE,FALSE,FALSE
"ESS/Subs/Temp/SUB858_CLAIM_NIAA.QVD","SUB858_CLAIM_NIAA.QVD","01 QVDs - ESS QVD Builder - Subs","a97dac56-914c-4ac6-ad7d-296cde6f5aac","2026-08-18 07:59:49",7,0,"","99 - QVD Tasks",FALSE,TRUE,FALSE,TRUE
"ESS/Subs/SUB859_REFERRALLOCATION_NIAA.QVD","SUB859_REFERRALLOCATION_NIAA.QVD","01 QVDs - ESS QVD Builder - Subs","a97dac56-914c-4ac6-ad7d-296cde6f5aac","2026-08-18 08:02:52",7,0,"","99 - QVD Tasks",FALSE,TRUE,FALSE,FALSE
"ESS/Subs/Temp/SUB859_REFERRALLOCATION_NIAA.QVD","SUB859_REFERRALLOCATION_NIAA.QVD","01 QVDs - ESS QVD Builder - Subs","a97dac56-914c-4ac6-ad7d-296cde6f5aac","2026-08-18 07:59:51",7,0,"","99 - QVD Tasks",FALSE,TRUE,FALSE,TRUE
"ESS/Subs/SUB860_ATTENDANCE_NIAA.QVD","SUB860_ATTENDANCE_NIAA.QVD","01 QVDs - ESS QVD Builder - Subs","a97dac56-914c-4ac6-ad7d-296cde6f5aac","2026-08-18 08:02:52",7,0,"","99 - QVD Tasks",FALSE,TRUE,FALSE,FALSE
"ESS/Subs/Temp/SUB860_ATTENDANCE_NIAA.QVD","SUB860_ATTENDANCE_NIAA.QVD","01 QVDs - ESS QVD Builder - Subs","a97dac56-914c-4ac6-ad7d-296cde6f5aac","2026-08-18 07:59:51",7,0,"","99 - QVD Tasks",FALSE,TRUE,FALSE,TRUE
"ESS/Subs/SUB861_ATTENDANCERESULT_NIAA.QVD","SUB861_ATTENDANCERESULT_NIAA.QVD","01 QVDs - ESS QVD Builder - Subs","a97dac56-914c-4ac6-ad7d-296cde6f5aac","2026-08-18 08:02:52",7,0,"","99 - QVD Tasks",FALSE,TRUE,FALSE,FALSE
"ESS/Subs/Temp/SUB861_ATTENDANCERESULT_NIAA.QVD","SUB861_ATTENDANCERESULT_NIAA.QVD","01 QVDs - ESS QVD Builder - Subs","a97dac56-914c-4ac6-ad7d-296cde6f5aac","2026-08-18 07:59:51",7,0,"","99 - QVD Tasks",FALSE,TRUE,FALSE,TRUE
"ESS/Subs/SUB862_SESSION_NIAA.QVD","SUB862_SESSION_NIAA.QVD","01 QVDs - ESS QVD Builder - Subs","a97dac56-914c-4ac6-ad7d-296cde6f5aac","2026-08-18 08:02:53",7,0,"","99 - QVD Tasks",FALSE,TRUE,FALSE,FALSE
"ESS/Subs/Temp/SUB862_SESSION_NIAA.QVD","SUB862_SESSION_NIAA.QVD","01 QVDs - ESS QVD Builder - Subs","a97dac56-914c-4ac6-ad7d-296cde6f5aac","2026-08-18 07:59:54",7,0,"","99 - QVD Tasks",FALSE,TRUE,FALSE,TRUE
"ESS/Subs/SUB863_EBIW_ESAM_USERS_NIAA.QVD","SUB863_EBIW_ESAM_USERS_NIAA.QVD","01 QVDs - ESS QVD Builder - Subs","a97dac56-914c-4ac6-ad7d-296cde6f5aac","2026-08-18 08:02:53",7,0,"","99 - QVD Tasks",FALSE,TRUE,FALSE,FALSE
"ESS/Subs/Temp/SUB863_EBIW_ESAM_USERS_NIAA.QVD","SUB863_EBIW_ESAM_USERS_NIAA.QVD","01 QVDs - ESS QVD Builder - Subs","a97dac56-914c-4ac6-ad7d-296cde6f5aac","2026-08-18 07:59:55",7,0,"","99 - QVD Tasks",FALSE,TRUE,FALSE,TRUE
"ESS/Subs/SUB864_JS_EXEMPTION_NIAA.QVD","SUB864_JS_EXEMPTION_NIAA.QVD","01 QVDs - ESS QVD Builder - Subs","a97dac56-914c-4ac6-ad7d-296cde6f5aac","2026-08-18 08:02:54",7,0,"","99 - QVD Tasks",FALSE,TRUE,FALSE,FALSE
"ESS/Subs/Temp/SUB864_JS_EXEMPTION_NIAA.QVD","SUB864_JS_EXEMPTION_NIAA.QVD","01 QVDs - ESS QVD Builder - Subs","a97dac56-914c-4ac6-ad7d-296cde6f5aac","2026-08-18 07:59:58",7,0,"","99 - QVD Tasks",FALSE,TRUE,FALSE,TRUE
"ESS/Subs/SUB865_RECRUITMENT_SCHEDULE_NIAA.QVD","SUB865_RECRUITMENT_SCHEDULE_NIAA.QVD","01 QVDs - ESS QVD Builder - Subs","a97dac56-914c-4ac6-ad7d-296cde6f5aac","2026-08-18 08:02:54",7,0,"","99 - QVD Tasks",FALSE,TRUE,FALSE,FALSE
"ESS/Subs/Temp/SUB865_RECRUITMENT_SCHEDULE_NIAA.QVD","SUB865_RECRUITMENT_SCHEDULE_NIAA.QVD","01 QVDs - ESS QVD Builder - Subs","a97dac56-914c-4ac6-ad7d-296cde6f5aac","2026-08-18 07:59:59",7,0,"","99 - QVD Tasks",FALSE,TRUE,FALSE,TRUE
"ESS/Subs/SUB866_JS_SENSITIVE_IND_NIAA.QVD","SUB866_JS_SENSITIVE_IND_NIAA.QVD","01 QVDs - ESS QVD Builder - Subs","a97dac56-914c-4ac6-ad7d-296cde6f5aac","2026-08-18 08:02:54",7,0,"","99 - QVD Tasks",FALSE,TRUE,FALSE,FALSE
"ESS/Subs/Temp/SUB866_JS_SENSITIVE_IND_NIAA.QVD","SUB866_JS_SENSITIVE_IND_NIAA.QVD","01 QVDs - ESS QVD Builder - Subs","a97dac56-914c-4ac6-ad7d-296cde6f5aac","2026-08-18 08:00:00",7,0,"","99 - QVD Tasks",FALSE,TRUE,FALSE,TRUE
"ESS/Subs/SUB867_JSK_RATE_HISTORY_NIAA.QVD","SUB867_JSK_RATE_HISTORY_NIAA.QVD","01 QVDs - ESS QVD Builder - Subs","a97dac56-914c-4ac6-ad7d-296cde6f5aac","2026-08-18 08:02:59",7,0,"","99 - QVD Tasks",FALSE,TRUE,FALSE,FALSE
"ESS/Subs/Temp/SUB867_JSK_RATE_HISTORY_NIAA.QVD","SUB867_JSK_RATE_HISTORY_NIAA.QVD","01 QVDs - ESS QVD Builder - Subs","a97dac56-914c-4ac6-ad7d-296cde6f5aac","2026-08-18 08:01:17",7,0,"","99 - QVD Tasks",FALSE,TRUE,FALSE,TRUE
"ESS/Subs/SUB868_JCA_WORK_CAPACITY_NIAA.QVD","SUB868_JCA_WORK_CAPACITY_NIAA.QVD","01 QVDs - ESS QVD Builder - Subs","a97dac56-914c-4ac6-ad7d-296cde6f5aac","2026-08-18 08:03:00",7,0,"","99 - QVD Tasks",FALSE,TRUE,FALSE,FALSE
"ESS/Subs/Temp/SUB868_JCA_WORK_CAPACITY_NIAA.QVD","SUB868_JCA_WORK_CAPACITY_NIAA.QVD","01 QVDs - ESS QVD Builder - Subs","a97dac56-914c-4ac6-ad7d-296cde6f5aac","2026-08-18 08:01:30",7,0,"","99 - QVD Tasks",FALSE,TRUE,FALSE,TRUE
"ESS/Subs/SUB869_JSK_PARTICIPATION_PROFILE_NIAA.QVD","SUB869_JSK_PARTICIPATION_PROFILE_NIAA.QVD","01 QVDs - ESS QVD Builder - Subs","a97dac56-914c-4ac6-ad7d-296cde6f5aac","2026-08-18 08:03:00",7,0,"","99 - QVD Tasks",FALSE,TRUE,FALSE,FALSE
"ESS/Subs/Temp/SUB869_JSK_PARTICIPATION_PROFILE_NIAA.QVD","SUB869_JSK_PARTICIPATION_PROFILE_NIAA.QVD","01 QVDs - ESS QVD Builder - Subs","a97dac56-914c-4ac6-ad7d-296cde6f5aac","2026-08-18 08:01:43",7,0,"","99 - QVD Tasks",FALSE,TRUE,FALSE,TRUE
"ESS/Subs/SUB870_JSK_PARTICIPATION_PROFILE_HISTORY_NIAA.QVD","SUB870_JSK_PARTICIPATION_PROFILE_HISTORY_NIAA.QVD","01 QVDs - ESS QVD Builder - Subs","a97dac56-914c-4ac6-ad7d-296cde6f5aac","2026-08-18 08:03:01",7,0,"","99 - QVD Tasks",FALSE,TRUE,FALSE,FALSE
"ESS/Subs/Temp/SUB870_JSK_PARTICIPATION_PROFILE_HISTORY_NIAA.QVD","SUB870_JSK_PARTICIPATION_PROFILE_HISTORY_NIAA.QVD","01 QVDs - ESS QVD Builder - Subs","a97dac56-914c-4ac6-ad7d-296cde6f5aac","2026-08-18 08:01:55",7,0,"","99 - QVD Tasks",FALSE,TRUE,FALSE,TRUE
"ESS/Subs/SUB871_CDP_CONTRACT_HISTORY_NIAA.QVD","SUB871_CDP_CONTRACT_HISTORY_NIAA.QVD","01 QVDs - ESS QVD Builder - Subs","a97dac56-914c-4ac6-ad7d-296cde6f5aac","2026-08-18 08:03:01",7,0,"","99 - QVD Tasks",FALSE,TRUE,FALSE,FALSE
"ESS/Subs/Temp/SUB871_CDP_CONTRACT_HISTORY_NIAA.QVD","SUB871_CDP_CONTRACT_HISTORY_NIAA.QVD","01 QVDs - ESS QVD Builder - Subs","a97dac56-914c-4ac6-ad7d-296cde6f5aac","2026-08-18 08:01:56",7,0,"","99 - QVD Tasks",FALSE,TRUE,FALSE,TRUE
"ESS/Subs/SubscriptionFileDetail.QVD","SubscriptionFileDetail.QVD","01 QVDs - ESS QVD Builder - Subs","a97dac56-914c-4ac6-ad7d-296cde6f5aac","2026-08-18 08:01:59",7,0,"","99 - QVD Tasks",FALSE,TRUE,FALSE,FALSE
"ESS/Subs/Temp/SubscriptionFileDetail.QVD","SubscriptionFileDetail.QVD","01 QVDs - ESS QVD Builder - Subs","a97dac56-914c-4ac6-ad7d-296cde6f5aac","2026-08-18 07:51:37",7,0,"","99 - QVD Tasks",FALSE,TRUE,FALSE,TRUE
"Forms/1000 Jobs Tracker.QVD","1000 Jobs Tracker.QVD","01 ESS QVD Builder - CDP(9)","a84281c2-e32e-4b3d-aee3-f805a61eda2c","2026-08-18 08:25:45",7,0,"","99 - QVD Tasks",FALSE,TRUE,FALSE,TRUE
"Forms/1000 Jobs Tracker.QVD","1000 Jobs Tracker.QVD","01 QVD Builder - Inphinity Forms","a84281c2-e32e-4b3d-aee3-f805a61eda2c","2026-08-18 08:25:45",7,0,"","99 - QVD Tasks",FALSE,TRUE,FALSE,TRUE
"Forms/1000 Jobs Tracker.QVD","1000 Jobs Tracker.QVD","01 QVD Builder - Inphinity Forms and SnapForms","a84281c2-e32e-4b3d-aee3-f805a61eda2c","2026-08-18 08:25:45",7,0,"","99 - QVD Tasks",FALSE,TRUE,FALSE,TRUE
"Forms/1000 Jobs Tracker.QVD","1000 Jobs Tracker.QVD","01 QVD Generator - Inphinity Forms","a84281c2-e32e-4b3d-aee3-f805a61eda2c","2026-08-18 08:25:45",7,0,"","99 - QVD Tasks",FALSE,TRUE,FALSE,TRUE
"Forms/1000 Jobs Tracker.QVD","1000 Jobs Tracker.QVD","01 QVD Generator - Inphinity Forms and SnapForms","a84281c2-e32e-4b3d-aee3-f805a61eda2c","2026-08-18 08:25:45",7,0,"","99 - QVD Tasks",FALSE,TRUE,FALSE,TRUE
"Forms_RJED/RJED Application Job Detail Tracker History.QVD","RJED Application Job Detail Tracker History.QVD","01 ESS QVD Builder - CDP(9)","a84281c2-e32e-4b3d-aee3-f805a61eda2c","2026-08-18 08:25:51",7,1,"Remote Jobs and Economic Development (RJED)(20)","99 - QVD Tasks",FALSE,FALSE,FALSE,TRUE
"Forms_RJED/RJED Application Job Detail Tracker History.QVD","RJED Application Job Detail Tracker History.QVD","01 QVD Builder - Inphinity Forms","a84281c2-e32e-4b3d-aee3-f805a61eda2c","2026-08-18 08:25:51",7,1,"Remote Jobs and Economic Development (RJED)(20)","99 - QVD Tasks",FALSE,FALSE,FALSE,TRUE
"Forms_RJED/RJED Application Job Detail Tracker History.QVD","RJED Application Job Detail Tracker History.QVD","01 QVD Builder - Inphinity Forms and SnapForms","a84281c2-e32e-4b3d-aee3-f805a61eda2c","2026-08-18 08:25:51",7,1,"Remote Jobs and Economic Development (RJED)(20)","99 - QVD Tasks",FALSE,FALSE,FALSE,TRUE
"Forms_RJED/RJED Application Job Detail Tracker History.QVD","RJED Application Job Detail Tracker History.QVD","01 QVD Generator - Inphinity Forms","a84281c2-e32e-4b3d-aee3-f805a61eda2c","2026-08-18 08:25:51",7,1,"Remote Jobs and Economic Development (RJED)(20)","99 - QVD Tasks",FALSE,FALSE,FALSE,TRUE
"Forms_RJED/RJED Application Job Detail Tracker History.QVD","RJED Application Job Detail Tracker History.QVD","01 QVD Generator - Inphinity Forms and SnapForms","a84281c2-e32e-4b3d-aee3-f805a61eda2c","2026-08-18 08:25:51",7,1,"Remote Jobs and Economic Development (RJED)(20)","99 - QVD Tasks",FALSE,FALSE,FALSE,TRUE
"Forms_RJED/RJED Application Job Detail Tracker.QVD","RJED Application Job Detail Tracker.QVD","01 ESS QVD Builder - CDP(9)","a84281c2-e32e-4b3d-aee3-f805a61eda2c","2026-08-18 08:25:45",7,0,"","99 - QVD Tasks",FALSE,TRUE,FALSE,TRUE
"Forms_RJED/RJED Application Job Detail Tracker.QVD","RJED Application Job Detail Tracker.QVD","01 QVD Builder - Inphinity Forms","a84281c2-e32e-4b3d-aee3-f805a61eda2c","2026-08-18 08:25:45",7,0,"","99 - QVD Tasks",FALSE,TRUE,FALSE,TRUE
"Forms_RJED/RJED Application Job Detail Tracker.QVD","RJED Application Job Detail Tracker.QVD","01 QVD Builder - Inphinity Forms and SnapForms","a84281c2-e32e-4b3d-aee3-f805a61eda2c","2026-08-18 08:25:45",7,0,"","99 - QVD Tasks",FALSE,TRUE,FALSE,TRUE
"Forms_RJED/RJED Application Job Detail Tracker.QVD","RJED Application Job Detail Tracker.QVD","01 QVD Generator - Inphinity Forms","a84281c2-e32e-4b3d-aee3-f805a61eda2c","2026-08-18 08:25:45",7,0,"","99 - QVD Tasks",FALSE,TRUE,FALSE,TRUE
"Forms_RJED/RJED Application Job Detail Tracker.QVD","RJED Application Job Detail Tracker.QVD","01 QVD Generator - Inphinity Forms and SnapForms","a84281c2-e32e-4b3d-aee3-f805a61eda2c","2026-08-18 08:25:45",7,0,"","99 - QVD Tasks",FALSE,TRUE,FALSE,TRUE
"Forms_RJED/RJED Application Tracker History.QVD","RJED Application Tracker History.QVD","01 ESS QVD Builder - CDP(9)","a84281c2-e32e-4b3d-aee3-f805a61eda2c","2026-08-18 08:25:54",7,1,"Remote Jobs and Economic Development (RJED)(20)","99 - QVD Tasks",FALSE,FALSE,FALSE,TRUE
"Forms_RJED/RJED Application Tracker History.QVD","RJED Application Tracker History.QVD","01 QVD Builder - Inphinity Forms","a84281c2-e32e-4b3d-aee3-f805a61eda2c","2026-08-18 08:25:54",7,1,"Remote Jobs and Economic Development (RJED)(20)","99 - QVD Tasks",FALSE,FALSE,FALSE,TRUE
"Forms_RJED/RJED Application Tracker History.QVD","RJED Application Tracker History.QVD","01 QVD Builder - Inphinity Forms and SnapForms","a84281c2-e32e-4b3d-aee3-f805a61eda2c","2026-08-18 08:25:54",7,1,"Remote Jobs and Economic Development (RJED)(20)","99 - QVD Tasks",FALSE,FALSE,FALSE,TRUE
"Forms_RJED/RJED Application Tracker History.QVD","RJED Application Tracker History.QVD","01 QVD Generator - Inphinity Forms","a84281c2-e32e-4b3d-aee3-f805a61eda2c","2026-08-18 08:25:54",7,1,"Remote Jobs and Economic Development (RJED)(20)","99 - QVD Tasks",FALSE,FALSE,FALSE,TRUE
"Forms_RJED/RJED Application Tracker History.QVD","RJED Application Tracker History.QVD","01 QVD Generator - Inphinity Forms and SnapForms","a84281c2-e32e-4b3d-aee3-f805a61eda2c","2026-08-18 08:25:54",7,1,"Remote Jobs and Economic Development (RJED)(20)","99 - QVD Tasks",FALSE,FALSE,FALSE,TRUE
"Forms_RJED/RJED Application Tracker.QVD","RJED Application Tracker.QVD","01 ESS QVD Builder - CDP(9)","a84281c2-e32e-4b3d-aee3-f805a61eda2c","2026-08-18 08:25:52",7,0,"","99 - QVD Tasks",FALSE,TRUE,FALSE,TRUE
"Forms_RJED/RJED Application Tracker.QVD","RJED Application Tracker.QVD","01 QVD Builder - Inphinity Forms","a84281c2-e32e-4b3d-aee3-f805a61eda2c","2026-08-18 08:25:52",7,0,"","99 - QVD Tasks",FALSE,TRUE,FALSE,TRUE
"Forms_RJED/RJED Application Tracker.QVD","RJED Application Tracker.QVD","01 QVD Builder - Inphinity Forms and SnapForms","a84281c2-e32e-4b3d-aee3-f805a61eda2c","2026-08-18 08:25:52",7,0,"","99 - QVD Tasks",FALSE,TRUE,FALSE,TRUE
"Forms_RJED/RJED Application Tracker.QVD","RJED Application Tracker.QVD","01 QVD Generator - Inphinity Forms","a84281c2-e32e-4b3d-aee3-f805a61eda2c","2026-08-18 08:25:52",7,0,"","99 - QVD Tasks",FALSE,TRUE,FALSE,TRUE
"Forms_RJED/RJED Application Tracker.QVD","RJED Application Tracker.QVD","01 QVD Generator - Inphinity Forms and SnapForms","a84281c2-e32e-4b3d-aee3-f805a61eda2c","2026-08-18 08:25:52",7,0,"","99 - QVD Tasks",FALSE,TRUE,FALSE,TRUE
"ESS/IEP/Snapshots/Temp/CDP_Contract_Referral_Placement_20240331.QVD","CDP_Contract_Referral_Placement_20240331.QVD","01s ESS QVD Builder - IEP","a4787757-bc69-4abc-90da-9a5719c1a231","2024-04-16 01:13:17",861,0,"","99 - QVD Tasks",TRUE,TRUE,TRUE,FALSE
"ESS/IEP/Snapshots/Temp/CDP_Contract_Referral_Placement_20240430.QVD","CDP_Contract_Referral_Placement_20240430.QVD","01s ESS QVD Builder - IEP","a4787757-bc69-4abc-90da-9a5719c1a231","2024-05-01 05:28:23",846,0,"","99 - QVD Tasks",TRUE,TRUE,TRUE,FALSE
"ESS/IEP/Snapshots/Temp/CDP_Contract_Referral_Placement_20240531.QVD","CDP_Contract_Referral_Placement_20240531.QVD","01s ESS QVD Builder - IEP","a4787757-bc69-4abc-90da-9a5719c1a231","2024-06-01 10:29:01",815,0,"","99 - QVD Tasks",TRUE,TRUE,TRUE,FALSE
"ESS/IEP/Snapshots/Temp/CDP_Contract_Referral_Placement_20240630.QVD","CDP_Contract_Referral_Placement_20240630.QVD","01s ESS QVD Builder - IEP","a4787757-bc69-4abc-90da-9a5719c1a231","2024-07-08 01:53:09",778,0,"","99 - QVD Tasks",TRUE,TRUE,TRUE,FALSE
"ESS/IEP/Snapshots/Temp/CDP_Contract_Referral_Placement_20240731.QVD","CDP_Contract_Referral_Placement_20240731.QVD","01s ESS QVD Builder - IEP","a4787757-bc69-4abc-90da-9a5719c1a231","2024-08-01 04:48:26",754,0,"","99 - QVD Tasks",TRUE,TRUE,TRUE,FALSE
"ESS/IEP/Snapshots/Temp/CDP_Contract_Referral_Placement_20240831.QVD","CDP_Contract_Referral_Placement_20240831.QVD","01s ESS QVD Builder - IEP","a4787757-bc69-4abc-90da-9a5719c1a231","2024-09-04 00:33:52",720,0,"","99 - QVD Tasks",TRUE,TRUE,TRUE,FALSE
"ESS/IEP/Snapshots/Temp/CDP_Contract_Referral_Placement_20241031.QVD","CDP_Contract_Referral_Placement_20241031.QVD","01s ESS QVD Builder - IEP","a4787757-bc69-4abc-90da-9a5719c1a231","2024-11-03 22:26:51",660,0,"","99 - QVD Tasks",TRUE,TRUE,TRUE,FALSE
"ESS/IEP/Snapshots/Temp/CDP_Contract_Referral_Placement_20250131.QVD","CDP_Contract_Referral_Placement_20250131.QVD","01s ESS QVD Builder - IEP","a4787757-bc69-4abc-90da-9a5719c1a231","2025-02-05 22:33:31",566,0,"","99 - QVD Tasks",TRUE,TRUE,TRUE,FALSE
"ESS/IEP/Snapshots/Temp/CDP_Contract_Referral_Placement_20250228.QVD","CDP_Contract_Referral_Placement_20250228.QVD","01s ESS QVD Builder - IEP","a4787757-bc69-4abc-90da-9a5719c1a231","2025-03-03 07:01:12",540,0,"","99 - QVD Tasks",TRUE,TRUE,TRUE,FALSE
"ESS/IEP/Snapshots/Temp/CDP_Contract_Referral_Placement_20250331.QVD","CDP_Contract_Referral_Placement_20250331.QVD","01s ESS QVD Builder - IEP","a4787757-bc69-4abc-90da-9a5719c1a231","2025-03-31 23:57:06",512,0,"","99 - QVD Tasks",TRUE,TRUE,TRUE,FALSE
"ESS/IEP/Snapshots/Temp/CDP_Contract_Referral_Placement_20250430.QVD","CDP_Contract_Referral_Placement_20250430.QVD","01s ESS QVD Builder - IEP","a4787757-bc69-4abc-90da-9a5719c1a231","2025-05-01 00:09:17",481,0,"","99 - QVD Tasks",TRUE,TRUE,TRUE,FALSE
"ESS/IEP/Snapshots/Temp/CDP_Contract_Referral_Placement_20250531.QVD","CDP_Contract_Referral_Placement_20250531.QVD","01s ESS QVD Builder - IEP","a4787757-bc69-4abc-90da-9a5719c1a231","2025-06-03 00:49:10",448,0,"","99 - QVD Tasks",TRUE,TRUE,TRUE,FALSE
"ESS/IEP/Snapshots/Temp/CDP_Contract_Referral_Placement_20250630.QVD","CDP_Contract_Referral_Placement_20250630.QVD","01s ESS QVD Builder - IEP","a4787757-bc69-4abc-90da-9a5719c1a231","2025-07-01 02:13:47",420,0,"","99 - QVD Tasks",TRUE,TRUE,TRUE,FALSE
"ESS/IEP/Snapshots/Temp/CDP_Contract_Referral_Placement_20250731.QVD","CDP_Contract_Referral_Placement_20250731.QVD","01s ESS QVD Builder - IEP","a4787757-bc69-4abc-90da-9a5719c1a231","2025-08-01 05:01:27",389,0,"","99 - QVD Tasks",TRUE,TRUE,TRUE,FALSE
"ESS/IEP/Snapshots/Temp/CDP_Contract_Referral_Placement_20250831.QVD","CDP_Contract_Referral_Placement_20250831.QVD","01s ESS QVD Builder - IEP","a4787757-bc69-4abc-90da-9a5719c1a231","2025-09-01 00:43:40",358,0,"","99 - QVD Tasks",FALSE,TRUE,FALSE,FALSE
"ESS/IEP/Snapshots/Temp/CDP_Contract_Referral_Placement_20250930.QVD","CDP_Contract_Referral_Placement_20250930.QVD","01s ESS QVD Builder - IEP","a4787757-bc69-4abc-90da-9a5719c1a231","2025-10-01 00:36:53",328,0,"","99 - QVD Tasks",FALSE,TRUE,FALSE,FALSE
"ESS/IEP/Snapshots/Temp/CDP_Contract_Referral_Placement_20251231.QVD","CDP_Contract_Referral_Placement_20251231.QVD","01s ESS QVD Builder - IEP","a4787757-bc69-4abc-90da-9a5719c1a231","2026-01-01 21:16:57",236,0,"","99 - QVD Tasks",FALSE,TRUE,FALSE,FALSE
"ESS/IEP/Snapshots/Temp/CDP_Contract_Referral_Placement_20260228.QVD","CDP_Contract_Referral_Placement_20260228.QVD","01s ESS QVD Builder - IEP","a4787757-bc69-4abc-90da-9a5719c1a231","2026-03-02 21:57:25",176,0,"","99 - QVD Tasks",FALSE,TRUE,FALSE,FALSE
"ESS/IEP/Snapshots/Temp/CDP_Contract_Referral_Placement_20260430.QVD","CDP_Contract_Referral_Placement_20260430.QVD","01s ESS QVD Builder - IEP","a4787757-bc69-4abc-90da-9a5719c1a231","2026-05-01 03:47:04",116,0,"","99 - QVD Tasks",FALSE,TRUE,FALSE,FALSE
"ESS/IEP/Snapshots/Temp/CDP_Contract_Referral_Placement_20260531.QVD","CDP_Contract_Referral_Placement_20260531.QVD","01s ESS QVD Builder - IEP","a4787757-bc69-4abc-90da-9a5719c1a231","2026-06-03 01:07:05",83,0,"","99 - QVD Tasks",FALSE,TRUE,FALSE,FALSE
"ESS/IEP/Snapshots/Temp/CDP_Contract_Referral_Placement_20260630.QVD","CDP_Contract_Referral_Placement_20260630.QVD","01s ESS QVD Builder - IEP","a4787757-bc69-4abc-90da-9a5719c1a231","2026-07-01 01:38:14",55,0,"","99 - QVD Tasks",FALSE,TRUE,FALSE,FALSE
"ESS/IEP/Snapshots/Temp/CDP_Job_Seeker_20240331.QVD","CDP_Job_Seeker_20240331.QVD","01s ESS QVD Builder - IEP","a4787757-bc69-4abc-90da-9a5719c1a231","2024-04-16 01:13:29",861,0,"","99 - QVD Tasks",TRUE,TRUE,TRUE,FALSE
"ESS/IEP/Snapshots/Temp/CDP_Job_Seeker_20240430.QVD","CDP_Job_Seeker_20240430.QVD","01s ESS QVD Builder - IEP","a4787757-bc69-4abc-90da-9a5719c1a231","2024-05-01 05:28:35",846,0,"","99 - QVD Tasks",TRUE,TRUE,TRUE,FALSE
"ESS/IEP/Snapshots/Temp/CDP_Job_Seeker_20240531.QVD","CDP_Job_Seeker_20240531.QVD","01s ESS QVD Builder - IEP","a4787757-bc69-4abc-90da-9a5719c1a231","2024-06-01 10:29:12",815,0,"","99 - QVD Tasks",TRUE,TRUE,TRUE,FALSE
"ESS/IEP/Snapshots/Temp/CDP_Job_Seeker_20240630.QVD","CDP_Job_Seeker_20240630.QVD","01s ESS QVD Builder - IEP","a4787757-bc69-4abc-90da-9a5719c1a231","2024-07-08 01:53:20",778,0,"","99 - QVD Tasks",TRUE,TRUE,TRUE,FALSE
"ESS/IEP/Snapshots/Temp/CDP_Job_Seeker_20240731.QVD","CDP_Job_Seeker_20240731.QVD","01s ESS QVD Builder - IEP","a4787757-bc69-4abc-90da-9a5719c1a231","2024-08-01 04:48:33",754,0,"","99 - QVD Tasks",TRUE,TRUE,TRUE,FALSE
"ESS/IEP/Snapshots/Temp/CDP_Job_Seeker_20240831.QVD","CDP_Job_Seeker_20240831.QVD","01s ESS QVD Builder - IEP","a4787757-bc69-4abc-90da-9a5719c1a231","2024-09-04 00:33:58",720,0,"","99 - QVD Tasks",TRUE,TRUE,TRUE,FALSE
"ESS/IEP/Snapshots/Temp/CDP_Job_Seeker_20241031.QVD","CDP_Job_Seeker_20241031.QVD","01s ESS QVD Builder - IEP","a4787757-bc69-4abc-90da-9a5719c1a231","2024-11-03 22:27:00",660,0,"","99 - QVD Tasks",TRUE,TRUE,TRUE,FALSE
"ESS/IEP/Snapshots/Temp/CDP_Job_Seeker_20250131.QVD","CDP_Job_Seeker_20250131.QVD","01s ESS QVD Builder - IEP","a4787757-bc69-4abc-90da-9a5719c1a231","2025-02-05 22:33:37",566,0,"","99 - QVD Tasks",TRUE,TRUE,TRUE,FALSE
"ESS/IEP/Snapshots/Temp/CDP_Job_Seeker_20250228.QVD","CDP_Job_Seeker_20250228.QVD","01s ESS QVD Builder - IEP","a4787757-bc69-4abc-90da-9a5719c1a231","2025-03-03 07:01:36",540,0,"","99 - QVD Tasks",TRUE,TRUE,TRUE,FALSE
"ESS/IEP/Snapshots/Temp/CDP_Job_Seeker_20250331.QVD","CDP_Job_Seeker_20250331.QVD","01s ESS QVD Builder - IEP","a4787757-bc69-4abc-90da-9a5719c1a231","2025-03-31 23:57:14",512,0,"","99 - QVD Tasks",TRUE,TRUE,TRUE,FALSE
"ESS/IEP/Snapshots/Temp/CDP_Job_Seeker_20250430.QVD","CDP_Job_Seeker_20250430.QVD","01s ESS QVD Builder - IEP","a4787757-bc69-4abc-90da-9a5719c1a231","2025-05-01 00:09:28",481,0,"","99 - QVD Tasks",TRUE,TRUE,TRUE,FALSE
"ESS/IEP/Snapshots/Temp/CDP_Job_Seeker_20250531.QVD","CDP_Job_Seeker_20250531.QVD","01s ESS QVD Builder - IEP","a4787757-bc69-4abc-90da-9a5719c1a231","2025-06-03 00:49:19",448,0,"","99 - QVD Tasks",TRUE,TRUE,TRUE,FALSE
"ESS/IEP/Snapshots/Temp/CDP_Job_Seeker_20250630.QVD","CDP_Job_Seeker_20250630.QVD","01s ESS QVD Builder - IEP","a4787757-bc69-4abc-90da-9a5719c1a231","2025-07-01 02:13:58",420,0,"","99 - QVD Tasks",TRUE,TRUE,TRUE,FALSE
"ESS/IEP/Snapshots/Temp/CDP_Job_Seeker_20250731.QVD","CDP_Job_Seeker_20250731.QVD","01s ESS QVD Builder - IEP","a4787757-bc69-4abc-90da-9a5719c1a231","2025-08-01 05:01:38",389,0,"","99 - QVD Tasks",TRUE,TRUE,TRUE,FALSE
"ESS/IEP/Snapshots/Temp/CDP_Job_Seeker_20250831.QVD","CDP_Job_Seeker_20250831.QVD","01s ESS QVD Builder - IEP","a4787757-bc69-4abc-90da-9a5719c1a231","2025-09-01 00:43:49",358,0,"","99 - QVD Tasks",FALSE,TRUE,FALSE,FALSE
"ESS/IEP/Snapshots/Temp/CDP_Job_Seeker_20250930.QVD","CDP_Job_Seeker_20250930.QVD","01s ESS QVD Builder - IEP","a4787757-bc69-4abc-90da-9a5719c1a231","2025-10-01 00:37:04",328,0,"","99 - QVD Tasks",FALSE,TRUE,FALSE,FALSE
"ESS/IEP/Snapshots/Temp/CDP_Job_Seeker_20251231.QVD","CDP_Job_Seeker_20251231.QVD","01s ESS QVD Builder - IEP","a4787757-bc69-4abc-90da-9a5719c1a231","2026-01-01 21:17:06",236,0,"","99 - QVD Tasks",FALSE,TRUE,FALSE,FALSE
"ESS/IEP/Snapshots/Temp/CDP_Job_Seeker_20260228.QVD","CDP_Job_Seeker_20260228.QVD","01s ESS QVD Builder - IEP","a4787757-bc69-4abc-90da-9a5719c1a231","2026-03-02 21:57:30",176,0,"","99 - QVD Tasks",FALSE,TRUE,FALSE,FALSE
"ESS/IEP/Snapshots/Temp/CDP_Job_Seeker_20260430.QVD","CDP_Job_Seeker_20260430.QVD","01s ESS QVD Builder - IEP","a4787757-bc69-4abc-90da-9a5719c1a231","2026-05-01 03:47:16",116,0,"","99 - QVD Tasks",FALSE,TRUE,FALSE,FALSE
"ESS/IEP/Snapshots/Temp/CDP_Job_Seeker_20260531.QVD","CDP_Job_Seeker_20260531.QVD","01s ESS QVD Builder - IEP","a4787757-bc69-4abc-90da-9a5719c1a231","2026-06-03 01:07:19",83,0,"","99 - QVD Tasks",FALSE,TRUE,FALSE,FALSE
"ESS/IEP/Snapshots/Temp/CDP_Job_Seeker_20260630.QVD","CDP_Job_Seeker_20260630.QVD","01s ESS QVD Builder - IEP","a4787757-bc69-4abc-90da-9a5719c1a231","2026-07-01 01:38:24",55,0,"","99 - QVD Tasks",FALSE,TRUE,FALSE,FALSE
"ESS/IEP/Snapshots/Temp/IEP_Activity_20240331.QVD","IEP_Activity_20240331.QVD","01s ESS QVD Builder - IEP","a4787757-bc69-4abc-90da-9a5719c1a231","2024-04-16 01:12:33",861,0,"","99 - QVD Tasks",TRUE,TRUE,TRUE,FALSE
"ESS/IEP/Snapshots/Temp/IEP_Activity_20240430.QVD","IEP_Activity_20240430.QVD","01s ESS QVD Builder - IEP","a4787757-bc69-4abc-90da-9a5719c1a231","2024-05-01 05:27:47",846,0,"","99 - QVD Tasks",TRUE,TRUE,TRUE,FALSE
"ESS/IEP/Snapshots/Temp/IEP_Activity_20240531.QVD","IEP_Activity_20240531.QVD","01s ESS QVD Builder - IEP","a4787757-bc69-4abc-90da-9a5719c1a231","2024-06-01 10:28:26",815,0,"","99 - QVD Tasks",TRUE,TRUE,TRUE,FALSE
"ESS/IEP/Snapshots/Temp/IEP_Activity_20240630.QVD","IEP_Activity_20240630.QVD","01s ESS QVD Builder - IEP","a4787757-bc69-4abc-90da-9a5719c1a231","2024-07-08 01:52:32",778,0,"","99 - QVD Tasks",TRUE,TRUE,TRUE,FALSE
"ESS/IEP/Snapshots/Temp/IEP_Activity_20240731.QVD","IEP_Activity_20240731.QVD","01s ESS QVD Builder - IEP","a4787757-bc69-4abc-90da-9a5719c1a231","2024-08-01 04:47:44",754,0,"","99 - QVD Tasks",TRUE,TRUE,TRUE,FALSE
"ESS/IEP/Snapshots/Temp/IEP_Activity_20240831.QVD","IEP_Activity_20240831.QVD","01s ESS QVD Builder - IEP","a4787757-bc69-4abc-90da-9a5719c1a231","2024-09-04 00:33:13",720,0,"","99 - QVD Tasks",TRUE,TRUE,TRUE,FALSE
"ESS/IEP/Snapshots/Temp/IEP_Activity_20241031.QVD","IEP_Activity_20241031.QVD","01s ESS QVD Builder - IEP","a4787757-bc69-4abc-90da-9a5719c1a231","2024-11-03 22:26:30",660,0,"","99 - QVD Tasks",TRUE,TRUE,TRUE,FALSE
"ESS/IEP/Snapshots/Temp/IEP_Activity_20250131.QVD","IEP_Activity_20250131.QVD","01s ESS QVD Builder - IEP","a4787757-bc69-4abc-90da-9a5719c1a231","2025-02-05 22:33:04",566,0,"","99 - QVD Tasks",TRUE,TRUE,TRUE,FALSE
"ESS/IEP/Snapshots/Temp/IEP_Activity_20250228.QVD","IEP_Activity_20250228.QVD","01s ESS QVD Builder - IEP","a4787757-bc69-4abc-90da-9a5719c1a231","2025-03-03 07:00:00",540,0,"","99 - QVD Tasks",TRUE,TRUE,TRUE,FALSE
"ESS/IEP/Snapshots/Temp/IEP_Activity_20250331.QVD","IEP_Activity_20250331.QVD","01s ESS QVD Builder - IEP","a4787757-bc69-4abc-90da-9a5719c1a231","2025-03-31 23:56:39",512,0,"","99 - QVD Tasks",TRUE,TRUE,TRUE,TRUE
"ESS/IEP/Snapshots/Temp/IEP_Activity_20250430.QVD","IEP_Activity_20250430.QVD","01s ESS QVD Builder - IEP","a4787757-bc69-4abc-90da-9a5719c1a231","2025-05-01 00:08:47",481,0,"","99 - QVD Tasks",TRUE,TRUE,TRUE,FALSE
"ESS/IEP/Snapshots/Temp/IEP_Activity_20250531.QVD","IEP_Activity_20250531.QVD","01s ESS QVD Builder - IEP","a4787757-bc69-4abc-90da-9a5719c1a231","2025-06-03 00:48:43",448,0,"","99 - QVD Tasks",TRUE,TRUE,TRUE,FALSE
"ESS/IEP/Snapshots/Temp/IEP_Activity_20250630.QVD","IEP_Activity_20250630.QVD","01s ESS QVD Builder - IEP","a4787757-bc69-4abc-90da-9a5719c1a231","2025-07-01 02:13:28",420,0,"","99 - QVD Tasks",TRUE,TRUE,TRUE,FALSE
"ESS/IEP/Snapshots/Temp/IEP_Activity_20250731.QVD","IEP_Activity_20250731.QVD","01s ESS QVD Builder - IEP","a4787757-bc69-4abc-90da-9a5719c1a231","2025-08-01 05:00:50",389,0,"","99 - QVD Tasks",TRUE,TRUE,TRUE,FALSE
"ESS/IEP/Snapshots/Temp/IEP_Activity_20250831.QVD","IEP_Activity_20250831.QVD","01s ESS QVD Builder - IEP","a4787757-bc69-4abc-90da-9a5719c1a231","2025-09-01 00:43:21",358,0,"","99 - QVD Tasks",FALSE,TRUE,FALSE,FALSE
"ESS/IEP/Snapshots/Temp/IEP_Activity_20250930.QVD","IEP_Activity_20250930.QVD","01s ESS QVD Builder - IEP","a4787757-bc69-4abc-90da-9a5719c1a231","2025-10-01 00:36:33",328,0,"","99 - QVD Tasks",FALSE,TRUE,FALSE,FALSE
"ESS/IEP/Snapshots/Temp/IEP_Activity_20251231.QVD","IEP_Activity_20251231.QVD","01s ESS QVD Builder - IEP","a4787757-bc69-4abc-90da-9a5719c1a231","2026-01-01 21:16:28",236,0,"","99 - QVD Tasks",FALSE,TRUE,FALSE,FALSE
"ESS/IEP/Snapshots/Temp/IEP_Activity_20260228.QVD","IEP_Activity_20260228.QVD","01s ESS QVD Builder - IEP","a4787757-bc69-4abc-90da-9a5719c1a231","2026-03-02 21:56:56",176,0,"","99 - QVD Tasks",FALSE,TRUE,FALSE,FALSE
"ESS/IEP/Snapshots/Temp/IEP_Activity_20260430.QVD","IEP_Activity_20260430.QVD","01s ESS QVD Builder - IEP","a4787757-bc69-4abc-90da-9a5719c1a231","2026-05-01 03:46:35",116,0,"","99 - QVD Tasks",FALSE,TRUE,FALSE,FALSE
"ESS/IEP/Snapshots/Temp/IEP_Activity_20260531.QVD","IEP_Activity_20260531.QVD","01s ESS QVD Builder - IEP","a4787757-bc69-4abc-90da-9a5719c1a231","2026-06-03 01:06:36",83,0,"","99 - QVD Tasks",FALSE,TRUE,FALSE,FALSE
"ESS/IEP/Snapshots/Temp/IEP_Activity_20260630.QVD","IEP_Activity_20260630.QVD","01s ESS QVD Builder - IEP","a4787757-bc69-4abc-90da-9a5719c1a231","2026-07-01 01:37:52",55,0,"","99 - QVD Tasks",FALSE,TRUE,FALSE,FALSE
"ESS/IEP/Snapshots/Temp/IEP_Activity_Contact_20240331.QVD","IEP_Activity_Contact_20240331.QVD","01s ESS QVD Builder - IEP","a4787757-bc69-4abc-90da-9a5719c1a231","2024-04-16 01:12:33",861,0,"","99 - QVD Tasks",TRUE,TRUE,TRUE,FALSE
"ESS/IEP/Snapshots/Temp/IEP_Activity_Contact_20240430.QVD","IEP_Activity_Contact_20240430.QVD","01s ESS QVD Builder - IEP","a4787757-bc69-4abc-90da-9a5719c1a231","2024-05-01 05:27:47",846,0,"","99 - QVD Tasks",TRUE,TRUE,TRUE,FALSE
"ESS/IEP/Snapshots/Temp/IEP_Activity_Contact_20240531.QVD","IEP_Activity_Contact_20240531.QVD","01s ESS QVD Builder - IEP","a4787757-bc69-4abc-90da-9a5719c1a231","2024-06-01 10:28:26",815,0,"","99 - QVD Tasks",TRUE,TRUE,TRUE,FALSE
"ESS/IEP/Snapshots/Temp/IEP_Activity_Contact_20240630.QVD","IEP_Activity_Contact_20240630.QVD","01s ESS QVD Builder - IEP","a4787757-bc69-4abc-90da-9a5719c1a231","2024-07-08 01:52:33",778,0,"","99 - QVD Tasks",TRUE,TRUE,TRUE,FALSE
"ESS/IEP/Snapshots/Temp/IEP_Activity_Contact_20240731.QVD","IEP_Activity_Contact_20240731.QVD","01s ESS QVD Builder - IEP","a4787757-bc69-4abc-90da-9a5719c1a231","2024-08-01 04:47:45",754,0,"","99 - QVD Tasks",TRUE,TRUE,TRUE,FALSE
"ESS/IEP/Snapshots/Temp/IEP_Activity_Contact_20240831.QVD","IEP_Activity_Contact_20240831.QVD","01s ESS QVD Builder - IEP","a4787757-bc69-4abc-90da-9a5719c1a231","2024-09-04 00:33:13",720,0,"","99 - QVD Tasks",TRUE,TRUE,TRUE,FALSE
"ESS/IEP/Snapshots/Temp/IEP_Activity_Contact_20241031.QVD","IEP_Activity_Contact_20241031.QVD","01s ESS QVD Builder - IEP","a4787757-bc69-4abc-90da-9a5719c1a231","2024-11-03 22:26:30",660,0,"","99 - QVD Tasks",TRUE,TRUE,TRUE,FALSE
"ESS/IEP/Snapshots/Temp/IEP_Activity_Contact_20250131.QVD","IEP_Activity_Contact_20250131.QVD","01s ESS QVD Builder - IEP","a4787757-bc69-4abc-90da-9a5719c1a231","2025-02-05 22:33:04",566,0,"","99 - QVD Tasks",TRUE,TRUE,TRUE,FALSE
"ESS/IEP/Snapshots/Temp/IEP_Activity_Contact_20250228.QVD","IEP_Activity_Contact_20250228.QVD","01s ESS QVD Builder - IEP","a4787757-bc69-4abc-90da-9a5719c1a231","2025-03-03 07:00:00",540,0,"","99 - QVD Tasks",TRUE,TRUE,TRUE,FALSE
"ESS/IEP/Snapshots/Temp/IEP_Activity_Contact_20250331.QVD","IEP_Activity_Contact_20250331.QVD","01s ESS QVD Builder - IEP","a4787757-bc69-4abc-90da-9a5719c1a231","2025-03-31 23:56:39",512,0,"","99 - QVD Tasks",TRUE,TRUE,TRUE,TRUE
"ESS/IEP/Snapshots/Temp/IEP_Activity_Contact_20250430.QVD","IEP_Activity_Contact_20250430.QVD","01s ESS QVD Builder - IEP","a4787757-bc69-4abc-90da-9a5719c1a231","2025-05-01 00:08:47",481,0,"","99 - QVD Tasks",TRUE,TRUE,TRUE,FALSE
"ESS/IEP/Snapshots/Temp/IEP_Activity_Contact_20250531.QVD","IEP_Activity_Contact_20250531.QVD","01s ESS QVD Builder - IEP","a4787757-bc69-4abc-90da-9a5719c1a231","2025-06-03 00:48:43",448,0,"","99 - QVD Tasks",TRUE,TRUE,TRUE,FALSE
"ESS/IEP/Snapshots/Temp/IEP_Activity_Contact_20250630.QVD","IEP_Activity_Contact_20250630.QVD","01s ESS QVD Builder - IEP","a4787757-bc69-4abc-90da-9a5719c1a231","2025-07-01 02:13:28",420,0,"","99 - QVD Tasks",TRUE,TRUE,TRUE,FALSE
"ESS/IEP/Snapshots/Temp/IEP_Activity_Contact_20250731.QVD","IEP_Activity_Contact_20250731.QVD","01s ESS QVD Builder - IEP","a4787757-bc69-4abc-90da-9a5719c1a231","2025-08-01 05:00:50",389,0,"","99 - QVD Tasks",TRUE,TRUE,TRUE,FALSE
"ESS/IEP/Snapshots/Temp/IEP_Activity_Contact_20250831.QVD","IEP_Activity_Contact_20250831.QVD","01s ESS QVD Builder - IEP","a4787757-bc69-4abc-90da-9a5719c1a231","2025-09-01 00:43:21",358,0,"","99 - QVD Tasks",FALSE,TRUE,FALSE,FALSE
"ESS/IEP/Snapshots/Temp/IEP_Activity_Contact_20250930.QVD","IEP_Activity_Contact_20250930.QVD","01s ESS QVD Builder - IEP","a4787757-bc69-4abc-90da-9a5719c1a231","2025-10-01 00:36:33",328,0,"","99 - QVD Tasks",FALSE,TRUE,FALSE,FALSE
"ESS/IEP/Snapshots/Temp/IEP_Activity_Contact_20251231.QVD","IEP_Activity_Contact_20251231.QVD","01s ESS QVD Builder - IEP","a4787757-bc69-4abc-90da-9a5719c1a231","2026-01-01 21:16:28",236,0,"","99 - QVD Tasks",FALSE,TRUE,FALSE,FALSE
"ESS/IEP/Snapshots/Temp/IEP_Activity_Contact_20260228.QVD","IEP_Activity_Contact_20260228.QVD","01s ESS QVD Builder - IEP","a4787757-bc69-4abc-90da-9a5719c1a231","2026-03-02 21:56:57",176,0,"","99 - QVD Tasks",FALSE,TRUE,FALSE,FALSE
"ESS/IEP/Snapshots/Temp/IEP_Activity_Contact_20260430.QVD","IEP_Activity_Contact_20260430.QVD","01s ESS QVD Builder - IEP","a4787757-bc69-4abc-90da-9a5719c1a231","2026-05-01 03:46:36",116,0,"","99 - QVD Tasks",FALSE,TRUE,FALSE,FALSE
"ESS/IEP/Snapshots/Temp/IEP_Activity_Contact_20260531.QVD","IEP_Activity_Contact_20260531.QVD","01s ESS QVD Builder - IEP","a4787757-bc69-4abc-90da-9a5719c1a231","2026-06-03 01:06:36",83,0,"","99 - QVD Tasks",FALSE,TRUE,FALSE,FALSE
"ESS/IEP/Snapshots/Temp/IEP_Activity_Contact_20260630.QVD","IEP_Activity_Contact_20260630.QVD","01s ESS QVD Builder - IEP","a4787757-bc69-4abc-90da-9a5719c1a231","2026-07-01 01:37:52",55,0,"","99 - QVD Tasks",FALSE,TRUE,FALSE,FALSE
"ESS/IEP/Snapshots/Temp/IEP_Activity_Expenditure_20240331.QVD","IEP_Activity_Expenditure_20240331.QVD","01s ESS QVD Builder - IEP","a4787757-bc69-4abc-90da-9a5719c1a231","2024-04-16 01:12:34",861,0,"","99 - QVD Tasks",TRUE,TRUE,TRUE,FALSE
"ESS/IEP/Snapshots/Temp/IEP_Activity_Expenditure_20240430.QVD","IEP_Activity_Expenditure_20240430.QVD","01s ESS QVD Builder - IEP","a4787757-bc69-4abc-90da-9a5719c1a231","2024-05-01 05:27:48",846,0,"","99 - QVD Tasks",TRUE,TRUE,TRUE,FALSE
"ESS/IEP/Snapshots/Temp/IEP_Activity_Expenditure_20240531.QVD","IEP_Activity_Expenditure_20240531.QVD","01s ESS QVD Builder - IEP","a4787757-bc69-4abc-90da-9a5719c1a231","2024-06-01 10:28:26",815,0,"","99 - QVD Tasks",TRUE,TRUE,TRUE,FALSE
"ESS/IEP/Snapshots/Temp/IEP_Activity_Expenditure_20240630.QVD","IEP_Activity_Expenditure_20240630.QVD","01s ESS QVD Builder - IEP","a4787757-bc69-4abc-90da-9a5719c1a231","2024-07-08 01:52:33",778,0,"","99 - QVD Tasks",TRUE,TRUE,TRUE,FALSE
"ESS/IEP/Snapshots/Temp/IEP_Activity_Expenditure_20240731.QVD","IEP_Activity_Expenditure_20240731.QVD","01s ESS QVD Builder - IEP","a4787757-bc69-4abc-90da-9a5719c1a231","2024-08-01 04:47:45",754,0,"","99 - QVD Tasks",TRUE,TRUE,TRUE,FALSE
"ESS/IEP/Snapshots/Temp/IEP_Activity_Expenditure_20240831.QVD","IEP_Activity_Expenditure_20240831.QVD","01s ESS QVD Builder - IEP","a4787757-bc69-4abc-90da-9a5719c1a231","2024-09-04 00:33:15",720,0,"","99 - QVD Tasks",TRUE,TRUE,TRUE,FALSE
"ESS/IEP/Snapshots/Temp/IEP_Activity_Expenditure_20241031.QVD","IEP_Activity_Expenditure_20241031.QVD","01s ESS QVD Builder - IEP","a4787757-bc69-4abc-90da-9a5719c1a231","2024-11-03 22:26:31",660,0,"","99 - QVD Tasks",TRUE,TRUE,TRUE,FALSE
"ESS/IEP/Snapshots/Temp/IEP_Activity_Expenditure_20250131.QVD","IEP_Activity_Expenditure_20250131.QVD","01s ESS QVD Builder - IEP","a4787757-bc69-4abc-90da-9a5719c1a231","2025-02-05 22:33:05",566,0,"","99 - QVD Tasks",TRUE,TRUE,TRUE,FALSE
"ESS/IEP/Snapshots/Temp/IEP_Activity_Expenditure_20250228.QVD","IEP_Activity_Expenditure_20250228.QVD","01s ESS QVD Builder - IEP","a4787757-bc69-4abc-90da-9a5719c1a231","2025-03-03 07:00:01",540,0,"","99 - QVD Tasks",TRUE,TRUE,TRUE,FALSE
"ESS/IEP/Snapshots/Temp/IEP_Activity_Expenditure_20250331.QVD","IEP_Activity_Expenditure_20250331.QVD","01s ESS QVD Builder - IEP","a4787757-bc69-4abc-90da-9a5719c1a231","2025-03-31 23:56:40",512,0,"","99 - QVD Tasks",TRUE,TRUE,TRUE,TRUE
"ESS/IEP/Snapshots/Temp/IEP_Activity_Expenditure_20250430.QVD","IEP_Activity_Expenditure_20250430.QVD","01s ESS QVD Builder - IEP","a4787757-bc69-4abc-90da-9a5719c1a231","2025-05-01 00:08:48",481,0,"","99 - QVD Tasks",TRUE,TRUE,TRUE,FALSE
"ESS/IEP/Snapshots/Temp/IEP_Activity_Expenditure_20250531.QVD","IEP_Activity_Expenditure_20250531.QVD","01s ESS QVD Builder - IEP","a4787757-bc69-4abc-90da-9a5719c1a231","2025-06-03 00:48:44",448,0,"","99 - QVD Tasks",TRUE,TRUE,TRUE,FALSE
"ESS/IEP/Snapshots/Temp/IEP_Activity_Expenditure_20250630.QVD","IEP_Activity_Expenditure_20250630.QVD","01s ESS QVD Builder - IEP","a4787757-bc69-4abc-90da-9a5719c1a231","2025-07-01 02:13:28",420,0,"","99 - QVD Tasks",TRUE,TRUE,TRUE,FALSE
"ESS/IEP/Snapshots/Temp/IEP_Activity_Expenditure_20250731.QVD","IEP_Activity_Expenditure_20250731.QVD","01s ESS QVD Builder - IEP","a4787757-bc69-4abc-90da-9a5719c1a231","2025-08-01 05:00:51",389,0,"","99 - QVD Tasks",TRUE,TRUE,TRUE,FALSE
"ESS/IEP/Snapshots/Temp/IEP_Activity_Expenditure_20250831.QVD","IEP_Activity_Expenditure_20250831.QVD","01s ESS QVD Builder - IEP","a4787757-bc69-4abc-90da-9a5719c1a231","2025-09-01 00:43:21",358,0,"","99 - QVD Tasks",FALSE,TRUE,FALSE,FALSE
"ESS/IEP/Snapshots/Temp/IEP_Activity_Expenditure_20250930.QVD","IEP_Activity_Expenditure_20250930.QVD","01s ESS QVD Builder - IEP","a4787757-bc69-4abc-90da-9a5719c1a231","2025-10-01 00:36:34",328,0,"","99 - QVD Tasks",FALSE,TRUE,FALSE,FALSE
"ESS/IEP/Snapshots/Temp/IEP_Activity_Expenditure_20251231.QVD","IEP_Activity_Expenditure_20251231.QVD","01s ESS QVD Builder - IEP","a4787757-bc69-4abc-90da-9a5719c1a231","2026-01-01 21:16:29",236,0,"","99 - QVD Tasks",FALSE,TRUE,FALSE,FALSE
"ESS/IEP/Snapshots/Temp/IEP_Activity_Expenditure_20260228.QVD","IEP_Activity_Expenditure_20260228.QVD","01s ESS QVD Builder - IEP","a4787757-bc69-4abc-90da-9a5719c1a231","2026-03-02 21:56:59",176,0,"","99 - QVD Tasks",FALSE,TRUE,FALSE,FALSE
"ESS/IEP/Snapshots/Temp/IEP_Activity_Expenditure_20260430.QVD","IEP_Activity_Expenditure_20260430.QVD","01s ESS QVD Builder - IEP","a4787757-bc69-4abc-90da-9a5719c1a231","2026-05-01 03:46:37",116,0,"","99 - QVD Tasks",FALSE,TRUE,FALSE,FALSE
"ESS/IEP/Snapshots/Temp/IEP_Activity_Expenditure_20260531.QVD","IEP_Activity_Expenditure_20260531.QVD","01s ESS QVD Builder - IEP","a4787757-bc69-4abc-90da-9a5719c1a231","2026-06-03 01:06:38",83,0,"","99 - QVD Tasks",FALSE,TRUE,FALSE,FALSE
"ESS/IEP/Snapshots/Temp/IEP_Activity_Expenditure_20260630.QVD","IEP_Activity_Expenditure_20260630.QVD","01s ESS QVD Builder - IEP","a4787757-bc69-4abc-90da-9a5719c1a231","2026-07-01 01:37:54",55,0,"","99 - QVD Tasks",FALSE,TRUE,FALSE,FALSE
"ESS/IEP/Snapshots/Temp/IEP_Claim_Payments_20240331.QVD","IEP_Claim_Payments_20240331.QVD","01s ESS QVD Builder - IEP","a4787757-bc69-4abc-90da-9a5719c1a231","2024-04-16 01:12:36",861,0,"","99 - QVD Tasks",TRUE,TRUE,TRUE,FALSE
"ESS/IEP/Snapshots/Temp/IEP_Claim_Payments_20240430.QVD","IEP_Claim_Payments_20240430.QVD","01s ESS QVD Builder - IEP","a4787757-bc69-4abc-90da-9a5719c1a231","2024-05-01 05:27:50",846,0,"","99 - QVD Tasks",TRUE,TRUE,TRUE,FALSE
"ESS/IEP/Snapshots/Temp/IEP_Claim_Payments_20240531.QVD","IEP_Claim_Payments_20240531.QVD","01s ESS QVD Builder - IEP","a4787757-bc69-4abc-90da-9a5719c1a231","2024-06-01 10:28:28",815,0,"","99 - QVD Tasks",TRUE,TRUE,TRUE,FALSE
"ESS/IEP/Snapshots/Temp/IEP_Claim_Payments_20240630.QVD","IEP_Claim_Payments_20240630.QVD","01s ESS QVD Builder - IEP","a4787757-bc69-4abc-90da-9a5719c1a231","2024-07-08 01:52:35",778,0,"","99 - QVD Tasks",TRUE,TRUE,TRUE,FALSE
"ESS/IEP/Snapshots/Temp/IEP_Claim_Payments_20240731.QVD","IEP_Claim_Payments_20240731.QVD","01s ESS QVD Builder - IEP","a4787757-bc69-4abc-90da-9a5719c1a231","2024-08-01 04:47:48",754,0,"","99 - QVD Tasks",TRUE,TRUE,TRUE,FALSE
"ESS/IEP/Snapshots/Temp/IEP_Claim_Payments_20240831.QVD","IEP_Claim_Payments_20240831.QVD","01s ESS QVD Builder - IEP","a4787757-bc69-4abc-90da-9a5719c1a231","2024-09-04 00:33:17",720,0,"","99 - QVD Tasks",TRUE,TRUE,TRUE,FALSE
"ESS/IEP/Snapshots/Temp/IEP_Claim_Payments_20241031.QVD","IEP_Claim_Payments_20241031.QVD","01s ESS QVD Builder - IEP","a4787757-bc69-4abc-90da-9a5719c1a231","2024-11-03 22:26:33",660,0,"","99 - QVD Tasks",TRUE,TRUE,TRUE,FALSE
"ESS/IEP/Snapshots/Temp/IEP_Claim_Payments_20250131.QVD","IEP_Claim_Payments_20250131.QVD","01s ESS QVD Builder - IEP","a4787757-bc69-4abc-90da-9a5719c1a231","2025-02-05 22:33:07",566,0,"","99 - QVD Tasks",TRUE,TRUE,TRUE,FALSE
"ESS/IEP/Snapshots/Temp/IEP_Claim_Payments_20250228.QVD","IEP_Claim_Payments_20250228.QVD","01s ESS QVD Builder - IEP","a4787757-bc69-4abc-90da-9a5719c1a231","2025-03-03 07:00:03",540,0,"","99 - QVD Tasks",TRUE,TRUE,TRUE,FALSE
"ESS/IEP/Snapshots/Temp/IEP_Claim_Payments_20250331.QVD","IEP_Claim_Payments_20250331.QVD","01s ESS QVD Builder - IEP","a4787757-bc69-4abc-90da-9a5719c1a231","2025-03-31 23:56:42",512,0,"","99 - QVD Tasks",TRUE,TRUE,TRUE,TRUE
"ESS/IEP/Snapshots/Temp/IEP_Claim_Payments_20250430.QVD","IEP_Claim_Payments_20250430.QVD","01s ESS QVD Builder - IEP","a4787757-bc69-4abc-90da-9a5719c1a231","2025-05-01 00:08:50",481,0,"","99 - QVD Tasks",TRUE,TRUE,TRUE,FALSE
"ESS/IEP/Snapshots/Temp/IEP_Claim_Payments_20250531.QVD","IEP_Claim_Payments_20250531.QVD","01s ESS QVD Builder - IEP","a4787757-bc69-4abc-90da-9a5719c1a231","2025-06-03 00:48:46",448,0,"","99 - QVD Tasks",TRUE,TRUE,TRUE,FALSE
"ESS/IEP/Snapshots/Temp/IEP_Claim_Payments_20250630.QVD","IEP_Claim_Payments_20250630.QVD","01s ESS QVD Builder - IEP","a4787757-bc69-4abc-90da-9a5719c1a231","2025-07-01 02:13:31",420,0,"","99 - QVD Tasks",TRUE,TRUE,TRUE,FALSE
"ESS/IEP/Snapshots/Temp/IEP_Claim_Payments_20250731.QVD","IEP_Claim_Payments_20250731.QVD","01s ESS QVD Builder - IEP","a4787757-bc69-4abc-90da-9a5719c1a231","2025-08-01 05:00:56",389,0,"","99 - QVD Tasks",TRUE,TRUE,TRUE,FALSE
"ESS/IEP/Snapshots/Temp/IEP_Claim_Payments_20250831.QVD","IEP_Claim_Payments_20250831.QVD","01s ESS QVD Builder - IEP","a4787757-bc69-4abc-90da-9a5719c1a231","2025-09-01 00:43:24",358,0,"","99 - QVD Tasks",FALSE,TRUE,FALSE,FALSE
"ESS/IEP/Snapshots/Temp/IEP_Claim_Payments_20250930.QVD","IEP_Claim_Payments_20250930.QVD","01s ESS QVD Builder - IEP","a4787757-bc69-4abc-90da-9a5719c1a231","2025-10-01 00:36:36",328,0,"","99 - QVD Tasks",FALSE,TRUE,FALSE,FALSE
"ESS/IEP/Snapshots/Temp/IEP_Claim_Payments_20251231.QVD","IEP_Claim_Payments_20251231.QVD","01s ESS QVD Builder - IEP","a4787757-bc69-4abc-90da-9a5719c1a231","2026-01-01 21:16:35",236,0,"","99 - QVD Tasks",FALSE,TRUE,FALSE,FALSE
"ESS/IEP/Snapshots/Temp/IEP_Claim_Payments_20260228.QVD","IEP_Claim_Payments_20260228.QVD","01s ESS QVD Builder - IEP","a4787757-bc69-4abc-90da-9a5719c1a231","2026-03-02 21:57:03",176,0,"","99 - QVD Tasks",FALSE,TRUE,FALSE,FALSE
"ESS/IEP/Snapshots/Temp/IEP_Claim_Payments_20260430.QVD","IEP_Claim_Payments_20260430.QVD","01s ESS QVD Builder - IEP","a4787757-bc69-4abc-90da-9a5719c1a231","2026-05-01 03:46:39",116,0,"","99 - QVD Tasks",FALSE,TRUE,FALSE,FALSE
"ESS/IEP/Snapshots/Temp/IEP_Claim_Payments_20260531.QVD","IEP_Claim_Payments_20260531.QVD","01s ESS QVD Builder - IEP","a4787757-bc69-4abc-90da-9a5719c1a231","2026-06-03 01:06:40",83,0,"","99 - QVD Tasks",FALSE,TRUE,FALSE,FALSE
"ESS/IEP/Snapshots/Temp/IEP_Claim_Payments_20260630.QVD","IEP_Claim_Payments_20260630.QVD","01s ESS QVD Builder - IEP","a4787757-bc69-4abc-90da-9a5719c1a231","2026-07-01 01:37:56",55,0,"","99 - QVD Tasks",FALSE,TRUE,FALSE,FALSE
"ESS/IEP/Snapshots/Temp/IEP_Job_Seeker_20240331.QVD","IEP_Job_Seeker_20240331.QVD","01s ESS QVD Builder - IEP","a4787757-bc69-4abc-90da-9a5719c1a231","2024-04-16 01:12:39",861,0,"","99 - QVD Tasks",TRUE,TRUE,TRUE,FALSE
"ESS/IEP/Snapshots/Temp/IEP_Job_Seeker_20240430.QVD","IEP_Job_Seeker_20240430.QVD","01s ESS QVD Builder - IEP","a4787757-bc69-4abc-90da-9a5719c1a231","2024-05-01 05:27:52",846,0,"","99 - QVD Tasks",TRUE,TRUE,TRUE,FALSE
"ESS/IEP/Snapshots/Temp/IEP_Job_Seeker_20240531.QVD","IEP_Job_Seeker_20240531.QVD","01s ESS QVD Builder - IEP","a4787757-bc69-4abc-90da-9a5719c1a231","2024-06-01 10:28:31",815,0,"","99 - QVD Tasks",TRUE,TRUE,TRUE,FALSE
"ESS/IEP/Snapshots/Temp/IEP_Job_Seeker_20240630.QVD","IEP_Job_Seeker_20240630.QVD","01s ESS QVD Builder - IEP","a4787757-bc69-4abc-90da-9a5719c1a231","2024-07-08 01:52:38",778,0,"","99 - QVD Tasks",TRUE,TRUE,TRUE,FALSE
"ESS/IEP/Snapshots/Temp/IEP_Job_Seeker_20240731.QVD","IEP_Job_Seeker_20240731.QVD","01s ESS QVD Builder - IEP","a4787757-bc69-4abc-90da-9a5719c1a231","2024-08-01 04:47:50",754,0,"","99 - QVD Tasks",TRUE,TRUE,TRUE,FALSE
"ESS/IEP/Snapshots/Temp/IEP_Job_Seeker_20240831.QVD","IEP_Job_Seeker_20240831.QVD","01s ESS QVD Builder - IEP","a4787757-bc69-4abc-90da-9a5719c1a231","2024-09-04 00:33:20",720,0,"","99 - QVD Tasks",TRUE,TRUE,TRUE,FALSE
"ESS/IEP/Snapshots/Temp/IEP_Job_Seeker_20241031.QVD","IEP_Job_Seeker_20241031.QVD","01s ESS QVD Builder - IEP","a4787757-bc69-4abc-90da-9a5719c1a231","2024-11-03 22:26:36",660,0,"","99 - QVD Tasks",TRUE,TRUE,TRUE,FALSE
"ESS/IEP/Snapshots/Temp/IEP_Job_Seeker_20250131.QVD","IEP_Job_Seeker_20250131.QVD","01s ESS QVD Builder - IEP","a4787757-bc69-4abc-90da-9a5719c1a231","2025-02-05 22:33:12",566,0,"","99 - QVD Tasks",TRUE,TRUE,TRUE,FALSE
"ESS/IEP/Snapshots/Temp/IEP_Job_Seeker_20250228.QVD","IEP_Job_Seeker_20250228.QVD","01s ESS QVD Builder - IEP","a4787757-bc69-4abc-90da-9a5719c1a231","2025-03-03 07:00:04",540,0,"","99 - QVD Tasks",TRUE,TRUE,TRUE,FALSE
"ESS/IEP/Snapshots/Temp/IEP_Job_Seeker_20250331.QVD","IEP_Job_Seeker_20250331.QVD","01s ESS QVD Builder - IEP","a4787757-bc69-4abc-90da-9a5719c1a231","2025-03-31 23:56:43",512,0,"","99 - QVD Tasks",TRUE,TRUE,TRUE,TRUE
"ESS/IEP/Snapshots/Temp/IEP_Job_Seeker_20250430.QVD","IEP_Job_Seeker_20250430.QVD","01s ESS QVD Builder - IEP","a4787757-bc69-4abc-90da-9a5719c1a231","2025-05-01 00:08:53",481,0,"","99 - QVD Tasks",TRUE,TRUE,TRUE,FALSE
"ESS/IEP/Snapshots/Temp/IEP_Job_Seeker_20250531.QVD","IEP_Job_Seeker_20250531.QVD","01s ESS QVD Builder - IEP","a4787757-bc69-4abc-90da-9a5719c1a231","2025-06-03 00:48:48",448,0,"","99 - QVD Tasks",TRUE,TRUE,TRUE,FALSE
"ESS/IEP/Snapshots/Temp/IEP_Job_Seeker_20250630.QVD","IEP_Job_Seeker_20250630.QVD","01s ESS QVD Builder - IEP","a4787757-bc69-4abc-90da-9a5719c1a231","2025-07-01 02:13:32",420,0,"","99 - QVD Tasks",TRUE,TRUE,TRUE,FALSE
"ESS/IEP/Snapshots/Temp/IEP_Job_Seeker_20250731.QVD","IEP_Job_Seeker_20250731.QVD","01s ESS QVD Builder - IEP","a4787757-bc69-4abc-90da-9a5719c1a231","2025-08-01 05:01:04",389,0,"","99 - QVD Tasks",TRUE,TRUE,TRUE,FALSE
"ESS/IEP/Snapshots/Temp/IEP_Job_Seeker_20250831.QVD","IEP_Job_Seeker_20250831.QVD","01s ESS QVD Builder - IEP","a4787757-bc69-4abc-90da-9a5719c1a231","2025-09-01 00:43:25",358,0,"","99 - QVD Tasks",FALSE,TRUE,FALSE,FALSE
"ESS/IEP/Snapshots/Temp/IEP_Job_Seeker_20250930.QVD","IEP_Job_Seeker_20250930.QVD","01s ESS QVD Builder - IEP","a4787757-bc69-4abc-90da-9a5719c1a231","2025-10-01 00:36:38",328,0,"","99 - QVD Tasks",FALSE,TRUE,FALSE,FALSE
"ESS/IEP/Snapshots/Temp/IEP_Job_Seeker_20251231.QVD","IEP_Job_Seeker_20251231.QVD","01s ESS QVD Builder - IEP","a4787757-bc69-4abc-90da-9a5719c1a231","2026-01-01 21:16:42",236,0,"","99 - QVD Tasks",FALSE,TRUE,FALSE,FALSE
"ESS/IEP/Snapshots/Temp/IEP_Job_Seeker_20260228.QVD","IEP_Job_Seeker_20260228.QVD","01s ESS QVD Builder - IEP","a4787757-bc69-4abc-90da-9a5719c1a231","2026-03-02 21:57:06",176,0,"","99 - QVD Tasks",FALSE,TRUE,FALSE,FALSE
"ESS/IEP/Snapshots/Temp/IEP_Job_Seeker_20260430.QVD","IEP_Job_Seeker_20260430.QVD","01s ESS QVD Builder - IEP","a4787757-bc69-4abc-90da-9a5719c1a231","2026-05-01 03:46:41",116,0,"","99 - QVD Tasks",FALSE,TRUE,FALSE,FALSE
"ESS/IEP/Snapshots/Temp/IEP_Job_Seeker_20260531.QVD","IEP_Job_Seeker_20260531.QVD","01s ESS QVD Builder - IEP","a4787757-bc69-4abc-90da-9a5719c1a231","2026-06-03 01:06:42",83,0,"","99 - QVD Tasks",FALSE,TRUE,FALSE,FALSE
"ESS/IEP/Snapshots/Temp/IEP_Job_Seeker_20260630.QVD","IEP_Job_Seeker_20260630.QVD","01s ESS QVD Builder - IEP","a4787757-bc69-4abc-90da-9a5719c1a231","2026-07-01 01:37:57",55,0,"","99 - QVD Tasks",FALSE,TRUE,FALSE,FALSE
"ESS/IEP/Snapshots/Temp/IEP_Locations_20240331.QVD","IEP_Locations_20240331.QVD","01s ESS QVD Builder - IEP","a4787757-bc69-4abc-90da-9a5719c1a231","2024-04-16 01:12:39",861,0,"","99 - QVD Tasks",TRUE,TRUE,TRUE,FALSE
"ESS/IEP/Snapshots/Temp/IEP_Locations_20240430.QVD","IEP_Locations_20240430.QVD","01s ESS QVD Builder - IEP","a4787757-bc69-4abc-90da-9a5719c1a231","2024-05-01 05:27:53",846,0,"","99 - QVD Tasks",TRUE,TRUE,TRUE,FALSE
"ESS/IEP/Snapshots/Temp/IEP_Locations_20240531.QVD","IEP_Locations_20240531.QVD","01s ESS QVD Builder - IEP","a4787757-bc69-4abc-90da-9a5719c1a231","2024-06-01 10:28:31",815,0,"","99 - QVD Tasks",TRUE,TRUE,TRUE,FALSE
"ESS/IEP/Snapshots/Temp/IEP_Locations_20240630.QVD","IEP_Locations_20240630.QVD","01s ESS QVD Builder - IEP","a4787757-bc69-4abc-90da-9a5719c1a231","2024-07-08 01:52:38",778,0,"","99 - QVD Tasks",TRUE,TRUE,TRUE,FALSE
"ESS/IEP/Snapshots/Temp/IEP_Locations_20240731.QVD","IEP_Locations_20240731.QVD","01s ESS QVD Builder - IEP","a4787757-bc69-4abc-90da-9a5719c1a231","2024-08-01 04:47:50",754,0,"","99 - QVD Tasks",TRUE,TRUE,TRUE,FALSE
"ESS/IEP/Snapshots/Temp/IEP_Locations_20240831.QVD","IEP_Locations_20240831.QVD","01s ESS QVD Builder - IEP","a4787757-bc69-4abc-90da-9a5719c1a231","2024-09-04 00:33:21",720,0,"","99 - QVD Tasks",TRUE,TRUE,TRUE,FALSE
"ESS/IEP/Snapshots/Temp/IEP_Locations_20241031.QVD","IEP_Locations_20241031.QVD","01s ESS QVD Builder - IEP","a4787757-bc69-4abc-90da-9a5719c1a231","2024-11-03 22:26:36",660,0,"","99 - QVD Tasks",TRUE,TRUE,TRUE,FALSE
"ESS/IEP/Snapshots/Temp/IEP_Locations_20250131.QVD","IEP_Locations_20250131.QVD","01s ESS QVD Builder - IEP","a4787757-bc69-4abc-90da-9a5719c1a231","2025-02-05 22:33:14",566,0,"","99 - QVD Tasks",TRUE,TRUE,TRUE,FALSE
"ESS/IEP/Snapshots/Temp/IEP_Locations_20250228.QVD","IEP_Locations_20250228.QVD","01s ESS QVD Builder - IEP","a4787757-bc69-4abc-90da-9a5719c1a231","2025-03-03 07:00:05",540,0,"","99 - QVD Tasks",TRUE,TRUE,TRUE,FALSE
"ESS/IEP/Snapshots/Temp/IEP_Locations_20250331.QVD","IEP_Locations_20250331.QVD","01s ESS QVD Builder - IEP","a4787757-bc69-4abc-90da-9a5719c1a231","2025-03-31 23:56:43",512,0,"","99 - QVD Tasks",TRUE,TRUE,TRUE,TRUE
"ESS/IEP/Snapshots/Temp/IEP_Locations_20250430.QVD","IEP_Locations_20250430.QVD","01s ESS QVD Builder - IEP","a4787757-bc69-4abc-90da-9a5719c1a231","2025-05-01 00:08:53",481,0,"","99 - QVD Tasks",TRUE,TRUE,TRUE,FALSE
"ESS/IEP/Snapshots/Temp/IEP_Locations_20250531.QVD","IEP_Locations_20250531.QVD","01s ESS QVD Builder - IEP","a4787757-bc69-4abc-90da-9a5719c1a231","2025-06-03 00:48:48",448,0,"","99 - QVD Tasks",TRUE,TRUE,TRUE,FALSE
"ESS/IEP/Snapshots/Temp/IEP_Locations_20250630.QVD","IEP_Locations_20250630.QVD","01s ESS QVD Builder - IEP","a4787757-bc69-4abc-90da-9a5719c1a231","2025-07-01 02:13:33",420,0,"","99 - QVD Tasks",TRUE,TRUE,TRUE,FALSE
"ESS/IEP/Snapshots/Temp/IEP_Locations_20250731.QVD","IEP_Locations_20250731.QVD","01s ESS QVD Builder - IEP","a4787757-bc69-4abc-90da-9a5719c1a231","2025-08-01 05:01:05",389,0,"","99 - QVD Tasks",TRUE,TRUE,TRUE,FALSE
"ESS/IEP/Snapshots/Temp/IEP_Locations_20250831.QVD","IEP_Locations_20250831.QVD","01s ESS QVD Builder - IEP","a4787757-bc69-4abc-90da-9a5719c1a231","2025-09-01 00:43:26",358,0,"","99 - QVD Tasks",FALSE,TRUE,FALSE,FALSE
"ESS/IEP/Snapshots/Temp/IEP_Locations_20250930.QVD","IEP_Locations_20250930.QVD","01s ESS QVD Builder - IEP","a4787757-bc69-4abc-90da-9a5719c1a231","2025-10-01 00:36:38",328,0,"","99 - QVD Tasks",FALSE,TRUE,FALSE,FALSE
"ESS/IEP/Snapshots/Temp/IEP_Locations_20251231.QVD","IEP_Locations_20251231.QVD","01s ESS QVD Builder - IEP","a4787757-bc69-4abc-90da-9a5719c1a231","2026-01-01 21:16:43",236,0,"","99 - QVD Tasks",FALSE,TRUE,FALSE,FALSE
"ESS/IEP/Snapshots/Temp/IEP_Locations_20260228.QVD","IEP_Locations_20260228.QVD","01s ESS QVD Builder - IEP","a4787757-bc69-4abc-90da-9a5719c1a231","2026-03-02 21:57:07",176,0,"","99 - QVD Tasks",FALSE,TRUE,FALSE,FALSE
"ESS/IEP/Snapshots/Temp/IEP_Locations_20260430.QVD","IEP_Locations_20260430.QVD","01s ESS QVD Builder - IEP","a4787757-bc69-4abc-90da-9a5719c1a231","2026-05-01 03:46:42",116,0,"","99 - QVD Tasks",FALSE,TRUE,FALSE,FALSE
"ESS/IEP/Snapshots/Temp/IEP_Locations_20260531.QVD","IEP_Locations_20260531.QVD","01s ESS QVD Builder - IEP","a4787757-bc69-4abc-90da-9a5719c1a231","2026-06-03 01:06:43",83,0,"","99 - QVD Tasks",FALSE,TRUE,FALSE,FALSE
"ESS/IEP/Snapshots/Temp/IEP_Locations_20260630.QVD","IEP_Locations_20260630.QVD","01s ESS QVD Builder - IEP","a4787757-bc69-4abc-90da-9a5719c1a231","2026-07-01 01:37:58",55,0,"","99 - QVD Tasks",FALSE,TRUE,FALSE,FALSE
"ESS/IEP/Snapshots/Temp/IEP_Outcome_20240331.QVD","IEP_Outcome_20240331.QVD","01s ESS QVD Builder - IEP","a4787757-bc69-4abc-90da-9a5719c1a231","2024-04-16 01:12:51",861,0,"","99 - QVD Tasks",TRUE,TRUE,TRUE,FALSE
"ESS/IEP/Snapshots/Temp/IEP_Outcome_20240430.QVD","IEP_Outcome_20240430.QVD","01s ESS QVD Builder - IEP","a4787757-bc69-4abc-90da-9a5719c1a231","2024-05-01 05:28:04",846,0,"","99 - QVD Tasks",TRUE,TRUE,TRUE,FALSE
"ESS/IEP/Snapshots/Temp/IEP_Outcome_20240531.QVD","IEP_Outcome_20240531.QVD","01s ESS QVD Builder - IEP","a4787757-bc69-4abc-90da-9a5719c1a231","2024-06-01 10:28:43",815,0,"","99 - QVD Tasks",TRUE,TRUE,TRUE,FALSE
"ESS/IEP/Snapshots/Temp/IEP_Outcome_20240630.QVD","IEP_Outcome_20240630.QVD","01s ESS QVD Builder - IEP","a4787757-bc69-4abc-90da-9a5719c1a231","2024-07-08 01:52:50",778,0,"","99 - QVD Tasks",TRUE,TRUE,TRUE,FALSE
"ESS/IEP/Snapshots/Temp/IEP_Outcome_20240731.QVD","IEP_Outcome_20240731.QVD","01s ESS QVD Builder - IEP","a4787757-bc69-4abc-90da-9a5719c1a231","2024-08-01 04:48:02",754,0,"","99 - QVD Tasks",TRUE,TRUE,TRUE,FALSE
"ESS/IEP/Snapshots/Temp/IEP_Outcome_20240831.QVD","IEP_Outcome_20240831.QVD","01s ESS QVD Builder - IEP","a4787757-bc69-4abc-90da-9a5719c1a231","2024-09-04 00:33:34",720,0,"","99 - QVD Tasks",TRUE,TRUE,TRUE,FALSE
"ESS/IEP/Snapshots/Temp/IEP_Outcome_20241031.QVD","IEP_Outcome_20241031.QVD","01s ESS QVD Builder - IEP","a4787757-bc69-4abc-90da-9a5719c1a231","2024-11-03 22:26:39",660,0,"","99 - QVD Tasks",TRUE,TRUE,TRUE,FALSE
"ESS/IEP/Snapshots/Temp/IEP_Outcome_20250131.QVD","IEP_Outcome_20250131.QVD","01s ESS QVD Builder - IEP","a4787757-bc69-4abc-90da-9a5719c1a231","2025-02-05 22:33:20",566,0,"","99 - QVD Tasks",TRUE,TRUE,TRUE,FALSE
"ESS/IEP/Snapshots/Temp/IEP_Outcome_20250228.QVD","IEP_Outcome_20250228.QVD","01s ESS QVD Builder - IEP","a4787757-bc69-4abc-90da-9a5719c1a231","2025-03-03 07:00:12",540,0,"","99 - QVD Tasks",TRUE,TRUE,TRUE,FALSE
"ESS/IEP/Snapshots/Temp/IEP_Outcome_20250331.QVD","IEP_Outcome_20250331.QVD","01s ESS QVD Builder - IEP","a4787757-bc69-4abc-90da-9a5719c1a231","2025-03-31 23:56:46",512,0,"","99 - QVD Tasks",TRUE,TRUE,TRUE,TRUE
"ESS/IEP/Snapshots/Temp/IEP_Outcome_20250430.QVD","IEP_Outcome_20250430.QVD","01s ESS QVD Builder - IEP","a4787757-bc69-4abc-90da-9a5719c1a231","2025-05-01 00:08:56",481,0,"","99 - QVD Tasks",TRUE,TRUE,TRUE,FALSE
"ESS/IEP/Snapshots/Temp/IEP_Outcome_20250531.QVD","IEP_Outcome_20250531.QVD","01s ESS QVD Builder - IEP","a4787757-bc69-4abc-90da-9a5719c1a231","2025-06-03 00:48:51",448,0,"","99 - QVD Tasks",TRUE,TRUE,TRUE,FALSE
"ESS/IEP/Snapshots/Temp/IEP_Outcome_20250630.QVD","IEP_Outcome_20250630.QVD","01s ESS QVD Builder - IEP","a4787757-bc69-4abc-90da-9a5719c1a231","2025-07-01 02:13:36",420,0,"","99 - QVD Tasks",TRUE,TRUE,TRUE,FALSE
"ESS/IEP/Snapshots/Temp/IEP_Outcome_20250731.QVD","IEP_Outcome_20250731.QVD","01s ESS QVD Builder - IEP","a4787757-bc69-4abc-90da-9a5719c1a231","2025-08-01 05:01:09",389,0,"","99 - QVD Tasks",TRUE,TRUE,TRUE,FALSE
"ESS/IEP/Snapshots/Temp/IEP_Outcome_20250831.QVD","IEP_Outcome_20250831.QVD","01s ESS QVD Builder - IEP","a4787757-bc69-4abc-90da-9a5719c1a231","2025-09-01 00:43:29",358,0,"","99 - QVD Tasks",FALSE,TRUE,FALSE,FALSE
"ESS/IEP/Snapshots/Temp/IEP_Outcome_20250930.QVD","IEP_Outcome_20250930.QVD","01s ESS QVD Builder - IEP","a4787757-bc69-4abc-90da-9a5719c1a231","2025-10-01 00:36:41",328,0,"","99 - QVD Tasks",FALSE,TRUE,FALSE,FALSE
"ESS/IEP/Snapshots/Temp/IEP_Outcome_20251231.QVD","IEP_Outcome_20251231.QVD","01s ESS QVD Builder - IEP","a4787757-bc69-4abc-90da-9a5719c1a231","2026-01-01 21:16:47",236,0,"","99 - QVD Tasks",FALSE,TRUE,FALSE,FALSE
"ESS/IEP/Snapshots/Temp/IEP_Outcome_20260228.QVD","IEP_Outcome_20260228.QVD","01s ESS QVD Builder - IEP","a4787757-bc69-4abc-90da-9a5719c1a231","2026-03-02 21:57:11",176,0,"","99 - QVD Tasks",FALSE,TRUE,FALSE,FALSE
"ESS/IEP/Snapshots/Temp/IEP_Outcome_20260430.QVD","IEP_Outcome_20260430.QVD","01s ESS QVD Builder - IEP","a4787757-bc69-4abc-90da-9a5719c1a231","2026-05-01 03:46:45",116,0,"","99 - QVD Tasks",FALSE,TRUE,FALSE,FALSE
"ESS/IEP/Snapshots/Temp/IEP_Outcome_20260531.QVD","IEP_Outcome_20260531.QVD","01s ESS QVD Builder - IEP","a4787757-bc69-4abc-90da-9a5719c1a231","2026-06-03 01:06:47",83,0,"","99 - QVD Tasks",FALSE,TRUE,FALSE,FALSE
"ESS/IEP/Snapshots/Temp/IEP_Outcome_20260630.QVD","IEP_Outcome_20260630.QVD","01s ESS QVD Builder - IEP","a4787757-bc69-4abc-90da-9a5719c1a231","2026-07-01 01:38:01",55,0,"","99 - QVD Tasks",FALSE,TRUE,FALSE,FALSE
"ESS/IEP/Snapshots/Temp/IEP_Placement_20240331.QVD","IEP_Placement_20240331.QVD","01s ESS QVD Builder - IEP","a4787757-bc69-4abc-90da-9a5719c1a231","2024-04-16 01:13:13",861,0,"","99 - QVD Tasks",TRUE,TRUE,TRUE,FALSE
"ESS/IEP/Snapshots/Temp/IEP_Placement_20240430.QVD","IEP_Placement_20240430.QVD","01s ESS QVD Builder - IEP","a4787757-bc69-4abc-90da-9a5719c1a231","2024-05-01 05:28:19",846,0,"","99 - QVD Tasks",TRUE,TRUE,TRUE,FALSE
"ESS/IEP/Snapshots/Temp/IEP_Placement_20240531.QVD","IEP_Placement_20240531.QVD","01s ESS QVD Builder - IEP","a4787757-bc69-4abc-90da-9a5719c1a231","2024-06-01 10:28:58",815,0,"","99 - QVD Tasks",TRUE,TRUE,TRUE,FALSE
"ESS/IEP/Snapshots/Temp/IEP_Placement_20240630.QVD","IEP_Placement_20240630.QVD","01s ESS QVD Builder - IEP","a4787757-bc69-4abc-90da-9a5719c1a231","2024-07-08 01:53:06",778,0,"","99 - QVD Tasks",TRUE,TRUE,TRUE,FALSE
"ESS/IEP/Snapshots/Temp/IEP_Placement_20240731.QVD","IEP_Placement_20240731.QVD","01s ESS QVD Builder - IEP","a4787757-bc69-4abc-90da-9a5719c1a231","2024-08-01 04:48:24",754,0,"","99 - QVD Tasks",TRUE,TRUE,TRUE,FALSE
"ESS/IEP/Snapshots/Temp/IEP_Placement_20240831.QVD","IEP_Placement_20240831.QVD","01s ESS QVD Builder - IEP","a4787757-bc69-4abc-90da-9a5719c1a231","2024-09-04 00:33:49",720,0,"","99 - QVD Tasks",TRUE,TRUE,TRUE,FALSE
"ESS/IEP/Snapshots/Temp/IEP_Placement_20241031.QVD","IEP_Placement_20241031.QVD","01s ESS QVD Builder - IEP","a4787757-bc69-4abc-90da-9a5719c1a231","2024-11-03 22:26:47",660,0,"","99 - QVD Tasks",TRUE,TRUE,TRUE,FALSE
"ESS/IEP/Snapshots/Temp/IEP_Placement_20250131.QVD","IEP_Placement_20250131.QVD","01s ESS QVD Builder - IEP","a4787757-bc69-4abc-90da-9a5719c1a231","2025-02-05 22:33:29",566,0,"","99 - QVD Tasks",TRUE,TRUE,TRUE,FALSE
"ESS/IEP/Snapshots/Temp/IEP_Placement_20250228.QVD","IEP_Placement_20250228.QVD","01s ESS QVD Builder - IEP","a4787757-bc69-4abc-90da-9a5719c1a231","2025-03-03 07:00:59",540,0,"","99 - QVD Tasks",TRUE,TRUE,TRUE,FALSE
"ESS/IEP/Snapshots/Temp/IEP_Placement_20250331.QVD","IEP_Placement_20250331.QVD","01s ESS QVD Builder - IEP","a4787757-bc69-4abc-90da-9a5719c1a231","2025-03-31 23:57:02",512,0,"","99 - QVD Tasks",TRUE,TRUE,TRUE,FALSE
"ESS/IEP/Snapshots/Temp/IEP_Placement_20250430.QVD","IEP_Placement_20250430.QVD","01s ESS QVD Builder - IEP","a4787757-bc69-4abc-90da-9a5719c1a231","2025-05-01 00:09:12",481,0,"","99 - QVD Tasks",TRUE,TRUE,TRUE,FALSE
"ESS/IEP/Snapshots/Temp/IEP_Placement_20250531.QVD","IEP_Placement_20250531.QVD","01s ESS QVD Builder - IEP","a4787757-bc69-4abc-90da-9a5719c1a231","2025-06-03 00:49:06",448,0,"","99 - QVD Tasks",TRUE,TRUE,TRUE,FALSE
"ESS/IEP/Snapshots/Temp/IEP_Placement_20250630.QVD","IEP_Placement_20250630.QVD","01s ESS QVD Builder - IEP","a4787757-bc69-4abc-90da-9a5719c1a231","2025-07-01 02:13:44",420,0,"","99 - QVD Tasks",TRUE,TRUE,TRUE,FALSE
"ESS/IEP/Snapshots/Temp/IEP_Placement_20250731.QVD","IEP_Placement_20250731.QVD","01s ESS QVD Builder - IEP","a4787757-bc69-4abc-90da-9a5719c1a231","2025-08-01 05:01:22",389,0,"","99 - QVD Tasks",TRUE,TRUE,TRUE,FALSE
"ESS/IEP/Snapshots/Temp/IEP_Placement_20250831.QVD","IEP_Placement_20250831.QVD","01s ESS QVD Builder - IEP","a4787757-bc69-4abc-90da-9a5719c1a231","2025-09-01 00:43:36",358,0,"","99 - QVD Tasks",FALSE,TRUE,FALSE,FALSE
"ESS/IEP/Snapshots/Temp/IEP_Placement_20250930.QVD","IEP_Placement_20250930.QVD","01s ESS QVD Builder - IEP","a4787757-bc69-4abc-90da-9a5719c1a231","2025-10-01 00:36:49",328,0,"","99 - QVD Tasks",FALSE,TRUE,FALSE,FALSE
"ESS/IEP/Snapshots/Temp/IEP_Placement_20251231.QVD","IEP_Placement_20251231.QVD","01s ESS QVD Builder - IEP","a4787757-bc69-4abc-90da-9a5719c1a231","2026-01-01 21:16:56",236,0,"","99 - QVD Tasks",FALSE,TRUE,FALSE,FALSE
"ESS/IEP/Snapshots/Temp/IEP_Placement_20260228.QVD","IEP_Placement_20260228.QVD","01s ESS QVD Builder - IEP","a4787757-bc69-4abc-90da-9a5719c1a231","2026-03-02 21:57:22",176,0,"","99 - QVD Tasks",FALSE,TRUE,FALSE,FALSE
"ESS/IEP/Snapshots/Temp/IEP_Placement_20260430.QVD","IEP_Placement_20260430.QVD","01s ESS QVD Builder - IEP","a4787757-bc69-4abc-90da-9a5719c1a231","2026-05-01 03:47:00",116,0,"","99 - QVD Tasks",FALSE,TRUE,FALSE,FALSE
"ESS/IEP/Snapshots/Temp/IEP_Placement_20260531.QVD","IEP_Placement_20260531.QVD","01s ESS QVD Builder - IEP","a4787757-bc69-4abc-90da-9a5719c1a231","2026-06-03 01:07:01",83,0,"","99 - QVD Tasks",FALSE,TRUE,FALSE,FALSE
"ESS/IEP/Snapshots/Temp/IEP_Placement_20260630.QVD","IEP_Placement_20260630.QVD","01s ESS QVD Builder - IEP","a4787757-bc69-4abc-90da-9a5719c1a231","2026-07-01 01:38:09",55,0,"","99 - QVD Tasks",FALSE,TRUE,FALSE,FALSE
"ESS/IEP/Snapshots/Temp/IEP_Provider_20240331.QVD","IEP_Provider_20240331.QVD","01s ESS QVD Builder - IEP","a4787757-bc69-4abc-90da-9a5719c1a231","2024-04-16 01:13:14",861,0,"","99 - QVD Tasks",TRUE,TRUE,TRUE,FALSE
"ESS/IEP/Snapshots/Temp/IEP_Provider_20240430.QVD","IEP_Provider_20240430.QVD","01s ESS QVD Builder - IEP","a4787757-bc69-4abc-90da-9a5719c1a231","2024-05-01 05:28:20",846,0,"","99 - QVD Tasks",TRUE,TRUE,TRUE,FALSE
"ESS/IEP/Snapshots/Temp/IEP_Provider_20240531.QVD","IEP_Provider_20240531.QVD","01s ESS QVD Builder - IEP","a4787757-bc69-4abc-90da-9a5719c1a231","2024-06-01 10:28:59",815,0,"","99 - QVD Tasks",TRUE,TRUE,TRUE,FALSE
"ESS/IEP/Snapshots/Temp/IEP_Provider_20240630.QVD","IEP_Provider_20240630.QVD","01s ESS QVD Builder - IEP","a4787757-bc69-4abc-90da-9a5719c1a231","2024-07-08 01:53:06",778,0,"","99 - QVD Tasks",TRUE,TRUE,TRUE,FALSE
"ESS/IEP/Snapshots/Temp/IEP_Provider_20240731.QVD","IEP_Provider_20240731.QVD","01s ESS QVD Builder - IEP","a4787757-bc69-4abc-90da-9a5719c1a231","2024-08-01 04:48:24",754,0,"","99 - QVD Tasks",TRUE,TRUE,TRUE,FALSE
"ESS/IEP/Snapshots/Temp/IEP_Provider_20240831.QVD","IEP_Provider_20240831.QVD","01s ESS QVD Builder - IEP","a4787757-bc69-4abc-90da-9a5719c1a231","2024-09-04 00:33:49",720,0,"","99 - QVD Tasks",TRUE,TRUE,TRUE,FALSE
"ESS/IEP/Snapshots/Temp/IEP_Provider_20241031.QVD","IEP_Provider_20241031.QVD","01s ESS QVD Builder - IEP","a4787757-bc69-4abc-90da-9a5719c1a231","2024-11-03 22:26:48",660,0,"","99 - QVD Tasks",TRUE,TRUE,TRUE,FALSE
"ESS/IEP/Snapshots/Temp/IEP_Provider_20250131.QVD","IEP_Provider_20250131.QVD","01s ESS QVD Builder - IEP","a4787757-bc69-4abc-90da-9a5719c1a231","2025-02-05 22:33:30",566,0,"","99 - QVD Tasks",TRUE,TRUE,TRUE,FALSE
"ESS/IEP/Snapshots/Temp/IEP_Provider_20250228.QVD","IEP_Provider_20250228.QVD","01s ESS QVD Builder - IEP","a4787757-bc69-4abc-90da-9a5719c1a231","2025-03-03 07:01:07",540,0,"","99 - QVD Tasks",TRUE,TRUE,TRUE,FALSE
"ESS/IEP/Snapshots/Temp/IEP_Provider_20250331.QVD","IEP_Provider_20250331.QVD","01s ESS QVD Builder - IEP","a4787757-bc69-4abc-90da-9a5719c1a231","2025-03-31 23:57:03",512,0,"","99 - QVD Tasks",TRUE,TRUE,TRUE,FALSE
"ESS/IEP/Snapshots/Temp/IEP_Provider_20250430.QVD","IEP_Provider_20250430.QVD","01s ESS QVD Builder - IEP","a4787757-bc69-4abc-90da-9a5719c1a231","2025-05-01 00:09:13",481,0,"","99 - QVD Tasks",TRUE,TRUE,TRUE,FALSE
"ESS/IEP/Snapshots/Temp/IEP_Provider_20250531.QVD","IEP_Provider_20250531.QVD","01s ESS QVD Builder - IEP","a4787757-bc69-4abc-90da-9a5719c1a231","2025-06-03 00:49:07",448,0,"","99 - QVD Tasks",TRUE,TRUE,TRUE,FALSE
"ESS/IEP/Snapshots/Temp/IEP_Provider_20250630.QVD","IEP_Provider_20250630.QVD","01s ESS QVD Builder - IEP","a4787757-bc69-4abc-90da-9a5719c1a231","2025-07-01 02:13:45",420,0,"","99 - QVD Tasks",TRUE,TRUE,TRUE,FALSE
"ESS/IEP/Snapshots/Temp/IEP_Provider_20250731.QVD","IEP_Provider_20250731.QVD","01s ESS QVD Builder - IEP","a4787757-bc69-4abc-90da-9a5719c1a231","2025-08-01 05:01:23",389,0,"","99 - QVD Tasks",TRUE,TRUE,TRUE,FALSE
"ESS/IEP/Snapshots/Temp/IEP_Provider_20250831.QVD","IEP_Provider_20250831.QVD","01s ESS QVD Builder - IEP","a4787757-bc69-4abc-90da-9a5719c1a231","2025-09-01 00:43:37",358,0,"","99 - QVD Tasks",FALSE,TRUE,FALSE,FALSE
"ESS/IEP/Snapshots/Temp/IEP_Provider_20250930.QVD","IEP_Provider_20250930.QVD","01s ESS QVD Builder - IEP","a4787757-bc69-4abc-90da-9a5719c1a231","2025-10-01 00:36:50",328,0,"","99 - QVD Tasks",FALSE,TRUE,FALSE,FALSE
"ESS/IEP/Snapshots/Temp/IEP_Provider_20251231.QVD","IEP_Provider_20251231.QVD","01s ESS QVD Builder - IEP","a4787757-bc69-4abc-90da-9a5719c1a231","2026-01-01 21:16:57",236,0,"","99 - QVD Tasks",FALSE,TRUE,FALSE,FALSE
"ESS/IEP/Snapshots/Temp/IEP_Provider_20260228.QVD","IEP_Provider_20260228.QVD","01s ESS QVD Builder - IEP","a4787757-bc69-4abc-90da-9a5719c1a231","2026-03-02 21:57:23",176,0,"","99 - QVD Tasks",FALSE,TRUE,FALSE,FALSE
"ESS/IEP/Snapshots/Temp/IEP_Provider_20260430.QVD","IEP_Provider_20260430.QVD","01s ESS QVD Builder - IEP","a4787757-bc69-4abc-90da-9a5719c1a231","2026-05-01 03:47:00",116,0,"","99 - QVD Tasks",FALSE,TRUE,FALSE,FALSE
"ESS/IEP/Snapshots/Temp/IEP_Provider_20260531.QVD","IEP_Provider_20260531.QVD","01s ESS QVD Builder - IEP","a4787757-bc69-4abc-90da-9a5719c1a231","2026-06-03 01:07:02",83,0,"","99 - QVD Tasks",FALSE,TRUE,FALSE,FALSE
"ESS/IEP/Snapshots/Temp/IEP_Provider_20260630.QVD","IEP_Provider_20260630.QVD","01s ESS QVD Builder - IEP","a4787757-bc69-4abc-90da-9a5719c1a231","2026-07-01 01:38:10",55,0,"","99 - QVD Tasks",FALSE,TRUE,FALSE,FALSE
"ESS/IEP/Snapshots/Temp/QVD_List.QVD","QVD_List.QVD","01s ESS QVD Builder - IEP","a4787757-bc69-4abc-90da-9a5719c1a231","2026-07-01 01:38:25",55,0,"","99 - QVD Tasks",FALSE,TRUE,FALSE,TRUE
"ABS/ATSIP SA2 Census Cell.qvd","ATSIP SA2 Census Cell.qvd","ABS ILOC Data Pack QVD Generator 20191216","ad38c980-9261-4a10-a848-70809b11a217","2020-01-11 06:30:43",2418,0,"","-",TRUE,TRUE,TRUE,FALSE
"ESS/Master Calendar.QVD","Master Calendar.QVD","-","b39dd9a1-6b45-489e-9b5b-d931d41b1266","2021-10-05 06:44:11",1785,0,"",NA,TRUE,TRUE,TRUE,TRUE
"SSR/1000 Jobs Placements.qvd","1000 Jobs Placements.qvd","-","bcd38025-9867-43e6-8d18-ef00aa7adce3","2021-08-22 22:23:41",1829,0,"",NA,TRUE,TRUE,TRUE,FALSE
"SSR/archive/1000 Jobs Placements.qvd","1000 Jobs Placements.qvd","-","bcd38025-9867-43e6-8d18-ef00aa7adce3","2021-05-03 01:42:36",1940,0,"",NA,TRUE,TRUE,TRUE,FALSE
"SSR/1000 Jobs Tracker.qvd","1000 Jobs Tracker.qvd","-","bcd38025-9867-43e6-8d18-ef00aa7adce3","2021-08-22 22:23:40",1829,0,"",NA,TRUE,TRUE,TRUE,FALSE
"SSR/archive/1000 Jobs Tracker.qvd","1000 Jobs Tracker.qvd","-","bcd38025-9867-43e6-8d18-ef00aa7adce3","2021-05-03 01:42:35",1940,0,"",NA,TRUE,TRUE,TRUE,FALSE
"ESS/IEP/Temp/CDP_Contract_Referral_Placement.QVD","CDP_Contract_Referral_Placement.QVD","01 ESS QVD Builder - IEP","bcf0c404-32af-44b6-9ec5-3a330f7e099f","2026-08-18 07:31:27",7,1,"02 ESS QVD Builder Finalisation CDP & IEP","99 - QVD Tasks",FALSE,FALSE,FALSE,TRUE
"ESS/IEP/Temp/CDP_Job_Seeker.QVD","CDP_Job_Seeker.QVD","01 ESS QVD Builder - IEP","bcf0c404-32af-44b6-9ec5-3a330f7e099f","2026-08-18 07:31:47",7,1,"02 ESS QVD Builder Finalisation CDP & IEP","99 - QVD Tasks",FALSE,FALSE,FALSE,TRUE
"ESS/IEP/Temp/IEP_Activity_1000_Jobs.QVD","IEP_Activity_1000_Jobs.QVD","01 ESS QVD Builder - IEP","bcf0c404-32af-44b6-9ec5-3a330f7e099f","2026-08-18 07:30:10",7,0,"","99 - QVD Tasks",FALSE,TRUE,FALSE,FALSE
"ESS/IEP/Temp/IEP_Activity_Contact.QVD","IEP_Activity_Contact.QVD","01 ESS QVD Builder - IEP","bcf0c404-32af-44b6-9ec5-3a330f7e099f","2026-08-18 07:30:14",7,1,"02 ESS QVD Builder Finalisation CDP & IEP","99 - QVD Tasks",FALSE,FALSE,FALSE,TRUE
"ESS/IEP/Temp/IEP_Activity_Expenditure.QVD","IEP_Activity_Expenditure.QVD","01 ESS QVD Builder - IEP","bcf0c404-32af-44b6-9ec5-3a330f7e099f","2026-08-18 07:30:16",7,1,"02 ESS QVD Builder Finalisation CDP & IEP","99 - QVD Tasks",FALSE,FALSE,FALSE,TRUE
"ESS/IEP/Temp/IEP_Activity.QVD","IEP_Activity.QVD","01 ESS QVD Builder - IEP","bcf0c404-32af-44b6-9ec5-3a330f7e099f","2026-08-18 07:30:14",7,1,"02 ESS QVD Builder Finalisation CDP & IEP","99 - QVD Tasks",FALSE,FALSE,FALSE,TRUE
"ESS/IEP/Temp/IEP_Claim_Payments.QVD","IEP_Claim_Payments.QVD","01 ESS QVD Builder - IEP","bcf0c404-32af-44b6-9ec5-3a330f7e099f","2026-08-18 07:30:20",7,1,"02 ESS QVD Builder Finalisation CDP & IEP","99 - QVD Tasks",FALSE,FALSE,FALSE,TRUE
"ESS/IEP/Temp/IEP_Job_Seeker.QVD","IEP_Job_Seeker.QVD","01 ESS QVD Builder - IEP","bcf0c404-32af-44b6-9ec5-3a330f7e099f","2026-08-18 07:30:25",7,1,"02 ESS QVD Builder Finalisation CDP & IEP","99 - QVD Tasks",FALSE,FALSE,FALSE,TRUE
"ESS/IEP/Temp/IEP_LOCATIONS.QVD","IEP_LOCATIONS.QVD","01 ESS QVD Builder - IEP","bcf0c404-32af-44b6-9ec5-3a330f7e099f","2026-08-18 07:30:29",7,1,"02 ESS QVD Builder Finalisation CDP & IEP","99 - QVD Tasks",FALSE,FALSE,FALSE,TRUE
"ESS/IEP/Temp/IEP_Outcome.QVD","IEP_Outcome.QVD","01 ESS QVD Builder - IEP","bcf0c404-32af-44b6-9ec5-3a330f7e099f","2026-08-18 07:30:35",7,1,"02 ESS QVD Builder Finalisation CDP & IEP","99 - QVD Tasks",FALSE,FALSE,FALSE,TRUE
"ESS/IEP/Temp/IEP_Placement.QVD","IEP_Placement.QVD","01 ESS QVD Builder - IEP","bcf0c404-32af-44b6-9ec5-3a330f7e099f","2026-08-18 07:31:22",7,1,"02 ESS QVD Builder Finalisation CDP & IEP","99 - QVD Tasks",FALSE,FALSE,FALSE,TRUE
"ESS/IEP/Temp/IEP_Provider.QVD","IEP_Provider.QVD","01 ESS QVD Builder - IEP","bcf0c404-32af-44b6-9ec5-3a330f7e099f","2026-08-18 07:31:24",7,1,"02 ESS QVD Builder Finalisation CDP & IEP","99 - QVD Tasks",FALSE,FALSE,FALSE,TRUE
"ESS/IEP/Temp/QVD_List.QVD","QVD_List.QVD","01 ESS QVD Builder - IEP","bcf0c404-32af-44b6-9ec5-3a330f7e099f","2026-08-18 07:31:47",7,1,"02 ESS QVD Builder Finalisation CDP & IEP","99 - QVD Tasks",FALSE,FALSE,FALSE,TRUE
"ESS/IEP/Temp/QVD_List_2.QVD","QVD_List_2.QVD","-","bf8debe0-f5ab-493b-b8ce-e23c0b672139","2021-09-02 12:48:06",1818,0,"",NA,TRUE,TRUE,TRUE,FALSE
"ESS/IEP/Snapshots/Temp/CDP_Contract_Referral_Placement_20211130.QVD","CDP_Contract_Referral_Placement_20211130.QVD","-","ca4fe9c2-dc31-4a6b-ba43-49d3de373843","2021-12-01 06:50:36",1728,0,"",NA,TRUE,TRUE,TRUE,FALSE
"ESS/IEP/Snapshots/Temp/CDP_Job_Seeker_20211130.QVD","CDP_Job_Seeker_20211130.QVD","-","ca4fe9c2-dc31-4a6b-ba43-49d3de373843","2021-12-01 06:50:35",1728,0,"",NA,TRUE,TRUE,TRUE,FALSE
"ESS/IEP/Snapshots/Temp/IEP_Activity_20211130.QVD","IEP_Activity_20211130.QVD","-","ca4fe9c2-dc31-4a6b-ba43-49d3de373843","2021-12-01 06:50:30",1728,0,"",NA,TRUE,TRUE,TRUE,FALSE
"ESS/IEP/Snapshots/Temp/IEP_Activity_Contact_20211130.QVD","IEP_Activity_Contact_20211130.QVD","-","ca4fe9c2-dc31-4a6b-ba43-49d3de373843","2021-12-01 06:50:32",1728,0,"",NA,TRUE,TRUE,TRUE,FALSE
"ESS/IEP/Snapshots/Temp/IEP_Activity_Expenditure_20211130.QVD","IEP_Activity_Expenditure_20211130.QVD","-","ca4fe9c2-dc31-4a6b-ba43-49d3de373843","2021-12-01 06:50:34",1728,0,"",NA,TRUE,TRUE,TRUE,FALSE
"ESS/IEP/Snapshots/Temp/IEP_Claim_Payments_20211130.QVD","IEP_Claim_Payments_20211130.QVD","-","ca4fe9c2-dc31-4a6b-ba43-49d3de373843","2021-12-01 06:50:35",1728,0,"",NA,TRUE,TRUE,TRUE,FALSE
"ESS/IEP/Snapshots/Temp/IEP_Job_Seeker_20211130.QVD","IEP_Job_Seeker_20211130.QVD","-","ca4fe9c2-dc31-4a6b-ba43-49d3de373843","2021-12-01 06:50:31",1728,0,"",NA,TRUE,TRUE,TRUE,FALSE
"ESS/IEP/Snapshots/Temp/IEP_LOCATIONS_20211130.QVD","IEP_LOCATIONS_20211130.QVD","-","ca4fe9c2-dc31-4a6b-ba43-49d3de373843","2021-12-01 06:50:35",1728,0,"",NA,TRUE,TRUE,TRUE,FALSE
"ESS/IEP/Snapshots/Temp/IEP_Outcome_20211130.QVD","IEP_Outcome_20211130.QVD","-","ca4fe9c2-dc31-4a6b-ba43-49d3de373843","2021-12-01 06:50:33",1728,0,"",NA,TRUE,TRUE,TRUE,FALSE
"ESS/IEP/Snapshots/Temp/IEP_Outcome_20211231.QVD","IEP_Outcome_20211231.QVD","-","ca4fe9c2-dc31-4a6b-ba43-49d3de373843","2022-01-06 09:05:18",1692,0,"",NA,TRUE,TRUE,TRUE,FALSE
"ESS/IEP/Snapshots/Temp/IEP_Placement_20211130.QVD","IEP_Placement_20211130.QVD","-","ca4fe9c2-dc31-4a6b-ba43-49d3de373843","2021-12-01 06:50:33",1728,0,"",NA,TRUE,TRUE,TRUE,FALSE
"ESS/IEP/Snapshots/Temp/IEP_Placement_20211231.QVD","IEP_Placement_20211231.QVD","-","ca4fe9c2-dc31-4a6b-ba43-49d3de373843","2022-01-06 09:05:19",1692,0,"",NA,TRUE,TRUE,TRUE,FALSE
"ESS/IEP/Snapshots/Temp/IEP_Provider_20211130.QVD","IEP_Provider_20211130.QVD","-","ca4fe9c2-dc31-4a6b-ba43-49d3de373843","2021-12-01 06:50:30",1728,0,"",NA,TRUE,TRUE,TRUE,FALSE
"RSAS/ACARA School.qvd","ACARA School.qvd","RSAS QVD Generator","ccceb03e-4089-4ef7-8e73-21a9063f3db3","2019-09-27 05:59:24",2524,0,"","-",TRUE,TRUE,TRUE,FALSE
"RSAS/Dim Calendar.qvd","Dim Calendar.qvd","RSAS QVD Generator","ccceb03e-4089-4ef7-8e73-21a9063f3db3","2019-09-27 05:59:22",2524,0,"","-",TRUE,TRUE,TRUE,FALSE
"RSAS/Dim Data Provider.qvd","Dim Data Provider.qvd","RSAS QVD Generator","ccceb03e-4089-4ef7-8e73-21a9063f3db3","2019-09-27 05:59:23",2524,0,"","-",TRUE,TRUE,TRUE,FALSE
"RSAS/Dim Group.qvd","Dim Group.qvd","RSAS QVD Generator","ccceb03e-4089-4ef7-8e73-21a9063f3db3","2019-09-27 05:59:23",2524,0,"","-",TRUE,TRUE,TRUE,FALSE
"RSAS/Dim School.qvd","Dim School.qvd","RSAS QVD Generator","ccceb03e-4089-4ef7-8e73-21a9063f3db3","2019-09-27 05:59:23",2524,0,"","-",TRUE,TRUE,TRUE,FALSE
"RSAS/Dim Year Level.qvd","Dim Year Level.qvd","RSAS QVD Generator","ccceb03e-4089-4ef7-8e73-21a9063f3db3","2019-09-27 05:59:23",2524,0,"","-",TRUE,TRUE,TRUE,FALSE
"RSAS/Fact Absentee.qvd","Fact Absentee.qvd","RSAS QVD Generator","ccceb03e-4089-4ef7-8e73-21a9063f3db3","2019-09-27 05:59:23",2524,0,"","-",TRUE,TRUE,TRUE,FALSE
"RSAS/MD School Attendance.qvd","MD School Attendance.qvd","RSAS QVD Generator","ccceb03e-4089-4ef7-8e73-21a9063f3db3","2019-09-27 05:59:24",2524,0,"","-",TRUE,TRUE,TRUE,FALSE
"RSAS/PMC Regions.qvd","PMC Regions.qvd","RSAS QVD Generator","ccceb03e-4089-4ef7-8e73-21a9063f3db3","2019-09-27 05:59:23",2524,0,"","-",TRUE,TRUE,TRUE,FALSE
"RSAS/SSIS RSAS.qvd","SSIS RSAS.qvd","RSAS QVD Generator","ccceb03e-4089-4ef7-8e73-21a9063f3db3","2019-09-27 05:59:22",2524,0,"","-",TRUE,TRUE,TRUE,FALSE
"AEDC/AEDC_2021_Student.qvd","AEDC_2021_Student.qvd","AEDC QVD Generator - DEV","d82183ef-2b87-463c-b033-5df668d6ea0d","2023-06-27 05:37:04",1155,0,"","-",TRUE,TRUE,TRUE,TRUE
"GPS/GPS Contact.qvd","GPS Contact.qvd","GPS QVD Generator","e48c99b3-51f9-432c-950c-b41403bde789","2026-08-18 08:18:19",7,1,"Performance Milestones Prediction Report","99 - QVD Tasks",FALSE,FALSE,FALSE,TRUE
"GPS/GPS Data Warehouse Load Time.qvd","GPS Data Warehouse Load Time.qvd","GPS QVD Generator","e48c99b3-51f9-432c-950c-b41403bde789","2026-08-18 08:18:15",7,0,"","99 - QVD Tasks",FALSE,TRUE,FALSE,TRUE
"GPS/Grant Activity Acquittal Derived History.qvd","Grant Activity Acquittal Derived History.qvd","GPS QVD Generator","e48c99b3-51f9-432c-950c-b41403bde789","2026-08-18 08:14:00",7,40,"00 - The Grants App(43);00 - Organisation Performance Profile;00 - The Grants App(21);11 - Provider (Organisation) Performance Profile with Assessment;00 - The Grants App(45)","99 - QVD Tasks",FALSE,FALSE,FALSE,TRUE
"GPS/Grant Activity Acquittal Error.qvd","Grant Activity Acquittal Error.qvd","GPS QVD Generator","e48c99b3-51f9-432c-950c-b41403bde789","2026-08-18 08:13:58",7,3,"05 - Grant Acquittals Report(2);05 - Grant Acquittals Report(1);05 - Grant Acquittals Report(3)","99 - QVD Tasks",FALSE,FALSE,FALSE,TRUE
"GPS/Grant Activity Acquittal Item.qvd","Grant Activity Acquittal Item.qvd","GPS QVD Generator","e48c99b3-51f9-432c-950c-b41403bde789","2026-08-18 08:13:43",7,4,"05 - Grant Acquittals Report(2);05 - Grant Acquittals Report(1);Test match;05 - Grant Acquittals Report(3)","99 - QVD Tasks",FALSE,FALSE,FALSE,TRUE
"GPS/Grant Activity Acquittal.qvd","Grant Activity Acquittal.qvd","GPS QVD Generator","e48c99b3-51f9-432c-950c-b41403bde789","2026-08-18 08:13:35",7,52,"00 - The Grants App(43);00 - Organisation Performance Profile;00 - The Grants App(21);11 - Provider (Organisation) Performance Profile with Assessment;00 - The Grants App(45)","99 - QVD Tasks",FALSE,FALSE,FALSE,TRUE
"GPS/Grant Activity Contact.qvd","Grant Activity Contact.qvd","GPS QVD Generator","e48c99b3-51f9-432c-950c-b41403bde789","2026-08-18 08:12:28",7,4,"00 - The Grants App - NPrint(1);00 - The Grants App - NPrint V.1.2.0;00 - The Grants App - BETA(5);Activity Contact summary","99 - QVD Tasks",FALSE,FALSE,FALSE,TRUE
"GPS/Grant Activity Derived History.qvd","Grant Activity Derived History.qvd","GPS QVD Generator","e48c99b3-51f9-432c-950c-b41403bde789","2026-08-18 08:13:25",7,54,"00 - The Grants App(43);00 - Organisation Performance Profile;00 - The Grants App(21);11 - Provider (Organisation) Performance Profile with Assessment;00 - The Grants App(45)","99 - QVD Tasks",FALSE,FALSE,FALSE,TRUE
"GPS/Grant Activity Milestone Derived History.qvd","Grant Activity Milestone Derived History.qvd","GPS QVD Generator","e48c99b3-51f9-432c-950c-b41403bde789","2026-08-18 08:11:51",7,42,"00 - The Grants App(43);00 - Organisation Performance Profile;00 - The Grants App(21);11 - Provider (Organisation) Performance Profile with Assessment;00 - The Grants App(45)","99 - QVD Tasks",FALSE,FALSE,FALSE,TRUE
"GPS/Grant Activity Milestone.qvd","Grant Activity Milestone.qvd","GPS QVD Generator","e48c99b3-51f9-432c-950c-b41403bde789","2026-08-18 08:12:27",7,81,"00 - The Grants App(43);00 - Organisation Performance Profile;00 - The Grants App(21);Remote Jobs and Economic Development (RJED) - Code fix(1);Remote Jobs and Economic Development (RJED)(2)","99 - QVD Tasks",FALSE,FALSE,FALSE,TRUE
"SSR/Grant Activity Milestone.qvd","Grant Activity Milestone.qvd","GPS QVD Generator","e48c99b3-51f9-432c-950c-b41403bde789","2026-08-18 08:12:14",7,15,"00 - The Grants App - NPrint(1);00 - The Grants App - NPrint V.1.2.0;09 - Provider Funding Characteristics(3);08 - Performance Summary V1.2.0;Master Grants Report Nprint(3)","99 - QVD Tasks",FALSE,FALSE,FALSE,TRUE
"GPS/Grant Activity Missing Milestone Derived History.qvd","Grant Activity Missing Milestone Derived History.qvd","GPS QVD Generator","e48c99b3-51f9-432c-950c-b41403bde789","2026-08-18 08:12:00",7,41,"00 - The Grants App(43);00 - Organisation Performance Profile;00 - The Grants App(21);11 - Provider (Organisation) Performance Profile with Assessment;00 - The Grants App(45)","99 - QVD Tasks",FALSE,FALSE,FALSE,TRUE
"GPS/Grant Activity Missing Milestone.qvd","Grant Activity Missing Milestone.qvd","GPS QVD Generator","e48c99b3-51f9-432c-950c-b41403bde789","2026-08-18 08:12:19",7,56,"00 - The Grants App(43);00 - Organisation Performance Profile;00 - The Grants App(21);11 - Provider (Organisation) Performance Profile with Assessment;00 - The Grants App(45)","99 - QVD Tasks",FALSE,FALSE,FALSE,TRUE
"GPS/Grant Activity Performance Derived History.qvd","Grant Activity Performance Derived History.qvd","GPS QVD Generator","e48c99b3-51f9-432c-950c-b41403bde789","2026-08-18 08:13:22",7,50,"00 - The Grants App(43);00 - Organisation Performance Profile;00 - The Grants App(21);00 - The Grants App(45);00 - The Grants App(8)","99 - QVD Tasks",FALSE,FALSE,FALSE,TRUE
"GPS/Grant Activity Performance Indicator.qvd","Grant Activity Performance Indicator.qvd","GPS QVD Generator","e48c99b3-51f9-432c-950c-b41403bde789","2026-08-18 08:13:19",7,6,"07 - Performance Reviews (link to grant round);08 - Performance Summary V1.2.0;07 - Performance Reviews V1.2.0;08 - Performance Summary(2);08 - Performance Summary(3)","99 - QVD Tasks",FALSE,FALSE,FALSE,TRUE
"GPS/Grant Activity Performance Item.qvd","Grant Activity Performance Item.qvd","GPS QVD Generator","e48c99b3-51f9-432c-950c-b41403bde789","2026-08-18 08:13:18",7,49,"00 - The Grants App(43);00 - Organisation Performance Profile;00 - The Grants App(21);11 - Provider (Organisation) Performance Profile with Assessment;00 - The Grants App(45)","99 - QVD Tasks",FALSE,FALSE,FALSE,TRUE
"GPS/Grant Activity Performance.qvd","Grant Activity Performance.qvd","GPS QVD Generator","e48c99b3-51f9-432c-950c-b41403bde789","2026-08-18 08:12:56",7,66,"00 - The Grants App(43);00 - Organisation Performance Profile;00 - The Grants App(21);11 - Provider (Organisation) Performance Profile with Assessment;00 - The Grants App(45)","99 - QVD Tasks",FALSE,FALSE,FALSE,TRUE
"GPS/Grant Activity.qvd","Grant Activity.qvd","GPS QVD Generator","e48c99b3-51f9-432c-950c-b41403bde789","2026-08-18 08:13:24",7,46,"KPI target extract;00 - The Grants App(43);00 - Organisation Performance Profile;00 - The Grants App(21);11 - Provider (Organisation) Performance Profile with Assessment","99 - QVD Tasks",FALSE,FALSE,FALSE,TRUE
"GPS/Grant Application Assessment Details.qvd","Grant Application Assessment Details.qvd","GPS QVD Generator","e48c99b3-51f9-432c-950c-b41403bde789","2026-08-18 08:14:11",7,38,"CAP Investing in Youth Grant Applications nPrint(1);ISEP Test;DRAFT CAP Funding Round;Healing for Strong Families;CAP Investing in Youth Grant Applications","99 - QVD Tasks",FALSE,FALSE,FALSE,TRUE
"GPS/Grant Application Assessment Score.qvd","Grant Application Assessment Score.qvd","GPS QVD Generator","e48c99b3-51f9-432c-950c-b41403bde789","2026-08-18 08:14:04",7,37,"CAP Investing in Youth Grant Applications nPrint(1);ISEP Test;DRAFT CAP Funding Round;Healing for Strong Families;CAP Investing in Youth Grant Applications","99 - QVD Tasks",FALSE,FALSE,FALSE,TRUE
"GPS/Grant Application Attachment.qvd","Grant Application Attachment.qvd","GPS QVD Generator","e48c99b3-51f9-432c-950c-b41403bde789","2026-08-18 08:18:16",7,0,"","99 - QVD Tasks",FALSE,TRUE,FALSE,TRUE
"GPS/Grant Application Compliance Assessment.qvd","Grant Application Compliance Assessment.qvd","GPS QVD Generator","e48c99b3-51f9-432c-950c-b41403bde789","2026-08-18 08:14:42",7,35,"CAP Investing in Youth Grant Applications nPrint(1);DRAFT CAP Funding Round;Healing for Strong Families;CAP Investing in Youth Grant Applications;2025 NAIDOC","99 - QVD Tasks",FALSE,FALSE,FALSE,TRUE
"GPS/Grant Application Contact.qvd","Grant Application Contact.qvd","GPS QVD Generator","e48c99b3-51f9-432c-950c-b41403bde789","2026-08-18 08:18:17",7,0,"","99 - QVD Tasks",FALSE,TRUE,FALSE,TRUE
"GPS/Grant Application Coverage Area.qvd","Grant Application Coverage Area.qvd","GPS QVD Generator","e48c99b3-51f9-432c-950c-b41403bde789","2026-08-18 08:18:15",7,0,"","99 - QVD Tasks",FALSE,TRUE,FALSE,TRUE
"GPS/Grant Application Delivery Locations.qvd","Grant Application Delivery Locations.qvd","GPS QVD Generator","e48c99b3-51f9-432c-950c-b41403bde789","2026-08-18 08:16:42",7,35,"CAP Investing in Youth Grant Applications nPrint(1);DRAFT CAP Funding Round;Healing for Strong Families;CAP Investing in Youth Grant Applications;2025 NAIDOC","99 - QVD Tasks",FALSE,FALSE,FALSE,TRUE
"GPS/Grant Application Derived History.qvd","Grant Application Derived History.qvd","GPS QVD Generator","e48c99b3-51f9-432c-950c-b41403bde789","2026-08-18 08:14:02",7,40,"00 - The Grants App(43);00 - Organisation Performance Profile;00 - The Grants App(21);11 - Provider (Organisation) Performance Profile with Assessment;00 - The Grants App(45)","99 - QVD Tasks",FALSE,FALSE,FALSE,TRUE
"GPS/Grant Application Eligibility Assessment.qvd","Grant Application Eligibility Assessment.qvd","GPS QVD Generator","e48c99b3-51f9-432c-950c-b41403bde789","2026-08-18 08:14:57",7,2,"ISEP Round 2;ISEP Round 2(1)","99 - QVD Tasks",FALSE,FALSE,FALSE,TRUE
"GPS/Grant Application Financial FY.qvd","Grant Application Financial FY.qvd","GPS QVD Generator","e48c99b3-51f9-432c-950c-b41403bde789","2026-08-18 08:14:03",7,0,"","99 - QVD Tasks",FALSE,TRUE,FALSE,TRUE
"GPS/Grant Application Information Detail.qvd","Grant Application Information Detail.qvd","GPS QVD Generator","e48c99b3-51f9-432c-950c-b41403bde789","2026-08-18 08:15:36",7,33,"CAP Investing in Youth Grant Applications nPrint(1);DRAFT CAP Funding Round;Healing for Strong Families;CAP Investing in Youth Grant Applications;2025 NAIDOC","99 - QVD Tasks",FALSE,FALSE,FALSE,TRUE
"GPS/Grant Application Service Area.qvd","Grant Application Service Area.qvd","GPS QVD Generator","e48c99b3-51f9-432c-950c-b41403bde789","2026-08-18 08:18:15",7,0,"","99 - QVD Tasks",FALSE,TRUE,FALSE,TRUE
"GPS/Grant Application Status.qvd","Grant Application Status.qvd","GPS QVD Generator","e48c99b3-51f9-432c-950c-b41403bde789","2026-08-18 08:18:21",7,28,"Remote Jobs and Economic Development (RJED) - Code fix(1);Remote Jobs and Economic Development (RJED)(2);Remote Jobs and Economic Development (RJED)(15);Remote Jobs and Economic Development (RJED)(10);Remote Jobs and Economic Development (RJED)(2)(1)","99 - QVD Tasks",FALSE,FALSE,FALSE,TRUE
"GPS/Grant Application.qvd","Grant Application.qvd","GPS QVD Generator","e48c99b3-51f9-432c-950c-b41403bde789","2026-08-18 08:14:01",7,68,"CAP Investing in Youth Grant Applications nPrint(1);DRAFT CAP Funding Round;Healing for Strong Families;00 - The Grants App(43);00 - Organisation Performance Profile","99 - QVD Tasks",FALSE,FALSE,FALSE,TRUE
"GPS/Grant Managing Region.qvd","Grant Managing Region.qvd","GPS QVD Generator","e48c99b3-51f9-432c-950c-b41403bde789","2026-08-18 08:12:27",7,21,"Master Grants Report - Program Nprint(4);00 - The Grants App - NPrint(1);00 - The Grants App - NPrint V.1.2.0;09 - Provider Funding Characteristics(3);01 - NIAA Grants(3)","99 - QVD Tasks",FALSE,FALSE,FALSE,TRUE
"GPS/Grant Organisation.qvd","Grant Organisation.qvd","GPS QVD Generator","e48c99b3-51f9-432c-950c-b41403bde789","2026-08-18 08:18:17",7,1,"Org state location test","99 - QVD Tasks",FALSE,FALSE,FALSE,TRUE
"SSR/Milestone Overdue Month.qvd","Milestone Overdue Month.qvd","GPS QVD Generator","e48c99b3-51f9-432c-950c-b41403bde789","2026-08-18 08:12:14",7,8,"Master Grants Report Nprint(3);Master Grants Report - Program Nprint(2);05 - Grant Acquittals Report(2);Master Grants Report - Program Nprint(5);05 - Grant Acquittals Report(1)","99 - QVD Tasks",FALSE,FALSE,FALSE,TRUE
"GPS/Organisaiton Indigeniety.qvd","Organisaiton Indigeniety.qvd","GPS QVD Generator","e48c99b3-51f9-432c-950c-b41403bde789","2026-08-18 08:12:54",7,48,"00 - The Grants App(43);00 - Organisation Performance Profile;00 - The Grants App(21);11 - Provider (Organisation) Performance Profile with Assessment;00 - The Grants App(45)","99 - QVD Tasks",FALSE,FALSE,FALSE,TRUE
"GPS/Organisation Bank Account.qvd","Organisation Bank Account.qvd","GPS QVD Generator","e48c99b3-51f9-432c-950c-b41403bde789","2026-08-18 08:18:19",7,0,"","99 - QVD Tasks",FALSE,TRUE,FALSE,TRUE
"GPS/Program Schedule Variation.qvd","Program Schedule Variation.qvd","GPS QVD Generator","e48c99b3-51f9-432c-950c-b41403bde789","2026-08-18 08:18:20",7,0,"","99 - QVD Tasks",FALSE,TRUE,FALSE,TRUE
"GPS/Program Schedule.qvd","Program Schedule.qvd","GPS QVD Generator","e48c99b3-51f9-432c-950c-b41403bde789","2026-08-18 08:18:20",7,0,"","99 - QVD Tasks",FALSE,TRUE,FALSE,TRUE
"ESS/CDP/Grant Activity KPI Assessment.QVD","Grant Activity KPI Assessment.QVD","Test","e176843b-fcf9-42d0-a37c-21d6497020d3","2025-09-09 05:50:43",350,0,"","-",FALSE,TRUE,FALSE,TRUE
"ESS/CDP/Grant Activity Performance.QVD","Grant Activity Performance.QVD","Test","e176843b-fcf9-42d0-a37c-21d6497020d3","2025-09-09 06:23:00",350,0,"","-",FALSE,TRUE,FALSE,TRUE
"ESS/IEP/IEP Milestone 1000 Jobs.QVD","IEP Milestone 1000 Jobs.QVD","Test","e176843b-fcf9-42d0-a37c-21d6497020d3","2024-10-07 03:52:50",687,0,"","-",TRUE,TRUE,TRUE,FALSE
"ESS/CDP/Performance Report Assessment.QVD","Performance Report Assessment.QVD","Test","e176843b-fcf9-42d0-a37c-21d6497020d3","2025-09-09 05:50:28",350,0,"","-",FALSE,TRUE,FALSE,TRUE
"ESS/CDP/Caseload Last 7 Days.QVD","Caseload Last 7 Days.QVD","-","ee449a7c-fec5-4b8a-8a98-bb7882ecf1f8","2024-07-22 05:10:18",764,0,"",NA,TRUE,TRUE,TRUE,FALSE
"ESS/CDP/CDP Income Support Payment Rate Month End Pre July 2018.QVD","CDP Income Support Payment Rate Month End Pre July 2018.QVD","-","ee449a7c-fec5-4b8a-8a98-bb7882ecf1f8","2024-05-21 12:18:23",826,0,"",NA,TRUE,TRUE,TRUE,TRUE
"ESS/CDP/CDP Income Support Rate 1.QVD","CDP Income Support Rate 1.QVD","-","ee449a7c-fec5-4b8a-8a98-bb7882ecf1f8","2024-05-20 10:52:20",827,0,"",NA,TRUE,TRUE,TRUE,FALSE
"ESS/CDP/CDP Income Support Rate 2.QVD","CDP Income Support Rate 2.QVD","-","ee449a7c-fec5-4b8a-8a98-bb7882ecf1f8","2024-05-20 10:53:03",827,0,"",NA,TRUE,TRUE,TRUE,FALSE
"ESS/CDP/CDP Income Support Rate Month End Pre July 2018.QVD","CDP Income Support Rate Month End Pre July 2018.QVD","-","ee449a7c-fec5-4b8a-8a98-bb7882ecf1f8","2024-05-21 06:46:19",826,0,"",NA,TRUE,TRUE,TRUE,FALSE
"ESS/CDP/CDP_Caseload_Month_End.QVD","CDP_Caseload_Month_End.QVD","-","ee449a7c-fec5-4b8a-8a98-bb7882ecf1f8","2024-06-05 04:53:08",811,0,"",NA,TRUE,TRUE,TRUE,FALSE
"ESS/CDP/Delete/CDP Update Date.qvd","CDP Update Date.qvd","-","f3e58f66-db6a-4f94-9951-b1c9c071354e","2023-05-24 01:41:40",1189,0,"",NA,TRUE,TRUE,TRUE,FALSE
"ESS/RAES/Application Community Mapping 202509.QVD","Application Community Mapping 202509.QVD","RAES Community Mapping","f7d15617-18b9-4597-899a-3a8d8acd11f7","2025-10-12 04:01:59",317,3,"RAES Community Mapping(1);RAES - CAS Bulk Upload Data v0.11 - Dave Work;RAES Community Mapping","99 - Archive",FALSE,FALSE,FALSE,TRUE
"ESS/IEP/Snapshots/Temp/CDP_Contract_Referral_Placement_20200930.QVD","CDP_Contract_Referral_Placement_20200930.QVD","-","f7eef9d7-eb68-40bd-b69f-dbb307ed42d7","2021-11-02 21:34:32",1757,0,"",NA,TRUE,TRUE,TRUE,FALSE
"ESS/IEP/Snapshots/Temp/CDP_Contract_Referral_Placement_20201031.QVD","CDP_Contract_Referral_Placement_20201031.QVD","-","f7eef9d7-eb68-40bd-b69f-dbb307ed42d7","2021-11-02 21:38:55",1757,0,"",NA,TRUE,TRUE,TRUE,FALSE
"ESS/IEP/Snapshots/Temp/CDP_Contract_Referral_Placement_20201130.QVD","CDP_Contract_Referral_Placement_20201130.QVD","-","f7eef9d7-eb68-40bd-b69f-dbb307ed42d7","2021-11-02 21:43:09",1757,0,"",NA,TRUE,TRUE,TRUE,FALSE
"ESS/IEP/Snapshots/Temp/CDP_Contract_Referral_Placement_20201231.QVD","CDP_Contract_Referral_Placement_20201231.QVD","-","f7eef9d7-eb68-40bd-b69f-dbb307ed42d7","2021-11-02 21:47:32",1757,0,"",NA,TRUE,TRUE,TRUE,FALSE
"ESS/IEP/Snapshots/Temp/CDP_Contract_Referral_Placement_20210131.QVD","CDP_Contract_Referral_Placement_20210131.QVD","-","f7eef9d7-eb68-40bd-b69f-dbb307ed42d7","2021-11-02 21:51:38",1757,0,"",NA,TRUE,TRUE,TRUE,FALSE
"ESS/IEP/Snapshots/Temp/CDP_Contract_Referral_Placement_20210228.QVD","CDP_Contract_Referral_Placement_20210228.QVD","-","f7eef9d7-eb68-40bd-b69f-dbb307ed42d7","2021-11-02 21:56:08",1757,0,"",NA,TRUE,TRUE,TRUE,FALSE
"ESS/IEP/Snapshots/Temp/CDP_Contract_Referral_Placement_20210331.QVD","CDP_Contract_Referral_Placement_20210331.QVD","-","f7eef9d7-eb68-40bd-b69f-dbb307ed42d7","2021-11-02 22:00:40",1757,0,"",NA,TRUE,TRUE,TRUE,FALSE
"ESS/IEP/Snapshots/Temp/CDP_Contract_Referral_Placement_20210430.QVD","CDP_Contract_Referral_Placement_20210430.QVD","-","f7eef9d7-eb68-40bd-b69f-dbb307ed42d7","2021-11-02 22:04:35",1757,0,"",NA,TRUE,TRUE,TRUE,FALSE
"ESS/IEP/Snapshots/Temp/CDP_Contract_Referral_Placement_20210531.QVD","CDP_Contract_Referral_Placement_20210531.QVD","-","f7eef9d7-eb68-40bd-b69f-dbb307ed42d7","2021-11-02 22:08:32",1757,0,"",NA,TRUE,TRUE,TRUE,FALSE
"ESS/IEP/Snapshots/Temp/CDP_Contract_Referral_Placement_20210630.QVD","CDP_Contract_Referral_Placement_20210630.QVD","-","f7eef9d7-eb68-40bd-b69f-dbb307ed42d7","2021-11-02 22:12:34",1757,0,"",NA,TRUE,TRUE,TRUE,FALSE
"ESS/IEP/Snapshots/Temp/CDP_Contract_Referral_Placement_20210731.QVD","CDP_Contract_Referral_Placement_20210731.QVD","-","f7eef9d7-eb68-40bd-b69f-dbb307ed42d7","2021-11-02 22:16:37",1757,0,"",NA,TRUE,TRUE,TRUE,FALSE
"ESS/IEP/Snapshots/Temp/CDP_Contract_Referral_Placement_20210831.QVD","CDP_Contract_Referral_Placement_20210831.QVD","-","f7eef9d7-eb68-40bd-b69f-dbb307ed42d7","2021-11-02 22:20:44",1757,0,"",NA,TRUE,TRUE,TRUE,FALSE
"ESS/IEP/Snapshots/Temp/CDP_Contract_Referral_Placement_20210930.QVD","CDP_Contract_Referral_Placement_20210930.QVD","-","f7eef9d7-eb68-40bd-b69f-dbb307ed42d7","2021-11-02 22:25:12",1757,0,"",NA,TRUE,TRUE,TRUE,FALSE
"ESS/IEP/Snapshots/Temp/CDP_Contract_Referral_Placement_20211031.QVD","CDP_Contract_Referral_Placement_20211031.QVD","-","f7eef9d7-eb68-40bd-b69f-dbb307ed42d7","2021-11-02 22:29:37",1757,0,"",NA,TRUE,TRUE,TRUE,FALSE
"ESS/IEP/Snapshots/Temp/CDP_Contract_Referral_Placement_20211231.QVD","CDP_Contract_Referral_Placement_20211231.QVD","-","f7eef9d7-eb68-40bd-b69f-dbb307ed42d7","2022-01-05 04:41:44",1693,0,"",NA,TRUE,TRUE,TRUE,FALSE
"ESS/IEP/Snapshots/Temp/CDP_Contract_Referral_Placement_20220131.QVD","CDP_Contract_Referral_Placement_20220131.QVD","-","f7eef9d7-eb68-40bd-b69f-dbb307ed42d7","2022-02-01 06:57:21",1666,0,"",NA,TRUE,TRUE,TRUE,FALSE
"ESS/IEP/Snapshots/Temp/CDP_Contract_Referral_Placement_20220228.QVD","CDP_Contract_Referral_Placement_20220228.QVD","-","f7eef9d7-eb68-40bd-b69f-dbb307ed42d7","2024-03-04 04:36:24",904,0,"",NA,TRUE,TRUE,TRUE,FALSE
"ESS/IEP/Snapshots/Temp/CDP_Contract_Referral_Placement_20220331.QVD","CDP_Contract_Referral_Placement_20220331.QVD","-","f7eef9d7-eb68-40bd-b69f-dbb307ed42d7","2024-03-04 04:37:32",904,0,"",NA,TRUE,TRUE,TRUE,FALSE
"ESS/IEP/Snapshots/Temp/CDP_Contract_Referral_Placement_20220430.QVD","CDP_Contract_Referral_Placement_20220430.QVD","-","f7eef9d7-eb68-40bd-b69f-dbb307ed42d7","2024-03-04 04:38:20",904,0,"",NA,TRUE,TRUE,TRUE,FALSE
"ESS/IEP/Snapshots/Temp/CDP_Contract_Referral_Placement_20220531.QVD","CDP_Contract_Referral_Placement_20220531.QVD","-","f7eef9d7-eb68-40bd-b69f-dbb307ed42d7","2024-03-04 04:39:10",904,0,"",NA,TRUE,TRUE,TRUE,FALSE
"ESS/IEP/Snapshots/Temp/CDP_Contract_Referral_Placement_20220630.QVD","CDP_Contract_Referral_Placement_20220630.QVD","-","f7eef9d7-eb68-40bd-b69f-dbb307ed42d7","2024-03-04 04:39:58",904,0,"",NA,TRUE,TRUE,TRUE,FALSE
"ESS/IEP/Snapshots/Temp/CDP_Contract_Referral_Placement_20220731.QVD","CDP_Contract_Referral_Placement_20220731.QVD","-","f7eef9d7-eb68-40bd-b69f-dbb307ed42d7","2024-03-04 04:40:45",904,0,"",NA,TRUE,TRUE,TRUE,FALSE
"ESS/IEP/Snapshots/Temp/CDP_Contract_Referral_Placement_20220831.QVD","CDP_Contract_Referral_Placement_20220831.QVD","-","f7eef9d7-eb68-40bd-b69f-dbb307ed42d7","2024-03-04 04:41:32",904,0,"",NA,TRUE,TRUE,TRUE,FALSE
"ESS/IEP/Snapshots/Temp/CDP_Contract_Referral_Placement_20220930.QVD","CDP_Contract_Referral_Placement_20220930.QVD","-","f7eef9d7-eb68-40bd-b69f-dbb307ed42d7","2024-03-04 04:42:20",904,0,"",NA,TRUE,TRUE,TRUE,FALSE
"ESS/IEP/Snapshots/Temp/CDP_Contract_Referral_Placement_20221031.QVD","CDP_Contract_Referral_Placement_20221031.QVD","-","f7eef9d7-eb68-40bd-b69f-dbb307ed42d7","2024-03-04 04:43:07",904,0,"",NA,TRUE,TRUE,TRUE,FALSE
"ESS/IEP/Snapshots/Temp/CDP_Contract_Referral_Placement_20221130.QVD","CDP_Contract_Referral_Placement_20221130.QVD","-","f7eef9d7-eb68-40bd-b69f-dbb307ed42d7","2024-03-04 04:43:54",904,0,"",NA,TRUE,TRUE,TRUE,FALSE
"ESS/IEP/Snapshots/Temp/CDP_Contract_Referral_Placement_20221231.QVD","CDP_Contract_Referral_Placement_20221231.QVD","-","f7eef9d7-eb68-40bd-b69f-dbb307ed42d7","2024-03-04 04:44:42",904,0,"",NA,TRUE,TRUE,TRUE,FALSE
"ESS/IEP/Snapshots/Temp/CDP_Contract_Referral_Placement_20230131.QVD","CDP_Contract_Referral_Placement_20230131.QVD","-","f7eef9d7-eb68-40bd-b69f-dbb307ed42d7","2024-03-04 04:45:30",904,0,"",NA,TRUE,TRUE,TRUE,FALSE
"ESS/IEP/Snapshots/Temp/CDP_Contract_Referral_Placement_20230228.QVD","CDP_Contract_Referral_Placement_20230228.QVD","-","f7eef9d7-eb68-40bd-b69f-dbb307ed42d7","2024-03-04 04:46:19",904,0,"",NA,TRUE,TRUE,TRUE,FALSE
"ESS/IEP/Snapshots/Temp/CDP_Contract_Referral_Placement_20230331.QVD","CDP_Contract_Referral_Placement_20230331.QVD","-","f7eef9d7-eb68-40bd-b69f-dbb307ed42d7","2024-03-04 04:47:08",904,0,"",NA,TRUE,TRUE,TRUE,FALSE
"ESS/IEP/Snapshots/Temp/CDP_Contract_Referral_Placement_20230430.QVD","CDP_Contract_Referral_Placement_20230430.QVD","-","f7eef9d7-eb68-40bd-b69f-dbb307ed42d7","2024-03-04 04:47:57",904,0,"",NA,TRUE,TRUE,TRUE,FALSE
"ESS/IEP/Snapshots/Temp/CDP_Contract_Referral_Placement_20230531.QVD","CDP_Contract_Referral_Placement_20230531.QVD","-","f7eef9d7-eb68-40bd-b69f-dbb307ed42d7","2024-03-04 04:48:45",904,0,"",NA,TRUE,TRUE,TRUE,FALSE
"ESS/IEP/Snapshots/Temp/CDP_Contract_Referral_Placement_20230630.QVD","CDP_Contract_Referral_Placement_20230630.QVD","-","f7eef9d7-eb68-40bd-b69f-dbb307ed42d7","2024-03-04 04:49:42",904,0,"",NA,TRUE,TRUE,TRUE,FALSE
"ESS/IEP/Snapshots/Temp/CDP_Contract_Referral_Placement_20230731.QVD","CDP_Contract_Referral_Placement_20230731.QVD","-","f7eef9d7-eb68-40bd-b69f-dbb307ed42d7","2024-03-04 04:50:32",904,0,"",NA,TRUE,TRUE,TRUE,FALSE
"ESS/IEP/Snapshots/Temp/CDP_Contract_Referral_Placement_20230831.QVD","CDP_Contract_Referral_Placement_20230831.QVD","-","f7eef9d7-eb68-40bd-b69f-dbb307ed42d7","2024-03-04 04:51:21",904,0,"",NA,TRUE,TRUE,TRUE,FALSE
"ESS/IEP/Snapshots/Temp/CDP_Contract_Referral_Placement_20230930.QVD","CDP_Contract_Referral_Placement_20230930.QVD","-","f7eef9d7-eb68-40bd-b69f-dbb307ed42d7","2024-03-04 04:52:16",904,0,"",NA,TRUE,TRUE,TRUE,FALSE
"ESS/IEP/Snapshots/Temp/CDP_Contract_Referral_Placement_20231031.QVD","CDP_Contract_Referral_Placement_20231031.QVD","-","f7eef9d7-eb68-40bd-b69f-dbb307ed42d7","2024-03-04 04:53:04",904,0,"",NA,TRUE,TRUE,TRUE,FALSE
"ESS/IEP/Snapshots/Temp/CDP_Contract_Referral_Placement_20231130.QVD","CDP_Contract_Referral_Placement_20231130.QVD","-","f7eef9d7-eb68-40bd-b69f-dbb307ed42d7","2024-03-04 04:53:54",904,0,"",NA,TRUE,TRUE,TRUE,FALSE
"ESS/IEP/Snapshots/Temp/CDP_Contract_Referral_Placement_20231231.QVD","CDP_Contract_Referral_Placement_20231231.QVD","-","f7eef9d7-eb68-40bd-b69f-dbb307ed42d7","2024-03-04 04:54:44",904,0,"",NA,TRUE,TRUE,TRUE,FALSE
"ESS/IEP/Snapshots/Temp/CDP_Contract_Referral_Placement_20240131.QVD","CDP_Contract_Referral_Placement_20240131.QVD","-","f7eef9d7-eb68-40bd-b69f-dbb307ed42d7","2024-03-04 04:55:34",904,0,"",NA,TRUE,TRUE,TRUE,FALSE
"ESS/IEP/Snapshots/Temp/CDP_Contract_Referral_Placement_20240229.QVD","CDP_Contract_Referral_Placement_20240229.QVD","-","f7eef9d7-eb68-40bd-b69f-dbb307ed42d7","2024-03-04 04:56:24",904,0,"",NA,TRUE,TRUE,TRUE,TRUE
"ESS/IEP/Snapshots/Temp/CDP_Job_Seeker_20200930.QVD","CDP_Job_Seeker_20200930.QVD","-","f7eef9d7-eb68-40bd-b69f-dbb307ed42d7","2021-12-01 05:56:29",1728,0,"",NA,TRUE,TRUE,TRUE,FALSE
"ESS/IEP/Snapshots/Temp/CDP_Job_Seeker_20201031.QVD","CDP_Job_Seeker_20201031.QVD","-","f7eef9d7-eb68-40bd-b69f-dbb307ed42d7","2021-12-01 05:57:51",1728,0,"",NA,TRUE,TRUE,TRUE,FALSE
"ESS/IEP/Snapshots/Temp/CDP_Job_Seeker_20201130.QVD","CDP_Job_Seeker_20201130.QVD","-","f7eef9d7-eb68-40bd-b69f-dbb307ed42d7","2021-12-01 05:59:14",1728,0,"",NA,TRUE,TRUE,TRUE,FALSE
"ESS/IEP/Snapshots/Temp/CDP_Job_Seeker_20201231.QVD","CDP_Job_Seeker_20201231.QVD","-","f7eef9d7-eb68-40bd-b69f-dbb307ed42d7","2021-12-01 06:00:38",1728,0,"",NA,TRUE,TRUE,TRUE,FALSE
"ESS/IEP/Snapshots/Temp/CDP_Job_Seeker_20210131.QVD","CDP_Job_Seeker_20210131.QVD","-","f7eef9d7-eb68-40bd-b69f-dbb307ed42d7","2021-12-01 06:02:28",1728,0,"",NA,TRUE,TRUE,TRUE,FALSE
"ESS/IEP/Snapshots/Temp/CDP_Job_Seeker_20210228.QVD","CDP_Job_Seeker_20210228.QVD","-","f7eef9d7-eb68-40bd-b69f-dbb307ed42d7","2021-12-01 06:04:24",1728,0,"",NA,TRUE,TRUE,TRUE,FALSE
"ESS/IEP/Snapshots/Temp/CDP_Job_Seeker_20210331.QVD","CDP_Job_Seeker_20210331.QVD","-","f7eef9d7-eb68-40bd-b69f-dbb307ed42d7","2021-12-01 06:06:13",1728,0,"",NA,TRUE,TRUE,TRUE,FALSE
"ESS/IEP/Snapshots/Temp/CDP_Job_Seeker_20210430.QVD","CDP_Job_Seeker_20210430.QVD","-","f7eef9d7-eb68-40bd-b69f-dbb307ed42d7","2021-12-01 06:08:04",1728,0,"",NA,TRUE,TRUE,TRUE,FALSE
"ESS/IEP/Snapshots/Temp/CDP_Job_Seeker_20210531.QVD","CDP_Job_Seeker_20210531.QVD","-","f7eef9d7-eb68-40bd-b69f-dbb307ed42d7","2021-12-01 06:09:53",1728,0,"",NA,TRUE,TRUE,TRUE,FALSE
"ESS/IEP/Snapshots/Temp/CDP_Job_Seeker_20210630.QVD","CDP_Job_Seeker_20210630.QVD","-","f7eef9d7-eb68-40bd-b69f-dbb307ed42d7","2021-12-01 06:11:48",1728,0,"",NA,TRUE,TRUE,TRUE,FALSE
"ESS/IEP/Snapshots/Temp/CDP_Job_Seeker_20210731.QVD","CDP_Job_Seeker_20210731.QVD","-","f7eef9d7-eb68-40bd-b69f-dbb307ed42d7","2021-12-01 06:13:39",1728,0,"",NA,TRUE,TRUE,TRUE,FALSE
"ESS/IEP/Snapshots/Temp/CDP_Job_Seeker_20210831.QVD","CDP_Job_Seeker_20210831.QVD","-","f7eef9d7-eb68-40bd-b69f-dbb307ed42d7","2021-12-01 06:15:35",1728,0,"",NA,TRUE,TRUE,TRUE,FALSE
"ESS/IEP/Snapshots/Temp/CDP_Job_Seeker_20210930.QVD","CDP_Job_Seeker_20210930.QVD","-","f7eef9d7-eb68-40bd-b69f-dbb307ed42d7","2021-12-01 06:17:30",1728,0,"",NA,TRUE,TRUE,TRUE,FALSE
"ESS/IEP/Snapshots/Temp/CDP_Job_Seeker_20211031.QVD","CDP_Job_Seeker_20211031.QVD","-","f7eef9d7-eb68-40bd-b69f-dbb307ed42d7","2021-12-01 06:18:54",1728,0,"",NA,TRUE,TRUE,TRUE,FALSE
"ESS/IEP/Snapshots/Temp/CDP_Job_Seeker_20211231.QVD","CDP_Job_Seeker_20211231.QVD","-","f7eef9d7-eb68-40bd-b69f-dbb307ed42d7","2022-01-05 04:41:43",1693,0,"",NA,TRUE,TRUE,TRUE,FALSE
"ESS/IEP/Snapshots/Temp/CDP_Job_Seeker_20220131.QVD","CDP_Job_Seeker_20220131.QVD","-","f7eef9d7-eb68-40bd-b69f-dbb307ed42d7","2022-02-01 06:57:21",1666,0,"",NA,TRUE,TRUE,TRUE,FALSE
"ESS/IEP/Snapshots/Temp/CDP_Job_Seeker_20220228.QVD","CDP_Job_Seeker_20220228.QVD","-","f7eef9d7-eb68-40bd-b69f-dbb307ed42d7","2024-03-04 04:36:24",904,0,"",NA,TRUE,TRUE,TRUE,FALSE
"ESS/IEP/Snapshots/Temp/CDP_Job_Seeker_20220331.QVD","CDP_Job_Seeker_20220331.QVD","-","f7eef9d7-eb68-40bd-b69f-dbb307ed42d7","2024-03-04 04:37:31",904,0,"",NA,TRUE,TRUE,TRUE,FALSE
"ESS/IEP/Snapshots/Temp/CDP_Job_Seeker_20220430.QVD","CDP_Job_Seeker_20220430.QVD","-","f7eef9d7-eb68-40bd-b69f-dbb307ed42d7","2024-03-04 04:38:20",904,0,"",NA,TRUE,TRUE,TRUE,FALSE
"ESS/IEP/Snapshots/Temp/CDP_Job_Seeker_20220531.QVD","CDP_Job_Seeker_20220531.QVD","-","f7eef9d7-eb68-40bd-b69f-dbb307ed42d7","2024-03-04 04:39:10",904,0,"",NA,TRUE,TRUE,TRUE,FALSE
"ESS/IEP/Snapshots/Temp/CDP_Job_Seeker_20220630.QVD","CDP_Job_Seeker_20220630.QVD","-","f7eef9d7-eb68-40bd-b69f-dbb307ed42d7","2024-03-04 04:39:58",904,0,"",NA,TRUE,TRUE,TRUE,FALSE
"ESS/IEP/Snapshots/Temp/CDP_Job_Seeker_20220731.QVD","CDP_Job_Seeker_20220731.QVD","-","f7eef9d7-eb68-40bd-b69f-dbb307ed42d7","2024-03-04 04:40:44",904,0,"",NA,TRUE,TRUE,TRUE,FALSE
"ESS/IEP/Snapshots/Temp/CDP_Job_Seeker_20220831.QVD","CDP_Job_Seeker_20220831.QVD","-","f7eef9d7-eb68-40bd-b69f-dbb307ed42d7","2024-03-04 04:41:32",904,0,"",NA,TRUE,TRUE,TRUE,FALSE
"ESS/IEP/Snapshots/Temp/CDP_Job_Seeker_20220930.QVD","CDP_Job_Seeker_20220930.QVD","-","f7eef9d7-eb68-40bd-b69f-dbb307ed42d7","2024-03-04 04:42:20",904,0,"",NA,TRUE,TRUE,TRUE,FALSE
"ESS/IEP/Snapshots/Temp/CDP_Job_Seeker_20221031.QVD","CDP_Job_Seeker_20221031.QVD","-","f7eef9d7-eb68-40bd-b69f-dbb307ed42d7","2024-03-04 04:43:07",904,0,"",NA,TRUE,TRUE,TRUE,FALSE
"ESS/IEP/Snapshots/Temp/CDP_Job_Seeker_20221130.QVD","CDP_Job_Seeker_20221130.QVD","-","f7eef9d7-eb68-40bd-b69f-dbb307ed42d7","2024-03-04 04:43:54",904,0,"",NA,TRUE,TRUE,TRUE,FALSE
"ESS/IEP/Snapshots/Temp/CDP_Job_Seeker_20221231.QVD","CDP_Job_Seeker_20221231.QVD","-","f7eef9d7-eb68-40bd-b69f-dbb307ed42d7","2024-03-04 04:44:42",904,0,"",NA,TRUE,TRUE,TRUE,FALSE
"ESS/IEP/Snapshots/Temp/CDP_Job_Seeker_20230131.QVD","CDP_Job_Seeker_20230131.QVD","-","f7eef9d7-eb68-40bd-b69f-dbb307ed42d7","2024-03-04 04:45:29",904,0,"",NA,TRUE,TRUE,TRUE,FALSE
"ESS/IEP/Snapshots/Temp/CDP_Job_Seeker_20230228.QVD","CDP_Job_Seeker_20230228.QVD","-","f7eef9d7-eb68-40bd-b69f-dbb307ed42d7","2024-03-04 04:46:19",904,0,"",NA,TRUE,TRUE,TRUE,FALSE
"ESS/IEP/Snapshots/Temp/CDP_Job_Seeker_20230331.QVD","CDP_Job_Seeker_20230331.QVD","-","f7eef9d7-eb68-40bd-b69f-dbb307ed42d7","2024-03-04 04:47:07",904,0,"",NA,TRUE,TRUE,TRUE,FALSE
"ESS/IEP/Snapshots/Temp/CDP_Job_Seeker_20230430.QVD","CDP_Job_Seeker_20230430.QVD","-","f7eef9d7-eb68-40bd-b69f-dbb307ed42d7","2024-03-04 04:47:56",904,0,"",NA,TRUE,TRUE,TRUE,FALSE
"ESS/IEP/Snapshots/Temp/CDP_Job_Seeker_20230531.QVD","CDP_Job_Seeker_20230531.QVD","-","f7eef9d7-eb68-40bd-b69f-dbb307ed42d7","2024-03-04 04:48:45",904,0,"",NA,TRUE,TRUE,TRUE,FALSE
"ESS/IEP/Snapshots/Temp/CDP_Job_Seeker_20230630.QVD","CDP_Job_Seeker_20230630.QVD","-","f7eef9d7-eb68-40bd-b69f-dbb307ed42d7","2024-03-04 04:49:42",904,0,"",NA,TRUE,TRUE,TRUE,FALSE
"ESS/IEP/Snapshots/Temp/CDP_Job_Seeker_20230731.QVD","CDP_Job_Seeker_20230731.QVD","-","f7eef9d7-eb68-40bd-b69f-dbb307ed42d7","2024-03-04 04:50:32",904,0,"",NA,TRUE,TRUE,TRUE,FALSE
"ESS/IEP/Snapshots/Temp/CDP_Job_Seeker_20230831.QVD","CDP_Job_Seeker_20230831.QVD","-","f7eef9d7-eb68-40bd-b69f-dbb307ed42d7","2024-03-04 04:51:20",904,0,"",NA,TRUE,TRUE,TRUE,FALSE
"ESS/IEP/Snapshots/Temp/CDP_Job_Seeker_20230930.QVD","CDP_Job_Seeker_20230930.QVD","-","f7eef9d7-eb68-40bd-b69f-dbb307ed42d7","2024-03-04 04:52:15",904,0,"",NA,TRUE,TRUE,TRUE,FALSE
"ESS/IEP/Snapshots/Temp/CDP_Job_Seeker_20231031.QVD","CDP_Job_Seeker_20231031.QVD","-","f7eef9d7-eb68-40bd-b69f-dbb307ed42d7","2024-03-04 04:53:04",904,0,"",NA,TRUE,TRUE,TRUE,FALSE
"ESS/IEP/Snapshots/Temp/CDP_Job_Seeker_20231130.QVD","CDP_Job_Seeker_20231130.QVD","-","f7eef9d7-eb68-40bd-b69f-dbb307ed42d7","2024-03-04 04:53:54",904,0,"",NA,TRUE,TRUE,TRUE,FALSE
"ESS/IEP/Snapshots/Temp/CDP_Job_Seeker_20231231.QVD","CDP_Job_Seeker_20231231.QVD","-","f7eef9d7-eb68-40bd-b69f-dbb307ed42d7","2024-03-04 04:54:44",904,0,"",NA,TRUE,TRUE,TRUE,FALSE
"ESS/IEP/Snapshots/Temp/CDP_Job_Seeker_20240131.QVD","CDP_Job_Seeker_20240131.QVD","-","f7eef9d7-eb68-40bd-b69f-dbb307ed42d7","2024-03-04 04:55:34",904,0,"",NA,TRUE,TRUE,TRUE,FALSE
"ESS/IEP/Snapshots/Temp/CDP_Job_Seeker_20240229.QVD","CDP_Job_Seeker_20240229.QVD","-","f7eef9d7-eb68-40bd-b69f-dbb307ed42d7","2024-03-04 04:56:23",904,0,"",NA,TRUE,TRUE,TRUE,TRUE
"ESS/IEP/Snapshots/Temp/IEP_Activity_20200930.QVD","IEP_Activity_20200930.QVD","-","f7eef9d7-eb68-40bd-b69f-dbb307ed42d7","2021-11-02 21:34:27",1757,0,"",NA,TRUE,TRUE,TRUE,FALSE
"ESS/IEP/Snapshots/Temp/IEP_Activity_20201031.QVD","IEP_Activity_20201031.QVD","-","f7eef9d7-eb68-40bd-b69f-dbb307ed42d7","2021-11-02 21:38:48",1757,0,"",NA,TRUE,TRUE,TRUE,FALSE
"ESS/IEP/Snapshots/Temp/IEP_Activity_20201130.QVD","IEP_Activity_20201130.QVD","-","f7eef9d7-eb68-40bd-b69f-dbb307ed42d7","2021-11-02 21:43:02",1757,0,"",NA,TRUE,TRUE,TRUE,FALSE
"ESS/IEP/Snapshots/Temp/IEP_Activity_20201231.QVD","IEP_Activity_20201231.QVD","-","f7eef9d7-eb68-40bd-b69f-dbb307ed42d7","2021-11-02 21:47:25",1757,0,"",NA,TRUE,TRUE,TRUE,FALSE
"ESS/IEP/Snapshots/Temp/IEP_Activity_20210131.QVD","IEP_Activity_20210131.QVD","-","f7eef9d7-eb68-40bd-b69f-dbb307ed42d7","2021-11-02 21:51:31",1757,0,"",NA,TRUE,TRUE,TRUE,FALSE
"ESS/IEP/Snapshots/Temp/IEP_Activity_20210228.QVD","IEP_Activity_20210228.QVD","-","f7eef9d7-eb68-40bd-b69f-dbb307ed42d7","2021-11-02 21:56:01",1757,0,"",NA,TRUE,TRUE,TRUE,FALSE
"ESS/IEP/Snapshots/Temp/IEP_Activity_20210331.QVD","IEP_Activity_20210331.QVD","-","f7eef9d7-eb68-40bd-b69f-dbb307ed42d7","2021-11-02 22:00:33",1757,0,"",NA,TRUE,TRUE,TRUE,FALSE
"ESS/IEP/Snapshots/Temp/IEP_Activity_20210430.QVD","IEP_Activity_20210430.QVD","-","f7eef9d7-eb68-40bd-b69f-dbb307ed42d7","2021-11-02 22:04:27",1757,0,"",NA,TRUE,TRUE,TRUE,FALSE
"ESS/IEP/Snapshots/Temp/IEP_Activity_20210531.QVD","IEP_Activity_20210531.QVD","-","f7eef9d7-eb68-40bd-b69f-dbb307ed42d7","2021-11-02 22:08:25",1757,0,"",NA,TRUE,TRUE,TRUE,FALSE
"ESS/IEP/Snapshots/Temp/IEP_Activity_20210630.QVD","IEP_Activity_20210630.QVD","-","f7eef9d7-eb68-40bd-b69f-dbb307ed42d7","2021-11-02 22:12:26",1757,0,"",NA,TRUE,TRUE,TRUE,FALSE
"ESS/IEP/Snapshots/Temp/IEP_Activity_20210731.QVD","IEP_Activity_20210731.QVD","-","f7eef9d7-eb68-40bd-b69f-dbb307ed42d7","2021-11-02 22:16:29",1757,0,"",NA,TRUE,TRUE,TRUE,FALSE
"ESS/IEP/Snapshots/Temp/IEP_Activity_20210831.QVD","IEP_Activity_20210831.QVD","-","f7eef9d7-eb68-40bd-b69f-dbb307ed42d7","2021-11-02 22:20:36",1757,0,"",NA,TRUE,TRUE,TRUE,FALSE
"ESS/IEP/Snapshots/Temp/IEP_Activity_20210930.QVD","IEP_Activity_20210930.QVD","-","f7eef9d7-eb68-40bd-b69f-dbb307ed42d7","2021-11-02 22:25:04",1757,0,"",NA,TRUE,TRUE,TRUE,FALSE
"ESS/IEP/Snapshots/Temp/IEP_Activity_20211031.QVD","IEP_Activity_20211031.QVD","-","f7eef9d7-eb68-40bd-b69f-dbb307ed42d7","2021-11-02 22:29:28",1757,0,"",NA,TRUE,TRUE,TRUE,FALSE
"ESS/IEP/Snapshots/Temp/IEP_Activity_20211231.QVD","IEP_Activity_20211231.QVD","-","f7eef9d7-eb68-40bd-b69f-dbb307ed42d7","2022-01-05 04:41:38",1693,0,"",NA,TRUE,TRUE,TRUE,FALSE
"ESS/IEP/Snapshots/Temp/IEP_Activity_20220131.QVD","IEP_Activity_20220131.QVD","-","f7eef9d7-eb68-40bd-b69f-dbb307ed42d7","2022-02-01 06:57:13",1666,0,"",NA,TRUE,TRUE,TRUE,FALSE
"ESS/IEP/Snapshots/Temp/IEP_Activity_20220228.QVD","IEP_Activity_20220228.QVD","-","f7eef9d7-eb68-40bd-b69f-dbb307ed42d7","2024-03-04 04:36:21",904,0,"",NA,TRUE,TRUE,TRUE,FALSE
"ESS/IEP/Snapshots/Temp/IEP_Activity_20220331.QVD","IEP_Activity_20220331.QVD","-","f7eef9d7-eb68-40bd-b69f-dbb307ed42d7","2024-03-04 04:37:28",904,0,"",NA,TRUE,TRUE,TRUE,FALSE
"ESS/IEP/Snapshots/Temp/IEP_Activity_20220430.QVD","IEP_Activity_20220430.QVD","-","f7eef9d7-eb68-40bd-b69f-dbb307ed42d7","2024-03-04 04:38:17",904,0,"",NA,TRUE,TRUE,TRUE,FALSE
"ESS/IEP/Snapshots/Temp/IEP_Activity_20220531.QVD","IEP_Activity_20220531.QVD","-","f7eef9d7-eb68-40bd-b69f-dbb307ed42d7","2024-03-04 04:39:07",904,0,"",NA,TRUE,TRUE,TRUE,FALSE
"ESS/IEP/Snapshots/Temp/IEP_Activity_20220630.QVD","IEP_Activity_20220630.QVD","-","f7eef9d7-eb68-40bd-b69f-dbb307ed42d7","2024-03-04 04:39:55",904,0,"",NA,TRUE,TRUE,TRUE,FALSE
"ESS/IEP/Snapshots/Temp/IEP_Activity_20220731.QVD","IEP_Activity_20220731.QVD","-","f7eef9d7-eb68-40bd-b69f-dbb307ed42d7","2024-03-04 04:40:41",904,0,"",NA,TRUE,TRUE,TRUE,FALSE
"ESS/IEP/Snapshots/Temp/IEP_Activity_20220831.QVD","IEP_Activity_20220831.QVD","-","f7eef9d7-eb68-40bd-b69f-dbb307ed42d7","2024-03-04 04:41:28",904,0,"",NA,TRUE,TRUE,TRUE,FALSE
"ESS/IEP/Snapshots/Temp/IEP_Activity_20220930.QVD","IEP_Activity_20220930.QVD","-","f7eef9d7-eb68-40bd-b69f-dbb307ed42d7","2024-03-04 04:42:17",904,0,"",NA,TRUE,TRUE,TRUE,FALSE
"ESS/IEP/Snapshots/Temp/IEP_Activity_20221031.QVD","IEP_Activity_20221031.QVD","-","f7eef9d7-eb68-40bd-b69f-dbb307ed42d7","2024-03-04 04:43:04",904,0,"",NA,TRUE,TRUE,TRUE,FALSE
"ESS/IEP/Snapshots/Temp/IEP_Activity_20221130.QVD","IEP_Activity_20221130.QVD","-","f7eef9d7-eb68-40bd-b69f-dbb307ed42d7","2024-03-04 04:43:51",904,0,"",NA,TRUE,TRUE,TRUE,FALSE
"ESS/IEP/Snapshots/Temp/IEP_Activity_20221231.QVD","IEP_Activity_20221231.QVD","-","f7eef9d7-eb68-40bd-b69f-dbb307ed42d7","2024-03-04 04:44:38",904,0,"",NA,TRUE,TRUE,TRUE,FALSE
"ESS/IEP/Snapshots/Temp/IEP_Activity_20230131.QVD","IEP_Activity_20230131.QVD","-","f7eef9d7-eb68-40bd-b69f-dbb307ed42d7","2024-03-04 04:45:26",904,0,"",NA,TRUE,TRUE,TRUE,FALSE
"ESS/IEP/Snapshots/Temp/IEP_Activity_20230228.QVD","IEP_Activity_20230228.QVD","-","f7eef9d7-eb68-40bd-b69f-dbb307ed42d7","2024-03-04 04:46:15",904,0,"",NA,TRUE,TRUE,TRUE,FALSE
"ESS/IEP/Snapshots/Temp/IEP_Activity_20230331.QVD","IEP_Activity_20230331.QVD","-","f7eef9d7-eb68-40bd-b69f-dbb307ed42d7","2024-03-04 04:47:03",904,0,"",NA,TRUE,TRUE,TRUE,FALSE
"ESS/IEP/Snapshots/Temp/IEP_Activity_20230430.QVD","IEP_Activity_20230430.QVD","-","f7eef9d7-eb68-40bd-b69f-dbb307ed42d7","2024-03-04 04:47:52",904,0,"",NA,TRUE,TRUE,TRUE,FALSE
"ESS/IEP/Snapshots/Temp/IEP_Activity_20230531.QVD","IEP_Activity_20230531.QVD","-","f7eef9d7-eb68-40bd-b69f-dbb307ed42d7","2024-03-04 04:48:41",904,0,"",NA,TRUE,TRUE,TRUE,FALSE
"ESS/IEP/Snapshots/Temp/IEP_Activity_20230630.QVD","IEP_Activity_20230630.QVD","-","f7eef9d7-eb68-40bd-b69f-dbb307ed42d7","2024-03-04 04:49:38",904,0,"",NA,TRUE,TRUE,TRUE,FALSE
"ESS/IEP/Snapshots/Temp/IEP_Activity_20230731.QVD","IEP_Activity_20230731.QVD","-","f7eef9d7-eb68-40bd-b69f-dbb307ed42d7","2024-03-04 04:50:27",904,0,"",NA,TRUE,TRUE,TRUE,FALSE
"ESS/IEP/Snapshots/Temp/IEP_Activity_20230831.QVD","IEP_Activity_20230831.QVD","-","f7eef9d7-eb68-40bd-b69f-dbb307ed42d7","2024-03-04 04:51:16",904,0,"",NA,TRUE,TRUE,TRUE,FALSE
"ESS/IEP/Snapshots/Temp/IEP_Activity_20230930.QVD","IEP_Activity_20230930.QVD","-","f7eef9d7-eb68-40bd-b69f-dbb307ed42d7","2024-03-04 04:52:11",904,0,"",NA,TRUE,TRUE,TRUE,FALSE
"ESS/IEP/Snapshots/Temp/IEP_Activity_20231031.QVD","IEP_Activity_20231031.QVD","-","f7eef9d7-eb68-40bd-b69f-dbb307ed42d7","2024-03-04 04:53:00",904,0,"",NA,TRUE,TRUE,TRUE,FALSE
"ESS/IEP/Snapshots/Temp/IEP_Activity_20231130.QVD","IEP_Activity_20231130.QVD","-","f7eef9d7-eb68-40bd-b69f-dbb307ed42d7","2024-03-04 04:53:49",904,0,"",NA,TRUE,TRUE,TRUE,FALSE
"ESS/IEP/Snapshots/Temp/IEP_Activity_20231231.QVD","IEP_Activity_20231231.QVD","-","f7eef9d7-eb68-40bd-b69f-dbb307ed42d7","2024-03-04 04:54:39",904,0,"",NA,TRUE,TRUE,TRUE,FALSE
"ESS/IEP/Snapshots/Temp/IEP_Activity_20240131.QVD","IEP_Activity_20240131.QVD","-","f7eef9d7-eb68-40bd-b69f-dbb307ed42d7","2024-03-04 04:55:29",904,0,"",NA,TRUE,TRUE,TRUE,FALSE
"ESS/IEP/Snapshots/Temp/IEP_Activity_20240229.QVD","IEP_Activity_20240229.QVD","-","f7eef9d7-eb68-40bd-b69f-dbb307ed42d7","2024-03-04 04:56:19",904,0,"",NA,TRUE,TRUE,TRUE,TRUE
"ESS/IEP/Snapshots/Temp/IEP_Activity_Contact_20200930.QVD","IEP_Activity_Contact_20200930.QVD","-","f7eef9d7-eb68-40bd-b69f-dbb307ed42d7","2021-11-02 21:34:29",1757,0,"",NA,TRUE,TRUE,TRUE,FALSE
"ESS/IEP/Snapshots/Temp/IEP_Activity_Contact_20201031.QVD","IEP_Activity_Contact_20201031.QVD","-","f7eef9d7-eb68-40bd-b69f-dbb307ed42d7","2021-11-02 21:38:50",1757,0,"",NA,TRUE,TRUE,TRUE,FALSE
"ESS/IEP/Snapshots/Temp/IEP_Activity_Contact_20201130.QVD","IEP_Activity_Contact_20201130.QVD","-","f7eef9d7-eb68-40bd-b69f-dbb307ed42d7","2021-11-02 21:43:05",1757,0,"",NA,TRUE,TRUE,TRUE,FALSE
"ESS/IEP/Snapshots/Temp/IEP_Activity_Contact_20201231.QVD","IEP_Activity_Contact_20201231.QVD","-","f7eef9d7-eb68-40bd-b69f-dbb307ed42d7","2021-11-02 21:47:27",1757,0,"",NA,TRUE,TRUE,TRUE,FALSE
"ESS/IEP/Snapshots/Temp/IEP_Activity_Contact_20210131.QVD","IEP_Activity_Contact_20210131.QVD","-","f7eef9d7-eb68-40bd-b69f-dbb307ed42d7","2021-11-02 21:51:34",1757,0,"",NA,TRUE,TRUE,TRUE,FALSE
"ESS/IEP/Snapshots/Temp/IEP_Activity_Contact_20210228.QVD","IEP_Activity_Contact_20210228.QVD","-","f7eef9d7-eb68-40bd-b69f-dbb307ed42d7","2021-11-02 21:56:04",1757,0,"",NA,TRUE,TRUE,TRUE,FALSE
"ESS/IEP/Snapshots/Temp/IEP_Activity_Contact_20210331.QVD","IEP_Activity_Contact_20210331.QVD","-","f7eef9d7-eb68-40bd-b69f-dbb307ed42d7","2021-11-02 22:00:36",1757,0,"",NA,TRUE,TRUE,TRUE,FALSE
"ESS/IEP/Snapshots/Temp/IEP_Activity_Contact_20210430.QVD","IEP_Activity_Contact_20210430.QVD","-","f7eef9d7-eb68-40bd-b69f-dbb307ed42d7","2021-11-02 22:04:30",1757,0,"",NA,TRUE,TRUE,TRUE,FALSE
"ESS/IEP/Snapshots/Temp/IEP_Activity_Contact_20210531.QVD","IEP_Activity_Contact_20210531.QVD","-","f7eef9d7-eb68-40bd-b69f-dbb307ed42d7","2021-11-02 22:08:27",1757,0,"",NA,TRUE,TRUE,TRUE,FALSE
"ESS/IEP/Snapshots/Temp/IEP_Activity_Contact_20210630.QVD","IEP_Activity_Contact_20210630.QVD","-","f7eef9d7-eb68-40bd-b69f-dbb307ed42d7","2021-11-02 22:12:29",1757,0,"",NA,TRUE,TRUE,TRUE,FALSE
"ESS/IEP/Snapshots/Temp/IEP_Activity_Contact_20210731.QVD","IEP_Activity_Contact_20210731.QVD","-","f7eef9d7-eb68-40bd-b69f-dbb307ed42d7","2021-11-02 22:16:32",1757,0,"",NA,TRUE,TRUE,TRUE,FALSE
"ESS/IEP/Snapshots/Temp/IEP_Activity_Contact_20210831.QVD","IEP_Activity_Contact_20210831.QVD","-","f7eef9d7-eb68-40bd-b69f-dbb307ed42d7","2021-11-02 22:20:38",1757,0,"",NA,TRUE,TRUE,TRUE,FALSE
"ESS/IEP/Snapshots/Temp/IEP_Activity_Contact_20210930.QVD","IEP_Activity_Contact_20210930.QVD","-","f7eef9d7-eb68-40bd-b69f-dbb307ed42d7","2021-11-02 22:25:07",1757,0,"",NA,TRUE,TRUE,TRUE,FALSE
"ESS/IEP/Snapshots/Temp/IEP_Activity_Contact_20211031.QVD","IEP_Activity_Contact_20211031.QVD","-","f7eef9d7-eb68-40bd-b69f-dbb307ed42d7","2021-11-02 22:29:31",1757,0,"",NA,TRUE,TRUE,TRUE,FALSE
"ESS/IEP/Snapshots/Temp/IEP_Activity_Contact_20211231.QVD","IEP_Activity_Contact_20211231.QVD","-","f7eef9d7-eb68-40bd-b69f-dbb307ed42d7","2022-01-05 04:41:40",1693,0,"",NA,TRUE,TRUE,TRUE,FALSE
"ESS/IEP/Snapshots/Temp/IEP_Activity_Contact_20220131.QVD","IEP_Activity_Contact_20220131.QVD","-","f7eef9d7-eb68-40bd-b69f-dbb307ed42d7","2022-02-01 06:57:15",1666,0,"",NA,TRUE,TRUE,TRUE,FALSE
"ESS/IEP/Snapshots/Temp/IEP_Activity_Contact_20220228.QVD","IEP_Activity_Contact_20220228.QVD","-","f7eef9d7-eb68-40bd-b69f-dbb307ed42d7","2024-03-04 04:36:22",904,0,"",NA,TRUE,TRUE,TRUE,FALSE
"ESS/IEP/Snapshots/Temp/IEP_Activity_Contact_20220331.QVD","IEP_Activity_Contact_20220331.QVD","-","f7eef9d7-eb68-40bd-b69f-dbb307ed42d7","2024-03-04 04:37:30",904,0,"",NA,TRUE,TRUE,TRUE,FALSE
"ESS/IEP/Snapshots/Temp/IEP_Activity_Contact_20220430.QVD","IEP_Activity_Contact_20220430.QVD","-","f7eef9d7-eb68-40bd-b69f-dbb307ed42d7","2024-03-04 04:38:18",904,0,"",NA,TRUE,TRUE,TRUE,FALSE
"ESS/IEP/Snapshots/Temp/IEP_Activity_Contact_20220531.QVD","IEP_Activity_Contact_20220531.QVD","-","f7eef9d7-eb68-40bd-b69f-dbb307ed42d7","2024-03-04 04:39:08",904,0,"",NA,TRUE,TRUE,TRUE,FALSE
"ESS/IEP/Snapshots/Temp/IEP_Activity_Contact_20220630.QVD","IEP_Activity_Contact_20220630.QVD","-","f7eef9d7-eb68-40bd-b69f-dbb307ed42d7","2024-03-04 04:39:56",904,0,"",NA,TRUE,TRUE,TRUE,FALSE
"ESS/IEP/Snapshots/Temp/IEP_Activity_Contact_20220731.QVD","IEP_Activity_Contact_20220731.QVD","-","f7eef9d7-eb68-40bd-b69f-dbb307ed42d7","2024-03-04 04:40:43",904,0,"",NA,TRUE,TRUE,TRUE,FALSE
"ESS/IEP/Snapshots/Temp/IEP_Activity_Contact_20220831.QVD","IEP_Activity_Contact_20220831.QVD","-","f7eef9d7-eb68-40bd-b69f-dbb307ed42d7","2024-03-04 04:41:29",904,0,"",NA,TRUE,TRUE,TRUE,FALSE
"ESS/IEP/Snapshots/Temp/IEP_Activity_Contact_20220930.QVD","IEP_Activity_Contact_20220930.QVD","-","f7eef9d7-eb68-40bd-b69f-dbb307ed42d7","2024-03-04 04:42:18",904,0,"",NA,TRUE,TRUE,TRUE,FALSE
"ESS/IEP/Snapshots/Temp/IEP_Activity_Contact_20221031.QVD","IEP_Activity_Contact_20221031.QVD","-","f7eef9d7-eb68-40bd-b69f-dbb307ed42d7","2024-03-04 04:43:05",904,0,"",NA,TRUE,TRUE,TRUE,FALSE
"ESS/IEP/Snapshots/Temp/IEP_Activity_Contact_20221130.QVD","IEP_Activity_Contact_20221130.QVD","-","f7eef9d7-eb68-40bd-b69f-dbb307ed42d7","2024-03-04 04:43:52",904,0,"",NA,TRUE,TRUE,TRUE,FALSE
"ESS/IEP/Snapshots/Temp/IEP_Activity_Contact_20221231.QVD","IEP_Activity_Contact_20221231.QVD","-","f7eef9d7-eb68-40bd-b69f-dbb307ed42d7","2024-03-04 04:44:39",904,0,"",NA,TRUE,TRUE,TRUE,FALSE
"ESS/IEP/Snapshots/Temp/IEP_Activity_Contact_20230131.QVD","IEP_Activity_Contact_20230131.QVD","-","f7eef9d7-eb68-40bd-b69f-dbb307ed42d7","2024-03-04 04:45:27",904,0,"",NA,TRUE,TRUE,TRUE,FALSE
"ESS/IEP/Snapshots/Temp/IEP_Activity_Contact_20230228.QVD","IEP_Activity_Contact_20230228.QVD","-","f7eef9d7-eb68-40bd-b69f-dbb307ed42d7","2024-03-04 04:46:16",904,0,"",NA,TRUE,TRUE,TRUE,FALSE
"ESS/IEP/Snapshots/Temp/IEP_Activity_Contact_20230331.QVD","IEP_Activity_Contact_20230331.QVD","-","f7eef9d7-eb68-40bd-b69f-dbb307ed42d7","2024-03-04 04:47:05",904,0,"",NA,TRUE,TRUE,TRUE,FALSE
"ESS/IEP/Snapshots/Temp/IEP_Activity_Contact_20230430.QVD","IEP_Activity_Contact_20230430.QVD","-","f7eef9d7-eb68-40bd-b69f-dbb307ed42d7","2024-03-04 04:47:54",904,0,"",NA,TRUE,TRUE,TRUE,FALSE
"ESS/IEP/Snapshots/Temp/IEP_Activity_Contact_20230531.QVD","IEP_Activity_Contact_20230531.QVD","-","f7eef9d7-eb68-40bd-b69f-dbb307ed42d7","2024-03-04 04:48:42",904,0,"",NA,TRUE,TRUE,TRUE,FALSE
"ESS/IEP/Snapshots/Temp/IEP_Activity_Contact_20230630.QVD","IEP_Activity_Contact_20230630.QVD","-","f7eef9d7-eb68-40bd-b69f-dbb307ed42d7","2024-03-04 04:49:39",904,0,"",NA,TRUE,TRUE,TRUE,FALSE
"ESS/IEP/Snapshots/Temp/IEP_Activity_Contact_20230731.QVD","IEP_Activity_Contact_20230731.QVD","-","f7eef9d7-eb68-40bd-b69f-dbb307ed42d7","2024-03-04 04:50:29",904,0,"",NA,TRUE,TRUE,TRUE,FALSE
"ESS/IEP/Snapshots/Temp/IEP_Activity_Contact_20230831.QVD","IEP_Activity_Contact_20230831.QVD","-","f7eef9d7-eb68-40bd-b69f-dbb307ed42d7","2024-03-04 04:51:18",904,0,"",NA,TRUE,TRUE,TRUE,FALSE
"ESS/IEP/Snapshots/Temp/IEP_Activity_Contact_20230930.QVD","IEP_Activity_Contact_20230930.QVD","-","f7eef9d7-eb68-40bd-b69f-dbb307ed42d7","2024-03-04 04:52:12",904,0,"",NA,TRUE,TRUE,TRUE,FALSE
"ESS/IEP/Snapshots/Temp/IEP_Activity_Contact_20231031.QVD","IEP_Activity_Contact_20231031.QVD","-","f7eef9d7-eb68-40bd-b69f-dbb307ed42d7","2024-03-04 04:53:01",904,0,"",NA,TRUE,TRUE,TRUE,FALSE
"ESS/IEP/Snapshots/Temp/IEP_Activity_Contact_20231130.QVD","IEP_Activity_Contact_20231130.QVD","-","f7eef9d7-eb68-40bd-b69f-dbb307ed42d7","2024-03-04 04:53:51",904,0,"",NA,TRUE,TRUE,TRUE,FALSE
"ESS/IEP/Snapshots/Temp/IEP_Activity_Contact_20231231.QVD","IEP_Activity_Contact_20231231.QVD","-","f7eef9d7-eb68-40bd-b69f-dbb307ed42d7","2024-03-04 04:54:41",904,0,"",NA,TRUE,TRUE,TRUE,FALSE
"ESS/IEP/Snapshots/Temp/IEP_Activity_Contact_20240131.QVD","IEP_Activity_Contact_20240131.QVD","-","f7eef9d7-eb68-40bd-b69f-dbb307ed42d7","2024-03-04 04:55:31",904,0,"",NA,TRUE,TRUE,TRUE,FALSE
"ESS/IEP/Snapshots/Temp/IEP_Activity_Contact_20240229.QVD","IEP_Activity_Contact_20240229.QVD","-","f7eef9d7-eb68-40bd-b69f-dbb307ed42d7","2024-03-04 04:56:20",904,0,"",NA,TRUE,TRUE,TRUE,TRUE
"ESS/IEP/Snapshots/Temp/IEP_Activity_Expenditure_20200930.QVD","IEP_Activity_Expenditure_20200930.QVD","-","f7eef9d7-eb68-40bd-b69f-dbb307ed42d7","2021-11-02 21:34:31",1757,0,"",NA,TRUE,TRUE,TRUE,FALSE
"ESS/IEP/Snapshots/Temp/IEP_Activity_Expenditure_20201031.QVD","IEP_Activity_Expenditure_20201031.QVD","-","f7eef9d7-eb68-40bd-b69f-dbb307ed42d7","2021-11-02 21:38:53",1757,0,"",NA,TRUE,TRUE,TRUE,FALSE
"ESS/IEP/Snapshots/Temp/IEP_Activity_Expenditure_20201130.QVD","IEP_Activity_Expenditure_20201130.QVD","-","f7eef9d7-eb68-40bd-b69f-dbb307ed42d7","2021-11-02 21:43:07",1757,0,"",NA,TRUE,TRUE,TRUE,FALSE
"ESS/IEP/Snapshots/Temp/IEP_Activity_Expenditure_20201231.QVD","IEP_Activity_Expenditure_20201231.QVD","-","f7eef9d7-eb68-40bd-b69f-dbb307ed42d7","2021-11-02 21:47:30",1757,0,"",NA,TRUE,TRUE,TRUE,FALSE
"ESS/IEP/Snapshots/Temp/IEP_Activity_Expenditure_20210131.QVD","IEP_Activity_Expenditure_20210131.QVD","-","f7eef9d7-eb68-40bd-b69f-dbb307ed42d7","2021-11-02 21:51:36",1757,0,"",NA,TRUE,TRUE,TRUE,FALSE
"ESS/IEP/Snapshots/Temp/IEP_Activity_Expenditure_20210228.QVD","IEP_Activity_Expenditure_20210228.QVD","-","f7eef9d7-eb68-40bd-b69f-dbb307ed42d7","2021-11-02 21:56:06",1757,0,"",NA,TRUE,TRUE,TRUE,FALSE
"ESS/IEP/Snapshots/Temp/IEP_Activity_Expenditure_20210331.QVD","IEP_Activity_Expenditure_20210331.QVD","-","f7eef9d7-eb68-40bd-b69f-dbb307ed42d7","2021-11-02 22:00:38",1757,0,"",NA,TRUE,TRUE,TRUE,FALSE
"ESS/IEP/Snapshots/Temp/IEP_Activity_Expenditure_20210430.QVD","IEP_Activity_Expenditure_20210430.QVD","-","f7eef9d7-eb68-40bd-b69f-dbb307ed42d7","2021-11-02 22:04:32",1757,0,"",NA,TRUE,TRUE,TRUE,FALSE
"ESS/IEP/Snapshots/Temp/IEP_Activity_Expenditure_20210531.QVD","IEP_Activity_Expenditure_20210531.QVD","-","f7eef9d7-eb68-40bd-b69f-dbb307ed42d7","2021-11-02 22:08:30",1757,0,"",NA,TRUE,TRUE,TRUE,FALSE
"ESS/IEP/Snapshots/Temp/IEP_Activity_Expenditure_20210630.QVD","IEP_Activity_Expenditure_20210630.QVD","-","f7eef9d7-eb68-40bd-b69f-dbb307ed42d7","2021-11-02 22:12:32",1757,0,"",NA,TRUE,TRUE,TRUE,FALSE
"ESS/IEP/Snapshots/Temp/IEP_Activity_Expenditure_20210731.QVD","IEP_Activity_Expenditure_20210731.QVD","-","f7eef9d7-eb68-40bd-b69f-dbb307ed42d7","2021-11-02 22:16:35",1757,0,"",NA,TRUE,TRUE,TRUE,FALSE
"ESS/IEP/Snapshots/Temp/IEP_Activity_Expenditure_20210831.QVD","IEP_Activity_Expenditure_20210831.QVD","-","f7eef9d7-eb68-40bd-b69f-dbb307ed42d7","2021-11-02 22:20:41",1757,0,"",NA,TRUE,TRUE,TRUE,FALSE
"ESS/IEP/Snapshots/Temp/IEP_Activity_Expenditure_20210930.QVD","IEP_Activity_Expenditure_20210930.QVD","-","f7eef9d7-eb68-40bd-b69f-dbb307ed42d7","2021-11-02 22:25:10",1757,0,"",NA,TRUE,TRUE,TRUE,FALSE
"ESS/IEP/Snapshots/Temp/IEP_Activity_Expenditure_20211031.QVD","IEP_Activity_Expenditure_20211031.QVD","-","f7eef9d7-eb68-40bd-b69f-dbb307ed42d7","2021-11-02 22:29:34",1757,0,"",NA,TRUE,TRUE,TRUE,FALSE
"ESS/IEP/Snapshots/Temp/IEP_Activity_Expenditure_20211231.QVD","IEP_Activity_Expenditure_20211231.QVD","-","f7eef9d7-eb68-40bd-b69f-dbb307ed42d7","2022-01-05 04:41:42",1693,0,"",NA,TRUE,TRUE,TRUE,FALSE
"ESS/IEP/Snapshots/Temp/IEP_Activity_Expenditure_20220228.QVD","IEP_Activity_Expenditure_20220228.QVD","-","f7eef9d7-eb68-40bd-b69f-dbb307ed42d7","2024-03-04 04:36:23",904,0,"",NA,TRUE,TRUE,TRUE,FALSE
"ESS/IEP/Snapshots/Temp/IEP_Activity_Expenditure_20220331.QVD","IEP_Activity_Expenditure_20220331.QVD","-","f7eef9d7-eb68-40bd-b69f-dbb307ed42d7","2024-03-04 04:37:31",904,0,"",NA,TRUE,TRUE,TRUE,FALSE
"ESS/IEP/Snapshots/Temp/IEP_Activity_Expenditure_20220430.QVD","IEP_Activity_Expenditure_20220430.QVD","-","f7eef9d7-eb68-40bd-b69f-dbb307ed42d7","2024-03-04 04:38:20",904,0,"",NA,TRUE,TRUE,TRUE,FALSE
"ESS/IEP/Snapshots/Temp/IEP_Activity_Expenditure_20220531.QVD","IEP_Activity_Expenditure_20220531.QVD","-","f7eef9d7-eb68-40bd-b69f-dbb307ed42d7","2024-03-04 04:39:09",904,0,"",NA,TRUE,TRUE,TRUE,FALSE
"ESS/IEP/Snapshots/Temp/IEP_Activity_Expenditure_20220630.QVD","IEP_Activity_Expenditure_20220630.QVD","-","f7eef9d7-eb68-40bd-b69f-dbb307ed42d7","2024-03-04 04:39:57",904,0,"",NA,TRUE,TRUE,TRUE,FALSE
"ESS/IEP/Snapshots/Temp/IEP_Activity_Expenditure_20220731.QVD","IEP_Activity_Expenditure_20220731.QVD","-","f7eef9d7-eb68-40bd-b69f-dbb307ed42d7","2024-03-04 04:40:44",904,0,"",NA,TRUE,TRUE,TRUE,FALSE
"ESS/IEP/Snapshots/Temp/IEP_Activity_Expenditure_20220831.QVD","IEP_Activity_Expenditure_20220831.QVD","-","f7eef9d7-eb68-40bd-b69f-dbb307ed42d7","2024-03-04 04:41:31",904,0,"",NA,TRUE,TRUE,TRUE,FALSE
"ESS/IEP/Snapshots/Temp/IEP_Activity_Expenditure_20220930.QVD","IEP_Activity_Expenditure_20220930.QVD","-","f7eef9d7-eb68-40bd-b69f-dbb307ed42d7","2024-03-04 04:42:19",904,0,"",NA,TRUE,TRUE,TRUE,FALSE
"ESS/IEP/Snapshots/Temp/IEP_Activity_Expenditure_20221031.QVD","IEP_Activity_Expenditure_20221031.QVD","-","f7eef9d7-eb68-40bd-b69f-dbb307ed42d7","2024-03-04 04:43:06",904,0,"",NA,TRUE,TRUE,TRUE,FALSE
"ESS/IEP/Snapshots/Temp/IEP_Activity_Expenditure_20221130.QVD","IEP_Activity_Expenditure_20221130.QVD","-","f7eef9d7-eb68-40bd-b69f-dbb307ed42d7","2024-03-04 04:43:53",904,0,"",NA,TRUE,TRUE,TRUE,FALSE
"ESS/IEP/Snapshots/Temp/IEP_Activity_Expenditure_20221231.QVD","IEP_Activity_Expenditure_20221231.QVD","-","f7eef9d7-eb68-40bd-b69f-dbb307ed42d7","2024-03-04 04:44:41",904,0,"",NA,TRUE,TRUE,TRUE,FALSE
"ESS/IEP/Snapshots/Temp/IEP_Activity_Expenditure_20230131.QVD","IEP_Activity_Expenditure_20230131.QVD","-","f7eef9d7-eb68-40bd-b69f-dbb307ed42d7","2024-03-04 04:45:29",904,0,"",NA,TRUE,TRUE,TRUE,FALSE
"ESS/IEP/Snapshots/Temp/IEP_Activity_Expenditure_20230228.QVD","IEP_Activity_Expenditure_20230228.QVD","-","f7eef9d7-eb68-40bd-b69f-dbb307ed42d7","2024-03-04 04:46:18",904,0,"",NA,TRUE,TRUE,TRUE,FALSE
"ESS/IEP/Snapshots/Temp/IEP_Activity_Expenditure_20230331.QVD","IEP_Activity_Expenditure_20230331.QVD","-","f7eef9d7-eb68-40bd-b69f-dbb307ed42d7","2024-03-04 04:47:06",904,0,"",NA,TRUE,TRUE,TRUE,FALSE
"ESS/IEP/Snapshots/Temp/IEP_Activity_Expenditure_20230430.QVD","IEP_Activity_Expenditure_20230430.QVD","-","f7eef9d7-eb68-40bd-b69f-dbb307ed42d7","2024-03-04 04:47:55",904,0,"",NA,TRUE,TRUE,TRUE,FALSE
"ESS/IEP/Snapshots/Temp/IEP_Activity_Expenditure_20230531.QVD","IEP_Activity_Expenditure_20230531.QVD","-","f7eef9d7-eb68-40bd-b69f-dbb307ed42d7","2024-03-04 04:48:44",904,0,"",NA,TRUE,TRUE,TRUE,FALSE
"ESS/IEP/Snapshots/Temp/IEP_Activity_Expenditure_20230630.QVD","IEP_Activity_Expenditure_20230630.QVD","-","f7eef9d7-eb68-40bd-b69f-dbb307ed42d7","2024-03-04 04:49:41",904,0,"",NA,TRUE,TRUE,TRUE,FALSE
"ESS/IEP/Snapshots/Temp/IEP_Activity_Expenditure_20230731.QVD","IEP_Activity_Expenditure_20230731.QVD","-","f7eef9d7-eb68-40bd-b69f-dbb307ed42d7","2024-03-04 04:50:30",904,0,"",NA,TRUE,TRUE,TRUE,FALSE
"ESS/IEP/Snapshots/Temp/IEP_Activity_Expenditure_20230831.QVD","IEP_Activity_Expenditure_20230831.QVD","-","f7eef9d7-eb68-40bd-b69f-dbb307ed42d7","2024-03-04 04:51:19",904,0,"",NA,TRUE,TRUE,TRUE,FALSE
"ESS/IEP/Snapshots/Temp/IEP_Activity_Expenditure_20230930.QVD","IEP_Activity_Expenditure_20230930.QVD","-","f7eef9d7-eb68-40bd-b69f-dbb307ed42d7","2024-03-04 04:52:14",904,0,"",NA,TRUE,TRUE,TRUE,FALSE
"ESS/IEP/Snapshots/Temp/IEP_Activity_Expenditure_20231031.QVD","IEP_Activity_Expenditure_20231031.QVD","-","f7eef9d7-eb68-40bd-b69f-dbb307ed42d7","2024-03-04 04:53:03",904,0,"",NA,TRUE,TRUE,TRUE,FALSE
"ESS/IEP/Snapshots/Temp/IEP_Activity_Expenditure_20231130.QVD","IEP_Activity_Expenditure_20231130.QVD","-","f7eef9d7-eb68-40bd-b69f-dbb307ed42d7","2024-03-04 04:53:53",904,0,"",NA,TRUE,TRUE,TRUE,FALSE
"ESS/IEP/Snapshots/Temp/IEP_Activity_Expenditure_20231231.QVD","IEP_Activity_Expenditure_20231231.QVD","-","f7eef9d7-eb68-40bd-b69f-dbb307ed42d7","2024-03-04 04:54:43",904,0,"",NA,TRUE,TRUE,TRUE,FALSE
"ESS/IEP/Snapshots/Temp/IEP_Activity_Expenditure_20240131.QVD","IEP_Activity_Expenditure_20240131.QVD","-","f7eef9d7-eb68-40bd-b69f-dbb307ed42d7","2024-03-04 04:55:32",904,0,"",NA,TRUE,TRUE,TRUE,FALSE
"ESS/IEP/Snapshots/Temp/IEP_Activity_Expenditure_20240229.QVD","IEP_Activity_Expenditure_20240229.QVD","-","f7eef9d7-eb68-40bd-b69f-dbb307ed42d7","2024-03-04 04:56:22",904,0,"",NA,TRUE,TRUE,TRUE,TRUE
"ESS/IEP/Snapshots/Temp/IEP_Claim_Payments_20200930.QVD","IEP_Claim_Payments_20200930.QVD","-","f7eef9d7-eb68-40bd-b69f-dbb307ed42d7","2021-11-02 21:34:31",1757,0,"",NA,TRUE,TRUE,TRUE,FALSE
"ESS/IEP/Snapshots/Temp/IEP_Claim_Payments_20201031.QVD","IEP_Claim_Payments_20201031.QVD","-","f7eef9d7-eb68-40bd-b69f-dbb307ed42d7","2021-11-02 21:38:54",1757,0,"",NA,TRUE,TRUE,TRUE,FALSE
"ESS/IEP/Snapshots/Temp/IEP_Claim_Payments_20201130.QVD","IEP_Claim_Payments_20201130.QVD","-","f7eef9d7-eb68-40bd-b69f-dbb307ed42d7","2021-11-02 21:43:08",1757,0,"",NA,TRUE,TRUE,TRUE,FALSE
"ESS/IEP/Snapshots/Temp/IEP_Claim_Payments_20201231.QVD","IEP_Claim_Payments_20201231.QVD","-","f7eef9d7-eb68-40bd-b69f-dbb307ed42d7","2021-11-02 21:47:31",1757,0,"",NA,TRUE,TRUE,TRUE,FALSE
"ESS/IEP/Snapshots/Temp/IEP_Claim_Payments_20210131.QVD","IEP_Claim_Payments_20210131.QVD","-","f7eef9d7-eb68-40bd-b69f-dbb307ed42d7","2021-11-02 21:51:37",1757,0,"",NA,TRUE,TRUE,TRUE,FALSE
"ESS/IEP/Snapshots/Temp/IEP_Claim_Payments_20210228.QVD","IEP_Claim_Payments_20210228.QVD","-","f7eef9d7-eb68-40bd-b69f-dbb307ed42d7","2021-11-02 21:56:07",1757,0,"",NA,TRUE,TRUE,TRUE,FALSE
"ESS/IEP/Snapshots/Temp/IEP_Claim_Payments_20210331.QVD","IEP_Claim_Payments_20210331.QVD","-","f7eef9d7-eb68-40bd-b69f-dbb307ed42d7","2021-11-02 22:00:39",1757,0,"",NA,TRUE,TRUE,TRUE,FALSE
"ESS/IEP/Snapshots/Temp/IEP_Claim_Payments_20210430.QVD","IEP_Claim_Payments_20210430.QVD","-","f7eef9d7-eb68-40bd-b69f-dbb307ed42d7","2021-11-02 22:04:33",1757,0,"",NA,TRUE,TRUE,TRUE,FALSE
"ESS/IEP/Snapshots/Temp/IEP_Claim_Payments_20210531.QVD","IEP_Claim_Payments_20210531.QVD","-","f7eef9d7-eb68-40bd-b69f-dbb307ed42d7","2021-11-02 22:08:31",1757,0,"",NA,TRUE,TRUE,TRUE,FALSE
"ESS/IEP/Snapshots/Temp/IEP_Claim_Payments_20210630.QVD","IEP_Claim_Payments_20210630.QVD","-","f7eef9d7-eb68-40bd-b69f-dbb307ed42d7","2021-11-02 22:12:33",1757,0,"",NA,TRUE,TRUE,TRUE,FALSE
"ESS/IEP/Snapshots/Temp/IEP_Claim_Payments_20210731.QVD","IEP_Claim_Payments_20210731.QVD","-","f7eef9d7-eb68-40bd-b69f-dbb307ed42d7","2021-11-02 22:16:36",1757,0,"",NA,TRUE,TRUE,TRUE,FALSE
"ESS/IEP/Snapshots/Temp/IEP_Claim_Payments_20210831.QVD","IEP_Claim_Payments_20210831.QVD","-","f7eef9d7-eb68-40bd-b69f-dbb307ed42d7","2021-11-02 22:20:43",1757,0,"",NA,TRUE,TRUE,TRUE,FALSE
"ESS/IEP/Snapshots/Temp/IEP_Claim_Payments_20210930.QVD","IEP_Claim_Payments_20210930.QVD","-","f7eef9d7-eb68-40bd-b69f-dbb307ed42d7","2021-11-02 22:25:11",1757,0,"",NA,TRUE,TRUE,TRUE,FALSE
"ESS/IEP/Snapshots/Temp/IEP_Claim_Payments_20211031.QVD","IEP_Claim_Payments_20211031.QVD","-","f7eef9d7-eb68-40bd-b69f-dbb307ed42d7","2021-11-02 22:29:35",1757,0,"",NA,TRUE,TRUE,TRUE,FALSE
"ESS/IEP/Snapshots/Temp/IEP_Claim_Payments_20211231.QVD","IEP_Claim_Payments_20211231.QVD","-","f7eef9d7-eb68-40bd-b69f-dbb307ed42d7","2022-01-05 04:41:43",1693,0,"",NA,TRUE,TRUE,TRUE,FALSE
"ESS/IEP/Snapshots/Temp/IEP_Claim_Payments_20220131.QVD","IEP_Claim_Payments_20220131.QVD","-","f7eef9d7-eb68-40bd-b69f-dbb307ed42d7","2022-02-01 06:57:20",1666,0,"",NA,TRUE,TRUE,TRUE,FALSE
"ESS/IEP/Snapshots/Temp/IEP_Claim_Payments_20220228.QVD","IEP_Claim_Payments_20220228.QVD","-","f7eef9d7-eb68-40bd-b69f-dbb307ed42d7","2024-03-04 04:36:23",904,0,"",NA,TRUE,TRUE,TRUE,FALSE
"ESS/IEP/Snapshots/Temp/IEP_Claim_Payments_20220331.QVD","IEP_Claim_Payments_20220331.QVD","-","f7eef9d7-eb68-40bd-b69f-dbb307ed42d7","2024-03-04 04:37:31",904,0,"",NA,TRUE,TRUE,TRUE,FALSE
"ESS/IEP/Snapshots/Temp/IEP_Claim_Payments_20220430.QVD","IEP_Claim_Payments_20220430.QVD","-","f7eef9d7-eb68-40bd-b69f-dbb307ed42d7","2024-03-04 04:38:20",904,0,"",NA,TRUE,TRUE,TRUE,FALSE
"ESS/IEP/Snapshots/Temp/IEP_Claim_Payments_20220531.QVD","IEP_Claim_Payments_20220531.QVD","-","f7eef9d7-eb68-40bd-b69f-dbb307ed42d7","2024-03-04 04:39:10",904,0,"",NA,TRUE,TRUE,TRUE,FALSE
"ESS/IEP/Snapshots/Temp/IEP_Claim_Payments_20220630.QVD","IEP_Claim_Payments_20220630.QVD","-","f7eef9d7-eb68-40bd-b69f-dbb307ed42d7","2024-03-04 04:39:58",904,0,"",NA,TRUE,TRUE,TRUE,FALSE
"ESS/IEP/Snapshots/Temp/IEP_Claim_Payments_20220731.QVD","IEP_Claim_Payments_20220731.QVD","-","f7eef9d7-eb68-40bd-b69f-dbb307ed42d7","2024-03-04 04:40:44",904,0,"",NA,TRUE,TRUE,TRUE,FALSE
"ESS/IEP/Snapshots/Temp/IEP_Claim_Payments_20220831.QVD","IEP_Claim_Payments_20220831.QVD","-","f7eef9d7-eb68-40bd-b69f-dbb307ed42d7","2024-03-04 04:41:31",904,0,"",NA,TRUE,TRUE,TRUE,FALSE
"ESS/IEP/Snapshots/Temp/IEP_Claim_Payments_20220930.QVD","IEP_Claim_Payments_20220930.QVD","-","f7eef9d7-eb68-40bd-b69f-dbb307ed42d7","2024-03-04 04:42:20",904,0,"",NA,TRUE,TRUE,TRUE,FALSE
"ESS/IEP/Snapshots/Temp/IEP_Claim_Payments_20221031.QVD","IEP_Claim_Payments_20221031.QVD","-","f7eef9d7-eb68-40bd-b69f-dbb307ed42d7","2024-03-04 04:43:07",904,0,"",NA,TRUE,TRUE,TRUE,FALSE
"ESS/IEP/Snapshots/Temp/IEP_Claim_Payments_20221130.QVD","IEP_Claim_Payments_20221130.QVD","-","f7eef9d7-eb68-40bd-b69f-dbb307ed42d7","2024-03-04 04:43:54",904,0,"",NA,TRUE,TRUE,TRUE,FALSE
"ESS/IEP/Snapshots/Temp/IEP_Claim_Payments_20221231.QVD","IEP_Claim_Payments_20221231.QVD","-","f7eef9d7-eb68-40bd-b69f-dbb307ed42d7","2024-03-04 04:44:41",904,0,"",NA,TRUE,TRUE,TRUE,FALSE
"ESS/IEP/Snapshots/Temp/IEP_Claim_Payments_20230131.QVD","IEP_Claim_Payments_20230131.QVD","-","f7eef9d7-eb68-40bd-b69f-dbb307ed42d7","2024-03-04 04:45:29",904,0,"",NA,TRUE,TRUE,TRUE,FALSE
"ESS/IEP/Snapshots/Temp/IEP_Claim_Payments_20230228.QVD","IEP_Claim_Payments_20230228.QVD","-","f7eef9d7-eb68-40bd-b69f-dbb307ed42d7","2024-03-04 04:46:18",904,0,"",NA,TRUE,TRUE,TRUE,FALSE
"ESS/IEP/Snapshots/Temp/IEP_Claim_Payments_20230331.QVD","IEP_Claim_Payments_20230331.QVD","-","f7eef9d7-eb68-40bd-b69f-dbb307ed42d7","2024-03-04 04:47:07",904,0,"",NA,TRUE,TRUE,TRUE,FALSE
"ESS/IEP/Snapshots/Temp/IEP_Claim_Payments_20230430.QVD","IEP_Claim_Payments_20230430.QVD","-","f7eef9d7-eb68-40bd-b69f-dbb307ed42d7","2024-03-04 04:47:56",904,0,"",NA,TRUE,TRUE,TRUE,FALSE
"ESS/IEP/Snapshots/Temp/IEP_Claim_Payments_20230531.QVD","IEP_Claim_Payments_20230531.QVD","-","f7eef9d7-eb68-40bd-b69f-dbb307ed42d7","2024-03-04 04:48:44",904,0,"",NA,TRUE,TRUE,TRUE,FALSE
"ESS/IEP/Snapshots/Temp/IEP_Claim_Payments_20230630.QVD","IEP_Claim_Payments_20230630.QVD","-","f7eef9d7-eb68-40bd-b69f-dbb307ed42d7","2024-03-04 04:49:41",904,0,"",NA,TRUE,TRUE,TRUE,FALSE
"ESS/IEP/Snapshots/Temp/IEP_Claim_Payments_20230731.QVD","IEP_Claim_Payments_20230731.QVD","-","f7eef9d7-eb68-40bd-b69f-dbb307ed42d7","2024-03-04 04:50:31",904,0,"",NA,TRUE,TRUE,TRUE,FALSE
"ESS/IEP/Snapshots/Temp/IEP_Claim_Payments_20230831.QVD","IEP_Claim_Payments_20230831.QVD","-","f7eef9d7-eb68-40bd-b69f-dbb307ed42d7","2024-03-04 04:51:20",904,0,"",NA,TRUE,TRUE,TRUE,FALSE
"ESS/IEP/Snapshots/Temp/IEP_Claim_Payments_20230930.QVD","IEP_Claim_Payments_20230930.QVD","-","f7eef9d7-eb68-40bd-b69f-dbb307ed42d7","2024-03-04 04:52:15",904,0,"",NA,TRUE,TRUE,TRUE,FALSE
"ESS/IEP/Snapshots/Temp/IEP_Claim_Payments_20231031.QVD","IEP_Claim_Payments_20231031.QVD","-","f7eef9d7-eb68-40bd-b69f-dbb307ed42d7","2024-03-04 04:53:03",904,0,"",NA,TRUE,TRUE,TRUE,FALSE
"ESS/IEP/Snapshots/Temp/IEP_Claim_Payments_20231130.QVD","IEP_Claim_Payments_20231130.QVD","-","f7eef9d7-eb68-40bd-b69f-dbb307ed42d7","2024-03-04 04:53:53",904,0,"",NA,TRUE,TRUE,TRUE,FALSE
"ESS/IEP/Snapshots/Temp/IEP_Claim_Payments_20231231.QVD","IEP_Claim_Payments_20231231.QVD","-","f7eef9d7-eb68-40bd-b69f-dbb307ed42d7","2024-03-04 04:54:43",904,0,"",NA,TRUE,TRUE,TRUE,FALSE
"ESS/IEP/Snapshots/Temp/IEP_Claim_Payments_20240131.QVD","IEP_Claim_Payments_20240131.QVD","-","f7eef9d7-eb68-40bd-b69f-dbb307ed42d7","2024-03-04 04:55:33",904,0,"",NA,TRUE,TRUE,TRUE,FALSE
"ESS/IEP/Snapshots/Temp/IEP_Claim_Payments_20240229.QVD","IEP_Claim_Payments_20240229.QVD","-","f7eef9d7-eb68-40bd-b69f-dbb307ed42d7","2024-03-04 04:56:23",904,0,"",NA,TRUE,TRUE,TRUE,TRUE
"ESS/IEP/Snapshots/Temp/IEP_Job_Seeker_20200930.QVD","IEP_Job_Seeker_20200930.QVD","-","f7eef9d7-eb68-40bd-b69f-dbb307ed42d7","2021-11-02 21:34:28",1757,0,"",NA,TRUE,TRUE,TRUE,FALSE
"ESS/IEP/Snapshots/Temp/IEP_Job_Seeker_20201031.QVD","IEP_Job_Seeker_20201031.QVD","-","f7eef9d7-eb68-40bd-b69f-dbb307ed42d7","2021-11-02 21:38:49",1757,0,"",NA,TRUE,TRUE,TRUE,FALSE
"ESS/IEP/Snapshots/Temp/IEP_Job_Seeker_20201130.QVD","IEP_Job_Seeker_20201130.QVD","-","f7eef9d7-eb68-40bd-b69f-dbb307ed42d7","2021-11-02 21:43:04",1757,0,"",NA,TRUE,TRUE,TRUE,FALSE
"ESS/IEP/Snapshots/Temp/IEP_Job_Seeker_20201231.QVD","IEP_Job_Seeker_20201231.QVD","-","f7eef9d7-eb68-40bd-b69f-dbb307ed42d7","2021-11-02 21:47:26",1757,0,"",NA,TRUE,TRUE,TRUE,FALSE
"ESS/IEP/Snapshots/Temp/IEP_Job_Seeker_20210131.QVD","IEP_Job_Seeker_20210131.QVD","-","f7eef9d7-eb68-40bd-b69f-dbb307ed42d7","2021-11-02 21:51:33",1757,0,"",NA,TRUE,TRUE,TRUE,FALSE
"ESS/IEP/Snapshots/Temp/IEP_Job_Seeker_20210228.QVD","IEP_Job_Seeker_20210228.QVD","-","f7eef9d7-eb68-40bd-b69f-dbb307ed42d7","2021-11-02 21:56:03",1757,0,"",NA,TRUE,TRUE,TRUE,FALSE
"ESS/IEP/Snapshots/Temp/IEP_Job_Seeker_20210331.QVD","IEP_Job_Seeker_20210331.QVD","-","f7eef9d7-eb68-40bd-b69f-dbb307ed42d7","2021-11-02 22:00:35",1757,0,"",NA,TRUE,TRUE,TRUE,FALSE
"ESS/IEP/Snapshots/Temp/IEP_Job_Seeker_20210430.QVD","IEP_Job_Seeker_20210430.QVD","-","f7eef9d7-eb68-40bd-b69f-dbb307ed42d7","2021-11-02 22:04:29",1757,0,"",NA,TRUE,TRUE,TRUE,FALSE
"ESS/IEP/Snapshots/Temp/IEP_Job_Seeker_20210531.QVD","IEP_Job_Seeker_20210531.QVD","-","f7eef9d7-eb68-40bd-b69f-dbb307ed42d7","2021-11-02 22:08:26",1757,0,"",NA,TRUE,TRUE,TRUE,FALSE
"ESS/IEP/Snapshots/Temp/IEP_Job_Seeker_20210630.QVD","IEP_Job_Seeker_20210630.QVD","-","f7eef9d7-eb68-40bd-b69f-dbb307ed42d7","2021-11-02 22:12:28",1757,0,"",NA,TRUE,TRUE,TRUE,FALSE
"ESS/IEP/Snapshots/Temp/IEP_Job_Seeker_20210731.QVD","IEP_Job_Seeker_20210731.QVD","-","f7eef9d7-eb68-40bd-b69f-dbb307ed42d7","2021-11-02 22:16:31",1757,0,"",NA,TRUE,TRUE,TRUE,FALSE
"ESS/IEP/Snapshots/Temp/IEP_Job_Seeker_20210831.QVD","IEP_Job_Seeker_20210831.QVD","-","f7eef9d7-eb68-40bd-b69f-dbb307ed42d7","2021-11-02 22:20:38",1757,0,"",NA,TRUE,TRUE,TRUE,FALSE
"ESS/IEP/Snapshots/Temp/IEP_Job_Seeker_20210930.QVD","IEP_Job_Seeker_20210930.QVD","-","f7eef9d7-eb68-40bd-b69f-dbb307ed42d7","2021-11-02 22:25:06",1757,0,"",NA,TRUE,TRUE,TRUE,FALSE
"ESS/IEP/Snapshots/Temp/IEP_Job_Seeker_20211031.QVD","IEP_Job_Seeker_20211031.QVD","-","f7eef9d7-eb68-40bd-b69f-dbb307ed42d7","2021-11-02 22:29:30",1757,0,"",NA,TRUE,TRUE,TRUE,FALSE
"ESS/IEP/Snapshots/Temp/IEP_Job_Seeker_20211231.QVD","IEP_Job_Seeker_20211231.QVD","-","f7eef9d7-eb68-40bd-b69f-dbb307ed42d7","2022-01-05 04:41:39",1693,0,"",NA,TRUE,TRUE,TRUE,FALSE
"ESS/IEP/Snapshots/Temp/IEP_Job_Seeker_20220131.QVD","IEP_Job_Seeker_20220131.QVD","-","f7eef9d7-eb68-40bd-b69f-dbb307ed42d7","2022-02-01 06:57:14",1666,0,"",NA,TRUE,TRUE,TRUE,FALSE
"ESS/IEP/Snapshots/Temp/IEP_Job_Seeker_20220228.QVD","IEP_Job_Seeker_20220228.QVD","-","f7eef9d7-eb68-40bd-b69f-dbb307ed42d7","2024-03-04 04:36:22",904,0,"",NA,TRUE,TRUE,TRUE,FALSE
"ESS/IEP/Snapshots/Temp/IEP_Job_Seeker_20220331.QVD","IEP_Job_Seeker_20220331.QVD","-","f7eef9d7-eb68-40bd-b69f-dbb307ed42d7","2024-03-04 04:37:29",904,0,"",NA,TRUE,TRUE,TRUE,FALSE
"ESS/IEP/Snapshots/Temp/IEP_Job_Seeker_20220430.QVD","IEP_Job_Seeker_20220430.QVD","-","f7eef9d7-eb68-40bd-b69f-dbb307ed42d7","2024-03-04 04:38:18",904,0,"",NA,TRUE,TRUE,TRUE,FALSE
"ESS/IEP/Snapshots/Temp/IEP_Job_Seeker_20220531.QVD","IEP_Job_Seeker_20220531.QVD","-","f7eef9d7-eb68-40bd-b69f-dbb307ed42d7","2024-03-04 04:39:08",904,0,"",NA,TRUE,TRUE,TRUE,FALSE
"ESS/IEP/Snapshots/Temp/IEP_Job_Seeker_20220630.QVD","IEP_Job_Seeker_20220630.QVD","-","f7eef9d7-eb68-40bd-b69f-dbb307ed42d7","2024-03-04 04:39:55",904,0,"",NA,TRUE,TRUE,TRUE,FALSE
"ESS/IEP/Snapshots/Temp/IEP_Job_Seeker_20220731.QVD","IEP_Job_Seeker_20220731.QVD","-","f7eef9d7-eb68-40bd-b69f-dbb307ed42d7","2024-03-04 04:40:42",904,0,"",NA,TRUE,TRUE,TRUE,FALSE
"ESS/IEP/Snapshots/Temp/IEP_Job_Seeker_20220831.QVD","IEP_Job_Seeker_20220831.QVD","-","f7eef9d7-eb68-40bd-b69f-dbb307ed42d7","2024-03-04 04:41:29",904,0,"",NA,TRUE,TRUE,TRUE,FALSE
"ESS/IEP/Snapshots/Temp/IEP_Job_Seeker_20220930.QVD","IEP_Job_Seeker_20220930.QVD","-","f7eef9d7-eb68-40bd-b69f-dbb307ed42d7","2024-03-04 04:42:17",904,0,"",NA,TRUE,TRUE,TRUE,FALSE
"ESS/IEP/Snapshots/Temp/IEP_Job_Seeker_20221031.QVD","IEP_Job_Seeker_20221031.QVD","-","f7eef9d7-eb68-40bd-b69f-dbb307ed42d7","2024-03-04 04:43:04",904,0,"",NA,TRUE,TRUE,TRUE,FALSE
"ESS/IEP/Snapshots/Temp/IEP_Job_Seeker_20221130.QVD","IEP_Job_Seeker_20221130.QVD","-","f7eef9d7-eb68-40bd-b69f-dbb307ed42d7","2024-03-04 04:43:51",904,0,"",NA,TRUE,TRUE,TRUE,FALSE
"ESS/IEP/Snapshots/Temp/IEP_Job_Seeker_20221231.QVD","IEP_Job_Seeker_20221231.QVD","-","f7eef9d7-eb68-40bd-b69f-dbb307ed42d7","2024-03-04 04:44:39",904,0,"",NA,TRUE,TRUE,TRUE,FALSE
"ESS/IEP/Snapshots/Temp/IEP_Job_Seeker_20230131.QVD","IEP_Job_Seeker_20230131.QVD","-","f7eef9d7-eb68-40bd-b69f-dbb307ed42d7","2024-03-04 04:45:27",904,0,"",NA,TRUE,TRUE,TRUE,FALSE
"ESS/IEP/Snapshots/Temp/IEP_Job_Seeker_20230228.QVD","IEP_Job_Seeker_20230228.QVD","-","f7eef9d7-eb68-40bd-b69f-dbb307ed42d7","2024-03-04 04:46:16",904,0,"",NA,TRUE,TRUE,TRUE,FALSE
"ESS/IEP/Snapshots/Temp/IEP_Job_Seeker_20230331.QVD","IEP_Job_Seeker_20230331.QVD","-","f7eef9d7-eb68-40bd-b69f-dbb307ed42d7","2024-03-04 04:47:04",904,0,"",NA,TRUE,TRUE,TRUE,FALSE
"ESS/IEP/Snapshots/Temp/IEP_Job_Seeker_20230430.QVD","IEP_Job_Seeker_20230430.QVD","-","f7eef9d7-eb68-40bd-b69f-dbb307ed42d7","2024-03-04 04:47:53",904,0,"",NA,TRUE,TRUE,TRUE,FALSE
"ESS/IEP/Snapshots/Temp/IEP_Job_Seeker_20230531.QVD","IEP_Job_Seeker_20230531.QVD","-","f7eef9d7-eb68-40bd-b69f-dbb307ed42d7","2024-03-04 04:48:42",904,0,"",NA,TRUE,TRUE,TRUE,FALSE
"ESS/IEP/Snapshots/Temp/IEP_Job_Seeker_20230630.QVD","IEP_Job_Seeker_20230630.QVD","-","f7eef9d7-eb68-40bd-b69f-dbb307ed42d7","2024-03-04 04:49:39",904,0,"",NA,TRUE,TRUE,TRUE,FALSE
"ESS/IEP/Snapshots/Temp/IEP_Job_Seeker_20230731.QVD","IEP_Job_Seeker_20230731.QVD","-","f7eef9d7-eb68-40bd-b69f-dbb307ed42d7","2024-03-04 04:50:28",904,0,"",NA,TRUE,TRUE,TRUE,FALSE
"ESS/IEP/Snapshots/Temp/IEP_Job_Seeker_20230831.QVD","IEP_Job_Seeker_20230831.QVD","-","f7eef9d7-eb68-40bd-b69f-dbb307ed42d7","2024-03-04 04:51:17",904,0,"",NA,TRUE,TRUE,TRUE,FALSE
"ESS/IEP/Snapshots/Temp/IEP_Job_Seeker_20230930.QVD","IEP_Job_Seeker_20230930.QVD","-","f7eef9d7-eb68-40bd-b69f-dbb307ed42d7","2024-03-04 04:52:12",904,0,"",NA,TRUE,TRUE,TRUE,FALSE
"ESS/IEP/Snapshots/Temp/IEP_Job_Seeker_20231031.QVD","IEP_Job_Seeker_20231031.QVD","-","f7eef9d7-eb68-40bd-b69f-dbb307ed42d7","2024-03-04 04:53:01",904,0,"",NA,TRUE,TRUE,TRUE,FALSE
"ESS/IEP/Snapshots/Temp/IEP_Job_Seeker_20231130.QVD","IEP_Job_Seeker_20231130.QVD","-","f7eef9d7-eb68-40bd-b69f-dbb307ed42d7","2024-03-04 04:53:50",904,0,"",NA,TRUE,TRUE,TRUE,FALSE
"ESS/IEP/Snapshots/Temp/IEP_Job_Seeker_20231231.QVD","IEP_Job_Seeker_20231231.QVD","-","f7eef9d7-eb68-40bd-b69f-dbb307ed42d7","2024-03-04 04:54:40",904,0,"",NA,TRUE,TRUE,TRUE,FALSE
"ESS/IEP/Snapshots/Temp/IEP_Job_Seeker_20240131.QVD","IEP_Job_Seeker_20240131.QVD","-","f7eef9d7-eb68-40bd-b69f-dbb307ed42d7","2024-03-04 04:55:30",904,0,"",NA,TRUE,TRUE,TRUE,FALSE
"ESS/IEP/Snapshots/Temp/IEP_Job_Seeker_20240229.QVD","IEP_Job_Seeker_20240229.QVD","-","f7eef9d7-eb68-40bd-b69f-dbb307ed42d7","2024-03-04 04:56:20",904,0,"",NA,TRUE,TRUE,TRUE,TRUE
"ESS/IEP/Snapshots/Temp/IEP_LOCATIONS_20200930.QVD","IEP_LOCATIONS_20200930.QVD","-","f7eef9d7-eb68-40bd-b69f-dbb307ed42d7","2021-11-02 21:34:31",1757,0,"",NA,TRUE,TRUE,TRUE,FALSE
"ESS/IEP/Snapshots/Temp/IEP_LOCATIONS_20201031.QVD","IEP_LOCATIONS_20201031.QVD","-","f7eef9d7-eb68-40bd-b69f-dbb307ed42d7","2021-11-02 21:38:53",1757,0,"",NA,TRUE,TRUE,TRUE,FALSE
"ESS/IEP/Snapshots/Temp/IEP_LOCATIONS_20201130.QVD","IEP_LOCATIONS_20201130.QVD","-","f7eef9d7-eb68-40bd-b69f-dbb307ed42d7","2021-11-02 21:43:08",1757,0,"",NA,TRUE,TRUE,TRUE,FALSE
"ESS/IEP/Snapshots/Temp/IEP_LOCATIONS_20201231.QVD","IEP_LOCATIONS_20201231.QVD","-","f7eef9d7-eb68-40bd-b69f-dbb307ed42d7","2021-11-02 21:47:30",1757,0,"",NA,TRUE,TRUE,TRUE,FALSE
"ESS/IEP/Snapshots/Temp/IEP_LOCATIONS_20210131.QVD","IEP_LOCATIONS_20210131.QVD","-","f7eef9d7-eb68-40bd-b69f-dbb307ed42d7","2021-11-02 21:51:37",1757,0,"",NA,TRUE,TRUE,TRUE,FALSE
"ESS/IEP/Snapshots/Temp/IEP_LOCATIONS_20210228.QVD","IEP_LOCATIONS_20210228.QVD","-","f7eef9d7-eb68-40bd-b69f-dbb307ed42d7","2021-11-02 21:56:06",1757,0,"",NA,TRUE,TRUE,TRUE,FALSE
"ESS/IEP/Snapshots/Temp/IEP_LOCATIONS_20210331.QVD","IEP_LOCATIONS_20210331.QVD","-","f7eef9d7-eb68-40bd-b69f-dbb307ed42d7","2021-11-02 22:00:39",1757,0,"",NA,TRUE,TRUE,TRUE,FALSE
"ESS/IEP/Snapshots/Temp/IEP_LOCATIONS_20210430.QVD","IEP_LOCATIONS_20210430.QVD","-","f7eef9d7-eb68-40bd-b69f-dbb307ed42d7","2021-11-02 22:04:33",1757,0,"",NA,TRUE,TRUE,TRUE,FALSE
"ESS/IEP/Snapshots/Temp/IEP_LOCATIONS_20210531.QVD","IEP_LOCATIONS_20210531.QVD","-","f7eef9d7-eb68-40bd-b69f-dbb307ed42d7","2021-11-02 22:08:30",1757,0,"",NA,TRUE,TRUE,TRUE,FALSE
"ESS/IEP/Snapshots/Temp/IEP_LOCATIONS_20210630.QVD","IEP_LOCATIONS_20210630.QVD","-","f7eef9d7-eb68-40bd-b69f-dbb307ed42d7","2021-11-02 22:12:32",1757,0,"",NA,TRUE,TRUE,TRUE,FALSE
"ESS/IEP/Snapshots/Temp/IEP_LOCATIONS_20210731.QVD","IEP_LOCATIONS_20210731.QVD","-","f7eef9d7-eb68-40bd-b69f-dbb307ed42d7","2021-11-02 22:16:35",1757,0,"",NA,TRUE,TRUE,TRUE,FALSE
"ESS/IEP/Snapshots/Temp/IEP_LOCATIONS_20210831.QVD","IEP_LOCATIONS_20210831.QVD","-","f7eef9d7-eb68-40bd-b69f-dbb307ed42d7","2021-11-02 22:20:42",1757,0,"",NA,TRUE,TRUE,TRUE,FALSE
"ESS/IEP/Snapshots/Temp/IEP_LOCATIONS_20210930.QVD","IEP_LOCATIONS_20210930.QVD","-","f7eef9d7-eb68-40bd-b69f-dbb307ed42d7","2021-11-02 22:25:10",1757,0,"",NA,TRUE,TRUE,TRUE,FALSE
"ESS/IEP/Snapshots/Temp/IEP_LOCATIONS_20211031.QVD","IEP_LOCATIONS_20211031.QVD","-","f7eef9d7-eb68-40bd-b69f-dbb307ed42d7","2021-11-02 22:29:34",1757,0,"",NA,TRUE,TRUE,TRUE,FALSE
"ESS/IEP/Snapshots/Temp/IEP_LOCATIONS_20211231.QVD","IEP_LOCATIONS_20211231.QVD","-","f7eef9d7-eb68-40bd-b69f-dbb307ed42d7","2022-01-05 04:41:42",1693,0,"",NA,TRUE,TRUE,TRUE,FALSE
"ESS/IEP/Snapshots/Temp/IEP_LOCATIONS_20220131.QVD","IEP_LOCATIONS_20220131.QVD","-","f7eef9d7-eb68-40bd-b69f-dbb307ed42d7","2022-02-01 06:57:19",1666,0,"",NA,TRUE,TRUE,TRUE,FALSE
"ESS/IEP/Snapshots/Temp/IEP_LOCATIONS_20220228.QVD","IEP_LOCATIONS_20220228.QVD","-","f7eef9d7-eb68-40bd-b69f-dbb307ed42d7","2024-03-04 04:36:23",904,0,"",NA,TRUE,TRUE,TRUE,FALSE
"ESS/IEP/Snapshots/Temp/IEP_LOCATIONS_20220331.QVD","IEP_LOCATIONS_20220331.QVD","-","f7eef9d7-eb68-40bd-b69f-dbb307ed42d7","2024-03-04 04:37:31",904,0,"",NA,TRUE,TRUE,TRUE,FALSE
"ESS/IEP/Snapshots/Temp/IEP_LOCATIONS_20220430.QVD","IEP_LOCATIONS_20220430.QVD","-","f7eef9d7-eb68-40bd-b69f-dbb307ed42d7","2024-03-04 04:38:20",904,0,"",NA,TRUE,TRUE,TRUE,FALSE
"ESS/IEP/Snapshots/Temp/IEP_LOCATIONS_20220531.QVD","IEP_LOCATIONS_20220531.QVD","-","f7eef9d7-eb68-40bd-b69f-dbb307ed42d7","2024-03-04 04:39:10",904,0,"",NA,TRUE,TRUE,TRUE,FALSE
"ESS/IEP/Snapshots/Temp/IEP_LOCATIONS_20220630.QVD","IEP_LOCATIONS_20220630.QVD","-","f7eef9d7-eb68-40bd-b69f-dbb307ed42d7","2024-03-04 04:39:57",904,0,"",NA,TRUE,TRUE,TRUE,FALSE
"ESS/IEP/Snapshots/Temp/IEP_LOCATIONS_20220731.QVD","IEP_LOCATIONS_20220731.QVD","-","f7eef9d7-eb68-40bd-b69f-dbb307ed42d7","2024-03-04 04:40:44",904,0,"",NA,TRUE,TRUE,TRUE,FALSE
"ESS/IEP/Snapshots/Temp/IEP_LOCATIONS_20220831.QVD","IEP_LOCATIONS_20220831.QVD","-","f7eef9d7-eb68-40bd-b69f-dbb307ed42d7","2024-03-04 04:41:31",904,0,"",NA,TRUE,TRUE,TRUE,FALSE
"ESS/IEP/Snapshots/Temp/IEP_LOCATIONS_20220930.QVD","IEP_LOCATIONS_20220930.QVD","-","f7eef9d7-eb68-40bd-b69f-dbb307ed42d7","2024-03-04 04:42:19",904,0,"",NA,TRUE,TRUE,TRUE,FALSE
"ESS/IEP/Snapshots/Temp/IEP_LOCATIONS_20221031.QVD","IEP_LOCATIONS_20221031.QVD","-","f7eef9d7-eb68-40bd-b69f-dbb307ed42d7","2024-03-04 04:43:06",904,0,"",NA,TRUE,TRUE,TRUE,FALSE
"ESS/IEP/Snapshots/Temp/IEP_LOCATIONS_20221130.QVD","IEP_LOCATIONS_20221130.QVD","-","f7eef9d7-eb68-40bd-b69f-dbb307ed42d7","2024-03-04 04:43:53",904,0,"",NA,TRUE,TRUE,TRUE,FALSE
"ESS/IEP/Snapshots/Temp/IEP_LOCATIONS_20221231.QVD","IEP_LOCATIONS_20221231.QVD","-","f7eef9d7-eb68-40bd-b69f-dbb307ed42d7","2024-03-04 04:44:41",904,0,"",NA,TRUE,TRUE,TRUE,FALSE
"ESS/IEP/Snapshots/Temp/IEP_LOCATIONS_20230131.QVD","IEP_LOCATIONS_20230131.QVD","-","f7eef9d7-eb68-40bd-b69f-dbb307ed42d7","2024-03-04 04:45:29",904,0,"",NA,TRUE,TRUE,TRUE,FALSE
"ESS/IEP/Snapshots/Temp/IEP_LOCATIONS_20230228.QVD","IEP_LOCATIONS_20230228.QVD","-","f7eef9d7-eb68-40bd-b69f-dbb307ed42d7","2024-03-04 04:46:18",904,0,"",NA,TRUE,TRUE,TRUE,FALSE
"ESS/IEP/Snapshots/Temp/IEP_LOCATIONS_20230331.QVD","IEP_LOCATIONS_20230331.QVD","-","f7eef9d7-eb68-40bd-b69f-dbb307ed42d7","2024-03-04 04:47:07",904,0,"",NA,TRUE,TRUE,TRUE,FALSE
"ESS/IEP/Snapshots/Temp/IEP_LOCATIONS_20230430.QVD","IEP_LOCATIONS_20230430.QVD","-","f7eef9d7-eb68-40bd-b69f-dbb307ed42d7","2024-03-04 04:47:55",904,0,"",NA,TRUE,TRUE,TRUE,FALSE
"ESS/IEP/Snapshots/Temp/IEP_LOCATIONS_20230531.QVD","IEP_LOCATIONS_20230531.QVD","-","f7eef9d7-eb68-40bd-b69f-dbb307ed42d7","2024-03-04 04:48:44",904,0,"",NA,TRUE,TRUE,TRUE,FALSE
"ESS/IEP/Snapshots/Temp/IEP_LOCATIONS_20230630.QVD","IEP_LOCATIONS_20230630.QVD","-","f7eef9d7-eb68-40bd-b69f-dbb307ed42d7","2024-03-04 04:49:41",904,0,"",NA,TRUE,TRUE,TRUE,FALSE
"ESS/IEP/Snapshots/Temp/IEP_LOCATIONS_20230731.QVD","IEP_LOCATIONS_20230731.QVD","-","f7eef9d7-eb68-40bd-b69f-dbb307ed42d7","2024-03-04 04:50:31",904,0,"",NA,TRUE,TRUE,TRUE,FALSE
"ESS/IEP/Snapshots/Temp/IEP_LOCATIONS_20230831.QVD","IEP_LOCATIONS_20230831.QVD","-","f7eef9d7-eb68-40bd-b69f-dbb307ed42d7","2024-03-04 04:51:20",904,0,"",NA,TRUE,TRUE,TRUE,FALSE
"ESS/IEP/Snapshots/Temp/IEP_LOCATIONS_20230930.QVD","IEP_LOCATIONS_20230930.QVD","-","f7eef9d7-eb68-40bd-b69f-dbb307ed42d7","2024-03-04 04:52:14",904,0,"",NA,TRUE,TRUE,TRUE,FALSE
"ESS/IEP/Snapshots/Temp/IEP_LOCATIONS_20231031.QVD","IEP_LOCATIONS_20231031.QVD","-","f7eef9d7-eb68-40bd-b69f-dbb307ed42d7","2024-03-04 04:53:03",904,0,"",NA,TRUE,TRUE,TRUE,FALSE
"ESS/IEP/Snapshots/Temp/IEP_LOCATIONS_20231130.QVD","IEP_LOCATIONS_20231130.QVD","-","f7eef9d7-eb68-40bd-b69f-dbb307ed42d7","2024-03-04 04:53:53",904,0,"",NA,TRUE,TRUE,TRUE,FALSE
"ESS/IEP/Snapshots/Temp/IEP_LOCATIONS_20231231.QVD","IEP_LOCATIONS_20231231.QVD","-","f7eef9d7-eb68-40bd-b69f-dbb307ed42d7","2024-03-04 04:54:43",904,0,"",NA,TRUE,TRUE,TRUE,FALSE
"ESS/IEP/Snapshots/Temp/IEP_LOCATIONS_20240131.QVD","IEP_LOCATIONS_20240131.QVD","-","f7eef9d7-eb68-40bd-b69f-dbb307ed42d7","2024-03-04 04:55:33",904,0,"",NA,TRUE,TRUE,TRUE,FALSE
"ESS/IEP/Snapshots/Temp/IEP_LOCATIONS_20240229.QVD","IEP_LOCATIONS_20240229.QVD","-","f7eef9d7-eb68-40bd-b69f-dbb307ed42d7","2024-03-04 04:56:22",904,0,"",NA,TRUE,TRUE,TRUE,TRUE
"ESS/IEP/Snapshots/Temp/IEP_Outcome_20200930.QVD","IEP_Outcome_20200930.QVD","-","f7eef9d7-eb68-40bd-b69f-dbb307ed42d7","2021-11-02 21:34:29",1757,0,"",NA,TRUE,TRUE,TRUE,FALSE
"ESS/IEP/Snapshots/Temp/IEP_Outcome_20201031.QVD","IEP_Outcome_20201031.QVD","-","f7eef9d7-eb68-40bd-b69f-dbb307ed42d7","2021-11-02 21:38:51",1757,0,"",NA,TRUE,TRUE,TRUE,FALSE
"ESS/IEP/Snapshots/Temp/IEP_Outcome_20201130.QVD","IEP_Outcome_20201130.QVD","-","f7eef9d7-eb68-40bd-b69f-dbb307ed42d7","2021-11-02 21:43:05",1757,0,"",NA,TRUE,TRUE,TRUE,FALSE
"ESS/IEP/Snapshots/Temp/IEP_Outcome_20201231.QVD","IEP_Outcome_20201231.QVD","-","f7eef9d7-eb68-40bd-b69f-dbb307ed42d7","2021-11-02 21:47:28",1757,0,"",NA,TRUE,TRUE,TRUE,FALSE
"ESS/IEP/Snapshots/Temp/IEP_Outcome_20210131.QVD","IEP_Outcome_20210131.QVD","-","f7eef9d7-eb68-40bd-b69f-dbb307ed42d7","2021-11-02 21:51:34",1757,0,"",NA,TRUE,TRUE,TRUE,FALSE
"ESS/IEP/Snapshots/Temp/IEP_Outcome_20210228.QVD","IEP_Outcome_20210228.QVD","-","f7eef9d7-eb68-40bd-b69f-dbb307ed42d7","2021-11-02 21:56:04",1757,0,"",NA,TRUE,TRUE,TRUE,FALSE
"ESS/IEP/Snapshots/Temp/IEP_Outcome_20210331.QVD","IEP_Outcome_20210331.QVD","-","f7eef9d7-eb68-40bd-b69f-dbb307ed42d7","2021-11-02 22:00:36",1757,0,"",NA,TRUE,TRUE,TRUE,FALSE
"ESS/IEP/Snapshots/Temp/IEP_Outcome_20210430.QVD","IEP_Outcome_20210430.QVD","-","f7eef9d7-eb68-40bd-b69f-dbb307ed42d7","2021-11-02 22:04:31",1757,0,"",NA,TRUE,TRUE,TRUE,FALSE
"ESS/IEP/Snapshots/Temp/IEP_Outcome_20210531.QVD","IEP_Outcome_20210531.QVD","-","f7eef9d7-eb68-40bd-b69f-dbb307ed42d7","2021-11-02 22:08:28",1757,0,"",NA,TRUE,TRUE,TRUE,FALSE
"ESS/IEP/Snapshots/Temp/IEP_Outcome_20210630.QVD","IEP_Outcome_20210630.QVD","-","f7eef9d7-eb68-40bd-b69f-dbb307ed42d7","2021-11-02 22:12:30",1757,0,"",NA,TRUE,TRUE,TRUE,FALSE
"ESS/IEP/Snapshots/Temp/IEP_Outcome_20210731.QVD","IEP_Outcome_20210731.QVD","-","f7eef9d7-eb68-40bd-b69f-dbb307ed42d7","2021-11-02 22:16:33",1757,0,"",NA,TRUE,TRUE,TRUE,FALSE
"ESS/IEP/Snapshots/Temp/IEP_Outcome_20210831.QVD","IEP_Outcome_20210831.QVD","-","f7eef9d7-eb68-40bd-b69f-dbb307ed42d7","2021-11-02 22:20:40",1757,0,"",NA,TRUE,TRUE,TRUE,FALSE
"ESS/IEP/Snapshots/Temp/IEP_Outcome_20210930.QVD","IEP_Outcome_20210930.QVD","-","f7eef9d7-eb68-40bd-b69f-dbb307ed42d7","2021-11-02 22:25:08",1757,0,"",NA,TRUE,TRUE,TRUE,FALSE
"ESS/IEP/Snapshots/Temp/IEP_Outcome_20211031.QVD","IEP_Outcome_20211031.QVD","-","f7eef9d7-eb68-40bd-b69f-dbb307ed42d7","2021-11-02 22:29:32",1757,0,"",NA,TRUE,TRUE,TRUE,FALSE
"ESS/IEP/Snapshots/Temp/IEP_Outcome_20220131.QVD","IEP_Outcome_20220131.QVD","-","f7eef9d7-eb68-40bd-b69f-dbb307ed42d7","2022-02-01 06:57:17",1666,0,"",NA,TRUE,TRUE,TRUE,FALSE
"ESS/IEP/Snapshots/Temp/IEP_Outcome_20220228.QVD","IEP_Outcome_20220228.QVD","-","f7eef9d7-eb68-40bd-b69f-dbb307ed42d7","2024-03-04 04:36:22",904,0,"",NA,TRUE,TRUE,TRUE,FALSE
"ESS/IEP/Snapshots/Temp/IEP_Outcome_20220331.QVD","IEP_Outcome_20220331.QVD","-","f7eef9d7-eb68-40bd-b69f-dbb307ed42d7","2024-03-04 04:37:30",904,0,"",NA,TRUE,TRUE,TRUE,FALSE
"ESS/IEP/Snapshots/Temp/IEP_Outcome_20220430.QVD","IEP_Outcome_20220430.QVD","-","f7eef9d7-eb68-40bd-b69f-dbb307ed42d7","2024-03-04 04:38:19",904,0,"",NA,TRUE,TRUE,TRUE,FALSE
"ESS/IEP/Snapshots/Temp/IEP_Outcome_20220531.QVD","IEP_Outcome_20220531.QVD","-","f7eef9d7-eb68-40bd-b69f-dbb307ed42d7","2024-03-04 04:39:09",904,0,"",NA,TRUE,TRUE,TRUE,FALSE
"ESS/IEP/Snapshots/Temp/IEP_Outcome_20220630.QVD","IEP_Outcome_20220630.QVD","-","f7eef9d7-eb68-40bd-b69f-dbb307ed42d7","2024-03-04 04:39:56",904,0,"",NA,TRUE,TRUE,TRUE,FALSE
"ESS/IEP/Snapshots/Temp/IEP_Outcome_20220731.QVD","IEP_Outcome_20220731.QVD","-","f7eef9d7-eb68-40bd-b69f-dbb307ed42d7","2024-03-04 04:40:43",904,0,"",NA,TRUE,TRUE,TRUE,FALSE
"ESS/IEP/Snapshots/Temp/IEP_Outcome_20220831.QVD","IEP_Outcome_20220831.QVD","-","f7eef9d7-eb68-40bd-b69f-dbb307ed42d7","2024-03-04 04:41:30",904,0,"",NA,TRUE,TRUE,TRUE,FALSE
"ESS/IEP/Snapshots/Temp/IEP_Outcome_20220930.QVD","IEP_Outcome_20220930.QVD","-","f7eef9d7-eb68-40bd-b69f-dbb307ed42d7","2024-03-04 04:42:18",904,0,"",NA,TRUE,TRUE,TRUE,FALSE
"ESS/IEP/Snapshots/Temp/IEP_Outcome_20221031.QVD","IEP_Outcome_20221031.QVD","-","f7eef9d7-eb68-40bd-b69f-dbb307ed42d7","2024-03-04 04:43:05",904,0,"",NA,TRUE,TRUE,TRUE,FALSE
"ESS/IEP/Snapshots/Temp/IEP_Outcome_20221130.QVD","IEP_Outcome_20221130.QVD","-","f7eef9d7-eb68-40bd-b69f-dbb307ed42d7","2024-03-04 04:43:52",904,0,"",NA,TRUE,TRUE,TRUE,FALSE
"ESS/IEP/Snapshots/Temp/IEP_Outcome_20221231.QVD","IEP_Outcome_20221231.QVD","-","f7eef9d7-eb68-40bd-b69f-dbb307ed42d7","2024-03-04 04:44:40",904,0,"",NA,TRUE,TRUE,TRUE,FALSE
"ESS/IEP/Snapshots/Temp/IEP_Outcome_20230131.QVD","IEP_Outcome_20230131.QVD","-","f7eef9d7-eb68-40bd-b69f-dbb307ed42d7","2024-03-04 04:45:28",904,0,"",NA,TRUE,TRUE,TRUE,FALSE
"ESS/IEP/Snapshots/Temp/IEP_Outcome_20230228.QVD","IEP_Outcome_20230228.QVD","-","f7eef9d7-eb68-40bd-b69f-dbb307ed42d7","2024-03-04 04:46:17",904,0,"",NA,TRUE,TRUE,TRUE,FALSE
"ESS/IEP/Snapshots/Temp/IEP_Outcome_20230331.QVD","IEP_Outcome_20230331.QVD","-","f7eef9d7-eb68-40bd-b69f-dbb307ed42d7","2024-03-04 04:47:05",904,0,"",NA,TRUE,TRUE,TRUE,FALSE
"ESS/IEP/Snapshots/Temp/IEP_Outcome_20230430.QVD","IEP_Outcome_20230430.QVD","-","f7eef9d7-eb68-40bd-b69f-dbb307ed42d7","2024-03-04 04:47:54",904,0,"",NA,TRUE,TRUE,TRUE,FALSE
"ESS/IEP/Snapshots/Temp/IEP_Outcome_20230531.QVD","IEP_Outcome_20230531.QVD","-","f7eef9d7-eb68-40bd-b69f-dbb307ed42d7","2024-03-04 04:48:43",904,0,"",NA,TRUE,TRUE,TRUE,FALSE
"ESS/IEP/Snapshots/Temp/IEP_Outcome_20230630.QVD","IEP_Outcome_20230630.QVD","-","f7eef9d7-eb68-40bd-b69f-dbb307ed42d7","2024-03-04 04:49:40",904,0,"",NA,TRUE,TRUE,TRUE,FALSE
"ESS/IEP/Snapshots/Temp/IEP_Outcome_20230731.QVD","IEP_Outcome_20230731.QVD","-","f7eef9d7-eb68-40bd-b69f-dbb307ed42d7","2024-03-04 04:50:29",904,0,"",NA,TRUE,TRUE,TRUE,FALSE
"ESS/IEP/Snapshots/Temp/IEP_Outcome_20230831.QVD","IEP_Outcome_20230831.QVD","-","f7eef9d7-eb68-40bd-b69f-dbb307ed42d7","2024-03-04 04:51:18",904,0,"",NA,TRUE,TRUE,TRUE,FALSE
"ESS/IEP/Snapshots/Temp/IEP_Outcome_20230930.QVD","IEP_Outcome_20230930.QVD","-","f7eef9d7-eb68-40bd-b69f-dbb307ed42d7","2024-03-04 04:52:13",904,0,"",NA,TRUE,TRUE,TRUE,FALSE
"ESS/IEP/Snapshots/Temp/IEP_Outcome_20231031.QVD","IEP_Outcome_20231031.QVD","-","f7eef9d7-eb68-40bd-b69f-dbb307ed42d7","2024-03-04 04:53:02",904,0,"",NA,TRUE,TRUE,TRUE,FALSE
"ESS/IEP/Snapshots/Temp/IEP_Outcome_20231130.QVD","IEP_Outcome_20231130.QVD","-","f7eef9d7-eb68-40bd-b69f-dbb307ed42d7","2024-03-04 04:53:52",904,0,"",NA,TRUE,TRUE,TRUE,FALSE
"ESS/IEP/Snapshots/Temp/IEP_Outcome_20231231.QVD","IEP_Outcome_20231231.QVD","-","f7eef9d7-eb68-40bd-b69f-dbb307ed42d7","2024-03-04 04:54:41",904,0,"",NA,TRUE,TRUE,TRUE,FALSE
"ESS/IEP/Snapshots/Temp/IEP_Outcome_20240131.QVD","IEP_Outcome_20240131.QVD","-","f7eef9d7-eb68-40bd-b69f-dbb307ed42d7","2024-03-04 04:55:31",904,0,"",NA,TRUE,TRUE,TRUE,FALSE
"ESS/IEP/Snapshots/Temp/IEP_Outcome_20240229.QVD","IEP_Outcome_20240229.QVD","-","f7eef9d7-eb68-40bd-b69f-dbb307ed42d7","2024-03-04 04:56:21",904,0,"",NA,TRUE,TRUE,TRUE,TRUE
"ESS/IEP/Snapshots/Temp/IEP_Placement_20200930.QVD","IEP_Placement_20200930.QVD","-","f7eef9d7-eb68-40bd-b69f-dbb307ed42d7","2021-11-02 21:34:30",1757,0,"",NA,TRUE,TRUE,TRUE,FALSE
"ESS/IEP/Snapshots/Temp/IEP_Placement_20201031.QVD","IEP_Placement_20201031.QVD","-","f7eef9d7-eb68-40bd-b69f-dbb307ed42d7","2021-11-02 21:38:52",1757,0,"",NA,TRUE,TRUE,TRUE,FALSE
"ESS/IEP/Snapshots/Temp/IEP_Placement_20201130.QVD","IEP_Placement_20201130.QVD","-","f7eef9d7-eb68-40bd-b69f-dbb307ed42d7","2021-11-02 21:43:07",1757,0,"",NA,TRUE,TRUE,TRUE,FALSE
"ESS/IEP/Snapshots/Temp/IEP_Placement_20201231.QVD","IEP_Placement_20201231.QVD","-","f7eef9d7-eb68-40bd-b69f-dbb307ed42d7","2021-11-02 21:47:29",1757,0,"",NA,TRUE,TRUE,TRUE,FALSE
"ESS/IEP/Snapshots/Temp/IEP_Placement_20210131.QVD","IEP_Placement_20210131.QVD","-","f7eef9d7-eb68-40bd-b69f-dbb307ed42d7","2021-11-02 21:51:35",1757,0,"",NA,TRUE,TRUE,TRUE,FALSE
"ESS/IEP/Snapshots/Temp/IEP_Placement_20210228.QVD","IEP_Placement_20210228.QVD","-","f7eef9d7-eb68-40bd-b69f-dbb307ed42d7","2021-11-02 21:56:05",1757,0,"",NA,TRUE,TRUE,TRUE,FALSE
"ESS/IEP/Snapshots/Temp/IEP_Placement_20210331.QVD","IEP_Placement_20210331.QVD","-","f7eef9d7-eb68-40bd-b69f-dbb307ed42d7","2021-11-02 22:00:38",1757,0,"",NA,TRUE,TRUE,TRUE,FALSE
"ESS/IEP/Snapshots/Temp/IEP_Placement_20210430.QVD","IEP_Placement_20210430.QVD","-","f7eef9d7-eb68-40bd-b69f-dbb307ed42d7","2021-11-02 22:04:32",1757,0,"",NA,TRUE,TRUE,TRUE,FALSE
"ESS/IEP/Snapshots/Temp/IEP_Placement_20210531.QVD","IEP_Placement_20210531.QVD","-","f7eef9d7-eb68-40bd-b69f-dbb307ed42d7","2021-11-02 22:08:29",1757,0,"",NA,TRUE,TRUE,TRUE,FALSE
"ESS/IEP/Snapshots/Temp/IEP_Placement_20210630.QVD","IEP_Placement_20210630.QVD","-","f7eef9d7-eb68-40bd-b69f-dbb307ed42d7","2021-11-02 22:12:31",1757,0,"",NA,TRUE,TRUE,TRUE,FALSE
"ESS/IEP/Snapshots/Temp/IEP_Placement_20210731.QVD","IEP_Placement_20210731.QVD","-","f7eef9d7-eb68-40bd-b69f-dbb307ed42d7","2021-11-02 22:16:34",1757,0,"",NA,TRUE,TRUE,TRUE,FALSE
"ESS/IEP/Snapshots/Temp/IEP_Placement_20210831.QVD","IEP_Placement_20210831.QVD","-","f7eef9d7-eb68-40bd-b69f-dbb307ed42d7","2021-11-02 22:20:41",1757,0,"",NA,TRUE,TRUE,TRUE,FALSE
"ESS/IEP/Snapshots/Temp/IEP_Placement_20210930.QVD","IEP_Placement_20210930.QVD","-","f7eef9d7-eb68-40bd-b69f-dbb307ed42d7","2021-11-02 22:25:09",1757,0,"",NA,TRUE,TRUE,TRUE,FALSE
"ESS/IEP/Snapshots/Temp/IEP_Placement_20211031.QVD","IEP_Placement_20211031.QVD","-","f7eef9d7-eb68-40bd-b69f-dbb307ed42d7","2021-11-02 22:29:33",1757,0,"",NA,TRUE,TRUE,TRUE,FALSE
"ESS/IEP/Snapshots/Temp/IEP_Placement_20220131.QVD","IEP_Placement_20220131.QVD","-","f7eef9d7-eb68-40bd-b69f-dbb307ed42d7","2022-02-01 06:57:18",1666,0,"",NA,TRUE,TRUE,TRUE,FALSE
"ESS/IEP/Snapshots/Temp/IEP_Placement_20220228.QVD","IEP_Placement_20220228.QVD","-","f7eef9d7-eb68-40bd-b69f-dbb307ed42d7","2024-03-04 04:36:23",904,0,"",NA,TRUE,TRUE,TRUE,FALSE
"ESS/IEP/Snapshots/Temp/IEP_Placement_20220331.QVD","IEP_Placement_20220331.QVD","-","f7eef9d7-eb68-40bd-b69f-dbb307ed42d7","2024-03-04 04:37:30",904,0,"",NA,TRUE,TRUE,TRUE,FALSE
"ESS/IEP/Snapshots/Temp/IEP_Placement_20220430.QVD","IEP_Placement_20220430.QVD","-","f7eef9d7-eb68-40bd-b69f-dbb307ed42d7","2024-03-04 04:38:19",904,0,"",NA,TRUE,TRUE,TRUE,FALSE
"ESS/IEP/Snapshots/Temp/IEP_Placement_20220531.QVD","IEP_Placement_20220531.QVD","-","f7eef9d7-eb68-40bd-b69f-dbb307ed42d7","2024-03-04 04:39:09",904,0,"",NA,TRUE,TRUE,TRUE,FALSE
"ESS/IEP/Snapshots/Temp/IEP_Placement_20220630.QVD","IEP_Placement_20220630.QVD","-","f7eef9d7-eb68-40bd-b69f-dbb307ed42d7","2024-03-04 04:39:57",904,0,"",NA,TRUE,TRUE,TRUE,FALSE
"ESS/IEP/Snapshots/Temp/IEP_Placement_20220731.QVD","IEP_Placement_20220731.QVD","-","f7eef9d7-eb68-40bd-b69f-dbb307ed42d7","2024-03-04 04:40:43",904,0,"",NA,TRUE,TRUE,TRUE,FALSE
"ESS/IEP/Snapshots/Temp/IEP_Placement_20220831.QVD","IEP_Placement_20220831.QVD","-","f7eef9d7-eb68-40bd-b69f-dbb307ed42d7","2024-03-04 04:41:30",904,0,"",NA,TRUE,TRUE,TRUE,FALSE
"ESS/IEP/Snapshots/Temp/IEP_Placement_20220930.QVD","IEP_Placement_20220930.QVD","-","f7eef9d7-eb68-40bd-b69f-dbb307ed42d7","2024-03-04 04:42:19",904,0,"",NA,TRUE,TRUE,TRUE,FALSE
"ESS/IEP/Snapshots/Temp/IEP_Placement_20221031.QVD","IEP_Placement_20221031.QVD","-","f7eef9d7-eb68-40bd-b69f-dbb307ed42d7","2024-03-04 04:43:06",904,0,"",NA,TRUE,TRUE,TRUE,FALSE
"ESS/IEP/Snapshots/Temp/IEP_Placement_20221130.QVD","IEP_Placement_20221130.QVD","-","f7eef9d7-eb68-40bd-b69f-dbb307ed42d7","2024-03-04 04:43:53",904,0,"",NA,TRUE,TRUE,TRUE,FALSE
"ESS/IEP/Snapshots/Temp/IEP_Placement_20221231.QVD","IEP_Placement_20221231.QVD","-","f7eef9d7-eb68-40bd-b69f-dbb307ed42d7","2024-03-04 04:44:40",904,0,"",NA,TRUE,TRUE,TRUE,FALSE
"ESS/IEP/Snapshots/Temp/IEP_Placement_20230131.QVD","IEP_Placement_20230131.QVD","-","f7eef9d7-eb68-40bd-b69f-dbb307ed42d7","2024-03-04 04:45:28",904,0,"",NA,TRUE,TRUE,TRUE,FALSE
"ESS/IEP/Snapshots/Temp/IEP_Placement_20230228.QVD","IEP_Placement_20230228.QVD","-","f7eef9d7-eb68-40bd-b69f-dbb307ed42d7","2024-03-04 04:46:17",904,0,"",NA,TRUE,TRUE,TRUE,FALSE
"ESS/IEP/Snapshots/Temp/IEP_Placement_20230331.QVD","IEP_Placement_20230331.QVD","-","f7eef9d7-eb68-40bd-b69f-dbb307ed42d7","2024-03-04 04:47:06",904,0,"",NA,TRUE,TRUE,TRUE,FALSE
"ESS/IEP/Snapshots/Temp/IEP_Placement_20230430.QVD","IEP_Placement_20230430.QVD","-","f7eef9d7-eb68-40bd-b69f-dbb307ed42d7","2024-03-04 04:47:55",904,0,"",NA,TRUE,TRUE,TRUE,FALSE
"ESS/IEP/Snapshots/Temp/IEP_Placement_20230531.QVD","IEP_Placement_20230531.QVD","-","f7eef9d7-eb68-40bd-b69f-dbb307ed42d7","2024-03-04 04:48:43",904,0,"",NA,TRUE,TRUE,TRUE,FALSE
"ESS/IEP/Snapshots/Temp/IEP_Placement_20230630.QVD","IEP_Placement_20230630.QVD","-","f7eef9d7-eb68-40bd-b69f-dbb307ed42d7","2024-03-04 04:49:40",904,0,"",NA,TRUE,TRUE,TRUE,FALSE
"ESS/IEP/Snapshots/Temp/IEP_Placement_20230731.QVD","IEP_Placement_20230731.QVD","-","f7eef9d7-eb68-40bd-b69f-dbb307ed42d7","2024-03-04 04:50:30",904,0,"",NA,TRUE,TRUE,TRUE,FALSE
"ESS/IEP/Snapshots/Temp/IEP_Placement_20230831.QVD","IEP_Placement_20230831.QVD","-","f7eef9d7-eb68-40bd-b69f-dbb307ed42d7","2024-03-04 04:51:19",904,0,"",NA,TRUE,TRUE,TRUE,FALSE
"ESS/IEP/Snapshots/Temp/IEP_Placement_20230930.QVD","IEP_Placement_20230930.QVD","-","f7eef9d7-eb68-40bd-b69f-dbb307ed42d7","2024-03-04 04:52:14",904,0,"",NA,TRUE,TRUE,TRUE,FALSE
"ESS/IEP/Snapshots/Temp/IEP_Placement_20231031.QVD","IEP_Placement_20231031.QVD","-","f7eef9d7-eb68-40bd-b69f-dbb307ed42d7","2024-03-04 04:53:02",904,0,"",NA,TRUE,TRUE,TRUE,FALSE
"ESS/IEP/Snapshots/Temp/IEP_Placement_20231130.QVD","IEP_Placement_20231130.QVD","-","f7eef9d7-eb68-40bd-b69f-dbb307ed42d7","2024-03-04 04:53:52",904,0,"",NA,TRUE,TRUE,TRUE,FALSE
"ESS/IEP/Snapshots/Temp/IEP_Placement_20231231.QVD","IEP_Placement_20231231.QVD","-","f7eef9d7-eb68-40bd-b69f-dbb307ed42d7","2024-03-04 04:54:42",904,0,"",NA,TRUE,TRUE,TRUE,FALSE
"ESS/IEP/Snapshots/Temp/IEP_Placement_20240131.QVD","IEP_Placement_20240131.QVD","-","f7eef9d7-eb68-40bd-b69f-dbb307ed42d7","2024-03-04 04:55:32",904,0,"",NA,TRUE,TRUE,TRUE,FALSE
"ESS/IEP/Snapshots/Temp/IEP_Placement_20240229.QVD","IEP_Placement_20240229.QVD","-","f7eef9d7-eb68-40bd-b69f-dbb307ed42d7","2024-03-04 04:56:22",904,0,"",NA,TRUE,TRUE,TRUE,TRUE
"ESS/IEP/Snapshots/Temp/IEP_Provider_20200930.QVD","IEP_Provider_20200930.QVD","-","f7eef9d7-eb68-40bd-b69f-dbb307ed42d7","2021-11-02 21:34:27",1757,0,"",NA,TRUE,TRUE,TRUE,FALSE
"ESS/IEP/Snapshots/Temp/IEP_Provider_20201031.QVD","IEP_Provider_20201031.QVD","-","f7eef9d7-eb68-40bd-b69f-dbb307ed42d7","2021-11-02 21:38:48",1757,0,"",NA,TRUE,TRUE,TRUE,FALSE
"ESS/IEP/Snapshots/Temp/IEP_Provider_20201130.QVD","IEP_Provider_20201130.QVD","-","f7eef9d7-eb68-40bd-b69f-dbb307ed42d7","2021-11-02 21:43:03",1757,0,"",NA,TRUE,TRUE,TRUE,FALSE
"ESS/IEP/Snapshots/Temp/IEP_Provider_20201231.QVD","IEP_Provider_20201231.QVD","-","f7eef9d7-eb68-40bd-b69f-dbb307ed42d7","2021-11-02 21:47:26",1757,0,"",NA,TRUE,TRUE,TRUE,FALSE
"ESS/IEP/Snapshots/Temp/IEP_Provider_20210131.QVD","IEP_Provider_20210131.QVD","-","f7eef9d7-eb68-40bd-b69f-dbb307ed42d7","2021-11-02 21:51:32",1757,0,"",NA,TRUE,TRUE,TRUE,FALSE
"ESS/IEP/Snapshots/Temp/IEP_Provider_20210228.QVD","IEP_Provider_20210228.QVD","-","f7eef9d7-eb68-40bd-b69f-dbb307ed42d7","2021-11-02 21:56:02",1757,0,"",NA,TRUE,TRUE,TRUE,FALSE
"ESS/IEP/Snapshots/Temp/IEP_Provider_20210331.QVD","IEP_Provider_20210331.QVD","-","f7eef9d7-eb68-40bd-b69f-dbb307ed42d7","2021-11-02 22:00:34",1757,0,"",NA,TRUE,TRUE,TRUE,FALSE
"ESS/IEP/Snapshots/Temp/IEP_Provider_20210430.QVD","IEP_Provider_20210430.QVD","-","f7eef9d7-eb68-40bd-b69f-dbb307ed42d7","2021-11-02 22:04:28",1757,0,"",NA,TRUE,TRUE,TRUE,FALSE
"ESS/IEP/Snapshots/Temp/IEP_Provider_20210531.QVD","IEP_Provider_20210531.QVD","-","f7eef9d7-eb68-40bd-b69f-dbb307ed42d7","2021-11-02 22:08:25",1757,0,"",NA,TRUE,TRUE,TRUE,FALSE
"ESS/IEP/Snapshots/Temp/IEP_Provider_20210630.QVD","IEP_Provider_20210630.QVD","-","f7eef9d7-eb68-40bd-b69f-dbb307ed42d7","2021-11-02 22:12:27",1757,0,"",NA,TRUE,TRUE,TRUE,FALSE
"ESS/IEP/Snapshots/Temp/IEP_Provider_20210731.QVD","IEP_Provider_20210731.QVD","-","f7eef9d7-eb68-40bd-b69f-dbb307ed42d7","2021-11-02 22:16:30",1757,0,"",NA,TRUE,TRUE,TRUE,FALSE
"ESS/IEP/Snapshots/Temp/IEP_Provider_20210831.QVD","IEP_Provider_20210831.QVD","-","f7eef9d7-eb68-40bd-b69f-dbb307ed42d7","2021-11-02 22:20:37",1757,0,"",NA,TRUE,TRUE,TRUE,FALSE
"ESS/IEP/Snapshots/Temp/IEP_Provider_20210930.QVD","IEP_Provider_20210930.QVD","-","f7eef9d7-eb68-40bd-b69f-dbb307ed42d7","2021-11-02 22:25:05",1757,0,"",NA,TRUE,TRUE,TRUE,FALSE
"ESS/IEP/Snapshots/Temp/IEP_Provider_20211031.QVD","IEP_Provider_20211031.QVD","-","f7eef9d7-eb68-40bd-b69f-dbb307ed42d7","2021-11-02 22:29:29",1757,0,"",NA,TRUE,TRUE,TRUE,FALSE
"ESS/IEP/Snapshots/Temp/IEP_Provider_20211231.QVD","IEP_Provider_20211231.QVD","-","f7eef9d7-eb68-40bd-b69f-dbb307ed42d7","2022-01-05 04:41:38",1693,0,"",NA,TRUE,TRUE,TRUE,FALSE
"ESS/IEP/Snapshots/Temp/IEP_Provider_20220131.QVD","IEP_Provider_20220131.QVD","-","f7eef9d7-eb68-40bd-b69f-dbb307ed42d7","2022-02-01 06:57:14",1666,0,"",NA,TRUE,TRUE,TRUE,FALSE
"ESS/IEP/Snapshots/Temp/IEP_Provider_20220228.QVD","IEP_Provider_20220228.QVD","-","f7eef9d7-eb68-40bd-b69f-dbb307ed42d7","2024-03-04 04:36:21",904,0,"",NA,TRUE,TRUE,TRUE,FALSE
"ESS/IEP/Snapshots/Temp/IEP_Provider_20220331.QVD","IEP_Provider_20220331.QVD","-","f7eef9d7-eb68-40bd-b69f-dbb307ed42d7","2024-03-04 04:37:29",904,0,"",NA,TRUE,TRUE,TRUE,FALSE
"ESS/IEP/Snapshots/Temp/IEP_Provider_20220430.QVD","IEP_Provider_20220430.QVD","-","f7eef9d7-eb68-40bd-b69f-dbb307ed42d7","2024-03-04 04:38:18",904,0,"",NA,TRUE,TRUE,TRUE,FALSE
"ESS/IEP/Snapshots/Temp/IEP_Provider_20220531.QVD","IEP_Provider_20220531.QVD","-","f7eef9d7-eb68-40bd-b69f-dbb307ed42d7","2024-03-04 04:39:07",904,0,"",NA,TRUE,TRUE,TRUE,FALSE
"ESS/IEP/Snapshots/Temp/IEP_Provider_20220630.QVD","IEP_Provider_20220630.QVD","-","f7eef9d7-eb68-40bd-b69f-dbb307ed42d7","2024-03-04 04:39:55",904,0,"",NA,TRUE,TRUE,TRUE,FALSE
"ESS/IEP/Snapshots/Temp/IEP_Provider_20220731.QVD","IEP_Provider_20220731.QVD","-","f7eef9d7-eb68-40bd-b69f-dbb307ed42d7","2024-03-04 04:40:42",904,0,"",NA,TRUE,TRUE,TRUE,FALSE
"ESS/IEP/Snapshots/Temp/IEP_Provider_20220831.QVD","IEP_Provider_20220831.QVD","-","f7eef9d7-eb68-40bd-b69f-dbb307ed42d7","2024-03-04 04:41:29",904,0,"",NA,TRUE,TRUE,TRUE,FALSE
"ESS/IEP/Snapshots/Temp/IEP_Provider_20220930.QVD","IEP_Provider_20220930.QVD","-","f7eef9d7-eb68-40bd-b69f-dbb307ed42d7","2024-03-04 04:42:17",904,0,"",NA,TRUE,TRUE,TRUE,FALSE
"ESS/IEP/Snapshots/Temp/IEP_Provider_20221031.QVD","IEP_Provider_20221031.QVD","-","f7eef9d7-eb68-40bd-b69f-dbb307ed42d7","2024-03-04 04:43:04",904,0,"",NA,TRUE,TRUE,TRUE,FALSE
"ESS/IEP/Snapshots/Temp/IEP_Provider_20221130.QVD","IEP_Provider_20221130.QVD","-","f7eef9d7-eb68-40bd-b69f-dbb307ed42d7","2024-03-04 04:43:51",904,0,"",NA,TRUE,TRUE,TRUE,FALSE
"ESS/IEP/Snapshots/Temp/IEP_Provider_20221231.QVD","IEP_Provider_20221231.QVD","-","f7eef9d7-eb68-40bd-b69f-dbb307ed42d7","2024-03-04 04:44:38",904,0,"",NA,TRUE,TRUE,TRUE,FALSE
"ESS/IEP/Snapshots/Temp/IEP_Provider_20230131.QVD","IEP_Provider_20230131.QVD","-","f7eef9d7-eb68-40bd-b69f-dbb307ed42d7","2024-03-04 04:45:26",904,0,"",NA,TRUE,TRUE,TRUE,FALSE
"ESS/IEP/Snapshots/Temp/IEP_Provider_20230228.QVD","IEP_Provider_20230228.QVD","-","f7eef9d7-eb68-40bd-b69f-dbb307ed42d7","2024-03-04 04:46:15",904,0,"",NA,TRUE,TRUE,TRUE,FALSE
"ESS/IEP/Snapshots/Temp/IEP_Provider_20230331.QVD","IEP_Provider_20230331.QVD","-","f7eef9d7-eb68-40bd-b69f-dbb307ed42d7","2024-03-04 04:47:04",904,0,"",NA,TRUE,TRUE,TRUE,FALSE
"ESS/IEP/Snapshots/Temp/IEP_Provider_20230430.QVD","IEP_Provider_20230430.QVD","-","f7eef9d7-eb68-40bd-b69f-dbb307ed42d7","2024-03-04 04:47:53",904,0,"",NA,TRUE,TRUE,TRUE,FALSE
"ESS/IEP/Snapshots/Temp/IEP_Provider_20230531.QVD","IEP_Provider_20230531.QVD","-","f7eef9d7-eb68-40bd-b69f-dbb307ed42d7","2024-03-04 04:48:41",904,0,"",NA,TRUE,TRUE,TRUE,FALSE
"ESS/IEP/Snapshots/Temp/IEP_Provider_20230630.QVD","IEP_Provider_20230630.QVD","-","f7eef9d7-eb68-40bd-b69f-dbb307ed42d7","2024-03-04 04:49:38",904,0,"",NA,TRUE,TRUE,TRUE,FALSE
"ESS/IEP/Snapshots/Temp/IEP_Provider_20230731.QVD","IEP_Provider_20230731.QVD","-","f7eef9d7-eb68-40bd-b69f-dbb307ed42d7","2024-03-04 04:50:28",904,0,"",NA,TRUE,TRUE,TRUE,FALSE
"ESS/IEP/Snapshots/Temp/IEP_Provider_20230831.QVD","IEP_Provider_20230831.QVD","-","f7eef9d7-eb68-40bd-b69f-dbb307ed42d7","2024-03-04 04:51:17",904,0,"",NA,TRUE,TRUE,TRUE,FALSE
"ESS/IEP/Snapshots/Temp/IEP_Provider_20230930.QVD","IEP_Provider_20230930.QVD","-","f7eef9d7-eb68-40bd-b69f-dbb307ed42d7","2024-03-04 04:52:11",904,0,"",NA,TRUE,TRUE,TRUE,FALSE
"ESS/IEP/Snapshots/Temp/IEP_Provider_20231031.QVD","IEP_Provider_20231031.QVD","-","f7eef9d7-eb68-40bd-b69f-dbb307ed42d7","2024-03-04 04:53:00",904,0,"",NA,TRUE,TRUE,TRUE,FALSE
"ESS/IEP/Snapshots/Temp/IEP_Provider_20231130.QVD","IEP_Provider_20231130.QVD","-","f7eef9d7-eb68-40bd-b69f-dbb307ed42d7","2024-03-04 04:53:50",904,0,"",NA,TRUE,TRUE,TRUE,FALSE
"ESS/IEP/Snapshots/Temp/IEP_Provider_20231231.QVD","IEP_Provider_20231231.QVD","-","f7eef9d7-eb68-40bd-b69f-dbb307ed42d7","2024-03-04 04:54:40",904,0,"",NA,TRUE,TRUE,TRUE,FALSE
"ESS/IEP/Snapshots/Temp/IEP_Provider_20240131.QVD","IEP_Provider_20240131.QVD","-","f7eef9d7-eb68-40bd-b69f-dbb307ed42d7","2024-03-04 04:55:30",904,0,"",NA,TRUE,TRUE,TRUE,FALSE
"ESS/IEP/Snapshots/Temp/IEP_Provider_20240229.QVD","IEP_Provider_20240229.QVD","-","f7eef9d7-eb68-40bd-b69f-dbb307ed42d7","2024-03-04 04:56:19",904,0,"",NA,TRUE,TRUE,TRUE,TRUE
"ESS/IEP/Snapshots/Temp/QVD_BUILDER_TASK_LOG.QVD","QVD_BUILDER_TASK_LOG.QVD","-","f7eef9d7-eb68-40bd-b69f-dbb307ed42d7","2024-03-04 04:56:24",904,0,"",NA,TRUE,TRUE,TRUE,FALSE
"ESS/IEP/Temp/QVD_BUILDER_TASK_LOG.QVD","QVD_BUILDER_TASK_LOG.QVD","-","f7eef9d7-eb68-40bd-b69f-dbb307ed42d7","2024-03-12 22:31:43",896,0,"",NA,TRUE,TRUE,TRUE,FALSE
"SSR/Aged Debts.qvd","Aged Debts.qvd","-","f11de33d-f364-4eb0-aa2a-588866f58ef4","2022-11-30 01:47:22",1364,0,"",NA,TRUE,TRUE,TRUE,TRUE
"NIAA/NIAA Site 2023.qvd","NIAA Site 2023.qvd","NIAA Site Location QVD Generator - DEV","f81cd707-b5eb-4eb1-b470-a7fb9e860774","2023-08-23 02:25:01",1098,1,"training","-",TRUE,FALSE,FALSE,TRUE
"DGOV/ACNC Charities.QVD","ACNC Charities.QVD","IAM QVD Builder","fbcb7aae-2700-4124-b8a0-90877878feef","2026-08-18 07:30:07",7,0,"","99 - QVD Tasks",FALSE,TRUE,FALSE,FALSE
"DGOV/ASIC Companies.QVD","ASIC Companies.QVD","IAM QVD Builder","fbcb7aae-2700-4124-b8a0-90877878feef","2025-06-03 23:30:54",448,0,"","99 - QVD Tasks",TRUE,TRUE,TRUE,TRUE
"DataCatalogue/Data Lake Inventory.QVD","Data Lake Inventory.QVD","IAM QVD Builder","fbcb7aae-2700-4124-b8a0-90877878feef","2023-11-27 22:31:29",1002,0,"","99 - QVD Tasks",TRUE,TRUE,TRUE,FALSE
"DGOV/Funded ASIC Companies.QVD","Funded ASIC Companies.QVD","IAM QVD Builder","fbcb7aae-2700-4124-b8a0-90877878feef","2026-08-18 07:30:21",7,0,"","99 - QVD Tasks",FALSE,TRUE,FALSE,TRUE
"NIAA/Glossary Detail.QVD","Glossary Detail.QVD","IAM QVD Builder","fbcb7aae-2700-4124-b8a0-90877878feef","2026-08-18 07:30:07",7,0,"","99 - QVD Tasks",FALSE,TRUE,FALSE,FALSE
"IAM/GMU Director.QVD","GMU Director.QVD","IAM QVD Builder","fbcb7aae-2700-4124-b8a0-90877878feef","2026-08-18 07:31:18",7,0,"","99 - QVD Tasks",FALSE,TRUE,FALSE,TRUE
"IAM/NIAA Staff.QVD","NIAA Staff.QVD","IAM QVD Builder","fbcb7aae-2700-4124-b8a0-90877878feef","2026-08-18 07:34:34",7,65,"Remote Employment(10);Data Asset Register sample sheets;Data Asset Register sample sheets(1);corporate data;UAT_Remote Employment","99 - QVD Tasks",FALSE,FALSE,FALSE,TRUE
"DataCatalogue/Object Hierarchy test.QVD","Object Hierarchy test.QVD","IAM QVD Builder","fbcb7aae-2700-4124-b8a0-90877878feef","2026-08-18 07:34:37",7,0,"","99 - QVD Tasks",FALSE,TRUE,FALSE,FALSE
"DataCatalogue/Object Hierarchy.QVD","Object Hierarchy.QVD","IAM QVD Builder","fbcb7aae-2700-4124-b8a0-90877878feef","2026-08-18 07:34:36",7,5,"NIAA Qlik Report Catalogue;NIAA Qlik Report Catalogue (with lineage and style)(2);Object hierarchy;NIAA Qlik Report Catalogue - Dave Work(1);NIAA Qlik Report Catalogue(3)","99 - QVD Tasks",FALSE,FALSE,FALSE,TRUE
"DGOV/ORIC Corporations - 20251223.QVD","ORIC Corporations - 20251223.QVD","IAM QVD Builder","fbcb7aae-2700-4124-b8a0-90877878feef","2026-01-11 06:30:11",226,0,"","99 - QVD Tasks",FALSE,TRUE,FALSE,FALSE
"DGOV/ORIC Corporations.QVD","ORIC Corporations.QVD","IAM QVD Builder","fbcb7aae-2700-4124-b8a0-90877878feef","2026-08-18 07:30:08",7,0,"","99 - QVD Tasks",FALSE,TRUE,FALSE,FALSE
"DGOV/Services Australia Offices.qvd","Services Australia Offices.qvd","IAM QVD Builder","fbcb7aae-2700-4124-b8a0-90877878feef","2026-08-18 07:30:07",7,0,"","99 - QVD Tasks",FALSE,TRUE,FALSE,TRUE
"ESS/IEP/LKP_DIM_JOB_SEEKER_GEOCODED.QVD","LKP_DIM_JOB_SEEKER_GEOCODED.QVD","-","ff125a1b-0003-43ef-8238-4e1fdcbdc192","2021-10-16 02:44:09",1774,0,"",NA,TRUE,TRUE,TRUE,FALSE
"ESS/CDP/CDP_Job_Plan_Goal_Comment_Topic_Models.qvd","CDP_Job_Plan_Goal_Comment_Topic_Models.qvd","-","ff484f1b-0756-4a17-b0d1-4beb686d3a96","2023-12-21 23:55:46",978,0,"",NA,TRUE,TRUE,TRUE,FALSE
