"RelPath","CreatorAppName","age_days","stale_1y","has_lineage_statement","refusal_reason"
"NTLC/NTLC_2026.qvd","Tactical","7","FALSE",TRUE,"no-sql-select"
"NTLC/NTLC.qvd","Tactical","7","FALSE",TRUE,"no-sql-select"
"ESS/CDP/Temp/QVD_List_TWES.QVD","01 ESS QVD Builder - TWES","7","FALSE",FALSE,""
"ESS/CDP/Temp/Error.QVD","02 ESS QVD Builder Finalisation CDP & IEP","7","FALSE",FALSE,""
"FUSION/Funding Brief-25.qvd","FUSION QVD Generator","7","FALSE",FALSE,""
"FUSION/SSIS FUSION.qvd","FUSION QVD Generator","7","FALSE",TRUE,"from-no-dot"
"ESS/CDP/Temp/CDP Activity Attendance Monthly Rollup.QVD","01 ESS QVD Builder - CDP","7","FALSE",TRUE,"no-sql-select"
"ESS/CDP/Temp/CDP Activity Attendance Result Monthly Rollup Pivoted.QVD","01 ESS QVD Builder - CDP","7","FALSE",TRUE,"no-sql-select"
"ESS/CDP/Temp/CDP Activity Attendance Result Monthly Rollup.QVD","01 ESS QVD Builder - CDP","7","FALSE",FALSE,""
"ESS/CDP/Temp/CDP Activity Referral Placement.QVD","01 ESS QVD Builder - CDP","7","FALSE",TRUE,"no-sql-select"
"ESS/CDP/Temp/CDP Activity.QVD","01 ESS QVD Builder - CDP","7","FALSE",TRUE,"no-sql-select"
"ESS/CDP/Temp/CDP Age Group.QVD","01 ESS QVD Builder - CDP","7","FALSE",TRUE,"no-sql-select"
"ESS/CDP/Temp/CDP API Subs Data Currency.QVD","01 ESS QVD Builder - CDP","7","FALSE",TRUE,"no-sql-select"
"ESS/CDP/Temp/CDP Barrier Job Plan Activity Link.QVD","01 ESS QVD Builder - CDP","7","FALSE",TRUE,"no-sql-select"
"ESS/CDP/Temp/CDP Barrier Job Plan Assistance Link.QVD","01 ESS QVD Builder - CDP","7","FALSE",TRUE,"no-sql-select"
"ESS/CDP/Temp/CDP Barrier.QVD","01 ESS QVD Builder - CDP","7","FALSE",TRUE,"no-sql-select"
"ESS/CDP/Temp/CDP Caseload Last 7 Days.QVD","01 ESS QVD Builder - CDP","7","FALSE",TRUE,"no-sql-select"
"ESS/CDP/Temp/CDP Caseload Month End.QVD","01 ESS QVD Builder - CDP","7","FALSE",TRUE,"no-sql-select"
"ESS/CDP/Temp/CDP Caseload Tracking By Month & Age Group.QVD","01 ESS QVD Builder - CDP","7","FALSE",TRUE,"no-sql-select"
"ESS/CDP/Temp/CDP Caseload Tracking By Month & CDP Region.QVD","01 ESS QVD Builder - CDP","7","FALSE",TRUE,"no-sql-select"
"ESS/CDP/Temp/CDP Caseload Tracking By Month & Indigenous Status.QVD","01 ESS QVD Builder - CDP","7","FALSE",TRUE,"no-sql-select"
"ESS/CDP/Temp/CDP Caseload Tracking By Month.QVD","01 ESS QVD Builder - CDP","7","FALSE",TRUE,"no-sql-select"
"ESS/CDP/Temp/CDP Caseload.QVD","01 ESS QVD Builder - CDP","7","FALSE",TRUE,"no-sql-select"
"ESS/CDP/Temp/CDP CCRJ Code Table.QVD","01 ESS QVD Builder - CDP","7","FALSE",TRUE,"no-sql-select"
"ESS/CDP/Temp/CDP Claim.QVD","01 ESS QVD Builder - CDP","7","FALSE",TRUE,"no-sql-select"
"ESS/CDP/Temp/CDP Contract.QVD","01 ESS QVD Builder - CDP","7","FALSE",TRUE,"no-sql-select"
"ESS/CDP/Temp/CDP Estimated Grant Value FY.QVD","01 ESS QVD Builder - CDP","7","FALSE",TRUE,"no-sql-select"
"ESS/CDP/Temp/CDP Grant Activity Site Location.QVD","01 ESS QVD Builder - CDP","7","FALSE",TRUE,"no-sql-select"
"ESS/CDP/Temp/CDP Grant Activity updated.QVD","01 ESS QVD Builder - CDP","7","FALSE",TRUE,"no-sql-select"
"ESS/CDP/Temp/CDP Grant Activity.QVD","01 ESS QVD Builder - CDP","7","FALSE",TRUE,"no-sql-select"
"ESS/CDP/Temp/CDP Grant Detail.QVD","01 ESS QVD Builder - CDP","7","FALSE",TRUE,"no-sql-select"
"ESS/CDP/Temp/CDP Grant Estimated Expenditure FY.QVD","01 ESS QVD Builder - CDP","7","FALSE",TRUE,"no-sql-select"
"ESS/CDP/Temp/CDP Grants List.QVD","01 ESS QVD Builder - CDP","7","FALSE",TRUE,"no-sql-select"
"ESS/CDP/Temp/CDP Income Support Payment Rate.QVD","01 ESS QVD Builder - CDP","7","FALSE",TRUE,"no-sql-select"
"ESS/CDP/Temp/CDP Job Plan Activity Detail.QVD","01 ESS QVD Builder - CDP","7","FALSE",TRUE,"no-sql-select"
"ESS/CDP/Temp/CDP Job Plan Activity.QVD","01 ESS QVD Builder - CDP","7","FALSE",TRUE,"no-sql-select"
"ESS/CDP/Temp/CDP Job Plan Assistance.QVD","01 ESS QVD Builder - CDP","7","FALSE",TRUE,"no-sql-select"
"ESS/CDP/Temp/CDP Job Plan.QVD","01 ESS QVD Builder - CDP","7","FALSE",TRUE,"no-sql-select"
"ESS/CDP/Temp/CDP Job Seeker Appointment.QVD","01 ESS QVD Builder - CDP","7","FALSE",TRUE,"no-sql-select"
"ESS/CDP/Temp/CDP Job Seeker Assessment.QVD","01 ESS QVD Builder - CDP","7","FALSE",TRUE,"no-sql-select"
"ESS/CDP/Temp/CDP Job Seeker Characteristics Month End.QVD","01 ESS QVD Builder - CDP","7","FALSE",TRUE,"no-sql-select"
"ESS/CDP/Temp/CDP Job Seeker Characteristics.QVD","01 ESS QVD Builder - CDP","7","FALSE",TRUE,"no-sql-select"
"ESS/CDP/Temp/CDP Job Seeker Geocoded.QVD","01 ESS QVD Builder - CDP","7","FALSE",TRUE,"no-sql-select"
"ESS/CDP/Temp/CDP Job Seeker History.QVD","01 ESS QVD Builder - CDP","7","FALSE",TRUE,"no-sql-select"
"ESS/CDP/Temp/CDP Job Seeker Month End.QVD","01 ESS QVD Builder - CDP","7","FALSE",TRUE,"no-sql-select"
"ESS/CDP/Temp/CDP Job Seeker.QVD","01 ESS QVD Builder - CDP","7","FALSE",TRUE,"no-sql-select"
"ESS/CDP/Temp/CDP JSCI Classification Question & Response.QVD","01 ESS QVD Builder - CDP","7","FALSE",TRUE,"no-sql-select"
"ESS/CDP/Temp/CDP JSCI Classification.QVD","01 ESS QVD Builder - CDP","7","FALSE",TRUE,"no-sql-select"
"ESS/CDP/Temp/CDP NBRJ Code Table.QVD","01 ESS QVD Builder - CDP","7","FALSE",TRUE,"no-sql-select"
"ESS/CDP/Temp/CDP Organisation.QVD","01 ESS QVD Builder - CDP","7","FALSE",TRUE,"no-sql-select"
"ESS/CDP/Temp/CDP PPR Result History.QVD","01 ESS QVD Builder - CDP","7","FALSE",TRUE,"no-sql-select"
"ESS/CDP/Temp/CDP Region.QVD","01 ESS QVD Builder - CDP","7","FALSE",TRUE,"no-sql-select"
"ESS/CDP/Temp/CDP Site Contract.QVD","01 ESS QVD Builder - CDP","7","FALSE",TRUE,"no-sql-select"
"ESS/CDP/Temp/CDP Vacancy Referral.QVD","01 ESS QVD Builder - CDP","7","FALSE",TRUE,"no-sql-select"
"ESS/CDP/Temp/CDP Vacancy.QVD","01 ESS QVD Builder - CDP","7","FALSE",TRUE,"no-sql-select"
"ESS/CDP/Temp/ESAM Users.QVD","01 ESS QVD Builder - CDP","7","FALSE",TRUE,"no-sql-select"
"ESS/CDP/Temp/QVD_List.QVD","01 ESS QVD Builder - CDP","7","FALSE",FALSE,""
"ESS/CDP/Temp/RAES Payment.QVD","01 ESS QVD Builder - CDP","7","FALSE",TRUE,"no-sql-select"
"ESS/CDP/Temp/RAES Vacancy Referral.QVD","01 ESS QVD Builder - CDP","7","FALSE",TRUE,"no-sql-select"
"FUSION/Agency Region.qvd","Master Grants Report - Program Nprint","7","FALSE",TRUE,"from-no-dot"
"NIAA/Grant Application Build.QVD","GOAT Tracker","7","FALSE",TRUE,"no-sql-select"
"ESS/Subs/Temp/QVD_List.QVD","01 QVDs - ESS QVD Builder - Subs","7","FALSE",FALSE,""
"ESS/Subs/SUB335_ESAM_Users_Report_NIAA.QVD","01 QVDs - ESS QVD Builder - Subs","7","FALSE",FALSE,""
"ESS/Subs/Temp/SUB335_ESAM_Users_Report_NIAA.QVD","01 QVDs - ESS QVD Builder - Subs","7","FALSE",FALSE,""
"ESS/Subs/SUB335_ESAM_Users_Report.QVD","01 QVDs - ESS QVD Builder - Subs","7","FALSE",FALSE,""
"ESS/Subs/Temp/SUB335_ESAM_Users_Report.QVD","01 QVDs - ESS QVD Builder - Subs","7","FALSE",FALSE,""
"ESS/Subs/SUB801_CDP_CRP_HISTORY_NIAA.QVD","01 QVDs - ESS QVD Builder - Subs","7","FALSE",TRUE,"no-sql-select"
"ESS/Subs/Temp/SUB801_CDP_CRP_HISTORY_NIAA.QVD","01 QVDs - ESS QVD Builder - Subs","7","FALSE",TRUE,"no-sql-select"
"ESS/Subs/SUB802_CDP_CR_HISTORY_NIAA.QVD","01 QVDs - ESS QVD Builder - Subs","7","FALSE",TRUE,"no-sql-select"
"ESS/Subs/Temp/SUB802_CDP_CR_HISTORY_NIAA.QVD","01 QVDs - ESS QVD Builder - Subs","7","FALSE",TRUE,"no-sql-select"
"ESS/Subs/SUB803_IEP_PAYMENTS_NIAA_MANUAL.QVD","01 QVDs - ESS QVD Builder - Subs","7","FALSE",FALSE,""
"ESS/Subs/Temp/SUB803_IEP_PAYMENTS_NIAA_MANUAL.QVD","01 QVDs - ESS QVD Builder - Subs","7","FALSE",FALSE,""
"ESS/Subs/SUB803_IEP_PAYMENTS_NIAA.QVD","01 QVDs - ESS QVD Builder - Subs","7","FALSE",TRUE,"no-sql-select"
"ESS/Subs/Temp/SUB803_IEP_PAYMENTS_NIAA.QVD","01 QVDs - ESS QVD Builder - Subs","7","FALSE",TRUE,"no-sql-select"
"ESS/Subs/SUB804_IEP_PROJECT_HISTORY_NIAA.QVD","01 QVDs - ESS QVD Builder - Subs","7","FALSE",TRUE,"no-sql-select"
"ESS/Subs/Temp/SUB804_IEP_PROJECT_HISTORY_NIAA.QVD","01 QVDs - ESS QVD Builder - Subs","7","FALSE",TRUE,"no-sql-select"
"ESS/Subs/SUB805_IEP_PROJECT_LOCATION_HISTORY_NIAA.QVD","01 QVDs - ESS QVD Builder - Subs","7","FALSE",TRUE,"no-sql-select"
"ESS/Subs/Temp/SUB805_IEP_PROJECT_LOCATION_HISTORY_NIAA.QVD","01 QVDs - ESS QVD Builder - Subs","7","FALSE",TRUE,"no-sql-select"
"ESS/Subs/SUB806_IEP_PROJECT_PLACEMENT_HISTORY_NIAA.QVD","01 QVDs - ESS QVD Builder - Subs","7","FALSE",TRUE,"no-sql-select"
"ESS/Subs/Temp/SUB806_IEP_PROJECT_PLACEMENT_HISTORY_NIAA.QVD","01 QVDs - ESS QVD Builder - Subs","7","FALSE",TRUE,"no-sql-select"
"ESS/Subs/SUB807_IEP_EXITED_PLACEMENT_HISTORY_NIAA.QVD","01 QVDs - ESS QVD Builder - Subs","7","FALSE",TRUE,"no-sql-select"
"ESS/Subs/Temp/SUB807_IEP_EXITED_PLACEMENT_HISTORY_NIAA.QVD","01 QVDs - ESS QVD Builder - Subs","7","FALSE",TRUE,"no-sql-select"
"ESS/Subs/SUB808_IEP_PLACEMENT_GROUP_HISTORY_NIAA.QVD","01 QVDs - ESS QVD Builder - Subs","7","FALSE",TRUE,"no-sql-select"
"ESS/Subs/Temp/SUB808_IEP_PLACEMENT_GROUP_HISTORY_NIAA.QVD","01 QVDs - ESS QVD Builder - Subs","7","FALSE",TRUE,"no-sql-select"
"ESS/Subs/SUB809_IEP_MILESTONE_HISTORY_NIAA.QVD","01 QVDs - ESS QVD Builder - Subs","7","FALSE",TRUE,"no-sql-select"
"ESS/Subs/Temp/SUB809_IEP_MILESTONE_HISTORY_NIAA.QVD","01 QVDs - ESS QVD Builder - Subs","7","FALSE",TRUE,"no-sql-select"
"ESS/Subs/SUB810_IEP_OUTCOME_HISTORY_NIAA.QVD","01 QVDs - ESS QVD Builder - Subs","7","FALSE",TRUE,"no-sql-select"
"ESS/Subs/Temp/SUB810_IEP_OUTCOME_HISTORY_NIAA.QVD","01 QVDs - ESS QVD Builder - Subs","7","FALSE",TRUE,"no-sql-select"
"ESS/Subs/SUB811_LOOKUP_ADW_CODE_NIAA.QVD","01 QVDs - ESS QVD Builder - Subs","7","FALSE",TRUE,"no-sql-select"
"ESS/Subs/Temp/SUB811_LOOKUP_ADW_CODE_NIAA.QVD","01 QVDs - ESS QVD Builder - Subs","7","FALSE",TRUE,"no-sql-select"
"ESS/Subs/SUB812_PROVIDER_ADDRESS_NIAA.QVD","01 QVDs - ESS QVD Builder - Subs","7","FALSE",TRUE,"no-sql-select"
"ESS/Subs/Temp/SUB812_PROVIDER_ADDRESS_NIAA.QVD","01 QVDs - ESS QVD Builder - Subs","7","FALSE",TRUE,"no-sql-select"
"ESS/Subs/SUB813_PROVIDER_ADDRESS_MAPPING_NIAA.QVD","01 QVDs - ESS QVD Builder - Subs","7","FALSE",TRUE,"no-sql-select"
"ESS/Subs/Temp/SUB813_PROVIDER_ADDRESS_MAPPING_NIAA.QVD","01 QVDs - ESS QVD Builder - Subs","7","FALSE",TRUE,"no-sql-select"
"ESS/Subs/SUB814_JOBSEEKER_NIAA_GEOCODE - Old.QVD","01 QVDs - ESS QVD Builder - Subs","7","FALSE",FALSE,""
"ESS/Subs/Temp/SUB814_JOBSEEKER_NIAA_GEOCODE - Old.QVD","01 QVDs - ESS QVD Builder - Subs","7","FALSE",FALSE,""
"ESS/Subs/SUB814_JOBSEEKER_NIAA_GEOCODE_20230127.QVD","01 QVDs - ESS QVD Builder - Subs","7","FALSE",FALSE,""
"ESS/Subs/Temp/SUB814_JOBSEEKER_NIAA_GEOCODE_20230127.QVD","01 QVDs - ESS QVD Builder - Subs","7","FALSE",FALSE,""
"ESS/Subs/SUB814_JOBSEEKER_NIAA_GEOCODE.QVD","01 QVDs - ESS QVD Builder - Subs","7","FALSE",FALSE,""
"ESS/Subs/Temp/SUB814_JOBSEEKER_NIAA_GEOCODE.QVD","01 QVDs - ESS QVD Builder - Subs","7","FALSE",FALSE,""
"ESS/Subs/SUB814_JOBSEEKER_NIAA.QVD","01 QVDs - ESS QVD Builder - Subs","7","FALSE",TRUE,"no-sql-select"
"ESS/Subs/Temp/SUB814_JOBSEEKER_NIAA.QVD","01 QVDs - ESS QVD Builder - Subs","7","FALSE",TRUE,"no-sql-select"
"ESS/Subs/SUB814S_JOBSEEKER_NIAA.QVD","01 QVDs - ESS QVD Builder - Subs","7","FALSE",FALSE,""
"ESS/Subs/Temp/SUB814S_JOBSEEKER_NIAA.QVD","01 QVDs - ESS QVD Builder - Subs","7","FALSE",FALSE,""
"ESS/Subs/SUB815_PROVIDER_PRE_ESSWEB_NIAA.QVD","01 QVDs - ESS QVD Builder - Subs","7","FALSE",TRUE,"no-sql-select"
"ESS/Subs/Temp/SUB815_PROVIDER_PRE_ESSWEB_NIAA.QVD","01 QVDs - ESS QVD Builder - Subs","7","FALSE",TRUE,"no-sql-select"
"ESS/Subs/SUB816_PROVIDER_NIAA.QVD","01 QVDs - ESS QVD Builder - Subs","7","FALSE",TRUE,"no-sql-select"
"ESS/Subs/Temp/SUB816_PROVIDER_NIAA.QVD","01 QVDs - ESS QVD Builder - Subs","7","FALSE",TRUE,"no-sql-select"
"ESS/Subs/SUB817_IEP_PROJECT_CONTACT_NIAA.QVD","01 QVDs - ESS QVD Builder - Subs","7","FALSE",TRUE,"no-sql-select"
"ESS/Subs/Temp/SUB817_IEP_PROJECT_CONTACT_NIAA.QVD","01 QVDs - ESS QVD Builder - Subs","7","FALSE",TRUE,"no-sql-select"
"ESS/Subs/SUB818_LKP_DIM_SUBURB_GEOCODED_NIAA.QVD","01 QVDs - ESS QVD Builder - Subs","7","FALSE",TRUE,"no-sql-select"
"ESS/Subs/Temp/SUB818_LKP_DIM_SUBURB_GEOCODED_NIAA.QVD","01 QVDs - ESS QVD Builder - Subs","7","FALSE",TRUE,"no-sql-select"
"ESS/Subs/SUB818_LKP_DIM_SUBURB_GEOCODED.QVD","01 QVDs - ESS QVD Builder - Subs","7","FALSE",FALSE,""
"ESS/Subs/Temp/SUB818_LKP_DIM_SUBURB_GEOCODED.QVD","01 QVDs - ESS QVD Builder - Subs","7","FALSE",FALSE,""
"ESS/Subs/SUB819_CDP_ACTIVITY_REFERRAL_NIAA.QVD","01 QVDs - ESS QVD Builder - Subs","7","FALSE",TRUE,"no-sql-select"
"ESS/Subs/Temp/SUB819_CDP_ACTIVITY_REFERRAL_NIAA.QVD","01 QVDs - ESS QVD Builder - Subs","7","FALSE",TRUE,"no-sql-select"
"ESS/Subs/SUB820_CDP_TOWD_NIAA.QVD","01 QVDs - ESS QVD Builder - Subs","7","FALSE",TRUE,"no-sql-select"
"ESS/Subs/Temp/SUB820_CDP_TOWD_NIAA.QVD","01 QVDs - ESS QVD Builder - Subs","7","FALSE",TRUE,"no-sql-select"
"ESS/Subs/SUB821_JS_BARRIER_NIAA.QVD","01 QVDs - ESS QVD Builder - Subs","7","FALSE",TRUE,"no-sql-select"
"ESS/Subs/Temp/SUB821_JS_BARRIER_NIAA.QVD","01 QVDs - ESS QVD Builder - Subs","7","FALSE",TRUE,"no-sql-select"
"ESS/Subs/SUB822_JS_PLN_ITM_BARRIER_NIAA.QVD","01 QVDs - ESS QVD Builder - Subs","7","FALSE",FALSE,""
"ESS/Subs/Temp/SUB822_JS_PLN_ITM_BARRIER_NIAA.QVD","01 QVDs - ESS QVD Builder - Subs","7","FALSE",FALSE,""
"ESS/Subs/SUB823_JOB_PLAN_NIAA.QVD","01 QVDs - ESS QVD Builder - Subs","7","FALSE",FALSE,""
"ESS/Subs/Temp/SUB823_JOB_PLAN_NIAA.QVD","01 QVDs - ESS QVD Builder - Subs","7","FALSE",FALSE,""
"ESS/Subs/SUB824_JOB_PLAN_ITEM_NIAA.QVD","01 QVDs - ESS QVD Builder - Subs","7","FALSE",FALSE,""
"ESS/Subs/Temp/SUB824_JOB_PLAN_ITEM_NIAA.QVD","01 QVDs - ESS QVD Builder - Subs","7","FALSE",FALSE,""
"ESS/Subs/SUB825_JOB_PLAN_ITEM_DTL_NIAA.QVD","01 QVDs - ESS QVD Builder - Subs","7","FALSE",FALSE,""
"ESS/Subs/Temp/SUB825_JOB_PLAN_ITEM_DTL_NIAA.QVD","01 QVDs - ESS QVD Builder - Subs","7","FALSE",FALSE,""
"ESS/Subs/SUB826_SITE_CONTRACT_NIAA.QVD","01 QVDs - ESS QVD Builder - Subs","7","FALSE",TRUE,"no-sql-select"
"ESS/Subs/Temp/SUB826_SITE_CONTRACT_NIAA.QVD","01 QVDs - ESS QVD Builder - Subs","7","FALSE",TRUE,"no-sql-select"
"ESS/Subs/SUB827_VACANCY_NIAA.QVD","01 QVDs - ESS QVD Builder - Subs","7","FALSE",TRUE,"no-sql-select"
"ESS/Subs/Temp/SUB827_VACANCY_NIAA.QVD","01 QVDs - ESS QVD Builder - Subs","7","FALSE",TRUE,"no-sql-select"
"ESS/Subs/SUB828_VACANCY_REFERRAL_NIAA.QVD","01 QVDs - ESS QVD Builder - Subs","7","FALSE",TRUE,"no-sql-select"
"ESS/Subs/Temp/SUB828_VACANCY_REFERRAL_NIAA.QVD","01 QVDs - ESS QVD Builder - Subs","7","FALSE",TRUE,"no-sql-select"
"ESS/Subs/SUB829_VACANCY_REFERRAL_END_DT_NIAA.QVD","01 QVDs - ESS QVD Builder - Subs","7","FALSE",TRUE,"no-sql-select"
"ESS/Subs/Temp/SUB829_VACANCY_REFERRAL_END_DT_NIAA.QVD","01 QVDs - ESS QVD Builder - Subs","7","FALSE",TRUE,"no-sql-select"
"ESS/Subs/SUB830_VDEN_VACANCY_NIAA.QVD","01 QVDs - ESS QVD Builder - Subs","7","FALSE",TRUE,"no-sql-select"
"ESS/Subs/Temp/SUB830_VDEN_VACANCY_NIAA.QVD","01 QVDs - ESS QVD Builder - Subs","7","FALSE",TRUE,"no-sql-select"
"ESS/Subs/SUB831_EMPLOYER_NIAA.QVD","01 QVDs - ESS QVD Builder - Subs","7","FALSE",TRUE,"no-sql-select"
"ESS/Subs/Temp/SUB831_EMPLOYER_NIAA.QVD","01 QVDs - ESS QVD Builder - Subs","7","FALSE",TRUE,"no-sql-select"
"ESS/Subs/SUB832_EMPLOYER_DEN_NIAA.QVD","01 QVDs - ESS QVD Builder - Subs","7","FALSE",TRUE,"no-sql-select"
"ESS/Subs/Temp/SUB832_EMPLOYER_DEN_NIAA.QVD","01 QVDs - ESS QVD Builder - Subs","7","FALSE",TRUE,"no-sql-select"
"ESS/Subs/SUB833_CDP_ACTIVITY_NIAA.QVD","01 QVDs - ESS QVD Builder - Subs","7","FALSE",TRUE,"no-sql-select"
"ESS/Subs/Temp/SUB833_CDP_ACTIVITY_NIAA.QVD","01 QVDs - ESS QVD Builder - Subs","7","FALSE",TRUE,"no-sql-select"
"ESS/Subs/SUB834_CDP_JSKALLOWANCE_NIAA.QVD","01 QVDs - ESS QVD Builder - Subs","7","FALSE",TRUE,"no-sql-select"
"ESS/Subs/Temp/SUB834_CDP_JSKALLOWANCE_NIAA.QVD","01 QVDs - ESS QVD Builder - Subs","7","FALSE",TRUE,"no-sql-select"
"ESS/Subs/SUB835_CDP_JSKRATE_NIAA.QVD","01 QVDs - ESS QVD Builder - Subs","7","FALSE",TRUE,"no-sql-select"
"ESS/Subs/Temp/SUB835_CDP_JSKRATE_NIAA.QVD","01 QVDs - ESS QVD Builder - Subs","7","FALSE",TRUE,"no-sql-select"
"ESS/Subs/SUB836_CDP_JS_BARRIER_NIAA.QVD","01 QVDs - ESS QVD Builder - Subs","7","FALSE",FALSE,""
"ESS/Subs/Temp/SUB836_CDP_JS_BARRIER_NIAA.QVD","01 QVDs - ESS QVD Builder - Subs","7","FALSE",FALSE,""
"ESS/Subs/SUB837_CDP_DEN_JS_CHARACTERISTICS_NIAA.QVD","01 QVDs - ESS QVD Builder - Subs","7","FALSE",TRUE,"no-sql-select"
"ESS/Subs/Temp/SUB837_CDP_DEN_JS_CHARACTERISTICS_NIAA.QVD","01 QVDs - ESS QVD Builder - Subs","7","FALSE",TRUE,"no-sql-select"
"ESS/Subs/SUB838_CDP_VDEN_CLAIM_RJCP_NIAA.QVD","01 QVDs - ESS QVD Builder - Subs","7","FALSE",TRUE,"no-sql-select"
"ESS/Subs/Temp/SUB838_CDP_VDEN_CLAIM_RJCP_NIAA.QVD","01 QVDs - ESS QVD Builder - Subs","7","FALSE",TRUE,"no-sql-select"
"ESS/Subs/SUB839_LKP_DIM_PROVIDER_GEOCODED_NIAA_GEOCODE_20230127.QVD","01 QVDs - ESS QVD Builder - Subs","7","FALSE",FALSE,""
"ESS/Subs/Temp/SUB839_LKP_DIM_PROVIDER_GEOCODED_NIAA_GEOCODE_20230127.QVD","01 QVDs - ESS QVD Builder - Subs","7","FALSE",FALSE,""
"ESS/Subs/SUB839_LKP_DIM_PROVIDER_GEOCODED_NIAA_GEOCODE.QVD","01 QVDs - ESS QVD Builder - Subs","7","FALSE",FALSE,""
"ESS/Subs/Temp/SUB839_LKP_DIM_PROVIDER_GEOCODED_NIAA_GEOCODE.QVD","01 QVDs - ESS QVD Builder - Subs","7","FALSE",FALSE,""
"ESS/Subs/SUB839_LKP_DIM_PROVIDER_GEOCODED_NIAA.QVD","01 QVDs - ESS QVD Builder - Subs","7","FALSE",TRUE,"no-sql-select"
"ESS/Subs/Temp/SUB839_LKP_DIM_PROVIDER_GEOCODED_NIAA.QVD","01 QVDs - ESS QVD Builder - Subs","7","FALSE",TRUE,"no-sql-select"
"ESS/Subs/SUB840_JP_JOB_PLAN_ACTIVITY_NIAA.QVD","01 QVDs - ESS QVD Builder - Subs","7","FALSE",TRUE,"no-sql-select"
"ESS/Subs/Temp/SUB840_JP_JOB_PLAN_ACTIVITY_NIAA.QVD","01 QVDs - ESS QVD Builder - Subs","7","FALSE",TRUE,"no-sql-select"
"ESS/Subs/SUB841_JP_JOB_PLAN_ASSISTANCE_NIAA.QVD","01 QVDs - ESS QVD Builder - Subs","7","FALSE",TRUE,"no-sql-select"
"ESS/Subs/Temp/SUB841_JP_JOB_PLAN_ASSISTANCE_NIAA.QVD","01 QVDs - ESS QVD Builder - Subs","7","FALSE",TRUE,"no-sql-select"
"ESS/Subs/SUB842_JP_ASSISTANCE_NIAA.QVD","01 QVDs - ESS QVD Builder - Subs","7","FALSE",TRUE,"no-sql-select"
"ESS/Subs/Temp/SUB842_JP_ASSISTANCE_NIAA.QVD","01 QVDs - ESS QVD Builder - Subs","7","FALSE",TRUE,"no-sql-select"
"ESS/Subs/SUB843_vDEN_JS_JOB_PLAN_ACTIVITY_NIAA.QVD","01 QVDs - ESS QVD Builder - Subs","7","FALSE",TRUE,"no-sql-select"
"ESS/Subs/Temp/SUB843_vDEN_JS_JOB_PLAN_ACTIVITY_NIAA.QVD","01 QVDs - ESS QVD Builder - Subs","7","FALSE",TRUE,"no-sql-select"
"ESS/Subs/SUB844_JS_BARRIER_ASSISTANCE_LINK_NIAA.QVD","01 QVDs - ESS QVD Builder - Subs","7","FALSE",TRUE,"no-sql-select"
"ESS/Subs/Temp/SUB844_JS_BARRIER_ASSISTANCE_LINK_NIAA.QVD","01 QVDs - ESS QVD Builder - Subs","7","FALSE",TRUE,"no-sql-select"
"ESS/Subs/SUB845_JS_BARRIER_ACTIVITY_LINK_NIAA.QVD","01 QVDs - ESS QVD Builder - Subs","7","FALSE",TRUE,"no-sql-select"
"ESS/Subs/Temp/SUB845_JS_BARRIER_ACTIVITY_LINK_NIAA.QVD","01 QVDs - ESS QVD Builder - Subs","7","FALSE",TRUE,"no-sql-select"
"ESS/Subs/SUB846_VAPPOINTMENT_NIAA.QVD","01 QVDs - ESS QVD Builder - Subs","7","FALSE",TRUE,"no-sql-select"
"ESS/Subs/Temp/SUB846_VAPPOINTMENT_NIAA.QVD","01 QVDs - ESS QVD Builder - Subs","7","FALSE",TRUE,"no-sql-select"
"ESS/Subs/SUB847_JCA_ASSESSMENT_NIAA.QVD","01 QVDs - ESS QVD Builder - Subs","7","FALSE",TRUE,"no-sql-select"
"ESS/Subs/Temp/SUB847_JCA_ASSESSMENT_NIAA.QVD","01 QVDs - ESS QVD Builder - Subs","7","FALSE",TRUE,"no-sql-select"
"ESS/Subs/SUB848_JCA_ASSESSMENT_VERSION_NIAA.QVD","01 QVDs - ESS QVD Builder - Subs","7","FALSE",TRUE,"no-sql-select"
"ESS/Subs/Temp/SUB848_JCA_ASSESSMENT_VERSION_NIAA.QVD","01 QVDs - ESS QVD Builder - Subs","7","FALSE",TRUE,"no-sql-select"
"ESS/Subs/SUB849_JSCI_CLASSIFICATION_AIP_NIAA.QVD","01 QVDs - ESS QVD Builder - Subs","7","FALSE",TRUE,"no-sql-select"
"ESS/Subs/Temp/SUB849_JSCI_CLASSIFICATION_AIP_NIAA.QVD","01 QVDs - ESS QVD Builder - Subs","7","FALSE",TRUE,"no-sql-select"
"ESS/Subs/SUB850_JSCI_CLASSIFICATION_NIAA.QVD","01 QVDs - ESS QVD Builder - Subs","7","FALSE",TRUE,"no-sql-select"
"ESS/Subs/Temp/SUB850_JSCI_CLASSIFICATION_NIAA.QVD","01 QVDs - ESS QVD Builder - Subs","7","FALSE",TRUE,"no-sql-select"
"ESS/Subs/SUB851_JSCI_QUESTION_NIAA.QVD","01 QVDs - ESS QVD Builder - Subs","7","FALSE",TRUE,"no-sql-select"
"ESS/Subs/Temp/SUB851_JSCI_QUESTION_NIAA.QVD","01 QVDs - ESS QVD Builder - Subs","7","FALSE",TRUE,"no-sql-select"
"ESS/Subs/SUB852_JSCI_RESPONSE_NIAA.QVD","01 QVDs - ESS QVD Builder - Subs","7","FALSE",TRUE,"no-sql-select"
"ESS/Subs/Temp/SUB852_JSCI_RESPONSE_NIAA.QVD","01 QVDs - ESS QVD Builder - Subs","7","FALSE",TRUE,"no-sql-select"
"ESS/Subs/SUB853_PTW5_TRANSITION_PLAN_NIAA.QVD","01 QVDs - ESS QVD Builder - Subs","7","FALSE",TRUE,"no-sql-select"
"ESS/Subs/Temp/SUB853_PTW5_TRANSITION_PLAN_NIAA.QVD","01 QVDs - ESS QVD Builder - Subs","7","FALSE",TRUE,"no-sql-select"
"ESS/Subs/SUB854_JOB_PLAN_NIAA.QVD","01 QVDs - ESS QVD Builder - Subs","7","FALSE",TRUE,"no-sql-select"
"ESS/Subs/Temp/SUB854_JOB_PLAN_NIAA.QVD","01 QVDs - ESS QVD Builder - Subs","7","FALSE",TRUE,"no-sql-select"
"ESS/Subs/SUB855_JOB_PLAN_ACTIVITY_NIAA.QVD","01 QVDs - ESS QVD Builder - Subs","7","FALSE",FALSE,""
"ESS/Subs/Temp/SUB855_JOB_PLAN_ACTIVITY_NIAA.QVD","01 QVDs - ESS QVD Builder - Subs","7","FALSE",FALSE,""
"ESS/Subs/SUB856_JP_ACTIVITY_NIAA.QVD","01 QVDs - ESS QVD Builder - Subs","7","FALSE",TRUE,"no-sql-select"
"ESS/Subs/Temp/SUB856_JP_ACTIVITY_NIAA.QVD","01 QVDs - ESS QVD Builder - Subs","7","FALSE",TRUE,"no-sql-select"
"ESS/Subs/SUB857_ACTIVITY_DETAIL_NIAA.QVD","01 QVDs - ESS QVD Builder - Subs","7","FALSE",TRUE,"no-sql-select"
"ESS/Subs/Temp/SUB857_ACTIVITY_DETAIL_NIAA.QVD","01 QVDs - ESS QVD Builder - Subs","7","FALSE",TRUE,"no-sql-select"
"ESS/Subs/SUB858_CLAIM_NIAA.QVD","01 QVDs - ESS QVD Builder - Subs","7","FALSE",TRUE,"no-sql-select"
"ESS/Subs/Temp/SUB858_CLAIM_NIAA.QVD","01 QVDs - ESS QVD Builder - Subs","7","FALSE",TRUE,"no-sql-select"
"ESS/Subs/SUB859_REFERRALLOCATION_NIAA.QVD","01 QVDs - ESS QVD Builder - Subs","7","FALSE",TRUE,"no-sql-select"
"ESS/Subs/Temp/SUB859_REFERRALLOCATION_NIAA.QVD","01 QVDs - ESS QVD Builder - Subs","7","FALSE",TRUE,"no-sql-select"
"ESS/Subs/SUB860_ATTENDANCE_NIAA.QVD","01 QVDs - ESS QVD Builder - Subs","7","FALSE",TRUE,"no-sql-select"
"ESS/Subs/Temp/SUB860_ATTENDANCE_NIAA.QVD","01 QVDs - ESS QVD Builder - Subs","7","FALSE",TRUE,"no-sql-select"
"ESS/Subs/SUB861_ATTENDANCERESULT_NIAA.QVD","01 QVDs - ESS QVD Builder - Subs","7","FALSE",TRUE,"no-sql-select"
"ESS/Subs/Temp/SUB861_ATTENDANCERESULT_NIAA.QVD","01 QVDs - ESS QVD Builder - Subs","7","FALSE",TRUE,"no-sql-select"
"ESS/Subs/SUB862_SESSION_NIAA.QVD","01 QVDs - ESS QVD Builder - Subs","7","FALSE",TRUE,"no-sql-select"
"ESS/Subs/Temp/SUB862_SESSION_NIAA.QVD","01 QVDs - ESS QVD Builder - Subs","7","FALSE",TRUE,"no-sql-select"
"ESS/Subs/SUB863_EBIW_ESAM_USERS_NIAA.QVD","01 QVDs - ESS QVD Builder - Subs","7","FALSE",TRUE,"no-sql-select"
"ESS/Subs/Temp/SUB863_EBIW_ESAM_USERS_NIAA.QVD","01 QVDs - ESS QVD Builder - Subs","7","FALSE",TRUE,"no-sql-select"
"ESS/Subs/SUB864_JS_EXEMPTION_NIAA.QVD","01 QVDs - ESS QVD Builder - Subs","7","FALSE",TRUE,"no-sql-select"
"ESS/Subs/Temp/SUB864_JS_EXEMPTION_NIAA.QVD","01 QVDs - ESS QVD Builder - Subs","7","FALSE",TRUE,"no-sql-select"
"ESS/Subs/SUB865_RECRUITMENT_SCHEDULE_NIAA.QVD","01 QVDs - ESS QVD Builder - Subs","7","FALSE",TRUE,"no-sql-select"
"ESS/Subs/Temp/SUB865_RECRUITMENT_SCHEDULE_NIAA.QVD","01 QVDs - ESS QVD Builder - Subs","7","FALSE",TRUE,"no-sql-select"
"ESS/Subs/SUB866_JS_SENSITIVE_IND_NIAA.QVD","01 QVDs - ESS QVD Builder - Subs","7","FALSE",TRUE,"no-sql-select"
"ESS/Subs/Temp/SUB866_JS_SENSITIVE_IND_NIAA.QVD","01 QVDs - ESS QVD Builder - Subs","7","FALSE",TRUE,"no-sql-select"
"ESS/Subs/SUB867_JSK_RATE_HISTORY_NIAA.QVD","01 QVDs - ESS QVD Builder - Subs","7","FALSE",TRUE,"no-sql-select"
"ESS/Subs/Temp/SUB867_JSK_RATE_HISTORY_NIAA.QVD","01 QVDs - ESS QVD Builder - Subs","7","FALSE",TRUE,"no-sql-select"
"ESS/Subs/SUB868_JCA_WORK_CAPACITY_NIAA.QVD","01 QVDs - ESS QVD Builder - Subs","7","FALSE",TRUE,"no-sql-select"
"ESS/Subs/Temp/SUB868_JCA_WORK_CAPACITY_NIAA.QVD","01 QVDs - ESS QVD Builder - Subs","7","FALSE",TRUE,"no-sql-select"
"ESS/Subs/SUB869_JSK_PARTICIPATION_PROFILE_NIAA.QVD","01 QVDs - ESS QVD Builder - Subs","7","FALSE",TRUE,"no-sql-select"
"ESS/Subs/Temp/SUB869_JSK_PARTICIPATION_PROFILE_NIAA.QVD","01 QVDs - ESS QVD Builder - Subs","7","FALSE",TRUE,"no-sql-select"
"ESS/Subs/SUB870_JSK_PARTICIPATION_PROFILE_HISTORY_NIAA.QVD","01 QVDs - ESS QVD Builder - Subs","7","FALSE",TRUE,"no-sql-select"
"ESS/Subs/Temp/SUB870_JSK_PARTICIPATION_PROFILE_HISTORY_NIAA.QVD","01 QVDs - ESS QVD Builder - Subs","7","FALSE",TRUE,"no-sql-select"
"ESS/Subs/SUB871_CDP_CONTRACT_HISTORY_NIAA.QVD","01 QVDs - ESS QVD Builder - Subs","7","FALSE",TRUE,"no-sql-select"
"ESS/Subs/Temp/SUB871_CDP_CONTRACT_HISTORY_NIAA.QVD","01 QVDs - ESS QVD Builder - Subs","7","FALSE",TRUE,"no-sql-select"
"ESS/Subs/SubscriptionFileDetail.QVD","01 QVDs - ESS QVD Builder - Subs","7","FALSE",FALSE,""
"ESS/Subs/Temp/SubscriptionFileDetail.QVD","01 QVDs - ESS QVD Builder - Subs","7","FALSE",FALSE,""
"ESS/IEP/Temp/IEP_Activity_1000_Jobs.QVD","01 ESS QVD Builder - IEP","7","FALSE",TRUE,"no-sql-select"
"DataCatalogue/DLColumnPrimary&ForeignKeys.QVD","NIAA Data Lake SQL Tables","8","FALSE",TRUE,"from-no-dot"
"DataCatalogue/DLTables&Views.QVD","NIAA Data Lake SQL Tables","8","FALSE",TRUE,"from-no-dot"
"NIAA/New Housing Data.qvd","NT Housing POC (with data model)(2)(1)","11","FALSE",FALSE,""
"NIAA/Planned Houses.qvd","NT Housing POC (with data model)(2)(1)","18","FALSE",FALSE,""
"NIAA/Housing Information.qvd","NT Housing POC (with data model)(2)(1)","27","FALSE",FALSE,""
"ESS/IEP/Snapshots/CDP_Contract_Referral_Placement_20260630.QVD","02s ESS QVD Builder Finalisation - Snapshot","55","FALSE",FALSE,""
"ESS/IEP/Snapshots/CDP_Job_Seeker_20260630.QVD","02s ESS QVD Builder Finalisation - Snapshot","55","FALSE",FALSE,""
"ESS/IEP/Snapshots/IEP_Activity_20260630.QVD","02s ESS QVD Builder Finalisation - Snapshot","55","FALSE",FALSE,""
"ESS/IEP/Snapshots/IEP_Activity_Contact_20260630.QVD","02s ESS QVD Builder Finalisation - Snapshot","55","FALSE",FALSE,""
"ESS/IEP/Snapshots/IEP_Activity_Expenditure_20260630.QVD","02s ESS QVD Builder Finalisation - Snapshot","55","FALSE",FALSE,""
"ESS/IEP/Snapshots/IEP_Claim_Payments_20260630.QVD","02s ESS QVD Builder Finalisation - Snapshot","55","FALSE",FALSE,""
"ESS/IEP/Snapshots/IEP_Job_Seeker_20260630.QVD","02s ESS QVD Builder Finalisation - Snapshot","55","FALSE",FALSE,""
"ESS/IEP/Snapshots/IEP_Locations_20260630.QVD","02s ESS QVD Builder Finalisation - Snapshot","55","FALSE",FALSE,""
"ESS/IEP/Snapshots/IEP_Outcome_20260630.QVD","02s ESS QVD Builder Finalisation - Snapshot","55","FALSE",FALSE,""
"ESS/IEP/Snapshots/IEP_Placement_20260630.QVD","02s ESS QVD Builder Finalisation - Snapshot","55","FALSE",FALSE,""
"ESS/IEP/Snapshots/IEP_Provider_20260630.QVD","02s ESS QVD Builder Finalisation - Snapshot","55","FALSE",FALSE,""
"ESS/IEP/Snapshots/Temp/CDP_Contract_Referral_Placement_20260630.QVD","01s ESS QVD Builder - IEP","55","FALSE",TRUE,"from-no-dot"
"ESS/IEP/Snapshots/Temp/CDP_Job_Seeker_20260630.QVD","01s ESS QVD Builder - IEP","55","FALSE",TRUE,"from-no-dot"
"ESS/IEP/Snapshots/Temp/IEP_Activity_20260630.QVD","01s ESS QVD Builder - IEP","55","FALSE",TRUE,"no-sql-select"
"ESS/IEP/Snapshots/Temp/IEP_Activity_Contact_20260630.QVD","01s ESS QVD Builder - IEP","55","FALSE",TRUE,"no-sql-select"
"ESS/IEP/Snapshots/Temp/IEP_Activity_Expenditure_20260630.QVD","01s ESS QVD Builder - IEP","55","FALSE",TRUE,"from-no-dot"
"ESS/IEP/Snapshots/Temp/IEP_Claim_Payments_20260630.QVD","01s ESS QVD Builder - IEP","55","FALSE",TRUE,"no-sql-select"
"ESS/IEP/Snapshots/Temp/IEP_Job_Seeker_20260630.QVD","01s ESS QVD Builder - IEP","55","FALSE",TRUE,"from-no-dot"
"ESS/IEP/Snapshots/Temp/IEP_Locations_20260630.QVD","01s ESS QVD Builder - IEP","55","FALSE",TRUE,"from-no-dot"
"ESS/IEP/Snapshots/Temp/IEP_Outcome_20260630.QVD","01s ESS QVD Builder - IEP","55","FALSE",TRUE,"from-no-dot"
"ESS/IEP/Snapshots/Temp/IEP_Placement_20260630.QVD","01s ESS QVD Builder - IEP","55","FALSE",TRUE,"no-sql-select"
"ESS/IEP/Snapshots/Temp/IEP_Provider_20260630.QVD","01s ESS QVD Builder - IEP","55","FALSE",TRUE,"from-no-dot"
"ESS/IEP/Snapshots/Temp/QVD_List.QVD","01s ESS QVD Builder - IEP","55","FALSE",FALSE,""
"NIAA/BushTel.qvd","NT Housing POC (with data model)(2)(1)","56","FALSE",FALSE,""
"NIAA/Community Geo.qvd","NT Housing POC (with data model)(2)(1)","56","FALSE",FALSE,""
"NIAA/Community.qvd","NT Housing POC (with data model)(2)(1)","56","FALSE",FALSE,""
"ESS/IEP/Snapshots/CDP_Contract_Referral_Placement_20260531.QVD","02s ESS QVD Builder Finalisation - Snapshot","83","FALSE",FALSE,""
"ESS/IEP/Snapshots/CDP_Job_Seeker_20260531.QVD","02s ESS QVD Builder Finalisation - Snapshot","83","FALSE",FALSE,""
"ESS/IEP/Snapshots/IEP_Activity_20260531.QVD","02s ESS QVD Builder Finalisation - Snapshot","83","FALSE",FALSE,""
"ESS/IEP/Snapshots/IEP_Activity_Contact_20260531.QVD","02s ESS QVD Builder Finalisation - Snapshot","83","FALSE",FALSE,""
"ESS/IEP/Snapshots/IEP_Activity_Expenditure_20260531.QVD","02s ESS QVD Builder Finalisation - Snapshot","83","FALSE",FALSE,""
"ESS/IEP/Snapshots/IEP_Claim_Payments_20260531.QVD","02s ESS QVD Builder Finalisation - Snapshot","83","FALSE",FALSE,""
"ESS/IEP/Snapshots/IEP_Job_Seeker_20260531.QVD","02s ESS QVD Builder Finalisation - Snapshot","83","FALSE",FALSE,""
"ESS/IEP/Snapshots/IEP_Locations_20260531.QVD","02s ESS QVD Builder Finalisation - Snapshot","83","FALSE",FALSE,""
"ESS/IEP/Snapshots/IEP_Outcome_20260531.QVD","02s ESS QVD Builder Finalisation - Snapshot","83","FALSE",FALSE,""
"ESS/IEP/Snapshots/IEP_Placement_20260531.QVD","02s ESS QVD Builder Finalisation - Snapshot","83","FALSE",FALSE,""
"ESS/IEP/Snapshots/IEP_Provider_20260531.QVD","02s ESS QVD Builder Finalisation - Snapshot","83","FALSE",FALSE,""
"ESS/IEP/Snapshots/Temp/CDP_Contract_Referral_Placement_20260531.QVD","01s ESS QVD Builder - IEP","83","FALSE",TRUE,"from-no-dot"
"ESS/IEP/Snapshots/Temp/CDP_Job_Seeker_20260531.QVD","01s ESS QVD Builder - IEP","83","FALSE",TRUE,"from-no-dot"
"ESS/IEP/Snapshots/Temp/IEP_Activity_20260531.QVD","01s ESS QVD Builder - IEP","83","FALSE",TRUE,"no-sql-select"
"ESS/IEP/Snapshots/Temp/IEP_Activity_Contact_20260531.QVD","01s ESS QVD Builder - IEP","83","FALSE",TRUE,"no-sql-select"
"ESS/IEP/Snapshots/Temp/IEP_Activity_Expenditure_20260531.QVD","01s ESS QVD Builder - IEP","83","FALSE",TRUE,"from-no-dot"
"ESS/IEP/Snapshots/Temp/IEP_Claim_Payments_20260531.QVD","01s ESS QVD Builder - IEP","83","FALSE",TRUE,"no-sql-select"
"ESS/IEP/Snapshots/Temp/IEP_Job_Seeker_20260531.QVD","01s ESS QVD Builder - IEP","83","FALSE",TRUE,"from-no-dot"
"ESS/IEP/Snapshots/Temp/IEP_Locations_20260531.QVD","01s ESS QVD Builder - IEP","83","FALSE",TRUE,"from-no-dot"
"ESS/IEP/Snapshots/Temp/IEP_Outcome_20260531.QVD","01s ESS QVD Builder - IEP","83","FALSE",TRUE,"from-no-dot"
"ESS/IEP/Snapshots/Temp/IEP_Placement_20260531.QVD","01s ESS QVD Builder - IEP","83","FALSE",TRUE,"no-sql-select"
"ESS/IEP/Snapshots/Temp/IEP_Provider_20260531.QVD","01s ESS QVD Builder - IEP","83","FALSE",TRUE,"from-no-dot"
"NIAA/Fleet Detail.qvd","NIAA Fleet QVD Generator DEV","112","FALSE",TRUE,"from-no-dot"
"NIAA/Fleet.qvd","NIAA Fleet QVD Generator DEV","112","FALSE",TRUE,"from-no-dot"
"ESS/IEP/Snapshots/CDP_Contract_Referral_Placement_20260430.QVD","02s ESS QVD Builder Finalisation - Snapshot","116","FALSE",FALSE,""
"ESS/IEP/Snapshots/CDP_Job_Seeker_20260430.QVD","02s ESS QVD Builder Finalisation - Snapshot","116","FALSE",FALSE,""
"ESS/IEP/Snapshots/IEP_Activity_20260430.QVD","02s ESS QVD Builder Finalisation - Snapshot","116","FALSE",FALSE,""
"ESS/IEP/Snapshots/IEP_Activity_Contact_20260430.QVD","02s ESS QVD Builder Finalisation - Snapshot","116","FALSE",FALSE,""
"ESS/IEP/Snapshots/IEP_Activity_Expenditure_20260430.QVD","02s ESS QVD Builder Finalisation - Snapshot","116","FALSE",FALSE,""
"ESS/IEP/Snapshots/IEP_Claim_Payments_20260430.QVD","02s ESS QVD Builder Finalisation - Snapshot","116","FALSE",FALSE,""
"ESS/IEP/Snapshots/IEP_Job_Seeker_20260430.QVD","02s ESS QVD Builder Finalisation - Snapshot","116","FALSE",FALSE,""
"ESS/IEP/Snapshots/IEP_Locations_20260430.QVD","02s ESS QVD Builder Finalisation - Snapshot","116","FALSE",FALSE,""
"ESS/IEP/Snapshots/IEP_Outcome_20260430.QVD","02s ESS QVD Builder Finalisation - Snapshot","116","FALSE",FALSE,""
"ESS/IEP/Snapshots/IEP_Placement_20260430.QVD","02s ESS QVD Builder Finalisation - Snapshot","116","FALSE",FALSE,""
"ESS/IEP/Snapshots/IEP_Provider_20260430.QVD","02s ESS QVD Builder Finalisation - Snapshot","116","FALSE",FALSE,""
"ESS/IEP/Snapshots/Temp/CDP_Contract_Referral_Placement_20260430.QVD","01s ESS QVD Builder - IEP","116","FALSE",TRUE,"from-no-dot"
"ESS/IEP/Snapshots/Temp/CDP_Job_Seeker_20260430.QVD","01s ESS QVD Builder - IEP","116","FALSE",TRUE,"from-no-dot"
"ESS/IEP/Snapshots/Temp/IEP_Activity_20260430.QVD","01s ESS QVD Builder - IEP","116","FALSE",TRUE,"no-sql-select"
"ESS/IEP/Snapshots/Temp/IEP_Activity_Contact_20260430.QVD","01s ESS QVD Builder - IEP","116","FALSE",TRUE,"no-sql-select"
"ESS/IEP/Snapshots/Temp/IEP_Activity_Expenditure_20260430.QVD","01s ESS QVD Builder - IEP","116","FALSE",TRUE,"from-no-dot"
"ESS/IEP/Snapshots/Temp/IEP_Claim_Payments_20260430.QVD","01s ESS QVD Builder - IEP","116","FALSE",TRUE,"no-sql-select"
"ESS/IEP/Snapshots/Temp/IEP_Job_Seeker_20260430.QVD","01s ESS QVD Builder - IEP","116","FALSE",TRUE,"from-no-dot"
"ESS/IEP/Snapshots/Temp/IEP_Locations_20260430.QVD","01s ESS QVD Builder - IEP","116","FALSE",TRUE,"from-no-dot"
"ESS/IEP/Snapshots/Temp/IEP_Outcome_20260430.QVD","01s ESS QVD Builder - IEP","116","FALSE",TRUE,"from-no-dot"
"ESS/IEP/Snapshots/Temp/IEP_Placement_20260430.QVD","01s ESS QVD Builder - IEP","116","FALSE",TRUE,"no-sql-select"
"ESS/IEP/Snapshots/Temp/IEP_Provider_20260430.QVD","01s ESS QVD Builder - IEP","116","FALSE",TRUE,"from-no-dot"
"ESS/IEP/Snapshots/CDP_Contract_Referral_Placement_20260228.QVD","02s ESS QVD Builder Finalisation - Snapshot","176","FALSE",FALSE,""
"ESS/IEP/Snapshots/CDP_Job_Seeker_20260228.QVD","02s ESS QVD Builder Finalisation - Snapshot","176","FALSE",FALSE,""
"ESS/IEP/Snapshots/IEP_Activity_20260228.QVD","02s ESS QVD Builder Finalisation - Snapshot","176","FALSE",FALSE,""
"ESS/IEP/Snapshots/IEP_Activity_Contact_20260228.QVD","02s ESS QVD Builder Finalisation - Snapshot","176","FALSE",FALSE,""
"ESS/IEP/Snapshots/IEP_Activity_Expenditure_20260228.QVD","02s ESS QVD Builder Finalisation - Snapshot","176","FALSE",FALSE,""
"ESS/IEP/Snapshots/IEP_Claim_Payments_20260228.QVD","02s ESS QVD Builder Finalisation - Snapshot","176","FALSE",FALSE,""
"ESS/IEP/Snapshots/IEP_Job_Seeker_20260228.QVD","02s ESS QVD Builder Finalisation - Snapshot","176","FALSE",FALSE,""
"ESS/IEP/Snapshots/IEP_Locations_20260228.QVD","02s ESS QVD Builder Finalisation - Snapshot","176","FALSE",FALSE,""
"ESS/IEP/Snapshots/IEP_Outcome_20260228.QVD","02s ESS QVD Builder Finalisation - Snapshot","176","FALSE",FALSE,""
"ESS/IEP/Snapshots/IEP_Placement_20260228.QVD","02s ESS QVD Builder Finalisation - Snapshot","176","FALSE",FALSE,""
"ESS/IEP/Snapshots/IEP_Provider_20260228.QVD","02s ESS QVD Builder Finalisation - Snapshot","176","FALSE",FALSE,""
"ESS/IEP/Snapshots/Temp/CDP_Contract_Referral_Placement_20260228.QVD","01s ESS QVD Builder - IEP","176","FALSE",TRUE,"from-no-dot"
"ESS/IEP/Snapshots/Temp/CDP_Job_Seeker_20260228.QVD","01s ESS QVD Builder - IEP","176","FALSE",TRUE,"from-no-dot"
"ESS/IEP/Snapshots/Temp/IEP_Activity_20260228.QVD","01s ESS QVD Builder - IEP","176","FALSE",TRUE,"no-sql-select"
"ESS/IEP/Snapshots/Temp/IEP_Activity_Contact_20260228.QVD","01s ESS QVD Builder - IEP","176","FALSE",TRUE,"no-sql-select"
"ESS/IEP/Snapshots/Temp/IEP_Activity_Expenditure_20260228.QVD","01s ESS QVD Builder - IEP","176","FALSE",TRUE,"from-no-dot"
"ESS/IEP/Snapshots/Temp/IEP_Claim_Payments_20260228.QVD","01s ESS QVD Builder - IEP","176","FALSE",TRUE,"no-sql-select"
"ESS/IEP/Snapshots/Temp/IEP_Job_Seeker_20260228.QVD","01s ESS QVD Builder - IEP","176","FALSE",TRUE,"from-no-dot"
"ESS/IEP/Snapshots/Temp/IEP_Locations_20260228.QVD","01s ESS QVD Builder - IEP","176","FALSE",TRUE,"from-no-dot"
"ESS/IEP/Snapshots/Temp/IEP_Outcome_20260228.QVD","01s ESS QVD Builder - IEP","176","FALSE",TRUE,"from-no-dot"
"ESS/IEP/Snapshots/Temp/IEP_Placement_20260228.QVD","01s ESS QVD Builder - IEP","176","FALSE",TRUE,"no-sql-select"
"ESS/IEP/Snapshots/Temp/IEP_Provider_20260228.QVD","01s ESS QVD Builder - IEP","176","FALSE",TRUE,"from-no-dot"
"ESS/ESAM Users.QVD","eSAM","194","FALSE",TRUE,"from-no-dot"
"ESS/IEP/IEP_Payment.QVD","IEP Payment try 2","223","FALSE",TRUE,"from-no-dot"
"DGOV/ORIC Corporations - 20251223.QVD","IAM QVD Builder","226","FALSE",TRUE,"no-sql-select"
"ESS/IEP/Snapshots/CDP_Contract_Referral_Placement_20251231.QVD","02s ESS QVD Builder Finalisation - Snapshot","236","FALSE",FALSE,""
"ESS/IEP/Snapshots/CDP_Job_Seeker_20251231.QVD","02s ESS QVD Builder Finalisation - Snapshot","236","FALSE",FALSE,""
"ESS/IEP/Snapshots/IEP_Activity_20251231.QVD","02s ESS QVD Builder Finalisation - Snapshot","236","FALSE",FALSE,""
"ESS/IEP/Snapshots/IEP_Activity_Contact_20251231.QVD","02s ESS QVD Builder Finalisation - Snapshot","236","FALSE",FALSE,""
"ESS/IEP/Snapshots/IEP_Activity_Expenditure_20251231.QVD","02s ESS QVD Builder Finalisation - Snapshot","236","FALSE",FALSE,""
"ESS/IEP/Snapshots/IEP_Claim_Payments_20251231.QVD","02s ESS QVD Builder Finalisation - Snapshot","236","FALSE",FALSE,""
"ESS/IEP/Snapshots/IEP_Job_Seeker_20251231.QVD","02s ESS QVD Builder Finalisation - Snapshot","236","FALSE",FALSE,""
"ESS/IEP/Snapshots/IEP_Locations_20251231.QVD","02s ESS QVD Builder Finalisation - Snapshot","236","FALSE",FALSE,""
"ESS/IEP/Snapshots/IEP_Outcome_20251231.QVD","02s ESS QVD Builder Finalisation - Snapshot","236","FALSE",FALSE,""
"ESS/IEP/Snapshots/IEP_Placement_20251231.QVD","02s ESS QVD Builder Finalisation - Snapshot","236","FALSE",FALSE,""
"ESS/IEP/Snapshots/IEP_Provider_20251231.QVD","02s ESS QVD Builder Finalisation - Snapshot","236","FALSE",FALSE,""
"ESS/IEP/Snapshots/Temp/CDP_Contract_Referral_Placement_20251231.QVD","01s ESS QVD Builder - IEP","236","FALSE",TRUE,"from-no-dot"
"ESS/IEP/Snapshots/Temp/CDP_Job_Seeker_20251231.QVD","01s ESS QVD Builder - IEP","236","FALSE",TRUE,"from-no-dot"
"ESS/IEP/Snapshots/Temp/IEP_Activity_20251231.QVD","01s ESS QVD Builder - IEP","236","FALSE",TRUE,"no-sql-select"
"ESS/IEP/Snapshots/Temp/IEP_Activity_Contact_20251231.QVD","01s ESS QVD Builder - IEP","236","FALSE",TRUE,"no-sql-select"
"ESS/IEP/Snapshots/Temp/IEP_Activity_Expenditure_20251231.QVD","01s ESS QVD Builder - IEP","236","FALSE",TRUE,"from-no-dot"
"ESS/IEP/Snapshots/Temp/IEP_Claim_Payments_20251231.QVD","01s ESS QVD Builder - IEP","236","FALSE",TRUE,"no-sql-select"
"ESS/IEP/Snapshots/Temp/IEP_Job_Seeker_20251231.QVD","01s ESS QVD Builder - IEP","236","FALSE",TRUE,"from-no-dot"
"ESS/IEP/Snapshots/Temp/IEP_Locations_20251231.QVD","01s ESS QVD Builder - IEP","236","FALSE",TRUE,"from-no-dot"
"ESS/IEP/Snapshots/Temp/IEP_Outcome_20251231.QVD","01s ESS QVD Builder - IEP","236","FALSE",TRUE,"from-no-dot"
"ESS/IEP/Snapshots/Temp/IEP_Placement_20251231.QVD","01s ESS QVD Builder - IEP","236","FALSE",TRUE,"no-sql-select"
"ESS/IEP/Snapshots/Temp/IEP_Provider_20251231.QVD","01s ESS QVD Builder - IEP","236","FALSE",TRUE,"from-no-dot"
"ESS/IEP/Snapshots/CDP_Contract_Referral_Placement_20250930.QVD","02s ESS QVD Builder Finalisation - Snapshot","328","FALSE",FALSE,""
"ESS/IEP/Snapshots/CDP_Job_Seeker_20250930.QVD","02s ESS QVD Builder Finalisation - Snapshot","328","FALSE",FALSE,""
"ESS/IEP/Snapshots/IEP_Activity_20250930.QVD","02s ESS QVD Builder Finalisation - Snapshot","328","FALSE",FALSE,""
"ESS/IEP/Snapshots/IEP_Activity_Contact_20250930.QVD","02s ESS QVD Builder Finalisation - Snapshot","328","FALSE",FALSE,""
"ESS/IEP/Snapshots/IEP_Activity_Expenditure_20250930.QVD","02s ESS QVD Builder Finalisation - Snapshot","328","FALSE",FALSE,""
"ESS/IEP/Snapshots/IEP_Claim_Payments_20250930.QVD","02s ESS QVD Builder Finalisation - Snapshot","328","FALSE",FALSE,""
"ESS/IEP/Snapshots/IEP_Job_Seeker_20250930.QVD","02s ESS QVD Builder Finalisation - Snapshot","328","FALSE",FALSE,""
"ESS/IEP/Snapshots/IEP_Locations_20250930.QVD","02s ESS QVD Builder Finalisation - Snapshot","328","FALSE",FALSE,""
"ESS/IEP/Snapshots/IEP_Outcome_20250930.QVD","02s ESS QVD Builder Finalisation - Snapshot","328","FALSE",FALSE,""
"ESS/IEP/Snapshots/IEP_Placement_20250930.QVD","02s ESS QVD Builder Finalisation - Snapshot","328","FALSE",FALSE,""
"ESS/IEP/Snapshots/IEP_Provider_20250930.QVD","02s ESS QVD Builder Finalisation - Snapshot","328","FALSE",FALSE,""
"ESS/IEP/Snapshots/Temp/CDP_Contract_Referral_Placement_20250930.QVD","01s ESS QVD Builder - IEP","328","FALSE",TRUE,"from-no-dot"
"ESS/IEP/Snapshots/Temp/CDP_Job_Seeker_20250930.QVD","01s ESS QVD Builder - IEP","328","FALSE",TRUE,"from-no-dot"
"ESS/IEP/Snapshots/Temp/IEP_Activity_20250930.QVD","01s ESS QVD Builder - IEP","328","FALSE",TRUE,"no-sql-select"
"ESS/IEP/Snapshots/Temp/IEP_Activity_Contact_20250930.QVD","01s ESS QVD Builder - IEP","328","FALSE",TRUE,"no-sql-select"
"ESS/IEP/Snapshots/Temp/IEP_Activity_Expenditure_20250930.QVD","01s ESS QVD Builder - IEP","328","FALSE",TRUE,"from-no-dot"
"ESS/IEP/Snapshots/Temp/IEP_Claim_Payments_20250930.QVD","01s ESS QVD Builder - IEP","328","FALSE",TRUE,"no-sql-select"
"ESS/IEP/Snapshots/Temp/IEP_Job_Seeker_20250930.QVD","01s ESS QVD Builder - IEP","328","FALSE",TRUE,"from-no-dot"
"ESS/IEP/Snapshots/Temp/IEP_Locations_20250930.QVD","01s ESS QVD Builder - IEP","328","FALSE",TRUE,"from-no-dot"
"ESS/IEP/Snapshots/Temp/IEP_Outcome_20250930.QVD","01s ESS QVD Builder - IEP","328","FALSE",TRUE,"from-no-dot"
"ESS/IEP/Snapshots/Temp/IEP_Placement_20250930.QVD","01s ESS QVD Builder - IEP","328","FALSE",TRUE,"no-sql-select"
"ESS/IEP/Snapshots/Temp/IEP_Provider_20250930.QVD","01s ESS QVD Builder - IEP","328","FALSE",TRUE,"from-no-dot"
"ESS/CDP/Grant Activity KPI Assessment.QVD","Test","350","FALSE",TRUE,"no-sql-select"
"ESS/CDP/Grant Activity Performance.QVD","Test","350","FALSE",TRUE,"no-sql-select"
"ESS/CDP/Performance Report Assessment.QVD","Test","350","FALSE",TRUE,"no-sql-select"
"ESS/IEP/Snapshots/CDP_Contract_Referral_Placement_20250831.QVD","02s ESS QVD Builder Finalisation - Snapshot","358","FALSE",FALSE,""
"ESS/IEP/Snapshots/CDP_Job_Seeker_20250831.QVD","02s ESS QVD Builder Finalisation - Snapshot","358","FALSE",FALSE,""
"ESS/IEP/Snapshots/IEP_Activity_20250831.QVD","02s ESS QVD Builder Finalisation - Snapshot","358","FALSE",FALSE,""
"ESS/IEP/Snapshots/IEP_Activity_Contact_20250831.QVD","02s ESS QVD Builder Finalisation - Snapshot","358","FALSE",FALSE,""
"ESS/IEP/Snapshots/IEP_Activity_Expenditure_20250831.QVD","02s ESS QVD Builder Finalisation - Snapshot","358","FALSE",FALSE,""
"ESS/IEP/Snapshots/IEP_Claim_Payments_20250831.QVD","02s ESS QVD Builder Finalisation - Snapshot","358","FALSE",FALSE,""
"ESS/IEP/Snapshots/IEP_Job_Seeker_20250831.QVD","02s ESS QVD Builder Finalisation - Snapshot","358","FALSE",FALSE,""
"ESS/IEP/Snapshots/IEP_Locations_20250831.QVD","02s ESS QVD Builder Finalisation - Snapshot","358","FALSE",FALSE,""
"ESS/IEP/Snapshots/IEP_Outcome_20250831.QVD","02s ESS QVD Builder Finalisation - Snapshot","358","FALSE",FALSE,""
"ESS/IEP/Snapshots/IEP_Placement_20250831.QVD","02s ESS QVD Builder Finalisation - Snapshot","358","FALSE",FALSE,""
"ESS/IEP/Snapshots/IEP_Provider_20250831.QVD","02s ESS QVD Builder Finalisation - Snapshot","358","FALSE",FALSE,""
"ESS/IEP/Snapshots/Temp/CDP_Contract_Referral_Placement_20250831.QVD","01s ESS QVD Builder - IEP","358","FALSE",TRUE,"from-no-dot"
"ESS/IEP/Snapshots/Temp/CDP_Job_Seeker_20250831.QVD","01s ESS QVD Builder - IEP","358","FALSE",TRUE,"from-no-dot"
"ESS/IEP/Snapshots/Temp/IEP_Activity_20250831.QVD","01s ESS QVD Builder - IEP","358","FALSE",TRUE,"no-sql-select"
"ESS/IEP/Snapshots/Temp/IEP_Activity_Contact_20250831.QVD","01s ESS QVD Builder - IEP","358","FALSE",TRUE,"no-sql-select"
"ESS/IEP/Snapshots/Temp/IEP_Activity_Expenditure_20250831.QVD","01s ESS QVD Builder - IEP","358","FALSE",TRUE,"from-no-dot"
"ESS/IEP/Snapshots/Temp/IEP_Claim_Payments_20250831.QVD","01s ESS QVD Builder - IEP","358","FALSE",TRUE,"no-sql-select"
"ESS/IEP/Snapshots/Temp/IEP_Job_Seeker_20250831.QVD","01s ESS QVD Builder - IEP","358","FALSE",TRUE,"from-no-dot"
"ESS/IEP/Snapshots/Temp/IEP_Locations_20250831.QVD","01s ESS QVD Builder - IEP","358","FALSE",TRUE,"from-no-dot"
"ESS/IEP/Snapshots/Temp/IEP_Outcome_20250831.QVD","01s ESS QVD Builder - IEP","358","FALSE",TRUE,"from-no-dot"
"ESS/IEP/Snapshots/Temp/IEP_Placement_20250831.QVD","01s ESS QVD Builder - IEP","358","FALSE",TRUE,"no-sql-select"
"ESS/IEP/Snapshots/Temp/IEP_Provider_20250831.QVD","01s ESS QVD Builder - IEP","358","FALSE",TRUE,"from-no-dot"
"FUSION/Funding Brief-26.qvd","FUSION QVD Generator","369","TRUE",FALSE,""
"ESS/IEP/Snapshots/CDP_Contract_Referral_Placement_20250731.QVD","02s ESS QVD Builder Finalisation - Snapshot","389","TRUE",FALSE,""
"ESS/IEP/Snapshots/CDP_Job_Seeker_20250731.QVD","02s ESS QVD Builder Finalisation - Snapshot","389","TRUE",FALSE,""
"ESS/IEP/Snapshots/IEP_Activity_20250731.QVD","02s ESS QVD Builder Finalisation - Snapshot","389","TRUE",FALSE,""
"ESS/IEP/Snapshots/IEP_Activity_Contact_20250731.QVD","02s ESS QVD Builder Finalisation - Snapshot","389","TRUE",FALSE,""
"ESS/IEP/Snapshots/IEP_Activity_Expenditure_20250731.QVD","02s ESS QVD Builder Finalisation - Snapshot","389","TRUE",FALSE,""
"ESS/IEP/Snapshots/IEP_Claim_Payments_20250731.QVD","02s ESS QVD Builder Finalisation - Snapshot","389","TRUE",FALSE,""
"ESS/IEP/Snapshots/IEP_Job_Seeker_20250731.QVD","02s ESS QVD Builder Finalisation - Snapshot","389","TRUE",FALSE,""
"ESS/IEP/Snapshots/IEP_Locations_20250731.QVD","02s ESS QVD Builder Finalisation - Snapshot","389","TRUE",FALSE,""
"ESS/IEP/Snapshots/IEP_Outcome_20250731.QVD","02s ESS QVD Builder Finalisation - Snapshot","389","TRUE",FALSE,""
"ESS/IEP/Snapshots/IEP_Placement_20250731.QVD","02s ESS QVD Builder Finalisation - Snapshot","389","TRUE",FALSE,""
"ESS/IEP/Snapshots/IEP_Provider_20250731.QVD","02s ESS QVD Builder Finalisation - Snapshot","389","TRUE",FALSE,""
"ESS/IEP/Snapshots/Temp/CDP_Contract_Referral_Placement_20250731.QVD","01s ESS QVD Builder - IEP","389","TRUE",TRUE,"from-no-dot"
"ESS/IEP/Snapshots/Temp/CDP_Job_Seeker_20250731.QVD","01s ESS QVD Builder - IEP","389","TRUE",TRUE,"from-no-dot"
"ESS/IEP/Snapshots/Temp/IEP_Activity_20250731.QVD","01s ESS QVD Builder - IEP","389","TRUE",TRUE,"no-sql-select"
"ESS/IEP/Snapshots/Temp/IEP_Activity_Contact_20250731.QVD","01s ESS QVD Builder - IEP","389","TRUE",TRUE,"no-sql-select"
"ESS/IEP/Snapshots/Temp/IEP_Activity_Expenditure_20250731.QVD","01s ESS QVD Builder - IEP","389","TRUE",TRUE,"from-no-dot"
"ESS/IEP/Snapshots/Temp/IEP_Claim_Payments_20250731.QVD","01s ESS QVD Builder - IEP","389","TRUE",TRUE,"no-sql-select"
"ESS/IEP/Snapshots/Temp/IEP_Job_Seeker_20250731.QVD","01s ESS QVD Builder - IEP","389","TRUE",TRUE,"from-no-dot"
"ESS/IEP/Snapshots/Temp/IEP_Locations_20250731.QVD","01s ESS QVD Builder - IEP","389","TRUE",TRUE,"from-no-dot"
"ESS/IEP/Snapshots/Temp/IEP_Outcome_20250731.QVD","01s ESS QVD Builder - IEP","389","TRUE",TRUE,"from-no-dot"
"ESS/IEP/Snapshots/Temp/IEP_Placement_20250731.QVD","01s ESS QVD Builder - IEP","389","TRUE",TRUE,"no-sql-select"
"ESS/IEP/Snapshots/Temp/IEP_Provider_20250731.QVD","01s ESS QVD Builder - IEP","389","TRUE",TRUE,"from-no-dot"
"ESS/IEP/Snapshots/CDP_Contract_Referral_Placement_20250630.QVD","02s ESS QVD Builder Finalisation - Snapshot","420","TRUE",FALSE,""
"ESS/IEP/Snapshots/CDP_Job_Seeker_20250630.QVD","02s ESS QVD Builder Finalisation - Snapshot","420","TRUE",FALSE,""
"ESS/IEP/Snapshots/IEP_Activity_20250630.QVD","02s ESS QVD Builder Finalisation - Snapshot","420","TRUE",FALSE,""
"ESS/IEP/Snapshots/IEP_Activity_Contact_20250630.QVD","02s ESS QVD Builder Finalisation - Snapshot","420","TRUE",FALSE,""
"ESS/IEP/Snapshots/IEP_Activity_Expenditure_20250630.QVD","02s ESS QVD Builder Finalisation - Snapshot","420","TRUE",FALSE,""
"ESS/IEP/Snapshots/IEP_Claim_Payments_20250630.QVD","02s ESS QVD Builder Finalisation - Snapshot","420","TRUE",FALSE,""
"ESS/IEP/Snapshots/IEP_Job_Seeker_20250630.QVD","02s ESS QVD Builder Finalisation - Snapshot","420","TRUE",FALSE,""
"ESS/IEP/Snapshots/IEP_Locations_20250630.QVD","02s ESS QVD Builder Finalisation - Snapshot","420","TRUE",FALSE,""
"ESS/IEP/Snapshots/IEP_Outcome_20250630.QVD","02s ESS QVD Builder Finalisation - Snapshot","420","TRUE",FALSE,""
"ESS/IEP/Snapshots/IEP_Placement_20250630.QVD","02s ESS QVD Builder Finalisation - Snapshot","420","TRUE",FALSE,""
"ESS/IEP/Snapshots/IEP_Provider_20250630.QVD","02s ESS QVD Builder Finalisation - Snapshot","420","TRUE",FALSE,""
"ESS/IEP/Snapshots/Temp/CDP_Contract_Referral_Placement_20250630.QVD","01s ESS QVD Builder - IEP","420","TRUE",TRUE,"from-no-dot"
"ESS/IEP/Snapshots/Temp/CDP_Job_Seeker_20250630.QVD","01s ESS QVD Builder - IEP","420","TRUE",TRUE,"from-no-dot"
"ESS/IEP/Snapshots/Temp/IEP_Activity_20250630.QVD","01s ESS QVD Builder - IEP","420","TRUE",TRUE,"no-sql-select"
"ESS/IEP/Snapshots/Temp/IEP_Activity_Contact_20250630.QVD","01s ESS QVD Builder - IEP","420","TRUE",TRUE,"no-sql-select"
"ESS/IEP/Snapshots/Temp/IEP_Activity_Expenditure_20250630.QVD","01s ESS QVD Builder - IEP","420","TRUE",TRUE,"from-no-dot"
"ESS/IEP/Snapshots/Temp/IEP_Claim_Payments_20250630.QVD","01s ESS QVD Builder - IEP","420","TRUE",TRUE,"no-sql-select"
"ESS/IEP/Snapshots/Temp/IEP_Job_Seeker_20250630.QVD","01s ESS QVD Builder - IEP","420","TRUE",TRUE,"from-no-dot"
"ESS/IEP/Snapshots/Temp/IEP_Locations_20250630.QVD","01s ESS QVD Builder - IEP","420","TRUE",TRUE,"from-no-dot"
"ESS/IEP/Snapshots/Temp/IEP_Outcome_20250630.QVD","01s ESS QVD Builder - IEP","420","TRUE",TRUE,"from-no-dot"
"ESS/IEP/Snapshots/Temp/IEP_Placement_20250630.QVD","01s ESS QVD Builder - IEP","420","TRUE",TRUE,"no-sql-select"
"ESS/IEP/Snapshots/Temp/IEP_Provider_20250630.QVD","01s ESS QVD Builder - IEP","420","TRUE",TRUE,"from-no-dot"
"ESS/IEP/Snapshots/CDP_Contract_Referral_Placement_20250531.QVD","02s ESS QVD Builder Finalisation - Snapshot","448","TRUE",FALSE,""
"ESS/IEP/Snapshots/CDP_Job_Seeker_20250531.QVD","02s ESS QVD Builder Finalisation - Snapshot","448","TRUE",FALSE,""
"ESS/IEP/Snapshots/IEP_Activity_20250531.QVD","02s ESS QVD Builder Finalisation - Snapshot","448","TRUE",FALSE,""
"ESS/IEP/Snapshots/IEP_Activity_Contact_20250531.QVD","02s ESS QVD Builder Finalisation - Snapshot","448","TRUE",FALSE,""
"ESS/IEP/Snapshots/IEP_Activity_Expenditure_20250531.QVD","02s ESS QVD Builder Finalisation - Snapshot","448","TRUE",FALSE,""
"ESS/IEP/Snapshots/IEP_Claim_Payments_20250531.QVD","02s ESS QVD Builder Finalisation - Snapshot","448","TRUE",FALSE,""
"ESS/IEP/Snapshots/IEP_Job_Seeker_20250531.QVD","02s ESS QVD Builder Finalisation - Snapshot","448","TRUE",FALSE,""
"ESS/IEP/Snapshots/IEP_Locations_20250531.QVD","02s ESS QVD Builder Finalisation - Snapshot","448","TRUE",FALSE,""
"ESS/IEP/Snapshots/IEP_Outcome_20250531.QVD","02s ESS QVD Builder Finalisation - Snapshot","448","TRUE",FALSE,""
"ESS/IEP/Snapshots/IEP_Placement_20250531.QVD","02s ESS QVD Builder Finalisation - Snapshot","448","TRUE",FALSE,""
"ESS/IEP/Snapshots/IEP_Provider_20250531.QVD","02s ESS QVD Builder Finalisation - Snapshot","448","TRUE",FALSE,""
"ESS/IEP/Snapshots/Temp/CDP_Contract_Referral_Placement_20250531.QVD","01s ESS QVD Builder - IEP","448","TRUE",TRUE,"from-no-dot"
"ESS/IEP/Snapshots/Temp/CDP_Job_Seeker_20250531.QVD","01s ESS QVD Builder - IEP","448","TRUE",TRUE,"from-no-dot"
"ESS/IEP/Snapshots/Temp/IEP_Activity_20250531.QVD","01s ESS QVD Builder - IEP","448","TRUE",TRUE,"no-sql-select"
"ESS/IEP/Snapshots/Temp/IEP_Activity_Contact_20250531.QVD","01s ESS QVD Builder - IEP","448","TRUE",TRUE,"no-sql-select"
"ESS/IEP/Snapshots/Temp/IEP_Activity_Expenditure_20250531.QVD","01s ESS QVD Builder - IEP","448","TRUE",TRUE,"from-no-dot"
"ESS/IEP/Snapshots/Temp/IEP_Claim_Payments_20250531.QVD","01s ESS QVD Builder - IEP","448","TRUE",TRUE,"no-sql-select"
"ESS/IEP/Snapshots/Temp/IEP_Job_Seeker_20250531.QVD","01s ESS QVD Builder - IEP","448","TRUE",TRUE,"from-no-dot"
"ESS/IEP/Snapshots/Temp/IEP_Locations_20250531.QVD","01s ESS QVD Builder - IEP","448","TRUE",TRUE,"from-no-dot"
"ESS/IEP/Snapshots/Temp/IEP_Outcome_20250531.QVD","01s ESS QVD Builder - IEP","448","TRUE",TRUE,"from-no-dot"
"ESS/IEP/Snapshots/Temp/IEP_Placement_20250531.QVD","01s ESS QVD Builder - IEP","448","TRUE",TRUE,"no-sql-select"
"ESS/IEP/Snapshots/Temp/IEP_Provider_20250531.QVD","01s ESS QVD Builder - IEP","448","TRUE",TRUE,"from-no-dot"
"DGOV/ASIC Companies.QVD","IAM QVD Builder","448","TRUE",TRUE,"no-sql-select"
"ESS/IEP/Snapshots/CDP_Contract_Referral_Placement_20250430.QVD","02s ESS QVD Builder Finalisation - Snapshot","481","TRUE",FALSE,""
"ESS/IEP/Snapshots/CDP_Job_Seeker_20250430.QVD","02s ESS QVD Builder Finalisation - Snapshot","481","TRUE",FALSE,""
"ESS/IEP/Snapshots/IEP_Activity_20250430.QVD","02s ESS QVD Builder Finalisation - Snapshot","481","TRUE",FALSE,""
"ESS/IEP/Snapshots/IEP_Activity_Contact_20250430.QVD","02s ESS QVD Builder Finalisation - Snapshot","481","TRUE",FALSE,""
"ESS/IEP/Snapshots/IEP_Activity_Expenditure_20250430.QVD","02s ESS QVD Builder Finalisation - Snapshot","481","TRUE",FALSE,""
"ESS/IEP/Snapshots/IEP_Claim_Payments_20250430.QVD","02s ESS QVD Builder Finalisation - Snapshot","481","TRUE",FALSE,""
"ESS/IEP/Snapshots/IEP_Job_Seeker_20250430.QVD","02s ESS QVD Builder Finalisation - Snapshot","481","TRUE",FALSE,""
"ESS/IEP/Snapshots/IEP_Locations_20250430.QVD","02s ESS QVD Builder Finalisation - Snapshot","481","TRUE",FALSE,""
"ESS/IEP/Snapshots/IEP_Outcome_20250430.QVD","02s ESS QVD Builder Finalisation - Snapshot","481","TRUE",FALSE,""
"ESS/IEP/Snapshots/IEP_Placement_20250430.QVD","02s ESS QVD Builder Finalisation - Snapshot","481","TRUE",FALSE,""
"ESS/IEP/Snapshots/IEP_Provider_20250430.QVD","02s ESS QVD Builder Finalisation - Snapshot","481","TRUE",FALSE,""
"ESS/IEP/Snapshots/Temp/CDP_Contract_Referral_Placement_20250430.QVD","01s ESS QVD Builder - IEP","481","TRUE",TRUE,"from-no-dot"
"ESS/IEP/Snapshots/Temp/CDP_Job_Seeker_20250430.QVD","01s ESS QVD Builder - IEP","481","TRUE",TRUE,"from-no-dot"
"ESS/IEP/Snapshots/Temp/IEP_Activity_20250430.QVD","01s ESS QVD Builder - IEP","481","TRUE",TRUE,"no-sql-select"
"ESS/IEP/Snapshots/Temp/IEP_Activity_Contact_20250430.QVD","01s ESS QVD Builder - IEP","481","TRUE",TRUE,"no-sql-select"
"ESS/IEP/Snapshots/Temp/IEP_Activity_Expenditure_20250430.QVD","01s ESS QVD Builder - IEP","481","TRUE",TRUE,"from-no-dot"
"ESS/IEP/Snapshots/Temp/IEP_Claim_Payments_20250430.QVD","01s ESS QVD Builder - IEP","481","TRUE",TRUE,"no-sql-select"
"ESS/IEP/Snapshots/Temp/IEP_Job_Seeker_20250430.QVD","01s ESS QVD Builder - IEP","481","TRUE",TRUE,"from-no-dot"
"ESS/IEP/Snapshots/Temp/IEP_Locations_20250430.QVD","01s ESS QVD Builder - IEP","481","TRUE",TRUE,"from-no-dot"
"ESS/IEP/Snapshots/Temp/IEP_Outcome_20250430.QVD","01s ESS QVD Builder - IEP","481","TRUE",TRUE,"from-no-dot"
"ESS/IEP/Snapshots/Temp/IEP_Placement_20250430.QVD","01s ESS QVD Builder - IEP","481","TRUE",TRUE,"no-sql-select"
"ESS/IEP/Snapshots/Temp/IEP_Provider_20250430.QVD","01s ESS QVD Builder - IEP","481","TRUE",TRUE,"from-no-dot"
"ABS/MB 2021 - RA 2021.qvd","Tactical","511","TRUE",TRUE,"from-no-dot"
"ESS/IEP/Snapshots/CDP_Contract_Referral_Placement_20250331.QVD","02s ESS QVD Builder Finalisation - Snapshot","512","TRUE",FALSE,""
"ESS/IEP/Snapshots/CDP_Job_Seeker_20250331.QVD","02s ESS QVD Builder Finalisation - Snapshot","512","TRUE",FALSE,""
"ESS/IEP/Snapshots/IEP_Activity_20250331.QVD","02s ESS QVD Builder Finalisation - Snapshot","512","TRUE",FALSE,""
"ESS/IEP/Snapshots/IEP_Activity_Contact_20250331.QVD","02s ESS QVD Builder Finalisation - Snapshot","512","TRUE",FALSE,""
"ESS/IEP/Snapshots/IEP_Activity_Expenditure_20250331.QVD","02s ESS QVD Builder Finalisation - Snapshot","512","TRUE",FALSE,""
"ESS/IEP/Snapshots/IEP_Claim_Payments_20250331.QVD","02s ESS QVD Builder Finalisation - Snapshot","512","TRUE",FALSE,""
"ESS/IEP/Snapshots/IEP_Job_Seeker_20250331.QVD","02s ESS QVD Builder Finalisation - Snapshot","512","TRUE",FALSE,""
"ESS/IEP/Snapshots/IEP_Locations_20250331.QVD","02s ESS QVD Builder Finalisation - Snapshot","512","TRUE",FALSE,""
"ESS/IEP/Snapshots/IEP_Outcome_20250331.QVD","02s ESS QVD Builder Finalisation - Snapshot","512","TRUE",FALSE,""
"ESS/IEP/Snapshots/IEP_Placement_20250331.QVD","02s ESS QVD Builder Finalisation - Snapshot","512","TRUE",FALSE,""
"ESS/IEP/Snapshots/IEP_Provider_20250331.QVD","02s ESS QVD Builder Finalisation - Snapshot","512","TRUE",FALSE,""
"ESS/IEP/Snapshots/Temp/CDP_Contract_Referral_Placement_20250331.QVD","01s ESS QVD Builder - IEP","512","TRUE",TRUE,"from-no-dot"
"ESS/IEP/Snapshots/Temp/CDP_Job_Seeker_20250331.QVD","01s ESS QVD Builder - IEP","512","TRUE",TRUE,"from-no-dot"
"ESS/IEP/Snapshots/Temp/IEP_Activity_20250331.QVD","01s ESS QVD Builder - IEP","512","TRUE",TRUE,"no-sql-select"
"ESS/IEP/Snapshots/Temp/IEP_Activity_Contact_20250331.QVD","01s ESS QVD Builder - IEP","512","TRUE",TRUE,"no-sql-select"
"ESS/IEP/Snapshots/Temp/IEP_Activity_Expenditure_20250331.QVD","01s ESS QVD Builder - IEP","512","TRUE",TRUE,"from-no-dot"
"ESS/IEP/Snapshots/Temp/IEP_Claim_Payments_20250331.QVD","01s ESS QVD Builder - IEP","512","TRUE",TRUE,"no-sql-select"
"ESS/IEP/Snapshots/Temp/IEP_Job_Seeker_20250331.QVD","01s ESS QVD Builder - IEP","512","TRUE",TRUE,"from-no-dot"
"ESS/IEP/Snapshots/Temp/IEP_Locations_20250331.QVD","01s ESS QVD Builder - IEP","512","TRUE",TRUE,"from-no-dot"
"ESS/IEP/Snapshots/Temp/IEP_Outcome_20250331.QVD","01s ESS QVD Builder - IEP","512","TRUE",TRUE,"from-no-dot"
"ESS/IEP/Snapshots/Temp/IEP_Placement_20250331.QVD","01s ESS QVD Builder - IEP","512","TRUE",TRUE,"no-sql-select"
"ESS/IEP/Snapshots/Temp/IEP_Provider_20250331.QVD","01s ESS QVD Builder - IEP","512","TRUE",TRUE,"from-no-dot"
"ESS/IEP/Snapshots/CDP_Contract_Referral_Placement_20250228.QVD","02s ESS QVD Builder Finalisation - Snapshot","540","TRUE",FALSE,""
"ESS/IEP/Snapshots/CDP_Job_Seeker_20250228.QVD","02s ESS QVD Builder Finalisation - Snapshot","540","TRUE",FALSE,""
"ESS/IEP/Snapshots/IEP_Activity_20250228.QVD","02s ESS QVD Builder Finalisation - Snapshot","540","TRUE",FALSE,""
"ESS/IEP/Snapshots/IEP_Activity_Contact_20250228.QVD","02s ESS QVD Builder Finalisation - Snapshot","540","TRUE",FALSE,""
"ESS/IEP/Snapshots/IEP_Activity_Expenditure_20250228.QVD","02s ESS QVD Builder Finalisation - Snapshot","540","TRUE",FALSE,""
"ESS/IEP/Snapshots/IEP_Claim_Payments_20250228.QVD","02s ESS QVD Builder Finalisation - Snapshot","540","TRUE",FALSE,""
"ESS/IEP/Snapshots/IEP_Job_Seeker_20250228.QVD","02s ESS QVD Builder Finalisation - Snapshot","540","TRUE",FALSE,""
"ESS/IEP/Snapshots/IEP_Locations_20250228.QVD","02s ESS QVD Builder Finalisation - Snapshot","540","TRUE",FALSE,""
"ESS/IEP/Snapshots/IEP_Outcome_20250228.QVD","02s ESS QVD Builder Finalisation - Snapshot","540","TRUE",FALSE,""
"ESS/IEP/Snapshots/IEP_Placement_20250228.QVD","02s ESS QVD Builder Finalisation - Snapshot","540","TRUE",FALSE,""
"ESS/IEP/Snapshots/IEP_Provider_20250228.QVD","02s ESS QVD Builder Finalisation - Snapshot","540","TRUE",FALSE,""
"ESS/IEP/Snapshots/Temp/CDP_Contract_Referral_Placement_20250228.QVD","01s ESS QVD Builder - IEP","540","TRUE",TRUE,"from-no-dot"
"ESS/IEP/Snapshots/Temp/CDP_Job_Seeker_20250228.QVD","01s ESS QVD Builder - IEP","540","TRUE",TRUE,"from-no-dot"
"ESS/IEP/Snapshots/Temp/IEP_Activity_20250228.QVD","01s ESS QVD Builder - IEP","540","TRUE",TRUE,"no-sql-select"
"ESS/IEP/Snapshots/Temp/IEP_Activity_Contact_20250228.QVD","01s ESS QVD Builder - IEP","540","TRUE",TRUE,"no-sql-select"
"ESS/IEP/Snapshots/Temp/IEP_Activity_Expenditure_20250228.QVD","01s ESS QVD Builder - IEP","540","TRUE",TRUE,"from-no-dot"
"ESS/IEP/Snapshots/Temp/IEP_Claim_Payments_20250228.QVD","01s ESS QVD Builder - IEP","540","TRUE",TRUE,"no-sql-select"
"ESS/IEP/Snapshots/Temp/IEP_Job_Seeker_20250228.QVD","01s ESS QVD Builder - IEP","540","TRUE",TRUE,"from-no-dot"
"ESS/IEP/Snapshots/Temp/IEP_Locations_20250228.QVD","01s ESS QVD Builder - IEP","540","TRUE",TRUE,"from-no-dot"
"ESS/IEP/Snapshots/Temp/IEP_Outcome_20250228.QVD","01s ESS QVD Builder - IEP","540","TRUE",TRUE,"from-no-dot"
"ESS/IEP/Snapshots/Temp/IEP_Placement_20250228.QVD","01s ESS QVD Builder - IEP","540","TRUE",TRUE,"no-sql-select"
"ESS/IEP/Snapshots/Temp/IEP_Provider_20250228.QVD","01s ESS QVD Builder - IEP","540","TRUE",TRUE,"from-no-dot"
"ESS/IEP/Snapshots/CDP_Contract_Referral_Placement_20250131.QVD","02s ESS QVD Builder Finalisation - Snapshot","566","TRUE",FALSE,""
"ESS/IEP/Snapshots/CDP_Job_Seeker_20250131.QVD","02s ESS QVD Builder Finalisation - Snapshot","566","TRUE",FALSE,""
"ESS/IEP/Snapshots/IEP_Activity_20250131.QVD","02s ESS QVD Builder Finalisation - Snapshot","566","TRUE",FALSE,""
"ESS/IEP/Snapshots/IEP_Activity_Contact_20250131.QVD","02s ESS QVD Builder Finalisation - Snapshot","566","TRUE",FALSE,""
"ESS/IEP/Snapshots/IEP_Activity_Expenditure_20250131.QVD","02s ESS QVD Builder Finalisation - Snapshot","566","TRUE",FALSE,""
"ESS/IEP/Snapshots/IEP_Claim_Payments_20250131.QVD","02s ESS QVD Builder Finalisation - Snapshot","566","TRUE",FALSE,""
"ESS/IEP/Snapshots/IEP_Job_Seeker_20250131.QVD","02s ESS QVD Builder Finalisation - Snapshot","566","TRUE",FALSE,""
"ESS/IEP/Snapshots/IEP_Locations_20250131.QVD","02s ESS QVD Builder Finalisation - Snapshot","566","TRUE",FALSE,""
"ESS/IEP/Snapshots/IEP_Outcome_20250131.QVD","02s ESS QVD Builder Finalisation - Snapshot","566","TRUE",FALSE,""
"ESS/IEP/Snapshots/IEP_Placement_20250131.QVD","02s ESS QVD Builder Finalisation - Snapshot","566","TRUE",FALSE,""
"ESS/IEP/Snapshots/IEP_Provider_20250131.QVD","02s ESS QVD Builder Finalisation - Snapshot","566","TRUE",FALSE,""
"ESS/IEP/Snapshots/Temp/CDP_Contract_Referral_Placement_20250131.QVD","01s ESS QVD Builder - IEP","566","TRUE",TRUE,"from-no-dot"
"ESS/IEP/Snapshots/Temp/CDP_Job_Seeker_20250131.QVD","01s ESS QVD Builder - IEP","566","TRUE",TRUE,"from-no-dot"
"ESS/IEP/Snapshots/Temp/IEP_Activity_20250131.QVD","01s ESS QVD Builder - IEP","566","TRUE",TRUE,"no-sql-select"
"ESS/IEP/Snapshots/Temp/IEP_Activity_Contact_20250131.QVD","01s ESS QVD Builder - IEP","566","TRUE",TRUE,"no-sql-select"
"ESS/IEP/Snapshots/Temp/IEP_Activity_Expenditure_20250131.QVD","01s ESS QVD Builder - IEP","566","TRUE",TRUE,"from-no-dot"
"ESS/IEP/Snapshots/Temp/IEP_Claim_Payments_20250131.QVD","01s ESS QVD Builder - IEP","566","TRUE",TRUE,"no-sql-select"
"ESS/IEP/Snapshots/Temp/IEP_Job_Seeker_20250131.QVD","01s ESS QVD Builder - IEP","566","TRUE",TRUE,"from-no-dot"
"ESS/IEP/Snapshots/Temp/IEP_Locations_20250131.QVD","01s ESS QVD Builder - IEP","566","TRUE",TRUE,"from-no-dot"
"ESS/IEP/Snapshots/Temp/IEP_Outcome_20250131.QVD","01s ESS QVD Builder - IEP","566","TRUE",TRUE,"from-no-dot"
"ESS/IEP/Snapshots/Temp/IEP_Placement_20250131.QVD","01s ESS QVD Builder - IEP","566","TRUE",TRUE,"no-sql-select"
"ESS/IEP/Snapshots/Temp/IEP_Provider_20250131.QVD","01s ESS QVD Builder - IEP","566","TRUE",TRUE,"from-no-dot"
"ESS/IEP/Snapshots/Temp/CDP_Contract_Referral_Placement_20241231.QVD","-","572","TRUE",TRUE,"from-no-dot"
"ESS/IEP/Snapshots/Temp/CDP_Job_Seeker_20241231.QVD","-","572","TRUE",TRUE,"from-no-dot"
"ESS/IEP/Snapshots/Temp/IEP_Activity_20241231.QVD","-","572","TRUE",TRUE,"no-sql-select"
"ESS/IEP/Snapshots/Temp/IEP_Activity_Contact_20241231.QVD","-","572","TRUE",TRUE,"no-sql-select"
"ESS/IEP/Snapshots/Temp/IEP_Activity_Expenditure_20241231.QVD","-","572","TRUE",TRUE,"from-no-dot"
"ESS/IEP/Snapshots/Temp/IEP_Claim_Payments_20241231.QVD","-","572","TRUE",TRUE,"no-sql-select"
"ESS/IEP/Snapshots/Temp/IEP_Job_Seeker_20241231.QVD","-","572","TRUE",TRUE,"from-no-dot"
"ESS/IEP/Snapshots/Temp/IEP_Locations_20241231.QVD","-","572","TRUE",TRUE,"from-no-dot"
"ESS/IEP/Snapshots/Temp/IEP_Outcome_20241231.QVD","-","572","TRUE",TRUE,"from-no-dot"
"ESS/IEP/Snapshots/Temp/IEP_Placement_20241231.QVD","-","572","TRUE",TRUE,"no-sql-select"
"ESS/IEP/Snapshots/Temp/IEP_Provider_20241231.QVD","-","572","TRUE",TRUE,"from-no-dot"
"ESS/IEP/Snapshots/Temp/CDP_Contract_Referral_Placement_20241130.QVD","-","601","TRUE",TRUE,"from-no-dot"
"ESS/IEP/Snapshots/Temp/CDP_Job_Seeker_20241130.QVD","-","601","TRUE",TRUE,"from-no-dot"
"ESS/IEP/Snapshots/Temp/IEP_Activity_20241130.QVD","-","601","TRUE",TRUE,"no-sql-select"
"ESS/IEP/Snapshots/Temp/IEP_Activity_Contact_20241130.QVD","-","601","TRUE",TRUE,"no-sql-select"
"ESS/IEP/Snapshots/Temp/IEP_Activity_Expenditure_20241130.QVD","-","601","TRUE",TRUE,"from-no-dot"
"ESS/IEP/Snapshots/Temp/IEP_Claim_Payments_20241130.QVD","-","601","TRUE",TRUE,"no-sql-select"
"ESS/IEP/Snapshots/Temp/IEP_Job_Seeker_20241130.QVD","-","601","TRUE",TRUE,"from-no-dot"
"ESS/IEP/Snapshots/Temp/IEP_Locations_20241130.QVD","-","601","TRUE",TRUE,"from-no-dot"
"ESS/IEP/Snapshots/Temp/IEP_Outcome_20241130.QVD","-","601","TRUE",TRUE,"from-no-dot"
"ESS/IEP/Snapshots/Temp/IEP_Placement_20241130.QVD","-","601","TRUE",TRUE,"no-sql-select"
"ESS/IEP/Snapshots/Temp/IEP_Provider_20241130.QVD","-","601","TRUE",TRUE,"from-no-dot"
"ESS/IEP/Snapshots/CDP_Contract_Referral_Placement_20241231.QVD","02s ESS QVD Builder Finalisation - Snapshot","601","TRUE",FALSE,""
"ESS/IEP/Snapshots/CDP_Job_Seeker_20241231.QVD","02s ESS QVD Builder Finalisation - Snapshot","601","TRUE",FALSE,""
"ESS/IEP/Snapshots/IEP_Activity_20241231.QVD","02s ESS QVD Builder Finalisation - Snapshot","601","TRUE",FALSE,""
"ESS/IEP/Snapshots/IEP_Activity_Contact_20241231.QVD","02s ESS QVD Builder Finalisation - Snapshot","601","TRUE",FALSE,""
"ESS/IEP/Snapshots/IEP_Activity_Expenditure_20241231.QVD","02s ESS QVD Builder Finalisation - Snapshot","601","TRUE",FALSE,""
"ESS/IEP/Snapshots/IEP_Claim_Payments_20241231.QVD","02s ESS QVD Builder Finalisation - Snapshot","601","TRUE",FALSE,""
"ESS/IEP/Snapshots/IEP_Job_Seeker_20241231.QVD","02s ESS QVD Builder Finalisation - Snapshot","601","TRUE",FALSE,""
"ESS/IEP/Snapshots/IEP_Locations_20241231.QVD","02s ESS QVD Builder Finalisation - Snapshot","601","TRUE",FALSE,""
"ESS/IEP/Snapshots/IEP_Outcome_20241231.QVD","02s ESS QVD Builder Finalisation - Snapshot","601","TRUE",FALSE,""
"ESS/IEP/Snapshots/IEP_Placement_20241231.QVD","02s ESS QVD Builder Finalisation - Snapshot","601","TRUE",FALSE,""
"ESS/IEP/Snapshots/IEP_Provider_20241231.QVD","02s ESS QVD Builder Finalisation - Snapshot","601","TRUE",FALSE,""
"ESS/IEP/Snapshots/CDP_Contract_Referral_Placement_20241130.QVD","02s ESS QVD Builder Finalisation - Snapshot","631","TRUE",FALSE,""
"ESS/IEP/Snapshots/CDP_Job_Seeker_20241130.QVD","02s ESS QVD Builder Finalisation - Snapshot","631","TRUE",FALSE,""
"ESS/IEP/Snapshots/IEP_Activity_20241130.QVD","02s ESS QVD Builder Finalisation - Snapshot","631","TRUE",FALSE,""
"ESS/IEP/Snapshots/IEP_Activity_Contact_20241130.QVD","02s ESS QVD Builder Finalisation - Snapshot","631","TRUE",FALSE,""
"ESS/IEP/Snapshots/IEP_Activity_Expenditure_20241130.QVD","02s ESS QVD Builder Finalisation - Snapshot","631","TRUE",FALSE,""
"ESS/IEP/Snapshots/IEP_Claim_Payments_20241130.QVD","02s ESS QVD Builder Finalisation - Snapshot","631","TRUE",FALSE,""
"ESS/IEP/Snapshots/IEP_Job_Seeker_20241130.QVD","02s ESS QVD Builder Finalisation - Snapshot","631","TRUE",FALSE,""
"ESS/IEP/Snapshots/IEP_Locations_20241130.QVD","02s ESS QVD Builder Finalisation - Snapshot","631","TRUE",FALSE,""
"ESS/IEP/Snapshots/IEP_Outcome_20241130.QVD","02s ESS QVD Builder Finalisation - Snapshot","631","TRUE",FALSE,""
"ESS/IEP/Snapshots/IEP_Placement_20241130.QVD","02s ESS QVD Builder Finalisation - Snapshot","631","TRUE",FALSE,""
"ESS/IEP/Snapshots/IEP_Provider_20241130.QVD","02s ESS QVD Builder Finalisation - Snapshot","631","TRUE",FALSE,""
"ESS/IEP/Snapshots/CDP_Contract_Referral_Placement_20241031.QVD","02s ESS QVD Builder Finalisation - Snapshot","660","TRUE",FALSE,""
"ESS/IEP/Snapshots/CDP_Job_Seeker_20241031.QVD","02s ESS QVD Builder Finalisation - Snapshot","660","TRUE",FALSE,""
"ESS/IEP/Snapshots/IEP_Activity_20241031.QVD","02s ESS QVD Builder Finalisation - Snapshot","660","TRUE",FALSE,""
"ESS/IEP/Snapshots/IEP_Activity_Contact_20241031.QVD","02s ESS QVD Builder Finalisation - Snapshot","660","TRUE",FALSE,""
"ESS/IEP/Snapshots/IEP_Activity_Expenditure_20241031.QVD","02s ESS QVD Builder Finalisation - Snapshot","660","TRUE",FALSE,""
"ESS/IEP/Snapshots/IEP_Claim_Payments_20241031.QVD","02s ESS QVD Builder Finalisation - Snapshot","660","TRUE",FALSE,""
"ESS/IEP/Snapshots/IEP_Job_Seeker_20241031.QVD","02s ESS QVD Builder Finalisation - Snapshot","660","TRUE",FALSE,""
"ESS/IEP/Snapshots/IEP_Locations_20241031.QVD","02s ESS QVD Builder Finalisation - Snapshot","660","TRUE",FALSE,""
"ESS/IEP/Snapshots/IEP_Outcome_20241031.QVD","02s ESS QVD Builder Finalisation - Snapshot","660","TRUE",FALSE,""
"ESS/IEP/Snapshots/IEP_Placement_20241031.QVD","02s ESS QVD Builder Finalisation - Snapshot","660","TRUE",FALSE,""
"ESS/IEP/Snapshots/IEP_Provider_20241031.QVD","02s ESS QVD Builder Finalisation - Snapshot","660","TRUE",FALSE,""
"ESS/IEP/Snapshots/Temp/CDP_Contract_Referral_Placement_20241031.QVD","01s ESS QVD Builder - IEP","660","TRUE",TRUE,"from-no-dot"
"ESS/IEP/Snapshots/Temp/CDP_Job_Seeker_20241031.QVD","01s ESS QVD Builder - IEP","660","TRUE",TRUE,"from-no-dot"
"ESS/IEP/Snapshots/Temp/IEP_Activity_20241031.QVD","01s ESS QVD Builder - IEP","660","TRUE",TRUE,"no-sql-select"
"ESS/IEP/Snapshots/Temp/IEP_Activity_Contact_20241031.QVD","01s ESS QVD Builder - IEP","660","TRUE",TRUE,"no-sql-select"
"ESS/IEP/Snapshots/Temp/IEP_Activity_Expenditure_20241031.QVD","01s ESS QVD Builder - IEP","660","TRUE",TRUE,"from-no-dot"
"ESS/IEP/Snapshots/Temp/IEP_Claim_Payments_20241031.QVD","01s ESS QVD Builder - IEP","660","TRUE",TRUE,"no-sql-select"
"ESS/IEP/Snapshots/Temp/IEP_Job_Seeker_20241031.QVD","01s ESS QVD Builder - IEP","660","TRUE",TRUE,"from-no-dot"
"ESS/IEP/Snapshots/Temp/IEP_Locations_20241031.QVD","01s ESS QVD Builder - IEP","660","TRUE",TRUE,"from-no-dot"
"ESS/IEP/Snapshots/Temp/IEP_Outcome_20241031.QVD","01s ESS QVD Builder - IEP","660","TRUE",TRUE,"from-no-dot"
"ESS/IEP/Snapshots/Temp/IEP_Placement_20241031.QVD","01s ESS QVD Builder - IEP","660","TRUE",TRUE,"no-sql-select"
"ESS/IEP/Snapshots/Temp/IEP_Provider_20241031.QVD","01s ESS QVD Builder - IEP","660","TRUE",TRUE,"from-no-dot"
"ESS/IEP/IEP Milestone 1000 Jobs.QVD","Test","687","TRUE",TRUE,"no-sql-select"
"ESS/IEP/Snapshots/CDP_Contract_Referral_Placement_20240831.QVD","02s ESS QVD Builder Finalisation - Snapshot","720","TRUE",FALSE,""
"ESS/IEP/Snapshots/CDP_Job_Seeker_20240831.QVD","02s ESS QVD Builder Finalisation - Snapshot","720","TRUE",FALSE,""
"ESS/IEP/Snapshots/IEP_Activity_20240831.QVD","02s ESS QVD Builder Finalisation - Snapshot","720","TRUE",FALSE,""
"ESS/IEP/Snapshots/IEP_Activity_Contact_20240831.QVD","02s ESS QVD Builder Finalisation - Snapshot","720","TRUE",FALSE,""
"ESS/IEP/Snapshots/IEP_Activity_Expenditure_20240831.QVD","02s ESS QVD Builder Finalisation - Snapshot","720","TRUE",FALSE,""
"ESS/IEP/Snapshots/IEP_Claim_Payments_20240831.QVD","02s ESS QVD Builder Finalisation - Snapshot","720","TRUE",FALSE,""
"ESS/IEP/Snapshots/IEP_Job_Seeker_20240831.QVD","02s ESS QVD Builder Finalisation - Snapshot","720","TRUE",FALSE,""
"ESS/IEP/Snapshots/IEP_Locations_20240831.QVD","02s ESS QVD Builder Finalisation - Snapshot","720","TRUE",FALSE,""
"ESS/IEP/Snapshots/IEP_Outcome_20240831.QVD","02s ESS QVD Builder Finalisation - Snapshot","720","TRUE",FALSE,""
"ESS/IEP/Snapshots/IEP_Placement_20240831.QVD","02s ESS QVD Builder Finalisation - Snapshot","720","TRUE",FALSE,""
"ESS/IEP/Snapshots/IEP_Provider_20240831.QVD","02s ESS QVD Builder Finalisation - Snapshot","720","TRUE",FALSE,""
"ESS/IEP/Snapshots/Temp/CDP_Contract_Referral_Placement_20240831.QVD","01s ESS QVD Builder - IEP","720","TRUE",TRUE,"from-no-dot"
"ESS/IEP/Snapshots/Temp/CDP_Job_Seeker_20240831.QVD","01s ESS QVD Builder - IEP","720","TRUE",TRUE,"from-no-dot"
"ESS/IEP/Snapshots/Temp/IEP_Activity_20240831.QVD","01s ESS QVD Builder - IEP","720","TRUE",TRUE,"no-sql-select"
"ESS/IEP/Snapshots/Temp/IEP_Activity_Contact_20240831.QVD","01s ESS QVD Builder - IEP","720","TRUE",TRUE,"no-sql-select"
"ESS/IEP/Snapshots/Temp/IEP_Activity_Expenditure_20240831.QVD","01s ESS QVD Builder - IEP","720","TRUE",TRUE,"from-no-dot"
"ESS/IEP/Snapshots/Temp/IEP_Claim_Payments_20240831.QVD","01s ESS QVD Builder - IEP","720","TRUE",TRUE,"no-sql-select"
"ESS/IEP/Snapshots/Temp/IEP_Job_Seeker_20240831.QVD","01s ESS QVD Builder - IEP","720","TRUE",TRUE,"from-no-dot"
"ESS/IEP/Snapshots/Temp/IEP_Locations_20240831.QVD","01s ESS QVD Builder - IEP","720","TRUE",TRUE,"from-no-dot"
"ESS/IEP/Snapshots/Temp/IEP_Outcome_20240831.QVD","01s ESS QVD Builder - IEP","720","TRUE",TRUE,"from-no-dot"
"ESS/IEP/Snapshots/Temp/IEP_Placement_20240831.QVD","01s ESS QVD Builder - IEP","720","TRUE",TRUE,"no-sql-select"
"ESS/IEP/Snapshots/Temp/IEP_Provider_20240831.QVD","01s ESS QVD Builder - IEP","720","TRUE",TRUE,"from-no-dot"
"ABS/2021 ABS Remoteness x ILOC.qvd","ABS 2021 QVD Generator","740","TRUE",TRUE,"from-no-dot"
"ABS/2021 Census Datapacks x ILOC.qvd","ABS 2021 QVD Generator","740","TRUE",TRUE,"from-no-dot"
"ABS/2021 CtG Targets ABS Tablebuilder.qvd","ABS 2021 QVD Generator","740","TRUE",TRUE,"from-no-dot"
"CAEPR/IRSEO PINIRSEO 2021.qvd","-","740","TRUE",TRUE,"from-no-dot"
"ESS/IEP/Snapshots/CDP_Contract_Referral_Placement_20240731.QVD","02s ESS QVD Builder Finalisation - Snapshot","754","TRUE",FALSE,""
"ESS/IEP/Snapshots/CDP_Job_Seeker_20240731.QVD","02s ESS QVD Builder Finalisation - Snapshot","754","TRUE",FALSE,""
"ESS/IEP/Snapshots/IEP_Activity_20240731.QVD","02s ESS QVD Builder Finalisation - Snapshot","754","TRUE",FALSE,""
"ESS/IEP/Snapshots/IEP_Activity_Contact_20240731.QVD","02s ESS QVD Builder Finalisation - Snapshot","754","TRUE",FALSE,""
"ESS/IEP/Snapshots/IEP_Activity_Expenditure_20240731.QVD","02s ESS QVD Builder Finalisation - Snapshot","754","TRUE",FALSE,""
"ESS/IEP/Snapshots/IEP_Claim_Payments_20240731.QVD","02s ESS QVD Builder Finalisation - Snapshot","754","TRUE",FALSE,""
"ESS/IEP/Snapshots/IEP_Job_Seeker_20240731.QVD","02s ESS QVD Builder Finalisation - Snapshot","754","TRUE",FALSE,""
"ESS/IEP/Snapshots/IEP_Locations_20240731.QVD","02s ESS QVD Builder Finalisation - Snapshot","754","TRUE",FALSE,""
"ESS/IEP/Snapshots/IEP_Outcome_20240731.QVD","02s ESS QVD Builder Finalisation - Snapshot","754","TRUE",FALSE,""
"ESS/IEP/Snapshots/IEP_Placement_20240731.QVD","02s ESS QVD Builder Finalisation - Snapshot","754","TRUE",FALSE,""
"ESS/IEP/Snapshots/IEP_Provider_20240731.QVD","02s ESS QVD Builder Finalisation - Snapshot","754","TRUE",FALSE,""
"ESS/IEP/Snapshots/Temp/CDP_Contract_Referral_Placement_20240731.QVD","01s ESS QVD Builder - IEP","754","TRUE",TRUE,"from-no-dot"
"ESS/IEP/Snapshots/Temp/CDP_Job_Seeker_20240731.QVD","01s ESS QVD Builder - IEP","754","TRUE",TRUE,"from-no-dot"
"ESS/IEP/Snapshots/Temp/IEP_Activity_20240731.QVD","01s ESS QVD Builder - IEP","754","TRUE",TRUE,"no-sql-select"
"ESS/IEP/Snapshots/Temp/IEP_Activity_Contact_20240731.QVD","01s ESS QVD Builder - IEP","754","TRUE",TRUE,"no-sql-select"
"ESS/IEP/Snapshots/Temp/IEP_Activity_Expenditure_20240731.QVD","01s ESS QVD Builder - IEP","754","TRUE",TRUE,"from-no-dot"
"ESS/IEP/Snapshots/Temp/IEP_Claim_Payments_20240731.QVD","01s ESS QVD Builder - IEP","754","TRUE",TRUE,"no-sql-select"
"ESS/IEP/Snapshots/Temp/IEP_Job_Seeker_20240731.QVD","01s ESS QVD Builder - IEP","754","TRUE",TRUE,"from-no-dot"
"ESS/IEP/Snapshots/Temp/IEP_Locations_20240731.QVD","01s ESS QVD Builder - IEP","754","TRUE",TRUE,"from-no-dot"
"ESS/IEP/Snapshots/Temp/IEP_Outcome_20240731.QVD","01s ESS QVD Builder - IEP","754","TRUE",TRUE,"from-no-dot"
"ESS/IEP/Snapshots/Temp/IEP_Placement_20240731.QVD","01s ESS QVD Builder - IEP","754","TRUE",TRUE,"no-sql-select"
"ESS/IEP/Snapshots/Temp/IEP_Provider_20240731.QVD","01s ESS QVD Builder - IEP","754","TRUE",TRUE,"from-no-dot"
"ESS/CDP/Caseload Last 7 Days.QVD","-","764","TRUE",TRUE,"no-sql-select"
"ESS/CDP/Temp/CDP Activity Attendance Result.QVD","01 ESS QVD Builder - CDP","766","TRUE",TRUE,"no-sql-select"
"ESS/CDP/Temp/CDP Activity Attendance.QVD","01 ESS QVD Builder - CDP","766","TRUE",TRUE,"no-sql-select"
"ESS/CDP/Temp/CDP Employment Placement History.QVD","01 ESS QVD Builder - CDP","766","TRUE",FALSE,""
"ESS/CDP/Temp/CDP Employment Placement.QVD","01 ESS QVD Builder - CDP","766","TRUE",FALSE,""
"ESS/CDP/CDP Employment Placement History.QVD","02 ESS QVD Builder Finalisation CDP & IEP","767","TRUE",FALSE,""
"ESS/CDP/CDP Employment Placement.QVD","02 ESS QVD Builder Finalisation CDP & IEP","767","TRUE",FALSE,""
"ESS/IEP/Snapshots/CDP_Contract_Referral_Placement_20240630.QVD","02s ESS QVD Builder Finalisation - Snapshot","778","TRUE",FALSE,""
"ESS/IEP/Snapshots/CDP_Job_Seeker_20240630.QVD","02s ESS QVD Builder Finalisation - Snapshot","778","TRUE",FALSE,""
"ESS/IEP/Snapshots/IEP_Activity_20240630.QVD","02s ESS QVD Builder Finalisation - Snapshot","778","TRUE",FALSE,""
"ESS/IEP/Snapshots/IEP_Activity_Contact_20240630.QVD","02s ESS QVD Builder Finalisation - Snapshot","778","TRUE",FALSE,""
"ESS/IEP/Snapshots/IEP_Activity_Expenditure_20240630.QVD","02s ESS QVD Builder Finalisation - Snapshot","778","TRUE",FALSE,""
"ESS/IEP/Snapshots/IEP_Claim_Payments_20240630.QVD","02s ESS QVD Builder Finalisation - Snapshot","778","TRUE",FALSE,""
"ESS/IEP/Snapshots/IEP_Job_Seeker_20240630.QVD","02s ESS QVD Builder Finalisation - Snapshot","778","TRUE",FALSE,""
"ESS/IEP/Snapshots/IEP_Locations_20240630.QVD","02s ESS QVD Builder Finalisation - Snapshot","778","TRUE",FALSE,""
"ESS/IEP/Snapshots/IEP_Outcome_20240630.QVD","02s ESS QVD Builder Finalisation - Snapshot","778","TRUE",FALSE,""
"ESS/IEP/Snapshots/IEP_Placement_20240630.QVD","02s ESS QVD Builder Finalisation - Snapshot","778","TRUE",FALSE,""
"ESS/IEP/Snapshots/IEP_Provider_20240630.QVD","02s ESS QVD Builder Finalisation - Snapshot","778","TRUE",FALSE,""
"ESS/IEP/Snapshots/Temp/CDP_Contract_Referral_Placement_20240630.QVD","01s ESS QVD Builder - IEP","778","TRUE",TRUE,"from-no-dot"
"ESS/IEP/Snapshots/Temp/CDP_Job_Seeker_20240630.QVD","01s ESS QVD Builder - IEP","778","TRUE",TRUE,"from-no-dot"
"ESS/IEP/Snapshots/Temp/IEP_Activity_20240630.QVD","01s ESS QVD Builder - IEP","778","TRUE",TRUE,"no-sql-select"
"ESS/IEP/Snapshots/Temp/IEP_Activity_Contact_20240630.QVD","01s ESS QVD Builder - IEP","778","TRUE",TRUE,"no-sql-select"
"ESS/IEP/Snapshots/Temp/IEP_Activity_Expenditure_20240630.QVD","01s ESS QVD Builder - IEP","778","TRUE",TRUE,"from-no-dot"
"ESS/IEP/Snapshots/Temp/IEP_Claim_Payments_20240630.QVD","01s ESS QVD Builder - IEP","778","TRUE",TRUE,"no-sql-select"
"ESS/IEP/Snapshots/Temp/IEP_Job_Seeker_20240630.QVD","01s ESS QVD Builder - IEP","778","TRUE",TRUE,"from-no-dot"
"ESS/IEP/Snapshots/Temp/IEP_Locations_20240630.QVD","01s ESS QVD Builder - IEP","778","TRUE",TRUE,"from-no-dot"
"ESS/IEP/Snapshots/Temp/IEP_Outcome_20240630.QVD","01s ESS QVD Builder - IEP","778","TRUE",TRUE,"from-no-dot"
"ESS/IEP/Snapshots/Temp/IEP_Placement_20240630.QVD","01s ESS QVD Builder - IEP","778","TRUE",TRUE,"no-sql-select"
"ESS/IEP/Snapshots/Temp/IEP_Provider_20240630.QVD","01s ESS QVD Builder - IEP","778","TRUE",TRUE,"from-no-dot"
"ESS/CDP/CDP Payment Model Control Data.QVD","CDP Service Provider (moved from UAT 20240626)","806","TRUE",TRUE,"no-sql-select"
"ESS/CDP/CDP_Caseload_Month_End.QVD","-","811","TRUE",TRUE,"from-no-dot"
"ESS/IEP/Snapshots/CDP_Contract_Referral_Placement_20240531.QVD","02s ESS QVD Builder Finalisation - Snapshot","815","TRUE",FALSE,""
"ESS/IEP/Snapshots/CDP_Job_Seeker_20240531.QVD","02s ESS QVD Builder Finalisation - Snapshot","815","TRUE",FALSE,""
"ESS/IEP/Snapshots/IEP_Activity_20240531.QVD","02s ESS QVD Builder Finalisation - Snapshot","815","TRUE",FALSE,""
"ESS/IEP/Snapshots/IEP_Activity_Contact_20240531.QVD","02s ESS QVD Builder Finalisation - Snapshot","815","TRUE",FALSE,""
"ESS/IEP/Snapshots/IEP_Activity_Expenditure_20240531.QVD","02s ESS QVD Builder Finalisation - Snapshot","815","TRUE",FALSE,""
"ESS/IEP/Snapshots/IEP_Claim_Payments_20240531.QVD","02s ESS QVD Builder Finalisation - Snapshot","815","TRUE",FALSE,""
"ESS/IEP/Snapshots/IEP_Job_Seeker_20240531.QVD","02s ESS QVD Builder Finalisation - Snapshot","815","TRUE",FALSE,""
"ESS/IEP/Snapshots/IEP_Locations_20240531.QVD","02s ESS QVD Builder Finalisation - Snapshot","815","TRUE",FALSE,""
"ESS/IEP/Snapshots/IEP_Outcome_20240531.QVD","02s ESS QVD Builder Finalisation - Snapshot","815","TRUE",FALSE,""
"ESS/IEP/Snapshots/IEP_Placement_20240531.QVD","02s ESS QVD Builder Finalisation - Snapshot","815","TRUE",FALSE,""
"ESS/IEP/Snapshots/IEP_Provider_20240531.QVD","02s ESS QVD Builder Finalisation - Snapshot","815","TRUE",FALSE,""
"ESS/IEP/Snapshots/Temp/CDP_Contract_Referral_Placement_20240531.QVD","01s ESS QVD Builder - IEP","815","TRUE",TRUE,"from-no-dot"
"ESS/IEP/Snapshots/Temp/CDP_Job_Seeker_20240531.QVD","01s ESS QVD Builder - IEP","815","TRUE",TRUE,"from-no-dot"
"ESS/IEP/Snapshots/Temp/IEP_Activity_20240531.QVD","01s ESS QVD Builder - IEP","815","TRUE",TRUE,"no-sql-select"
"ESS/IEP/Snapshots/Temp/IEP_Activity_Contact_20240531.QVD","01s ESS QVD Builder - IEP","815","TRUE",TRUE,"no-sql-select"
"ESS/IEP/Snapshots/Temp/IEP_Activity_Expenditure_20240531.QVD","01s ESS QVD Builder - IEP","815","TRUE",TRUE,"from-no-dot"
"ESS/IEP/Snapshots/Temp/IEP_Claim_Payments_20240531.QVD","01s ESS QVD Builder - IEP","815","TRUE",TRUE,"no-sql-select"
"ESS/IEP/Snapshots/Temp/IEP_Job_Seeker_20240531.QVD","01s ESS QVD Builder - IEP","815","TRUE",TRUE,"from-no-dot"
"ESS/IEP/Snapshots/Temp/IEP_Locations_20240531.QVD","01s ESS QVD Builder - IEP","815","TRUE",TRUE,"from-no-dot"
"ESS/IEP/Snapshots/Temp/IEP_Outcome_20240531.QVD","01s ESS QVD Builder - IEP","815","TRUE",TRUE,"from-no-dot"
"ESS/IEP/Snapshots/Temp/IEP_Placement_20240531.QVD","01s ESS QVD Builder - IEP","815","TRUE",TRUE,"no-sql-select"
"ESS/IEP/Snapshots/Temp/IEP_Provider_20240531.QVD","01s ESS QVD Builder - IEP","815","TRUE",TRUE,"from-no-dot"
"NIAA/Glossary.QVD","-","824","TRUE",TRUE,"no-sql-select"
"ESS/CDP/CDP Income Support Rate.QVD","02 ESS QVD Builder Finalisation CDP & IEP","826","TRUE",FALSE,""
"ESS/CDP/Temp/CDP Income Support Rate.QVD","01 ESS QVD Builder - CDP","826","TRUE",TRUE,"no-sql-select"
"ESS/CDP/CDP Income Support Payment Rate Month End Pre July 2018.QVD","-","826","TRUE",FALSE,""
"ESS/CDP/CDP Income Support Rate Month End Pre July 2018.QVD","-","826","TRUE",FALSE,""
"ESS/CDP/Temp/CDP Income Support Rate 1.QVD","01 ESS QVD Builder - CDP","827","TRUE",TRUE,"no-sql-select"
"ESS/CDP/Temp/CDP Income Support Rate 2.QVD","01 ESS QVD Builder - CDP","827","TRUE",TRUE,"no-sql-select"
"ESS/CDP/CDP Income Support Rate 1.QVD","-","827","TRUE",TRUE,"no-sql-select"
"ESS/CDP/CDP Income Support Rate 2.QVD","-","827","TRUE",TRUE,"no-sql-select"
"AURION/Site Location.qvd","AURION QVD Generator","838","TRUE",TRUE,"from-no-dot"
"ESS/IEP/Snapshots/CDP_Contract_Referral_Placement_20240430.QVD","02s ESS QVD Builder Finalisation - Snapshot","846","TRUE",FALSE,""
"ESS/IEP/Snapshots/CDP_Job_Seeker_20240430.QVD","02s ESS QVD Builder Finalisation - Snapshot","846","TRUE",FALSE,""
"ESS/IEP/Snapshots/IEP_Activity_20240430.QVD","02s ESS QVD Builder Finalisation - Snapshot","846","TRUE",FALSE,""
"ESS/IEP/Snapshots/IEP_Activity_Contact_20240430.QVD","02s ESS QVD Builder Finalisation - Snapshot","846","TRUE",FALSE,""
"ESS/IEP/Snapshots/IEP_Activity_Expenditure_20240430.QVD","02s ESS QVD Builder Finalisation - Snapshot","846","TRUE",FALSE,""
"ESS/IEP/Snapshots/IEP_Claim_Payments_20240430.QVD","02s ESS QVD Builder Finalisation - Snapshot","846","TRUE",FALSE,""
"ESS/IEP/Snapshots/IEP_Job_Seeker_20240430.QVD","02s ESS QVD Builder Finalisation - Snapshot","846","TRUE",FALSE,""
"ESS/IEP/Snapshots/IEP_Locations_20240430.QVD","02s ESS QVD Builder Finalisation - Snapshot","846","TRUE",FALSE,""
"ESS/IEP/Snapshots/IEP_Outcome_20240430.QVD","02s ESS QVD Builder Finalisation - Snapshot","846","TRUE",FALSE,""
"ESS/IEP/Snapshots/IEP_Placement_20240430.QVD","02s ESS QVD Builder Finalisation - Snapshot","846","TRUE",FALSE,""
"ESS/IEP/Snapshots/IEP_Provider_20240430.QVD","02s ESS QVD Builder Finalisation - Snapshot","846","TRUE",FALSE,""
"ESS/IEP/Snapshots/Temp/CDP_Contract_Referral_Placement_20240430.QVD","01s ESS QVD Builder - IEP","846","TRUE",TRUE,"from-no-dot"
"ESS/IEP/Snapshots/Temp/CDP_Job_Seeker_20240430.QVD","01s ESS QVD Builder - IEP","846","TRUE",TRUE,"from-no-dot"
"ESS/IEP/Snapshots/Temp/IEP_Activity_20240430.QVD","01s ESS QVD Builder - IEP","846","TRUE",TRUE,"no-sql-select"
"ESS/IEP/Snapshots/Temp/IEP_Activity_Contact_20240430.QVD","01s ESS QVD Builder - IEP","846","TRUE",TRUE,"no-sql-select"
"ESS/IEP/Snapshots/Temp/IEP_Activity_Expenditure_20240430.QVD","01s ESS QVD Builder - IEP","846","TRUE",TRUE,"from-no-dot"
"ESS/IEP/Snapshots/Temp/IEP_Claim_Payments_20240430.QVD","01s ESS QVD Builder - IEP","846","TRUE",TRUE,"no-sql-select"
"ESS/IEP/Snapshots/Temp/IEP_Job_Seeker_20240430.QVD","01s ESS QVD Builder - IEP","846","TRUE",TRUE,"from-no-dot"
"ESS/IEP/Snapshots/Temp/IEP_Locations_20240430.QVD","01s ESS QVD Builder - IEP","846","TRUE",TRUE,"from-no-dot"
"ESS/IEP/Snapshots/Temp/IEP_Outcome_20240430.QVD","01s ESS QVD Builder - IEP","846","TRUE",TRUE,"from-no-dot"
"ESS/IEP/Snapshots/Temp/IEP_Placement_20240430.QVD","01s ESS QVD Builder - IEP","846","TRUE",TRUE,"no-sql-select"
"ESS/IEP/Snapshots/Temp/IEP_Provider_20240430.QVD","01s ESS QVD Builder - IEP","846","TRUE",TRUE,"from-no-dot"
"ESS/IEP/Snapshots/CDP_Contract_Referral_Placement_20240331.QVD","02s ESS QVD Builder Finalisation - Snapshot","861","TRUE",FALSE,""
"ESS/IEP/Snapshots/CDP_Job_Seeker_20240331.QVD","02s ESS QVD Builder Finalisation - Snapshot","861","TRUE",FALSE,""
"ESS/IEP/Snapshots/IEP_Activity_20240331.QVD","02s ESS QVD Builder Finalisation - Snapshot","861","TRUE",FALSE,""
"ESS/IEP/Snapshots/IEP_Activity_Contact_20240331.QVD","02s ESS QVD Builder Finalisation - Snapshot","861","TRUE",FALSE,""
"ESS/IEP/Snapshots/IEP_Activity_Expenditure_20240331.QVD","02s ESS QVD Builder Finalisation - Snapshot","861","TRUE",FALSE,""
"ESS/IEP/Snapshots/IEP_Claim_Payments_20240331.QVD","02s ESS QVD Builder Finalisation - Snapshot","861","TRUE",FALSE,""
"ESS/IEP/Snapshots/IEP_Job_Seeker_20240331.QVD","02s ESS QVD Builder Finalisation - Snapshot","861","TRUE",FALSE,""
"ESS/IEP/Snapshots/IEP_Locations_20240331.QVD","02s ESS QVD Builder Finalisation - Snapshot","861","TRUE",FALSE,""
"ESS/IEP/Snapshots/IEP_Outcome_20240331.QVD","02s ESS QVD Builder Finalisation - Snapshot","861","TRUE",FALSE,""
"ESS/IEP/Snapshots/IEP_Placement_20240331.QVD","02s ESS QVD Builder Finalisation - Snapshot","861","TRUE",FALSE,""
"ESS/IEP/Snapshots/IEP_Provider_20240331.QVD","02s ESS QVD Builder Finalisation - Snapshot","861","TRUE",FALSE,""
"ESS/IEP/Snapshots/Temp/CDP_Contract_Referral_Placement_20240331.QVD","01s ESS QVD Builder - IEP","861","TRUE",TRUE,"from-no-dot"
"ESS/IEP/Snapshots/Temp/CDP_Job_Seeker_20240331.QVD","01s ESS QVD Builder - IEP","861","TRUE",TRUE,"from-no-dot"
"ESS/IEP/Snapshots/Temp/IEP_Activity_20240331.QVD","01s ESS QVD Builder - IEP","861","TRUE",TRUE,"no-sql-select"
"ESS/IEP/Snapshots/Temp/IEP_Activity_Contact_20240331.QVD","01s ESS QVD Builder - IEP","861","TRUE",TRUE,"no-sql-select"
"ESS/IEP/Snapshots/Temp/IEP_Activity_Expenditure_20240331.QVD","01s ESS QVD Builder - IEP","861","TRUE",TRUE,"from-no-dot"
"ESS/IEP/Snapshots/Temp/IEP_Claim_Payments_20240331.QVD","01s ESS QVD Builder - IEP","861","TRUE",TRUE,"no-sql-select"
"ESS/IEP/Snapshots/Temp/IEP_Job_Seeker_20240331.QVD","01s ESS QVD Builder - IEP","861","TRUE",TRUE,"from-no-dot"
"ESS/IEP/Snapshots/Temp/IEP_Locations_20240331.QVD","01s ESS QVD Builder - IEP","861","TRUE",TRUE,"from-no-dot"
"ESS/IEP/Snapshots/Temp/IEP_Outcome_20240331.QVD","01s ESS QVD Builder - IEP","861","TRUE",TRUE,"from-no-dot"
"ESS/IEP/Snapshots/Temp/IEP_Placement_20240331.QVD","01s ESS QVD Builder - IEP","861","TRUE",TRUE,"no-sql-select"
"ESS/IEP/Snapshots/Temp/IEP_Provider_20240331.QVD","01s ESS QVD Builder - IEP","861","TRUE",TRUE,"from-no-dot"
"ESS/CDP/BK/2.Tue/CDP Activity Attendance Key Data.QVD","-","896","TRUE",FALSE,""
"ESS/CDP/BK/3.Wed/CDP Activity Attendance Key Data.QVD","-","896","TRUE",FALSE,""
"ESS/CDP/BK/2.Tue/CDP Activity Attendance Result.QVD","-","896","TRUE",FALSE,""
"ESS/CDP/BK/3.Wed/CDP Activity Attendance Result.QVD","-","896","TRUE",FALSE,""
"ESS/CDP/BK/2.Tue/CDP Activity Attendance.QVD","-","896","TRUE",FALSE,""
"ESS/CDP/BK/3.Wed/CDP Activity Attendance.QVD","-","896","TRUE",FALSE,""
"ESS/CDP/BK/2.Tue/CDP Activity Referral Placement.QVD","-","896","TRUE",FALSE,""
"ESS/CDP/BK/3.Wed/CDP Activity Referral Placement.QVD","-","896","TRUE",FALSE,""
"ESS/CDP/BK/2.Tue/CDP Activity.QVD","-","896","TRUE",FALSE,""
"ESS/CDP/BK/3.Wed/CDP Activity.QVD","-","896","TRUE",FALSE,""
"ESS/CDP/BK/2.Tue/CDP Age Group.QVD","-","896","TRUE",FALSE,""
"ESS/CDP/BK/3.Wed/CDP Age Group.QVD","-","896","TRUE",FALSE,""
"ESS/CDP/BK/2.Tue/CDP API Subs Data Currency.QVD","-","896","TRUE",FALSE,""
"ESS/CDP/BK/3.Wed/CDP API Subs Data Currency.QVD","-","896","TRUE",FALSE,""
"ESS/CDP/BK/2.Tue/CDP Barrier Job Plan Activity Link.QVD","-","896","TRUE",FALSE,""
"ESS/CDP/BK/3.Wed/CDP Barrier Job Plan Activity Link.QVD","-","896","TRUE",FALSE,""
"ESS/CDP/BK/2.Tue/CDP Barrier Job Plan Assistance Link.QVD","-","896","TRUE",FALSE,""
"ESS/CDP/BK/3.Wed/CDP Barrier Job Plan Assistance Link.QVD","-","896","TRUE",FALSE,""
"ESS/CDP/BK/2.Tue/CDP Barrier.QVD","-","896","TRUE",FALSE,""
"ESS/CDP/BK/3.Wed/CDP Barrier.QVD","-","896","TRUE",FALSE,""
"ESS/CDP/BK/2.Tue/CDP Caseload.QVD","-","896","TRUE",FALSE,""
"ESS/CDP/BK/3.Wed/CDP Caseload.QVD","-","896","TRUE",FALSE,""
"ESS/CDP/BK/2.Tue/CDP Claim.QVD","-","896","TRUE",FALSE,""
"ESS/CDP/BK/3.Wed/CDP Claim.QVD","-","896","TRUE",FALSE,""
"ESS/CDP/BK/2.Tue/CDP Contract.QVD","-","896","TRUE",FALSE,""
"ESS/CDP/BK/3.Wed/CDP Contract.QVD","-","896","TRUE",FALSE,""
"ESS/CDP/BK/2.Tue/CDP Employment Placement History.QVD","-","896","TRUE",FALSE,""
"ESS/CDP/BK/3.Wed/CDP Employment Placement History.QVD","-","896","TRUE",FALSE,""
"ESS/CDP/BK/2.Tue/CDP Employment Placement.QVD","-","896","TRUE",FALSE,""
"ESS/CDP/BK/3.Wed/CDP Employment Placement.QVD","-","896","TRUE",FALSE,""
"ESS/CDP/BK/2.Tue/CDP Estimated Grant Value FY.QVD","-","896","TRUE",FALSE,""
"ESS/CDP/BK/3.Wed/CDP Estimated Grant Value FY.QVD","-","896","TRUE",FALSE,""
"ESS/CDP/BK/2.Tue/CDP Grant Activity Site Location.QVD","-","896","TRUE",FALSE,""
"ESS/CDP/BK/3.Wed/CDP Grant Activity Site Location.QVD","-","896","TRUE",FALSE,""
"ESS/CDP/BK/2.Tue/CDP Grant Activity updated.QVD","-","896","TRUE",FALSE,""
"ESS/CDP/BK/3.Wed/CDP Grant Activity updated.QVD","-","896","TRUE",FALSE,""
"ESS/CDP/BK/2.Tue/CDP Grant Activity.QVD","-","896","TRUE",FALSE,""
"ESS/CDP/BK/3.Wed/CDP Grant Activity.QVD","-","896","TRUE",FALSE,""
"ESS/CDP/BK/2.Tue/CDP Grant Detail.QVD","-","896","TRUE",FALSE,""
"ESS/CDP/BK/3.Wed/CDP Grant Detail.QVD","-","896","TRUE",FALSE,""
"ESS/CDP/BK/2.Tue/CDP Grant Estimated Expenditure FY.QVD","-","896","TRUE",FALSE,""
"ESS/CDP/BK/3.Wed/CDP Grant Estimated Expenditure FY.QVD","-","896","TRUE",FALSE,""
"ESS/CDP/BK/2.Tue/CDP Grants List.QVD","-","896","TRUE",FALSE,""
"ESS/CDP/BK/3.Wed/CDP Grants List.QVD","-","896","TRUE",FALSE,""
"ESS/CDP/BK/2.Tue/CDP Job Plan Activity Detail.QVD","-","896","TRUE",FALSE,""
"ESS/CDP/BK/3.Wed/CDP Job Plan Activity Detail.QVD","-","896","TRUE",FALSE,""
"ESS/CDP/BK/2.Tue/CDP Job Plan Activity.QVD","-","896","TRUE",FALSE,""
"ESS/CDP/BK/3.Wed/CDP Job Plan Activity.QVD","-","896","TRUE",FALSE,""
"ESS/CDP/BK/2.Tue/CDP Job Plan Assistance.QVD","-","896","TRUE",FALSE,""
"ESS/CDP/BK/3.Wed/CDP Job Plan Assistance.QVD","-","896","TRUE",FALSE,""
"ESS/CDP/BK/2.Tue/CDP Job Plan.QVD","-","896","TRUE",FALSE,""
"ESS/CDP/BK/3.Wed/CDP Job Plan.QVD","-","896","TRUE",FALSE,""
"ESS/CDP/BK/2.Tue/CDP Job Seeker Appointment.QVD","-","896","TRUE",FALSE,""
"ESS/CDP/BK/3.Wed/CDP Job Seeker Appointment.QVD","-","896","TRUE",FALSE,""
"ESS/CDP/BK/2.Tue/CDP Job Seeker Assessment.QVD","-","896","TRUE",FALSE,""
"ESS/CDP/BK/3.Wed/CDP Job Seeker Assessment.QVD","-","896","TRUE",FALSE,""
"ESS/CDP/BK/2.Tue/CDP Job Seeker At Event.QVD","-","896","TRUE",FALSE,""
"ESS/CDP/BK/3.Wed/CDP Job Seeker At Event.QVD","-","896","TRUE",FALSE,""
"ESS/CDP/BK/2.Tue/CDP Job Seeker Characteristics.QVD","-","896","TRUE",FALSE,""
"ESS/CDP/BK/3.Wed/CDP Job Seeker Characteristics.QVD","-","896","TRUE",FALSE,""
"ESS/CDP/BK/2.Tue/CDP Job Seeker Diary.QVD","-","896","TRUE",FALSE,""
"ESS/CDP/BK/2.Tue/CDP Job Seeker Geocoded.QVD","-","896","TRUE",FALSE,""
"ESS/CDP/BK/3.Wed/CDP Job Seeker Geocoded.QVD","-","896","TRUE",FALSE,""
"ESS/CDP/BK/2.Tue/CDP Job Seeker.QVD","-","896","TRUE",FALSE,""
"ESS/CDP/BK/3.Wed/CDP Job Seeker.QVD","-","896","TRUE",FALSE,""
"ESS/CDP/BK/2.Tue/CDP JSCI Classification Question & Response.QVD","-","896","TRUE",FALSE,""
"ESS/CDP/BK/3.Wed/CDP JSCI Classification Question & Response.QVD","-","896","TRUE",FALSE,""
"ESS/CDP/BK/2.Tue/CDP JSCI Classification.QVD","-","896","TRUE",FALSE,""
"ESS/CDP/BK/3.Wed/CDP JSCI Classification.QVD","-","896","TRUE",FALSE,""
"ESS/CDP/BK/2.Tue/CDP Organisation.QVD","-","896","TRUE",FALSE,""
"ESS/CDP/BK/3.Wed/CDP Organisation.QVD","-","896","TRUE",FALSE,""
"ESS/CDP/BK/2.Tue/CDP PPR Result History.QVD","-","896","TRUE",FALSE,""
"ESS/CDP/BK/3.Wed/CDP PPR Result History.QVD","-","896","TRUE",FALSE,""
"ESS/CDP/BK/2.Tue/CDP Region.QVD","-","896","TRUE",FALSE,""
"ESS/CDP/BK/3.Wed/CDP Region.QVD","-","896","TRUE",FALSE,""
"ESS/CDP/BK/2.Tue/CDP Site Contract.QVD","-","896","TRUE",FALSE,""
"ESS/CDP/BK/3.Wed/CDP Site Contract.QVD","-","896","TRUE",FALSE,""
"ESS/CDP/BK/2.Tue/CDP Vacancy Referral.QVD","-","896","TRUE",FALSE,""
"ESS/CDP/BK/3.Wed/CDP Vacancy Referral.QVD","-","896","TRUE",FALSE,""
"ESS/CDP/BK/2.Tue/CDP Vacancy.QVD","-","896","TRUE",FALSE,""
"ESS/CDP/BK/3.Wed/CDP Vacancy.QVD","-","896","TRUE",FALSE,""
"ESS/IEP/BK/2.Tue/CDP_Contract_Referral_Placement.QVD","-","896","TRUE",FALSE,""
"ESS/IEP/BK/3.Wed/CDP_Contract_Referral_Placement.QVD","-","896","TRUE",FALSE,""
"ESS/IEP/BK/2.Tue/CDP_Job_Seeker.QVD","-","896","TRUE",FALSE,""
"ESS/IEP/BK/3.Wed/CDP_Job_Seeker.QVD","-","896","TRUE",FALSE,""
"ESS/IEP/BK/2.Tue/IEP_Activity_Contact.QVD","-","896","TRUE",FALSE,""
"ESS/IEP/BK/3.Wed/IEP_Activity_Contact.QVD","-","896","TRUE",FALSE,""
"ESS/IEP/BK/2.Tue/IEP_Activity_Expenditure.QVD","-","896","TRUE",FALSE,""
"ESS/IEP/BK/3.Wed/IEP_Activity_Expenditure.QVD","-","896","TRUE",FALSE,""
"ESS/IEP/BK/2.Tue/IEP_Activity.QVD","-","896","TRUE",FALSE,""
"ESS/IEP/BK/3.Wed/IEP_Activity.QVD","-","896","TRUE",FALSE,""
"ESS/IEP/BK/2.Tue/IEP_Claim_Payments.QVD","-","896","TRUE",FALSE,""
"ESS/IEP/BK/3.Wed/IEP_Claim_Payments.QVD","-","896","TRUE",FALSE,""
"ESS/IEP/BK/2.Tue/IEP_Job_Seeker.QVD","-","896","TRUE",FALSE,""
"ESS/IEP/BK/3.Wed/IEP_Job_Seeker.QVD","-","896","TRUE",FALSE,""
"ESS/IEP/BK/2.Tue/IEP_LOCATIONS.QVD","-","896","TRUE",FALSE,""
"ESS/IEP/BK/3.Wed/IEP_LOCATIONS.QVD","-","896","TRUE",FALSE,""
"ESS/IEP/BK/2.Tue/IEP_Outcome.QVD","-","896","TRUE",FALSE,""
"ESS/IEP/BK/3.Wed/IEP_Outcome.QVD","-","896","TRUE",FALSE,""
"ESS/IEP/BK/2.Tue/IEP_Placement.QVD","-","896","TRUE",FALSE,""
"ESS/IEP/BK/3.Wed/IEP_Placement.QVD","-","896","TRUE",FALSE,""
"ESS/IEP/BK/2.Tue/IEP_Provider.QVD","-","896","TRUE",FALSE,""
"ESS/IEP/BK/3.Wed/IEP_Provider.QVD","-","896","TRUE",FALSE,""
"ESS/CDP/BK/2.Tue/NIAA Staff.QVD","-","896","TRUE",FALSE,""
"ESS/CDP/BK/3.Wed/NIAA Staff.QVD","-","896","TRUE",FALSE,""
"ESS/CDP/BK/2.Tue/TWES Claim.QVD","-","896","TRUE",FALSE,""
"ESS/CDP/BK/3.Wed/TWES Claim.QVD","-","896","TRUE",FALSE,""
"ESS/CDP/BK/2.Tue/TWES CRP.QVD","-","896","TRUE",FALSE,""
"ESS/CDP/BK/3.Wed/TWES CRP.QVD","-","896","TRUE",FALSE,""
"ESS/CDP/BK/2.Tue/TWES ESAT.QVD","-","896","TRUE",FALSE,""
"ESS/CDP/BK/3.Wed/TWES ESAT.QVD","-","896","TRUE",FALSE,""
"ESS/CDP/BK/2.Tue/TWES Job Seeker.QVD","-","896","TRUE",FALSE,""
"ESS/CDP/BK/3.Wed/TWES Job Seeker.QVD","-","896","TRUE",FALSE,""
"ESS/CDP/BK/2.Tue/TWES JSCI.QVD","-","896","TRUE",FALSE,""
"ESS/CDP/BK/3.Wed/TWES JSCI.QVD","-","896","TRUE",FALSE,""
"ESS/CDP/BK/2.Tue/TWES Site Contract.QVD","-","896","TRUE",FALSE,""
"ESS/CDP/BK/3.Wed/TWES Site Contract.QVD","-","896","TRUE",FALSE,""
"ESS/CDP/BK/2.Tue/TWES Transition Plan.QVD","-","896","TRUE",FALSE,""
"ESS/CDP/BK/3.Wed/TWES Transition Plan.QVD","-","896","TRUE",FALSE,""
"NDIA/Temp/NDIS Funding by Individual.QVD","-","896","TRUE",TRUE,"no-sql-select"
"NDIA/Temp/NDIS Funding by Location.QVD","-","896","TRUE",TRUE,"no-sql-select"
"NDIA/Temp/QVD_List.QVD","-","896","TRUE",FALSE,""
"ESS/IEP/Temp/QVD_BUILDER_TASK_LOG.QVD","-","896","TRUE",FALSE,""
"ESS/CDP/CDP Activity Attendance Key Data.QVD","-","903","TRUE",FALSE,""
"ESS/CDP/BK/1.Mon/CDP Activity Attendance Key Data.QVD","-","904","TRUE",FALSE,""
"ESS/CDP/BK/1.Mon/CDP Activity Attendance Result.QVD","-","904","TRUE",FALSE,""
"ESS/CDP/BK/1.Mon/CDP Activity Attendance.QVD","-","904","TRUE",FALSE,""
"ESS/CDP/BK/1.Mon/CDP Activity Referral Placement.QVD","-","904","TRUE",FALSE,""
"ESS/CDP/BK/1.Mon/CDP Activity.QVD","-","904","TRUE",FALSE,""
"ESS/CDP/BK/1.Mon/CDP Age Group.QVD","-","904","TRUE",FALSE,""
"ESS/CDP/BK/1.Mon/CDP API Subs Data Currency.QVD","-","904","TRUE",FALSE,""
"ESS/CDP/BK/1.Mon/CDP Barrier Job Plan Activity Link.QVD","-","904","TRUE",FALSE,""
"ESS/CDP/BK/1.Mon/CDP Barrier Job Plan Assistance Link.QVD","-","904","TRUE",FALSE,""
"ESS/CDP/BK/1.Mon/CDP Barrier.QVD","-","904","TRUE",FALSE,""
"ESS/CDP/BK/1.Mon/CDP Caseload.QVD","-","904","TRUE",FALSE,""
"ESS/CDP/BK/1.Mon/CDP Claim.QVD","-","904","TRUE",FALSE,""
"ESS/CDP/BK/1.Mon/CDP Contract.QVD","-","904","TRUE",FALSE,""
"ESS/CDP/BK/1.Mon/CDP Employment Placement History.QVD","-","904","TRUE",FALSE,""
"ESS/CDP/BK/1.Mon/CDP Employment Placement.QVD","-","904","TRUE",FALSE,""
"ESS/CDP/BK/1.Mon/CDP Estimated Grant Value FY.QVD","-","904","TRUE",FALSE,""
"ESS/CDP/BK/1.Mon/CDP Grant Activity Site Location.QVD","-","904","TRUE",FALSE,""
"ESS/CDP/BK/1.Mon/CDP Grant Activity updated.QVD","-","904","TRUE",FALSE,""
"ESS/CDP/BK/1.Mon/CDP Grant Activity.QVD","-","904","TRUE",FALSE,""
"ESS/CDP/BK/1.Mon/CDP Grant Detail.QVD","-","904","TRUE",FALSE,""
"ESS/CDP/BK/1.Mon/CDP Grant Estimated Expenditure FY.QVD","-","904","TRUE",FALSE,""
"ESS/CDP/BK/1.Mon/CDP Grants List.QVD","-","904","TRUE",FALSE,""
"ESS/CDP/BK/1.Mon/CDP Job Plan Activity Detail.QVD","-","904","TRUE",FALSE,""
"ESS/CDP/BK/1.Mon/CDP Job Plan Activity.QVD","-","904","TRUE",FALSE,""
"ESS/CDP/BK/1.Mon/CDP Job Plan Assistance.QVD","-","904","TRUE",FALSE,""
"ESS/CDP/BK/1.Mon/CDP Job Plan.QVD","-","904","TRUE",FALSE,""
"ESS/CDP/BK/1.Mon/CDP Job Seeker Appointment.QVD","-","904","TRUE",FALSE,""
"ESS/CDP/BK/1.Mon/CDP Job Seeker Assessment.QVD","-","904","TRUE",FALSE,""
"ESS/CDP/BK/1.Mon/CDP Job Seeker Characteristics.QVD","-","904","TRUE",FALSE,""
"ESS/CDP/BK/1.Mon/CDP Job Seeker Geocoded.QVD","-","904","TRUE",FALSE,""
"ESS/CDP/BK/1.Mon/CDP Job Seeker.QVD","-","904","TRUE",FALSE,""
"ESS/CDP/BK/1.Mon/CDP JSCI Classification Question & Response.QVD","-","904","TRUE",FALSE,""
"ESS/CDP/BK/1.Mon/CDP JSCI Classification.QVD","-","904","TRUE",FALSE,""
"ESS/CDP/BK/1.Mon/CDP Organisation.QVD","-","904","TRUE",FALSE,""
"ESS/CDP/BK/1.Mon/CDP PPR Result History.QVD","-","904","TRUE",FALSE,""
"ESS/CDP/BK/1.Mon/CDP Region.QVD","-","904","TRUE",FALSE,""
"ESS/CDP/BK/1.Mon/CDP Site Contract.QVD","-","904","TRUE",FALSE,""
"ESS/CDP/BK/1.Mon/CDP Vacancy Referral.QVD","-","904","TRUE",FALSE,""
"ESS/CDP/BK/1.Mon/CDP Vacancy.QVD","-","904","TRUE",FALSE,""
"ESS/IEP/Snapshots/CDP_Contract_Referral_Placement_20220228.QVD","-","904","TRUE",FALSE,""
"ESS/IEP/Snapshots/CDP_Contract_Referral_Placement_20220331.QVD","-","904","TRUE",FALSE,""
"ESS/IEP/Snapshots/CDP_Contract_Referral_Placement_20220430.QVD","-","904","TRUE",FALSE,""
"ESS/IEP/Snapshots/CDP_Contract_Referral_Placement_20220531.QVD","-","904","TRUE",FALSE,""
"ESS/IEP/Snapshots/CDP_Contract_Referral_Placement_20220630.QVD","-","904","TRUE",FALSE,""
"ESS/IEP/Snapshots/CDP_Contract_Referral_Placement_20220731.QVD","-","904","TRUE",FALSE,""
"ESS/IEP/Snapshots/CDP_Contract_Referral_Placement_20220831.QVD","-","904","TRUE",FALSE,""
"ESS/IEP/Snapshots/CDP_Contract_Referral_Placement_20220930.QVD","-","904","TRUE",FALSE,""
"ESS/IEP/Snapshots/CDP_Contract_Referral_Placement_20221031.QVD","-","904","TRUE",FALSE,""
"ESS/IEP/Snapshots/CDP_Contract_Referral_Placement_20221130.QVD","-","904","TRUE",FALSE,""
"ESS/IEP/Snapshots/CDP_Contract_Referral_Placement_20221231.QVD","-","904","TRUE",FALSE,""
"ESS/IEP/Snapshots/CDP_Contract_Referral_Placement_20230131.QVD","-","904","TRUE",FALSE,""
"ESS/IEP/Snapshots/CDP_Contract_Referral_Placement_20230228.QVD","-","904","TRUE",FALSE,""
"ESS/IEP/Snapshots/CDP_Contract_Referral_Placement_20230331.QVD","-","904","TRUE",FALSE,""
"ESS/IEP/Snapshots/CDP_Contract_Referral_Placement_20230430.QVD","-","904","TRUE",FALSE,""
"ESS/IEP/Snapshots/CDP_Contract_Referral_Placement_20230531.QVD","-","904","TRUE",FALSE,""
"ESS/IEP/Snapshots/CDP_Contract_Referral_Placement_20230630.QVD","-","904","TRUE",FALSE,""
"ESS/IEP/Snapshots/CDP_Contract_Referral_Placement_20230731.QVD","-","904","TRUE",FALSE,""
"ESS/IEP/Snapshots/CDP_Contract_Referral_Placement_20230831.QVD","-","904","TRUE",FALSE,""
"ESS/IEP/Snapshots/CDP_Contract_Referral_Placement_20230930.QVD","-","904","TRUE",FALSE,""
"ESS/IEP/Snapshots/CDP_Contract_Referral_Placement_20231031.QVD","-","904","TRUE",FALSE,""
"ESS/IEP/Snapshots/CDP_Contract_Referral_Placement_20231130.QVD","-","904","TRUE",FALSE,""
"ESS/IEP/Snapshots/CDP_Contract_Referral_Placement_20231231.QVD","-","904","TRUE",FALSE,""
"ESS/IEP/Snapshots/CDP_Contract_Referral_Placement_20240131.QVD","-","904","TRUE",FALSE,""
"ESS/IEP/Snapshots/CDP_Contract_Referral_Placement_20240229.QVD","-","904","TRUE",FALSE,""
"ESS/IEP/BK/1.Mon/CDP_Contract_Referral_Placement.QVD","-","904","TRUE",FALSE,""
"ESS/IEP/Snapshots/CDP_Job_Seeker_20220228.QVD","-","904","TRUE",FALSE,""
"ESS/IEP/Snapshots/CDP_Job_Seeker_20220331.QVD","-","904","TRUE",FALSE,""
"ESS/IEP/Snapshots/CDP_Job_Seeker_20220430.QVD","-","904","TRUE",FALSE,""
"ESS/IEP/Snapshots/CDP_Job_Seeker_20220531.QVD","-","904","TRUE",FALSE,""
"ESS/IEP/Snapshots/CDP_Job_Seeker_20220630.QVD","-","904","TRUE",FALSE,""
"ESS/IEP/Snapshots/CDP_Job_Seeker_20220731.QVD","-","904","TRUE",FALSE,""
"ESS/IEP/Snapshots/CDP_Job_Seeker_20220831.QVD","-","904","TRUE",FALSE,""
"ESS/IEP/Snapshots/CDP_Job_Seeker_20220930.QVD","-","904","TRUE",FALSE,""
"ESS/IEP/Snapshots/CDP_Job_Seeker_20221031.QVD","-","904","TRUE",FALSE,""
"ESS/IEP/Snapshots/CDP_Job_Seeker_20221130.QVD","-","904","TRUE",FALSE,""
"ESS/IEP/Snapshots/CDP_Job_Seeker_20221231.QVD","-","904","TRUE",FALSE,""
"ESS/IEP/Snapshots/CDP_Job_Seeker_20230131.QVD","-","904","TRUE",FALSE,""
"ESS/IEP/Snapshots/CDP_Job_Seeker_20230228.QVD","-","904","TRUE",FALSE,""
"ESS/IEP/Snapshots/CDP_Job_Seeker_20230331.QVD","-","904","TRUE",FALSE,""
"ESS/IEP/Snapshots/CDP_Job_Seeker_20230430.QVD","-","904","TRUE",FALSE,""
"ESS/IEP/Snapshots/CDP_Job_Seeker_20230531.QVD","-","904","TRUE",FALSE,""
"ESS/IEP/Snapshots/CDP_Job_Seeker_20230630.QVD","-","904","TRUE",FALSE,""
"ESS/IEP/Snapshots/CDP_Job_Seeker_20230731.QVD","-","904","TRUE",FALSE,""
"ESS/IEP/Snapshots/CDP_Job_Seeker_20230831.QVD","-","904","TRUE",FALSE,""
"ESS/IEP/Snapshots/CDP_Job_Seeker_20230930.QVD","-","904","TRUE",FALSE,""
"ESS/IEP/Snapshots/CDP_Job_Seeker_20231031.QVD","-","904","TRUE",FALSE,""
"ESS/IEP/Snapshots/CDP_Job_Seeker_20231130.QVD","-","904","TRUE",FALSE,""
"ESS/IEP/Snapshots/CDP_Job_Seeker_20231231.QVD","-","904","TRUE",FALSE,""
"ESS/IEP/Snapshots/CDP_Job_Seeker_20240131.QVD","-","904","TRUE",FALSE,""
"ESS/IEP/Snapshots/CDP_Job_Seeker_20240229.QVD","-","904","TRUE",FALSE,""
"ESS/IEP/BK/1.Mon/CDP_Job_Seeker.QVD","-","904","TRUE",FALSE,""
"ESS/IEP/Snapshots/IEP_Activity_20220228.QVD","-","904","TRUE",FALSE,""
"ESS/IEP/Snapshots/IEP_Activity_20220331.QVD","-","904","TRUE",FALSE,""
"ESS/IEP/Snapshots/IEP_Activity_20220430.QVD","-","904","TRUE",FALSE,""
"ESS/IEP/Snapshots/IEP_Activity_20220531.QVD","-","904","TRUE",FALSE,""
"ESS/IEP/Snapshots/IEP_Activity_20220630.QVD","-","904","TRUE",FALSE,""
"ESS/IEP/Snapshots/IEP_Activity_20220731.QVD","-","904","TRUE",FALSE,""
"ESS/IEP/Snapshots/IEP_Activity_20220831.QVD","-","904","TRUE",FALSE,""
"ESS/IEP/Snapshots/IEP_Activity_20220930.QVD","-","904","TRUE",FALSE,""
"ESS/IEP/Snapshots/IEP_Activity_20221031.QVD","-","904","TRUE",FALSE,""
"ESS/IEP/Snapshots/IEP_Activity_20221130.QVD","-","904","TRUE",FALSE,""
"ESS/IEP/Snapshots/IEP_Activity_20221231.QVD","-","904","TRUE",FALSE,""
"ESS/IEP/Snapshots/IEP_Activity_20230131.QVD","-","904","TRUE",FALSE,""
"ESS/IEP/Snapshots/IEP_Activity_20230228.QVD","-","904","TRUE",FALSE,""
"ESS/IEP/Snapshots/IEP_Activity_20230331.QVD","-","904","TRUE",FALSE,""
"ESS/IEP/Snapshots/IEP_Activity_20230430.QVD","-","904","TRUE",FALSE,""
"ESS/IEP/Snapshots/IEP_Activity_20230531.QVD","-","904","TRUE",FALSE,""
"ESS/IEP/Snapshots/IEP_Activity_20230630.QVD","-","904","TRUE",FALSE,""
"ESS/IEP/Snapshots/IEP_Activity_20230731.QVD","-","904","TRUE",FALSE,""
"ESS/IEP/Snapshots/IEP_Activity_20230831.QVD","-","904","TRUE",FALSE,""
"ESS/IEP/Snapshots/IEP_Activity_20230930.QVD","-","904","TRUE",FALSE,""
"ESS/IEP/Snapshots/IEP_Activity_20231031.QVD","-","904","TRUE",FALSE,""
"ESS/IEP/Snapshots/IEP_Activity_20231130.QVD","-","904","TRUE",FALSE,""
"ESS/IEP/Snapshots/IEP_Activity_20231231.QVD","-","904","TRUE",FALSE,""
"ESS/IEP/Snapshots/IEP_Activity_20240131.QVD","-","904","TRUE",FALSE,""
"ESS/IEP/Snapshots/IEP_Activity_20240229.QVD","-","904","TRUE",FALSE,""
"ESS/IEP/Snapshots/IEP_Activity_Contact_20220228.QVD","-","904","TRUE",FALSE,""
"ESS/IEP/Snapshots/IEP_Activity_Contact_20220331.QVD","-","904","TRUE",FALSE,""
"ESS/IEP/Snapshots/IEP_Activity_Contact_20220430.QVD","-","904","TRUE",FALSE,""
"ESS/IEP/Snapshots/IEP_Activity_Contact_20220531.QVD","-","904","TRUE",FALSE,""
"ESS/IEP/Snapshots/IEP_Activity_Contact_20220630.QVD","-","904","TRUE",FALSE,""
"ESS/IEP/Snapshots/IEP_Activity_Contact_20220731.QVD","-","904","TRUE",FALSE,""
"ESS/IEP/Snapshots/IEP_Activity_Contact_20220831.QVD","-","904","TRUE",FALSE,""
"ESS/IEP/Snapshots/IEP_Activity_Contact_20220930.QVD","-","904","TRUE",FALSE,""
"ESS/IEP/Snapshots/IEP_Activity_Contact_20221031.QVD","-","904","TRUE",FALSE,""
"ESS/IEP/Snapshots/IEP_Activity_Contact_20221130.QVD","-","904","TRUE",FALSE,""
"ESS/IEP/Snapshots/IEP_Activity_Contact_20221231.QVD","-","904","TRUE",FALSE,""
"ESS/IEP/Snapshots/IEP_Activity_Contact_20230131.QVD","-","904","TRUE",FALSE,""
"ESS/IEP/Snapshots/IEP_Activity_Contact_20230228.QVD","-","904","TRUE",FALSE,""
"ESS/IEP/Snapshots/IEP_Activity_Contact_20230331.QVD","-","904","TRUE",FALSE,""
"ESS/IEP/Snapshots/IEP_Activity_Contact_20230430.QVD","-","904","TRUE",FALSE,""
"ESS/IEP/Snapshots/IEP_Activity_Contact_20230531.QVD","-","904","TRUE",FALSE,""
"ESS/IEP/Snapshots/IEP_Activity_Contact_20230630.QVD","-","904","TRUE",FALSE,""
"ESS/IEP/Snapshots/IEP_Activity_Contact_20230731.QVD","-","904","TRUE",FALSE,""
"ESS/IEP/Snapshots/IEP_Activity_Contact_20230831.QVD","-","904","TRUE",FALSE,""
"ESS/IEP/Snapshots/IEP_Activity_Contact_20230930.QVD","-","904","TRUE",FALSE,""
"ESS/IEP/Snapshots/IEP_Activity_Contact_20231031.QVD","-","904","TRUE",FALSE,""
"ESS/IEP/Snapshots/IEP_Activity_Contact_20231130.QVD","-","904","TRUE",FALSE,""
"ESS/IEP/Snapshots/IEP_Activity_Contact_20231231.QVD","-","904","TRUE",FALSE,""
"ESS/IEP/Snapshots/IEP_Activity_Contact_20240131.QVD","-","904","TRUE",FALSE,""
"ESS/IEP/Snapshots/IEP_Activity_Contact_20240229.QVD","-","904","TRUE",FALSE,""
"ESS/IEP/BK/1.Mon/IEP_Activity_Contact.QVD","-","904","TRUE",FALSE,""
"ESS/IEP/Snapshots/IEP_Activity_Expenditure_20220228.QVD","-","904","TRUE",FALSE,""
"ESS/IEP/Snapshots/IEP_Activity_Expenditure_20220331.QVD","-","904","TRUE",FALSE,""
"ESS/IEP/Snapshots/IEP_Activity_Expenditure_20220430.QVD","-","904","TRUE",FALSE,""
"ESS/IEP/Snapshots/IEP_Activity_Expenditure_20220531.QVD","-","904","TRUE",FALSE,""
"ESS/IEP/Snapshots/IEP_Activity_Expenditure_20220630.QVD","-","904","TRUE",FALSE,""
"ESS/IEP/Snapshots/IEP_Activity_Expenditure_20220731.QVD","-","904","TRUE",FALSE,""
"ESS/IEP/Snapshots/IEP_Activity_Expenditure_20220831.QVD","-","904","TRUE",FALSE,""
"ESS/IEP/Snapshots/IEP_Activity_Expenditure_20220930.QVD","-","904","TRUE",FALSE,""
"ESS/IEP/Snapshots/IEP_Activity_Expenditure_20221031.QVD","-","904","TRUE",FALSE,""
"ESS/IEP/Snapshots/IEP_Activity_Expenditure_20221130.QVD","-","904","TRUE",FALSE,""
"ESS/IEP/Snapshots/IEP_Activity_Expenditure_20221231.QVD","-","904","TRUE",FALSE,""
"ESS/IEP/Snapshots/IEP_Activity_Expenditure_20230131.QVD","-","904","TRUE",FALSE,""
"ESS/IEP/Snapshots/IEP_Activity_Expenditure_20230228.QVD","-","904","TRUE",FALSE,""
"ESS/IEP/Snapshots/IEP_Activity_Expenditure_20230331.QVD","-","904","TRUE",FALSE,""
"ESS/IEP/Snapshots/IEP_Activity_Expenditure_20230430.QVD","-","904","TRUE",FALSE,""
"ESS/IEP/Snapshots/IEP_Activity_Expenditure_20230531.QVD","-","904","TRUE",FALSE,""
"ESS/IEP/Snapshots/IEP_Activity_Expenditure_20230630.QVD","-","904","TRUE",FALSE,""
"ESS/IEP/Snapshots/IEP_Activity_Expenditure_20230731.QVD","-","904","TRUE",FALSE,""
"ESS/IEP/Snapshots/IEP_Activity_Expenditure_20230831.QVD","-","904","TRUE",FALSE,""
"ESS/IEP/Snapshots/IEP_Activity_Expenditure_20230930.QVD","-","904","TRUE",FALSE,""
"ESS/IEP/Snapshots/IEP_Activity_Expenditure_20231031.QVD","-","904","TRUE",FALSE,""
"ESS/IEP/Snapshots/IEP_Activity_Expenditure_20231130.QVD","-","904","TRUE",FALSE,""
"ESS/IEP/Snapshots/IEP_Activity_Expenditure_20231231.QVD","-","904","TRUE",FALSE,""
"ESS/IEP/Snapshots/IEP_Activity_Expenditure_20240131.QVD","-","904","TRUE",FALSE,""
"ESS/IEP/Snapshots/IEP_Activity_Expenditure_20240229.QVD","-","904","TRUE",FALSE,""
"ESS/IEP/BK/1.Mon/IEP_Activity_Expenditure.QVD","-","904","TRUE",FALSE,""
"ESS/IEP/BK/1.Mon/IEP_Activity.QVD","-","904","TRUE",FALSE,""
"ESS/IEP/Snapshots/IEP_Claim_Payments_20220228.QVD","-","904","TRUE",FALSE,""
"ESS/IEP/Snapshots/IEP_Claim_Payments_20220331.QVD","-","904","TRUE",FALSE,""
"ESS/IEP/Snapshots/IEP_Claim_Payments_20220430.QVD","-","904","TRUE",FALSE,""
"ESS/IEP/Snapshots/IEP_Claim_Payments_20220531.QVD","-","904","TRUE",FALSE,""
"ESS/IEP/Snapshots/IEP_Claim_Payments_20220630.QVD","-","904","TRUE",FALSE,""
"ESS/IEP/Snapshots/IEP_Claim_Payments_20220731.QVD","-","904","TRUE",FALSE,""
"ESS/IEP/Snapshots/IEP_Claim_Payments_20220831.QVD","-","904","TRUE",FALSE,""
"ESS/IEP/Snapshots/IEP_Claim_Payments_20220930.QVD","-","904","TRUE",FALSE,""
"ESS/IEP/Snapshots/IEP_Claim_Payments_20221031.QVD","-","904","TRUE",FALSE,""
"ESS/IEP/Snapshots/IEP_Claim_Payments_20221130.QVD","-","904","TRUE",FALSE,""
"ESS/IEP/Snapshots/IEP_Claim_Payments_20221231.QVD","-","904","TRUE",FALSE,""
"ESS/IEP/Snapshots/IEP_Claim_Payments_20230131.QVD","-","904","TRUE",FALSE,""
"ESS/IEP/Snapshots/IEP_Claim_Payments_20230228.QVD","-","904","TRUE",FALSE,""
"ESS/IEP/Snapshots/IEP_Claim_Payments_20230331.QVD","-","904","TRUE",FALSE,""
"ESS/IEP/Snapshots/IEP_Claim_Payments_20230430.QVD","-","904","TRUE",FALSE,""
"ESS/IEP/Snapshots/IEP_Claim_Payments_20230531.QVD","-","904","TRUE",FALSE,""
"ESS/IEP/Snapshots/IEP_Claim_Payments_20230630.QVD","-","904","TRUE",FALSE,""
"ESS/IEP/Snapshots/IEP_Claim_Payments_20230731.QVD","-","904","TRUE",FALSE,""
"ESS/IEP/Snapshots/IEP_Claim_Payments_20230831.QVD","-","904","TRUE",FALSE,""
"ESS/IEP/Snapshots/IEP_Claim_Payments_20230930.QVD","-","904","TRUE",FALSE,""
"ESS/IEP/Snapshots/IEP_Claim_Payments_20231031.QVD","-","904","TRUE",FALSE,""
"ESS/IEP/Snapshots/IEP_Claim_Payments_20231130.QVD","-","904","TRUE",FALSE,""
"ESS/IEP/Snapshots/IEP_Claim_Payments_20231231.QVD","-","904","TRUE",FALSE,""
"ESS/IEP/Snapshots/IEP_Claim_Payments_20240131.QVD","-","904","TRUE",FALSE,""
"ESS/IEP/Snapshots/IEP_Claim_Payments_20240229.QVD","-","904","TRUE",FALSE,""
"ESS/IEP/BK/1.Mon/IEP_Claim_Payments.QVD","-","904","TRUE",FALSE,""
"ESS/IEP/Snapshots/IEP_Job_Seeker_20220228.QVD","-","904","TRUE",FALSE,""
"ESS/IEP/Snapshots/IEP_Job_Seeker_20220331.QVD","-","904","TRUE",FALSE,""
"ESS/IEP/Snapshots/IEP_Job_Seeker_20220430.QVD","-","904","TRUE",FALSE,""
"ESS/IEP/Snapshots/IEP_Job_Seeker_20220531.QVD","-","904","TRUE",FALSE,""
"ESS/IEP/Snapshots/IEP_Job_Seeker_20220630.QVD","-","904","TRUE",FALSE,""
"ESS/IEP/Snapshots/IEP_Job_Seeker_20220731.QVD","-","904","TRUE",FALSE,""
"ESS/IEP/Snapshots/IEP_Job_Seeker_20220831.QVD","-","904","TRUE",FALSE,""
"ESS/IEP/Snapshots/IEP_Job_Seeker_20220930.QVD","-","904","TRUE",FALSE,""
"ESS/IEP/Snapshots/IEP_Job_Seeker_20221031.QVD","-","904","TRUE",FALSE,""
"ESS/IEP/Snapshots/IEP_Job_Seeker_20221130.QVD","-","904","TRUE",FALSE,""
"ESS/IEP/Snapshots/IEP_Job_Seeker_20221231.QVD","-","904","TRUE",FALSE,""
"ESS/IEP/Snapshots/IEP_Job_Seeker_20230131.QVD","-","904","TRUE",FALSE,""
"ESS/IEP/Snapshots/IEP_Job_Seeker_20230228.QVD","-","904","TRUE",FALSE,""
"ESS/IEP/Snapshots/IEP_Job_Seeker_20230331.QVD","-","904","TRUE",FALSE,""
"ESS/IEP/Snapshots/IEP_Job_Seeker_20230430.QVD","-","904","TRUE",FALSE,""
"ESS/IEP/Snapshots/IEP_Job_Seeker_20230531.QVD","-","904","TRUE",FALSE,""
"ESS/IEP/Snapshots/IEP_Job_Seeker_20230630.QVD","-","904","TRUE",FALSE,""
"ESS/IEP/Snapshots/IEP_Job_Seeker_20230731.QVD","-","904","TRUE",FALSE,""
"ESS/IEP/Snapshots/IEP_Job_Seeker_20230831.QVD","-","904","TRUE",FALSE,""
"ESS/IEP/Snapshots/IEP_Job_Seeker_20230930.QVD","-","904","TRUE",FALSE,""
"ESS/IEP/Snapshots/IEP_Job_Seeker_20231031.QVD","-","904","TRUE",FALSE,""
"ESS/IEP/Snapshots/IEP_Job_Seeker_20231130.QVD","-","904","TRUE",FALSE,""
"ESS/IEP/Snapshots/IEP_Job_Seeker_20231231.QVD","-","904","TRUE",FALSE,""
"ESS/IEP/Snapshots/IEP_Job_Seeker_20240131.QVD","-","904","TRUE",FALSE,""
"ESS/IEP/Snapshots/IEP_Job_Seeker_20240229.QVD","-","904","TRUE",FALSE,""
"ESS/IEP/BK/1.Mon/IEP_Job_Seeker.QVD","-","904","TRUE",FALSE,""
"ESS/IEP/Snapshots/IEP_LOCATIONS_20220228.QVD","-","904","TRUE",FALSE,""
"ESS/IEP/Snapshots/IEP_LOCATIONS_20220331.QVD","-","904","TRUE",FALSE,""
"ESS/IEP/Snapshots/IEP_LOCATIONS_20220430.QVD","-","904","TRUE",FALSE,""
"ESS/IEP/Snapshots/IEP_LOCATIONS_20220531.QVD","-","904","TRUE",FALSE,""
"ESS/IEP/Snapshots/IEP_LOCATIONS_20220630.QVD","-","904","TRUE",FALSE,""
"ESS/IEP/Snapshots/IEP_LOCATIONS_20220731.QVD","-","904","TRUE",FALSE,""
"ESS/IEP/Snapshots/IEP_LOCATIONS_20220831.QVD","-","904","TRUE",FALSE,""
"ESS/IEP/Snapshots/IEP_LOCATIONS_20220930.QVD","-","904","TRUE",FALSE,""
"ESS/IEP/Snapshots/IEP_LOCATIONS_20221031.QVD","-","904","TRUE",FALSE,""
"ESS/IEP/Snapshots/IEP_LOCATIONS_20221130.QVD","-","904","TRUE",FALSE,""
"ESS/IEP/Snapshots/IEP_LOCATIONS_20221231.QVD","-","904","TRUE",FALSE,""
"ESS/IEP/Snapshots/IEP_LOCATIONS_20230131.QVD","-","904","TRUE",FALSE,""
"ESS/IEP/Snapshots/IEP_LOCATIONS_20230228.QVD","-","904","TRUE",FALSE,""
"ESS/IEP/Snapshots/IEP_LOCATIONS_20230331.QVD","-","904","TRUE",FALSE,""
"ESS/IEP/Snapshots/IEP_LOCATIONS_20230430.QVD","-","904","TRUE",FALSE,""
"ESS/IEP/Snapshots/IEP_LOCATIONS_20230531.QVD","-","904","TRUE",FALSE,""
"ESS/IEP/Snapshots/IEP_LOCATIONS_20230630.QVD","-","904","TRUE",FALSE,""
"ESS/IEP/Snapshots/IEP_LOCATIONS_20230731.QVD","-","904","TRUE",FALSE,""
"ESS/IEP/Snapshots/IEP_LOCATIONS_20230831.QVD","-","904","TRUE",FALSE,""
"ESS/IEP/Snapshots/IEP_LOCATIONS_20230930.QVD","-","904","TRUE",FALSE,""
"ESS/IEP/Snapshots/IEP_LOCATIONS_20231031.QVD","-","904","TRUE",FALSE,""
"ESS/IEP/Snapshots/IEP_LOCATIONS_20231130.QVD","-","904","TRUE",FALSE,""
"ESS/IEP/Snapshots/IEP_LOCATIONS_20231231.QVD","-","904","TRUE",FALSE,""
"ESS/IEP/Snapshots/IEP_LOCATIONS_20240131.QVD","-","904","TRUE",FALSE,""
"ESS/IEP/Snapshots/IEP_LOCATIONS_20240229.QVD","-","904","TRUE",FALSE,""
"ESS/IEP/BK/1.Mon/IEP_LOCATIONS.QVD","-","904","TRUE",FALSE,""
"ESS/IEP/Snapshots/IEP_Outcome_20220228.QVD","-","904","TRUE",FALSE,""
"ESS/IEP/Snapshots/IEP_Outcome_20220331.QVD","-","904","TRUE",FALSE,""
"ESS/IEP/Snapshots/IEP_Outcome_20220430.QVD","-","904","TRUE",FALSE,""
"ESS/IEP/Snapshots/IEP_Outcome_20220531.QVD","-","904","TRUE",FALSE,""
"ESS/IEP/Snapshots/IEP_Outcome_20220630.QVD","-","904","TRUE",FALSE,""
"ESS/IEP/Snapshots/IEP_Outcome_20220731.QVD","-","904","TRUE",FALSE,""
"ESS/IEP/Snapshots/IEP_Outcome_20220831.QVD","-","904","TRUE",FALSE,""
"ESS/IEP/Snapshots/IEP_Outcome_20220930.QVD","-","904","TRUE",FALSE,""
"ESS/IEP/Snapshots/IEP_Outcome_20221031.QVD","-","904","TRUE",FALSE,""
"ESS/IEP/Snapshots/IEP_Outcome_20221130.QVD","-","904","TRUE",FALSE,""
"ESS/IEP/Snapshots/IEP_Outcome_20221231.QVD","-","904","TRUE",FALSE,""
"ESS/IEP/Snapshots/IEP_Outcome_20230131.QVD","-","904","TRUE",FALSE,""
"ESS/IEP/Snapshots/IEP_Outcome_20230228.QVD","-","904","TRUE",FALSE,""
"ESS/IEP/Snapshots/IEP_Outcome_20230331.QVD","-","904","TRUE",FALSE,""
"ESS/IEP/Snapshots/IEP_Outcome_20230430.QVD","-","904","TRUE",FALSE,""
"ESS/IEP/Snapshots/IEP_Outcome_20230531.QVD","-","904","TRUE",FALSE,""
"ESS/IEP/Snapshots/IEP_Outcome_20230630.QVD","-","904","TRUE",FALSE,""
"ESS/IEP/Snapshots/IEP_Outcome_20230731.QVD","-","904","TRUE",FALSE,""
"ESS/IEP/Snapshots/IEP_Outcome_20230831.QVD","-","904","TRUE",FALSE,""
"ESS/IEP/Snapshots/IEP_Outcome_20230930.QVD","-","904","TRUE",FALSE,""
"ESS/IEP/Snapshots/IEP_Outcome_20231031.QVD","-","904","TRUE",FALSE,""
"ESS/IEP/Snapshots/IEP_Outcome_20231130.QVD","-","904","TRUE",FALSE,""
"ESS/IEP/Snapshots/IEP_Outcome_20231231.QVD","-","904","TRUE",FALSE,""
"ESS/IEP/Snapshots/IEP_Outcome_20240131.QVD","-","904","TRUE",FALSE,""
"ESS/IEP/Snapshots/IEP_Outcome_20240229.QVD","-","904","TRUE",FALSE,""
"ESS/IEP/BK/1.Mon/IEP_Outcome.QVD","-","904","TRUE",FALSE,""
"ESS/IEP/Snapshots/IEP_Placement_20220228.QVD","-","904","TRUE",FALSE,""
"ESS/IEP/Snapshots/IEP_Placement_20220331.QVD","-","904","TRUE",FALSE,""
"ESS/IEP/Snapshots/IEP_Placement_20220430.QVD","-","904","TRUE",FALSE,""
"ESS/IEP/Snapshots/IEP_Placement_20220531.QVD","-","904","TRUE",FALSE,""
"ESS/IEP/Snapshots/IEP_Placement_20220630.QVD","-","904","TRUE",FALSE,""
"ESS/IEP/Snapshots/IEP_Placement_20220731.QVD","-","904","TRUE",FALSE,""
"ESS/IEP/Snapshots/IEP_Placement_20220831.QVD","-","904","TRUE",FALSE,""
"ESS/IEP/Snapshots/IEP_Placement_20220930.QVD","-","904","TRUE",FALSE,""
"ESS/IEP/Snapshots/IEP_Placement_20221031.QVD","-","904","TRUE",FALSE,""
"ESS/IEP/Snapshots/IEP_Placement_20221130.QVD","-","904","TRUE",FALSE,""
"ESS/IEP/Snapshots/IEP_Placement_20221231.QVD","-","904","TRUE",FALSE,""
"ESS/IEP/Snapshots/IEP_Placement_20230131.QVD","-","904","TRUE",FALSE,""
"ESS/IEP/Snapshots/IEP_Placement_20230228.QVD","-","904","TRUE",FALSE,""
"ESS/IEP/Snapshots/IEP_Placement_20230331.QVD","-","904","TRUE",FALSE,""
"ESS/IEP/Snapshots/IEP_Placement_20230430.QVD","-","904","TRUE",FALSE,""
"ESS/IEP/Snapshots/IEP_Placement_20230531.QVD","-","904","TRUE",FALSE,""
"ESS/IEP/Snapshots/IEP_Placement_20230630.QVD","-","904","TRUE",FALSE,""
"ESS/IEP/Snapshots/IEP_Placement_20230731.QVD","-","904","TRUE",FALSE,""
"ESS/IEP/Snapshots/IEP_Placement_20230831.QVD","-","904","TRUE",FALSE,""
"ESS/IEP/Snapshots/IEP_Placement_20230930.QVD","-","904","TRUE",FALSE,""
"ESS/IEP/Snapshots/IEP_Placement_20231031.QVD","-","904","TRUE",FALSE,""
"ESS/IEP/Snapshots/IEP_Placement_20231130.QVD","-","904","TRUE",FALSE,""
"ESS/IEP/Snapshots/IEP_Placement_20231231.QVD","-","904","TRUE",FALSE,""
"ESS/IEP/Snapshots/IEP_Placement_20240131.QVD","-","904","TRUE",FALSE,""
"ESS/IEP/Snapshots/IEP_Placement_20240229.QVD","-","904","TRUE",FALSE,""
"ESS/IEP/BK/1.Mon/IEP_Placement.QVD","-","904","TRUE",FALSE,""
"ESS/IEP/Snapshots/IEP_Provider_20220228.QVD","-","904","TRUE",FALSE,""
"ESS/IEP/Snapshots/IEP_Provider_20220331.QVD","-","904","TRUE",FALSE,""
"ESS/IEP/Snapshots/IEP_Provider_20220430.QVD","-","904","TRUE",FALSE,""
"ESS/IEP/Snapshots/IEP_Provider_20220531.QVD","-","904","TRUE",FALSE,""
"ESS/IEP/Snapshots/IEP_Provider_20220630.QVD","-","904","TRUE",FALSE,""
"ESS/IEP/Snapshots/IEP_Provider_20220731.QVD","-","904","TRUE",FALSE,""
"ESS/IEP/Snapshots/IEP_Provider_20220831.QVD","-","904","TRUE",FALSE,""
"ESS/IEP/Snapshots/IEP_Provider_20220930.QVD","-","904","TRUE",FALSE,""
"ESS/IEP/Snapshots/IEP_Provider_20221031.QVD","-","904","TRUE",FALSE,""
"ESS/IEP/Snapshots/IEP_Provider_20221130.QVD","-","904","TRUE",FALSE,""
"ESS/IEP/Snapshots/IEP_Provider_20221231.QVD","-","904","TRUE",FALSE,""
"ESS/IEP/Snapshots/IEP_Provider_20230131.QVD","-","904","TRUE",FALSE,""
"ESS/IEP/Snapshots/IEP_Provider_20230228.QVD","-","904","TRUE",FALSE,""
"ESS/IEP/Snapshots/IEP_Provider_20230331.QVD","-","904","TRUE",FALSE,""
"ESS/IEP/Snapshots/IEP_Provider_20230430.QVD","-","904","TRUE",FALSE,""
"ESS/IEP/Snapshots/IEP_Provider_20230531.QVD","-","904","TRUE",FALSE,""
"ESS/IEP/Snapshots/IEP_Provider_20230630.QVD","-","904","TRUE",FALSE,""
"ESS/IEP/Snapshots/IEP_Provider_20230731.QVD","-","904","TRUE",FALSE,""
"ESS/IEP/Snapshots/IEP_Provider_20230831.QVD","-","904","TRUE",FALSE,""
"ESS/IEP/Snapshots/IEP_Provider_20230930.QVD","-","904","TRUE",FALSE,""
"ESS/IEP/Snapshots/IEP_Provider_20231031.QVD","-","904","TRUE",FALSE,""
"ESS/IEP/Snapshots/IEP_Provider_20231130.QVD","-","904","TRUE",FALSE,""
"ESS/IEP/Snapshots/IEP_Provider_20231231.QVD","-","904","TRUE",FALSE,""
"ESS/IEP/Snapshots/IEP_Provider_20240131.QVD","-","904","TRUE",FALSE,""
"ESS/IEP/Snapshots/IEP_Provider_20240229.QVD","-","904","TRUE",FALSE,""
"ESS/IEP/BK/1.Mon/IEP_Provider.QVD","-","904","TRUE",FALSE,""
"ESS/CDP/BK/1.Mon/NIAA Staff.QVD","-","904","TRUE",FALSE,""
"ESS/CDP/BK/1.Mon/TWES Claim.QVD","-","904","TRUE",FALSE,""
"ESS/CDP/BK/1.Mon/TWES CRP.QVD","-","904","TRUE",FALSE,""
"ESS/CDP/BK/1.Mon/TWES ESAT.QVD","-","904","TRUE",FALSE,""
"ESS/CDP/BK/1.Mon/TWES Job Seeker.QVD","-","904","TRUE",FALSE,""
"ESS/CDP/BK/1.Mon/TWES JSCI.QVD","-","904","TRUE",FALSE,""
"ESS/CDP/BK/1.Mon/TWES Site Contract.QVD","-","904","TRUE",FALSE,""
"ESS/CDP/BK/1.Mon/TWES Transition Plan.QVD","-","904","TRUE",FALSE,""
"ESS/CDP/Temp/CDP Activity Attendance Key Data.QVD","-","904","TRUE",TRUE,"no-sql-select"
"ESS/IEP/Snapshots/Temp/CDP_Contract_Referral_Placement_20220228.QVD","-","904","TRUE",TRUE,"truncated-statement"
"ESS/IEP/Snapshots/Temp/CDP_Contract_Referral_Placement_20220331.QVD","-","904","TRUE",TRUE,"truncated-statement"
"ESS/IEP/Snapshots/Temp/CDP_Contract_Referral_Placement_20220430.QVD","-","904","TRUE",TRUE,"truncated-statement"
"ESS/IEP/Snapshots/Temp/CDP_Contract_Referral_Placement_20220531.QVD","-","904","TRUE",TRUE,"truncated-statement"
"ESS/IEP/Snapshots/Temp/CDP_Contract_Referral_Placement_20220630.QVD","-","904","TRUE",TRUE,"truncated-statement"
"ESS/IEP/Snapshots/Temp/CDP_Contract_Referral_Placement_20220731.QVD","-","904","TRUE",TRUE,"truncated-statement"
"ESS/IEP/Snapshots/Temp/CDP_Contract_Referral_Placement_20220831.QVD","-","904","TRUE",TRUE,"truncated-statement"
"ESS/IEP/Snapshots/Temp/CDP_Contract_Referral_Placement_20220930.QVD","-","904","TRUE",TRUE,"truncated-statement"
"ESS/IEP/Snapshots/Temp/CDP_Contract_Referral_Placement_20221031.QVD","-","904","TRUE",TRUE,"truncated-statement"
"ESS/IEP/Snapshots/Temp/CDP_Contract_Referral_Placement_20221130.QVD","-","904","TRUE",TRUE,"truncated-statement"
"ESS/IEP/Snapshots/Temp/CDP_Contract_Referral_Placement_20221231.QVD","-","904","TRUE",TRUE,"truncated-statement"
"ESS/IEP/Snapshots/Temp/CDP_Contract_Referral_Placement_20230131.QVD","-","904","TRUE",TRUE,"truncated-statement"
"ESS/IEP/Snapshots/Temp/CDP_Contract_Referral_Placement_20230228.QVD","-","904","TRUE",TRUE,"truncated-statement"
"ESS/IEP/Snapshots/Temp/CDP_Contract_Referral_Placement_20230331.QVD","-","904","TRUE",TRUE,"truncated-statement"
"ESS/IEP/Snapshots/Temp/CDP_Contract_Referral_Placement_20230430.QVD","-","904","TRUE",TRUE,"truncated-statement"
"ESS/IEP/Snapshots/Temp/CDP_Contract_Referral_Placement_20230531.QVD","-","904","TRUE",TRUE,"truncated-statement"
"ESS/IEP/Snapshots/Temp/CDP_Contract_Referral_Placement_20230630.QVD","-","904","TRUE",TRUE,"truncated-statement"
"ESS/IEP/Snapshots/Temp/CDP_Contract_Referral_Placement_20230731.QVD","-","904","TRUE",TRUE,"truncated-statement"
"ESS/IEP/Snapshots/Temp/CDP_Contract_Referral_Placement_20230831.QVD","-","904","TRUE",TRUE,"truncated-statement"
"ESS/IEP/Snapshots/Temp/CDP_Contract_Referral_Placement_20230930.QVD","-","904","TRUE",FALSE,""
"ESS/IEP/Snapshots/Temp/CDP_Contract_Referral_Placement_20231031.QVD","-","904","TRUE",FALSE,""
"ESS/IEP/Snapshots/Temp/CDP_Contract_Referral_Placement_20231130.QVD","-","904","TRUE",FALSE,""
"ESS/IEP/Snapshots/Temp/CDP_Contract_Referral_Placement_20231231.QVD","-","904","TRUE",FALSE,""
"ESS/IEP/Snapshots/Temp/CDP_Contract_Referral_Placement_20240131.QVD","-","904","TRUE",FALSE,""
"ESS/IEP/Snapshots/Temp/CDP_Contract_Referral_Placement_20240229.QVD","-","904","TRUE",FALSE,""
"ESS/IEP/Snapshots/Temp/CDP_Job_Seeker_20220228.QVD","-","904","TRUE",TRUE,"no-sql-select"
"ESS/IEP/Snapshots/Temp/CDP_Job_Seeker_20220331.QVD","-","904","TRUE",TRUE,"no-sql-select"
"ESS/IEP/Snapshots/Temp/CDP_Job_Seeker_20220430.QVD","-","904","TRUE",TRUE,"no-sql-select"
"ESS/IEP/Snapshots/Temp/CDP_Job_Seeker_20220531.QVD","-","904","TRUE",TRUE,"no-sql-select"
"ESS/IEP/Snapshots/Temp/CDP_Job_Seeker_20220630.QVD","-","904","TRUE",TRUE,"no-sql-select"
"ESS/IEP/Snapshots/Temp/CDP_Job_Seeker_20220731.QVD","-","904","TRUE",TRUE,"no-sql-select"
"ESS/IEP/Snapshots/Temp/CDP_Job_Seeker_20220831.QVD","-","904","TRUE",TRUE,"no-sql-select"
"ESS/IEP/Snapshots/Temp/CDP_Job_Seeker_20220930.QVD","-","904","TRUE",TRUE,"no-sql-select"
"ESS/IEP/Snapshots/Temp/CDP_Job_Seeker_20221031.QVD","-","904","TRUE",TRUE,"no-sql-select"
"ESS/IEP/Snapshots/Temp/CDP_Job_Seeker_20221130.QVD","-","904","TRUE",TRUE,"no-sql-select"
"ESS/IEP/Snapshots/Temp/CDP_Job_Seeker_20221231.QVD","-","904","TRUE",TRUE,"no-sql-select"
"ESS/IEP/Snapshots/Temp/CDP_Job_Seeker_20230131.QVD","-","904","TRUE",TRUE,"no-sql-select"
"ESS/IEP/Snapshots/Temp/CDP_Job_Seeker_20230228.QVD","-","904","TRUE",TRUE,"no-sql-select"
"ESS/IEP/Snapshots/Temp/CDP_Job_Seeker_20230331.QVD","-","904","TRUE",FALSE,""
"ESS/IEP/Snapshots/Temp/CDP_Job_Seeker_20230430.QVD","-","904","TRUE",FALSE,""
"ESS/IEP/Snapshots/Temp/CDP_Job_Seeker_20230531.QVD","-","904","TRUE",FALSE,""
"ESS/IEP/Snapshots/Temp/CDP_Job_Seeker_20230630.QVD","-","904","TRUE",FALSE,""
"ESS/IEP/Snapshots/Temp/CDP_Job_Seeker_20230731.QVD","-","904","TRUE",FALSE,""
"ESS/IEP/Snapshots/Temp/CDP_Job_Seeker_20230831.QVD","-","904","TRUE",FALSE,""
"ESS/IEP/Snapshots/Temp/CDP_Job_Seeker_20230930.QVD","-","904","TRUE",FALSE,""
"ESS/IEP/Snapshots/Temp/CDP_Job_Seeker_20231031.QVD","-","904","TRUE",FALSE,""
"ESS/IEP/Snapshots/Temp/CDP_Job_Seeker_20231130.QVD","-","904","TRUE",FALSE,""
"ESS/IEP/Snapshots/Temp/CDP_Job_Seeker_20231231.QVD","-","904","TRUE",FALSE,""
"ESS/IEP/Snapshots/Temp/CDP_Job_Seeker_20240131.QVD","-","904","TRUE",FALSE,""
"ESS/IEP/Snapshots/Temp/CDP_Job_Seeker_20240229.QVD","-","904","TRUE",FALSE,""
"ESS/IEP/Snapshots/Temp/IEP_Activity_20220228.QVD","-","904","TRUE",TRUE,"no-sql-select"
"ESS/IEP/Snapshots/Temp/IEP_Activity_20220331.QVD","-","904","TRUE",TRUE,"no-sql-select"
"ESS/IEP/Snapshots/Temp/IEP_Activity_20220430.QVD","-","904","TRUE",TRUE,"no-sql-select"
"ESS/IEP/Snapshots/Temp/IEP_Activity_20220531.QVD","-","904","TRUE",FALSE,""
"ESS/IEP/Snapshots/Temp/IEP_Activity_20220630.QVD","-","904","TRUE",FALSE,""
"ESS/IEP/Snapshots/Temp/IEP_Activity_20220731.QVD","-","904","TRUE",FALSE,""
"ESS/IEP/Snapshots/Temp/IEP_Activity_20220831.QVD","-","904","TRUE",FALSE,""
"ESS/IEP/Snapshots/Temp/IEP_Activity_20220930.QVD","-","904","TRUE",FALSE,""
"ESS/IEP/Snapshots/Temp/IEP_Activity_20221031.QVD","-","904","TRUE",FALSE,""
"ESS/IEP/Snapshots/Temp/IEP_Activity_20221130.QVD","-","904","TRUE",FALSE,""
"ESS/IEP/Snapshots/Temp/IEP_Activity_20221231.QVD","-","904","TRUE",FALSE,""
"ESS/IEP/Snapshots/Temp/IEP_Activity_20230131.QVD","-","904","TRUE",FALSE,""
"ESS/IEP/Snapshots/Temp/IEP_Activity_20230228.QVD","-","904","TRUE",FALSE,""
"ESS/IEP/Snapshots/Temp/IEP_Activity_20230331.QVD","-","904","TRUE",FALSE,""
"ESS/IEP/Snapshots/Temp/IEP_Activity_20230430.QVD","-","904","TRUE",FALSE,""
"ESS/IEP/Snapshots/Temp/IEP_Activity_20230531.QVD","-","904","TRUE",FALSE,""
"ESS/IEP/Snapshots/Temp/IEP_Activity_20230630.QVD","-","904","TRUE",FALSE,""
"ESS/IEP/Snapshots/Temp/IEP_Activity_20230731.QVD","-","904","TRUE",FALSE,""
"ESS/IEP/Snapshots/Temp/IEP_Activity_20230831.QVD","-","904","TRUE",FALSE,""
"ESS/IEP/Snapshots/Temp/IEP_Activity_20230930.QVD","-","904","TRUE",FALSE,""
"ESS/IEP/Snapshots/Temp/IEP_Activity_20231031.QVD","-","904","TRUE",FALSE,""
"ESS/IEP/Snapshots/Temp/IEP_Activity_20231130.QVD","-","904","TRUE",FALSE,""
"ESS/IEP/Snapshots/Temp/IEP_Activity_20231231.QVD","-","904","TRUE",FALSE,""
"ESS/IEP/Snapshots/Temp/IEP_Activity_20240131.QVD","-","904","TRUE",FALSE,""
"ESS/IEP/Snapshots/Temp/IEP_Activity_20240229.QVD","-","904","TRUE",FALSE,""
"ESS/IEP/Snapshots/Temp/IEP_Activity_Contact_20220228.QVD","-","904","TRUE",TRUE,"from-no-dot"
"ESS/IEP/Snapshots/Temp/IEP_Activity_Contact_20220331.QVD","-","904","TRUE",TRUE,"from-no-dot"
"ESS/IEP/Snapshots/Temp/IEP_Activity_Contact_20220430.QVD","-","904","TRUE",TRUE,"from-no-dot"
"ESS/IEP/Snapshots/Temp/IEP_Activity_Contact_20220531.QVD","-","904","TRUE",TRUE,"from-no-dot"
"ESS/IEP/Snapshots/Temp/IEP_Activity_Contact_20220630.QVD","-","904","TRUE",TRUE,"from-no-dot"
"ESS/IEP/Snapshots/Temp/IEP_Activity_Contact_20220731.QVD","-","904","TRUE",TRUE,"from-no-dot"
"ESS/IEP/Snapshots/Temp/IEP_Activity_Contact_20220831.QVD","-","904","TRUE",TRUE,"from-no-dot"
"ESS/IEP/Snapshots/Temp/IEP_Activity_Contact_20220930.QVD","-","904","TRUE",TRUE,"from-no-dot"
"ESS/IEP/Snapshots/Temp/IEP_Activity_Contact_20221031.QVD","-","904","TRUE",TRUE,"from-no-dot"
"ESS/IEP/Snapshots/Temp/IEP_Activity_Contact_20221130.QVD","-","904","TRUE",TRUE,"from-no-dot"
"ESS/IEP/Snapshots/Temp/IEP_Activity_Contact_20221231.QVD","-","904","TRUE",TRUE,"from-no-dot"
"ESS/IEP/Snapshots/Temp/IEP_Activity_Contact_20230131.QVD","-","904","TRUE",TRUE,"from-no-dot"
"ESS/IEP/Snapshots/Temp/IEP_Activity_Contact_20230228.QVD","-","904","TRUE",TRUE,"from-no-dot"
"ESS/IEP/Snapshots/Temp/IEP_Activity_Contact_20230331.QVD","-","904","TRUE",TRUE,"from-no-dot"
"ESS/IEP/Snapshots/Temp/IEP_Activity_Contact_20230430.QVD","-","904","TRUE",TRUE,"from-no-dot"
"ESS/IEP/Snapshots/Temp/IEP_Activity_Contact_20230531.QVD","-","904","TRUE",TRUE,"from-no-dot"
"ESS/IEP/Snapshots/Temp/IEP_Activity_Contact_20230630.QVD","-","904","TRUE",TRUE,"from-no-dot"
"ESS/IEP/Snapshots/Temp/IEP_Activity_Contact_20230731.QVD","-","904","TRUE",TRUE,"from-no-dot"
"ESS/IEP/Snapshots/Temp/IEP_Activity_Contact_20230831.QVD","-","904","TRUE",TRUE,"from-no-dot"
"ESS/IEP/Snapshots/Temp/IEP_Activity_Contact_20230930.QVD","-","904","TRUE",TRUE,"from-no-dot"
"ESS/IEP/Snapshots/Temp/IEP_Activity_Contact_20231031.QVD","-","904","TRUE",TRUE,"from-no-dot"
"ESS/IEP/Snapshots/Temp/IEP_Activity_Contact_20231130.QVD","-","904","TRUE",TRUE,"from-no-dot"
"ESS/IEP/Snapshots/Temp/IEP_Activity_Contact_20231231.QVD","-","904","TRUE",TRUE,"from-no-dot"
"ESS/IEP/Snapshots/Temp/IEP_Activity_Contact_20240131.QVD","-","904","TRUE",TRUE,"from-no-dot"
"ESS/IEP/Snapshots/Temp/IEP_Activity_Contact_20240229.QVD","-","904","TRUE",TRUE,"from-no-dot"
"ESS/IEP/Snapshots/Temp/IEP_Activity_Expenditure_20220228.QVD","-","904","TRUE",TRUE,"no-sql-select"
"ESS/IEP/Snapshots/Temp/IEP_Activity_Expenditure_20220331.QVD","-","904","TRUE",TRUE,"no-sql-select"
"ESS/IEP/Snapshots/Temp/IEP_Activity_Expenditure_20220430.QVD","-","904","TRUE",TRUE,"no-sql-select"
"ESS/IEP/Snapshots/Temp/IEP_Activity_Expenditure_20220531.QVD","-","904","TRUE",TRUE,"no-sql-select"
"ESS/IEP/Snapshots/Temp/IEP_Activity_Expenditure_20220630.QVD","-","904","TRUE",TRUE,"no-sql-select"
"ESS/IEP/Snapshots/Temp/IEP_Activity_Expenditure_20220731.QVD","-","904","TRUE",TRUE,"no-sql-select"
"ESS/IEP/Snapshots/Temp/IEP_Activity_Expenditure_20220831.QVD","-","904","TRUE",TRUE,"no-sql-select"
"ESS/IEP/Snapshots/Temp/IEP_Activity_Expenditure_20220930.QVD","-","904","TRUE",TRUE,"no-sql-select"
"ESS/IEP/Snapshots/Temp/IEP_Activity_Expenditure_20221031.QVD","-","904","TRUE",TRUE,"no-sql-select"
"ESS/IEP/Snapshots/Temp/IEP_Activity_Expenditure_20221130.QVD","-","904","TRUE",TRUE,"no-sql-select"
"ESS/IEP/Snapshots/Temp/IEP_Activity_Expenditure_20221231.QVD","-","904","TRUE",FALSE,""
"ESS/IEP/Snapshots/Temp/IEP_Activity_Expenditure_20230131.QVD","-","904","TRUE",FALSE,""
"ESS/IEP/Snapshots/Temp/IEP_Activity_Expenditure_20230228.QVD","-","904","TRUE",FALSE,""
"ESS/IEP/Snapshots/Temp/IEP_Activity_Expenditure_20230331.QVD","-","904","TRUE",FALSE,""
"ESS/IEP/Snapshots/Temp/IEP_Activity_Expenditure_20230430.QVD","-","904","TRUE",FALSE,""
"ESS/IEP/Snapshots/Temp/IEP_Activity_Expenditure_20230531.QVD","-","904","TRUE",FALSE,""
"ESS/IEP/Snapshots/Temp/IEP_Activity_Expenditure_20230630.QVD","-","904","TRUE",FALSE,""
"ESS/IEP/Snapshots/Temp/IEP_Activity_Expenditure_20230731.QVD","-","904","TRUE",FALSE,""
"ESS/IEP/Snapshots/Temp/IEP_Activity_Expenditure_20230831.QVD","-","904","TRUE",FALSE,""
"ESS/IEP/Snapshots/Temp/IEP_Activity_Expenditure_20230930.QVD","-","904","TRUE",FALSE,""
"ESS/IEP/Snapshots/Temp/IEP_Activity_Expenditure_20231031.QVD","-","904","TRUE",FALSE,""
"ESS/IEP/Snapshots/Temp/IEP_Activity_Expenditure_20231130.QVD","-","904","TRUE",FALSE,""
"ESS/IEP/Snapshots/Temp/IEP_Activity_Expenditure_20231231.QVD","-","904","TRUE",FALSE,""
"ESS/IEP/Snapshots/Temp/IEP_Activity_Expenditure_20240131.QVD","-","904","TRUE",FALSE,""
"ESS/IEP/Snapshots/Temp/IEP_Activity_Expenditure_20240229.QVD","-","904","TRUE",FALSE,""
"ESS/IEP/Snapshots/Temp/IEP_Claim_Payments_20220228.QVD","-","904","TRUE",TRUE,"no-sql-select"
"ESS/IEP/Snapshots/Temp/IEP_Claim_Payments_20220331.QVD","-","904","TRUE",TRUE,"no-sql-select"
"ESS/IEP/Snapshots/Temp/IEP_Claim_Payments_20220430.QVD","-","904","TRUE",TRUE,"no-sql-select"
"ESS/IEP/Snapshots/Temp/IEP_Claim_Payments_20220531.QVD","-","904","TRUE",TRUE,"no-sql-select"
"ESS/IEP/Snapshots/Temp/IEP_Claim_Payments_20220630.QVD","-","904","TRUE",TRUE,"no-sql-select"
"ESS/IEP/Snapshots/Temp/IEP_Claim_Payments_20220731.QVD","-","904","TRUE",TRUE,"no-sql-select"
"ESS/IEP/Snapshots/Temp/IEP_Claim_Payments_20220831.QVD","-","904","TRUE",TRUE,"no-sql-select"
"ESS/IEP/Snapshots/Temp/IEP_Claim_Payments_20220930.QVD","-","904","TRUE",TRUE,"no-sql-select"
"ESS/IEP/Snapshots/Temp/IEP_Claim_Payments_20221031.QVD","-","904","TRUE",FALSE,""
"ESS/IEP/Snapshots/Temp/IEP_Claim_Payments_20221130.QVD","-","904","TRUE",FALSE,""
"ESS/IEP/Snapshots/Temp/IEP_Claim_Payments_20221231.QVD","-","904","TRUE",FALSE,""
"ESS/IEP/Snapshots/Temp/IEP_Claim_Payments_20230131.QVD","-","904","TRUE",FALSE,""
"ESS/IEP/Snapshots/Temp/IEP_Claim_Payments_20230228.QVD","-","904","TRUE",FALSE,""
"ESS/IEP/Snapshots/Temp/IEP_Claim_Payments_20230331.QVD","-","904","TRUE",FALSE,""
"ESS/IEP/Snapshots/Temp/IEP_Claim_Payments_20230430.QVD","-","904","TRUE",FALSE,""
"ESS/IEP/Snapshots/Temp/IEP_Claim_Payments_20230531.QVD","-","904","TRUE",FALSE,""
"ESS/IEP/Snapshots/Temp/IEP_Claim_Payments_20230630.QVD","-","904","TRUE",FALSE,""
"ESS/IEP/Snapshots/Temp/IEP_Claim_Payments_20230731.QVD","-","904","TRUE",FALSE,""
"ESS/IEP/Snapshots/Temp/IEP_Claim_Payments_20230831.QVD","-","904","TRUE",FALSE,""
"ESS/IEP/Snapshots/Temp/IEP_Claim_Payments_20230930.QVD","-","904","TRUE",FALSE,""
"ESS/IEP/Snapshots/Temp/IEP_Claim_Payments_20231031.QVD","-","904","TRUE",FALSE,""
"ESS/IEP/Snapshots/Temp/IEP_Claim_Payments_20231130.QVD","-","904","TRUE",FALSE,""
"ESS/IEP/Snapshots/Temp/IEP_Claim_Payments_20231231.QVD","-","904","TRUE",FALSE,""
"ESS/IEP/Snapshots/Temp/IEP_Claim_Payments_20240131.QVD","-","904","TRUE",FALSE,""
"ESS/IEP/Snapshots/Temp/IEP_Claim_Payments_20240229.QVD","-","904","TRUE",FALSE,""
"ESS/IEP/Snapshots/Temp/IEP_Job_Seeker_20220228.QVD","-","904","TRUE",TRUE,"from-no-dot"
"ESS/IEP/Snapshots/Temp/IEP_Job_Seeker_20220331.QVD","-","904","TRUE",TRUE,"from-no-dot"
"ESS/IEP/Snapshots/Temp/IEP_Job_Seeker_20220430.QVD","-","904","TRUE",TRUE,"from-no-dot"
"ESS/IEP/Snapshots/Temp/IEP_Job_Seeker_20220531.QVD","-","904","TRUE",TRUE,"from-no-dot"
"ESS/IEP/Snapshots/Temp/IEP_Job_Seeker_20220630.QVD","-","904","TRUE",TRUE,"from-no-dot"
"ESS/IEP/Snapshots/Temp/IEP_Job_Seeker_20220731.QVD","-","904","TRUE",TRUE,"from-no-dot"
"ESS/IEP/Snapshots/Temp/IEP_Job_Seeker_20220831.QVD","-","904","TRUE",TRUE,"from-no-dot"
"ESS/IEP/Snapshots/Temp/IEP_Job_Seeker_20220930.QVD","-","904","TRUE",TRUE,"from-no-dot"
"ESS/IEP/Snapshots/Temp/IEP_Job_Seeker_20221031.QVD","-","904","TRUE",TRUE,"from-no-dot"
"ESS/IEP/Snapshots/Temp/IEP_Job_Seeker_20221130.QVD","-","904","TRUE",TRUE,"from-no-dot"
"ESS/IEP/Snapshots/Temp/IEP_Job_Seeker_20221231.QVD","-","904","TRUE",TRUE,"from-no-dot"
"ESS/IEP/Snapshots/Temp/IEP_Job_Seeker_20230131.QVD","-","904","TRUE",TRUE,"from-no-dot"
"ESS/IEP/Snapshots/Temp/IEP_Job_Seeker_20230228.QVD","-","904","TRUE",FALSE,""
"ESS/IEP/Snapshots/Temp/IEP_Job_Seeker_20230331.QVD","-","904","TRUE",FALSE,""
"ESS/IEP/Snapshots/Temp/IEP_Job_Seeker_20230430.QVD","-","904","TRUE",FALSE,""
"ESS/IEP/Snapshots/Temp/IEP_Job_Seeker_20230531.QVD","-","904","TRUE",FALSE,""
"ESS/IEP/Snapshots/Temp/IEP_Job_Seeker_20230630.QVD","-","904","TRUE",FALSE,""
"ESS/IEP/Snapshots/Temp/IEP_Job_Seeker_20230731.QVD","-","904","TRUE",FALSE,""
"ESS/IEP/Snapshots/Temp/IEP_Job_Seeker_20230831.QVD","-","904","TRUE",FALSE,""
"ESS/IEP/Snapshots/Temp/IEP_Job_Seeker_20230930.QVD","-","904","TRUE",FALSE,""
"ESS/IEP/Snapshots/Temp/IEP_Job_Seeker_20231031.QVD","-","904","TRUE",FALSE,""
"ESS/IEP/Snapshots/Temp/IEP_Job_Seeker_20231130.QVD","-","904","TRUE",FALSE,""
"ESS/IEP/Snapshots/Temp/IEP_Job_Seeker_20231231.QVD","-","904","TRUE",FALSE,""
"ESS/IEP/Snapshots/Temp/IEP_Job_Seeker_20240131.QVD","-","904","TRUE",FALSE,""
"ESS/IEP/Snapshots/Temp/IEP_Job_Seeker_20240229.QVD","-","904","TRUE",FALSE,""
"ESS/IEP/Snapshots/Temp/IEP_LOCATIONS_20220228.QVD","-","904","TRUE",TRUE,"no-sql-select"
"ESS/IEP/Snapshots/Temp/IEP_LOCATIONS_20220331.QVD","-","904","TRUE",TRUE,"no-sql-select"
"ESS/IEP/Snapshots/Temp/IEP_LOCATIONS_20220430.QVD","-","904","TRUE",TRUE,"no-sql-select"
"ESS/IEP/Snapshots/Temp/IEP_LOCATIONS_20220531.QVD","-","904","TRUE",TRUE,"no-sql-select"
"ESS/IEP/Snapshots/Temp/IEP_LOCATIONS_20220630.QVD","-","904","TRUE",TRUE,"no-sql-select"
"ESS/IEP/Snapshots/Temp/IEP_LOCATIONS_20220731.QVD","-","904","TRUE",TRUE,"no-sql-select"
"ESS/IEP/Snapshots/Temp/IEP_LOCATIONS_20220831.QVD","-","904","TRUE",TRUE,"no-sql-select"
"ESS/IEP/Snapshots/Temp/IEP_LOCATIONS_20220930.QVD","-","904","TRUE",TRUE,"no-sql-select"
"ESS/IEP/Snapshots/Temp/IEP_LOCATIONS_20221031.QVD","-","904","TRUE",TRUE,"no-sql-select"
"ESS/IEP/Snapshots/Temp/IEP_LOCATIONS_20221130.QVD","-","904","TRUE",TRUE,"no-sql-select"
"ESS/IEP/Snapshots/Temp/IEP_LOCATIONS_20221231.QVD","-","904","TRUE",TRUE,"no-sql-select"
"ESS/IEP/Snapshots/Temp/IEP_LOCATIONS_20230131.QVD","-","904","TRUE",TRUE,"no-sql-select"
"ESS/IEP/Snapshots/Temp/IEP_LOCATIONS_20230228.QVD","-","904","TRUE",TRUE,"no-sql-select"
"ESS/IEP/Snapshots/Temp/IEP_LOCATIONS_20230331.QVD","-","904","TRUE",TRUE,"no-sql-select"
"ESS/IEP/Snapshots/Temp/IEP_LOCATIONS_20230430.QVD","-","904","TRUE",TRUE,"no-sql-select"
"ESS/IEP/Snapshots/Temp/IEP_LOCATIONS_20230531.QVD","-","904","TRUE",TRUE,"no-sql-select"
"ESS/IEP/Snapshots/Temp/IEP_LOCATIONS_20230630.QVD","-","904","TRUE",TRUE,"no-sql-select"
"ESS/IEP/Snapshots/Temp/IEP_LOCATIONS_20230731.QVD","-","904","TRUE",TRUE,"no-sql-select"
"ESS/IEP/Snapshots/Temp/IEP_LOCATIONS_20230831.QVD","-","904","TRUE",TRUE,"no-sql-select"
"ESS/IEP/Snapshots/Temp/IEP_LOCATIONS_20230930.QVD","-","904","TRUE",TRUE,"no-sql-select"
"ESS/IEP/Snapshots/Temp/IEP_LOCATIONS_20231031.QVD","-","904","TRUE",TRUE,"no-sql-select"
"ESS/IEP/Snapshots/Temp/IEP_LOCATIONS_20231130.QVD","-","904","TRUE",TRUE,"no-sql-select"
"ESS/IEP/Snapshots/Temp/IEP_LOCATIONS_20231231.QVD","-","904","TRUE",FALSE,""
"ESS/IEP/Snapshots/Temp/IEP_LOCATIONS_20240131.QVD","-","904","TRUE",FALSE,""
"ESS/IEP/Snapshots/Temp/IEP_LOCATIONS_20240229.QVD","-","904","TRUE",FALSE,""
"ESS/IEP/Snapshots/Temp/IEP_Outcome_20220228.QVD","-","904","TRUE",TRUE,"from-no-dot"
"ESS/IEP/Snapshots/Temp/IEP_Outcome_20220331.QVD","-","904","TRUE",TRUE,"from-no-dot"
"ESS/IEP/Snapshots/Temp/IEP_Outcome_20220430.QVD","-","904","TRUE",TRUE,"from-no-dot"
"ESS/IEP/Snapshots/Temp/IEP_Outcome_20220531.QVD","-","904","TRUE",TRUE,"from-no-dot"
"ESS/IEP/Snapshots/Temp/IEP_Outcome_20220630.QVD","-","904","TRUE",TRUE,"from-no-dot"
"ESS/IEP/Snapshots/Temp/IEP_Outcome_20220731.QVD","-","904","TRUE",TRUE,"from-no-dot"
"ESS/IEP/Snapshots/Temp/IEP_Outcome_20220831.QVD","-","904","TRUE",TRUE,"from-no-dot"
"ESS/IEP/Snapshots/Temp/IEP_Outcome_20220930.QVD","-","904","TRUE",TRUE,"from-no-dot"
"ESS/IEP/Snapshots/Temp/IEP_Outcome_20221031.QVD","-","904","TRUE",TRUE,"from-no-dot"
"ESS/IEP/Snapshots/Temp/IEP_Outcome_20221130.QVD","-","904","TRUE",TRUE,"from-no-dot"
"ESS/IEP/Snapshots/Temp/IEP_Outcome_20221231.QVD","-","904","TRUE",TRUE,"from-no-dot"
"ESS/IEP/Snapshots/Temp/IEP_Outcome_20230131.QVD","-","904","TRUE",TRUE,"from-no-dot"
"ESS/IEP/Snapshots/Temp/IEP_Outcome_20230228.QVD","-","904","TRUE",TRUE,"from-no-dot"
"ESS/IEP/Snapshots/Temp/IEP_Outcome_20230331.QVD","-","904","TRUE",TRUE,"from-no-dot"
"ESS/IEP/Snapshots/Temp/IEP_Outcome_20230430.QVD","-","904","TRUE",TRUE,"from-no-dot"
"ESS/IEP/Snapshots/Temp/IEP_Outcome_20230531.QVD","-","904","TRUE",TRUE,"from-no-dot"
"ESS/IEP/Snapshots/Temp/IEP_Outcome_20230630.QVD","-","904","TRUE",TRUE,"from-no-dot"
"ESS/IEP/Snapshots/Temp/IEP_Outcome_20230731.QVD","-","904","TRUE",TRUE,"from-no-dot"
"ESS/IEP/Snapshots/Temp/IEP_Outcome_20230831.QVD","-","904","TRUE",TRUE,"from-no-dot"
"ESS/IEP/Snapshots/Temp/IEP_Outcome_20230930.QVD","-","904","TRUE",TRUE,"from-no-dot"
"ESS/IEP/Snapshots/Temp/IEP_Outcome_20231031.QVD","-","904","TRUE",FALSE,""
"ESS/IEP/Snapshots/Temp/IEP_Outcome_20231130.QVD","-","904","TRUE",FALSE,""
"ESS/IEP/Snapshots/Temp/IEP_Outcome_20231231.QVD","-","904","TRUE",FALSE,""
"ESS/IEP/Snapshots/Temp/IEP_Outcome_20240131.QVD","-","904","TRUE",FALSE,""
"ESS/IEP/Snapshots/Temp/IEP_Outcome_20240229.QVD","-","904","TRUE",FALSE,""
"ESS/IEP/Snapshots/Temp/IEP_Placement_20220228.QVD","-","904","TRUE",TRUE,"no-sql-select"
"ESS/IEP/Snapshots/Temp/IEP_Placement_20220331.QVD","-","904","TRUE",TRUE,"no-sql-select"
"ESS/IEP/Snapshots/Temp/IEP_Placement_20220430.QVD","-","904","TRUE",TRUE,"no-sql-select"
"ESS/IEP/Snapshots/Temp/IEP_Placement_20220531.QVD","-","904","TRUE",FALSE,""
"ESS/IEP/Snapshots/Temp/IEP_Placement_20220630.QVD","-","904","TRUE",FALSE,""
"ESS/IEP/Snapshots/Temp/IEP_Placement_20220731.QVD","-","904","TRUE",FALSE,""
"ESS/IEP/Snapshots/Temp/IEP_Placement_20220831.QVD","-","904","TRUE",FALSE,""
"ESS/IEP/Snapshots/Temp/IEP_Placement_20220930.QVD","-","904","TRUE",FALSE,""
"ESS/IEP/Snapshots/Temp/IEP_Placement_20221031.QVD","-","904","TRUE",FALSE,""
"ESS/IEP/Snapshots/Temp/IEP_Placement_20221130.QVD","-","904","TRUE",FALSE,""
"ESS/IEP/Snapshots/Temp/IEP_Placement_20221231.QVD","-","904","TRUE",FALSE,""
"ESS/IEP/Snapshots/Temp/IEP_Placement_20230131.QVD","-","904","TRUE",FALSE,""
"ESS/IEP/Snapshots/Temp/IEP_Placement_20230228.QVD","-","904","TRUE",FALSE,""
"ESS/IEP/Snapshots/Temp/IEP_Placement_20230331.QVD","-","904","TRUE",FALSE,""
"ESS/IEP/Snapshots/Temp/IEP_Placement_20230430.QVD","-","904","TRUE",FALSE,""
"ESS/IEP/Snapshots/Temp/IEP_Placement_20230531.QVD","-","904","TRUE",FALSE,""
"ESS/IEP/Snapshots/Temp/IEP_Placement_20230630.QVD","-","904","TRUE",FALSE,""
"ESS/IEP/Snapshots/Temp/IEP_Placement_20230731.QVD","-","904","TRUE",FALSE,""
"ESS/IEP/Snapshots/Temp/IEP_Placement_20230831.QVD","-","904","TRUE",FALSE,""
"ESS/IEP/Snapshots/Temp/IEP_Placement_20230930.QVD","-","904","TRUE",FALSE,""
"ESS/IEP/Snapshots/Temp/IEP_Placement_20231031.QVD","-","904","TRUE",FALSE,""
"ESS/IEP/Snapshots/Temp/IEP_Placement_20231130.QVD","-","904","TRUE",FALSE,""
"ESS/IEP/Snapshots/Temp/IEP_Placement_20231231.QVD","-","904","TRUE",FALSE,""
"ESS/IEP/Snapshots/Temp/IEP_Placement_20240131.QVD","-","904","TRUE",FALSE,""
"ESS/IEP/Snapshots/Temp/IEP_Placement_20240229.QVD","-","904","TRUE",FALSE,""
"ESS/IEP/Snapshots/Temp/IEP_Provider_20220228.QVD","-","904","TRUE",TRUE,"from-no-dot"
"ESS/IEP/Snapshots/Temp/IEP_Provider_20220331.QVD","-","904","TRUE",TRUE,"from-no-dot"
"ESS/IEP/Snapshots/Temp/IEP_Provider_20220430.QVD","-","904","TRUE",TRUE,"from-no-dot"
"ESS/IEP/Snapshots/Temp/IEP_Provider_20220531.QVD","-","904","TRUE",TRUE,"from-no-dot"
"ESS/IEP/Snapshots/Temp/IEP_Provider_20220630.QVD","-","904","TRUE",TRUE,"from-no-dot"
"ESS/IEP/Snapshots/Temp/IEP_Provider_20220731.QVD","-","904","TRUE",FALSE,""
"ESS/IEP/Snapshots/Temp/IEP_Provider_20220831.QVD","-","904","TRUE",FALSE,""
"ESS/IEP/Snapshots/Temp/IEP_Provider_20220930.QVD","-","904","TRUE",FALSE,""
"ESS/IEP/Snapshots/Temp/IEP_Provider_20221031.QVD","-","904","TRUE",FALSE,""
"ESS/IEP/Snapshots/Temp/IEP_Provider_20221130.QVD","-","904","TRUE",FALSE,""
"ESS/IEP/Snapshots/Temp/IEP_Provider_20221231.QVD","-","904","TRUE",FALSE,""
"ESS/IEP/Snapshots/Temp/IEP_Provider_20230131.QVD","-","904","TRUE",FALSE,""
"ESS/IEP/Snapshots/Temp/IEP_Provider_20230228.QVD","-","904","TRUE",FALSE,""
"ESS/IEP/Snapshots/Temp/IEP_Provider_20230331.QVD","-","904","TRUE",FALSE,""
"ESS/IEP/Snapshots/Temp/IEP_Provider_20230430.QVD","-","904","TRUE",FALSE,""
"ESS/IEP/Snapshots/Temp/IEP_Provider_20230531.QVD","-","904","TRUE",FALSE,""
"ESS/IEP/Snapshots/Temp/IEP_Provider_20230630.QVD","-","904","TRUE",FALSE,""
"ESS/IEP/Snapshots/Temp/IEP_Provider_20230731.QVD","-","904","TRUE",FALSE,""
"ESS/IEP/Snapshots/Temp/IEP_Provider_20230831.QVD","-","904","TRUE",FALSE,""
"ESS/IEP/Snapshots/Temp/IEP_Provider_20230930.QVD","-","904","TRUE",FALSE,""
"ESS/IEP/Snapshots/Temp/IEP_Provider_20231031.QVD","-","904","TRUE",FALSE,""
"ESS/IEP/Snapshots/Temp/IEP_Provider_20231130.QVD","-","904","TRUE",FALSE,""
"ESS/IEP/Snapshots/Temp/IEP_Provider_20231231.QVD","-","904","TRUE",FALSE,""
"ESS/IEP/Snapshots/Temp/IEP_Provider_20240131.QVD","-","904","TRUE",FALSE,""
"ESS/IEP/Snapshots/Temp/IEP_Provider_20240229.QVD","-","904","TRUE",FALSE,""
"ESS/IEP/Snapshots/Temp/QVD_BUILDER_TASK_LOG.QVD","-","904","TRUE",FALSE,""
"ESS/CDP/BK/5.Fri/CDP Activity Attendance Key Data.QVD","-","907","TRUE",FALSE,""
"ESS/CDP/BK/5.Fri/CDP Activity Attendance Result.QVD","-","907","TRUE",FALSE,""
"ESS/CDP/BK/5.Fri/CDP Activity Attendance.QVD","-","907","TRUE",FALSE,""
"ESS/CDP/BK/5.Fri/CDP Activity Referral Placement.QVD","-","907","TRUE",FALSE,""
"ESS/CDP/BK/5.Fri/CDP Activity.QVD","-","907","TRUE",FALSE,""
"ESS/CDP/BK/5.Fri/CDP Age Group.QVD","-","907","TRUE",FALSE,""
"ESS/CDP/BK/5.Fri/CDP API Subs Data Currency.QVD","-","907","TRUE",FALSE,""
"ESS/CDP/BK/5.Fri/CDP Barrier Job Plan Activity Link.QVD","-","907","TRUE",FALSE,""
"ESS/CDP/BK/5.Fri/CDP Barrier Job Plan Assistance Link.QVD","-","907","TRUE",FALSE,""
"ESS/CDP/BK/5.Fri/CDP Barrier.QVD","-","907","TRUE",FALSE,""
"ESS/CDP/BK/5.Fri/CDP Caseload.QVD","-","907","TRUE",FALSE,""
"ESS/CDP/BK/5.Fri/CDP Claim.QVD","-","907","TRUE",FALSE,""
"ESS/CDP/BK/5.Fri/CDP Contract.QVD","-","907","TRUE",FALSE,""
"ESS/CDP/BK/5.Fri/CDP Employment Placement History.QVD","-","907","TRUE",FALSE,""
"ESS/CDP/BK/5.Fri/CDP Employment Placement.QVD","-","907","TRUE",FALSE,""
"ESS/CDP/BK/5.Fri/CDP Estimated Grant Value FY.QVD","-","907","TRUE",FALSE,""
"ESS/CDP/BK/5.Fri/CDP Grant Activity Site Location.QVD","-","907","TRUE",FALSE,""
"ESS/CDP/BK/5.Fri/CDP Grant Activity updated.QVD","-","907","TRUE",FALSE,""
"ESS/CDP/BK/5.Fri/CDP Grant Activity.QVD","-","907","TRUE",FALSE,""
"ESS/CDP/BK/5.Fri/CDP Grant Detail.QVD","-","907","TRUE",FALSE,""
"ESS/CDP/BK/5.Fri/CDP Grant Estimated Expenditure FY.QVD","-","907","TRUE",FALSE,""
"ESS/CDP/BK/5.Fri/CDP Grants List.QVD","-","907","TRUE",FALSE,""
"ESS/CDP/BK/5.Fri/CDP Job Plan Activity Detail.QVD","-","907","TRUE",FALSE,""
"ESS/CDP/BK/5.Fri/CDP Job Plan Activity.QVD","-","907","TRUE",FALSE,""
"ESS/CDP/BK/5.Fri/CDP Job Plan Assistance.QVD","-","907","TRUE",FALSE,""
"ESS/CDP/BK/5.Fri/CDP Job Plan.QVD","-","907","TRUE",FALSE,""
"ESS/CDP/BK/5.Fri/CDP Job Seeker Appointment.QVD","-","907","TRUE",FALSE,""
"ESS/CDP/BK/5.Fri/CDP Job Seeker Assessment.QVD","-","907","TRUE",FALSE,""
"ESS/CDP/BK/5.Fri/CDP Job Seeker Characteristics.QVD","-","907","TRUE",FALSE,""
"ESS/CDP/BK/5.Fri/CDP Job Seeker Geocoded.QVD","-","907","TRUE",FALSE,""
"ESS/CDP/BK/5.Fri/CDP Job Seeker.QVD","-","907","TRUE",FALSE,""
"ESS/CDP/BK/5.Fri/CDP JSCI Classification Question & Response.QVD","-","907","TRUE",FALSE,""
"ESS/CDP/BK/5.Fri/CDP JSCI Classification.QVD","-","907","TRUE",FALSE,""
"ESS/CDP/BK/5.Fri/CDP Organisation.QVD","-","907","TRUE",FALSE,""
"ESS/CDP/BK/5.Fri/CDP PPR Result History.QVD","-","907","TRUE",FALSE,""
"ESS/CDP/BK/5.Fri/CDP Region.QVD","-","907","TRUE",FALSE,""
"ESS/CDP/BK/5.Fri/CDP Site Contract.QVD","-","907","TRUE",FALSE,""
"ESS/CDP/BK/5.Fri/CDP Vacancy Referral.QVD","-","907","TRUE",FALSE,""
"ESS/CDP/BK/5.Fri/CDP Vacancy.QVD","-","907","TRUE",FALSE,""
"ESS/IEP/BK/5.Fri/CDP_Contract_Referral_Placement.QVD","-","907","TRUE",FALSE,""
"ESS/IEP/BK/5.Fri/CDP_Job_Seeker.QVD","-","907","TRUE",FALSE,""
"ESS/IEP/BK/5.Fri/IEP_Activity_Contact.QVD","-","907","TRUE",FALSE,""
"ESS/IEP/BK/5.Fri/IEP_Activity_Expenditure.QVD","-","907","TRUE",FALSE,""
"ESS/IEP/BK/5.Fri/IEP_Activity.QVD","-","907","TRUE",FALSE,""
"ESS/IEP/BK/5.Fri/IEP_Claim_Payments.QVD","-","907","TRUE",FALSE,""
"ESS/IEP/BK/5.Fri/IEP_Job_Seeker.QVD","-","907","TRUE",FALSE,""
"ESS/IEP/BK/5.Fri/IEP_LOCATIONS.QVD","-","907","TRUE",FALSE,""
"ESS/IEP/BK/5.Fri/IEP_Outcome.QVD","-","907","TRUE",FALSE,""
"ESS/IEP/BK/5.Fri/IEP_Placement.QVD","-","907","TRUE",FALSE,""
"ESS/IEP/BK/5.Fri/IEP_Provider.QVD","-","907","TRUE",FALSE,""
"ESS/CDP/BK/5.Fri/NIAA Staff.QVD","-","907","TRUE",FALSE,""
"ESS/CDP/BK/5.Fri/TWES Claim.QVD","-","907","TRUE",FALSE,""
"ESS/CDP/BK/5.Fri/TWES CRP.QVD","-","907","TRUE",FALSE,""
"ESS/CDP/BK/5.Fri/TWES ESAT.QVD","-","907","TRUE",FALSE,""
"ESS/CDP/BK/5.Fri/TWES Job Seeker.QVD","-","907","TRUE",FALSE,""
"ESS/CDP/BK/5.Fri/TWES JSCI.QVD","-","907","TRUE",FALSE,""
"ESS/CDP/BK/5.Fri/TWES Site Contract.QVD","-","907","TRUE",FALSE,""
"ESS/CDP/BK/5.Fri/TWES Transition Plan.QVD","-","907","TRUE",FALSE,""
"ESS/CDP/BK/4.Thu/CDP Activity Attendance Key Data.QVD","-","908","TRUE",FALSE,""
"ESS/CDP/BK/4.Thu/CDP Activity Attendance Result.QVD","-","908","TRUE",FALSE,""
"ESS/CDP/BK/4.Thu/CDP Activity Attendance.QVD","-","908","TRUE",FALSE,""
"ESS/CDP/BK/4.Thu/CDP Activity Referral Placement.QVD","-","908","TRUE",FALSE,""
"ESS/CDP/BK/4.Thu/CDP Activity.QVD","-","908","TRUE",FALSE,""
"ESS/CDP/BK/4.Thu/CDP Age Group.QVD","-","908","TRUE",FALSE,""
"ESS/CDP/BK/4.Thu/CDP API Subs Data Currency.QVD","-","908","TRUE",FALSE,""
"ESS/CDP/BK/4.Thu/CDP Barrier Job Plan Activity Link.QVD","-","908","TRUE",FALSE,""
"ESS/CDP/BK/4.Thu/CDP Barrier Job Plan Assistance Link.QVD","-","908","TRUE",FALSE,""
"ESS/CDP/BK/4.Thu/CDP Barrier.QVD","-","908","TRUE",FALSE,""
"ESS/CDP/BK/4.Thu/CDP Caseload.QVD","-","908","TRUE",FALSE,""
"ESS/CDP/BK/4.Thu/CDP Claim.QVD","-","908","TRUE",FALSE,""
"ESS/CDP/BK/4.Thu/CDP Contract.QVD","-","908","TRUE",FALSE,""
"ESS/CDP/BK/4.Thu/CDP Employment Placement History.QVD","-","908","TRUE",FALSE,""
"ESS/CDP/BK/4.Thu/CDP Employment Placement.QVD","-","908","TRUE",FALSE,""
"ESS/CDP/BK/4.Thu/CDP Estimated Grant Value FY.QVD","-","908","TRUE",FALSE,""
"ESS/CDP/BK/4.Thu/CDP Grant Activity Site Location.QVD","-","908","TRUE",FALSE,""
"ESS/CDP/BK/4.Thu/CDP Grant Activity updated.QVD","-","908","TRUE",FALSE,""
"ESS/CDP/BK/4.Thu/CDP Grant Activity.QVD","-","908","TRUE",FALSE,""
"ESS/CDP/BK/4.Thu/CDP Grant Detail.QVD","-","908","TRUE",FALSE,""
"ESS/CDP/BK/4.Thu/CDP Grant Estimated Expenditure FY.QVD","-","908","TRUE",FALSE,""
"ESS/CDP/BK/4.Thu/CDP Grants List.QVD","-","908","TRUE",FALSE,""
"ESS/CDP/BK/4.Thu/CDP Job Plan Activity Detail.QVD","-","908","TRUE",FALSE,""
"ESS/CDP/BK/4.Thu/CDP Job Plan Activity.QVD","-","908","TRUE",FALSE,""
"ESS/CDP/BK/4.Thu/CDP Job Plan Assistance.QVD","-","908","TRUE",FALSE,""
"ESS/CDP/BK/4.Thu/CDP Job Plan.QVD","-","908","TRUE",FALSE,""
"ESS/CDP/BK/4.Thu/CDP Job Seeker Appointment.QVD","-","908","TRUE",FALSE,""
"ESS/CDP/BK/4.Thu/CDP Job Seeker Assessment.QVD","-","908","TRUE",FALSE,""
"ESS/CDP/BK/4.Thu/CDP Job Seeker At Event.QVD","-","908","TRUE",FALSE,""
"ESS/CDP/BK/4.Thu/CDP Job Seeker Characteristics.QVD","-","908","TRUE",FALSE,""
"ESS/CDP/BK/4.Thu/CDP Job Seeker Geocoded.QVD","-","908","TRUE",FALSE,""
"ESS/CDP/BK/4.Thu/CDP Job Seeker.QVD","-","908","TRUE",FALSE,""
"ESS/CDP/BK/4.Thu/CDP JSCI Classification Question & Response.QVD","-","908","TRUE",FALSE,""
"ESS/CDP/BK/4.Thu/CDP JSCI Classification.QVD","-","908","TRUE",FALSE,""
"ESS/CDP/BK/4.Thu/CDP Organisation.QVD","-","908","TRUE",FALSE,""
"ESS/CDP/BK/4.Thu/CDP PPR Result History.QVD","-","908","TRUE",FALSE,""
"ESS/CDP/BK/4.Thu/CDP Region.QVD","-","908","TRUE",FALSE,""
"ESS/CDP/BK/4.Thu/CDP Site Contract.QVD","-","908","TRUE",FALSE,""
"ESS/CDP/BK/4.Thu/CDP Vacancy Referral.QVD","-","908","TRUE",FALSE,""
"ESS/CDP/BK/4.Thu/CDP Vacancy.QVD","-","908","TRUE",FALSE,""
"ESS/IEP/BK/4.Thu/CDP_Contract_Referral_Placement.QVD","-","908","TRUE",FALSE,""
"ESS/IEP/BK/4.Thu/CDP_Job_Seeker.QVD","-","908","TRUE",FALSE,""
"ESS/IEP/BK/4.Thu/IEP_Activity_Contact.QVD","-","908","TRUE",FALSE,""
"ESS/IEP/BK/4.Thu/IEP_Activity_Expenditure.QVD","-","908","TRUE",FALSE,""
"ESS/IEP/BK/4.Thu/IEP_Activity.QVD","-","908","TRUE",FALSE,""
"ESS/IEP/BK/4.Thu/IEP_Claim_Payments.QVD","-","908","TRUE",FALSE,""
"ESS/IEP/BK/4.Thu/IEP_Job_Seeker.QVD","-","908","TRUE",FALSE,""
"ESS/IEP/BK/4.Thu/IEP_LOCATIONS.QVD","-","908","TRUE",FALSE,""
"ESS/IEP/BK/4.Thu/IEP_Outcome.QVD","-","908","TRUE",FALSE,""
"ESS/IEP/BK/4.Thu/IEP_Placement.QVD","-","908","TRUE",FALSE,""
"ESS/IEP/BK/4.Thu/IEP_Provider.QVD","-","908","TRUE",FALSE,""
"ESS/CDP/BK/4.Thu/NIAA Staff.QVD","-","908","TRUE",FALSE,""
"ESS/CDP/BK/4.Thu/TWES Claim.QVD","-","908","TRUE",FALSE,""
"ESS/CDP/BK/4.Thu/TWES CRP.QVD","-","908","TRUE",FALSE,""
"ESS/CDP/BK/4.Thu/TWES ESAT.QVD","-","908","TRUE",FALSE,""
"ESS/CDP/BK/4.Thu/TWES Job Seeker.QVD","-","908","TRUE",FALSE,""
"ESS/CDP/BK/4.Thu/TWES JSCI.QVD","-","908","TRUE",FALSE,""
"ESS/CDP/BK/4.Thu/TWES Site Contract.QVD","-","908","TRUE",FALSE,""
"ESS/CDP/BK/4.Thu/TWES Transition Plan.QVD","-","908","TRUE",FALSE,""
"ESS/CDP/BK/0.Sun/CDP Activity Attendance Key Data.QVD","-","912","TRUE",FALSE,""
"ESS/CDP/BK/0.Sun/CDP Activity Attendance Result.QVD","-","912","TRUE",FALSE,""
"ESS/CDP/BK/0.Sun/CDP Activity Attendance.QVD","-","912","TRUE",FALSE,""
"ESS/CDP/BK/0.Sun/CDP Activity Referral Placement.QVD","-","912","TRUE",FALSE,""
"ESS/CDP/BK/0.Sun/CDP Activity.QVD","-","912","TRUE",FALSE,""
"ESS/CDP/BK/0.Sun/CDP Age Group.QVD","-","912","TRUE",FALSE,""
"ESS/CDP/BK/0.Sun/CDP API Subs Data Currency.QVD","-","912","TRUE",FALSE,""
"ESS/CDP/BK/0.Sun/CDP Barrier Job Plan Activity Link.QVD","-","912","TRUE",FALSE,""
"ESS/CDP/BK/0.Sun/CDP Barrier Job Plan Assistance Link.QVD","-","912","TRUE",FALSE,""
"ESS/CDP/BK/0.Sun/CDP Barrier.QVD","-","912","TRUE",FALSE,""
"ESS/CDP/BK/0.Sun/CDP Caseload.QVD","-","912","TRUE",FALSE,""
"ESS/CDP/BK/0.Sun/CDP Claim.QVD","-","912","TRUE",FALSE,""
"ESS/CDP/BK/0.Sun/CDP Contract.QVD","-","912","TRUE",FALSE,""
"ESS/CDP/BK/0.Sun/CDP Employment Placement History.QVD","-","912","TRUE",FALSE,""
"ESS/CDP/BK/0.Sun/CDP Employment Placement.QVD","-","912","TRUE",FALSE,""
"ESS/CDP/BK/0.Sun/CDP Estimated Grant Value FY.QVD","-","912","TRUE",FALSE,""
"ESS/CDP/BK/0.Sun/CDP Grant Activity Site Location.QVD","-","912","TRUE",FALSE,""
"ESS/CDP/BK/0.Sun/CDP Grant Activity updated.QVD","-","912","TRUE",FALSE,""
"ESS/CDP/BK/0.Sun/CDP Grant Activity.QVD","-","912","TRUE",FALSE,""
"ESS/CDP/BK/0.Sun/CDP Grant Detail.QVD","-","912","TRUE",FALSE,""
"ESS/CDP/BK/0.Sun/CDP Grant Estimated Expenditure FY.QVD","-","912","TRUE",FALSE,""
"ESS/CDP/BK/0.Sun/CDP Grants List.QVD","-","912","TRUE",FALSE,""
"ESS/CDP/BK/0.Sun/CDP Job Plan Activity Detail.QVD","-","912","TRUE",FALSE,""
"ESS/CDP/BK/0.Sun/CDP Job Plan Activity.QVD","-","912","TRUE",FALSE,""
"ESS/CDP/BK/0.Sun/CDP Job Plan Assistance.QVD","-","912","TRUE",FALSE,""
"ESS/CDP/BK/0.Sun/CDP Job Plan.QVD","-","912","TRUE",FALSE,""
"ESS/CDP/BK/0.Sun/CDP Job Seeker Appointment.QVD","-","912","TRUE",FALSE,""
"ESS/CDP/BK/0.Sun/CDP Job Seeker Assessment.QVD","-","912","TRUE",FALSE,""
"ESS/CDP/BK/0.Sun/CDP Job Seeker Characteristics.QVD","-","912","TRUE",FALSE,""
"ESS/CDP/BK/0.Sun/CDP Job Seeker Geocoded.QVD","-","912","TRUE",FALSE,""
"ESS/CDP/BK/0.Sun/CDP Job Seeker.QVD","-","912","TRUE",FALSE,""
"ESS/CDP/BK/0.Sun/CDP JSCI Classification Question & Response.QVD","-","912","TRUE",FALSE,""
"ESS/CDP/BK/0.Sun/CDP JSCI Classification.QVD","-","912","TRUE",FALSE,""
"ESS/CDP/BK/0.Sun/CDP Organisation.QVD","-","912","TRUE",FALSE,""
"ESS/CDP/BK/0.Sun/CDP PPR Result History.QVD","-","912","TRUE",FALSE,""
"ESS/CDP/BK/0.Sun/CDP Region.QVD","-","912","TRUE",FALSE,""
"ESS/CDP/BK/0.Sun/CDP Site Contract.QVD","-","912","TRUE",FALSE,""
"ESS/CDP/BK/0.Sun/CDP Vacancy Referral.QVD","-","912","TRUE",FALSE,""
"ESS/CDP/BK/0.Sun/CDP Vacancy.QVD","-","912","TRUE",FALSE,""
"ESS/IEP/BK/0.Sun/CDP_Contract_Referral_Placement.QVD","-","912","TRUE",FALSE,""
"ESS/IEP/BK/0.Sun/CDP_Job_Seeker.QVD","-","912","TRUE",FALSE,""
"ESS/IEP/BK/0.Sun/IEP_Activity_Contact.QVD","-","912","TRUE",FALSE,""
"ESS/IEP/BK/0.Sun/IEP_Activity_Expenditure.QVD","-","912","TRUE",FALSE,""
"ESS/IEP/BK/0.Sun/IEP_Activity.QVD","-","912","TRUE",FALSE,""
"ESS/IEP/BK/0.Sun/IEP_Claim_Payments.QVD","-","912","TRUE",FALSE,""
"ESS/IEP/BK/0.Sun/IEP_Job_Seeker.QVD","-","912","TRUE",FALSE,""
"ESS/IEP/BK/0.Sun/IEP_LOCATIONS.QVD","-","912","TRUE",FALSE,""
"ESS/IEP/BK/0.Sun/IEP_Outcome.QVD","-","912","TRUE",FALSE,""
"ESS/IEP/BK/0.Sun/IEP_Placement.QVD","-","912","TRUE",FALSE,""
"ESS/IEP/BK/0.Sun/IEP_Provider.QVD","-","912","TRUE",FALSE,""
"ESS/CDP/BK/0.Sun/NIAA Staff.QVD","-","912","TRUE",FALSE,""
"ESS/CDP/BK/0.Sun/TWES Claim.QVD","-","912","TRUE",FALSE,""
"ESS/CDP/BK/0.Sun/TWES CRP.QVD","-","912","TRUE",FALSE,""
"ESS/CDP/BK/0.Sun/TWES ESAT.QVD","-","912","TRUE",FALSE,""
"ESS/CDP/BK/0.Sun/TWES Job Seeker.QVD","-","912","TRUE",FALSE,""
"ESS/CDP/BK/0.Sun/TWES JSCI.QVD","-","912","TRUE",FALSE,""
"ESS/CDP/BK/0.Sun/TWES Site Contract.QVD","-","912","TRUE",FALSE,""
"ESS/CDP/BK/0.Sun/TWES Transition Plan.QVD","-","912","TRUE",FALSE,""
"ESS/CDP/BK/6.Sat/CDP Activity Attendance Key Data.QVD","-","913","TRUE",FALSE,""
"ESS/CDP/BK/6.Sat/CDP Activity Attendance Result.QVD","-","913","TRUE",FALSE,""
"ESS/CDP/BK/6.Sat/CDP Activity Attendance.QVD","-","913","TRUE",FALSE,""
"ESS/CDP/BK/6.Sat/CDP Activity Referral Placement.QVD","-","913","TRUE",FALSE,""
"ESS/CDP/BK/6.Sat/CDP Activity.QVD","-","913","TRUE",FALSE,""
"ESS/CDP/BK/6.Sat/CDP Age Group.QVD","-","913","TRUE",FALSE,""
"ESS/CDP/BK/6.Sat/CDP API Subs Data Currency.QVD","-","913","TRUE",FALSE,""
"ESS/CDP/BK/6.Sat/CDP Barrier Job Plan Activity Link.QVD","-","913","TRUE",FALSE,""
"ESS/CDP/BK/6.Sat/CDP Barrier Job Plan Assistance Link.QVD","-","913","TRUE",FALSE,""
"ESS/CDP/BK/6.Sat/CDP Barrier.QVD","-","913","TRUE",FALSE,""
"ESS/CDP/BK/6.Sat/CDP Caseload.QVD","-","913","TRUE",FALSE,""
"ESS/CDP/BK/6.Sat/CDP Claim.QVD","-","913","TRUE",FALSE,""
"ESS/CDP/BK/6.Sat/CDP Contract.QVD","-","913","TRUE",FALSE,""
"ESS/CDP/BK/6.Sat/CDP Employment Placement History.QVD","-","913","TRUE",FALSE,""
"ESS/CDP/BK/6.Sat/CDP Employment Placement.QVD","-","913","TRUE",FALSE,""
"ESS/CDP/BK/6.Sat/CDP Estimated Grant Value FY.QVD","-","913","TRUE",FALSE,""
"ESS/CDP/BK/6.Sat/CDP Grant Activity Site Location.QVD","-","913","TRUE",FALSE,""
"ESS/CDP/BK/6.Sat/CDP Grant Activity updated.QVD","-","913","TRUE",FALSE,""
"ESS/CDP/BK/6.Sat/CDP Grant Activity.QVD","-","913","TRUE",FALSE,""
"ESS/CDP/BK/6.Sat/CDP Grant Detail.QVD","-","913","TRUE",FALSE,""
"ESS/CDP/BK/6.Sat/CDP Grant Estimated Expenditure FY.QVD","-","913","TRUE",FALSE,""
"ESS/CDP/BK/6.Sat/CDP Grants List.QVD","-","913","TRUE",FALSE,""
"ESS/CDP/BK/6.Sat/CDP Job Plan Activity Detail.QVD","-","913","TRUE",FALSE,""
"ESS/CDP/BK/6.Sat/CDP Job Plan Activity.QVD","-","913","TRUE",FALSE,""
"ESS/CDP/BK/6.Sat/CDP Job Plan Assistance.QVD","-","913","TRUE",FALSE,""
"ESS/CDP/BK/6.Sat/CDP Job Plan.QVD","-","913","TRUE",FALSE,""
"ESS/CDP/BK/6.Sat/CDP Job Seeker Appointment.QVD","-","913","TRUE",FALSE,""
"ESS/CDP/BK/6.Sat/CDP Job Seeker Assessment.QVD","-","913","TRUE",FALSE,""
"ESS/CDP/BK/6.Sat/CDP Job Seeker Characteristics.QVD","-","913","TRUE",FALSE,""
"ESS/CDP/BK/6.Sat/CDP Job Seeker Geocoded.QVD","-","913","TRUE",FALSE,""
"ESS/CDP/BK/6.Sat/CDP Job Seeker.QVD","-","913","TRUE",FALSE,""
"ESS/CDP/BK/6.Sat/CDP JSCI Classification Question & Response.QVD","-","913","TRUE",FALSE,""
"ESS/CDP/BK/6.Sat/CDP JSCI Classification.QVD","-","913","TRUE",FALSE,""
"ESS/CDP/BK/6.Sat/CDP Organisation.QVD","-","913","TRUE",FALSE,""
"ESS/CDP/BK/6.Sat/CDP PPR Result History.QVD","-","913","TRUE",FALSE,""
"ESS/CDP/BK/6.Sat/CDP Region.QVD","-","913","TRUE",FALSE,""
"ESS/CDP/BK/6.Sat/CDP Site Contract.QVD","-","913","TRUE",FALSE,""
"ESS/CDP/BK/6.Sat/CDP Vacancy Referral.QVD","-","913","TRUE",FALSE,""
"ESS/CDP/BK/6.Sat/CDP Vacancy.QVD","-","913","TRUE",FALSE,""
"ESS/IEP/BK/6.Sat/CDP_Contract_Referral_Placement.QVD","-","913","TRUE",FALSE,""
"ESS/IEP/BK/6.Sat/CDP_Job_Seeker.QVD","-","913","TRUE",FALSE,""
"ESS/IEP/BK/6.Sat/IEP_Activity_Contact.QVD","-","913","TRUE",FALSE,""
"ESS/IEP/BK/6.Sat/IEP_Activity_Expenditure.QVD","-","913","TRUE",FALSE,""
"ESS/IEP/BK/6.Sat/IEP_Activity.QVD","-","913","TRUE",FALSE,""
"ESS/IEP/BK/6.Sat/IEP_Claim_Payments.QVD","-","913","TRUE",FALSE,""
"ESS/IEP/BK/6.Sat/IEP_Job_Seeker.QVD","-","913","TRUE",FALSE,""
"ESS/IEP/BK/6.Sat/IEP_LOCATIONS.QVD","-","913","TRUE",FALSE,""
"ESS/IEP/BK/6.Sat/IEP_Outcome.QVD","-","913","TRUE",FALSE,""
"ESS/IEP/BK/6.Sat/IEP_Placement.QVD","-","913","TRUE",FALSE,""
"ESS/IEP/BK/6.Sat/IEP_Provider.QVD","-","913","TRUE",FALSE,""
"ESS/CDP/BK/6.Sat/NIAA Staff.QVD","-","913","TRUE",FALSE,""
"ESS/CDP/BK/6.Sat/TWES Claim.QVD","-","913","TRUE",FALSE,""
"ESS/CDP/BK/6.Sat/TWES CRP.QVD","-","913","TRUE",FALSE,""
"ESS/CDP/BK/6.Sat/TWES ESAT.QVD","-","913","TRUE",FALSE,""
"ESS/CDP/BK/6.Sat/TWES Job Seeker.QVD","-","913","TRUE",FALSE,""
"ESS/CDP/BK/6.Sat/TWES JSCI.QVD","-","913","TRUE",FALSE,""
"ESS/CDP/BK/6.Sat/TWES Site Contract.QVD","-","913","TRUE",FALSE,""
"ESS/CDP/BK/6.Sat/TWES Transition Plan.QVD","-","913","TRUE",FALSE,""
"AURION/Temp/Organisation Staff.QVD","-","937","TRUE",TRUE,"no-sql-select"
"AURION/Temp/QVD_List.QVD","-","937","TRUE",FALSE,""
"NDIA/QVD_List.QVD","-","937","TRUE",FALSE,""
"NDIA/Disability Funding.qvd","AZURE QVD Generator","938","TRUE",TRUE,"from-no-dot"
"NDIA/NDIS Providers.qvd","AZURE QVD Generator","938","TRUE",TRUE,"from-no-dot"
"ESS/CDP/CDP_Job_Plan_Goal_Comment_Topic_Models.qvd","-","978","TRUE",TRUE,"from-no-dot"
"ESS/CDP/CDP_Job_Plan_Assist_Comment_Topic_Models.qvd","-","1002","TRUE",TRUE,"from-no-dot"
"DataCatalogue/Data Lake Inventory.QVD","IAM QVD Builder","1002","TRUE",TRUE,"no-sql-select"
"DataCatalogue/Data Catalogue.QVD","-","1008","TRUE",TRUE,"from-no-dot"
"ESS/CDP/CDP_Region_Kml.QVD","-","1045","TRUE",FALSE,""
"ESS/CDP/NIAA_Region_Kml.QVD","-","1045","TRUE",FALSE,""
"ESS/CDP/CDP Job Seeker Diary.QVD","-","1070","TRUE",FALSE,""
"ESS/CDP/Temp/CDP Job Seeker Diary.QVD","-","1071","TRUE",TRUE,"no-sql-select"
"ESS/CDP/NIAA Staff.QVD","-","1089","TRUE",FALSE,""
"ESS/CDP/Temp/NIAA Staff.QVD","-","1090","TRUE",FALSE,""
"IPP/SSIS IPP.qvd","IPP QVD Generator","1115","TRUE",TRUE,"from-no-dot"
"ESS/NIAA/Grant Application Build.QVD","-","1128","TRUE",TRUE,"no-sql-select"
"ESS/CDP/CDP Appointment.QVD","-","1132","TRUE",TRUE,"from-no-dot"
"ESS/CDP/CDP Job Seeker At Event.QVD","-","1140","TRUE",FALSE,""
"ESS/CDP/Temp/CDP Job Seeker At Event.QVD","-","1140","TRUE",TRUE,"no-sql-select"
"AEDC/AEDC_2021_Student.qvd","AEDC QVD Generator - DEV","1155","TRUE",TRUE,"from-no-dot"
"NIAA/AGIL_Connectivity.qvd","AGIL Connectivity QVD Generator","1168","TRUE",TRUE,"from-no-dot"
"ESS/CDP/Delete/CDP DW Update Date.qvd","-","1188","TRUE",FALSE,""
"ESS/CDP/Delete/CDP Job Plan History_OBSOLETE.QVD","-","1188","TRUE",FALSE,""
"ESS/CDP/Delete/CDP Update Date.qvd","-","1189","TRUE",TRUE,"from-no-dot"
"ESS/CDP/Delete/CDP Employment Placements.QVD","-","1199","TRUE",FALSE,""
"ESS/CDP/Delete/CDP TOWD.QVD","-","1202","TRUE",FALSE,""
"ESS/CDP/Delete/CDP Barrier_TO_BE_UPDATED.QVD","-","1203","TRUE",FALSE,""
"ESS/CDP/Delete/CDP JCA And ESAt Assessment.QVD","-","1206","TRUE",FALSE,""
"ESS/CDP/Delete/CDP Job Plan Item Detail_OBSOLETE.QVD","-","1208","TRUE",FALSE,""
"ESS/CDP/Delete/CDP Job Plan Item_OBSOLETE.QVD","-","1208","TRUE",FALSE,""
"ESS/CDP/Delete/CDP Job Plan History.QVD","-","1212","TRUE",FALSE,""
"ESS/CDP/Delete/CDP Job Plan Item Detail_DELETE.QVD","-","1212","TRUE",FALSE,""
"ESS/CDP/Delete/CDP Job Plan Item_DELETE.QVD","-","1212","TRUE",FALSE,""
"ESS/CDP/Delete/CDP Job Plan Item Detail.QVD","-","1213","TRUE",FALSE,""
"ESS/CDP/Delete/CDP Job Plan Item.QVD","-","1213","TRUE",FALSE,""
"ESS/CDP/Delete/TWES JSK.QVD","-","1217","TRUE",FALSE,""
"ESS/CDP/Delete/CDP JSCI Classification Question.QVD","-","1225","TRUE",FALSE,""
"ESS/CDP/Delete/CDP JSCI Classification Response.QVD","-","1225","TRUE",FALSE,""
"CRM/CRM Communication Protocol.qvd","CRM QVD Generator","1247","TRUE",TRUE,"from-no-dot"
"CRM/CRM Contacts.qvd","CRM QVD Generator","1247","TRUE",TRUE,"from-no-dot"
"CRM/CRM Engagement.qvd","CRM QVD Generator","1247","TRUE",TRUE,"from-no-dot"
"CRM/CRM Organisation.qvd","CRM QVD Generator","1247","TRUE",TRUE,"from-no-dot"
"ESS/CDP/Delete/CDP Activity Referral.QVD","-","1252","TRUE",FALSE,""
"ESS/CDP/Delete/CDP Caseload Current Status.QVD","-","1252","TRUE",FALSE,""
"ESS/CDP/Delete/CDP Caseload History Contract.QVD","-","1252","TRUE",FALSE,""
"ESS/CDP/Delete/CDP Caseload History CR.QVD","-","1252","TRUE",FALSE,""
"ESS/CDP/Delete/CDP Caseload History JS.QVD","-","1252","TRUE",FALSE,""
"ESS/CDP/Delete/CDP Caseload History Site.QVD","-","1252","TRUE",FALSE,""
"ESS/CDP/Delete/CDP Contract Current.QVD","-","1252","TRUE",FALSE,""
"ESS/CDP/CDP Contract Referral Placement.QVD","-","1252","TRUE",FALSE,""
"ESS/CDP/Delete/CDP Contract Referral.QVD","-","1252","TRUE",FALSE,""
"ESS/CDP/Delete/CDP CRP CURRENT.QVD","-","1252","TRUE",FALSE,""
"ESS/CDP/Delete/CDP Employment Placement.QVD","-","1252","TRUE",FALSE,""
"ESS/CDP/Delete/CDP Job Seeker Characteristics Current.QVD","-","1252","TRUE",FALSE,""
"ESS/CDP/Delete/CDP Job Seeker Current.QVD","-","1252","TRUE",FALSE,""
"ESS/CDP/Delete/CDP Organisation Current.QVD","-","1252","TRUE",FALSE,""
"ESS/CDP/Delete/CDP Site Contract Current.QVD","-","1252","TRUE",FALSE,""
"ESS/CDP/Delete/CDP Assistance.QVD","-","1254","TRUE",FALSE,""
"ESS/CDP/Delete/CDP Job Plan Activity Link.QVD","-","1254","TRUE",FALSE,""
"ESS/CDP/Delete/CDP Job Plan Assistance Link.QVD","-","1254","TRUE",FALSE,""
"SSR/Aged Debts.qvd","-","1364","TRUE",TRUE,"from-no-dot"
"ESS/IEP/Snapshots/Temp/CDP_Contract_Referral_Placement.QVD","-","1374","TRUE",TRUE,"truncated-statement"
"ESS/IEP/Snapshots/Temp/CDP_Job_Seeker.QVD","-","1374","TRUE",TRUE,"no-sql-select"
"ESS/IEP/Snapshots/Temp/IEP_Activity_Contact.QVD","-","1374","TRUE",TRUE,"from-no-dot"
"ESS/IEP/Snapshots/Temp/IEP_Activity_Expenditure.QVD","-","1374","TRUE",TRUE,"no-sql-select"
"ESS/IEP/Snapshots/Temp/IEP_Activity.QVD","-","1374","TRUE",TRUE,"no-sql-select"
"ESS/IEP/Snapshots/Temp/IEP_Claim_Payments.QVD","-","1374","TRUE",TRUE,"no-sql-select"
"ESS/IEP/Snapshots/Temp/IEP_Job_Seeker.QVD","-","1374","TRUE",TRUE,"from-no-dot"
"ESS/IEP/Snapshots/Temp/IEP_LOCATIONS.QVD","-","1374","TRUE",TRUE,"no-sql-select"
"ESS/IEP/Snapshots/Temp/IEP_Outcome.QVD","-","1374","TRUE",TRUE,"from-no-dot"
"ESS/IEP/Snapshots/Temp/IEP_Placement.QVD","-","1374","TRUE",TRUE,"no-sql-select"
"ESS/IEP/Snapshots/Temp/IEP_Provider.QVD","-","1374","TRUE",TRUE,"from-no-dot"
"PMC/University.qvd","AZURE QVD Generator","1380","TRUE",TRUE,"from-no-dot"
"SSR/Grant Activity Missing Milestone.qvd","-","1404","TRUE",TRUE,"from-no-dot"
"SSR/Adjustment Appraisals.qvd","-","1421","TRUE",TRUE,"from-no-dot"
"SSR/Adjustment Tracker.qvd","-","1421","TRUE",TRUE,"from-no-dot"
"SSR/Delivery Adjustment.qvd","-","1421","TRUE",TRUE,"from-no-dot"
"SSR/Published Grants.qvd","-","1421","TRUE",TRUE,"from-no-dot"
"SSR/RGU Staff.qvd","-","1421","TRUE",TRUE,"from-no-dot"
"ESS/CDP/Delete/CDP Job Seeker Latest.QVD","-","1447","TRUE",FALSE,""
"ESS/IEP/Snapshots/Temp/IEP_Activity_Expenditure_20211201.QVD","-","1491","TRUE",TRUE,"no-sql-select"
"ESS/IEP/Snapshots/Temp/IEP_Activity_Expenditure_20220131.QVD","-","1491","TRUE",TRUE,"no-sql-select"
"ESS/IEP/Snapshots/CDP_Contract_Referral_Placement_20220131.QVD","-","1666","TRUE",FALSE,""
"ESS/IEP/Snapshots/CDP_Job_Seeker_20220131.QVD","-","1666","TRUE",FALSE,""
"ESS/IEP/Snapshots/IEP_Activity_20220131.QVD","-","1666","TRUE",FALSE,""
"ESS/IEP/Snapshots/IEP_Activity_Contact_20220131.QVD","-","1666","TRUE",FALSE,""
"ESS/IEP/Snapshots/IEP_Activity_Expenditure_20220131.QVD","-","1666","TRUE",FALSE,""
"ESS/IEP/Snapshots/IEP_Claim_Payments_20220131.QVD","-","1666","TRUE",FALSE,""
"ESS/IEP/Snapshots/IEP_Job_Seeker_20220131.QVD","-","1666","TRUE",FALSE,""
"ESS/IEP/Snapshots/IEP_LOCATIONS_20220131.QVD","-","1666","TRUE",FALSE,""
"ESS/IEP/Snapshots/IEP_Outcome_20220131.QVD","-","1666","TRUE",FALSE,""
"ESS/IEP/Snapshots/IEP_Placement_20220131.QVD","-","1666","TRUE",FALSE,""
"ESS/IEP/Snapshots/IEP_Provider_20220131.QVD","-","1666","TRUE",FALSE,""
"ESS/IEP/Snapshots/Temp/CDP_Contract_Referral_Placement_20220131.QVD","-","1666","TRUE",TRUE,"truncated-statement"
"ESS/IEP/Snapshots/Temp/CDP_Job_Seeker_20220131.QVD","-","1666","TRUE",TRUE,"no-sql-select"
"ESS/IEP/Snapshots/Temp/IEP_Activity_20220131.QVD","-","1666","TRUE",TRUE,"no-sql-select"
"ESS/IEP/Snapshots/Temp/IEP_Activity_Contact_20220131.QVD","-","1666","TRUE",TRUE,"from-no-dot"
"ESS/IEP/Snapshots/Temp/IEP_Claim_Payments_20220131.QVD","-","1666","TRUE",TRUE,"no-sql-select"
"ESS/IEP/Snapshots/Temp/IEP_Job_Seeker_20220131.QVD","-","1666","TRUE",TRUE,"from-no-dot"
"ESS/IEP/Snapshots/Temp/IEP_LOCATIONS_20220131.QVD","-","1666","TRUE",TRUE,"no-sql-select"
"ESS/IEP/Snapshots/Temp/IEP_Outcome_20220131.QVD","-","1666","TRUE",TRUE,"from-no-dot"
"ESS/IEP/Snapshots/Temp/IEP_Placement_20220131.QVD","-","1666","TRUE",TRUE,"no-sql-select"
"ESS/IEP/Snapshots/Temp/IEP_Provider_20220131.QVD","-","1666","TRUE",TRUE,"from-no-dot"
"ESS/IEP/Snapshots/CDP_Contract_Referral_Placement_20211231.QVD","-","1692","TRUE",FALSE,""
"ESS/IEP/Snapshots/CDP_Job_Seeker_20211231.QVD","-","1692","TRUE",FALSE,""
"ESS/IEP/Snapshots/IEP_Activity_20211231.QVD","-","1692","TRUE",FALSE,""
"ESS/IEP/Snapshots/IEP_Activity_Contact_20211231.QVD","-","1692","TRUE",FALSE,""
"ESS/IEP/Snapshots/IEP_Activity_Expenditure_20211231.QVD","-","1692","TRUE",FALSE,""
"ESS/IEP/Snapshots/IEP_Claim_Payments_20211231.QVD","-","1692","TRUE",FALSE,""
"ESS/IEP/Snapshots/IEP_Job_Seeker_20211231.QVD","-","1692","TRUE",FALSE,""
"ESS/IEP/Snapshots/IEP_LOCATIONS_20211231.QVD","-","1692","TRUE",FALSE,""
"ESS/IEP/Snapshots/IEP_Outcome_20211231.QVD","-","1692","TRUE",FALSE,""
"ESS/IEP/Snapshots/IEP_Placement_20211231.QVD","-","1692","TRUE",FALSE,""
"ESS/IEP/Snapshots/IEP_Provider_20211231.QVD","-","1692","TRUE",FALSE,""
"ESS/IEP/Snapshots/Temp/IEP_Outcome_20211231.QVD","-","1692","TRUE",TRUE,"from-no-dot"
"ESS/IEP/Snapshots/Temp/IEP_Placement_20211231.QVD","-","1692","TRUE",TRUE,"no-sql-select"
"ESS/IEP/Snapshots/Temp/CDP_Contract_Referral_Placement_20211231.QVD","-","1693","TRUE",TRUE,"truncated-statement"
"ESS/IEP/Snapshots/Temp/CDP_Job_Seeker_20211231.QVD","-","1693","TRUE",TRUE,"no-sql-select"
"ESS/IEP/Snapshots/Temp/IEP_Activity_20211231.QVD","-","1693","TRUE",TRUE,"no-sql-select"
"ESS/IEP/Snapshots/Temp/IEP_Activity_Contact_20211231.QVD","-","1693","TRUE",TRUE,"from-no-dot"
"ESS/IEP/Snapshots/Temp/IEP_Activity_Expenditure_20211231.QVD","-","1693","TRUE",TRUE,"no-sql-select"
"ESS/IEP/Snapshots/Temp/IEP_Claim_Payments_20211231.QVD","-","1693","TRUE",TRUE,"no-sql-select"
"ESS/IEP/Snapshots/Temp/IEP_Job_Seeker_20211231.QVD","-","1693","TRUE",TRUE,"from-no-dot"
"ESS/IEP/Snapshots/Temp/IEP_LOCATIONS_20211231.QVD","-","1693","TRUE",TRUE,"no-sql-select"
"ESS/IEP/Snapshots/Temp/IEP_Provider_20211231.QVD","-","1693","TRUE",TRUE,"from-no-dot"
"ESS/IEP/Snapshots/CDP_Contract_Referral_Placement_20211130.QVD","-","1728","TRUE",FALSE,""
"ESS/IEP/Snapshots/CDP_Job_Seeker_20200930.QVD","-","1728","TRUE",FALSE,""
"ESS/IEP/Snapshots/CDP_Job_Seeker_20201031.QVD","-","1728","TRUE",FALSE,""
"ESS/IEP/Snapshots/CDP_Job_Seeker_20201130.QVD","-","1728","TRUE",FALSE,""
"ESS/IEP/Snapshots/CDP_Job_Seeker_20201231.QVD","-","1728","TRUE",FALSE,""
"ESS/IEP/Snapshots/CDP_Job_Seeker_20210131.QVD","-","1728","TRUE",FALSE,""
"ESS/IEP/Snapshots/CDP_Job_Seeker_20210228.QVD","-","1728","TRUE",FALSE,""
"ESS/IEP/Snapshots/CDP_Job_Seeker_20210331.QVD","-","1728","TRUE",FALSE,""
"ESS/IEP/Snapshots/CDP_Job_Seeker_20210430.QVD","-","1728","TRUE",FALSE,""
"ESS/IEP/Snapshots/CDP_Job_Seeker_20210531.QVD","-","1728","TRUE",FALSE,""
"ESS/IEP/Snapshots/CDP_Job_Seeker_20210630.QVD","-","1728","TRUE",FALSE,""
"ESS/IEP/Snapshots/CDP_Job_Seeker_20210731.QVD","-","1728","TRUE",FALSE,""
"ESS/IEP/Snapshots/CDP_Job_Seeker_20210831.QVD","-","1728","TRUE",FALSE,""
"ESS/IEP/Snapshots/CDP_Job_Seeker_20210930.QVD","-","1728","TRUE",FALSE,""
"ESS/IEP/Snapshots/CDP_Job_Seeker_20211031.QVD","-","1728","TRUE",FALSE,""
"ESS/IEP/Snapshots/CDP_Job_Seeker_20211130.QVD","-","1728","TRUE",FALSE,""
"ESS/IEP/Snapshots/IEP_Activity_20211130.QVD","-","1728","TRUE",FALSE,""
"ESS/IEP/Snapshots/IEP_Activity_Contact_20211130.QVD","-","1728","TRUE",FALSE,""
"ESS/IEP/Snapshots/IEP_Activity_Expenditure_20211130.QVD","-","1728","TRUE",FALSE,""
"ESS/IEP/Snapshots/IEP_Claim_Payments_20211130.QVD","-","1728","TRUE",FALSE,""
"ESS/IEP/Snapshots/IEP_Job_Seeker_20211130.QVD","-","1728","TRUE",FALSE,""
"ESS/IEP/Snapshots/IEP_LOCATIONS_20211130.QVD","-","1728","TRUE",FALSE,""
"ESS/IEP/Snapshots/IEP_Outcome_20211130.QVD","-","1728","TRUE",FALSE,""
"ESS/IEP/Snapshots/IEP_Placement_20211130.QVD","-","1728","TRUE",FALSE,""
"ESS/IEP/Snapshots/IEP_Provider_20211130.QVD","-","1728","TRUE",FALSE,""
"ESS/IEP/Snapshots/Temp/CDP_Contract_Referral_Placement_20211130.QVD","-","1728","TRUE",TRUE,"truncated-statement"
"ESS/IEP/Snapshots/Temp/CDP_Job_Seeker_20211130.QVD","-","1728","TRUE",TRUE,"no-sql-select"
"ESS/IEP/Snapshots/Temp/IEP_Activity_20211130.QVD","-","1728","TRUE",TRUE,"no-sql-select"
"ESS/IEP/Snapshots/Temp/IEP_Activity_Contact_20211130.QVD","-","1728","TRUE",TRUE,"from-no-dot"
"ESS/IEP/Snapshots/Temp/IEP_Activity_Expenditure_20211130.QVD","-","1728","TRUE",TRUE,"no-sql-select"
"ESS/IEP/Snapshots/Temp/IEP_Claim_Payments_20211130.QVD","-","1728","TRUE",TRUE,"no-sql-select"
"ESS/IEP/Snapshots/Temp/IEP_Job_Seeker_20211130.QVD","-","1728","TRUE",TRUE,"from-no-dot"
"ESS/IEP/Snapshots/Temp/IEP_LOCATIONS_20211130.QVD","-","1728","TRUE",TRUE,"no-sql-select"
"ESS/IEP/Snapshots/Temp/IEP_Outcome_20211130.QVD","-","1728","TRUE",TRUE,"from-no-dot"
"ESS/IEP/Snapshots/Temp/IEP_Placement_20211130.QVD","-","1728","TRUE",TRUE,"no-sql-select"
"ESS/IEP/Snapshots/Temp/IEP_Provider_20211130.QVD","-","1728","TRUE",TRUE,"from-no-dot"
"ESS/IEP/Snapshots/Temp/CDP_Job_Seeker_20200930.QVD","-","1728","TRUE",TRUE,"no-sql-select"
"ESS/IEP/Snapshots/Temp/CDP_Job_Seeker_20201031.QVD","-","1728","TRUE",TRUE,"no-sql-select"
"ESS/IEP/Snapshots/Temp/CDP_Job_Seeker_20201130.QVD","-","1728","TRUE",TRUE,"no-sql-select"
"ESS/IEP/Snapshots/Temp/CDP_Job_Seeker_20201231.QVD","-","1728","TRUE",TRUE,"no-sql-select"
"ESS/IEP/Snapshots/Temp/CDP_Job_Seeker_20210131.QVD","-","1728","TRUE",TRUE,"no-sql-select"
"ESS/IEP/Snapshots/Temp/CDP_Job_Seeker_20210228.QVD","-","1728","TRUE",TRUE,"no-sql-select"
"ESS/IEP/Snapshots/Temp/CDP_Job_Seeker_20210331.QVD","-","1728","TRUE",TRUE,"no-sql-select"
"ESS/IEP/Snapshots/Temp/CDP_Job_Seeker_20210430.QVD","-","1728","TRUE",TRUE,"no-sql-select"
"ESS/IEP/Snapshots/Temp/CDP_Job_Seeker_20210531.QVD","-","1728","TRUE",TRUE,"no-sql-select"
"ESS/IEP/Snapshots/Temp/CDP_Job_Seeker_20210630.QVD","-","1728","TRUE",TRUE,"no-sql-select"
"ESS/IEP/Snapshots/Temp/CDP_Job_Seeker_20210731.QVD","-","1728","TRUE",TRUE,"no-sql-select"
"ESS/IEP/Snapshots/Temp/CDP_Job_Seeker_20210831.QVD","-","1728","TRUE",TRUE,"no-sql-select"
"ESS/IEP/Snapshots/Temp/CDP_Job_Seeker_20210930.QVD","-","1728","TRUE",TRUE,"no-sql-select"
"ESS/IEP/Snapshots/Temp/CDP_Job_Seeker_20211031.QVD","-","1728","TRUE",FALSE,""
"SSR/Activity Milestone Region.qvd","AZURE SSR QVD Generator","1737","TRUE",TRUE,"from-no-dot"
"SSR/Overdue Milestone Reason.qvd","AZURE SSR QVD Generator","1737","TRUE",TRUE,"from-no-dot"
"ESS/IEP/Snapshots/CDP_Contract_Referral_Placement_20200930.QVD","-","1757","TRUE",FALSE,""
"ESS/IEP/Snapshots/CDP_Contract_Referral_Placement_20201031.QVD","-","1757","TRUE",FALSE,""
"ESS/IEP/Snapshots/CDP_Contract_Referral_Placement_20201130.QVD","-","1757","TRUE",FALSE,""
"ESS/IEP/Snapshots/CDP_Contract_Referral_Placement_20201231.QVD","-","1757","TRUE",FALSE,""
"ESS/IEP/Snapshots/CDP_Contract_Referral_Placement_20210131.QVD","-","1757","TRUE",FALSE,""
"ESS/IEP/Snapshots/CDP_Contract_Referral_Placement_20210228.QVD","-","1757","TRUE",FALSE,""
"ESS/IEP/Snapshots/CDP_Contract_Referral_Placement_20210331.QVD","-","1757","TRUE",FALSE,""
"ESS/IEP/Snapshots/CDP_Contract_Referral_Placement_20210430.QVD","-","1757","TRUE",FALSE,""
"ESS/IEP/Snapshots/CDP_Contract_Referral_Placement_20210531.QVD","-","1757","TRUE",FALSE,""
"ESS/IEP/Snapshots/CDP_Contract_Referral_Placement_20210630.QVD","-","1757","TRUE",FALSE,""
"ESS/IEP/Snapshots/CDP_Contract_Referral_Placement_20210731.QVD","-","1757","TRUE",FALSE,""
"ESS/IEP/Snapshots/CDP_Contract_Referral_Placement_20210831.QVD","-","1757","TRUE",FALSE,""
"ESS/IEP/Snapshots/CDP_Contract_Referral_Placement_20210930.QVD","-","1757","TRUE",FALSE,""
"ESS/IEP/Snapshots/CDP_Contract_Referral_Placement_20211031.QVD","-","1757","TRUE",FALSE,""
"ESS/IEP/Snapshots/IEP_Activity_20200930.QVD","-","1757","TRUE",FALSE,""
"ESS/IEP/Snapshots/IEP_Activity_20201031.QVD","-","1757","TRUE",FALSE,""
"ESS/IEP/Snapshots/IEP_Activity_20201130.QVD","-","1757","TRUE",FALSE,""
"ESS/IEP/Snapshots/IEP_Activity_20201231.QVD","-","1757","TRUE",FALSE,""
"ESS/IEP/Snapshots/IEP_Activity_20210131.QVD","-","1757","TRUE",FALSE,""
"ESS/IEP/Snapshots/IEP_Activity_20210228.QVD","-","1757","TRUE",FALSE,""
"ESS/IEP/Snapshots/IEP_Activity_20210331.QVD","-","1757","TRUE",FALSE,""
"ESS/IEP/Snapshots/IEP_Activity_20210430.QVD","-","1757","TRUE",FALSE,""
"ESS/IEP/Snapshots/IEP_Activity_20210531.QVD","-","1757","TRUE",FALSE,""
"ESS/IEP/Snapshots/IEP_Activity_20210630.QVD","-","1757","TRUE",FALSE,""
"ESS/IEP/Snapshots/IEP_Activity_20210731.QVD","-","1757","TRUE",FALSE,""
"ESS/IEP/Snapshots/IEP_Activity_20210831.QVD","-","1757","TRUE",FALSE,""
"ESS/IEP/Snapshots/IEP_Activity_20210930.QVD","-","1757","TRUE",FALSE,""
"ESS/IEP/Snapshots/IEP_Activity_20211031.QVD","-","1757","TRUE",FALSE,""
"ESS/IEP/Snapshots/IEP_Activity_Contact_20200930.QVD","-","1757","TRUE",FALSE,""
"ESS/IEP/Snapshots/IEP_Activity_Contact_20201031.QVD","-","1757","TRUE",FALSE,""
"ESS/IEP/Snapshots/IEP_Activity_Contact_20201130.QVD","-","1757","TRUE",FALSE,""
"ESS/IEP/Snapshots/IEP_Activity_Contact_20201231.QVD","-","1757","TRUE",FALSE,""
"ESS/IEP/Snapshots/IEP_Activity_Contact_20210131.QVD","-","1757","TRUE",FALSE,""
"ESS/IEP/Snapshots/IEP_Activity_Contact_20210228.QVD","-","1757","TRUE",FALSE,""
"ESS/IEP/Snapshots/IEP_Activity_Contact_20210331.QVD","-","1757","TRUE",FALSE,""
"ESS/IEP/Snapshots/IEP_Activity_Contact_20210430.QVD","-","1757","TRUE",FALSE,""
"ESS/IEP/Snapshots/IEP_Activity_Contact_20210531.QVD","-","1757","TRUE",FALSE,""
"ESS/IEP/Snapshots/IEP_Activity_Contact_20210630.QVD","-","1757","TRUE",FALSE,""
"ESS/IEP/Snapshots/IEP_Activity_Contact_20210731.QVD","-","1757","TRUE",FALSE,""
"ESS/IEP/Snapshots/IEP_Activity_Contact_20210831.QVD","-","1757","TRUE",FALSE,""
"ESS/IEP/Snapshots/IEP_Activity_Contact_20210930.QVD","-","1757","TRUE",FALSE,""
"ESS/IEP/Snapshots/IEP_Activity_Contact_20211031.QVD","-","1757","TRUE",FALSE,""
"ESS/IEP/Snapshots/IEP_Activity_Expenditure_20200930.QVD","-","1757","TRUE",FALSE,""
"ESS/IEP/Snapshots/IEP_Activity_Expenditure_20201031.QVD","-","1757","TRUE",FALSE,""
"ESS/IEP/Snapshots/IEP_Activity_Expenditure_20201130.QVD","-","1757","TRUE",FALSE,""
"ESS/IEP/Snapshots/IEP_Activity_Expenditure_20201231.QVD","-","1757","TRUE",FALSE,""
"ESS/IEP/Snapshots/IEP_Activity_Expenditure_20210131.QVD","-","1757","TRUE",FALSE,""
"ESS/IEP/Snapshots/IEP_Activity_Expenditure_20210228.QVD","-","1757","TRUE",FALSE,""
"ESS/IEP/Snapshots/IEP_Activity_Expenditure_20210331.QVD","-","1757","TRUE",FALSE,""
"ESS/IEP/Snapshots/IEP_Activity_Expenditure_20210430.QVD","-","1757","TRUE",FALSE,""
"ESS/IEP/Snapshots/IEP_Activity_Expenditure_20210531.QVD","-","1757","TRUE",FALSE,""
"ESS/IEP/Snapshots/IEP_Activity_Expenditure_20210630.QVD","-","1757","TRUE",FALSE,""
"ESS/IEP/Snapshots/IEP_Activity_Expenditure_20210731.QVD","-","1757","TRUE",FALSE,""
"ESS/IEP/Snapshots/IEP_Activity_Expenditure_20210831.QVD","-","1757","TRUE",FALSE,""
"ESS/IEP/Snapshots/IEP_Activity_Expenditure_20210930.QVD","-","1757","TRUE",FALSE,""
"ESS/IEP/Snapshots/IEP_Activity_Expenditure_20211031.QVD","-","1757","TRUE",FALSE,""
"ESS/IEP/Snapshots/IEP_Claim_Payments_20200930.QVD","-","1757","TRUE",FALSE,""
"ESS/IEP/Snapshots/IEP_Claim_Payments_20201031.QVD","-","1757","TRUE",FALSE,""
"ESS/IEP/Snapshots/IEP_Claim_Payments_20201130.QVD","-","1757","TRUE",FALSE,""
"ESS/IEP/Snapshots/IEP_Claim_Payments_20201231.QVD","-","1757","TRUE",FALSE,""
"ESS/IEP/Snapshots/IEP_Claim_Payments_20210131.QVD","-","1757","TRUE",FALSE,""
"ESS/IEP/Snapshots/IEP_Claim_Payments_20210228.QVD","-","1757","TRUE",FALSE,""
"ESS/IEP/Snapshots/IEP_Claim_Payments_20210331.QVD","-","1757","TRUE",FALSE,""
"ESS/IEP/Snapshots/IEP_Claim_Payments_20210430.QVD","-","1757","TRUE",FALSE,""
"ESS/IEP/Snapshots/IEP_Claim_Payments_20210531.QVD","-","1757","TRUE",FALSE,""
"ESS/IEP/Snapshots/IEP_Claim_Payments_20210630.QVD","-","1757","TRUE",FALSE,""
"ESS/IEP/Snapshots/IEP_Claim_Payments_20210731.QVD","-","1757","TRUE",FALSE,""
"ESS/IEP/Snapshots/IEP_Claim_Payments_20210831.QVD","-","1757","TRUE",FALSE,""
"ESS/IEP/Snapshots/IEP_Claim_Payments_20210930.QVD","-","1757","TRUE",FALSE,""
"ESS/IEP/Snapshots/IEP_Claim_Payments_20211031.QVD","-","1757","TRUE",FALSE,""
"ESS/IEP/Snapshots/IEP_Job_Seeker_20200930.QVD","-","1757","TRUE",FALSE,""
"ESS/IEP/Snapshots/IEP_Job_Seeker_20201031.QVD","-","1757","TRUE",FALSE,""
"ESS/IEP/Snapshots/IEP_Job_Seeker_20201130.QVD","-","1757","TRUE",FALSE,""
"ESS/IEP/Snapshots/IEP_Job_Seeker_20201231.QVD","-","1757","TRUE",FALSE,""
"ESS/IEP/Snapshots/IEP_Job_Seeker_20210131.QVD","-","1757","TRUE",FALSE,""
"ESS/IEP/Snapshots/IEP_Job_Seeker_20210228.QVD","-","1757","TRUE",FALSE,""
"ESS/IEP/Snapshots/IEP_Job_Seeker_20210331.QVD","-","1757","TRUE",FALSE,""
"ESS/IEP/Snapshots/IEP_Job_Seeker_20210430.QVD","-","1757","TRUE",FALSE,""
"ESS/IEP/Snapshots/IEP_Job_Seeker_20210531.QVD","-","1757","TRUE",FALSE,""
"ESS/IEP/Snapshots/IEP_Job_Seeker_20210630.QVD","-","1757","TRUE",FALSE,""
"ESS/IEP/Snapshots/IEP_Job_Seeker_20210731.QVD","-","1757","TRUE",FALSE,""
"ESS/IEP/Snapshots/IEP_Job_Seeker_20210831.QVD","-","1757","TRUE",FALSE,""
"ESS/IEP/Snapshots/IEP_Job_Seeker_20210930.QVD","-","1757","TRUE",FALSE,""
"ESS/IEP/Snapshots/IEP_Job_Seeker_20211031.QVD","-","1757","TRUE",FALSE,""
"ESS/IEP/Snapshots/IEP_LOCATIONS_20200930.QVD","-","1757","TRUE",FALSE,""
"ESS/IEP/Snapshots/IEP_LOCATIONS_20201031.QVD","-","1757","TRUE",FALSE,""
"ESS/IEP/Snapshots/IEP_LOCATIONS_20201130.QVD","-","1757","TRUE",FALSE,""
"ESS/IEP/Snapshots/IEP_LOCATIONS_20201231.QVD","-","1757","TRUE",FALSE,""
"ESS/IEP/Snapshots/IEP_LOCATIONS_20210131.QVD","-","1757","TRUE",FALSE,""
"ESS/IEP/Snapshots/IEP_LOCATIONS_20210228.QVD","-","1757","TRUE",FALSE,""
"ESS/IEP/Snapshots/IEP_LOCATIONS_20210331.QVD","-","1757","TRUE",FALSE,""
"ESS/IEP/Snapshots/IEP_LOCATIONS_20210430.QVD","-","1757","TRUE",FALSE,""
"ESS/IEP/Snapshots/IEP_LOCATIONS_20210531.QVD","-","1757","TRUE",FALSE,""
"ESS/IEP/Snapshots/IEP_LOCATIONS_20210630.QVD","-","1757","TRUE",FALSE,""
"ESS/IEP/Snapshots/IEP_LOCATIONS_20210731.QVD","-","1757","TRUE",FALSE,""
"ESS/IEP/Snapshots/IEP_LOCATIONS_20210831.QVD","-","1757","TRUE",FALSE,""
"ESS/IEP/Snapshots/IEP_LOCATIONS_20210930.QVD","-","1757","TRUE",FALSE,""
"ESS/IEP/Snapshots/IEP_LOCATIONS_20211031.QVD","-","1757","TRUE",FALSE,""
"ESS/IEP/Snapshots/IEP_Outcome_20200930.QVD","-","1757","TRUE",FALSE,""
"ESS/IEP/Snapshots/IEP_Outcome_20201031.QVD","-","1757","TRUE",FALSE,""
"ESS/IEP/Snapshots/IEP_Outcome_20201130.QVD","-","1757","TRUE",FALSE,""
"ESS/IEP/Snapshots/IEP_Outcome_20201231.QVD","-","1757","TRUE",FALSE,""
"ESS/IEP/Snapshots/IEP_Outcome_20210131.QVD","-","1757","TRUE",FALSE,""
"ESS/IEP/Snapshots/IEP_Outcome_20210228.QVD","-","1757","TRUE",FALSE,""
"ESS/IEP/Snapshots/IEP_Outcome_20210331.QVD","-","1757","TRUE",FALSE,""
"ESS/IEP/Snapshots/IEP_Outcome_20210430.QVD","-","1757","TRUE",FALSE,""
"ESS/IEP/Snapshots/IEP_Outcome_20210531.QVD","-","1757","TRUE",FALSE,""
"ESS/IEP/Snapshots/IEP_Outcome_20210630.QVD","-","1757","TRUE",FALSE,""
"ESS/IEP/Snapshots/IEP_Outcome_20210731.QVD","-","1757","TRUE",FALSE,""
"ESS/IEP/Snapshots/IEP_Outcome_20210831.QVD","-","1757","TRUE",FALSE,""
"ESS/IEP/Snapshots/IEP_Outcome_20210930.QVD","-","1757","TRUE",FALSE,""
"ESS/IEP/Snapshots/IEP_Outcome_20211031.QVD","-","1757","TRUE",FALSE,""
"ESS/IEP/Snapshots/IEP_Placement_20200930.QVD","-","1757","TRUE",FALSE,""
"ESS/IEP/Snapshots/IEP_Placement_20201031.QVD","-","1757","TRUE",FALSE,""
"ESS/IEP/Snapshots/IEP_Placement_20201130.QVD","-","1757","TRUE",FALSE,""
"ESS/IEP/Snapshots/IEP_Placement_20201231.QVD","-","1757","TRUE",FALSE,""
"ESS/IEP/Snapshots/IEP_Placement_20210131.QVD","-","1757","TRUE",FALSE,""
"ESS/IEP/Snapshots/IEP_Placement_20210228.QVD","-","1757","TRUE",FALSE,""
"ESS/IEP/Snapshots/IEP_Placement_20210331.QVD","-","1757","TRUE",FALSE,""
"ESS/IEP/Snapshots/IEP_Placement_20210430.QVD","-","1757","TRUE",FALSE,""
"ESS/IEP/Snapshots/IEP_Placement_20210531.QVD","-","1757","TRUE",FALSE,""
"ESS/IEP/Snapshots/IEP_Placement_20210630.QVD","-","1757","TRUE",FALSE,""
"ESS/IEP/Snapshots/IEP_Placement_20210731.QVD","-","1757","TRUE",FALSE,""
"ESS/IEP/Snapshots/IEP_Placement_20210831.QVD","-","1757","TRUE",FALSE,""
"ESS/IEP/Snapshots/IEP_Placement_20210930.QVD","-","1757","TRUE",FALSE,""
"ESS/IEP/Snapshots/IEP_Placement_20211031.QVD","-","1757","TRUE",FALSE,""
"ESS/IEP/Snapshots/IEP_Provider_20200930.QVD","-","1757","TRUE",FALSE,""
"ESS/IEP/Snapshots/IEP_Provider_20201031.QVD","-","1757","TRUE",FALSE,""
"ESS/IEP/Snapshots/IEP_Provider_20201130.QVD","-","1757","TRUE",FALSE,""
"ESS/IEP/Snapshots/IEP_Provider_20201231.QVD","-","1757","TRUE",FALSE,""
"ESS/IEP/Snapshots/IEP_Provider_20210131.QVD","-","1757","TRUE",FALSE,""
"ESS/IEP/Snapshots/IEP_Provider_20210228.QVD","-","1757","TRUE",FALSE,""
"ESS/IEP/Snapshots/IEP_Provider_20210331.QVD","-","1757","TRUE",FALSE,""
"ESS/IEP/Snapshots/IEP_Provider_20210430.QVD","-","1757","TRUE",FALSE,""
"ESS/IEP/Snapshots/IEP_Provider_20210531.QVD","-","1757","TRUE",FALSE,""
"ESS/IEP/Snapshots/IEP_Provider_20210630.QVD","-","1757","TRUE",FALSE,""
"ESS/IEP/Snapshots/IEP_Provider_20210731.QVD","-","1757","TRUE",FALSE,""
"ESS/IEP/Snapshots/IEP_Provider_20210831.QVD","-","1757","TRUE",FALSE,""
"ESS/IEP/Snapshots/IEP_Provider_20210930.QVD","-","1757","TRUE",FALSE,""
"ESS/IEP/Snapshots/IEP_Provider_20211031.QVD","-","1757","TRUE",FALSE,""
"ESS/IEP/Snapshots/Temp/CDP_Contract_Referral_Placement_20200930.QVD","-","1757","TRUE",TRUE,"truncated-statement"
"ESS/IEP/Snapshots/Temp/CDP_Contract_Referral_Placement_20201031.QVD","-","1757","TRUE",TRUE,"truncated-statement"
"ESS/IEP/Snapshots/Temp/CDP_Contract_Referral_Placement_20201130.QVD","-","1757","TRUE",TRUE,"truncated-statement"
"ESS/IEP/Snapshots/Temp/CDP_Contract_Referral_Placement_20201231.QVD","-","1757","TRUE",TRUE,"truncated-statement"
"ESS/IEP/Snapshots/Temp/CDP_Contract_Referral_Placement_20210131.QVD","-","1757","TRUE",TRUE,"truncated-statement"
"ESS/IEP/Snapshots/Temp/CDP_Contract_Referral_Placement_20210228.QVD","-","1757","TRUE",TRUE,"truncated-statement"
"ESS/IEP/Snapshots/Temp/CDP_Contract_Referral_Placement_20210331.QVD","-","1757","TRUE",TRUE,"truncated-statement"
"ESS/IEP/Snapshots/Temp/CDP_Contract_Referral_Placement_20210430.QVD","-","1757","TRUE",TRUE,"truncated-statement"
"ESS/IEP/Snapshots/Temp/CDP_Contract_Referral_Placement_20210531.QVD","-","1757","TRUE",TRUE,"truncated-statement"
"ESS/IEP/Snapshots/Temp/CDP_Contract_Referral_Placement_20210630.QVD","-","1757","TRUE",TRUE,"truncated-statement"
"ESS/IEP/Snapshots/Temp/CDP_Contract_Referral_Placement_20210731.QVD","-","1757","TRUE",TRUE,"truncated-statement"
"ESS/IEP/Snapshots/Temp/CDP_Contract_Referral_Placement_20210831.QVD","-","1757","TRUE",TRUE,"truncated-statement"
"ESS/IEP/Snapshots/Temp/CDP_Contract_Referral_Placement_20210930.QVD","-","1757","TRUE",TRUE,"truncated-statement"
"ESS/IEP/Snapshots/Temp/CDP_Contract_Referral_Placement_20211031.QVD","-","1757","TRUE",TRUE,"truncated-statement"
"ESS/IEP/Snapshots/Temp/IEP_Activity_20200930.QVD","-","1757","TRUE",TRUE,"no-sql-select"
"ESS/IEP/Snapshots/Temp/IEP_Activity_20201031.QVD","-","1757","TRUE",TRUE,"no-sql-select"
"ESS/IEP/Snapshots/Temp/IEP_Activity_20201130.QVD","-","1757","TRUE",TRUE,"no-sql-select"
"ESS/IEP/Snapshots/Temp/IEP_Activity_20201231.QVD","-","1757","TRUE",FALSE,""
"ESS/IEP/Snapshots/Temp/IEP_Activity_20210131.QVD","-","1757","TRUE",FALSE,""
"ESS/IEP/Snapshots/Temp/IEP_Activity_20210228.QVD","-","1757","TRUE",FALSE,""
"ESS/IEP/Snapshots/Temp/IEP_Activity_20210331.QVD","-","1757","TRUE",FALSE,""
"ESS/IEP/Snapshots/Temp/IEP_Activity_20210430.QVD","-","1757","TRUE",FALSE,""
"ESS/IEP/Snapshots/Temp/IEP_Activity_20210531.QVD","-","1757","TRUE",FALSE,""
"ESS/IEP/Snapshots/Temp/IEP_Activity_20210630.QVD","-","1757","TRUE",FALSE,""
"ESS/IEP/Snapshots/Temp/IEP_Activity_20210731.QVD","-","1757","TRUE",FALSE,""
"ESS/IEP/Snapshots/Temp/IEP_Activity_20210831.QVD","-","1757","TRUE",FALSE,""
"ESS/IEP/Snapshots/Temp/IEP_Activity_20210930.QVD","-","1757","TRUE",FALSE,""
"ESS/IEP/Snapshots/Temp/IEP_Activity_20211031.QVD","-","1757","TRUE",FALSE,""
"ESS/IEP/Snapshots/Temp/IEP_Activity_Contact_20200930.QVD","-","1757","TRUE",TRUE,"from-no-dot"
"ESS/IEP/Snapshots/Temp/IEP_Activity_Contact_20201031.QVD","-","1757","TRUE",TRUE,"from-no-dot"
"ESS/IEP/Snapshots/Temp/IEP_Activity_Contact_20201130.QVD","-","1757","TRUE",TRUE,"from-no-dot"
"ESS/IEP/Snapshots/Temp/IEP_Activity_Contact_20201231.QVD","-","1757","TRUE",TRUE,"from-no-dot"
"ESS/IEP/Snapshots/Temp/IEP_Activity_Contact_20210131.QVD","-","1757","TRUE",TRUE,"from-no-dot"
"ESS/IEP/Snapshots/Temp/IEP_Activity_Contact_20210228.QVD","-","1757","TRUE",TRUE,"from-no-dot"
"ESS/IEP/Snapshots/Temp/IEP_Activity_Contact_20210331.QVD","-","1757","TRUE",TRUE,"from-no-dot"
"ESS/IEP/Snapshots/Temp/IEP_Activity_Contact_20210430.QVD","-","1757","TRUE",TRUE,"from-no-dot"
"ESS/IEP/Snapshots/Temp/IEP_Activity_Contact_20210531.QVD","-","1757","TRUE",TRUE,"from-no-dot"
"ESS/IEP/Snapshots/Temp/IEP_Activity_Contact_20210630.QVD","-","1757","TRUE",TRUE,"from-no-dot"
"ESS/IEP/Snapshots/Temp/IEP_Activity_Contact_20210731.QVD","-","1757","TRUE",TRUE,"from-no-dot"
"ESS/IEP/Snapshots/Temp/IEP_Activity_Contact_20210831.QVD","-","1757","TRUE",TRUE,"from-no-dot"
"ESS/IEP/Snapshots/Temp/IEP_Activity_Contact_20210930.QVD","-","1757","TRUE",TRUE,"from-no-dot"
"ESS/IEP/Snapshots/Temp/IEP_Activity_Contact_20211031.QVD","-","1757","TRUE",TRUE,"from-no-dot"
"ESS/IEP/Snapshots/Temp/IEP_Activity_Expenditure_20200930.QVD","-","1757","TRUE",TRUE,"no-sql-select"
"ESS/IEP/Snapshots/Temp/IEP_Activity_Expenditure_20201031.QVD","-","1757","TRUE",TRUE,"no-sql-select"
"ESS/IEP/Snapshots/Temp/IEP_Activity_Expenditure_20201130.QVD","-","1757","TRUE",TRUE,"no-sql-select"
"ESS/IEP/Snapshots/Temp/IEP_Activity_Expenditure_20201231.QVD","-","1757","TRUE",TRUE,"no-sql-select"
"ESS/IEP/Snapshots/Temp/IEP_Activity_Expenditure_20210131.QVD","-","1757","TRUE",TRUE,"no-sql-select"
"ESS/IEP/Snapshots/Temp/IEP_Activity_Expenditure_20210228.QVD","-","1757","TRUE",TRUE,"no-sql-select"
"ESS/IEP/Snapshots/Temp/IEP_Activity_Expenditure_20210331.QVD","-","1757","TRUE",TRUE,"no-sql-select"
"ESS/IEP/Snapshots/Temp/IEP_Activity_Expenditure_20210430.QVD","-","1757","TRUE",TRUE,"no-sql-select"
"ESS/IEP/Snapshots/Temp/IEP_Activity_Expenditure_20210531.QVD","-","1757","TRUE",TRUE,"no-sql-select"
"ESS/IEP/Snapshots/Temp/IEP_Activity_Expenditure_20210630.QVD","-","1757","TRUE",TRUE,"no-sql-select"
"ESS/IEP/Snapshots/Temp/IEP_Activity_Expenditure_20210731.QVD","-","1757","TRUE",FALSE,""
"ESS/IEP/Snapshots/Temp/IEP_Activity_Expenditure_20210831.QVD","-","1757","TRUE",FALSE,""
"ESS/IEP/Snapshots/Temp/IEP_Activity_Expenditure_20210930.QVD","-","1757","TRUE",FALSE,""
"ESS/IEP/Snapshots/Temp/IEP_Activity_Expenditure_20211031.QVD","-","1757","TRUE",FALSE,""
"ESS/IEP/Snapshots/Temp/IEP_Claim_Payments_20200930.QVD","-","1757","TRUE",TRUE,"no-sql-select"
"ESS/IEP/Snapshots/Temp/IEP_Claim_Payments_20201031.QVD","-","1757","TRUE",TRUE,"no-sql-select"
"ESS/IEP/Snapshots/Temp/IEP_Claim_Payments_20201130.QVD","-","1757","TRUE",TRUE,"no-sql-select"
"ESS/IEP/Snapshots/Temp/IEP_Claim_Payments_20201231.QVD","-","1757","TRUE",TRUE,"no-sql-select"
"ESS/IEP/Snapshots/Temp/IEP_Claim_Payments_20210131.QVD","-","1757","TRUE",TRUE,"no-sql-select"
"ESS/IEP/Snapshots/Temp/IEP_Claim_Payments_20210228.QVD","-","1757","TRUE",TRUE,"no-sql-select"
"ESS/IEP/Snapshots/Temp/IEP_Claim_Payments_20210331.QVD","-","1757","TRUE",TRUE,"no-sql-select"
"ESS/IEP/Snapshots/Temp/IEP_Claim_Payments_20210430.QVD","-","1757","TRUE",TRUE,"no-sql-select"
"ESS/IEP/Snapshots/Temp/IEP_Claim_Payments_20210531.QVD","-","1757","TRUE",FALSE,""
"ESS/IEP/Snapshots/Temp/IEP_Claim_Payments_20210630.QVD","-","1757","TRUE",FALSE,""
"ESS/IEP/Snapshots/Temp/IEP_Claim_Payments_20210731.QVD","-","1757","TRUE",FALSE,""
"ESS/IEP/Snapshots/Temp/IEP_Claim_Payments_20210831.QVD","-","1757","TRUE",FALSE,""
"ESS/IEP/Snapshots/Temp/IEP_Claim_Payments_20210930.QVD","-","1757","TRUE",FALSE,""
"ESS/IEP/Snapshots/Temp/IEP_Claim_Payments_20211031.QVD","-","1757","TRUE",FALSE,""
"ESS/IEP/Snapshots/Temp/IEP_Job_Seeker_20200930.QVD","-","1757","TRUE",TRUE,"from-no-dot"
"ESS/IEP/Snapshots/Temp/IEP_Job_Seeker_20201031.QVD","-","1757","TRUE",TRUE,"from-no-dot"
"ESS/IEP/Snapshots/Temp/IEP_Job_Seeker_20201130.QVD","-","1757","TRUE",TRUE,"from-no-dot"
"ESS/IEP/Snapshots/Temp/IEP_Job_Seeker_20201231.QVD","-","1757","TRUE",TRUE,"from-no-dot"
"ESS/IEP/Snapshots/Temp/IEP_Job_Seeker_20210131.QVD","-","1757","TRUE",TRUE,"from-no-dot"
"ESS/IEP/Snapshots/Temp/IEP_Job_Seeker_20210228.QVD","-","1757","TRUE",TRUE,"from-no-dot"
"ESS/IEP/Snapshots/Temp/IEP_Job_Seeker_20210331.QVD","-","1757","TRUE",TRUE,"from-no-dot"
"ESS/IEP/Snapshots/Temp/IEP_Job_Seeker_20210430.QVD","-","1757","TRUE",TRUE,"from-no-dot"
"ESS/IEP/Snapshots/Temp/IEP_Job_Seeker_20210531.QVD","-","1757","TRUE",TRUE,"from-no-dot"
"ESS/IEP/Snapshots/Temp/IEP_Job_Seeker_20210630.QVD","-","1757","TRUE",TRUE,"from-no-dot"
"ESS/IEP/Snapshots/Temp/IEP_Job_Seeker_20210731.QVD","-","1757","TRUE",TRUE,"from-no-dot"
"ESS/IEP/Snapshots/Temp/IEP_Job_Seeker_20210831.QVD","-","1757","TRUE",TRUE,"from-no-dot"
"ESS/IEP/Snapshots/Temp/IEP_Job_Seeker_20210930.QVD","-","1757","TRUE",FALSE,""
"ESS/IEP/Snapshots/Temp/IEP_Job_Seeker_20211031.QVD","-","1757","TRUE",FALSE,""
"ESS/IEP/Snapshots/Temp/IEP_LOCATIONS_20200930.QVD","-","1757","TRUE",TRUE,"no-sql-select"
"ESS/IEP/Snapshots/Temp/IEP_LOCATIONS_20201031.QVD","-","1757","TRUE",TRUE,"no-sql-select"
"ESS/IEP/Snapshots/Temp/IEP_LOCATIONS_20201130.QVD","-","1757","TRUE",TRUE,"no-sql-select"
"ESS/IEP/Snapshots/Temp/IEP_LOCATIONS_20201231.QVD","-","1757","TRUE",TRUE,"no-sql-select"
"ESS/IEP/Snapshots/Temp/IEP_LOCATIONS_20210131.QVD","-","1757","TRUE",TRUE,"no-sql-select"
"ESS/IEP/Snapshots/Temp/IEP_LOCATIONS_20210228.QVD","-","1757","TRUE",TRUE,"no-sql-select"
"ESS/IEP/Snapshots/Temp/IEP_LOCATIONS_20210331.QVD","-","1757","TRUE",TRUE,"no-sql-select"
"ESS/IEP/Snapshots/Temp/IEP_LOCATIONS_20210430.QVD","-","1757","TRUE",TRUE,"no-sql-select"
"ESS/IEP/Snapshots/Temp/IEP_LOCATIONS_20210531.QVD","-","1757","TRUE",TRUE,"no-sql-select"
"ESS/IEP/Snapshots/Temp/IEP_LOCATIONS_20210630.QVD","-","1757","TRUE",TRUE,"no-sql-select"
"ESS/IEP/Snapshots/Temp/IEP_LOCATIONS_20210731.QVD","-","1757","TRUE",TRUE,"no-sql-select"
"ESS/IEP/Snapshots/Temp/IEP_LOCATIONS_20210831.QVD","-","1757","TRUE",TRUE,"no-sql-select"
"ESS/IEP/Snapshots/Temp/IEP_LOCATIONS_20210930.QVD","-","1757","TRUE",TRUE,"no-sql-select"
"ESS/IEP/Snapshots/Temp/IEP_LOCATIONS_20211031.QVD","-","1757","TRUE",TRUE,"no-sql-select"
"ESS/IEP/Snapshots/Temp/IEP_Outcome_20200930.QVD","-","1757","TRUE",TRUE,"from-no-dot"
"ESS/IEP/Snapshots/Temp/IEP_Outcome_20201031.QVD","-","1757","TRUE",TRUE,"from-no-dot"
"ESS/IEP/Snapshots/Temp/IEP_Outcome_20201130.QVD","-","1757","TRUE",TRUE,"from-no-dot"
"ESS/IEP/Snapshots/Temp/IEP_Outcome_20201231.QVD","-","1757","TRUE",TRUE,"from-no-dot"
"ESS/IEP/Snapshots/Temp/IEP_Outcome_20210131.QVD","-","1757","TRUE",TRUE,"from-no-dot"
"ESS/IEP/Snapshots/Temp/IEP_Outcome_20210228.QVD","-","1757","TRUE",TRUE,"from-no-dot"
"ESS/IEP/Snapshots/Temp/IEP_Outcome_20210331.QVD","-","1757","TRUE",TRUE,"from-no-dot"
"ESS/IEP/Snapshots/Temp/IEP_Outcome_20210430.QVD","-","1757","TRUE",TRUE,"from-no-dot"
"ESS/IEP/Snapshots/Temp/IEP_Outcome_20210531.QVD","-","1757","TRUE",TRUE,"from-no-dot"
"ESS/IEP/Snapshots/Temp/IEP_Outcome_20210630.QVD","-","1757","TRUE",TRUE,"from-no-dot"
"ESS/IEP/Snapshots/Temp/IEP_Outcome_20210731.QVD","-","1757","TRUE",TRUE,"from-no-dot"
"ESS/IEP/Snapshots/Temp/IEP_Outcome_20210831.QVD","-","1757","TRUE",TRUE,"from-no-dot"
"ESS/IEP/Snapshots/Temp/IEP_Outcome_20210930.QVD","-","1757","TRUE",TRUE,"from-no-dot"
"ESS/IEP/Snapshots/Temp/IEP_Outcome_20211031.QVD","-","1757","TRUE",TRUE,"from-no-dot"
"ESS/IEP/Snapshots/Temp/IEP_Placement_20200930.QVD","-","1757","TRUE",TRUE,"no-sql-select"
"ESS/IEP/Snapshots/Temp/IEP_Placement_20201031.QVD","-","1757","TRUE",TRUE,"no-sql-select"
"ESS/IEP/Snapshots/Temp/IEP_Placement_20201130.QVD","-","1757","TRUE",TRUE,"no-sql-select"
"ESS/IEP/Snapshots/Temp/IEP_Placement_20201231.QVD","-","1757","TRUE",FALSE,""
"ESS/IEP/Snapshots/Temp/IEP_Placement_20210131.QVD","-","1757","TRUE",FALSE,""
"ESS/IEP/Snapshots/Temp/IEP_Placement_20210228.QVD","-","1757","TRUE",FALSE,""
"ESS/IEP/Snapshots/Temp/IEP_Placement_20210331.QVD","-","1757","TRUE",FALSE,""
"ESS/IEP/Snapshots/Temp/IEP_Placement_20210430.QVD","-","1757","TRUE",FALSE,""
"ESS/IEP/Snapshots/Temp/IEP_Placement_20210531.QVD","-","1757","TRUE",FALSE,""
"ESS/IEP/Snapshots/Temp/IEP_Placement_20210630.QVD","-","1757","TRUE",FALSE,""
"ESS/IEP/Snapshots/Temp/IEP_Placement_20210731.QVD","-","1757","TRUE",FALSE,""
"ESS/IEP/Snapshots/Temp/IEP_Placement_20210831.QVD","-","1757","TRUE",FALSE,""
"ESS/IEP/Snapshots/Temp/IEP_Placement_20210930.QVD","-","1757","TRUE",FALSE,""
"ESS/IEP/Snapshots/Temp/IEP_Placement_20211031.QVD","-","1757","TRUE",FALSE,""
"ESS/IEP/Snapshots/Temp/IEP_Provider_20200930.QVD","-","1757","TRUE",TRUE,"from-no-dot"
"ESS/IEP/Snapshots/Temp/IEP_Provider_20201031.QVD","-","1757","TRUE",TRUE,"from-no-dot"
"ESS/IEP/Snapshots/Temp/IEP_Provider_20201130.QVD","-","1757","TRUE",TRUE,"from-no-dot"
"ESS/IEP/Snapshots/Temp/IEP_Provider_20201231.QVD","-","1757","TRUE",TRUE,"from-no-dot"
"ESS/IEP/Snapshots/Temp/IEP_Provider_20210131.QVD","-","1757","TRUE",TRUE,"from-no-dot"
"ESS/IEP/Snapshots/Temp/IEP_Provider_20210228.QVD","-","1757","TRUE",FALSE,""
"ESS/IEP/Snapshots/Temp/IEP_Provider_20210331.QVD","-","1757","TRUE",FALSE,""
"ESS/IEP/Snapshots/Temp/IEP_Provider_20210430.QVD","-","1757","TRUE",FALSE,""
"ESS/IEP/Snapshots/Temp/IEP_Provider_20210531.QVD","-","1757","TRUE",FALSE,""
"ESS/IEP/Snapshots/Temp/IEP_Provider_20210630.QVD","-","1757","TRUE",FALSE,""
"ESS/IEP/Snapshots/Temp/IEP_Provider_20210731.QVD","-","1757","TRUE",FALSE,""
"ESS/IEP/Snapshots/Temp/IEP_Provider_20210831.QVD","-","1757","TRUE",FALSE,""
"ESS/IEP/Snapshots/Temp/IEP_Provider_20210930.QVD","-","1757","TRUE",FALSE,""
"ESS/IEP/Snapshots/Temp/IEP_Provider_20211031.QVD","-","1757","TRUE",FALSE,""
"ESS/IEP/LKP_DIM_JOB_SEEKER_GEOCODED.QVD","-","1774","TRUE",TRUE,"from-no-dot"
"ABS/ATSIP ILOC Census Cell 2011-1.qvd","ABS Data Pack QVD Generator V1.3.0","1775","TRUE",TRUE,"from-no-dot"
"ABS/ATSIP ILOC Census Cell 2011-2.qvd","ABS Data Pack QVD Generator V1.3.0","1775","TRUE",TRUE,"from-no-dot"
"ABS/ATSIP ILOC Census Cell 2016-1.qvd","ABS Data Pack QVD Generator V1.3.0","1775","TRUE",TRUE,"from-no-dot"
"ABS/ATSIP ILOC Census Cell 2016-2.qvd","ABS Data Pack QVD Generator V1.3.0","1775","TRUE",TRUE,"from-no-dot"
"ABS/ATSIP ILOC Census Cell Descriptor.qvd","ABS Data Pack QVD Generator V1.3.0","1775","TRUE",TRUE,"from-no-dot"
"ABS/ATSIP ILOC Census Cell.qvd","ABS Data Pack QVD Generator V1.3.0","1775","TRUE",TRUE,"from-no-dot"
"ESS/Master Calendar.QVD","-","1785","TRUE",FALSE,""
"ABS/ATSIP ILOC Census Cell 2011.qvd","ABS Data Pack QVD Generator V1.3.0","1794","TRUE",TRUE,"from-no-dot"
"ABS/ATSIP ILOC Census Cell 2016.qvd","ABS Data Pack QVD Generator V1.3.0","1794","TRUE",TRUE,"from-no-dot"
"ABS/ATSIP ILOC Demographic Census Cell Descriptor.qvd","ABS Data Pack QVD Generator V1.3.0","1794","TRUE",TRUE,"from-no-dot"
"ABS/ATSIP ILOC Demographic Census Cell.qvd","ABS Data Pack QVD Generator V1.3.0","1794","TRUE",TRUE,"from-no-dot"
"ABS/ATSIP ILOC Education Census Cell Descriptor.qvd","ABS Data Pack QVD Generator V1.3.0","1794","TRUE",TRUE,"from-no-dot"
"ABS/ATSIP ILOC Education Census Cell.qvd","ABS Data Pack QVD Generator V1.3.0","1794","TRUE",TRUE,"from-no-dot"
"ABS/ATSIP ILOC Income Census Cell Descriptor.qvd","ABS Data Pack QVD Generator V1.3.0","1794","TRUE",TRUE,"from-no-dot"
"ABS/ATSIP ILOC Income Census Cell.qvd","ABS Data Pack QVD Generator V1.3.0","1794","TRUE",TRUE,"from-no-dot"
"ABS/ATSIP ILOC Residency Census Cell Descriptor.qvd","ABS Data Pack QVD Generator V1.3.0","1794","TRUE",TRUE,"from-no-dot"
"ABS/ATSIP ILOC Residency Census Cell.qvd","ABS Data Pack QVD Generator V1.3.0","1794","TRUE",TRUE,"from-no-dot"
"ABS/ATSIP IREG Projected Population.qvd","ABS Data Pack QVD Generator V1.3.0","1794","TRUE",TRUE,"from-no-dot"
"ABS/ATSIP SA2 Population.qvd","ABS Data Pack QVD Generator V1.3.0","1794","TRUE",TRUE,"from-no-dot"
"ABS/SEIFA SA1 Summary.qvd","ABS Data Pack QVD Generator V1.3.0","1794","TRUE",TRUE,"from-no-dot"
"GAR/Grant Activity Indicative Risk.qvd","-","1810","TRUE",TRUE,"from-no-dot"
"ESS/IEP/Temp/QVD_List_2.QVD","-","1818","TRUE",FALSE,""
"ESS/IEP/Master_Calendar.qvd","Rods Test harness","1825","TRUE",TRUE,"from-no-dot"
"SSR/1000 Jobs Placements.qvd","-","1829","TRUE",TRUE,"no-sql-select"
"SSR/1000 Jobs Tracker.qvd","-","1829","TRUE",TRUE,"from-no-dot"
"ABS/ATSIP Census Cell Descriptor.qvd","ABS Data Pack QVD Generator V1.3.0","1848","TRUE",TRUE,"from-no-dot"
"SSR/Activity Purchase Order.qvd","AZURE SSR QVD Generator","1923","TRUE",TRUE,"from-no-dot"
"SSR/archive/Adjustment Appraisals.qvd","-","1939","TRUE",TRUE,"from-no-dot"
"SSR/archive/Adjustment Tracker.qvd","-","1939","TRUE",TRUE,"from-no-dot"
"SSR/archive/Delivery Adjustment.qvd","-","1939","TRUE",TRUE,"from-no-dot"
"SSR/archive/Grant Activity Milestone.qvd","-","1939","TRUE",TRUE,"from-no-dot"
"SSR/archive/Milestone Overdue Month.qvd","-","1939","TRUE",TRUE,"from-no-dot"
"SSR/archive/Overdue Milestone Reason.qvd","-","1939","TRUE",TRUE,"from-no-dot"
"SSR/archive/Published Grants.qvd","-","1939","TRUE",TRUE,"from-no-dot"
"SSR/archive/RGU Staff.qvd","-","1939","TRUE",TRUE,"from-no-dot"
"SSR/archive/1000 Jobs Placements.qvd","-","1940","TRUE",TRUE,"no-sql-select"
"SSR/archive/1000 Jobs Tracker.qvd","-","1940","TRUE",TRUE,"from-no-dot"
"SSR/archive/Activity Milestone Region.qvd","AZURE SSR QVD Generator","1942","TRUE",TRUE,"from-no-dot"
"SSR/archive/Activity Purchase Order.qvd","AZURE SSR QVD Generator","1942","TRUE",TRUE,"from-no-dot"
"ABS/Census Cell Descriptor.qvd","ABS Data Pack QVD Generator V1.3.0","1972","TRUE",TRUE,"from-no-dot"
"ABS/ILOC Census Cell.qvd","ABS Data Pack QVD Generator V1.3.0","1972","TRUE",TRUE,"from-no-dot"
"SSR/archive/Grant Activity Acquittal.qvd","AZURE SSR QVD Generator","2136","TRUE",TRUE,"from-no-dot"
"SSR/Grant Activity Acquittal.qvd","AZURE SSR QVD Generator","2136","TRUE",TRUE,"from-no-dot"
"NIAA/Commonwealth Hospital.qvd","-","2289","TRUE",TRUE,"from-no-dot"
"ABS/ATSIP SA2 Census Cell.qvd","ABS ILOC Data Pack QVD Generator 20191216","2418","TRUE",TRUE,"from-no-dot"
"ACARA/Finance Data.qvd","-","2472","TRUE",TRUE,"from-no-dot"
"ACARA/NAPLAN Result National.qvd","-","2472","TRUE",TRUE,"from-no-dot"
"ACARA/NAPLAN Result Similar School.qvd","-","2472","TRUE",TRUE,"from-no-dot"
"ACARA/Naplan Result.qvd","-","2472","TRUE",TRUE,"from-no-dot"
"ACARA/School Attendance.qvd","-","2472","TRUE",TRUE,"from-no-dot"
"ACARA/School Governing Body.qvd","-","2472","TRUE",TRUE,"from-no-dot"
"ACARA/School Location.qvd","-","2472","TRUE",TRUE,"from-no-dot"
"ACARA/School Profile.qvd","-","2472","TRUE",TRUE,"from-no-dot"
"ACARA/Senior Secondary.qvd","-","2472","TRUE",TRUE,"from-no-dot"
"ACARA/Student Gain National.qvd","-","2472","TRUE",TRUE,"from-no-dot"
"ACARA/Student Gain Same Starting Score.qvd","-","2472","TRUE",TRUE,"from-no-dot"
"ACARA/Student Gain Similar School.qvd","-","2472","TRUE",TRUE,"from-no-dot"
"ACARA/Student Gain.qvd","-","2472","TRUE",TRUE,"from-no-dot"
"ACARA/VET School Data.qvd","-","2472","TRUE",TRUE,"from-no-dot"
"ABS/ILOC Census Cell Descriptor.qvd","ABS ILOC Data Pack QVD Generator","2497","TRUE",TRUE,"from-no-dot"
"ABS/ILOC Demographic Census Cell Descriptor.qvd","ABS ILOC Data Pack QVD Generator","2497","TRUE",TRUE,"from-no-dot"
"ABS/ILOC Demographic Census Cell.qvd","ABS ILOC Data Pack QVD Generator","2497","TRUE",TRUE,"from-no-dot"
"ABS/ILOC Education Census Cell Descriptor.qvd","ABS ILOC Data Pack QVD Generator","2497","TRUE",TRUE,"from-no-dot"
"ABS/ILOC Education Census Cell.qvd","ABS ILOC Data Pack QVD Generator","2497","TRUE",TRUE,"from-no-dot"
"ABS/ILOC Income Census Cell Descriptor.qvd","ABS ILOC Data Pack QVD Generator","2497","TRUE",TRUE,"from-no-dot"
"ABS/ILOC Income Census Cell.qvd","ABS ILOC Data Pack QVD Generator","2497","TRUE",TRUE,"from-no-dot"
"ABS/ILOC Residency Census Cell Descriptor.qvd","ABS ILOC Data Pack QVD Generator","2497","TRUE",TRUE,"from-no-dot"
"ABS/ILOC Residency Census Cell.qvd","ABS ILOC Data Pack QVD Generator","2497","TRUE",TRUE,"from-no-dot"
"RSAS/ACARA School.qvd","RSAS QVD Generator","2524","TRUE",TRUE,"from-no-dot"
"RSAS/Dim Calendar.qvd","RSAS QVD Generator","2524","TRUE",FALSE,""
"RSAS/Dim Data Provider.qvd","RSAS QVD Generator","2524","TRUE",FALSE,""
"RSAS/Dim Group.qvd","RSAS QVD Generator","2524","TRUE",FALSE,""
"RSAS/Dim School.qvd","RSAS QVD Generator","2524","TRUE",FALSE,""
"RSAS/Dim Year Level.qvd","RSAS QVD Generator","2524","TRUE",FALSE,""
"RSAS/Fact Absentee.qvd","RSAS QVD Generator","2524","TRUE",FALSE,""
"RSAS/MD School Attendance.qvd","RSAS QVD Generator","2524","TRUE",FALSE,""
"RSAS/PMC Regions.qvd","RSAS QVD Generator","2524","TRUE",FALSE,""
"RSAS/SSIS RSAS.qvd","RSAS QVD Generator","2524","TRUE",TRUE,"from-no-dot"
"RHS/Remote Community.qvd","RHS QVD Generator","2718","TRUE",TRUE,"from-no-dot"
"RHS/RHS Dwelling.qvd","RHS QVD Generator","2718","TRUE",TRUE,"from-no-dot"
"RHS/LGA-SA1.qvd","RHS QVD Generator","2720","TRUE",TRUE,"from-no-dot"
"RHS/RATSIB.qvd","RHS QVD Generator","2720","TRUE",FALSE,""
"RHS/RHS Dwelling-RATSIB.qvd","RHS QVD Generator","2720","TRUE",FALSE,""
"RHS/RHS Funding.qvd","RHS QVD Generator","2720","TRUE",TRUE,"from-no-dot"
"RHS/SA1-ABS.qvd","RHS QVD Generator","2720","TRUE",TRUE,"from-no-dot"
"RHS/SA1-Empowered Community.qvd","RHS QVD Generator","2720","TRUE",TRUE,"from-no-dot"
"RHS/SA1-PMC Region.qvd","RHS QVD Generator","2720","TRUE",TRUE,"from-no-dot"
"RHS/State.qvd","RHS QVD Generator","2720","TRUE",TRUE,"from-no-dot"
"RHS/NT Community.qvd","-","2863","TRUE",FALSE,""
