"app_id","app_name","kind","name","detail"
"74acdc83-8527-41e2-a4a3-3fb35d0d7761","01 ESS QVD Builder - CDP","variable","vMAX","996f13ee-e113-4722-a3e7-2d32aa9c0536"
"74acdc83-8527-41e2-a4a3-3fb35d0d7761","01 ESS QVD Builder - CDP","variable","i","81e5439a-7bc2-43fa-8492-22dfbfc349d6"
"74acdc83-8527-41e2-a4a3-3fb35d0d7761","01 ESS QVD Builder - CDP","variable","vTBL","551d9153-ffb9-4a99-b309-7ec2d604fd6e"
"74acdc83-8527-41e2-a4a3-3fb35d0d7761","01 ESS QVD Builder - CDP","variable","vQLIK_TBL","97204a63-4931-422b-a78a-5aa42e3efce9"
"74acdc83-8527-41e2-a4a3-3fb35d0d7761","01 ESS QVD Builder - CDP","variable","vSTREAM","9af889b4-b5b6-4d84-8fef-7bb156fb4541"
"local:01-ess-qvd-builder-iep","01 ESS QVD Builder - IEP","field","IEP Activity ID","table IEP_Activity"
"local:01-ess-qvd-builder-iep","01 ESS QVD Builder - IEP","field","IEP Program Element","table IEP_Activity"
"local:01-ess-qvd-builder-iep","01 ESS QVD Builder - IEP","field","IEP Program Name","table IEP_Activity"
"local:01-ess-qvd-builder-iep","01 ESS QVD Builder - IEP","field","IEP Program Element Old","table IEP_Activity"
"local:01-ess-qvd-builder-iep","01 ESS QVD Builder - IEP","field","Original Activity Approved Date","table IEP_Activity"
"local:01-ess-qvd-builder-iep","01 ESS QVD Builder - IEP","field","Original Activity Approved Cost","table IEP_Activity"
"local:01-ess-qvd-builder-iep","01 ESS QVD Builder - IEP","field","IEP Activity Snapshot Date","table IEP_Claim_Payments"
"local:01-ess-qvd-builder-iep","01 ESS QVD Builder - IEP","field","IEP Payment Extract Date","table IEP_Claim_Payments"
"local:01-ess-qvd-builder-iep","01 ESS QVD Builder - IEP","field","IEP Payment Key","table IEP_Claim_Payments"
"local:01-ess-qvd-builder-iep","01 ESS QVD Builder - IEP","field","IEP Payment Activity ID","table IEP_Claim_Payments"
"local:01-ess-qvd-builder-iep","01 ESS QVD Builder - IEP","field","Payment ID","table IEP_Claim_Payments"
"local:01-ess-qvd-builder-iep","01 ESS QVD Builder - IEP","field","Payment_FY","table IEP_Claim_Payments"
"local:01-ess-qvd-builder-iep","01 ESS QVD Builder - IEP","field","Expenditure","table IEP_Claim_Payments"
"local:01-ess-qvd-builder-iep","01 ESS QVD Builder - IEP","field","Advance","table IEP_Claim_Payments"
"local:01-ess-qvd-builder-iep","01 ESS QVD Builder - IEP","field","Acquittal","table IEP_Claim_Payments"
"local:01-ess-qvd-builder-iep","01 ESS QVD Builder - IEP","field","Expenditure_GST_Free","table IEP_Claim_Payments"
"local:01-ess-qvd-builder-iep","01 ESS QVD Builder - IEP","field","Advance_GST_Free","table IEP_Claim_Payments"
"local:01-ess-qvd-builder-iep","01 ESS QVD Builder - IEP","field","Acquittal_GST_Free","table IEP_Claim_Payments"
"local:01-ess-qvd-builder-iep","01 ESS QVD Builder - IEP","field","Total Expenditure","table IEP_Claim_Payments"
"local:01-ess-qvd-builder-iep","01 ESS QVD Builder - IEP","field","Total Expenditure GST Excl","table IEP_Claim_Payments"
"local:01-ess-qvd-builder-iep","01 ESS QVD Builder - IEP","field","Advance Paid","table IEP_Claim_Payments"
"local:01-ess-qvd-builder-iep","01 ESS QVD Builder - IEP","field","Advance Paid GST Excl","table IEP_Claim_Payments"
"local:01-ess-qvd-builder-iep","01 ESS QVD Builder - IEP","field","Due_Date","table IEP_Claim_Payments"
"local:01-ess-qvd-builder-iep","01 ESS QVD Builder - IEP","field","Payment Month Year","table IEP_Claim_Payments"
"local:01-ess-qvd-builder-iep","01 ESS QVD Builder - IEP","field","StatusCode","table IEP_Claim_Payments"
"local:01-ess-qvd-builder-iep","01 ESS QVD Builder - IEP","field","PaymentType","table IEP_Claim_Payments"
"local:01-ess-qvd-builder-iep","01 ESS QVD Builder - IEP","field","IEP Activity Snapshot Date","table IEP_Activity"
"local:01-ess-qvd-builder-iep","01 ESS QVD Builder - IEP","field","IEP Activity Extract Date","table IEP_Activity"
"local:01-ess-qvd-builder-iep","01 ESS QVD Builder - IEP","field","IEP Provider Key","table IEP_Activity"
"local:01-ess-qvd-builder-iep","01 ESS QVD Builder - IEP","field","Activity Name","table IEP_Activity"
"local:01-ess-qvd-builder-iep","01 ESS QVD Builder - IEP","field","Activity Start Date","table IEP_Activity"
"local:01-ess-qvd-builder-iep","01 ESS QVD Builder - IEP","field","Activity End Date","table IEP_Activity"
"local:01-ess-qvd-builder-iep","01 ESS QVD Builder - IEP","field","Supervising Office Code","table IEP_Activity"
"local:01-ess-qvd-builder-iep","01 ESS QVD Builder - IEP","field","Supervising Office","table IEP_Activity"
"local:01-ess-qvd-builder-iep","01 ESS QVD Builder - IEP","field","Activity Approved Date","table IEP_Activity"
"local:01-ess-qvd-builder-iep","01 ESS QVD Builder - IEP","field","Activity Approved Cost","table IEP_Activity"
"local:01-ess-qvd-builder-iep","01 ESS QVD Builder - IEP","field","Program CAT Code","table IEP_Activity"
"local:01-ess-qvd-builder-iep","01 ESS QVD Builder - IEP","field","Activity Status Code","table IEP_Activity"
"local:01-ess-qvd-builder-iep","01 ESS QVD Builder - IEP","field","Activity Status","table IEP_Activity"
"local:01-ess-qvd-builder-iep","01 ESS QVD Builder - IEP","field","Activity Spent Funds","table IEP_Activity"
"local:01-ess-qvd-builder-iep","01 ESS QVD Builder - IEP","field","Activity Unspent Funds","table IEP_Activity"
"local:01-ess-qvd-builder-iep","01 ESS QVD Builder - IEP","field","Activity Contract Manager","table IEP_Activity"
"local:01-ess-qvd-builder-iep","01 ESS QVD Builder - IEP","field","Activity Contract Manager Email","table IEP_Activity"
"local:01-ess-qvd-builder-iep","01 ESS QVD Builder - IEP","field","Business Development Officer","table IEP_Activity"
"local:01-ess-qvd-builder-iep","01 ESS QVD Builder - IEP","field","Business Development Officer Email","table IEP_Activity"
"local:01-ess-qvd-builder-iep","01 ESS QVD Builder - IEP","field","Legal Contract Execution Date","table IEP_Activity"
"local:01-ess-qvd-builder-iep","01 ESS QVD Builder - IEP","field","Activity Training Max Places","table IEP_Activity"
"local:01-ess-qvd-builder-iep","01 ESS QVD Builder - IEP","field","Activity Employment Max Places","table IEP_Activity"
"local:01-ess-qvd-builder-iep","01 ESS QVD Builder - IEP","field","Activity Description","table IEP_Activity"
"local:01-ess-qvd-builder-iep","01 ESS QVD Builder - IEP","field","Activity Recruitment End Date","table IEP_Activity"
"local:01-ess-qvd-builder-iep","01 ESS QVD Builder - IEP","field","Activity Recruitment Ended Flag","table IEP_Activity"
"local:01-ess-qvd-builder-iep","01 ESS QVD Builder - IEP","field","Project Type Code","table IEP_Activity"
"local:01-ess-qvd-builder-iep","01 ESS QVD Builder - IEP","field","Activity Duration (Weeks)","table IEP_Activity"
"local:01-ess-qvd-builder-iep","01 ESS QVD Builder - IEP","field","Industry","table IEP_Activity"
"local:01-ess-qvd-builder-iep","01 ESS QVD Builder - IEP","field","Occupation","table IEP_Activity"
"local:01-ess-qvd-builder-iep","01 ESS QVD Builder - IEP","field","IEP Activity Snapshot Date","table IEP_Activity_Contact"
"local:01-ess-qvd-builder-iep","01 ESS QVD Builder - IEP","field","IEP Activity Extract Date","table IEP_Activity_Contact"
"local:01-ess-qvd-builder-iep","01 ESS QVD Builder - IEP","field","IEP Activity ID","table IEP_Activity_Contact"
"local:01-ess-qvd-builder-iep","01 ESS QVD Builder - IEP","field","IEP Provider Contact Name","table IEP_Activity_Contact"
"local:01-ess-qvd-builder-iep","01 ESS QVD Builder - IEP","field","IEP Provider Contact Email","table IEP_Activity_Contact"
"local:01-ess-qvd-builder-iep","01 ESS QVD Builder - IEP","field","IEP Provider Contact Mobile","table IEP_Activity_Contact"
"local:01-ess-qvd-builder-iep","01 ESS QVD Builder - IEP","field","IEP Provider Contact Phone","table IEP_Activity_Contact"
"local:01-ess-qvd-builder-iep","01 ESS QVD Builder - IEP","field","IEP Provider Contact First Name","table IEP_Activity_Contact"
"local:01-ess-qvd-builder-iep","01 ESS QVD Builder - IEP","field","IEP Provider Contact Last Name","table IEP_Activity_Contact"
"local:01-ess-qvd-builder-iep","01 ESS QVD Builder - IEP","field","IEP Activity Snapshot Date","table IEP_Activity_Expenditure"
"local:01-ess-qvd-builder-iep","01 ESS QVD Builder - IEP","field","IEP Activity Extract Date","table IEP_Activity_Expenditure"
"local:01-ess-qvd-builder-iep","01 ESS QVD Builder - IEP","field","IEP Activity ID","table IEP_Activity_Expenditure"
"local:01-ess-qvd-builder-iep","01 ESS QVD Builder - IEP","field","Payment_FY","table IEP_Activity_Expenditure"
"local:01-ess-qvd-builder-iep","01 ESS QVD Builder - IEP","field","Expenditure","table IEP_Activity_Expenditure"
"local:01-ess-qvd-builder-iep","01 ESS QVD Builder - IEP","field","Advance","table IEP_Activity_Expenditure"
"local:01-ess-qvd-builder-iep","01 ESS QVD Builder - IEP","field","Acquittal","table IEP_Activity_Expenditure"
"local:01-ess-qvd-builder-iep","01 ESS QVD Builder - IEP","field","Expenditure_GST_Free","table IEP_Activity_Expenditure"
"local:01-ess-qvd-builder-iep","01 ESS QVD Builder - IEP","field","Advance_GST_Free","table IEP_Activity_Expenditure"
"local:01-ess-qvd-builder-iep","01 ESS QVD Builder - IEP","field","IEP_Activity_Expenditure
from
(
SELECT 
    CONVERT(VARCHAR,P.ProjectId) + '|'
		+ $(vSNAPSHOT_DATE)												AS [IEP Activity Key","table IEP_Activity_Expenditure"
"local:01-ess-qvd-builder-iep","01 ESS QVD Builder - IEP","field","Payments","table IEP_Activity_Expenditure"
"local:01-ess-qvd-builder-iep","01 ESS QVD Builder - IEP","field","Payments_GST_Free","table IEP_Activity_Expenditure"
"local:01-ess-qvd-builder-iep","01 ESS QVD Builder - IEP","field","Acquittal_GST_Free","table IEP_Activity_Expenditure"
"local:01-ess-qvd-builder-iep","01 ESS QVD Builder - IEP","field","PYMT.StatusCode","table IEP_Activity_Expenditure"
"local:01-ess-qvd-builder-iep","01 ESS QVD Builder - IEP","field","PYMT.PaymentId","table IEP_Activity_Expenditure"
"local:01-ess-qvd-builder-iep","01 ESS QVD Builder - IEP","field","IEP Activity Snapshot Date","table IEP_Locations"
"local:01-ess-qvd-builder-iep","01 ESS QVD Builder - IEP","field","IEP Activity Extract Date","table IEP_Locations"
"local:01-ess-qvd-builder-iep","01 ESS QVD Builder - IEP","field","IEP Activity Id","table IEP_Locations"
"local:01-ess-qvd-builder-iep","01 ESS QVD Builder - IEP","field","Locality_IEP","table IEP_Locations"
"local:01-ess-qvd-builder-iep","01 ESS QVD Builder - IEP","field","Electorate","table IEP_Locations"
"local:01-ess-qvd-builder-iep","01 ESS QVD Builder - IEP","field","Regions_IEP","table IEP_Locations"
"local:01-ess-qvd-builder-iep","01 ESS QVD Builder - IEP","field","IEP Placement Snapshot Date","table IEP_Placement"
"local:01-ess-qvd-builder-iep","01 ESS QVD Builder - IEP","field","IEP Placement Extract Date","table IEP_Placement"
"local:01-ess-qvd-builder-iep","01 ESS QVD Builder - IEP","field","IEP Placement Key","table IEP_Placement"
"local:01-ess-qvd-builder-iep","01 ESS QVD Builder - IEP","field","IEP Placement ID","table IEP_Placement"
"local:01-ess-qvd-builder-iep","01 ESS QVD Builder - IEP","field","IEP Job Seeker Key","table IEP_Placement"
"local:01-ess-qvd-builder-iep","01 ESS QVD Builder - IEP","field","Placement Creation Date","table IEP_Placement"
"local:01-ess-qvd-builder-iep","01 ESS QVD Builder - IEP","field","Placement Start Date","table IEP_Placement"
"local:01-ess-qvd-builder-iep","01 ESS QVD Builder - IEP","field","Commencement_FY","table IEP_Placement"
"local:01-ess-qvd-builder-iep","01 ESS QVD Builder - IEP","field","Placement End Date","table IEP_Placement"
"local:01-ess-qvd-builder-iep","01 ESS QVD Builder - IEP","field","Placement Closed Flag","table IEP_Placement"
"local:01-ess-qvd-builder-iep","01 ESS QVD Builder - IEP","field","Placement Site Code","table IEP_Placement"
"local:01-ess-qvd-builder-iep","01 ESS QVD Builder - IEP","field","Placement End Reason","table IEP_Placement"
"local:01-ess-qvd-builder-iep","01 ESS QVD Builder - IEP","field","Placement End Comment","table IEP_Placement"
"local:01-ess-qvd-builder-iep","01 ESS QVD Builder - IEP","field","Placement Result Code","table IEP_Placement"
"local:01-ess-qvd-builder-iep","01 ESS QVD Builder - IEP","field","Placement Comment","table IEP_Placement"
"local:01-ess-qvd-builder-iep","01 ESS QVD Builder - IEP","field","Placement Occupation Code","table IEP_Placement"
"local:01-ess-qvd-builder-iep","01 ESS QVD Builder - IEP","field","Placement Industry Code","table IEP_Placement"
"local:01-ess-qvd-builder-iep","01 ESS QVD Builder - IEP","field","Placement Location","table IEP_Placement"
"local:01-ess-qvd-builder-iep","01 ESS QVD Builder - IEP","field","Placement Postcode","table IEP_Placement"
"local:01-ess-qvd-builder-iep","01 ESS QVD Builder - IEP","field","Placement Employment Sector","table IEP_Placement"
"local:01-ess-qvd-builder-iep","01 ESS QVD Builder - IEP","field","Placement Employment Status","table IEP_Placement"
"local:01-ess-qvd-builder-iep","01 ESS QVD Builder - IEP","field","Placement Description","table IEP_Placement"
"local:01-ess-qvd-builder-iep","01 ESS QVD Builder - IEP","field","Placement Employer ABN","table IEP_Placement"
"local:01-ess-qvd-builder-iep","01 ESS QVD Builder - IEP","field","Placement Notional Full Time","table IEP_Placement"
"local:01-ess-qvd-builder-iep","01 ESS QVD Builder - IEP","field","Placement Assistance Type Code","table IEP_Placement"
"local:01-ess-qvd-builder-iep","01 ESS QVD Builder - IEP","field","Placement CDP Classification","table IEP_Placement"
"local:01-ess-qvd-builder-iep","01 ESS QVD Builder - IEP","field","Placement Substitute Flag","table IEP_Placement"
"local:01-ess-qvd-builder-iep","01 ESS QVD Builder - IEP","field","Placement Locality","table IEP_Placement"
"local:01-ess-qvd-builder-iep","01 ESS QVD Builder - IEP","field","Placement State","table IEP_Placement"
"local:01-ess-qvd-builder-iep","01 ESS QVD Builder - IEP","field","Placement Expected End Date","table IEP_Placement"
"local:01-ess-qvd-builder-iep","01 ESS QVD Builder - IEP","field","Placement Group Name","table IEP_Placement"
"local:01-ess-qvd-builder-iep","01 ESS QVD Builder - IEP","field","Placement Type Code","table IEP_Placement"
"local:01-ess-qvd-builder-iep","01 ESS QVD Builder - IEP","field","Placement Type","table IEP_Placement"
"local:01-ess-qvd-builder-iep","01 ESS QVD Builder - IEP","field","Employment Commenced","table IEP_Placement"
"local:01-ess-qvd-builder-iep","01 ESS QVD Builder - IEP","field","Placement Industry Desc","table IEP_Placement"
"local:01-ess-qvd-builder-iep","01 ESS QVD Builder - IEP","field","Placement Occupation Desc","table IEP_Placement"
"local:01-ess-qvd-builder-iep","01 ESS QVD Builder - IEP","field","Placement End Rsn Desc","table IEP_Placement"
"local:01-ess-qvd-builder-iep","01 ESS QVD Builder - IEP","field","Placement Training Commencements","table IEP_Placement"
"local:01-ess-qvd-builder-iep","01 ESS QVD Builder - IEP","field","Placement Has Actual End Date","table IEP_Placement"
"local:01-ess-qvd-builder-iep","01 ESS QVD Builder - IEP","field","So","table IEP_Placement"
"local:01-ess-qvd-builder-iep","01 ESS QVD Builder - IEP","field","so","table IEP_Placement"
"local:01-ess-qvd-builder-iep","01 ESS QVD Builder - IEP","field","Placement Active As of Snapshot Date","table IEP_Placement"
"local:01-ess-qvd-builder-iep","01 ESS QVD Builder - IEP","field","IAS Placement Flag","table IEP_Placement"
"local:01-ess-qvd-builder-iep","01 ESS QVD Builder - IEP","field","Placement Result Desc","table IEP_Placement"
"9c423bf4-ead1-4539-bca9-a2c20d52b681","01 ESS QVD Builder - TWES","variable","vMAX","996f13ee-e113-4722-a3e7-2d32aa9c0536"
"9c423bf4-ead1-4539-bca9-a2c20d52b681","01 ESS QVD Builder - TWES","variable","i","81e5439a-7bc2-43fa-8492-22dfbfc349d6"
"9c423bf4-ead1-4539-bca9-a2c20d52b681","01 ESS QVD Builder - TWES","variable","vTBL","551d9153-ffb9-4a99-b309-7ec2d604fd6e"
"9c423bf4-ead1-4539-bca9-a2c20d52b681","01 ESS QVD Builder - TWES","variable","vQLIK_TBL","97204a63-4931-422b-a78a-5aa42e3efce9"
"9c423bf4-ead1-4539-bca9-a2c20d52b681","01 ESS QVD Builder - TWES","variable","vSTREAM","9af889b4-b5b6-4d84-8fef-7bb156fb4541"
"local:01-qvd-generator-inphinity-forms","01 QVD Generator - Inphinity Forms","variable","vQVD_DIR","19a26f13-3a79-4ecb-8dd7-016e149e0c20"
"local:01-qvd-generator-inphinity-forms","01 QVD Generator - Inphinity Forms","variable","vLOG_TBL_NAME","bbeb0ad3-a60d-4a70-8b30-933915a1cfb3"
"local:01-qvd-generator-inphinity-forms","01 QVD Generator - Inphinity Forms","variable","vLOG_SEQ","614da3d3-1307-4d57-b516-25953d800895"
"local:01-qvd-generator-inphinity-forms","01 QVD Generator - Inphinity Forms","variable","vQVD_ERROR","e904cc74-e9ae-464d-a64f-735ae407a587"
"local:01-qvd-generator-inphinity-forms","01 QVD Generator - Inphinity Forms","variable","vMAX","996f13ee-e113-4722-a3e7-2d32aa9c0536"
"local:01-qvd-generator-inphinity-forms","01 QVD Generator - Inphinity Forms","variable","vDT","52e1e2e8-a74c-43bf-be9c-526d86d76dda"
"local:01-qvd-generator-inphinity-forms","01 QVD Generator - Inphinity Forms","variable","vTBL","551d9153-ffb9-4a99-b309-7ec2d604fd6e"
"local:01-qvd-generator-inphinity-forms","01 QVD Generator - Inphinity Forms","variable","vSQL_TBL","2d524d64-0b51-45a9-9508-1850ba4361ca"
"local:01-qvd-generator-inphinity-forms","01 QVD Generator - Inphinity Forms","variable","vQLIK_TBL","97204a63-4931-422b-a78a-5aa42e3efce9"
"local:01-qvd-generator-inphinity-forms","01 QVD Generator - Inphinity Forms","variable","vMIN_SECTION_#","4bff2df1-c631-4199-87dd-d953c261cac9"
"local:01-qvd-generator-inphinity-forms","01 QVD Generator - Inphinity Forms","variable","vMAX_SECTION_#","7bfc6bb0-21fa-4b56-9990-17263f538fea"
"local:01-qvd-generator-inphinity-forms","01 QVD Generator - Inphinity Forms","variable","vMIN_SUB_SECTION_#","872eb477-47ef-4de7-b92f-9d71901b8805"
"local:01-qvd-generator-inphinity-forms","01 QVD Generator - Inphinity Forms","variable","vMAX_SUB_SECTION_#","f0acfba8-8bcc-43e9-9c1d-10853d32616d"
"local:01-qvd-generator-inphinity-forms","01 QVD Generator - Inphinity Forms","variable","vEND_SECTION_#","9a7a373b-4707-41b9-80c0-43d90932a345"
"local:01-qvd-generator-inphinity-forms","01 QVD Generator - Inphinity Forms","variable","vSTART_SECTION_0_#","afa9646e-d078-4231-9fe0-601b859f2f04"
"local:01-qvd-generator-inphinity-forms","01 QVD Generator - Inphinity Forms","variable","vEND_SECTION_0_#","27a11ddf-f5ca-4d9c-9922-3234fac6e7c1"
"local:01-qvd-generator-inphinity-forms","01 QVD Generator - Inphinity Forms","variable","vSTART_SECTION_1_#","0df89d75-2a53-421c-9d87-1e28eef6e08e"
"local:01-qvd-generator-inphinity-forms","01 QVD Generator - Inphinity Forms","variable","vEND_SECTION_1_#","b113b7a9-f2b8-4904-959c-43dd66f512bd"
"local:01-qvd-generator-inphinity-forms","01 QVD Generator - Inphinity Forms","variable","vSTART_SECTION_2_#","87e6fc5b-13e4-4d78-ae1d-08b0cffaaf09"
"local:01-qvd-generator-inphinity-forms","01 QVD Generator - Inphinity Forms","variable","vEND_SECTION_2_#","379e7179-b9df-487a-9dec-b1cc5a2f426b"
"local:01-qvd-generator-inphinity-forms","01 QVD Generator - Inphinity Forms","variable","vSTART_SECTION_3_#","47e54c34-8fe8-4ce8-bce2-905309209536"
"local:01-qvd-generator-inphinity-forms","01 QVD Generator - Inphinity Forms","variable","vEND_SECTION_3_#","47c26330-a469-4681-8898-490e4e70cd2f"
"local:01-qvd-generator-inphinity-forms","01 QVD Generator - Inphinity Forms","variable","vSTART_SECTION_4_#","e73ad161-0a69-46f4-ba82-daada5f728f1"
"local:01-qvd-generator-inphinity-forms","01 QVD Generator - Inphinity Forms","variable","vEND_SECTION_4_#","e4f7787d-0378-4306-83ca-1c29a170aa94"
"local:01-qvd-generator-inphinity-forms","01 QVD Generator - Inphinity Forms","variable","vSTREAM","9af889b4-b5b6-4d84-8fef-7bb156fb4541"
"local:01-qvd-generator-inphinity-forms","01 QVD Generator - Inphinity Forms","variable","vLATEST_SNAPSHOT_DATE","d362e916-9cdc-4135-ba29-02004e516d9c"
"local:01-qvd-generator-inphinity-forms","01 QVD Generator - Inphinity Forms","variable","vPUBLISHED","35747806-9564-4872-a633-3ecffbc0eb0f"
"local:01-qvd-generator-inphinity-forms","01 QVD Generator - Inphinity Forms","variable","vENV","70902330-8729-46c0-aa9a-b2f4692b41be"
"local:01-qvd-generator-inphinity-forms","01 QVD Generator - Inphinity Forms","variable","vSTART_SECTION_#","5ea720e4-1e5b-4a56-9bed-ba0d28635faa"
"local:01-qvd-generator-inphinity-forms","01 QVD Generator - Inphinity Forms","variable","vTABLE_NAMES","228db446-a8d5-4468-8a2a-7920bd1881bf"
"local:01-qvd-generator-inphinity-forms","01 QVD Generator - Inphinity Forms","variable","vDT_SRT","f5da0f68-5b10-4c87-bfb9-65065f301262"
"local:01-qvd-generator-inphinity-forms","01 QVD Generator - Inphinity Forms","variable","vDT_END","a7914822-f5bd-4e60-9124-4c2db9f7a18c"
"local:01-qvd-generator-inphinity-forms","01 QVD Generator - Inphinity Forms","variable","vINTERVAL","2af40d37-b6d1-4f0d-9b9b-5cd298ad8202"
"local:01-qvd-generator-inphinity-forms","01 QVD Generator - Inphinity Forms","variable","vFIRST_SNAPSHOT_DATE","685a9485-2957-4eda-a5e9-283aeace5c8e"
"local:01-qvd-generator-inphinity-forms","01 QVD Generator - Inphinity Forms","variable","vLAST_SNAPSHOT_DATE","a9ef472c-8ee3-432c-87af-a43e5652ff0c"
"local:01-qvd-generator-inphinity-forms","01 QVD Generator - Inphinity Forms","variable","vQVD_BUILDER_#","f1107259-b732-451f-b059-d3b9a5ff59f3"
"local:01-qvd-generator-inphinity-forms","01 QVD Generator - Inphinity Forms","variable","vSNAPSHOT_RUN_FLAG","3b26878a-0eed-4e7d-b5d7-145306b040b8"
"local:01-qvds-ess-qvd-builder-subs","01 QVDs - ESS QVD Builder - Subs","field","Table_Name","table QVD_List"
"local:01-qvds-ess-qvd-builder-subs","01 QVDs - ESS QVD Builder - Subs","field","QVD_Path","table QVD_List"
"local:01-qvds-ess-qvd-builder-subs","01 QVDs - ESS QVD Builder - Subs","variable","vLOG_TBL_NAME","bbeb0ad3-a60d-4a70-8b30-933915a1cfb3"
"local:01-qvds-ess-qvd-builder-subs","01 QVDs - ESS QVD Builder - Subs","variable","vLOG_SEQ","614da3d3-1307-4d57-b516-25953d800895"
"local:01-qvds-ess-qvd-builder-subs","01 QVDs - ESS QVD Builder - Subs","variable","vQVD_ERROR","e904cc74-e9ae-464d-a64f-735ae407a587"
"local:01-qvds-ess-qvd-builder-subs","01 QVDs - ESS QVD Builder - Subs","variable","vMAX","996f13ee-e113-4722-a3e7-2d32aa9c0536"
"local:01-qvds-ess-qvd-builder-subs","01 QVDs - ESS QVD Builder - Subs","variable","i","81e5439a-7bc2-43fa-8492-22dfbfc349d6"
"local:01-qvds-ess-qvd-builder-subs","01 QVDs - ESS QVD Builder - Subs","variable","vQLIK_TBL","97204a63-4931-422b-a78a-5aa42e3efce9"
"local:01-qvds-ess-qvd-builder-subs","01 QVDs - ESS QVD Builder - Subs","variable","vMIN_SECTION_#","4bff2df1-c631-4199-87dd-d953c261cac9"
"local:01-qvds-ess-qvd-builder-subs","01 QVDs - ESS QVD Builder - Subs","variable","vMAX_SECTION_#","7bfc6bb0-21fa-4b56-9990-17263f538fea"
"local:01-qvds-ess-qvd-builder-subs","01 QVDs - ESS QVD Builder - Subs","variable","vMIN_SUB_SECTION_#","872eb477-47ef-4de7-b92f-9d71901b8805"
"local:01-qvds-ess-qvd-builder-subs","01 QVDs - ESS QVD Builder - Subs","variable","vMAX_SUB_SECTION_#","f0acfba8-8bcc-43e9-9c1d-10853d32616d"
"local:01-qvds-ess-qvd-builder-subs","01 QVDs - ESS QVD Builder - Subs","variable","vSTART_SECTION_0_#","afa9646e-d078-4231-9fe0-601b859f2f04"
"local:01-qvds-ess-qvd-builder-subs","01 QVDs - ESS QVD Builder - Subs","variable","vEND_SECTION_0_#","27a11ddf-f5ca-4d9c-9922-3234fac6e7c1"
"local:01-qvds-ess-qvd-builder-subs","01 QVDs - ESS QVD Builder - Subs","variable","vSTART_SECTION_1_#","0df89d75-2a53-421c-9d87-1e28eef6e08e"
"local:01-qvds-ess-qvd-builder-subs","01 QVDs - ESS QVD Builder - Subs","variable","vEND_SECTION_1_#","b113b7a9-f2b8-4904-959c-43dd66f512bd"
"local:01-qvds-ess-qvd-builder-subs","01 QVDs - ESS QVD Builder - Subs","variable","vSTART_SECTION_2_#","87e6fc5b-13e4-4d78-ae1d-08b0cffaaf09"
"local:01-qvds-ess-qvd-builder-subs","01 QVDs - ESS QVD Builder - Subs","variable","vEND_SECTION_2_#","379e7179-b9df-487a-9dec-b1cc5a2f426b"
"local:01-qvds-ess-qvd-builder-subs","01 QVDs - ESS QVD Builder - Subs","variable","vSTART_SECTION_3_#","47e54c34-8fe8-4ce8-bce2-905309209536"
"local:01-qvds-ess-qvd-builder-subs","01 QVDs - ESS QVD Builder - Subs","variable","vEND_SECTION_3_#","47c26330-a469-4681-8898-490e4e70cd2f"
"local:01-qvds-ess-qvd-builder-subs","01 QVDs - ESS QVD Builder - Subs","variable","vSTART_SECTION_4_#","e73ad161-0a69-46f4-ba82-daada5f728f1"
"local:01-qvds-ess-qvd-builder-subs","01 QVDs - ESS QVD Builder - Subs","variable","vEND_SECTION_4_#","e4f7787d-0378-4306-83ca-1c29a170aa94"
"local:01-qvds-ess-qvd-builder-subs","01 QVDs - ESS QVD Builder - Subs","variable","vSTREAM","9af889b4-b5b6-4d84-8fef-7bb156fb4541"
"local:01-qvds-ess-qvd-builder-subs","01 QVDs - ESS QVD Builder - Subs","variable","vFile_New","524ea4d9-6490-4502-a422-ceef6c6c4499"
"local:01-qvds-ess-qvd-builder-subs","01 QVDs - ESS QVD Builder - Subs","variable","vLATEST_SNAPSHOT_DATE","d362e916-9cdc-4135-ba29-02004e516d9c"
"local:01-qvds-ess-qvd-builder-subs","01 QVDs - ESS QVD Builder - Subs","variable","vDATE","edb4b721-d0d6-47da-90da-42719cc54e5e"
"local:01s-ess-qvd-builder-iep","01s ESS QVD Builder - IEP","field","IEP Activity ID","table IEP_Activity"
"local:01s-ess-qvd-builder-iep","01s ESS QVD Builder - IEP","field","IEP Program Element","table IEP_Activity"
"local:01s-ess-qvd-builder-iep","01s ESS QVD Builder - IEP","field","IEP Program Name","table IEP_Activity"
"local:01s-ess-qvd-builder-iep","01s ESS QVD Builder - IEP","field","IEP Program Element Old","table IEP_Activity"
"local:01s-ess-qvd-builder-iep","01s ESS QVD Builder - IEP","field","Original Activity Approved Date","table IEP_Activity"
"local:01s-ess-qvd-builder-iep","01s ESS QVD Builder - IEP","field","Original Activity Approved Cost","table IEP_Activity"
"local:01s-ess-qvd-builder-iep","01s ESS QVD Builder - IEP","field","IEP Activity Snapshot Date","table IEP_Claim_Payments"
"local:01s-ess-qvd-builder-iep","01s ESS QVD Builder - IEP","field","IEP Payment Extract Date","table IEP_Claim_Payments"
"local:01s-ess-qvd-builder-iep","01s ESS QVD Builder - IEP","field","IEP Payment Key","table IEP_Claim_Payments"
"local:01s-ess-qvd-builder-iep","01s ESS QVD Builder - IEP","field","IEP Payment Activity ID","table IEP_Claim_Payments"
"local:01s-ess-qvd-builder-iep","01s ESS QVD Builder - IEP","field","Payment ID","table IEP_Claim_Payments"
"local:01s-ess-qvd-builder-iep","01s ESS QVD Builder - IEP","field","Payment_FY","table IEP_Claim_Payments"
"local:01s-ess-qvd-builder-iep","01s ESS QVD Builder - IEP","field","Expenditure","table IEP_Claim_Payments"
"local:01s-ess-qvd-builder-iep","01s ESS QVD Builder - IEP","field","Advance","table IEP_Claim_Payments"
"local:01s-ess-qvd-builder-iep","01s ESS QVD Builder - IEP","field","Acquittal","table IEP_Claim_Payments"
"local:01s-ess-qvd-builder-iep","01s ESS QVD Builder - IEP","field","Expenditure_GST_Free","table IEP_Claim_Payments"
"local:01s-ess-qvd-builder-iep","01s ESS QVD Builder - IEP","field","Advance_GST_Free","table IEP_Claim_Payments"
"local:01s-ess-qvd-builder-iep","01s ESS QVD Builder - IEP","field","Acquittal_GST_Free","table IEP_Claim_Payments"
"local:01s-ess-qvd-builder-iep","01s ESS QVD Builder - IEP","field","Total Expenditure","table IEP_Claim_Payments"
"local:01s-ess-qvd-builder-iep","01s ESS QVD Builder - IEP","field","Total Expenditure GST Excl","table IEP_Claim_Payments"
"local:01s-ess-qvd-builder-iep","01s ESS QVD Builder - IEP","field","Advance Paid","table IEP_Claim_Payments"
"local:01s-ess-qvd-builder-iep","01s ESS QVD Builder - IEP","field","Advance Paid GST Excl","table IEP_Claim_Payments"
"local:01s-ess-qvd-builder-iep","01s ESS QVD Builder - IEP","field","Due_Date","table IEP_Claim_Payments"
"local:01s-ess-qvd-builder-iep","01s ESS QVD Builder - IEP","field","Payment Month Year","table IEP_Claim_Payments"
"local:01s-ess-qvd-builder-iep","01s ESS QVD Builder - IEP","field","StatusCode","table IEP_Claim_Payments"
"local:01s-ess-qvd-builder-iep","01s ESS QVD Builder - IEP","field","PaymentType","table IEP_Claim_Payments"
"local:01s-ess-qvd-builder-iep","01s ESS QVD Builder - IEP","field","IEP Activity Snapshot Date","table IEP_Activity"
"local:01s-ess-qvd-builder-iep","01s ESS QVD Builder - IEP","field","IEP Activity Extract Date","table IEP_Activity"
"local:01s-ess-qvd-builder-iep","01s ESS QVD Builder - IEP","field","IEP Provider Key","table IEP_Activity"
"local:01s-ess-qvd-builder-iep","01s ESS QVD Builder - IEP","field","Activity Name","table IEP_Activity"
"local:01s-ess-qvd-builder-iep","01s ESS QVD Builder - IEP","field","Activity Start Date","table IEP_Activity"
"local:01s-ess-qvd-builder-iep","01s ESS QVD Builder - IEP","field","Activity End Date","table IEP_Activity"
"local:01s-ess-qvd-builder-iep","01s ESS QVD Builder - IEP","field","Supervising Office Code","table IEP_Activity"
"local:01s-ess-qvd-builder-iep","01s ESS QVD Builder - IEP","field","Supervising Office","table IEP_Activity"
"local:01s-ess-qvd-builder-iep","01s ESS QVD Builder - IEP","field","Activity Approved Date","table IEP_Activity"
"local:01s-ess-qvd-builder-iep","01s ESS QVD Builder - IEP","field","Activity Approved Cost","table IEP_Activity"
"local:01s-ess-qvd-builder-iep","01s ESS QVD Builder - IEP","field","Program CAT Code","table IEP_Activity"
"local:01s-ess-qvd-builder-iep","01s ESS QVD Builder - IEP","field","Activity Status Code","table IEP_Activity"
"local:01s-ess-qvd-builder-iep","01s ESS QVD Builder - IEP","field","Activity Status","table IEP_Activity"
"local:01s-ess-qvd-builder-iep","01s ESS QVD Builder - IEP","field","Activity Spent Funds","table IEP_Activity"
"local:01s-ess-qvd-builder-iep","01s ESS QVD Builder - IEP","field","Activity Unspent Funds","table IEP_Activity"
"local:01s-ess-qvd-builder-iep","01s ESS QVD Builder - IEP","field","Activity Contract Manager","table IEP_Activity"
"local:01s-ess-qvd-builder-iep","01s ESS QVD Builder - IEP","field","Activity Contract Manager Email","table IEP_Activity"
"local:01s-ess-qvd-builder-iep","01s ESS QVD Builder - IEP","field","Business Development Officer","table IEP_Activity"
"local:01s-ess-qvd-builder-iep","01s ESS QVD Builder - IEP","field","Business Development Officer Email","table IEP_Activity"
"local:01s-ess-qvd-builder-iep","01s ESS QVD Builder - IEP","field","Legal Contract Execution Date","table IEP_Activity"
"local:01s-ess-qvd-builder-iep","01s ESS QVD Builder - IEP","field","Activity Training Max Places","table IEP_Activity"
"local:01s-ess-qvd-builder-iep","01s ESS QVD Builder - IEP","field","Activity Employment Max Places","table IEP_Activity"
"local:01s-ess-qvd-builder-iep","01s ESS QVD Builder - IEP","field","Activity Description","table IEP_Activity"
"local:01s-ess-qvd-builder-iep","01s ESS QVD Builder - IEP","field","Activity Recruitment End Date","table IEP_Activity"
"local:01s-ess-qvd-builder-iep","01s ESS QVD Builder - IEP","field","Activity Recruitment Ended Flag","table IEP_Activity"
"local:01s-ess-qvd-builder-iep","01s ESS QVD Builder - IEP","field","Project Type Code","table IEP_Activity"
"local:01s-ess-qvd-builder-iep","01s ESS QVD Builder - IEP","field","Activity Duration (Weeks)","table IEP_Activity"
"local:01s-ess-qvd-builder-iep","01s ESS QVD Builder - IEP","field","Industry","table IEP_Activity"
"local:01s-ess-qvd-builder-iep","01s ESS QVD Builder - IEP","field","Occupation","table IEP_Activity"
"local:01s-ess-qvd-builder-iep","01s ESS QVD Builder - IEP","field","IEP Activity Snapshot Date","table IEP_Activity_Contact"
"local:01s-ess-qvd-builder-iep","01s ESS QVD Builder - IEP","field","IEP Activity Extract Date","table IEP_Activity_Contact"
"local:01s-ess-qvd-builder-iep","01s ESS QVD Builder - IEP","field","IEP Activity ID","table IEP_Activity_Contact"
"local:01s-ess-qvd-builder-iep","01s ESS QVD Builder - IEP","field","IEP Provider Contact Name","table IEP_Activity_Contact"
"local:01s-ess-qvd-builder-iep","01s ESS QVD Builder - IEP","field","IEP Provider Contact Email","table IEP_Activity_Contact"
"local:01s-ess-qvd-builder-iep","01s ESS QVD Builder - IEP","field","IEP Provider Contact Mobile","table IEP_Activity_Contact"
"local:01s-ess-qvd-builder-iep","01s ESS QVD Builder - IEP","field","IEP Provider Contact Phone","table IEP_Activity_Contact"
"local:01s-ess-qvd-builder-iep","01s ESS QVD Builder - IEP","field","IEP Provider Contact First Name","table IEP_Activity_Contact"
"local:01s-ess-qvd-builder-iep","01s ESS QVD Builder - IEP","field","IEP Provider Contact Last Name","table IEP_Activity_Contact"
"local:01s-ess-qvd-builder-iep","01s ESS QVD Builder - IEP","field","IEP Activity Snapshot Date","table IEP_Activity_Expenditure"
"local:01s-ess-qvd-builder-iep","01s ESS QVD Builder - IEP","field","IEP Activity Extract Date","table IEP_Activity_Expenditure"
"local:01s-ess-qvd-builder-iep","01s ESS QVD Builder - IEP","field","IEP Activity ID","table IEP_Activity_Expenditure"
"local:01s-ess-qvd-builder-iep","01s ESS QVD Builder - IEP","field","Payment_FY","table IEP_Activity_Expenditure"
"local:01s-ess-qvd-builder-iep","01s ESS QVD Builder - IEP","field","Expenditure","table IEP_Activity_Expenditure"
"local:01s-ess-qvd-builder-iep","01s ESS QVD Builder - IEP","field","Advance","table IEP_Activity_Expenditure"
"local:01s-ess-qvd-builder-iep","01s ESS QVD Builder - IEP","field","Acquittal","table IEP_Activity_Expenditure"
"local:01s-ess-qvd-builder-iep","01s ESS QVD Builder - IEP","field","Expenditure_GST_Free","table IEP_Activity_Expenditure"
"local:01s-ess-qvd-builder-iep","01s ESS QVD Builder - IEP","field","Advance_GST_Free","table IEP_Activity_Expenditure"
"local:01s-ess-qvd-builder-iep","01s ESS QVD Builder - IEP","field","IEP_Activity_Expenditure
from
(
SELECT 
    CONVERT(VARCHAR,P.ProjectId) + '|'
		+ $(vSNAPSHOT_DATE)												AS [IEP Activity Key","table IEP_Activity_Expenditure"
"local:01s-ess-qvd-builder-iep","01s ESS QVD Builder - IEP","field","Payments","table IEP_Activity_Expenditure"
"local:01s-ess-qvd-builder-iep","01s ESS QVD Builder - IEP","field","Payments_GST_Free","table IEP_Activity_Expenditure"
"local:01s-ess-qvd-builder-iep","01s ESS QVD Builder - IEP","field","Acquittal_GST_Free","table IEP_Activity_Expenditure"
"local:01s-ess-qvd-builder-iep","01s ESS QVD Builder - IEP","field","PYMT.StatusCode","table IEP_Activity_Expenditure"
"local:01s-ess-qvd-builder-iep","01s ESS QVD Builder - IEP","field","PYMT.PaymentId","table IEP_Activity_Expenditure"
"local:01s-ess-qvd-builder-iep","01s ESS QVD Builder - IEP","field","IEP Activity Snapshot Date","table IEP_Locations"
"local:01s-ess-qvd-builder-iep","01s ESS QVD Builder - IEP","field","IEP Activity Extract Date","table IEP_Locations"
"local:01s-ess-qvd-builder-iep","01s ESS QVD Builder - IEP","field","IEP Activity Id","table IEP_Locations"
"local:01s-ess-qvd-builder-iep","01s ESS QVD Builder - IEP","field","Locality_IEP","table IEP_Locations"
"local:01s-ess-qvd-builder-iep","01s ESS QVD Builder - IEP","field","Electorate","table IEP_Locations"
"local:01s-ess-qvd-builder-iep","01s ESS QVD Builder - IEP","field","Regions_IEP","table IEP_Locations"
"local:01s-ess-qvd-builder-iep","01s ESS QVD Builder - IEP","field","IEP Placement Snapshot Date","table IEP_Placement"
"local:01s-ess-qvd-builder-iep","01s ESS QVD Builder - IEP","field","IEP Placement Extract Date","table IEP_Placement"
"local:01s-ess-qvd-builder-iep","01s ESS QVD Builder - IEP","field","IEP Placement Key","table IEP_Placement"
"local:01s-ess-qvd-builder-iep","01s ESS QVD Builder - IEP","field","IEP Placement ID","table IEP_Placement"
"local:01s-ess-qvd-builder-iep","01s ESS QVD Builder - IEP","field","IEP Job Seeker Key","table IEP_Placement"
"local:01s-ess-qvd-builder-iep","01s ESS QVD Builder - IEP","field","Placement Creation Date","table IEP_Placement"
"local:01s-ess-qvd-builder-iep","01s ESS QVD Builder - IEP","field","Placement Start Date","table IEP_Placement"
"local:01s-ess-qvd-builder-iep","01s ESS QVD Builder - IEP","field","Commencement_FY","table IEP_Placement"
"local:01s-ess-qvd-builder-iep","01s ESS QVD Builder - IEP","field","Placement End Date","table IEP_Placement"
"local:01s-ess-qvd-builder-iep","01s ESS QVD Builder - IEP","field","Placement Closed Flag","table IEP_Placement"
"local:01s-ess-qvd-builder-iep","01s ESS QVD Builder - IEP","field","Placement Site Code","table IEP_Placement"
"local:01s-ess-qvd-builder-iep","01s ESS QVD Builder - IEP","field","Placement End Reason","table IEP_Placement"
"local:01s-ess-qvd-builder-iep","01s ESS QVD Builder - IEP","field","Placement End Comment","table IEP_Placement"
"local:01s-ess-qvd-builder-iep","01s ESS QVD Builder - IEP","field","Placement Result Code","table IEP_Placement"
"local:01s-ess-qvd-builder-iep","01s ESS QVD Builder - IEP","field","Placement Comment","table IEP_Placement"
"local:01s-ess-qvd-builder-iep","01s ESS QVD Builder - IEP","field","Placement Occupation Code","table IEP_Placement"
"local:01s-ess-qvd-builder-iep","01s ESS QVD Builder - IEP","field","Placement Industry Code","table IEP_Placement"
"local:01s-ess-qvd-builder-iep","01s ESS QVD Builder - IEP","field","Placement Location","table IEP_Placement"
"local:01s-ess-qvd-builder-iep","01s ESS QVD Builder - IEP","field","Placement Postcode","table IEP_Placement"
"local:01s-ess-qvd-builder-iep","01s ESS QVD Builder - IEP","field","Placement Employment Sector","table IEP_Placement"
"local:01s-ess-qvd-builder-iep","01s ESS QVD Builder - IEP","field","Placement Employment Status","table IEP_Placement"
"local:01s-ess-qvd-builder-iep","01s ESS QVD Builder - IEP","field","Placement Description","table IEP_Placement"
"local:01s-ess-qvd-builder-iep","01s ESS QVD Builder - IEP","field","Placement Employer ABN","table IEP_Placement"
"local:01s-ess-qvd-builder-iep","01s ESS QVD Builder - IEP","field","Placement Notional Full Time","table IEP_Placement"
"local:01s-ess-qvd-builder-iep","01s ESS QVD Builder - IEP","field","Placement Assistance Type Code","table IEP_Placement"
"local:01s-ess-qvd-builder-iep","01s ESS QVD Builder - IEP","field","Placement CDP Classification","table IEP_Placement"
"local:01s-ess-qvd-builder-iep","01s ESS QVD Builder - IEP","field","Placement Substitute Flag","table IEP_Placement"
"local:01s-ess-qvd-builder-iep","01s ESS QVD Builder - IEP","field","Placement Locality","table IEP_Placement"
"local:01s-ess-qvd-builder-iep","01s ESS QVD Builder - IEP","field","Placement State","table IEP_Placement"
"local:01s-ess-qvd-builder-iep","01s ESS QVD Builder - IEP","field","Placement Expected End Date","table IEP_Placement"
"local:01s-ess-qvd-builder-iep","01s ESS QVD Builder - IEP","field","Placement Group Name","table IEP_Placement"
"local:01s-ess-qvd-builder-iep","01s ESS QVD Builder - IEP","field","Placement Type Code","table IEP_Placement"
"local:01s-ess-qvd-builder-iep","01s ESS QVD Builder - IEP","field","Placement Type","table IEP_Placement"
"local:01s-ess-qvd-builder-iep","01s ESS QVD Builder - IEP","field","Employment Commenced","table IEP_Placement"
"local:01s-ess-qvd-builder-iep","01s ESS QVD Builder - IEP","field","Placement Industry Desc","table IEP_Placement"
"local:01s-ess-qvd-builder-iep","01s ESS QVD Builder - IEP","field","Placement Occupation Desc","table IEP_Placement"
"local:01s-ess-qvd-builder-iep","01s ESS QVD Builder - IEP","field","Placement End Rsn Desc","table IEP_Placement"
"local:01s-ess-qvd-builder-iep","01s ESS QVD Builder - IEP","field","Placement Training Commencements","table IEP_Placement"
"local:01s-ess-qvd-builder-iep","01s ESS QVD Builder - IEP","field","Placement Has Actual End Date","table IEP_Placement"
"local:01s-ess-qvd-builder-iep","01s ESS QVD Builder - IEP","field","So","table IEP_Placement"
"local:01s-ess-qvd-builder-iep","01s ESS QVD Builder - IEP","field","so","table IEP_Placement"
"local:01s-ess-qvd-builder-iep","01s ESS QVD Builder - IEP","field","Placement Active As of Snapshot Date","table IEP_Placement"
"local:01s-ess-qvd-builder-iep","01s ESS QVD Builder - IEP","field","IAS Placement Flag","table IEP_Placement"
"local:01s-ess-qvd-builder-iep","01s ESS QVD Builder - IEP","field","Placement Result Desc","table IEP_Placement"
"local:02-ess-qvd-builder-finalisation-cdp-iep","02 ESS QVD Builder Finalisation CDP & IEP","field","Table","table Error"
"local:02-ess-qvd-builder-finalisation-cdp-iep","02 ESS QVD Builder Finalisation CDP & IEP","variable","vQVD","b509248f-3dfe-4562-8546-c073632cda53"
"local:02s-ess-qvd-builder-finalisation-snapshot","02s ESS QVD Builder Finalisation - Snapshot","variable","vQVD","b509248f-3dfe-4562-8546-c073632cda53"
"7862b8ac-75fd-40a5-86b4-e91124882e67","05 - Grant Acquittals Report","table","GMU Region","3 fields, lines 452-471"
"7862b8ac-75fd-40a5-86b4-e91124882e67","05 - Grant Acquittals Report","table","Grant Managing Region","5 fields, lines 409-416"
"7862b8ac-75fd-40a5-86b4-e91124882e67","05 - Grant Acquittals Report","field","Data Source Code","table Load Date"
"7862b8ac-75fd-40a5-86b4-e91124882e67","05 - Grant Acquittals Report","field","Warehouse Load Time","table Load Date"
"7862b8ac-75fd-40a5-86b4-e91124882e67","05 - Grant Acquittals Report","field","Activity Acquittal Amount%","table Grant Activity Acquittal"
"7862b8ac-75fd-40a5-86b4-e91124882e67","05 - Grant Acquittals Report","field","Grant Activity Acquittal.Review Title","table Grant Activity Acquittal"
"7862b8ac-75fd-40a5-86b4-e91124882e67","05 - Grant Acquittals Report","field","Review Start Date","table Grant Activity Acquittal"
"7862b8ac-75fd-40a5-86b4-e91124882e67","05 - Grant Acquittals Report","field","Review End Date","table Grant Activity Acquittal"
"7862b8ac-75fd-40a5-86b4-e91124882e67","05 - Grant Acquittals Report","field","Acquittal Status Change Date","table Grant Activity Acquittal"
"7862b8ac-75fd-40a5-86b4-e91124882e67","05 - Grant Acquittals Report","field","Acquittal Total Value (ex GST)","table Grant Activity Acquittal"
"7862b8ac-75fd-40a5-86b4-e91124882e67","05 - Grant Acquittals Report","field","Grant Activity Acquittal.Review Item Justification","table Grant Activity Acquittal"
"7862b8ac-75fd-40a5-86b4-e91124882e67","05 - Grant Acquittals Report","field","Review Authorised By","table Grant Activity Acquittal"
"7862b8ac-75fd-40a5-86b4-e91124882e67","05 - Grant Acquittals Report","field","Review Subtype","table Grant Activity Acquittal"
"7862b8ac-75fd-40a5-86b4-e91124882e67","05 - Grant Acquittals Report","field","Abbrev Milestone Group","table Grant Activity Acquittal"
"7862b8ac-75fd-40a5-86b4-e91124882e67","05 - Grant Acquittals Report","field","Acquittal Due in Last 30 Days","table Grant Activity Acquittal"
"7862b8ac-75fd-40a5-86b4-e91124882e67","05 - Grant Acquittals Report","field","Acquittal Due in Next 30 Days","table Grant Activity Acquittal"
"7862b8ac-75fd-40a5-86b4-e91124882e67","05 - Grant Acquittals Report","field","Temp Acquittal Office","table Grant Activity Acquittal"
"7862b8ac-75fd-40a5-86b4-e91124882e67","05 - Grant Acquittals Report","field","Review Title","table Grant Activity Acquittal-3"
"7862b8ac-75fd-40a5-86b4-e91124882e67","05 - Grant Acquittals Report","field","Rev Due Date","table OverdueRevAcquittalDates"
"7862b8ac-75fd-40a5-86b4-e91124882e67","05 - Grant Acquittals Report","field","Rev End Date","table OverdueRevAcquittalDates"
"7862b8ac-75fd-40a5-86b4-e91124882e67","05 - Grant Acquittals Report","field","No of Days Open","table OverdueRevAcquittalDates"
"7862b8ac-75fd-40a5-86b4-e91124882e67","05 - Grant Acquittals Report","field","RevOverdueDateWHILERev Due Date+ITERNO()-1<=Rev End Date","table OverdueRevAcquittalDates"
"7862b8ac-75fd-40a5-86b4-e91124882e67","05 - Grant Acquittals Report","field","Fiscal_Quarter","table RevFortnightEnding"
"7862b8ac-75fd-40a5-86b4-e91124882e67","05 - Grant Acquittals Report","field","RevOverdueWeekYear","table RevFortnightEnding"
"7862b8ac-75fd-40a5-86b4-e91124882e67","05 - Grant Acquittals Report","field","FinancialYear","table RevFortnightEnding"
"7862b8ac-75fd-40a5-86b4-e91124882e67","05 - Grant Acquittals Report","field","Grant Activity Id%","table Grant Activity Funding"
"7862b8ac-75fd-40a5-86b4-e91124882e67","05 - Grant Acquittals Report","field","Financial Year Id%","table Grant Activity Funding"
"7862b8ac-75fd-40a5-86b4-e91124882e67","05 - Grant Acquittals Report","field","Total Value (ex GST)","table Grant Activity Funding"
"7862b8ac-75fd-40a5-86b4-e91124882e67","05 - Grant Acquittals Report","field","Funds Released (ex GST)","table Grant Activity Funding"
"7862b8ac-75fd-40a5-86b4-e91124882e67","05 - Grant Acquittals Report","field","Grant Activity Id%","table Grant Activity"
"7862b8ac-75fd-40a5-86b4-e91124882e67","05 - Grant Acquittals Report","field","Activity Organisation Id%","table Grant Activity"
"7862b8ac-75fd-40a5-86b4-e91124882e67","05 - Grant Acquittals Report","field","Activity ABN","table Grant Activity"
"7862b8ac-75fd-40a5-86b4-e91124882e67","05 - Grant Acquittals Report","field","Organisation Indigeneity","table Grant Activity"
"7862b8ac-75fd-40a5-86b4-e91124882e67","05 - Grant Acquittals Report","field","Activity Organisation Risk Profile","table Grant Activity"
"7862b8ac-75fd-40a5-86b4-e91124882e67","05 - Grant Acquittals Report","field","Activity ORP Expiry Date","table Grant Activity"
"7862b8ac-75fd-40a5-86b4-e91124882e67","05 - Grant Acquittals Report","field","Activity Start Date","table Grant Activity"
"7862b8ac-75fd-40a5-86b4-e91124882e67","05 - Grant Acquittals Report","field","Activity Duration","table Grant Activity"
"7862b8ac-75fd-40a5-86b4-e91124882e67","05 - Grant Acquittals Report","field","Activity started in last 30 days","table Grant Activity"
"7862b8ac-75fd-40a5-86b4-e91124882e67","05 - Grant Acquittals Report","field","Activity ended in last 30 days","table Grant Activity"
"7862b8ac-75fd-40a5-86b4-e91124882e67","05 - Grant Acquittals Report","field","Activity End Date Fin Year","table Grant Activity"
"7862b8ac-75fd-40a5-86b4-e91124882e67","05 - Grant Acquittals Report","field","Grant Activity Id%","table LatestFinYear"
"7862b8ac-75fd-40a5-86b4-e91124882e67","05 - Grant Acquittals Report","field","LatestFinYear","table LatestFinYear"
"7862b8ac-75fd-40a5-86b4-e91124882e67","05 - Grant Acquittals Report","field","PMC Region Id%","table NIAA Region"
"7862b8ac-75fd-40a5-86b4-e91124882e67","05 - Grant Acquittals Report","field","NIAA Sub Region","table NIAA Region"
"7862b8ac-75fd-40a5-86b4-e91124882e67","05 - Grant Acquittals Report","field","NIAA Sub Region Abbr","table NIAA Region"
"7862b8ac-75fd-40a5-86b4-e91124882e67","05 - Grant Acquittals Report","field","State","table NIAA Region"
"7862b8ac-75fd-40a5-86b4-e91124882e67","05 - Grant Acquittals Report","field","Number of Days Milestone Overdue","table Grant Activity Milestone - Old"
"7862b8ac-75fd-40a5-86b4-e91124882e67","05 - Grant Acquittals Report","field","Grant Activity Milestone.Activity Id","table Grant Activity Milestone - Old"
"7862b8ac-75fd-40a5-86b4-e91124882e67","05 - Grant Acquittals Report","field","Activity PBS Outcome","table Grant Activity Milestone - Old"
"7862b8ac-75fd-40a5-86b4-e91124882e67","05 - Grant Acquittals Report","field","Milestone Managing Office%","table Grant Activity Milestone - Old"
"7862b8ac-75fd-40a5-86b4-e91124882e67","05 - Grant Acquittals Report","field","Milestone Status","table Grant Activity Milestone - Old"
"7862b8ac-75fd-40a5-86b4-e91124882e67","05 - Grant Acquittals Report","field","Milestone Payment Mode","table Grant Activity Milestone - Old"
"7862b8ac-75fd-40a5-86b4-e91124882e67","05 - Grant Acquittals Report","field","Milestone Received","table Grant Activity Milestone - Old"
"7862b8ac-75fd-40a5-86b4-e91124882e67","05 - Grant Acquittals Report","field","Milestone Short Description","table Grant Activity Milestone - Old"
"7862b8ac-75fd-40a5-86b4-e91124882e67","05 - Grant Acquittals Report","field","Days to Complete","table Grant Activity Milestone - Old"
"7862b8ac-75fd-40a5-86b4-e91124882e67","05 - Grant Acquittals Report","field","Financial Year Name","table Grant Activity Milestone - Old"
"7862b8ac-75fd-40a5-86b4-e91124882e67","05 - Grant Acquittals Report","field","Milestone Action Required","table Grant Activity Milestone - Old"
"7862b8ac-75fd-40a5-86b4-e91124882e67","05 - Grant Acquittals Report","field","Activity IMPACT PO Id","table Grant Activity Milestone - Old"
"7862b8ac-75fd-40a5-86b4-e91124882e67","05 - Grant Acquittals Report","field","Milestone Auto Release Indicator","table Grant Activity Milestone - Old"
"7862b8ac-75fd-40a5-86b4-e91124882e67","05 - Grant Acquittals Report","field","Milestone Date Driven Indicator","table Grant Activity Milestone - Old"
"7862b8ac-75fd-40a5-86b4-e91124882e67","05 - Grant Acquittals Report","field","Milestone Actual Amount Ex GST","table Grant Activity Milestone - Old"
"7862b8ac-75fd-40a5-86b4-e91124882e67","05 - Grant Acquittals Report","field","Overdue by Date","table Grant Activity Milestone - Old"
"7862b8ac-75fd-40a5-86b4-e91124882e67","05 - Grant Acquittals Report","field","Due in next 30 Days","table Grant Activity Milestone - Old"
"7862b8ac-75fd-40a5-86b4-e91124882e67","05 - Grant Acquittals Report","field","Due in next 6 Months","table Grant Activity Milestone - Old"
"7862b8ac-75fd-40a5-86b4-e91124882e67","05 - Grant Acquittals Report","field","Due in next 60 Days","table Grant Activity Milestone - Old"
"7862b8ac-75fd-40a5-86b4-e91124882e67","05 - Grant Acquittals Report","field","Completed in last 30 Days","table Grant Activity Milestone - Old"
"7862b8ac-75fd-40a5-86b4-e91124882e67","05 - Grant Acquittals Report","field","Due in last 30 Days","table Grant Activity Milestone - Old"
"7862b8ac-75fd-40a5-86b4-e91124882e67","05 - Grant Acquittals Report","field","Overdue Payment Mode","table Milestone Overdue Month"
"7862b8ac-75fd-40a5-86b4-e91124882e67","05 - Grant Acquittals Report","field","Milestone Outstanding","table Milestone Overdue Month"
"7862b8ac-75fd-40a5-86b4-e91124882e67","05 - Grant Acquittals Report","field","Overdue Milestone Financial Year","table Milestone Overdue Month"
"7862b8ac-75fd-40a5-86b4-e91124882e67","05 - Grant Acquittals Report","variable","vEndDate","9258c969-ca1f-437e-a20b-2f2c62d8b2fc"
"7862b8ac-75fd-40a5-86b4-e91124882e67","05 - Grant Acquittals Report","variable","vLastYear","13edca05-e489-42d1-8f2b-1c8d01331531"
"7862b8ac-75fd-40a5-86b4-e91124882e67","05 - Grant Acquittals Report","variable","vMin","ff67d6ef-202e-4636-8862-484f779f8635"
"7862b8ac-75fd-40a5-86b4-e91124882e67","05 - Grant Acquittals Report","variable","vOverduedate","d7f547c3-4ddd-4ff9-a82e-ac698a536e58"
"7862b8ac-75fd-40a5-86b4-e91124882e67","05 - Grant Acquittals Report","variable","vListOfTables","bd248888-1080-4b2d-b883-aef3c4eff93e"
"7862b8ac-75fd-40a5-86b4-e91124882e67","05 - Grant Acquittals Report","variable","vMax","ef0e1d49-7c2a-42c8-8f5a-f64407732834"
"7862b8ac-75fd-40a5-86b4-e91124882e67","05 - Grant Acquittals Report","variable","vTargetDt","80706218-bd00-487a-a0e0-76818836fed8"
"7862b8ac-75fd-40a5-86b4-e91124882e67","05 - Grant Acquittals Report","variable","vTableNo","d25eb47c-1b50-4c66-88c6-4920236a686d"
"7862b8ac-75fd-40a5-86b4-e91124882e67","05 - Grant Acquittals Report","dimension","Overdue Month","UfsPmpM"
"7862b8ac-75fd-40a5-86b4-e91124882e67","05 - Grant Acquittals Report","dimension","Overdue Date Drill down","dbJMSD"
"7862b8ac-75fd-40a5-86b4-e91124882e67","05 - Grant Acquittals Report","dimension","Region","pvspEPk"
"7862b8ac-75fd-40a5-86b4-e91124882e67","05 - Grant Acquittals Report","dimension","Amount Type","sjWsX"
"7862b8ac-75fd-40a5-86b4-e91124882e67","05 - Grant Acquittals Report","measure","No of Activities","NABJbJB"
"7862b8ac-75fd-40a5-86b4-e91124882e67","05 - Grant Acquittals Report","measure","Derived","UPtDTW"
"7862b8ac-75fd-40a5-86b4-e91124882e67","05 - Grant Acquittals Report","measure","Review Amount to be Acquitted","XQcmqv"
"7862b8ac-75fd-40a5-86b4-e91124882e67","05 - Grant Acquittals Report","measure","mOverdue Acquittals","eNuDM"
"bd86831a-0695-41d8-a907-c3a3e413d845","05 - Grant Acquittals Report","table","GMU Region","3 fields, lines 533-541"
"bd86831a-0695-41d8-a907-c3a3e413d845","05 - Grant Acquittals Report","table","Grant Managing Region","5 fields, lines 499-506"
"bd86831a-0695-41d8-a907-c3a3e413d845","05 - Grant Acquittals Report","field","Data Source Code","table Load Date"
"bd86831a-0695-41d8-a907-c3a3e413d845","05 - Grant Acquittals Report","field","Warehouse Load Time","table Load Date"
"bd86831a-0695-41d8-a907-c3a3e413d845","05 - Grant Acquittals Report","field","Activity Acquittal Amount%","table Grant Activity Acquittal"
"bd86831a-0695-41d8-a907-c3a3e413d845","05 - Grant Acquittals Report","field","Grant Activity Acquittal.Review Title","table Grant Activity Acquittal"
"bd86831a-0695-41d8-a907-c3a3e413d845","05 - Grant Acquittals Report","field","Grant Activity Acquittal.Review Start Date","table Grant Activity Acquittal"
"bd86831a-0695-41d8-a907-c3a3e413d845","05 - Grant Acquittals Report","field","Grant Activity Acquittal.Review End Date","table Grant Activity Acquittal"
"bd86831a-0695-41d8-a907-c3a3e413d845","05 - Grant Acquittals Report","field","Acquittal Status Change Date","table Grant Activity Acquittal"
"bd86831a-0695-41d8-a907-c3a3e413d845","05 - Grant Acquittals Report","field","Acquittal Total Value (ex GST)","table Grant Activity Acquittal"
"bd86831a-0695-41d8-a907-c3a3e413d845","05 - Grant Acquittals Report","field","Grant Activity Acquittal.Review Item Justification","table Grant Activity Acquittal"
"bd86831a-0695-41d8-a907-c3a3e413d845","05 - Grant Acquittals Report","field","Grant Activity Acquittal.Review Authorised By","table Grant Activity Acquittal"
"bd86831a-0695-41d8-a907-c3a3e413d845","05 - Grant Acquittals Report","field","Grant Activity Acquittal.Review Subtype","table Grant Activity Acquittal"
"bd86831a-0695-41d8-a907-c3a3e413d845","05 - Grant Acquittals Report","field","Abbrev Milestone Group","table Grant Activity Acquittal"
"bd86831a-0695-41d8-a907-c3a3e413d845","05 - Grant Acquittals Report","field","Acquittal Due in Last 30 Days","table Grant Activity Acquittal"
"bd86831a-0695-41d8-a907-c3a3e413d845","05 - Grant Acquittals Report","field","Acquittal Due in Next 30 Days","table Grant Activity Acquittal"
"bd86831a-0695-41d8-a907-c3a3e413d845","05 - Grant Acquittals Report","field","Temp Acquittal Office","table Grant Activity Acquittal"
"bd86831a-0695-41d8-a907-c3a3e413d845","05 - Grant Acquittals Report","field","Grant Activity Acquittal Item.Review Title","table Grant Activity Acquittal Item"
"bd86831a-0695-41d8-a907-c3a3e413d845","05 - Grant Acquittals Report","field","Rev Due Date","table OverdueRevAcquittalDates"
"bd86831a-0695-41d8-a907-c3a3e413d845","05 - Grant Acquittals Report","field","Rev End Date","table OverdueRevAcquittalDates"
"bd86831a-0695-41d8-a907-c3a3e413d845","05 - Grant Acquittals Report","field","No of Days Open","table OverdueRevAcquittalDates"
"bd86831a-0695-41d8-a907-c3a3e413d845","05 - Grant Acquittals Report","field","RevOverdueDateWHILERev Due Date+ITERNO()-1<=Rev End Date","table OverdueRevAcquittalDates"
"bd86831a-0695-41d8-a907-c3a3e413d845","05 - Grant Acquittals Report","field","Fiscal_Quarter","table RevFortnightEnding"
"bd86831a-0695-41d8-a907-c3a3e413d845","05 - Grant Acquittals Report","field","RevOverdueWeekYear","table RevFortnightEnding"
"bd86831a-0695-41d8-a907-c3a3e413d845","05 - Grant Acquittals Report","field","FinancialYear","table RevFortnightEnding"
"bd86831a-0695-41d8-a907-c3a3e413d845","05 - Grant Acquittals Report","field","Grant Activity Id%","table Grant Activity Funding"
"bd86831a-0695-41d8-a907-c3a3e413d845","05 - Grant Acquittals Report","field","Financial Year Id%","table Grant Activity Funding"
"bd86831a-0695-41d8-a907-c3a3e413d845","05 - Grant Acquittals Report","field","Total Value (ex GST)","table Grant Activity Funding"
"bd86831a-0695-41d8-a907-c3a3e413d845","05 - Grant Acquittals Report","field","Funds Released (ex GST)","table Grant Activity Funding"
"bd86831a-0695-41d8-a907-c3a3e413d845","05 - Grant Acquittals Report","field","Grant Activity Id%","table Grant Activity"
"bd86831a-0695-41d8-a907-c3a3e413d845","05 - Grant Acquittals Report","field","Activity Organisation Id%","table Grant Activity"
"bd86831a-0695-41d8-a907-c3a3e413d845","05 - Grant Acquittals Report","field","Activity ABN","table Grant Activity"
"bd86831a-0695-41d8-a907-c3a3e413d845","05 - Grant Acquittals Report","field","Organisation Indigeneity","table Grant Activity"
"bd86831a-0695-41d8-a907-c3a3e413d845","05 - Grant Acquittals Report","field","Activity Organisation Risk Profile","table Grant Activity"
"bd86831a-0695-41d8-a907-c3a3e413d845","05 - Grant Acquittals Report","field","Activity ORP Expiry Date","table Grant Activity"
"bd86831a-0695-41d8-a907-c3a3e413d845","05 - Grant Acquittals Report","field","Activity Start Date","table Grant Activity"
"bd86831a-0695-41d8-a907-c3a3e413d845","05 - Grant Acquittals Report","field","Activity Duration","table Grant Activity"
"bd86831a-0695-41d8-a907-c3a3e413d845","05 - Grant Acquittals Report","field","RGU Team","table Grant Activity"
"bd86831a-0695-41d8-a907-c3a3e413d845","05 - Grant Acquittals Report","field","RGU Location","table Grant Activity"
"bd86831a-0695-41d8-a907-c3a3e413d845","05 - Grant Acquittals Report","field","Activity started in last 30 days","table Grant Activity"
"bd86831a-0695-41d8-a907-c3a3e413d845","05 - Grant Acquittals Report","field","Activity ended in last 30 days","table Grant Activity"
"bd86831a-0695-41d8-a907-c3a3e413d845","05 - Grant Acquittals Report","field","Activity End Date Fin Year","table Grant Activity"
"bd86831a-0695-41d8-a907-c3a3e413d845","05 - Grant Acquittals Report","field","Grant Activity Id%","table LatestFinYear"
"bd86831a-0695-41d8-a907-c3a3e413d845","05 - Grant Acquittals Report","field","LatestFinYear","table LatestFinYear"
"bd86831a-0695-41d8-a907-c3a3e413d845","05 - Grant Acquittals Report","field","PMC Region Id%","table NIAA Region"
"bd86831a-0695-41d8-a907-c3a3e413d845","05 - Grant Acquittals Report","field","NIAA Sub Region","table NIAA Region"
"bd86831a-0695-41d8-a907-c3a3e413d845","05 - Grant Acquittals Report","field","NIAA Sub Region Abbr","table NIAA Region"
"bd86831a-0695-41d8-a907-c3a3e413d845","05 - Grant Acquittals Report","field","PMC Region.State","table NIAA Region"
"bd86831a-0695-41d8-a907-c3a3e413d845","05 - Grant Acquittals Report","field","Number of Days Milestone Overdue","table Grant Activity Milestone"
"bd86831a-0695-41d8-a907-c3a3e413d845","05 - Grant Acquittals Report","field","Grant Activity Milestone.Activity Id","table Grant Activity Milestone"
"bd86831a-0695-41d8-a907-c3a3e413d845","05 - Grant Acquittals Report","field","Activity PBS Outcome","table Grant Activity Milestone"
"bd86831a-0695-41d8-a907-c3a3e413d845","05 - Grant Acquittals Report","field","Milestone Managing Office%","table Grant Activity Milestone"
"bd86831a-0695-41d8-a907-c3a3e413d845","05 - Grant Acquittals Report","field","Grant Activity Milestone.Milestone Status","table Grant Activity Milestone"
"bd86831a-0695-41d8-a907-c3a3e413d845","05 - Grant Acquittals Report","field","Grant Activity Milestone.Milestone Stage","table Grant Activity Milestone"
"bd86831a-0695-41d8-a907-c3a3e413d845","05 - Grant Acquittals Report","field","Milestone Payment Mode","table Grant Activity Milestone"
"bd86831a-0695-41d8-a907-c3a3e413d845","05 - Grant Acquittals Report","field","Grant Activity Milestone.Milestone Received","table Grant Activity Milestone"
"bd86831a-0695-41d8-a907-c3a3e413d845","05 - Grant Acquittals Report","field","Grant Activity Milestone.Milestone Short Description","table Grant Activity Milestone"
"bd86831a-0695-41d8-a907-c3a3e413d845","05 - Grant Acquittals Report","field","Days to Complete","table Grant Activity Milestone"
"bd86831a-0695-41d8-a907-c3a3e413d845","05 - Grant Acquittals Report","field","Grant Activity Milestone.Financial Year Name","table Grant Activity Milestone"
"bd86831a-0695-41d8-a907-c3a3e413d845","05 - Grant Acquittals Report","field","Grant Activity Milestone.Milestone Action Required","table Grant Activity Milestone"
"bd86831a-0695-41d8-a907-c3a3e413d845","05 - Grant Acquittals Report","field","Grant Activity Milestone.Activity IMPACT PO Id","table Grant Activity Milestone"
"bd86831a-0695-41d8-a907-c3a3e413d845","05 - Grant Acquittals Report","field","Grant Activity Milestone.Milestone Auto Release Indicator","table Grant Activity Milestone"
"bd86831a-0695-41d8-a907-c3a3e413d845","05 - Grant Acquittals Report","field","Grant Activity Milestone.Milestone Date Driven Indicator","table Grant Activity Milestone"
"bd86831a-0695-41d8-a907-c3a3e413d845","05 - Grant Acquittals Report","field","Milestone Actual Amount Ex GST","table Grant Activity Milestone"
"bd86831a-0695-41d8-a907-c3a3e413d845","05 - Grant Acquittals Report","field","Overdue by Date","table Grant Activity Milestone"
"bd86831a-0695-41d8-a907-c3a3e413d845","05 - Grant Acquittals Report","field","Due in next 30 Days","table Grant Activity Milestone"
"bd86831a-0695-41d8-a907-c3a3e413d845","05 - Grant Acquittals Report","field","Due in next 6 Months","table Grant Activity Milestone"
"bd86831a-0695-41d8-a907-c3a3e413d845","05 - Grant Acquittals Report","field","Due in next 60 Days","table Grant Activity Milestone"
"bd86831a-0695-41d8-a907-c3a3e413d845","05 - Grant Acquittals Report","field","Completed in last 30 Days","table Grant Activity Milestone"
"bd86831a-0695-41d8-a907-c3a3e413d845","05 - Grant Acquittals Report","field","Due in last 30 Days","table Grant Activity Milestone"
"bd86831a-0695-41d8-a907-c3a3e413d845","05 - Grant Acquittals Report","field","Overdue Payment Mode","table Milestone Overdue Month"
"bd86831a-0695-41d8-a907-c3a3e413d845","05 - Grant Acquittals Report","field","Milestone Outstanding","table Milestone Overdue Month"
"bd86831a-0695-41d8-a907-c3a3e413d845","05 - Grant Acquittals Report","field","Overdue Milestone Financial Year","table Milestone Overdue Month"
"bd86831a-0695-41d8-a907-c3a3e413d845","05 - Grant Acquittals Report","variable","vMin","ff67d6ef-202e-4636-8862-484f779f8635"
"bd86831a-0695-41d8-a907-c3a3e413d845","05 - Grant Acquittals Report","variable","vOverduedate","d7f547c3-4ddd-4ff9-a82e-ac698a536e58"
"bd86831a-0695-41d8-a907-c3a3e413d845","05 - Grant Acquittals Report","variable","vListOfTables","bd248888-1080-4b2d-b883-aef3c4eff93e"
"bd86831a-0695-41d8-a907-c3a3e413d845","05 - Grant Acquittals Report","variable","vMax","ef0e1d49-7c2a-42c8-8f5a-f64407732834"
"bd86831a-0695-41d8-a907-c3a3e413d845","05 - Grant Acquittals Report","variable","vTargetDt","80706218-bd00-487a-a0e0-76818836fed8"
"bd86831a-0695-41d8-a907-c3a3e413d845","05 - Grant Acquittals Report","variable","vTableNo","d25eb47c-1b50-4c66-88c6-4920236a686d"
"bd86831a-0695-41d8-a907-c3a3e413d845","05 - Grant Acquittals Report","dimension","Overdue Month","UfsPmpM"
"bd86831a-0695-41d8-a907-c3a3e413d845","05 - Grant Acquittals Report","dimension","Overdue Date Drill down","dbJMSD"
"bd86831a-0695-41d8-a907-c3a3e413d845","05 - Grant Acquittals Report","dimension","Region","pvspEPk"
"bd86831a-0695-41d8-a907-c3a3e413d845","05 - Grant Acquittals Report","dimension","Amount Type","sjWsX"
"bd86831a-0695-41d8-a907-c3a3e413d845","05 - Grant Acquittals Report","measure","No of Activities","NABJbJB"
"bd86831a-0695-41d8-a907-c3a3e413d845","05 - Grant Acquittals Report","measure","Derived","UPtDTW"
"bd86831a-0695-41d8-a907-c3a3e413d845","05 - Grant Acquittals Report","measure","Review Amount to be Acquitted","XQcmqv"
"bd86831a-0695-41d8-a907-c3a3e413d845","05 - Grant Acquittals Report","measure","mOverdue Acquittals","eNuDM"
"local:aurion-qvd-generator","AURION QVD Generator","variable","AppName","a2004371-2b73-484c-90a8-7196bf4c0dbd"
"local:aurion-qvd-generator","AURION QVD Generator","variable","i","e99bf71a-67ae-40fd-ac3c-0936928584c0"
"local:aurion-qvd-generator","AURION QVD Generator","variable","TableName","4f439464-1a2e-45d7-b9d3-2148ad411303"
"b2fedbec-fdb7-4f73-9d97-c58f2dfe902e","AZURE QVD Generator","field","University Id","table University"
"b2fedbec-fdb7-4f73-9d97-c58f2dfe902e","AZURE QVD Generator","field","Campus Type","table University"
"b2fedbec-fdb7-4f73-9d97-c58f2dfe902e","AZURE QVD Generator","field","University Group","table University"
"b2fedbec-fdb7-4f73-9d97-c58f2dfe902e","AZURE QVD Generator","field","Short Name","table University"
"b2fedbec-fdb7-4f73-9d97-c58f2dfe902e","AZURE QVD Generator","field","Campus","table University"
"b2fedbec-fdb7-4f73-9d97-c58f2dfe902e","AZURE QVD Generator","field","Street Address","table University"
"b2fedbec-fdb7-4f73-9d97-c58f2dfe902e","AZURE QVD Generator","field","Postcode","table University"
"b2fedbec-fdb7-4f73-9d97-c58f2dfe902e","AZURE QVD Generator","field","State/Territory","table University"
"b2fedbec-fdb7-4f73-9d97-c58f2dfe902e","AZURE QVD Generator","field","Latitude","table University"
"b2fedbec-fdb7-4f73-9d97-c58f2dfe902e","AZURE QVD Generator","field","Longitude","table University"
"b2fedbec-fdb7-4f73-9d97-c58f2dfe902e","AZURE QVD Generator","field","NIAA Site Id","table NIAA Site"
"b2fedbec-fdb7-4f73-9d97-c58f2dfe902e","AZURE QVD Generator","field","Site Number","table NIAA Site"
"b2fedbec-fdb7-4f73-9d97-c58f2dfe902e","AZURE QVD Generator","field","Site Name","table NIAA Site"
"b2fedbec-fdb7-4f73-9d97-c58f2dfe902e","AZURE QVD Generator","field","Alternative Name","table NIAA Site"
"b2fedbec-fdb7-4f73-9d97-c58f2dfe902e","AZURE QVD Generator","field","Aurion Location Code","table NIAA Site"
"b2fedbec-fdb7-4f73-9d97-c58f2dfe902e","AZURE QVD Generator","field","Is Regional Office","table NIAA Site"
"b2fedbec-fdb7-4f73-9d97-c58f2dfe902e","AZURE QVD Generator","field","Site Contact","table NIAA Site"
"b2fedbec-fdb7-4f73-9d97-c58f2dfe902e","AZURE QVD Generator","field","Physical Address","table NIAA Site"
"b2fedbec-fdb7-4f73-9d97-c58f2dfe902e","AZURE QVD Generator","field","Suburb/Town","table NIAA Site"
"b2fedbec-fdb7-4f73-9d97-c58f2dfe902e","AZURE QVD Generator","field","State/Territory","table NIAA Site"
"b2fedbec-fdb7-4f73-9d97-c58f2dfe902e","AZURE QVD Generator","field","Postcode","table NIAA Site"
"b2fedbec-fdb7-4f73-9d97-c58f2dfe902e","AZURE QVD Generator","field","Phone Number","table NIAA Site"
"b2fedbec-fdb7-4f73-9d97-c58f2dfe902e","AZURE QVD Generator","field","Toll Free Phone Number","table NIAA Site"
"b2fedbec-fdb7-4f73-9d97-c58f2dfe902e","AZURE QVD Generator","field","Postal Address","table NIAA Site"
"b2fedbec-fdb7-4f73-9d97-c58f2dfe902e","AZURE QVD Generator","field","Postal Suburb/Town","table NIAA Site"
"b2fedbec-fdb7-4f73-9d97-c58f2dfe902e","AZURE QVD Generator","field","Postal State/Territory","table NIAA Site"
"b2fedbec-fdb7-4f73-9d97-c58f2dfe902e","AZURE QVD Generator","field","Postal Postcode","table NIAA Site"
"b2fedbec-fdb7-4f73-9d97-c58f2dfe902e","AZURE QVD Generator","field","PMC Region","table NIAA Site"
"b2fedbec-fdb7-4f73-9d97-c58f2dfe902e","AZURE QVD Generator","field","PMC Staff Number","table NIAA Site"
"b2fedbec-fdb7-4f73-9d97-c58f2dfe902e","AZURE QVD Generator","field","Staff Present","table NIAA Site"
"b2fedbec-fdb7-4f73-9d97-c58f2dfe902e","AZURE QVD Generator","field","Hosted Staff on Site","table NIAA Site"
"b2fedbec-fdb7-4f73-9d97-c58f2dfe902e","AZURE QVD Generator","field","Lease Holder","table NIAA Site"
"b2fedbec-fdb7-4f73-9d97-c58f2dfe902e","AZURE QVD Generator","field","Possible Logistics Point","table NIAA Site"
"b2fedbec-fdb7-4f73-9d97-c58f2dfe902e","AZURE QVD Generator","field","Communications","table NIAA Site"
"b2fedbec-fdb7-4f73-9d97-c58f2dfe902e","AZURE QVD Generator","field","Speed","table NIAA Site"
"b2fedbec-fdb7-4f73-9d97-c58f2dfe902e","AZURE QVD Generator","field","Network Kit","table NIAA Site"
"b2fedbec-fdb7-4f73-9d97-c58f2dfe902e","AZURE QVD Generator","field","Freight Method","table NIAA Site"
"b2fedbec-fdb7-4f73-9d97-c58f2dfe902e","AZURE QVD Generator","field","Team Travel Route","table NIAA Site"
"b2fedbec-fdb7-4f73-9d97-c58f2dfe902e","AZURE QVD Generator","field","Wet Season Issues","table NIAA Site"
"b2fedbec-fdb7-4f73-9d97-c58f2dfe902e","AZURE QVD Generator","field","IP Address at site","table NIAA Site"
"b2fedbec-fdb7-4f73-9d97-c58f2dfe902e","AZURE QVD Generator","field","GPS Location","table NIAA Site"
"b2fedbec-fdb7-4f73-9d97-c58f2dfe902e","AZURE QVD Generator","field","Site Report Link","table NIAA Site"
"b2fedbec-fdb7-4f73-9d97-c58f2dfe902e","AZURE QVD Generator","field","Remoteness Area","table NIAA Site"
"b2fedbec-fdb7-4f73-9d97-c58f2dfe902e","AZURE QVD Generator","field","SA1 Main Code","table NIAA Site"
"b2fedbec-fdb7-4f73-9d97-c58f2dfe902e","AZURE QVD Generator","field","Latitude","table NIAA Site"
"b2fedbec-fdb7-4f73-9d97-c58f2dfe902e","AZURE QVD Generator","field","Longitude","table NIAA Site"
"b2fedbec-fdb7-4f73-9d97-c58f2dfe902e","AZURE QVD Generator","field","FootPrints Discussion","table NIAA Site"
"b2fedbec-fdb7-4f73-9d97-c58f2dfe902e","AZURE QVD Generator","field","Hosted by","table NIAA Site"
"b2fedbec-fdb7-4f73-9d97-c58f2dfe902e","AZURE QVD Generator","field","Hosting","table NIAA Site"
"b2fedbec-fdb7-4f73-9d97-c58f2dfe902e","AZURE QVD Generator","field","Office Capacity","table NIAA Site"
"b2fedbec-fdb7-4f73-9d97-c58f2dfe902e","AZURE QVD Generator","field","Type Code","table NIAA Site"
"b2fedbec-fdb7-4f73-9d97-c58f2dfe902e","AZURE QVD Generator","variable","DF","5fa4e4f5-97a7-4355-98de-d09552804715"
"b2fedbec-fdb7-4f73-9d97-c58f2dfe902e","AZURE QVD Generator","variable","TablesSoFar2","39883f62-c320-4bcf-946f-2a99878ee3d9"
"b2fedbec-fdb7-4f73-9d97-c58f2dfe902e","AZURE QVD Generator","variable","J","0898e773-eb7b-49a0-87a1-5606b39cc7c1"
"b2fedbec-fdb7-4f73-9d97-c58f2dfe902e","AZURE QVD Generator","variable","PROVIDER","946b7c83-a394-48db-bef9-7a0669cee62c"
"b2fedbec-fdb7-4f73-9d97-c58f2dfe902e","AZURE QVD Generator","variable","TablesSoFar","8dcfe2e0-4d8e-48ae-b536-9a88dcdfa13f"
"b2fedbec-fdb7-4f73-9d97-c58f2dfe902e","AZURE QVD Generator","variable","j","eb7e339e-9b9d-420a-b1e6-3e67bd971971"
"b2fedbec-fdb7-4f73-9d97-c58f2dfe902e","AZURE QVD Generator","variable","DFNO","d41507d9-4493-4dc2-aeaf-d0a0bcdfd920"
"b2fedbec-fdb7-4f73-9d97-c58f2dfe902e","AZURE QVD Generator","variable","PRNO","2dce99db-8eca-404d-a08a-2c3f16a45f43"
"local:bushel-qvd-builder","Bushel QVD Builder","variable","vQVD_DIR","19a26f13-3a79-4ecb-8dd7-016e149e0c20"
"local:bushel-qvd-builder","Bushel QVD Builder","variable","vLOG_TBL_NAME","bbeb0ad3-a60d-4a70-8b30-933915a1cfb3"
"local:bushel-qvd-builder","Bushel QVD Builder","variable","vLOG_SEQ","614da3d3-1307-4d57-b516-25953d800895"
"local:bushel-qvd-builder","Bushel QVD Builder","variable","vQVD_ERROR","e904cc74-e9ae-464d-a64f-735ae407a587"
"local:bushel-qvd-builder","Bushel QVD Builder","variable","vMAX","996f13ee-e113-4722-a3e7-2d32aa9c0536"
"local:bushel-qvd-builder","Bushel QVD Builder","variable","vSchemaCount","e1487808-688f-4f5e-b93e-b8ad2aabaedc"
"local:bushel-qvd-builder","Bushel QVD Builder","variable","vTBL","551d9153-ffb9-4a99-b309-7ec2d604fd6e"
"local:bushel-qvd-builder","Bushel QVD Builder","variable","vSNAPSHOT_RUN_FLAG","3b26878a-0eed-4e7d-b5d7-145306b040b8"
"local:bushel-qvd-builder","Bushel QVD Builder","variable","vQLIK_TBL","97204a63-4931-422b-a78a-5aa42e3efce9"
"local:bushel-qvd-builder","Bushel QVD Builder","variable","vMIN_SECTION_#","4bff2df1-c631-4199-87dd-d953c261cac9"
"local:bushel-qvd-builder","Bushel QVD Builder","variable","vMAX_SECTION_#","7bfc6bb0-21fa-4b56-9990-17263f538fea"
"local:bushel-qvd-builder","Bushel QVD Builder","variable","vMIN_SUB_SECTION_#","872eb477-47ef-4de7-b92f-9d71901b8805"
"local:bushel-qvd-builder","Bushel QVD Builder","variable","vMAX_SUB_SECTION_#","f0acfba8-8bcc-43e9-9c1d-10853d32616d"
"local:bushel-qvd-builder","Bushel QVD Builder","variable","vEND_SECTION_#","9a7a373b-4707-41b9-80c0-43d90932a345"
"local:bushel-qvd-builder","Bushel QVD Builder","variable","vSTART_SECTION_0_#","afa9646e-d078-4231-9fe0-601b859f2f04"
"local:bushel-qvd-builder","Bushel QVD Builder","variable","vEND_SECTION_0_#","27a11ddf-f5ca-4d9c-9922-3234fac6e7c1"
"local:bushel-qvd-builder","Bushel QVD Builder","variable","vSTART_SECTION_1_#","0df89d75-2a53-421c-9d87-1e28eef6e08e"
"local:bushel-qvd-builder","Bushel QVD Builder","variable","vEND_SECTION_1_#","b113b7a9-f2b8-4904-959c-43dd66f512bd"
"local:bushel-qvd-builder","Bushel QVD Builder","variable","vSTART_SECTION_2_#","87e6fc5b-13e4-4d78-ae1d-08b0cffaaf09"
"local:bushel-qvd-builder","Bushel QVD Builder","variable","vEND_SECTION_2_#","379e7179-b9df-487a-9dec-b1cc5a2f426b"
"local:bushel-qvd-builder","Bushel QVD Builder","variable","vSTART_SECTION_3_#","47e54c34-8fe8-4ce8-bce2-905309209536"
"local:bushel-qvd-builder","Bushel QVD Builder","variable","vEND_SECTION_3_#","47c26330-a469-4681-8898-490e4e70cd2f"
"local:bushel-qvd-builder","Bushel QVD Builder","variable","vSTART_SECTION_4_#","e73ad161-0a69-46f4-ba82-daada5f728f1"
"local:bushel-qvd-builder","Bushel QVD Builder","variable","vEND_SECTION_4_#","e4f7787d-0378-4306-83ca-1c29a170aa94"
"local:bushel-qvd-builder","Bushel QVD Builder","variable","vSTREAM","9af889b4-b5b6-4d84-8fef-7bb156fb4541"
"local:bushel-qvd-builder","Bushel QVD Builder","variable","vLATEST_SNAPSHOT_DATE","d362e916-9cdc-4135-ba29-02004e516d9c"
"local:bushel-qvd-builder","Bushel QVD Builder","variable","vSTART_SECTION_#","5ea720e4-1e5b-4a56-9bed-ba0d28635faa"
"local:bushel-qvd-builder","Bushel QVD Builder","variable","vENV","70902330-8729-46c0-aa9a-b2f4692b41be"
"local:bushel-qvd-builder","Bushel QVD Builder","variable","vFIRST_SNAPSHOT_DATE","685a9485-2957-4eda-a5e9-283aeace5c8e"
"local:bushel-qvd-builder","Bushel QVD Builder","variable","vLAST_SNAPSHOT_DATE","a9ef472c-8ee3-432c-87af-a43e5652ff0c"
"local:bushel-qvd-builder","Bushel QVD Builder","variable","vPUBLISHED","35747806-9564-4872-a633-3ecffbc0eb0f"
"local:bushel-qvd-builder","Bushel QVD Builder","variable","vQVD_BUILDER_#","f1107259-b732-451f-b059-d3b9a5ff59f3"
"local:bushel-qvd-builder","Bushel QVD Builder","variable","vSQL_TBL","2d524d64-0b51-45a9-9508-1850ba4361ca"
"local:bushel-qvd-builder","Bushel QVD Builder","variable","vTABLE_NAMES","228db446-a8d5-4468-8a2a-7920bd1881bf"
"local:bushel-qvd-builder","Bushel QVD Builder","variable","vTable_Names","c15eb571-1896-4f36-97e7-3e8b553c08cd"
"local:bushel-qvd-builder","Bushel QVD Builder","variable","vSQL_Tbl","9cb6cbb2-a84a-4c39-8551-393d0a19502c"
"c181957a-a6c8-4ad2-b10c-28eacb96089e","Community Profile Nprint(3)","table","2021 ABS Remoteness x ILOC","5 fields, lines 4107-4114"
"c181957a-a6c8-4ad2-b10c-28eacb96089e","Community Profile Nprint(3)","table","2021 CtG Targets ABS Tablebuilder","113 fields, lines 4151-4266"
"c181957a-a6c8-4ad2-b10c-28eacb96089e","Community Profile Nprint(3)","table","BudgetFTE","4 fields, lines 13407-13427"
"c181957a-a6c8-4ad2-b10c-28eacb96089e","Community Profile Nprint(3)","table","Community Category","7 fields, lines 5629-5668"
"c181957a-a6c8-4ad2-b10c-28eacb96089e","Community Profile Nprint(3)","table","Engagement Region","5 fields, lines 2804-2811"
"c181957a-a6c8-4ad2-b10c-28eacb96089e","Community Profile Nprint(3)","table","FADA - NTDA","2 fields, lines 2738-2742"
"c181957a-a6c8-4ad2-b10c-28eacb96089e","Community Profile Nprint(3)","table","FAO - NTDA","2 fields, lines 2704-2708"
"c181957a-a6c8-4ad2-b10c-28eacb96089e","Community Profile Nprint(3)","table","Fleet Cars","7 fields, lines 2325-6024"
"c181957a-a6c8-4ad2-b10c-28eacb96089e","Community Profile Nprint(3)","table","Fleet Stops","7 fields, lines 2337-6050"
"c181957a-a6c8-4ad2-b10c-28eacb96089e","Community Profile Nprint(3)","table","Grant Activity Coding","5 fields, lines 2872-2880"
"c181957a-a6c8-4ad2-b10c-28eacb96089e","Community Profile Nprint(3)","table","Grant Activity Contact","7 fields, lines 1263-1278"
"c181957a-a6c8-4ad2-b10c-28eacb96089e","Community Profile Nprint(3)","table","Grant Activity KPI Assessment","4 fields, lines 3090-3106"
"c181957a-a6c8-4ad2-b10c-28eacb96089e","Community Profile Nprint(3)","table","Grant Activity Performance History","4 fields, lines 2973-2980"
"c181957a-a6c8-4ad2-b10c-28eacb96089e","Community Profile Nprint(3)","table","Grant Activity Review","7 fields, lines 2891-2900"
"c181957a-a6c8-4ad2-b10c-28eacb96089e","Community Profile Nprint(3)","table","Grant Activity Review Item","7 fields, lines 2903-2912"
"c181957a-a6c8-4ad2-b10c-28eacb96089e","Community Profile Nprint(3)","table","Grant Activity Review KPI","12 fields, lines 2915-2929"
"c181957a-a6c8-4ad2-b10c-28eacb96089e","Community Profile Nprint(3)","table","IAM Staff","20 fields, lines 2003-2025"
"c181957a-a6c8-4ad2-b10c-28eacb96089e","Community Profile Nprint(3)","table","ILOC to Hub","6 fields, lines 5921-5929"
"c181957a-a6c8-4ad2-b10c-28eacb96089e","Community Profile Nprint(3)","table","IRSEO PINIRSEO 2021","7 fields, lines 4365-4374"
"c181957a-a6c8-4ad2-b10c-28eacb96089e","Community Profile Nprint(3)","table","Matrix","4 fields, lines 5142-5558"
"c181957a-a6c8-4ad2-b10c-28eacb96089e","Community Profile Nprint(3)","table","MB-LGA","2 fields, lines 3410-3415"
"c181957a-a6c8-4ad2-b10c-28eacb96089e","Community Profile Nprint(3)","table","MB - CED","2 fields, lines 2381-2389"
"c181957a-a6c8-4ad2-b10c-28eacb96089e","Community Profile Nprint(3)","table","MB 2021","4 fields, lines 998-1020"
"c181957a-a6c8-4ad2-b10c-28eacb96089e","Community Profile Nprint(3)","table","MB 2021 - NT Admin Region 2023","2 fields, lines 4424-4429"
"c181957a-a6c8-4ad2-b10c-28eacb96089e","Community Profile Nprint(3)","table","NNTT to MB","5 fields, lines 2393-2400"
"c181957a-a6c8-4ad2-b10c-28eacb96089e","Community Profile Nprint(3)","table","NT Admin Region 2023","3 fields, lines 4411-4421"
"c181957a-a6c8-4ad2-b10c-28eacb96089e","Community Profile Nprint(3)","table","NTD - NTDA","2 fields, lines 2403-2407"
"c181957a-a6c8-4ad2-b10c-28eacb96089e","Community Profile Nprint(3)","table","Organisation Current Risk Profile","12 fields, lines 1332-1346"
"c181957a-a6c8-4ad2-b10c-28eacb96089e","Community Profile Nprint(3)","table","Organisation Staff","13 fields, lines 13431-13459"
"c181957a-a6c8-4ad2-b10c-28eacb96089e","Community Profile Nprint(3)","table","ORIC Corporations","25 fields, lines 4271-4298"
"c181957a-a6c8-4ad2-b10c-28eacb96089e","Community Profile Nprint(3)","table","Performance Indicator","7 fields, lines 3078-3087"
"c181957a-a6c8-4ad2-b10c-28eacb96089e","Community Profile Nprint(3)","table","Performance Report Assessment","8 fields, lines 3034-3075"
"c181957a-a6c8-4ad2-b10c-28eacb96089e","Community Profile Nprint(3)","table","PM Agencies","2 fields, lines 7270-7352"
"c181957a-a6c8-4ad2-b10c-28eacb96089e","Community Profile Nprint(3)","table","PM Agency to Item","2 fields, lines 7355-8071"
"c181957a-a6c8-4ad2-b10c-28eacb96089e","Community Profile Nprint(3)","table","PMCrossResults","11 fields, lines 7260-7263"
"c181957a-a6c8-4ad2-b10c-28eacb96089e","Community Profile Nprint(3)","table","Review Id link","2 fields, lines 2983-3010"
"c181957a-a6c8-4ad2-b10c-28eacb96089e","Community Profile Nprint(3)","table","SA1 2021 - ILOC 2021","2 fields, lines 980-995"
"c181957a-a6c8-4ad2-b10c-28eacb96089e","Community Profile Nprint(3)","table","SA2","4 fields, lines 1023-1044"
"c181957a-a6c8-4ad2-b10c-28eacb96089e","Community Profile Nprint(3)","table","Site Visit Region Link","2 fields, lines 3343-3349"
"c181957a-a6c8-4ad2-b10c-28eacb96089e","Community Profile Nprint(3)","table","Trip","15 fields, lines 2237-2241"
"c181957a-a6c8-4ad2-b10c-28eacb96089e","Community Profile Nprint(3)","field","AGIL Id%","table AGIL"
"c181957a-a6c8-4ad2-b10c-28eacb96089e","Community Profile Nprint(3)","field","Alternative AGIL Names","table AGIL"
"c181957a-a6c8-4ad2-b10c-28eacb96089e","Community Profile Nprint(3)","field","MB Code 2021","table AGIL"
"c181957a-a6c8-4ad2-b10c-28eacb96089e","Community Profile Nprint(3)","field","ILOC Code","table 2021 Census Datapacks x ILOC"
"c181957a-a6c8-4ad2-b10c-28eacb96089e","Community Profile Nprint(3)","field","Grant Activity Id%","table Grant Activity Location"
"c181957a-a6c8-4ad2-b10c-28eacb96089e","Community Profile Nprint(3)","field","MB CodeLOADGrant Activity Location Id","table Grant Activity Location"
"c181957a-a6c8-4ad2-b10c-28eacb96089e","Community Profile Nprint(3)","field","Grant Activity Id","table Grant Activity Location"
"c181957a-a6c8-4ad2-b10c-28eacb96089e","Community Profile Nprint(3)","field","Activity Location","table Grant Activity Location"
"c181957a-a6c8-4ad2-b10c-28eacb96089e","Community Profile Nprint(3)","field","Location Type Code","table Grant Activity Location"
"c181957a-a6c8-4ad2-b10c-28eacb96089e","Community Profile Nprint(3)","field","Location Type","table Grant Activity Location"
"c181957a-a6c8-4ad2-b10c-28eacb96089e","Community Profile Nprint(3)","field","Electorate Id","table Grant Activity Location"
"c181957a-a6c8-4ad2-b10c-28eacb96089e","Community Profile Nprint(3)","field","Electorate","table Grant Activity Location"
"c181957a-a6c8-4ad2-b10c-28eacb96089e","Community Profile Nprint(3)","field","Location Address Id","table Grant Activity Location"
"c181957a-a6c8-4ad2-b10c-28eacb96089e","Community Profile Nprint(3)","field","City/Suburb","table Grant Activity Location"
"c181957a-a6c8-4ad2-b10c-28eacb96089e","Community Profile Nprint(3)","field","Address Postcode","table Grant Activity Location"
"c181957a-a6c8-4ad2-b10c-28eacb96089e","Community Profile Nprint(3)","field","SA1 Main Code","table Grant Activity Location"
"c181957a-a6c8-4ad2-b10c-28eacb96089e","Community Profile Nprint(3)","field","ILOC Code","table Grant Activity Location"
"c181957a-a6c8-4ad2-b10c-28eacb96089e","Community Profile Nprint(3)","field","Longitude","table Grant Activity Location"
"c181957a-a6c8-4ad2-b10c-28eacb96089e","Community Profile Nprint(3)","field","Latitude","table Grant Activity Location"
"c181957a-a6c8-4ad2-b10c-28eacb96089e","Community Profile Nprint(3)","field","Mesh Block Code 2016","table Grant Activity Location"
"c181957a-a6c8-4ad2-b10c-28eacb96089e","Community Profile Nprint(3)","field","Mesh Block Code 2021","table Grant Activity Location"
"c181957a-a6c8-4ad2-b10c-28eacb96089e","Community Profile Nprint(3)","field","Empowered Community Id","table Grant Activity Location"
"c181957a-a6c8-4ad2-b10c-28eacb96089e","Community Profile Nprint(3)","field","Empowered Community","table Grant Activity Location"
"c181957a-a6c8-4ad2-b10c-28eacb96089e","Community Profile Nprint(3)","field","Location Start Date","table Grant Activity Location"
"c181957a-a6c8-4ad2-b10c-28eacb96089e","Community Profile Nprint(3)","field","Location End Date","table Grant Activity Location"
"c181957a-a6c8-4ad2-b10c-28eacb96089e","Community Profile Nprint(3)","field","Remoteness Area","table Grant Activity Location"
"c181957a-a6c8-4ad2-b10c-28eacb96089e","Community Profile Nprint(3)","field","Source System Status Id","table Grant Activity Location"
"c181957a-a6c8-4ad2-b10c-28eacb96089e","Community Profile Nprint(3)","field","Source System Status","table Grant Activity Location"
"c181957a-a6c8-4ad2-b10c-28eacb96089e","Community Profile Nprint(3)","field","Source Location Type Id","table Grant Activity Location"
"c181957a-a6c8-4ad2-b10c-28eacb96089e","Community Profile Nprint(3)","field","Source Location Type","table Grant Activity Location"
"c181957a-a6c8-4ad2-b10c-28eacb96089e","Community Profile Nprint(3)","field","Estimated Location Attribution","table Grant Activity Location"
"c181957a-a6c8-4ad2-b10c-28eacb96089e","Community Profile Nprint(3)","field","Activity Location Status","table Grant Activity Location"
"c181957a-a6c8-4ad2-b10c-28eacb96089e","Community Profile Nprint(3)","field","Location Id","table Grant Activity Location"
"c181957a-a6c8-4ad2-b10c-28eacb96089e","Community Profile Nprint(3)","field","Grant Activity Location Attribution.Grant Activity Location Attribution Id%","table Grant Activity Location Attribution"
"c181957a-a6c8-4ad2-b10c-28eacb96089e","Community Profile Nprint(3)","field","Location Attribution Status","table Grant Activity Location Attribution"
"c181957a-a6c8-4ad2-b10c-28eacb96089e","Community Profile Nprint(3)","field","IAREA Code","table ABS Data x Reg 2011-2021"
"c181957a-a6c8-4ad2-b10c-28eacb96089e","Community Profile Nprint(3)","field","Data x Reg Label","table ABS Data x Reg 2011-2021"
"c181957a-a6c8-4ad2-b10c-28eacb96089e","Community Profile Nprint(3)","field","LFS_Total_responding_population_aged_15_64_years","table ABS Data x Reg 2011-2021"
"c181957a-a6c8-4ad2-b10c-28eacb96089e","Community Profile Nprint(3)","field","UA_Provided_unpaid_assistance","table ABS Data x Reg 2011-2021"
"c181957a-a6c8-4ad2-b10c-28eacb96089e","Community Profile Nprint(3)","field","UCC_Cared_for_own_children","table ABS Data x Reg 2011-2021"
"c181957a-a6c8-4ad2-b10c-28eacb96089e","Community Profile Nprint(3)","field","UCC_Cared_for_other_children","table ABS Data x Reg 2011-2021"
"c181957a-a6c8-4ad2-b10c-28eacb96089e","Community Profile Nprint(3)","field","UCC_Total_provided_unpaid_child_care","table ABS Data x Reg 2011-2021"
"c181957a-a6c8-4ad2-b10c-28eacb96089e","Community Profile Nprint(3)","field","UCC_Did_not_provide_unpaid_child_care","table ABS Data x Reg 2011-2021"
"c181957a-a6c8-4ad2-b10c-28eacb96089e","Community Profile Nprint(3)","field","VW_Volunteered_for_an_organisation_or_group","table ABS Data x Reg 2011-2021"
"c181957a-a6c8-4ad2-b10c-28eacb96089e","Community Profile Nprint(3)","field","TT_Owner_with_or_without_a_mortgage","table ABS Data x Reg 2011-2021"
"c181957a-a6c8-4ad2-b10c-28eacb96089e","Community Profile Nprint(3)","field","TT_Renter","table ABS Data x Reg 2011-2021"
"c181957a-a6c8-4ad2-b10c-28eacb96089e","Community Profile Nprint(3)","field","CtG9A_Living_requiring_one_additional","table ABS Data x Reg 2011-2021"
"c181957a-a6c8-4ad2-b10c-28eacb96089e","Community Profile Nprint(3)","field","CtG9A_Living_requiring_two_additional","table ABS Data x Reg 2011-2021"
"c181957a-a6c8-4ad2-b10c-28eacb96089e","Community Profile Nprint(3)","field","CtG9A_Living_requiring_three_additional","table ABS Data x Reg 2011-2021"
"c181957a-a6c8-4ad2-b10c-28eacb96089e","Community Profile Nprint(3)","field","CtG9A_Living_requiring_four_additional","table ABS Data x Reg 2011-2021"
"c181957a-a6c8-4ad2-b10c-28eacb96089e","Community Profile Nprint(3)","field","UA_Denominator","table ABS Data x Reg 2011-2021"
"c181957a-a6c8-4ad2-b10c-28eacb96089e","Community Profile Nprint(3)","field","UCC_Denominator","table ABS Data x Reg 2011-2021"
"c181957a-a6c8-4ad2-b10c-28eacb96089e","Community Profile Nprint(3)","field","VW_Denominator","table ABS Data x Reg 2011-2021"
"c181957a-a6c8-4ad2-b10c-28eacb96089e","Community Profile Nprint(3)","field","TT_Denominator","table ABS Data x Reg 2011-2021"
"c181957a-a6c8-4ad2-b10c-28eacb96089e","Community Profile Nprint(3)","field","NIAA Region Id","table NIAA Region"
"c181957a-a6c8-4ad2-b10c-28eacb96089e","Community Profile Nprint(3)","field","Region Group","table NIAA Region"
"c181957a-a6c8-4ad2-b10c-28eacb96089e","Community Profile Nprint(3)","field","NIAA Subregion Id","table NIAA Subregion"
"c181957a-a6c8-4ad2-b10c-28eacb96089e","Community Profile Nprint(3)","field","ILOC Code","table ILOC - NIAA Subregion"
"c181957a-a6c8-4ad2-b10c-28eacb96089e","Community Profile Nprint(3)","field","Grant Activity Id%","table Grant Activity"
"c181957a-a6c8-4ad2-b10c-28eacb96089e","Community Profile Nprint(3)","field","Source Organisation Id%","table Grant Activity"
"c181957a-a6c8-4ad2-b10c-28eacb96089e","Community Profile Nprint(3)","field","Grants Management Unit Id%","table Grant Activity"
"c181957a-a6c8-4ad2-b10c-28eacb96089e","Community Profile Nprint(3)","field","Programme Component Id%","table Grant Activity"
"c181957a-a6c8-4ad2-b10c-28eacb96089e","Community Profile Nprint(3)","field","Grant Activity Status","table Grant Activity"
"c181957a-a6c8-4ad2-b10c-28eacb96089e","Community Profile Nprint(3)","field","Activity Id","table Grant Activity"
"c181957a-a6c8-4ad2-b10c-28eacb96089e","Community Profile Nprint(3)","field","Activity Description","table Grant Activity"
"c181957a-a6c8-4ad2-b10c-28eacb96089e","Community Profile Nprint(3)","field","Activity Start Date","table Grant Activity"
"c181957a-a6c8-4ad2-b10c-28eacb96089e","Community Profile Nprint(3)","field","Activity End Date","table Grant Activity"
"c181957a-a6c8-4ad2-b10c-28eacb96089e","Community Profile Nprint(3)","field","Source System Id%","table Grant Activity"
"c181957a-a6c8-4ad2-b10c-28eacb96089e","Community Profile Nprint(3)","field","Activity Manager","table Grant Activity"
"c181957a-a6c8-4ad2-b10c-28eacb96089e","Community Profile Nprint(3)","field","Activity Status","table Grant Activity"
"c181957a-a6c8-4ad2-b10c-28eacb96089e","Community Profile Nprint(3)","field","Engagement Office Id%","table Grant Activity"
"c181957a-a6c8-4ad2-b10c-28eacb96089e","Community Profile Nprint(3)","field","Activity Total Funding Amount","table Grant Activity"
"c181957a-a6c8-4ad2-b10c-28eacb96089e","Community Profile Nprint(3)","field","Activity Total Funds Released","table Grant Activity"
"c181957a-a6c8-4ad2-b10c-28eacb96089e","Community Profile Nprint(3)","field","ORP Approved Date","table Organisation"
"c181957a-a6c8-4ad2-b10c-28eacb96089e","Community Profile Nprint(3)","field","ORP Expiry Date","table Organisation"
"c181957a-a6c8-4ad2-b10c-28eacb96089e","Community Profile Nprint(3)","field","ORP Risk Rating","table Organisation"
"c181957a-a6c8-4ad2-b10c-28eacb96089e","Community Profile Nprint(3)","field","Risk Exemption Date","table Organisation"
"c181957a-a6c8-4ad2-b10c-28eacb96089e","Community Profile Nprint(3)","field","Risk Exemption Justification","table Organisation"
"c181957a-a6c8-4ad2-b10c-28eacb96089e","Community Profile Nprint(3)","field","Risk Exemption Reason","table Organisation"
"c181957a-a6c8-4ad2-b10c-28eacb96089e","Community Profile Nprint(3)","field","Organisation Indigenous Status","table Organisation"
"c181957a-a6c8-4ad2-b10c-28eacb96089e","Community Profile Nprint(3)","field","Organisation Indigeneity","table Organisation"
"c181957a-a6c8-4ad2-b10c-28eacb96089e","Community Profile Nprint(3)","field","Organisation Latest Performance Rating","table Organisation"
"c181957a-a6c8-4ad2-b10c-28eacb96089e","Community Profile Nprint(3)","field","Organisation Compliance Concern","table Organisation"
"c181957a-a6c8-4ad2-b10c-28eacb96089e","Community Profile Nprint(3)","field","Organisation Compliance Concern Updated On","table Organisation"
"c181957a-a6c8-4ad2-b10c-28eacb96089e","Community Profile Nprint(3)","field","Organisation Compliance Concern Updated By","table Organisation"
"c181957a-a6c8-4ad2-b10c-28eacb96089e","Community Profile Nprint(3)","field","Organisation Risk Profile Id%","table Organisation Risk Profile"
"c181957a-a6c8-4ad2-b10c-28eacb96089e","Community Profile Nprint(3)","field","Organisation Risk Profile.PMC Region Id%","table Organisation Risk Profile"
"c181957a-a6c8-4ad2-b10c-28eacb96089e","Community Profile Nprint(3)","field","Organisation Risk Profile.Grant Application Id%","table Organisation Risk Profile"
"c181957a-a6c8-4ad2-b10c-28eacb96089e","Community Profile Nprint(3)","field","Organisation Risk Profile.Questionnaire Template Id%","table Organisation Risk Profile"
"c181957a-a6c8-4ad2-b10c-28eacb96089e","Community Profile Nprint(3)","field","Organisation Risk Profile.Action Officer","table Organisation Risk Profile"
"c181957a-a6c8-4ad2-b10c-28eacb96089e","Community Profile Nprint(3)","field","Organisation Risk Profile.Action Officer Relationship","table Organisation Risk Profile"
"c181957a-a6c8-4ad2-b10c-28eacb96089e","Community Profile Nprint(3)","field","Organisation Risk Profile.Additional Conditions Message","table Organisation Risk Profile"
"c181957a-a6c8-4ad2-b10c-28eacb96089e","Community Profile Nprint(3)","field","Organisation Risk Profile.Approved","table Organisation Risk Profile"
"c181957a-a6c8-4ad2-b10c-28eacb96089e","Community Profile Nprint(3)","field","Organisation Risk Profile.ApprovedBy","table Organisation Risk Profile"
"c181957a-a6c8-4ad2-b10c-28eacb96089e","Community Profile Nprint(3)","field","Organisation Risk Profile.Approved Date","table Organisation Risk Profile"
"c181957a-a6c8-4ad2-b10c-28eacb96089e","Community Profile Nprint(3)","field","Organisation Risk Profile.Assessment Due Date","table Organisation Risk Profile"
"c181957a-a6c8-4ad2-b10c-28eacb96089e","Community Profile Nprint(3)","field","Organisation Risk Profile.Clearance Ccomments","table Organisation Risk Profile"
"c181957a-a6c8-4ad2-b10c-28eacb96089e","Community Profile Nprint(3)","field","Organisation Risk Profile.Cleared","table Organisation Risk Profile"
"c181957a-a6c8-4ad2-b10c-28eacb96089e","Community Profile Nprint(3)","field","Organisation Risk Profile.Cleared By","table Organisation Risk Profile"
"c181957a-a6c8-4ad2-b10c-28eacb96089e","Community Profile Nprint(3)","field","Organisation Risk Profile.Cleared On","table Organisation Risk Profile"
"c181957a-a6c8-4ad2-b10c-28eacb96089e","Community Profile Nprint(3)","field","Organisation Risk Profile.Conflict Of Interest","table Organisation Risk Profile"
"c181957a-a6c8-4ad2-b10c-28eacb96089e","Community Profile Nprint(3)","field","Organisation Risk Profile.Exemption Removal Justification","table Organisation Risk Profile"
"c181957a-a6c8-4ad2-b10c-28eacb96089e","Community Profile Nprint(3)","field","Organisation Risk Profile.Expiry Date","table Organisation Risk Profile"
"c181957a-a6c8-4ad2-b10c-28eacb96089e","Community Profile Nprint(3)","field","Organisation Risk Profile.Latest ORP","table Organisation Risk Profile"
"c181957a-a6c8-4ad2-b10c-28eacb96089e","Community Profile Nprint(3)","field","Organisation Risk Profile.Funded At Review","table Organisation Risk Profile"
"c181957a-a6c8-4ad2-b10c-28eacb96089e","Community Profile Nprint(3)","field","Organisation Risk Profile.Is Automatically Created","table Organisation Risk Profile"
"c181957a-a6c8-4ad2-b10c-28eacb96089e","Community Profile Nprint(3)","field","Organisation Risk Profile.Key Contact","table Organisation Risk Profile"
"c181957a-a6c8-4ad2-b10c-28eacb96089e","Community Profile Nprint(3)","field","Organisation Risk Profile.Name","table Organisation Risk Profile"
"c181957a-a6c8-4ad2-b10c-28eacb96089e","Community Profile Nprint(3)","field","Organisation Risk Profile.Notified By","table Organisation Risk Profile"
"c181957a-a6c8-4ad2-b10c-28eacb96089e","Community Profile Nprint(3)","field","Organisation Risk Profile.Notified On","table Organisation Risk Profile"
"c181957a-a6c8-4ad2-b10c-28eacb96089e","Community Profile Nprint(3)","field","Organisation Risk Profile.On Behalf Of","table Organisation Risk Profile"
"c181957a-a6c8-4ad2-b10c-28eacb96089e","Community Profile Nprint(3)","field","Organisation Risk Profile.Organisation Notified","table Organisation Risk Profile"
"c181957a-a6c8-4ad2-b10c-28eacb96089e","Community Profile Nprint(3)","field","Organisation Risk Profile.Prepared For Review By","table Organisation Risk Profile"
"c181957a-a6c8-4ad2-b10c-28eacb96089e","Community Profile Nprint(3)","field","Organisation Risk Profile.Prepared For Review On","table Organisation Risk Profile"
"c181957a-a6c8-4ad2-b10c-28eacb96089e","Community Profile Nprint(3)","field","Organisation Risk Profile.Pre-review Approved Date","table Organisation Risk Profile"
"c181957a-a6c8-4ad2-b10c-28eacb96089e","Community Profile Nprint(3)","field","Organisation Risk Profile.Pre-review Expiry Date","table Organisation Risk Profile"
"c181957a-a6c8-4ad2-b10c-28eacb96089e","Community Profile Nprint(3)","field","Organisation Risk Profile.Pre-review Risk Rating","table Organisation Risk Profile"
"c181957a-a6c8-4ad2-b10c-28eacb96089e","Community Profile Nprint(3)","field","Organisation Risk Profile.Ready For Review","table Organisation Risk Profile"
"c181957a-a6c8-4ad2-b10c-28eacb96089e","Community Profile Nprint(3)","field","Organisation Risk Profile.Reason For Change","table Organisation Risk Profile"
"c181957a-a6c8-4ad2-b10c-28eacb96089e","Community Profile Nprint(3)","field","Organisation Risk Profile.Revert Reason","table Organisation Risk Profile"
"c181957a-a6c8-4ad2-b10c-28eacb96089e","Community Profile Nprint(3)","field","Organisation Risk Profile.Review Complete","table Organisation Risk Profile"
"c181957a-a6c8-4ad2-b10c-28eacb96089e","Community Profile Nprint(3)","field","Organisation Risk Profile.Reviewed By","table Organisation Risk Profile"
"c181957a-a6c8-4ad2-b10c-28eacb96089e","Community Profile Nprint(3)","field","Organisation Risk Profile.Reviewed On","table Organisation Risk Profile"
"c181957a-a6c8-4ad2-b10c-28eacb96089e","Community Profile Nprint(3)","field","Organisation Risk Profile.Risk Exemption Justification","table Organisation Risk Profile"
"c181957a-a6c8-4ad2-b10c-28eacb96089e","Community Profile Nprint(3)","field","Organisation Risk Profile.Risk Exemption Reason","table Organisation Risk Profile"
"c181957a-a6c8-4ad2-b10c-28eacb96089e","Community Profile Nprint(3)","field","Organisation Risk Profile.Risk Profile Number","table Organisation Risk Profile"
"c181957a-a6c8-4ad2-b10c-28eacb96089e","Community Profile Nprint(3)","field","Organisation Risk Profile.Risk Rating","table Organisation Risk Profile"
"c181957a-a6c8-4ad2-b10c-28eacb96089e","Community Profile Nprint(3)","field","Organisation Risk Profile.Risk Review Reason","table Organisation Risk Profile"
"c181957a-a6c8-4ad2-b10c-28eacb96089e","Community Profile Nprint(3)","field","Organisation Risk Profile.State","table Organisation Risk Profile"
"c181957a-a6c8-4ad2-b10c-28eacb96089e","Community Profile Nprint(3)","field","Organisation Risk Profile.Status","table Organisation Risk Profile"
"c181957a-a6c8-4ad2-b10c-28eacb96089e","Community Profile Nprint(3)","field","Aurion Location Code","table NIAA Office Locations"
"c181957a-a6c8-4ad2-b10c-28eacb96089e","Community Profile Nprint(3)","field","Site Status","table NIAA Office Locations"
"c181957a-a6c8-4ad2-b10c-28eacb96089e","Community Profile Nprint(3)","field","Building Name","table NIAA Office Locations"
"c181957a-a6c8-4ad2-b10c-28eacb96089e","Community Profile Nprint(3)","field","Site Street Address","table NIAA Office Locations"
"c181957a-a6c8-4ad2-b10c-28eacb96089e","Community Profile Nprint(3)","field","Site Suburb","table NIAA Office Locations"
"c181957a-a6c8-4ad2-b10c-28eacb96089e","Community Profile Nprint(3)","field","Site State","table NIAA Office Locations"
"c181957a-a6c8-4ad2-b10c-28eacb96089e","Community Profile Nprint(3)","field","Site Post Code","table NIAA Office Locations"
"c181957a-a6c8-4ad2-b10c-28eacb96089e","Community Profile Nprint(3)","field","Site Locations Latitude","table NIAA Office Locations"
"c181957a-a6c8-4ad2-b10c-28eacb96089e","Community Profile Nprint(3)","field","Site Locations Longitude","table NIAA Office Locations"
"c181957a-a6c8-4ad2-b10c-28eacb96089e","Community Profile Nprint(3)","field","HSR Work Group","table NIAA Office Locations"
"c181957a-a6c8-4ad2-b10c-28eacb96089e","Community Profile Nprint(3)","field","Site Phone Number","table NIAA Office Locations"
"c181957a-a6c8-4ad2-b10c-28eacb96089e","Community Profile Nprint(3)","field","Site Workpoints","table NIAA Office Locations"
"c181957a-a6c8-4ad2-b10c-28eacb96089e","Community Profile Nprint(3)","field","Site Anchored Desks","table NIAA Office Locations"
"c181957a-a6c8-4ad2-b10c-28eacb96089e","Community Profile Nprint(3)","field","MB Code","table NIAA Office Locations"
"c181957a-a6c8-4ad2-b10c-28eacb96089e","Community Profile Nprint(3)","field","tmpField_0","table Offices_Distinct_Temp"
"c181957a-a6c8-4ad2-b10c-28eacb96089e","Community Profile Nprint(3)","field","tmpField_1","table Offices_Distinct_Temp"
"c181957a-a6c8-4ad2-b10c-28eacb96089e","Community Profile Nprint(3)","field","OfficeFrom_OfficeTo_RelationId","table Nearest Offices"
"c181957a-a6c8-4ad2-b10c-28eacb96089e","Community Profile Nprint(3)","field","Nearest Office","table Nearest Offices"
"c181957a-a6c8-4ad2-b10c-28eacb96089e","Community Profile Nprint(3)","field","Drive Distance","table Nearest Offices"
"c181957a-a6c8-4ad2-b10c-28eacb96089e","Community Profile Nprint(3)","field","Too Close","table Nearest Offices"
"c181957a-a6c8-4ad2-b10c-28eacb96089e","Community Profile Nprint(3)","field","Nearest Route","table Nearest Offices"
"c181957a-a6c8-4ad2-b10c-28eacb96089e","Community Profile Nprint(3)","field","Nearest Site Location","table Nearest Offices"
"c181957a-a6c8-4ad2-b10c-28eacb96089e","Community Profile Nprint(3)","field","250km Drive Area","table NIAA Office Locations"
"c181957a-a6c8-4ad2-b10c-28eacb96089e","Community Profile Nprint(3)","field","Aurion Location Code","table Offices_Distinct_Temp"
"c181957a-a6c8-4ad2-b10c-28eacb96089e","Community Profile Nprint(3)","field","Closest Office Id","table Closest Office to AGIL"
"c181957a-a6c8-4ad2-b10c-28eacb96089e","Community Profile Nprint(3)","field","Closest Aurion Location Code","table Closest Office to AGIL"
"c181957a-a6c8-4ad2-b10c-28eacb96089e","Community Profile Nprint(3)","field","Closest Office Name","table Closest Office to AGIL"
"c181957a-a6c8-4ad2-b10c-28eacb96089e","Community Profile Nprint(3)","field","Closest Office to AGIL Location","table Closest Office to AGIL"
"c181957a-a6c8-4ad2-b10c-28eacb96089e","Community Profile Nprint(3)","field","Closest Office Distance Kms","table Closest Office to AGIL"
"c181957a-a6c8-4ad2-b10c-28eacb96089e","Community Profile Nprint(3)","field","Closest Route AGIL to Office","table Closest Office to AGIL"
"c181957a-a6c8-4ad2-b10c-28eacb96089e","Community Profile Nprint(3)","field","Aurion Group","table Aurion Staff"
"c181957a-a6c8-4ad2-b10c-28eacb96089e","Community Profile Nprint(3)","field","Aurion Division","table Aurion Staff"
"c181957a-a6c8-4ad2-b10c-28eacb96089e","Community Profile Nprint(3)","field","Aurion Branch","table Aurion Staff"
"c181957a-a6c8-4ad2-b10c-28eacb96089e","Community Profile Nprint(3)","field","Aurion Section","table Aurion Staff"
"c181957a-a6c8-4ad2-b10c-28eacb96089e","Community Profile Nprint(3)","field","Aurion Subsection","table Aurion Staff"
"c181957a-a6c8-4ad2-b10c-28eacb96089e","Community Profile Nprint(3)","field","Aurion Position Number","table Aurion Staff"
"c181957a-a6c8-4ad2-b10c-28eacb96089e","Community Profile Nprint(3)","field","Aurion Position Title","table Aurion Staff"
"c181957a-a6c8-4ad2-b10c-28eacb96089e","Community Profile Nprint(3)","field","Aurion Class Description","table Aurion Staff"
"c181957a-a6c8-4ad2-b10c-28eacb96089e","Community Profile Nprint(3)","field","Aurion Class Group","table Aurion Staff"
"c181957a-a6c8-4ad2-b10c-28eacb96089e","Community Profile Nprint(3)","field","Aurion Actual Occupant","table Aurion Staff"
"c181957a-a6c8-4ad2-b10c-28eacb96089e","Community Profile Nprint(3)","field","Aurion Employment Type","table Aurion Staff"
"c181957a-a6c8-4ad2-b10c-28eacb96089e","Community Profile Nprint(3)","field","Aurion FTE","table Aurion Staff"
"c181957a-a6c8-4ad2-b10c-28eacb96089e","Community Profile Nprint(3)","field","Aurion Location Code","table Aurion Staff"
"c181957a-a6c8-4ad2-b10c-28eacb96089e","Community Profile Nprint(3)","field","Aurion Substantive Occupant","table Aurion Staff"
"c181957a-a6c8-4ad2-b10c-28eacb96089e","Community Profile Nprint(3)","field","Aurion Reports to Employee","table Aurion Staff"
"c181957a-a6c8-4ad2-b10c-28eacb96089e","Community Profile Nprint(3)","field","Aurion Reports to Position","table Aurion Staff"
"c181957a-a6c8-4ad2-b10c-28eacb96089e","Community Profile Nprint(3)","field","Aurion Id","table Aurion Staff"
"c181957a-a6c8-4ad2-b10c-28eacb96089e","Community Profile Nprint(3)","field","Aurion Attendance Type","table Aurion Staff"
"c181957a-a6c8-4ad2-b10c-28eacb96089e","Community Profile Nprint(3)","field","Aurion Organisation Unit Name","table Aurion Staff"
"c181957a-a6c8-4ad2-b10c-28eacb96089e","Community Profile Nprint(3)","field","Aurion Position Occupied","table Aurion Staff"
"c181957a-a6c8-4ad2-b10c-28eacb96089e","Community Profile Nprint(3)","field","Aurion Employee Status","table Aurion Staff"
"c181957a-a6c8-4ad2-b10c-28eacb96089e","Community Profile Nprint(3)","field","Aurion Currently on Leave","table Aurion Staff"
"c181957a-a6c8-4ad2-b10c-28eacb96089e","Community Profile Nprint(3)","field","Aurion Staff Return Date","table Aurion Staff"
"c181957a-a6c8-4ad2-b10c-28eacb96089e","Community Profile Nprint(3)","field","Aurion Long Term Leave","table Aurion Staff"
"c181957a-a6c8-4ad2-b10c-28eacb96089e","Community Profile Nprint(3)","field","Aurion Is Supervisor","table Aurion Staff"
"c181957a-a6c8-4ad2-b10c-28eacb96089e","Community Profile Nprint(3)","field","Fleet Car Rego","table FleetGPS"
"c181957a-a6c8-4ad2-b10c-28eacb96089e","Community Profile Nprint(3)","field","Fleet Activity Year","table FleetGPS"
"c181957a-a6c8-4ad2-b10c-28eacb96089e","Community Profile Nprint(3)","field","RegYearKey","table FleetGPS"
"c181957a-a6c8-4ad2-b10c-28eacb96089e","Community Profile Nprint(3)","field","CED Code","table Commonwealth Electorate Division 2021"
"c181957a-a6c8-4ad2-b10c-28eacb96089e","Community Profile Nprint(3)","field","NTD Tribunal Id","table Native Title Determination"
"c181957a-a6c8-4ad2-b10c-28eacb96089e","Community Profile Nprint(3)","field","NTD Federal Court Ref No","table Native Title Determination"
"c181957a-a6c8-4ad2-b10c-28eacb96089e","Community Profile Nprint(3)","field","NTD Federal Court Determination Name","table Native Title Determination"
"c181957a-a6c8-4ad2-b10c-28eacb96089e","Community Profile Nprint(3)","field","NTD Determining Body","table Native Title Determination"
"c181957a-a6c8-4ad2-b10c-28eacb96089e","Community Profile Nprint(3)","field","NTD Determination Date","table Native Title Determination"
"c181957a-a6c8-4ad2-b10c-28eacb96089e","Community Profile Nprint(3)","field","NTD NNTR Registration Date","table Native Title Determination"
"c181957a-a6c8-4ad2-b10c-28eacb96089e","Community Profile Nprint(3)","field","NTD Determinated Method","table Native Title Determination"
"c181957a-a6c8-4ad2-b10c-28eacb96089e","Community Profile Nprint(3)","field","NTD Determination Type","table Native Title Determination"
"c181957a-a6c8-4ad2-b10c-28eacb96089e","Community Profile Nprint(3)","field","NTD Claimant Type","table Native Title Determination"
"c181957a-a6c8-4ad2-b10c-28eacb96089e","Community Profile Nprint(3)","field","NTD Determined Outcome","table Native Title Determination"
"c181957a-a6c8-4ad2-b10c-28eacb96089e","Community Profile Nprint(3)","field","NTD Appeal Description","table Native Title Determination"
"c181957a-a6c8-4ad2-b10c-28eacb96089e","Community Profile Nprint(3)","field","NTD Judge","table Native Title Determination"
"c181957a-a6c8-4ad2-b10c-28eacb96089e","Community Profile Nprint(3)","field","NTD RNTBC","table Native Title Determination"
"c181957a-a6c8-4ad2-b10c-28eacb96089e","Community Profile Nprint(3)","field","NTD Native Title Holders","table Native Title Determination"
"c181957a-a6c8-4ad2-b10c-28eacb96089e","Community Profile Nprint(3)","field","NTD Related NTDA","table Native Title Determination"
"c181957a-a6c8-4ad2-b10c-28eacb96089e","Community Profile Nprint(3)","field","NTD Area Sq Km","table Native Title Determination"
"c181957a-a6c8-4ad2-b10c-28eacb96089e","Community Profile Nprint(3)","field","NTD Data Source","table Native Title Determination"
"c181957a-a6c8-4ad2-b10c-28eacb96089e","Community Profile Nprint(3)","field","NTD Date Currency","table Native Title Determination"
"c181957a-a6c8-4ad2-b10c-28eacb96089e","Community Profile Nprint(3)","field","NTD Sea Determination","table Native Title Determination"
"c181957a-a6c8-4ad2-b10c-28eacb96089e","Community Profile Nprint(3)","field","NTD Zone LWM Indicator","table Native Title Determination"
"c181957a-a6c8-4ad2-b10c-28eacb96089e","Community Profile Nprint(3)","field","NTD Zone 3 Nm Inidcator","table Native Title Determination"
"c181957a-a6c8-4ad2-b10c-28eacb96089e","Community Profile Nprint(3)","field","NTD Zone 12 Nm Indicator","table Native Title Determination"
"c181957a-a6c8-4ad2-b10c-28eacb96089e","Community Profile Nprint(3)","field","NTD Zone 24 Nm Indicator","table Native Title Determination"
"c181957a-a6c8-4ad2-b10c-28eacb96089e","Community Profile Nprint(3)","field","NTD Zone EEZ Nm Indicator","table Native Title Determination"
"c181957a-a6c8-4ad2-b10c-28eacb96089e","Community Profile Nprint(3)","field","NTD NNTT Sequence No","table Native Title Determination"
"c181957a-a6c8-4ad2-b10c-28eacb96089e","Community Profile Nprint(3)","field","NTD Spatial Note","table Native Title Determination"
"c181957a-a6c8-4ad2-b10c-28eacb96089e","Community Profile Nprint(3)","field","NTD Federal Court Judgment URL","table Native Title Determination"
"c181957a-a6c8-4ad2-b10c-28eacb96089e","Community Profile Nprint(3)","field","NTD State Jurisdiction","table Native Title Determination"
"c181957a-a6c8-4ad2-b10c-28eacb96089e","Community Profile Nprint(3)","field","NTD Overlap State Jurisdictions","table Native Title Determination"
"c181957a-a6c8-4ad2-b10c-28eacb96089e","Community Profile Nprint(3)","field","NTD Date Extracted","table Native Title Determination"
"c181957a-a6c8-4ad2-b10c-28eacb96089e","Community Profile Nprint(3)","field","NT Id","table Native Title"
"c181957a-a6c8-4ad2-b10c-28eacb96089e","Community Profile Nprint(3)","field","NTD Tribunal Id","table Native Title"
"c181957a-a6c8-4ad2-b10c-28eacb96089e","Community Profile Nprint(3)","field","NT Federal Court Ref No","table Native Title"
"c181957a-a6c8-4ad2-b10c-28eacb96089e","Community Profile Nprint(3)","field","NT Federal Court Determination Name","table Native Title"
"c181957a-a6c8-4ad2-b10c-28eacb96089e","Community Profile Nprint(3)","field","NT Determining Body","table Native Title"
"c181957a-a6c8-4ad2-b10c-28eacb96089e","Community Profile Nprint(3)","field","NT Determination Date","table Native Title"
"c181957a-a6c8-4ad2-b10c-28eacb96089e","Community Profile Nprint(3)","field","NT NNTR Registration Date","table Native Title"
"c181957a-a6c8-4ad2-b10c-28eacb96089e","Community Profile Nprint(3)","field","NT Determinated Mehod","table Native Title"
"c181957a-a6c8-4ad2-b10c-28eacb96089e","Community Profile Nprint(3)","field","NT Determination Type","table Native Title"
"c181957a-a6c8-4ad2-b10c-28eacb96089e","Community Profile Nprint(3)","field","NT Determined Outcome","table Native Title"
"c181957a-a6c8-4ad2-b10c-28eacb96089e","Community Profile Nprint(3)","field","NT Extenquishment Detail","table Native Title"
"c181957a-a6c8-4ad2-b10c-28eacb96089e","Community Profile Nprint(3)","field","NT Appeal Description","table Native Title"
"c181957a-a6c8-4ad2-b10c-28eacb96089e","Community Profile Nprint(3)","field","NT Judge","table Native Title"
"c181957a-a6c8-4ad2-b10c-28eacb96089e","Community Profile Nprint(3)","field","NT RNTBC","table Native Title"
"c181957a-a6c8-4ad2-b10c-28eacb96089e","Community Profile Nprint(3)","field","Native Title Holders","table Native Title"
"c181957a-a6c8-4ad2-b10c-28eacb96089e","Community Profile Nprint(3)","field","NT Related NTDA","table Native Title"
"c181957a-a6c8-4ad2-b10c-28eacb96089e","Community Profile Nprint(3)","field","NT Area Sq Km","table Native Title"
"c181957a-a6c8-4ad2-b10c-28eacb96089e","Community Profile Nprint(3)","field","NT Data Source","table Native Title"
"c181957a-a6c8-4ad2-b10c-28eacb96089e","Community Profile Nprint(3)","field","NT Date Currency","table Native Title"
"c181957a-a6c8-4ad2-b10c-28eacb96089e","Community Profile Nprint(3)","field","NT Sea Determination","table Native Title"
"c181957a-a6c8-4ad2-b10c-28eacb96089e","Community Profile Nprint(3)","field","NT Zone LWM Indicator","table Native Title"
"c181957a-a6c8-4ad2-b10c-28eacb96089e","Community Profile Nprint(3)","field","NT Zone 3 Nm Indicator","table Native Title"
"c181957a-a6c8-4ad2-b10c-28eacb96089e","Community Profile Nprint(3)","field","NT Zone 12 Nm Indicator","table Native Title"
"c181957a-a6c8-4ad2-b10c-28eacb96089e","Community Profile Nprint(3)","field","NT Zone 24 Nm Indicator","table Native Title"
"c181957a-a6c8-4ad2-b10c-28eacb96089e","Community Profile Nprint(3)","field","NT Zone EEZ Indicator","table Native Title"
"c181957a-a6c8-4ad2-b10c-28eacb96089e","Community Profile Nprint(3)","field","NT NNTT Sequence No","table Native Title"
"c181957a-a6c8-4ad2-b10c-28eacb96089e","Community Profile Nprint(3)","field","NT Spatial Note","table Native Title"
"c181957a-a6c8-4ad2-b10c-28eacb96089e","Community Profile Nprint(3)","field","NT Federal Court Judgment URL","table Native Title"
"c181957a-a6c8-4ad2-b10c-28eacb96089e","Community Profile Nprint(3)","field","NT State Jurisdiction","table Native Title"
"c181957a-a6c8-4ad2-b10c-28eacb96089e","Community Profile Nprint(3)","field","NT Overlap State Jurisdictions","table Native Title"
"c181957a-a6c8-4ad2-b10c-28eacb96089e","Community Profile Nprint(3)","field","NT Comments","table Native Title"
"c181957a-a6c8-4ad2-b10c-28eacb96089e","Community Profile Nprint(3)","field","NT Date Extracted","table Native Title"
"c181957a-a6c8-4ad2-b10c-28eacb96089e","Community Profile Nprint(3)","field","NTDA Tribunal Id","table Native Title Determination Application"
"c181957a-a6c8-4ad2-b10c-28eacb96089e","Community Profile Nprint(3)","field","NTDA Federal Court Ref No","table Native Title Determination Application"
"c181957a-a6c8-4ad2-b10c-28eacb96089e","Community Profile Nprint(3)","field","NTDA Date Lodged","table Native Title Determination Application"
"c181957a-a6c8-4ad2-b10c-28eacb96089e","Community Profile Nprint(3)","field","NTDA Status","table Native Title Determination Application"
"c181957a-a6c8-4ad2-b10c-28eacb96089e","Community Profile Nprint(3)","field","NTDA Date Status Effective","table Native Title Determination Application"
"c181957a-a6c8-4ad2-b10c-28eacb96089e","Community Profile Nprint(3)","field","NTDA Registration Test Status","table Native Title Determination Application"
"c181957a-a6c8-4ad2-b10c-28eacb96089e","Community Profile Nprint(3)","field","NTDA Date Registration Test Decision","table Native Title Determination Application"
"c181957a-a6c8-4ad2-b10c-28eacb96089e","Community Profile Nprint(3)","field","NTDA Date Current Registration","table Native Title Determination Application"
"c181957a-a6c8-4ad2-b10c-28eacb96089e","Community Profile Nprint(3)","field","NTDA Date NT Rights and Interests","table Native Title Determination Application"
"c181957a-a6c8-4ad2-b10c-28eacb96089e","Community Profile Nprint(3)","field","NTDA Notification Closing Date","table Native Title Determination Application"
"c181957a-a6c8-4ad2-b10c-28eacb96089e","Community Profile Nprint(3)","field","NTDA Federal Court Last Order Date","table Native Title Determination Application"
"c181957a-a6c8-4ad2-b10c-28eacb96089e","Community Profile Nprint(3)","field","NTDA Combined","table Native Title Determination Application"
"c181957a-a6c8-4ad2-b10c-28eacb96089e","Community Profile Nprint(3)","field","NTDA Parent NTDA Tribunal Id","table Native Title Determination Application"
"c181957a-a6c8-4ad2-b10c-28eacb96089e","Community Profile Nprint(3)","field","NTDA Representative","table Native Title Determination Application"
"c181957a-a6c8-4ad2-b10c-28eacb96089e","Community Profile Nprint(3)","field","NTDA Application Type","table Native Title Determination Application"
"c181957a-a6c8-4ad2-b10c-28eacb96089e","Community Profile Nprint(3)","field","NTDA Area Sq Km","table Native Title Determination Application"
"c181957a-a6c8-4ad2-b10c-28eacb96089e","Community Profile Nprint(3)","field","NTDA Data Source","table Native Title Determination Application"
"c181957a-a6c8-4ad2-b10c-28eacb96089e","Community Profile Nprint(3)","field","NTDA Currency Date","table Native Title Determination Application"
"c181957a-a6c8-4ad2-b10c-28eacb96089e","Community Profile Nprint(3)","field","NTDA Sea Claim","table Native Title Determination Application"
"c181957a-a6c8-4ad2-b10c-28eacb96089e","Community Profile Nprint(3)","field","NTDA Zone LWM Indicator","table Native Title Determination Application"
"c181957a-a6c8-4ad2-b10c-28eacb96089e","Community Profile Nprint(3)","field","NTDA Zone 3 Nm Indicator","table Native Title Determination Application"
"c181957a-a6c8-4ad2-b10c-28eacb96089e","Community Profile Nprint(3)","field","NTDA Zone 12 Nm Indicator","table Native Title Determination Application"
"c181957a-a6c8-4ad2-b10c-28eacb96089e","Community Profile Nprint(3)","field","NTDA Zone 24 Nm Indicator","table Native Title Determination Application"
"c181957a-a6c8-4ad2-b10c-28eacb96089e","Community Profile Nprint(3)","field","NTDA Zone EEZ Indicator","table Native Title Determination Application"
"c181957a-a6c8-4ad2-b10c-28eacb96089e","Community Profile Nprint(3)","field","NTDA NNTT Sequence No","table Native Title Determination Application"
"c181957a-a6c8-4ad2-b10c-28eacb96089e","Community Profile Nprint(3)","field","NTDA Spatial Note","table Native Title Determination Application"
"c181957a-a6c8-4ad2-b10c-28eacb96089e","Community Profile Nprint(3)","field","NTDA State Jurisdiction","table Native Title Determination Application"
"c181957a-a6c8-4ad2-b10c-28eacb96089e","Community Profile Nprint(3)","field","NTDA Overlap State Jurisdictions","table Native Title Determination Application"
"c181957a-a6c8-4ad2-b10c-28eacb96089e","Community Profile Nprint(3)","field","NTDA Date Extracted","table Native Title Determination Application"
"c181957a-a6c8-4ad2-b10c-28eacb96089e","Community Profile Nprint(3)","field","NTDA Schedule Id","table NTDA Schedule"
"c181957a-a6c8-4ad2-b10c-28eacb96089e","Community Profile Nprint(3)","field","NTDA Tribunal Id","table NTDA Schedule"
"c181957a-a6c8-4ad2-b10c-28eacb96089e","Community Profile Nprint(3)","field","NTDA Schedule Federal Court Ref No","table NTDA Schedule"
"c181957a-a6c8-4ad2-b10c-28eacb96089e","Community Profile Nprint(3)","field","NTDA Schedule.Date Lodged","table NTDA Schedule"
"c181957a-a6c8-4ad2-b10c-28eacb96089e","Community Profile Nprint(3)","field","NTDA Schedule Status","table NTDA Schedule"
"c181957a-a6c8-4ad2-b10c-28eacb96089e","Community Profile Nprint(3)","field","NTDA Schedule Status Effective","table NTDA Schedule"
"c181957a-a6c8-4ad2-b10c-28eacb96089e","Community Profile Nprint(3)","field","NTDA Schedule Application Type","table NTDA Schedule"
"c181957a-a6c8-4ad2-b10c-28eacb96089e","Community Profile Nprint(3)","field","RATSIB Organisation","table RATSIB"
"c181957a-a6c8-4ad2-b10c-28eacb96089e","Community Profile Nprint(3)","field","RATSIB Type","table RATSIB"
"c181957a-a6c8-4ad2-b10c-28eacb96089e","Community Profile Nprint(3)","field","RATSIB Legislative Authority","table RATSIB"
"c181957a-a6c8-4ad2-b10c-28eacb96089e","Community Profile Nprint(3)","field","RATSIB Link","table RATSIB"
"c181957a-a6c8-4ad2-b10c-28eacb96089e","Community Profile Nprint(3)","field","RATSIB State Jurisdiction","table RATSIB"
"c181957a-a6c8-4ad2-b10c-28eacb96089e","Community Profile Nprint(3)","field","RATSIB Id","table RATSIB"
"c181957a-a6c8-4ad2-b10c-28eacb96089e","Community Profile Nprint(3)","field","RATSIB Spatial Note","table RATSIB"
"c181957a-a6c8-4ad2-b10c-28eacb96089e","Community Profile Nprint(3)","field","RATSIB Comments","table RATSIB"
"c181957a-a6c8-4ad2-b10c-28eacb96089e","Community Profile Nprint(3)","field","RATSIB Date Extracted","table RATSIB"
"c181957a-a6c8-4ad2-b10c-28eacb96089e","Community Profile Nprint(3)","field","NTD Tribunal Id","table RNTBC - NTD"
"c181957a-a6c8-4ad2-b10c-28eacb96089e","Community Profile Nprint(3)","field","RNTBC Related Determination","table RNTBC"
"c181957a-a6c8-4ad2-b10c-28eacb96089e","Community Profile Nprint(3)","field","ICN","table RNTBC"
"c181957a-a6c8-4ad2-b10c-28eacb96089e","Community Profile Nprint(3)","field","RNTBC Corporation","table RNTBC"
"c181957a-a6c8-4ad2-b10c-28eacb96089e","Community Profile Nprint(3)","field","RNTBC Status","table RNTBC"
"c181957a-a6c8-4ad2-b10c-28eacb96089e","Community Profile Nprint(3)","field","RNTBC Contact Officer","table RNTBC"
"c181957a-a6c8-4ad2-b10c-28eacb96089e","Community Profile Nprint(3)","field","RNTBC ROA DAA","table RNTBC"
"c181957a-a6c8-4ad2-b10c-28eacb96089e","Community Profile Nprint(3)","field","RNTBC Contact Address","table RNTBC"
"c181957a-a6c8-4ad2-b10c-28eacb96089e","Community Profile Nprint(3)","field","RNTBC Size","table RNTBC"
"c181957a-a6c8-4ad2-b10c-28eacb96089e","Community Profile Nprint(3)","field","RNTBC Documents URL","table RNTBC"
"c181957a-a6c8-4ad2-b10c-28eacb96089e","Community Profile Nprint(3)","field","RNTBC Extract URL","table RNTBC"
"c181957a-a6c8-4ad2-b10c-28eacb96089e","Community Profile Nprint(3)","field","RNTBC Date Extracted","table RNTBC"
"c181957a-a6c8-4ad2-b10c-28eacb96089e","Community Profile Nprint(3)","field","ILUA Id","table Indigenous Land Use Agreement"
"c181957a-a6c8-4ad2-b10c-28eacb96089e","Community Profile Nprint(3)","field","ILUA Tribunal Id","table Indigenous Land Use Agreement"
"c181957a-a6c8-4ad2-b10c-28eacb96089e","Community Profile Nprint(3)","field","ILUA Agreement Status","table Indigenous Land Use Agreement"
"c181957a-a6c8-4ad2-b10c-28eacb96089e","Community Profile Nprint(3)","field","ILUA Date Lodged","table Indigenous Land Use Agreement"
"c181957a-a6c8-4ad2-b10c-28eacb96089e","Community Profile Nprint(3)","field","ILUA Date Notified","table Indigenous Land Use Agreement"
"c181957a-a6c8-4ad2-b10c-28eacb96089e","Community Profile Nprint(3)","field","ILUA Notification Closing","table Indigenous Land Use Agreement"
"c181957a-a6c8-4ad2-b10c-28eacb96089e","Community Profile Nprint(3)","field","ILUA Date Registered","table Indigenous Land Use Agreement"
"c181957a-a6c8-4ad2-b10c-28eacb96089e","Community Profile Nprint(3)","field","ILUA Subject Matter","table Indigenous Land Use Agreement"
"c181957a-a6c8-4ad2-b10c-28eacb96089e","Community Profile Nprint(3)","field","ILUA Agreement Type","table Indigenous Land Use Agreement"
"c181957a-a6c8-4ad2-b10c-28eacb96089e","Community Profile Nprint(3)","field","ILUA Consent Future Acts","table Indigenous Land Use Agreement"
"c181957a-a6c8-4ad2-b10c-28eacb96089e","Community Profile Nprint(3)","field","ILUA Right to Negotiate","table Indigenous Land Use Agreement"
"c181957a-a6c8-4ad2-b10c-28eacb96089e","Community Profile Nprint(3)","field","ILUA Surrender Areas","table Indigenous Land Use Agreement"
"c181957a-a6c8-4ad2-b10c-28eacb96089e","Community Profile Nprint(3)","field","ILUA Validation Future Acts","table Indigenous Land Use Agreement"
"c181957a-a6c8-4ad2-b10c-28eacb96089e","Community Profile Nprint(3)","field","ILUA Intermediate Period Acts","table Indigenous Land Use Agreement"
"c181957a-a6c8-4ad2-b10c-28eacb96089e","Community Profile Nprint(3)","field","ILUA Agreement Authority","table Indigenous Land Use Agreement"
"c181957a-a6c8-4ad2-b10c-28eacb96089e","Community Profile Nprint(3)","field","ILUA Applicant","table Indigenous Land Use Agreement"
"c181957a-a6c8-4ad2-b10c-28eacb96089e","Community Profile Nprint(3)","field","ILUA Representative","table Indigenous Land Use Agreement"
"c181957a-a6c8-4ad2-b10c-28eacb96089e","Community Profile Nprint(3)","field","ILUA Agreement Start Date","table Indigenous Land Use Agreement"
"c181957a-a6c8-4ad2-b10c-28eacb96089e","Community Profile Nprint(3)","field","ILUA Agreement End Date","table Indigenous Land Use Agreement"
"c181957a-a6c8-4ad2-b10c-28eacb96089e","Community Profile Nprint(3)","field","ILUA Area Sq Km","table Indigenous Land Use Agreement"
"c181957a-a6c8-4ad2-b10c-28eacb96089e","Community Profile Nprint(3)","field","ILUA Data Source","table Indigenous Land Use Agreement"
"c181957a-a6c8-4ad2-b10c-28eacb96089e","Community Profile Nprint(3)","field","ILUA Date Currency","table Indigenous Land Use Agreement"
"c181957a-a6c8-4ad2-b10c-28eacb96089e","Community Profile Nprint(3)","field","ILUA Sea ILUA","table Indigenous Land Use Agreement"
"c181957a-a6c8-4ad2-b10c-28eacb96089e","Community Profile Nprint(3)","field","ILUA Zone LWM Indicator","table Indigenous Land Use Agreement"
"c181957a-a6c8-4ad2-b10c-28eacb96089e","Community Profile Nprint(3)","field","ILUA Zone 3 Nm Inidcator","table Indigenous Land Use Agreement"
"c181957a-a6c8-4ad2-b10c-28eacb96089e","Community Profile Nprint(3)","field","ILUA Zone 12 Nm Indicator","table Indigenous Land Use Agreement"
"c181957a-a6c8-4ad2-b10c-28eacb96089e","Community Profile Nprint(3)","field","ILUA Zone 24 Nm Inidcator","table Indigenous Land Use Agreement"
"c181957a-a6c8-4ad2-b10c-28eacb96089e","Community Profile Nprint(3)","field","ILUA Zone EEZ Indicator","table Indigenous Land Use Agreement"
"c181957a-a6c8-4ad2-b10c-28eacb96089e","Community Profile Nprint(3)","field","ILUA NNTT Sequence No","table Indigenous Land Use Agreement"
"c181957a-a6c8-4ad2-b10c-28eacb96089e","Community Profile Nprint(3)","field","ILUA Spatial Note","table Indigenous Land Use Agreement"
"c181957a-a6c8-4ad2-b10c-28eacb96089e","Community Profile Nprint(3)","field","ILUA GeoTrack Ref","table Indigenous Land Use Agreement"
"c181957a-a6c8-4ad2-b10c-28eacb96089e","Community Profile Nprint(3)","field","ILUA S78 Id","table Indigenous Land Use Agreement"
"c181957a-a6c8-4ad2-b10c-28eacb96089e","Community Profile Nprint(3)","field","ILUA Date Assistance","table Indigenous Land Use Agreement"
"c181957a-a6c8-4ad2-b10c-28eacb96089e","Community Profile Nprint(3)","field","ILUA State Jurisdiction","table Indigenous Land Use Agreement"
"c181957a-a6c8-4ad2-b10c-28eacb96089e","Community Profile Nprint(3)","field","ILUA Overlap State Jurisdictions","table Indigenous Land Use Agreement"
"c181957a-a6c8-4ad2-b10c-28eacb96089e","Community Profile Nprint(3)","field","ILUA Date Extracted","table Indigenous Land Use Agreement"
"c181957a-a6c8-4ad2-b10c-28eacb96089e","Community Profile Nprint(3)","field","s31 Tribunal Id","table s31 Agreement"
"c181957a-a6c8-4ad2-b10c-28eacb96089e","Community Profile Nprint(3)","field","s31 FA Notice","table s31 Agreement"
"c181957a-a6c8-4ad2-b10c-28eacb96089e","Community Profile Nprint(3)","field","s31 Tenement Id","table s31 Agreement"
"c181957a-a6c8-4ad2-b10c-28eacb96089e","Community Profile Nprint(3)","field","s31 State Jurisdiction","table s31 Agreement"
"c181957a-a6c8-4ad2-b10c-28eacb96089e","Community Profile Nprint(3)","field","s31 RATSIB","table s31 Agreement"
"c181957a-a6c8-4ad2-b10c-28eacb96089e","Community Profile Nprint(3)","field","s31 Date Received","table s31 Agreement"
"c181957a-a6c8-4ad2-b10c-28eacb96089e","Community Profile Nprint(3)","field","s31 Native Title Party","table s31 Agreement"
"c181957a-a6c8-4ad2-b10c-28eacb96089e","Community Profile Nprint(3)","field","s31 Grantee Party","table s31 Agreement"
"c181957a-a6c8-4ad2-b10c-28eacb96089e","Community Profile Nprint(3)","field","s31 Government Party","table s31 Agreement"
"c181957a-a6c8-4ad2-b10c-28eacb96089e","Community Profile Nprint(3)","field","s31 NNTT Sequence No","table s31 Agreement"
"c181957a-a6c8-4ad2-b10c-28eacb96089e","Community Profile Nprint(3)","field","s31 Date Extracted","table s31 Agreement"
"c181957a-a6c8-4ad2-b10c-28eacb96089e","Community Profile Nprint(3)","field","FAN Tribunal Id","table Future Act Notice"
"c181957a-a6c8-4ad2-b10c-28eacb96089e","Community Profile Nprint(3)","field","FAN Type","table Future Act Notice"
"c181957a-a6c8-4ad2-b10c-28eacb96089e","Community Profile Nprint(3)","field","FAN Status","table Future Act Notice"
"c181957a-a6c8-4ad2-b10c-28eacb96089e","Community Profile Nprint(3)","field","FAN Status Date","table Future Act Notice"
"c181957a-a6c8-4ad2-b10c-28eacb96089e","Community Profile Nprint(3)","field","FAO Tribunal Id","table Future Act Objection"
"c181957a-a6c8-4ad2-b10c-28eacb96089e","Community Profile Nprint(3)","field","FAO Application Type","table Future Act Objection"
"c181957a-a6c8-4ad2-b10c-28eacb96089e","Community Profile Nprint(3)","field","FAO Status","table Future Act Objection"
"c181957a-a6c8-4ad2-b10c-28eacb96089e","Community Profile Nprint(3)","field","FAO Status Date","table Future Act Objection"
"c181957a-a6c8-4ad2-b10c-28eacb96089e","Community Profile Nprint(3)","field","FADA Tribunal Id","table Future Act Determination Application"
"c181957a-a6c8-4ad2-b10c-28eacb96089e","Community Profile Nprint(3)","field","FADA Application Type","table Future Act Determination Application"
"c181957a-a6c8-4ad2-b10c-28eacb96089e","Community Profile Nprint(3)","field","FADA Date Lodged","table Future Act Determination Application"
"c181957a-a6c8-4ad2-b10c-28eacb96089e","Community Profile Nprint(3)","field","FADA Status","table Future Act Determination Application"
"c181957a-a6c8-4ad2-b10c-28eacb96089e","Community Profile Nprint(3)","field","FADA Status Date","table Future Act Determination Application"
"c181957a-a6c8-4ad2-b10c-28eacb96089e","Community Profile Nprint(3)","field","Grant Activity Coding Id%","table CtG Activity Coding"
"c181957a-a6c8-4ad2-b10c-28eacb96089e","Community Profile Nprint(3)","field","Grant Activity Id%","table CtG Activity Coding"
"c181957a-a6c8-4ad2-b10c-28eacb96089e","Community Profile Nprint(3)","field","Nature of Activity","table CtG Activity Coding"
"c181957a-a6c8-4ad2-b10c-28eacb96089e","Community Profile Nprint(3)","field","Total Funding","table CtG Activity Coding"
"c181957a-a6c8-4ad2-b10c-28eacb96089e","Community Profile Nprint(3)","field","Framework Code Allocation Total","table CtG Activity Coding"
"c181957a-a6c8-4ad2-b10c-28eacb96089e","Community Profile Nprint(3)","field","Grant Activity Date Approval Submitted","table CtG Activity Coding"
"c181957a-a6c8-4ad2-b10c-28eacb96089e","Community Profile Nprint(3)","field","Grant Activity Date Approval Completed","table CtG Activity Coding"
"c181957a-a6c8-4ad2-b10c-28eacb96089e","Community Profile Nprint(3)","field","Grant Activity Approver","table CtG Activity Coding"
"c181957a-a6c8-4ad2-b10c-28eacb96089e","Community Profile Nprint(3)","field","Grant Activity Approver Comment","table CtG Activity Coding"
"c181957a-a6c8-4ad2-b10c-28eacb96089e","Community Profile Nprint(3)","field","Grant Activity Coder","table CtG Activity Coding"
"c181957a-a6c8-4ad2-b10c-28eacb96089e","Community Profile Nprint(3)","field","Grant Activity Coder Comment","table CtG Activity Coding"
"c181957a-a6c8-4ad2-b10c-28eacb96089e","Community Profile Nprint(3)","field","CTG Allocation One","table CtG Activity Coding"
"c181957a-a6c8-4ad2-b10c-28eacb96089e","Community Profile Nprint(3)","field","CTG Target Two","table CtG Activity Coding"
"c181957a-a6c8-4ad2-b10c-28eacb96089e","Community Profile Nprint(3)","field","CTG Allocation Two","table CtG Activity Coding"
"c181957a-a6c8-4ad2-b10c-28eacb96089e","Community Profile Nprint(3)","field","CTG Target Three","table CtG Activity Coding"
"c181957a-a6c8-4ad2-b10c-28eacb96089e","Community Profile Nprint(3)","field","CTG Allocation Three","table CtG Activity Coding"
"c181957a-a6c8-4ad2-b10c-28eacb96089e","Community Profile Nprint(3)","field","Grant Activity Outcome Total Allocation","table CtG Activity Coding"
"c181957a-a6c8-4ad2-b10c-28eacb96089e","Community Profile Nprint(3)","field","Priority Reform One","table CtG Activity Coding"
"c181957a-a6c8-4ad2-b10c-28eacb96089e","Community Profile Nprint(3)","field","Priority Reform Two","table CtG Activity Coding"
"c181957a-a6c8-4ad2-b10c-28eacb96089e","Community Profile Nprint(3)","field","CTG Target One Outcome Description","table CtG Activity Coding"
"c181957a-a6c8-4ad2-b10c-28eacb96089e","Community Profile Nprint(3)","field","Site Visit Assessment Id%","table Site Visit Assessment"
"c181957a-a6c8-4ad2-b10c-28eacb96089e","Community Profile Nprint(3)","field","Site Visit Action Items","table Site Visit Assessment"
"c181957a-a6c8-4ad2-b10c-28eacb96089e","Community Profile Nprint(3)","field","Site Visit Date","table Site Visit Assessment"
"c181957a-a6c8-4ad2-b10c-28eacb96089e","Community Profile Nprint(3)","field","Site Visit Completed","table Site Visit Assessment"
"c181957a-a6c8-4ad2-b10c-28eacb96089e","Community Profile Nprint(3)","field","Site Visit Rating","table Site Visit Assessment"
"c181957a-a6c8-4ad2-b10c-28eacb96089e","Community Profile Nprint(3)","field","Site Visit Engagement Officer","table Site Visit Assessment"
"c181957a-a6c8-4ad2-b10c-28eacb96089e","Community Profile Nprint(3)","field","Site Visit Attended","table Site Visit Assessment"
"c181957a-a6c8-4ad2-b10c-28eacb96089e","Community Profile Nprint(3)","field","Site Visit Description","table Site Visit Assessment"
"c181957a-a6c8-4ad2-b10c-28eacb96089e","Community Profile Nprint(3)","field","Site Visit Findings","table Site Visit Assessment"
"c181957a-a6c8-4ad2-b10c-28eacb96089e","Community Profile Nprint(3)","field","Site Visit GPS Updated Date","table Site Visit Assessment"
"c181957a-a6c8-4ad2-b10c-28eacb96089e","Community Profile Nprint(3)","field","Site Visit Notified Date","table Site Visit Assessment"
"c181957a-a6c8-4ad2-b10c-28eacb96089e","Community Profile Nprint(3)","field","Process Stage","table Site Visit Assessment"
"c181957a-a6c8-4ad2-b10c-28eacb96089e","Community Profile Nprint(3)","field","Responsible Office","table Site Visit Assessment"
"c181957a-a6c8-4ad2-b10c-28eacb96089e","Community Profile Nprint(3)","field","Milestone Id","table Site Visit Assessment"
"c181957a-a6c8-4ad2-b10c-28eacb96089e","Community Profile Nprint(3)","field","Site Visit Assessment.State","table Site Visit Assessment"
"c181957a-a6c8-4ad2-b10c-28eacb96089e","Community Profile Nprint(3)","field","Site Visit Status","table Site Visit Assessment"
"c181957a-a6c8-4ad2-b10c-28eacb96089e","Community Profile Nprint(3)","field","Site Visit Assessment Id%","table Site Visit Location"
"c181957a-a6c8-4ad2-b10c-28eacb96089e","Community Profile Nprint(3)","field","Site Visit Location State/Territory","table Site Visit Location"
"c181957a-a6c8-4ad2-b10c-28eacb96089e","Community Profile Nprint(3)","field","LGA Code","table LGA"
"c181957a-a6c8-4ad2-b10c-28eacb96089e","Community Profile Nprint(3)","field","State Abbr","table State 2016"
"c181957a-a6c8-4ad2-b10c-28eacb96089e","Community Profile Nprint(3)","field","MB Code","table MB - EC"
"c181957a-a6c8-4ad2-b10c-28eacb96089e","Community Profile Nprint(3)","field","Tot_p_Indig_M","table 2021 Census Datapacks x ILOC"
"c181957a-a6c8-4ad2-b10c-28eacb96089e","Community Profile Nprint(3)","field","Tot_p_Indig_F","table 2021 Census Datapacks x ILOC"
"c181957a-a6c8-4ad2-b10c-28eacb96089e","Community Profile Nprint(3)","field","Tot_p_NonInd_M","table 2021 Census Datapacks x ILOC"
"c181957a-a6c8-4ad2-b10c-28eacb96089e","Community Profile Nprint(3)","field","Tot_p_NonInd_F","table 2021 Census Datapacks x ILOC"
"c181957a-a6c8-4ad2-b10c-28eacb96089e","Community Profile Nprint(3)","field","Tot_p_TotM","table 2021 Census Datapacks x ILOC"
"c181957a-a6c8-4ad2-b10c-28eacb96089e","Community Profile Nprint(3)","field","Tot_p_TotF","table 2021 Census Datapacks x ILOC"
"c181957a-a6c8-4ad2-b10c-28eacb96089e","Community Profile Nprint(3)","field","Tot_p_TotP","table 2021 Census Datapacks x ILOC"
"c181957a-a6c8-4ad2-b10c-28eacb96089e","Community Profile Nprint(3)","field","A_0_4_Indig_M","table 2021 Census Datapacks x ILOC"
"c181957a-a6c8-4ad2-b10c-28eacb96089e","Community Profile Nprint(3)","field","A_0_4_Indig_F","table 2021 Census Datapacks x ILOC"
"c181957a-a6c8-4ad2-b10c-28eacb96089e","Community Profile Nprint(3)","field","A_0_4_Indig_P","table 2021 Census Datapacks x ILOC"
"c181957a-a6c8-4ad2-b10c-28eacb96089e","Community Profile Nprint(3)","field","A_0_4_NonInd_M","table 2021 Census Datapacks x ILOC"
"c181957a-a6c8-4ad2-b10c-28eacb96089e","Community Profile Nprint(3)","field","A_0_4_NonInd_F","table 2021 Census Datapacks x ILOC"
"c181957a-a6c8-4ad2-b10c-28eacb96089e","Community Profile Nprint(3)","field","A_0_4_NonInd_P","table 2021 Census Datapacks x ILOC"
"c181957a-a6c8-4ad2-b10c-28eacb96089e","Community Profile Nprint(3)","field","A_0_4_TotM","table 2021 Census Datapacks x ILOC"
"c181957a-a6c8-4ad2-b10c-28eacb96089e","Community Profile Nprint(3)","field","A_0_4_TotF","table 2021 Census Datapacks x ILOC"
"c181957a-a6c8-4ad2-b10c-28eacb96089e","Community Profile Nprint(3)","field","A_0_4_TotP","table 2021 Census Datapacks x ILOC"
"c181957a-a6c8-4ad2-b10c-28eacb96089e","Community Profile Nprint(3)","field","A_5_14_Indig_M","table 2021 Census Datapacks x ILOC"
"c181957a-a6c8-4ad2-b10c-28eacb96089e","Community Profile Nprint(3)","field","A_5_14_Indig_F","table 2021 Census Datapacks x ILOC"
"c181957a-a6c8-4ad2-b10c-28eacb96089e","Community Profile Nprint(3)","field","A_5_14_Indig_P","table 2021 Census Datapacks x ILOC"
"c181957a-a6c8-4ad2-b10c-28eacb96089e","Community Profile Nprint(3)","field","A_5_14_NonInd_M","table 2021 Census Datapacks x ILOC"
"c181957a-a6c8-4ad2-b10c-28eacb96089e","Community Profile Nprint(3)","field","A_5_14_NonInd_F","table 2021 Census Datapacks x ILOC"
"c181957a-a6c8-4ad2-b10c-28eacb96089e","Community Profile Nprint(3)","field","A_5_14_NonInd_P","table 2021 Census Datapacks x ILOC"
"c181957a-a6c8-4ad2-b10c-28eacb96089e","Community Profile Nprint(3)","field","A_5_14_TotM","table 2021 Census Datapacks x ILOC"
"c181957a-a6c8-4ad2-b10c-28eacb96089e","Community Profile Nprint(3)","field","A_5_14_TotF","table 2021 Census Datapacks x ILOC"
"c181957a-a6c8-4ad2-b10c-28eacb96089e","Community Profile Nprint(3)","field","A_5_14_TotP","table 2021 Census Datapacks x ILOC"
"c181957a-a6c8-4ad2-b10c-28eacb96089e","Community Profile Nprint(3)","field","A_15_24_Indig_M","table 2021 Census Datapacks x ILOC"
"c181957a-a6c8-4ad2-b10c-28eacb96089e","Community Profile Nprint(3)","field","A_15_24_Indig_F","table 2021 Census Datapacks x ILOC"
"c181957a-a6c8-4ad2-b10c-28eacb96089e","Community Profile Nprint(3)","field","A_15_24_Indig_P","table 2021 Census Datapacks x ILOC"
"c181957a-a6c8-4ad2-b10c-28eacb96089e","Community Profile Nprint(3)","field","A_15_24_NonInd_M","table 2021 Census Datapacks x ILOC"
"c181957a-a6c8-4ad2-b10c-28eacb96089e","Community Profile Nprint(3)","field","A_15_24_NonInd_F","table 2021 Census Datapacks x ILOC"
"c181957a-a6c8-4ad2-b10c-28eacb96089e","Community Profile Nprint(3)","field","A_15_24_NonInd_P","table 2021 Census Datapacks x ILOC"
"c181957a-a6c8-4ad2-b10c-28eacb96089e","Community Profile Nprint(3)","field","A_15_24_TotM","table 2021 Census Datapacks x ILOC"
"c181957a-a6c8-4ad2-b10c-28eacb96089e","Community Profile Nprint(3)","field","A_15_24_TotF","table 2021 Census Datapacks x ILOC"
"c181957a-a6c8-4ad2-b10c-28eacb96089e","Community Profile Nprint(3)","field","A_15_24_TotP","table 2021 Census Datapacks x ILOC"
"c181957a-a6c8-4ad2-b10c-28eacb96089e","Community Profile Nprint(3)","field","A_25_44_Indig_M","table 2021 Census Datapacks x ILOC"
"c181957a-a6c8-4ad2-b10c-28eacb96089e","Community Profile Nprint(3)","field","A_25_44_Indig_F","table 2021 Census Datapacks x ILOC"
"c181957a-a6c8-4ad2-b10c-28eacb96089e","Community Profile Nprint(3)","field","A_25_44_Indig_P","table 2021 Census Datapacks x ILOC"
"c181957a-a6c8-4ad2-b10c-28eacb96089e","Community Profile Nprint(3)","field","A_25_44_NonInd_M","table 2021 Census Datapacks x ILOC"
"c181957a-a6c8-4ad2-b10c-28eacb96089e","Community Profile Nprint(3)","field","A_25_44_NonInd_F","table 2021 Census Datapacks x ILOC"
"c181957a-a6c8-4ad2-b10c-28eacb96089e","Community Profile Nprint(3)","field","A_25_44_NonInd_P","table 2021 Census Datapacks x ILOC"
"c181957a-a6c8-4ad2-b10c-28eacb96089e","Community Profile Nprint(3)","field","A_25_44_TotM","table 2021 Census Datapacks x ILOC"
"c181957a-a6c8-4ad2-b10c-28eacb96089e","Community Profile Nprint(3)","field","A_25_44_TotF","table 2021 Census Datapacks x ILOC"
"c181957a-a6c8-4ad2-b10c-28eacb96089e","Community Profile Nprint(3)","field","A_25_44_TotP","table 2021 Census Datapacks x ILOC"
"c181957a-a6c8-4ad2-b10c-28eacb96089e","Community Profile Nprint(3)","field","A_45_64_Indig_M","table 2021 Census Datapacks x ILOC"
"c181957a-a6c8-4ad2-b10c-28eacb96089e","Community Profile Nprint(3)","field","A_45_64_Indig_F","table 2021 Census Datapacks x ILOC"
"c181957a-a6c8-4ad2-b10c-28eacb96089e","Community Profile Nprint(3)","field","A_45_64_Indig_P","table 2021 Census Datapacks x ILOC"
"c181957a-a6c8-4ad2-b10c-28eacb96089e","Community Profile Nprint(3)","field","A_45_64_NonInd_M","table 2021 Census Datapacks x ILOC"
"c181957a-a6c8-4ad2-b10c-28eacb96089e","Community Profile Nprint(3)","field","A_45_64_NonInd_F","table 2021 Census Datapacks x ILOC"
"c181957a-a6c8-4ad2-b10c-28eacb96089e","Community Profile Nprint(3)","field","A_45_64_NonInd_P","table 2021 Census Datapacks x ILOC"
"c181957a-a6c8-4ad2-b10c-28eacb96089e","Community Profile Nprint(3)","field","A_45_64_TotM","table 2021 Census Datapacks x ILOC"
"c181957a-a6c8-4ad2-b10c-28eacb96089e","Community Profile Nprint(3)","field","A_45_64_TotF","table 2021 Census Datapacks x ILOC"
"c181957a-a6c8-4ad2-b10c-28eacb96089e","Community Profile Nprint(3)","field","A_45_64_TotP","table 2021 Census Datapacks x ILOC"
"c181957a-a6c8-4ad2-b10c-28eacb96089e","Community Profile Nprint(3)","field","A_65_over_Indig_M","table 2021 Census Datapacks x ILOC"
"c181957a-a6c8-4ad2-b10c-28eacb96089e","Community Profile Nprint(3)","field","A_65_over_Indig_F","table 2021 Census Datapacks x ILOC"
"c181957a-a6c8-4ad2-b10c-28eacb96089e","Community Profile Nprint(3)","field","A_65_over_Indig_P","table 2021 Census Datapacks x ILOC"
"c181957a-a6c8-4ad2-b10c-28eacb96089e","Community Profile Nprint(3)","field","A_65_ovr_NonInd_M","table 2021 Census Datapacks x ILOC"
"c181957a-a6c8-4ad2-b10c-28eacb96089e","Community Profile Nprint(3)","field","A_65_ovr_NonInd_F","table 2021 Census Datapacks x ILOC"
"c181957a-a6c8-4ad2-b10c-28eacb96089e","Community Profile Nprint(3)","field","A_65_ovr_NonInd_P","table 2021 Census Datapacks x ILOC"
"c181957a-a6c8-4ad2-b10c-28eacb96089e","Community Profile Nprint(3)","field","A_65_ovr_TotM","table 2021 Census Datapacks x ILOC"
"c181957a-a6c8-4ad2-b10c-28eacb96089e","Community Profile Nprint(3)","field","A_65_ovr_TotF","table 2021 Census Datapacks x ILOC"
"c181957a-a6c8-4ad2-b10c-28eacb96089e","Community Profile Nprint(3)","field","A_65_ovr_TotP","table 2021 Census Datapacks x ILOC"
"c181957a-a6c8-4ad2-b10c-28eacb96089e","Community Profile Nprint(3)","field","LuaH_Eng_onl_Indig_M","table 2021 Census Datapacks x ILOC"
"c181957a-a6c8-4ad2-b10c-28eacb96089e","Community Profile Nprint(3)","field","LuaH_Eng_onl_Indig_F","table 2021 Census Datapacks x ILOC"
"c181957a-a6c8-4ad2-b10c-28eacb96089e","Community Profile Nprint(3)","field","LuaH_Eng_onl_Indig_P","table 2021 Census Datapacks x ILOC"
"c181957a-a6c8-4ad2-b10c-28eacb96089e","Community Profile Nprint(3)","field","Luah_Austn_Indig_Lang_TotM","table 2021 Census Datapacks x ILOC"
"c181957a-a6c8-4ad2-b10c-28eacb96089e","Community Profile Nprint(3)","field","Luah_Austn_Indig_Lang_TotF","table 2021 Census Datapacks x ILOC"
"c181957a-a6c8-4ad2-b10c-28eacb96089e","Community Profile Nprint(3)","field","LuaH_Oth_Lang_Ind_M","table 2021 Census Datapacks x ILOC"
"c181957a-a6c8-4ad2-b10c-28eacb96089e","Community Profile Nprint(3)","field","LuaH_Oth_Lang_Ind_F","table 2021 Census Datapacks x ILOC"
"c181957a-a6c8-4ad2-b10c-28eacb96089e","Community Profile Nprint(3)","field","LuaH_Oth_Lang_Ind_P","table 2021 Census Datapacks x ILOC"
"c181957a-a6c8-4ad2-b10c-28eacb96089e","Community Profile Nprint(3)","field","UAIndL_SE_Nw_Na_In_M","table 2021 Census Datapacks x ILOC"
"c181957a-a6c8-4ad2-b10c-28eacb96089e","Community Profile Nprint(3)","field","UAIndL_SE_Nw_Na_In_F","table 2021 Census Datapacks x ILOC"
"c181957a-a6c8-4ad2-b10c-28eacb96089e","Community Profile Nprint(3)","field","UAIndL_SE_Nw_Na_In_P","table 2021 Census Datapacks x ILOC"
"c181957a-a6c8-4ad2-b10c-28eacb96089e","Community Profile Nprint(3)","field","UAIndL_SE_Nw_Na_No_In_M","table 2021 Census Datapacks x ILOC"
"c181957a-a6c8-4ad2-b10c-28eacb96089e","Community Profile Nprint(3)","field","UAIndL_SE_Nw_Na_No_In_F","table 2021 Census Datapacks x ILOC"
"c181957a-a6c8-4ad2-b10c-28eacb96089e","Community Profile Nprint(3)","field","UAIndL_SE_Nw_Na_No_In_P","table 2021 Census Datapacks x ILOC"
"c181957a-a6c8-4ad2-b10c-28eacb96089e","Community Profile Nprint(3)","field","UAIndL_SE_Nw_Na_In_st_nsM","table 2021 Census Datapacks x ILOC"
"c181957a-a6c8-4ad2-b10c-28eacb96089e","Community Profile Nprint(3)","field","UAIndL_SE_Nw_Na_In_st_nsF","table 2021 Census Datapacks x ILOC"
"c181957a-a6c8-4ad2-b10c-28eacb96089e","Community Profile Nprint(3)","field","UAIndL_SE_Nw_Na_In_st_nsP","table 2021 Census Datapacks x ILOC"
"c181957a-a6c8-4ad2-b10c-28eacb96089e","Community Profile Nprint(3)","field","UAIndL_SE_Nw_Na_TotM","table 2021 Census Datapacks x ILOC"
"c181957a-a6c8-4ad2-b10c-28eacb96089e","Community Profile Nprint(3)","field","UAIndL_SE_Nw_Na_TotF","table 2021 Census Datapacks x ILOC"
"c181957a-a6c8-4ad2-b10c-28eacb96089e","Community Profile Nprint(3)","field","UAIndL_SE_Vw_wel_In_M","table 2021 Census Datapacks x ILOC"
"c181957a-a6c8-4ad2-b10c-28eacb96089e","Community Profile Nprint(3)","field","UAIndL_SE_Vw_wel_In_F","table 2021 Census Datapacks x ILOC"
"c181957a-a6c8-4ad2-b10c-28eacb96089e","Community Profile Nprint(3)","field","UAIndL_SE_Vw_wel_In_P","table 2021 Census Datapacks x ILOC"
"c181957a-a6c8-4ad2-b10c-28eacb96089e","Community Profile Nprint(3)","field","UAIndL_SE_Vw_we_No_In_M","table 2021 Census Datapacks x ILOC"
"c181957a-a6c8-4ad2-b10c-28eacb96089e","Community Profile Nprint(3)","field","UAIndL_SE_Vw_we_No_In_F","table 2021 Census Datapacks x ILOC"
"c181957a-a6c8-4ad2-b10c-28eacb96089e","Community Profile Nprint(3)","field","UAIndL_SE_Vw_we_No_In_P","table 2021 Census Datapacks x ILOC"
"c181957a-a6c8-4ad2-b10c-28eacb96089e","Community Profile Nprint(3)","field","UAIndL_SE_Vw_we_I_st_nsM","table 2021 Census Datapacks x ILOC"
"c181957a-a6c8-4ad2-b10c-28eacb96089e","Community Profile Nprint(3)","field","UAIndL_SE_Vw_we_I_st_nsF","table 2021 Census Datapacks x ILOC"
"c181957a-a6c8-4ad2-b10c-28eacb96089e","Community Profile Nprint(3)","field","UAIndL_SE_Vw_we_I_st_nsP","table 2021 Census Datapacks x ILOC"
"c181957a-a6c8-4ad2-b10c-28eacb96089e","Community Profile Nprint(3)","field","UAIndL_SE_Vw_we_TotM","table 2021 Census Datapacks x ILOC"
"c181957a-a6c8-4ad2-b10c-28eacb96089e","Community Profile Nprint(3)","field","UAIndL_SE_Vw_we_TotF","table 2021 Census Datapacks x ILOC"
"c181957a-a6c8-4ad2-b10c-28eacb96089e","Community Profile Nprint(3)","field","UAIndL_SE_Vw_we_TotP","table 2021 Census Datapacks x ILOC"
"c181957a-a6c8-4ad2-b10c-28eacb96089e","Community Profile Nprint(3)","field","APAEI_0_4_Ind_P","table 2021 Census Datapacks x ILOC"
"c181957a-a6c8-4ad2-b10c-28eacb96089e","Community Profile Nprint(3)","field","APAEI_0_4_TotP","table 2021 Census Datapacks x ILOC"
"c181957a-a6c8-4ad2-b10c-28eacb96089e","Community Profile Nprint(3)","field","APAEI_5_14_Ind_P","table 2021 Census Datapacks x ILOC"
"c181957a-a6c8-4ad2-b10c-28eacb96089e","Community Profile Nprint(3)","field","APAEI_5_14_TotP","table 2021 Census Datapacks x ILOC"
"c181957a-a6c8-4ad2-b10c-28eacb96089e","Community Profile Nprint(3)","field","APAEI_15_19_Ind_P","table 2021 Census Datapacks x ILOC"
"c181957a-a6c8-4ad2-b10c-28eacb96089e","Community Profile Nprint(3)","field","APAEI_15_19_TotP","table 2021 Census Datapacks x ILOC"
"c181957a-a6c8-4ad2-b10c-28eacb96089e","Community Profile Nprint(3)","field","APAEI_20_24_Ind_P","table 2021 Census Datapacks x ILOC"
"c181957a-a6c8-4ad2-b10c-28eacb96089e","Community Profile Nprint(3)","field","APAEI_20_24_TotP","table 2021 Census Datapacks x ILOC"
"c181957a-a6c8-4ad2-b10c-28eacb96089e","Community Profile Nprint(3)","field","APAEI_25ov_Ind_P","table 2021 Census Datapacks x ILOC"
"c181957a-a6c8-4ad2-b10c-28eacb96089e","Community Profile Nprint(3)","field","APAEI_25ov_TotP","table 2021 Census Datapacks x ILOC"
"c181957a-a6c8-4ad2-b10c-28eacb96089e","Community Profile Nprint(3)","field","HYSC_Y12_e_TotP","table 2021 Census Datapacks x ILOC"
"c181957a-a6c8-4ad2-b10c-28eacb96089e","Community Profile Nprint(3)","field","HYSC_Y11_e_TotP","table 2021 Census Datapacks x ILOC"
"c181957a-a6c8-4ad2-b10c-28eacb96089e","Community Profile Nprint(3)","field","HYSC_Y10_e_TotP","table 2021 Census Datapacks x ILOC"
"c181957a-a6c8-4ad2-b10c-28eacb96089e","Community Profile Nprint(3)","field","HYSC_Y9_e_TotP","table 2021 Census Datapacks x ILOC"
"c181957a-a6c8-4ad2-b10c-28eacb96089e","Community Profile Nprint(3)","field","HYSC_Y8_bel_TotP","table 2021 Census Datapacks x ILOC"
"c181957a-a6c8-4ad2-b10c-28eacb96089e","Community Profile Nprint(3)","field","HYSC_Dng_to_sc_TotP","table 2021 Census Datapacks x ILOC"
"c181957a-a6c8-4ad2-b10c-28eacb96089e","Community Profile Nprint(3)","field","Tpe_ur_occ_pvte_dwg_Sh_Indi_P","table 2021 Census Datapacks x ILOC"
"c181957a-a6c8-4ad2-b10c-28eacb96089e","Community Profile Nprint(3)","field","Tpe_ur_occ_pvte_dwg_Sh_TotP","table 2021 Census Datapacks x ILOC"
"c181957a-a6c8-4ad2-b10c-28eacb96089e","Community Profile Nprint(3)","field","T_ur_oc_p_dw_im_h_t_s_o_In_P","table 2021 Census Datapacks x ILOC"
"c181957a-a6c8-4ad2-b10c-28eacb96089e","Community Profile Nprint(3)","field","T_ur_o_p_d_I_h_t_s_o_TotP","table 2021 Census Datapacks x ILOC"
"c181957a-a6c8-4ad2-b10c-28eacb96089e","Community Profile Nprint(3)","field","Ty_ur_oc_p_dw_Ot_p_dw_In_P","table 2021 Census Datapacks x ILOC"
"c181957a-a6c8-4ad2-b10c-28eacb96089e","Community Profile Nprint(3)","field","Ty_ur_oc_pr_dw_Ot_pr_dw_TotP","table 2021 Census Datapacks x ILOC"
"c181957a-a6c8-4ad2-b10c-28eacb96089e","Community Profile Nprint(3)","field","ty_ur_occ_pri_dw_Tot_Ind_P","table 2021 Census Datapacks x ILOC"
"c181957a-a6c8-4ad2-b10c-28eacb96089e","Community Profile Nprint(3)","field","ty_ur_occ_pri_dw_Tot_TotP","table 2021 Census Datapacks x ILOC"
"c181957a-a6c8-4ad2-b10c-28eacb96089e","Community Profile Nprint(3)","field","ty_ur_Non_pri_dw_Ind_P","table 2021 Census Datapacks x ILOC"
"c181957a-a6c8-4ad2-b10c-28eacb96089e","Community Profile Nprint(3)","field","tpe_ur_Non_pvte_dwg_TotP","table 2021 Census Datapacks x ILOC"
"c181957a-a6c8-4ad2-b10c-28eacb96089e","Community Profile Nprint(3)","field","Med_ag_pe_In_pe","table 2021 Census Datapacks x ILOC"
"c181957a-a6c8-4ad2-b10c-28eacb96089e","Community Profile Nprint(3)","field","Me_ag_ps_N_In_ps","table 2021 Census Datapacks x ILOC"
"c181957a-a6c8-4ad2-b10c-28eacb96089e","Community Profile Nprint(3)","field","Med_age_psns_Tot","table 2021 Census Datapacks x ILOC"
"c181957a-a6c8-4ad2-b10c-28eacb96089e","Community Profile Nprint(3)","field","Me_p_in_wk_In_pe","table 2021 Census Datapacks x ILOC"
"c181957a-a6c8-4ad2-b10c-28eacb96089e","Community Profile Nprint(3)","field","Me_ps_in_wk_No_In_pe","table 2021 Census Datapacks x ILOC"
"c181957a-a6c8-4ad2-b10c-28eacb96089e","Community Profile Nprint(3)","field","Med_psnl_inc_wk_Tot","table 2021 Census Datapacks x ILOC"
"c181957a-a6c8-4ad2-b10c-28eacb96089e","Community Profile Nprint(3)","field","Me_hh_in_wk_Hh_In_pe","table 2021 Census Datapacks x ILOC"
"c181957a-a6c8-4ad2-b10c-28eacb96089e","Community Profile Nprint(3)","field","Me_hh_in_wk_No_Ot_hh","table 2021 Census Datapacks x ILOC"
"c181957a-a6c8-4ad2-b10c-28eacb96089e","Community Profile Nprint(3)","field","Med_hhd_inc_wk_Tot","table 2021 Census Datapacks x ILOC"
"c181957a-a6c8-4ad2-b10c-28eacb96089e","Community Profile Nprint(3)","field","Me_mo_re_mt_Hh_In_pe","table 2021 Census Datapacks x ILOC"
"c181957a-a6c8-4ad2-b10c-28eacb96089e","Community Profile Nprint(3)","field","Me_mo_re_mt_Ot_hh","table 2021 Census Datapacks x ILOC"
"c181957a-a6c8-4ad2-b10c-28eacb96089e","Community Profile Nprint(3)","field","Med_mort_repay_mth_Tot","table 2021 Census Datapacks x ILOC"
"c181957a-a6c8-4ad2-b10c-28eacb96089e","Community Profile Nprint(3)","field","Me_re_wk_Hh_Ind_psns","table 2021 Census Datapacks x ILOC"
"c181957a-a6c8-4ad2-b10c-28eacb96089e","Community Profile Nprint(3)","field","Me_re_wk_No_Oth_hh","table 2021 Census Datapacks x ILOC"
"c181957a-a6c8-4ad2-b10c-28eacb96089e","Community Profile Nprint(3)","field","Med_rent_wk_Tot","table 2021 Census Datapacks x ILOC"
"c181957a-a6c8-4ad2-b10c-28eacb96089e","Community Profile Nprint(3)","field","Av_N_p_pe_be_Hh_w_In_p","table 2021 Census Datapacks x ILOC"
"c181957a-a6c8-4ad2-b10c-28eacb96089e","Community Profile Nprint(3)","field","Av_Nu_ps_pe_be_Ot_hh","table 2021 Census Datapacks x ILOC"
"c181957a-a6c8-4ad2-b10c-28eacb96089e","Community Profile Nprint(3)","field","Avg_Nu_psns_per_bed_Tot","table 2021 Census Datapacks x ILOC"
"c181957a-a6c8-4ad2-b10c-28eacb96089e","Community Profile Nprint(3)","field","Avg_household_size_Tot","table 2021 Census Datapacks x ILOC"
"c181957a-a6c8-4ad2-b10c-28eacb96089e","Community Profile Nprint(3)","field","P_d_n_x_b_Hh_w_In_p","table 2021 Census Datapacks x ILOC"
"c181957a-a6c8-4ad2-b10c-28eacb96089e","Community Profile Nprint(3)","field","P_d_n_x_b_No_Oth_hh","table 2021 Census Datapacks x ILOC"
"c181957a-a6c8-4ad2-b10c-28eacb96089e","Community Profile Nprint(3)","field","P_d_n_x_b_Tot","table 2021 Census Datapacks x ILOC"
"c181957a-a6c8-4ad2-b10c-28eacb96089e","Community Profile Nprint(3)","field","PreSch_NonInd_P","table 2021 Census Datapacks x ILOC"
"c181957a-a6c8-4ad2-b10c-28eacb96089e","Community Profile Nprint(3)","field","PreSch_TotP","table 2021 Census Datapacks x ILOC"
"c181957a-a6c8-4ad2-b10c-28eacb96089e","Community Profile Nprint(3)","field","Prim_NonInd_P","table 2021 Census Datapacks x ILOC"
"c181957a-a6c8-4ad2-b10c-28eacb96089e","Community Profile Nprint(3)","field","Prim_TotP","table 2021 Census Datapacks x ILOC"
"c181957a-a6c8-4ad2-b10c-28eacb96089e","Community Profile Nprint(3)","field","Sec_NonInd_P","table 2021 Census Datapacks x ILOC"
"c181957a-a6c8-4ad2-b10c-28eacb96089e","Community Profile Nprint(3)","field","Sec_TotP","table 2021 Census Datapacks x ILOC"
"c181957a-a6c8-4ad2-b10c-28eacb96089e","Community Profile Nprint(3)","field","TVE_TAFE_ptp_TVETAFE_NoInd_P","table 2021 Census Datapacks x ILOC"
"c181957a-a6c8-4ad2-b10c-28eacb96089e","Community Profile Nprint(3)","field","TVE_TAFE_ptp_TVETAFE_Tot_P","table 2021 Census Datapacks x ILOC"
"c181957a-a6c8-4ad2-b10c-28eacb96089e","Community Profile Nprint(3)","field","Uni_he_Tot_Uni_he_NoInd_P","table 2021 Census Datapacks x ILOC"
"c181957a-a6c8-4ad2-b10c-28eacb96089e","Community Profile Nprint(3)","field","Uni_he_Tot_Uni_he_Tot_P","table 2021 Census Datapacks x ILOC"
"c181957a-a6c8-4ad2-b10c-28eacb96089e","Community Profile Nprint(3)","field","Ter_Tot_Ter_Ind_P","table 2021 Census Datapacks x ILOC"
"c181957a-a6c8-4ad2-b10c-28eacb96089e","Community Profile Nprint(3)","field","Ter_Tot_Ter_NonInd_P","table 2021 Census Datapacks x ILOC"
"c181957a-a6c8-4ad2-b10c-28eacb96089e","Community Profile Nprint(3)","field","Ter_Tot_Ter_Tot_P","table 2021 Census Datapacks x ILOC"
"c181957a-a6c8-4ad2-b10c-28eacb96089e","Community Profile Nprint(3)","field","OEI_NonInd_P","table 2021 Census Datapacks x ILOC"
"c181957a-a6c8-4ad2-b10c-28eacb96089e","Community Profile Nprint(3)","field","OEI_TotP","table 2021 Census Datapacks x ILOC"
"c181957a-a6c8-4ad2-b10c-28eacb96089e","Community Profile Nprint(3)","field","T_EI_ns_NonInd_P","table 2021 Census Datapacks x ILOC"
"c181957a-a6c8-4ad2-b10c-28eacb96089e","Community Profile Nprint(3)","field","T_EI_ns_TotP","table 2021 Census Datapacks x ILOC"
"c181957a-a6c8-4ad2-b10c-28eacb96089e","Community Profile Nprint(3)","field","Ty_LTHC_Arth_Tot_P","table 2021 Census Datapacks x ILOC"
"c181957a-a6c8-4ad2-b10c-28eacb96089e","Community Profile Nprint(3)","field","Ty_LTHC_Asth_Tot_P","table 2021 Census Datapacks x ILOC"
"c181957a-a6c8-4ad2-b10c-28eacb96089e","Community Profile Nprint(3)","field","Ty_LTHC_Canc_Tot_P","table 2021 Census Datapacks x ILOC"
"c181957a-a6c8-4ad2-b10c-28eacb96089e","Community Profile Nprint(3)","field","Ty_LTHC_Dem_Tot_P","table 2021 Census Datapacks x ILOC"
"c181957a-a6c8-4ad2-b10c-28eacb96089e","Community Profile Nprint(3)","field","Ty_LTHC_Diab_Tot_P","table 2021 Census Datapacks x ILOC"
"c181957a-a6c8-4ad2-b10c-28eacb96089e","Community Profile Nprint(3)","field","Ty_LTHC_Heart_Dis_Tot_P","table 2021 Census Datapacks x ILOC"
"c181957a-a6c8-4ad2-b10c-28eacb96089e","Community Profile Nprint(3)","field","Ty_LTHC_Kid_Dis_Tot_P","table 2021 Census Datapacks x ILOC"
"c181957a-a6c8-4ad2-b10c-28eacb96089e","Community Profile Nprint(3)","field","Ty_LTHC_Lung_Con_Tot_P","table 2021 Census Datapacks x ILOC"
"c181957a-a6c8-4ad2-b10c-28eacb96089e","Community Profile Nprint(3)","field","Ty_LTHC_MHC_Tot_P","table 2021 Census Datapacks x ILOC"
"c181957a-a6c8-4ad2-b10c-28eacb96089e","Community Profile Nprint(3)","field","Ty_LTHC_Stroke_Tot_P","table 2021 Census Datapacks x ILOC"
"c181957a-a6c8-4ad2-b10c-28eacb96089e","Community Profile Nprint(3)","field","Ty_LTHC_oth_LTHC_Tot_P","table 2021 Census Datapacks x ILOC"
"c181957a-a6c8-4ad2-b10c-28eacb96089e","Community Profile Nprint(3)","field","Ty_LTHC_no_LTHC_Ind_P","table 2021 Census Datapacks x ILOC"
"c181957a-a6c8-4ad2-b10c-28eacb96089e","Community Profile Nprint(3)","field","Ty_LTHC_no_LTHC_Tot_P","table 2021 Census Datapacks x ILOC"
"c181957a-a6c8-4ad2-b10c-28eacb96089e","Community Profile Nprint(3)","field","Ty_LTHC_Ns_Ind_P","table 2021 Census Datapacks x ILOC"
"c181957a-a6c8-4ad2-b10c-28eacb96089e","Community Profile Nprint(3)","field","Ty_LTHC_Ns_Tot_P","table 2021 Census Datapacks x ILOC"
"c181957a-a6c8-4ad2-b10c-28eacb96089e","Community Profile Nprint(3)","field","Co_LTHC_no_SC_Ind_P","table 2021 Census Datapacks x ILOC"
"c181957a-a6c8-4ad2-b10c-28eacb96089e","Community Profile Nprint(3)","field","Co_LTHC_no_SC_Tot_P","table 2021 Census Datapacks x ILOC"
"c181957a-a6c8-4ad2-b10c-28eacb96089e","Community Profile Nprint(3)","field","Co_LTHC_1ms_LTHC_onec_Tot_P","table 2021 Census Datapacks x ILOC"
"c181957a-a6c8-4ad2-b10c-28eacb96089e","Community Profile Nprint(3)","field","Co_LTHC_1ms_LTHC_twoc_Tot_P","table 2021 Census Datapacks x ILOC"
"c181957a-a6c8-4ad2-b10c-28eacb96089e","Community Profile Nprint(3)","field","Co_LTHC_1ms_LTHC_3oMc_Tot_P","table 2021 Census Datapacks x ILOC"
"c181957a-a6c8-4ad2-b10c-28eacb96089e","Community Profile Nprint(3)","field","Co_LTHC_1ms_LTHC_Tot_Ind_P","table 2021 Census Datapacks x ILOC"
"c181957a-a6c8-4ad2-b10c-28eacb96089e","Community Profile Nprint(3)","field","Co_LTHC_1ms_LTHC_Tot_NoInd_P","table 2021 Census Datapacks x ILOC"
"c181957a-a6c8-4ad2-b10c-28eacb96089e","Community Profile Nprint(3)","field","Co_LTHC_1ms_LTHC_Tot_Tot_P","table 2021 Census Datapacks x ILOC"
"c181957a-a6c8-4ad2-b10c-28eacb96089e","Community Profile Nprint(3)","field","Co_LTHC_Ns_Ind_P","table 2021 Census Datapacks x ILOC"
"c181957a-a6c8-4ad2-b10c-28eacb96089e","Community Profile Nprint(3)","field","Co_LTHC_Ns_NoInd_P","table 2021 Census Datapacks x ILOC"
"c181957a-a6c8-4ad2-b10c-28eacb96089e","Community Profile Nprint(3)","field","Co_LTHC_Ns_Tot_P","table 2021 Census Datapacks x ILOC"
"c181957a-a6c8-4ad2-b10c-28eacb96089e","Community Profile Nprint(3)","field","Ow_o_Tot_HATSIP","table 2021 Census Datapacks x ILOC"
"c181957a-a6c8-4ad2-b10c-28eacb96089e","Community Profile Nprint(3)","field","Ow_wm_Tot_HATSIP","table 2021 Census Datapacks x ILOC"
"c181957a-a6c8-4ad2-b10c-28eacb96089e","Community Profile Nprint(3)","field","R_RAg_Tot_HATSIP","table 2021 Census Datapacks x ILOC"
"c181957a-a6c8-4ad2-b10c-28eacb96089e","Community Profile Nprint(3)","field","R_STHA_Tot_HATSIP","table 2021 Census Datapacks x ILOC"
"c181957a-a6c8-4ad2-b10c-28eacb96089e","Community Profile Nprint(3)","field","R_Pnsh_Tot_HATSIP","table 2021 Census Datapacks x ILOC"
"c181957a-a6c8-4ad2-b10c-28eacb96089e","Community Profile Nprint(3)","field","R_CHP_Tot_HATSIP","table 2021 Census Datapacks x ILOC"
"c181957a-a6c8-4ad2-b10c-28eacb96089e","Community Profile Nprint(3)","field","R_othLT_Tot_HATSIP","table 2021 Census Datapacks x ILOC"
"c181957a-a6c8-4ad2-b10c-28eacb96089e","Community Profile Nprint(3)","field","R_LTns_Tot_HATSIP","table 2021 Census Datapacks x ILOC"
"c181957a-a6c8-4ad2-b10c-28eacb96089e","Community Profile Nprint(3)","field","R_Tot_Tot_HATSIP","table 2021 Census Datapacks x ILOC"
"c181957a-a6c8-4ad2-b10c-28eacb96089e","Community Profile Nprint(3)","field","Oth_TT_Tot_HATSIP","table 2021 Census Datapacks x ILOC"
"c181957a-a6c8-4ad2-b10c-28eacb96089e","Community Profile Nprint(3)","field","TT_ns_Tot_HATSIP","table 2021 Census Datapacks x ILOC"
"c181957a-a6c8-4ad2-b10c-28eacb96089e","Community Profile Nprint(3)","field","Tot_Dw_s_S_Hou_HATSIP","table 2021 Census Datapacks x ILOC"
"c181957a-a6c8-4ad2-b10c-28eacb96089e","Community Profile Nprint(3)","field","Tot_Dw_s_SDRTHT_HATSIP","table 2021 Census Datapacks x ILOC"
"c181957a-a6c8-4ad2-b10c-28eacb96089e","Community Profile Nprint(3)","field","Tot_Dw_s_Fl_Ap_HATSIP","table 2021 Census Datapacks x ILOC"
"c181957a-a6c8-4ad2-b10c-28eacb96089e","Community Profile Nprint(3)","field","Tot_Dw_s_Oth_d_Car_HATSIP","table 2021 Census Datapacks x ILOC"
"c181957a-a6c8-4ad2-b10c-28eacb96089e","Community Profile Nprint(3)","field","Tot_Dw_s_Oth_d_Cab_h_HATSIP","table 2021 Census Datapacks x ILOC"
"c181957a-a6c8-4ad2-b10c-28eacb96089e","Community Profile Nprint(3)","field","Tot_Dw_s_Oth_d_IHTSO_HATSIP","table 2021 Census Datapacks x ILOC"
"c181957a-a6c8-4ad2-b10c-28eacb96089e","Community Profile Nprint(3)","field","Tot_Dw_s_Oth_d_HFASO_HATSIP","table 2021 Census Datapacks x ILOC"
"c181957a-a6c8-4ad2-b10c-28eacb96089e","Community Profile Nprint(3)","field","Tot_Dw_s_Oth_d_Tot_HATSIP","table 2021 Census Datapacks x ILOC"
"c181957a-a6c8-4ad2-b10c-28eacb96089e","Community Profile Nprint(3)","field","Tot_Dw_s_Ns_HATSIP","table 2021 Census Datapacks x ILOC"
"c181957a-a6c8-4ad2-b10c-28eacb96089e","Community Profile Nprint(3)","field","Tot_Tot_HATSIP","table 2021 Census Datapacks x ILOC"
"c181957a-a6c8-4ad2-b10c-28eacb96089e","Community Profile Nprint(3)","field","One_f_h_Tot_ATSIF","table 2021 Census Datapacks x ILOC"
"c181957a-a6c8-4ad2-b10c-28eacb96089e","Community Profile Nprint(3)","field","Two_f_h_Tot_ATSIF","table 2021 Census Datapacks x ILOC"
"c181957a-a6c8-4ad2-b10c-28eacb96089e","Community Profile Nprint(3)","field","Thr_m_f_h_Tot_ATSIF","table 2021 Census Datapacks x ILOC"
"c181957a-a6c8-4ad2-b10c-28eacb96089e","Community Profile Nprint(3)","field","One_f_h_Tot_Oth_f","table 2021 Census Datapacks x ILOC"
"c181957a-a6c8-4ad2-b10c-28eacb96089e","Community Profile Nprint(3)","field","Two_f_h_Tot_Oth_f","table 2021 Census Datapacks x ILOC"
"c181957a-a6c8-4ad2-b10c-28eacb96089e","Community Profile Nprint(3)","field","Thr_m_f_h_Tot_Oth_f","table 2021 Census Datapacks x ILOC"
"c181957a-a6c8-4ad2-b10c-28eacb96089e","Community Profile Nprint(3)","field","Tot_Tot_Oth_f","table 2021 Census Datapacks x ILOC"
"c181957a-a6c8-4ad2-b10c-28eacb96089e","Community Profile Nprint(3)","field","Ofh_Cfnc_Tot_HATSIP","table 2021 Census Datapacks x ILOC"
"c181957a-a6c8-4ad2-b10c-28eacb96089e","Community Profile Nprint(3)","field","Ofh_Cfc_Tot_HATSIP","table 2021 Census Datapacks x ILOC"
"c181957a-a6c8-4ad2-b10c-28eacb96089e","Community Profile Nprint(3)","field","Ofh_Opf_Tot_HATSIP","table 2021 Census Datapacks x ILOC"
"c181957a-a6c8-4ad2-b10c-28eacb96089e","Community Profile Nprint(3)","field","Ofh_Oth_f_Tot_HATSIP","table 2021 Census Datapacks x ILOC"
"c181957a-a6c8-4ad2-b10c-28eacb96089e","Community Profile Nprint(3)","field","Ofh_Tot_Tot_HATSIP","table 2021 Census Datapacks x ILOC"
"c181957a-a6c8-4ad2-b10c-28eacb96089e","Community Profile Nprint(3)","field","Mul_fh_Tot_HATSIP","table 2021 Census Datapacks x ILOC"
"c181957a-a6c8-4ad2-b10c-28eacb96089e","Community Profile Nprint(3)","field","Tot_fh_Tot_HATSIP","table 2021 Census Datapacks x ILOC"
"c181957a-a6c8-4ad2-b10c-28eacb96089e","Community Profile Nprint(3)","field","Lone_ph_Tot_HATSIP","table 2021 Census Datapacks x ILOC"
"c181957a-a6c8-4ad2-b10c-28eacb96089e","Community Profile Nprint(3)","field","Group_h_Tot_HATSIP","table 2021 Census Datapacks x ILOC"
"c181957a-a6c8-4ad2-b10c-28eacb96089e","Community Profile Nprint(3)","field","Ofh_Cfnc_Tot_Oth_h","table 2021 Census Datapacks x ILOC"
"c181957a-a6c8-4ad2-b10c-28eacb96089e","Community Profile Nprint(3)","field","Ofh_Cfc_Tot_Oth_h","table 2021 Census Datapacks x ILOC"
"c181957a-a6c8-4ad2-b10c-28eacb96089e","Community Profile Nprint(3)","field","Ofh_Opf_Tot_Oth_h","table 2021 Census Datapacks x ILOC"
"c181957a-a6c8-4ad2-b10c-28eacb96089e","Community Profile Nprint(3)","field","Ofh_Oth_f_Tot_Oth_h","table 2021 Census Datapacks x ILOC"
"c181957a-a6c8-4ad2-b10c-28eacb96089e","Community Profile Nprint(3)","field","Ofh_Tot_Tot_Oth_h","table 2021 Census Datapacks x ILOC"
"c181957a-a6c8-4ad2-b10c-28eacb96089e","Community Profile Nprint(3)","field","Mul_fh_Tot_Oth_h","table 2021 Census Datapacks x ILOC"
"c181957a-a6c8-4ad2-b10c-28eacb96089e","Community Profile Nprint(3)","field","Tot_fh_Tot_Oth_h","table 2021 Census Datapacks x ILOC"
"c181957a-a6c8-4ad2-b10c-28eacb96089e","Community Profile Nprint(3)","field","Lone_ph_Tot_Oth_h","table 2021 Census Datapacks x ILOC"
"c181957a-a6c8-4ad2-b10c-28eacb96089e","Community Profile Nprint(3)","field","Group_h_Tot_Oth_h","table 2021 Census Datapacks x ILOC"
"c181957a-a6c8-4ad2-b10c-28eacb96089e","Community Profile Nprint(3)","field","Tot_Tot_Oth_h","table 2021 Census Datapacks x ILOC"
"c181957a-a6c8-4ad2-b10c-28eacb96089e","Community Profile Nprint(3)","field","No_bed_ne_sp_Hw_ATSIP","table 2021 Census Datapacks x ILOC"
"c181957a-a6c8-4ad2-b10c-28eacb96089e","Community Profile Nprint(3)","field","One_m_bn_One_ebn_Hw_ATSIP","table 2021 Census Datapacks x ILOC"
"c181957a-a6c8-4ad2-b10c-28eacb96089e","Community Profile Nprint(3)","field","One_m_bn_Two_ebn_Hw_ATSIP","table 2021 Census Datapacks x ILOC"
"c181957a-a6c8-4ad2-b10c-28eacb96089e","Community Profile Nprint(3)","field","One_m_bn_Thr_ebn_Hw_ATSIP","table 2021 Census Datapacks x ILOC"
"c181957a-a6c8-4ad2-b10c-28eacb96089e","Community Profile Nprint(3)","field","One_m_bn_Fou_m_ebn_Hw_ATSIP","table 2021 Census Datapacks x ILOC"
"c181957a-a6c8-4ad2-b10c-28eacb96089e","Community Profile Nprint(3)","field","One_m_bn_Tot_Hw_ATSIP","table 2021 Census Datapacks x ILOC"
"c181957a-a6c8-4ad2-b10c-28eacb96089e","Community Profile Nprint(3)","field","One_m_bs_One_bs_Hw_ATSIP","table 2021 Census Datapacks x ILOC"
"c181957a-a6c8-4ad2-b10c-28eacb96089e","Community Profile Nprint(3)","field","One_m_bs_Two_bs_Hw_ATSIP","table 2021 Census Datapacks x ILOC"
"c181957a-a6c8-4ad2-b10c-28eacb96089e","Community Profile Nprint(3)","field","One_m_bs_Thr_bs_Hw_ATSIP","table 2021 Census Datapacks x ILOC"
"c181957a-a6c8-4ad2-b10c-28eacb96089e","Community Profile Nprint(3)","field","One_m_bs_Fou_m_bs_Hw_ATSIP","table 2021 Census Datapacks x ILOC"
"c181957a-a6c8-4ad2-b10c-28eacb96089e","Community Profile Nprint(3)","field","One_m_bs_Tot_Hw_ATSIP","table 2021 Census Datapacks x ILOC"
"c181957a-a6c8-4ad2-b10c-28eacb96089e","Community Profile Nprint(3)","field","Tot_Hw_ATSIP","table 2021 Census Datapacks x ILOC"
"c181957a-a6c8-4ad2-b10c-28eacb96089e","Community Profile Nprint(3)","field","Tot_Oth_h","table 2021 Census Datapacks x ILOC"
"c181957a-a6c8-4ad2-b10c-28eacb96089e","Community Profile Nprint(3)","field","Neg_Nil_inc_Hh_with_Ind_psns","table 2021 Census Datapacks x ILOC"
"c181957a-a6c8-4ad2-b10c-28eacb96089e","Community Profile Nprint(3)","field","Neg_Nil_inc_Other_households","table 2021 Census Datapacks x ILOC"
"c181957a-a6c8-4ad2-b10c-28eacb96089e","Community Profile Nprint(3)","field","Neg_Nil_income_Tot_hhlds","table 2021 Census Datapacks x ILOC"
"c181957a-a6c8-4ad2-b10c-28eacb96089e","Community Profile Nprint(3)","field","_1_149_Hhd_with_Indig_psns","table 2021 Census Datapacks x ILOC"
"c181957a-a6c8-4ad2-b10c-28eacb96089e","Community Profile Nprint(3)","field","_1_149_Other_households","table 2021 Census Datapacks x ILOC"
"c181957a-a6c8-4ad2-b10c-28eacb96089e","Community Profile Nprint(3)","field","_1_149_Tot_hhlds","table 2021 Census Datapacks x ILOC"
"c181957a-a6c8-4ad2-b10c-28eacb96089e","Community Profile Nprint(3)","field","_150_299_Hhd_with_Indig_psns","table 2021 Census Datapacks x ILOC"
"c181957a-a6c8-4ad2-b10c-28eacb96089e","Community Profile Nprint(3)","field","_150_299_Other_households","table 2021 Census Datapacks x ILOC"
"c181957a-a6c8-4ad2-b10c-28eacb96089e","Community Profile Nprint(3)","field","_150_299_Tot_hhlds","table 2021 Census Datapacks x ILOC"
"c181957a-a6c8-4ad2-b10c-28eacb96089e","Community Profile Nprint(3)","field","_300_399_Hhd_with_Indig_psns","table 2021 Census Datapacks x ILOC"
"c181957a-a6c8-4ad2-b10c-28eacb96089e","Community Profile Nprint(3)","field","_300_399_Other_households","table 2021 Census Datapacks x ILOC"
"c181957a-a6c8-4ad2-b10c-28eacb96089e","Community Profile Nprint(3)","field","_300_399_Tot_hhlds","table 2021 Census Datapacks x ILOC"
"c181957a-a6c8-4ad2-b10c-28eacb96089e","Community Profile Nprint(3)","field","_400_499_Hhd_with_Indig_psns","table 2021 Census Datapacks x ILOC"
"c181957a-a6c8-4ad2-b10c-28eacb96089e","Community Profile Nprint(3)","field","_400_499_Other_households","table 2021 Census Datapacks x ILOC"
"c181957a-a6c8-4ad2-b10c-28eacb96089e","Community Profile Nprint(3)","field","_400_499_Tot_hhlds","table 2021 Census Datapacks x ILOC"
"c181957a-a6c8-4ad2-b10c-28eacb96089e","Community Profile Nprint(3)","field","_500_649_Hhd_with_Indig_psns","table 2021 Census Datapacks x ILOC"
"c181957a-a6c8-4ad2-b10c-28eacb96089e","Community Profile Nprint(3)","field","_500_649_Other_households","table 2021 Census Datapacks x ILOC"
"c181957a-a6c8-4ad2-b10c-28eacb96089e","Community Profile Nprint(3)","field","_500_649_Tot_hhlds","table 2021 Census Datapacks x ILOC"
"c181957a-a6c8-4ad2-b10c-28eacb96089e","Community Profile Nprint(3)","field","_650_799_Hhd_with_Indig_psns","table 2021 Census Datapacks x ILOC"
"c181957a-a6c8-4ad2-b10c-28eacb96089e","Community Profile Nprint(3)","field","_650_799_Other_households","table 2021 Census Datapacks x ILOC"
"c181957a-a6c8-4ad2-b10c-28eacb96089e","Community Profile Nprint(3)","field","_650_799_Tot_hhlds","table 2021 Census Datapacks x ILOC"
"c181957a-a6c8-4ad2-b10c-28eacb96089e","Community Profile Nprint(3)","field","_800_999_Hh_with_Indig_psn","table 2021 Census Datapacks x ILOC"
"c181957a-a6c8-4ad2-b10c-28eacb96089e","Community Profile Nprint(3)","field","_800_999_Other_households","table 2021 Census Datapacks x ILOC"
"c181957a-a6c8-4ad2-b10c-28eacb96089e","Community Profile Nprint(3)","field","_800_999_Tot_hhlds","table 2021 Census Datapacks x ILOC"
"c181957a-a6c8-4ad2-b10c-28eacb96089e","Community Profile Nprint(3)","field","_1000_1249_Hh_with_Indig_psn","table 2021 Census Datapacks x ILOC"
"c181957a-a6c8-4ad2-b10c-28eacb96089e","Community Profile Nprint(3)","field","_1000_1249_Other_households","table 2021 Census Datapacks x ILOC"
"c181957a-a6c8-4ad2-b10c-28eacb96089e","Community Profile Nprint(3)","field","_1000_1249_Tot_hhlds","table 2021 Census Datapacks x ILOC"
"c181957a-a6c8-4ad2-b10c-28eacb96089e","Community Profile Nprint(3)","field","_1250_1499_Hh_with_Indig_psn","table 2021 Census Datapacks x ILOC"
"c181957a-a6c8-4ad2-b10c-28eacb96089e","Community Profile Nprint(3)","field","_1250_1499_Other_households","table 2021 Census Datapacks x ILOC"
"c181957a-a6c8-4ad2-b10c-28eacb96089e","Community Profile Nprint(3)","field","_1250_1499_Tot_hhlds","table 2021 Census Datapacks x ILOC"
"c181957a-a6c8-4ad2-b10c-28eacb96089e","Community Profile Nprint(3)","field","_1500_1749_Hh_with_Indig_psn","table 2021 Census Datapacks x ILOC"
"c181957a-a6c8-4ad2-b10c-28eacb96089e","Community Profile Nprint(3)","field","_1500_1749_Other_households","table 2021 Census Datapacks x ILOC"
"c181957a-a6c8-4ad2-b10c-28eacb96089e","Community Profile Nprint(3)","field","_1500_1749_Tot_hhlds","table 2021 Census Datapacks x ILOC"
"c181957a-a6c8-4ad2-b10c-28eacb96089e","Community Profile Nprint(3)","field","_1750_1999_Hh_with_Indig_psn","table 2021 Census Datapacks x ILOC"
"c181957a-a6c8-4ad2-b10c-28eacb96089e","Community Profile Nprint(3)","field","_1750_1999_Other_households","table 2021 Census Datapacks x ILOC"
"c181957a-a6c8-4ad2-b10c-28eacb96089e","Community Profile Nprint(3)","field","_1750_1999_Tot_hhlds","table 2021 Census Datapacks x ILOC"
"c181957a-a6c8-4ad2-b10c-28eacb96089e","Community Profile Nprint(3)","field","_2000_2499_Hh_with_Indig_psn","table 2021 Census Datapacks x ILOC"
"c181957a-a6c8-4ad2-b10c-28eacb96089e","Community Profile Nprint(3)","field","_2000_2499_Other_households","table 2021 Census Datapacks x ILOC"
"c181957a-a6c8-4ad2-b10c-28eacb96089e","Community Profile Nprint(3)","field","_2000_2499_Tot_hhlds","table 2021 Census Datapacks x ILOC"
"c181957a-a6c8-4ad2-b10c-28eacb96089e","Community Profile Nprint(3)","field","_2500_2999_Hh_with_Indig_psn","table 2021 Census Datapacks x ILOC"
"c181957a-a6c8-4ad2-b10c-28eacb96089e","Community Profile Nprint(3)","field","_2500_2999_Other_households","table 2021 Census Datapacks x ILOC"
"c181957a-a6c8-4ad2-b10c-28eacb96089e","Community Profile Nprint(3)","field","_2500_2999_Tot_hhlds","table 2021 Census Datapacks x ILOC"
"c181957a-a6c8-4ad2-b10c-28eacb96089e","Community Profile Nprint(3)","field","_3000_3499_Hh_with_Indig_psn","table 2021 Census Datapacks x ILOC"
"c181957a-a6c8-4ad2-b10c-28eacb96089e","Community Profile Nprint(3)","field","_3000_3499_Other_households","table 2021 Census Datapacks x ILOC"
"c181957a-a6c8-4ad2-b10c-28eacb96089e","Community Profile Nprint(3)","field","_3000_3499_Tot_hhlds","table 2021 Census Datapacks x ILOC"
"c181957a-a6c8-4ad2-b10c-28eacb96089e","Community Profile Nprint(3)","field","_3500_more_Hh_with_Indig_psn","table 2021 Census Datapacks x ILOC"
"c181957a-a6c8-4ad2-b10c-28eacb96089e","Community Profile Nprint(3)","field","_3500_more_stated_Other_hhds","table 2021 Census Datapacks x ILOC"
"c181957a-a6c8-4ad2-b10c-28eacb96089e","Community Profile Nprint(3)","field","_3500_more_stated_Tot_hhlds","table 2021 Census Datapacks x ILOC"
"c181957a-a6c8-4ad2-b10c-28eacb96089e","Community Profile Nprint(3)","field","Part_inc_st_Hh_with_Indig_psn","table 2021 Census Datapacks x ILOC"
"c181957a-a6c8-4ad2-b10c-28eacb96089e","Community Profile Nprint(3)","field","Partial_inc_stated_Other_hhds","table 2021 Census Datapacks x ILOC"
"c181957a-a6c8-4ad2-b10c-28eacb96089e","Community Profile Nprint(3)","field","Partial_inc_stated_Tot_hhlds","table 2021 Census Datapacks x ILOC"
"c181957a-a6c8-4ad2-b10c-28eacb96089e","Community Profile Nprint(3)","field","All_inc_ns_Hh_with_Ind_psns","table 2021 Census Datapacks x ILOC"
"c181957a-a6c8-4ad2-b10c-28eacb96089e","Community Profile Nprint(3)","field","All_income_ns_Other_household","table 2021 Census Datapacks x ILOC"
"c181957a-a6c8-4ad2-b10c-28eacb96089e","Community Profile Nprint(3)","field","All_inc_NS_Tot_hhlds","table 2021 Census Datapacks x ILOC"
"c181957a-a6c8-4ad2-b10c-28eacb96089e","Community Profile Nprint(3)","field","Tot_Household_with_Indig_psns","table 2021 Census Datapacks x ILOC"
"c181957a-a6c8-4ad2-b10c-28eacb96089e","Community Profile Nprint(3)","field","Tot_Other_households","table 2021 Census Datapacks x ILOC"
"c181957a-a6c8-4ad2-b10c-28eacb96089e","Community Profile Nprint(3)","field","Tot_Tot_hhlds","table 2021 Census Datapacks x ILOC"
"c181957a-a6c8-4ad2-b10c-28eacb96089e","Community Profile Nprint(3)","field","Psn_15_y_over_Indig_P","table 2021 Census Datapacks x ILOC"
"c181957a-a6c8-4ad2-b10c-28eacb96089e","Community Profile Nprint(3)","field","Psn_15_y_over_NonInd_P","table 2021 Census Datapacks x ILOC"
"c181957a-a6c8-4ad2-b10c-28eacb96089e","Community Profile Nprint(3)","field","Psn_15_y_over_Ind_s_nsP","table 2021 Census Datapacks x ILOC"
"c181957a-a6c8-4ad2-b10c-28eacb96089e","Community Profile Nprint(3)","field","Psn_15_y_over_TotP","table 2021 Census Datapacks x ILOC"
"c181957a-a6c8-4ad2-b10c-28eacb96089e","Community Profile Nprint(3)","field","In_LF_Emp_Indig_P","table 2021 Census Datapacks x ILOC"
"c181957a-a6c8-4ad2-b10c-28eacb96089e","Community Profile Nprint(3)","field","In_LF_Emp_NonInd_P","table 2021 Census Datapacks x ILOC"
"c181957a-a6c8-4ad2-b10c-28eacb96089e","Community Profile Nprint(3)","field","In_LF_Emp_IndSt_nsP","table 2021 Census Datapacks x ILOC"
"c181957a-a6c8-4ad2-b10c-28eacb96089e","Community Profile Nprint(3)","field","In_LF_Employd_TotP","table 2021 Census Datapacks x ILOC"
"c181957a-a6c8-4ad2-b10c-28eacb96089e","Community Profile Nprint(3)","field","In_LF_unemp_Ind_P","table 2021 Census Datapacks x ILOC"
"c181957a-a6c8-4ad2-b10c-28eacb96089e","Community Profile Nprint(3)","field","In_LF_unemp_No_Ind_P","table 2021 Census Datapacks x ILOC"
"c181957a-a6c8-4ad2-b10c-28eacb96089e","Community Profile Nprint(3)","field","In_LF_un_IndSt_nsP","table 2021 Census Datapacks x ILOC"
"c181957a-a6c8-4ad2-b10c-28eacb96089e","Community Profile Nprint(3)","field","In_LF_Unemp_TotP","table 2021 Census Datapacks x ILOC"
"c181957a-a6c8-4ad2-b10c-28eacb96089e","Community Profile Nprint(3)","field","In_LF_To_LF_Ind_P","table 2021 Census Datapacks x ILOC"
"c181957a-a6c8-4ad2-b10c-28eacb96089e","Community Profile Nprint(3)","field","In_LF_To_la_fo_No_In_P","table 2021 Census Datapacks x ILOC"
"c181957a-a6c8-4ad2-b10c-28eacb96089e","Community Profile Nprint(3)","field","In_LF_To_l_fo_In_st_nsP","table 2021 Census Datapacks x ILOC"
"c181957a-a6c8-4ad2-b10c-28eacb96089e","Community Profile Nprint(3)","field","In_LF_To_LF_TotP","table 2021 Census Datapacks x ILOC"
"c181957a-a6c8-4ad2-b10c-28eacb96089e","Community Profile Nprint(3)","field","N_the_LF_Indig_P","table 2021 Census Datapacks x ILOC"
"c181957a-a6c8-4ad2-b10c-28eacb96089e","Community Profile Nprint(3)","field","N_the_LF_No_Indig_P","table 2021 Census Datapacks x ILOC"
"c181957a-a6c8-4ad2-b10c-28eacb96089e","Community Profile Nprint(3)","field","N_the_LF_Indig_st_nsP","table 2021 Census Datapacks x ILOC"
"c181957a-a6c8-4ad2-b10c-28eacb96089e","Community Profile Nprint(3)","field","N_the_LF_TotP","table 2021 Census Datapacks x ILOC"
"c181957a-a6c8-4ad2-b10c-28eacb96089e","Community Profile Nprint(3)","field","LF_st_ns_Indig_P","table 2021 Census Datapacks x ILOC"
"c181957a-a6c8-4ad2-b10c-28eacb96089e","Community Profile Nprint(3)","field","LF_st_ns_NonInd_P","table 2021 Census Datapacks x ILOC"
"c181957a-a6c8-4ad2-b10c-28eacb96089e","Community Profile Nprint(3)","field","LF_st_ns_Indig_st_nsP","table 2021 Census Datapacks x ILOC"
"c181957a-a6c8-4ad2-b10c-28eacb96089e","Community Profile Nprint(3)","field","LF_st_ns_TotP","table 2021 Census Datapacks x ILOC"
"c181957a-a6c8-4ad2-b10c-28eacb96089e","Community Profile Nprint(3)","field","IndSec_Gov_Ind_P","table 2021 Census Datapacks x ILOC"
"c181957a-a6c8-4ad2-b10c-28eacb96089e","Community Profile Nprint(3)","field","IndSec_Gov_No_Ind_P","table 2021 Census Datapacks x ILOC"
"c181957a-a6c8-4ad2-b10c-28eacb96089e","Community Profile Nprint(3)","field","IndSec_Gov_IndSt_nsP","table 2021 Census Datapacks x ILOC"
"c181957a-a6c8-4ad2-b10c-28eacb96089e","Community Profile Nprint(3)","field","IndSec_Gov_TotP","table 2021 Census Datapacks x ILOC"
"c181957a-a6c8-4ad2-b10c-28eacb96089e","Community Profile Nprint(3)","field","IndSec_Priv_Ind_P","table 2021 Census Datapacks x ILOC"
"c181957a-a6c8-4ad2-b10c-28eacb96089e","Community Profile Nprint(3)","field","IndSec_Priv_NonInd_P","table 2021 Census Datapacks x ILOC"
"c181957a-a6c8-4ad2-b10c-28eacb96089e","Community Profile Nprint(3)","field","IndSec_Priv_IndSt_nsP","table 2021 Census Datapacks x ILOC"
"c181957a-a6c8-4ad2-b10c-28eacb96089e","Community Profile Nprint(3)","field","IndSec_Priv_TotP","table 2021 Census Datapacks x ILOC"
"c181957a-a6c8-4ad2-b10c-28eacb96089e","Community Profile Nprint(3)","field","Self_employed_Ind_P","table 2021 Census Datapacks x ILOC"
"c181957a-a6c8-4ad2-b10c-28eacb96089e","Community Profile Nprint(3)","field","Self_employed_NonInd_P","table 2021 Census Datapacks x ILOC"
"c181957a-a6c8-4ad2-b10c-28eacb96089e","Community Profile Nprint(3)","field","Self_employed_Ind_status_nsP","table 2021 Census Datapacks x ILOC"
"c181957a-a6c8-4ad2-b10c-28eacb96089e","Community Profile Nprint(3)","field","Self_employed_TotP","table 2021 Census Datapacks x ILOC"
"c181957a-a6c8-4ad2-b10c-28eacb96089e","Community Profile Nprint(3)","field","HnsQ_PgDL_Ind_P","table 2021 Census Datapacks x ILOC"
"c181957a-a6c8-4ad2-b10c-28eacb96089e","Community Profile Nprint(3)","field","HnsQ_PgDL_No_Ind_P","table 2021 Census Datapacks x ILOC"
"c181957a-a6c8-4ad2-b10c-28eacb96089e","Community Profile Nprint(3)","field","HnsQ_PgDL_IndSt_nsP","table 2021 Census Datapacks x ILOC"
"c181957a-a6c8-4ad2-b10c-28eacb96089e","Community Profile Nprint(3)","field","HnsQ_PgDL_TotP","table 2021 Census Datapacks x ILOC"
"c181957a-a6c8-4ad2-b10c-28eacb96089e","Community Profile Nprint(3)","field","HnsQ_GD_GCL_Ind_P","table 2021 Census Datapacks x ILOC"
"c181957a-a6c8-4ad2-b10c-28eacb96089e","Community Profile Nprint(3)","field","HnsQ_GD_GCL_No_In_P","table 2021 Census Datapacks x ILOC"
"c181957a-a6c8-4ad2-b10c-28eacb96089e","Community Profile Nprint(3)","field","HnsQ_GD_GCL_In_st_nsP","table 2021 Census Datapacks x ILOC"
"c181957a-a6c8-4ad2-b10c-28eacb96089e","Community Profile Nprint(3)","field","HnsQ_GD_GCL_TotP","table 2021 Census Datapacks x ILOC"
"c181957a-a6c8-4ad2-b10c-28eacb96089e","Community Profile Nprint(3)","field","HnsQ_BDL_Ind_P","table 2021 Census Datapacks x ILOC"
"c181957a-a6c8-4ad2-b10c-28eacb96089e","Community Profile Nprint(3)","field","HnsQ_BDL_No_Ind_P","table 2021 Census Datapacks x ILOC"
"c181957a-a6c8-4ad2-b10c-28eacb96089e","Community Profile Nprint(3)","field","HnsQ_BDL_IndSt_nsP","table 2021 Census Datapacks x ILOC"
"c181957a-a6c8-4ad2-b10c-28eacb96089e","Community Profile Nprint(3)","field","HnsQ_BDL_TotP","table 2021 Census Datapacks x ILOC"
"c181957a-a6c8-4ad2-b10c-28eacb96089e","Community Profile Nprint(3)","field","HnsQ_AD_DL_Ind_P","table 2021 Census Datapacks x ILOC"
"c181957a-a6c8-4ad2-b10c-28eacb96089e","Community Profile Nprint(3)","field","HnsQ_AD_DL_No_In_P","table 2021 Census Datapacks x ILOC"
"c181957a-a6c8-4ad2-b10c-28eacb96089e","Community Profile Nprint(3)","field","HnsQ_AD_DL_In_st_nsP","table 2021 Census Datapacks x ILOC"
"c181957a-a6c8-4ad2-b10c-28eacb96089e","Community Profile Nprint(3)","field","HnsQ_AD_DL_TotP","table 2021 Census Datapacks x ILOC"
"c181957a-a6c8-4ad2-b10c-28eacb96089e","Community Profile Nprint(3)","field","HnsQ_Cer_III_IV_Ind_P","table 2021 Census Datapacks x ILOC"
"c181957a-a6c8-4ad2-b10c-28eacb96089e","Community Profile Nprint(3)","field","HnsQ_Cer_III_IV_No_Ind_P","table 2021 Census Datapacks x ILOC"
"c181957a-a6c8-4ad2-b10c-28eacb96089e","Community Profile Nprint(3)","field","NsQ_Cer_III_IV_IndSt_nsP","table 2021 Census Datapacks x ILOC"
"c181957a-a6c8-4ad2-b10c-28eacb96089e","Community Profile Nprint(3)","field","NsQ_Cer_III_IV_TotP","table 2021 Census Datapacks x ILOC"
"c181957a-a6c8-4ad2-b10c-28eacb96089e","Community Profile Nprint(3)","field","NsQ_Cer_I_II_Ind_P","table 2021 Census Datapacks x ILOC"
"c181957a-a6c8-4ad2-b10c-28eacb96089e","Community Profile Nprint(3)","field","NsQ_Cer_I_II_No_In_P","table 2021 Census Datapacks x ILOC"
"c181957a-a6c8-4ad2-b10c-28eacb96089e","Community Profile Nprint(3)","field","NsQ_Cer_I_II_Ind_s_nsP","table 2021 Census Datapacks x ILOC"
"c181957a-a6c8-4ad2-b10c-28eacb96089e","Community Profile Nprint(3)","field","NsQ_Cer_I_II_TotP","table 2021 Census Datapacks x ILOC"
"c181957a-a6c8-4ad2-b10c-28eacb96089e","Community Profile Nprint(3)","field","Ind_15_19_PD_GD_GCL_P","table 2021 Census Datapacks x ILOC"
"c181957a-a6c8-4ad2-b10c-28eacb96089e","Community Profile Nprint(3)","field","Ind_15_19_BDL_P","table 2021 Census Datapacks x ILOC"
"c181957a-a6c8-4ad2-b10c-28eacb96089e","Community Profile Nprint(3)","field","Ind_15_19_ADip_DipL_P","table 2021 Census Datapacks x ILOC"
"c181957a-a6c8-4ad2-b10c-28eacb96089e","Community Profile Nprint(3)","field","Ind_15_19_Ct_III_IV_P","table 2021 Census Datapacks x ILOC"
"c181957a-a6c8-4ad2-b10c-28eacb96089e","Community Profile Nprint(3)","field","Ind_15_19_Ct_I_II_P","table 2021 Census Datapacks x ILOC"
"c181957a-a6c8-4ad2-b10c-28eacb96089e","Community Profile Nprint(3)","field","Ind_15_19_CL_nfd_P","table 2021 Census Datapacks x ILOC"
"c181957a-a6c8-4ad2-b10c-28eacb96089e","Community Profile Nprint(3)","field","Ind_15_19_LoE_NS_P","table 2021 Census Datapacks x ILOC"
"c181957a-a6c8-4ad2-b10c-28eacb96089e","Community Profile Nprint(3)","field","Ind_15_19_Tot_P","table 2021 Census Datapacks x ILOC"
"c181957a-a6c8-4ad2-b10c-28eacb96089e","Community Profile Nprint(3)","field","Ind_20_24_PD_GD_GCL_P","table 2021 Census Datapacks x ILOC"
"c181957a-a6c8-4ad2-b10c-28eacb96089e","Community Profile Nprint(3)","field","Ind_20_24_BDL_P","table 2021 Census Datapacks x ILOC"
"c181957a-a6c8-4ad2-b10c-28eacb96089e","Community Profile Nprint(3)","field","Ind_20_24_ADip_DipL_P","table 2021 Census Datapacks x ILOC"
"c181957a-a6c8-4ad2-b10c-28eacb96089e","Community Profile Nprint(3)","field","Ind_20_24_Ct_III_IV_P","table 2021 Census Datapacks x ILOC"
"c181957a-a6c8-4ad2-b10c-28eacb96089e","Community Profile Nprint(3)","field","Ind_20_24_Ct_I_II_P","table 2021 Census Datapacks x ILOC"
"c181957a-a6c8-4ad2-b10c-28eacb96089e","Community Profile Nprint(3)","field","Ind_20_24_CL_nfd_P","table 2021 Census Datapacks x ILOC"
"c181957a-a6c8-4ad2-b10c-28eacb96089e","Community Profile Nprint(3)","field","Ind_20_24_LoE_NS_P","table 2021 Census Datapacks x ILOC"
"c181957a-a6c8-4ad2-b10c-28eacb96089e","Community Profile Nprint(3)","field","Ind_20_24_Tot_P","table 2021 Census Datapacks x ILOC"
"c181957a-a6c8-4ad2-b10c-28eacb96089e","Community Profile Nprint(3)","field","Ind_25_34_PD_GD_GCL_P","table 2021 Census Datapacks x ILOC"
"c181957a-a6c8-4ad2-b10c-28eacb96089e","Community Profile Nprint(3)","field","Ind_25_34_BDL_P","table 2021 Census Datapacks x ILOC"
"c181957a-a6c8-4ad2-b10c-28eacb96089e","Community Profile Nprint(3)","field","Ind_25_34_ADip_DipL_P","table 2021 Census Datapacks x ILOC"
"c181957a-a6c8-4ad2-b10c-28eacb96089e","Community Profile Nprint(3)","field","Ind_25_34_Ct_III_IV_P","table 2021 Census Datapacks x ILOC"
"c181957a-a6c8-4ad2-b10c-28eacb96089e","Community Profile Nprint(3)","field","Ind_25_34_Ct_I_II_P","table 2021 Census Datapacks x ILOC"
"c181957a-a6c8-4ad2-b10c-28eacb96089e","Community Profile Nprint(3)","field","Ind_25_34_CL_nfd_P","table 2021 Census Datapacks x ILOC"
"c181957a-a6c8-4ad2-b10c-28eacb96089e","Community Profile Nprint(3)","field","Ind_25_34_LoE_NS_P","table 2021 Census Datapacks x ILOC"
"c181957a-a6c8-4ad2-b10c-28eacb96089e","Community Profile Nprint(3)","field","Ind_25_34_Tot_P","table 2021 Census Datapacks x ILOC"
"c181957a-a6c8-4ad2-b10c-28eacb96089e","Community Profile Nprint(3)","field","Ind_35_44_PD_GD_GCL_P","table 2021 Census Datapacks x ILOC"
"c181957a-a6c8-4ad2-b10c-28eacb96089e","Community Profile Nprint(3)","field","Ind_35_44_BDL_P","table 2021 Census Datapacks x ILOC"
"c181957a-a6c8-4ad2-b10c-28eacb96089e","Community Profile Nprint(3)","field","Ind_35_44_ADip_DipL_P","table 2021 Census Datapacks x ILOC"
"c181957a-a6c8-4ad2-b10c-28eacb96089e","Community Profile Nprint(3)","field","Ind_35_44_Ct_III_IV_P","table 2021 Census Datapacks x ILOC"
"c181957a-a6c8-4ad2-b10c-28eacb96089e","Community Profile Nprint(3)","field","Ind_35_44_Ct_I_II_P","table 2021 Census Datapacks x ILOC"
"c181957a-a6c8-4ad2-b10c-28eacb96089e","Community Profile Nprint(3)","field","Ind_35_44_CL_nfd_P","table 2021 Census Datapacks x ILOC"
"c181957a-a6c8-4ad2-b10c-28eacb96089e","Community Profile Nprint(3)","field","Ind_35_44_LoE_NS_P","table 2021 Census Datapacks x ILOC"
"c181957a-a6c8-4ad2-b10c-28eacb96089e","Community Profile Nprint(3)","field","Ind_35_44_Tot_P","table 2021 Census Datapacks x ILOC"
"c181957a-a6c8-4ad2-b10c-28eacb96089e","Community Profile Nprint(3)","field","Ind_45_54_PD_GD_GCL_P","table 2021 Census Datapacks x ILOC"
"c181957a-a6c8-4ad2-b10c-28eacb96089e","Community Profile Nprint(3)","field","Ind_45_54_BDL_P","table 2021 Census Datapacks x ILOC"
"c181957a-a6c8-4ad2-b10c-28eacb96089e","Community Profile Nprint(3)","field","Ind_45_54_ADip_DipL_P","table 2021 Census Datapacks x ILOC"
"c181957a-a6c8-4ad2-b10c-28eacb96089e","Community Profile Nprint(3)","field","Ind_45_54_Ct_III_IV_P","table 2021 Census Datapacks x ILOC"
"c181957a-a6c8-4ad2-b10c-28eacb96089e","Community Profile Nprint(3)","field","Ind_45_54_Ct_I_II_P","table 2021 Census Datapacks x ILOC"
"c181957a-a6c8-4ad2-b10c-28eacb96089e","Community Profile Nprint(3)","field","Ind_45_54_CL_nfd_P","table 2021 Census Datapacks x ILOC"
"c181957a-a6c8-4ad2-b10c-28eacb96089e","Community Profile Nprint(3)","field","Ind_45_54_LoE_NS_P","table 2021 Census Datapacks x ILOC"
"c181957a-a6c8-4ad2-b10c-28eacb96089e","Community Profile Nprint(3)","field","Ind_45_54_Tot_P","table 2021 Census Datapacks x ILOC"
"c181957a-a6c8-4ad2-b10c-28eacb96089e","Community Profile Nprint(3)","field","Ind_55_64_PD_GD_GCL_P","table 2021 Census Datapacks x ILOC"
"c181957a-a6c8-4ad2-b10c-28eacb96089e","Community Profile Nprint(3)","field","Ind_55_64_BDL_P","table 2021 Census Datapacks x ILOC"
"c181957a-a6c8-4ad2-b10c-28eacb96089e","Community Profile Nprint(3)","field","Ind_55_64_ADip_DipL_P","table 2021 Census Datapacks x ILOC"
"c181957a-a6c8-4ad2-b10c-28eacb96089e","Community Profile Nprint(3)","field","Ind_55_64_Ct_III_IV_P","table 2021 Census Datapacks x ILOC"
"c181957a-a6c8-4ad2-b10c-28eacb96089e","Community Profile Nprint(3)","field","Ind_55_64_Ct_I_II_P","table 2021 Census Datapacks x ILOC"
"c181957a-a6c8-4ad2-b10c-28eacb96089e","Community Profile Nprint(3)","field","Ind_55_64_CL_nfd_P","table 2021 Census Datapacks x ILOC"
"c181957a-a6c8-4ad2-b10c-28eacb96089e","Community Profile Nprint(3)","field","Ind_55_64_LoE_NS_P","table 2021 Census Datapacks x ILOC"
"c181957a-a6c8-4ad2-b10c-28eacb96089e","Community Profile Nprint(3)","field","Ind_55_64_Tot_P","table 2021 Census Datapacks x ILOC"
"c181957a-a6c8-4ad2-b10c-28eacb96089e","Community Profile Nprint(3)","field","Ind_65ov_PtgdDe_GdDp_GdCt_P","table 2021 Census Datapacks x ILOC"
"c181957a-a6c8-4ad2-b10c-28eacb96089e","Community Profile Nprint(3)","field","Ind_65ov_BDL_P","table 2021 Census Datapacks x ILOC"
"c181957a-a6c8-4ad2-b10c-28eacb96089e","Community Profile Nprint(3)","field","Ind_65ov_ADip_DipL_P","table 2021 Census Datapacks x ILOC"
"c181957a-a6c8-4ad2-b10c-28eacb96089e","Community Profile Nprint(3)","field","Ind_65ov_Ct_III_IV_P","table 2021 Census Datapacks x ILOC"
"c181957a-a6c8-4ad2-b10c-28eacb96089e","Community Profile Nprint(3)","field","Ind_65ov_Ct_I_II_P","table 2021 Census Datapacks x ILOC"
"c181957a-a6c8-4ad2-b10c-28eacb96089e","Community Profile Nprint(3)","field","Ind_65ov_CL_nfd_P","table 2021 Census Datapacks x ILOC"
"c181957a-a6c8-4ad2-b10c-28eacb96089e","Community Profile Nprint(3)","field","Ind_65ov_LoE_NS_P","table 2021 Census Datapacks x ILOC"
"c181957a-a6c8-4ad2-b10c-28eacb96089e","Community Profile Nprint(3)","field","Ind_65ov_Tot_P","table 2021 Census Datapacks x ILOC"
"c181957a-a6c8-4ad2-b10c-28eacb96089e","Community Profile Nprint(3)","field","Ind_Tot_PD_GD_GCL_P","table 2021 Census Datapacks x ILOC"
"c181957a-a6c8-4ad2-b10c-28eacb96089e","Community Profile Nprint(3)","field","Ind_Tot_BDL_P","table 2021 Census Datapacks x ILOC"
"c181957a-a6c8-4ad2-b10c-28eacb96089e","Community Profile Nprint(3)","field","Ind_Tot_ADip_DipL_P","table 2021 Census Datapacks x ILOC"
"c181957a-a6c8-4ad2-b10c-28eacb96089e","Community Profile Nprint(3)","field","Ind_Tot_Ct_III_IV_P","table 2021 Census Datapacks x ILOC"
"c181957a-a6c8-4ad2-b10c-28eacb96089e","Community Profile Nprint(3)","field","Ind_Tot_Ct_I_II_P","table 2021 Census Datapacks x ILOC"
"c181957a-a6c8-4ad2-b10c-28eacb96089e","Community Profile Nprint(3)","field","Ind_tot_CL_nfd_P","table 2021 Census Datapacks x ILOC"
"c181957a-a6c8-4ad2-b10c-28eacb96089e","Community Profile Nprint(3)","field","Ind_Tot_LoE_NS_P","table 2021 Census Datapacks x ILOC"
"c181957a-a6c8-4ad2-b10c-28eacb96089e","Community Profile Nprint(3)","field","Ind_Tot_Tot_P","table 2021 Census Datapacks x ILOC"
"c181957a-a6c8-4ad2-b10c-28eacb96089e","Community Profile Nprint(3)","field","NonI_15_19_PD_GD_GCL_P","table 2021 Census Datapacks x ILOC"
"c181957a-a6c8-4ad2-b10c-28eacb96089e","Community Profile Nprint(3)","field","NonI_15_19_BDL_P","table 2021 Census Datapacks x ILOC"
"c181957a-a6c8-4ad2-b10c-28eacb96089e","Community Profile Nprint(3)","field","NonI_15_19_ADip_DipL_P","table 2021 Census Datapacks x ILOC"
"c181957a-a6c8-4ad2-b10c-28eacb96089e","Community Profile Nprint(3)","field","NonI_15_19_Ct_III_IV_P","table 2021 Census Datapacks x ILOC"
"c181957a-a6c8-4ad2-b10c-28eacb96089e","Community Profile Nprint(3)","field","NonI_15_19_Ct_I_II_P","table 2021 Census Datapacks x ILOC"
"c181957a-a6c8-4ad2-b10c-28eacb96089e","Community Profile Nprint(3)","field","NonI_15_19_CL_nfd_P","table 2021 Census Datapacks x ILOC"
"c181957a-a6c8-4ad2-b10c-28eacb96089e","Community Profile Nprint(3)","field","NonI_15_19_LoE_NS_P","table 2021 Census Datapacks x ILOC"
"c181957a-a6c8-4ad2-b10c-28eacb96089e","Community Profile Nprint(3)","field","NonI_15_19_Tot_P","table 2021 Census Datapacks x ILOC"
"c181957a-a6c8-4ad2-b10c-28eacb96089e","Community Profile Nprint(3)","field","NonI_20_24_PD_GD_GCL_P","table 2021 Census Datapacks x ILOC"
"c181957a-a6c8-4ad2-b10c-28eacb96089e","Community Profile Nprint(3)","field","NonI_20_24_BDL_P","table 2021 Census Datapacks x ILOC"
"c181957a-a6c8-4ad2-b10c-28eacb96089e","Community Profile Nprint(3)","field","NonI_20_24_ADip_DipL_P","table 2021 Census Datapacks x ILOC"
"c181957a-a6c8-4ad2-b10c-28eacb96089e","Community Profile Nprint(3)","field","NonI_20_24_Ct_III_IV_P","table 2021 Census Datapacks x ILOC"
"c181957a-a6c8-4ad2-b10c-28eacb96089e","Community Profile Nprint(3)","field","NonI_20_24_Ct_I_II_P","table 2021 Census Datapacks x ILOC"
"c181957a-a6c8-4ad2-b10c-28eacb96089e","Community Profile Nprint(3)","field","NonI_20_24_CL_nfd_P","table 2021 Census Datapacks x ILOC"
"c181957a-a6c8-4ad2-b10c-28eacb96089e","Community Profile Nprint(3)","field","NonI_20_24_LoE_NS_P","table 2021 Census Datapacks x ILOC"
"c181957a-a6c8-4ad2-b10c-28eacb96089e","Community Profile Nprint(3)","field","NonI_20_24_Tot_P","table 2021 Census Datapacks x ILOC"
"c181957a-a6c8-4ad2-b10c-28eacb96089e","Community Profile Nprint(3)","field","NonI_25_34_PD_GD_GCL_P","table 2021 Census Datapacks x ILOC"
"c181957a-a6c8-4ad2-b10c-28eacb96089e","Community Profile Nprint(3)","field","NonI_25_34_BDL_P","table 2021 Census Datapacks x ILOC"
"c181957a-a6c8-4ad2-b10c-28eacb96089e","Community Profile Nprint(3)","field","NonI_25_34_ADip_DipL_P","table 2021 Census Datapacks x ILOC"
"c181957a-a6c8-4ad2-b10c-28eacb96089e","Community Profile Nprint(3)","field","NonI_25_34_Ct_III_IV_P","table 2021 Census Datapacks x ILOC"
"c181957a-a6c8-4ad2-b10c-28eacb96089e","Community Profile Nprint(3)","field","NonI_25_34_Ct_I_II_P","table 2021 Census Datapacks x ILOC"
"c181957a-a6c8-4ad2-b10c-28eacb96089e","Community Profile Nprint(3)","field","NonI_25_34_CL_nfd_P","table 2021 Census Datapacks x ILOC"
"c181957a-a6c8-4ad2-b10c-28eacb96089e","Community Profile Nprint(3)","field","NonI_25_34_LoE_NS_P","table 2021 Census Datapacks x ILOC"
"c181957a-a6c8-4ad2-b10c-28eacb96089e","Community Profile Nprint(3)","field","NonI_25_34_Tot_P","table 2021 Census Datapacks x ILOC"
"c181957a-a6c8-4ad2-b10c-28eacb96089e","Community Profile Nprint(3)","field","NonI_35_44_PD_GD_GCL_P","table 2021 Census Datapacks x ILOC"
"c181957a-a6c8-4ad2-b10c-28eacb96089e","Community Profile Nprint(3)","field","NonI_35_44_BDL_P","table 2021 Census Datapacks x ILOC"
"c181957a-a6c8-4ad2-b10c-28eacb96089e","Community Profile Nprint(3)","field","NonI_35_44_ADip_DipL_P","table 2021 Census Datapacks x ILOC"
"c181957a-a6c8-4ad2-b10c-28eacb96089e","Community Profile Nprint(3)","field","NonI_35_44_Ct_III_IV_P","table 2021 Census Datapacks x ILOC"
"c181957a-a6c8-4ad2-b10c-28eacb96089e","Community Profile Nprint(3)","field","NonI_35_44_Ct_I_II_P","table 2021 Census Datapacks x ILOC"
"c181957a-a6c8-4ad2-b10c-28eacb96089e","Community Profile Nprint(3)","field","NonI_35_44_CL_nfd_P","table 2021 Census Datapacks x ILOC"
"c181957a-a6c8-4ad2-b10c-28eacb96089e","Community Profile Nprint(3)","field","NonI_35_44_LoE_NS_P","table 2021 Census Datapacks x ILOC"
"c181957a-a6c8-4ad2-b10c-28eacb96089e","Community Profile Nprint(3)","field","NonI_35_44_Tot_P","table 2021 Census Datapacks x ILOC"
"c181957a-a6c8-4ad2-b10c-28eacb96089e","Community Profile Nprint(3)","field","NonI_45_54_PD_GD_GCL_P","table 2021 Census Datapacks x ILOC"
"c181957a-a6c8-4ad2-b10c-28eacb96089e","Community Profile Nprint(3)","field","NonI_45_54_BDL_P","table 2021 Census Datapacks x ILOC"
"c181957a-a6c8-4ad2-b10c-28eacb96089e","Community Profile Nprint(3)","field","NonI_45_54_ADip_DipL_P","table 2021 Census Datapacks x ILOC"
"c181957a-a6c8-4ad2-b10c-28eacb96089e","Community Profile Nprint(3)","field","NonI_45_54_Ct_III_IV_P","table 2021 Census Datapacks x ILOC"
"c181957a-a6c8-4ad2-b10c-28eacb96089e","Community Profile Nprint(3)","field","NonI_45_54_Ct_I_II_P","table 2021 Census Datapacks x ILOC"
"c181957a-a6c8-4ad2-b10c-28eacb96089e","Community Profile Nprint(3)","field","NonI_45_54_CL_nfd_P","table 2021 Census Datapacks x ILOC"
"c181957a-a6c8-4ad2-b10c-28eacb96089e","Community Profile Nprint(3)","field","NonI_45_54_LoE_NS_P","table 2021 Census Datapacks x ILOC"
"c181957a-a6c8-4ad2-b10c-28eacb96089e","Community Profile Nprint(3)","field","NonI_45_54_Tot_P","table 2021 Census Datapacks x ILOC"
"c181957a-a6c8-4ad2-b10c-28eacb96089e","Community Profile Nprint(3)","field","NonI_55_64_PD_GD_GCL_P","table 2021 Census Datapacks x ILOC"
"c181957a-a6c8-4ad2-b10c-28eacb96089e","Community Profile Nprint(3)","field","NonI_55_64_BDL_P","table 2021 Census Datapacks x ILOC"
"c181957a-a6c8-4ad2-b10c-28eacb96089e","Community Profile Nprint(3)","field","NonI_55_64_ADip_DipL_P","table 2021 Census Datapacks x ILOC"
"c181957a-a6c8-4ad2-b10c-28eacb96089e","Community Profile Nprint(3)","field","NonI_55_64_Ct_III_IV_P","table 2021 Census Datapacks x ILOC"
"c181957a-a6c8-4ad2-b10c-28eacb96089e","Community Profile Nprint(3)","field","NonI_55_64_Ct_I_II_P","table 2021 Census Datapacks x ILOC"
"c181957a-a6c8-4ad2-b10c-28eacb96089e","Community Profile Nprint(3)","field","NonI_55_64_CL_nfd_P","table 2021 Census Datapacks x ILOC"
"c181957a-a6c8-4ad2-b10c-28eacb96089e","Community Profile Nprint(3)","field","NonI_55_64_LoE_NS_P","table 2021 Census Datapacks x ILOC"
"c181957a-a6c8-4ad2-b10c-28eacb96089e","Community Profile Nprint(3)","field","NonI_55_64_Tot_P","table 2021 Census Datapacks x ILOC"
"c181957a-a6c8-4ad2-b10c-28eacb96089e","Community Profile Nprint(3)","field","NonI_65ov_PtgdDe_GdDp_GdCt_P","table 2021 Census Datapacks x ILOC"
"c181957a-a6c8-4ad2-b10c-28eacb96089e","Community Profile Nprint(3)","field","NonI_65ov_BDL_P","table 2021 Census Datapacks x ILOC"
"c181957a-a6c8-4ad2-b10c-28eacb96089e","Community Profile Nprint(3)","field","NonI_65ov_ADip_DipL_P","table 2021 Census Datapacks x ILOC"
"c181957a-a6c8-4ad2-b10c-28eacb96089e","Community Profile Nprint(3)","field","NonI_65ov_Ct_III_IV_P","table 2021 Census Datapacks x ILOC"
"c181957a-a6c8-4ad2-b10c-28eacb96089e","Community Profile Nprint(3)","field","NonI_65ov_Ct_I_II_P","table 2021 Census Datapacks x ILOC"
"c181957a-a6c8-4ad2-b10c-28eacb96089e","Community Profile Nprint(3)","field","NonI_65ov_CL_nfd_P","table 2021 Census Datapacks x ILOC"
"c181957a-a6c8-4ad2-b10c-28eacb96089e","Community Profile Nprint(3)","field","NonI_65ov_LoE_NS_P","table 2021 Census Datapacks x ILOC"
"c181957a-a6c8-4ad2-b10c-28eacb96089e","Community Profile Nprint(3)","field","NonI_65ov_Tot_P","table 2021 Census Datapacks x ILOC"
"c181957a-a6c8-4ad2-b10c-28eacb96089e","Community Profile Nprint(3)","field","NonI_Tot_PD_GD_GCL_P","table 2021 Census Datapacks x ILOC"
"c181957a-a6c8-4ad2-b10c-28eacb96089e","Community Profile Nprint(3)","field","NonI_Tot_BDL_P","table 2021 Census Datapacks x ILOC"
"c181957a-a6c8-4ad2-b10c-28eacb96089e","Community Profile Nprint(3)","field","NonI_Tot_ADip_DipL_P","table 2021 Census Datapacks x ILOC"
"c181957a-a6c8-4ad2-b10c-28eacb96089e","Community Profile Nprint(3)","field","NonI_Tot_Ct_III_IV_P","table 2021 Census Datapacks x ILOC"
"c181957a-a6c8-4ad2-b10c-28eacb96089e","Community Profile Nprint(3)","field","NonI_Tot_Ct_I_II_P","table 2021 Census Datapacks x ILOC"
"c181957a-a6c8-4ad2-b10c-28eacb96089e","Community Profile Nprint(3)","field","NonI_tot_CL_nfd_P","table 2021 Census Datapacks x ILOC"
"c181957a-a6c8-4ad2-b10c-28eacb96089e","Community Profile Nprint(3)","field","NonI_Tot_LoE_NS_P","table 2021 Census Datapacks x ILOC"
"c181957a-a6c8-4ad2-b10c-28eacb96089e","Community Profile Nprint(3)","field","NonI_Tot_Tot_P","table 2021 Census Datapacks x ILOC"
"c181957a-a6c8-4ad2-b10c-28eacb96089e","Community Profile Nprint(3)","field","Tot_Tot_PD_GD_GCL_P","table 2021 Census Datapacks x ILOC"
"c181957a-a6c8-4ad2-b10c-28eacb96089e","Community Profile Nprint(3)","field","Tot_Tot_BDL_P","table 2021 Census Datapacks x ILOC"
"c181957a-a6c8-4ad2-b10c-28eacb96089e","Community Profile Nprint(3)","field","Tot_Tot_ADip_DipL_P","table 2021 Census Datapacks x ILOC"
"c181957a-a6c8-4ad2-b10c-28eacb96089e","Community Profile Nprint(3)","field","Tot_Tot_Ct_III_IV_P","table 2021 Census Datapacks x ILOC"
"c181957a-a6c8-4ad2-b10c-28eacb96089e","Community Profile Nprint(3)","field","Tot_Tot_Ct_I_II_P","table 2021 Census Datapacks x ILOC"
"c181957a-a6c8-4ad2-b10c-28eacb96089e","Community Profile Nprint(3)","field","Tot_tot_CL_nfd_P","table 2021 Census Datapacks x ILOC"
"c181957a-a6c8-4ad2-b10c-28eacb96089e","Community Profile Nprint(3)","field","Tot_Tot_LoE_NS_P","table 2021 Census Datapacks x ILOC"
"c181957a-a6c8-4ad2-b10c-28eacb96089e","Community Profile Nprint(3)","field","Tot_Tot_Tot_P","table 2021 Census Datapacks x ILOC"
"c181957a-a6c8-4ad2-b10c-28eacb96089e","Community Profile Nprint(3)","field","Emp_Worked_FT_A_15_24_y_P","table 2021 Census Datapacks x ILOC"
"c181957a-a6c8-4ad2-b10c-28eacb96089e","Community Profile Nprint(3)","field","Emp_Worked_FT_A_25_34_y_P","table 2021 Census Datapacks x ILOC"
"c181957a-a6c8-4ad2-b10c-28eacb96089e","Community Profile Nprint(3)","field","Emp_Worked_FT_A_35_44_y_P","table 2021 Census Datapacks x ILOC"
"c181957a-a6c8-4ad2-b10c-28eacb96089e","Community Profile Nprint(3)","field","Emp_Worked_FT_A_45_54_y_P","table 2021 Census Datapacks x ILOC"
"c181957a-a6c8-4ad2-b10c-28eacb96089e","Community Profile Nprint(3)","field","Emp_Worked_FT_A_55_64_y_P","table 2021 Census Datapacks x ILOC"
"c181957a-a6c8-4ad2-b10c-28eacb96089e","Community Profile Nprint(3)","field","Emp_Worked_FT_A_65_and_over_P","table 2021 Census Datapacks x ILOC"
"c181957a-a6c8-4ad2-b10c-28eacb96089e","Community Profile Nprint(3)","field","Emp_Worked_FT_Tot_P","table 2021 Census Datapacks x ILOC"
"c181957a-a6c8-4ad2-b10c-28eacb96089e","Community Profile Nprint(3)","field","Emp_Worked_PT_A_15_24_y_P","table 2021 Census Datapacks x ILOC"
"c181957a-a6c8-4ad2-b10c-28eacb96089e","Community Profile Nprint(3)","field","Emp_Worked_PT_A_25_34_y_P","table 2021 Census Datapacks x ILOC"
"c181957a-a6c8-4ad2-b10c-28eacb96089e","Community Profile Nprint(3)","field","Emp_Worked_PT_A_35_44_y_P","table 2021 Census Datapacks x ILOC"
"c181957a-a6c8-4ad2-b10c-28eacb96089e","Community Profile Nprint(3)","field","Emp_Worked_PT_A_45_54_y_P","table 2021 Census Datapacks x ILOC"
"c181957a-a6c8-4ad2-b10c-28eacb96089e","Community Profile Nprint(3)","field","Emp_Worked_PT_A_55_64_y_P","table 2021 Census Datapacks x ILOC"
"c181957a-a6c8-4ad2-b10c-28eacb96089e","Community Profile Nprint(3)","field","Emp_Worked_PT_A_65_and_over_P","table 2021 Census Datapacks x ILOC"
"c181957a-a6c8-4ad2-b10c-28eacb96089e","Community Profile Nprint(3)","field","Emp_Worked_PT_Tot_P","table 2021 Census Datapacks x ILOC"
"c181957a-a6c8-4ad2-b10c-28eacb96089e","Community Profile Nprint(3)","field","EAfW_A_15_24_y_P","table 2021 Census Datapacks x ILOC"
"c181957a-a6c8-4ad2-b10c-28eacb96089e","Community Profile Nprint(3)","field","EAfW_A_25_34_y_P","table 2021 Census Datapacks x ILOC"
"c181957a-a6c8-4ad2-b10c-28eacb96089e","Community Profile Nprint(3)","field","EAfW_A_35_44_y_P","table 2021 Census Datapacks x ILOC"
"c181957a-a6c8-4ad2-b10c-28eacb96089e","Community Profile Nprint(3)","field","EAfW_A_45_54_y_P","table 2021 Census Datapacks x ILOC"
"c181957a-a6c8-4ad2-b10c-28eacb96089e","Community Profile Nprint(3)","field","EAfW_A_55_64_y_P","table 2021 Census Datapacks x ILOC"
"c181957a-a6c8-4ad2-b10c-28eacb96089e","Community Profile Nprint(3)","field","EAfW_A_65_over_P","table 2021 Census Datapacks x ILOC"
"c181957a-a6c8-4ad2-b10c-28eacb96089e","Community Profile Nprint(3)","field","EAfW_Tot_P","table 2021 Census Datapacks x ILOC"
"c181957a-a6c8-4ad2-b10c-28eacb96089e","Community Profile Nprint(3)","field","Emp_Tot_Age_15_24_y_P","table 2021 Census Datapacks x ILOC"
"c181957a-a6c8-4ad2-b10c-28eacb96089e","Community Profile Nprint(3)","field","Emp_Tot_Age_25_34_y_P","table 2021 Census Datapacks x ILOC"
"c181957a-a6c8-4ad2-b10c-28eacb96089e","Community Profile Nprint(3)","field","Emp_Tot_Age_35_44_y_P","table 2021 Census Datapacks x ILOC"
"c181957a-a6c8-4ad2-b10c-28eacb96089e","Community Profile Nprint(3)","field","Emp_Tot_Age_45_54_y_P","table 2021 Census Datapacks x ILOC"
"c181957a-a6c8-4ad2-b10c-28eacb96089e","Community Profile Nprint(3)","field","Emp_Tot_Age_55_64_y_P","table 2021 Census Datapacks x ILOC"
"c181957a-a6c8-4ad2-b10c-28eacb96089e","Community Profile Nprint(3)","field","Emp_Tot_A_65_over_P","table 2021 Census Datapacks x ILOC"
"c181957a-a6c8-4ad2-b10c-28eacb96089e","Community Profile Nprint(3)","field","Emp_Tot_Tot_P","table 2021 Census Datapacks x ILOC"
"c181957a-a6c8-4ad2-b10c-28eacb96089e","Community Profile Nprint(3)","field","Unemp_A_15_24_y_P","table 2021 Census Datapacks x ILOC"
"c181957a-a6c8-4ad2-b10c-28eacb96089e","Community Profile Nprint(3)","field","Unemp_A_25_34_y_P","table 2021 Census Datapacks x ILOC"
"c181957a-a6c8-4ad2-b10c-28eacb96089e","Community Profile Nprint(3)","field","Unemp_A_35_44_y_P","table 2021 Census Datapacks x ILOC"
"c181957a-a6c8-4ad2-b10c-28eacb96089e","Community Profile Nprint(3)","field","Unemp_A_45_54_y_P","table 2021 Census Datapacks x ILOC"
"c181957a-a6c8-4ad2-b10c-28eacb96089e","Community Profile Nprint(3)","field","Unemp_A_55_64_y_P","table 2021 Census Datapacks x ILOC"
"c181957a-a6c8-4ad2-b10c-28eacb96089e","Community Profile Nprint(3)","field","Unemp_A_65_over_P","table 2021 Census Datapacks x ILOC"
"c181957a-a6c8-4ad2-b10c-28eacb96089e","Community Profile Nprint(3)","field","Unemp_Tot_P","table 2021 Census Datapacks x ILOC"
"c181957a-a6c8-4ad2-b10c-28eacb96089e","Community Profile Nprint(3)","field","Tot_LF_Ag_15_24_y_P","table 2021 Census Datapacks x ILOC"
"c181957a-a6c8-4ad2-b10c-28eacb96089e","Community Profile Nprint(3)","field","Tot_LF_Ag_25_34_y_P","table 2021 Census Datapacks x ILOC"
"c181957a-a6c8-4ad2-b10c-28eacb96089e","Community Profile Nprint(3)","field","Tot_LF_Ag_35_44_y_P","table 2021 Census Datapacks x ILOC"
"c181957a-a6c8-4ad2-b10c-28eacb96089e","Community Profile Nprint(3)","field","Tot_LF_Ag_45_54_y_P","table 2021 Census Datapacks x ILOC"
"c181957a-a6c8-4ad2-b10c-28eacb96089e","Community Profile Nprint(3)","field","Tot_LF_Ag_55_64_y_P","table 2021 Census Datapacks x ILOC"
"c181957a-a6c8-4ad2-b10c-28eacb96089e","Community Profile Nprint(3)","field","Tot_LF_Ag_65_and_over_P","table 2021 Census Datapacks x ILOC"
"c181957a-a6c8-4ad2-b10c-28eacb96089e","Community Profile Nprint(3)","field","Tot_LF_Tot_P","table 2021 Census Datapacks x ILOC"
"c181957a-a6c8-4ad2-b10c-28eacb96089e","Community Profile Nprint(3)","field","Not_in_LF_Age_15_24_y_P","table 2021 Census Datapacks x ILOC"
"c181957a-a6c8-4ad2-b10c-28eacb96089e","Community Profile Nprint(3)","field","Not_in_LF_Age_25_34_y_P","table 2021 Census Datapacks x ILOC"
"c181957a-a6c8-4ad2-b10c-28eacb96089e","Community Profile Nprint(3)","field","Not_in_LF_Age_35_44_y_P","table 2021 Census Datapacks x ILOC"
"c181957a-a6c8-4ad2-b10c-28eacb96089e","Community Profile Nprint(3)","field","Not_in_LF_Age_45_54_y_P","table 2021 Census Datapacks x ILOC"
"c181957a-a6c8-4ad2-b10c-28eacb96089e","Community Profile Nprint(3)","field","Not_in_LF_Age_55_64_y_P","table 2021 Census Datapacks x ILOC"
"c181957a-a6c8-4ad2-b10c-28eacb96089e","Community Profile Nprint(3)","field","Not_in_LF_A_65and_over_P","table 2021 Census Datapacks x ILOC"
"c181957a-a6c8-4ad2-b10c-28eacb96089e","Community Profile Nprint(3)","field","Not_In_LF_Tot_P","table 2021 Census Datapacks x ILOC"
"c181957a-a6c8-4ad2-b10c-28eacb96089e","Community Profile Nprint(3)","field","LF_stat_NS_A_15_24_y_P","table 2021 Census Datapacks x ILOC"
"c181957a-a6c8-4ad2-b10c-28eacb96089e","Community Profile Nprint(3)","field","LF_stat_NS_A_25_34_y_P","table 2021 Census Datapacks x ILOC"
"c181957a-a6c8-4ad2-b10c-28eacb96089e","Community Profile Nprint(3)","field","LF_stat_NS_A_35_44_y_P","table 2021 Census Datapacks x ILOC"
"c181957a-a6c8-4ad2-b10c-28eacb96089e","Community Profile Nprint(3)","field","LF_stat_NS_A_45_54_y_P","table 2021 Census Datapacks x ILOC"
"c181957a-a6c8-4ad2-b10c-28eacb96089e","Community Profile Nprint(3)","field","LF_stat_NS_A_55_64_y_P","table 2021 Census Datapacks x ILOC"
"c181957a-a6c8-4ad2-b10c-28eacb96089e","Community Profile Nprint(3)","field","LF_stat_NS_A_65and_over_P","table 2021 Census Datapacks x ILOC"
"c181957a-a6c8-4ad2-b10c-28eacb96089e","Community Profile Nprint(3)","field","LF_status_NS_Tot_P","table 2021 Census Datapacks x ILOC"
"c181957a-a6c8-4ad2-b10c-28eacb96089e","Community Profile Nprint(3)","field","Tot_Age_15_24_y_P","table 2021 Census Datapacks x ILOC"
"c181957a-a6c8-4ad2-b10c-28eacb96089e","Community Profile Nprint(3)","field","Tot_Age_25_34_y_P","table 2021 Census Datapacks x ILOC"
"c181957a-a6c8-4ad2-b10c-28eacb96089e","Community Profile Nprint(3)","field","Tot_Age_35_44_y_P","table 2021 Census Datapacks x ILOC"
"c181957a-a6c8-4ad2-b10c-28eacb96089e","Community Profile Nprint(3)","field","Tot_Age_45_54_y_P","table 2021 Census Datapacks x ILOC"
"c181957a-a6c8-4ad2-b10c-28eacb96089e","Community Profile Nprint(3)","field","Tot_Age_55_64_y_P","table 2021 Census Datapacks x ILOC"
"c181957a-a6c8-4ad2-b10c-28eacb96089e","Community Profile Nprint(3)","field","Tot_A_65_and_over_P","table 2021 Census Datapacks x ILOC"
"c181957a-a6c8-4ad2-b10c-28eacb96089e","Community Profile Nprint(3)","field","Tot_Tot_P","table 2021 Census Datapacks x ILOC"
"c181957a-a6c8-4ad2-b10c-28eacb96089e","Community Profile Nprint(3)","field","Rel_a_Bud_Ind_P","table 2021 Census Datapacks x ILOC"
"c181957a-a6c8-4ad2-b10c-28eacb96089e","Community Profile Nprint(3)","field","Rel_a_Bud_No_In_P","table 2021 Census Datapacks x ILOC"
"c181957a-a6c8-4ad2-b10c-28eacb96089e","Community Profile Nprint(3)","field","Rel_a_Bud_In_st_nsP","table 2021 Census Datapacks x ILOC"
"c181957a-a6c8-4ad2-b10c-28eacb96089e","Community Profile Nprint(3)","field","Rel_a_Bud_TotP","table 2021 Census Datapacks x ILOC"
"c181957a-a6c8-4ad2-b10c-28eacb96089e","Community Profile Nprint(3)","field","Rel_a_Chri_Ind_P","table 2021 Census Datapacks x ILOC"
"c181957a-a6c8-4ad2-b10c-28eacb96089e","Community Profile Nprint(3)","field","Rel_a_Chri_No_In_P","table 2021 Census Datapacks x ILOC"
"c181957a-a6c8-4ad2-b10c-28eacb96089e","Community Profile Nprint(3)","field","Rel_a_Chri_In_st_nsP","table 2021 Census Datapacks x ILOC"
"c181957a-a6c8-4ad2-b10c-28eacb96089e","Community Profile Nprint(3)","field","Rel_a_Chri_TotP","table 2021 Census Datapacks x ILOC"
"c181957a-a6c8-4ad2-b10c-28eacb96089e","Community Profile Nprint(3)","field","Rel_a_Hind_Ind_P","table 2021 Census Datapacks x ILOC"
"c181957a-a6c8-4ad2-b10c-28eacb96089e","Community Profile Nprint(3)","field","Rel_a_Hind_No_In_P","table 2021 Census Datapacks x ILOC"
"c181957a-a6c8-4ad2-b10c-28eacb96089e","Community Profile Nprint(3)","field","Rel_a_Hind_In_st_nsP","table 2021 Census Datapacks x ILOC"
"c181957a-a6c8-4ad2-b10c-28eacb96089e","Community Profile Nprint(3)","field","Rel_a_Hind_TotP","table 2021 Census Datapacks x ILOC"
"c181957a-a6c8-4ad2-b10c-28eacb96089e","Community Profile Nprint(3)","field","Rel_a_Isl_Ind_P","table 2021 Census Datapacks x ILOC"
"c181957a-a6c8-4ad2-b10c-28eacb96089e","Community Profile Nprint(3)","field","Rel_a_Isl_No_In_P","table 2021 Census Datapacks x ILOC"
"c181957a-a6c8-4ad2-b10c-28eacb96089e","Community Profile Nprint(3)","field","Rel_a_Isl_In_st_nsP","table 2021 Census Datapacks x ILOC"
"c181957a-a6c8-4ad2-b10c-28eacb96089e","Community Profile Nprint(3)","field","Rel_a_Isl_TotP","table 2021 Census Datapacks x ILOC"
"c181957a-a6c8-4ad2-b10c-28eacb96089e","Community Profile Nprint(3)","field","Rel_a_Jud_Ind_P","table 2021 Census Datapacks x ILOC"
"c181957a-a6c8-4ad2-b10c-28eacb96089e","Community Profile Nprint(3)","field","Rel_a_Jud_No_In_P","table 2021 Census Datapacks x ILOC"
"c181957a-a6c8-4ad2-b10c-28eacb96089e","Community Profile Nprint(3)","field","Rel_a_Jud_In_st_nsP","table 2021 Census Datapacks x ILOC"
"c181957a-a6c8-4ad2-b10c-28eacb96089e","Community Profile Nprint(3)","field","Rel_a_Jud_TotP","table 2021 Census Datapacks x ILOC"
"c181957a-a6c8-4ad2-b10c-28eacb96089e","Community Profile Nprint(3)","field","Rel_a_Oth_Rel_Ind_P","table 2021 Census Datapacks x ILOC"
"c181957a-a6c8-4ad2-b10c-28eacb96089e","Community Profile Nprint(3)","field","Rel_a_Oth_Rel_No_In_P","table 2021 Census Datapacks x ILOC"
"c181957a-a6c8-4ad2-b10c-28eacb96089e","Community Profile Nprint(3)","field","Rel_a_Oth_Rel_In_st_nsP","table 2021 Census Datapacks x ILOC"
"c181957a-a6c8-4ad2-b10c-28eacb96089e","Community Profile Nprint(3)","field","Rel_a_Oth_Rel_TotP","table 2021 Census Datapacks x ILOC"
"c181957a-a6c8-4ad2-b10c-28eacb96089e","Community Profile Nprint(3)","field","Rel_a_Oth_Rel_ORG_Ind_P","table 2021 Census Datapacks x ILOC"
"c181957a-a6c8-4ad2-b10c-28eacb96089e","Community Profile Nprint(3)","field","Rel_a_Oth_Rel_ORG_No_In_P","table 2021 Census Datapacks x ILOC"
"c181957a-a6c8-4ad2-b10c-28eacb96089e","Community Profile Nprint(3)","field","Rel_a_Oth_Rel_ORG_In_st_nsP","table 2021 Census Datapacks x ILOC"
"c181957a-a6c8-4ad2-b10c-28eacb96089e","Community Profile Nprint(3)","field","Rel_a_Oth_Rel_ORG_TotP","table 2021 Census Datapacks x ILOC"
"c181957a-a6c8-4ad2-b10c-28eacb96089e","Community Profile Nprint(3)","field","Rel_a_Oth_Rel_Tor_Ind_P","table 2021 Census Datapacks x ILOC"
"c181957a-a6c8-4ad2-b10c-28eacb96089e","Community Profile Nprint(3)","field","Rel_a_Oth_Rel_Torud_No_In_P","table 2021 Census Datapacks x ILOC"
"c181957a-a6c8-4ad2-b10c-28eacb96089e","Community Profile Nprint(3)","field","Rel_a_Oth_Rel_Tor_In_st_nsP","table 2021 Census Datapacks x ILOC"
"c181957a-a6c8-4ad2-b10c-28eacb96089e","Community Profile Nprint(3)","field","Rel_a_Oth_Rel_Tor_TotP","table 2021 Census Datapacks x ILOC"
"c181957a-a6c8-4ad2-b10c-28eacb96089e","Community Profile Nprint(3)","field","Rel_a_SecB_OSB_NRA_Ind_P","table 2021 Census Datapacks x ILOC"
"c181957a-a6c8-4ad2-b10c-28eacb96089e","Community Profile Nprint(3)","field","Rel_a_SecB_OSB_NRA_No_In_P","table 2021 Census Datapacks x ILOC"
"c181957a-a6c8-4ad2-b10c-28eacb96089e","Community Profile Nprint(3)","field","Rel_a_SecB_OSB_NRA_In_st_nsP","table 2021 Census Datapacks x ILOC"
"c181957a-a6c8-4ad2-b10c-28eacb96089e","Community Profile Nprint(3)","field","Rel_a_SecB_OSB_NRA_TotP","table 2021 Census Datapacks x ILOC"
"c181957a-a6c8-4ad2-b10c-28eacb96089e","Community Profile Nprint(3)","field","Rel_a_Rel_a_ns_Ind_P","table 2021 Census Datapacks x ILOC"
"c181957a-a6c8-4ad2-b10c-28eacb96089e","Community Profile Nprint(3)","field","Rel_a_Rel_a_ns_No_In_P","table 2021 Census Datapacks x ILOC"
"c181957a-a6c8-4ad2-b10c-28eacb96089e","Community Profile Nprint(3)","field","Rel_a_Rel_a_ns_In_st_nsP","table 2021 Census Datapacks x ILOC"
"c181957a-a6c8-4ad2-b10c-28eacb96089e","Community Profile Nprint(3)","field","Rel_a_Rel_a_ns_TotP","table 2021 Census Datapacks x ILOC"
"c181957a-a6c8-4ad2-b10c-28eacb96089e","Community Profile Nprint(3)","field","NACCHO Address","table NACCHO Locations"
"c181957a-a6c8-4ad2-b10c-28eacb96089e","Community Profile Nprint(3)","field","NACCHO City/Suburb","table NACCHO Locations"
"c181957a-a6c8-4ad2-b10c-28eacb96089e","Community Profile Nprint(3)","field","NACCHO State","table NACCHO Locations"
"c181957a-a6c8-4ad2-b10c-28eacb96089e","Community Profile Nprint(3)","field","NACCHO Geocode Success Level","table NACCHO Locations"
"c181957a-a6c8-4ad2-b10c-28eacb96089e","Community Profile Nprint(3)","field","MB Code","table NACCHO Locations"
"c181957a-a6c8-4ad2-b10c-28eacb96089e","Community Profile Nprint(3)","field","SA Office Type","table Services Australia Offices"
"c181957a-a6c8-4ad2-b10c-28eacb96089e","Community Profile Nprint(3)","field","SA Id","table Services Australia Offices"
"c181957a-a6c8-4ad2-b10c-28eacb96089e","Community Profile Nprint(3)","field","SA Address1","table Services Australia Offices"
"c181957a-a6c8-4ad2-b10c-28eacb96089e","Community Profile Nprint(3)","field","SA Address2","table Services Australia Offices"
"c181957a-a6c8-4ad2-b10c-28eacb96089e","Community Profile Nprint(3)","field","SA Suburb","table Services Australia Offices"
"c181957a-a6c8-4ad2-b10c-28eacb96089e","Community Profile Nprint(3)","field","SA State","table Services Australia Offices"
"c181957a-a6c8-4ad2-b10c-28eacb96089e","Community Profile Nprint(3)","field","SA Postcode","table Services Australia Offices"
"c181957a-a6c8-4ad2-b10c-28eacb96089e","Community Profile Nprint(3)","field","SA Country","table Services Australia Offices"
"c181957a-a6c8-4ad2-b10c-28eacb96089e","Community Profile Nprint(3)","field","MB Code","table Services Australia Offices"
"c181957a-a6c8-4ad2-b10c-28eacb96089e","Community Profile Nprint(3)","field","ADII Score","table ADII"
"c181957a-a6c8-4ad2-b10c-28eacb96089e","Community Profile Nprint(3)","field","ADII Gap","table ADII"
"c181957a-a6c8-4ad2-b10c-28eacb96089e","Community Profile Nprint(3)","field","New Program","table Investment Mapping"
"c181957a-a6c8-4ad2-b10c-28eacb96089e","Community Profile Nprint(3)","field","Hub","table Hub"
"c181957a-a6c8-4ad2-b10c-28eacb96089e","Community Profile Nprint(3)","field","Hub ILOC","table Hub"
"c181957a-a6c8-4ad2-b10c-28eacb96089e","Community Profile Nprint(3)","field","Hub Latitude","table Hub"
"c181957a-a6c8-4ad2-b10c-28eacb96089e","Community Profile Nprint(3)","field","Hub Longitude","table Hub"
"c181957a-a6c8-4ad2-b10c-28eacb96089e","Community Profile Nprint(3)","field","Student Id%","table AEDC_2021_Student"
"c181957a-a6c8-4ad2-b10c-28eacb96089e","Community Profile Nprint(3)","field","School Id%","table AEDC_2021_Student"
"c181957a-a6c8-4ad2-b10c-28eacb96089e","Community Profile Nprint(3)","field","School State","table AEDC_2021_Student"
"c181957a-a6c8-4ad2-b10c-28eacb96089e","Community Profile Nprint(3)","field","Resident State","table AEDC_2021_Student"
"c181957a-a6c8-4ad2-b10c-28eacb96089e","Community Profile Nprint(3)","field","Teacher Id%","table AEDC_2021_Student"
"c181957a-a6c8-4ad2-b10c-28eacb96089e","Community Profile Nprint(3)","field","Teacher ATSI","table AEDC_2021_Student"
"c181957a-a6c8-4ad2-b10c-28eacb96089e","Community Profile Nprint(3)","field","Assisted by Indigenous Consultant","table AEDC_2021_Student"
"c181957a-a6c8-4ad2-b10c-28eacb96089e","Community Profile Nprint(3)","field","Teacher can accurately assess child","table AEDC_2021_Student"
"c181957a-a6c8-4ad2-b10c-28eacb96089e","Community Profile Nprint(3)","field","Gender","table AEDC_2021_Student"
"c181957a-a6c8-4ad2-b10c-28eacb96089e","Community Profile Nprint(3)","field","Special Needs","table AEDC_2021_Student"
"c181957a-a6c8-4ad2-b10c-28eacb96089e","Community Profile Nprint(3)","field","ATSI Type","table AEDC_2021_Student"
"c181957a-a6c8-4ad2-b10c-28eacb96089e","Community Profile Nprint(3)","field","ESL","table AEDC_2021_Student"
"c181957a-a6c8-4ad2-b10c-28eacb96089e","Community Profile Nprint(3)","field","ILOC Code","table AEDC_2021_Student"
"c181957a-a6c8-4ad2-b10c-28eacb96089e","Community Profile Nprint(3)","field","Having Developmental Difficulties","table AEDC_2021_Student"
"c181957a-a6c8-4ad2-b10c-28eacb96089e","Community Profile Nprint(3)","field","PHYS Score","table AEDC_2021_Student"
"c181957a-a6c8-4ad2-b10c-28eacb96089e","Community Profile Nprint(3)","field","SOC Score","table AEDC_2021_Student"
"c181957a-a6c8-4ad2-b10c-28eacb96089e","Community Profile Nprint(3)","field","EMOT Score","table AEDC_2021_Student"
"c181957a-a6c8-4ad2-b10c-28eacb96089e","Community Profile Nprint(3)","field","LANGCOG Score","table AEDC_2021_Student"
"c181957a-a6c8-4ad2-b10c-28eacb96089e","Community Profile Nprint(3)","field","COMGEN Score","table AEDC_2021_Student"
"c181957a-a6c8-4ad2-b10c-28eacb96089e","Community Profile Nprint(3)","field","PHYS Valid","table AEDC_2021_Student"
"c181957a-a6c8-4ad2-b10c-28eacb96089e","Community Profile Nprint(3)","field","SOC Valid","table AEDC_2021_Student"
"c181957a-a6c8-4ad2-b10c-28eacb96089e","Community Profile Nprint(3)","field","EMOT Valid","table AEDC_2021_Student"
"c181957a-a6c8-4ad2-b10c-28eacb96089e","Community Profile Nprint(3)","field","LANGCOG Valid","table AEDC_2021_Student"
"c181957a-a6c8-4ad2-b10c-28eacb96089e","Community Profile Nprint(3)","field","COMGEN Valid","table AEDC_2021_Student"
"c181957a-a6c8-4ad2-b10c-28eacb96089e","Community Profile Nprint(3)","field","Valid Instrument","table AEDC_2021_Student"
"c181957a-a6c8-4ad2-b10c-28eacb96089e","Community Profile Nprint(3)","field","PHYS Category","table AEDC_2021_Student"
"c181957a-a6c8-4ad2-b10c-28eacb96089e","Community Profile Nprint(3)","field","SOC Category","table AEDC_2021_Student"
"c181957a-a6c8-4ad2-b10c-28eacb96089e","Community Profile Nprint(3)","field","EMOT Category","table AEDC_2021_Student"
"c181957a-a6c8-4ad2-b10c-28eacb96089e","Community Profile Nprint(3)","field","LANGCOG Category","table AEDC_2021_Student"
"c181957a-a6c8-4ad2-b10c-28eacb96089e","Community Profile Nprint(3)","field","COMGEN Category","table AEDC_2021_Student"
"c181957a-a6c8-4ad2-b10c-28eacb96089e","Community Profile Nprint(3)","field","Total Vulnerable Domains","table AEDC_2021_Student"
"c181957a-a6c8-4ad2-b10c-28eacb96089e","Community Profile Nprint(3)","field","Total On Track Domains","table AEDC_2021_Student"
"c181957a-a6c8-4ad2-b10c-28eacb96089e","Community Profile Nprint(3)","field","MSI","table AEDC_2021_Student"
"c181957a-a6c8-4ad2-b10c-28eacb96089e","Community Profile Nprint(3)","field","MSI Valid","table AEDC_2021_Student"
"c181957a-a6c8-4ad2-b10c-28eacb96089e","Community Profile Nprint(3)","field","MSI Category","table AEDC_2021_Student"
"c181957a-a6c8-4ad2-b10c-28eacb96089e","Community Profile Nprint(3)","field","Physical health and wellbeing","table Results"
"c181957a-a6c8-4ad2-b10c-28eacb96089e","Community Profile Nprint(3)","field","Social competence","table Results"
"c181957a-a6c8-4ad2-b10c-28eacb96089e","Community Profile Nprint(3)","field","Emotional maturity","table Results"
"c181957a-a6c8-4ad2-b10c-28eacb96089e","Community Profile Nprint(3)","field","Language and cognitive skills","table Results"
"c181957a-a6c8-4ad2-b10c-28eacb96089e","Community Profile Nprint(3)","field","Communication and general knowledge","table Results"
"c181957a-a6c8-4ad2-b10c-28eacb96089e","Community Profile Nprint(3)","field","Aurion Location Code","table SiteVisitSurvey"
"c181957a-a6c8-4ad2-b10c-28eacb96089e","Community Profile Nprint(3)","field","Has walk-in","table SiteVisitSurvey"
"c181957a-a6c8-4ad2-b10c-28eacb96089e","Community Profile Nprint(3)","field","ILOC Code","table 2021 Census by ILOC"
"c181957a-a6c8-4ad2-b10c-28eacb96089e","Community Profile Nprint(3)","field","Tot_p_Indig_M","table 2021 Census by ILOC"
"c181957a-a6c8-4ad2-b10c-28eacb96089e","Community Profile Nprint(3)","field","Tot_p_Indig_F","table 2021 Census by ILOC"
"c181957a-a6c8-4ad2-b10c-28eacb96089e","Community Profile Nprint(3)","field","Tot_p_NonInd_M","table 2021 Census by ILOC"
"c181957a-a6c8-4ad2-b10c-28eacb96089e","Community Profile Nprint(3)","field","Tot_p_NonInd_F","table 2021 Census by ILOC"
"c181957a-a6c8-4ad2-b10c-28eacb96089e","Community Profile Nprint(3)","field","Tot_p_TotM","table 2021 Census by ILOC"
"c181957a-a6c8-4ad2-b10c-28eacb96089e","Community Profile Nprint(3)","field","Tot_p_TotF","table 2021 Census by ILOC"
"c181957a-a6c8-4ad2-b10c-28eacb96089e","Community Profile Nprint(3)","field","Tot_p_TotP","table 2021 Census by ILOC"
"c181957a-a6c8-4ad2-b10c-28eacb96089e","Community Profile Nprint(3)","field","A_0_4_Indig_M","table 2021 Census by ILOC"
"c181957a-a6c8-4ad2-b10c-28eacb96089e","Community Profile Nprint(3)","field","A_0_4_Indig_F","table 2021 Census by ILOC"
"c181957a-a6c8-4ad2-b10c-28eacb96089e","Community Profile Nprint(3)","field","A_0_4_Indig_P","table 2021 Census by ILOC"
"c181957a-a6c8-4ad2-b10c-28eacb96089e","Community Profile Nprint(3)","field","A_0_4_NonInd_M","table 2021 Census by ILOC"
"c181957a-a6c8-4ad2-b10c-28eacb96089e","Community Profile Nprint(3)","field","A_0_4_NonInd_F","table 2021 Census by ILOC"
"c181957a-a6c8-4ad2-b10c-28eacb96089e","Community Profile Nprint(3)","field","A_0_4_NonInd_P","table 2021 Census by ILOC"
"c181957a-a6c8-4ad2-b10c-28eacb96089e","Community Profile Nprint(3)","field","A_0_4_TotM","table 2021 Census by ILOC"
"c181957a-a6c8-4ad2-b10c-28eacb96089e","Community Profile Nprint(3)","field","A_0_4_TotF","table 2021 Census by ILOC"
"c181957a-a6c8-4ad2-b10c-28eacb96089e","Community Profile Nprint(3)","field","A_0_4_TotP","table 2021 Census by ILOC"
"c181957a-a6c8-4ad2-b10c-28eacb96089e","Community Profile Nprint(3)","field","A_5_14_Indig_M","table 2021 Census by ILOC"
"c181957a-a6c8-4ad2-b10c-28eacb96089e","Community Profile Nprint(3)","field","A_5_14_Indig_F","table 2021 Census by ILOC"
"c181957a-a6c8-4ad2-b10c-28eacb96089e","Community Profile Nprint(3)","field","A_5_14_Indig_P","table 2021 Census by ILOC"
"c181957a-a6c8-4ad2-b10c-28eacb96089e","Community Profile Nprint(3)","field","A_5_14_NonInd_M","table 2021 Census by ILOC"
"c181957a-a6c8-4ad2-b10c-28eacb96089e","Community Profile Nprint(3)","field","A_5_14_NonInd_F","table 2021 Census by ILOC"
"c181957a-a6c8-4ad2-b10c-28eacb96089e","Community Profile Nprint(3)","field","A_5_14_NonInd_P","table 2021 Census by ILOC"
"c181957a-a6c8-4ad2-b10c-28eacb96089e","Community Profile Nprint(3)","field","A_5_14_TotM","table 2021 Census by ILOC"
"c181957a-a6c8-4ad2-b10c-28eacb96089e","Community Profile Nprint(3)","field","A_5_14_TotF","table 2021 Census by ILOC"
"c181957a-a6c8-4ad2-b10c-28eacb96089e","Community Profile Nprint(3)","field","A_5_14_TotP","table 2021 Census by ILOC"
"c181957a-a6c8-4ad2-b10c-28eacb96089e","Community Profile Nprint(3)","field","A_15_24_Indig_M","table 2021 Census by ILOC"
"c181957a-a6c8-4ad2-b10c-28eacb96089e","Community Profile Nprint(3)","field","A_15_24_Indig_F","table 2021 Census by ILOC"
"c181957a-a6c8-4ad2-b10c-28eacb96089e","Community Profile Nprint(3)","field","A_15_24_Indig_P","table 2021 Census by ILOC"
"c181957a-a6c8-4ad2-b10c-28eacb96089e","Community Profile Nprint(3)","field","A_15_24_NonInd_M","table 2021 Census by ILOC"
"c181957a-a6c8-4ad2-b10c-28eacb96089e","Community Profile Nprint(3)","field","A_15_24_NonInd_F","table 2021 Census by ILOC"
"c181957a-a6c8-4ad2-b10c-28eacb96089e","Community Profile Nprint(3)","field","A_15_24_NonInd_P","table 2021 Census by ILOC"
"c181957a-a6c8-4ad2-b10c-28eacb96089e","Community Profile Nprint(3)","field","A_15_24_TotM","table 2021 Census by ILOC"
"c181957a-a6c8-4ad2-b10c-28eacb96089e","Community Profile Nprint(3)","field","A_15_24_TotF","table 2021 Census by ILOC"
"c181957a-a6c8-4ad2-b10c-28eacb96089e","Community Profile Nprint(3)","field","A_15_24_TotP","table 2021 Census by ILOC"
"c181957a-a6c8-4ad2-b10c-28eacb96089e","Community Profile Nprint(3)","field","A_25_44_Indig_M","table 2021 Census by ILOC"
"c181957a-a6c8-4ad2-b10c-28eacb96089e","Community Profile Nprint(3)","field","A_25_44_Indig_F","table 2021 Census by ILOC"
"c181957a-a6c8-4ad2-b10c-28eacb96089e","Community Profile Nprint(3)","field","A_25_44_Indig_P","table 2021 Census by ILOC"
"c181957a-a6c8-4ad2-b10c-28eacb96089e","Community Profile Nprint(3)","field","A_25_44_NonInd_M","table 2021 Census by ILOC"
"c181957a-a6c8-4ad2-b10c-28eacb96089e","Community Profile Nprint(3)","field","A_25_44_NonInd_F","table 2021 Census by ILOC"
"c181957a-a6c8-4ad2-b10c-28eacb96089e","Community Profile Nprint(3)","field","A_25_44_NonInd_P","table 2021 Census by ILOC"
"c181957a-a6c8-4ad2-b10c-28eacb96089e","Community Profile Nprint(3)","field","A_25_44_TotM","table 2021 Census by ILOC"
"c181957a-a6c8-4ad2-b10c-28eacb96089e","Community Profile Nprint(3)","field","A_25_44_TotF","table 2021 Census by ILOC"
"c181957a-a6c8-4ad2-b10c-28eacb96089e","Community Profile Nprint(3)","field","A_25_44_TotP","table 2021 Census by ILOC"
"c181957a-a6c8-4ad2-b10c-28eacb96089e","Community Profile Nprint(3)","field","A_45_64_Indig_M","table 2021 Census by ILOC"
"c181957a-a6c8-4ad2-b10c-28eacb96089e","Community Profile Nprint(3)","field","A_45_64_Indig_F","table 2021 Census by ILOC"
"c181957a-a6c8-4ad2-b10c-28eacb96089e","Community Profile Nprint(3)","field","A_45_64_Indig_P","table 2021 Census by ILOC"
"c181957a-a6c8-4ad2-b10c-28eacb96089e","Community Profile Nprint(3)","field","A_45_64_NonInd_M","table 2021 Census by ILOC"
"c181957a-a6c8-4ad2-b10c-28eacb96089e","Community Profile Nprint(3)","field","A_45_64_NonInd_F","table 2021 Census by ILOC"
"c181957a-a6c8-4ad2-b10c-28eacb96089e","Community Profile Nprint(3)","field","A_45_64_NonInd_P","table 2021 Census by ILOC"
"c181957a-a6c8-4ad2-b10c-28eacb96089e","Community Profile Nprint(3)","field","A_45_64_TotM","table 2021 Census by ILOC"
"c181957a-a6c8-4ad2-b10c-28eacb96089e","Community Profile Nprint(3)","field","A_45_64_TotF","table 2021 Census by ILOC"
"c181957a-a6c8-4ad2-b10c-28eacb96089e","Community Profile Nprint(3)","field","A_45_64_TotP","table 2021 Census by ILOC"
"c181957a-a6c8-4ad2-b10c-28eacb96089e","Community Profile Nprint(3)","field","A_65_over_Indig_M","table 2021 Census by ILOC"
"c181957a-a6c8-4ad2-b10c-28eacb96089e","Community Profile Nprint(3)","field","A_65_over_Indig_F","table 2021 Census by ILOC"
"c181957a-a6c8-4ad2-b10c-28eacb96089e","Community Profile Nprint(3)","field","A_65_over_Indig_P","table 2021 Census by ILOC"
"c181957a-a6c8-4ad2-b10c-28eacb96089e","Community Profile Nprint(3)","field","A_65_ovr_NonInd_M","table 2021 Census by ILOC"
"c181957a-a6c8-4ad2-b10c-28eacb96089e","Community Profile Nprint(3)","field","A_65_ovr_NonInd_F","table 2021 Census by ILOC"
"c181957a-a6c8-4ad2-b10c-28eacb96089e","Community Profile Nprint(3)","field","A_65_ovr_NonInd_P","table 2021 Census by ILOC"
"c181957a-a6c8-4ad2-b10c-28eacb96089e","Community Profile Nprint(3)","field","A_65_ovr_TotM","table 2021 Census by ILOC"
"c181957a-a6c8-4ad2-b10c-28eacb96089e","Community Profile Nprint(3)","field","A_65_ovr_TotF","table 2021 Census by ILOC"
"c181957a-a6c8-4ad2-b10c-28eacb96089e","Community Profile Nprint(3)","field","A_65_ovr_TotP","table 2021 Census by ILOC"
"c181957a-a6c8-4ad2-b10c-28eacb96089e","Community Profile Nprint(3)","field","LuaH_Eng_onl_Indig_M","table 2021 Census by ILOC"
"c181957a-a6c8-4ad2-b10c-28eacb96089e","Community Profile Nprint(3)","field","LuaH_Eng_onl_Indig_F","table 2021 Census by ILOC"
"c181957a-a6c8-4ad2-b10c-28eacb96089e","Community Profile Nprint(3)","field","LuaH_Eng_onl_Indig_P","table 2021 Census by ILOC"
"c181957a-a6c8-4ad2-b10c-28eacb96089e","Community Profile Nprint(3)","field","Luah_Austn_Indig_Lang_TotM","table 2021 Census by ILOC"
"c181957a-a6c8-4ad2-b10c-28eacb96089e","Community Profile Nprint(3)","field","Luah_Austn_Indig_Lang_TotF","table 2021 Census by ILOC"
"c181957a-a6c8-4ad2-b10c-28eacb96089e","Community Profile Nprint(3)","field","LuaH_Oth_Lang_Ind_M","table 2021 Census by ILOC"
"c181957a-a6c8-4ad2-b10c-28eacb96089e","Community Profile Nprint(3)","field","LuaH_Oth_Lang_Ind_F","table 2021 Census by ILOC"
"c181957a-a6c8-4ad2-b10c-28eacb96089e","Community Profile Nprint(3)","field","LuaH_Oth_Lang_Ind_P","table 2021 Census by ILOC"
"c181957a-a6c8-4ad2-b10c-28eacb96089e","Community Profile Nprint(3)","field","UAIndL_SE_Nw_Na_In_M","table 2021 Census by ILOC"
"c181957a-a6c8-4ad2-b10c-28eacb96089e","Community Profile Nprint(3)","field","UAIndL_SE_Nw_Na_In_F","table 2021 Census by ILOC"
"c181957a-a6c8-4ad2-b10c-28eacb96089e","Community Profile Nprint(3)","field","UAIndL_SE_Nw_Na_In_P","table 2021 Census by ILOC"
"c181957a-a6c8-4ad2-b10c-28eacb96089e","Community Profile Nprint(3)","field","UAIndL_SE_Nw_Na_No_In_M","table 2021 Census by ILOC"
"c181957a-a6c8-4ad2-b10c-28eacb96089e","Community Profile Nprint(3)","field","UAIndL_SE_Nw_Na_No_In_F","table 2021 Census by ILOC"
"c181957a-a6c8-4ad2-b10c-28eacb96089e","Community Profile Nprint(3)","field","UAIndL_SE_Nw_Na_No_In_P","table 2021 Census by ILOC"
"c181957a-a6c8-4ad2-b10c-28eacb96089e","Community Profile Nprint(3)","field","UAIndL_SE_Nw_Na_In_st_nsM","table 2021 Census by ILOC"
"c181957a-a6c8-4ad2-b10c-28eacb96089e","Community Profile Nprint(3)","field","UAIndL_SE_Nw_Na_In_st_nsF","table 2021 Census by ILOC"
"c181957a-a6c8-4ad2-b10c-28eacb96089e","Community Profile Nprint(3)","field","UAIndL_SE_Nw_Na_In_st_nsP","table 2021 Census by ILOC"
"c181957a-a6c8-4ad2-b10c-28eacb96089e","Community Profile Nprint(3)","field","UAIndL_SE_Nw_Na_TotM","table 2021 Census by ILOC"
"c181957a-a6c8-4ad2-b10c-28eacb96089e","Community Profile Nprint(3)","field","UAIndL_SE_Nw_Na_TotF","table 2021 Census by ILOC"
"c181957a-a6c8-4ad2-b10c-28eacb96089e","Community Profile Nprint(3)","field","UAIndL_SE_Vw_wel_In_M","table 2021 Census by ILOC"
"c181957a-a6c8-4ad2-b10c-28eacb96089e","Community Profile Nprint(3)","field","UAIndL_SE_Vw_wel_In_F","table 2021 Census by ILOC"
"c181957a-a6c8-4ad2-b10c-28eacb96089e","Community Profile Nprint(3)","field","UAIndL_SE_Vw_wel_In_P","table 2021 Census by ILOC"
"c181957a-a6c8-4ad2-b10c-28eacb96089e","Community Profile Nprint(3)","field","UAIndL_SE_Vw_we_No_In_M","table 2021 Census by ILOC"
"c181957a-a6c8-4ad2-b10c-28eacb96089e","Community Profile Nprint(3)","field","UAIndL_SE_Vw_we_No_In_F","table 2021 Census by ILOC"
"c181957a-a6c8-4ad2-b10c-28eacb96089e","Community Profile Nprint(3)","field","UAIndL_SE_Vw_we_No_In_P","table 2021 Census by ILOC"
"c181957a-a6c8-4ad2-b10c-28eacb96089e","Community Profile Nprint(3)","field","UAIndL_SE_Vw_we_I_st_nsM","table 2021 Census by ILOC"
"c181957a-a6c8-4ad2-b10c-28eacb96089e","Community Profile Nprint(3)","field","UAIndL_SE_Vw_we_I_st_nsF","table 2021 Census by ILOC"
"c181957a-a6c8-4ad2-b10c-28eacb96089e","Community Profile Nprint(3)","field","UAIndL_SE_Vw_we_I_st_nsP","table 2021 Census by ILOC"
"c181957a-a6c8-4ad2-b10c-28eacb96089e","Community Profile Nprint(3)","field","UAIndL_SE_Vw_we_TotM","table 2021 Census by ILOC"
"c181957a-a6c8-4ad2-b10c-28eacb96089e","Community Profile Nprint(3)","field","UAIndL_SE_Vw_we_TotF","table 2021 Census by ILOC"
"c181957a-a6c8-4ad2-b10c-28eacb96089e","Community Profile Nprint(3)","field","UAIndL_SE_Vw_we_TotP","table 2021 Census by ILOC"
"c181957a-a6c8-4ad2-b10c-28eacb96089e","Community Profile Nprint(3)","field","APAEI_0_4_Ind_P","table 2021 Census by ILOC"
"c181957a-a6c8-4ad2-b10c-28eacb96089e","Community Profile Nprint(3)","field","APAEI_0_4_TotP","table 2021 Census by ILOC"
"c181957a-a6c8-4ad2-b10c-28eacb96089e","Community Profile Nprint(3)","field","APAEI_5_14_Ind_P","table 2021 Census by ILOC"
"c181957a-a6c8-4ad2-b10c-28eacb96089e","Community Profile Nprint(3)","field","APAEI_5_14_TotP","table 2021 Census by ILOC"
"c181957a-a6c8-4ad2-b10c-28eacb96089e","Community Profile Nprint(3)","field","APAEI_15_19_Ind_P","table 2021 Census by ILOC"
"c181957a-a6c8-4ad2-b10c-28eacb96089e","Community Profile Nprint(3)","field","APAEI_15_19_TotP","table 2021 Census by ILOC"
"c181957a-a6c8-4ad2-b10c-28eacb96089e","Community Profile Nprint(3)","field","APAEI_20_24_Ind_P","table 2021 Census by ILOC"
"c181957a-a6c8-4ad2-b10c-28eacb96089e","Community Profile Nprint(3)","field","APAEI_20_24_TotP","table 2021 Census by ILOC"
"c181957a-a6c8-4ad2-b10c-28eacb96089e","Community Profile Nprint(3)","field","APAEI_25ov_Ind_P","table 2021 Census by ILOC"
"c181957a-a6c8-4ad2-b10c-28eacb96089e","Community Profile Nprint(3)","field","APAEI_25ov_TotP","table 2021 Census by ILOC"
"c181957a-a6c8-4ad2-b10c-28eacb96089e","Community Profile Nprint(3)","field","HYSC_Y12_e_TotP","table 2021 Census by ILOC"
"c181957a-a6c8-4ad2-b10c-28eacb96089e","Community Profile Nprint(3)","field","HYSC_Y11_e_TotP","table 2021 Census by ILOC"
"c181957a-a6c8-4ad2-b10c-28eacb96089e","Community Profile Nprint(3)","field","HYSC_Y10_e_TotP","table 2021 Census by ILOC"
"c181957a-a6c8-4ad2-b10c-28eacb96089e","Community Profile Nprint(3)","field","HYSC_Y9_e_TotP","table 2021 Census by ILOC"
"c181957a-a6c8-4ad2-b10c-28eacb96089e","Community Profile Nprint(3)","field","HYSC_Y8_bel_TotP","table 2021 Census by ILOC"
"c181957a-a6c8-4ad2-b10c-28eacb96089e","Community Profile Nprint(3)","field","HYSC_Dng_to_sc_TotP","table 2021 Census by ILOC"
"c181957a-a6c8-4ad2-b10c-28eacb96089e","Community Profile Nprint(3)","field","Tpe_ur_occ_pvte_dwg_Sh_Indi_P","table 2021 Census by ILOC"
"c181957a-a6c8-4ad2-b10c-28eacb96089e","Community Profile Nprint(3)","field","Tpe_ur_occ_pvte_dwg_Sh_TotP","table 2021 Census by ILOC"
"c181957a-a6c8-4ad2-b10c-28eacb96089e","Community Profile Nprint(3)","field","T_ur_oc_p_dw_im_h_t_s_o_In_P","table 2021 Census by ILOC"
"c181957a-a6c8-4ad2-b10c-28eacb96089e","Community Profile Nprint(3)","field","T_ur_o_p_d_I_h_t_s_o_TotP","table 2021 Census by ILOC"
"c181957a-a6c8-4ad2-b10c-28eacb96089e","Community Profile Nprint(3)","field","Ty_ur_oc_p_dw_Ot_p_dw_In_P","table 2021 Census by ILOC"
"c181957a-a6c8-4ad2-b10c-28eacb96089e","Community Profile Nprint(3)","field","Ty_ur_oc_pr_dw_Ot_pr_dw_TotP","table 2021 Census by ILOC"
"c181957a-a6c8-4ad2-b10c-28eacb96089e","Community Profile Nprint(3)","field","ty_ur_occ_pri_dw_Tot_Ind_P","table 2021 Census by ILOC"
"c181957a-a6c8-4ad2-b10c-28eacb96089e","Community Profile Nprint(3)","field","ty_ur_occ_pri_dw_Tot_TotP","table 2021 Census by ILOC"
"c181957a-a6c8-4ad2-b10c-28eacb96089e","Community Profile Nprint(3)","field","ty_ur_Non_pri_dw_Ind_P","table 2021 Census by ILOC"
"c181957a-a6c8-4ad2-b10c-28eacb96089e","Community Profile Nprint(3)","field","tpe_ur_Non_pvte_dwg_TotP","table 2021 Census by ILOC"
"c181957a-a6c8-4ad2-b10c-28eacb96089e","Community Profile Nprint(3)","field","Med_ag_pe_In_pe","table 2021 Census by ILOC"
"c181957a-a6c8-4ad2-b10c-28eacb96089e","Community Profile Nprint(3)","field","Me_ag_ps_N_In_ps","table 2021 Census by ILOC"
"c181957a-a6c8-4ad2-b10c-28eacb96089e","Community Profile Nprint(3)","field","Med_age_psns_Tot","table 2021 Census by ILOC"
"c181957a-a6c8-4ad2-b10c-28eacb96089e","Community Profile Nprint(3)","field","Me_p_in_wk_In_pe","table 2021 Census by ILOC"
"c181957a-a6c8-4ad2-b10c-28eacb96089e","Community Profile Nprint(3)","field","Me_ps_in_wk_No_In_pe","table 2021 Census by ILOC"
"c181957a-a6c8-4ad2-b10c-28eacb96089e","Community Profile Nprint(3)","field","Med_psnl_inc_wk_Tot","table 2021 Census by ILOC"
"c181957a-a6c8-4ad2-b10c-28eacb96089e","Community Profile Nprint(3)","field","Me_hh_in_wk_Hh_In_pe","table 2021 Census by ILOC"
"c181957a-a6c8-4ad2-b10c-28eacb96089e","Community Profile Nprint(3)","field","Me_hh_in_wk_No_Ot_hh","table 2021 Census by ILOC"
"c181957a-a6c8-4ad2-b10c-28eacb96089e","Community Profile Nprint(3)","field","Med_hhd_inc_wk_Tot","table 2021 Census by ILOC"
"c181957a-a6c8-4ad2-b10c-28eacb96089e","Community Profile Nprint(3)","field","Me_mo_re_mt_Hh_In_pe","table 2021 Census by ILOC"
"c181957a-a6c8-4ad2-b10c-28eacb96089e","Community Profile Nprint(3)","field","Me_mo_re_mt_Ot_hh","table 2021 Census by ILOC"
"c181957a-a6c8-4ad2-b10c-28eacb96089e","Community Profile Nprint(3)","field","Med_mort_repay_mth_Tot","table 2021 Census by ILOC"
"c181957a-a6c8-4ad2-b10c-28eacb96089e","Community Profile Nprint(3)","field","Me_re_wk_Hh_Ind_psns","table 2021 Census by ILOC"
"c181957a-a6c8-4ad2-b10c-28eacb96089e","Community Profile Nprint(3)","field","Me_re_wk_No_Oth_hh","table 2021 Census by ILOC"
"c181957a-a6c8-4ad2-b10c-28eacb96089e","Community Profile Nprint(3)","field","Med_rent_wk_Tot","table 2021 Census by ILOC"
"c181957a-a6c8-4ad2-b10c-28eacb96089e","Community Profile Nprint(3)","field","Av_N_p_pe_be_Hh_w_In_p","table 2021 Census by ILOC"
"c181957a-a6c8-4ad2-b10c-28eacb96089e","Community Profile Nprint(3)","field","Av_Nu_ps_pe_be_Ot_hh","table 2021 Census by ILOC"
"c181957a-a6c8-4ad2-b10c-28eacb96089e","Community Profile Nprint(3)","field","Avg_Nu_psns_per_bed_Tot","table 2021 Census by ILOC"
"c181957a-a6c8-4ad2-b10c-28eacb96089e","Community Profile Nprint(3)","field","Avg_household_size_Tot","table 2021 Census by ILOC"
"c181957a-a6c8-4ad2-b10c-28eacb96089e","Community Profile Nprint(3)","field","P_d_n_x_b_Hh_w_In_p","table 2021 Census by ILOC"
"c181957a-a6c8-4ad2-b10c-28eacb96089e","Community Profile Nprint(3)","field","P_d_n_x_b_No_Oth_hh","table 2021 Census by ILOC"
"c181957a-a6c8-4ad2-b10c-28eacb96089e","Community Profile Nprint(3)","field","P_d_n_x_b_Tot","table 2021 Census by ILOC"
"c181957a-a6c8-4ad2-b10c-28eacb96089e","Community Profile Nprint(3)","field","PreSch_NonInd_P","table 2021 Census by ILOC"
"c181957a-a6c8-4ad2-b10c-28eacb96089e","Community Profile Nprint(3)","field","PreSch_TotP","table 2021 Census by ILOC"
"c181957a-a6c8-4ad2-b10c-28eacb96089e","Community Profile Nprint(3)","field","Prim_NonInd_P","table 2021 Census by ILOC"
"c181957a-a6c8-4ad2-b10c-28eacb96089e","Community Profile Nprint(3)","field","Prim_TotP","table 2021 Census by ILOC"
"c181957a-a6c8-4ad2-b10c-28eacb96089e","Community Profile Nprint(3)","field","Sec_NonInd_P","table 2021 Census by ILOC"
"c181957a-a6c8-4ad2-b10c-28eacb96089e","Community Profile Nprint(3)","field","Sec_TotP","table 2021 Census by ILOC"
"c181957a-a6c8-4ad2-b10c-28eacb96089e","Community Profile Nprint(3)","field","TVE_TAFE_ptp_TVETAFE_NoInd_P","table 2021 Census by ILOC"
"c181957a-a6c8-4ad2-b10c-28eacb96089e","Community Profile Nprint(3)","field","TVE_TAFE_ptp_TVETAFE_Tot_P","table 2021 Census by ILOC"
"c181957a-a6c8-4ad2-b10c-28eacb96089e","Community Profile Nprint(3)","field","Uni_he_Tot_Uni_he_NoInd_P","table 2021 Census by ILOC"
"c181957a-a6c8-4ad2-b10c-28eacb96089e","Community Profile Nprint(3)","field","Uni_he_Tot_Uni_he_Tot_P","table 2021 Census by ILOC"
"c181957a-a6c8-4ad2-b10c-28eacb96089e","Community Profile Nprint(3)","field","Ter_Tot_Ter_Ind_P","table 2021 Census by ILOC"
"c181957a-a6c8-4ad2-b10c-28eacb96089e","Community Profile Nprint(3)","field","Ter_Tot_Ter_NonInd_P","table 2021 Census by ILOC"
"c181957a-a6c8-4ad2-b10c-28eacb96089e","Community Profile Nprint(3)","field","Ter_Tot_Ter_Tot_P","table 2021 Census by ILOC"
"c181957a-a6c8-4ad2-b10c-28eacb96089e","Community Profile Nprint(3)","field","OEI_NonInd_P","table 2021 Census by ILOC"
"c181957a-a6c8-4ad2-b10c-28eacb96089e","Community Profile Nprint(3)","field","OEI_TotP","table 2021 Census by ILOC"
"c181957a-a6c8-4ad2-b10c-28eacb96089e","Community Profile Nprint(3)","field","T_EI_ns_NonInd_P","table 2021 Census by ILOC"
"c181957a-a6c8-4ad2-b10c-28eacb96089e","Community Profile Nprint(3)","field","T_EI_ns_TotP","table 2021 Census by ILOC"
"c181957a-a6c8-4ad2-b10c-28eacb96089e","Community Profile Nprint(3)","field","Ty_LTHC_Arth_Tot_P","table 2021 Census by ILOC"
"c181957a-a6c8-4ad2-b10c-28eacb96089e","Community Profile Nprint(3)","field","Ty_LTHC_Asth_Tot_P","table 2021 Census by ILOC"
"c181957a-a6c8-4ad2-b10c-28eacb96089e","Community Profile Nprint(3)","field","Ty_LTHC_Canc_Tot_P","table 2021 Census by ILOC"
"c181957a-a6c8-4ad2-b10c-28eacb96089e","Community Profile Nprint(3)","field","Ty_LTHC_Dem_Tot_P","table 2021 Census by ILOC"
"c181957a-a6c8-4ad2-b10c-28eacb96089e","Community Profile Nprint(3)","field","Ty_LTHC_Diab_Tot_P","table 2021 Census by ILOC"
"c181957a-a6c8-4ad2-b10c-28eacb96089e","Community Profile Nprint(3)","field","Ty_LTHC_Heart_Dis_Tot_P","table 2021 Census by ILOC"
"c181957a-a6c8-4ad2-b10c-28eacb96089e","Community Profile Nprint(3)","field","Ty_LTHC_Kid_Dis_Tot_P","table 2021 Census by ILOC"
"c181957a-a6c8-4ad2-b10c-28eacb96089e","Community Profile Nprint(3)","field","Ty_LTHC_Lung_Con_Tot_P","table 2021 Census by ILOC"
"c181957a-a6c8-4ad2-b10c-28eacb96089e","Community Profile Nprint(3)","field","Ty_LTHC_MHC_Tot_P","table 2021 Census by ILOC"
"c181957a-a6c8-4ad2-b10c-28eacb96089e","Community Profile Nprint(3)","field","Ty_LTHC_Stroke_Tot_P","table 2021 Census by ILOC"
"c181957a-a6c8-4ad2-b10c-28eacb96089e","Community Profile Nprint(3)","field","Ty_LTHC_oth_LTHC_Tot_P","table 2021 Census by ILOC"
"c181957a-a6c8-4ad2-b10c-28eacb96089e","Community Profile Nprint(3)","field","Ty_LTHC_no_LTHC_Ind_P","table 2021 Census by ILOC"
"c181957a-a6c8-4ad2-b10c-28eacb96089e","Community Profile Nprint(3)","field","Ty_LTHC_no_LTHC_Tot_P","table 2021 Census by ILOC"
"c181957a-a6c8-4ad2-b10c-28eacb96089e","Community Profile Nprint(3)","field","Ty_LTHC_Ns_Ind_P","table 2021 Census by ILOC"
"c181957a-a6c8-4ad2-b10c-28eacb96089e","Community Profile Nprint(3)","field","Ty_LTHC_Ns_Tot_P","table 2021 Census by ILOC"
"c181957a-a6c8-4ad2-b10c-28eacb96089e","Community Profile Nprint(3)","field","Co_LTHC_no_SC_Ind_P","table 2021 Census by ILOC"
"c181957a-a6c8-4ad2-b10c-28eacb96089e","Community Profile Nprint(3)","field","Co_LTHC_no_SC_Tot_P","table 2021 Census by ILOC"
"c181957a-a6c8-4ad2-b10c-28eacb96089e","Community Profile Nprint(3)","field","Co_LTHC_1ms_LTHC_onec_Tot_P","table 2021 Census by ILOC"
"c181957a-a6c8-4ad2-b10c-28eacb96089e","Community Profile Nprint(3)","field","Co_LTHC_1ms_LTHC_twoc_Tot_P","table 2021 Census by ILOC"
"c181957a-a6c8-4ad2-b10c-28eacb96089e","Community Profile Nprint(3)","field","Co_LTHC_1ms_LTHC_3oMc_Tot_P","table 2021 Census by ILOC"
"c181957a-a6c8-4ad2-b10c-28eacb96089e","Community Profile Nprint(3)","field","Co_LTHC_1ms_LTHC_Tot_Ind_P","table 2021 Census by ILOC"
"c181957a-a6c8-4ad2-b10c-28eacb96089e","Community Profile Nprint(3)","field","Co_LTHC_1ms_LTHC_Tot_NoInd_P","table 2021 Census by ILOC"
"c181957a-a6c8-4ad2-b10c-28eacb96089e","Community Profile Nprint(3)","field","Co_LTHC_1ms_LTHC_Tot_Tot_P","table 2021 Census by ILOC"
"c181957a-a6c8-4ad2-b10c-28eacb96089e","Community Profile Nprint(3)","field","Co_LTHC_Ns_Ind_P","table 2021 Census by ILOC"
"c181957a-a6c8-4ad2-b10c-28eacb96089e","Community Profile Nprint(3)","field","Co_LTHC_Ns_NoInd_P","table 2021 Census by ILOC"
"c181957a-a6c8-4ad2-b10c-28eacb96089e","Community Profile Nprint(3)","field","Co_LTHC_Ns_Tot_P","table 2021 Census by ILOC"
"c181957a-a6c8-4ad2-b10c-28eacb96089e","Community Profile Nprint(3)","field","Ow_o_Tot_HATSIP","table 2021 Census by ILOC"
"c181957a-a6c8-4ad2-b10c-28eacb96089e","Community Profile Nprint(3)","field","Ow_wm_Tot_HATSIP","table 2021 Census by ILOC"
"c181957a-a6c8-4ad2-b10c-28eacb96089e","Community Profile Nprint(3)","field","R_RAg_Tot_HATSIP","table 2021 Census by ILOC"
"c181957a-a6c8-4ad2-b10c-28eacb96089e","Community Profile Nprint(3)","field","R_STHA_Tot_HATSIP","table 2021 Census by ILOC"
"c181957a-a6c8-4ad2-b10c-28eacb96089e","Community Profile Nprint(3)","field","R_Pnsh_Tot_HATSIP","table 2021 Census by ILOC"
"c181957a-a6c8-4ad2-b10c-28eacb96089e","Community Profile Nprint(3)","field","R_CHP_Tot_HATSIP","table 2021 Census by ILOC"
"c181957a-a6c8-4ad2-b10c-28eacb96089e","Community Profile Nprint(3)","field","R_othLT_Tot_HATSIP","table 2021 Census by ILOC"
"c181957a-a6c8-4ad2-b10c-28eacb96089e","Community Profile Nprint(3)","field","R_LTns_Tot_HATSIP","table 2021 Census by ILOC"
"c181957a-a6c8-4ad2-b10c-28eacb96089e","Community Profile Nprint(3)","field","R_Tot_Tot_HATSIP","table 2021 Census by ILOC"
"c181957a-a6c8-4ad2-b10c-28eacb96089e","Community Profile Nprint(3)","field","Oth_TT_Tot_HATSIP","table 2021 Census by ILOC"
"c181957a-a6c8-4ad2-b10c-28eacb96089e","Community Profile Nprint(3)","field","TT_ns_Tot_HATSIP","table 2021 Census by ILOC"
"c181957a-a6c8-4ad2-b10c-28eacb96089e","Community Profile Nprint(3)","field","Tot_Dw_s_S_Hou_HATSIP","table 2021 Census by ILOC"
"c181957a-a6c8-4ad2-b10c-28eacb96089e","Community Profile Nprint(3)","field","Tot_Dw_s_SDRTHT_HATSIP","table 2021 Census by ILOC"
"c181957a-a6c8-4ad2-b10c-28eacb96089e","Community Profile Nprint(3)","field","Tot_Dw_s_Fl_Ap_HATSIP","table 2021 Census by ILOC"
"c181957a-a6c8-4ad2-b10c-28eacb96089e","Community Profile Nprint(3)","field","Tot_Dw_s_Oth_d_Car_HATSIP","table 2021 Census by ILOC"
"c181957a-a6c8-4ad2-b10c-28eacb96089e","Community Profile Nprint(3)","field","Tot_Dw_s_Oth_d_Cab_h_HATSIP","table 2021 Census by ILOC"
"c181957a-a6c8-4ad2-b10c-28eacb96089e","Community Profile Nprint(3)","field","Tot_Dw_s_Oth_d_IHTSO_HATSIP","table 2021 Census by ILOC"
"c181957a-a6c8-4ad2-b10c-28eacb96089e","Community Profile Nprint(3)","field","Tot_Dw_s_Oth_d_HFASO_HATSIP","table 2021 Census by ILOC"
"c181957a-a6c8-4ad2-b10c-28eacb96089e","Community Profile Nprint(3)","field","Tot_Dw_s_Oth_d_Tot_HATSIP","table 2021 Census by ILOC"
"c181957a-a6c8-4ad2-b10c-28eacb96089e","Community Profile Nprint(3)","field","Tot_Dw_s_Ns_HATSIP","table 2021 Census by ILOC"
"c181957a-a6c8-4ad2-b10c-28eacb96089e","Community Profile Nprint(3)","field","Tot_Tot_HATSIP","table 2021 Census by ILOC"
"c181957a-a6c8-4ad2-b10c-28eacb96089e","Community Profile Nprint(3)","field","One_f_h_Tot_ATSIF","table 2021 Census by ILOC"
"c181957a-a6c8-4ad2-b10c-28eacb96089e","Community Profile Nprint(3)","field","Two_f_h_Tot_ATSIF","table 2021 Census by ILOC"
"c181957a-a6c8-4ad2-b10c-28eacb96089e","Community Profile Nprint(3)","field","Thr_m_f_h_Tot_ATSIF","table 2021 Census by ILOC"
"c181957a-a6c8-4ad2-b10c-28eacb96089e","Community Profile Nprint(3)","field","One_f_h_Tot_Oth_f","table 2021 Census by ILOC"
"c181957a-a6c8-4ad2-b10c-28eacb96089e","Community Profile Nprint(3)","field","Two_f_h_Tot_Oth_f","table 2021 Census by ILOC"
"c181957a-a6c8-4ad2-b10c-28eacb96089e","Community Profile Nprint(3)","field","Thr_m_f_h_Tot_Oth_f","table 2021 Census by ILOC"
"c181957a-a6c8-4ad2-b10c-28eacb96089e","Community Profile Nprint(3)","field","Tot_Tot_Oth_f","table 2021 Census by ILOC"
"c181957a-a6c8-4ad2-b10c-28eacb96089e","Community Profile Nprint(3)","field","Ofh_Cfnc_Tot_HATSIP","table 2021 Census by ILOC"
"c181957a-a6c8-4ad2-b10c-28eacb96089e","Community Profile Nprint(3)","field","Ofh_Cfc_Tot_HATSIP","table 2021 Census by ILOC"
"c181957a-a6c8-4ad2-b10c-28eacb96089e","Community Profile Nprint(3)","field","Ofh_Opf_Tot_HATSIP","table 2021 Census by ILOC"
"c181957a-a6c8-4ad2-b10c-28eacb96089e","Community Profile Nprint(3)","field","Ofh_Oth_f_Tot_HATSIP","table 2021 Census by ILOC"
"c181957a-a6c8-4ad2-b10c-28eacb96089e","Community Profile Nprint(3)","field","Ofh_Tot_Tot_HATSIP","table 2021 Census by ILOC"
"c181957a-a6c8-4ad2-b10c-28eacb96089e","Community Profile Nprint(3)","field","Mul_fh_Tot_HATSIP","table 2021 Census by ILOC"
"c181957a-a6c8-4ad2-b10c-28eacb96089e","Community Profile Nprint(3)","field","Tot_fh_Tot_HATSIP","table 2021 Census by ILOC"
"c181957a-a6c8-4ad2-b10c-28eacb96089e","Community Profile Nprint(3)","field","Lone_ph_Tot_HATSIP","table 2021 Census by ILOC"
"c181957a-a6c8-4ad2-b10c-28eacb96089e","Community Profile Nprint(3)","field","Group_h_Tot_HATSIP","table 2021 Census by ILOC"
"c181957a-a6c8-4ad2-b10c-28eacb96089e","Community Profile Nprint(3)","field","Ofh_Cfnc_Tot_Oth_h","table 2021 Census by ILOC"
"c181957a-a6c8-4ad2-b10c-28eacb96089e","Community Profile Nprint(3)","field","Ofh_Cfc_Tot_Oth_h","table 2021 Census by ILOC"
"c181957a-a6c8-4ad2-b10c-28eacb96089e","Community Profile Nprint(3)","field","Ofh_Opf_Tot_Oth_h","table 2021 Census by ILOC"
"c181957a-a6c8-4ad2-b10c-28eacb96089e","Community Profile Nprint(3)","field","Ofh_Oth_f_Tot_Oth_h","table 2021 Census by ILOC"
"c181957a-a6c8-4ad2-b10c-28eacb96089e","Community Profile Nprint(3)","field","Ofh_Tot_Tot_Oth_h","table 2021 Census by ILOC"
"c181957a-a6c8-4ad2-b10c-28eacb96089e","Community Profile Nprint(3)","field","Mul_fh_Tot_Oth_h","table 2021 Census by ILOC"
"c181957a-a6c8-4ad2-b10c-28eacb96089e","Community Profile Nprint(3)","field","Tot_fh_Tot_Oth_h","table 2021 Census by ILOC"
"c181957a-a6c8-4ad2-b10c-28eacb96089e","Community Profile Nprint(3)","field","Lone_ph_Tot_Oth_h","table 2021 Census by ILOC"
"c181957a-a6c8-4ad2-b10c-28eacb96089e","Community Profile Nprint(3)","field","Group_h_Tot_Oth_h","table 2021 Census by ILOC"
"c181957a-a6c8-4ad2-b10c-28eacb96089e","Community Profile Nprint(3)","field","Tot_Tot_Oth_h","table 2021 Census by ILOC"
"c181957a-a6c8-4ad2-b10c-28eacb96089e","Community Profile Nprint(3)","field","No_bed_ne_sp_Hw_ATSIP","table 2021 Census by ILOC"
"c181957a-a6c8-4ad2-b10c-28eacb96089e","Community Profile Nprint(3)","field","One_m_bn_One_ebn_Hw_ATSIP","table 2021 Census by ILOC"
"c181957a-a6c8-4ad2-b10c-28eacb96089e","Community Profile Nprint(3)","field","One_m_bn_Two_ebn_Hw_ATSIP","table 2021 Census by ILOC"
"c181957a-a6c8-4ad2-b10c-28eacb96089e","Community Profile Nprint(3)","field","One_m_bn_Thr_ebn_Hw_ATSIP","table 2021 Census by ILOC"
"c181957a-a6c8-4ad2-b10c-28eacb96089e","Community Profile Nprint(3)","field","One_m_bn_Fou_m_ebn_Hw_ATSIP","table 2021 Census by ILOC"
"c181957a-a6c8-4ad2-b10c-28eacb96089e","Community Profile Nprint(3)","field","One_m_bn_Tot_Hw_ATSIP","table 2021 Census by ILOC"
"c181957a-a6c8-4ad2-b10c-28eacb96089e","Community Profile Nprint(3)","field","One_m_bs_One_bs_Hw_ATSIP","table 2021 Census by ILOC"
"c181957a-a6c8-4ad2-b10c-28eacb96089e","Community Profile Nprint(3)","field","One_m_bs_Two_bs_Hw_ATSIP","table 2021 Census by ILOC"
"c181957a-a6c8-4ad2-b10c-28eacb96089e","Community Profile Nprint(3)","field","One_m_bs_Thr_bs_Hw_ATSIP","table 2021 Census by ILOC"
"c181957a-a6c8-4ad2-b10c-28eacb96089e","Community Profile Nprint(3)","field","One_m_bs_Fou_m_bs_Hw_ATSIP","table 2021 Census by ILOC"
"c181957a-a6c8-4ad2-b10c-28eacb96089e","Community Profile Nprint(3)","field","One_m_bs_Tot_Hw_ATSIP","table 2021 Census by ILOC"
"c181957a-a6c8-4ad2-b10c-28eacb96089e","Community Profile Nprint(3)","field","Tot_Hw_ATSIP","table 2021 Census by ILOC"
"c181957a-a6c8-4ad2-b10c-28eacb96089e","Community Profile Nprint(3)","field","Tot_Oth_h","table 2021 Census by ILOC"
"c181957a-a6c8-4ad2-b10c-28eacb96089e","Community Profile Nprint(3)","field","Neg_Nil_inc_Hh_with_Ind_psns","table 2021 Census by ILOC"
"c181957a-a6c8-4ad2-b10c-28eacb96089e","Community Profile Nprint(3)","field","Neg_Nil_inc_Other_households","table 2021 Census by ILOC"
"c181957a-a6c8-4ad2-b10c-28eacb96089e","Community Profile Nprint(3)","field","Neg_Nil_income_Tot_hhlds","table 2021 Census by ILOC"
"c181957a-a6c8-4ad2-b10c-28eacb96089e","Community Profile Nprint(3)","field","_1_149_Hhd_with_Indig_psns","table 2021 Census by ILOC"
"c181957a-a6c8-4ad2-b10c-28eacb96089e","Community Profile Nprint(3)","field","_1_149_Other_households","table 2021 Census by ILOC"
"c181957a-a6c8-4ad2-b10c-28eacb96089e","Community Profile Nprint(3)","field","_1_149_Tot_hhlds","table 2021 Census by ILOC"
"c181957a-a6c8-4ad2-b10c-28eacb96089e","Community Profile Nprint(3)","field","_150_299_Hhd_with_Indig_psns","table 2021 Census by ILOC"
"c181957a-a6c8-4ad2-b10c-28eacb96089e","Community Profile Nprint(3)","field","_150_299_Other_households","table 2021 Census by ILOC"
"c181957a-a6c8-4ad2-b10c-28eacb96089e","Community Profile Nprint(3)","field","_150_299_Tot_hhlds","table 2021 Census by ILOC"
"c181957a-a6c8-4ad2-b10c-28eacb96089e","Community Profile Nprint(3)","field","_300_399_Hhd_with_Indig_psns","table 2021 Census by ILOC"
"c181957a-a6c8-4ad2-b10c-28eacb96089e","Community Profile Nprint(3)","field","_300_399_Other_households","table 2021 Census by ILOC"
"c181957a-a6c8-4ad2-b10c-28eacb96089e","Community Profile Nprint(3)","field","_300_399_Tot_hhlds","table 2021 Census by ILOC"
"c181957a-a6c8-4ad2-b10c-28eacb96089e","Community Profile Nprint(3)","field","_400_499_Hhd_with_Indig_psns","table 2021 Census by ILOC"
"c181957a-a6c8-4ad2-b10c-28eacb96089e","Community Profile Nprint(3)","field","_400_499_Other_households","table 2021 Census by ILOC"
"c181957a-a6c8-4ad2-b10c-28eacb96089e","Community Profile Nprint(3)","field","_400_499_Tot_hhlds","table 2021 Census by ILOC"
"c181957a-a6c8-4ad2-b10c-28eacb96089e","Community Profile Nprint(3)","field","_500_649_Hhd_with_Indig_psns","table 2021 Census by ILOC"
"c181957a-a6c8-4ad2-b10c-28eacb96089e","Community Profile Nprint(3)","field","_500_649_Other_households","table 2021 Census by ILOC"
"c181957a-a6c8-4ad2-b10c-28eacb96089e","Community Profile Nprint(3)","field","_500_649_Tot_hhlds","table 2021 Census by ILOC"
"c181957a-a6c8-4ad2-b10c-28eacb96089e","Community Profile Nprint(3)","field","_650_799_Hhd_with_Indig_psns","table 2021 Census by ILOC"
"c181957a-a6c8-4ad2-b10c-28eacb96089e","Community Profile Nprint(3)","field","_650_799_Other_households","table 2021 Census by ILOC"
"c181957a-a6c8-4ad2-b10c-28eacb96089e","Community Profile Nprint(3)","field","_650_799_Tot_hhlds","table 2021 Census by ILOC"
"c181957a-a6c8-4ad2-b10c-28eacb96089e","Community Profile Nprint(3)","field","_800_999_Hh_with_Indig_psn","table 2021 Census by ILOC"
"c181957a-a6c8-4ad2-b10c-28eacb96089e","Community Profile Nprint(3)","field","_800_999_Other_households","table 2021 Census by ILOC"
"c181957a-a6c8-4ad2-b10c-28eacb96089e","Community Profile Nprint(3)","field","_800_999_Tot_hhlds","table 2021 Census by ILOC"
"c181957a-a6c8-4ad2-b10c-28eacb96089e","Community Profile Nprint(3)","field","_1000_1249_Hh_with_Indig_psn","table 2021 Census by ILOC"
"c181957a-a6c8-4ad2-b10c-28eacb96089e","Community Profile Nprint(3)","field","_1000_1249_Other_households","table 2021 Census by ILOC"
"c181957a-a6c8-4ad2-b10c-28eacb96089e","Community Profile Nprint(3)","field","_1000_1249_Tot_hhlds","table 2021 Census by ILOC"
"c181957a-a6c8-4ad2-b10c-28eacb96089e","Community Profile Nprint(3)","field","_1250_1499_Hh_with_Indig_psn","table 2021 Census by ILOC"
"c181957a-a6c8-4ad2-b10c-28eacb96089e","Community Profile Nprint(3)","field","_1250_1499_Other_households","table 2021 Census by ILOC"
"c181957a-a6c8-4ad2-b10c-28eacb96089e","Community Profile Nprint(3)","field","_1250_1499_Tot_hhlds","table 2021 Census by ILOC"
"c181957a-a6c8-4ad2-b10c-28eacb96089e","Community Profile Nprint(3)","field","_1500_1749_Hh_with_Indig_psn","table 2021 Census by ILOC"
"c181957a-a6c8-4ad2-b10c-28eacb96089e","Community Profile Nprint(3)","field","_1500_1749_Other_households","table 2021 Census by ILOC"
"c181957a-a6c8-4ad2-b10c-28eacb96089e","Community Profile Nprint(3)","field","_1500_1749_Tot_hhlds","table 2021 Census by ILOC"
"c181957a-a6c8-4ad2-b10c-28eacb96089e","Community Profile Nprint(3)","field","_1750_1999_Hh_with_Indig_psn","table 2021 Census by ILOC"
"c181957a-a6c8-4ad2-b10c-28eacb96089e","Community Profile Nprint(3)","field","_1750_1999_Other_households","table 2021 Census by ILOC"
"c181957a-a6c8-4ad2-b10c-28eacb96089e","Community Profile Nprint(3)","field","_1750_1999_Tot_hhlds","table 2021 Census by ILOC"
"c181957a-a6c8-4ad2-b10c-28eacb96089e","Community Profile Nprint(3)","field","_2000_2499_Hh_with_Indig_psn","table 2021 Census by ILOC"
"c181957a-a6c8-4ad2-b10c-28eacb96089e","Community Profile Nprint(3)","field","_2000_2499_Other_households","table 2021 Census by ILOC"
"c181957a-a6c8-4ad2-b10c-28eacb96089e","Community Profile Nprint(3)","field","_2000_2499_Tot_hhlds","table 2021 Census by ILOC"
"c181957a-a6c8-4ad2-b10c-28eacb96089e","Community Profile Nprint(3)","field","_2500_2999_Hh_with_Indig_psn","table 2021 Census by ILOC"
"c181957a-a6c8-4ad2-b10c-28eacb96089e","Community Profile Nprint(3)","field","_2500_2999_Other_households","table 2021 Census by ILOC"
"c181957a-a6c8-4ad2-b10c-28eacb96089e","Community Profile Nprint(3)","field","_2500_2999_Tot_hhlds","table 2021 Census by ILOC"
"c181957a-a6c8-4ad2-b10c-28eacb96089e","Community Profile Nprint(3)","field","_3000_3499_Hh_with_Indig_psn","table 2021 Census by ILOC"
"c181957a-a6c8-4ad2-b10c-28eacb96089e","Community Profile Nprint(3)","field","_3000_3499_Other_households","table 2021 Census by ILOC"
"c181957a-a6c8-4ad2-b10c-28eacb96089e","Community Profile Nprint(3)","field","_3000_3499_Tot_hhlds","table 2021 Census by ILOC"
"c181957a-a6c8-4ad2-b10c-28eacb96089e","Community Profile Nprint(3)","field","_3500_more_Hh_with_Indig_psn","table 2021 Census by ILOC"
"c181957a-a6c8-4ad2-b10c-28eacb96089e","Community Profile Nprint(3)","field","_3500_more_stated_Other_hhds","table 2021 Census by ILOC"
"c181957a-a6c8-4ad2-b10c-28eacb96089e","Community Profile Nprint(3)","field","_3500_more_stated_Tot_hhlds","table 2021 Census by ILOC"
"c181957a-a6c8-4ad2-b10c-28eacb96089e","Community Profile Nprint(3)","field","Part_inc_st_Hh_with_Indig_psn","table 2021 Census by ILOC"
"c181957a-a6c8-4ad2-b10c-28eacb96089e","Community Profile Nprint(3)","field","Partial_inc_stated_Other_hhds","table 2021 Census by ILOC"
"c181957a-a6c8-4ad2-b10c-28eacb96089e","Community Profile Nprint(3)","field","Partial_inc_stated_Tot_hhlds","table 2021 Census by ILOC"
"c181957a-a6c8-4ad2-b10c-28eacb96089e","Community Profile Nprint(3)","field","All_inc_ns_Hh_with_Ind_psns","table 2021 Census by ILOC"
"c181957a-a6c8-4ad2-b10c-28eacb96089e","Community Profile Nprint(3)","field","All_income_ns_Other_household","table 2021 Census by ILOC"
"c181957a-a6c8-4ad2-b10c-28eacb96089e","Community Profile Nprint(3)","field","All_inc_NS_Tot_hhlds","table 2021 Census by ILOC"
"c181957a-a6c8-4ad2-b10c-28eacb96089e","Community Profile Nprint(3)","field","Tot_Household_with_Indig_psns","table 2021 Census by ILOC"
"c181957a-a6c8-4ad2-b10c-28eacb96089e","Community Profile Nprint(3)","field","Tot_Other_households","table 2021 Census by ILOC"
"c181957a-a6c8-4ad2-b10c-28eacb96089e","Community Profile Nprint(3)","field","Tot_Tot_hhlds","table 2021 Census by ILOC"
"c181957a-a6c8-4ad2-b10c-28eacb96089e","Community Profile Nprint(3)","field","Psn_15_y_over_Indig_P","table 2021 Census by ILOC"
"c181957a-a6c8-4ad2-b10c-28eacb96089e","Community Profile Nprint(3)","field","Psn_15_y_over_NonInd_P","table 2021 Census by ILOC"
"c181957a-a6c8-4ad2-b10c-28eacb96089e","Community Profile Nprint(3)","field","Psn_15_y_over_Ind_s_nsP","table 2021 Census by ILOC"
"c181957a-a6c8-4ad2-b10c-28eacb96089e","Community Profile Nprint(3)","field","Psn_15_y_over_TotP","table 2021 Census by ILOC"
"c181957a-a6c8-4ad2-b10c-28eacb96089e","Community Profile Nprint(3)","field","In_LF_Emp_Indig_P","table 2021 Census by ILOC"
"c181957a-a6c8-4ad2-b10c-28eacb96089e","Community Profile Nprint(3)","field","In_LF_Emp_NonInd_P","table 2021 Census by ILOC"
"c181957a-a6c8-4ad2-b10c-28eacb96089e","Community Profile Nprint(3)","field","In_LF_Emp_IndSt_nsP","table 2021 Census by ILOC"
"c181957a-a6c8-4ad2-b10c-28eacb96089e","Community Profile Nprint(3)","field","In_LF_Employd_TotP","table 2021 Census by ILOC"
"c181957a-a6c8-4ad2-b10c-28eacb96089e","Community Profile Nprint(3)","field","In_LF_unemp_Ind_P","table 2021 Census by ILOC"
"c181957a-a6c8-4ad2-b10c-28eacb96089e","Community Profile Nprint(3)","field","In_LF_unemp_No_Ind_P","table 2021 Census by ILOC"
"c181957a-a6c8-4ad2-b10c-28eacb96089e","Community Profile Nprint(3)","field","In_LF_un_IndSt_nsP","table 2021 Census by ILOC"
"c181957a-a6c8-4ad2-b10c-28eacb96089e","Community Profile Nprint(3)","field","In_LF_Unemp_TotP","table 2021 Census by ILOC"
"c181957a-a6c8-4ad2-b10c-28eacb96089e","Community Profile Nprint(3)","field","In_LF_To_LF_Ind_P","table 2021 Census by ILOC"
"c181957a-a6c8-4ad2-b10c-28eacb96089e","Community Profile Nprint(3)","field","In_LF_To_la_fo_No_In_P","table 2021 Census by ILOC"
"c181957a-a6c8-4ad2-b10c-28eacb96089e","Community Profile Nprint(3)","field","In_LF_To_l_fo_In_st_nsP","table 2021 Census by ILOC"
"c181957a-a6c8-4ad2-b10c-28eacb96089e","Community Profile Nprint(3)","field","In_LF_To_LF_TotP","table 2021 Census by ILOC"
"c181957a-a6c8-4ad2-b10c-28eacb96089e","Community Profile Nprint(3)","field","N_the_LF_Indig_P","table 2021 Census by ILOC"
"c181957a-a6c8-4ad2-b10c-28eacb96089e","Community Profile Nprint(3)","field","N_the_LF_No_Indig_P","table 2021 Census by ILOC"
"c181957a-a6c8-4ad2-b10c-28eacb96089e","Community Profile Nprint(3)","field","N_the_LF_Indig_st_nsP","table 2021 Census by ILOC"
"c181957a-a6c8-4ad2-b10c-28eacb96089e","Community Profile Nprint(3)","field","N_the_LF_TotP","table 2021 Census by ILOC"
"c181957a-a6c8-4ad2-b10c-28eacb96089e","Community Profile Nprint(3)","field","LF_st_ns_Indig_P","table 2021 Census by ILOC"
"c181957a-a6c8-4ad2-b10c-28eacb96089e","Community Profile Nprint(3)","field","LF_st_ns_NonInd_P","table 2021 Census by ILOC"
"c181957a-a6c8-4ad2-b10c-28eacb96089e","Community Profile Nprint(3)","field","LF_st_ns_Indig_st_nsP","table 2021 Census by ILOC"
"c181957a-a6c8-4ad2-b10c-28eacb96089e","Community Profile Nprint(3)","field","LF_st_ns_TotP","table 2021 Census by ILOC"
"c181957a-a6c8-4ad2-b10c-28eacb96089e","Community Profile Nprint(3)","field","IndSec_Gov_Ind_P","table 2021 Census by ILOC"
"c181957a-a6c8-4ad2-b10c-28eacb96089e","Community Profile Nprint(3)","field","IndSec_Gov_No_Ind_P","table 2021 Census by ILOC"
"c181957a-a6c8-4ad2-b10c-28eacb96089e","Community Profile Nprint(3)","field","IndSec_Gov_IndSt_nsP","table 2021 Census by ILOC"
"c181957a-a6c8-4ad2-b10c-28eacb96089e","Community Profile Nprint(3)","field","IndSec_Gov_TotP","table 2021 Census by ILOC"
"c181957a-a6c8-4ad2-b10c-28eacb96089e","Community Profile Nprint(3)","field","IndSec_Priv_Ind_P","table 2021 Census by ILOC"
"c181957a-a6c8-4ad2-b10c-28eacb96089e","Community Profile Nprint(3)","field","IndSec_Priv_NonInd_P","table 2021 Census by ILOC"
"c181957a-a6c8-4ad2-b10c-28eacb96089e","Community Profile Nprint(3)","field","IndSec_Priv_IndSt_nsP","table 2021 Census by ILOC"
"c181957a-a6c8-4ad2-b10c-28eacb96089e","Community Profile Nprint(3)","field","IndSec_Priv_TotP","table 2021 Census by ILOC"
"c181957a-a6c8-4ad2-b10c-28eacb96089e","Community Profile Nprint(3)","field","Self_employed_Ind_P","table 2021 Census by ILOC"
"c181957a-a6c8-4ad2-b10c-28eacb96089e","Community Profile Nprint(3)","field","Self_employed_NonInd_P","table 2021 Census by ILOC"
"c181957a-a6c8-4ad2-b10c-28eacb96089e","Community Profile Nprint(3)","field","Self_employed_Ind_status_nsP","table 2021 Census by ILOC"
"c181957a-a6c8-4ad2-b10c-28eacb96089e","Community Profile Nprint(3)","field","Self_employed_TotP","table 2021 Census by ILOC"
"c181957a-a6c8-4ad2-b10c-28eacb96089e","Community Profile Nprint(3)","field","HnsQ_PgDL_Ind_P","table 2021 Census by ILOC"
"c181957a-a6c8-4ad2-b10c-28eacb96089e","Community Profile Nprint(3)","field","HnsQ_PgDL_No_Ind_P","table 2021 Census by ILOC"
"c181957a-a6c8-4ad2-b10c-28eacb96089e","Community Profile Nprint(3)","field","HnsQ_PgDL_IndSt_nsP","table 2021 Census by ILOC"
"c181957a-a6c8-4ad2-b10c-28eacb96089e","Community Profile Nprint(3)","field","HnsQ_PgDL_TotP","table 2021 Census by ILOC"
"c181957a-a6c8-4ad2-b10c-28eacb96089e","Community Profile Nprint(3)","field","HnsQ_GD_GCL_Ind_P","table 2021 Census by ILOC"
"c181957a-a6c8-4ad2-b10c-28eacb96089e","Community Profile Nprint(3)","field","HnsQ_GD_GCL_No_In_P","table 2021 Census by ILOC"
"c181957a-a6c8-4ad2-b10c-28eacb96089e","Community Profile Nprint(3)","field","HnsQ_GD_GCL_In_st_nsP","table 2021 Census by ILOC"
"c181957a-a6c8-4ad2-b10c-28eacb96089e","Community Profile Nprint(3)","field","HnsQ_GD_GCL_TotP","table 2021 Census by ILOC"
"c181957a-a6c8-4ad2-b10c-28eacb96089e","Community Profile Nprint(3)","field","HnsQ_BDL_Ind_P","table 2021 Census by ILOC"
"c181957a-a6c8-4ad2-b10c-28eacb96089e","Community Profile Nprint(3)","field","HnsQ_BDL_No_Ind_P","table 2021 Census by ILOC"
"c181957a-a6c8-4ad2-b10c-28eacb96089e","Community Profile Nprint(3)","field","HnsQ_BDL_IndSt_nsP","table 2021 Census by ILOC"
"c181957a-a6c8-4ad2-b10c-28eacb96089e","Community Profile Nprint(3)","field","HnsQ_BDL_TotP","table 2021 Census by ILOC"
"c181957a-a6c8-4ad2-b10c-28eacb96089e","Community Profile Nprint(3)","field","HnsQ_AD_DL_Ind_P","table 2021 Census by ILOC"
"c181957a-a6c8-4ad2-b10c-28eacb96089e","Community Profile Nprint(3)","field","HnsQ_AD_DL_No_In_P","table 2021 Census by ILOC"
"c181957a-a6c8-4ad2-b10c-28eacb96089e","Community Profile Nprint(3)","field","HnsQ_AD_DL_In_st_nsP","table 2021 Census by ILOC"
"c181957a-a6c8-4ad2-b10c-28eacb96089e","Community Profile Nprint(3)","field","HnsQ_AD_DL_TotP","table 2021 Census by ILOC"
"c181957a-a6c8-4ad2-b10c-28eacb96089e","Community Profile Nprint(3)","field","HnsQ_Cer_III_IV_Ind_P","table 2021 Census by ILOC"
"c181957a-a6c8-4ad2-b10c-28eacb96089e","Community Profile Nprint(3)","field","HnsQ_Cer_III_IV_No_Ind_P","table 2021 Census by ILOC"
"c181957a-a6c8-4ad2-b10c-28eacb96089e","Community Profile Nprint(3)","field","NsQ_Cer_III_IV_IndSt_nsP","table 2021 Census by ILOC"
"c181957a-a6c8-4ad2-b10c-28eacb96089e","Community Profile Nprint(3)","field","NsQ_Cer_III_IV_TotP","table 2021 Census by ILOC"
"c181957a-a6c8-4ad2-b10c-28eacb96089e","Community Profile Nprint(3)","field","NsQ_Cer_I_II_Ind_P","table 2021 Census by ILOC"
"c181957a-a6c8-4ad2-b10c-28eacb96089e","Community Profile Nprint(3)","field","NsQ_Cer_I_II_No_In_P","table 2021 Census by ILOC"
"c181957a-a6c8-4ad2-b10c-28eacb96089e","Community Profile Nprint(3)","field","NsQ_Cer_I_II_Ind_s_nsP","table 2021 Census by ILOC"
"c181957a-a6c8-4ad2-b10c-28eacb96089e","Community Profile Nprint(3)","field","NsQ_Cer_I_II_TotP","table 2021 Census by ILOC"
"c181957a-a6c8-4ad2-b10c-28eacb96089e","Community Profile Nprint(3)","field","Visited","table SiteVisitSurvey"
"c181957a-a6c8-4ad2-b10c-28eacb96089e","Community Profile Nprint(3)","field","CED_CODE","table CED"
"c181957a-a6c8-4ad2-b10c-28eacb96089e","Community Profile Nprint(3)","field","CED_NAME","table CED"
"c181957a-a6c8-4ad2-b10c-28eacb96089e","Community Profile Nprint(3)","field","AREASQKM","table CED"
"c181957a-a6c8-4ad2-b10c-28eacb96089e","Community Profile Nprint(3)","field","Polygon","table CED"
"c181957a-a6c8-4ad2-b10c-28eacb96089e","Community Profile Nprint(3)","variable","vTrip","ec4c6711-4e40-42e7-80b3-895b5330ad44"
"c181957a-a6c8-4ad2-b10c-28eacb96089e","Community Profile Nprint(3)","variable","vPopWeight","a11158f6-5031-472b-9a9c-09b9adca3064"
"c181957a-a6c8-4ad2-b10c-28eacb96089e","Community Profile Nprint(3)","variable","vFinYearP3","e95f6a43-73a0-4582-b42e-4f7ccc309cd0"
"c181957a-a6c8-4ad2-b10c-28eacb96089e","Community Profile Nprint(3)","variable","vFinYearP4","1480c934-c278-4227-8a80-335f34d1449b"
"c181957a-a6c8-4ad2-b10c-28eacb96089e","Community Profile Nprint(3)","variable","vClosestOfficeOffice","65fd42d3-cc52-4d58-9839-88b91badebc2"
"c181957a-a6c8-4ad2-b10c-28eacb96089e","Community Profile Nprint(3)","variable","vRemoteWeight","48608762-1ec8-4887-aef8-fbc99db300a5"
"c181957a-a6c8-4ad2-b10c-28eacb96089e","Community Profile Nprint(3)","variable","vFinYearP5","1526ee60-8b8d-4598-8325-16d2635545a9"
"c181957a-a6c8-4ad2-b10c-28eacb96089e","Community Profile Nprint(3)","variable","vILOCCent","4288ef57-f8dc-4af8-9190-217bfea627e0"
"c181957a-a6c8-4ad2-b10c-28eacb96089e","Community Profile Nprint(3)","variable","vSA2","f8250b31-651e-41e5-876e-b727ef801986"
"c181957a-a6c8-4ad2-b10c-28eacb96089e","Community Profile Nprint(3)","variable","vOLDNIAAReg","57f8188c-a06e-42fe-9f58-db332d0e2a44"
"c181957a-a6c8-4ad2-b10c-28eacb96089e","Community Profile Nprint(3)","variable","vOLDNIAAReg2","ab0c73a3-6249-4c12-b2f7-f711d815eeaf"
"c181957a-a6c8-4ad2-b10c-28eacb96089e","Community Profile Nprint(3)","variable","vFinYearF3","c2bbdff2-f9a3-49e1-8726-fb60e4f6410c"
"c181957a-a6c8-4ad2-b10c-28eacb96089e","Community Profile Nprint(3)","variable","vNTAdmin","ee050728-6f5f-4458-9d91-75da4f690385"
"c181957a-a6c8-4ad2-b10c-28eacb96089e","Community Profile Nprint(3)","variable","v250kmFromOffice","632a5611-1329-4e81-ac94-30f385163d3f"
"c181957a-a6c8-4ad2-b10c-28eacb96089e","Community Profile Nprint(3)","variable","vIRSEOWeight","1889bdfc-da31-4492-bc28-ec6ec9da5b78"
"c181957a-a6c8-4ad2-b10c-28eacb96089e","Community Profile Nprint(3)","variable","DISABLE_INSIGHTS","eff91a02-e443-42b6-9982-34abaee1dabf"
"c181957a-a6c8-4ad2-b10c-28eacb96089e","Community Profile Nprint(3)","variable","ClosestOfficeAGIL","5eac50e6-2cc6-48eb-9b18-2bae683ea8ec"
"c181957a-a6c8-4ad2-b10c-28eacb96089e","Community Profile Nprint(3)","variable","vABSRemote","433da724-1323-4460-a537-29a1445c36a9"
"c181957a-a6c8-4ad2-b10c-28eacb96089e","Community Profile Nprint(3)","variable","ClosestOfficeOffice","d4e41b4f-6820-4cb9-b662-9a29a3b371f0"
"c181957a-a6c8-4ad2-b10c-28eacb96089e","Community Profile Nprint(3)","variable","vRouteAGILOffice","4afafc2d-4f0f-477b-83f6-16727e659365"
"c181957a-a6c8-4ad2-b10c-28eacb96089e","Community Profile Nprint(3)","variable","vFinYear2","754f77d8-2d22-4b03-b23c-62a7937af20d"
"c181957a-a6c8-4ad2-b10c-28eacb96089e","Community Profile Nprint(3)","variable","vCurMonth","6efd14c5-ce39-459d-ad6d-e884cbf6ef1f"
"c181957a-a6c8-4ad2-b10c-28eacb96089e","Community Profile Nprint(3)","variable","vFinYear4","474ec21b-2118-48ba-b229-ddbd7b9a73b7"
"c181957a-a6c8-4ad2-b10c-28eacb96089e","Community Profile Nprint(3)","variable","vNIAARegHeatmap","bfd68fa7-aa6b-499e-84b4-dfbdb72327a1"
"c181957a-a6c8-4ad2-b10c-28eacb96089e","Community Profile Nprint(3)","variable","RouteAGILOffice","9753f418-a1be-421b-89d6-c0c88a581b53"
"c181957a-a6c8-4ad2-b10c-28eacb96089e","Community Profile Nprint(3)","variable","vRouteILOCOffice","6893868c-54fe-419c-bbe2-d2782324f289"
"c181957a-a6c8-4ad2-b10c-28eacb96089e","Community Profile Nprint(3)","variable","vProposedOffices","1248d176-9a7f-4cfe-a8b7-55acad7b77ab"
"c181957a-a6c8-4ad2-b10c-28eacb96089e","Community Profile Nprint(3)","variable","vFinYear3","88e5fa5e-d35d-407a-8069-94c518ae0beb"
"c181957a-a6c8-4ad2-b10c-28eacb96089e","Community Profile Nprint(3)","variable","vFinYear5","33af1bac-ed99-41ba-89cb-be905b65cfc1"
"c181957a-a6c8-4ad2-b10c-28eacb96089e","Community Profile Nprint(3)","variable","vClosestOfficeAGIL","f6c60591-58c3-4c1c-96f5-bcb50d61ca19"
"c181957a-a6c8-4ad2-b10c-28eacb96089e","Community Profile Nprint(3)","variable","vEndDate","dd34047c-d54a-482f-b620-4279b8b57f1d"
"c181957a-a6c8-4ad2-b10c-28eacb96089e","Community Profile Nprint(3)","variable","vFinYear","2b606682-1500-44ad-a7a9-3e6b5421be90"
"c181957a-a6c8-4ad2-b10c-28eacb96089e","Community Profile Nprint(3)","dimension","IREG->IARE->ILOC","TuKLAY"
"c181957a-a6c8-4ad2-b10c-28eacb96089e","Community Profile Nprint(3)","dimension","Sector - CtG Target","uJWVQ"
"local:crm-qvd-generator","CRM QVD Generator","variable","name","070ee556-0220-44a8-bd3e-1b2d6ab3fb99"
"local:crm-qvd-generator","CRM QVD Generator","variable","index","8a622e6c-399e-4aa7-839b-537ba3c7be31"
"local:crm-qvd-generator","CRM QVD Generator","variable","currentName","f3b47fd8-114d-4d88-9b65-b58f9b041089"
"local:crm-qvd-generator","CRM QVD Generator","variable","matches","0987cd6c-0924-48ae-a193-0bd155502842"
"b8c2b008-894d-4850-a09c-ab34a12ee9d8","FUSION QVD Generator","table","NoExistant","0 fields, lines 124-124"
"b8c2b008-894d-4850-a09c-ab34a12ee9d8","FUSION QVD Generator","table","Payment Milestone","27 fields, lines 3065-3093"
"b8c2b008-894d-4850-a09c-ab34a12ee9d8","FUSION QVD Generator","table","Reporting Milestone","27 fields, lines 3003-3031"
"b8c2b008-894d-4850-a09c-ab34a12ee9d8","FUSION QVD Generator","field","Opportunity Capture Id","table Opportunity Capture"
"b8c2b008-894d-4850-a09c-ab34a12ee9d8","FUSION QVD Generator","field","Opportunity Id","table Opportunity Capture"
"b8c2b008-894d-4850-a09c-ab34a12ee9d8","FUSION QVD Generator","field","Active Stage Id","table Opportunity Capture"
"b8c2b008-894d-4850-a09c-ab34a12ee9d8","FUSION QVD Generator","field","Process Id","table Opportunity Capture"
"b8c2b008-894d-4850-a09c-ab34a12ee9d8","FUSION QVD Generator","field","Organisation Id","table Opportunity Capture"
"b8c2b008-894d-4850-a09c-ab34a12ee9d8","FUSION QVD Generator","field","Active Stage","table Opportunity Capture"
"b8c2b008-894d-4850-a09c-ab34a12ee9d8","FUSION QVD Generator","field","Active Stage Started Date","table Opportunity Capture"
"b8c2b008-894d-4850-a09c-ab34a12ee9d8","FUSION QVD Generator","field","BPF Duration","table Opportunity Capture"
"b8c2b008-894d-4850-a09c-ab34a12ee9d8","FUSION QVD Generator","field","BPF Name","table Opportunity Capture"
"b8c2b008-894d-4850-a09c-ab34a12ee9d8","FUSION QVD Generator","field","BPF Opportunity","table Opportunity Capture"
"b8c2b008-894d-4850-a09c-ab34a12ee9d8","FUSION QVD Generator","field","Date Completed","table Opportunity Capture"
"b8c2b008-894d-4850-a09c-ab34a12ee9d8","FUSION QVD Generator","field","Organisation","table Opportunity Capture"
"b8c2b008-894d-4850-a09c-ab34a12ee9d8","FUSION QVD Generator","field","Status","table Opportunity Capture"
"b8c2b008-894d-4850-a09c-ab34a12ee9d8","FUSION QVD Generator","variable","MSCRMProgramme","d95d8af1-7a10-4a94-898f-37e2085f3495"
"b8c2b008-894d-4850-a09c-ab34a12ee9d8","FUSION QVD Generator","variable","MSCRMActivityFunding","e0dfe262-2e10-44d1-a450-9b35742826e9"
"b8c2b008-894d-4850-a09c-ab34a12ee9d8","FUSION QVD Generator","variable","MSCRMGrantAssessment","ba629b5d-8880-4f14-92c7-dd13494be16d"
"b8c2b008-894d-4850-a09c-ab34a12ee9d8","FUSION QVD Generator","variable","MSCRMActivityLocation","8bed50e5-ba8f-40ee-9d1c-d89071d0c297"
"b8c2b008-894d-4850-a09c-ab34a12ee9d8","FUSION QVD Generator","variable","MSCRMGAC2AT","b05cddcf-f6ac-4259-861f-6620cd34d192"
"b8c2b008-894d-4850-a09c-ab34a12ee9d8","FUSION QVD Generator","variable","MSCRMCanAuthenticate","1e1946b9-0332-4aca-a58c-a87097eb2a1c"
"b8c2b008-894d-4850-a09c-ab34a12ee9d8","FUSION QVD Generator","variable","AppName","b8fcca58-3136-4a4b-b819-2a3f364d9044"
"b8c2b008-894d-4850-a09c-ab34a12ee9d8","FUSION QVD Generator","variable","vQwcConnectionName","670868ff-26cf-4d2b-96dd-c9c670e89ba8"
"b8c2b008-894d-4850-a09c-ab34a12ee9d8","FUSION QVD Generator","variable","vQwcServer","1d0fef33-b70a-4736-a2d8-41cd594e3e00"
"b8c2b008-894d-4850-a09c-ab34a12ee9d8","FUSION QVD Generator","variable","vQwcMSDCRMConnectionString","831f41c3-db05-457b-9eeb-3e95755f14e7"
"b8c2b008-894d-4850-a09c-ab34a12ee9d8","FUSION QVD Generator","variable","vQwcAccessToken","41927340-50aa-41b9-a4f2-6f466873f4ca"
"b8c2b008-894d-4850-a09c-ab34a12ee9d8","FUSION QVD Generator","variable","MSCRMGAC2ATG","86f97626-299b-4b4e-86b0-11f658d6726c"
"b8c2b008-894d-4850-a09c-ab34a12ee9d8","FUSION QVD Generator","variable","MSCRMGAC2AC","42e3c9c7-bb37-448d-a92d-b472794926d2"
"b8c2b008-894d-4850-a09c-ab34a12ee9d8","FUSION QVD Generator","variable","MSCRMActivityFrameworkCode","ae2cc86c-39d2-4cfc-9d6a-7489ff962668"
"b8c2b008-894d-4850-a09c-ab34a12ee9d8","FUSION QVD Generator","variable","MSCRMGAC2TAD","b73aebf8-38b1-4d56-a125-f8dd9dee66fb"
"b8c2b008-894d-4850-a09c-ab34a12ee9d8","FUSION QVD Generator","variable","MSCRMGAC2TG","c5c81015-2062-4178-81f3-079deeda24c8"
"b8c2b008-894d-4850-a09c-ab34a12ee9d8","FUSION QVD Generator","variable","MSCRMGrantApplicationFunding","e5330e1c-21d9-49b0-afcd-75a0938684e3"
"b8c2b008-894d-4850-a09c-ab34a12ee9d8","FUSION QVD Generator","variable","MSCRMActivityAncillaryCode","75bf8b36-e703-4ba6-94c3-1b56e9b1c744"
"b8c2b008-894d-4850-a09c-ab34a12ee9d8","FUSION QVD Generator","variable","MSCRMTargetGender","f4b147f6-8fac-427c-bda8-af1d2d50891e"
"b8c2b008-894d-4850-a09c-ab34a12ee9d8","FUSION QVD Generator","variable","MSCRMTargetAgeDemographic","617699b9-cb81-4501-865e-e4f11657afd6"
"b8c2b008-894d-4850-a09c-ab34a12ee9d8","FUSION QVD Generator","variable","vTabNam","116e7808-766e-4b93-be16-1c6793aebb29"
"b8c2b008-894d-4850-a09c-ab34a12ee9d8","FUSION QVD Generator","variable","vAppName","31fb86c4-ea08-4d69-8e86-bd631f8a6470"
"b8c2b008-894d-4850-a09c-ab34a12ee9d8","FUSION QVD Generator","variable","MSCRMGrantActivityCoding","ca8c2b8e-d40a-4cb5-ba2c-fdbef22e4634"
"b8c2b008-894d-4850-a09c-ab34a12ee9d8","FUSION QVD Generator","variable","MSCRMTargetGroup","9594e847-a37f-4d78-a73f-db6acdb0b19d"
"b8c2b008-894d-4850-a09c-ab34a12ee9d8","FUSION QVD Generator","variable","MSCRMAncillaryCode","8811632a-e5ee-4380-9094-ea5d2ce98048"
"b8c2b008-894d-4850-a09c-ab34a12ee9d8","FUSION QVD Generator","variable","MSCRMConnection","41b4577e-a231-4b1f-bc03-104d8d1469ce"
"b8c2b008-894d-4850-a09c-ab34a12ee9d8","FUSION QVD Generator","variable","MSCRMActivityTargetGender","593bd701-203f-4884-b8b5-f854e960c772"
"b8c2b008-894d-4850-a09c-ab34a12ee9d8","FUSION QVD Generator","variable","vVersion","22e101ba-d104-4d7e-a26f-0d3b808601fa"
"b8c2b008-894d-4850-a09c-ab34a12ee9d8","FUSION QVD Generator","variable","MSCRMActivityTargetGroup","5bce3478-4661-47df-bb6c-6ad50a4e6d4e"
"b8c2b008-894d-4850-a09c-ab34a12ee9d8","FUSION QVD Generator","variable","MSCRMProgrammeComponent","d94489c4-2cf4-48fa-88b7-6c5d6b14e811"
"b8c2b008-894d-4850-a09c-ab34a12ee9d8","FUSION QVD Generator","variable","MSCRMGrantActivityCodingReport","482d1f36-859c-476e-8625-98123d4e638b"
"b8c2b008-894d-4850-a09c-ab34a12ee9d8","FUSION QVD Generator","variable","MSCRMGrantRound","0c2fa8c8-8c64-4bc7-bf5f-412240bd4c89"
"b8c2b008-894d-4850-a09c-ab34a12ee9d8","FUSION QVD Generator","variable","MSCRMGrantApplicationProcess","c64868dc-a6c1-419b-a304-1ec981ef0e05"
"b8c2b008-894d-4850-a09c-ab34a12ee9d8","FUSION QVD Generator","variable","MSCRMFundingAllocation","894c4e00-1b51-401d-bc1a-c16ebab0105d"
"b8c2b008-894d-4850-a09c-ab34a12ee9d8","FUSION QVD Generator","variable","MSCRMFinancialYear","af334394-925e-4fdc-9d19-d050eae6f31c"
"b8c2b008-894d-4850-a09c-ab34a12ee9d8","FUSION QVD Generator","variable","MSCRMGrantApplicationNote","3d4a06d8-ae29-4f7c-a188-de80f119153d"
"b8c2b008-894d-4850-a09c-ab34a12ee9d8","FUSION QVD Generator","variable","MSCRMSourceSystem","02361cf3-6cb1-4e88-afe3-1d2d7d492491"
"b8c2b008-894d-4850-a09c-ab34a12ee9d8","FUSION QVD Generator","variable","MSCRMOrganisation","ae4c3a4b-2d45-4ebe-b625-341bc1f130b9"
"b8c2b008-894d-4850-a09c-ab34a12ee9d8","FUSION QVD Generator","variable","MSCRMSourceOrganisation","b7444f26-065e-40c4-858a-b49968b3ed73"
"b8c2b008-894d-4850-a09c-ab34a12ee9d8","FUSION QVD Generator","variable","MSCRMActivityTag","4e1369bf-2219-444e-9ed6-087f9253dbb1"
"b8c2b008-894d-4850-a09c-ab34a12ee9d8","FUSION QVD Generator","variable","MSCRMGrantActivity","3d506063-a713-4ef5-9be3-79c48e0a8648"
"b8c2b008-894d-4850-a09c-ab34a12ee9d8","FUSION QVD Generator","variable","MSCRMGrantApplication","8bfd9502-0ec7-4c78-8882-1c07ab6b2e61"
"b8c2b008-894d-4850-a09c-ab34a12ee9d8","FUSION QVD Generator","variable","MSCRMPmcRegion","7d2be742-e0b9-48fb-88b1-69935d89ec02"
"b8c2b008-894d-4850-a09c-ab34a12ee9d8","FUSION QVD Generator","variable","vAppData","7303abeb-6a48-4cfb-a11d-f43a5c694256"
"8559461b-8aba-4ccf-8380-493b75348cdf","Geospatial QVD Generator","table","STATE 2016","6 fields, lines 1485-1492"
"8559461b-8aba-4ccf-8380-493b75348cdf","Geospatial QVD Generator","field","Language Code","table ATSI Language"
"8559461b-8aba-4ccf-8380-493b75348cdf","Geospatial QVD Generator","field","Language","table ATSI Language"
"8559461b-8aba-4ccf-8380-493b75348cdf","Geospatial QVD Generator","field","Language Synonym","table ATSI Language"
"8559461b-8aba-4ccf-8380-493b75348cdf","Geospatial QVD Generator","field","Heading Language","table ATSI Language"
"8559461b-8aba-4ccf-8380-493b75348cdf","Geospatial QVD Generator","field","People","table ATSI Language"
"8559461b-8aba-4ccf-8380-493b75348cdf","Geospatial QVD Generator","field","Latitude","table ATSI Language"
"8559461b-8aba-4ccf-8380-493b75348cdf","Geospatial QVD Generator","field","Longitude","table ATSI Language"
"8559461b-8aba-4ccf-8380-493b75348cdf","Geospatial QVD Generator","field","State/Territories","table ATSI Language"
"8559461b-8aba-4ccf-8380-493b75348cdf","Geospatial QVD Generator","field","URL","table ATSI Language"
"8559461b-8aba-4ccf-8380-493b75348cdf","Geospatial QVD Generator","field","Mesh Block Code 2021","table ATSI Language"
"8559461b-8aba-4ccf-8380-493b75348cdf","Geospatial QVD Generator","field","Mesh Block Code","table MB 2021 - NT Admin Region 2023"
"8559461b-8aba-4ccf-8380-493b75348cdf","Geospatial QVD Generator","field","Future Act Notice Id","table Future Act Notice"
"8559461b-8aba-4ccf-8380-493b75348cdf","Geospatial QVD Generator","field","FAN Tribunal Id","table Future Act Notice"
"8559461b-8aba-4ccf-8380-493b75348cdf","Geospatial QVD Generator","field","Expected Procedure","table Future Act Notice"
"8559461b-8aba-4ccf-8380-493b75348cdf","Geospatial QVD Generator","field","Notification Date","table Future Act Notice"
"8559461b-8aba-4ccf-8380-493b75348cdf","Geospatial QVD Generator","field","Month 2 Close","table Future Act Notice"
"8559461b-8aba-4ccf-8380-493b75348cdf","Geospatial QVD Generator","field","Month 3 Close","table Future Act Notice"
"8559461b-8aba-4ccf-8380-493b75348cdf","Geospatial QVD Generator","field","Month 4 Close","table Future Act Notice"
"8559461b-8aba-4ccf-8380-493b75348cdf","Geospatial QVD Generator","field","Area Sq Km","table Future Act Notice"
"8559461b-8aba-4ccf-8380-493b75348cdf","Geospatial QVD Generator","field","Status","table Future Act Notice"
"8559461b-8aba-4ccf-8380-493b75348cdf","Geospatial QVD Generator","field","Status Date","table Future Act Notice"
"8559461b-8aba-4ccf-8380-493b75348cdf","Geospatial QVD Generator","field","State","table Future Act Notice"
"8559461b-8aba-4ccf-8380-493b75348cdf","Geospatial QVD Generator","field","Grantee","table Future Act Notice"
"8559461b-8aba-4ccf-8380-493b75348cdf","Geospatial QVD Generator","field","Agency Reference","table Future Act Notice"
"8559461b-8aba-4ccf-8380-493b75348cdf","Geospatial QVD Generator","field","GEO Source","table Future Act Notice"
"8559461b-8aba-4ccf-8380-493b75348cdf","Geospatial QVD Generator","field","Custodial Extract Date","table Future Act Notice"
"8559461b-8aba-4ccf-8380-493b75348cdf","Geospatial QVD Generator","field","NNTT Sequence No","table Future Act Notice"
"8559461b-8aba-4ccf-8380-493b75348cdf","Geospatial QVD Generator","field","Date Currency","table Future Act Notice"
"8559461b-8aba-4ccf-8380-493b75348cdf","Geospatial QVD Generator","field","Comments","table Future Act Notice"
"8559461b-8aba-4ccf-8380-493b75348cdf","Geospatial QVD Generator","field","Date extracted","table Future Act Notice"
"8559461b-8aba-4ccf-8380-493b75348cdf","Geospatial QVD Generator","field","Geometry","table Future Act Notice"
"8559461b-8aba-4ccf-8380-493b75348cdf","Geospatial QVD Generator","field","Future Act Objection Id","table Future Act Objection"
"8559461b-8aba-4ccf-8380-493b75348cdf","Geospatial QVD Generator","field","FAO Tribunal Id","table Future Act Objection"
"8559461b-8aba-4ccf-8380-493b75348cdf","Geospatial QVD Generator","field","Application Type","table Future Act Objection"
"8559461b-8aba-4ccf-8380-493b75348cdf","Geospatial QVD Generator","field","NTDA Id","table Future Act Objection"
"8559461b-8aba-4ccf-8380-493b75348cdf","Geospatial QVD Generator","field","s29 No","table Future Act Objection"
"8559461b-8aba-4ccf-8380-493b75348cdf","Geospatial QVD Generator","field","s29 Notification Date","table Future Act Objection"
"8559461b-8aba-4ccf-8380-493b75348cdf","Geospatial QVD Generator","field","Grantee","table Future Act Objection"
"8559461b-8aba-4ccf-8380-493b75348cdf","Geospatial QVD Generator","field","Lodged By","table Future Act Objection"
"8559461b-8aba-4ccf-8380-493b75348cdf","Geospatial QVD Generator","field","Native Title Party","table Future Act Objection"
"8559461b-8aba-4ccf-8380-493b75348cdf","Geospatial QVD Generator","field","Date Lodged","table Future Act Objection"
"8559461b-8aba-4ccf-8380-493b75348cdf","Geospatial QVD Generator","field","End Negotiation Date","table Future Act Objection"
"8559461b-8aba-4ccf-8380-493b75348cdf","Geospatial QVD Generator","field","Area Sq Km","table Future Act Objection"
"8559461b-8aba-4ccf-8380-493b75348cdf","Geospatial QVD Generator","field","Status","table Future Act Objection"
"8559461b-8aba-4ccf-8380-493b75348cdf","Geospatial QVD Generator","field","Status Date","table Future Act Objection"
"8559461b-8aba-4ccf-8380-493b75348cdf","Geospatial QVD Generator","field","Outcome Date","table Future Act Objection"
"8559461b-8aba-4ccf-8380-493b75348cdf","Geospatial QVD Generator","field","NNTT Sequence No","table Future Act Objection"
"8559461b-8aba-4ccf-8380-493b75348cdf","Geospatial QVD Generator","field","Data Source","table Future Act Objection"
"8559461b-8aba-4ccf-8380-493b75348cdf","Geospatial QVD Generator","field","Jurisdiction","table Future Act Objection"
"8559461b-8aba-4ccf-8380-493b75348cdf","Geospatial QVD Generator","field","Date Extracted","table Future Act Objection"
"8559461b-8aba-4ccf-8380-493b75348cdf","Geospatial QVD Generator","field","Geometry","table Future Act Objection"
"8559461b-8aba-4ccf-8380-493b75348cdf","Geospatial QVD Generator","field","FADA Id","table Future Act Determination Application"
"8559461b-8aba-4ccf-8380-493b75348cdf","Geospatial QVD Generator","field","FADA Tribunal Id","table Future Act Determination Application"
"8559461b-8aba-4ccf-8380-493b75348cdf","Geospatial QVD Generator","field","Application Type","table Future Act Determination Application"
"8559461b-8aba-4ccf-8380-493b75348cdf","Geospatial QVD Generator","field","NTDA ID","table Future Act Determination Application"
"8559461b-8aba-4ccf-8380-493b75348cdf","Geospatial QVD Generator","field","s29 No","table Future Act Determination Application"
"8559461b-8aba-4ccf-8380-493b75348cdf","Geospatial QVD Generator","field","s29 Notified Date","table Future Act Determination Application"
"8559461b-8aba-4ccf-8380-493b75348cdf","Geospatial QVD Generator","field","Grantee","table Future Act Determination Application"
"8559461b-8aba-4ccf-8380-493b75348cdf","Geospatial QVD Generator","field","Lodged By","table Future Act Determination Application"
"8559461b-8aba-4ccf-8380-493b75348cdf","Geospatial QVD Generator","field","Native Title Party","table Future Act Determination Application"
"8559461b-8aba-4ccf-8380-493b75348cdf","Geospatial QVD Generator","field","Date lodged","table Future Act Determination Application"
"8559461b-8aba-4ccf-8380-493b75348cdf","Geospatial QVD Generator","field","End Negotiation Date","table Future Act Determination Application"
"8559461b-8aba-4ccf-8380-493b75348cdf","Geospatial QVD Generator","field","Area Sq Km","table Future Act Determination Application"
"8559461b-8aba-4ccf-8380-493b75348cdf","Geospatial QVD Generator","field","Status","table Future Act Determination Application"
"8559461b-8aba-4ccf-8380-493b75348cdf","Geospatial QVD Generator","field","Status Date","table Future Act Determination Application"
"8559461b-8aba-4ccf-8380-493b75348cdf","Geospatial QVD Generator","field","Outcome Date","table Future Act Determination Application"
"8559461b-8aba-4ccf-8380-493b75348cdf","Geospatial QVD Generator","field","NNTT Sequence No","table Future Act Determination Application"
"8559461b-8aba-4ccf-8380-493b75348cdf","Geospatial QVD Generator","field","Data Source","table Future Act Determination Application"
"8559461b-8aba-4ccf-8380-493b75348cdf","Geospatial QVD Generator","field","Jurisdiction","table Future Act Determination Application"
"8559461b-8aba-4ccf-8380-493b75348cdf","Geospatial QVD Generator","field","Date Extracted","table Future Act Determination Application"
"8559461b-8aba-4ccf-8380-493b75348cdf","Geospatial QVD Generator","field","Geometry","table Future Act Determination Application"
"8559461b-8aba-4ccf-8380-493b75348cdf","Geospatial QVD Generator","field","s31 Agreement Id","table s31 Agreement"
"8559461b-8aba-4ccf-8380-493b75348cdf","Geospatial QVD Generator","field","s31 Tribunal Id","table s31 Agreement"
"8559461b-8aba-4ccf-8380-493b75348cdf","Geospatial QVD Generator","field","FA Notice","table s31 Agreement"
"8559461b-8aba-4ccf-8380-493b75348cdf","Geospatial QVD Generator","field","State Jurisdiction","table s31 Agreement"
"8559461b-8aba-4ccf-8380-493b75348cdf","Geospatial QVD Generator","field","RATSIB","table s31 Agreement"
"8559461b-8aba-4ccf-8380-493b75348cdf","Geospatial QVD Generator","field","Date Received","table s31 Agreement"
"8559461b-8aba-4ccf-8380-493b75348cdf","Geospatial QVD Generator","field","Native Title Party","table s31 Agreement"
"8559461b-8aba-4ccf-8380-493b75348cdf","Geospatial QVD Generator","field","Grantee Party","table s31 Agreement"
"8559461b-8aba-4ccf-8380-493b75348cdf","Geospatial QVD Generator","field","Government Party","table s31 Agreement"
"8559461b-8aba-4ccf-8380-493b75348cdf","Geospatial QVD Generator","field","NNTT Sequence No","table s31 Agreement"
"8559461b-8aba-4ccf-8380-493b75348cdf","Geospatial QVD Generator","field","Date Extracted","table s31 Agreement"
"8559461b-8aba-4ccf-8380-493b75348cdf","Geospatial QVD Generator","field","Geometry","table s31 Agreement"
"8559461b-8aba-4ccf-8380-493b75348cdf","Geospatial QVD Generator","field","Indigenous Location Code","table ILOC 2021"
"8559461b-8aba-4ccf-8380-493b75348cdf","Geospatial QVD Generator","field","Indigenous Location","table ILOC 2021"
"8559461b-8aba-4ccf-8380-493b75348cdf","Geospatial QVD Generator","field","Indigenous Area Code","table ILOC 2021"
"8559461b-8aba-4ccf-8380-493b75348cdf","Geospatial QVD Generator","field","Indigenous Area","table ILOC 2021"
"8559461b-8aba-4ccf-8380-493b75348cdf","Geospatial QVD Generator","field","Indigenous Region Code","table ILOC 2021"
"8559461b-8aba-4ccf-8380-493b75348cdf","Geospatial QVD Generator","field","Indigenous Region","table ILOC 2021"
"8559461b-8aba-4ccf-8380-493b75348cdf","Geospatial QVD Generator","field","Australia State Code","table ILOC 2021"
"8559461b-8aba-4ccf-8380-493b75348cdf","Geospatial QVD Generator","field","Australian State","table ILOC 2021"
"8559461b-8aba-4ccf-8380-493b75348cdf","Geospatial QVD Generator","field","Country Code","table ILOC 2021"
"8559461b-8aba-4ccf-8380-493b75348cdf","Geospatial QVD Generator","field","Country","table ILOC 2021"
"8559461b-8aba-4ccf-8380-493b75348cdf","Geospatial QVD Generator","field","Area Sq Km","table ILOC 2021"
"8559461b-8aba-4ccf-8380-493b75348cdf","Geospatial QVD Generator","field","Locality URL","table ILOC 2021"
"8559461b-8aba-4ccf-8380-493b75348cdf","Geospatial QVD Generator","field","Geometry","table ILOC 2021"
"8559461b-8aba-4ccf-8380-493b75348cdf","Geospatial QVD Generator","field","Indigenous Area Code","table IARE 2021"
"8559461b-8aba-4ccf-8380-493b75348cdf","Geospatial QVD Generator","field","Indigenous Area","table IARE 2021"
"8559461b-8aba-4ccf-8380-493b75348cdf","Geospatial QVD Generator","field","Indigenous Region Code","table IARE 2021"
"8559461b-8aba-4ccf-8380-493b75348cdf","Geospatial QVD Generator","field","Indigenous Region","table IARE 2021"
"8559461b-8aba-4ccf-8380-493b75348cdf","Geospatial QVD Generator","field","Australia State Code","table IARE 2021"
"8559461b-8aba-4ccf-8380-493b75348cdf","Geospatial QVD Generator","field","Australian State","table IARE 2021"
"8559461b-8aba-4ccf-8380-493b75348cdf","Geospatial QVD Generator","field","Country Code","table IARE 2021"
"8559461b-8aba-4ccf-8380-493b75348cdf","Geospatial QVD Generator","field","Country","table IARE 2021"
"8559461b-8aba-4ccf-8380-493b75348cdf","Geospatial QVD Generator","field","Area Sq Km","table IARE 2021"
"8559461b-8aba-4ccf-8380-493b75348cdf","Geospatial QVD Generator","field","Locality URL","table IARE 2021"
"8559461b-8aba-4ccf-8380-493b75348cdf","Geospatial QVD Generator","field","Geometry","table IARE 2021"
"8559461b-8aba-4ccf-8380-493b75348cdf","Geospatial QVD Generator","field","Indigenous Region Code","table IREG 2021"
"8559461b-8aba-4ccf-8380-493b75348cdf","Geospatial QVD Generator","field","Indigenous Region","table IREG 2021"
"8559461b-8aba-4ccf-8380-493b75348cdf","Geospatial QVD Generator","field","Australia State Code","table IREG 2021"
"8559461b-8aba-4ccf-8380-493b75348cdf","Geospatial QVD Generator","field","Australian State","table IREG 2021"
"8559461b-8aba-4ccf-8380-493b75348cdf","Geospatial QVD Generator","field","Country Code","table IREG 2021"
"8559461b-8aba-4ccf-8380-493b75348cdf","Geospatial QVD Generator","field","Country","table IREG 2021"
"8559461b-8aba-4ccf-8380-493b75348cdf","Geospatial QVD Generator","field","Area Sq Km","table IREG 2021"
"8559461b-8aba-4ccf-8380-493b75348cdf","Geospatial QVD Generator","field","Locality URL","table IREG 2021"
"8559461b-8aba-4ccf-8380-493b75348cdf","Geospatial QVD Generator","field","Geometry","table IREG 2021"
"8559461b-8aba-4ccf-8380-493b75348cdf","Geospatial QVD Generator","field","LGA Id","table LGA 2018"
"8559461b-8aba-4ccf-8380-493b75348cdf","Geospatial QVD Generator","field","LGA Name","table LGA 2018"
"8559461b-8aba-4ccf-8380-493b75348cdf","Geospatial QVD Generator","field","State Code","table LGA 2018"
"8559461b-8aba-4ccf-8380-493b75348cdf","Geospatial QVD Generator","field","State Name","table LGA 2018"
"8559461b-8aba-4ccf-8380-493b75348cdf","Geospatial QVD Generator","field","Area Sq Km","table LGA 2018"
"8559461b-8aba-4ccf-8380-493b75348cdf","Geospatial QVD Generator","field","Geometry","table LGA 2018"
"8559461b-8aba-4ccf-8380-493b75348cdf","Geospatial QVD Generator","field","Local Government Area Code","table LGA 2023"
"8559461b-8aba-4ccf-8380-493b75348cdf","Geospatial QVD Generator","field","Local Government Area","table LGA 2023"
"8559461b-8aba-4ccf-8380-493b75348cdf","Geospatial QVD Generator","field","Australian State Code","table LGA 2023"
"8559461b-8aba-4ccf-8380-493b75348cdf","Geospatial QVD Generator","field","Australian State","table LGA 2023"
"8559461b-8aba-4ccf-8380-493b75348cdf","Geospatial QVD Generator","field","Country Code","table LGA 2023"
"8559461b-8aba-4ccf-8380-493b75348cdf","Geospatial QVD Generator","field","Country","table LGA 2023"
"8559461b-8aba-4ccf-8380-493b75348cdf","Geospatial QVD Generator","field","Area Sq Km","table LGA 2023"
"8559461b-8aba-4ccf-8380-493b75348cdf","Geospatial QVD Generator","field","Locality URL","table LGA 2023"
"8559461b-8aba-4ccf-8380-493b75348cdf","Geospatial QVD Generator","field","Geometry","table LGA 2023"
"8559461b-8aba-4ccf-8380-493b75348cdf","Geospatial QVD Generator","field","Mesh Block Code","table MB 2021"
"8559461b-8aba-4ccf-8380-493b75348cdf","Geospatial QVD Generator","field","Mesh Block Category","table MB 2021"
"8559461b-8aba-4ccf-8380-493b75348cdf","Geospatial QVD Generator","field","Change Flag","table MB 2021"
"8559461b-8aba-4ccf-8380-493b75348cdf","Geospatial QVD Generator","field","Changed","table MB 2021"
"8559461b-8aba-4ccf-8380-493b75348cdf","Geospatial QVD Generator","field","SA1 Code","table MB 2021"
"8559461b-8aba-4ccf-8380-493b75348cdf","Geospatial QVD Generator","field","SA2 Code","table MB 2021"
"8559461b-8aba-4ccf-8380-493b75348cdf","Geospatial QVD Generator","field","SA2 Name","table MB 2021"
"8559461b-8aba-4ccf-8380-493b75348cdf","Geospatial QVD Generator","field","SA3 Code","table MB 2021"
"8559461b-8aba-4ccf-8380-493b75348cdf","Geospatial QVD Generator","field","SA3 Name","table MB 2021"
"8559461b-8aba-4ccf-8380-493b75348cdf","Geospatial QVD Generator","field","SA4 Code","table MB 2021"
"8559461b-8aba-4ccf-8380-493b75348cdf","Geospatial QVD Generator","field","SA4 Name","table MB 2021"
"8559461b-8aba-4ccf-8380-493b75348cdf","Geospatial QVD Generator","field","GCC Code","table MB 2021"
"8559461b-8aba-4ccf-8380-493b75348cdf","Geospatial QVD Generator","field","GCC Name","table MB 2021"
"8559461b-8aba-4ccf-8380-493b75348cdf","Geospatial QVD Generator","field","Australian State Code","table MB 2021"
"8559461b-8aba-4ccf-8380-493b75348cdf","Geospatial QVD Generator","field","Australian State","table MB 2021"
"8559461b-8aba-4ccf-8380-493b75348cdf","Geospatial QVD Generator","field","Country Code","table MB 2021"
"8559461b-8aba-4ccf-8380-493b75348cdf","Geospatial QVD Generator","field","Country","table MB 2021"
"8559461b-8aba-4ccf-8380-493b75348cdf","Geospatial QVD Generator","field","Area Sq Km","table MB 2021"
"8559461b-8aba-4ccf-8380-493b75348cdf","Geospatial QVD Generator","field","Locality URL","table MB 2021"
"8559461b-8aba-4ccf-8380-493b75348cdf","Geospatial QVD Generator","variable","Process","9f619cc2-0aef-439f-b3d6-ed363d3846c8"
"8559461b-8aba-4ccf-8380-493b75348cdf","Geospatial QVD Generator","variable","DISABLE_INSIGHTS","8815ccb1-1859-4417-b44d-ffc27f98fe75"
"8559461b-8aba-4ccf-8380-493b75348cdf","Geospatial QVD Generator","variable","NIAASubregion2022SImplifiedInlineTable","12208f1e-64fa-487e-8145-83bc17906320"
"local:iam-qvd-builder","IAM QVD Builder","variable","vQVD_DIR","19a26f13-3a79-4ecb-8dd7-016e149e0c20"
"local:iam-qvd-builder","IAM QVD Builder","variable","vLOG_TBL_NAME","bbeb0ad3-a60d-4a70-8b30-933915a1cfb3"
"local:iam-qvd-builder","IAM QVD Builder","variable","vLOG_SEQ","614da3d3-1307-4d57-b516-25953d800895"
"local:iam-qvd-builder","IAM QVD Builder","variable","vQVD_ERROR","e904cc74-e9ae-464d-a64f-735ae407a587"
"local:iam-qvd-builder","IAM QVD Builder","variable","vMAX","996f13ee-e113-4722-a3e7-2d32aa9c0536"
"local:iam-qvd-builder","IAM QVD Builder","variable","vTBL","551d9153-ffb9-4a99-b309-7ec2d604fd6e"
"local:iam-qvd-builder","IAM QVD Builder","variable","vSNAPSHOT_RUN_FLAG","3b26878a-0eed-4e7d-b5d7-145306b040b8"
"local:iam-qvd-builder","IAM QVD Builder","variable","vQLIK_TBL","97204a63-4931-422b-a78a-5aa42e3efce9"
"local:iam-qvd-builder","IAM QVD Builder","variable","vMIN_SECTION_#","4bff2df1-c631-4199-87dd-d953c261cac9"
"local:iam-qvd-builder","IAM QVD Builder","variable","vMAX_SECTION_#","7bfc6bb0-21fa-4b56-9990-17263f538fea"
"local:iam-qvd-builder","IAM QVD Builder","variable","vMIN_SUB_SECTION_#","872eb477-47ef-4de7-b92f-9d71901b8805"
"local:iam-qvd-builder","IAM QVD Builder","variable","vMAX_SUB_SECTION_#","f0acfba8-8bcc-43e9-9c1d-10853d32616d"
"local:iam-qvd-builder","IAM QVD Builder","variable","vEND_SECTION_#","9a7a373b-4707-41b9-80c0-43d90932a345"
"local:iam-qvd-builder","IAM QVD Builder","variable","vSTART_SECTION_0_#","afa9646e-d078-4231-9fe0-601b859f2f04"
"local:iam-qvd-builder","IAM QVD Builder","variable","vEND_SECTION_0_#","27a11ddf-f5ca-4d9c-9922-3234fac6e7c1"
"local:iam-qvd-builder","IAM QVD Builder","variable","vSTART_SECTION_1_#","0df89d75-2a53-421c-9d87-1e28eef6e08e"
"local:iam-qvd-builder","IAM QVD Builder","variable","vEND_SECTION_1_#","b113b7a9-f2b8-4904-959c-43dd66f512bd"
"local:iam-qvd-builder","IAM QVD Builder","variable","vSTART_SECTION_2_#","87e6fc5b-13e4-4d78-ae1d-08b0cffaaf09"
"local:iam-qvd-builder","IAM QVD Builder","variable","vEND_SECTION_2_#","379e7179-b9df-487a-9dec-b1cc5a2f426b"
"local:iam-qvd-builder","IAM QVD Builder","variable","vSTART_SECTION_3_#","47e54c34-8fe8-4ce8-bce2-905309209536"
"local:iam-qvd-builder","IAM QVD Builder","variable","vEND_SECTION_3_#","47c26330-a469-4681-8898-490e4e70cd2f"
"local:iam-qvd-builder","IAM QVD Builder","variable","vSTART_SECTION_4_#","e73ad161-0a69-46f4-ba82-daada5f728f1"
"local:iam-qvd-builder","IAM QVD Builder","variable","vEND_SECTION_4_#","e4f7787d-0378-4306-83ca-1c29a170aa94"
"local:iam-qvd-builder","IAM QVD Builder","variable","vSTREAM","9af889b4-b5b6-4d84-8fef-7bb156fb4541"
"local:iam-qvd-builder","IAM QVD Builder","variable","vLATEST_SNAPSHOT_DATE","d362e916-9cdc-4135-ba29-02004e516d9c"
"local:iam-qvd-builder","IAM QVD Builder","variable","vSTART_SECTION_#","5ea720e4-1e5b-4a56-9bed-ba0d28635faa"
"local:iam-qvd-builder","IAM QVD Builder","variable","vENV","70902330-8729-46c0-aa9a-b2f4692b41be"
"local:iam-qvd-builder","IAM QVD Builder","variable","vFIRST_SNAPSHOT_DATE","685a9485-2957-4eda-a5e9-283aeace5c8e"
"local:iam-qvd-builder","IAM QVD Builder","variable","vLAST_SNAPSHOT_DATE","a9ef472c-8ee3-432c-87af-a43e5652ff0c"
"local:iam-qvd-builder","IAM QVD Builder","variable","vPUBLISHED","35747806-9564-4872-a633-3ecffbc0eb0f"
"local:iam-qvd-builder","IAM QVD Builder","variable","vQVD_BUILDER_#","f1107259-b732-451f-b059-d3b9a5ff59f3"
"local:iam-qvd-builder","IAM QVD Builder","variable","vSQL_TBL","2d524d64-0b51-45a9-9508-1850ba4361ca"
"local:iam-qvd-builder","IAM QVD Builder","variable","vTABLE_NAMES","228db446-a8d5-4468-8a2a-7920bd1881bf"
"3007c7dc-e938-43c4-9b26-ea484985d45e","IPP QVD Generator","table","NoExistant","0 fields, lines 55-55"
